Time,Car.DigitalInput.MSS.PDOC.Pin,Car.DigitalInput.MSS.BMS.Pin,Car.DigitalInput.MSS.BSPD.Pin,Car.DigitalInput.MSS.IMD.Pin,Car.Data.Driver.ThrottlePressure,Car.Data.Motor.MotorRPM,Car.AnalogInput.BMS.CellTempASensor,Car.AnalogInput.BMS.CellTempBSensor,Car.AnalogInput.BMS.CellTempCSensor,Car.Data.Battery.PackSOC,Car.Data.PDM.LVBatteryVoltage,Car.Data.Battery.BMSInternalTemp,Car.Data.Inverter.InverterTemp,Car.Data.Motor.MotorTemp,Car.Data.Inverter.InverterLock,Car.Data.Driver.SteeringAngle,Car.Data.Driver.FrontBrakePressure,Car.Data.Driver.RearBrakePressure,Car.Data.Driver.ThrottleDifference,Car.Data.Battery.HotSpotTemp,Car.Data.Battery.PackInstantaneousVoltage,Car.Data.Battery.PackOpenVoltage,Car.Data.Battery.PackCurrent,Car.Data.Battery.PackDCL,Car.Data.Battery.PackCCL,Car.Data.Battery.PackResistance,Car.Data.Battery.HighCellVoltage,Car.Data.Battery.LowCellVoltage,Car.Data.Battery.InputSupplyVoltage,Car.Data.Battery.CurrentLimitsStatus,Car.Data.Battery.HighCellVoltageID,Car.Data.Battery.LowCellVoltageID,Car.Data.Battery.BatteryPower,Car.Data.PDM.CoolingFanCurrent,Car.Data.PDM.CoolingPumpCurrent,Car.Data.PDM.FanState,Car.Data.PDM.PumpState,Car.Data.Inverter.InverterRelay.Relay2,Car.Data.Inverter.PhaseA,Car.Data.Inverter.PhaseB,Car.Data.Inverter.PhaseC,Car.Data.Inverter.InverterDCCurrent,Car.Data.Inverter.InverterDCVoltage,Car.Data.Inverter.InverterFault.Byte0,Car.Data.Inverter.InverterFault.Byte1,Car.Data.Inverter.InverterFault.Byte2,Car.Data.Inverter.InverterFault.Byte3,Car.Data.Inverter.InverterFault.Byte4,Car.Data.Inverter.InverterFault.Byte5,Car.Data.Inverter.InverterFault.Byte6,Car.Data.Inverter.InverterFault.Byte7,Car.Data.Inverter.InverterCMDTorque,Car.Data.Inverter.InverterFDBTorque,Car.DigitalInput.WheelSpeed.WheelSpeedFrontLeft,Car.DigitalInput.WheelSpeed.WheelSpeedFrontRight,Car.Data.Inverter.InverterCalculatedTorque
2529.22,0,0,0,0,11,490,1.65105,0.00321894,1.66325,61,0,24,24,27,0,-2,0,0,3,40,4168,4176,14,171,35,711,38622,38471,106,2,68,98,58352,0,0,0,0,1,245,0,27,21,4219,0,0,0,0,0,0,0,0,159,-169,0,0,16
2529.23,0,0,0,0,11,490,1.65011,0.00323189,1.66246,61,0,24,24,27,0,-2,0,0,3,40,4166,4176,19,171,35,711,38622,38471,106,2,68,98,79154,0,0,0,0,1,245,0,27,21,4219,0,0,0,0,0,0,0,0,159,-157,0,0,16
2529.24,0,0,0,0,11,494,1.64917,0.00324484,1.66168,61,0,24,24,27,0,-2,0,0,3,40,4166,4176,14,171,35,711,38622,38471,106,2,68,98,58324,0,0,0,0,1,243,0,0,20,4223,0,0,0,0,0,0,0,0,159,-157,0,0,16
2529.25,0,0,0,0,11,503,1.64823,0.00325779,1.66089,61,0,24,24,27,0,-2,0,0,3,40,4166,4176,14,171,35,711,38622,38471,106,2,68,98,58324,0,0,0,0,1,262,0,26,22,4221,0,0,0,0,0,0,0,0,159,-174,0,0,16
2529.26,0,0,0,0,11,508,1.64729,0.00327074,1.66011,61,0,24,24,27,0,-2,0,0,3,40,4167,4176,16,171,35,711,38622,38471,106,2,68,98,66672,0,0,0,0,1,239,0,49,21,4216,0,0,0,0,0,0,0,0,159,-153,0,0,16
2529.27,0,0,0,0,11,519,1.64635,0.00328369,1.65932,61,0,24,24,27,0,-2,0,0,3,40,4167,4176,19,171,35,711,38622,38471,106,2,68,98,79173,0,0,0,0,1,96,0,155,21,4223,0,0,0,0,0,0,0,0,159,-139,0,0,16
2529.28,0,0,0,0,11,529,1.64541,0.00329664,1.65853,61,0,24,24,27,0,-2,0,0,3,40,4166,4176,18,171,35,711,38622,38471,106,2,68,98,74988,0,0,0,0,1,0,0,244,19,4214,0,0,0,0,0,0,0,0,159,-142,0,0,16
2529.29,0,0,0,0,11,529,1.64447,0.00330959,1.65775,61,0,24,24,27,0,-2,0,0,3,40,4166,4176,18,171,35,711,38622,38471,106,2,68,98,74988,0,0,0,0,1,0,0,244,19,4214,0,0,0,0,0,0,0,0,159,-171,0,0,16
2529.3,0,0,0,0,11,541,1.64353,0.00332254,1.65696,61,0,24,24,27,0,-2,0,0,3,41,4167,4176,18,171,35,711,38619,38456,105,2,65,98,75006,0,0,0,0,1,0,0,287,23,4225,0,0,0,0,0,0,0,0,159,-171,0,0,16
2529.31,0,0,0,0,11,545,1.64365,0.00330439,1.65703,61,0,24,24,27,0,-2,0,0,3,41,4167,4176,18,171,35,711,38619,38456,105,2,65,98,75006,0,0,0,0,1,0,15,284,22,4223,0,0,0,0,0,0,0,0,159,-170,0,0,16
2529.32,0,0,0,0,11,544,1.64377,0.00328624,1.65711,61,0,24,24,27,0,-2,0,0,3,41,4167,4176,19,171,35,711,38619,38456,105,2,65,98,79173,0,0,0,0,1,0,105,174,25,4219,0,0,0,0,0,0,0,0,159,-171,0,0,16
2529.33,0,0,0,0,11,545,1.6439,0.00326809,1.65718,61,0,24,24,27,0,-2,0,0,3,41,4167,4176,19,171,35,711,38619,38456,105,2,65,98,79173,0,0,0,0,1,0,277,0,22,4223,0,0,0,0,0,0,0,0,159,-173,0,0,16
2529.34,0,0,0,0,11,545,1.64402,0.00324994,1.65725,61,0,24,24,27,0,-2,0,0,3,41,4166,4178,19,171,35,711,38619,38456,105,2,65,98,79154,0,0,0,0,1,0,226,0,21,4223,0,0,0,0,0,0,0,0,159,-132,0,0,16
2529.35,0,0,0,0,11,545,1.64414,0.00323178,1.65732,61,0,24,24,27,0,-2,0,0,3,41,4166,4178,19,171,35,711,38619,38456,105,2,65,98,79154,0,0,0,0,1,0,226,0,21,4223,0,0,0,0,0,0,0,0,159,-166,0,0,16
2529.36,0,0,0,0,11,557,1.64427,0.00321363,1.6574,61,0,24,24,27,0,-2,0,0,3,41,4166,4178,17,171,35,711,38619,38456,105,2,65,98,70822,0,0,0,0,1,30,232,0,22,4219,0,0,0,0,0,0,0,0,159,-166,0,0,16
2529.37,0,0,0,0,11,568,1.64439,0.00319548,1.65747,61,0,24,23,27,0,-2,0,0,3,41,4166,4178,17,171,35,711,38619,38456,105,2,65,98,70822,0,0,0,0,1,233,0,0,21,4221,0,0,0,0,0,0,0,0,159,-154,0,0,16
2529.38,0,0,0,0,11,589,1.64451,0.00317733,1.65754,61,0,24,24,27,0,-2,0,0,3,41,4166,4178,22,171,35,711,38619,38456,105,2,65,98,91652,0,0,0,0,1,241,0,20,24,4214,0,0,0,0,0,0,0,0,159,-168,0,0,16
2529.39,0,0,0,0,11,601,1.64464,0.00315918,1.65761,61,0,24,24,27,0,-2,0,0,3,41,4166,4178,19,171,35,711,38619,38456,105,2,65,98,79154,0,0,0,0,1,0,0,299,24,4216,0,0,0,0,0,0,0,0,159,-165,0,0,16
2529.4,0,0,0,0,11,603,1.64476,0.00314103,1.65769,61,0,24,24,27,0,-2,0,0,3,41,4166,4178,20,171,35,711,38608,38445,106,2,68,98,83320,0,0,0,0,1,0,166,147,30,4219,0,0,0,0,0,0,0,0,159,-180,0,0,16
2529.41,0,0,0,0,11,603,1.64461,0.00315239,1.65749,61,0,24,24,27,0,-2,0,0,3,41,4166,4178,20,171,35,711,38608,38445,106,2,68,98,83320,0,0,0,0,1,0,166,147,30,4219,0,0,0,0,0,0,0,0,159,-171,0,0,16
2529.42,0,0,0,0,11,597,1.64447,0.00316375,1.6573,61,0,24,24,27,0,-2,0,0,3,41,4166,4178,21,171,35,711,38608,38445,106,2,68,98,87486,0,0,0,0,1,0,267,0,27,4212,0,0,0,0,0,0,0,0,159,-171,0,0,16
2529.43,0,0,0,0,11,589,1.64432,0.00317511,1.6571,61,0,24,24,27,0,-2,0,0,3,41,4166,4178,21,171,35,711,38608,38445,106,2,68,98,87486,0,0,0,0,1,218,5,0,24,4219,0,0,0,0,0,0,0,0,159,-146,0,0,16
2529.44,0,0,0,0,11,593,1.64417,0.00318647,1.65691,61,0,24,24,27,0,-2,0,0,3,41,4166,4178,21,171,35,711,38608,38445,106,2,68,98,87486,0,0,0,0,1,210,0,2,23,4212,0,0,0,0,0,0,0,0,159,-145,0,0,16
2529.45,0,0,0,0,11,605,1.64403,0.00319783,1.65671,61,0,24,24,27,0,-2,0,0,3,41,4166,4178,21,171,35,711,38608,38445,106,2,68,98,87486,0,0,0,0,1,0,0,246,20,4219,0,0,0,0,0,0,0,0,159,-133,0,0,16
2529.46,0,0,0,0,11,624,1.64388,0.00320919,1.65652,61,0,24,24,27,0,-2,0,0,3,41,4166,4178,22,171,35,711,38608,38445,106,2,68,98,91652,0,0,0,0,1,0,166,45,24,4223,0,0,0,0,0,0,0,0,159,-136,0,0,16
2529.47,0,0,0,0,11,624,1.64374,0.00322055,1.65633,61,0,24,24,27,0,-2,0,0,3,41,4165,4178,23,171,35,711,38608,38445,106,2,68,98,95795,0,0,0,0,1,0,166,45,24,4223,0,0,0,0,0,0,0,0,159,-176,0,0,16
2529.48,0,0,0,0,11,642,1.64359,0.00323191,1.65613,61,0,24,24,27,0,-2,0,0,3,41,4165,4178,24,171,35,711,38608,38445,106,2,68,98,99960,0,0,0,0,1,57,230,0,27,4214,0,0,0,0,0,0,0,0,159,-176,0,0,16
2529.49,0,0,0,0,11,654,1.64344,0.00324327,1.65594,61,0,24,24,27,0,-2,0,0,3,41,4165,4178,24,171,35,711,38608,38445,106,2,68,98,99960,0,0,0,0,1,247,0,33,29,4216,0,0,0,0,0,0,0,0,159,-175,0,0,16
2529.5,0,0,0,0,11,656,1.6433,0.00325462,1.65574,61,0,24,24,27,0,-2,0,0,3,41,4165,4178,24,171,35,711,38608,38446,106,2,68,98,99960,0,0,0,0,1,0,17,291,33,4208,0,0,0,0,0,0,0,0,159,-221,0,0,16
2529.51,0,0,0,0,11,644,1.6435,0.00323603,1.65588,61,0,24,24,27,0,-2,0,0,2.9,41,4165,4178,22,171,35,711,38608,38446,106,2,68,98,91630,0,0,0,0,1,7,277,0,30,4214,0,0,0,0,0,0,0,0,159,-195,0,0,16
2529.52,0,0,0,0,11,635,1.64369,0.00321743,1.65602,61,0,24,24,27,0,-2,0,0,2.8,41,4165,4178,22,171,35,711,38608,38446,106,2,68,98,91630,0,0,0,0,1,241,0,0,25,4216,0,0,0,0,0,0,0,0,159,-136,0,0,16
2529.53,0,0,0,0,11,635,1.64389,0.00319883,1.65616,61,0,24,24,27,0,-2,0,0,2.7,41,4165,4178,22,171,35,711,38608,38446,106,2,68,98,91630,0,0,0,0,1,241,0,0,25,4216,0,0,0,0,0,0,0,0,159,-155,0,0,16
2529.54,0,0,0,0,11,643,1.64409,0.00318024,1.6563,61,0,24,24,27,0,-2,0,0,2.6,41,4165,4178,22,171,35,711,38608,38446,106,2,68,98,91630,0,0,0,0,1,0,0,208,23,4221,0,0,0,0,0,0,0,0,159,-155,0,0,16
2529.55,0,0,0,0,11,656,1.64429,0.00316164,1.65644,61,0,24,24,27,0,-2,0,0,2.5,41,4165,4178,23,171,35,711,38608,38446,106,2,68,98,95795,0,0,0,0,1,0,238,0,23,4221,0,0,0,0,0,0,0,0,159,-151,0,0,16
2529.56,0,0,0,0,11,674,1.64449,0.00314304,1.65658,61,0,24,24,27,0,-2,0,0,2.4,41,4164,4178,23,171,35,711,38608,38446,106,2,68,98,95772,0,0,0,0,1,249,0,0,26,4219,0,0,0,0,0,0,0,0,159,-163,0,0,16
2529.57,0,0,0,0,11,697,1.64469,0.00312444,1.65671,61,0,24,24,27,0,-2,0,0,2.3,41,4164,4178,23,171,35,711,38608,38446,106,2,68,98,95772,0,0,0,0,1,0,0,273,30,4214,0,0,0,0,0,0,0,0,159,-169,0,0,16
2529.58,0,0,0,0,11,711,1.64489,0.00310585,1.65685,61,0,24,24,27,0,-2,0,0,2.2,41,4164,4178,24,171,35,711,38608,38446,106,2,68,98,99936,0,0,0,0,1,26,273,0,33,4216,0,0,0,0,0,0,0,0,159,-194,0,0,16
2529.59,0,0,0,0,11,711,1.64509,0.00308725,1.65699,61,0,24,24,27,0,-2,0,0,2.1,41,4164,4178,25,171,35,711,38608,38446,106,2,68,98,104100,0,0,0,0,1,26,273,0,33,4216,0,0,0,0,0,0,0,0,159,-179,0,0,16
2529.6,0,0,0,0,11,705,1.64529,0.00306865,1.65713,61,0,24,24,26,0,-2,0,0,2,41,4164,4178,26,171,35,711,38588,38402,105,2,65,98,108264,0,0,0,0,1,169,0,133,34,4216,0,0,0,0,0,0,0,0,159,-179,0,0,16
2529.61,0,0,0,0,11,692,1.64552,0.00307376,1.65722,61,0,24,24,26,0,-2,0,0,2,41,4164,4178,26,171,35,711,38588,38402,105,2,65,98,108264,0,0,0,0,1,0,277,0,33,4216,0,0,0,0,0,0,0,0,159,-182,0,0,16
2529.62,0,0,0,0,11,681,1.64574,0.00307887,1.65731,61,0,24,24,26,0,-2,0,0,2,41,4165,4178,28,171,35,711,38588,38402,105,2,65,98,116620,0,0,0,0,1,265,0,0,28,4225,0,0,0,0,0,0,0,0,159,-174,0,0,16
2529.63,0,0,0,0,11,682,1.64597,0.00308398,1.6574,61,0,24,24,26,0,-2,0,0,2,41,4163,4178,27,171,35,711,38588,38402,105,2,65,98,112401,0,0,0,0,1,0,0,246,21,4214,0,0,0,0,0,0,0,0,159,-119,0,0,16
2529.64,0,0,0,0,11,699,1.6462,0.00308909,1.65749,61,0,24,24,26,0,-2,0,0,2,41,4163,4178,25,171,35,711,38588,38402,105,2,65,98,104075,0,0,0,0,1,0,199,0,24,4216,0,0,0,0,0,0,0,0,159,-116,0,0,16
2529.65,0,0,0,0,11,699,1.64642,0.0030942,1.65758,61,0,24,24,26,0,-2,0,0,2,41,4163,4178,25,171,35,711,38588,38402,105,2,65,98,104075,0,0,0,0,1,0,199,0,24,4216,0,0,0,0,0,0,0,0,159,-144,0,0,16
2529.66,0,0,0,0,11,727,1.64665,0.0030993,1.65767,61,0,24,24,26,0,-2,0,0,2,41,4163,4178,24,171,35,711,38588,38402,105,2,65,98,99912,0,0,0,0,1,200,0,43,26,4214,0,0,0,0,0,0,0,0,159,-144,0,0,16
2529.67,0,0,0,0,11,757,1.64687,0.00310441,1.65776,61,0,24,24,26,0,-2,0,0,2,41,4163,4178,24,171,35,711,38588,38402,105,2,65,98,99912,0,0,0,0,1,0,283,0,29,4212,0,0,0,0,0,0,0,0,159,-169,0,0,16
2529.68,0,0,0,0,11,771,1.6471,0.00310952,1.65785,61,0,24,24,26,0,-2,0,0,2,41,4163,4178,25,171,35,711,38588,38402,105,2,65,98,104075,0,0,0,0,1,171,0,147,35,4214,0,0,0,0,0,0,0,0,159,-153,0,0,16
2529.69,0,0,0,0,11,765,1.64733,0.00311463,1.65794,61,0,24,24,26,0,-2,0,0,2,41,4163,4178,25,171,35,711,38588,38402,105,2,65,98,104075,0,0,0,0,1,0,328,0,43,4214,0,0,0,0,0,0,0,0,159,-212,0,0,16
2529.7,0,0,0,0,11,741,1.64755,0.00311974,1.65803,61,0,24,24,27,0,-2,0,0,2,41,4165,4178,27,171,35,711,38600,38418,106,2,65,98,112455,0,0,0,0,1,10,0,291,38,4208,0,0,0,0,0,0,0,0,159,-185,0,0,16
2529.71,0,0,0,0,11,741,1.64773,0.00313404,1.65823,61,0,24,24,27,0,-2,0,0,1.9,41,4164,4178,32,171,35,711,38600,38418,106,2,65,98,133248,0,0,0,0,1,10,0,291,38,4208,0,0,0,0,0,0,0,0,159,-156,0,0,16
2529.72,0,0,0,0,11,721,1.6479,0.00314835,1.65842,61,0,24,24,27,0,-2,0,0,1.8,41,4164,4178,32,171,35,711,38600,38418,106,2,65,98,133248,0,0,0,0,1,0,263,0,27,4219,0,0,0,0,0,0,0,0,159,-156,0,0,16
2529.73,0,0,0,0,11,719,1.64807,0.00316266,1.65862,61,0,24,24,27,0,-2,0,0,1.7,41,4164,4178,32,171,35,711,38600,38418,106,2,65,98,133248,0,0,0,0,1,165,0,18,21,4216,0,0,0,0,0,0,0,0,159,-109,0,0,16
2529.74,0,0,0,0,11,746,1.64825,0.00317697,1.65881,61,0,24,24,27,0,-2,0,0,1.6,41,4161,4182,24,171,35,711,38600,38418,106,2,65,98,99864,0,0,0,0,1,0,187,0,22,4221,0,0,0,0,0,0,0,0,159,-117,0,0,16
2529.75,0,0,0,0,11,781,1.64842,0.00319127,1.659,61,0,24,24,27,0,-2,0,0,1.5,41,4161,4182,26,171,35,711,38600,38418,106,2,65,98,108186,0,0,0,0,1,204,0,43,27,4214,0,0,0,0,0,0,0,0,159,-142,0,0,16
2529.76,0,0,0,0,11,817,1.64859,0.00320558,1.6592,61,0,24,24,27,0,-2,0,0,1.4,41,4161,4182,24,171,35,711,38600,38418,106,2,65,98,99864,0,0,0,0,1,19,228,0,32,4216,0,0,0,0,0,0,0,0,159,-175,0,0,16
2529.77,0,0,0,0,10,817,1.64877,0.00321989,1.65939,61,0,24,24,27,0,-2,0,0,1.3,41,4161,4182,24,171,35,711,38600,38418,106,2,65,98,99864,0,0,0,0,1,19,228,0,32,4216,0,0,0,0,0,0,0,0,159,-183,0,0,14
2529.78,0,0,0,0,10,839,1.64894,0.0032342,1.65959,61,0,24,24,27,0,-2,0,0,1.2,41,4164,4182,28,171,35,711,38600,38418,106,2,65,98,116592,0,0,0,0,1,0,52,297,37,4210,0,0,0,0,0,0,0,0,159,-183,0,0,14
2529.79,0,0,0,0,10,825,1.64912,0.00324851,1.65978,61,0,24,24,27,0,-2,0,0,1.1,41,4164,4182,29,171,35,711,38600,38418,106,2,65,98,120756,0,0,0,0,1,321,0,43,46,4202,0,0,0,0,0,0,0,0,140,-218,0,0,14
2529.8,0,0,0,0,10,786,1.64929,0.00326281,1.65998,61,0,24,24,26,0,-2,0,0,1,41,4164,4182,32,171,35,711,38594,38414,106,2,41,98,133248,0,0,0,0,1,0,316,0,41,4216,0,0,0,0,0,0,0,0,140,-186,0,0,14
2529.81,0,0,0,0,10,756,1.6489,0.0032404,1.65982,61,0,24,24,26,0,-2,0,0,1,41,4164,4182,32,171,35,711,38594,38414,106,2,41,98,133248,0,0,0,0,1,8,0,161,24,4216,0,0,0,0,0,0,0,0,140,-110,0,0,14
2529.82,0,0,0,0,9,758,1.6485,0.00321799,1.65966,61,0,24,24,26,0,-2,0,0,1,41,4162,4182,34,171,35,711,38594,38414,106,2,41,98,141508,0,0,0,0,1,0,142,0,16,4225,0,0,0,0,0,0,0,0,140,-90,0,0,13
2529.83,0,0,0,0,9,758,1.64811,0.00319558,1.65951,61,0,24,24,26,0,-2,0,0,1,41,4162,4182,31,171,35,711,38594,38414,106,2,41,98,129022,0,0,0,0,1,0,142,0,16,4225,0,0,0,0,0,0,0,0,130,-78,0,0,13
2529.84,0,0,0,0,9,775,1.64772,0.00317317,1.65935,61,0,24,24,26,0,-2,0,0,1,41,4162,4182,27,171,35,711,38594,38414,106,2,41,98,112374,0,0,0,0,1,0,0,155,16,4223,0,0,0,0,0,0,0,0,130,-78,0,0,13
2529.85,0,0,0,0,9,802,1.64732,0.00315076,1.65919,61,0,24,24,26,0,-2,0,0,1,41,4162,4182,27,171,35,711,38594,38414,106,2,41,98,112374,0,0,0,0,1,79,114,0,23,4219,0,0,0,0,0,0,0,0,130,-101,0,0,13
2529.86,0,0,0,0,8,835,1.64693,0.00312835,1.65904,61,0,24,24,26,0,-2,0,0,1,41,4161,4182,26,171,35,711,38594,38414,106,2,41,98,108186,0,0,0,0,1,0,113,88,27,4216,0,0,0,0,0,0,0,0,130,-114,0,0,12
2529.87,0,0,0,0,8,866,1.64653,0.00310593,1.65888,61,0,24,24,26,0,-2,0,0,1,41,4163,4182,28,171,35,711,38594,38414,106,2,41,98,116564,0,0,0,0,1,0,0,199,29,4216,0,0,0,0,0,0,0,0,120,-143,0,0,12
2529.88,0,0,0,0,8,887,1.64614,0.00308352,1.65873,61,0,24,24,26,0,-2,0,0,1,41,4163,4182,30,171,35,711,38594,38414,106,2,41,98,124890,0,0,0,0,1,225,0,0,33,4208,0,0,0,0,0,0,0,0,120,-134,0,0,12
2529.89,0,0,0,0,8,887,1.64575,0.00306111,1.65857,61,0,24,24,26,0,-2,0,0,1,41,4163,4182,30,171,35,711,38594,38414,106,2,41,98,124890,0,0,0,0,1,225,0,0,33,4208,0,0,0,0,0,0,0,0,120,-206,0,0,12
2529.9,0,0,0,0,8,882,1.64535,0.0030387,1.65841,61,0,24,24,27,0,-2,0,0,1,41,4163,4182,38,171,35,711,38581,38396,106,2,68,98,158194,0,0,0,0,1,67,265,0,41,4210,0,0,0,0,0,0,0,0,120,-206,0,0,12
2529.91,0,0,0,0,8,843,1.64509,0.00303272,1.65837,61,0,24,24,27,0,-2,0,0,1,41,4163,4182,38,171,35,711,38581,38396,106,2,68,98,158194,0,0,0,0,1,0,93,232,36,4214,0,0,0,0,0,0,0,0,120,-177,0,0,12
2529.92,0,0,0,0,8,796,1.64483,0.00302674,1.65832,61,0,24,24,27,0,-2,0,0,1,41,4163,4182,36,171,35,711,38581,38396,106,2,68,98,149868,0,0,0,0,1,169,0,32,26,4212,0,0,0,0,0,0,0,0,120,-113,0,0,12
2529.93,0,0,0,0,8,780,1.64457,0.00302076,1.65827,61,0,24,24,27,0,-2,0,0,1,41,4163,4182,36,171,35,711,38581,38396,106,2,68,98,149868,0,0,0,0,1,0,128,0,17,4225,0,0,0,0,0,0,0,0,120,-78,0,0,12
2529.94,0,0,0,0,8,792,1.64431,0.00301477,1.65822,61,0,24,24,27,0,-2,0,0,1,41,4161,4182,25,171,35,711,38581,38396,106,2,68,98,104025,0,0,0,0,1,14,0,108,14,4219,0,0,0,0,0,0,0,0,120,-77,0,0,12
2529.95,0,0,0,0,8,792,1.64405,0.00300879,1.65817,61,0,24,24,27,0,-2,0,0,1,41,4161,4182,26,171,35,711,38581,38396,106,2,68,98,108186,0,0,0,0,1,14,0,108,14,4219,0,0,0,0,0,0,0,0,120,-95,0,0,12
2529.96,0,0,0,0,8,811,1.64379,0.00300281,1.65813,61,0,24,24,27,0,-2,0,0,1,41,4161,4182,24,171,35,711,38581,38396,106,2,68,98,99864,0,0,0,0,1,63,97,0,19,4212,0,0,0,0,0,0,0,0,120,-95,0,0,12
2529.97,0,0,0,0,8,836,1.64353,0.00299683,1.65808,61,0,24,24,27,0,-2,0,0,1,41,4161,4182,24,171,35,711,38581,38396,106,2,68,98,99864,0,0,0,0,1,0,66,135,19,4221,0,0,0,0,0,0,0,0,120,-92,0,0,12
2529.98,0,0,0,0,8,864,1.64327,0.00299085,1.65803,61,0,24,24,27,0,-2,0,0,1,41,4163,4182,35,171,35,711,38581,38396,106,2,68,98,145705,0,0,0,0,1,26,0,141,22,4219,0,0,0,0,0,0,0,0,120,-76,0,0,12
2529.99,0,0,0,0,8,896,1.64301,0.00298487,1.65798,61,0,24,24,27,0,-2,0,0,1,41,4163,4182,36,171,35,711,38581,38396,106,2,68,98,149868,0,0,0,0,1,175,0,0,27,4212,0,0,0,0,0,0,0,0,120,-101,0,0,12
2530,0,0,0,0,8,929,1.64275,0.00297888,1.65793,61,0,24,24,27,0,-2,0,0,1,42,4162,4182,44,171,35,711,38575,38382,106,2,68,98,183128,0,0,0,0,1,147,29,0,30,4216,0,0,0,0,0,0,0,0,120,-110,0,0,12
2530.01,0,0,0,0,8,929,1.64265,0.00297461,1.6579,61,0,24,24,27,0,-2,0,0,1,42,4162,4182,44,171,35,711,38575,38382,106,2,68,98,183128,0,0,0,0,1,147,29,0,30,4216,0,0,0,0,0,0,0,0,120,-178,0,0,12
2530.02,0,0,0,0,8,945,1.64256,0.00297035,1.65786,61,0,24,24,27,0,-2,0,0,1,42,4157,4182,32,171,35,711,38575,38382,106,2,68,98,133024,0,0,0,0,1,42,240,0,41,4219,0,0,0,0,0,0,0,0,120,-178,0,0,12
2530.03,0,0,0,0,8,921,1.64247,0.00296608,1.65783,61,0,24,24,27,0,-2,0,0,1,42,4157,4182,28,171,35,711,38575,38382,106,2,68,98,116396,0,0,0,0,1,0,363,0,53,4208,0,0,0,0,0,0,0,0,120,-227,0,0,12
2530.04,0,0,0,0,8,862,1.64237,0.00296181,1.65779,61,0,24,24,27,0,-2,0,0,1,42,4157,4182,24,171,35,711,38575,38382,106,2,68,98,99768,0,0,0,0,1,0,0,276,43,4208,0,0,0,0,0,0,0,0,120,-187,0,0,12
2530.05,0,0,0,0,8,816,1.64228,0.00295754,1.65776,61,0,24,24,27,0,-2,0,0,1,42,4157,4182,24,171,35,711,38575,38382,106,2,68,98,99768,0,0,0,0,1,161,0,0,22,4214,0,0,0,0,0,0,0,0,120,-90,0,0,12
2530.06,0,0,0,0,8,810,1.64218,0.00295327,1.65772,61,0,24,24,27,0,-2,0,0,1,42,4162,4183,30,171,35,711,38575,38382,106,2,68,98,124860,0,0,0,0,1,0,114,0,10,4229,0,0,0,0,0,0,0,0,120,-63,0,0,12
2530.07,0,0,0,0,8,810,1.64209,0.002949,1.65768,61,0,24,24,27,0,-2,0,0,1,42,4162,4183,30,171,35,711,38575,38382,106,2,68,98,124860,0,0,0,0,1,0,114,0,10,4229,0,0,0,0,0,0,0,0,120,-49,0,0,12
2530.08,0,0,0,0,8,819,1.64199,0.00294473,1.65765,61,0,24,24,27,0,-2,0,0,1,42,4162,4183,36,171,35,711,38575,38382,106,2,68,98,149832,0,0,0,0,1,0,0,121,13,4223,0,0,0,0,0,0,0,0,120,-49,0,0,12
2530.09,0,0,0,0,8,839,1.6419,0.00294046,1.65761,61,0,24,24,27,0,-2,0,0,1,42,4162,4183,36,171,35,711,38575,38382,106,2,68,98,149832,0,0,0,0,1,149,0,0,20,4212,0,0,0,0,0,0,0,0,120,-94,0,0,12
2530.1,0,0,0,0,8,869,1.64181,0.0029362,1.65758,61,0,24,24,26,0,-2,0,0,1,41,4164,4183,48,171,35,711,38598,38430,106,2,68,98,199872,0,0,0,0,1,0,166,0,24,4219,0,0,0,0,0,0,0,0,120,-97,0,0,12
2530.11,0,0,0,0,8,902,1.64224,0.00296446,1.65771,61,0,24,24,26,0,-2,0,0,1,41,4164,4183,43,172,35,711,38598,38430,106,2,68,98,179052,0,0,0,0,1,0,32,158,27,4231,0,0,0,0,0,0,0,0,120,-128,0,0,12
2530.12,0,0,0,0,8,935,1.64267,0.00299273,1.65785,61,0,24,24,26,0,-2,0,0,1,41,4155,4183,29,172,35,711,38598,38430,106,2,68,98,120495,0,0,0,0,1,0,0,191,29,4216,0,0,0,0,0,0,0,0,120,-128,0,0,12
2530.13,0,0,0,0,8,935,1.6431,0.003021,1.65799,61,0,24,24,26,0,-2,0,0,1,41,4155,4183,29,172,35,711,38598,38430,106,2,68,98,120495,0,0,0,0,1,0,0,191,29,4216,0,0,0,0,0,0,0,0,120,-139,0,0,12
2530.14,0,0,0,0,8,968,1.64353,0.00304927,1.65812,61,0,24,24,26,0,-2,0,0,1,41,4155,4183,20,172,35,711,38598,38430,106,2,68,98,83100,0,0,0,0,1,0,0,203,30,4210,0,0,0,0,0,0,0,0,120,-139,0,0,12
2530.15,0,0,0,0,8,999,1.64396,0.00307753,1.65826,61,0,24,24,26,0,-2,0,0,1,41,4165,4183,21,172,35,711,38598,38430,106,2,68,98,87465,0,0,0,0,1,0,0,217,34,4214,0,0,0,0,0,0,0,0,120,-130,0,0,12
2530.16,0,0,0,0,8,1003,1.6444,0.0031058,1.65839,61,0,24,24,26,0,-2,0,0,1,41,4165,4183,24,172,35,711,38598,38430,106,2,68,98,99960,0,0,0,0,1,0,0,319,49,4208,0,0,0,0,0,0,0,0,120,-212,0,0,12
2530.17,0,0,0,0,8,950,1.64483,0.00313407,1.65853,61,0,24,24,26,0,-2,0,0,1,41,4165,4183,24,172,35,711,38598,38430,106,2,68,98,99960,0,0,0,0,1,188,0,215,61,4199,0,0,0,0,0,0,0,0,120,-236,0,0,12
2530.18,0,0,0,0,8,873,1.64526,0.00316234,1.65866,61,0,24,24,26,0,-2,0,0,1,41,4164,4183,30,172,35,711,38598,38430,106,2,68,98,124920,0,0,0,0,1,278,0,0,40,4208,0,0,0,0,0,0,0,0,120,-181,0,0,12
2530.19,0,0,0,0,8,873,1.64569,0.0031906,1.6588,61,0,24,24,26,0,-2,0,0,1,41,4163,4183,30,172,35,711,38598,38430,106,2,68,98,124890,0,0,0,0,1,278,0,0,40,4208,0,0,0,0,0,0,0,0,120,-65,0,0,12
2530.2,0,0,0,0,8,832,1.64612,0.00321887,1.65893,61,0,24,24,27,0,-2,0,0,1,40,4163,4183,40,172,35,711,38598,38428,106,2,68,98,166520,0,0,0,0,1,0,123,0,12,4228,0,0,0,0,0,0,0,0,120,-65,0,0,12
2530.21,0,0,0,0,8,826,1.64614,0.00319491,1.65905,61,0,24,24,27,0,-2,0,0,1,40,4163,4183,40,171,35,711,38598,38428,106,2,68,98,166520,0,0,0,0,1,0,0,86,9,4223,0,0,0,0,0,0,0,0,120,-41,0,0,12
2530.22,0,0,0,0,8,836,1.64617,0.00317094,1.65916,61,0,24,24,27,0,-2,0,0,1,40,4163,4183,39,171,35,711,38598,38428,106,2,68,98,162357,0,0,0,0,1,120,0,0,16,4219,0,0,0,0,0,0,0,0,120,-79,0,0,12
2530.23,0,0,0,0,8,859,1.64619,0.00314697,1.65927,61,0,24,24,27,0,-2,0,0,1,40,4157,4183,28,171,35,711,38598,38428,106,2,68,98,116396,0,0,0,0,1,0,152,0,20,4219,0,0,0,0,0,0,0,0,120,-93,0,0,12
2530.24,0,0,0,0,8,894,1.64622,0.00312301,1.65939,61,0,24,24,27,0,-2,0,0,1,40,4157,4183,22,171,35,711,38598,38428,106,2,68,98,91454,0,0,0,0,1,0,0,135,21,4231,0,0,0,0,0,0,0,0,120,-94,0,0,12
2530.25,0,0,0,0,8,894,1.64624,0.00309904,1.6595,61,0,24,24,27,0,-2,0,0,1,40,4157,4183,22,171,35,711,38598,38428,106,2,68,98,91454,0,0,0,0,1,0,0,135,21,4231,0,0,0,0,0,0,0,0,120,-104,0,0,12
2530.26,0,0,0,0,8,941,1.64626,0.00307507,1.65961,61,0,24,24,27,0,-2,0,0,1,40,4164,4183,18,171,35,711,38598,38428,106,2,68,98,74952,0,0,0,0,1,0,0,162,23,4225,0,0,0,0,0,0,0,0,120,-104,0,0,12
2530.27,0,0,0,0,8,985,1.64629,0.00305111,1.65972,61,0,24,24,27,0,-2,0,0,1,40,4164,4183,21,171,35,711,38598,38428,106,2,68,98,87444,0,0,0,0,1,0,0,202,31,4219,0,0,0,0,0,0,0,0,120,-118,0,0,12
2530.28,0,0,0,0,8,1018,1.64631,0.00302714,1.65984,61,0,24,24,27,0,-2,0,0,1,40,4167,4183,21,171,35,711,38598,38428,106,2,68,98,87507,0,0,0,0,1,0,0,237,35,4219,0,0,0,0,0,0,0,0,120,-135,0,0,12
2530.29,0,0,0,0,8,1054,1.64633,0.00300317,1.65995,61,0,24,24,27,0,-2,0,0,1,40,4167,4183,21,171,35,711,38598,38428,106,2,68,98,87507,0,0,0,0,1,0,0,194,34,4219,0,0,0,0,0,0,0,0,120,-124,0,0,12
2530.3,0,0,0,0,8,1085,1.64636,0.00297921,1.66006,61,0,24,24,27,0,-2,0,0,1,41,4167,4181,28,171,35,711,38617,38471,106,2,68,98,116676,0,0,0,0,1,0,202,27,41,4212,0,0,0,0,0,0,0,0,120,-147,0,0,12
2530.31,0,0,0,0,8,1085,1.6461,0.00296325,1.65994,61,0,24,24,27,0,-2,0,0,1,41,4167,4181,28,171,35,711,38617,38471,106,2,68,98,116676,0,0,0,0,1,0,202,27,41,4212,0,0,0,0,0,0,0,0,120,-259,0,0,12
2530.32,0,0,0,0,8,1064,1.64585,0.0029473,1.65982,61,0,24,24,27,0,-2,0,0,1,41,4163,4181,31,171,35,711,38617,38471,106,2,68,98,129053,0,0,0,0,1,0,431,0,71,4195,0,0,0,0,0,0,0,0,120,-259,0,0,12
2530.33,0,0,0,0,8,964,1.64559,0.00293135,1.6597,61,0,24,24,27,0,-2,0,0,1,41,4163,4181,31,171,35,711,38617,38471,106,2,68,98,129053,0,0,0,0,1,0,476,0,72,4210,0,0,0,0,0,0,0,0,120,-282,0,0,12
2530.34,0,0,0,0,8,863,1.64533,0.0029154,1.65958,61,0,24,24,27,0,-2,0,0,1,41,4160,4181,49,171,35,711,38617,38471,106,2,68,98,203840,0,0,0,0,1,0,0,168,27,4225,0,0,0,0,0,0,0,0,120,-104,0,0,12
2530.35,0,0,0,0,8,834,1.64508,0.00289945,1.65945,61,0,24,24,27,0,-2,0,0,1,41,4160,4181,43,171,35,711,38617,38471,106,2,68,98,178880,0,0,0,0,1,63,0,0,9,4216,0,0,0,0,0,0,0,0,120,-41,0,0,12
2530.36,0,0,0,0,8,840,1.64482,0.0028835,1.65933,61,0,24,24,27,0,-2,0,0,1,41,4160,4181,26,171,35,711,38617,38471,106,2,68,98,108160,0,0,0,0,1,0,85,0,8,4228,0,0,0,0,0,0,0,0,120,-56,0,0,12
2530.37,0,0,0,0,8,840,1.64457,0.00286755,1.65921,61,0,24,24,27,0,-2,0,0,1,41,4160,4181,26,171,35,711,38617,38471,106,2,68,98,108160,0,0,0,0,1,0,85,0,8,4228,0,0,0,0,0,0,0,0,120,-39,0,0,12
2530.38,0,0,0,0,8,849,1.64431,0.00285159,1.65909,61,0,24,24,27,0,-2,0,0,1,41,4156,4185,17,171,35,711,38617,38471,106,2,68,98,70652,0,0,0,0,1,0,0,104,9,4225,0,0,0,0,0,0,0,0,120,-39,0,0,12
2530.39,0,0,0,0,8,903,1.64405,0.00283564,1.65897,61,0,24,24,27,0,-2,0,0,1,41,4156,4185,18,171,35,711,38617,38471,106,2,68,98,74808,0,0,0,0,1,34,0,53,10,4221,0,0,0,0,0,0,0,0,120,-38,0,0,12
2530.4,0,0,0,0,8,1005,1.6438,0.00281969,1.65885,61,0,24,24,27,0,-2,0,0,1,41,4168,4185,21,171,35,711,38626,38485,106,2,68,98,87528,0,0,0,0,1,63,0,71,14,4228,0,0,0,0,0,0,0,0,120,-36,0,0,12
2530.41,0,0,0,0,8,1079,1.64413,0.00286045,1.6593,61,0,24,24,27,0,-2,0,0,1,41,4168,4185,21,171,35,711,38626,38485,106,2,68,98,87528,0,0,0,0,1,0,0,229,31,4219,0,0,0,0,0,0,0,0,120,-101,0,0,12
2530.42,0,0,0,0,8,1120,1.64447,0.00290121,1.65976,61,0,24,24,27,0,-2,0,0,1,41,4165,4185,27,171,35,711,38626,38485,106,2,68,98,112455,0,0,0,0,1,0,222,0,38,4210,0,0,0,0,0,0,0,0,120,-133,0,0,12
2530.43,0,0,0,0,8,1120,1.6448,0.00294197,1.66022,61,0,24,24,27,0,-2,0,0,1,41,4165,4185,26,171,35,711,38626,38485,106,2,68,98,108290,0,0,0,0,1,0,222,0,38,4210,0,0,0,0,0,0,0,0,120,-157,0,0,12
2530.44,0,0,0,0,8,1157,1.64513,0.00298272,1.66067,61,0,24,24,27,0,-2,0,0,1,41,4162,4185,30,171,35,711,38626,38485,106,2,68,98,124860,0,0,0,0,1,192,13,0,45,4206,0,0,0,0,0,0,0,0,120,-157,0,0,12
2530.45,0,0,0,0,8,1139,1.64547,0.00302348,1.66113,61,0,24,24,27,0,-2,0,0,1,41,4162,4185,30,171,35,711,38626,38485,106,2,68,98,124860,0,0,0,0,1,196,0,360,82,4197,0,0,0,0,0,0,0,0,120,-269,0,0,12
2530.46,0,0,0,0,8,1015,1.6458,0.00306424,1.66159,61,0,24,24,27,0,-2,0,0,1,41,4162,4184,38,171,35,711,38626,38485,106,2,68,98,158156,0,0,0,0,1,0,0,533,88,4193,0,0,0,0,0,0,0,0,120,-340,0,0,12
2530.47,0,0,0,0,8,883,1.64614,0.003105,1.66204,61,0,24,24,27,0,-2,0,0,1,41,4162,4184,47,171,35,711,38626,38485,106,2,68,98,195614,0,0,0,0,1,166,0,0,30,4216,0,0,0,0,0,0,0,0,120,-105,0,0,12
2530.48,0,0,0,0,8,839,1.64647,0.00314576,1.6625,61,0,24,24,27,0,-2,0,0,1,41,4162,4184,55,171,35,711,38626,38485,106,2,68,98,228910,0,0,0,0,1,0,64,0,6,4229,0,0,0,0,0,0,0,0,120,-40,0,0,12
2530.49,0,0,0,0,8,839,1.6468,0.00318652,1.66296,61,0,24,24,27,0,-2,0,0,1,41,4162,4184,55,171,35,711,38626,38485,106,2,68,98,228910,0,0,0,0,1,0,64,0,6,4229,0,0,0,0,0,0,0,0,120,-22,0,0,12
2530.5,0,0,0,0,8,841,1.64714,0.00322727,1.66341,61,0,24,24,26,0,-2,0,0,1,41,4161,4184,21,171,35,711,38571,38374,106,2,27,98,87381,0,0,0,0,1,0,0,80,5,4231,0,0,0,0,0,0,0,0,120,-22,0,0,12
2530.51,0,0,0,0,8,861,1.6475,0.00324967,1.66363,61,0,24,24,26,0,-2,0,0,1.1,41,4153,4184,13,171,35,711,38571,38374,106,2,27,98,53989,0,0,0,0,1,71,0,6,8,4221,0,0,0,0,0,0,0,0,120,-33,0,0,12
2530.52,0,0,0,0,8,976,1.64786,0.00327207,1.66385,61,0,24,24,26,0,-2,0,0,1.2,41,4153,4184,11,171,35,711,38571,38374,106,2,27,98,45683,0,0,0,0,1,87,0,0,10,4219,0,0,0,0,0,0,0,0,120,-48,0,0,12
2530.53,0,0,0,0,8,1125,1.64823,0.00329447,1.66408,61,0,24,24,26,0,-2,0,0,1.3,41,4153,4184,11,171,35,711,38571,38374,106,2,27,98,45683,0,0,0,0,1,26,0,94,14,4231,0,0,0,0,0,0,0,0,120,-48,0,0,12
2530.54,0,0,0,0,9,1174,1.64859,0.00331687,1.6643,61,0,24,24,26,0,-2,0,0,1.4,41,4168,4184,21,171,35,711,38571,38374,106,2,27,98,87528,0,0,0,0,1,0,224,0,33,4216,0,0,0,0,0,0,0,0,120,-134,0,0,13
2530.55,0,0,0,0,9,1174,1.64895,0.00333927,1.66452,61,0,24,24,26,0,-2,0,0,1.5,41,4168,4184,20,171,35,711,38571,38374,106,2,27,98,83360,0,0,0,0,1,0,224,0,33,4216,0,0,0,0,0,0,0,0,130,-125,0,0,13
2530.56,0,0,0,0,9,1202,1.64932,0.00336167,1.66474,61,0,24,24,26,0,-2,0,0,1.6,41,4168,4184,21,171,35,711,38571,38374,106,2,27,98,87528,0,0,0,0,1,224,0,0,43,4206,0,0,0,0,0,0,0,0,130,-125,0,0,13
2530.57,0,0,0,0,10,1200,1.64968,0.00338407,1.66496,61,0,24,24,26,0,-2,0,0,1.7,41,4168,4184,21,171,35,711,38571,38374,106,2,27,98,87528,0,0,0,0,1,0,66,393,76,4195,0,0,0,0,0,0,0,0,130,-294,0,0,14
2530.58,0,0,0,0,10,1082,1.65004,0.00340647,1.66518,61,0,24,24,26,0,-2,0,0,1.8,41,4164,4184,33,171,35,711,38571,38374,106,2,27,98,137412,0,0,0,0,1,0,648,0,105,4197,0,0,0,0,0,0,0,0,140,-387,0,0,14
2530.59,0,0,0,0,11,932,1.65041,0.00342887,1.6654,61,0,24,24,26,0,-2,0,0,1.9,41,4164,4184,34,171,35,711,38571,38374,106,2,27,98,141576,0,0,0,0,1,0,205,71,48,4219,0,0,0,0,0,0,0,0,140,-166,0,0,16
2530.6,0,0,0,0,11,861,1.65077,0.00345127,1.66562,61,0,24,24,26,0,-2,0,0,2,40,4164,4184,34,171,35,711,38592,38420,106,2,68,98,141576,0,0,0,0,1,2,0,74,8,4225,0,0,0,0,0,0,0,0,159,-30,0,0,16
2530.61,0,0,0,0,12,861,1.65126,0.00347196,1.66611,61,0,24,24,26,0,-2,0,0,2.1,40,4164,4184,34,171,35,711,38592,38420,106,2,68,98,141576,0,0,0,0,1,2,0,74,8,4225,0,0,0,0,0,0,0,0,159,-45,0,0,17
2530.62,0,0,0,0,13,863,1.65176,0.00349265,1.6666,61,0,24,24,26,0,-2,0,0,2.2,40,4161,4184,55,171,35,711,38592,38420,106,2,68,98,228855,0,0,0,0,1,79,0,0,9,4225,0,0,0,0,0,0,0,0,159,-45,0,0,19
2530.63,0,0,0,0,13,883,1.65225,0.00351334,1.66709,61,0,24,24,26,0,-2,0,0,2.3,40,4161,4184,70,171,35,711,38592,38420,106,2,68,98,291270,0,0,0,0,1,0,95,0,10,4225,0,0,0,0,0,0,0,0,169,-61,0,0,19
2530.64,0,0,0,0,13,1004,1.65275,0.00353403,1.66759,61,0,24,24,26,0,-2,0,0,2.4,40,4161,4184,72,171,35,711,38592,38420,106,2,68,98,299592,0,0,0,0,1,0,97,0,12,4225,0,0,0,0,0,0,0,0,189,-57,0,0,19
2530.65,0,0,0,0,14,1166,1.65324,0.00355472,1.66808,61,0,24,24,26,0,-2,0,0,2.5,40,4161,4184,72,171,35,711,38592,38420,106,2,68,98,299592,0,0,0,0,1,192,0,0,30,4210,0,0,0,0,0,0,0,0,189,-117,0,0,20
2530.66,0,0,0,0,14,1240,1.65374,0.00357541,1.66857,61,0,24,24,26,0,-2,0,0,2.6,40,4151,4184,9,171,35,711,38592,38420,106,2,68,98,37359,0,0,0,0,1,0,87,293,69,4202,0,0,0,0,0,0,0,0,199,-224,0,0,20
2530.67,0,0,0,0,14,1240,1.65423,0.0035961,1.66907,61,0,24,24,26,0,-2,0,0,2.7,40,4159,4184,9,171,35,711,38592,38420,106,2,68,98,37431,0,0,0,0,1,0,87,293,69,4202,0,0,0,0,0,0,0,0,199,-210,0,0,20
2530.68,0,0,0,0,14,1298,1.65473,0.00361679,1.66956,61,0,24,24,26,0,-2,0,0,2.8,40,4159,4184,10,171,35,711,38592,38420,106,2,68,98,41590,0,0,0,0,1,335,0,0,75,4188,0,0,0,0,0,0,0,0,199,-210,0,0,20
2530.69,0,0,0,0,14,1275,1.65522,0.00363748,1.67005,61,0,24,24,26,0,-2,0,0,2.9,40,4159,4184,10,171,35,711,38592,38420,106,2,68,98,41590,0,0,0,0,1,0,826,0,144,4180,0,0,0,0,0,0,0,0,199,-485,0,0,20
2530.7,0,0,0,0,14,1102,1.65571,0.00365816,1.67054,61,0,24,24,27,0,-2,0,0,3,40,4168,4187,12,171,35,711,38629,38495,106,2,68,98,50016,0,0,0,0,1,749,41,0,139,4165,0,0,0,0,0,0,0,0,199,-518,0,0,20
2530.71,0,0,0,0,14,926,1.65591,0.00362601,1.67042,61,0,24,24,27,0,-2,0,0,2.9,40,4168,4187,15,171,35,711,38629,38495,106,2,68,98,62520,0,0,0,0,1,43,242,0,42,4216,0,0,0,0,0,0,0,0,199,-179,0,0,20
2530.72,0,0,0,0,14,872,1.6561,0.00359385,1.6703,61,0,24,24,27,0,-2,0,0,2.8,40,4168,4187,24,171,35,711,38629,38495,106,2,68,98,100032,0,0,0,0,1,0,58,47,5,4231,0,0,0,0,0,0,0,0,199,-22,0,0,20
2530.73,0,0,0,0,14,872,1.6563,0.00356169,1.67017,61,0,24,24,27,0,-2,0,0,2.7,40,4168,4187,24,171,35,711,38629,38495,106,2,68,98,100032,0,0,0,0,1,0,58,47,5,4231,0,0,0,0,0,0,0,0,199,-33,0,0,20
2530.74,0,0,0,0,14,879,1.65649,0.00352954,1.67005,61,0,24,24,27,0,-2,0,0,2.6,40,4158,4187,39,171,35,711,38629,38495,106,2,68,98,162162,0,0,0,0,1,0,0,68,8,4223,0,0,0,0,0,0,0,0,199,-33,0,0,20
2530.75,0,0,0,0,15,976,1.65668,0.00349738,1.66993,61,0,24,24,27,0,-2,0,0,2.5,40,4158,4187,50,171,35,711,38629,38495,106,2,68,98,207900,0,0,0,0,1,98,0,6,10,4228,0,0,0,0,0,0,0,0,199,-41,0,0,22
2530.76,0,0,0,0,15,1213,1.65688,0.00346522,1.6698,61,0,24,24,27,0,-2,0,0,2.4,40,4158,4185,77,171,35,711,38629,38495,106,2,68,98,320166,0,0,0,0,1,0,27,145,17,4225,0,0,0,0,0,0,0,0,219,-70,0,0,22
2530.77,0,0,0,0,15,1346,1.65707,0.00343307,1.66968,61,0,24,24,27,0,-2,0,0,2.3,40,4158,4185,77,171,35,711,38629,38495,106,2,68,98,320166,0,0,0,0,1,0,0,276,55,4212,0,0,0,0,0,0,0,0,219,-193,0,0,22
2530.78,0,0,0,0,14,1402,1.65727,0.00340091,1.66956,61,0,24,24,27,0,-2,0,0,2.2,40,4143,4185,32,171,35,711,38629,38495,106,2,68,98,132576,0,0,0,0,1,350,0,0,81,4190,0,0,0,0,0,0,0,0,219,-210,0,0,20
2530.79,0,0,0,0,14,1402,1.65746,0.00336875,1.66943,61,0,24,24,27,0,-2,0,0,2.1,40,4143,4185,9,171,35,711,38629,38495,106,2,68,98,37287,0,0,0,0,1,350,0,0,81,4190,0,0,0,0,0,0,0,0,199,-488,0,0,20
2530.8,0,0,0,0,15,1389,1.65765,0.00333659,1.66931,61,0,24,24,27,0,-2,0,0,2,40,4163,4185,8,171,35,711,38411,38048,106,2,39,98,33304,0,0,0,0,1,541,279,0,156,4158,0,0,0,0,0,0,0,0,199,-488,0,0,22
2530.81,0,0,0,0,15,1192,1.65761,0.0033567,1.66916,61,0,24,24,27,0,-2,0,0,2,40,4163,4185,8,171,35,711,38411,38048,106,2,39,98,33304,0,0,0,0,1,0,0,1010,170,4169,0,0,0,0,0,0,0,0,199,-611,0,0,22
2530.82,0,0,0,0,15,981,1.65756,0.00337681,1.669,61,0,24,24,27,0,-2,0,0,2,40,4169,4185,9,171,35,711,38411,38048,106,2,39,98,37521,0,0,0,0,1,0,0,332,56,4216,0,0,0,0,0,0,0,0,219,-199,0,0,22
2530.83,0,0,0,0,15,910,1.65752,0.00339691,1.66884,61,0,24,24,27,0,-2,0,0,2,40,4169,4185,11,171,35,711,38411,38048,106,2,39,98,45859,0,0,0,0,1,48,0,0,8,4225,0,0,0,0,0,0,0,0,219,-33,0,0,22
2530.84,0,0,0,0,16,918,1.65747,0.00341702,1.66869,61,0,24,24,27,0,-2,0,0,2,40,4169,4183,14,171,35,711,38411,38048,106,2,39,98,58366,0,0,0,0,1,55,11,0,8,4221,0,0,0,0,0,0,0,0,219,-42,0,0,23
2530.85,0,0,0,0,16,918,1.65742,0.00343713,1.66853,61,0,24,24,27,0,-2,0,0,2,40,4169,4183,14,171,35,711,38411,38048,106,2,39,98,58366,0,0,0,0,1,55,11,0,8,4221,0,0,0,0,0,0,0,0,229,-59,0,0,23
2530.86,0,0,0,0,16,1064,1.65738,0.00345724,1.66838,61,0,24,24,27,0,-2,0,0,2,40,4168,4183,40,171,35,711,38411,38048,106,2,39,98,166720,0,0,0,0,1,87,31,0,9,4219,0,0,0,0,0,0,0,0,229,-59,0,0,23
2530.87,0,0,0,0,17,1339,1.65733,0.00347734,1.66822,61,0,24,24,27,0,-2,0,0,2,40,4168,4183,45,171,35,711,38411,38048,106,2,39,98,187560,0,0,0,0,1,0,123,43,19,4228,0,0,0,0,0,0,0,0,229,-89,0,0,25
2530.88,0,0,0,0,17,1455,1.65728,0.00349745,1.66807,61,0,24,24,27,0,-2,0,0,2,40,4168,4183,70,171,35,711,38411,38048,106,2,39,98,291760,0,0,0,0,1,0,279,76,64,4204,0,0,0,0,0,0,0,0,250,-199,0,0,25
2530.89,0,0,0,0,17,1506,1.65724,0.00351756,1.66791,61,0,24,24,27,0,-2,0,0,2,40,4168,4183,70,171,35,711,38411,38048,106,2,39,98,291760,0,0,0,0,1,0,443,6,105,4188,0,0,0,0,0,0,0,0,250,-293,0,0,25
2530.9,0,0,0,0,17,1433,1.65719,0.00353766,1.66776,61,0,24,24,27,0,-2,0,0,2,41,4159,4183,49,171,35,711,38556,38347,106,2,68,98,203791,0,0,0,0,1,0,306,758,208,4145,0,0,0,0,0,0,0,0,250,-636,0,0,25
2530.91,0,0,0,0,16,1433,1.65684,0.00350618,1.66756,61,0,24,24,27,0,-2,0,0,2,41,4135,4183,12,171,35,711,38556,38347,106,2,68,98,49620,0,0,0,0,1,0,306,758,208,4145,0,0,0,0,0,0,0,0,250,-638,0,0,23
2530.92,0,0,0,0,17,1205,1.65649,0.0034747,1.66736,61,0,24,24,27,0,-2,0,0,2,41,4135,4183,9,171,35,711,38556,38347,106,2,68,98,37215,0,0,0,0,1,977,0,0,175,4156,0,0,0,0,0,0,0,0,250,-638,0,0,25
2530.93,0,0,0,0,17,1011,1.65615,0.00344321,1.66717,61,0,24,24,27,0,-2,0,0,2,41,4135,4183,9,171,35,711,38556,38347,106,2,68,98,37215,0,0,0,0,1,183,0,0,35,4219,0,0,0,0,0,0,0,0,229,-109,0,0,25
2530.94,0,0,0,0,17,969,1.6558,0.00341173,1.66697,61,0,24,24,27,0,-2,0,0,2,41,4169,4183,11,171,35,711,38556,38347,106,2,68,98,45859,0,0,0,0,1,69,25,0,8,4219,0,0,0,0,0,0,0,0,250,-57,0,0,25
2530.95,0,0,0,0,17,1000,1.65545,0.00338025,1.66677,61,0,24,24,27,0,-2,0,0,2,41,4169,4183,14,171,35,711,38556,38347,106,2,68,98,58366,0,0,0,0,1,36,50,0,9,4223,0,0,0,0,0,0,0,0,250,-54,0,0,25
2530.96,0,0,0,0,17,1224,1.6551,0.00334877,1.66657,61,0,24,24,27,0,-2,0,0,2,41,4168,4183,20,171,35,711,38556,38347,106,2,68,98,83360,0,0,0,0,1,163,0,0,11,4228,0,0,0,0,0,0,0,0,250,-46,0,0,25
2530.97,0,0,0,0,16,1224,1.65476,0.00331728,1.66638,61,0,24,24,27,0,-2,0,0,2,41,4168,4183,20,171,35,711,38556,38347,106,2,68,98,83360,0,0,0,0,1,163,0,0,11,4228,0,0,0,0,0,0,0,0,250,-75,0,0,23
2530.98,0,0,0,0,16,1489,1.65441,0.0032858,1.66618,61,0,24,24,27,0,-2,0,0,2,41,4164,4183,67,171,35,711,38556,38347,106,2,68,98,278988,0,0,0,0,1,114,0,71,26,4214,0,0,0,0,0,0,0,0,250,-75,0,0,23
2530.99,0,0,0,0,16,1568,1.65406,0.00325432,1.66598,61,0,24,24,27,0,-2,0,0,2,41,4164,4183,84,171,35,711,38556,38347,106,2,68,98,349776,0,0,0,0,1,0,0,405,86,4204,0,0,0,0,0,0,0,0,229,-231,0,0,23
2531,0,0,0,0,16,1596,1.65371,0.00322283,1.66578,61,0,24,24,26,0,-2,0,0,2,41,4164,4183,138,171,35,711,38599,38433,106,2,68,98,574632,0,0,0,0,1,0,531,100,142,4165,0,0,0,0,0,0,0,0,229,-377,0,0,23
2531.01,0,0,0,0,16,1435,1.65396,0.00320949,1.666,61,0,24,24,26,0,-2,0,0,1.9,41,4164,4183,138,171,35,711,38599,38433,106,2,68,98,574632,0,0,0,0,1,0,431,762,235,4145,0,0,0,0,0,0,0,0,229,-721,0,0,23
2531.02,0,0,0,0,16,1177,1.65421,0.00319615,1.66623,61,0,24,24,26,0,-2,0,0,1.8,41,4139,4183,47,171,35,711,38599,38433,106,2,68,98,194533,0,0,0,0,1,573,128,0,128,4190,0,0,0,0,0,0,0,0,229,-431,0,0,23
2531.03,0,0,0,0,16,1177,1.65447,0.0031828,1.66645,61,0,24,24,26,0,-2,0,0,1.7,41,4139,4183,10,171,35,711,38599,38433,106,2,68,98,41390,0,0,0,0,1,573,128,0,128,4190,0,0,0,0,0,0,0,0,229,-48,0,0,23
2531.04,0,0,0,0,16,1037,1.65472,0.00316946,1.66667,61,0,24,24,26,0,-2,0,0,1.6,41,4135,4183,9,171,35,711,38599,38433,106,2,68,98,37215,0,0,0,0,1,84,0,0,11,4219,0,0,0,0,0,0,0,0,229,-48,0,0,23
2531.05,0,0,0,0,16,1027,1.65497,0.00315612,1.66689,61,0,24,24,26,0,-2,0,0,1.5,41,4135,4183,9,171,35,711,38599,38433,106,2,68,98,37215,0,0,0,0,1,75,0,0,8,4212,0,0,0,0,0,0,0,0,229,-45,0,0,23
2531.06,0,0,0,0,16,1147,1.65522,0.00314277,1.66711,61,0,24,24,26,0,-2,0,0,1.4,41,4169,4183,13,171,35,711,38599,38433,106,2,68,98,54197,0,0,0,0,1,101,0,0,6,4231,0,0,0,0,0,0,0,0,229,-8,0,0,23
2531.07,0,0,0,0,16,1453,1.65547,0.00312943,1.66733,61,0,24,24,26,0,-2,0,0,1.3,41,4169,4183,20,171,35,711,38599,38433,106,2,68,98,83380,0,0,0,0,1,161,32,0,2,4219,0,0,0,0,0,0,0,0,229,-46,0,0,23
2531.08,0,0,0,0,15,1622,1.65572,0.00311609,1.66755,61,0,24,24,26,0,-2,0,0,1.2,41,4169,4183,33,171,35,711,38599,38433,106,2,68,98,137577,0,0,0,0,1,0,0,209,31,4216,0,0,0,0,0,0,0,0,229,-99,0,0,22
2531.09,0,0,0,0,15,1622,1.65597,0.00310274,1.66778,61,0,24,24,26,0,-2,0,0,1.1,41,4169,4183,33,171,35,711,38599,38433,106,2,68,98,137577,0,0,0,0,1,0,0,209,31,4216,0,0,0,0,0,0,0,0,219,-235,0,0,22
2531.1,0,0,0,0,14,1662,1.65622,0.0030894,1.668,61,0,24,24,26,0,-2,0,0,1,40,4169,4179,118,171,35,711,38632,38505,106,2,68,98,491942,0,0,0,0,1,0,390,0,95,4197,0,0,0,0,0,0,0,0,219,-235,0,0,20
2531.11,0,0,0,0,13,1608,1.65601,0.0030833,1.66795,61,0,24,24,26,0,-2,0,0,1.1,40,4164,4179,183,171,35,711,38632,38505,106,2,68,98,762012,0,0,0,0,1,963,0,0,211,4137,0,0,0,0,0,0,0,0,219,-591,0,0,19
2531.12,0,0,0,0,12,1370,1.6558,0.00307721,1.66791,61,0,24,24,26,0,-2,0,0,1.2,40,4164,4179,173,171,35,711,38632,38505,106,2,68,98,720372,0,0,0,0,1,0,933,0,200,4150,0,0,0,0,0,0,0,0,189,-613,0,0,17
2531.13,0,0,0,0,11,1146,1.65559,0.00307111,1.66787,61,0,24,24,26,0,-2,0,0,1.3,40,4164,4179,173,171,35,711,38632,38505,106,2,68,98,720372,0,0,0,0,1,142,0,0,38,4214,0,0,0,0,0,0,0,0,169,-89,0,0,16
2531.14,0,0,0,0,11,1090,1.65538,0.00306502,1.66783,61,0,24,24,26,0,-2,0,0,1.4,40,4104,4179,9,171,35,711,38632,38505,106,2,68,98,36936,0,0,0,0,1,36,0,35,7,4219,0,0,0,0,0,0,0,0,159,-22,0,0,16
2531.15,0,0,0,0,11,1090,1.65517,0.00305892,1.66778,61,0,24,24,26,0,-2,0,0,1.5,40,4104,4179,9,171,35,711,38632,38505,106,2,68,98,36936,0,0,0,0,1,36,0,35,7,4219,0,0,0,0,0,0,0,0,159,-15,0,0,16
2531.16,0,0,0,0,11,1122,1.65496,0.00305283,1.66774,61,0,24,24,26,0,-2,0,0,1.6,40,4104,4195,10,171,35,711,38632,38505,106,2,68,98,41040,0,0,0,0,1,0,0,65,4,4228,0,0,0,0,0,0,0,0,159,-15,0,0,16
2531.17,0,0,0,0,11,1355,1.65475,0.00304673,1.6677,61,0,24,24,26,0,-2,0,0,1.7,40,4104,4195,10,171,35,711,38632,38505,106,2,68,98,41040,0,0,0,0,1,79,255,0,0,4234,0,0,0,0,0,0,0,0,159,44,0,0,16
2531.18,0,0,0,0,11,1610,1.65454,0.00304064,1.66766,61,0,24,24,26,0,-2,0,0,1.8,40,4168,4195,26,171,35,711,38632,38505,106,2,68,98,108368,0,0,0,0,1,46,0,55,5,4231,0,0,0,0,0,0,0,0,159,-18,0,0,16
2531.19,0,0,0,0,11,1672,1.65433,0.00303454,1.66761,61,0,24,24,26,0,-2,0,0,1.9,40,4168,4195,66,171,35,711,38632,38505,106,2,68,98,275088,0,0,0,0,1,0,158,0,32,4225,0,0,0,0,0,0,0,0,159,-91,0,0,16
2531.2,0,0,0,0,10,1670,1.65412,0.00302845,1.66757,61,0,24,24,26,0,-2,0,0,2,41,4167,4195,90,171,35,711,38617,38468,105,2,66,98,375030,0,0,0,0,1,391,0,0,84,4180,0,0,0,0,0,0,0,0,159,-229,0,0,14
2531.21,0,0,0,0,10,1670,1.65417,0.00299283,1.6677,61,0,24,24,26,0,-2,0,0,2,41,4167,4195,90,171,35,711,38617,38468,105,2,66,98,375030,0,0,0,0,1,391,0,0,84,4180,0,0,0,0,0,0,0,0,140,-490,0,0,14
2531.22,0,0,0,0,9,1543,1.65422,0.00295721,1.66784,61,0,24,24,26,0,-2,0,0,2,41,4139,4195,209,171,35,711,38617,38468,105,2,66,98,865051,0,0,0,0,1,561,0,285,172,4161,0,0,0,0,0,0,0,0,140,-490,0,0,13
2531.23,0,0,0,0,9,1324,1.65427,0.00292159,1.66797,61,0,24,24,26,0,-2,0,0,2,41,4139,4195,133,171,35,711,38617,38468,105,2,66,98,550487,0,0,0,0,1,270,298,0,104,4193,0,0,0,0,0,0,0,0,140,-329,0,0,13
2531.24,0,0,0,0,9,1184,1.65432,0.00288597,1.66811,61,0,24,24,26,0,-2,0,0,2,41,4139,4205,37,171,35,711,38617,38468,105,2,66,98,153143,0,0,0,0,1,32,0,80,12,4221,0,0,0,0,0,0,0,0,130,-43,0,0,13
2531.25,0,0,0,0,9,1169,1.65436,0.00285035,1.66824,61,0,24,24,26,0,-2,0,0,2,41,4139,4205,37,172,35,711,38617,38468,105,2,66,98,153143,0,0,0,0,1,0,23,20,8,4229,0,0,0,0,0,0,0,0,130,-47,0,0,13
2531.26,0,0,0,0,9,1218,1.65441,0.00281472,1.66837,61,0,24,24,26,0,-2,0,0,2,41,4129,4205,11,172,35,711,38617,38468,105,2,66,98,45419,0,0,0,0,1,1,79,0,6,4219,0,0,0,0,0,0,0,0,130,-33,0,0,13
2531.27,0,0,0,0,9,1218,1.65446,0.0027791,1.66851,61,0,24,24,26,0,-2,0,0,2,41,4129,4205,11,172,35,711,38617,38468,105,2,66,98,45419,0,0,0,0,1,1,79,0,6,4219,0,0,0,0,0,0,0,0,130,-8,0,0,13
2531.28,0,0,0,0,9,1439,1.65451,0.00274348,1.66864,61,0,24,24,26,0,-2,0,0,2,41,4168,4205,10,172,35,711,38617,38468,105,2,66,98,41680,0,0,0,0,1,0,99,145,0,4238,0,0,0,0,0,0,0,0,130,-8,0,0,13
2531.29,0,0,0,0,9,1625,1.65456,0.00270786,1.66877,61,0,24,24,26,0,-2,0,0,2,41,4168,4205,10,172,35,711,38617,38468,105,2,66,98,41680,0,0,0,0,1,83,0,0,13,4208,0,0,0,0,0,0,0,0,130,-49,0,0,13
2531.3,0,0,0,0,9,1656,1.6546,0.00267224,1.66891,61,0,24,24,27,0,-2,0,0,2,40,4169,4205,91,172,35,711,38622,38487,105,2,41,98,379379,0,0,0,0,1,0,0,139,28,4221,0,0,0,0,0,0,0,0,130,-87,0,0,13
2531.31,0,0,0,0,9,1650,1.65467,0.00268215,1.66889,61,0,24,24,27,0,-2,0,0,2,40,4169,4205,142,172,35,711,38622,38487,105,2,41,98,591998,0,0,0,0,1,0,287,0,54,4208,0,0,0,0,0,0,0,0,130,-160,0,0,13
2531.32,0,0,0,0,9,1550,1.65474,0.00269205,1.66888,61,0,24,24,27,0,-2,0,0,2,40,4169,4205,222,172,35,711,38622,38487,105,2,41,98,925518,0,0,0,0,1,106,542,0,139,4171,0,0,0,0,0,0,0,0,130,-405,0,0,13
2531.33,0,0,0,0,9,1550,1.65481,0.00270195,1.66886,61,0,24,24,27,0,-2,0,0,2,40,4169,4205,222,172,35,711,38622,38487,105,2,41,98,925518,0,0,0,0,1,106,542,0,139,4171,0,0,0,0,0,0,0,0,130,-270,0,0,13
2531.34,0,0,0,0,9,1367,1.65488,0.00271185,1.66884,61,0,24,24,27,0,-2,0,0,2,40,4116,4205,31,172,35,711,38622,38487,105,2,41,98,127596,0,0,0,0,1,0,343,143,93,4204,0,0,0,0,0,0,0,0,130,-270,0,0,13
2531.35,0,0,0,0,9,1248,1.65495,0.00272176,1.66883,61,0,24,24,27,0,-2,0,0,2,40,4116,4205,10,172,35,711,38622,38487,105,2,41,98,41160,0,0,0,0,1,104,0,0,18,4212,0,0,0,0,0,0,0,0,130,-61,0,0,13
2531.36,0,0,0,0,9,1236,1.65501,0.00273166,1.66881,61,0,24,24,27,0,-2,0,0,2,40,4130,4205,10,171,35,711,38622,38487,105,2,41,98,41300,0,0,0,0,1,0,25,35,11,4228,0,0,0,0,0,0,0,0,130,-48,0,0,13
2531.37,0,0,0,0,9,1250,1.65508,0.00274156,1.6688,61,0,24,24,27,0,-2,0,0,2,40,4130,4205,10,171,35,711,38622,38487,105,2,41,98,41300,0,0,0,0,1,65,0,0,12,4212,0,0,0,0,0,0,0,0,130,-42,0,0,13
2531.38,0,0,0,0,9,1382,1.65515,0.00275146,1.66878,61,0,24,24,27,0,-2,0,0,2,40,4168,4205,-4,171,35,711,38622,38487,105,2,41,98,-16672,0,0,0,0,1,0,91,49,8,4225,0,0,0,0,0,0,0,0,130,-51,0,0,13
2531.39,0,0,0,0,9,1382,1.65522,0.00276137,1.66877,61,0,24,24,27,0,-2,0,0,2,40,4168,4205,24,171,35,711,38622,38487,105,2,41,98,100032,0,0,0,0,1,0,91,49,8,4225,0,0,0,0,0,0,0,0,130,-64,0,0,13
2531.4,0,0,0,0,9,1568,1.65529,0.00277127,1.66875,61,0,24,24,26,0,-2,0,0,2,40,4168,4205,68,171,35,711,38621,38490,106,2,68,98,283424,0,0,0,0,1,0,120,0,15,4208,0,0,0,0,0,0,0,0,130,-64,0,0,13
2531.41,0,0,0,0,9,1628,1.65518,0.00277976,1.66886,61,0,24,24,26,0,-2,0,0,1.9,40,4168,4205,68,171,35,711,38621,38490,106,2,68,98,283424,0,0,0,0,1,112,0,0,27,4208,0,0,0,0,0,0,0,0,130,-63,0,0,13
2531.42,0,0,0,0,9,1635,1.65507,0.00278826,1.66897,61,0,24,24,26,0,-2,0,0,1.8,40,4162,4205,228,171,35,711,38621,38490,106,2,68,98,948936,0,0,0,0,1,0,0,209,41,4214,0,0,0,0,0,0,0,0,130,-88,0,0,13
2531.43,0,0,0,0,9,1622,1.65496,0.00279676,1.66908,61,0,24,24,26,0,-2,0,0,1.7,40,4162,4205,202,171,35,711,38621,38490,106,2,68,98,840724,0,0,0,0,1,0,412,0,90,4190,0,0,0,0,0,0,0,0,130,-248,0,0,13
2531.44,0,0,0,0,9,1506,1.65485,0.00280525,1.66919,61,0,24,24,26,0,-2,0,0,1.6,40,4106,4205,97,171,35,711,38621,38490,106,2,68,98,398282,0,0,0,0,1,0,621,0,125,4188,0,0,0,0,0,0,0,0,130,-362,0,0,13
2531.45,0,0,0,0,9,1506,1.65475,0.00281375,1.6693,61,0,24,24,26,0,-2,0,0,1.5,40,4106,4205,97,171,35,711,38621,38490,106,2,68,98,398282,0,0,0,0,1,0,621,0,125,4188,0,0,0,0,0,0,0,0,130,-195,0,0,13
2531.46,0,0,0,0,9,1360,1.65464,0.00282225,1.66941,61,0,24,24,26,0,-2,0,0,1.4,40,4143,4205,10,171,35,711,38621,38490,106,2,68,98,41430,0,0,0,0,1,0,0,299,68,4216,0,0,0,0,0,0,0,0,130,-195,0,0,13
2531.47,0,0,0,0,9,1292,1.65453,0.00283074,1.66952,61,0,24,24,26,0,-2,0,0,1.3,40,4143,4205,4,171,35,711,38621,38490,106,2,68,98,16572,0,0,0,0,1,81,0,0,16,4219,0,0,0,0,0,0,0,0,130,-58,0,0,13
2531.48,0,0,0,0,9,1295,1.65442,0.00283924,1.66963,61,0,24,24,26,0,-2,0,0,1.2,40,4143,4217,-17,171,35,711,38621,38490,106,2,68,98,-70431,0,0,0,0,1,0,58,39,13,4223,0,0,0,0,0,0,0,0,130,-52,0,0,13
2531.49,0,0,0,0,9,1312,1.65431,0.00284774,1.66974,61,0,24,24,26,0,-2,0,0,1.1,40,4143,4217,-17,171,35,711,38621,38490,106,2,68,98,-70431,0,0,0,0,1,49,0,41,17,4216,0,0,0,0,0,0,0,0,130,-56,0,0,13
2531.5,0,0,0,0,9,1405,1.6542,0.00285623,1.66985,61,0,24,24,26,0,-2,0,0,1,40,4170,4217,29,171,35,711,38643,38535,106,2,66,98,120930,0,0,0,0,1,52,50,0,16,4208,0,0,0,0,0,0,0,0,130,-48,0,0,13
2531.51,0,0,0,0,9,1405,1.65396,0.00288497,1.66958,61,0,24,24,26,0,-2,0,0,1,40,4170,4217,58,171,35,711,38643,38535,106,2,66,98,241860,0,0,0,0,1,52,50,0,16,4208,0,0,0,0,0,0,0,0,130,-60,0,0,13
2531.52,0,0,0,0,9,1560,1.65371,0.00291372,1.66932,61,0,24,24,26,0,-2,0,0,1,40,4164,4217,118,171,35,711,38643,38535,106,2,66,98,491352,0,0,0,0,1,120,0,0,21,4212,0,0,0,0,0,0,0,0,130,-60,0,0,13
2531.53,0,0,0,0,9,1622,1.65347,0.00294246,1.66905,61,0,24,24,26,0,-2,0,0,1,40,4164,4217,118,171,35,711,38643,38535,106,2,66,98,491352,0,0,0,0,1,0,0,158,28,4216,0,0,0,0,0,0,0,0,130,-63,0,0,13
2531.54,0,0,0,0,9,1638,1.65322,0.0029712,1.66879,61,0,24,24,26,0,-2,0,0,1,40,4125,4217,66,171,35,711,38643,38535,106,2,66,98,272250,0,0,0,0,1,0,187,0,51,4212,0,0,0,0,0,0,0,0,130,-122,0,0,13
2531.55,0,0,0,0,9,1645,1.65298,0.00299995,1.66852,61,0,24,24,26,0,-2,0,0,1,40,4125,4217,14,171,35,711,38643,38535,106,2,66,98,57750,0,0,0,0,1,227,60,0,70,4199,0,0,0,0,0,0,0,0,130,-177,0,0,13
2531.56,0,0,0,0,9,1571,1.65273,0.00302869,1.66826,61,0,24,24,26,0,-2,0,0,1,40,4125,4208,11,171,35,711,38643,38535,106,2,66,98,45375,0,0,0,0,1,544,0,0,129,4171,0,0,0,0,0,0,0,0,130,-327,0,0,13
2531.57,0,0,0,0,9,1571,1.65249,0.00305743,1.66799,61,0,24,24,26,0,-2,0,0,1,40,4125,4208,11,171,35,711,38643,38535,106,2,66,98,45375,0,0,0,0,1,544,0,0,129,4171,0,0,0,0,0,0,0,0,130,-275,0,0,13
2531.58,0,0,0,0,9,1440,1.65224,0.00308617,1.66772,61,0,24,24,26,0,-2,0,0,1,40,4167,4208,-1,171,35,711,38643,38535,106,2,66,98,-4167,0,0,0,0,1,444,0,0,98,4184,0,0,0,0,0,0,0,0,130,-275,0,0,13
2531.59,0,0,0,0,9,1350,1.652,0.00311492,1.66746,61,0,24,24,26,0,-2,0,0,1,40,4167,4208,-6,171,35,711,38643,38535,106,2,66,98,-25002,0,0,0,0,1,0,131,0,26,4221,0,0,0,0,0,0,0,0,130,-73,0,0,13
2531.6,0,0,0,0,9,1338,1.65175,0.00314366,1.66719,61,0,24,24,26,0,-2,0,0,1,40,4169,4208,13,171,35,711,38613,38473,106,2,75,98,54197,0,0,0,0,1,0,0,117,16,4223,0,0,0,0,0,0,0,0,130,-46,0,0,13
2531.61,0,0,0,0,9,1349,1.65282,0.00312207,1.6675,61,0,24,24,26,0,-2,0,0,1.1,40,4169,4208,13,171,35,711,38613,38473,106,2,75,98,54197,0,0,0,0,1,106,0,0,19,4214,0,0,0,0,0,0,0,0,130,-59,0,0,13
2531.62,0,0,0,0,9,1380,1.65389,0.00310048,1.6678,61,0,24,24,26,0,-2,0,0,1.2,40,4166,4208,50,171,35,711,38613,38473,106,2,75,98,208300,0,0,0,0,1,0,97,0,19,4210,0,0,0,0,0,0,0,0,130,-68,0,0,13
2531.63,0,0,0,0,9,1380,1.65496,0.00307889,1.6681,61,0,24,24,26,0,-2,0,0,1.3,40,4166,4199,108,171,35,711,38613,38473,106,2,75,98,449928,0,0,0,0,1,0,97,0,19,4210,0,0,0,0,0,0,0,0,130,-58,0,0,13
2531.64,0,0,0,0,9,1493,1.65603,0.00305729,1.6684,61,0,24,24,26,0,-2,0,0,1.4,40,4166,4199,138,171,35,711,38613,38473,106,2,75,98,574908,0,0,0,0,1,0,117,0,21,4221,0,0,0,0,0,0,0,0,130,-58,0,0,13
2531.65,0,0,0,0,9,1606,1.6571,0.0030357,1.66871,61,0,24,24,26,0,-2,0,0,1.5,40,4166,4199,138,171,35,711,38613,38473,106,2,75,98,574908,0,0,0,0,1,124,0,0,29,4210,0,0,0,0,0,0,0,0,130,-77,0,0,13
2531.66,0,0,0,0,9,1638,1.65817,0.00301411,1.66901,61,0,24,24,26,0,-2,0,0,1.6,40,4128,4199,14,171,35,711,38613,38473,106,2,75,98,57792,0,0,0,0,1,13,0,161,46,4208,0,0,0,0,0,0,0,0,130,-103,0,0,13
2531.67,0,0,0,0,9,1661,1.65924,0.00299252,1.66931,61,0,24,24,26,0,-2,0,0,1.7,40,4128,4199,14,171,35,711,38613,38473,106,2,75,98,57792,0,0,0,0,1,0,158,55,49,4208,0,0,0,0,0,0,0,0,130,-114,0,0,13
2531.68,0,0,0,0,9,1669,1.66031,0.00297093,1.66962,61,0,24,24,26,0,-2,0,0,1.8,40,4163,4199,14,171,35,711,38613,38473,106,2,75,98,58282,0,0,0,0,1,301,32,0,82,4180,0,0,0,0,0,0,0,0,130,-216,0,0,13
2531.69,0,0,0,0,9,1669,1.66138,0.00294934,1.66992,61,0,24,24,26,0,-2,0,0,1.9,40,4163,4199,14,171,35,711,38613,38473,106,2,75,98,58282,0,0,0,0,1,301,32,0,82,4180,0,0,0,0,0,0,0,0,130,-338,0,0,13
2531.7,0,0,0,0,9,1586,1.66246,0.00292774,1.67022,61,0,24,24,27,0,-2,0,0,2,40,4166,4199,7,171,35,711,38585,38407,105,2,65,98,29162,0,0,0,0,1,464,0,71,133,4169,0,0,0,0,0,0,0,0,130,-338,0,0,13
2531.71,0,0,0,0,9,1449,1.66175,0.00291172,1.66996,61,0,24,24,27,0,-2,0,0,2,40,4166,4199,20,171,35,711,38585,38407,105,2,65,98,83320,0,0,0,0,1,405,0,0,92,4184,0,0,0,0,0,0,0,0,130,-235,0,0,13
2531.72,0,0,0,0,9,1377,1.66105,0.0028957,1.66969,61,0,24,24,27,0,-2,0,0,2,40,4166,4199,25,171,35,711,38585,38407,105,2,65,98,104150,0,0,0,0,1,20,91,0,21,4221,0,0,0,0,0,0,0,0,130,-69,0,0,13
2531.73,0,0,0,0,9,1374,1.66034,0.00287968,1.66943,61,0,24,24,27,0,-2,0,0,2,40,4166,4199,25,171,35,711,38585,38407,105,2,65,98,104150,0,0,0,0,1,0,46,43,18,4221,0,0,0,0,0,0,0,0,130,-62,0,0,13
2531.74,0,0,0,0,9,1380,1.65964,0.00286365,1.66917,61,0,24,24,27,0,-2,0,0,2,40,4163,4199,85,171,35,711,38585,38407,105,2,65,98,353855,0,0,0,0,1,2,0,96,18,4216,0,0,0,0,0,0,0,0,130,-44,0,0,13
2531.75,0,0,0,0,9,1380,1.65893,0.00284763,1.6689,61,0,24,24,27,0,-2,0,0,2,40,4163,4199,123,171,35,711,38585,38407,105,2,65,98,512049,0,0,0,0,1,2,0,96,18,4216,0,0,0,0,0,0,0,0,130,-62,0,0,13
2531.76,0,0,0,0,9,1427,1.65823,0.00283161,1.66864,61,0,24,24,27,0,-2,0,0,2,40,4152,4199,119,171,35,711,38585,38407,105,2,65,98,494088,0,0,0,0,1,122,0,0,21,4216,0,0,0,0,0,0,0,0,130,-62,0,0,13
2531.77,0,0,0,0,9,1549,1.65752,0.00281558,1.66837,61,0,24,24,27,0,-2,0,0,2,40,4152,4199,119,171,35,711,38585,38407,105,2,65,98,494088,0,0,0,0,1,145,0,0,23,4223,0,0,0,0,0,0,0,0,130,-70,0,0,13
2531.78,0,0,0,0,9,1647,1.65682,0.00279956,1.66811,61,0,24,24,27,0,-2,0,0,2,40,4130,4199,16,171,35,711,38585,38407,105,2,65,98,66080,0,0,0,0,1,0,17,76,30,4216,0,0,0,0,0,0,0,0,130,-86,0,0,13
2531.79,0,0,0,0,9,1672,1.65611,0.00278354,1.66785,61,0,24,24,27,0,-2,0,0,2,40,4130,4199,16,171,35,711,38585,38407,105,2,65,98,66080,0,0,0,0,1,77,128,0,49,4202,0,0,0,0,0,0,0,0,130,-126,0,0,13
2531.8,0,0,0,0,9,1696,1.65541,0.00276751,1.66758,61,0,24,24,27,0,-2,0,0,2,40,4130,4199,17,171,35,711,38301,37823,105,2,39,98,70210,0,0,0,0,1,67,0,145,53,4204,0,0,0,0,0,0,0,0,130,-110,0,0,13
2531.81,0,0,0,0,9,1696,1.65504,0.00277629,1.66762,61,0,24,24,27,0,-2,0,0,2,40,4130,4199,17,171,35,711,38301,37823,105,2,39,98,70210,0,0,0,0,1,67,0,145,53,4204,0,0,0,0,0,0,0,0,130,-251,0,0,13
2531.82,0,0,0,0,9,1695,1.65466,0.00278507,1.66765,61,0,24,24,27,0,-2,0,0,2,40,4165,4199,17,171,35,711,38301,37823,105,2,39,98,70805,0,0,0,0,1,0,412,0,96,4187,0,0,0,0,0,0,0,0,130,-251,0,0,13
2531.83,0,0,0,0,9,1594,1.65428,0.00279385,1.66768,61,0,24,24,27,0,-2,0,0,2,40,4165,4199,25,171,35,711,38301,37823,105,2,39,98,104125,0,0,0,0,1,274,343,0,134,4173,0,0,0,0,0,0,0,0,130,-362,0,0,13
2531.84,0,0,0,0,9,1465,1.65391,0.00280263,1.66772,61,0,24,24,27,0,-2,0,0,2,40,4165,4199,27,171,35,711,38301,37823,105,2,39,98,112455,0,0,0,0,1,69,257,0,77,4210,0,0,0,0,0,0,0,0,130,-200,0,0,13
2531.85,0,0,0,0,9,1406,1.65353,0.00281141,1.66775,61,0,24,24,27,0,-2,0,0,2,40,4165,4199,27,171,35,711,38301,37823,105,2,39,98,112455,0,0,0,0,1,0,97,18,19,4223,0,0,0,0,0,0,0,0,130,-58,0,0,13
2531.86,0,0,0,0,9,1406,1.65316,0.00282019,1.66778,61,0,24,24,27,0,-2,0,0,2,40,4161,4199,64,171,35,711,38301,37823,105,2,39,98,266304,0,0,0,0,1,0,0,98,19,4223,0,0,0,0,0,0,0,0,130,-64,0,0,13
2531.87,0,0,0,0,9,1406,1.65278,0.00282897,1.66782,61,0,24,24,27,0,-2,0,0,2,40,4161,4199,102,171,35,711,38301,37823,105,2,39,98,424422,0,0,0,0,1,0,0,98,19,4223,0,0,0,0,0,0,0,0,130,-47,0,0,13
2531.88,0,0,0,0,9,1415,1.65241,0.00283774,1.66785,61,0,24,24,27,0,-2,0,0,2,40,4161,4188,122,171,35,711,38301,37823,105,2,39,98,507642,0,0,0,0,1,48,0,73,20,4212,0,0,0,0,0,0,0,0,130,-47,0,0,13
2531.89,0,0,0,0,9,1469,1.65203,0.00284652,1.66788,61,0,24,24,27,0,-2,0,0,2,40,4161,4188,122,171,35,711,38301,37823,105,2,39,98,507642,0,0,0,0,1,128,0,0,23,4206,0,0,0,0,0,0,0,0,130,-66,0,0,13
2531.9,0,0,0,0,9,1600,1.65166,0.0028553,1.66792,61,0,24,24,26,0,-2,0,0,2,40,4128,4188,19,171,35,711,38289,37802,106,2,65,98,78432,0,0,0,0,1,14,0,143,22,4219,0,0,0,0,0,0,0,0,130,-66,0,0,13
2531.91,0,0,0,0,9,1688,1.65188,0.00289494,1.66798,61,0,24,24,26,0,-2,0,0,2,40,4128,4188,18,171,35,711,38289,37802,106,2,65,98,74304,0,0,0,0,1,0,140,0,32,4216,0,0,0,0,0,0,0,0,130,-82,0,0,13
2531.92,0,0,0,0,9,1710,1.6521,0.00293457,1.66804,61,0,24,24,26,0,-2,0,0,2,40,4159,4188,18,171,35,711,38289,37802,106,2,65,98,74862,0,0,0,0,1,175,0,32,52,4202,0,0,0,0,0,0,0,0,130,-118,0,0,13
2531.93,0,0,0,0,9,1710,1.65232,0.00297421,1.6681,61,0,24,24,26,0,-2,0,0,2,40,4159,4188,18,171,35,711,38289,37802,106,2,65,98,74862,0,0,0,0,1,175,0,32,52,4202,0,0,0,0,0,0,0,0,130,-129,0,0,13
2531.94,0,0,0,0,9,1733,1.65253,0.00301384,1.66817,61,0,24,24,26,0,-2,0,0,2,40,4165,4188,21,171,35,711,38289,37802,106,2,65,98,87465,0,0,0,0,1,0,202,39,55,4206,0,0,0,0,0,0,0,0,130,-129,0,0,13
2531.95,0,0,0,0,9,1715,1.65275,0.00305348,1.66823,61,0,24,24,26,0,-2,0,0,2,40,4165,4178,22,171,35,711,38289,37802,106,2,65,98,91630,0,0,0,0,1,470,0,0,109,4176,0,0,0,0,0,0,0,0,130,-275,0,0,13
2531.96,0,0,0,0,9,1603,1.65297,0.00309311,1.66829,61,0,24,24,26,0,-2,0,0,2,40,4165,4178,27,171,35,711,38289,37802,106,2,65,98,112455,0,0,0,0,1,0,0,525,134,4178,0,0,0,0,0,0,0,0,130,-333,0,0,13
2531.97,0,0,0,0,9,1475,1.65319,0.00313274,1.66835,61,0,24,24,26,0,-2,0,0,2,40,4165,4178,27,171,35,711,38289,37802,106,2,65,98,112455,0,0,0,0,1,28,0,231,65,4202,0,0,0,0,0,0,0,0,130,-136,0,0,13
2531.98,0,0,0,0,9,1429,1.65341,0.00317238,1.66841,61,0,24,24,26,0,-2,0,0,2,40,4163,4178,47,171,35,711,38289,37802,106,2,65,98,195661,0,0,0,0,1,104,0,0,21,4212,0,0,0,0,0,0,0,0,130,-57,0,0,13
2531.99,0,0,0,0,9,1429,1.65363,0.00321201,1.66848,61,0,24,24,26,0,-2,0,0,2,40,4163,4178,59,171,35,711,38289,37802,106,2,65,98,245617,0,0,0,0,1,104,0,0,21,4212,0,0,0,0,0,0,0,0,130,-63,0,0,13
2532,0,0,0,0,9,1434,1.65385,0.00325165,1.66854,61,0,24,24,27,0,-2,0,0,2,40,4163,4178,95,171,35,711,38590,38419,106,2,75,98,395485,0,0,0,0,1,71,5,0,20,4214,0,0,0,0,0,0,0,0,130,-63,0,0,13
2532.01,0,0,0,0,9,1451,1.65457,0.0032615,1.66887,61,0,24,24,27,0,-2,0,0,2,40,4163,4178,95,171,35,711,38590,38419,106,2,75,98,395485,0,0,0,0,1,60,73,0,21,4208,0,0,0,0,0,0,0,0,130,-79,0,0,13
2532.02,0,0,0,0,9,1529,1.65529,0.00327135,1.66921,61,0,24,24,27,0,-2,0,0,2,40,4154,4182,57,171,35,711,38590,38419,106,2,75,98,236778,0,0,0,0,1,14,111,0,24,4208,0,0,0,0,0,0,0,0,130,-69,0,0,13
2532.03,0,0,0,0,9,1662,1.65601,0.00328121,1.66954,61,0,24,24,27,0,-2,0,0,2,40,4154,4182,22,171,35,711,38590,38419,106,2,75,98,91388,0,0,0,0,1,130,0,0,27,4202,0,0,0,0,0,0,0,0,130,-77,0,0,13
2532.04,0,0,0,0,9,1724,1.65673,0.00329106,1.66988,61,0,24,24,27,0,-2,0,0,2,40,4133,4182,19,171,35,711,38590,38419,106,2,75,98,78527,0,0,0,0,1,0,160,0,32,4219,0,0,0,0,0,0,0,0,130,-88,0,0,13
2532.05,0,0,0,0,9,1724,1.65745,0.00330091,1.67021,61,0,24,24,27,0,-2,0,0,2,40,4133,4182,19,171,35,711,38590,38419,106,2,75,98,78527,0,0,0,0,1,0,160,0,32,4219,0,0,0,0,0,0,0,0,130,-110,0,0,13
2532.06,0,0,0,0,9,1741,1.65817,0.00331077,1.67055,61,0,24,24,27,0,-2,0,0,2,40,4164,4182,20,171,35,711,38590,38419,106,2,75,98,83280,0,0,0,0,1,165,0,41,53,4193,0,0,0,0,0,0,0,0,130,-110,0,0,13
2532.07,0,0,0,0,9,1765,1.65889,0.00332062,1.67088,61,0,24,24,27,0,-2,0,0,2,40,4164,4182,22,171,35,711,38590,38419,106,2,75,98,91608,0,0,0,0,1,0,271,0,65,4204,0,0,0,0,0,0,0,0,130,-149,0,0,13
2532.08,0,0,0,0,9,1723,1.65961,0.00333047,1.67122,61,0,24,24,27,0,-2,0,0,2,40,4164,4182,22,171,35,711,38590,38419,106,2,75,98,91608,0,0,0,0,1,405,0,98,125,4167,0,0,0,0,0,0,0,0,130,-306,0,0,13
2532.09,0,0,0,0,9,1596,1.66033,0.00334032,1.67155,61,0,24,24,27,0,-2,0,0,2,40,4164,4182,22,171,35,711,38590,38419,106,2,75,98,91608,0,0,0,0,1,0,0,545,123,4180,0,0,0,0,0,0,0,0,130,-295,0,0,13
2532.1,0,0,0,0,9,1495,1.66105,0.00335018,1.67189,61,0,24,24,26,0,-2,0,0,2,40,4164,4182,46,171,35,711,38595,38437,106,2,65,98,191544,0,0,0,0,1,0,0,176,43,4216,0,0,0,0,0,0,0,0,130,-98,0,0,13
2532.11,0,0,0,0,9,1495,1.66063,0.0033029,1.6715,61,0,24,24,26,0,-2,0,0,1.9,40,4164,4182,46,171,35,711,38595,38437,106,2,65,98,191544,0,0,0,0,1,0,0,176,43,4216,0,0,0,0,0,0,0,0,130,-44,0,0,13
2532.12,0,0,0,0,9,1470,1.66021,0.00325563,1.67112,61,0,24,24,26,0,-2,0,0,1.8,40,4164,4182,54,171,35,711,38595,38437,106,2,65,98,224856,0,0,0,0,1,13,0,84,20,4221,0,0,0,0,0,0,0,0,130,-44,0,0,13
2532.13,0,0,0,0,9,1479,1.65979,0.00320836,1.67073,61,0,24,24,26,0,-2,0,0,1.7,40,4164,4182,54,171,35,711,38595,38437,106,2,65,98,224856,0,0,0,0,1,20,0,71,21,4223,0,0,0,0,0,0,0,0,130,-59,0,0,13
2532.14,0,0,0,0,9,1492,1.65937,0.00316109,1.67035,61,0,24,24,26,0,-2,0,0,1.6,40,4154,4182,122,171,35,711,38595,38437,106,2,65,98,506788,0,0,0,0,1,69,0,84,22,4214,0,0,0,0,0,0,0,0,130,-44,0,0,13
2532.15,0,0,0,0,9,1575,1.65895,0.00311382,1.66996,61,0,24,24,26,0,-2,0,0,1.5,40,4135,4182,77,171,35,711,38595,38437,106,2,65,98,318395,0,0,0,0,1,0,0,115,25,4221,0,0,0,0,0,0,0,0,130,-75,0,0,13
2532.16,0,0,0,0,9,1692,1.65853,0.00306654,1.66958,61,0,24,24,26,0,-2,0,0,1.4,40,4135,4182,28,171,35,711,38595,38437,106,2,65,98,115780,0,0,0,0,1,0,136,0,27,4225,0,0,0,0,0,0,0,0,130,-76,0,0,13
2532.17,0,0,0,0,8,1692,1.65811,0.00301927,1.66919,61,0,24,24,26,0,-2,0,0,1.3,40,4135,4182,28,171,35,711,38595,38437,106,2,65,98,115780,0,0,0,0,1,0,136,0,27,4225,0,0,0,0,0,0,0,0,130,-79,0,0,12
2532.18,0,0,0,0,8,1745,1.65769,0.002972,1.66881,61,0,24,24,26,0,-2,0,0,1.2,40,4147,4182,20,171,35,711,38595,38437,106,2,65,98,82940,0,0,0,0,1,63,0,104,38,4210,0,0,0,0,0,0,0,0,130,-79,0,0,12
2532.19,0,0,0,0,8,1767,1.65727,0.00292473,1.66842,61,0,24,24,26,0,-2,0,0,1.1,40,4147,4182,21,171,35,711,38595,38437,106,2,65,98,87087,0,0,0,0,1,0,187,0,52,4216,0,0,0,0,0,0,0,0,120,-118,0,0,12
2532.2,0,0,0,0,8,1787,1.65685,0.00287746,1.66804,61,0,24,24,26,0,-2,0,0,1,40,4147,4182,22,171,35,711,38445,38123,106,2,65,98,91234,0,0,0,0,1,0,0,250,60,4210,0,0,0,0,0,0,0,0,120,-145,0,0,12
2532.21,0,0,0,0,9,1753,1.65601,0.00285149,1.66806,61,0,24,24,26,0,-2,0,0,1,40,4147,4182,22,171,35,711,38445,38123,106,2,65,98,91234,0,0,0,0,1,196,289,0,113,4173,0,0,0,0,0,0,0,0,120,-290,0,0,13
2532.22,0,0,0,0,8,1637,1.65516,0.00282552,1.66808,61,0,24,24,26,0,-2,0,0,1,40,4164,4182,29,171,35,711,38445,38123,106,2,65,98,120756,0,0,0,0,1,348,0,147,127,4171,0,0,0,0,0,0,0,0,130,-291,0,0,12
2532.23,0,0,0,0,9,1637,1.65432,0.00279955,1.6681,61,0,24,24,26,0,-2,0,0,1,40,4164,4182,44,171,35,711,38445,38123,106,2,65,98,183216,0,0,0,0,1,348,0,147,127,4171,0,0,0,0,0,0,0,0,120,-111,0,0,13
2532.24,0,0,0,0,9,1532,1.65348,0.00277358,1.66813,61,0,24,24,26,0,-2,0,0,1,40,4164,4182,50,171,35,711,38445,38123,106,2,65,98,208200,0,0,0,0,1,52,0,172,50,4212,0,0,0,0,0,0,0,0,120,-111,0,0,13
2532.25,0,0,0,0,9,1502,1.65263,0.00274761,1.66815,61,0,24,24,26,0,-2,0,0,1,40,4164,4182,50,171,35,711,38445,38123,106,2,65,98,208200,0,0,0,0,1,63,0,73,21,4212,0,0,0,0,0,0,0,0,130,-55,0,0,13
2532.26,0,0,0,0,8,1512,1.65179,0.00272164,1.66817,61,0,24,24,26,0,-2,0,0,1,40,4155,4182,117,171,35,711,38445,38123,106,2,65,98,486135,0,0,0,0,1,38,0,71,22,4223,0,0,0,0,0,0,0,0,130,-57,0,0,12
2532.27,0,0,0,0,8,1524,1.65095,0.00269567,1.66819,61,0,24,24,26,0,-2,0,0,1,40,4155,4184,130,171,35,711,38445,38123,106,2,65,98,540150,0,0,0,0,1,14,0,112,23,4221,0,0,0,0,0,0,0,0,120,-36,0,0,12
2532.28,0,0,0,0,8,1585,1.65011,0.0026697,1.66821,61,0,24,24,26,0,-2,0,0,1,40,4155,4184,92,171,35,711,38445,38123,106,2,65,98,382260,0,0,0,0,1,0,0,131,26,4228,0,0,0,0,0,0,0,0,120,-76,0,0,12
2532.29,0,0,0,0,8,1585,1.64926,0.00264373,1.66824,61,0,24,24,26,0,-2,0,0,1,40,4155,4184,92,171,35,711,38445,38123,106,2,65,98,382260,0,0,0,0,1,0,0,131,26,4228,0,0,0,0,0,0,0,0,120,-90,0,0,12
2532.3,0,0,0,0,8,1698,1.64842,0.00261776,1.66826,61,0,24,24,26,0,-2,0,0,1,40,4125,4184,20,171,35,711,38257,37739,106,2,68,98,82500,0,0,0,0,1,0,160,0,27,4210,0,0,0,0,0,0,0,0,120,-90,0,0,12
2532.31,0,0,0,0,8,1762,1.64923,0.00266295,1.6685,61,0,24,24,26,0,-2,0,0,1,40,4159,4184,20,171,35,711,38257,37739,106,2,68,98,83180,0,0,0,0,1,0,0,158,32,4219,0,0,0,0,0,0,0,0,120,-69,0,0,12
2532.32,0,0,0,0,7,1780,1.65004,0.00270813,1.66874,61,0,24,24,26,0,-2,0,0,1,40,4159,4184,21,171,35,711,38257,37739,106,2,68,98,87339,0,0,0,0,1,136,35,0,50,4190,0,0,0,0,0,0,0,0,120,-117,0,0,10
2532.33,0,0,0,0,7,1801,1.65085,0.00275331,1.66897,61,0,24,24,26,0,-2,0,0,1,40,4159,4184,21,171,35,711,38257,37739,106,2,68,98,87339,0,0,0,0,1,0,90,104,52,4208,0,0,0,0,0,0,0,0,100,-120,0,0,10
2532.34,0,0,0,0,7,1799,1.65166,0.00279849,1.66921,61,0,24,24,26,0,-2,0,0,1,40,4164,4184,24,171,35,711,38257,37739,106,2,68,98,99936,0,0,0,0,1,95,0,161,68,4193,0,0,0,0,0,0,0,0,100,-137,0,0,10
2532.35,0,0,0,0,7,1728,1.65247,0.00284367,1.66945,61,0,24,24,26,0,-2,0,0,1,40,4164,4184,29,171,35,711,38257,37739,106,2,68,98,120756,0,0,0,0,1,0,453,0,116,4187,0,0,0,0,0,0,0,0,100,-268,0,0,10
2532.36,0,0,0,0,7,1614,1.65328,0.00288886,1.66969,61,0,24,24,26,0,-2,0,0,1,40,4164,4184,41,171,35,711,38257,37739,106,2,68,98,170724,0,0,0,0,1,301,21,0,84,4188,0,0,0,0,0,0,0,0,100,-209,0,0,10
2532.37,0,0,0,0,7,1614,1.65408,0.00293404,1.66993,61,0,24,24,26,0,-2,0,0,1,40,4164,4184,41,171,35,711,38257,37739,106,2,68,98,170724,0,0,0,0,1,301,21,0,84,4188,0,0,0,0,0,0,0,0,100,-209,0,0,10
2532.38,0,0,0,0,7,1545,1.65489,0.00297922,1.67017,61,0,24,24,26,0,-2,0,0,1,40,4162,4184,67,171,35,711,38257,37739,106,2,68,98,278854,0,0,0,0,1,139,0,0,27,4206,0,0,0,0,0,0,0,0,100,-82,0,0,10
2532.39,0,0,0,0,7,1542,1.6557,0.0030244,1.67041,61,0,24,24,26,0,-2,0,0,1,40,4154,4184,116,171,35,711,38257,37739,106,2,68,98,481864,0,0,0,0,1,114,0,0,23,4206,0,0,0,0,0,0,0,0,100,-62,0,0,10
2532.4,0,0,0,0,7,1551,1.65651,0.00306958,1.67065,61,0,24,24,27,0,-2,0,0,1,40,4154,4184,130,171,35,711,38508,38261,106,2,68,98,540020,0,0,0,0,1,65,0,38,22,4212,0,0,0,0,0,0,0,0,100,-63,0,0,10
2532.41,0,0,0,0,7,1569,1.65657,0.00302358,1.67054,61,0,24,24,27,0,-2,0,0,1,40,4154,4184,130,171,35,711,38508,38261,106,2,68,98,540020,0,0,0,0,1,0,0,100,24,4214,0,0,0,0,0,0,0,0,100,-71,0,0,10
2532.42,0,0,0,0,7,1629,1.65663,0.00297757,1.67043,61,0,24,24,27,0,-2,0,0,1,40,4126,4184,22,171,35,711,38508,38261,106,2,68,98,90772,0,0,0,0,1,0,38,104,21,4221,0,0,0,0,0,0,0,0,100,-56,0,0,10
2532.43,0,0,0,0,7,1629,1.65669,0.00293156,1.67032,61,0,24,24,27,0,-2,0,0,1,40,4126,4191,21,171,35,711,38508,38261,106,2,68,98,86646,0,0,0,0,1,0,38,104,21,4221,0,0,0,0,0,0,0,0,100,-56,0,0,10
2532.44,0,0,0,0,7,1720,1.65675,0.00288555,1.67021,61,0,24,24,27,0,-2,0,0,1,40,4126,4191,21,171,35,711,38508,38261,106,2,68,98,86646,0,0,0,0,1,118,25,0,27,4202,0,0,0,0,0,0,0,0,100,-81,0,0,10
2532.45,0,0,0,0,7,1766,1.65681,0.00283955,1.6701,61,0,24,24,27,0,-2,0,0,1,40,4126,4191,21,171,35,711,38508,38261,106,2,68,98,86646,0,0,0,0,1,0,60,55,30,4219,0,0,0,0,0,0,0,0,100,-79,0,0,10
2532.46,0,0,0,0,7,1775,1.65687,0.00279354,1.66999,61,0,24,24,27,0,-2,0,0,1,40,4163,4191,24,171,35,711,38508,38261,106,2,68,98,99912,0,0,0,0,1,131,0,0,34,4206,0,0,0,0,0,0,0,0,100,-76,0,0,10
2532.47,0,0,0,0,7,1786,1.65692,0.00274753,1.66988,61,0,24,24,27,0,-2,0,0,1,40,4163,4191,24,171,35,711,38508,38261,106,2,68,98,99912,0,0,0,0,1,0,169,0,34,4214,0,0,0,0,0,0,0,0,100,-90,0,0,10
2532.48,0,0,0,0,7,1785,1.65698,0.00270152,1.66977,61,0,24,24,27,0,-2,0,0,1,40,4163,4191,30,171,35,711,38508,38261,106,2,68,98,124890,0,0,0,0,1,55,0,141,51,4204,0,0,0,0,0,0,0,0,100,-97,0,0,10
2532.49,0,0,0,0,7,1785,1.65704,0.00265552,1.66966,61,0,24,24,27,0,-2,0,0,1,40,4163,4191,30,171,35,711,38508,38261,106,2,68,98,124890,0,0,0,0,1,55,0,141,51,4204,0,0,0,0,0,0,0,0,100,-97,0,0,10
2532.5,0,0,0,0,7,1740,1.6571,0.00260951,1.66955,61,0,24,24,27,0,-2,0,0,1,40,4162,4191,47,171,35,711,38575,38387,106,2,65,98,195614,0,0,0,0,1,0,339,0,91,4202,0,0,0,0,0,0,0,0,100,-207,0,0,10
2532.51,0,0,0,0,7,1653,1.65716,0.00259642,1.66954,61,0,24,24,27,0,-2,0,0,1,40,4162,4191,54,171,35,711,38575,38387,106,2,65,98,224748,0,0,0,0,1,307,0,0,79,4190,0,0,0,0,0,0,0,0,100,-182,0,0,10
2532.52,0,0,0,0,7,1589,1.65722,0.00258332,1.66953,61,0,24,24,27,0,-2,0,0,1,40,4162,4191,86,171,35,711,38575,38387,106,2,65,98,357932,0,0,0,0,1,42,0,98,33,4208,0,0,0,0,0,0,0,0,100,-64,0,0,10
2532.53,0,0,0,0,7,1579,1.65728,0.00257023,1.66953,61,0,24,24,27,0,-2,0,0,1,40,4162,4191,86,171,35,711,38575,38387,106,2,65,98,357932,0,0,0,0,1,0,123,0,22,4228,0,0,0,0,0,0,0,0,100,-72,0,0,10
2532.54,0,0,0,0,7,1586,1.65734,0.00255714,1.66952,61,0,24,24,27,0,-2,0,0,1,40,4153,4191,78,171,35,711,38575,38387,106,2,65,98,323934,0,0,0,0,1,0,107,0,26,4221,0,0,0,0,0,0,0,0,100,-65,0,0,10
2532.55,0,0,0,0,7,1591,1.6574,0.00254404,1.66951,61,0,24,24,27,0,-2,0,0,1,40,4125,4191,29,171,35,711,38575,38387,106,2,65,98,119625,0,0,0,0,1,114,0,0,27,4214,0,0,0,0,0,0,0,0,100,-74,0,0,10
2532.56,0,0,0,0,7,1591,1.65746,0.00253095,1.66951,61,0,24,24,27,0,-2,0,0,1,40,4125,4191,21,171,35,711,38575,38387,106,2,65,98,86625,0,0,0,0,1,114,0,0,27,4214,0,0,0,0,0,0,0,0,100,-65,0,0,10
2532.57,0,0,0,0,7,1601,1.65751,0.00251786,1.6695,61,0,24,24,27,0,-2,0,0,1,40,4125,4191,21,171,35,711,38575,38387,106,2,65,98,86625,0,0,0,0,1,79,0,35,27,4206,0,0,0,0,0,0,0,0,100,-65,0,0,10
2532.58,0,0,0,0,7,1642,1.65757,0.00250476,1.66949,61,0,24,24,27,0,-2,0,0,1,40,4162,4191,23,171,35,711,38575,38387,106,2,65,98,95726,0,0,0,0,1,0,0,131,27,4219,0,0,0,0,0,0,0,0,100,-66,0,0,10
2532.59,0,0,0,0,7,1705,1.65763,0.00249167,1.66949,61,0,24,24,27,0,-2,0,0,1,40,4162,4191,24,171,35,711,38575,38387,106,2,65,98,99888,0,0,0,0,1,30,111,0,30,4208,0,0,0,0,0,0,0,0,100,-86,0,0,10
2532.6,0,0,0,0,7,1749,1.65769,0.00247858,1.66948,61,0,24,24,26,0,-2,0,0,1,40,4162,4191,25,171,35,711,38571,38389,106,2,65,98,104050,0,0,0,0,1,0,0,164,31,4219,0,0,0,0,0,0,0,0,100,-59,0,0,10
2532.61,0,0,0,0,7,1764,1.65746,0.00252617,1.66934,61,0,24,24,26,0,-2,0,0,1,40,4162,4191,25,171,35,711,38571,38389,106,2,65,98,104050,0,0,0,0,1,89,60,0,38,4204,0,0,0,0,0,0,0,0,100,-86,0,0,10
2532.62,0,0,0,0,7,1764,1.65723,0.00257376,1.6692,61,0,24,24,26,0,-2,0,0,1,40,4163,4191,33,171,35,711,38571,38389,106,2,65,98,137379,0,0,0,0,1,89,60,0,38,4204,0,0,0,0,0,0,0,0,100,-100,0,0,10
2532.63,0,0,0,0,7,1780,1.65701,0.00262135,1.66906,61,0,24,24,26,0,-2,0,0,1,40,4161,4191,45,171,35,711,38571,38389,106,2,65,98,187245,0,0,0,0,1,0,0,161,42,4206,0,0,0,0,0,0,0,0,100,-100,0,0,10
2532.64,0,0,0,0,7,1794,1.65678,0.00266895,1.66892,61,0,24,24,26,0,-2,0,0,1,40,4161,4191,46,171,35,711,38571,38389,106,2,65,98,191406,0,0,0,0,1,180,0,0,46,4195,0,0,0,0,0,0,0,0,100,-101,0,0,10
2532.65,0,0,0,0,7,1789,1.65655,0.00271654,1.66878,61,0,24,24,26,0,-2,0,0,1,40,4161,4191,46,171,35,711,38571,38389,106,2,65,98,191406,0,0,0,0,1,0,267,0,65,4202,0,0,0,0,0,0,0,0,100,-159,0,0,10
2532.66,0,0,0,0,7,1722,1.65632,0.00276413,1.66864,61,0,24,24,26,0,-2,0,0,1,40,4154,4191,105,171,35,711,38571,38389,106,2,65,98,436170,0,0,0,0,1,364,0,0,101,4180,0,0,0,0,0,0,0,0,100,-222,0,0,10
2532.67,0,0,0,0,7,1640,1.65609,0.00281172,1.6685,61,0,24,24,26,0,-2,0,0,1,40,4154,4191,101,171,35,711,38571,38389,106,2,65,98,419554,0,0,0,0,1,0,0,264,66,4199,0,0,0,0,0,0,0,0,100,-153,0,0,10
2532.68,0,0,0,0,7,1640,1.65586,0.00285931,1.66836,61,0,24,24,26,0,-2,0,0,1,40,4154,4191,63,171,35,711,38571,38389,106,2,65,98,261702,0,0,0,0,1,0,0,264,66,4199,0,0,0,0,0,0,0,0,100,-64,0,0,10
2532.69,0,0,0,0,7,1600,1.65563,0.0029069,1.66821,61,0,24,24,26,0,-2,0,0,1,40,4154,4191,63,171,35,711,38571,38389,106,2,65,98,261702,0,0,0,0,1,0,85,55,25,4223,0,0,0,0,0,0,0,0,100,-64,0,0,10
2532.7,0,0,0,0,7,1602,1.6554,0.0029545,1.66807,61,0,24,24,27,0,-2,0,0,1,40,4162,4191,22,171,35,711,38302,37837,105,2,68,98,91564,0,0,0,0,1,0,109,0,26,4219,0,0,0,0,0,0,0,0,100,-64,0,0,10
2532.71,0,0,0,0,7,1610,1.65508,0.00293179,1.66807,61,0,24,24,27,0,-2,0,0,1,40,4162,4191,22,171,35,711,38302,37837,105,2,68,98,91564,0,0,0,0,1,112,0,0,27,4204,0,0,0,0,0,0,0,0,100,-66,0,0,10
2532.72,0,0,0,0,7,1616,1.65476,0.00290908,1.66806,61,0,24,24,27,0,-2,0,0,1,40,4162,4191,22,171,35,711,38302,37837,105,2,68,98,91564,0,0,0,0,1,63,0,65,27,4212,0,0,0,0,0,0,0,0,100,-58,0,0,10
2532.73,0,0,0,0,7,1638,1.65443,0.00288637,1.66806,61,0,24,24,27,0,-2,0,0,1,40,4162,4191,22,171,35,711,38302,37837,105,2,68,98,91564,0,0,0,0,1,0,23,80,28,4223,0,0,0,0,0,0,0,0,100,-68,0,0,10
2532.74,0,0,0,0,7,1638,1.65411,0.00286366,1.66805,61,0,24,24,27,0,-2,0,0,1,40,4163,4191,22,171,35,711,38302,37837,105,2,68,98,91586,0,0,0,0,1,0,23,80,28,4223,0,0,0,0,0,0,0,0,100,-81,0,0,10
2532.75,0,0,0,0,7,1681,1.65378,0.00284095,1.66805,61,0,24,24,27,0,-2,0,0,1,40,4163,4191,27,171,35,711,38302,37837,105,2,68,98,112401,0,0,0,0,1,32,101,0,30,4212,0,0,0,0,0,0,0,0,100,-81,0,0,10
2532.76,0,0,0,0,7,1729,1.65346,0.00281824,1.66804,61,0,24,24,27,0,-2,0,0,1,40,4162,4191,27,171,35,711,38302,37837,105,2,68,98,112374,0,0,0,0,1,5,0,125,31,4223,0,0,0,0,0,0,0,0,100,-66,0,0,10
2532.77,0,0,0,0,7,1759,1.65314,0.00279554,1.66804,61,0,24,24,27,0,-2,0,0,1,40,4162,4191,27,171,35,711,38302,37837,105,2,68,98,112374,0,0,0,0,1,65,70,0,35,4208,0,0,0,0,0,0,0,0,100,-77,0,0,10
2532.78,0,0,0,0,7,1774,1.65281,0.00277283,1.66803,61,0,24,24,27,0,-2,0,0,1,40,4161,4191,33,171,35,711,38302,37837,105,2,68,98,137313,0,0,0,0,1,0,0,178,41,4212,0,0,0,0,0,0,0,0,100,-93,0,0,10
2532.79,0,0,0,0,7,1790,1.65249,0.00275012,1.66803,61,0,24,24,27,0,-2,0,0,1,40,4161,4191,38,171,35,711,38302,37837,105,2,68,98,158118,0,0,0,0,1,137,11,0,43,4197,0,0,0,0,0,0,0,0,100,-97,0,0,10
2532.8,0,0,0,0,7,1790,1.65216,0.00272741,1.66802,61,0,24,24,27,0,-2,0,0,1,40,4161,4191,52,171,35,711,38567,38382,105,2,68,98,216372,0,0,0,0,1,137,11,0,43,4197,0,0,0,0,0,0,0,0,100,-102,0,0,10
2532.81,0,0,0,0,7,1803,1.6525,0.00271262,1.66811,61,0,24,24,27,0,-2,0,0,1,40,4161,4191,52,171,35,711,38567,38382,105,2,68,98,216372,0,0,0,0,1,0,126,76,45,4204,0,0,0,0,0,0,0,0,100,-102,0,0,10
2532.82,0,0,0,0,7,1798,1.65284,0.00269783,1.66819,61,0,24,24,27,0,-2,0,0,1,40,4159,4183,65,171,35,711,38567,38382,105,2,68,98,270335,0,0,0,0,1,218,0,82,68,4184,0,0,0,0,0,0,0,0,100,-149,0,0,10
2532.83,0,0,0,0,7,1741,1.65317,0.00268304,1.66827,61,0,24,24,27,0,-2,0,0,1,40,4140,4183,35,171,35,711,38567,38382,105,2,68,98,144900,0,0,0,0,1,0,384,0,98,4187,0,0,0,0,0,0,0,0,100,-229,0,0,10
2532.84,0,0,0,0,6,1659,1.65351,0.00266825,1.66836,61,0,24,24,27,0,-2,0,0,1,40,4140,4183,24,171,35,711,38567,38382,105,2,68,98,99360,0,0,0,0,1,265,0,0,69,4199,0,0,0,0,0,0,0,0,100,-161,0,0,9
2532.85,0,0,0,0,7,1615,1.65384,0.00265346,1.66844,61,0,24,24,27,0,-2,0,0,1,40,4140,4183,24,171,35,711,38567,38382,105,2,68,98,99360,0,0,0,0,1,73,0,90,29,4214,0,0,0,0,0,0,0,0,90,-56,0,0,10
2532.86,0,0,0,0,6,1615,1.65418,0.00263868,1.66853,61,0,24,24,27,0,-2,0,0,1,40,4159,4183,24,171,35,711,38567,38382,105,2,68,98,99816,0,0,0,0,1,73,0,90,29,4214,0,0,0,0,0,0,0,0,100,-59,0,0,9
2532.87,0,0,0,0,6,1620,1.65452,0.00262389,1.66861,61,0,24,24,27,0,-2,0,0,1,40,4159,4183,25,171,35,711,38567,38382,105,2,68,98,103975,0,0,0,0,1,0,0,115,27,4219,0,0,0,0,0,0,0,0,100,-59,0,0,9
2532.88,0,0,0,0,6,1628,1.65485,0.0026091,1.6687,61,0,24,24,27,0,-2,0,0,1,40,4162,4183,25,171,35,711,38567,38382,105,2,68,98,104050,0,0,0,0,1,0,140,0,25,4225,0,0,0,0,0,0,0,0,90,-82,0,0,9
2532.89,0,0,0,0,6,1636,1.65519,0.00259431,1.66878,61,0,24,24,27,0,-2,0,0,1,40,4162,4183,25,171,35,711,38567,38382,105,2,68,98,104050,0,0,0,0,1,108,0,0,27,4206,0,0,0,0,0,0,0,0,90,-72,0,0,9
2532.9,0,0,0,0,6,1656,1.65552,0.00257952,1.66887,61,0,24,24,27,0,-2,0,0,1,40,4162,4183,28,171,35,711,38575,38397,106,2,75,98,116536,0,0,0,0,1,28,0,84,28,4225,0,0,0,0,0,0,0,0,90,-58,0,0,9
2532.91,0,0,0,0,6,1694,1.65549,0.00258067,1.66887,61,0,24,24,27,0,-2,0,0,1,40,4162,4183,29,171,35,711,38575,38397,106,2,75,98,120698,0,0,0,0,1,0,136,14,27,4219,0,0,0,0,0,0,0,0,90,-80,0,0,9
2532.92,0,0,0,0,6,1694,1.65545,0.00258181,1.66887,61,0,24,24,27,0,-2,0,0,1,40,4161,4183,31,171,35,711,38575,38397,106,2,75,98,128991,0,0,0,0,1,0,136,14,27,4219,0,0,0,0,0,0,0,0,90,-70,0,0,9
2532.93,0,0,0,0,6,1741,1.65541,0.00258296,1.66887,61,0,24,24,27,0,-2,0,0,1,40,4161,4183,31,171,35,711,38575,38397,106,2,75,98,128991,0,0,0,0,1,145,0,0,31,4202,0,0,0,0,0,0,0,0,90,-70,0,0,9
2532.94,0,0,0,0,6,1769,1.65538,0.00258411,1.66887,61,0,24,24,27,0,-2,0,0,1,40,4160,4183,36,171,35,711,38575,38397,106,2,75,98,149760,0,0,0,0,1,0,138,0,32,4223,0,0,0,0,0,0,0,0,90,-80,0,0,9
2532.95,0,0,0,0,6,1779,1.65534,0.00258526,1.66888,61,0,24,24,27,0,-2,0,0,1,40,4160,4183,43,171,35,711,38575,38397,106,2,75,98,178880,0,0,0,0,1,49,0,82,35,4210,0,0,0,0,0,0,0,0,90,-74,0,0,9
2532.96,0,0,0,0,6,1790,1.6553,0.0025864,1.66888,61,0,24,24,27,0,-2,0,0,1,40,4160,4183,54,171,35,711,38575,38397,106,2,75,98,224640,0,0,0,0,1,42,99,0,35,4216,0,0,0,0,0,0,0,0,90,-84,0,0,9
2532.97,0,0,0,0,6,1799,1.65527,0.00258755,1.66888,61,0,24,24,27,0,-2,0,0,1,40,4160,4183,54,171,35,711,38575,38397,106,2,75,98,224640,0,0,0,0,1,0,0,155,35,4216,0,0,0,0,0,0,0,0,90,-67,0,0,9
2532.98,0,0,0,0,6,1799,1.65523,0.0025887,1.66888,61,0,24,24,27,0,-2,0,0,1,40,4157,4183,70,171,35,711,38575,38397,106,2,75,98,290990,0,0,0,0,1,0,0,155,35,4216,0,0,0,0,0,0,0,0,90,-105,0,0,9
2532.99,0,0,0,0,5,1799,1.65519,0.00258984,1.66888,61,0,24,24,27,0,-2,0,0,1,40,4157,4183,36,171,35,711,38575,38397,106,2,75,98,149652,0,0,0,0,1,178,0,0,47,4202,0,0,0,0,0,0,0,0,90,-105,0,0,0
2533,0,0,0,0,6,1777,1.65515,0.00259099,1.66889,61,0,24,24,26,0,-2,0,0,1,40,4139,4183,25,171,35,711,38534,38314,106,2,64,98,103475,0,0,0,0,1,0,216,49,68,4199,0,0,0,0,0,0,0,0,90,-160,0,0,9
2533.01,0,0,0,0,6,1707,1.65583,0.00252054,1.66941,61,0,24,24,26,0,-2,0,0,1,40,4139,4183,25,171,35,711,38534,38314,106,2,64,98,103475,0,0,0,0,1,257,0,0,60,4190,0,0,0,0,0,0,0,0,90,-152,0,0,9
2533.02,0,0,0,0,6,1644,1.65651,0.00245008,1.66993,61,0,24,24,26,0,-2,0,0,1,40,4162,4183,25,171,35,711,38534,38314,106,2,64,98,104050,0,0,0,0,1,0,0,123,35,4219,0,0,0,0,0,0,0,0,90,-63,0,0,9
2533.03,0,0,0,0,5,1637,1.65719,0.00237962,1.67045,61,0,24,24,26,0,-2,0,0,1,40,4162,4183,25,171,35,711,38534,38314,106,2,64,98,104050,0,0,0,0,1,0,68,41,27,4216,0,0,0,0,0,0,0,0,90,-66,0,0,0
2533.04,0,0,0,0,5,1637,1.65787,0.00230917,1.67097,61,0,24,24,26,0,-2,0,0,1,40,4162,4183,25,171,35,711,38534,38314,106,2,64,98,104050,0,0,0,0,1,0,68,41,27,4216,0,0,0,0,0,0,0,0,0,-74,0,0,0
2533.05,0,0,0,0,5,1645,1.65855,0.00223871,1.67149,61,0,24,24,26,0,-2,0,0,1,40,4162,4183,25,171,35,711,38534,38314,106,2,64,98,104050,0,0,0,0,1,34,90,0,25,4208,0,0,0,0,0,0,0,0,0,-74,0,0,0
2533.06,0,0,0,0,5,1650,1.65923,0.00216825,1.67202,61,0,24,24,26,0,-2,0,0,1,40,4162,4183,28,171,35,711,38534,38314,106,2,64,98,116536,0,0,0,0,1,120,0,0,23,4208,0,0,0,0,0,0,0,0,0,-52,0,0,0
2533.07,0,0,0,0,5,1659,1.65991,0.0020978,1.67254,61,0,24,24,26,0,-2,0,0,1,40,4162,4180,29,171,35,711,38534,38314,106,2,64,98,120698,0,0,0,0,1,0,0,94,19,4228,0,0,0,0,0,0,0,0,0,-55,0,0,0
2533.08,0,0,0,0,5,1664,1.66059,0.00202734,1.67306,61,0,24,24,26,0,-2,0,0,1,40,4161,4180,30,171,35,711,38534,38314,106,2,64,98,124830,0,0,0,0,1,0,109,0,15,4216,0,0,0,0,0,0,0,0,0,-55,0,0,0
2533.09,0,0,0,0,5,1677,1.66127,0.00195689,1.67358,61,0,24,24,26,0,-2,0,0,1,40,4161,4180,30,171,35,711,38534,38314,106,2,64,98,124830,0,0,0,0,1,87,0,0,11,4206,0,0,0,0,0,0,0,0,0,-22,0,0,0
2533.1,0,0,0,0,5,1677,1.66195,0.00188643,1.6741,61,0,24,24,27,0,-2,0,0,1,40,4160,4180,38,171,35,711,38565,38378,106,2,68,98,158080,0,0,0,0,1,87,0,0,11,4206,0,0,0,0,0,0,0,0,0,-24,0,0,0
2533.11,0,0,0,0,5,1707,1.66151,0.00186402,1.67422,61,0,24,24,27,0,-2,0,0,1,40,4160,4180,38,171,35,711,38565,38378,106,2,68,98,158080,0,0,0,0,1,0,0,68,8,4238,0,0,0,0,0,0,0,0,0,-24,0,0,0
2533.12,0,0,0,0,5,1728,1.66108,0.0018416,1.67435,61,0,24,24,27,0,-2,0,0,1,40,4160,4180,42,171,35,711,38565,38378,106,2,68,98,174720,0,0,0,0,1,13,54,0,7,4214,0,0,0,0,0,0,0,0,0,-19,0,0,0
2533.13,0,0,0,0,5,1735,1.66065,0.00181919,1.67447,61,0,24,24,27,0,-2,0,0,1,40,4160,4180,42,171,35,711,38565,38378,106,2,68,98,174720,0,0,0,0,1,7,0,65,2,4228,0,0,0,0,0,0,0,0,0,-7,0,0,0
2533.14,0,0,0,0,5,1725,1.66021,0.00179678,1.67459,61,0,24,24,27,0,-2,0,0,1,40,4158,4183,93,171,35,711,38565,38378,106,2,68,98,386694,0,0,0,0,1,2,44,0,6,4204,0,0,0,0,0,0,0,0,0,-22,0,0,0
2533.15,0,0,0,0,5,1712,1.65978,0.00177436,1.67471,61,0,24,24,27,0,-2,0,0,1,40,4158,4183,73,171,35,711,38565,38378,106,2,68,98,303534,0,0,0,0,1,0,0,45,4,4228,0,0,0,0,0,0,0,0,0,-24,0,0,0
2533.16,0,0,0,0,5,1712,1.65935,0.00175195,1.67484,61,0,24,24,27,0,-2,0,0,1,40,4141,4183,39,171,35,711,38565,38378,106,2,68,98,161499,0,0,0,0,1,0,0,45,4,4228,0,0,0,0,0,0,0,0,0,-13,0,0,0
2533.17,0,0,0,0,5,1695,1.65891,0.00172954,1.67496,61,0,24,24,27,0,-2,0,0,1,40,4141,4183,39,171,35,711,38565,38378,106,2,68,98,161499,0,0,0,0,1,0,25,0,2,4228,0,0,0,0,0,0,0,0,0,-13,0,0,0
2533.18,0,0,0,0,5,1677,1.65848,0.00170712,1.67508,61,0,24,24,27,0,-2,0,0,1,40,4158,4183,25,171,35,711,38565,38378,106,2,68,98,103950,0,0,0,0,1,22,13,0,2,4219,0,0,0,0,0,0,0,0,0,0,0,0,0
2533.19,0,0,0,0,5,1662,1.65805,0.00168471,1.6752,61,0,24,24,27,0,-2,0,0,1,40,4158,4183,25,171,35,711,38565,38378,106,2,68,98,103950,0,0,0,0,1,0,0,10,1,4238,0,0,0,0,0,0,0,0,0,-4,0,0,0
2533.2,0,0,0,0,5,1644,1.65761,0.0016623,1.67533,61,0,24,24,27,0,-2,0,0,1,40,4158,4183,25,171,35,711,38545,38322,106,2,65,98,103950,0,0,0,0,1,0,8,0,0,4231,0,0,0,0,0,0,0,0,0,-4,0,0,0
2533.21,0,0,0,0,5,1628,1.65762,0.0016635,1.67549,61,0,24,24,27,0,-2,0,0,1,40,4158,4183,25,171,35,711,38545,38322,106,2,65,98,103950,0,0,0,0,1,0,11,2,0,4223,0,0,0,0,0,0,0,0,0,0,0,0,0
2533.22,0,0,0,0,5,1628,1.65762,0.00166471,1.67565,61,0,24,24,27,0,-2,0,0,1,40,4162,4181,26,171,35,711,38545,38322,106,2,65,98,108212,0,0,0,0,1,0,11,2,0,4223,0,0,0,0,0,0,0,0,0,18,0,0,0
2533.23,0,0,0,0,5,1628,1.65762,0.00166592,1.67582,61,0,24,24,27,0,-2,0,0,1,40,4162,4181,28,171,35,711,38545,38322,106,2,65,98,116536,0,0,0,0,1,2,25,0,0,4228,0,0,0,0,0,0,0,0,0,18,0,0,0
2533.24,0,0,0,0,5,1644,1.65762,0.00166713,1.67598,61,0,24,24,27,0,-2,0,0,1,40,4162,4181,28,171,35,711,38545,38322,106,2,65,98,116536,0,0,0,0,1,32,0,0,0,4229,0,0,0,0,0,0,0,0,0,18,0,0,0
2533.25,0,0,0,0,5,1665,1.65762,0.00166833,1.67614,61,0,24,24,27,0,-2,0,0,1,40,4162,4181,28,171,35,711,38545,38322,106,2,65,98,116536,0,0,0,0,1,0,5,26,0,4212,0,0,0,0,0,0,0,0,0,1,0,0,0
2533.26,0,0,0,0,5,1673,1.65763,0.00166954,1.67631,61,0,24,24,27,0,-2,0,0,1,40,4161,4181,30,171,35,711,38545,38322,106,2,65,98,124830,0,0,0,0,1,0,8,0,0,4229,0,0,0,0,0,0,0,0,0,2,0,0,0
2533.27,0,0,0,0,5,1664,1.65763,0.00167075,1.67647,61,0,24,24,27,0,-2,0,0,1,40,4161,4181,32,171,35,711,38545,38322,106,2,65,98,133152,0,0,0,0,1,2,29,12,0,4234,0,0,0,0,0,0,0,0,0,-1,0,0,0
2533.28,0,0,0,0,5,1664,1.65763,0.00167196,1.67664,61,0,24,24,27,0,-2,0,0,1,40,4160,4181,31,171,35,711,38545,38322,106,2,65,98,128960,0,0,0,0,1,2,29,12,0,4234,0,0,0,0,0,0,0,0,0,-31,0,0,0
2533.29,0,0,0,0,5,1647,1.65763,0.00167316,1.6768,61,0,24,24,27,0,-2,0,0,1,40,4160,4181,31,171,35,711,38545,38322,106,2,65,98,128960,0,0,0,0,1,42,9,0,4,4221,0,0,0,0,0,0,0,0,0,-31,0,0,0
2533.3,0,0,0,0,5,1631,1.65763,0.00167437,1.67696,61,0,24,24,27,0,-2,0,0,1,40,4160,4181,51,171,35,711,38555,38353,106,2,64,98,212160,0,0,0,0,1,0,0,0,4,4216,0,0,0,0,0,0,0,0,0,-4,0,0,0
2533.31,0,0,0,0,5,1611,1.65757,0.00166718,1.6769,61,0,24,24,27,0,-2,0,0,1,40,4160,4181,62,171,35,711,38555,38353,106,2,64,98,257920,0,0,0,0,1,1,5,16,0,4234,0,0,0,0,0,0,0,0,0,4,0,0,0
2533.32,0,0,0,0,5,1598,1.6575,0.00165999,1.67684,61,0,24,24,27,0,-2,0,0,1,40,4156,4181,47,171,35,711,38555,38353,106,2,64,98,195332,0,0,0,0,1,0,8,0,1,4231,0,0,0,0,0,0,0,0,0,-14,0,0,0
2533.33,0,0,0,0,5,1588,1.65743,0.0016528,1.67677,61,0,24,24,27,0,-2,0,0,1,40,4156,4181,47,171,35,711,38555,38353,106,2,64,98,195332,0,0,0,0,1,26,9,16,0,4245,0,0,0,0,0,0,0,0,0,-8,0,0,0
2533.34,0,0,0,0,5,1588,1.65737,0.00164561,1.67671,61,0,24,24,27,0,-2,0,0,1,40,4153,4181,25,171,35,711,38555,38353,106,2,64,98,103825,0,0,0,0,1,26,9,16,0,4245,0,0,0,0,0,0,0,0,0,1,0,0,0
2533.35,0,0,0,0,5,1585,1.6573,0.00163842,1.67665,61,0,24,24,27,0,-2,0,0,1,40,4153,4181,24,171,35,711,38555,38353,106,2,64,98,99672,0,0,0,0,1,0,0,18,0,4216,0,0,0,0,0,0,0,0,0,1,0,0,0
2533.36,0,0,0,0,5,1589,1.65723,0.00163123,1.67659,61,0,24,24,27,0,-2,0,0,1,40,4153,4181,24,171,35,711,38555,38353,106,2,64,98,99672,0,0,0,0,1,0,23,0,0,4219,0,0,0,0,0,0,0,0,0,3,0,0,0
2533.37,0,0,0,0,5,1589,1.65717,0.00162404,1.67652,61,0,24,24,27,0,-2,0,0,1,40,4153,4181,24,171,35,711,38555,38353,106,2,64,98,99672,0,0,0,0,1,24,32,0,0,4229,0,0,0,0,0,0,0,0,0,27,0,0,0
2533.38,0,0,0,0,5,1593,1.6571,0.00161685,1.67646,61,0,24,24,27,0,-2,0,0,1,40,4162,4181,18,171,35,711,38555,38353,106,2,64,98,74916,0,0,0,0,1,1,0,0,0,4234,0,0,0,0,0,0,0,0,0,0,0,0,0
2533.39,0,0,0,0,5,1586,1.65703,0.00160966,1.6764,61,0,24,24,27,0,-2,0,0,1,40,4162,4181,16,171,35,711,38555,38353,106,2,64,98,66592,0,0,0,0,1,10,15,24,0,4229,0,0,0,0,0,0,0,0,0,0,0,0,0
2533.4,0,0,0,0,5,1586,1.65697,0.00160247,1.67633,61,0,24,24,27,0,-2,0,0,1,40,4164,4181,12,171,35,711,38589,38421,106,2,65,98,49968,0,0,0,0,1,10,15,24,0,4229,0,0,0,0,0,0,0,0,0,-18,0,0,0
2533.41,0,0,0,0,5,1572,1.65685,0.00160083,1.67628,61,0,24,24,27,0,-2,0,0,1,40,4164,4181,12,171,35,711,38589,38421,106,2,65,98,49968,0,0,0,0,1,16,21,0,2,4228,0,0,0,0,0,0,0,0,0,-18,0,0,0
2533.42,0,0,0,0,5,1557,1.65673,0.00159919,1.67622,61,0,24,24,27,0,-2,0,0,1,40,4167,4181,6,171,35,711,38589,38421,106,2,65,98,25002,0,0,0,0,1,40,0,0,2,4223,0,0,0,0,0,0,0,0,0,-18,0,0,0
2533.43,0,0,0,0,5,1543,1.65661,0.00159755,1.67617,61,0,24,24,27,0,-2,0,0,1,40,4167,4181,3,171,35,711,38589,38421,106,2,65,98,12501,0,0,0,0,1,5,9,0,1,4221,0,0,0,0,0,0,0,0,0,-6,0,0,0
2533.44,0,0,0,0,5,1536,1.6565,0.00159591,1.67611,61,0,24,24,27,0,-2,0,0,1,40,4169,4181,4,171,35,711,38589,38421,106,2,65,98,16676,0,0,0,0,1,1,2,20,0,4223,0,0,0,0,0,0,0,0,0,0,0,0,0
2533.45,0,0,0,0,5,1534,1.65638,0.00159427,1.67605,61,0,24,24,27,0,-2,0,0,1,40,4169,4181,4,171,35,711,38589,38421,106,2,65,98,16676,0,0,0,0,1,0,31,0,0,4221,0,0,0,0,0,0,0,0,0,9,0,0,0
2533.46,0,0,0,0,5,1534,1.65626,0.00159263,1.676,61,0,24,24,27,0,-2,0,0,1,40,4169,4179,4,171,35,711,38589,38421,106,2,65,98,16676,0,0,0,0,1,0,31,0,0,4221,0,0,0,0,0,0,0,0,0,17,0,0,0
2533.47,0,0,0,0,5,1540,1.65614,0.00159099,1.67594,61,0,24,24,27,0,-2,0,0,1,40,4169,4179,3,171,35,711,38589,38421,106,2,65,98,12507,0,0,0,0,1,0,31,2,0,4214,0,0,0,0,0,0,0,0,0,17,0,0,0
2533.48,0,0,0,0,5,1541,1.65602,0.00158935,1.67589,61,0,24,24,27,0,-2,0,0,1,40,4169,4179,2,171,35,711,38589,38421,106,2,65,98,8338,0,0,0,0,1,14,13,0,0,4228,0,0,0,0,0,0,0,0,0,13,0,0,0
2533.49,0,0,0,0,5,1538,1.65591,0.00158771,1.67583,61,0,24,24,27,0,-2,0,0,1,40,4169,4179,2,171,35,711,38589,38421,106,2,65,98,8338,0,0,0,0,1,0,5,10,0,4242,0,0,0,0,0,0,0,0,0,-10,0,0,0
2533.5,0,0,0,0,5,1525,1.65579,0.00158607,1.67577,61,0,24,24,27,0,-2,0,0,1,40,4170,4179,0,171,35,711,38639,38528,106,2,75,98,0,0,0,0,0,1,8,13,32,0,4231,0,0,0,0,0,0,0,0,0,13,0,0,0
2533.51,0,0,0,0,5,1512,1.65578,0.00158937,1.67576,61,0,24,24,27,0,-2,0,0,1,40,4170,4179,0,171,35,711,38639,38528,106,2,75,98,0,0,0,0,0,1,0,8,14,2,4245,0,0,0,0,0,0,0,0,0,-7,0,0,0
2533.52,0,0,0,0,5,1512,1.65577,0.00159268,1.67575,61,0,24,24,27,0,-2,0,0,1,40,4170,4179,0,171,35,711,38639,38528,106,2,75,98,0,0,0,0,0,1,0,8,14,2,4245,0,0,0,0,0,0,0,0,0,3,0,0,0
2533.53,0,0,0,0,5,1497,1.65577,0.00159598,1.67574,61,0,24,24,27,0,-2,0,0,1,40,4170,4179,0,171,35,711,38639,38528,106,2,75,98,0,0,0,0,0,1,2,2,20,0,4231,0,0,0,0,0,0,0,0,0,3,0,0,0
2533.54,0,0,0,0,5,1486,1.65576,0.00159929,1.67573,61,0,24,24,27,0,-2,0,0,1,40,4172,4175,-7,171,35,711,38639,38528,106,2,75,98,-29204,0,0,0,0,1,0,0,0,0,4238,0,0,0,0,0,0,0,0,0,-2,0,0,0
2533.55,0,0,0,0,5,1479,1.65575,0.00160259,1.67572,61,0,24,24,27,0,-2,0,0,1,40,4172,4175,-9,171,35,711,38639,38528,106,2,75,98,-37548,0,0,0,0,1,13,25,2,0,4238,0,0,0,0,0,0,0,0,0,23,0,0,0
2533.56,0,0,0,0,5,1482,1.65574,0.00160589,1.67571,61,0,24,24,27,0,-2,0,0,1,40,4172,4175,-8,171,35,711,38639,38528,106,2,75,98,-33376,0,0,0,0,1,2,13,0,0,4234,0,0,0,0,0,0,0,0,0,10,0,0,0
2533.57,0,0,0,0,5,1486,1.65574,0.0016092,1.6757,61,0,24,24,27,0,-2,0,0,1,40,4172,4175,-8,171,35,711,38639,38528,106,2,75,98,-33376,0,0,0,0,1,24,27,0,0,4229,0,0,0,0,0,0,0,0,0,27,0,0,0
2533.58,0,0,0,0,5,1486,1.65573,0.0016125,1.67569,61,0,24,24,27,0,-2,0,0,1,40,4174,4175,1,171,35,711,38639,38528,106,2,75,98,4174,0,0,0,0,1,24,27,0,0,4229,0,0,0,0,0,0,0,0,0,3,0,0,0
2533.59,0,0,0,0,5,1489,1.65572,0.0016158,1.67568,61,0,24,24,27,0,-2,0,0,1,40,4174,4175,4,171,35,711,38639,38528,106,2,75,98,16696,0,0,0,0,1,0,5,4,0,4225,0,0,0,0,0,0,0,0,0,3,0,0,0
2533.6,0,0,0,0,5,1480,1.65572,0.00161911,1.67567,61,0,24,24,26,0,-2,0,0,1,40,4174,4171,4,171,35,711,38676,38581,106,2,100,73,16696,0,0,0,0,1,22,17,18,1,4219,0,0,0,0,0,0,0,0,0,14,0,0,0
2533.61,0,0,0,0,5,1469,1.65562,0.00162834,1.67563,61,0,24,24,26,0,-2,0,0,1,40,4174,4171,4,171,35,711,38676,38581,106,2,100,73,16696,0,0,0,0,1,0,0,10,2,4214,0,0,0,0,0,0,0,0,0,-1,0,0,0
2533.62,0,0,0,0,5,1453,1.65553,0.00163757,1.67558,61,0,24,24,26,0,-2,0,0,1,40,4171,4171,0,171,35,711,38676,38581,106,2,100,73,0,0,0,0,0,1,16,2,4,2,4221,0,0,0,0,0,0,0,0,0,-2,0,0,0
2533.63,0,0,0,0,5,1442,1.65544,0.0016468,1.67554,61,0,24,24,26,0,-2,0,0,1,40,4171,4171,0,171,35,711,38676,38581,106,2,100,73,0,0,0,0,0,1,22,13,12,2,4216,0,0,0,0,0,0,0,0,0,-8,0,0,0
2533.64,0,0,0,0,5,1442,1.65535,0.00165603,1.67549,61,0,24,24,26,0,-2,0,0,1,40,4171,4171,-1,171,35,711,38676,38581,106,2,100,73,-4171,0,0,0,0,1,22,13,12,2,4216,0,0,0,0,0,0,0,0,0,-13,0,0,0
2533.65,0,0,0,0,5,1430,1.65526,0.00166526,1.67545,61,0,24,24,26,0,-2,0,0,1,40,4171,4171,-1,171,35,711,38676,38581,106,2,100,73,-4171,0,0,0,0,1,10,2,0,0,4216,0,0,0,0,0,0,0,0,0,-13,0,0,0
2533.66,0,0,0,0,5,1422,1.65517,0.00167449,1.6754,61,0,24,24,26,0,-2,0,0,1,40,4171,4171,-5,171,35,711,38676,38581,106,2,100,73,-20855,0,0,0,0,1,22,13,16,0,4234,0,0,0,0,0,0,0,0,0,-4,0,0,0
2533.67,0,0,0,0,5,1421,1.65508,0.00168372,1.67536,61,0,24,24,26,0,-2,0,0,1,40,4173,4171,-5,171,35,711,38676,38581,106,2,100,73,-20865,0,0,0,0,1,13,0,10,0,4234,0,0,0,0,0,0,0,0,0,7,0,0,0
2533.68,0,0,0,0,5,1421,1.65498,0.00169295,1.67531,61,0,24,24,26,0,-2,0,0,1,40,4173,4171,-3,171,35,711,38676,38581,106,2,100,73,-12519,0,0,0,0,1,20,11,0,0,4231,0,0,0,0,0,0,0,0,0,19,0,0,0
2533.69,0,0,0,0,5,1424,1.65489,0.00170218,1.67526,61,0,24,24,26,0,-2,0,0,1,40,4173,4171,-3,171,35,711,38676,38581,106,2,100,73,-12519,0,0,0,0,1,0,3,0,0,4223,0,0,0,0,0,0,0,0,0,1,0,0,0
2533.7,0,0,0,0,5,1424,1.6548,0.0017114,1.67522,61,0,24,24,26,0,-2,0,0,1,40,4172,4171,0,171,35,711,38663,38566,106,2,68,73,0,0,0,0,0,1,0,3,0,0,4223,0,0,0,0,0,0,0,0,0,-2,0,0,0
2533.71,0,0,0,0,5,1418,1.65471,0.00169983,1.67517,61,0,24,24,26,0,-2,0,0,0.9,40,4172,4171,2,171,35,711,38663,38566,106,2,68,73,8344,0,0,0,0,1,1,9,0,0,4219,0,0,0,0,0,0,0,0,0,-2,0,0,0
2533.72,0,0,0,0,5,1410,1.65461,0.00168825,1.67513,61,0,24,24,26,0,-2,0,0,0.8,40,4172,4171,3,171,35,711,38663,38566,106,2,68,73,12516,0,0,0,0,1,38,5,0,2,4221,0,0,0,0,0,0,0,0,0,-24,0,0,0
2533.73,0,0,0,0,5,1399,1.65452,0.00167667,1.67508,61,0,24,24,26,0,-2,0,0,0.7,40,4172,4171,3,171,35,711,38663,38566,106,2,68,73,12516,0,0,0,0,1,14,21,0,1,4236,0,0,0,0,0,0,0,0,0,-11,0,0,0
2533.74,0,0,0,0,5,1386,1.65442,0.00166509,1.67503,61,0,24,24,26,0,-2,0,0,0.6,40,4171,4171,0,171,35,711,38663,38566,106,2,68,73,0,0,0,0,0,1,14,15,18,0,4231,0,0,0,0,0,0,0,0,0,15,0,0,0
2533.75,0,0,0,0,5,1378,1.65432,0.00165351,1.67499,61,0,24,24,26,0,-2,0,0,0.5,40,4171,4171,-1,171,35,711,38663,38566,106,2,68,73,-4171,0,0,0,0,1,0,0,24,0,4229,0,0,0,0,0,0,0,0,0,6,0,0,0
2533.76,0,0,0,0,5,1378,1.65423,0.00164194,1.67494,61,0,24,24,26,0,-2,0,0,0.4,40,4171,4171,-3,171,35,711,38663,38566,106,2,68,73,-12513,0,0,0,0,1,0,0,24,0,4229,0,0,0,0,0,0,0,0,0,-6,0,0,0
2533.77,0,0,0,0,5,1370,1.65413,0.00163036,1.6749,61,0,24,24,26,0,-2,0,0,0.3,40,4171,4171,-3,171,35,711,38663,38566,106,2,68,73,-12513,0,0,0,0,1,1,11,6,0,4216,0,0,0,0,0,0,0,0,0,-6,0,0,0
2533.78,0,0,0,0,5,1368,1.65404,0.00161878,1.67485,61,0,24,24,26,0,-2,0,0,0.2,40,4173,4171,-4,171,35,711,38663,38566,106,2,68,73,-16692,0,0,0,0,1,24,5,4,0,4236,0,0,0,0,0,0,0,0,0,-2,0,0,0
2533.79,0,0,0,0,5,1364,1.65394,0.0016072,1.6748,61,0,24,24,26,0,-2,0,0,0.1,40,4173,4171,-2,171,35,711,38663,38566,106,2,68,73,-8346,0,0,0,0,1,1,0,0,0,4236,0,0,0,0,0,0,0,0,0,-1,0,0,0
2533.8,0,0,0,0,5,1357,1.65385,0.00159562,1.67476,61,0,24,24,27,0,-2,0,0,0,40,4173,4171,0,171,35,711,38667,38563,106,2,100,73,0,0,0,0,0,1,0,23,4,0,4223,0,0,0,0,0,0,0,0,0,11,0,0,0
2533.81,0,0,0,0,5,1353,1.65372,0.00159076,1.67465,61,0,24,24,27,0,-2,0,0,0.1,40,4173,4171,0,171,35,711,38667,38563,106,2,100,73,0,0,0,0,0,1,8,0,6,0,4223,0,0,0,0,0,0,0,0,0,-4,0,0,0
2533.82,0,0,0,0,5,1353,1.6536,0.0015859,1.67455,61,0,24,24,27,0,-2,0,0,0.2,40,4173,4171,1,171,35,711,38667,38563,106,2,100,73,4173,0,0,0,0,1,8,0,6,0,4223,0,0,0,0,0,0,0,0,0,-4,0,0,0
2533.83,0,0,0,0,5,1344,1.65347,0.00158103,1.67444,61,0,24,24,27,0,-2,0,0,0.3,40,4171,4171,1,171,35,711,38667,38563,106,2,100,73,4171,0,0,0,0,1,0,11,0,0,4234,0,0,0,0,0,0,0,0,0,-4,0,0,0
2533.84,0,0,0,0,5,1332,1.65335,0.00157617,1.67434,61,0,24,24,27,0,-2,0,0,0.4,40,4171,4171,0,171,35,711,38667,38563,106,2,100,73,0,0,0,0,0,1,5,5,16,0,4221,0,0,0,0,0,0,0,0,0,4,0,0,0
2533.85,0,0,0,0,5,1326,1.65322,0.00157131,1.67423,61,0,24,24,27,0,-2,0,0,0.5,40,4171,4171,0,171,35,711,38667,38563,106,2,100,73,0,0,0,0,0,1,16,0,6,0,4225,0,0,0,0,0,0,0,0,0,-9,0,0,0
2533.86,0,0,0,0,5,1322,1.6531,0.00156644,1.67413,61,0,24,24,27,0,-2,0,0,0.6,40,4171,4170,-2,171,35,711,38667,38563,106,2,100,73,-8342,0,0,0,0,1,13,2,0,0,4236,0,0,0,0,0,0,0,0,0,8,0,0,0
2533.87,0,0,0,0,5,1319,1.65297,0.00156158,1.67402,61,0,24,24,27,0,-2,0,0,0.7,40,4171,4170,-3,171,35,711,38667,38563,106,2,100,73,-12513,0,0,0,0,1,0,31,0,0,4221,0,0,0,0,0,0,0,0,0,11,0,0,0
2533.88,0,0,0,0,5,1319,1.65285,0.00155672,1.67392,61,0,24,24,27,0,-2,0,0,0.8,40,4171,4170,-4,171,35,711,38667,38563,106,2,100,73,-16684,0,0,0,0,1,0,31,0,0,4221,0,0,0,0,0,0,0,0,0,-15,0,0,0
2533.89,0,0,0,0,5,1319,1.65273,0.00155186,1.67381,61,0,24,24,27,0,-2,0,0,0.9,40,4171,4170,-4,171,35,711,38667,38563,106,2,100,73,-16684,0,0,0,0,1,14,15,12,0,4231,0,0,0,0,0,0,0,0,0,-15,0,0,0
2533.9,0,0,0,0,5,1314,1.6526,0.00154699,1.67371,61,0,24,24,27,0,-2,0,0,1,40,4173,4170,0,171,35,711,38667,38569,106,2,68,73,0,0,0,0,0,1,0,3,2,0,4240,0,0,0,0,0,0,0,0,0,0,0,0,0
2533.91,0,0,0,0,5,1302,1.65261,0.00154489,1.67373,61,0,24,24,27,0,-2,0,0,0.9,40,4173,4170,0,171,35,711,38667,38569,106,2,68,73,0,0,0,0,0,1,2,3,0,1,4221,0,0,0,0,0,0,0,0,0,-2,0,0,0
2533.92,0,0,0,0,5,1291,1.65261,0.00154279,1.67376,61,0,24,24,27,0,-2,0,0,0.8,40,4173,4170,1,171,35,711,38667,38569,106,2,68,73,4173,0,0,0,0,1,1,17,10,0,4236,0,0,0,0,0,0,0,0,0,-3,0,0,0
2533.93,0,0,0,0,5,1279,1.65262,0.00154068,1.67378,61,0,24,24,27,0,-2,0,0,0.7,40,4173,4170,1,171,35,711,38667,38569,106,2,68,73,4173,0,0,0,0,1,0,0,0,0,4221,0,0,0,0,0,0,0,0,0,2,0,0,0
2533.94,0,0,0,0,5,1279,1.65262,0.00153858,1.67381,61,0,24,24,27,0,-2,0,0,0.6,40,4171,4170,0,171,35,711,38667,38569,106,2,68,73,0,0,0,0,0,1,0,0,0,0,4221,0,0,0,0,0,0,0,0,0,0,0,0,0
2533.95,0,0,0,0,5,1270,1.65263,0.00153647,1.67383,61,0,24,24,27,0,-2,0,0,0.5,40,4171,4170,0,171,35,711,38667,38569,106,2,68,73,0,0,0,0,0,1,1,0,0,0,4234,0,0,0,0,0,0,0,0,0,0,0,0,0
2533.96,0,0,0,0,5,1263,1.65263,0.00153437,1.67386,61,0,24,24,27,0,-2,0,0,0.4,40,4171,4170,0,171,35,711,38667,38569,106,2,68,73,0,0,0,0,0,1,1,23,12,0,4225,0,0,0,0,0,0,0,0,0,16,0,0,0
2533.97,0,0,0,0,5,1264,1.65264,0.00153226,1.67388,61,0,24,24,27,0,-2,0,0,0.3,40,4171,4170,0,171,35,711,38667,38569,106,2,68,73,0,0,0,0,0,1,8,5,21,0,4231,0,0,0,0,0,0,0,0,0,-6,0,0,0
2533.98,0,0,0,0,5,1263,1.65265,0.00153016,1.67391,61,0,24,24,27,0,-2,0,0,0.2,40,4171,4170,-2,171,35,711,38667,38569,106,2,68,73,-8342,0,0,0,0,1,13,21,6,0,4234,0,0,0,0,0,0,0,0,0,18,0,0,0
2533.99,0,0,0,0,5,1259,1.65265,0.00152806,1.67393,61,0,24,24,27,0,-2,0,0,0.1,40,4173,4170,-1,171,35,711,38667,38569,106,2,68,73,-4173,0,0,0,0,1,0,0,0,0,4231,0,0,0,0,0,0,0,0,0,2,0,0,0
2534,0,0,0,0,5,1259,1.65266,0.00152595,1.67396,61,0,24,24,26,0,-2,0,0,0,40,4173,4170,-2,171,35,711,38655,38548,106,2,41,73,-8346,0,0,0,0,1,0,0,0,0,4231,0,0,0,0,0,0,0,0,0,5,0,0,0
2534.01,0,0,0,0,5,1249,1.65258,0.00153099,1.67391,61,0,24,24,26,0,-2,0,0,0.1,40,4173,4170,-2,171,35,711,38655,38548,106,2,41,73,-8346,0,0,0,0,1,7,3,0,0,4223,0,0,0,0,0,0,0,0,0,5,0,0,0
2534.02,0,0,0,0,5,1240,1.6525,0.00153603,1.67386,61,0,24,24,26,0,-2,0,0,0.2,40,4172,4172,0,171,35,711,38655,38548,106,2,41,73,0,0,0,0,0,1,13,8,8,0,4234,0,0,0,0,0,0,0,0,0,-9,0,0,0
2534.03,0,0,0,0,5,1228,1.65242,0.00154107,1.67381,61,0,24,24,26,0,-2,0,0,0.3,40,4172,4172,2,171,35,711,38655,38548,106,2,41,73,8344,0,0,0,0,1,0,0,8,0,4223,0,0,0,0,0,0,0,0,0,-3,0,0,0
2534.04,0,0,0,0,5,1220,1.65234,0.00154611,1.67376,61,0,24,24,26,0,-2,0,0,0.4,40,4172,4172,1,171,35,711,38655,38548,106,2,41,73,4172,0,0,0,0,1,8,3,0,0,4234,0,0,0,0,0,0,0,0,0,-2,0,0,0
2534.05,0,0,0,0,5,1214,1.65226,0.00155115,1.67372,61,0,24,24,26,0,-2,0,0,0.5,40,4172,4172,1,171,35,711,38655,38548,106,2,41,73,4172,0,0,0,0,1,0,37,0,0,4219,0,0,0,0,0,0,0,0,0,10,0,0,0
2534.06,0,0,0,0,5,1214,1.65218,0.00155618,1.67367,61,0,24,24,26,0,-2,0,0,0.6,40,4171,4172,0,171,35,711,38655,38548,106,2,41,73,0,0,0,0,0,1,0,37,0,0,4219,0,0,0,0,0,0,0,0,0,10,0,0,0
2534.07,0,0,0,0,5,1215,1.6521,0.00156122,1.67362,61,0,24,24,26,0,-2,0,0,0.7,40,4171,4172,0,171,35,711,38655,38548,106,2,41,73,0,0,0,0,0,1,19,21,0,0,4238,0,0,0,0,0,0,0,0,0,10,0,0,0
2534.08,0,0,0,0,5,1214,1.65202,0.00156626,1.67357,61,0,24,24,26,0,-2,0,0,0.8,40,4171,4172,0,171,35,711,38655,38548,106,2,41,73,0,0,0,0,0,1,0,17,8,0,4228,0,0,0,0,0,0,0,0,0,0,0,0,0
2534.09,0,0,0,0,5,1209,1.65194,0.0015713,1.67352,61,0,24,24,26,0,-2,0,0,0.9,40,4171,4172,0,171,35,711,38655,38548,106,2,41,73,0,0,0,0,0,1,0,9,10,0,4234,0,0,0,0,0,0,0,0,0,1,0,0,0
2534.1,0,0,0,0,5,1199,1.65186,0.00157634,1.67348,61,0,24,24,27,0,-2,0,0,1,40,4171,4172,0,171,35,711,38655,38543,106,2,65,73,0,0,0,0,0,1,0,0,0,0,4228,0,0,0,0,0,0,0,0,0,0,0,0,0
2534.11,0,0,0,0,5,1187,1.65179,0.00156774,1.67345,61,0,24,24,27,0,-2,0,0,0.9,40,4171,4172,0,171,35,711,38655,38543,106,2,65,73,0,0,0,0,0,1,13,17,6,0,4221,0,0,0,0,0,0,0,0,0,6,0,0,0
2534.12,0,0,0,0,5,1187,1.65172,0.00155914,1.67342,61,0,24,24,27,0,-2,0,0,0.8,40,4172,4172,0,171,35,711,38655,38543,106,2,65,73,0,0,0,0,0,1,13,17,6,0,4221,0,0,0,0,0,0,0,0,0,1,0,0,0
2534.13,0,0,0,0,5,1178,1.65166,0.00155055,1.67339,61,0,24,24,27,0,-2,0,0,0.7,40,4172,4172,0,171,35,711,38655,38543,106,2,65,73,0,0,0,0,0,1,10,17,8,0,4234,0,0,0,0,0,0,0,0,0,1,0,0,0
2534.14,0,0,0,0,5,1172,1.65159,0.00154195,1.67336,61,0,24,24,27,0,-2,0,0,0.6,40,4172,4172,0,171,35,711,38655,38543,106,2,65,73,0,0,0,0,0,1,30,11,18,0,4225,0,0,0,0,0,0,0,0,0,-11,0,0,0
2534.15,0,0,0,0,5,1167,1.65152,0.00153335,1.67333,61,0,24,24,27,0,-2,0,0,0.5,40,4172,4172,0,171,35,711,38655,38543,106,2,65,73,0,0,0,0,0,1,0,3,6,0,4223,0,0,0,0,0,0,0,0,0,0,0,0,0
2534.16,0,0,0,0,5,1164,1.65146,0.00152475,1.6733,61,0,24,24,27,0,-2,0,0,0.4,40,4172,4172,0,171,35,711,38655,38543,106,2,65,73,0,0,0,0,0,1,0,0,0,0,4240,0,0,0,0,0,0,0,0,0,0,0,0,0
2534.17,0,0,0,0,5,1159,1.65139,0.00151616,1.67328,61,0,24,24,27,0,-2,0,0,0.3,40,4172,4172,0,171,35,711,38655,38543,106,2,65,73,0,0,0,0,0,1,2,11,4,0,4221,0,0,0,0,0,0,0,0,0,-9,0,0,0
2534.18,0,0,0,0,5,1159,1.65133,0.00150756,1.67325,61,0,24,24,27,0,-2,0,0,0.2,40,4172,4172,0,171,35,711,38655,38543,106,2,65,73,0,0,0,0,0,1,2,11,4,0,4221,0,0,0,0,0,0,0,0,0,9,0,0,0
2534.19,0,0,0,0,5,1153,1.65126,0.00149896,1.67322,61,0,24,24,27,0,-2,0,0,0.1,40,4172,4172,0,171,35,711,38655,38543,106,2,65,73,0,0,0,0,0,1,13,31,16,0,4221,0,0,0,0,0,0,0,0,0,9,0,0,0
2534.2,0,0,0,0,5,1146,1.65119,0.00149036,1.67319,61,0,24,24,26,0,-2,0,0,0,40,4172,4172,0,171,35,711,38658,38555,106,2,66,73,0,0,0,0,0,1,10,11,6,0,4236,0,0,0,0,0,0,0,0,0,10,0,0,0
2534.21,0,0,0,0,5,1137,1.6512,0.00148542,1.6732,61,0,24,24,26,0,-2,0,0,0,40,4172,4172,0,171,35,711,38658,38555,106,2,66,73,0,0,0,0,0,1,8,15,0,0,4236,0,0,0,0,0,0,0,0,0,-12,0,0,0
2534.22,0,0,0,0,5,1125,1.65121,0.00148047,1.67321,61,0,24,24,26,0,-2,0,0,0,40,4172,4172,0,171,35,711,38658,38555,106,2,66,73,0,0,0,0,0,1,16,5,18,1,4223,0,0,0,0,0,0,0,0,0,-12,0,0,0
2534.23,0,0,0,0,5,1118,1.65122,0.00147552,1.67322,61,0,24,24,26,0,-2,0,0,0,40,4172,4172,2,171,35,711,38658,38555,106,2,66,73,8344,0,0,0,0,1,0,0,0,0,4223,0,0,0,0,0,0,0,0,0,-7,0,0,0
2534.24,0,0,0,0,5,1118,1.65122,0.00147057,1.67323,61,0,24,24,26,0,-2,0,0,0,40,4171,4172,1,171,35,711,38658,38555,106,2,66,73,4171,0,0,0,0,1,0,0,0,0,4223,0,0,0,0,0,0,0,0,0,3,0,0,0
2534.25,0,0,0,0,5,1117,1.65123,0.00146563,1.67324,61,0,24,24,26,0,-2,0,0,0,40,4171,4172,1,171,35,711,38658,38555,106,2,66,73,4171,0,0,0,0,1,5,0,0,0,4234,0,0,0,0,0,0,0,0,0,3,0,0,0
2534.26,0,0,0,0,5,1118,1.65124,0.00146068,1.67325,61,0,24,24,26,0,-2,0,0,0,40,4171,4172,0,171,35,711,38658,38555,106,2,66,73,0,0,0,0,0,1,10,0,0,0,4234,0,0,0,0,0,0,0,0,0,0,0,0,0
2534.27,0,0,0,0,5,1115,1.65125,0.00145573,1.67326,61,0,24,24,26,0,-2,0,0,0,40,4171,4172,0,171,35,711,38658,38555,106,2,66,73,0,0,0,0,0,1,2,13,2,0,4221,0,0,0,0,0,0,0,0,0,-7,0,0,0
2534.28,0,0,0,0,5,1105,1.65125,0.00145078,1.67327,61,0,24,24,26,0,-2,0,0,0,40,4171,4172,0,171,35,711,38658,38555,106,2,66,73,0,0,0,0,0,1,14,15,0,0,4223,0,0,0,0,0,0,0,0,0,2,0,0,0
2534.29,0,0,0,0,5,1095,1.65126,0.00144584,1.67328,61,0,24,24,26,0,-2,0,0,0,40,4171,4172,0,171,35,711,38658,38555,106,2,66,73,0,0,0,0,0,1,1,19,20,0,4223,0,0,0,0,0,0,0,0,0,12,0,0,0
2534.3,0,0,0,0,5,1095,1.65127,0.00144089,1.67329,61,0,24,24,27,0,-2,0,0,0,40,4172,4172,0,171,35,711,38660,38557,106,2,68,73,0,0,0,0,0,1,1,19,20,0,4223,0,0,0,0,0,0,0,0,0,10,0,0,0
2534.31,0,0,0,0,5,1084,1.65169,0.00144529,1.67357,61,0,24,24,27,0,-2,0,0,0.2,40,4172,4172,1,171,35,711,38660,38557,106,2,68,73,4172,0,0,0,0,1,13,19,8,0,4236,0,0,0,0,0,0,0,0,0,10,0,0,0
2534.32,0,0,0,0,5,1076,1.65211,0.0014497,1.67384,61,0,24,24,27,0,-2,0,0,0.4,40,4172,4172,1,171,35,711,38660,38557,106,2,68,73,4172,0,0,0,0,1,14,3,0,0,4229,0,0,0,0,0,0,0,0,0,0,0,0,0
2534.33,0,0,0,0,5,1070,1.65253,0.00145411,1.67412,61,0,24,24,27,0,-2,0,0,0.6,40,4172,4172,1,171,35,711,38660,38557,106,2,68,73,4172,0,0,0,0,1,5,5,16,0,4231,0,0,0,0,0,0,0,0,0,-7,0,0,0
2534.34,0,0,0,0,5,1066,1.65295,0.00145851,1.6744,61,0,24,24,27,0,-2,0,0,0.8,40,4172,4172,1,171,35,711,38660,38557,106,2,68,73,4172,0,0,0,0,1,0,11,8,0,4223,0,0,0,0,0,0,0,0,0,-11,0,0,0
2534.35,0,0,0,0,5,1064,1.65336,0.00146292,1.67467,61,0,24,24,27,0,-2,0,0,1,40,4172,4172,1,171,35,711,38660,38557,106,2,68,73,4172,0,0,0,0,1,7,8,8,0,4221,0,0,0,0,0,0,0,0,0,0,0,0,0
2534.36,0,0,0,0,6,1064,1.65378,0.00146732,1.67495,61,0,24,24,27,0,-2,0,0,1.2,40,4172,4172,0,171,35,711,38660,38557,106,2,68,73,0,0,0,0,0,1,7,8,8,0,4221,0,0,0,0,0,0,0,0,0,4,0,0,9
2534.37,0,0,0,0,6,1059,1.6542,0.00147173,1.67522,61,0,24,24,27,0,-2,0,0,1.4,40,4172,4172,0,171,35,711,38660,38557,106,2,68,73,0,0,0,0,0,1,0,2,18,0,4231,0,0,0,0,0,0,0,0,0,4,0,0,9
2534.38,0,0,0,0,9,1056,1.65462,0.00147613,1.6755,61,0,24,24,27,0,-2,0,0,1.6,40,4172,4172,0,171,35,711,38660,38557,106,2,68,73,0,0,0,0,0,1,0,0,45,2,4228,0,0,0,0,0,0,0,0,90,-4,0,0,13
2534.39,0,0,0,0,14,1055,1.65504,0.00148054,1.67578,61,0,24,24,27,0,-2,0,0,1.8,40,4172,4172,0,171,35,711,38660,38557,106,2,68,73,0,0,0,0,0,1,0,0,27,5,4234,0,0,0,0,0,0,0,0,130,-15,0,0,20
2534.4,0,0,0,0,23,1054,1.65546,0.00148494,1.67605,61,0,24,24,27,0,-2,0,0,2,40,4172,4172,0,171,35,711,38660,38555,106,2,68,73,0,0,0,0,0,1,0,41,0,8,4225,0,0,0,0,0,0,0,0,199,-37,0,0,33
2534.41,0,0,0,0,34,1055,1.65503,0.00265792,1.67489,61,0,24,24,27,0,-2,0,0,1.8,40,4172,4172,0,171,35,711,38660,38555,106,2,68,73,0,0,0,0,0,1,0,152,0,22,4219,0,0,0,0,0,0,0,0,329,-80,0,0,49
2534.42,0,0,0,0,47,1055,1.65461,0.0038309,1.67372,61,0,24,24,27,0,-2,0,0,1.6,40,4172,4172,1,171,35,711,38660,38555,106,2,68,73,4172,0,0,0,0,1,0,152,0,22,4219,0,0,0,0,0,0,0,0,489,-300,0,0,68
2534.43,0,0,0,0,61,1088,1.65418,0.00500388,1.67256,61,0,24,24,27,0,-2,0,0,1.4,40,4172,4172,1,171,35,711,38660,38555,106,2,68,73,4172,0,0,0,0,1,89,404,0,101,4202,0,0,0,0,0,0,0,0,489,-300,0,0,88
2534.44,0,0,0,0,75,1198,1.65375,0.00617686,1.67139,61,0,24,24,27,0,-2,0,0,1.2,40,4172,4172,0,171,35,711,38660,38555,106,2,68,73,0,0,0,0,0,1,659,0,133,172,4163,0,0,0,0,0,0,0,0,679,-482,0,0,108
2534.45,0,0,0,0,87,1374,1.65333,0.00734983,1.67023,61,0,24,24,27,0,-2,0,0,1,40,4172,4172,0,171,35,711,38660,38555,106,2,68,73,0,0,0,0,0,1,547,1068,0,323,4102,0,0,0,0,0,0,0,0,1080,-935,0,0,126
2534.46,0,0,0,0,94,1432,1.6529,0.00852281,1.66906,61,0,24,24,27,0,-2,0,0,0.8,40,4172,4172,0,171,35,711,38660,38555,106,2,68,73,0,0,0,0,0,1,0,2347,0,571,4007,0,0,0,0,0,0,0,0,1260,-1555,0,0,130
2534.47,0,0,0,0,98,1268,1.65247,0.00969579,1.6679,61,0,24,24,27,0,-2,0,0,0.6,40,4172,4172,0,171,35,711,38660,38555,106,2,68,73,0,0,0,0,0,1,0,0,2500,601,4027,0,0,0,0,0,0,0,0,1299,-1953,0,0,130
2534.48,0,0,0,0,99,1268,1.65205,0.0108688,1.66673,61,0,24,24,27,0,-2,0,0,0.4,40,4172,4172,0,171,35,711,38660,38555,106,2,68,73,0,0,0,0,0,1,0,0,2500,601,4027,0,0,0,0,0,0,0,0,1299,-1369,0,0,130
2534.49,0,0,0,0,100,1059,1.65162,0.0120417,1.66557,61,0,24,24,27,0,-2,0,0,0.2,40,4172,4172,0,171,35,711,38660,38555,106,2,68,73,0,0,0,0,0,1,0,703,1639,374,4100,0,0,0,0,0,0,0,0,1299,-1369,0,0,130
2534.5,0,0,0,0,100,1066,1.65119,0.0132147,1.6644,61,0,24,24,27,0,-2,0,0,0,42,4172,4172,1,171,35,711,38662,38557,106,2,75,73,4172,0,0,0,0,1,0,993,120,225,4152,0,0,0,0,0,0,0,0,1299,-678,0,0,130
2534.51,0,0,0,0,100,1280,1.64801,0.0133088,1.6619,61,0,24,24,27,0,-2,0,0,0,42,4172,4172,1,171,35,711,38662,38557,106,2,75,73,4172,0,0,0,0,1,1366,0,0,257,4122,0,0,0,0,0,0,0,0,1299,-806,0,0,130
2534.52,0,0,0,0,100,1556,1.64482,0.0134028,1.6594,61,0,24,24,27,0,-2,0,0,0,42,4172,4172,0,171,35,711,38662,38557,106,2,75,73,0,0,0,0,0,1,1751,0,121,379,4081,0,0,0,0,0,0,0,0,1299,-1191,0,0,130
2534.53,0,0,0,0,100,1765,1.64164,0.0134969,1.6569,61,0,24,24,27,0,-2,0,0,0,42,4172,4172,0,171,35,711,38662,38557,106,2,75,73,0,0,0,0,0,1,0,2500,0,580,4003,0,0,0,0,0,0,0,0,1299,-1489,0,0,130
2534.54,0,0,0,0,100,1765,1.63845,0.0135909,1.6544,61,0,24,24,27,0,-2,0,0,0,42,4172,4172,0,171,35,711,38662,38557,106,2,75,73,0,0,0,0,0,1,0,2500,0,580,4003,0,0,0,0,0,0,0,0,1299,-1779,0,0,130
2534.55,0,0,0,0,100,1729,1.63527,0.013685,1.6519,61,0,24,24,27,0,-2,0,0,0,42,4172,4172,0,171,35,711,38662,38557,106,2,75,73,0,0,0,0,0,1,1063,0,1908,766,3964,0,0,0,0,0,0,0,0,1299,-1779,0,0,130
2534.56,0,0,0,0,100,1542,1.63208,0.013779,1.6494,61,0,24,24,27,0,-2,0,0,0,42,4172,4172,0,171,35,711,38662,38557,106,2,75,73,0,0,0,0,0,1,0,0,2500,640,3999,0,0,0,0,0,0,0,0,1299,-1705,0,0,130
2534.57,0,0,0,0,100,1440,1.6289,0.013873,1.6469,61,0,24,24,27,0,-2,0,0,0,42,4172,4172,0,171,35,711,38662,38557,106,2,75,73,0,0,0,0,0,1,999,0,891,429,4074,0,0,0,0,0,0,0,0,1299,-1117,0,0,130
2534.58,0,0,0,0,100,1571,1.62571,0.0139671,1.6444,61,0,24,24,27,0,-2,0,0,0,42,4172,4172,0,171,35,711,38662,38557,106,2,75,73,0,0,0,0,0,1,0,0,1190,324,4106,0,0,0,0,0,0,0,0,1299,-760,0,0,130
2534.59,0,0,0,0,100,1829,1.62253,0.0140611,1.6419,61,0,24,24,27,0,-2,0,0,0,42,4172,4172,1,171,35,711,38662,38557,106,2,75,73,4172,0,0,0,0,1,772,1093,0,405,4055,0,0,0,0,0,0,0,0,1299,-1060,0,0,130
2534.6,0,0,0,0,100,1829,1.61934,0.0141552,1.6394,61,0,24,24,26,0,-2,0,0,0,41,4172,4172,1,171,35,711,38661,38555,105,2,75,73,4172,0,0,0,0,1,772,1093,0,405,3971,0,0,0,0,0,0,0,0,1299,-1356,0,0,130
2534.61,0,0,0,0,100,2052,1.62109,0.0141804,1.63969,61,0,24,24,26,0,-2,0,0,0,41,4172,4172,1,171,35,711,38661,38555,105,2,75,73,4172,0,0,0,0,1,2159,0,0,595,3971,0,0,0,0,0,0,0,0,1299,-1356,0,0,130
2534.62,0,0,0,0,100,2098,1.62284,0.0142056,1.63999,61,0,24,24,26,0,-2,0,0,0,41,4172,4172,1,171,35,711,38661,38555,105,2,75,73,4172,0,0,0,0,1,1364,0,1469,827,3934,0,0,0,0,0,0,0,0,1299,-1652,0,0,130
2534.63,0,0,0,0,100,1973,1.62458,0.0142308,1.64028,61,0,24,24,26,0,-2,0,0,0,41,4172,4172,0,171,35,711,38661,38555,105,2,75,73,0,0,0,0,0,1,1505,0,1406,834,3949,0,0,0,0,0,0,0,0,1299,-1651,0,0,130
2534.64,0,0,0,0,100,1857,1.62633,0.0142561,1.64057,61,0,24,24,26,0,-2,0,0,0,41,4172,4172,0,171,35,711,38661,38555,105,2,75,73,0,0,0,0,0,1,1786,148,0,629,3988,0,0,0,0,0,0,0,0,1299,-1287,0,0,130
2534.65,0,0,0,0,100,1922,1.62807,0.0142813,1.64086,61,0,24,24,26,0,-2,0,0,0,41,4172,4172,0,171,35,711,38661,38555,105,2,75,73,0,0,0,0,0,1,0,1549,0,479,4046,0,0,0,0,0,0,0,0,1299,-896,0,0,130
2534.66,0,0,0,0,100,1922,1.62982,0.0143065,1.64115,61,0,24,24,26,0,-2,0,0,0,41,4172,4172,0,171,35,711,38661,38555,105,2,75,73,0,0,0,0,0,1,0,1549,0,479,4046,0,0,0,0,0,0,0,0,1299,-1040,0,0,130
2534.67,0,0,0,0,100,2118,1.63156,0.0143317,1.64144,61,0,24,24,26,0,-2,0,0,0,41,4172,4172,0,171,35,711,38661,38555,105,2,75,73,0,0,0,0,0,1,1220,425,0,498,4018,0,0,0,0,0,0,0,0,1299,-1040,0,0,130
2534.68,0,0,0,0,100,2306,1.63331,0.0143569,1.64174,61,0,24,24,26,0,-2,0,0,0,41,4172,4172,0,171,35,711,38661,38555,105,2,75,73,0,0,0,0,0,1,0,632,1137,657,3969,0,0,0,0,0,0,0,0,1299,-1269,0,0,130
2534.69,0,0,0,0,100,2353,1.63505,0.0143822,1.64203,61,0,24,24,26,0,-2,0,0,0,41,4172,4172,0,171,35,711,38661,38555,105,2,75,73,0,0,0,0,0,1,0,0,2340,892,3861,0,0,0,0,0,0,0,0,1299,-1541,0,0,130
2534.7,0,0,0,0,100,2243,1.6368,0.0144074,1.64232,61,0,24,24,27,0,-2,0,0,0,43,4172,4172,6,171,35,711,38661,38555,106,2,75,73,25032,0,0,0,0,1,399,2228,0,919,3872,0,0,0,0,0,0,0,0,1299,-1655,0,0,130
2534.71,0,0,0,0,100,2082,1.63772,0.0144677,1.6439,61,0,24,24,27,0,-2,0,0,0,43,4172,4172,7,171,35,711,38661,38555,106,2,75,73,29204,0,0,0,0,1,2477,0,0,769,3919,0,0,0,0,0,0,0,0,1299,-1509,0,0,130
2534.72,0,0,0,0,100,2082,1.63865,0.014528,1.64548,61,0,24,24,27,0,-2,0,0,0,43,4172,4172,9,171,35,711,38661,38555,106,2,75,73,37548,0,0,0,0,1,2477,0,0,769,3919,0,0,0,0,0,0,0,0,1299,-1173,0,0,130
2534.73,0,0,0,0,100,2024,1.63957,0.0145883,1.64706,61,0,24,24,27,0,-2,0,0,0,43,4172,4172,9,171,35,711,38661,38555,106,2,75,73,37548,0,0,0,0,1,1995,0,0,599,3983,0,0,0,0,0,0,0,0,1299,-1173,0,0,130
2534.74,0,0,0,0,100,2082,1.6405,0.0146486,1.64865,61,0,24,24,27,0,-2,0,0,0,43,4170,4172,106,171,35,711,38661,38555,106,2,75,73,442020,0,0,0,0,1,1397,0,432,565,4012,0,0,0,0,0,0,0,0,1299,-1125,0,0,130
2534.75,0,0,0,0,100,2140,1.64143,0.0147089,1.65023,61,0,24,24,27,0,-2,0,0,0,43,4161,4172,157,171,35,711,38661,38555,106,2,75,73,653277,0,0,0,0,1,0,52,1861,667,3958,0,0,0,0,0,0,0,0,1299,-1255,0,0,130
2534.76,0,0,0,0,100,2090,1.64235,0.0147692,1.65181,61,0,24,24,27,0,-2,0,0,0,43,4161,4172,240,171,35,711,38661,38555,106,2,75,73,998640,0,0,0,0,1,0,2500,0,785,3921,0,0,0,0,0,0,0,0,1299,-1583,0,0,130
2534.77,0,0,0,0,100,1907,1.64328,0.0148295,1.65339,61,0,24,24,27,0,-2,0,0,0,43,4161,4172,240,171,35,711,38661,38555,106,2,75,73,998640,0,0,0,0,1,0,935,1893,750,3943,0,0,0,0,0,0,0,0,1299,-1678,0,0,130
2534.78,0,0,0,0,100,1907,1.6442,0.0148898,1.65497,61,0,24,24,27,0,-2,0,0,0,43,4107,4172,576,171,35,711,38661,38555,106,2,75,73,2.36563e+06,0,0,0,0,1,0,935,1893,750,3943,0,0,0,0,0,0,0,0,1299,-1352,0,0,130
2534.79,0,0,0,0,100,1687,1.64513,0.0149501,1.65655,61,0,24,24,27,0,-2,0,0,0,43,4017,4172,472,170,35,711,38661,38555,106,2,75,73,1.89602e+06,0,0,0,0,1,1675,552,0,569,4016,0,0,0,0,0,0,0,0,1299,-1352,0,0,130
2534.8,0,0,0,0,100,1572,1.64606,0.0150104,1.65813,61,0,24,24,28,0,-2,0,0,0,42,4017,4172,333,170,35,711,37390,35704,106,2,67,98,1.33766e+06,0,0,0,0,1,1716,0,0,423,4057,0,0,0,0,0,0,0,0,1299,-1034,0,0,130
2534.81,0,0,0,0,100,1575,1.64482,0.0148632,1.65726,61,0,24,24,28,0,-2,0,0,0,42,4017,4172,333,170,35,711,37390,35704,106,2,67,98,1.33766e+06,0,0,0,0,1,1218,0,516,396,4063,0,0,0,0,0,0,0,0,1299,-1033,0,0,130
2534.82,0,0,0,0,100,1615,1.64358,0.0147161,1.65639,61,0,24,24,28,0,-2,0,0,0,42,4008,4172,282,170,35,711,37390,35704,106,2,67,98,1.13026e+06,0,0,0,0,1,0,0,1928,463,4053,0,0,0,0,0,0,0,0,1299,-1133,0,0,130
2534.83,0,0,0,0,100,1588,1.64234,0.0145689,1.65552,61,0,24,24,28,0,-2,0,0,0,42,4008,4172,358,170,35,711,37390,35704,106,2,67,98,1.43486e+06,0,0,0,0,1,0,1871,244,542,4020,0,0,0,0,0,0,0,0,1299,-1339,0,0,130
2534.84,0,0,0,0,100,1588,1.6411,0.0144218,1.65465,61,0,24,24,28,0,-2,0,0,0,42,4088,4172,443,170,35,711,37390,35704,106,2,67,98,1.81098e+06,0,0,0,0,1,0,1871,244,542,4020,0,0,0,0,0,0,0,0,1299,-1548,0,0,130
2534.85,0,0,0,0,100,1462,1.63986,0.0142746,1.65378,61,0,24,24,28,0,-2,0,0,0,42,4088,4172,443,170,35,711,37390,35704,106,2,67,98,1.81098e+06,0,0,0,0,1,0,1373,1258,550,4027,0,0,0,0,0,0,0,0,1299,-1548,0,0,130
2534.86,0,0,0,0,100,1307,1.63862,0.0141275,1.65291,61,0,24,24,28,0,-2,0,0,0,42,4001,4172,687,170,35,711,37390,35704,106,2,67,98,2.74869e+06,0,0,0,0,1,1497,0,815,435,4057,0,0,0,0,0,0,0,0,1299,-1373,0,0,130
2534.87,0,0,0,0,100,1236,1.63738,0.0139804,1.65204,61,0,24,24,28,0,-2,0,0,0,42,4001,4172,575,170,35,711,37390,35704,106,2,67,98,2.30058e+06,0,0,0,0,1,0,1763,0,340,4091,0,0,0,0,0,0,0,0,1299,-1087,0,0,130
2534.88,0,0,0,0,100,1269,1.63614,0.0138332,1.65117,61,0,24,24,28,0,-2,0,0,0,42,4001,4172,445,170,35,711,37390,35704,106,2,67,98,1.78044e+06,0,0,0,0,1,1370,0,372,334,4087,0,0,0,0,0,0,0,0,1299,-1077,0,0,130
2534.89,0,0,0,0,100,1336,1.6349,0.0136861,1.6503,61,0,24,24,28,0,-2,0,0,0,42,4001,4172,445,170,32,711,37390,35704,106,2,67,98,1.78044e+06,0,0,0,0,1,395,1638,0,402,4046,0,0,0,0,0,0,0,0,1299,-1256,0,0,130
2534.9,0,0,0,0,100,1336,1.63366,0.0135389,1.64942,61,0,24,24,27,0,-2,0,0,0,41,3928,4172,379,170,32,629,36616,35005,106,2,68,98,1.48871e+06,0,0,0,0,1,395,1638,0,402,4046,0,0,0,0,0,0,0,0,1299,-1409,0,0,130
2534.91,0,0,0,0,100,1351,1.63417,0.0136803,1.64951,61,0,24,24,27,0,-2,0,0,0,41,4047,4172,476,170,32,629,36616,35005,106,2,68,98,1.92637e+06,0,0,0,0,1,0,1068,1381,468,4046,0,0,0,0,0,0,0,0,1299,-1409,0,0,130
2534.92,0,0,0,0,100,1280,1.63469,0.0138216,1.64959,61,0,24,24,27,0,-2,0,0,0,41,4047,4172,625,170,32,629,36616,35005,106,2,68,98,2.52938e+06,0,0,0,0,1,2145,0,174,481,4033,0,0,0,0,0,0,0,0,1299,-1521,0,0,130
2534.93,0,0,0,0,100,1175,1.6352,0.013963,1.64967,61,0,24,24,27,0,-2,0,0,0,41,4047,4172,625,170,32,629,36616,35005,106,2,68,98,2.52938e+06,0,0,0,0,1,0,531,1768,410,4072,0,0,0,0,0,0,0,0,1299,-1436,0,0,130
2534.94,0,0,0,0,100,1117,1.63572,0.0141043,1.64975,61,0,24,24,27,0,-2,0,0,0,41,3988,4172,764,170,32,629,36616,35005,106,2,68,98,3.04683e+06,0,0,0,0,1,0,1924,0,334,4100,0,0,0,0,0,0,0,0,1299,-1127,0,0,130
2534.95,0,0,0,0,100,1152,1.63623,0.0142457,1.64984,61,0,24,24,27,0,-2,0,0,0,41,3988,4172,645,170,32,629,36616,35005,106,2,68,98,2.57226e+06,0,0,0,0,1,1817,0,0,318,4085,0,0,0,0,0,0,0,0,1299,-1116,0,0,130
2534.96,0,0,0,0,100,1152,1.63675,0.014387,1.64992,61,0,24,24,27,0,-2,0,0,0,41,3871,4172,538,170,32,629,36616,35005,106,2,68,98,2.0826e+06,0,0,0,0,1,1817,0,0,318,4085,0,0,0,0,0,0,0,0,1299,-1217,0,0,130
2534.97,0,0,0,0,100,1239,1.63726,0.0145284,1.65,61,0,24,24,27,0,-2,0,0,0,41,3871,4172,538,170,32,629,36616,35005,106,2,68,98,2.0826e+06,0,0,0,0,1,0,169,1715,364,4070,0,0,0,0,0,0,0,0,1299,-1217,0,0,130
2534.98,0,0,0,0,100,1291,1.63777,0.0146697,1.65008,61,0,24,24,27,0,-2,0,0,0,41,3976,4172,557,170,32,629,36616,35005,106,2,68,98,2.21463e+06,0,0,0,0,1,2364,0,0,443,4040,0,0,0,0,0,0,0,0,1299,-1376,0,0,130
2534.99,0,0,0,0,100,1251,1.63829,0.0148111,1.65017,61,0,24,24,27,0,-2,0,0,0,41,3976,4172,678,170,32,629,36616,35005,106,2,68,98,2.69573e+06,0,0,0,0,1,0,1822,563,475,4053,0,0,0,0,0,0,0,0,1299,-1474,0,0,130
2535,0,0,0,0,100,1161,1.6388,0.0149524,1.65025,61,0,24,24,27,0,-2,0,0,0,43,3976,4172,824,170,32,629,37039,35565,105,2,87,98,3.27622e+06,0,0,0,0,1,1801,333,0,416,4050,0,0,0,0,0,0,0,0,1299,-1337,0,0,130
2535.01,0,0,0,0,100,1113,1.63853,0.0149643,1.65045,61,0,24,24,27,0,-2,0,0,0,43,3976,4172,824,170,32,629,37039,35565,105,2,87,98,3.27622e+06,0,0,0,0,1,1595,0,320,346,4085,0,0,0,0,0,0,0,0,1299,-1198,0,0,130
2535.02,0,0,0,0,100,1113,1.63826,0.0149762,1.65064,61,0,24,24,27,0,-2,0,0,0,43,3959,4172,770,170,32,629,37039,35565,105,2,87,98,3.04843e+06,0,0,0,0,1,1595,0,320,346,4085,0,0,0,0,0,0,0,0,1299,-1006,0,0,130
2535.03,0,0,0,0,100,1153,1.63799,0.0149881,1.65084,61,0,24,24,27,0,-2,0,0,0,43,3841,4172,661,170,32,629,37039,35565,105,2,87,98,2.5389e+06,0,0,0,0,1,0,0,1579,320,4098,0,0,0,0,0,0,0,0,1299,-1006,0,0,130
2535.04,0,0,0,0,100,1243,1.63772,0.015,1.65104,61,0,24,24,27,0,-2,0,0,0,43,3841,4172,575,170,32,629,37039,35565,105,2,87,98,2.20858e+06,0,0,0,0,1,1165,799,0,368,4076,0,0,0,0,0,0,0,0,1299,-1151,0,0,130
2535.05,0,0,0,0,100,1301,1.63745,0.0150119,1.65124,61,0,24,24,27,0,-2,0,0,0,43,3841,4172,575,170,32,629,37039,35565,105,2,87,98,2.20858e+06,0,0,0,0,1,0,755,1633,448,4057,0,0,0,0,0,0,0,0,1299,-1424,0,0,130
2535.06,0,0,0,0,100,1283,1.63718,0.0150238,1.65143,61,0,24,24,27,0,-2,0,0,0,43,3934,4172,667,170,32,629,37039,35565,105,2,87,98,2.62398e+06,0,0,0,0,1,2269,0,0,477,4038,0,0,0,0,0,0,0,0,1299,-1415,0,0,130
2535.07,0,0,0,0,100,1218,1.63691,0.0150357,1.65163,61,0,24,24,27,0,-2,0,0,0,43,3934,4172,754,170,32,629,37039,35565,105,2,87,98,2.96624e+06,0,0,0,0,1,0,1140,1305,437,4063,0,0,0,0,0,0,0,0,1299,-1405,0,0,130
2535.08,0,0,0,0,100,1218,1.63664,0.0150476,1.65183,61,0,24,24,27,0,-2,0,0,0,43,3945,4172,768,170,32,629,37039,35565,105,2,87,98,3.02976e+06,0,0,0,0,1,0,1140,1305,437,4063,0,0,0,0,0,0,0,0,1299,-1203,0,0,130
2535.09,0,0,0,0,100,1172,1.63637,0.0150595,1.65203,61,0,24,24,27,0,-2,0,0,0,43,3945,4172,768,170,32,629,37039,35565,105,2,87,98,3.02976e+06,0,0,0,0,1,1091,964,0,371,4076,0,0,0,0,0,0,0,0,1299,-1203,0,0,130
2535.1,0,0,0,0,100,1206,1.6361,0.0150714,1.65222,61,0,24,24,27,0,-2,0,0,0,42,3945,4280,489,170,32,629,36643,35214,105,2,87,98,1.9291e+06,0,0,0,0,1,0,0,1596,350,4081,0,0,0,0,0,0,0,0,1299,-1073,0,0,130
2535.11,0,0,0,0,100,1295,1.6349,0.0150298,1.65116,61,0,24,24,27,0,-2,0,0,0,42,3945,4280,423,170,32,629,36643,35214,105,2,87,98,1.66874e+06,0,0,0,0,1,500,1535,0,383,4059,0,0,0,0,0,0,0,0,1299,-1233,0,0,130
2535.12,0,0,0,0,100,1373,1.6337,0.0149881,1.65009,61,0,24,24,27,0,-2,0,0,0,42,3953,4280,394,170,32,629,36643,35214,105,2,87,98,1.55748e+06,0,0,0,0,1,0,1658,405,452,4048,0,0,0,0,0,0,0,0,1299,-1275,0,0,130
2535.13,0,0,0,0,100,1373,1.6325,0.0149464,1.64903,61,0,24,24,27,0,-2,0,0,0,42,3953,4280,394,170,32,629,36643,35214,105,2,87,98,1.55748e+06,0,0,0,0,1,0,0,2500,511,4024,0,0,0,0,0,0,0,0,1299,-1540,0,0,130
2535.14,0,0,0,0,100,1373,1.6313,0.0149048,1.64796,61,0,24,24,27,0,-2,0,0,0,42,4018,4280,542,170,32,629,36643,35214,105,2,87,98,2.17776e+06,0,0,0,0,1,0,0,2500,511,4024,0,0,0,0,0,0,0,0,1299,-1500,0,0,130
2535.15,0,0,0,0,100,1309,1.6301,0.0148631,1.64689,61,0,24,24,27,0,-2,0,0,0,42,4018,4280,565,170,32,629,36643,35214,105,2,87,98,2.27017e+06,0,0,0,0,1,2421,0,0,481,4020,0,0,0,0,0,0,0,0,1299,-1500,0,0,130
2535.16,0,0,0,0,100,1270,1.6289,0.0148214,1.64583,61,0,24,24,27,0,-2,0,0,0,42,4018,4280,527,170,32,629,36643,35214,105,2,87,98,2.11749e+06,0,0,0,0,1,0,785,1368,407,4070,0,0,0,0,0,0,0,0,1299,-1235,0,0,130
2535.17,0,0,0,0,100,1307,1.6277,0.0147797,1.64476,61,0,24,24,27,0,-2,0,0,0,42,4018,4280,527,170,32,629,36643,35214,105,2,87,98,2.11749e+06,0,0,0,0,1,1584,0,109,379,4065,0,0,0,0,0,0,0,0,1299,-1141,0,0,130
2535.18,0,0,0,0,100,1393,1.62649,0.0147381,1.6437,61,0,24,24,27,0,-2,0,0,0,42,3964,4280,341,170,32,629,36643,35214,105,2,87,98,1.35172e+06,0,0,0,0,1,1001,1042,0,415,4046,0,0,0,0,0,0,0,0,1299,-1144,0,0,130
2535.19,0,0,0,0,100,1469,1.62529,0.0146964,1.64263,61,0,24,24,27,0,-2,0,0,0,42,4002,4280,335,170,32,629,36643,35214,105,2,87,98,1.34067e+06,0,0,0,0,1,415,1810,0,483,4016,0,0,0,0,0,0,0,0,1299,-1386,0,0,130
2535.2,0,0,0,0,100,1469,1.62409,0.0146547,1.64157,61,0,24,24,27,0,-2,0,0,0,42,4002,4280,360,170,32,629,37249,36213,106,1026,39,98,1.44072e+06,0,0,0,0,1,415,1810,0,483,4016,0,0,0,0,0,0,0,0,1299,-1488,0,0,130
2535.21,0,0,0,0,100,1480,1.62499,0.0146963,1.64179,61,0,24,24,27,0,-2,0,0,0,42,4002,4280,360,170,31,629,37249,36213,106,1026,39,98,1.44072e+06,0,0,0,0,1,411,1968,0,535,3997,0,0,0,0,0,0,0,0,1299,-1488,0,0,130
2535.22,0,0,0,0,100,1439,1.62588,0.0147379,1.64202,61,0,24,24,27,0,-2,0,0,0,42,4039,4280,489,170,31,629,37249,36213,106,1026,39,98,1.97507e+06,0,0,0,0,1,0,2419,0,515,4031,0,0,0,0,0,0,0,0,1299,-1415,0,0,130
2535.23,0,0,0,0,100,1407,1.62677,0.0147794,1.64225,61,0,24,24,27,0,-2,0,0,0,42,4039,4280,473,170,31,629,37249,36213,106,1026,39,98,1.91045e+06,0,0,0,0,1,0,755,1439,462,4048,0,0,0,0,0,0,0,0,1299,-1308,0,0,130
2535.24,0,0,0,0,100,1436,1.62766,0.014821,1.64248,61,0,24,24,27,0,-2,0,0,0,42,3991,4280,421,170,31,629,37249,36213,106,1026,39,98,1.68021e+06,0,0,0,0,1,0,0,1957,420,4059,0,0,0,0,0,0,0,0,1299,-1126,0,0,130
2535.25,0,0,0,0,100,1522,1.62855,0.0148626,1.64271,61,0,24,24,27,0,-2,0,0,0,42,3991,4280,421,170,31,629,37249,36213,106,1026,39,98,1.68021e+06,0,0,0,0,1,0,0,1977,451,4059,0,0,0,0,0,0,0,0,1299,-1155,0,0,130
2535.26,0,0,0,0,100,1522,1.62945,0.0149041,1.64293,61,0,24,24,27,0,-2,0,0,0,42,4012,4280,323,170,31,629,37249,36213,106,1026,39,98,1.29588e+06,0,0,0,0,1,0,0,1977,451,4059,0,0,0,0,0,0,0,0,1299,-1248,0,0,130
2535.27,0,0,0,0,100,1592,1.63034,0.0149457,1.64316,61,0,24,24,27,0,-2,0,0,0,42,4012,4280,345,170,31,629,37249,36213,106,1026,39,98,1.38414e+06,0,0,0,0,1,0,1597,459,513,4022,0,0,0,0,0,0,0,0,1299,-1248,0,0,130
2535.28,0,0,0,0,100,1610,1.63123,0.0149873,1.64339,61,0,24,24,27,0,-2,0,0,0,42,4044,4280,385,170,31,629,37249,36213,106,1026,39,98,1.55694e+06,0,0,0,0,1,399,1937,0,573,3977,0,0,0,0,0,0,0,0,1299,-1462,0,0,130
2535.29,0,0,0,0,100,1589,1.63212,0.0150288,1.64362,61,0,24,24,27,0,-2,0,0,0,42,4044,4280,385,170,31,629,37249,36213,106,1026,39,98,1.55694e+06,0,0,0,0,1,2395,0,0,563,3981,0,0,0,0,0,0,0,0,1299,-1453,0,0,130
2535.3,0,0,0,0,100,1560,1.63301,0.0150704,1.64384,61,0,24,24,27,0,-2,0,0,0,44,4018,4280,469,170,31,629,37603,36864,106,1026,39,98,1.88444e+06,0,0,0,0,1,1776,0,361,525,4007,0,0,0,0,0,0,0,0,1299,-1345,0,0,130
2535.31,0,0,0,0,100,1588,1.63179,0.0150336,1.64374,61,0,24,24,27,0,-2,0,0,0,44,4018,4280,435,171,31,629,37603,36864,106,1026,39,98,1.74783e+06,0,0,0,0,1,0,0,1773,476,4031,0,0,0,0,0,0,0,0,1299,-1168,0,0,130
2535.32,0,0,0,0,100,1588,1.63057,0.0149968,1.64364,61,0,24,24,27,0,-2,0,0,0,44,4018,4280,382,171,31,629,37603,36864,106,1026,39,98,1.53488e+06,0,0,0,0,1,0,0,1773,476,4031,0,0,0,0,0,0,0,0,1299,-1110,0,0,130
2535.33,0,0,0,0,100,1666,1.62935,0.01496,1.64353,61,0,24,24,27,0,-2,0,0,0,44,4018,4280,382,171,31,629,37603,36864,106,1026,39,98,1.53488e+06,0,0,0,0,1,0,1579,190,485,4031,0,0,0,0,0,0,0,0,1299,-1110,0,0,130
2535.34,0,0,0,0,100,1741,1.62813,0.0149232,1.64343,61,0,24,24,27,0,-2,0,0,0,44,3993,4280,347,171,31,629,37603,36864,106,1026,39,98,1.38557e+06,0,0,0,0,1,2108,0,0,559,4003,0,0,0,0,0,0,0,0,1299,-1271,0,0,130
2535.35,0,0,0,0,100,1768,1.62691,0.0148864,1.64332,61,0,24,24,27,0,-2,0,0,0,44,4040,4280,386,171,31,629,37603,36864,106,1026,39,98,1.55944e+06,0,0,0,0,1,0,2156,0,616,3975,0,0,0,0,0,0,0,0,1299,-1405,0,0,130
2535.36,0,0,0,0,100,1747,1.62569,0.0148496,1.64322,61,0,24,24,27,0,-2,0,0,0,44,4040,4280,435,171,31,629,37603,36864,106,1026,39,98,1.7574e+06,0,0,0,0,1,1977,0,213,617,3979,0,0,0,0,0,0,0,0,1299,-1411,0,0,130
2535.37,0,0,0,0,100,1726,1.62447,0.0148128,1.64311,61,0,24,24,27,0,-2,0,0,0,44,4040,4280,435,171,31,629,37603,36864,106,1026,39,98,1.7574e+06,0,0,0,0,1,0,1556,504,568,4009,0,0,0,0,0,0,0,0,1299,-1244,0,0,130
2535.38,0,0,0,0,100,1726,1.62325,0.014776,1.64301,61,0,24,24,27,0,-2,0,0,0,44,4017,4280,452,171,31,629,37603,36864,106,1026,39,98,1.81568e+06,0,0,0,0,1,0,1556,504,568,4009,0,0,0,0,0,0,0,0,1299,-1174,0,0,130
2535.39,0,0,0,0,100,1752,1.62203,0.0147392,1.64291,61,0,24,24,27,0,-2,0,0,0,44,4017,4280,415,171,31,629,37603,36864,106,1026,39,98,1.66706e+06,0,0,0,0,1,1973,0,0,535,4014,0,0,0,0,0,0,0,0,1299,-1174,0,0,130
2535.4,0,0,0,0,100,1824,1.62081,0.0147024,1.6428,61,0,24,24,27,0,-2,0,0,0,43,3992,4280,366,171,31,629,37150,35941,106,1026,66,98,1.46107e+06,0,0,0,0,1,0,2101,0,547,4001,0,0,0,0,0,0,0,0,1299,-1227,0,0,130
2535.41,0,0,0,0,100,1890,1.6224,0.0146983,1.64293,61,0,24,24,27,0,-2,0,0,0,43,3992,4280,366,172,31,629,37150,35941,106,1026,66,98,1.46107e+06,0,0,0,0,1,0,380,1743,605,3969,0,0,0,0,0,0,0,0,1299,-1345,0,0,130
2535.42,0,0,0,0,100,1917,1.62399,0.0146941,1.64307,61,0,24,24,27,0,-2,0,0,0,43,4030,4280,395,172,31,629,37150,35941,106,1026,66,98,1.59185e+06,0,0,0,0,1,0,0,2295,653,3947,0,0,0,0,0,0,0,0,1299,-1394,0,0,130
2535.43,0,0,0,0,100,1908,1.62558,0.0146899,1.6432,61,0,24,24,27,0,-2,0,0,0,43,4030,4280,445,172,31,629,37150,35941,106,1026,66,98,1.79335e+06,0,0,0,0,1,1866,0,381,664,3958,0,0,0,0,0,0,0,0,1299,-1417,0,0,130
2535.44,0,0,0,0,100,1908,1.62716,0.0146858,1.64334,61,0,24,24,27,0,-2,0,0,0,43,4030,4280,489,172,31,629,37150,35941,106,1026,66,98,1.97067e+06,0,0,0,0,1,1866,0,381,664,3958,0,0,0,0,0,0,0,0,1299,-1269,0,0,130
2535.45,0,0,0,0,100,1887,1.62875,0.0146816,1.64347,61,0,24,24,27,0,-2,0,0,0,43,4030,4280,489,172,31,629,37150,35941,106,1026,66,98,1.97067e+06,0,0,0,0,1,1698,331,0,629,3969,0,0,0,0,0,0,0,0,1299,-1269,0,0,130
2535.46,0,0,0,0,100,1898,1.63034,0.0146774,1.6436,61,0,24,24,27,0,-2,0,0,0,43,4016,4280,446,172,31,629,37150,35941,106,1026,66,98,1.79114e+06,0,0,0,0,1,0,2117,0,592,3990,0,0,0,0,0,0,0,0,1299,-1238,0,0,130
2535.47,0,0,0,0,100,1933,1.63192,0.0146732,1.64374,61,0,24,24,27,0,-2,0,0,0,43,3978,4280,396,172,31,629,37150,35941,106,1026,66,98,1.57529e+06,0,0,0,0,1,0,1333,747,602,3988,0,0,0,0,0,0,0,0,1299,-1232,0,0,130
2535.48,0,0,0,0,100,1957,1.63351,0.0146691,1.64387,61,0,24,24,27,0,-2,0,0,0,43,3978,4280,380,172,31,629,37150,35941,106,1026,66,98,1.51164e+06,0,0,0,0,1,0,404,1797,637,3951,0,0,0,0,0,0,0,0,1299,-1334,0,0,130
2535.49,0,0,0,0,100,1953,1.6351,0.0146649,1.644,61,0,24,24,27,0,-2,0,0,0,43,3978,4280,380,172,31,629,37150,35941,106,1026,66,98,1.51164e+06,0,0,0,0,1,0,0,2311,667,3962,0,0,0,0,0,0,0,0,1299,-1342,0,0,130
2535.5,0,0,0,0,100,1953,1.63669,0.0146607,1.64414,61,0,24,24,26,0,-2,0,0,0,43,4023,4288,470,172,31,629,37400,36459,106,1024,66,98,1.89081e+06,0,0,0,0,1,0,0,2311,667,3962,0,0,0,0,0,0,0,0,1299,-1334,0,0,130
2535.51,0,0,0,0,100,1915,1.63626,0.0146484,1.64472,61,0,24,24,26,0,-2,0,0,0,43,4023,4288,512,172,31,629,37400,36459,106,1024,66,98,2.05978e+06,0,0,0,0,1,670,0,1549,659,3977,0,0,0,0,0,0,0,0,1299,-1334,0,0,130
2535.52,0,0,0,0,100,1871,1.63583,0.014636,1.64531,61,0,24,24,26,0,-2,0,0,0,43,4023,4288,533,173,31,629,37400,36459,106,1024,66,98,2.14426e+06,0,0,0,0,1,2270,0,0,629,3951,0,0,0,0,0,0,0,0,1299,-1393,0,0,130
2535.53,0,0,0,0,100,1838,1.6354,0.0146237,1.6459,61,0,24,24,26,0,-2,0,0,0,43,4023,4288,533,173,31,629,37400,36459,106,1024,66,98,2.14426e+06,0,0,0,0,1,0,2199,0,595,3988,0,0,0,0,0,0,0,0,1299,-1328,0,0,130
2535.54,0,0,0,0,100,1824,1.63498,0.0146114,1.64649,61,0,24,24,26,0,-2,0,0,0,43,3973,4288,451,173,31,629,37400,36459,106,1024,66,98,1.79182e+06,0,0,0,0,1,0,0,2069,574,3973,0,0,0,0,0,0,0,0,1299,-1293,0,0,130
2535.55,0,0,0,0,100,1821,1.63455,0.014599,1.64707,61,0,24,24,26,0,-2,0,0,0,43,3973,4288,437,173,31,629,37400,36459,106,1024,66,98,1.7362e+06,0,0,0,0,1,2118,0,0,582,3977,0,0,0,0,0,0,0,0,1299,-1318,0,0,130
2535.56,0,0,0,0,100,1821,1.63412,0.0145867,1.64766,61,0,24,24,26,0,-2,0,0,0,43,3973,4288,438,173,31,629,37400,36459,106,1024,66,98,1.74017e+06,0,0,0,0,1,2118,0,0,582,3977,0,0,0,0,0,0,0,0,1299,-1326,0,0,130
2535.57,0,0,0,0,100,1796,1.63369,0.0145743,1.64825,61,0,24,24,26,0,-2,0,0,0,43,3973,4288,438,173,31,629,37400,36459,106,1024,66,98,1.74017e+06,0,0,0,0,1,0,1271,1010,595,3988,0,0,0,0,0,0,0,0,1299,-1326,0,0,130
2535.58,0,0,0,0,100,1750,1.63326,0.014562,1.64884,61,0,24,24,26,0,-2,0,0,0,43,3987,4288,544,173,31,629,37400,36459,106,1024,66,98,2.16893e+06,0,0,0,0,1,2239,0,0,586,3986,0,0,0,0,0,0,0,0,1299,-1321,0,0,130
2535.59,0,0,0,0,100,1709,1.63284,0.0145496,1.64942,61,0,24,24,26,0,-2,0,0,0,43,3987,4288,565,173,31,629,37400,36459,106,1024,66,98,2.25266e+06,0,0,0,0,1,0,447,1719,559,3997,0,0,0,0,0,0,0,0,1299,-1345,0,0,130
2535.6,0,0,0,0,100,1681,1.63241,0.0145373,1.65001,61,0,24,24,27,0,-2,0,0,0,43,3987,4288,564,173,31,629,37140,35856,106,1024,64,98,2.24867e+06,0,0,0,0,1,725,1429,0,531,3995,0,0,0,0,0,0,0,0,1299,-1282,0,0,130
2535.61,0,0,0,0,100,1673,1.63292,0.0145401,1.64946,61,0,24,24,27,0,-2,0,0,0,43,3987,4288,564,173,31,629,37140,35856,106,1024,64,98,2.24867e+06,0,0,0,0,1,1338,0,821,524,4024,0,0,0,0,0,0,0,0,1299,-1259,0,0,130
2535.62,0,0,0,0,100,1673,1.63344,0.0145429,1.64891,61,0,24,24,27,0,-2,0,0,0,43,3957,4288,479,174,26,629,37140,35856,106,1024,64,98,1.8954e+06,0,0,0,0,1,1338,0,821,524,4024,0,0,0,0,0,0,0,0,1299,-1259,0,0,130
2535.63,0,0,0,0,100,1681,1.63395,0.0145458,1.64836,61,0,24,24,27,0,-2,0,0,0,43,3957,4288,480,174,26,629,37140,35856,106,1024,64,98,1.89936e+06,0,0,0,0,1,0,1157,971,531,4009,0,0,0,0,0,0,0,0,1299,-1259,0,0,130
2535.64,0,0,0,0,100,1672,1.63447,0.0145486,1.64781,61,0,24,24,27,0,-2,0,0,0,43,3976,4288,496,174,26,629,37140,35856,106,1024,64,98,1.9721e+06,0,0,0,0,1,1425,679,0,545,4003,0,0,0,0,0,0,0,0,1299,-1256,0,0,130
2535.65,0,0,0,0,100,1647,1.63498,0.0145514,1.64726,61,0,24,24,27,0,-2,0,0,0,43,3976,4288,496,174,26,629,37140,35856,106,1024,64,98,1.9721e+06,0,0,0,0,1,1331,0,949,545,4007,0,0,0,0,0,0,0,0,1299,-1319,0,0,130
2535.66,0,0,0,0,100,1624,1.6355,0.0145542,1.64671,61,0,24,24,27,0,-2,0,0,0,43,3976,4288,611,174,26,629,37140,35856,106,1024,64,98,2.42934e+06,0,0,0,0,1,0,109,1836,529,4009,0,0,0,0,0,0,0,0,1299,-1325,0,0,130
2535.67,0,0,0,0,100,1616,1.63601,0.014557,1.64615,61,0,24,24,27,0,-2,0,0,0,43,3976,4288,611,174,26,629,37140,35856,106,1024,64,98,2.42934e+06,0,0,0,0,1,0,2189,0,514,4012,0,0,0,0,0,0,0,0,1299,-1268,0,0,130
2535.68,0,0,0,0,100,1616,1.63653,0.0145598,1.6456,61,0,24,24,27,0,-2,0,0,0,43,3976,4288,586,174,26,629,37140,35856,106,1024,64,98,2.32994e+06,0,0,0,0,1,0,2189,0,514,4012,0,0,0,0,0,0,0,0,1299,-1273,0,0,130
2535.69,0,0,0,0,100,1631,1.63704,0.0145627,1.64505,61,0,24,24,27,0,-2,0,0,0,43,3976,4288,586,174,26,629,37140,35856,106,1024,64,98,2.32994e+06,0,0,0,0,1,1788,0,0,507,3999,0,0,0,0,0,0,0,0,1299,-1273,0,0,130
2535.7,0,0,0,0,100,1654,1.63756,0.0145655,1.6445,61,0,24,24,27,0,-2,0,0,0,42,3956,4288,531,174,26,629,36746,35134,106,1024,65,98,2.10064e+06,0,0,0,0,1,476,0,1521,529,4007,0,0,0,0,0,0,0,0,1299,-1235,0,0,130
2535.71,0,0,0,0,100,1654,1.63655,0.0145985,1.64415,61,0,24,24,27,0,-2,0,0,0,42,3956,4288,561,174,26,629,36746,35134,106,1024,65,98,2.21932e+06,0,0,0,0,1,0,1625,475,548,4014,0,0,0,0,0,0,0,0,1299,-1279,0,0,130
2535.72,0,0,0,0,100,1639,1.63553,0.0146315,1.64379,61,0,24,24,27,0,-2,0,0,0,42,3956,4288,587,174,26,629,36746,35134,106,1024,65,98,2.32217e+06,0,0,0,0,1,916,1390,0,546,3997,0,0,0,0,0,0,0,0,1299,-1356,0,0,130
2535.73,0,0,0,0,100,1634,1.63452,0.0146645,1.64343,61,0,24,24,27,0,-2,0,0,0,42,3956,4288,587,175,26,629,36746,35134,106,1024,65,98,2.32217e+06,0,0,0,0,1,1795,0,178,528,4009,0,0,0,0,0,0,0,0,1299,-1299,0,0,130
2535.74,0,0,0,0,100,1634,1.63351,0.0146975,1.64308,61,0,24,24,27,0,-2,0,0,0,42,3957,4288,654,175,26,629,36746,35134,106,1024,65,98,2.58788e+06,0,0,0,0,1,1795,0,178,528,4009,0,0,0,0,0,0,0,0,1299,-1175,0,0,130
2535.75,0,0,0,0,100,1641,1.63249,0.0147305,1.64272,61,0,24,24,27,0,-2,0,0,0,42,3957,4288,645,175,26,629,36746,35134,106,1024,65,98,2.55226e+06,0,0,0,0,1,0,0,1989,516,4018,0,0,0,0,0,0,0,0,1299,-1175,0,0,130
2535.76,0,0,0,0,100,1664,1.63148,0.0147636,1.64236,61,0,24,24,27,0,-2,0,0,0,42,3919,4288,625,175,26,629,36746,35134,106,1024,65,98,2.44938e+06,0,0,0,0,1,0,2054,0,525,4009,0,0,0,0,0,0,0,0,1299,-1217,0,0,130
2535.77,0,0,0,0,100,1689,1.63046,0.0147966,1.64201,61,0,24,24,27,0,-2,0,0,0,42,3919,4288,625,175,26,629,36746,35134,106,1024,65,98,2.44938e+06,0,0,0,0,1,1880,0,2,543,3990,0,0,0,0,0,0,0,0,1299,-1267,0,0,130
2535.78,0,0,0,0,100,1699,1.62945,0.0148296,1.64165,61,0,24,24,27,0,-2,0,0,0,42,3937,4288,600,175,26,629,36746,35134,106,1024,65,98,2.3622e+06,0,0,0,0,1,0,683,1614,561,3988,0,0,0,0,0,0,0,0,1299,-1363,0,0,130
2535.79,0,0,0,0,100,1700,1.62844,0.0148626,1.6413,61,0,24,24,27,0,-2,0,0,0,42,3937,4288,632,175,26,629,36746,35134,106,1024,65,98,2.48818e+06,0,0,0,0,1,1604,451,0,561,3983,0,0,0,0,0,0,0,0,1299,-1262,0,0,130
2535.8,0,0,0,0,100,1700,1.62742,0.0148956,1.64094,61,0,24,24,26,0,-2,0,0,0,43,3937,4288,647,175,26,629,36726,35158,105,1024,65,98,2.54724e+06,0,0,0,0,1,1604,451,0,561,3983,0,0,0,0,0,0,0,0,1299,-1352,0,0,130
2535.81,0,0,0,0,100,1706,1.6272,0.0148908,1.64116,61,0,24,24,26,0,-2,0,0,0,43,3937,4288,647,175,26,629,36726,35158,105,1024,65,98,2.54724e+06,0,0,0,0,1,0,0,2250,559,3983,0,0,0,0,0,0,0,0,1299,-1352,0,0,130
2535.82,0,0,0,0,100,1718,1.62697,0.0148859,1.64138,61,0,24,24,26,0,-2,0,0,0,43,3917,4288,641,175,26,629,36726,35158,105,1024,65,98,2.5108e+06,0,0,0,0,1,0,1896,0,547,3997,0,0,0,0,0,0,0,0,1299,-1208,0,0,130
2535.83,0,0,0,0,100,1743,1.62675,0.014881,1.64161,61,0,24,24,26,0,-2,0,0,0,43,3917,4288,617,175,27,629,36726,35158,105,1024,65,98,2.41679e+06,0,0,0,0,1,641,0,1397,550,4016,0,0,0,0,0,0,0,0,1299,-1204,0,0,130
2535.84,0,0,0,0,100,1771,1.62652,0.0148761,1.64183,61,0,24,24,26,0,-2,0,0,0,43,3917,4288,588,175,27,629,36726,35158,105,1024,65,98,2.3032e+06,0,0,0,0,1,98,1886,0,577,3971,0,0,0,0,0,0,0,0,1299,-1305,0,0,130
2535.85,0,0,0,0,100,1785,1.6263,0.0148713,1.64205,61,0,24,24,26,0,-2,0,0,0,43,3917,4288,588,175,27,629,36726,35158,105,1024,65,98,2.3032e+06,0,0,0,0,1,0,0,2282,587,3975,0,0,0,0,0,0,0,0,1299,-1348,0,0,130
2535.86,0,0,0,0,100,1785,1.62607,0.0148664,1.64227,61,0,24,24,26,0,-2,0,0,0,43,3922,4322,583,175,27,629,36726,35158,105,1024,65,98,2.28653e+06,0,0,0,0,1,0,0,2282,587,3975,0,0,0,0,0,0,0,0,1299,-1274,0,0,130
2535.87,0,0,0,0,100,1798,1.62585,0.0148615,1.64249,61,0,24,24,26,0,-2,0,0,0,43,3922,4322,583,175,27,629,36726,35158,105,1024,65,98,2.28653e+06,0,0,0,0,1,1930,0,0,580,3973,0,0,0,0,0,0,0,0,1299,-1274,0,0,130
2535.88,0,0,0,0,100,1816,1.62562,0.0148566,1.64272,61,0,24,24,26,0,-2,0,0,0,43,3945,4322,597,175,27,629,36726,35158,105,1024,65,98,2.35516e+06,0,0,0,0,1,0,1482,588,585,3986,0,0,0,0,0,0,0,0,1299,-1238,0,0,130
2535.89,0,0,0,0,100,1829,1.6254,0.0148518,1.64294,61,0,24,24,26,0,-2,0,0,0,43,3945,4322,597,175,27,629,36726,35158,105,1024,65,98,2.35516e+06,0,0,0,0,1,728,0,1395,591,3990,0,0,0,0,0,0,0,0,1299,-1247,0,0,130
2535.9,0,0,0,0,100,1844,1.62517,0.0148469,1.64316,61,0,24,24,26,0,-2,0,0,0,43,3945,4322,550,175,27,629,36776,35298,106,1024,64,98,2.16975e+06,0,0,0,0,1,1698,232,0,596,3971,0,0,0,0,0,0,0,0,1299,-1229,0,0,130
2535.91,0,0,0,0,100,1862,1.62572,0.0148396,1.64357,61,0,24,24,26,0,-2,0,0,0,43,3943,4322,543,175,27,629,36776,35298,106,1024,64,98,2.14105e+06,0,0,0,0,1,0,2144,0,607,3981,0,0,0,0,0,0,0,0,1299,-1340,0,0,130
2535.92,0,0,0,0,100,1862,1.62626,0.0148323,1.64398,61,0,24,24,26,0,-2,0,0,0,43,3943,4322,527,175,27,629,36776,35298,106,1024,64,98,2.07796e+06,0,0,0,0,1,0,2144,0,607,3981,0,0,0,0,0,0,0,0,1299,-1288,0,0,130
2535.93,0,0,0,0,100,1873,1.62681,0.0148251,1.64439,61,0,24,24,26,0,-2,0,0,0,43,3943,4322,527,175,28,629,36776,35298,106,1024,64,98,2.07796e+06,0,0,0,0,1,0,0,2172,610,3979,0,0,0,0,0,0,0,0,1299,-1288,0,0,130
2535.94,0,0,0,0,100,1884,1.62735,0.0148178,1.6448,61,0,24,24,26,0,-2,0,0,0,43,3961,4322,544,175,28,629,36776,35298,106,1024,64,98,2.15478e+06,0,0,0,0,1,1692,0,502,618,3973,0,0,0,0,0,0,0,0,1299,-1355,0,0,130
2535.95,0,0,0,0,100,1888,1.6279,0.0148105,1.64521,61,0,24,24,26,0,-2,0,0,0,43,3961,4322,555,175,28,629,36776,35298,106,1024,64,98,2.19836e+06,0,0,0,0,1,1868,0,0,617,3962,0,0,0,0,0,0,0,0,1299,-1253,0,0,130
2535.96,0,0,0,0,100,1891,1.62844,0.0148032,1.64561,61,0,24,24,26,0,-2,0,0,0,43,3961,4322,551,175,28,629,36776,35298,106,1024,64,98,2.18251e+06,0,0,0,0,1,0,2193,0,611,3988,0,0,0,0,0,0,0,0,1299,-1282,0,0,130
2535.97,0,0,0,0,100,1892,1.62899,0.0147959,1.64602,61,0,24,24,26,0,-2,0,0,0,43,3961,4322,551,175,28,629,36776,35298,106,1024,64,98,2.18251e+06,0,0,0,0,1,0,624,1641,617,3966,0,0,0,0,0,0,0,0,1299,-1346,0,0,130
2535.98,0,0,0,0,100,1892,1.62953,0.0147887,1.64643,61,0,24,24,26,0,-2,0,0,0,43,3956,4322,522,175,28,629,36776,35298,106,1024,64,98,2.06503e+06,0,0,0,0,1,0,624,1641,617,3966,0,0,0,0,0,0,0,0,1299,-1278,0,0,130
2535.99,0,0,0,0,100,1882,1.63008,0.0147814,1.64684,61,0,24,24,26,0,-2,0,0,0,43,3958,4322,514,175,28,629,36776,35298,106,1024,64,98,2.03441e+06,0,0,0,0,1,2,0,1928,620,3964,0,0,0,0,0,0,0,0,1299,-1278,0,0,130
2536,0,0,0,0,100,1872,1.63062,0.0147741,1.64725,61,0,24,24,27,0,-2,0,0,0,44,3958,4322,514,175,28,629,36858,35637,106,1024,68,98,2.03441e+06,0,0,0,0,1,2317,0,0,620,3958,0,0,0,0,0,0,0,0,1299,-1370,0,0,130
2536.01,0,0,0,0,100,1855,1.63097,0.0147675,1.64721,61,0,24,24,27,0,-2,0,0,0,44,3958,4322,514,175,28,629,36858,35637,106,1024,68,98,2.03441e+06,0,0,0,0,1,0,2152,0,620,3971,0,0,0,0,0,0,0,0,1299,-1290,0,0,130
2536.02,0,0,0,0,100,1828,1.63131,0.0147608,1.64717,61,0,24,24,27,0,-2,0,0,0,44,3968,4322,551,175,28,629,36858,35637,106,1024,68,98,2.18637e+06,0,0,0,0,1,0,0,2162,600,3983,0,0,0,0,0,0,0,0,1299,-1287,0,0,130
2536.03,0,0,0,0,100,1814,1.63166,0.0147541,1.64712,61,0,24,24,27,0,-2,0,0,0,44,3968,4315,548,175,28,629,36858,35637,106,1024,68,98,2.17446e+06,0,0,0,0,1,2206,0,0,578,3964,0,0,0,0,0,0,0,0,1299,-1302,0,0,130
2536.04,0,0,0,0,100,1814,1.632,0.0147475,1.64708,61,0,24,24,27,0,-2,0,0,0,44,3951,4315,534,175,29,629,36858,35637,106,1024,68,98,2.10983e+06,0,0,0,0,1,2206,0,0,578,3964,0,0,0,0,0,0,0,0,1299,-1318,0,0,130
2536.05,0,0,0,0,100,1803,1.63235,0.0147408,1.64704,61,0,24,24,27,0,-2,0,0,0,44,3951,4315,534,175,29,629,36858,35637,106,1024,68,98,2.10983e+06,0,0,0,0,1,0,2072,0,583,3986,0,0,0,0,0,0,0,0,1299,-1318,0,0,130
2536.06,0,0,0,0,100,1785,1.63269,0.0147342,1.64699,61,0,24,24,27,0,-2,0,0,0,44,3959,4315,523,175,29,629,36858,35637,106,1024,68,98,2.07056e+06,0,0,0,0,1,840,0,1327,583,3999,0,0,0,0,0,0,0,0,1299,-1268,0,0,130
2536.07,0,0,0,0,100,1763,1.63304,0.0147275,1.64695,61,0,24,24,27,0,-2,0,0,0,44,3959,4315,536,175,29,629,36858,35637,106,1024,68,98,2.12202e+06,0,0,0,0,1,0,2118,0,580,3983,0,0,0,0,0,0,0,0,1299,-1271,0,0,130
2536.08,0,0,0,0,100,1735,1.63338,0.0147209,1.64691,61,0,24,24,27,0,-2,0,0,0,44,3959,4315,539,175,29,629,36858,35637,106,1024,68,98,2.1339e+06,0,0,0,0,1,1135,0,1090,566,4007,0,0,0,0,0,0,0,0,1299,-1301,0,0,130
2536.09,0,0,0,0,100,1720,1.63373,0.0147142,1.64687,61,0,24,24,27,0,-2,0,0,0,44,3959,4315,539,175,29,629,36858,35637,106,1024,68,98,2.1339e+06,0,0,0,0,1,0,2095,0,544,3995,0,0,0,0,0,0,0,0,1299,-1299,0,0,130
2536.1,0,0,0,0,100,1720,1.63408,0.0147076,1.64682,61,0,24,24,27,0,-2,0,0,0,42,3963,4315,562,175,29,629,36902,35710,106,1024,68,98,2.22721e+06,0,0,0,0,1,0,2095,0,544,3992,0,0,0,0,0,0,0,0,1299,-1225,0,0,130
2536.11,0,0,0,0,100,1717,1.63398,0.0147031,1.64655,61,0,24,24,27,0,-2,0,0,0,42,3963,4315,562,175,29,629,36902,35710,106,1024,68,98,2.22721e+06,0,0,0,0,1,1987,0,0,546,3992,0,0,0,0,0,0,0,0,1299,-1225,0,0,130
2536.12,0,0,0,0,100,1717,1.63388,0.0146985,1.64628,61,0,24,24,27,0,-2,0,0,0,42,3963,4315,553,175,29,629,36902,35710,106,1024,68,98,2.19154e+06,0,0,0,0,1,0,759,1491,556,3988,0,0,0,0,0,0,0,0,1299,-1335,0,0,130
2536.13,0,0,0,0,100,1714,1.63378,0.014694,1.64601,61,0,24,24,27,0,-2,0,0,0,42,3963,4315,553,175,29,629,36902,35710,106,1024,68,98,2.19154e+06,0,0,0,0,1,1932,0,0,553,3977,0,0,0,0,0,0,0,0,1299,-1276,0,0,130
2536.14,0,0,0,0,100,1706,1.63369,0.0146895,1.64573,61,0,24,24,27,0,-2,0,0,0,42,3948,4304,553,175,29,629,36902,35710,106,1024,68,98,2.18324e+06,0,0,0,0,1,0,0,2317,558,3992,0,0,0,0,0,0,0,0,1299,-1333,0,0,130
2536.15,0,0,0,0,100,1693,1.63359,0.014685,1.64546,61,0,24,24,27,0,-2,0,0,0,42,3948,4304,561,175,29,629,36902,35710,106,1024,68,98,2.21483e+06,0,0,0,0,1,0,2033,0,555,3992,0,0,0,0,0,0,0,0,1299,-1260,0,0,130
2536.16,0,0,0,0,100,1693,1.63349,0.0146805,1.64519,61,0,24,24,27,0,-2,0,0,0,42,3948,4304,581,175,29,629,36902,35710,106,1024,68,98,2.29379e+06,0,0,0,0,1,0,2033,0,555,3992,0,0,0,0,0,0,0,0,1299,-1283,0,0,130
2536.17,0,0,0,0,100,1689,1.63339,0.014676,1.64492,61,0,24,24,27,0,-2,0,0,0,42,3948,4304,581,175,29,629,36902,35710,106,1024,68,98,2.29379e+06,0,0,0,0,1,1795,0,174,541,3995,0,0,0,0,0,0,0,0,1299,-1283,0,0,130
2536.18,0,0,0,0,100,1697,1.63329,0.0146714,1.64465,61,0,24,24,27,0,-2,0,0,0,42,3952,4304,582,175,29,629,36902,35710,106,1024,68,98,2.30006e+06,0,0,0,0,1,0,681,1533,539,3999,0,0,0,0,0,0,0,0,1299,-1278,0,0,130
2536.19,0,0,0,0,100,1704,1.6332,0.0146669,1.64438,61,0,24,24,27,0,-2,0,0,0,42,3939,4304,586,175,29,629,36902,35710,106,1024,68,98,2.30825e+06,0,0,0,0,1,1710,214,0,548,3990,0,0,0,0,0,0,0,0,1299,-1276,0,0,130
2536.2,0,0,0,0,100,1710,1.6331,0.0146624,1.6441,61,0,24,24,27,0,-2,0,0,0,43,3939,4304,597,175,29,629,36852,35620,106,1024,68,98,2.35158e+06,0,0,0,0,1,0,0,2239,557,3990,0,0,0,0,0,0,0,0,1299,-1298,0,0,130
2536.21,0,0,0,0,100,1715,1.63243,0.0146715,1.64426,61,0,24,24,27,0,-2,0,0,0,43,3939,4304,597,175,29,629,36852,35620,106,1024,68,98,2.35158e+06,0,0,0,0,1,61,1857,0,557,3975,0,0,0,0,0,0,0,0,1299,-1330,0,0,130
2536.22,0,0,0,0,100,1715,1.63176,0.0146806,1.64442,61,0,24,24,27,0,-2,0,0,0,43,3935,4299,600,175,29,629,36852,35620,106,1024,68,98,2.361e+06,0,0,0,0,1,61,1857,0,557,3975,0,0,0,0,0,0,0,0,1299,-1248,0,0,130
2536.23,0,0,0,0,100,1720,1.63109,0.0146897,1.64457,61,0,24,24,27,0,-2,0,0,0,43,3935,4299,614,175,29,629,36852,35620,106,1024,68,98,2.41609e+06,0,0,0,0,1,581,0,1485,556,3999,0,0,0,0,0,0,0,0,1299,-1248,0,0,130
2536.24,0,0,0,0,100,1733,1.63042,0.0146988,1.64473,61,0,24,24,27,0,-2,0,0,0,43,3935,4299,606,175,29,629,36852,35620,106,1024,68,98,2.38461e+06,0,0,0,0,1,0,2205,0,558,3997,0,0,0,0,0,0,0,0,1299,-1288,0,0,130
2536.25,0,0,0,0,100,1743,1.62975,0.0147079,1.64489,61,0,24,24,27,0,-2,0,0,0,43,3935,4299,606,175,28,629,36852,35620,106,1024,68,98,2.38461e+06,0,0,0,0,1,1387,0,846,569,3999,0,0,0,0,0,0,0,0,1299,-1326,0,0,130
2536.26,0,0,0,0,100,1751,1.62908,0.014717,1.64504,61,0,24,24,27,0,-2,0,0,0,43,3934,4299,620,175,28,629,36852,35620,106,1024,68,98,2.43908e+06,0,0,0,0,1,0,2217,0,563,3992,0,0,0,0,0,0,0,0,1299,-1304,0,0,130
2536.27,0,0,0,0,100,1766,1.62841,0.0147261,1.6452,61,0,24,24,27,0,-2,0,0,0,43,3932,4299,616,175,28,629,36852,35620,106,1024,68,98,2.42211e+06,0,0,0,0,1,928,0,1231,568,4007,0,0,0,0,0,0,0,0,1299,-1260,0,0,130
2536.28,0,0,0,0,100,1766,1.62774,0.0147352,1.64536,61,0,24,24,27,0,-2,0,0,0,43,3932,4299,606,175,28,629,36852,35620,106,1024,68,98,2.38279e+06,0,0,0,0,1,928,0,1231,568,4007,0,0,0,0,0,0,0,0,1299,-1290,0,0,130
2536.29,0,0,0,0,100,1781,1.62707,0.0147443,1.64551,61,0,24,24,27,0,-2,0,0,0,43,3932,4299,606,175,28,629,36852,35620,106,1024,68,98,2.38279e+06,0,0,0,0,1,186,1814,0,580,3966,0,0,0,0,0,0,0,0,1299,-1290,0,0,130
2536.3,0,0,0,0,100,1789,1.6264,0.0147534,1.64567,61,0,24,24,27,0,-2,0,0,0,44,3927,4299,621,175,28,629,36638,35214,106,1024,65,98,2.43867e+06,0,0,0,0,1,0,0,2311,586,3973,0,0,0,0,0,0,0,0,1299,-1345,0,0,130
2536.31,0,0,0,0,100,1803,1.62676,0.0147607,1.64578,61,0,24,24,27,0,-2,0,0,0,44,3927,4299,617,175,28,629,36638,35214,106,1024,65,98,2.42296e+06,0,0,0,0,1,2200,0,0,582,3958,0,0,0,0,0,0,0,0,1299,-1341,0,0,130
2536.32,0,0,0,0,100,1815,1.62712,0.0147681,1.6459,61,0,24,24,27,0,-2,0,0,0,44,3927,4299,610,175,28,629,36638,35214,106,1024,65,98,2.39547e+06,0,0,0,0,1,0,1790,129,585,3983,0,0,0,0,0,0,0,0,1299,-1234,0,0,130
2536.33,0,0,0,0,100,1826,1.62748,0.0147754,1.64601,61,0,24,24,27,0,-2,0,0,0,44,3927,4299,610,175,28,629,36638,35214,106,1024,65,98,2.39547e+06,0,0,0,0,1,313,0,1674,591,3977,0,0,0,0,0,0,0,0,1299,-1230,0,0,130
2536.34,0,0,0,0,100,1826,1.62784,0.0147827,1.64613,61,0,24,24,27,0,-2,0,0,0,44,3927,4299,590,175,28,629,36638,35214,106,1024,65,98,2.31693e+06,0,0,0,0,1,313,0,1674,591,3977,0,0,0,0,0,0,0,0,1299,-1267,0,0,130
2536.35,0,0,0,0,100,1840,1.6282,0.0147901,1.64625,61,0,24,24,27,0,-2,0,0,0,44,3930,4299,584,175,29,629,36638,35214,106,1024,65,98,2.29512e+06,0,0,0,0,1,1853,62,0,600,3969,0,0,0,0,0,0,0,0,1299,-1267,0,0,130
2536.36,0,0,0,0,100,1845,1.62856,0.0147974,1.64636,61,0,24,24,27,0,-2,0,0,0,44,3930,4299,579,175,29,629,36638,35214,106,1024,65,98,2.27547e+06,0,0,0,0,1,0,2050,0,606,3975,0,0,0,0,0,0,0,0,1299,-1316,0,0,130
2536.37,0,0,0,0,100,1848,1.62892,0.0148048,1.64648,61,0,24,24,27,0,-2,0,0,0,44,3930,4299,579,175,29,629,36638,35214,106,1024,65,98,2.27547e+06,0,0,0,0,1,0,0,2229,612,3960,0,0,0,0,0,0,0,0,1299,-1373,0,0,130
2536.38,0,0,0,0,100,1848,1.62928,0.0148121,1.64659,61,0,24,24,27,0,-2,0,0,0,44,3938,4299,586,175,29,629,36638,35214,106,1024,65,98,2.30767e+06,0,0,0,0,1,2302,0,0,609,3958,0,0,0,0,0,0,0,0,1299,-1367,0,0,130
2536.39,0,0,0,0,100,1850,1.62965,0.0148195,1.64671,61,0,24,24,27,0,-2,0,0,0,44,3938,4299,570,175,29,629,36638,35214,106,1024,65,98,2.24466e+06,0,0,0,0,1,0,2167,0,596,3977,0,0,0,0,0,0,0,0,1299,-1268,0,0,130
2536.4,0,0,0,0,100,1850,1.63001,0.0148268,1.64682,61,0,24,24,26,0,-2,0,0,0,43,3938,4299,553,175,29,629,36703,35164,106,1024,64,98,2.17771e+06,0,0,0,0,1,0,2167,0,596,3977,0,0,0,0,0,0,0,0,1299,-1227,0,0,130
2536.41,0,0,0,0,100,1854,1.62959,0.0148132,1.64645,61,0,24,24,26,0,-2,0,0,0,43,3938,4299,553,175,29,629,36703,35164,106,1024,64,98,2.17771e+06,0,0,0,0,1,0,0,1937,598,3971,0,0,0,0,0,0,0,0,1299,-1227,0,0,130
2536.42,0,0,0,0,100,1849,1.62917,0.0147995,1.64608,61,0,24,24,26,0,-2,0,0,0,43,3941,4299,559,175,29,629,36703,35164,106,1024,64,98,2.20302e+06,0,0,0,0,1,1856,0,219,610,3964,0,0,0,0,0,0,0,0,1299,-1344,0,0,130
2536.43,0,0,0,0,100,1830,1.62875,0.0147859,1.64571,61,0,24,24,26,0,-2,0,0,0,43,3950,4299,559,175,29,629,36703,35164,106,1024,64,98,2.20805e+06,0,0,0,0,1,225,1825,0,602,3964,0,0,0,0,0,0,0,0,1299,-1313,0,0,130
2536.44,0,0,0,0,100,1816,1.62833,0.0147723,1.64534,61,0,24,24,26,0,-2,0,0,0,43,3950,4299,559,175,29,629,36703,35164,106,1024,64,98,2.20805e+06,0,0,0,0,1,0,0,1963,593,3986,0,0,0,0,0,0,0,0,1299,-1267,0,0,130
2536.45,0,0,0,0,100,1803,1.62791,0.0147586,1.64497,61,0,24,24,26,0,-2,0,0,0,43,3950,4299,559,175,29,629,36703,35164,106,1024,64,98,2.20805e+06,0,0,0,0,1,2260,0,0,587,3962,0,0,0,0,0,0,0,0,1299,-1325,0,0,130
2536.46,0,0,0,0,100,1803,1.62749,0.014745,1.6446,61,0,24,24,26,0,-2,0,0,0,43,3950,4299,553,175,29,629,36703,35164,106,1024,64,98,2.18435e+06,0,0,0,0,1,2260,0,0,587,3962,0,0,0,0,0,0,0,0,1299,-1270,0,0,130
2536.47,0,0,0,0,100,1794,1.62707,0.0147314,1.64422,61,0,24,24,26,0,-2,0,0,0,43,3950,4299,550,175,29,629,36703,35164,106,1024,64,98,2.1725e+06,0,0,0,0,1,0,1943,0,574,3990,0,0,0,0,0,0,0,0,1299,-1270,0,0,130
2536.48,0,0,0,0,100,1788,1.62665,0.0147177,1.64385,61,0,24,24,26,0,-2,0,0,0,43,3950,4299,540,175,29,629,36703,35164,106,1024,64,98,2.133e+06,0,0,0,0,1,1272,0,940,579,3990,0,0,0,0,0,0,0,0,1299,-1294,0,0,130
2536.49,0,0,0,0,100,1776,1.62624,0.0147041,1.64348,61,0,24,24,26,0,-2,0,0,0,43,3950,4299,540,175,29,629,36703,35164,106,1024,64,98,2.133e+06,0,0,0,0,1,0,1980,0,583,3966,0,0,0,0,0,0,0,0,1299,-1258,0,0,130
2536.5,0,0,0,0,100,1761,1.62582,0.0146904,1.64311,61,0,24,24,27,0,-2,0,0,0,43,3949,4299,553,175,29,629,36770,35437,106,1024,65,98,2.1838e+06,0,0,0,0,1,0,0,1922,575,3975,0,0,0,0,0,0,0,0,1299,-1288,0,0,130
2536.51,0,0,0,0,100,1746,1.62638,0.0146936,1.64345,61,0,24,24,27,0,-2,0,0,0,43,3950,4299,557,175,29,629,36770,35437,106,1024,65,98,2.20015e+06,0,0,0,0,1,10,1869,0,566,3975,0,0,0,0,0,0,0,0,1299,-1261,0,0,130
2536.52,0,0,0,0,100,1746,1.62695,0.0146967,1.64379,61,0,24,24,27,0,-2,0,0,0,43,3950,4299,553,175,29,629,36770,35437,106,1024,65,98,2.18435e+06,0,0,0,0,1,10,1869,0,566,3975,0,0,0,0,0,0,0,0,1299,-1240,0,0,130
2536.53,0,0,0,0,100,1732,1.62752,0.0146998,1.64413,61,0,24,24,27,0,-2,0,0,0,43,3950,4299,553,175,29,629,36770,35437,106,1024,65,98,2.18435e+06,0,0,0,0,1,616,0,1424,558,3995,0,0,0,0,0,0,0,0,1299,-1240,0,0,130
2536.54,0,0,0,0,100,1731,1.62809,0.014703,1.64447,61,0,24,24,27,0,-2,0,0,0,43,3945,4299,560,175,29,629,36770,35437,106,1024,65,98,2.2092e+06,0,0,0,0,1,0,2206,0,554,3995,0,0,0,0,0,0,0,0,1299,-1293,0,0,130
2536.55,0,0,0,0,100,1725,1.62865,0.0147061,1.64481,61,0,24,24,27,0,-2,0,0,0,43,3945,4299,565,175,29,629,36770,35437,106,1024,65,98,2.22892e+06,0,0,0,0,1,1751,0,446,566,3981,0,0,0,0,0,0,0,0,1299,-1357,0,0,130
2536.56,0,0,0,0,100,1717,1.62922,0.0147092,1.64515,61,0,24,24,27,0,-2,0,0,0,43,3945,4299,567,175,29,629,36770,35437,106,1024,65,98,2.23682e+06,0,0,0,0,1,0,1869,0,550,3992,0,0,0,0,0,0,0,0,1299,-1235,0,0,130
2536.57,0,0,0,0,100,1716,1.62979,0.0147124,1.64549,61,0,24,24,27,0,-2,0,0,0,43,3945,4299,567,175,29,629,36770,35437,106,1024,65,98,2.23682e+06,0,0,0,0,1,2235,0,0,553,3975,0,0,0,0,0,0,0,0,1299,-1328,0,0,130
2536.58,0,0,0,0,100,1716,1.63035,0.0147155,1.64583,61,0,24,24,27,0,-2,0,0,0,43,3942,4299,572,175,29,629,36770,35437,106,1024,65,98,2.25482e+06,0,0,0,0,1,2235,0,0,553,3975,0,0,0,0,0,0,0,0,1299,-1343,0,0,130
2536.59,0,0,0,0,100,1722,1.63092,0.0147186,1.64618,61,0,24,24,27,0,-2,0,0,0,43,3942,4299,577,175,29,629,36770,35437,106,1024,65,98,2.27453e+06,0,0,0,0,1,0,197,1850,561,3981,0,0,0,0,0,0,0,0,1299,-1343,0,0,130
2536.6,0,0,0,0,100,1721,1.63149,0.0147218,1.64652,61,0,24,24,27,0,-2,0,0,0,43,3942,4295,586,175,29,629,36745,35266,106,1024,64,98,2.31001e+06,0,0,0,0,1,1448,652,0,557,3979,0,0,0,0,0,0,0,0,1299,-1258,0,0,130
2536.61,0,0,0,0,100,1717,1.63089,0.0147366,1.64675,61,0,24,24,27,0,-2,0,0,0,43,3942,4295,586,175,29,629,36745,35266,106,1024,64,98,2.31001e+06,0,0,0,0,1,0,0,2227,558,3986,0,0,0,0,0,0,0,0,1299,-1335,0,0,130
2536.62,0,0,0,0,100,1721,1.63029,0.0147515,1.64698,61,0,24,24,27,0,-2,0,0,0,43,3941,4295,587,175,29,629,36745,35266,106,1024,64,98,2.31337e+06,0,0,0,0,1,90,1837,0,559,3979,0,0,0,0,0,0,0,0,1299,-1269,0,0,130
2536.63,0,0,0,0,100,1728,1.62969,0.0147663,1.64721,61,0,24,24,27,0,-2,0,0,0,43,3941,4295,589,175,29,629,36745,35266,106,1024,64,98,2.32125e+06,0,0,0,0,1,719,0,1381,555,3992,0,0,0,0,0,0,0,0,1299,-1248,0,0,130
2536.64,0,0,0,0,100,1728,1.62909,0.0147811,1.64744,61,0,24,24,27,0,-2,0,0,0,43,3941,4295,594,175,29,629,36745,35266,106,1024,64,98,2.34095e+06,0,0,0,0,1,719,0,1381,555,3990,0,0,0,0,0,0,0,0,1299,-1273,0,0,130
2536.65,0,0,0,0,100,1741,1.62849,0.014796,1.64767,61,0,24,24,27,0,-2,0,0,0,43,3941,4295,594,175,29,629,36745,35266,106,1024,64,98,2.34095e+06,0,0,0,0,1,0,2181,0,555,3990,0,0,0,0,0,0,0,0,1299,-1273,0,0,130
2536.66,0,0,0,0,100,1750,1.6279,0.0148108,1.6479,61,0,24,24,27,0,-2,0,0,0,43,3935,4295,603,175,29,629,36745,35266,106,1024,64,98,2.3728e+06,0,0,0,0,1,1153,0,1119,569,4005,0,0,0,0,0,0,0,0,1299,-1292,0,0,130
2536.67,0,0,0,0,100,1759,1.6273,0.0148257,1.64813,61,0,24,24,27,0,-2,0,0,0,43,3934,4295,600,175,29,629,36745,35266,106,1024,64,98,2.3604e+06,0,0,0,0,1,0,2113,0,572,3986,0,0,0,0,0,0,0,0,1299,-1256,0,0,130
2536.68,0,0,0,0,100,1768,1.6267,0.0148405,1.64837,61,0,24,24,27,0,-2,0,0,0,43,3934,4295,603,175,29,629,36745,35266,106,1024,64,98,2.3722e+06,0,0,0,0,1,36,0,1850,575,3975,0,0,0,0,0,0,0,0,1299,-1328,0,0,130
2536.69,0,0,0,0,100,1771,1.6261,0.0148554,1.6486,61,0,24,24,27,0,-2,0,0,0,43,3934,4295,603,175,29,629,36745,35266,106,1024,64,98,2.3722e+06,0,0,0,0,1,397,1738,0,578,3966,0,0,0,0,0,0,0,0,1299,-1336,0,0,130
2536.7,0,0,0,0,100,1771,1.6255,0.0148702,1.64883,61,0,24,24,27,0,-2,0,0,0,43,3933,4295,603,175,29,629,36657,35214,106,1024,65,98,2.3716e+06,0,0,0,0,1,397,1738,0,578,3966,0,0,0,0,0,0,0,0,1299,-1262,0,0,130
2536.71,0,0,0,0,100,1779,1.62608,0.0148565,1.6487,61,0,24,24,27,0,-2,0,0,0,43,3933,4295,588,175,29,629,36657,35214,106,1024,65,98,2.3126e+06,0,0,0,0,1,0,0,2242,571,3983,0,0,0,0,0,0,0,0,1299,-1262,0,0,130
2536.72,0,0,0,0,100,1795,1.62667,0.0148429,1.64857,61,0,24,24,27,0,-2,0,0,0,43,3933,4295,601,175,29,629,36657,35214,106,1024,65,98,2.36373e+06,0,0,0,0,1,2020,0,0,584,3954,0,0,0,0,0,0,0,0,1299,-1363,0,0,130
2536.73,0,0,0,0,100,1802,1.62725,0.0148292,1.64845,61,0,24,24,27,0,-2,0,0,0,43,3933,4295,601,175,29,629,36657,35214,106,1024,65,98,2.36373e+06,0,0,0,0,1,0,1345,799,591,3977,0,0,0,0,0,0,0,0,1299,-1252,0,0,130
2536.74,0,0,0,0,100,1806,1.62784,0.0148155,1.64832,61,0,24,24,27,0,-2,0,0,0,43,3928,4295,603,175,29,629,36657,35214,106,1024,65,98,2.36858e+06,0,0,0,0,1,1286,0,924,585,3983,0,0,0,0,0,0,0,0,1299,-1311,0,0,130
2536.75,0,0,0,0,100,1817,1.62842,0.0148018,1.6482,61,0,24,24,27,0,-2,0,0,0,43,3928,4295,589,175,29,629,36657,35214,106,1024,65,98,2.31359e+06,0,0,0,0,1,571,1619,0,589,3964,0,0,0,0,0,0,0,0,1299,-1329,0,0,130
2536.76,0,0,0,0,100,1817,1.62901,0.0147881,1.64807,61,0,24,24,27,0,-2,0,0,0,43,3928,4295,589,175,29,629,36657,35214,106,1024,65,98,2.31359e+06,0,0,0,0,1,571,1619,0,589,3964,0,0,0,0,0,0,0,0,1299,-1343,0,0,130
2536.77,0,0,0,0,100,1823,1.62959,0.0147745,1.64794,61,0,24,24,27,0,-2,0,0,0,43,3928,4295,589,175,29,629,36657,35214,106,1024,65,98,2.31359e+06,0,0,0,0,1,0,359,1803,596,3964,0,0,0,0,0,0,0,0,1299,-1343,0,0,130
2536.78,0,0,0,0,100,1828,1.63018,0.0147608,1.64782,61,0,24,24,27,0,-2,0,0,0,43,3935,4295,582,175,29,629,36657,35214,106,1024,65,98,2.29017e+06,0,0,0,0,1,1841,0,270,603,3971,0,0,0,0,0,0,0,0,1299,-1344,0,0,130
2536.79,0,0,0,0,100,1824,1.63076,0.0147471,1.64769,61,0,24,24,27,0,-2,0,0,0,43,3935,4295,584,175,29,629,36657,35214,106,1024,65,98,2.29804e+06,0,0,0,0,1,192,1853,0,604,3954,0,0,0,0,0,0,0,0,1299,-1318,0,0,130
2536.8,0,0,0,0,100,1817,1.63135,0.0147334,1.64756,61,0,24,24,27,0,-2,0,0,0,43,3938,4295,578,175,29,629,36693,35135,106,1024,65,98,2.27616e+06,0,0,0,0,1,0,0,2010,599,3973,0,0,0,0,0,0,0,0,1299,-1266,0,0,130
2536.81,0,0,0,0,100,1817,1.6307,0.0147227,1.64745,61,0,24,24,27,0,-2,0,0,0.1,43,3938,4295,578,175,29,629,36693,35135,106,1024,65,98,2.27616e+06,0,0,0,0,1,1981,0,0,588,3969,0,0,0,0,0,0,0,0,1299,-1230,0,0,130
2536.82,0,0,0,0,100,1817,1.63006,0.0147121,1.64734,61,0,24,24,27,0,-2,0,0,0.2,43,3938,4295,573,175,29,629,36693,35135,106,1024,65,98,2.25647e+06,0,0,0,0,1,1981,0,0,588,3969,0,0,0,0,0,0,0,0,1299,-1343,0,0,130
2536.83,0,0,0,0,100,1813,1.62942,0.0147014,1.64723,61,0,24,24,27,0,-2,0,0,0.3,43,3939,4295,566,175,29,629,36693,35135,106,1024,65,98,2.22947e+06,0,0,0,0,1,0,2265,0,591,3977,0,0,0,0,0,0,0,0,1299,-1343,0,0,130
2536.84,0,0,0,0,100,1808,1.62878,0.0146907,1.64712,61,0,24,24,27,0,-2,0,0,0.4,43,3939,4295,559,175,29,629,36693,35135,106,1024,65,98,2.2019e+06,0,0,0,0,1,0,0,2102,587,3958,0,0,0,0,0,0,0,0,1299,-1310,0,0,130
2536.85,0,0,0,0,100,1804,1.62814,0.01468,1.64701,61,0,24,24,27,0,-2,0,0,0.5,43,3939,4295,559,175,29,629,36693,35135,106,1024,65,98,2.2019e+06,0,0,0,0,1,1620,437,0,590,3966,0,0,0,0,0,0,0,0,1299,-1266,0,0,130
2536.86,0,0,0,0,100,1792,1.62749,0.0146693,1.6469,61,0,24,24,27,0,-2,0,0,0.6,43,3945,4299,567,175,29,629,36693,35135,106,1024,65,98,2.23682e+06,0,0,0,0,1,0,603,1649,596,3971,0,0,0,0,0,0,0,0,1299,-1401,0,0,130
2536.87,0,0,0,0,100,1777,1.62685,0.0146586,1.64678,61,0,24,24,27,0,-2,0,0,0.7,43,3945,4299,560,175,29,629,36693,35135,106,1024,65,98,2.2092e+06,0,0,0,0,1,2239,0,0,580,3977,0,0,0,0,0,0,0,0,1299,-1310,0,0,130
2536.88,0,0,0,0,100,1777,1.62621,0.0146479,1.64667,61,0,24,24,27,0,-2,0,0,0.8,43,3945,4299,564,175,29,629,36693,35135,106,1024,65,98,2.22498e+06,0,0,0,0,1,2239,0,0,580,3977,0,0,0,0,0,0,0,0,1299,-1231,0,0,130
2536.89,0,0,0,0,100,1768,1.62557,0.0146373,1.64656,61,0,24,24,27,0,-2,0,0,0.9,43,3945,4299,564,175,29,629,36693,35135,106,1024,65,98,2.22498e+06,0,0,0,0,1,0,1701,232,568,3990,0,0,0,0,0,0,0,0,1299,-1231,0,0,130
2536.9,0,0,0,0,100,1757,1.62493,0.0146266,1.64645,61,0,24,24,27,0,-2,0,0,1,43,3941,4299,557,175,29,629,36736,35203,106,1024,65,98,2.19514e+06,0,0,0,0,1,1897,0,0,572,3977,0,0,0,0,0,0,0,0,1299,-1271,0,0,130
2536.91,0,0,0,0,100,1748,1.62522,0.0146389,1.64617,61,0,24,24,27,0,-2,0,0,0.9,43,3946,4299,564,175,29,629,36736,35203,106,1024,65,98,2.22554e+06,0,0,0,0,1,0,1865,0,567,3986,0,0,0,0,0,0,0,0,1299,-1254,0,0,130
2536.92,0,0,0,0,100,1744,1.62552,0.0146512,1.64589,61,0,24,24,27,0,-2,0,0,0.8,43,3946,4299,566,175,29,629,36736,35203,106,1024,65,98,2.23344e+06,0,0,0,0,1,1940,0,0,565,3986,0,0,0,0,0,0,0,0,1299,-1245,0,0,130
2536.93,0,0,0,0,100,1738,1.62581,0.0146635,1.64562,61,0,24,24,27,0,-2,0,0,0.7,43,3946,4299,566,175,29,629,36736,35203,106,1024,65,98,2.23344e+06,0,0,0,0,1,0,1417,670,557,3995,0,0,0,0,0,0,0,0,1299,-1236,0,0,130
2536.94,0,0,0,0,100,1738,1.62611,0.0146759,1.64534,61,0,24,24,27,0,-2,0,0,0.6,43,3941,4299,560,175,29,629,36736,35203,106,1024,65,98,2.20696e+06,0,0,0,0,1,0,1417,670,557,3995,0,0,0,0,0,0,0,0,1299,-1325,0,0,130
2536.95,0,0,0,0,100,1733,1.6264,0.0146882,1.64506,61,0,24,24,27,0,-2,0,0,0.5,43,3941,4299,555,175,29,629,36736,35203,106,1024,65,98,2.18726e+06,0,0,0,0,1,2269,0,0,565,3969,0,0,0,0,0,0,0,0,1299,-1325,0,0,130
2536.96,0,0,0,0,100,1725,1.6267,0.0147005,1.64478,61,0,24,24,27,0,-2,0,0,0.4,43,3947,4299,564,175,29,629,36736,35203,106,1024,65,98,2.22611e+06,0,0,0,0,1,0,531,1717,572,3973,0,0,0,0,0,0,0,0,1299,-1386,0,0,130
2536.97,0,0,0,0,100,1713,1.627,0.0147128,1.64451,61,0,24,24,27,0,-2,0,0,0.3,43,3947,4299,564,175,29,629,36736,35203,106,1024,65,98,2.22611e+06,0,0,0,0,1,1647,325,0,553,3981,0,0,0,0,0,0,0,0,1299,-1235,0,0,130
2536.98,0,0,0,0,100,1712,1.62729,0.0147252,1.64423,61,0,24,24,27,0,-2,0,0,0.2,43,3947,4299,579,175,29,629,36736,35203,106,1024,65,98,2.28531e+06,0,0,0,0,1,0,0,2203,546,3990,0,0,0,0,0,0,0,0,1299,-1299,0,0,130
2536.99,0,0,0,0,100,1720,1.62759,0.0147375,1.64395,61,0,24,24,27,0,-2,0,0,0.1,43,3937,4299,571,175,29,629,36736,35203,106,1024,65,98,2.24803e+06,0,0,0,0,1,116,1802,0,555,3979,0,0,0,0,0,0,0,0,1299,-1255,0,0,130
2537,0,0,0,0,100,1720,1.62788,0.0147498,1.64367,61,0,24,24,26,0,-2,0,0,0,42,3937,4299,571,175,29,629,36792,35567,106,1024,68,98,2.24803e+06,0,0,0,0,1,116,1802,0,555,3997,0,0,0,0,0,0,0,0,1299,-1262,0,0,130
2537.01,0,0,0,0,100,1726,1.62709,0.0147633,1.64363,61,0,24,24,26,0,-2,0,0,0,42,3937,4299,571,175,29,629,36792,35567,106,1024,68,98,2.24803e+06,0,0,0,0,1,714,0,1387,558,3997,0,0,0,0,0,0,0,0,1299,-1262,0,0,130
2537.02,0,0,0,0,100,1732,1.6263,0.0147768,1.64359,61,0,24,24,26,0,-2,0,0,0,42,3934,4298,579,175,29,629,36792,35567,106,1024,68,98,2.27779e+06,0,0,0,0,1,0,2250,0,559,3981,0,0,0,0,0,0,0,0,1299,-1320,0,0,130
2537.03,0,0,0,0,100,1732,1.62551,0.0147903,1.64354,61,0,24,24,26,0,-2,0,0,0,42,3934,4298,575,175,29,629,36792,35567,106,1024,68,98,2.26205e+06,0,0,0,0,1,1692,0,528,571,3983,0,0,0,0,0,0,0,0,1299,-1361,0,0,130
2537.04,0,0,0,0,100,1736,1.62472,0.0148038,1.6435,61,0,24,24,26,0,-2,0,0,0,42,3934,4298,587,175,29,629,36792,35567,106,1024,68,98,2.30926e+06,0,0,0,0,1,0,2080,0,566,3975,0,0,0,0,0,0,0,0,1299,-1316,0,0,130
2537.05,0,0,0,0,100,1743,1.62393,0.0148173,1.64346,61,0,24,24,26,0,-2,0,0,0,42,3934,4298,587,175,29,629,36792,35567,106,1024,68,98,2.30926e+06,0,0,0,0,1,1803,0,164,563,3975,0,0,0,0,0,0,0,0,1299,-1275,0,0,130
2537.06,0,0,0,0,100,1743,1.62313,0.0148308,1.64342,61,0,24,24,26,0,-2,0,0,0,42,3938,4298,584,175,29,629,36792,35567,106,1024,68,98,2.29979e+06,0,0,0,0,1,1803,0,164,563,3975,0,0,0,0,0,0,0,0,1299,-1341,0,0,130
2537.07,0,0,0,0,100,1751,1.62234,0.0148443,1.64337,61,0,24,24,26,0,-2,0,0,0,42,3938,4298,597,175,29,629,36792,35567,106,1024,68,98,2.35099e+06,0,0,0,0,1,0,2156,0,567,3981,0,0,0,0,0,0,0,0,1299,-1341,0,0,130
2537.08,0,0,0,0,100,1758,1.62155,0.0148578,1.64333,61,0,24,24,26,0,-2,0,0,0,42,3931,4298,588,175,29,629,36792,35567,106,1024,68,98,2.31143e+06,0,0,0,0,1,1807,0,309,574,3977,0,0,0,0,0,0,0,0,1299,-1337,0,0,130
2537.09,0,0,0,0,100,1765,1.62076,0.0148713,1.64329,61,0,24,24,26,0,-2,0,0,0,42,3931,4298,588,175,29,629,36792,35567,106,1024,68,98,2.31143e+06,0,0,0,0,1,0,2275,0,583,3973,0,0,0,0,0,0,0,0,1299,-1367,0,0,130
2537.1,0,0,0,0,100,1767,1.61997,0.0148848,1.64324,61,0,24,24,27,0,-2,0,0,0,44,3931,4298,608,175,29,629,36663,35126,106,1024,65,98,2.39005e+06,0,0,0,0,1,1259,0,1010,578,3992,0,0,0,0,0,0,0,0,1299,-1334,0,0,130
2537.11,0,0,0,0,100,1777,1.62024,0.0148804,1.64368,61,0,24,24,27,0,-2,0,0,0,44,3931,4298,590,175,29,629,36663,35126,106,1024,65,98,2.31929e+06,0,0,0,0,1,0,1910,0,566,3981,0,0,0,0,0,0,0,0,1299,-1219,0,0,130
2537.12,0,0,0,0,100,1777,1.62051,0.0148759,1.64411,61,0,24,24,27,0,-2,0,0,0,44,3920,4298,590,175,29,629,36663,35126,106,1024,65,98,2.3128e+06,0,0,0,0,1,0,1910,0,566,3971,0,0,0,0,0,0,0,0,1299,-1344,0,0,130
2537.13,0,0,0,0,100,1790,1.62078,0.0148715,1.64455,61,0,24,24,27,0,-2,0,0,0,44,3920,4298,590,175,29,629,36663,35126,106,1024,65,98,2.3128e+06,0,0,0,0,1,0,0,2236,580,3971,0,0,0,0,0,0,0,0,1299,-1344,0,0,130
2537.14,0,0,0,0,100,1794,1.62105,0.0148671,1.64498,61,0,24,24,27,0,-2,0,0,0,44,3930,4298,597,175,29,629,36663,35126,106,1024,65,98,2.34621e+06,0,0,0,0,1,1788,179,0,593,3962,0,0,0,0,0,0,0,0,1299,-1269,0,0,130
2537.15,0,0,0,0,100,1795,1.62131,0.0148627,1.64542,61,0,24,24,27,0,-2,0,0,0,44,3930,4298,589,175,29,629,36663,35126,106,1024,65,98,2.31477e+06,0,0,0,0,1,0,746,1521,589,3971,0,0,0,0,0,0,0,0,1299,-1352,0,0,130
2537.16,0,0,0,0,100,1796,1.62158,0.0148583,1.64585,61,0,24,24,27,0,-2,0,0,0,44,3930,4298,595,175,29,629,36663,35126,106,1024,65,98,2.33835e+06,0,0,0,0,1,1913,0,0,588,3969,0,0,0,0,0,0,0,0,1299,-1281,0,0,130
2537.17,0,0,0,0,100,1798,1.62185,0.0148538,1.64629,61,0,24,24,27,0,-2,0,0,0,44,3930,4298,595,175,29,629,36663,35126,106,1024,65,98,2.33835e+06,0,0,0,0,1,0,2232,0,582,3981,0,0,0,0,0,0,0,0,1299,-1306,0,0,130
2537.18,0,0,0,0,100,1798,1.62212,0.0148494,1.64672,61,0,24,24,27,0,-2,0,0,0,44,3933,4298,583,175,30,629,36663,35126,106,1024,65,98,2.29294e+06,0,0,0,0,1,0,2232,0,582,3981,0,0,0,0,0,0,0,0,1299,-1315,0,0,130
2537.19,0,0,0,0,100,1803,1.62239,0.014845,1.64716,61,0,24,24,27,0,-2,0,0,0,44,3933,4298,572,175,30,629,36663,35126,106,1024,65,98,2.24968e+06,0,0,0,0,1,0,0,2090,582,3971,0,0,0,0,0,0,0,0,1299,-1315,0,0,130
2537.2,0,0,0,0,100,1806,1.62266,0.0148406,1.64759,61,0,24,24,27,0,-2,0,0,0,43,3928,4298,570,175,30,629,36637,35070,106,1024,64,98,2.23896e+06,0,0,0,0,1,1760,175,0,593,3966,0,0,0,0,0,0,0,0,1299,-1312,0,0,130
2537.21,0,0,0,0,100,1803,1.62299,0.0148157,1.64752,61,0,24,24,27,0,-2,0,0,0,43,3928,4298,570,175,30,629,36637,35070,106,1024,64,98,2.23896e+06,0,0,0,0,1,0,943,1291,592,3964,0,0,0,0,0,0,0,0,1299,-1290,0,0,130
2537.22,0,0,0,0,100,1798,1.62332,0.0147909,1.64746,61,0,24,24,27,0,-2,0,0,0,43,3937,4298,567,175,30,629,36637,35070,106,1024,64,98,2.23228e+06,0,0,0,0,1,1821,0,215,591,3960,0,0,0,0,0,0,0,0,1299,-1353,0,0,130
2537.23,0,0,0,0,100,1788,1.62365,0.014766,1.64739,61,0,24,24,27,0,-2,0,0,0,43,3937,4298,565,175,30,629,36637,35070,106,1024,64,98,2.2244e+06,0,0,0,0,1,0,2240,0,585,3975,0,0,0,0,0,0,0,0,1299,-1273,0,0,130
2537.24,0,0,0,0,100,1788,1.62397,0.0147412,1.64732,61,0,24,24,27,0,-2,0,0,0,43,3940,4298,567,175,30,629,36637,35070,106,1024,64,98,2.23398e+06,0,0,0,0,1,0,2240,0,585,3975,0,0,0,0,0,0,0,0,1299,-1281,0,0,130
2537.25,0,0,0,0,100,1778,1.6243,0.0147163,1.64726,61,0,24,24,27,0,-2,0,0,0,43,3940,4298,567,175,30,629,36637,35070,106,1024,64,98,2.23398e+06,0,0,0,0,1,131,0,1984,577,3973,0,0,0,0,0,0,0,0,1299,-1281,0,0,130
2537.26,0,0,0,0,100,1777,1.62463,0.0146915,1.64719,61,0,24,24,27,0,-2,0,0,0,43,3940,4296,570,175,30,629,36637,35070,106,1024,64,98,2.2458e+06,0,0,0,0,1,696,1556,0,580,3962,0,0,0,0,0,0,0,0,1299,-1347,0,0,130
2537.27,0,0,0,0,100,1764,1.62496,0.0146666,1.64713,61,0,24,24,27,0,-2,0,0,0,43,3940,4296,568,175,30,629,36637,35070,106,1024,64,98,2.23792e+06,0,0,0,0,1,0,0,2244,581,3971,0,0,0,0,0,0,0,0,1299,-1302,0,0,130
2537.28,0,0,0,0,100,1758,1.62529,0.0146418,1.64706,61,0,24,24,27,0,-2,0,0,0,43,3940,4296,561,175,30,629,36637,35070,106,1024,64,98,2.21034e+06,0,0,0,0,1,1280,847,0,565,3973,0,0,0,0,0,0,0,0,1299,-1253,0,0,130
2537.29,0,0,0,0,100,1757,1.62562,0.0146169,1.64699,61,0,24,24,27,0,-2,0,0,0,43,3940,4296,561,175,30,629,36637,35070,106,1024,64,98,2.21034e+06,0,0,0,0,1,0,0,2098,563,3988,0,0,0,0,0,0,0,0,1299,-1226,0,0,130
2537.3,0,0,0,0,100,1757,1.62594,0.014592,1.64693,61,0,24,24,27,0,-2,0,0,0,43,3937,4296,553,175,30,629,36719,35353,106,1024,39,98,2.17716e+06,0,0,0,0,1,0,0,2098,563,3988,0,0,0,0,0,0,0,0,1299,-1259,0,0,130
2537.31,0,0,0,0,100,1749,1.62604,0.0146107,1.64682,61,0,24,24,27,0,-2,0,0,0,43,3945,4296,564,175,30,629,36719,35353,106,1024,39,98,2.22498e+06,0,0,0,0,1,1487,603,0,573,3975,0,0,0,0,0,0,0,0,1299,-1259,0,0,130
2537.32,0,0,0,0,100,1739,1.62613,0.0146293,1.64672,61,0,24,24,27,0,-2,0,0,0,43,3945,4296,565,175,30,629,36719,35353,106,1024,39,98,2.22892e+06,0,0,0,0,1,0,0,2063,568,3990,0,0,0,0,0,0,0,0,1299,-1247,0,0,130
2537.33,0,0,0,0,100,1728,1.62623,0.0146479,1.64662,61,0,24,24,27,0,-2,0,0,0,43,3945,4296,565,175,30,629,36719,35353,106,1024,39,98,2.22892e+06,0,0,0,0,1,684,1554,0,563,3966,0,0,0,0,0,0,0,0,1299,-1341,0,0,130
2537.34,0,0,0,0,100,1718,1.62632,0.0146666,1.64651,61,0,24,24,27,0,-2,0,0,0,43,3940,4296,561,175,30,629,36719,35353,106,1024,39,98,2.21034e+06,0,0,0,0,1,0,0,1905,556,3988,0,0,0,0,0,0,0,0,1299,-1261,0,0,130
2537.35,0,0,0,0,100,1719,1.62642,0.0146852,1.64641,61,0,24,24,27,0,-2,0,0,0,43,3940,4296,559,175,30,629,36719,35353,106,1024,39,98,2.20246e+06,0,0,0,0,1,0,2176,0,552,3992,0,0,0,0,0,0,0,0,1299,-1270,0,0,130
2537.36,0,0,0,0,100,1719,1.62651,0.0147038,1.64631,61,0,24,24,27,0,-2,0,0,0,43,3940,4296,564,175,30,629,36719,35353,106,1024,39,98,2.22216e+06,0,0,0,0,1,0,2176,0,552,3992,0,0,0,0,0,0,0,0,1299,-1344,0,0,130
2537.37,0,0,0,0,100,1723,1.62661,0.0147224,1.6462,61,0,24,24,27,0,-2,0,0,0,43,3940,4296,564,175,30,629,36719,35353,106,1024,39,98,2.22216e+06,0,0,0,0,1,1661,0,512,560,3988,0,0,0,0,0,0,0,0,1299,-1344,0,0,130
2537.38,0,0,0,0,100,1721,1.6267,0.0147411,1.6461,61,0,24,24,27,0,-2,0,0,0,43,3939,4296,567,175,30,629,36719,35353,106,1024,39,98,2.23341e+06,0,0,0,0,1,0,1845,18,556,3990,0,0,0,0,0,0,0,0,1299,-1239,0,0,130
2537.39,0,0,0,0,100,1721,1.6268,0.0147597,1.646,61,0,24,24,27,0,-2,0,0,0,43,3939,4296,567,175,29,629,36719,35353,106,1024,39,98,2.23341e+06,0,0,0,0,1,2255,0,0,561,3975,0,0,0,0,0,0,0,0,1299,-1314,0,0,130
2537.4,0,0,0,0,100,1722,1.62689,0.0147783,1.64589,61,0,24,24,27,0,-2,0,0,0,44,3939,4295,571,175,29,629,36706,35285,106,1024,65,98,2.24917e+06,0,0,0,0,1,0,529,1699,569,3969,0,0,0,0,0,0,0,0,1299,-1388,0,0,130
2537.41,0,0,0,0,100,1720,1.62706,0.0147789,1.64552,61,0,24,24,27,0,-2,0,0,0,44,3939,4295,571,175,29,629,36706,35285,106,1024,65,98,2.24917e+06,0,0,0,0,1,1812,70,0,556,3977,0,0,0,0,0,0,0,0,1299,-1242,0,0,130
2537.42,0,0,0,0,100,1720,1.62723,0.0147794,1.64514,61,0,24,24,27,0,-2,0,0,0,44,3928,4295,570,175,29,629,36706,35285,106,1024,65,98,2.23896e+06,0,0,0,0,1,1812,70,0,556,3977,0,0,0,0,0,0,0,0,1299,-1249,0,0,130
2537.43,0,0,0,0,100,1727,1.6274,0.0147799,1.64476,61,0,24,24,27,0,-2,0,0,0,44,3928,4295,572,175,29,629,36706,35285,106,1024,65,98,2.24682e+06,0,0,0,0,1,0,0,2186,551,3988,0,0,0,0,0,0,0,0,1299,-1249,0,0,130
2537.44,0,0,0,0,100,1735,1.62756,0.0147804,1.64438,61,0,24,24,27,0,-2,0,0,0,44,3928,4295,577,175,29,629,36706,35285,106,1024,65,98,2.26646e+06,0,0,0,0,1,854,1376,0,566,3973,0,0,0,0,0,0,0,0,1299,-1315,0,0,130
2537.45,0,0,0,0,100,1736,1.62773,0.014781,1.64401,61,0,24,24,27,0,-2,0,0,0,44,3928,4295,577,175,29,629,36706,35285,106,1024,65,98,2.26646e+06,0,0,0,0,1,0,0,2252,574,3969,0,0,0,0,0,0,0,0,1299,-1374,0,0,130
2537.46,0,0,0,0,100,1744,1.6279,0.0147815,1.64363,61,0,24,24,27,0,-2,0,0,0,44,3937,4295,584,175,29,629,36706,35285,106,1024,65,98,2.29921e+06,0,0,0,0,1,432,1728,0,564,3960,0,0,0,0,0,0,0,0,1299,-1338,0,0,130
2537.47,0,0,0,0,100,1750,1.62807,0.014782,1.64325,61,0,24,24,27,0,-2,0,0,0,44,3930,4295,586,175,29,629,36706,35285,106,1024,65,98,2.30298e+06,0,0,0,0,1,0,0,2151,568,3966,0,0,0,0,0,0,0,0,1299,-1326,0,0,130
2537.48,0,0,0,0,100,1750,1.62823,0.0147825,1.64287,61,0,24,24,27,0,-2,0,0,0,44,3930,4295,584,175,29,629,36706,35285,106,1024,65,98,2.29512e+06,0,0,0,0,1,0,0,2151,568,3966,0,0,0,0,0,0,0,0,1299,-1350,0,0,130
2537.49,0,0,0,0,100,1758,1.6284,0.0147831,1.6425,61,0,24,24,27,0,-2,0,0,0,44,3930,4295,584,175,30,629,36706,35285,106,1024,65,98,2.29512e+06,0,0,0,0,1,616,1619,0,573,3960,0,0,0,0,0,0,0,0,1299,-1350,0,0,130
2537.5,0,0,0,0,100,1765,1.62857,0.0147836,1.64212,61,0,24,24,27,0,-2,0,0,0,44,3930,4295,587,175,30,629,36649,35090,106,1024,64,98,2.30691e+06,0,0,0,0,1,0,0,2277,579,3973,0,0,0,0,0,0,0,0,1299,-1346,0,0,130
2537.51,0,0,0,0,100,1762,1.62838,0.0147817,1.64259,61,0,24,24,27,0,-2,0,0,0,44,3930,4295,589,175,30,629,36649,35090,106,1024,64,98,2.31477e+06,0,0,0,0,1,1241,917,0,574,3969,0,0,0,0,0,0,0,0,1299,-1267,0,0,130
2537.52,0,0,0,0,100,1764,1.6282,0.0147797,1.64306,61,0,24,24,27,0,-2,0,0,0,44,3930,4295,590,175,30,629,36649,35090,106,1024,64,98,2.3187e+06,0,0,0,0,1,0,0,2000,565,3988,0,0,0,0,0,0,0,0,1299,-1199,0,0,130
2537.53,0,0,0,0,100,1773,1.62801,0.0147778,1.64354,61,0,24,24,27,0,-2,0,0,0,44,3930,4295,590,175,30,629,36649,35090,106,1024,64,98,2.3187e+06,0,0,0,0,1,2067,0,0,577,3945,0,0,0,0,0,0,0,0,1299,-1323,0,0,130
2537.54,0,0,0,0,100,1773,1.62783,0.0147759,1.64401,61,0,24,24,27,0,-2,0,0,0,44,3931,4295,588,175,30,629,36649,35090,106,1024,64,98,2.31143e+06,0,0,0,0,1,2067,0,0,577,3945,0,0,0,0,0,0,0,0,1299,-1346,0,0,130
2537.55,0,0,0,0,100,1780,1.62764,0.0147739,1.64448,61,0,24,24,27,0,-2,0,0,0,44,3931,4295,587,175,30,629,36649,35090,106,1024,64,98,2.3075e+06,0,0,0,0,1,0,835,1430,583,3973,0,0,0,0,0,0,0,0,1299,-1346,0,0,130
2537.56,0,0,0,0,100,1786,1.62745,0.014772,1.64495,61,0,24,24,27,0,-2,0,0,0,44,3931,4295,570,175,30,629,36649,35090,106,1024,64,98,2.24067e+06,0,0,0,0,1,1942,0,0,578,3956,0,0,0,0,0,0,0,0,1299,-1248,0,0,130
2537.57,0,0,0,0,100,1789,1.62727,0.01477,1.64543,61,0,24,24,27,0,-2,0,0,0,44,3931,4295,570,175,30,629,36649,35090,106,1024,64,98,2.24067e+06,0,0,0,0,1,0,2228,0,583,3979,0,0,0,0,0,0,0,0,1299,-1308,0,0,130
2537.58,0,0,0,0,100,1783,1.62708,0.0147681,1.6459,61,0,24,24,27,0,-2,0,0,0,44,3934,4295,581,175,30,629,36649,35090,106,1024,64,98,2.28565e+06,0,0,0,0,1,588,0,1527,587,3981,0,0,0,0,0,0,0,0,1299,-1271,0,0,130
2537.59,0,0,0,0,100,1782,1.6269,0.0147662,1.64637,61,0,24,24,27,0,-2,0,0,0,44,3934,4295,576,175,30,629,36649,35090,106,1024,64,98,2.26598e+06,0,0,0,0,1,341,1781,0,583,3956,0,0,0,0,0,0,0,0,1299,-1333,0,0,130
2537.6,0,0,0,0,100,1782,1.62671,0.0147642,1.64684,61,0,24,24,27,0,-2,0,0,0,42,3930,4295,567,175,30,629,36640,35253,106,1024,65,98,2.22831e+06,0,0,0,0,1,341,1781,0,583,3960,0,0,0,0,0,0,0,0,1299,-1327,0,0,130
2537.61,0,0,0,0,100,1781,1.62669,0.0147515,1.64704,61,0,24,24,27,0,-2,0,0,0,42,3930,4295,567,175,30,629,36640,35253,106,1024,65,98,2.22831e+06,0,0,0,0,1,0,0,2276,583,3960,0,0,0,0,0,0,0,0,1299,-1327,0,0,130
2537.62,0,0,0,0,100,1777,1.62668,0.0147388,1.64723,61,0,24,24,27,0,-2,0,0,0,42,3930,4295,577,175,30,629,36640,35253,106,1024,65,98,2.26761e+06,0,0,0,0,1,1700,267,0,577,3966,0,0,0,0,0,0,0,0,1299,-1246,0,0,130
2537.63,0,0,0,0,100,1769,1.62667,0.0147262,1.64742,61,0,24,24,27,0,-2,0,0,0,42,3933,4295,573,175,30,629,36640,35253,106,1024,65,98,2.25361e+06,0,0,0,0,1,0,222,1820,576,3973,0,0,0,0,0,0,0,0,1299,-1299,0,0,130
2537.64,0,0,0,0,100,1763,1.62665,0.0147135,1.64761,61,0,24,24,27,0,-2,0,0,0,42,3933,4295,571,175,30,629,36640,35253,106,1024,65,98,2.24574e+06,0,0,0,0,1,2243,0,0,583,3954,0,0,0,0,0,0,0,0,1299,-1376,0,0,130
2537.65,0,0,0,0,100,1761,1.62664,0.0147008,1.6478,61,0,24,24,27,0,-2,0,0,0,42,3933,4295,571,175,30,629,36640,35253,106,1024,65,98,2.24574e+06,0,0,0,0,1,0,673,1555,572,3975,0,0,0,0,0,0,0,0,1299,-1346,0,0,130
2537.66,0,0,0,0,100,1761,1.62662,0.0146881,1.648,61,0,24,24,27,0,-2,0,0,0,42,3934,4293,549,175,30,629,36640,35253,106,1024,65,98,2.15977e+06,0,0,0,0,1,0,673,1555,572,3973,0,0,0,0,0,0,0,0,1299,-1315,0,0,130
2537.67,0,0,0,0,100,1761,1.62661,0.0146754,1.64819,61,0,24,24,27,0,-2,0,0,0,42,3934,4293,556,175,30,629,36640,35253,106,1024,65,98,2.1873e+06,0,0,0,0,1,2247,0,0,572,3973,0,0,0,0,0,0,0,0,1299,-1315,0,0,130
2537.68,0,0,0,0,100,1751,1.62659,0.0146627,1.64838,61,0,24,24,27,0,-2,0,0,0,42,3934,4293,559,175,30,629,36640,35253,106,1024,65,98,2.19911e+06,0,0,0,0,1,0,1045,1272,577,3979,0,0,0,0,0,0,0,0,1299,-1322,0,0,130
2537.69,0,0,0,0,100,1735,1.62658,0.01465,1.64857,61,0,24,24,27,0,-2,0,0,0,42,3934,4293,559,175,30,629,36640,35253,106,1024,65,98,2.19911e+06,0,0,0,0,1,2288,0,0,572,3956,0,0,0,0,0,0,0,0,1299,-1365,0,0,130
2537.7,0,0,0,0,100,1732,1.62657,0.0146373,1.64876,61,0,24,24,27,0,-2,0,0,0,44,3937,4293,562,175,30,629,36696,35405,106,1024,87,98,2.21259e+06,0,0,0,0,1,0,386,1725,563,3977,0,0,0,0,0,0,0,0,1299,-1343,0,0,130
2537.71,0,0,0,0,100,1728,1.62653,0.0146478,1.64869,61,0,24,24,27,0,-2,0,0,0,44,3939,4293,557,175,30,629,36696,35405,106,1024,87,98,2.19402e+06,0,0,0,0,1,1835,31,0,558,3973,0,0,0,0,0,0,0,0,1299,-1294,0,0,130
2537.72,0,0,0,0,100,1728,1.62649,0.0146582,1.64861,61,0,24,24,27,0,-2,0,0,0,44,3939,4293,556,175,30,629,36696,35405,106,1024,87,98,2.19008e+06,0,0,0,0,1,1835,31,0,558,3973,0,0,0,0,0,0,0,0,1299,-1215,0,0,130
2537.73,0,0,0,0,100,1727,1.62645,0.0146686,1.64853,61,0,24,24,27,0,-2,0,0,0,44,3939,4293,556,175,30,629,36696,35405,106,1024,87,98,2.19008e+06,0,0,0,0,1,0,0,2166,554,3995,0,0,0,0,0,0,0,0,1299,-1215,0,0,130
2537.74,0,0,0,0,100,1730,1.62641,0.014679,1.64845,61,0,24,24,27,0,-2,0,0,0,44,3936,4293,565,175,30,629,36696,35405,106,1024,87,98,2.22384e+06,0,0,0,0,1,788,1484,0,565,3966,0,0,0,0,0,0,0,0,1299,-1322,0,0,130
2537.75,0,0,0,0,100,1724,1.62637,0.0146894,1.64837,61,0,24,24,27,0,-2,0,0,0,44,3936,4293,570,175,30,629,36696,35405,106,1024,87,98,2.24352e+06,0,0,0,0,1,0,0,2124,569,3964,0,0,0,0,0,0,0,0,1299,-1375,0,0,130
2537.76,0,0,0,0,100,1720,1.62633,0.0146998,1.64829,61,0,24,24,27,0,-2,0,0,0,44,3936,4293,570,175,30,629,36696,35405,106,1024,87,98,2.24352e+06,0,0,0,0,1,0,2027,0,558,3969,0,0,0,0,0,0,0,0,1299,-1242,0,0,130
2537.77,0,0,0,0,100,1716,1.62629,0.0147103,1.64821,61,0,24,24,27,0,-2,0,0,0,44,3936,4293,570,175,30,629,36696,35405,106,1024,87,98,2.24352e+06,0,0,0,0,1,1290,0,941,557,3990,0,0,0,0,0,0,0,0,1299,-1300,0,0,130
2537.78,0,0,0,0,100,1716,1.62626,0.0147207,1.64813,61,0,24,24,27,0,-2,0,0,0,44,3933,4293,570,175,30,629,36696,35405,106,1024,87,98,2.24181e+06,0,0,0,0,1,1290,0,941,557,3990,0,0,0,0,0,0,0,0,1299,-1307,0,0,130
2537.79,0,0,0,0,100,1716,1.62622,0.0147311,1.64806,61,0,24,24,27,0,-2,0,0,0,44,3933,4293,572,175,30,629,36696,35405,106,1024,87,98,2.24968e+06,0,0,0,0,1,0,2064,0,558,3983,0,0,0,0,0,0,0,0,1299,-1307,0,0,130
2537.8,0,0,0,0,100,1722,1.62618,0.0147415,1.64798,61,0,24,24,27,0,-2,0,0,0,43,3933,4292,575,175,30,629,36667,35168,106,1024,64,98,2.26148e+06,0,0,0,0,1,2075,0,0,558,3969,0,0,0,0,0,0,0,0,1299,-1259,0,0,130
2537.81,0,0,0,0,100,1724,1.62588,0.0147453,1.64751,61,0,24,24,27,0,-2,0,0,0,43,3933,4292,575,175,29,629,36667,35168,106,1024,64,98,2.26148e+06,0,0,0,0,1,0,873,1406,564,3977,0,0,0,0,0,0,0,0,1299,-1334,0,0,130
2537.82,0,0,0,0,100,1723,1.62557,0.014749,1.64703,61,0,24,24,27,0,-2,0,0,0,43,3933,4292,582,175,29,629,36667,35168,106,1024,64,98,2.28901e+06,0,0,0,0,1,2222,0,0,562,3954,0,0,0,0,0,0,0,0,1299,-1357,0,0,130
2537.83,0,0,0,0,100,1730,1.62527,0.0147528,1.64656,61,0,24,24,27,0,-2,0,0,0,43,3933,4292,577,175,29,629,36667,35168,106,1024,64,98,2.26934e+06,0,0,0,0,1,0,0,1844,555,3979,0,0,0,0,0,0,0,0,1299,-1226,0,0,130
2537.84,0,0,0,0,100,1730,1.62497,0.0147566,1.64609,61,0,24,24,27,0,-2,0,0,0,43,3928,4292,571,175,29,629,36667,35168,106,1024,64,98,2.24289e+06,0,0,0,0,1,0,0,1844,555,3979,0,0,0,0,0,0,0,0,1299,-1241,0,0,130
2537.85,0,0,0,0,100,1741,1.62467,0.0147603,1.64562,61,0,24,24,27,0,-2,0,0,0,43,3928,4292,571,175,29,629,36667,35168,106,1024,64,98,2.24289e+06,0,0,0,0,1,1587,429,0,565,3979,0,0,0,0,0,0,0,0,1299,-1241,0,0,130
2537.86,0,0,0,0,100,1742,1.62437,0.0147641,1.64515,61,0,24,24,27,0,-2,0,0,0,43,3933,4292,586,175,29,629,36667,35168,106,1024,64,98,2.30474e+06,0,0,0,0,1,0,0,2147,569,3983,0,0,0,0,0,0,0,0,1299,-1253,0,0,130
2537.87,0,0,0,0,100,1741,1.62406,0.0147679,1.64467,61,0,24,24,27,0,-2,0,0,0,43,3933,4292,586,175,29,629,36667,35168,106,1024,64,98,2.30474e+06,0,0,0,0,1,1155,1033,0,567,3973,0,0,0,0,0,0,0,0,1299,-1280,0,0,130
2537.88,0,0,0,0,100,1744,1.62376,0.0147716,1.6442,61,0,24,24,27,0,-2,0,0,0,43,3933,4292,589,175,29,629,36667,35168,106,1024,64,98,2.31654e+06,0,0,0,0,1,0,0,2256,570,3969,0,0,0,0,0,0,0,0,1299,-1319,0,0,130
2537.89,0,0,0,0,100,1747,1.62346,0.0147754,1.64373,61,0,24,24,27,0,-2,0,0,0,43,3933,4292,589,175,29,629,36667,35168,106,1024,64,98,2.31654e+06,0,0,0,0,1,903,1327,0,565,3969,0,0,0,0,0,0,0,0,1299,-1310,0,0,130
2537.9,0,0,0,0,100,1747,1.62316,0.0147792,1.64326,61,0,24,24,27,0,-2,0,0,0,43,3932,4292,573,175,29,629,36628,35264,106,1024,65,98,2.25304e+06,0,0,0,0,1,903,1327,0,565,3969,0,0,0,0,0,0,0,0,1299,-1262,0,0,130
2537.91,0,0,0,0,100,1758,1.62316,0.014769,1.64342,61,0,24,24,27,0,-2,0,0,0,43,3932,4292,582,175,29,629,36628,35264,106,1024,65,98,2.28842e+06,0,0,0,0,1,0,0,2194,563,3981,0,0,0,0,0,0,0,0,1299,-1262,0,0,130
2537.92,0,0,0,0,100,1766,1.62315,0.0147588,1.64359,61,0,24,24,27,0,-2,0,0,0,43,3929,4292,586,175,29,629,36628,35264,106,1024,65,98,2.30239e+06,0,0,0,0,1,1589,445,0,577,3971,0,0,0,0,0,0,0,0,1299,-1249,0,0,130
2537.93,0,0,0,0,100,1768,1.62315,0.0147487,1.64375,61,0,24,24,27,0,-2,0,0,0,43,3929,4292,586,175,29,629,36628,35264,106,1024,65,98,2.30239e+06,0,0,0,0,1,0,87,1891,585,3966,0,0,0,0,0,0,0,0,1299,-1313,0,0,130
2537.94,0,0,0,0,100,1771,1.62315,0.0147385,1.64392,61,0,24,24,27,0,-2,0,0,0,43,3925,4292,571,175,29,629,36628,35264,106,1024,65,98,2.24118e+06,0,0,0,0,1,2208,0,0,580,3940,0,0,0,0,0,0,0,0,1299,-1351,0,0,130
2537.95,0,0,0,0,100,1768,1.62315,0.0147283,1.64408,61,0,24,24,27,0,-2,0,0,0,43,3925,4292,575,175,29,629,36628,35264,106,1024,65,98,2.25688e+06,0,0,0,0,1,0,914,1357,578,3969,0,0,0,0,0,0,0,0,1299,-1319,0,0,130
2537.96,0,0,0,0,100,1768,1.62315,0.0147182,1.64425,61,0,24,24,27,0,-2,0,0,0,43,3925,4292,575,175,29,629,36628,35264,106,1024,65,98,2.25688e+06,0,0,0,0,1,0,914,1357,578,3969,0,0,0,0,0,0,0,0,1299,-1269,0,0,130
2537.97,0,0,0,0,100,1768,1.62315,0.014708,1.64441,61,0,24,24,27,0,-2,0,0,0,43,3925,4292,575,175,29,629,36628,35264,106,1024,65,98,2.25688e+06,0,0,0,0,1,2151,0,0,573,3973,0,0,0,0,0,0,0,0,1299,-1269,0,0,130
2537.98,0,0,0,0,100,1776,1.62315,0.0146978,1.64458,61,0,24,24,27,0,-2,0,0,0,43,3927,4292,579,175,29,629,36628,35264,106,1024,65,98,2.27373e+06,0,0,0,0,1,0,1939,0,577,3971,0,0,0,0,0,0,0,0,1299,-1280,0,0,130
2537.99,0,0,0,0,100,1772,1.62315,0.0146877,1.64474,61,0,24,24,27,0,-2,0,0,0,43,3927,4292,577,175,29,629,36628,35264,106,1024,65,98,2.26588e+06,0,0,0,0,1,1719,0,551,591,3971,0,0,0,0,0,0,0,0,1299,-1393,0,0,130
2538,0,0,0,0,100,1769,1.62314,0.0146775,1.64491,61,0,24,24,27,0,-2,0,0,0,43,3931,4292,573,175,29,629,36601,35011,106,1024,64,98,2.25246e+06,0,0,0,0,1,0,2226,0,572,3979,0,0,0,0,0,0,0,0,1299,-1305,0,0,130
2538.01,0,0,0,0,100,1767,1.62354,0.0146588,1.64446,61,0,24,24,27,0,-2,0,0,0,43,3931,4292,573,175,29,629,36601,35011,106,1024,64,98,2.25246e+06,0,0,0,0,1,735,0,1387,574,3986,0,0,0,0,0,0,0,0,1299,-1255,0,0,130
2538.02,0,0,0,0,100,1767,1.62394,0.0146401,1.644,61,0,24,24,27,0,-2,0,0,0,43,3928,4292,562,175,29,629,36601,35011,106,1024,64,98,2.20754e+06,0,0,0,0,1,735,0,1387,574,3986,0,0,0,0,0,0,0,0,1299,-1245,0,0,130
2538.03,0,0,0,0,100,1764,1.62433,0.0146214,1.64355,61,0,24,24,27,0,-2,0,0,0,43,3928,4291,561,175,29,629,36601,35011,106,1024,64,98,2.20361e+06,0,0,0,0,1,0,1898,0,577,3964,0,0,0,0,0,0,0,0,1299,-1245,0,0,130
2538.04,0,0,0,0,100,1757,1.62473,0.0146027,1.6431,61,0,24,24,27,0,-2,0,0,0,43,3928,4291,555,175,29,629,36601,35011,106,1024,64,98,2.18004e+06,0,0,0,0,1,0,0,1951,579,3962,0,0,0,0,0,0,0,0,1299,-1292,0,0,130
2538.05,0,0,0,0,100,1748,1.62512,0.014584,1.64265,61,0,24,24,27,0,-2,0,0,0,43,3928,4291,555,175,29,629,36601,35011,106,1024,64,98,2.18004e+06,0,0,0,0,1,104,1847,0,572,3960,0,0,0,0,0,0,0,0,1299,-1279,0,0,130
2538.06,0,0,0,0,100,1739,1.62552,0.0145653,1.64219,61,0,24,24,27,0,-2,0,0,0,43,3939,4291,566,175,29,629,36601,35011,106,1024,64,98,2.22947e+06,0,0,0,0,1,239,0,1721,566,3981,0,0,0,0,0,0,0,0,1299,-1238,0,0,130
2538.07,0,0,0,0,100,1739,1.62592,0.0145466,1.64174,61,0,24,24,27,0,-2,0,0,0,43,3939,4291,562,175,29,629,36601,35011,106,1024,64,98,2.21372e+06,0,0,0,0,1,0,1894,0,561,3971,0,0,0,0,0,0,0,0,1299,-1223,0,0,130
2538.08,0,0,0,0,100,1739,1.62631,0.0145279,1.64129,61,0,24,24,27,0,-2,0,0,0,43,3930,4291,564,175,29,629,36601,35011,106,1024,64,98,2.21652e+06,0,0,0,0,1,0,1894,0,561,3971,0,0,0,0,0,0,0,0,1299,-1282,0,0,130
2538.09,0,0,0,0,100,1739,1.62671,0.0145092,1.64084,61,0,24,24,27,0,-2,0,0,0,43,3930,4291,564,175,29,629,36601,35011,106,1024,64,98,2.21652e+06,0,0,0,0,1,1044,0,1123,566,3995,0,0,0,0,0,0,0,0,1299,-1282,0,0,130
2538.1,0,0,0,0,100,1734,1.62711,0.0144905,1.64039,61,0,24,24,27,0,-2,0,0,0,43,3936,4291,557,175,29,629,36655,35119,106,1024,64,98,2.19235e+06,0,0,0,0,1,0,2230,0,563,3979,0,0,0,0,0,0,0,0,1299,-1321,0,0,130
2538.11,0,0,0,0,100,1729,1.62741,0.0145114,1.64043,61,0,24,24,27,0,-2,0,0,0,43,3936,4291,564,175,29,629,36655,35119,106,1024,64,98,2.2199e+06,0,0,0,0,1,1776,0,355,566,3969,0,0,0,0,0,0,0,0,1299,-1338,0,0,130
2538.12,0,0,0,0,100,1727,1.62771,0.0145323,1.64048,61,0,24,24,27,0,-2,0,0,0,43,3936,4291,565,175,29,629,36655,35119,106,1024,64,98,2.22384e+06,0,0,0,0,1,0,1820,115,566,3977,0,0,0,0,0,0,0,0,1299,-1264,0,0,130
2538.13,0,0,0,0,100,1721,1.62801,0.0145532,1.64053,61,0,24,24,27,0,-2,0,0,0,43,3936,4291,565,175,29,629,36655,35119,106,1024,64,98,2.22384e+06,0,0,0,0,1,2243,0,0,561,3966,0,0,0,0,0,0,0,0,1299,-1310,0,0,130
2538.14,0,0,0,0,100,1721,1.62831,0.0145741,1.64058,61,0,24,24,27,0,-2,0,0,0,43,3935,4291,556,175,29,629,36655,35119,106,1024,64,98,2.18786e+06,0,0,0,0,1,2243,0,0,561,3975,0,0,0,0,0,0,0,0,1299,-1305,0,0,130
2538.15,0,0,0,0,100,1721,1.62861,0.014595,1.64063,61,0,24,24,27,0,-2,0,0,0,43,3935,4291,561,175,29,629,36655,35119,106,1024,64,98,2.20754e+06,0,0,0,0,1,0,416,1731,555,3975,0,0,0,0,0,0,0,0,1299,-1305,0,0,130
2538.16,0,0,0,0,100,1721,1.62891,0.014616,1.64068,61,0,24,24,27,0,-2,0,0,0,43,3937,4291,572,175,29,629,36655,35119,106,1024,64,98,2.25196e+06,0,0,0,0,1,1753,193,0,561,3971,0,0,0,0,0,0,0,0,1299,-1250,0,0,130
2538.17,0,0,0,0,100,1716,1.62921,0.0146369,1.64073,61,0,24,24,27,0,-2,0,0,0,43,3937,4291,572,175,29,629,36655,35119,106,1024,64,98,2.25196e+06,0,0,0,0,1,0,0,2315,569,3969,0,0,0,0,0,0,0,0,1299,-1364,0,0,130
2538.18,0,0,0,0,100,1716,1.62951,0.0146578,1.64077,61,0,24,24,27,0,-2,0,0,0,43,3929,4291,572,175,29,629,36655,35119,106,1024,64,98,2.24739e+06,0,0,0,0,1,186,1801,0,553,3969,0,0,0,0,0,0,0,0,1299,-1280,0,0,130
2538.19,0,0,0,0,100,1715,1.62981,0.0146787,1.64082,61,0,24,24,27,0,-2,0,0,0,43,3929,4291,568,175,29,629,36655,35119,106,1024,64,98,2.23167e+06,0,0,0,0,1,1010,0,1166,555,4005,0,0,0,0,0,0,0,0,1299,-1278,0,0,130
2538.2,0,0,0,0,100,1715,1.63011,0.0146996,1.64087,61,0,24,24,27,0,-2,0,0,0,43,3929,4290,567,175,29,629,36631,35315,105,1024,68,98,2.22774e+06,0,0,0,0,1,1010,0,1166,555,3977,0,0,0,0,0,0,0,0,1299,-1329,0,0,130
2538.21,0,0,0,0,100,1723,1.62983,0.0147054,1.64117,61,0,24,24,27,0,-2,0,0,0,43,3929,4290,567,175,29,629,36631,35315,105,1024,68,98,2.22774e+06,0,0,0,0,1,0,2191,0,558,3977,0,0,0,0,0,0,0,0,1299,-1329,0,0,130
2538.22,0,0,0,0,100,1730,1.62955,0.0147112,1.64146,61,0,24,24,27,0,-2,0,0,0,43,3931,4290,579,175,29,629,36631,35315,105,1024,68,98,2.27605e+06,0,0,0,0,1,1831,0,202,566,3973,0,0,0,0,0,0,0,0,1299,-1316,0,0,130
2538.23,0,0,0,0,100,1726,1.62928,0.014717,1.64176,61,0,24,24,27,0,-2,0,0,0,43,3931,4290,582,175,29,629,36631,35315,105,1024,68,98,2.28784e+06,0,0,0,0,1,0,1617,463,566,3981,0,0,0,0,0,0,0,0,1299,-1262,0,0,130
2538.24,0,0,0,0,100,1724,1.629,0.0147228,1.64205,61,0,24,24,27,0,-2,0,0,0,43,3931,4290,578,175,29,629,36631,35315,105,1024,68,98,2.27212e+06,0,0,0,0,1,2255,0,0,563,3966,0,0,0,0,0,0,0,0,1299,-1289,0,0,130
2538.25,0,0,0,0,100,1734,1.62872,0.0147286,1.64235,61,0,24,24,27,0,-2,0,0,0,43,3931,4290,578,175,29,629,36631,35315,105,1024,68,98,2.27212e+06,0,0,0,0,1,0,548,1623,563,3966,0,0,0,0,0,0,0,0,1299,-1328,0,0,130
2538.26,0,0,0,0,100,1738,1.62844,0.0147344,1.64265,61,0,24,24,27,0,-2,0,0,0,43,3928,4290,586,175,29,629,36631,35315,105,1024,68,98,2.30181e+06,0,0,0,0,1,1836,0,203,568,3969,0,0,0,0,0,0,0,0,1299,-1345,0,0,130
2538.27,0,0,0,0,100,1749,1.62817,0.0147402,1.64294,61,0,24,24,27,0,-2,0,0,0,43,3928,4290,581,175,29,629,36631,35315,105,1024,68,98,2.28217e+06,0,0,0,0,1,0,1851,12,569,3979,0,0,0,0,0,0,0,0,1299,-1248,0,0,130
2538.28,0,0,0,0,100,1749,1.62789,0.014746,1.64324,61,0,24,24,27,0,-2,0,0,0,43,3928,4290,573,175,29,629,36631,35315,105,1024,68,98,2.25074e+06,0,0,0,0,1,0,1851,12,569,3979,0,0,0,0,0,0,0,0,1299,-1248,0,0,130
2538.29,0,0,0,0,100,1759,1.62761,0.0147518,1.64353,61,0,24,24,27,0,-2,0,0,0,43,3928,4290,573,175,29,629,36631,35315,105,1024,68,98,2.25074e+06,0,0,0,0,1,1819,0,168,573,3962,0,0,0,0,0,0,0,0,1299,-1292,0,0,130
2538.3,0,0,0,0,100,1763,1.62733,0.0147576,1.64383,61,0,24,24,27,0,-2,0,0,0,44,3926,4290,586,175,29,629,36630,35147,106,1024,39,98,2.30064e+06,0,0,0,0,1,0,2181,0,579,3960,0,0,0,0,0,0,0,0,1299,-1354,0,0,130
2538.31,0,0,0,0,100,1764,1.62664,0.0147619,1.64374,61,0,24,24,27,0,-2,0,0,0,44,3926,4290,572,175,29,629,36630,35147,106,1024,39,98,2.24567e+06,0,0,0,0,1,1577,0,665,581,3977,0,0,0,0,0,0,0,0,1299,-1351,0,0,130
2538.32,0,0,0,0,100,1772,1.62594,0.0147663,1.64365,61,0,24,24,27,0,-2,0,0,0,44,3924,4290,579,175,29,629,36630,35147,106,1024,39,98,2.272e+06,0,0,0,0,1,0,2187,0,576,3975,0,0,0,0,0,0,0,0,1299,-1282,0,0,130
2538.33,0,0,0,0,100,1780,1.62524,0.0147706,1.64356,61,0,24,24,27,0,-2,0,0,0,44,3924,4290,579,174,30,629,36630,35147,106,1024,39,98,2.272e+06,0,0,0,0,1,0,0,1937,581,3966,0,0,0,0,0,0,0,0,1299,-1325,0,0,130
2538.34,0,0,0,0,100,1780,1.62455,0.0147749,1.64347,61,0,24,24,27,0,-2,0,0,0,44,3928,4290,578,174,30,629,36630,35147,106,1024,39,98,2.27038e+06,0,0,0,0,1,0,0,1937,581,3966,0,0,0,0,0,0,0,0,1299,-1325,0,0,130
2538.35,0,0,0,0,100,1789,1.62385,0.0147793,1.64338,61,0,24,24,27,0,-2,0,0,0,44,3928,4290,576,174,30,629,36630,35147,106,1024,39,98,2.26253e+06,0,0,0,0,1,843,1409,0,580,3958,0,0,0,0,0,0,0,0,1299,-1329,0,0,130
2538.36,0,0,0,0,100,1791,1.62315,0.0147836,1.64329,61,0,24,24,27,0,-2,0,0,0,44,3928,4290,576,174,30,629,36630,35147,106,1024,39,98,2.26253e+06,0,0,0,0,1,0,0,1889,583,3966,0,0,0,0,0,0,0,0,1299,-1307,0,0,130
2538.37,0,0,0,0,100,1794,1.62245,0.0147879,1.6432,61,0,24,24,27,0,-2,0,0,0,44,3928,4290,576,174,30,629,36630,35147,106,1024,39,98,2.26253e+06,0,0,0,0,1,2260,0,0,588,3958,0,0,0,0,0,0,0,0,1299,-1329,0,0,130
2538.38,0,0,0,0,100,1808,1.62176,0.0147923,1.64311,61,0,24,24,27,0,-2,0,0,0,44,3929,4290,560,174,30,629,36630,35147,106,1024,39,98,2.20024e+06,0,0,0,0,1,0,2103,0,584,3966,0,0,0,0,0,0,0,0,1299,-1326,0,0,130
2538.39,0,0,0,0,100,1815,1.62106,0.0147966,1.64302,61,0,24,24,27,0,-2,0,0,0,44,3929,4290,568,174,30,629,36630,35147,106,1024,39,98,2.23167e+06,0,0,0,0,1,0,0,1934,597,3958,0,0,0,0,0,0,0,0,1299,-1351,0,0,130
2538.4,0,0,0,0,100,1815,1.62036,0.0148009,1.64293,61,0,24,24,26,0,-2,0,0,0,43,3929,4290,572,174,30,629,36603,35200,106,1024,65,98,2.24739e+06,0,0,0,0,1,0,0,1934,597,3958,0,0,0,0,0,0,0,0,1299,-1351,0,0,130
2538.41,0,0,0,0,100,1811,1.62062,0.0148105,1.64323,61,0,24,24,26,0,-2,0,0,0,43,3929,4290,572,174,30,629,36603,35200,106,1024,65,98,2.24739e+06,0,0,0,0,1,1370,763,0,592,3960,0,0,0,0,0,0,0,0,1299,-1265,0,0,130
2538.42,0,0,0,0,100,1808,1.62088,0.0148201,1.64353,61,0,24,24,26,0,-2,0,0,0,43,3929,4290,560,174,30,629,36603,35200,106,1024,65,98,2.20024e+06,0,0,0,0,1,0,722,1494,584,3969,0,0,0,0,0,0,0,0,1299,-1274,0,0,130
2538.43,0,0,0,0,100,1806,1.62113,0.0148297,1.64383,61,0,24,24,26,0,-2,0,0,0,43,3929,4290,557,174,30,629,36603,35200,106,1024,65,98,2.18845e+06,0,0,0,0,1,1823,0,199,591,3956,0,0,0,0,0,0,0,0,1299,-1311,0,0,130
2538.44,0,0,0,0,100,1811,1.62139,0.0148393,1.64413,61,0,24,24,26,0,-2,0,0,0,43,3929,4290,565,174,30,629,36603,35200,106,1024,65,98,2.21988e+06,0,0,0,0,1,0,1951,0,585,3964,0,0,0,0,0,0,0,0,1299,-1214,0,0,130
2538.45,0,0,0,0,100,1816,1.62165,0.0148489,1.64443,61,0,24,24,26,0,-2,0,0,0,43,3929,4290,565,174,30,629,36603,35200,106,1024,65,98,2.21988e+06,0,0,0,0,1,0,843,1415,585,3964,0,0,0,0,0,0,0,0,1299,-1295,0,0,130
2538.46,0,0,0,0,100,1818,1.6219,0.0148584,1.64472,61,0,24,24,26,0,-2,0,0,0,43,3931,4290,561,174,30,629,36603,35200,106,1024,65,98,2.20529e+06,0,0,0,0,1,1874,0,305,606,3958,0,0,0,0,0,0,0,0,1299,-1371,0,0,130
2538.47,0,0,0,0,100,1818,1.62216,0.014868,1.64502,61,0,24,24,26,0,-2,0,0,0,43,3931,4290,562,174,30,629,36603,35200,106,1024,65,98,2.20922e+06,0,0,0,0,1,1874,0,305,606,3958,0,0,0,0,0,0,0,0,1299,-1254,0,0,130
2538.48,0,0,0,0,100,1815,1.62242,0.0148776,1.64532,61,0,24,24,26,0,-2,0,0,0,43,3935,4290,564,174,30,629,36603,35200,106,1024,65,98,2.21934e+06,0,0,0,0,1,0,1869,0,593,3951,0,0,0,0,0,0,0,0,1299,-1254,0,0,130
2538.49,0,0,0,0,100,1813,1.62267,0.0148872,1.64562,61,0,24,24,26,0,-2,0,0,0,43,3935,4290,564,174,30,629,36603,35200,106,1024,65,98,2.21934e+06,0,0,0,0,1,0,0,2189,596,3977,0,0,0,0,0,0,0,0,1299,-1299,0,0,130
2538.5,0,0,0,0,100,1806,1.62293,0.0148968,1.64592,61,0,24,24,27,0,-2,0,0,0,43,3935,4290,562,174,30,629,36671,35241,106,1024,65,98,2.21147e+06,0,0,0,0,1,2284,0,0,594,3951,0,0,0,0,0,0,0,0,1299,-1365,0,0,130
2538.51,0,0,0,0,100,1805,1.62312,0.0148853,1.6452,61,0,24,24,27,0,-2,0,0,0,43,3930,4290,560,174,30,629,36671,35241,106,1024,65,98,2.2008e+06,0,0,0,0,1,0,1912,0,577,3975,0,0,0,0,0,0,0,0,1299,-1252,0,0,130
2538.52,0,0,0,0,100,1806,1.62332,0.0148739,1.64448,61,0,24,24,27,0,-2,0,0,0,43,3930,4290,562,174,30,629,36671,35241,106,1024,65,98,2.20866e+06,0,0,0,0,1,757,0,1360,587,3981,0,0,0,0,0,0,0,0,1299,-1249,0,0,130
2538.53,0,0,0,0,100,1806,1.62351,0.0148625,1.64377,61,0,24,24,27,0,-2,0,0,0,43,3930,4290,562,174,30,629,36671,35241,106,1024,65,98,2.20866e+06,0,0,0,0,1,757,0,1360,587,3981,0,0,0,0,0,0,0,0,1299,-1342,0,0,130
2538.54,0,0,0,0,100,1802,1.6237,0.014851,1.64305,61,0,24,24,27,0,-2,0,0,0,43,3932,4286,565,174,30,629,36671,35241,106,1024,65,98,2.22158e+06,0,0,0,0,1,665,1570,0,589,3951,0,0,0,0,0,0,0,0,1299,-1342,0,0,130
2538.55,0,0,0,0,100,1804,1.62389,0.0148396,1.64233,61,0,24,24,27,0,-2,0,0,0,43,3932,4286,566,174,30,629,36671,35241,106,1024,65,98,2.22551e+06,0,0,0,0,1,0,54,1860,586,3962,0,0,0,0,0,0,0,0,1299,-1299,0,0,130
2538.56,0,0,0,0,100,1808,1.62409,0.0148281,1.64162,61,0,24,24,27,0,-2,0,0,0,43,3932,4286,561,174,30,629,36671,35241,106,1024,65,98,2.20585e+06,0,0,0,0,1,2187,0,0,591,3964,0,0,0,0,0,0,0,0,1299,-1287,0,0,130
2538.57,0,0,0,0,100,1801,1.62428,0.0148167,1.6409,61,0,24,24,27,0,-2,0,0,0,43,3932,4286,561,174,30,629,36671,35241,106,1024,65,98,2.20585e+06,0,0,0,0,1,0,2214,0,589,3960,0,0,0,0,0,0,0,0,1299,-1338,0,0,130
2538.58,0,0,0,0,100,1793,1.62447,0.0148053,1.64019,61,0,24,24,27,0,-2,0,0,0,43,3930,4286,562,174,30,629,36671,35241,106,1024,65,98,2.20866e+06,0,0,0,0,1,306,0,1664,585,3971,0,0,0,0,0,0,0,0,1299,-1227,0,0,130
2538.59,0,0,0,0,100,1793,1.62467,0.0147938,1.63947,61,0,24,24,27,0,-2,0,0,0,43,3929,4286,562,174,30,629,36671,35241,106,1024,65,98,2.2081e+06,0,0,0,0,1,306,0,1664,585,3971,0,0,0,0,0,0,0,0,1299,-1318,0,0,130
2538.6,0,0,0,0,100,1795,1.62486,0.0147824,1.63875,61,0,24,24,27,0,-2,0,0,0,43,3929,4286,573,174,30,629,36614,35317,106,1024,68,98,2.25132e+06,0,0,0,0,1,708,1502,0,583,3951,0,0,0,0,0,0,0,0,1299,-1318,0,0,130
2538.61,0,0,0,0,100,1800,1.62534,0.0147884,1.63944,61,0,24,24,27,0,-2,0,0,0,43,3929,4286,573,174,30,629,36614,35317,106,1024,68,98,2.25132e+06,0,0,0,0,1,0,2,1875,585,3962,0,0,0,0,0,0,0,0,1299,-1284,0,0,130
2538.62,0,0,0,0,100,1810,1.62583,0.0147943,1.64012,61,0,24,24,27,0,-2,0,0,0,43,3923,4283,579,174,30,629,36614,35317,106,1024,68,98,2.27142e+06,0,0,0,0,1,2134,0,0,581,3964,0,0,0,0,0,0,0,0,1299,-1257,0,0,130
2538.63,0,0,0,0,100,1814,1.62631,0.0148003,1.6408,61,0,24,24,27,0,-2,0,0,0,43,3923,4283,571,174,30,629,36614,35317,106,1024,68,98,2.24003e+06,0,0,0,0,1,0,2236,0,588,3962,0,0,0,0,0,0,0,0,1299,-1317,0,0,130
2538.64,0,0,0,0,100,1815,1.62679,0.0148062,1.64149,61,0,24,24,27,0,-2,0,0,0,43,3927,4283,577,174,30,629,36614,35317,106,1024,68,98,2.26588e+06,0,0,0,0,1,0,0,1887,596,3962,0,0,0,0,0,0,0,0,1299,-1283,0,0,130
2538.65,0,0,0,0,100,1820,1.62728,0.0148122,1.64217,61,0,24,24,27,0,-2,0,0,0,43,3927,4283,577,174,30,629,36614,35317,106,1024,68,98,2.26588e+06,0,0,0,0,1,2204,0,0,585,3956,0,0,0,0,0,0,0,0,1299,-1263,0,0,130
2538.66,0,0,0,0,100,1820,1.62776,0.0148182,1.64285,61,0,24,24,27,0,-2,0,0,0,43,3927,4283,587,174,30,629,36614,35317,106,1024,68,98,2.30515e+06,0,0,0,0,1,0,2220,0,591,3960,0,0,0,0,0,0,0,0,1299,-1317,0,0,130
2538.67,0,0,0,0,100,1820,1.62825,0.0148241,1.64354,61,0,24,24,27,0,-2,0,0,0,43,3927,4283,583,174,30,629,36614,35317,106,1024,68,98,2.28944e+06,0,0,0,0,1,0,2220,0,591,3960,0,0,0,0,0,0,0,0,1299,-1317,0,0,130
2538.68,0,0,0,0,100,1823,1.62873,0.0148301,1.64422,61,0,24,24,27,0,-2,0,0,0,43,3927,4283,588,174,30,629,36614,35317,106,1024,68,98,2.30908e+06,0,0,0,0,1,0,0,2107,588,3951,0,0,0,0,0,0,0,0,1299,-1297,0,0,130
2538.69,0,0,0,0,100,1835,1.62921,0.0148361,1.64491,61,0,24,24,27,0,-2,0,0,0,43,3927,4283,588,174,30,629,36614,35317,106,1024,68,98,2.30908e+06,0,0,0,0,1,2200,0,0,601,3934,0,0,0,0,0,0,0,0,1299,-1357,0,0,130
2538.7,0,0,0,0,100,1839,1.6297,0.014842,1.64559,61,0,24,24,27,0,-2,0,0,0,43,3922,4283,597,174,30,629,36581,35024,106,1026,64,98,2.34143e+06,0,0,0,0,1,0,2275,0,608,3956,0,0,0,0,0,0,0,0,1299,-1350,0,0,130
2538.71,0,0,0,0,100,1844,1.62922,0.0148459,1.64549,61,0,24,24,27,0,-2,0,0,0,43,3922,4283,599,174,30,629,36581,35024,106,1026,64,98,2.34928e+06,0,0,0,0,1,0,0,2242,602,3954,0,0,0,0,0,0,0,0,1299,-1285,0,0,130
2538.72,0,0,0,0,100,1853,1.62874,0.0148497,1.64538,61,0,24,24,27,0,-2,0,0,0,43,3920,4283,588,174,30,629,36581,35024,106,1026,64,98,2.30496e+06,0,0,0,0,1,2153,0,0,594,3960,0,0,0,0,0,0,0,0,1299,-1216,0,0,130
2538.73,0,0,0,0,100,1853,1.62827,0.0148535,1.64528,61,0,24,24,27,0,-2,0,0,0,43,3920,4283,588,174,30,629,36581,35024,106,1026,64,98,2.30496e+06,0,0,0,0,1,2153,0,0,594,3960,0,0,0,0,0,0,0,0,1299,-1216,0,0,130
2538.74,0,0,0,0,100,1860,1.62779,0.0148573,1.64518,61,0,24,24,27,0,-2,0,0,0,43,3917,4283,588,174,30,629,36581,35024,106,1026,64,98,2.3032e+06,0,0,0,0,1,245,1796,0,602,3943,0,0,0,0,0,0,0,0,1299,-1303,0,0,130
2538.75,0,0,0,0,100,1868,1.62731,0.0148612,1.64507,61,0,24,24,27,0,-2,0,0,0,43,3917,4283,578,174,30,629,36581,35024,106,1026,64,98,2.26403e+06,0,0,0,0,1,0,972,1287,606,3962,0,0,0,0,0,0,0,0,1299,-1316,0,0,130
2538.76,0,0,0,0,100,1870,1.62684,0.014865,1.64497,61,0,24,24,27,0,-2,0,0,0,43,3917,4283,587,174,30,629,36581,35024,106,1026,64,98,2.29928e+06,0,0,0,0,1,0,0,2241,613,3938,0,0,0,0,0,0,0,0,1299,-1304,0,0,130
2538.77,0,0,0,0,100,1870,1.62636,0.0148688,1.64487,61,0,24,24,27,0,-2,0,0,0,43,3917,4283,587,174,30,629,36581,35024,106,1026,64,98,2.29928e+06,0,0,0,0,1,2020,0,0,610,3949,0,0,0,0,0,0,0,0,1299,-1255,0,0,130
2538.78,0,0,0,0,100,1878,1.62589,0.0148726,1.64476,61,0,24,24,27,0,-2,0,0,0,43,3925,4283,592,174,30,629,36581,35024,106,1026,64,98,2.3236e+06,0,0,0,0,1,602,1585,0,604,3932,0,0,0,0,0,0,0,0,1299,-1305,0,0,130
2538.79,0,0,0,0,100,1883,1.62541,0.0148765,1.64466,61,0,24,24,27,0,-2,0,0,0,43,3921,4283,592,174,30,629,36581,35024,106,1026,64,98,2.32123e+06,0,0,0,0,1,0,2013,0,610,3951,0,0,0,0,0,0,0,0,1299,-1291,0,0,130
2538.8,0,0,0,0,100,1883,1.62493,0.0148803,1.64456,61,0,24,24,27,0,-2,0,0,0,43,3921,4283,589,174,30,629,36542,35061,106,1026,65,98,2.30947e+06,0,0,0,0,1,0,2013,0,610,3951,0,0,0,0,0,0,0,0,1299,-1232,0,0,130
2538.81,0,0,0,0,100,1887,1.62474,0.0148821,1.64439,61,0,24,24,27,0,-2,0,0,0,43,3921,4283,589,174,30,629,36542,35061,106,1026,65,98,2.30947e+06,0,0,0,0,1,0,0,2083,604,3962,0,0,0,0,0,0,0,0,1299,-1232,0,0,130
2538.82,0,0,0,0,100,1893,1.62456,0.0148838,1.64422,61,0,24,24,27,0,-2,0,0,0,43,3919,4284,586,174,30,629,36542,35061,106,1026,65,98,2.29653e+06,0,0,0,0,1,1452,0,774,616,3966,0,0,0,0,0,0,0,0,1299,-1321,0,0,130
2538.83,0,0,0,0,100,1893,1.62437,0.0148856,1.64405,61,0,24,24,27,0,-2,0,0,0,43,3919,4284,582,174,30,629,36542,35061,106,1026,65,98,2.28086e+06,0,0,0,0,1,2266,0,0,627,3932,0,0,0,0,0,0,0,0,1299,-1369,0,0,130
2538.84,0,0,0,0,100,1894,1.62418,0.0148873,1.64388,61,0,24,24,27,0,-2,0,0,0,43,3919,4284,597,174,30,629,36542,35061,106,1026,65,98,2.33964e+06,0,0,0,0,1,0,1906,0,618,3938,0,0,0,0,0,0,0,0,1299,-1254,0,0,130
2538.85,0,0,0,0,100,1893,1.62399,0.0148891,1.64371,61,0,24,24,27,0,-2,0,0,0,43,3919,4284,597,175,30,629,36542,35061,106,1026,65,98,2.33964e+06,0,0,0,0,1,0,1195,1022,617,3949,0,0,0,0,0,0,0,0,1299,-1291,0,0,130
2538.86,0,0,0,0,100,1893,1.6238,0.0148908,1.64354,61,0,24,24,27,0,-2,0,0,0,43,3925,4284,588,175,30,629,36542,35061,106,1026,65,98,2.3079e+06,0,0,0,0,1,0,1195,1022,617,3949,0,0,0,0,0,0,0,0,1299,-1393,0,0,130
2538.87,0,0,0,0,100,1890,1.62361,0.0148926,1.64337,61,0,24,24,27,0,-2,0,0,0,43,3921,4284,586,175,30,629,36542,35061,106,1026,65,98,2.29771e+06,0,0,0,0,1,0,0,2270,625,3928,0,0,0,0,0,0,0,0,1299,-1393,0,0,130
2538.88,0,0,0,0,100,1889,1.62342,0.0148943,1.6432,61,0,24,24,27,0,-2,0,0,0,43,3921,4284,601,175,30,629,36542,35061,106,1026,65,98,2.35652e+06,0,0,0,0,1,1853,0,12,610,3951,0,0,0,0,0,0,0,0,1299,-1249,0,0,130
2538.89,0,0,0,0,100,1891,1.62324,0.0148961,1.64303,61,0,24,24,27,0,-2,0,0,0,43,3921,4284,601,175,30,629,36542,35061,106,1026,65,98,2.35652e+06,0,0,0,0,1,1297,818,0,610,3947,0,0,0,0,0,0,0,0,1299,-1248,0,0,130
2538.9,0,0,0,0,100,1896,1.62305,0.0148978,1.64287,61,0,24,24,27,0,-2,0,0,0,44,3918,4284,584,175,30,629,36561,35229,106,1026,68,98,2.28811e+06,0,0,0,0,1,0,2200,0,610,3956,0,0,0,0,0,0,0,0,1299,-1303,0,0,130
2538.91,0,0,0,0,100,1896,1.62293,0.0148746,1.64314,61,0,24,24,27,0,-2,0,0,0,44,3918,4287,572,175,30,629,36561,35229,106,1026,68,98,2.2411e+06,0,0,0,0,1,0,410,1785,620,3943,0,0,0,0,0,0,0,0,1299,-1344,0,0,130
2538.92,0,0,0,0,100,1896,1.62281,0.0148514,1.64341,61,0,24,24,27,0,-2,0,0,0,44,3918,4287,582,175,30,629,36561,35229,106,1026,68,98,2.28028e+06,0,0,0,0,1,0,410,1785,620,3943,0,0,0,0,0,0,0,0,1299,-1276,0,0,130
2538.93,0,0,0,0,100,1881,1.62269,0.0148282,1.64368,61,0,24,24,27,0,-2,0,0,0,44,3918,4287,582,175,30,629,36561,35229,106,1026,68,98,2.28028e+06,0,0,0,0,1,473,0,1594,620,3951,0,0,0,0,0,0,0,0,1299,-1276,0,0,130
2538.94,0,0,0,0,100,1875,1.62257,0.014805,1.64395,61,0,24,24,27,0,-2,0,0,0,44,3925,4287,588,175,30,629,36561,35229,106,1026,68,98,2.3079e+06,0,0,0,0,1,2255,0,0,613,3925,0,0,0,0,0,0,0,0,1299,-1372,0,0,130
2538.95,0,0,0,0,100,1877,1.62245,0.0147818,1.64422,61,0,24,24,27,0,-2,0,0,0,44,3924,4287,593,174,30,629,36561,35229,106,1026,68,98,2.32693e+06,0,0,0,0,1,0,1947,0,604,3951,0,0,0,0,0,0,0,0,1299,-1215,0,0,130
2538.96,0,0,0,0,100,1882,1.62233,0.0147586,1.64449,61,0,24,24,27,0,-2,0,0,0,44,3924,4287,589,174,30,629,36561,35229,106,1026,68,98,2.31124e+06,0,0,0,0,1,0,676,1553,611,3940,0,0,0,0,0,0,0,0,1299,-1361,0,0,130
2538.97,0,0,0,0,100,1891,1.62221,0.0147353,1.64476,61,0,24,24,27,0,-2,0,0,0,44,3924,4287,589,174,30,629,36561,35229,106,1026,68,98,2.31124e+06,0,0,0,0,1,0,0,1995,612,3943,0,0,0,0,0,0,0,0,1299,-1308,0,0,130
2538.98,0,0,0,0,100,1891,1.62209,0.0147121,1.64503,61,0,24,24,27,0,-2,0,0,0,44,3916,4287,587,174,30,629,36561,35229,106,1026,68,98,2.29869e+06,0,0,0,0,1,0,0,1995,612,3943,0,0,0,0,0,0,0,0,1299,-1279,0,0,130
2538.99,0,0,0,0,100,1892,1.62197,0.0146889,1.64531,61,0,24,24,27,0,-2,0,0,0,44,3916,4289,579,174,30,629,36561,35229,106,1026,68,98,2.26736e+06,0,0,0,0,1,2110,0,0,618,3936,0,0,0,0,0,0,0,0,1299,-1279,0,0,130
2539,0,0,0,0,100,1889,1.62185,0.0146657,1.64558,61,0,24,24,27,0,-2,0,0,0,43,3916,4289,598,174,30,629,36542,34965,106,1024,39,98,2.34177e+06,0,0,0,0,1,837,1388,0,615,3943,0,0,0,0,0,0,0,0,1299,-1313,0,0,130
2539.01,0,0,0,0,100,1886,1.623,0.0146698,1.64527,61,0,24,24,27,0,-2,0,0,0,43,3916,4289,598,174,30,629,36542,34965,106,1024,39,98,2.34177e+06,0,0,0,0,1,0,1994,0,609,3956,0,0,0,0,0,0,0,0,1299,-1272,0,0,130
2539.02,0,0,0,0,100,1884,1.62415,0.0146739,1.64496,61,0,24,24,27,0,-2,0,0,0,43,3921,4289,586,174,30,629,36542,34965,106,1024,39,98,2.29771e+06,0,0,0,0,1,0,0,2102,602,3962,0,0,0,0,0,0,0,0,1299,-1220,0,0,130
2539.03,0,0,0,0,100,1892,1.62531,0.0146781,1.64465,61,0,24,24,27,0,-2,0,0,0,43,3918,4289,604,174,30,629,36542,34965,106,1024,39,98,2.36647e+06,0,0,0,0,1,1561,0,697,614,3966,0,0,0,0,0,0,0,0,1299,-1351,0,0,130
2539.04,0,0,0,0,100,1892,1.62646,0.0146822,1.64434,61,0,24,24,27,0,-2,0,0,0,43,3918,4289,601,174,30,629,36542,34965,106,1024,39,98,2.35472e+06,0,0,0,0,1,1561,0,697,614,3966,0,0,0,0,0,0,0,0,1299,-1372,0,0,130
2539.05,0,0,0,0,100,1897,1.62762,0.0146863,1.64403,61,0,24,24,27,0,-2,0,0,0,43,3918,4289,601,175,29,629,36542,34965,106,1024,39,98,2.35472e+06,0,0,0,0,1,2176,0,0,622,3919,0,0,0,0,0,0,0,0,1299,-1372,0,0,130
2539.06,0,0,0,0,100,1903,1.62877,0.0146904,1.64372,61,0,24,24,27,0,-2,0,0,0,43,3917,4289,609,175,29,629,36542,34965,106,1024,39,98,2.38545e+06,0,0,0,0,1,139,1796,0,615,3947,0,0,0,0,0,0,0,0,1299,-1259,0,0,130
2539.07,0,0,0,0,100,1914,1.62993,0.0146945,1.64342,61,0,24,24,27,0,-2,0,0,0,43,3917,4289,616,175,29,629,36542,34965,106,1024,39,98,2.41287e+06,0,0,0,0,1,0,1912,0,619,3947,0,0,0,0,0,0,0,0,1299,-1260,0,0,130
2539.08,0,0,0,0,100,1915,1.63108,0.0146986,1.64311,61,0,24,24,27,0,-2,0,0,0,43,3917,4289,612,175,29,629,36542,34965,106,1024,39,98,2.3972e+06,0,0,0,0,1,0,271,1858,635,3934,0,0,0,0,0,0,0,0,1299,-1360,0,0,130
2539.09,0,0,0,0,100,1912,1.63224,0.0147027,1.6428,61,0,24,24,27,0,-2,0,0,0,43,3917,4289,612,175,29,629,36542,34965,106,1024,39,98,2.3972e+06,0,0,0,0,1,83,0,1793,623,3951,0,0,0,0,0,0,0,0,1299,-1241,0,0,130
2539.1,0,0,0,0,100,1912,1.63339,0.0147069,1.64249,61,0,24,24,27,0,-2,0,0,0,43,3911,4289,615,175,29,629,36471,34994,106,1024,39,98,2.40526e+06,0,0,0,0,1,83,0,1793,623,3938,0,0,0,0,0,0,0,0,1299,-1255,0,0,130
2539.11,0,0,0,0,100,1918,1.63262,0.014708,1.64255,61,0,24,24,27,0,-2,0,0,0,43,3911,4289,616,175,29,629,36471,34994,106,1024,39,98,2.40918e+06,0,0,0,0,1,1888,0,0,621,3938,0,0,0,0,0,0,0,0,1299,-1255,0,0,130
2539.12,0,0,0,0,100,1926,1.63185,0.0147091,1.64261,61,0,24,24,27,0,-2,0,0,0,43,3909,4289,612,175,29,629,36471,34994,106,1024,39,98,2.39231e+06,0,0,0,0,1,1981,0,0,621,3934,0,0,0,0,0,0,0,0,1299,-1296,0,0,130
2539.13,0,0,0,0,100,1940,1.63107,0.0147102,1.64266,61,0,24,24,27,0,-2,0,0,0,43,3909,4289,612,175,29,629,36471,34994,106,1024,39,98,2.39231e+06,0,0,0,0,1,550,1661,0,626,3930,0,0,0,0,0,0,0,0,1299,-1346,0,0,130
2539.14,0,0,0,0,100,1947,1.6303,0.0147114,1.64272,61,0,24,24,27,0,-2,0,0,0,43,3910,4289,616,175,29,629,36471,34994,106,1024,39,98,2.40856e+06,0,0,0,0,1,0,2179,0,632,3951,0,0,0,0,0,0,0,0,1299,-1281,0,0,130
2539.15,0,0,0,0,100,1951,1.62953,0.0147125,1.64278,61,0,24,24,27,0,-2,0,0,0,43,3910,4289,612,175,29,629,36471,34994,106,1024,39,98,2.39292e+06,0,0,0,0,1,0,2011,0,633,3945,0,0,0,0,0,0,0,0,1299,-1303,0,0,130
2539.16,0,0,0,0,100,1951,1.62876,0.0147136,1.64284,61,0,24,24,27,0,-2,0,0,0,43,3910,4289,616,174,29,629,36471,34994,106,1024,39,98,2.40856e+06,0,0,0,0,1,0,2011,0,633,3940,0,0,0,0,0,0,0,0,1299,-1322,0,0,130
2539.17,0,0,0,0,100,1954,1.62798,0.0147148,1.6429,61,0,24,24,27,0,-2,0,0,0,43,3910,4289,616,174,29,629,36471,34994,106,1024,39,98,2.40856e+06,0,0,0,0,1,0,923,1336,637,3940,0,0,0,0,0,0,0,0,1299,-1322,0,0,130
2539.18,0,0,0,0,100,1951,1.62721,0.0147159,1.64296,61,0,24,24,27,0,-2,0,0,0,43,3906,4289,610,174,29,629,36471,34994,106,1024,39,98,2.38266e+06,0,0,0,0,1,0,0,1877,634,3938,0,0,0,0,0,0,0,0,1299,-1236,0,0,130
2539.19,0,0,0,0,100,1955,1.62644,0.014717,1.64301,61,0,24,24,27,0,-2,0,0,0,43,3906,4289,605,174,29,629,36471,34994,106,1024,39,98,2.36313e+06,0,0,0,0,1,0,0,2241,631,3932,0,0,0,0,0,0,0,0,1299,-1322,0,0,130
2539.2,0,0,0,0,100,1959,1.62567,0.0147182,1.64307,61,0,24,24,27,0,-2,0,0,0,43,3913,4289,620,174,29,629,36445,34793,106,1024,39,98,2.42606e+06,0,0,0,0,1,63,0,1850,640,3940,0,0,0,0,0,0,0,0,1299,-1246,0,0,130
2539.21,0,0,0,0,100,1963,1.62563,0.0147097,1.64293,61,0,24,24,27,0,-2,0,0,0,43,3913,4289,620,174,29,629,36445,34793,106,1024,39,98,2.42606e+06,0,0,0,0,1,1356,0,885,640,3951,0,0,0,0,0,0,0,0,1299,-1320,0,0,130
2539.22,0,0,0,0,100,1963,1.6256,0.0147013,1.64278,61,0,24,24,27,0,-2,0,0,0,43,3908,4289,622,174,29,629,36445,34793,106,1024,39,98,2.43078e+06,0,0,0,0,1,1356,0,885,640,3936,0,0,0,0,0,0,0,0,1299,-1325,0,0,130
2539.23,0,0,0,0,100,1972,1.62557,0.0146929,1.64263,61,0,24,24,27,0,-2,0,0,0,43,3908,4292,634,174,29,629,36445,34793,106,1024,39,98,2.47767e+06,0,0,0,0,1,1774,0,340,642,3936,0,0,0,0,0,0,0,0,1299,-1325,0,0,130
2539.24,0,0,0,0,100,1976,1.62554,0.0146845,1.64248,61,0,24,24,27,0,-2,0,0,0,43,3908,4292,620,174,29,629,36445,34793,106,1024,39,98,2.42296e+06,0,0,0,0,1,1929,0,0,648,3928,0,0,0,0,0,0,0,0,1299,-1262,0,0,130
2539.25,0,0,0,0,100,1973,1.62551,0.0146761,1.64233,61,0,24,24,27,0,-2,0,0,0,43,3908,4292,620,174,29,629,36445,34793,106,1024,39,98,2.42296e+06,0,0,0,0,1,2270,0,0,651,3930,0,0,0,0,0,0,0,0,1299,-1326,0,0,130
2539.26,0,0,0,0,100,1967,1.62548,0.0146676,1.64219,61,0,24,24,27,0,-2,0,0,0,43,3909,4292,605,174,29,629,36445,34793,106,1024,39,98,2.36494e+06,0,0,0,0,1,2219,0,0,649,3913,0,0,0,0,0,0,0,0,1299,-1361,0,0,130
2539.27,0,0,0,0,100,1965,1.62545,0.0146592,1.64204,61,0,24,24,27,0,-2,0,0,0,43,3909,4292,604,174,29,629,36445,34793,106,1024,39,98,2.36104e+06,0,0,0,0,1,1672,290,0,637,3925,0,0,0,0,0,0,0,0,1299,-1293,0,0,130
2539.28,0,0,0,0,100,1965,1.62541,0.0146508,1.64189,61,0,24,24,27,0,-2,0,0,0,43,3912,4292,606,174,29,629,36445,34793,106,1024,39,98,2.37067e+06,0,0,0,0,1,1672,290,0,637,3925,0,0,0,0,0,0,0,0,1299,-1279,0,0,130
2539.29,0,0,0,0,100,1971,1.62538,0.0146424,1.64174,61,0,24,24,27,0,-2,0,0,0,43,3912,4292,606,174,29,629,36445,34793,106,1024,39,98,2.37067e+06,0,0,0,0,1,884,1359,0,636,3923,0,0,0,0,0,0,0,0,1299,-1279,0,0,130
2539.3,0,0,0,0,100,1973,1.62535,0.014634,1.64159,61,0,24,24,28,0,-2,0,0,0,44,3913,4292,614,174,29,629,36475,34975,105,1026,65,98,2.40258e+06,0,0,0,0,1,356,1775,0,645,3921,0,0,0,0,0,0,0,0,1299,-1352,0,0,130
2539.31,0,0,0,0,100,1974,1.62526,0.0146523,1.64174,61,0,24,24,28,0,-2,0,0,0,44,3913,4292,620,174,29,629,36475,34975,105,1026,65,98,2.42606e+06,0,0,0,0,1,128,1837,0,643,3925,0,0,0,0,0,0,0,0,1299,-1284,0,0,130
2539.32,0,0,0,0,100,1973,1.62517,0.0146706,1.64189,61,0,24,24,28,0,-2,0,0,0,44,3913,4294,619,174,29,629,36475,34975,105,1026,65,98,2.42215e+06,0,0,0,0,1,0,2154,0,649,3934,0,0,0,0,0,0,0,0,1299,-1278,0,0,130
2539.33,0,0,0,0,100,1967,1.62507,0.014689,1.64204,61,0,24,24,28,0,-2,0,0,0,44,3913,4294,619,174,29,629,36475,34975,105,1026,65,98,2.42215e+06,0,0,0,0,1,0,2236,0,641,3945,0,0,0,0,0,0,0,0,1299,-1313,0,0,130
2539.34,0,0,0,0,100,1967,1.62498,0.0147073,1.64218,61,0,24,24,28,0,-2,0,0,0,44,3904,4294,611,174,29,629,36475,34975,105,1026,65,98,2.38534e+06,0,0,0,0,1,0,2236,0,641,3945,0,0,0,0,0,0,0,0,1299,-1248,0,0,130
2539.35,0,0,0,0,100,1970,1.62489,0.0147256,1.64233,61,0,24,24,28,0,-2,0,0,0,44,3904,4294,614,174,29,629,36475,34975,105,1026,65,98,2.39706e+06,0,0,0,0,1,0,1833,18,635,3947,0,0,0,0,0,0,0,0,1299,-1248,0,0,130
2539.36,0,0,0,0,100,1970,1.6248,0.014744,1.64248,61,0,24,24,28,0,-2,0,0,0,44,3911,4294,608,174,29,629,36475,34975,105,1026,65,98,2.37789e+06,0,0,0,0,1,0,1122,1127,643,3932,0,0,0,0,0,0,0,0,1299,-1316,0,0,130
2539.37,0,0,0,0,100,1970,1.62471,0.0147623,1.64262,61,0,24,24,28,0,-2,0,0,0,44,3911,4294,608,175,29,629,36475,34975,105,1026,65,98,2.37789e+06,0,0,0,0,1,0,412,1732,638,3932,0,0,0,0,0,0,0,0,1299,-1343,0,0,130
2539.38,0,0,0,0,100,1975,1.62461,0.0147807,1.64277,61,0,24,24,28,0,-2,0,0,0,44,3905,4294,626,175,29,629,36475,34975,105,1026,65,98,2.44453e+06,0,0,0,0,1,0,0,1916,638,3949,0,0,0,0,0,0,0,0,1299,-1253,0,0,130
2539.39,0,0,0,0,100,1980,1.62452,0.014799,1.64292,61,0,24,24,28,0,-2,0,0,0,44,3905,4294,623,175,29,629,36475,34975,105,1026,65,98,2.43282e+06,0,0,0,0,1,0,0,2221,644,3932,0,0,0,0,0,0,0,0,1299,-1290,0,0,130
2539.4,0,0,0,0,100,1980,1.62443,0.0148173,1.64306,61,0,24,24,27,0,-2,0,0,0,43,3905,4293,628,175,29,629,36430,34732,105,1026,39,98,2.45234e+06,0,0,0,0,1,0,0,2221,644,3932,0,0,0,0,0,0,0,0,1299,-1356,0,0,130
2539.41,0,0,0,0,100,1981,1.62502,0.0147977,1.64349,61,0,24,24,27,0,-2,0,0,0,43,3905,4293,628,175,29,629,36430,34732,105,1026,39,98,2.45234e+06,0,0,0,0,1,0,0,2305,650,3917,0,0,0,0,0,0,0,0,1299,-1356,0,0,130
2539.42,0,0,0,0,100,1971,1.62561,0.014778,1.64391,61,0,24,24,27,0,-2,0,0,0,43,3903,4293,620,175,29,629,36430,34732,105,1026,39,98,2.41986e+06,0,0,0,0,1,0,0,2078,651,3921,0,0,0,0,0,0,0,0,1299,-1326,0,0,130
2539.43,0,0,0,0,100,1968,1.62621,0.0147584,1.64433,61,0,24,24,27,0,-2,0,0,0,43,3904,4293,620,175,29,629,36430,34732,105,1026,39,98,2.42048e+06,0,0,0,0,1,829,0,1301,635,3966,0,0,0,0,0,0,0,0,1299,-1256,0,0,130
2539.44,0,0,0,0,100,1975,1.6268,0.0147387,1.64475,61,0,24,24,27,0,-2,0,0,0,43,3904,4293,623,175,29,629,36430,34732,105,1026,39,98,2.43219e+06,0,0,0,0,1,1519,0,665,635,3958,0,0,0,0,0,0,0,0,1299,-1326,0,0,130
2539.45,0,0,0,0,100,1983,1.62739,0.0147191,1.64517,61,0,24,24,27,0,-2,0,0,0,43,3904,4293,623,175,29,629,36430,34732,105,1026,39,98,2.43219e+06,0,0,0,0,1,1766,0,322,639,3943,0,0,0,0,0,0,0,0,1299,-1322,0,0,130
2539.46,0,0,0,0,100,1983,1.62798,0.0146994,1.64559,61,0,24,24,27,0,-2,0,0,0,43,3905,4293,638,175,29,629,36430,34732,105,1026,39,98,2.49139e+06,0,0,0,0,1,1766,0,322,639,3943,0,0,0,0,0,0,0,0,1299,-1302,0,0,130
2539.47,0,0,0,0,100,1995,1.62858,0.0146798,1.64602,61,0,24,24,27,0,-2,0,0,0,43,3905,4293,633,175,29,629,36430,34732,105,1026,39,98,2.47186e+06,0,0,0,0,1,1806,0,231,643,3925,0,0,0,0,0,0,0,0,1299,-1302,0,0,130
2539.48,0,0,0,0,100,2002,1.62917,0.0146601,1.64644,61,0,24,24,27,0,-2,0,0,0,43,3905,4293,637,175,29,629,36430,34732,105,1026,39,98,2.48748e+06,0,0,0,0,1,1831,0,243,654,3932,0,0,0,0,0,0,0,0,1299,-1336,0,0,130
2539.49,0,0,0,0,100,2001,1.62976,0.0146405,1.64686,61,0,24,24,27,0,-2,0,0,0,43,3905,4293,637,175,29,629,36430,34732,105,1026,39,98,2.48748e+06,0,0,0,0,1,1848,0,264,657,3930,0,0,0,0,0,0,0,0,1299,-1343,0,0,130
2539.5,0,0,0,0,100,2002,1.63036,0.0146209,1.64728,61,0,24,24,27,0,-2,0,0,0,44,3899,4293,628,175,29,629,36375,34643,106,1026,64,98,2.44857e+06,0,0,0,0,1,1813,0,290,654,3928,0,0,0,0,0,0,0,0,1299,-1339,0,0,130
2539.51,0,0,0,0,100,2005,1.62964,0.0146259,1.64691,61,0,24,24,27,0,-2,0,0,0,44,3899,4293,639,175,29,629,36375,34643,106,1026,64,98,2.49146e+06,0,0,0,0,1,1724,0,395,648,3940,0,0,0,0,0,0,0,0,1299,-1322,0,0,130
2539.52,0,0,0,0,100,2005,1.62893,0.014631,1.64653,61,0,24,24,27,0,-2,0,0,0,44,3902,4293,639,175,29,629,36375,34643,106,1026,64,98,2.49338e+06,0,0,0,0,1,1724,0,395,648,3940,0,0,0,0,0,0,0,0,1299,-1337,0,0,130
2539.53,0,0,0,0,100,2009,1.62822,0.0146361,1.64616,61,0,24,24,27,0,-2,0,0,0,44,3902,4293,639,175,29,629,36375,34643,106,1026,64,98,2.49338e+06,0,0,0,0,1,1657,0,528,649,3938,0,0,0,0,0,0,0,0,1299,-1337,0,0,130
2539.54,0,0,0,0,100,2016,1.62751,0.0146412,1.64578,61,0,24,24,27,0,-2,0,0,0,44,3898,4293,643,175,29,629,36375,34643,106,1026,64,98,2.50641e+06,0,0,0,0,1,1391,0,844,653,3945,0,0,0,0,0,0,0,0,1299,-1334,0,0,130
2539.55,0,0,0,0,100,2027,1.6268,0.0146462,1.64541,61,0,24,24,27,0,-2,0,0,0,44,3898,4293,645,175,29,629,36375,34643,106,1026,64,98,2.51421e+06,0,0,0,0,1,477,0,1547,652,3945,0,0,0,0,0,0,0,0,1299,-1240,0,0,130
2539.56,0,0,0,0,100,2034,1.62608,0.0146513,1.64504,61,0,24,24,27,0,-2,0,0,0,44,3898,4293,647,175,29,629,36375,34643,106,1026,64,98,2.52201e+06,0,0,0,0,1,0,0,2189,668,3908,0,0,0,0,0,0,0,0,1299,-1358,0,0,130
2539.57,0,0,0,0,100,2027,1.62537,0.0146564,1.64466,61,0,24,24,27,0,-2,0,0,0,44,3898,4293,647,175,28,629,36375,34643,106,1026,64,98,2.52201e+06,0,0,0,0,1,0,0,2299,667,3921,0,0,0,0,0,0,0,0,1299,-1332,0,0,130
2539.58,0,0,0,0,100,2027,1.62466,0.0146615,1.64429,61,0,24,24,27,0,-2,0,0,0,44,3895,4293,631,175,28,629,36375,34643,106,1026,64,98,2.45774e+06,0,0,0,0,1,0,0,2299,667,3921,0,0,0,0,0,0,0,0,1299,-1307,0,0,130
2539.59,0,0,0,0,100,2028,1.62395,0.0146666,1.64391,61,0,24,24,27,0,-2,0,0,0,44,3895,4293,633,175,28,629,36375,34643,106,1026,64,98,2.46554e+06,0,0,0,0,1,0,93,1834,656,3923,0,0,0,0,0,0,0,0,1299,-1307,0,0,130
2539.6,0,0,0,0,100,2031,1.62324,0.0146716,1.64354,61,0,24,24,27,0,-2,0,0,0,44,3899,4293,637,175,28,629,36344,34560,105,1026,64,98,2.48366e+06,0,0,0,0,1,0,443,1703,659,3917,0,0,0,0,0,0,0,0,1299,-1338,0,0,130
2539.61,0,0,0,0,100,2041,1.62358,0.0146607,1.64342,61,0,24,24,27,0,-2,0,0,0,44,3899,4293,637,175,28,629,36344,34560,105,1026,64,98,2.48366e+06,0,0,0,0,1,0,1269,895,653,3938,0,0,0,0,0,0,0,0,1299,-1268,0,0,130
2539.62,0,0,0,0,100,2051,1.62392,0.0146498,1.6433,61,0,24,24,27,0,-2,0,0,0,44,3903,4293,641,175,28,629,36344,34560,105,1026,64,98,2.50182e+06,0,0,0,0,1,0,2247,0,669,3925,0,0,0,0,0,0,0,0,1299,-1369,0,0,130
2539.63,0,0,0,0,100,2054,1.62427,0.0146389,1.64319,61,0,24,24,27,0,-2,0,0,0,44,3903,4293,637,175,28,629,36344,34560,105,1026,64,98,2.48621e+06,0,0,0,0,1,0,1886,0,671,3910,0,0,0,0,0,0,0,0,1299,-1254,0,0,130
2539.64,0,0,0,0,100,2054,1.62461,0.014628,1.64307,61,0,24,24,27,0,-2,0,0,0,44,3903,4295,649,175,28,629,36344,34560,105,1026,64,98,2.53305e+06,0,0,0,0,1,0,1886,0,671,3915,0,0,0,0,0,0,0,0,1299,-1348,0,0,130
2539.65,0,0,0,0,100,2050,1.62495,0.014617,1.64295,61,0,24,24,27,0,-2,0,0,0,44,3903,4295,649,175,28,629,36344,34560,105,1026,64,98,2.53305e+06,0,0,0,0,1,1028,1275,0,676,3915,0,0,0,0,0,0,0,0,1299,-1348,0,0,130
2539.66,0,0,0,0,100,2042,1.6253,0.0146061,1.64283,61,0,24,24,27,0,-2,0,0,0,44,3894,4295,636,175,28,629,36344,34560,105,1026,64,98,2.47658e+06,0,0,0,0,1,2032,0,0,672,3902,0,0,0,0,0,0,0,0,1299,-1326,0,0,130
2539.67,0,0,0,0,100,2041,1.62564,0.0145952,1.64272,61,0,24,24,27,0,-2,0,0,0,44,3894,4295,648,175,28,629,36344,34560,105,1026,64,98,2.52331e+06,0,0,0,0,1,2270,0,0,662,3921,0,0,0,0,0,0,0,0,1299,-1327,0,0,130
2539.68,0,0,0,0,100,2040,1.62598,0.0145843,1.6426,61,0,24,24,27,0,-2,0,0,0,44,3898,4295,636,175,28,629,36344,34560,105,1026,64,98,2.47913e+06,0,0,0,0,1,1856,0,127,665,3923,0,0,0,0,0,0,0,0,1299,-1293,0,0,130
2539.69,0,0,0,0,100,2044,1.62632,0.0145734,1.64248,61,0,24,24,27,0,-2,0,0,0,44,3898,4295,636,175,28,629,36344,34560,105,1026,64,98,2.47913e+06,0,0,0,0,1,1144,0,1047,656,3945,0,0,0,0,0,0,0,0,1299,-1277,0,0,130
2539.7,0,0,0,0,100,2044,1.62667,0.0145625,1.64236,61,0,24,24,27,0,-2,0,0,0,43,3901,4295,639,175,28,629,36354,34659,106,1024,64,98,2.49274e+06,0,0,0,0,1,1144,0,1047,656,3902,0,0,0,0,0,0,0,0,1299,-1329,0,0,130
2539.71,0,0,0,0,100,2057,1.62648,0.0145589,1.64214,61,0,24,24,27,0,-2,0,0,0,43,3901,4295,647,175,28,629,36354,34659,106,1024,64,98,2.52395e+06,0,0,0,0,1,0,0,2213,663,3902,0,0,0,0,0,0,0,0,1299,-1329,0,0,130
2539.72,0,0,0,0,100,2058,1.6263,0.0145553,1.64192,61,0,24,24,27,0,-2,0,0,0,43,3901,4297,655,175,28,629,36354,34659,106,1024,64,98,2.55516e+06,0,0,0,0,1,0,70,1907,676,3915,0,0,0,0,0,0,0,0,1299,-1298,0,0,130
2539.73,0,0,0,0,100,2048,1.62611,0.0145518,1.64169,61,0,24,24,27,0,-2,0,0,0,43,3901,4297,655,175,28,629,36354,34659,106,1024,64,98,2.55516e+06,0,0,0,0,1,0,1150,1078,667,3930,0,0,0,0,0,0,0,0,1299,-1288,0,0,130
2539.74,0,0,0,0,100,2040,1.62592,0.0145482,1.64147,61,0,24,24,27,0,-2,0,0,0,43,3896,4297,636,175,28,629,36354,34659,106,1024,64,98,2.47786e+06,0,0,0,0,1,0,2080,0,664,3917,0,0,0,0,0,0,0,0,1299,-1316,0,0,130
2539.75,0,0,0,0,100,2039,1.62574,0.0145447,1.64124,61,0,24,24,27,0,-2,0,0,0,43,3896,4297,637,175,28,629,36354,34659,106,1024,64,98,2.48175e+06,0,0,0,0,1,0,2162,0,646,3940,0,0,0,0,0,0,0,0,1299,-1263,0,0,130
2539.76,0,0,0,0,100,2039,1.62555,0.0145411,1.64102,61,0,24,24,27,0,-2,0,0,0,43,3892,4297,631,175,28,629,36354,34659,106,1024,64,98,2.45585e+06,0,0,0,0,1,0,2162,0,646,3940,0,0,0,0,0,0,0,0,1299,-1345,0,0,130
2539.77,0,0,0,0,100,2048,1.62537,0.0145376,1.6408,61,0,24,24,27,0,-2,0,0,0,43,3892,4297,631,175,28,629,36354,34659,106,1024,64,98,2.45585e+06,0,0,0,0,1,280,1775,0,654,3910,0,0,0,0,0,0,0,0,1299,-1345,0,0,130
2539.78,0,0,0,0,100,2055,1.62518,0.014534,1.64057,61,0,24,24,27,0,-2,0,0,0,43,3896,4297,641,175,28,629,36354,34659,106,1024,64,98,2.49734e+06,0,0,0,0,1,1538,482,0,659,3923,0,0,0,0,0,0,0,0,1299,-1252,0,0,130
2539.79,0,0,0,0,100,2060,1.625,0.0145305,1.64035,61,0,24,24,27,0,-2,0,0,0,43,3896,4297,655,175,28,629,36354,34659,106,1024,64,98,2.55188e+06,0,0,0,0,1,2223,0,0,667,3910,0,0,0,0,0,0,0,0,1299,-1272,0,0,130
2539.8,0,0,0,0,100,2055,1.62481,0.0145269,1.64012,61,0,24,24,27,0,-2,0,0,0,43,3896,4299,655,175,28,629,36343,34781,106,1024,39,98,2.55188e+06,0,0,0,0,1,1801,0,361,678,3915,0,0,0,0,0,0,0,0,1299,-1377,0,0,130
2539.81,0,0,0,0,100,2051,1.62479,0.0145502,1.64063,61,0,24,24,27,0,-2,0,0,0,43,3896,4299,655,175,28,629,36343,34781,106,1024,39,98,2.55188e+06,0,0,0,0,1,538,0,1869,666,3917,0,0,0,0,0,0,0,0,1299,-1244,0,0,130
2539.82,0,0,0,0,100,2051,1.62476,0.0145734,1.64113,61,0,24,24,27,0,-2,0,0,0,43,3887,4299,649,175,28,629,36343,34781,106,1024,39,98,2.52266e+06,0,0,0,0,1,538,0,1869,666,3917,0,0,0,0,0,0,0,0,1299,-1300,0,0,130
2539.83,0,0,0,0,100,2055,1.62473,0.0145967,1.64163,61,0,24,24,27,0,-2,0,0,0,43,3889,4299,641,175,28,629,36343,34781,106,1024,39,98,2.49285e+06,0,0,0,0,1,0,0,2211,662,3921,0,0,0,0,0,0,0,0,1299,-1300,0,0,130
2539.84,0,0,0,0,100,2056,1.62471,0.0146199,1.64213,61,0,24,24,27,0,-2,0,0,0,43,3889,4299,647,175,28,629,36343,34781,106,1024,39,98,2.51618e+06,0,0,0,0,1,0,740,1453,663,3925,0,0,0,0,0,0,0,0,1299,-1337,0,0,130
2539.85,0,0,0,0,100,2071,1.62468,0.0146432,1.64263,61,0,24,24,27,0,-2,0,0,0,43,3889,4299,647,175,28,629,36343,34781,106,1024,39,98,2.51618e+06,0,0,0,0,1,0,2013,0,662,3919,0,0,0,0,0,0,0,0,1299,-1295,0,0,130
2539.86,0,0,0,0,100,2081,1.62466,0.0146664,1.64313,61,0,24,24,27,0,-2,0,0,0,43,3888,4299,653,175,28,629,36343,34781,106,1024,39,98,2.53886e+06,0,0,0,0,1,184,1824,0,677,3904,0,0,0,0,0,0,0,0,1299,-1296,0,0,130
2539.87,0,0,0,0,100,2080,1.62463,0.0146896,1.64363,61,0,24,24,27,0,-2,0,0,0,43,3888,4299,664,175,28,629,36343,34781,106,1024,39,98,2.58163e+06,0,0,0,0,1,2038,0,0,686,3893,0,0,0,0,0,0,0,0,1299,-1342,0,0,130
2539.88,0,0,0,0,100,2080,1.62461,0.0147129,1.64413,61,0,24,24,27,0,-2,0,0,0,43,3888,4299,670,175,28,629,36343,34781,106,1024,39,98,2.60496e+06,0,0,0,0,1,2038,0,0,686,3893,0,0,0,0,0,0,0,0,1299,-1277,0,0,130
2539.89,0,0,0,0,100,2071,1.62458,0.0147361,1.64464,61,0,24,24,27,0,-2,0,0,0,43,3888,4299,670,173,28,629,36343,34781,106,1024,39,98,2.60496e+06,0,0,0,0,1,1968,0,0,684,3910,0,0,0,0,0,0,0,0,1299,-1277,0,0,130
2539.9,0,0,0,0,100,2068,1.62456,0.0147594,1.64514,61,0,24,24,27,0,-2,0,0,0,43,3886,4299,652,173,28,629,36243,34430,106,1024,64,98,2.53367e+06,0,0,0,0,1,665,0,1409,665,3934,0,0,0,0,0,0,0,0,1299,-1228,0,0,130
2539.91,0,0,0,0,100,2079,1.62471,0.0147297,1.64502,61,0,24,24,27,0,-2,0,0,0,43,3886,4299,660,173,28,629,36243,34430,106,1024,64,98,2.56476e+06,0,0,0,0,1,0,0,2137,660,3934,0,0,0,0,0,0,0,0,1299,-1233,0,0,130
2539.92,0,0,0,0,100,2093,1.62487,0.0146999,1.64489,61,0,24,24,27,0,-2,0,0,0,43,3886,4299,650,173,28,629,36243,34430,106,1024,64,98,2.5259e+06,0,0,0,0,1,0,1549,422,663,3930,0,0,0,0,0,0,0,0,1299,-1207,0,0,130
2539.93,0,0,0,0,100,2108,1.62503,0.0146702,1.64477,61,0,24,24,27,0,-2,0,0,0,43,3886,4299,650,173,28,629,36243,34430,106,1024,64,98,2.5259e+06,0,0,0,0,1,247,1777,0,675,3906,0,0,0,0,0,0,0,0,1299,-1290,0,0,130
2539.94,0,0,0,0,100,2108,1.62518,0.0146404,1.64465,61,0,24,24,27,0,-2,0,0,0,43,3888,4299,660,173,28,629,36243,34430,106,1024,64,98,2.56608e+06,0,0,0,0,1,247,1777,0,675,3906,0,0,0,0,0,0,0,0,1299,-1369,0,0,130
2539.95,0,0,0,0,100,2113,1.62534,0.0146107,1.64452,61,0,24,24,27,0,-2,0,0,0,43,3888,4299,675,173,28,629,36243,34430,106,1024,64,98,2.6244e+06,0,0,0,0,1,2317,0,0,698,3891,0,0,0,0,0,0,0,0,1299,-1369,0,0,130
2539.96,0,0,0,0,100,2108,1.62549,0.0145809,1.6444,61,0,24,24,27,0,-2,0,0,0,43,3888,4299,672,173,28,629,36243,34430,106,1024,64,98,2.61274e+06,0,0,0,0,1,599,0,1504,689,3915,0,0,0,0,0,0,0,0,1299,-1282,0,0,130
2539.97,0,0,0,0,100,2108,1.62565,0.0145512,1.64428,61,0,24,24,27,0,-2,0,0,0,43,3888,4299,672,173,28,629,36243,34430,106,1024,64,98,2.61274e+06,0,0,0,0,1,0,152,1866,687,3908,0,0,0,0,0,0,0,0,1299,-1327,0,0,130
2539.98,0,0,0,0,100,2107,1.62581,0.0145215,1.64416,61,0,24,24,27,0,-2,0,0,0,43,3883,4299,656,173,28,629,36243,34430,106,1024,64,98,2.54725e+06,0,0,0,0,1,0,2208,0,686,3917,0,0,0,0,0,0,0,0,1299,-1336,0,0,130
2539.99,0,0,0,0,100,2115,1.62596,0.0144917,1.64403,61,0,24,24,27,0,-2,0,0,0,43,3881,4299,661,173,28,629,36243,34430,106,1024,64,98,2.56534e+06,0,0,0,0,1,1278,908,0,676,3908,0,0,0,0,0,0,0,0,1299,-1284,0,0,130
2540,0,0,0,0,100,2115,1.62612,0.014462,1.64391,61,0,24,24,27,0,-2,0,0,0,43,3881,4299,665,173,28,629,36212,34370,106,1024,39,98,2.58086e+06,0,0,0,0,1,1278,908,0,676,3919,0,0,0,0,0,0,0,0,1299,-1337,0,0,130
2540.01,0,0,0,0,100,2124,1.6266,0.0144598,1.64367,61,0,24,24,27,0,-2,0,0,0,43,3881,4299,665,173,28,629,36212,34370,106,1024,39,98,2.58086e+06,0,0,0,0,1,1807,0,281,689,3919,0,0,0,0,0,0,0,0,1299,-1337,0,0,130
2540.02,0,0,0,0,100,2132,1.62709,0.0144576,1.64344,61,0,24,24,27,0,-2,0,0,0,43,3882,4298,677,173,28,629,36212,34370,106,1024,39,98,2.62811e+06,0,0,0,0,1,0,0,2039,686,3923,0,0,0,0,0,0,0,0,1299,-1213,0,0,130
2540.03,0,0,0,0,100,2127,1.62758,0.0144554,1.6432,61,0,24,24,27,0,-2,0,0,0,43,3882,4298,665,173,28,629,36212,34370,106,1024,39,98,2.58153e+06,0,0,0,0,1,0,2294,0,707,3899,0,0,0,0,0,0,0,0,1299,-1382,0,0,130
2540.04,0,0,0,0,100,2120,1.62806,0.0144532,1.64296,61,0,24,24,27,0,-2,0,0,0,43,3882,4298,678,173,28,629,36212,34370,106,1024,39,98,2.632e+06,0,0,0,0,1,1526,562,0,688,3913,0,0,0,0,0,0,0,0,1299,-1264,0,0,130
2540.05,0,0,0,0,100,2120,1.62855,0.0144511,1.64272,61,0,24,24,27,0,-2,0,0,0,43,3882,4298,678,173,28,629,36212,34370,106,1024,39,98,2.632e+06,0,0,0,0,1,1774,0,366,688,3908,0,0,0,0,0,0,0,0,1299,-1340,0,0,130
2540.06,0,0,0,0,100,2120,1.62903,0.0144489,1.64248,61,0,24,24,27,0,-2,0,0,0,43,3884,4298,659,173,28,629,36212,34370,106,1024,39,98,2.55956e+06,0,0,0,0,1,1774,0,366,688,3908,0,0,0,0,0,0,0,0,1299,-1283,0,0,130
2540.07,0,0,0,0,100,2125,1.62952,0.0144467,1.64224,61,0,24,24,27,0,-2,0,0,0,43,3884,4298,649,173,28,629,36212,34370,106,1024,39,98,2.52072e+06,0,0,0,0,1,0,0,2166,681,3917,0,0,0,0,0,0,0,0,1299,-1283,0,0,130
2540.08,0,0,0,0,100,2137,1.63001,0.0144445,1.64201,61,0,24,24,27,0,-2,0,0,0,43,3884,4298,658,173,28,629,36212,34370,106,1024,39,98,2.55567e+06,0,0,0,0,1,0,2253,0,692,3908,0,0,0,0,0,0,0,0,1299,-1360,0,0,130
2540.09,0,0,0,0,100,2138,1.63049,0.0144423,1.64177,61,0,24,24,27,0,-2,0,0,0,43,3884,4298,658,173,28,629,36212,34370,106,1024,39,98,2.55567e+06,0,0,0,0,1,2155,0,0,702,3882,0,0,0,0,0,0,0,0,1299,-1347,0,0,130
2540.1,0,0,0,0,100,2131,1.63098,0.0144401,1.64153,61,0,24,24,27,0,-2,0,0,0,43,3889,4298,673,173,28,629,36251,34397,106,1024,64,98,2.6173e+06,0,0,0,0,1,1185,0,1105,702,3925,0,0,0,0,0,0,0,0,1299,-1333,0,0,130
2540.11,0,0,0,0,100,2123,1.63041,0.0144353,1.64211,61,0,24,24,27,0,-2,0,0,0,43,3889,4296,680,173,28,629,36251,34397,106,1024,64,98,2.64452e+06,0,0,0,0,1,0,251,1807,691,3906,0,0,0,0,0,0,0,0,1299,-1311,0,0,130
2540.12,0,0,0,0,100,2123,1.62985,0.0144304,1.64269,61,0,24,24,27,0,-2,0,0,0,43,3889,4296,665,173,28,629,36251,34397,106,1024,64,98,2.58618e+06,0,0,0,0,1,0,251,1807,691,3921,0,0,0,0,0,0,0,0,1299,-1275,0,0,130
2540.13,0,0,0,0,100,2120,1.62928,0.0144255,1.64327,61,0,24,24,27,0,-2,0,0,0,43,3889,4296,665,173,28,629,36251,34397,106,1024,64,98,2.58618e+06,0,0,0,0,1,0,2179,0,678,3921,0,0,0,0,0,0,0,0,1299,-1275,0,0,130
2540.14,0,0,0,0,100,2122,1.62871,0.0144207,1.64385,61,0,24,24,27,0,-2,0,0,0,43,3881,4296,663,173,28,629,36251,34397,106,1024,64,98,2.5731e+06,0,0,0,0,1,1915,0,0,676,3897,0,0,0,0,0,0,0,0,1299,-1263,0,0,130
2540.15,0,0,0,0,100,2131,1.62815,0.0144158,1.64443,61,0,24,24,27,0,-2,0,0,0,43,3881,4296,660,173,28,629,36251,34397,106,1024,64,98,2.56146e+06,0,0,0,0,1,1226,0,949,681,3934,0,0,0,0,0,0,0,0,1299,-1286,0,0,130
2540.16,0,0,0,0,100,2146,1.62758,0.0144109,1.64501,61,0,24,24,27,0,-2,0,0,0,43,3888,4296,655,173,28,629,36251,34397,106,1024,64,98,2.54664e+06,0,0,0,0,1,0,527,1641,689,3899,0,0,0,0,0,0,0,0,1299,-1346,0,0,130
2540.17,0,0,0,0,100,2143,1.62701,0.0144061,1.64559,61,0,24,24,27,0,-2,0,0,0,43,3888,4296,655,173,28,629,36251,34397,106,1024,64,98,2.54664e+06,0,0,0,0,1,96,1927,0,715,3897,0,0,0,0,0,0,0,0,1299,-1333,0,0,130
2540.18,0,0,0,0,100,2143,1.62645,0.0144012,1.64617,61,0,24,24,27,0,-2,0,0,0,43,3886,4296,670,173,28,629,36251,34397,106,1024,64,98,2.60362e+06,0,0,0,0,1,96,1927,0,715,3906,0,0,0,0,0,0,0,0,1299,-1310,0,0,130
2540.19,0,0,0,0,100,2130,1.62588,0.0143963,1.64675,61,0,24,24,27,0,-2,0,0,0,43,3886,4296,688,173,28,629,36251,34397,106,1024,64,98,2.67357e+06,0,0,0,0,1,2245,0,0,700,3906,0,0,0,0,0,0,0,0,1299,-1310,0,0,130
2540.2,0,0,0,0,100,2124,1.62532,0.0143915,1.64733,61,0,24,24,27,0,-2,0,0,0,44,3886,4298,676,168,29,611,36247,34503,106,1026,64,98,2.62694e+06,0,0,0,0,1,0,0,2084,692,3887,0,0,0,0,0,0,0,0,1299,-1315,0,0,130
2540.21,0,0,0,0,100,2126,1.62534,0.0144077,1.64663,61,0,24,24,27,0,-2,0,0,0,44,3886,4298,676,168,29,611,36247,34503,106,1026,64,98,2.62694e+06,0,0,0,0,1,0,1134,1047,673,3917,0,0,0,0,0,0,0,0,1299,-1265,0,0,130
2540.22,0,0,0,0,100,2140,1.62535,0.014424,1.64593,61,0,24,24,27,0,-2,0,0,0,44,3876,4298,659,168,29,611,36247,34503,106,1026,64,98,2.55428e+06,0,0,0,0,1,558,1607,0,677,3895,0,0,0,0,0,0,0,0,1299,-1315,0,0,130
2540.23,0,0,0,0,100,2151,1.62537,0.0144402,1.64522,61,0,24,24,27,0,-2,0,0,0,44,3876,4298,677,168,29,611,36247,34503,106,1026,64,98,2.62405e+06,0,0,0,0,1,1786,0,246,689,3921,0,0,0,0,0,0,0,0,1299,-1302,0,0,130
2540.24,0,0,0,0,100,2151,1.62539,0.0144565,1.64452,61,0,24,24,27,0,-2,0,0,0,44,3883,4298,673,168,29,611,36247,34503,106,1026,64,98,2.61326e+06,0,0,0,0,1,1786,0,246,689,3904,0,0,0,0,0,0,0,0,1299,-1286,0,0,130
2540.25,0,0,0,0,100,2156,1.62541,0.0144727,1.64381,61,0,24,24,27,0,-2,0,0,0,44,3883,4298,673,168,29,611,36247,34503,106,1026,64,98,2.61326e+06,0,0,0,0,1,0,23,1891,708,3904,0,0,0,0,0,0,0,0,1299,-1286,0,0,130
2540.26,0,0,0,0,100,2150,1.62543,0.014489,1.64311,61,0,24,24,27,0,-2,0,0,0,44,3885,4298,689,168,29,611,36247,34503,106,1026,64,98,2.67676e+06,0,0,0,0,1,0,2048,0,707,3910,0,0,0,0,0,0,0,0,1299,-1259,0,0,130
2540.27,0,0,0,0,100,2147,1.62545,0.0145052,1.6424,61,0,24,24,27,0,-2,0,0,0,44,3885,4298,692,168,29,611,36247,34503,106,1026,64,98,2.68842e+06,0,0,0,0,1,2239,0,0,690,3904,0,0,0,0,0,0,0,0,1299,-1307,0,0,130
2540.28,0,0,0,0,100,2149,1.62547,0.0145215,1.6417,61,0,24,24,27,0,-2,0,0,0,44,3885,4298,683,168,29,611,36247,34503,106,1026,64,98,2.65346e+06,0,0,0,0,1,0,0,2241,692,3891,0,0,0,0,0,0,0,0,1299,-1278,0,0,130
2540.29,0,0,0,0,100,2163,1.62549,0.0145378,1.64099,61,0,24,24,27,0,-2,0,0,0,44,3885,4298,683,168,29,611,36247,34503,106,1026,64,98,2.65346e+06,0,0,0,0,1,0,2152,0,688,3919,0,0,0,0,0,0,0,0,1299,-1292,0,0,130
2540.3,0,0,0,0,100,2163,1.62551,0.014554,1.64029,61,0,24,24,27,0,-2,0,0,0,44,3873,4298,666,168,30,611,36139,34267,106,1026,64,98,2.57942e+06,0,0,0,0,1,0,2152,0,688,3919,0,0,0,0,0,0,0,0,1299,-1285,0,0,130
2540.31,0,0,0,0,100,2183,1.62532,0.0145214,1.64074,61,0,24,24,27,0,-2,0,0,0,44,3879,4298,691,168,30,611,36139,34267,106,1026,64,98,2.68039e+06,0,0,0,0,1,2243,0,0,701,3889,0,0,0,0,0,0,0,0,1299,-1285,0,0,130
2540.32,0,0,0,0,100,2186,1.62513,0.0144887,1.64118,61,0,24,24,27,0,-2,0,0,0,44,3879,4298,675,168,30,611,36139,34267,106,1026,64,98,2.61832e+06,0,0,0,0,1,0,0,2147,722,3906,0,0,0,0,0,0,0,0,1299,-1275,0,0,130
2540.33,0,0,0,0,100,2178,1.62494,0.0144561,1.64163,61,0,24,24,27,0,-2,0,0,0,44,3879,4298,675,168,30,611,36139,34267,106,1026,64,98,2.61832e+06,0,0,0,0,1,0,1978,0,726,3891,0,0,0,0,0,0,0,0,1299,-1339,0,0,130
2540.34,0,0,0,0,100,2167,1.62475,0.0144234,1.64207,61,0,24,24,27,0,-2,0,0,0,44,3876,4298,704,168,30,611,36139,34267,106,1026,64,98,2.7287e+06,0,0,0,0,1,1696,0,543,708,3908,0,0,0,0,0,0,0,0,1299,-1354,0,0,130
2540.35,0,0,0,0,100,2172,1.62456,0.0143908,1.64252,61,0,24,24,27,0,-2,0,0,0,44,3876,4298,698,168,30,611,36139,34267,106,1026,64,98,2.70545e+06,0,0,0,0,1,0,279,1750,684,3904,0,0,0,0,0,0,0,0,1299,-1282,0,0,130
2540.36,0,0,0,0,100,2172,1.62437,0.0143582,1.64297,61,0,24,24,27,0,-2,0,0,0,44,3876,4298,675,168,30,611,36139,34267,106,1026,64,98,2.6163e+06,0,0,0,0,1,0,279,1750,684,3904,0,0,0,0,0,0,0,0,1299,-1315,0,0,130
2540.37,0,0,0,0,100,2186,1.62418,0.0143255,1.64341,61,0,24,24,27,0,-2,0,0,0,44,3876,4298,675,168,30,611,36139,34267,106,1026,64,98,2.6163e+06,0,0,0,0,1,657,1535,0,692,3893,0,0,0,0,0,0,0,0,1299,-1315,0,0,130
2540.38,0,0,0,0,100,2205,1.62399,0.0142929,1.64386,61,0,24,24,27,0,-2,0,0,0,44,3876,4298,682,168,30,611,36139,34267,106,1026,64,98,2.64343e+06,0,0,0,0,1,442,0,1567,707,3908,0,0,0,0,0,0,0,0,1299,-1248,0,0,130
2540.39,0,0,0,0,100,2214,1.6238,0.0142602,1.6443,61,0,24,24,27,0,-2,0,0,0,44,3876,4298,698,168,30,611,36139,34267,106,1026,64,98,2.70545e+06,0,0,0,0,1,0,2302,0,736,3893,0,0,0,0,0,0,0,0,1299,-1378,0,0,130
2540.4,0,0,0,0,100,2204,1.6236,0.0142276,1.64475,61,0,24,24,27,0,-2,0,0,0,44,3883,4298,699,168,30,611,36205,34630,106,1026,68,98,2.71422e+06,0,0,0,0,1,2050,0,0,729,3882,0,0,0,0,0,0,0,0,1299,-1288,0,0,130
2540.41,0,0,0,0,100,2198,1.62482,0.0142577,1.64474,61,0,24,24,27,0,-2,0,0,0,44,3883,4298,699,168,31,611,36205,34630,106,1026,68,98,2.71422e+06,0,0,0,0,1,0,465,1743,721,3889,0,0,0,0,0,0,0,0,1299,-1364,0,0,130
2540.42,0,0,0,0,100,2198,1.62603,0.0142878,1.64473,61,0,24,24,27,0,-2,0,0,0,44,3870,4298,689,168,31,611,36205,34630,106,1026,68,98,2.66643e+06,0,0,0,0,1,0,465,1743,721,3889,0,0,0,0,0,0,0,0,1299,-1307,0,0,130
2540.43,0,0,0,0,100,2190,1.62724,0.0143179,1.64472,61,0,24,24,27,0,-2,0,0,0,44,3870,4298,688,168,31,611,36205,34630,106,1026,68,98,2.66256e+06,0,0,0,0,1,1003,1230,0,707,3899,0,0,0,0,0,0,0,0,1299,-1307,0,0,130
2540.44,0,0,0,0,100,2198,1.62846,0.014348,1.64471,61,0,24,24,27,0,-2,0,0,0,44,3870,4290,689,168,31,611,36205,34630,106,1026,68,98,2.66643e+06,0,0,0,0,1,120,0,1732,695,3906,0,0,0,0,0,0,0,0,1299,-1224,0,0,130
2540.45,0,0,0,0,100,2214,1.62967,0.0143781,1.6447,61,0,24,24,27,0,-2,0,0,0,44,3870,4290,689,168,31,611,36205,34630,106,1026,68,98,2.66643e+06,0,0,0,0,1,0,2199,0,704,3902,0,0,0,0,0,0,0,0,1299,-1298,0,0,130
2540.46,0,0,0,0,100,2222,1.63088,0.0144082,1.64469,61,0,24,24,27,0,-2,0,0,0,44,3878,4290,676,168,31,611,36205,34630,106,1026,68,98,2.62153e+06,0,0,0,0,1,1856,0,273,731,3889,0,0,0,0,0,0,0,0,1299,-1350,0,0,130
2540.47,0,0,0,0,100,2214,1.63209,0.0144383,1.64467,61,0,24,24,27,0,-2,0,0,0,44,3878,4290,686,168,31,611,36205,34630,106,1026,68,98,2.66031e+06,0,0,0,0,1,0,1450,727,727,3899,0,0,0,0,0,0,0,0,1299,-1282,0,0,130
2540.48,0,0,0,0,100,2214,1.63331,0.0144684,1.64466,61,0,24,24,27,0,-2,0,0,0,44,3878,4290,695,168,31,611,36205,34630,106,1026,68,98,2.69521e+06,0,0,0,0,1,0,1450,727,727,3899,0,0,0,0,0,0,0,0,1299,-1358,0,0,130
2540.49,0,0,0,0,100,2202,1.63452,0.0144985,1.64465,61,0,24,24,27,0,-2,0,0,0,44,3878,4290,695,168,31,611,36205,34630,106,1026,68,98,2.69521e+06,0,0,0,0,1,2170,0,0,723,3869,0,0,0,0,0,0,0,0,1299,-1358,0,0,130
2540.5,0,0,0,0,100,2199,1.63573,0.0145286,1.64464,61,0,24,24,27,0,-2,0,0,0,43,3876,4290,697,168,31,611,36143,34358,106,1026,67,98,2.70157e+06,0,0,0,0,1,0,0,2254,711,3897,0,0,0,0,0,0,0,0,1299,-1311,0,0,130
2540.51,0,0,0,0,100,2206,1.63516,0.0144968,1.64483,61,0,24,24,27,0,-2,0,0,0,43,3869,4290,686,168,31,611,36143,34358,106,1026,67,98,2.65413e+06,0,0,0,0,1,79,1779,0,696,3895,0,0,0,0,0,0,0,0,1299,-1224,0,0,130
2540.52,0,0,0,0,100,2220,1.63459,0.0144651,1.64502,61,0,24,24,27,0,-2,0,0,0,43,3869,4290,688,168,31,611,36143,34358,106,1026,67,98,2.66187e+06,0,0,0,0,1,1071,0,1149,711,3915,0,0,0,0,0,0,0,0,1299,-1287,0,0,130
2540.53,0,0,0,0,100,2224,1.63402,0.0144334,1.64521,61,0,24,24,27,0,-2,0,0,0,43,3869,4290,688,168,31,611,36143,34358,106,1026,67,98,2.66187e+06,0,0,0,0,1,0,2279,0,728,3889,0,0,0,0,0,0,0,0,1299,-1365,0,0,130
2540.54,0,0,0,0,100,2224,1.63345,0.0144017,1.6454,61,0,24,24,27,0,-2,0,0,0,43,3876,4290,692,168,31,611,36143,34358,106,1026,67,98,2.68219e+06,0,0,0,0,1,0,2279,0,728,3895,0,0,0,0,0,0,0,0,1299,-1278,0,0,130
2540.55,0,0,0,0,100,2219,1.63289,0.0143699,1.64559,61,0,24,24,27,0,-2,0,0,0,43,3876,4290,688,168,31,611,36143,34358,106,1026,67,98,2.66669e+06,0,0,0,0,1,1872,0,80,727,3895,0,0,0,0,0,0,0,0,1299,-1278,0,0,130
2540.56,0,0,0,0,100,2208,1.63232,0.0143382,1.64577,61,0,24,24,27,0,-2,0,0,0,43,3871,4290,699,168,31,611,36143,34358,106,1026,67,98,2.70583e+06,0,0,0,0,1,0,931,1315,726,3897,0,0,0,0,0,0,0,0,1299,-1333,0,0,130
2540.57,0,0,0,0,100,2200,1.63175,0.0143065,1.64596,61,0,24,24,27,0,-2,0,0,0,43,3871,4290,699,168,31,611,36143,34358,106,1026,67,98,2.70583e+06,0,0,0,0,1,1778,114,0,706,3899,0,0,0,0,0,0,0,0,1299,-1236,0,0,130
2540.58,0,0,0,0,100,2209,1.63118,0.0142747,1.64615,61,0,24,24,27,0,-2,0,0,0,43,3869,4290,693,168,31,611,36143,34358,106,1026,67,98,2.68122e+06,0,0,0,0,1,0,0,2186,702,3887,0,0,0,0,0,0,0,0,1299,-1301,0,0,130
2540.59,0,0,0,0,100,2231,1.63061,0.014243,1.64634,61,0,24,24,27,0,-2,0,0,0,43,3869,4290,697,168,31,611,36143,34358,106,1026,67,98,2.69669e+06,0,0,0,0,1,602,1568,0,705,3893,0,0,0,0,0,0,0,0,1299,-1309,0,0,130
2540.6,0,0,0,0,100,2231,1.63004,0.0142113,1.64653,61,0,24,24,27,0,-2,0,0,0,43,3869,4290,683,168,31,611,36092,34388,106,1026,87,98,2.64253e+06,0,0,0,0,1,602,1568,0,705,3874,0,0,0,0,0,0,0,0,1299,-1316,0,0,130
2540.61,0,0,0,0,100,2242,1.62944,0.0142261,1.64639,61,0,24,24,27,0,-2,0,0,0,43,3869,4290,683,168,28,611,36092,34388,106,1026,87,98,2.64253e+06,0,0,0,0,1,0,0,2047,735,3874,0,0,0,0,0,0,0,0,1299,-1316,0,0,130
2540.62,0,0,0,0,100,2231,1.62884,0.0142408,1.64624,61,0,24,24,27,0,-2,0,0,0,43,3869,4290,710,168,28,611,36092,34388,106,1026,87,98,2.74699e+06,0,0,0,0,1,0,1962,0,738,3889,0,0,0,0,0,0,0,0,1299,-1254,0,0,130
2540.63,0,0,0,0,100,2218,1.62824,0.0142556,1.6461,61,0,24,24,27,0,-2,0,0,0,43,3873,4290,713,168,28,611,36092,34388,106,1026,87,98,2.76145e+06,0,0,0,0,1,1331,0,911,728,3917,0,0,0,0,0,0,0,0,1299,-1311,0,0,130
2540.64,0,0,0,0,100,2214,1.62764,0.0142703,1.64596,61,0,24,24,27,0,-2,0,0,0,43,3873,4290,720,168,28,611,36092,34388,106,1026,87,98,2.78856e+06,0,0,0,0,1,0,1972,0,706,3904,0,0,0,0,0,0,0,0,1299,-1261,0,0,130
2540.65,0,0,0,0,100,2228,1.62704,0.0142851,1.64582,61,0,24,24,27,0,-2,0,0,0,43,3873,4290,720,168,28,611,36092,34388,106,1026,87,98,2.78856e+06,0,0,0,0,1,1985,0,0,699,3906,0,0,0,0,0,0,0,0,1299,-1205,0,0,130
2540.66,0,0,0,0,100,2228,1.62644,0.0142999,1.64568,61,0,24,24,27,0,-2,0,0,0,43,3860,4290,693,168,28,611,36092,34388,106,1026,87,98,2.67498e+06,0,0,0,0,1,1985,0,0,699,3902,0,0,0,0,0,0,0,0,1299,-1238,0,0,130
2540.67,0,0,0,0,100,2247,1.62583,0.0143146,1.64553,61,0,24,24,27,0,-2,0,0,0,43,3860,4290,687,168,28,611,36092,34388,106,1026,87,98,2.65182e+06,0,0,0,0,1,0,1386,688,715,3902,0,0,0,0,0,0,0,0,1299,-1238,0,0,130
2540.68,0,0,0,0,100,2257,1.62523,0.0143294,1.64539,61,0,24,24,27,0,-2,0,0,0,43,3867,4290,699,168,28,611,36092,34388,106,1026,87,98,2.70303e+06,0,0,0,0,1,2003,0,0,732,3884,0,0,0,0,0,0,0,0,1299,-1247,0,0,130
2540.69,0,0,0,0,100,2255,1.62463,0.0143441,1.64525,61,0,24,24,27,0,-2,0,0,0,43,3867,4290,699,168,28,611,36092,34388,106,1026,87,98,2.70303e+06,0,0,0,0,1,0,1822,127,741,3895,0,0,0,0,0,0,0,0,1299,-1261,0,0,130
2540.7,0,0,0,0,100,2248,1.62403,0.0143589,1.64511,61,0,24,24,27,0,-2,0,0,0,45,3868,4290,733,168,28,611,36064,34356,106,1026,87,98,2.83524e+06,0,0,0,0,1,1964,0,0,737,3889,0,0,0,0,0,0,0,0,1299,-1283,0,0,130
2540.71,0,0,0,0,100,2245,1.62452,0.0143509,1.64502,61,0,24,24,27,0,-2,0,0,0,45,3868,4290,720,168,28,611,36064,34356,106,1026,87,98,2.78496e+06,0,0,0,0,1,0,1642,369,727,3887,0,0,0,0,0,0,0,0,1299,-1265,0,0,130
2540.72,0,0,0,0,100,2245,1.62501,0.0143428,1.64492,61,0,24,24,27,0,-2,0,0,0,45,3861,4290,715,168,28,611,36064,34356,106,1026,87,98,2.76062e+06,0,0,0,0,1,0,1642,369,727,3893,0,0,0,0,0,0,0,0,1299,-1207,0,0,130
2540.73,0,0,0,0,100,2253,1.6255,0.0143348,1.64483,61,0,24,24,27,0,-2,0,0,0,45,3861,4290,715,168,28,611,36064,34356,106,1026,87,98,2.76062e+06,0,0,0,0,1,1921,0,0,710,3893,0,0,0,0,0,0,0,0,1299,-1207,0,0,130
2540.74,0,0,0,0,100,2276,1.62599,0.0143267,1.64474,61,0,24,24,27,0,-2,0,0,0,45,3861,4290,698,168,28,611,36064,34356,106,1026,87,98,2.69498e+06,0,0,0,0,1,0,2041,0,719,3904,0,0,0,0,0,0,0,0,1299,-1280,0,0,130
2540.75,0,0,0,0,100,2281,1.62648,0.0143187,1.64465,61,0,24,24,27,0,-2,0,0,0,45,3861,4290,693,168,28,611,36064,34356,106,1026,87,98,2.67567e+06,0,0,0,0,1,1270,0,1008,749,3899,0,0,0,0,0,0,0,0,1299,-1338,0,0,130
2540.76,0,0,0,0,100,2273,1.62697,0.0143107,1.64456,61,0,24,24,27,0,-2,0,0,0,45,3861,4290,700,168,28,611,36064,34356,106,1026,87,98,2.7027e+06,0,0,0,0,1,0,2031,0,752,3887,0,0,0,0,0,0,0,0,1299,-1271,0,0,130
2540.77,0,0,0,0,100,2258,1.62746,0.0143026,1.64447,61,0,24,24,27,0,-2,0,0,0,45,3861,4290,700,168,28,611,36064,34356,106,1026,87,98,2.7027e+06,0,0,0,0,1,14,0,1873,740,3889,0,0,0,0,0,0,0,0,1299,-1248,0,0,130
2540.78,0,0,0,0,100,2258,1.62795,0.0142946,1.64438,61,0,24,24,27,0,-2,0,0,0,45,3865,4290,739,168,28,611,36064,34356,106,1026,87,98,2.85624e+06,0,0,0,0,1,14,0,1873,740,3889,0,0,0,0,0,0,0,0,1299,-1245,0,0,130
2540.79,0,0,0,0,100,2261,1.62844,0.0142865,1.64429,61,0,24,24,27,0,-2,0,0,0,45,3859,4290,733,168,28,611,36064,34356,106,1026,87,98,2.82865e+06,0,0,0,0,1,202,1740,0,714,3889,0,0,0,0,0,0,0,0,1299,-1245,0,0,130
2540.8,0,0,0,0,100,2276,1.62893,0.0142785,1.6442,61,0,24,24,26,0,-2,0,0,0,43,3859,4290,725,168,28,611,36004,34197,106,1026,65,98,2.79778e+06,0,0,0,0,1,0,0,2168,722,3874,0,0,0,0,0,0,0,0,1299,-1281,0,0,130
2540.81,0,0,0,0,100,2293,1.62831,0.0142865,1.64404,61,0,24,24,26,0,-2,0,0,0,43,3859,4290,725,168,28,611,36004,34197,106,1026,65,98,2.79778e+06,0,0,0,0,1,1721,263,0,732,3880,0,0,0,0,0,0,0,0,1299,-1315,0,0,130
2540.82,0,0,0,0,100,2298,1.62768,0.0142945,1.64387,61,0,24,24,26,0,-2,0,0,0,43,3860,4290,700,168,28,611,36004,34197,106,1026,65,98,2.702e+06,0,0,0,0,1,0,820,1479,755,3876,0,0,0,0,0,0,0,0,1299,-1312,0,0,130
2540.83,0,0,0,0,100,2288,1.62705,0.0143025,1.64371,61,0,24,24,26,0,-2,0,0,0,43,3860,4297,704,168,28,611,36004,34197,106,1026,65,98,2.71744e+06,0,0,0,0,1,1948,0,0,756,3880,0,0,0,0,0,0,0,0,1299,-1368,0,0,130
2540.84,0,0,0,0,100,2288,1.62642,0.0143105,1.64355,61,0,24,24,26,0,-2,0,0,0,43,3860,4297,725,168,28,611,36004,34197,106,1026,65,98,2.7985e+06,0,0,0,0,1,1948,0,0,756,3880,0,0,0,0,0,0,0,0,1299,-1323,0,0,130
2540.85,0,0,0,0,100,2274,1.6258,0.0143185,1.64339,61,0,24,24,26,0,-2,0,0,0,43,3860,4297,725,168,28,611,36004,34197,106,1026,65,98,2.7985e+06,0,0,0,0,1,0,2267,0,751,3895,0,0,0,0,0,0,0,0,1299,-1323,0,0,130
2540.86,0,0,0,0,100,2264,1.62517,0.0143265,1.64322,61,0,24,24,26,0,-2,0,0,0,43,3856,4297,722,168,28,611,36004,34197,106,1026,65,98,2.78403e+06,0,0,0,0,1,1077,0,1061,723,3913,0,0,0,0,0,0,0,0,1299,-1261,0,0,130
2540.87,0,0,0,0,100,2281,1.62454,0.0143345,1.64306,61,0,24,24,26,0,-2,0,0,0,43,3856,4297,717,168,28,611,36004,34197,106,1026,65,98,2.76475e+06,0,0,0,0,1,0,1816,0,713,3889,0,0,0,0,0,0,0,0,1299,-1218,0,0,130
2540.88,0,0,0,0,100,2297,1.62392,0.0143425,1.6429,61,0,24,24,26,0,-2,0,0,0,43,3856,4297,710,168,28,611,36004,34197,106,1026,65,98,2.73776e+06,0,0,0,0,1,0,0,2242,736,3867,0,0,0,0,0,0,0,0,1299,-1309,0,0,130
2540.89,0,0,0,0,100,2299,1.62329,0.0143505,1.64274,61,0,24,24,26,0,-2,0,0,0,43,3856,4297,710,168,28,611,36004,34197,106,1026,65,98,2.73776e+06,0,0,0,0,1,2147,0,0,758,3854,0,0,0,0,0,0,0,0,1299,-1371,0,0,130
2540.9,0,0,0,0,100,2299,1.62266,0.0143585,1.64257,61,0,24,24,27,0,-2,0,0,0,44,3860,4297,702,168,28,611,36011,34069,106,1026,64,98,2.70972e+06,0,0,0,0,1,2147,0,0,758,3854,0,0,0,0,0,0,0,0,1299,-1309,0,0,130
2540.91,0,0,0,0,100,2286,1.62311,0.0143465,1.64268,61,0,24,24,27,0,-2,0,0,0,44,3860,4297,715,168,28,611,36011,34069,106,1026,64,98,2.7599e+06,0,0,0,0,1,0,1111,1152,755,3884,0,0,0,0,0,0,0,0,1299,-1309,0,0,130
2540.92,0,0,0,0,100,2276,1.62356,0.0143345,1.64278,61,0,24,24,27,0,-2,0,0,0,44,3865,4297,735,168,28,611,36011,34069,106,1026,64,98,2.84078e+06,0,0,0,0,1,1913,0,0,738,3882,0,0,0,0,0,0,0,0,1299,-1252,0,0,130
2540.93,0,0,0,0,100,2276,1.62401,0.0143225,1.64289,61,0,24,24,27,0,-2,0,0,0,44,3865,4297,735,168,28,611,36011,34069,106,1026,64,98,2.84078e+06,0,0,0,0,1,0,2152,0,731,3884,0,0,0,0,0,0,0,0,1299,-1337,0,0,130
2540.94,0,0,0,0,100,2288,1.62446,0.0143105,1.64299,61,0,24,24,27,0,-2,0,0,0,44,3849,4297,713,168,28,611,36011,34069,106,1026,64,98,2.74434e+06,0,0,0,0,1,977,0,1193,720,3904,0,0,0,0,0,0,0,0,1299,-1255,0,0,130
2540.95,0,0,0,0,100,2303,1.62492,0.0142985,1.64309,61,0,24,24,27,0,-2,0,0,0,44,3849,4297,721,168,28,611,36011,34069,106,1026,64,98,2.77513e+06,0,0,0,0,1,559,1623,0,740,3865,0,0,0,0,0,0,0,0,1299,-1326,0,0,130
2540.96,0,0,0,0,100,2303,1.62537,0.0142865,1.6432,61,0,24,24,27,0,-2,0,0,0,44,3849,4297,698,168,28,611,36011,34069,106,1026,64,98,2.6866e+06,0,0,0,0,1,559,1623,0,740,3865,0,0,0,0,0,0,0,0,1299,-1301,0,0,130
2540.97,0,0,0,0,100,2305,1.62582,0.0142745,1.6433,61,0,24,24,27,0,-2,0,0,0,44,3849,4297,698,168,28,611,36011,34069,106,1026,64,98,2.6866e+06,0,0,0,0,1,0,0,1924,756,3869,0,0,0,0,0,0,0,0,1299,-1301,0,0,130
2540.98,0,0,0,0,100,2295,1.62627,0.0142625,1.6434,61,0,24,24,27,0,-2,0,0,0,44,3854,4297,724,168,28,611,36011,34069,106,1026,64,98,2.7903e+06,0,0,0,0,1,2290,0,0,761,3867,0,0,0,0,0,0,0,0,1299,-1341,0,0,130
2540.99,0,0,0,0,100,2282,1.62672,0.0142505,1.64351,61,0,24,24,27,0,-2,0,0,0,44,3859,4297,730,168,28,611,36011,34069,106,1026,64,98,2.81707e+06,0,0,0,0,1,0,1773,150,741,3891,0,0,0,0,0,0,0,0,1299,-1242,0,0,130
2541,0,0,0,0,100,2289,1.62717,0.0142385,1.64361,61,0,24,24,27,0,-2,0,0,0,43,3859,4297,747,168,28,611,36041,34248,106,1026,39,98,2.88267e+06,0,0,0,0,1,1536,0,633,727,3904,0,0,0,0,0,0,0,0,1299,-1309,0,0,130
2541.01,0,0,0,0,100,2309,1.62708,0.0142198,1.64341,61,0,24,24,27,0,-2,0,0,0,43,3859,4297,747,168,28,611,36041,34248,106,1026,39,98,2.88267e+06,0,0,0,0,1,178,1779,0,730,3876,0,0,0,0,0,0,0,0,1299,-1264,0,0,130
2541.02,0,0,0,0,100,2309,1.62699,0.0142012,1.64322,61,0,24,24,27,0,-2,0,0,0,43,3855,4297,728,168,28,611,36041,34248,106,1026,39,98,2.80644e+06,0,0,0,0,1,178,1779,0,730,3876,0,0,0,0,0,0,0,0,1299,-1269,0,0,130
2541.03,0,0,0,0,100,2324,1.62691,0.0141826,1.64302,61,0,24,24,27,0,-2,0,0,0,43,3855,4297,717,168,28,611,36041,34248,106,1026,39,98,2.76404e+06,0,0,0,0,1,0,0,1916,751,3874,0,0,0,0,0,0,0,0,1299,-1269,0,0,130
2541.04,0,0,0,0,100,2320,1.62682,0.014164,1.64282,61,0,24,24,27,0,-2,0,0,0,43,3857,4297,714,168,28,611,36041,34248,106,1026,39,98,2.7539e+06,0,0,0,0,1,2065,0,0,766,3876,0,0,0,0,0,0,0,0,1299,-1272,0,0,130
2541.05,0,0,0,0,100,2309,1.62673,0.0141453,1.64262,61,0,24,24,27,0,-2,0,0,0,43,3857,4297,714,168,28,611,36041,34248,106,1026,39,98,2.7539e+06,0,0,0,0,1,0,2244,0,758,3887,0,0,0,0,0,0,0,0,1299,-1313,0,0,130
2541.06,0,0,0,0,100,2299,1.62664,0.0141267,1.64242,61,0,24,24,27,0,-2,0,0,0,43,3868,4297,750,168,28,611,36041,34248,106,1026,39,98,2.901e+06,0,0,0,0,1,0,0,2078,744,3865,0,0,0,0,0,0,0,0,1299,-1293,0,0,130
2541.07,0,0,0,0,100,2311,1.62655,0.0141081,1.64223,61,0,24,24,27,0,-2,0,0,0,43,3868,4297,742,168,28,611,36041,34248,106,1026,39,98,2.87006e+06,0,0,0,0,1,1624,289,0,725,3889,0,0,0,0,0,0,0,0,1299,-1203,0,0,130
2541.08,0,0,0,0,100,2311,1.62647,0.0140894,1.64203,61,0,24,24,27,0,-2,0,0,0,43,3868,4297,747,168,28,611,36041,34248,106,1026,39,98,2.8894e+06,0,0,0,0,1,1624,289,0,725,3889,0,0,0,0,0,0,0,0,1299,-1230,0,0,130
2541.09,0,0,0,0,100,2333,1.62638,0.0140708,1.64183,61,0,24,24,27,0,-2,0,0,0,43,3868,4297,747,168,28,611,36041,34248,106,1026,39,98,2.8894e+06,0,0,0,0,1,0,1582,418,739,3889,0,0,0,0,0,0,0,0,1299,-1230,0,0,130
2541.1,0,0,0,0,100,2345,1.62629,0.0140522,1.64163,61,0,24,24,27,0,-2,0,0,0,43,3868,4297,713,168,28,611,36098,34478,106,1026,68,98,2.75788e+06,0,0,0,0,1,0,0,2127,760,3854,0,0,0,0,0,0,0,0,1299,-1316,0,0,130
2541.11,0,0,0,0,100,2347,1.62656,0.0140704,1.64207,61,0,24,24,27,0,-2,0,0,0,43,3868,4297,727,168,28,611,36098,34478,106,1026,68,98,2.81204e+06,0,0,0,0,1,2188,0,0,777,3843,0,0,0,0,0,0,0,0,1299,-1372,0,0,130
2541.12,0,0,0,0,100,2336,1.62684,0.0140885,1.6425,61,0,24,24,27,0,-2,0,0,0,43,3868,4297,719,168,28,611,36098,34478,106,1026,68,98,2.78109e+06,0,0,0,0,1,0,2187,0,777,3878,0,0,0,0,0,0,0,0,1299,-1364,0,0,130
2541.13,0,0,0,0,100,2328,1.62711,0.0141067,1.64293,61,0,24,24,27,0,-2,0,0,0,43,3868,4297,719,168,27,611,36098,34478,106,1026,68,98,2.78109e+06,0,0,0,0,1,0,0,2088,754,3852,0,0,0,0,0,0,0,0,1299,-1290,0,0,130
2541.14,0,0,0,0,100,2328,1.62738,0.0141249,1.64336,61,0,24,24,27,0,-2,0,0,0,43,3868,4297,759,168,27,611,36098,34478,106,1026,68,98,2.93581e+06,0,0,0,0,1,0,0,2088,754,3848,0,0,0,0,0,0,0,0,1299,-1310,0,0,130
2541.15,0,0,0,0,100,2339,1.62765,0.0141431,1.64379,61,0,24,24,27,0,-2,0,0,0,43,3868,4297,746,168,27,611,36098,34478,106,1026,68,98,2.88553e+06,0,0,0,0,1,2104,0,0,738,3848,0,0,0,0,0,0,0,0,1299,-1310,0,0,130
2541.16,0,0,0,0,100,2359,1.62793,0.0141613,1.64422,61,0,24,24,27,0,-2,0,0,0,43,3868,4297,749,168,27,611,36098,34478,106,1026,68,98,2.89713e+06,0,0,0,0,1,0,2258,0,756,3878,0,0,0,0,0,0,0,0,1299,-1328,0,0,130
2541.17,0,0,0,0,100,2361,1.6282,0.0141795,1.64465,61,0,24,24,27,0,-2,0,0,0,43,3868,4297,749,168,27,611,36098,34478,106,1026,68,98,2.89713e+06,0,0,0,0,1,0,0,2004,767,3876,0,0,0,0,0,0,0,0,1299,-1247,0,0,130
2541.18,0,0,0,0,100,2357,1.62847,0.0141976,1.64508,61,0,24,24,27,0,-2,0,0,0,43,3868,4297,715,168,27,611,36098,34478,106,1026,68,98,2.76562e+06,0,0,0,0,1,1841,0,299,782,3869,0,0,0,0,0,0,0,0,1299,-1368,0,0,130
2541.19,0,0,0,0,100,2345,1.62875,0.0142158,1.64552,61,0,24,24,27,0,-2,0,0,0,43,3868,4297,732,168,27,611,36098,34478,106,1026,68,98,2.83138e+06,0,0,0,0,1,579,1636,0,769,3863,0,0,0,0,0,0,0,0,1299,-1344,0,0,130
2541.2,0,0,0,0,100,2345,1.62902,0.014234,1.64595,61,0,24,24,27,0,-2,0,0,0,43,3852,4297,744,168,27,611,36098,34478,106,1026,68,98,2.86589e+06,0,0,0,0,1,579,1636,0,769,3865,0,0,0,0,0,0,0,0,1299,-1311,0,0,130
2541.21,0,0,0,0,100,2349,1.62928,0.0142256,1.64586,61,0,24,24,27,0,-2,0,0,0,43,3852,4297,744,168,27,611,36098,34478,106,1026,68,98,2.86589e+06,0,0,0,0,1,0,822,1387,748,3865,0,0,0,0,0,0,0,0,1299,-1311,0,0,130
2541.22,0,0,0,0,100,2363,1.62954,0.0142172,1.64578,61,0,24,24,27,0,-2,0,0,0,43,3846,4297,750,168,27,611,36098,34478,106,1026,68,98,2.8845e+06,0,0,0,0,1,339,0,1592,744,3872,0,0,0,0,0,0,0,0,1299,-1208,0,0,130
2541.23,0,0,0,0,100,2378,1.6298,0.0142088,1.64569,61,0,24,24,27,0,-2,0,0,0,43,3846,4297,738,168,27,611,36098,34478,106,1026,68,98,2.83835e+06,0,0,0,0,1,2235,0,0,771,3841,0,0,0,0,0,0,0,0,1299,-1342,0,0,130
2541.24,0,0,0,0,100,2378,1.63005,0.0142004,1.64561,61,0,24,24,27,0,-2,0,0,0,43,3846,4297,728,168,27,611,36098,34478,106,1026,68,98,2.79989e+06,0,0,0,0,1,0,1921,0,780,3858,0,0,0,0,0,0,0,0,1299,-1274,0,0,130
2541.25,0,0,0,0,100,2367,1.63031,0.014192,1.64552,61,0,24,24,27,0,-2,0,0,0,43,3846,4297,728,168,27,611,36098,34478,106,1026,68,98,2.79989e+06,0,0,0,0,1,0,635,1637,789,3846,0,0,0,0,0,0,0,0,1299,-1386,0,0,130
2541.26,0,0,0,0,100,2367,1.63057,0.0141836,1.64544,61,0,24,24,27,0,-2,0,0,0,43,3850,4297,738,168,27,611,36098,34478,106,1026,68,98,2.8413e+06,0,0,0,0,1,0,635,1637,789,3891,0,0,0,0,0,0,0,0,1299,-1331,0,0,130
2541.27,0,0,0,0,100,2349,1.63083,0.0141752,1.64535,61,0,24,24,27,0,-2,0,0,0,43,3854,4297,743,168,27,611,36098,34478,106,1026,68,98,2.86352e+06,0,0,0,0,1,1308,0,973,769,3891,0,0,0,0,0,0,0,0,1299,-1331,0,0,130
2541.28,0,0,0,0,100,2358,1.63109,0.0141669,1.64527,61,0,24,24,27,0,-2,0,0,0,43,3854,4297,753,168,27,611,36098,34478,106,1026,68,98,2.90206e+06,0,0,0,0,1,1549,400,0,736,3874,0,0,0,0,0,0,0,0,1299,-1203,0,0,130
2541.29,0,0,0,0,100,2376,1.63135,0.0141585,1.64519,61,0,24,24,27,0,-2,0,0,0,43,3854,4297,753,168,27,611,36098,34478,106,1026,68,98,2.90206e+06,0,0,0,0,1,0,2199,0,760,3874,0,0,0,0,0,0,0,0,1299,-1341,0,0,130
2541.3,0,0,0,0,100,2386,1.63161,0.0141501,1.6451,61,0,24,24,27,0,-2,0,0,0,43,3845,4298,730,168,27,611,35886,34050,106,1026,65,98,2.80685e+06,0,0,0,0,1,0,0,1901,769,3869,0,0,0,0,0,0,0,0,1299,-1247,0,0,130
2541.31,0,0,0,0,100,2384,1.63082,0.0141678,1.64508,61,0,24,24,27,0,-2,0,0,0,43,3845,4298,732,168,27,611,35886,34050,106,1026,65,98,2.81454e+06,0,0,0,0,1,1267,0,1035,790,3878,0,0,0,0,0,0,0,0,1299,-1300,0,0,130
2541.32,0,0,0,0,100,2384,1.63004,0.0141856,1.64505,61,0,24,24,27,0,-2,0,0,0,43,3845,4298,722,168,27,611,35886,34050,106,1026,65,98,2.77609e+06,0,0,0,0,1,1267,0,1035,790,3878,0,0,0,0,0,0,0,0,1299,-1357,0,0,130
2541.33,0,0,0,0,100,2370,1.62925,0.0142033,1.64503,61,0,24,24,27,0,-2,0,0,0,43,3845,4298,722,168,27,611,35886,34050,106,1026,65,98,2.77609e+06,0,0,0,0,1,1993,0,0,778,3848,0,0,0,0,0,0,0,0,1299,-1357,0,0,130
2541.34,0,0,0,0,100,2365,1.62846,0.0142211,1.64501,61,0,24,24,27,0,-2,0,0,0,43,3852,4298,763,168,27,611,35886,34050,106,1026,65,98,2.93908e+06,0,0,0,0,1,0,2232,0,762,3878,0,0,0,0,0,0,0,0,1299,-1277,0,0,130
2541.35,0,0,0,0,100,2371,1.62768,0.0142389,1.64498,61,0,24,24,27,0,-2,0,0,0,43,3852,4298,766,168,27,611,35886,34050,106,1026,65,98,2.95063e+06,0,0,0,0,1,0,427,1688,752,3865,0,0,0,0,0,0,0,0,1299,-1330,0,0,130
2541.36,0,0,0,0,100,2385,1.62689,0.0142566,1.64496,61,0,24,24,27,0,-2,0,0,0,43,3852,4298,754,168,27,611,35886,34050,106,1026,65,98,2.90441e+06,0,0,0,0,1,983,0,1184,760,3889,0,0,0,0,0,0,0,0,1299,-1267,0,0,130
2541.37,0,0,0,0,100,2394,1.6261,0.0142744,1.64494,61,0,24,24,27,0,-2,0,0,0,43,3852,4298,754,168,27,611,35886,34050,106,1026,65,98,2.90441e+06,0,0,0,0,1,2270,0,0,774,3846,0,0,0,0,0,0,0,0,1299,-1356,0,0,130
2541.38,0,0,0,0,100,2394,1.62532,0.0142922,1.64491,61,0,24,24,27,0,-2,0,0,0,43,3842,4298,727,168,27,611,35886,34050,106,1026,65,98,2.79313e+06,0,0,0,0,1,2270,0,0,774,3846,0,0,0,0,0,0,0,0,1299,-1346,0,0,130
2541.39,0,0,0,0,100,2393,1.62453,0.0143099,1.64489,61,0,24,24,27,0,-2,0,0,0,43,3842,4298,727,168,27,611,35886,34050,106,1026,65,98,2.79313e+06,0,0,0,0,1,292,1831,0,793,3854,0,0,0,0,0,0,0,0,1299,-1346,0,0,130
2541.4,0,0,0,0,100,2380,1.62375,0.0143277,1.64486,61,0,24,24,27,0,-2,0,0,0,44,3842,4298,746,168,27,611,35858,33812,106,1026,64,98,2.86613e+06,0,0,0,0,1,0,1332,885,775,3876,0,0,0,0,0,0,0,0,1299,-1290,0,0,130
2541.41,0,0,0,0,100,2384,1.62426,0.0142982,1.64493,61,0,24,24,27,0,-2,0,0,0,44,3842,4298,746,168,27,611,35858,33812,106,1026,64,98,2.86613e+06,0,0,0,0,1,0,0,2168,766,3841,0,0,0,0,0,0,0,0,1299,-1336,0,0,130
2541.42,0,0,0,0,100,2395,1.62477,0.0142688,1.645,61,0,24,24,27,0,-2,0,0,0,44,3850,4298,776,168,27,611,35858,33812,106,1026,64,98,2.9876e+06,0,0,0,0,1,1882,0,49,764,3874,0,0,0,0,0,0,0,0,1299,-1278,0,0,130
2541.43,0,0,0,0,100,2408,1.62529,0.0142393,1.64507,61,0,24,24,27,0,-2,0,0,0,44,3839,4298,768,168,27,611,35858,33812,106,1026,64,98,2.94835e+06,0,0,0,0,1,1848,79,0,777,3852,0,0,0,0,0,0,0,0,1299,-1271,0,0,130
2541.44,0,0,0,0,100,2408,1.6258,0.0142099,1.64513,61,0,24,24,27,0,-2,0,0,0,44,3839,4298,761,168,27,611,35858,33812,106,1026,64,98,2.92148e+06,0,0,0,0,1,1848,79,0,777,3852,0,0,0,0,0,0,0,0,1299,-1263,0,0,130
2541.45,0,0,0,0,100,2407,1.62631,0.0141804,1.6452,61,0,24,24,27,0,-2,0,0,0,44,3839,4298,761,168,27,611,35858,33812,106,1026,64,98,2.92148e+06,0,0,0,0,1,0,2033,0,791,3858,0,0,0,0,0,0,0,0,1299,-1263,0,0,130
2541.46,0,0,0,0,100,2400,1.62683,0.014151,1.64527,61,0,24,24,27,0,-2,0,0,0,44,3838,4301,735,168,27,611,35858,33812,106,1026,64,98,2.82093e+06,0,0,0,0,1,0,1152,1088,782,3865,0,0,0,0,0,0,0,0,1299,-1302,0,0,130
2541.47,0,0,0,0,100,2396,1.62734,0.0141215,1.64533,61,0,24,24,27,0,-2,0,0,0,44,3838,4301,758,168,27,611,35858,33812,106,1026,64,98,2.9092e+06,0,0,0,0,1,0,0,2239,777,3843,0,0,0,0,0,0,0,0,1299,-1331,0,0,130
2541.48,0,0,0,0,100,2403,1.62785,0.0140921,1.6454,61,0,24,24,27,0,-2,0,0,0,44,3838,4301,768,168,27,611,35858,33812,106,1026,64,98,2.94758e+06,0,0,0,0,1,1765,0,352,771,3874,0,0,0,0,0,0,0,0,1299,-1330,0,0,130
2541.49,0,0,0,0,100,2420,1.62837,0.0140626,1.64547,61,0,24,24,27,0,-2,0,0,0,44,3838,4301,768,168,27,611,35858,33812,106,1026,64,98,2.94758e+06,0,0,0,0,1,2173,0,0,774,3841,0,0,0,0,0,0,0,0,1299,-1350,0,0,130
2541.5,0,0,0,0,100,2420,1.62888,0.0140332,1.64553,61,0,24,24,27,0,-2,0,0,0,43,3838,4301,764,168,27,611,35907,33913,106,1026,39,98,2.93223e+06,0,0,0,0,1,2173,0,0,774,3841,0,0,0,0,0,0,0,0,1299,-1352,0,0,130
2541.51,0,0,0,0,100,2432,1.62865,0.0140302,1.64531,61,0,24,24,27,0,-2,0,0,0,43,3838,4301,750,168,27,611,35907,33913,106,1026,39,98,2.8785e+06,0,0,0,0,1,731,1538,0,788,3839,0,0,0,0,0,0,0,0,1299,-1352,0,0,130
2541.52,0,0,0,0,100,2430,1.62841,0.0140271,1.6451,61,0,24,24,27,0,-2,0,0,0,43,3838,4301,741,168,27,611,35907,33913,106,1026,39,98,2.84396e+06,0,0,0,0,1,0,2232,0,798,3865,0,0,0,0,0,0,0,0,1299,-1305,0,0,130
2541.53,0,0,0,0,100,2421,1.62817,0.0140241,1.64488,61,0,24,24,27,0,-2,0,0,0,43,3838,4301,741,168,27,611,35907,33913,106,1026,39,98,2.84396e+06,0,0,0,0,1,0,1265,920,790,3861,0,0,0,0,0,0,0,0,1299,-1285,0,0,130
2541.54,0,0,0,0,100,2417,1.62794,0.0140211,1.64466,61,0,24,24,27,0,-2,0,0,0,43,3843,4301,768,168,27,611,35907,33913,106,1026,39,98,2.95142e+06,0,0,0,0,1,0,0,2165,771,3863,0,0,0,0,0,0,0,0,1299,-1243,0,0,130
2541.55,0,0,0,0,100,2429,1.6277,0.0140181,1.64444,61,0,24,24,27,0,-2,0,0,0,43,3843,4301,781,168,27,611,35907,33913,106,1026,39,98,3.00138e+06,0,0,0,0,1,479,0,1541,772,3865,0,0,0,0,0,0,0,0,1299,-1237,0,0,130
2541.56,0,0,0,0,100,2429,1.62747,0.0140151,1.64422,61,0,24,24,27,0,-2,0,0,0,43,3843,4301,774,168,27,611,35907,33913,106,1026,39,98,2.97448e+06,0,0,0,0,1,479,0,1541,772,3865,0,0,0,0,0,0,0,0,1299,-1298,0,0,130
2541.57,0,0,0,0,100,2435,1.62723,0.014012,1.644,61,0,24,24,27,0,-2,0,0,0,43,3843,4301,774,168,27,611,35907,33913,106,1026,39,98,2.97448e+06,0,0,0,0,1,1894,0,108,791,3861,0,0,0,0,0,0,0,0,1299,-1298,0,0,130
2541.58,0,0,0,0,100,2439,1.62699,0.014009,1.64378,61,0,24,24,27,0,-2,0,0,0,43,3838,4301,752,168,27,611,35907,33913,106,1026,39,98,2.88618e+06,0,0,0,0,1,2237,0,0,789,3831,0,0,0,0,0,0,0,0,1299,-1358,0,0,130
2541.59,0,0,0,0,100,2435,1.62676,0.014006,1.64356,61,0,24,24,27,0,-2,0,0,0,43,3831,4301,747,168,27,611,35907,33913,106,1026,39,98,2.86176e+06,0,0,0,0,1,969,1314,0,800,3846,0,0,0,0,0,0,0,0,1299,-1337,0,0,130
2541.6,0,0,0,0,100,2435,1.62652,0.014003,1.64334,61,0,24,24,28,0,-2,0,0,0,43,3831,4301,744,168,27,611,35870,33763,106,1026,39,98,2.85026e+06,0,0,0,0,1,0,1890,0,783,3858,0,0,0,0,0,0,0,0,1299,-1263,0,0,130
2541.61,0,0,0,0,100,2440,1.62666,0.0140404,1.64366,61,0,24,24,28,0,-2,0,0,0,43,3831,4301,744,168,27,611,35870,33763,106,1026,39,98,2.85026e+06,0,0,0,0,1,0,1947,0,785,3869,0,0,0,0,0,0,0,0,1299,-1275,0,0,130
2541.62,0,0,0,0,100,2440,1.6268,0.0140779,1.64397,61,0,24,24,28,0,-2,0,0,0,43,3844,4306,787,168,27,611,35870,33763,106,1026,39,98,3.02523e+06,0,0,0,0,1,0,1947,0,785,3846,0,0,0,0,0,0,0,0,1299,-1330,0,0,130
2541.63,0,0,0,0,100,2448,1.62694,0.0141153,1.64428,61,0,24,24,28,0,-2,0,0,0,43,3844,4306,780,168,27,611,35870,33763,106,1026,39,98,2.99832e+06,0,0,0,0,1,0,656,1582,785,3846,0,0,0,0,0,0,0,0,1299,-1330,0,0,130
2541.64,0,0,0,0,100,2452,1.62707,0.0141528,1.64459,61,0,24,24,28,0,-2,0,0,0,43,3844,4306,774,168,27,611,35870,33763,106,1026,39,98,2.97526e+06,0,0,0,0,1,0,0,1983,797,3858,0,0,0,0,0,0,0,0,1299,-1246,0,0,130
2541.65,0,0,0,0,100,2445,1.62721,0.0141902,1.6449,61,0,24,24,28,0,-2,0,0,0,43,3844,4306,774,168,28,611,35870,33763,106,1026,39,98,2.97526e+06,0,0,0,0,1,0,0,2180,807,3824,0,0,0,0,0,0,0,0,1299,-1347,0,0,130
2541.66,0,0,0,0,100,2436,1.62735,0.0142277,1.64521,61,0,24,24,28,0,-2,0,0,0,43,3832,4306,747,168,28,611,35870,33763,106,1026,39,98,2.8625e+06,0,0,0,0,1,1495,0,768,797,3876,0,0,0,0,0,0,0,0,1299,-1357,0,0,130
2541.67,0,0,0,0,100,2438,1.62749,0.0142651,1.64552,61,0,24,24,28,0,-2,0,0,0,43,3835,4306,760,168,28,611,35870,33763,106,1026,39,98,2.9146e+06,0,0,0,0,1,2163,0,0,774,3861,0,0,0,0,0,0,0,0,1299,-1267,0,0,130
2541.68,0,0,0,0,100,2438,1.62762,0.0143026,1.64583,61,0,24,24,28,0,-2,0,0,0,43,3835,4306,770,168,28,611,35870,33763,106,1026,39,98,2.95295e+06,0,0,0,0,1,2163,0,0,774,3839,0,0,0,0,0,0,0,0,1299,-1305,0,0,130
2541.69,0,0,0,0,100,2451,1.62776,0.01434,1.64614,61,0,24,24,28,0,-2,0,0,0,43,3835,4306,770,168,28,611,35870,33763,106,1026,39,98,2.95295e+06,0,0,0,0,1,2036,0,0,783,3839,0,0,0,0,0,0,0,0,1299,-1305,0,0,130
2541.7,0,0,0,0,100,2456,1.6279,0.0143774,1.64645,61,0,24,24,27,0,-2,0,0,0,44,3837,4306,787,168,28,611,35790,33944,105,1026,68,98,3.01972e+06,0,0,0,0,1,1024,1242,0,793,3856,0,0,0,0,0,0,0,0,1299,-1324,0,0,130
2541.71,0,0,0,0,100,2456,1.62747,0.0143208,1.6459,61,0,24,24,27,0,-2,0,0,0,44,3837,4306,768,168,28,611,35790,33944,105,1026,68,98,2.94682e+06,0,0,0,0,1,172,1830,0,803,3846,0,0,0,0,0,0,0,0,1299,-1295,0,0,130
2541.72,0,0,0,0,100,2449,1.62705,0.0142642,1.64535,61,0,24,24,27,0,-2,0,0,0,44,3837,4306,761,168,28,611,35790,33944,105,1026,68,98,2.91996e+06,0,0,0,0,1,0,2287,0,801,3861,0,0,0,0,0,0,0,0,1299,-1353,0,0,130
2541.73,0,0,0,0,100,2445,1.62662,0.0142075,1.6448,61,0,24,24,27,0,-2,0,0,0,44,3837,4306,761,168,28,611,35790,33944,105,1026,68,98,2.91996e+06,0,0,0,0,1,0,1511,569,788,3874,0,0,0,0,0,0,0,0,1299,-1248,0,0,130
2541.74,0,0,0,0,100,2445,1.62619,0.0141509,1.64425,61,0,24,24,27,0,-2,0,0,0,44,3829,4306,778,168,28,611,35790,33944,105,1026,68,98,2.97896e+06,0,0,0,0,1,0,1511,569,788,3839,0,0,0,0,0,0,0,0,1299,-1341,0,0,130
2541.75,0,0,0,0,100,2452,1.62577,0.0140942,1.6437,61,0,24,24,27,0,-2,0,0,0,44,3837,4306,772,168,28,611,35790,33944,105,1026,68,98,2.96216e+06,0,0,0,0,1,0,337,1776,786,3839,0,0,0,0,0,0,0,0,1299,-1341,0,0,130
2541.76,0,0,0,0,100,2459,1.62534,0.0140376,1.64315,61,0,24,24,27,0,-2,0,0,0,44,3837,4306,792,168,28,611,35790,33944,105,1026,68,98,3.0389e+06,0,0,0,0,1,0,0,2139,785,3858,0,0,0,0,0,0,0,0,1299,-1220,0,0,130
2541.77,0,0,0,0,100,2466,1.62491,0.0139809,1.6426,61,0,24,24,27,0,-2,0,0,0,44,3837,4306,792,168,28,611,35790,33944,105,1026,68,98,3.0389e+06,0,0,0,0,1,0,0,2195,795,3824,0,0,0,0,0,0,0,0,1299,-1332,0,0,130
2541.78,0,0,0,0,100,2462,1.62448,0.0139243,1.64205,61,0,24,24,27,0,-2,0,0,0,44,3830,4306,770,168,28,611,35790,33944,105,1026,68,98,2.9491e+06,0,0,0,0,1,253,0,1719,807,3854,0,0,0,0,0,0,0,0,1299,-1246,0,0,130
2541.79,0,0,0,0,100,2461,1.62406,0.0138677,1.6415,61,0,24,24,27,0,-2,0,0,0,44,3830,4306,754,168,28,611,35790,33944,105,1026,68,98,2.88782e+06,0,0,0,0,1,1552,0,678,798,3882,0,0,0,0,0,0,0,0,1299,-1353,0,0,130
2541.8,0,0,0,0,100,2461,1.62363,0.013811,1.64094,61,0,24,24,27,0,-2,0,0,0,43,3830,4306,769,168,28,611,35757,33854,105,1026,68,98,2.94527e+06,0,0,0,0,1,1552,0,678,798,3882,0,0,0,0,0,0,0,0,1299,-1278,0,0,130
2541.81,0,0,0,0,100,2468,1.62367,0.0138171,1.64116,61,0,24,24,27,0,-2,0,0,0,43,3830,4306,769,168,28,611,35757,33854,105,1026,68,98,2.94527e+06,0,0,0,0,1,1860,0,74,793,3858,0,0,0,0,0,0,0,0,1299,-1278,0,0,130
2541.82,0,0,0,0,100,2476,1.62371,0.0138232,1.64137,61,0,24,24,27,0,-2,0,0,0,43,3832,4306,793,168,28,611,35757,33854,105,1026,68,98,3.03878e+06,0,0,0,0,1,2161,0,0,799,3863,0,0,0,0,0,0,0,0,1299,-1285,0,0,130
2541.83,0,0,0,0,100,2478,1.62375,0.0138292,1.64159,61,0,24,24,27,0,-2,0,0,0,43,3831,4306,798,168,28,611,35757,33854,105,1026,68,98,3.05714e+06,0,0,0,0,1,2278,0,0,810,3839,0,0,0,0,0,0,0,0,1299,-1290,0,0,130
2541.84,0,0,0,0,100,2476,1.62379,0.0138353,1.6418,61,0,24,24,27,0,-2,0,0,0,43,3831,4306,794,168,28,611,35757,33854,105,1026,68,98,3.04181e+06,0,0,0,0,1,2159,0,0,806,3824,0,0,0,0,0,0,0,0,1299,-1336,0,0,130
2541.85,0,0,0,0,100,2474,1.62383,0.0138414,1.64201,61,0,24,24,27,0,-2,0,0,0,43,3831,4306,794,168,28,611,35757,33854,105,1026,68,98,3.04181e+06,0,0,0,0,1,2270,0,0,805,3826,0,0,0,0,0,0,0,0,1299,-1378,0,0,130
2541.86,0,0,0,0,100,2474,1.62387,0.0138474,1.64223,61,0,24,24,27,0,-2,0,0,0,43,3828,4308,772,168,28,611,35757,33854,105,1026,68,98,2.95522e+06,0,0,0,0,1,2270,0,0,805,3826,0,0,0,0,0,0,0,0,1299,-1224,0,0,130
2541.87,0,0,0,0,100,2480,1.62391,0.0138535,1.64244,61,0,24,24,27,0,-2,0,0,0,43,3828,4308,781,168,28,611,35757,33854,105,1026,68,98,2.98967e+06,0,0,0,0,1,1220,949,0,791,3850,0,0,0,0,0,0,0,0,1299,-1224,0,0,130
2541.88,0,0,0,0,100,2492,1.62395,0.0138596,1.64266,61,0,24,24,27,0,-2,0,0,0,43,3828,4308,783,168,28,611,35757,33854,105,1026,68,98,2.99732e+06,0,0,0,0,1,1487,593,0,796,3846,0,0,0,0,0,0,0,0,1299,-1254,0,0,130
2541.89,0,0,0,0,100,2502,1.62399,0.0138656,1.64287,61,0,24,24,27,0,-2,0,0,0,43,3828,4308,783,168,28,611,35757,33854,105,1026,68,98,2.99732e+06,0,0,0,0,1,1538,501,0,799,3854,0,0,0,0,0,0,0,0,1299,-1242,0,0,130
2541.9,0,0,0,0,100,2507,1.62403,0.0138717,1.64308,61,0,24,24,27,0,-2,0,0,0,44,3833,4308,793,168,28,611,35809,33791,106,1026,64,98,3.03957e+06,0,0,0,0,1,1774,248,0,821,3841,0,0,0,0,0,0,0,0,1299,-1287,0,0,130
2541.91,0,0,0,0,100,2498,1.62422,0.0138579,1.64309,61,0,24,24,27,0,-2,0,0,0,44,3823,4308,788,168,28,611,35809,33791,106,1026,64,98,3.01252e+06,0,0,0,0,1,1733,273,0,817,3843,0,0,0,0,0,0,0,0,1299,-1269,0,0,130
2541.92,0,0,0,0,100,2498,1.62441,0.013844,1.6431,61,0,24,24,27,0,-2,0,0,0,44,3823,4308,775,168,28,611,35809,33791,106,1026,64,98,2.96282e+06,0,0,0,0,1,1733,273,0,817,3843,0,0,0,0,0,0,0,0,1299,-1230,0,0,130
2541.93,0,0,0,0,100,2496,1.6246,0.0138302,1.6431,61,0,24,24,27,0,-2,0,0,0,44,3823,4308,775,168,28,611,35809,33791,106,1026,64,98,2.96282e+06,0,0,0,0,1,1542,468,0,804,3852,0,0,0,0,0,0,0,0,1299,-1230,0,0,130
2541.94,0,0,0,0,100,2502,1.6248,0.0138163,1.64311,61,0,24,24,27,0,-2,0,0,0,44,3828,4307,789,168,28,611,35809,33791,106,1026,64,98,3.02029e+06,0,0,0,0,1,1546,404,0,793,3854,0,0,0,0,0,0,0,0,1299,-1202,0,0,130
2541.95,0,0,0,0,100,2508,1.62499,0.0138025,1.64311,61,0,24,24,27,0,-2,0,0,0,44,3828,4307,797,168,28,611,35809,33791,106,1026,64,98,3.05092e+06,0,0,0,0,1,1842,79,0,812,3833,0,0,0,0,0,0,0,0,1299,-1267,0,0,130
2541.96,0,0,0,0,100,2511,1.62518,0.0137886,1.64312,61,0,24,24,27,0,-2,0,0,0,44,3828,4307,798,168,28,611,35809,33791,106,1026,64,98,3.05474e+06,0,0,0,0,1,2026,0,0,811,3824,0,0,0,0,0,0,0,0,1299,-1329,0,0,130
2541.97,0,0,0,0,100,2511,1.62538,0.0137747,1.64313,61,0,24,24,27,0,-2,0,0,0,44,3828,4307,798,169,27,611,35809,33791,106,1026,64,98,3.05474e+06,0,0,0,0,1,2194,0,0,822,3813,0,0,0,0,0,0,0,0,1299,-1362,0,0,130
2541.98,0,0,0,0,100,2511,1.62557,0.0137609,1.64313,61,0,24,24,27,0,-2,0,0,0,44,3819,4307,774,169,27,611,35809,33791,106,1026,64,98,2.95591e+06,0,0,0,0,1,2194,0,0,822,3813,0,0,0,0,0,0,0,0,1299,-1366,0,0,130
2541.99,0,0,0,0,100,2511,1.62576,0.013747,1.64314,61,0,24,24,27,0,-2,0,0,0,44,3819,4307,776,169,27,611,35809,33791,106,1026,64,98,2.96354e+06,0,0,0,0,1,2255,0,0,812,3817,0,0,0,0,0,0,0,0,1299,-1366,0,0,130
2542,0,0,0,0,100,2516,1.62595,0.0137332,1.64315,61,0,24,24,27,0,-2,0,0,0,44,3819,4305,793,169,27,611,35711,33595,106,1026,39,98,3.02847e+06,0,0,0,0,1,2251,0,0,812,3833,0,0,0,0,0,0,0,0,1299,-1319,0,0,130
2542.01,0,0,0,0,100,2521,1.6261,0.013749,1.64312,61,0,24,24,27,0,-2,0,0,0,44,3819,4305,793,169,27,611,35711,33595,106,1026,39,98,3.02847e+06,0,0,0,0,1,2100,0,0,812,3839,0,0,0,0,0,0,0,0,1299,-1269,0,0,130
2542.02,0,0,0,0,100,2523,1.62625,0.0137647,1.6431,61,0,24,24,27,0,-2,0,0,0,44,3829,4305,804,169,27,611,35711,33595,106,1026,39,98,3.07852e+06,0,0,0,0,1,1872,0,168,823,3850,0,0,0,0,0,0,0,0,1299,-1321,0,0,130
2542.03,0,0,0,0,100,2518,1.6264,0.0137805,1.64308,61,0,24,24,27,0,-2,0,0,0,44,3829,4305,792,169,27,611,35711,33595,106,1026,39,98,3.03257e+06,0,0,0,0,1,1649,0,574,823,3850,0,0,0,0,0,0,0,0,1299,-1351,0,0,130
2542.04,0,0,0,0,100,2518,1.62654,0.0137963,1.64305,61,0,24,24,27,0,-2,0,0,0,44,3823,4305,789,169,27,611,35711,33595,106,1026,39,98,3.01635e+06,0,0,0,0,1,1649,0,574,823,3850,0,0,0,0,0,0,0,0,1299,-1360,0,0,130
2542.05,0,0,0,0,100,2511,1.62669,0.0138121,1.64303,61,0,24,24,27,0,-2,0,0,0,44,3823,4305,789,169,27,611,35711,33595,106,1026,39,98,3.01635e+06,0,0,0,0,1,1520,0,760,821,3865,0,0,0,0,0,0,0,0,1299,-1360,0,0,130
2542.06,0,0,0,0,100,2518,1.62684,0.0138278,1.643,61,0,24,24,27,0,-2,0,0,0,44,3822,4305,786,169,27,611,35711,33595,106,1026,39,98,3.00409e+06,0,0,0,0,1,1065,0,1122,799,3861,0,0,0,0,0,0,0,0,1299,-1286,0,0,130
2542.07,0,0,0,0,100,2529,1.62699,0.0138436,1.64298,61,0,24,24,27,0,-2,0,0,0,44,3822,4305,788,169,27,611,35711,33595,106,1026,39,98,3.01174e+06,0,0,0,0,1,0,0,1920,815,3824,0,0,0,0,0,0,0,0,1299,-1252,0,0,130
2542.08,0,0,0,0,100,2532,1.62713,0.0138594,1.64296,61,0,24,24,27,0,-2,0,0,0,44,3822,4305,796,169,27,611,35711,33595,106,1026,39,98,3.04231e+06,0,0,0,0,1,0,0,2229,823,3809,0,0,0,0,0,0,0,0,1299,-1342,0,0,130
2542.09,0,0,0,0,100,2529,1.62728,0.0138752,1.64293,61,0,24,24,27,0,-2,0,0,0,44,3822,4305,796,169,27,611,35711,33595,106,1026,39,98,3.04231e+06,0,0,0,0,1,0,0,2133,824,3839,0,0,0,0,0,0,0,0,1299,-1238,0,0,130
2542.1,0,0,0,0,100,2529,1.62743,0.0138909,1.64291,61,0,24,24,27,0,-2,0,0,0,43,3822,4305,802,169,27,611,35701,33509,106,1026,39,98,3.06524e+06,0,0,0,0,1,0,0,2133,824,3839,0,0,0,0,0,0,0,0,1299,-1371,0,0,130
2542.11,0,0,0,0,100,2522,1.62771,0.0138877,1.64297,61,0,24,24,27,0,-2,0,0,0,43,3822,4305,788,169,27,611,35701,33509,106,1026,39,98,3.01174e+06,0,0,0,0,1,0,453,1766,825,3817,0,0,0,0,0,0,0,0,1299,-1371,0,0,130
2542.12,0,0,0,0,100,2520,1.62799,0.0138844,1.64303,61,0,24,24,27,0,-2,0,0,0,43,3822,4305,783,169,27,611,35701,33509,106,1026,39,98,2.99263e+06,0,0,0,0,1,0,509,1699,812,3829,0,0,0,0,0,0,0,0,1299,-1338,0,0,130
2542.13,0,0,0,0,100,2529,1.62827,0.0138812,1.6431,61,0,24,24,27,0,-2,0,0,0,43,3822,4305,783,169,27,611,35701,33509,106,1026,39,98,2.99263e+06,0,0,0,0,1,0,1068,1139,807,3848,0,0,0,0,0,0,0,0,1299,-1297,0,0,130
2542.14,0,0,0,0,100,2539,1.62855,0.0138779,1.64316,61,0,24,24,27,0,-2,0,0,0,43,3825,4305,800,169,27,611,35701,33509,106,1026,39,98,3.06e+06,0,0,0,0,1,0,1992,0,812,3858,0,0,0,0,0,0,0,0,1299,-1300,0,0,130
2542.15,0,0,0,0,100,2545,1.62882,0.0138747,1.64322,61,0,24,24,27,0,-2,0,0,0,43,3821,4305,805,169,27,611,35701,33509,106,1026,39,98,3.0759e+06,0,0,0,0,1,0,2212,0,822,3850,0,0,0,0,0,0,0,0,1299,-1294,0,0,130
2542.16,0,0,0,0,100,2545,1.6291,0.0138714,1.64328,61,0,24,24,27,0,-2,0,0,0,43,3821,4305,800,169,27,611,35701,33509,106,1026,39,98,3.0568e+06,0,0,0,0,1,0,2212,0,822,3833,0,0,0,0,0,0,0,0,1299,-1309,0,0,130
2542.17,0,0,0,0,100,2541,1.62938,0.0138682,1.64334,61,0,24,24,27,0,-2,0,0,0,43,3821,4305,800,170,27,611,35701,33509,106,1026,39,98,3.0568e+06,0,0,0,0,1,313,1765,0,826,3833,0,0,0,0,0,0,0,0,1299,-1309,0,0,130
2542.18,0,0,0,0,100,2542,1.62966,0.0138649,1.6434,61,0,24,24,27,0,-2,0,0,0,43,3818,4305,789,170,27,611,35701,33509,106,1026,39,98,3.0124e+06,0,0,0,0,1,1098,1119,0,817,3850,0,0,0,0,0,0,0,0,1299,-1294,0,0,130
2542.19,0,0,0,0,100,2550,1.62994,0.0138617,1.64346,61,0,24,24,27,0,-2,0,0,0,43,3818,4305,798,170,27,611,35701,33509,106,1026,39,98,3.04676e+06,0,0,0,0,1,2176,0,0,820,3809,0,0,0,0,0,0,0,0,1299,-1344,0,0,130
2542.2,0,0,0,0,100,2551,1.63022,0.0138584,1.64353,61,0,24,24,27,0,-2,0,0,0,43,3818,4305,805,170,27,611,35674,33354,106,1026,39,98,3.07349e+06,0,0,0,0,1,2040,0,0,823,3835,0,0,0,0,0,0,0,0,1299,-1259,0,0,130
2542.21,0,0,0,0,100,2554,1.63017,0.0138734,1.64335,61,0,24,24,27,0,-2,0,0,0,43,3818,4305,805,170,27,611,35674,33354,106,1026,39,98,3.07349e+06,0,0,0,0,1,1437,0,867,834,3854,0,0,0,0,0,0,0,0,1299,-1374,0,0,130
2542.22,0,0,0,0,100,2554,1.63012,0.0138883,1.64318,61,0,24,24,27,0,-2,0,0,0,43,3814,4305,825,170,27,611,35674,33354,106,1026,39,98,3.14655e+06,0,0,0,0,1,1437,0,867,834,3813,0,0,0,0,0,0,0,0,1299,-1313,0,0,130
2542.23,0,0,0,0,100,2552,1.63007,0.0139033,1.64301,61,0,24,24,27,0,-2,0,0,0,43,3814,4305,805,170,27,611,35674,33354,106,1026,39,98,3.07027e+06,0,0,0,0,1,0,0,2069,826,3813,0,0,0,0,0,0,0,0,1299,-1313,0,0,130
2542.24,0,0,0,0,100,2556,1.63002,0.0139182,1.64284,61,0,24,24,27,0,-2,0,0,0,43,3814,4307,807,170,27,611,35674,33354,106,1026,39,98,3.0779e+06,0,0,0,0,1,0,0,2077,824,3846,0,0,0,0,0,0,0,0,1299,-1244,0,0,130
2542.25,0,0,0,0,100,2565,1.62997,0.0139332,1.64266,61,0,24,24,27,0,-2,0,0,0,43,3814,4307,807,170,27,611,35674,33354,106,1026,39,98,3.0779e+06,0,0,0,0,1,0,1011,1217,814,3833,0,0,0,0,0,0,0,0,1299,-1280,0,0,130
2542.26,0,0,0,0,100,2576,1.62992,0.0139481,1.64249,61,0,24,24,27,0,-2,0,0,0,43,3819,4307,814,170,27,611,35674,33354,106,1026,39,98,3.10867e+06,0,0,0,0,1,0,2212,0,829,3843,0,0,0,0,0,0,0,0,1299,-1307,0,0,130
2542.27,0,0,0,0,100,2582,1.62986,0.013963,1.64232,61,0,24,24,27,0,-2,0,0,0,43,3819,4307,814,170,27,611,35674,33354,106,1026,39,98,3.10867e+06,0,0,0,0,1,751,1490,0,834,3826,0,0,0,0,0,0,0,0,1299,-1330,0,0,130
2542.28,0,0,0,0,100,2582,1.62981,0.013978,1.64215,61,0,24,24,27,0,-2,0,0,0,43,3819,4307,805,170,27,611,35674,33354,106,1026,39,98,3.0743e+06,0,0,0,0,1,751,1490,0,834,3803,0,0,0,0,0,0,0,0,1299,-1399,0,0,130
2542.29,0,0,0,0,100,2576,1.62976,0.0139929,1.64197,61,0,24,24,27,0,-2,0,0,0,43,3819,4307,805,170,27,611,35674,33354,106,1026,39,98,3.0743e+06,0,0,0,0,1,2334,0,0,855,3803,0,0,0,0,0,0,0,0,1299,-1399,0,0,130
2542.3,0,0,0,0,100,2575,1.62971,0.0140079,1.6418,61,0,24,24,28,0,-2,0,0,0,43,3820,4307,799,170,27,611,35672,33649,106,1026,65,98,3.05218e+06,0,0,0,0,1,1729,0,492,837,3841,0,0,0,0,0,0,0,0,1299,-1369,0,0,130
2542.31,0,0,0,0,100,2579,1.62929,0.0139956,1.64218,61,0,24,24,28,0,-2,0,0,0,43,3814,4307,809,170,27,611,35672,33649,106,1026,65,98,3.08553e+06,0,0,0,0,1,0,0,2162,829,3803,0,0,0,0,0,0,0,0,1299,-1330,0,0,130
2542.32,0,0,0,0,100,2588,1.62887,0.0139833,1.64256,61,0,24,24,28,0,-2,0,0,0,43,3814,4307,813,170,27,611,35672,33649,106,1026,65,98,3.10078e+06,0,0,0,0,1,0,454,1744,840,3815,0,0,0,0,0,0,0,0,1299,-1380,0,0,130
2542.33,0,0,0,0,100,2589,1.62845,0.0139711,1.64294,61,0,24,24,28,0,-2,0,0,0,43,3814,4307,813,170,27,611,35672,33649,106,1026,65,98,3.10078e+06,0,0,0,0,1,0,2232,0,840,3841,0,0,0,0,0,0,0,0,1299,-1291,0,0,130
2542.34,0,0,0,0,100,2589,1.62803,0.0139588,1.64332,61,0,24,24,28,0,-2,0,0,0,43,3817,4310,822,170,27,611,35672,33649,106,1026,65,98,3.13757e+06,0,0,0,0,1,0,2232,0,840,3841,0,0,0,0,0,0,0,0,1299,-1291,0,0,130
2542.35,0,0,0,0,100,2590,1.62761,0.0139466,1.6437,61,0,24,24,28,0,-2,0,0,0,43,3817,4310,819,170,27,611,35672,33649,106,1026,65,98,3.12612e+06,0,0,0,0,1,752,1509,0,840,3829,0,0,0,0,0,0,0,0,1299,-1291,0,0,130
2542.36,0,0,0,0,100,2590,1.62719,0.0139343,1.64408,61,0,24,24,28,0,-2,0,0,0,43,3817,4310,803,170,27,611,35672,33649,106,1026,65,98,3.06505e+06,0,0,0,0,1,1835,0,0,834,3839,0,0,0,0,0,0,0,0,1299,-1225,0,0,130
2542.37,0,0,0,0,100,2595,1.62677,0.0139221,1.64446,61,0,24,24,28,0,-2,0,0,0,43,3817,4310,803,170,27,611,35672,33649,106,1026,65,98,3.06505e+06,0,0,0,0,1,1036,0,1143,832,3856,0,0,0,0,0,0,0,0,1299,-1217,0,0,130
2542.38,0,0,0,0,100,2598,1.62635,0.0139098,1.64484,61,0,24,24,28,0,-2,0,0,0,43,3812,4310,815,169,26,611,35672,33649,106,1026,65,98,3.10678e+06,0,0,0,0,1,0,91,1893,850,3811,0,0,0,0,0,0,0,0,1299,-1326,0,0,130
2542.39,0,0,0,0,100,2600,1.62593,0.0138976,1.64522,61,0,24,24,28,0,-2,0,0,0,43,3819,4310,822,169,26,611,35672,33649,106,1026,65,98,3.13922e+06,0,0,0,0,1,0,2164,0,838,3835,0,0,0,0,0,0,0,0,1299,-1327,0,0,130
2542.4,0,0,0,0,100,2600,1.62551,0.0138853,1.6456,61,0,24,24,27,0,-2,0,0,0,44,3819,4310,822,169,26,611,35618,33350,106,1026,39,98,3.13922e+06,0,0,0,0,1,0,2164,0,838,3835,0,0,0,0,0,0,0,0,1299,-1356,0,0,130
2542.41,0,0,0,0,100,2594,1.62574,0.0138911,1.64561,61,0,24,24,27,0,-2,0,0,0,44,3819,4310,822,169,26,611,35618,33350,106,1026,39,98,3.13922e+06,0,0,0,0,1,702,1564,0,851,3822,0,0,0,0,0,0,0,0,1299,-1356,0,0,130
2542.42,0,0,0,0,100,2593,1.62598,0.013897,1.64562,61,0,24,24,27,0,-2,0,0,0,44,3810,4312,818,169,26,611,35618,33350,106,1026,39,98,3.11658e+06,0,0,0,0,1,2173,0,0,833,3824,0,0,0,0,0,0,0,0,1299,-1275,0,0,130
2542.43,0,0,0,0,100,2599,1.62621,0.0139028,1.64562,61,0,24,24,27,0,-2,0,0,0,44,3810,4312,802,169,26,611,35618,33350,106,1026,39,98,3.05562e+06,0,0,0,0,1,903,0,1239,829,3850,0,0,0,0,0,0,0,0,1299,-1256,0,0,130
2542.44,0,0,0,0,100,2610,1.62645,0.0139087,1.64563,61,0,24,24,27,0,-2,0,0,0,44,3812,4312,805,169,26,611,35618,33350,106,1026,39,98,3.06866e+06,0,0,0,0,1,0,78,1854,846,3824,0,0,0,0,0,0,0,0,1299,-1293,0,0,130
2542.45,0,0,0,0,100,2608,1.62668,0.0139145,1.64564,61,0,24,24,27,0,-2,0,0,0,44,3812,4312,805,169,26,611,35618,33350,106,1026,39,98,3.06866e+06,0,0,0,0,1,0,2203,0,845,3841,0,0,0,0,0,0,0,0,1299,-1335,0,0,130
2542.46,0,0,0,0,100,2608,1.62692,0.0139203,1.64564,61,0,24,24,27,0,-2,0,0,0,44,3812,4312,820,169,26,611,35618,33350,106,1026,39,98,3.12584e+06,0,0,0,0,1,0,2203,0,845,3841,0,0,0,0,0,0,0,0,1299,-1304,0,0,130
2542.47,0,0,0,0,100,2604,1.62715,0.0139262,1.64565,61,0,24,24,27,0,-2,0,0,0,44,3813,4312,825,169,26,611,35618,33350,106,1026,39,98,3.14572e+06,0,0,0,0,1,1097,1134,0,851,3817,0,0,0,0,0,0,0,0,1299,-1304,0,0,130
2542.48,0,0,0,0,100,2596,1.62739,0.013932,1.64566,61,0,24,24,27,0,-2,0,0,0,44,3813,4312,835,169,26,611,35618,33350,106,1026,39,98,3.18386e+06,0,0,0,0,1,2106,0,0,835,3839,0,0,0,0,0,0,0,0,1299,-1256,0,0,130
2542.49,0,0,0,0,100,2597,1.62762,0.0139378,1.64566,61,0,24,24,27,0,-2,0,0,0,44,3813,4312,835,168,25,611,35618,33350,106,1026,39,98,3.18386e+06,0,0,0,0,1,212,0,1715,837,3833,0,0,0,0,0,0,0,0,1299,-1228,0,0,130
2542.5,0,0,0,0,100,2607,1.62786,0.0139437,1.64567,61,0,24,24,27,0,-2,0,0,0,43,3807,4312,827,168,25,611,35589,33270,106,1026,39,98,3.14839e+06,0,0,0,0,1,0,308,1752,831,3813,0,0,0,0,0,0,0,0,1299,-1324,0,0,130
2542.51,0,0,0,0,100,2616,1.6277,0.0139618,1.64541,61,0,24,24,27,0,-2,0,0,0,43,3807,4312,810,168,25,611,35589,33270,106,1026,39,98,3.08367e+06,0,0,0,0,1,0,2203,0,835,3852,0,0,0,0,0,0,0,0,1299,-1288,0,0,130
2542.52,0,0,0,0,100,2616,1.62754,0.0139798,1.64514,61,0,24,24,27,0,-2,0,0,0,43,3807,4312,824,168,25,611,35589,33270,106,1026,39,98,3.13697e+06,0,0,0,0,1,0,2203,0,835,3852,0,0,0,0,0,0,0,0,1299,-1310,0,0,130
2542.53,0,0,0,0,100,2617,1.62738,0.0139979,1.64488,61,0,24,24,27,0,-2,0,0,0,43,3807,4312,824,168,25,611,35589,33270,106,1026,39,98,3.13697e+06,0,0,0,0,1,1942,8,0,859,3809,0,0,0,0,0,0,0,0,1299,-1310,0,0,130
2542.54,0,0,0,0,100,2614,1.62722,0.014016,1.64462,61,0,24,24,27,0,-2,0,0,0,43,3809,4312,821,168,25,611,35589,33270,106,1026,39,98,3.12719e+06,0,0,0,0,1,1590,0,635,851,3833,0,0,0,0,0,0,0,0,1299,-1361,0,0,130
2542.55,0,0,0,0,100,2618,1.62706,0.0140341,1.64435,61,0,24,24,27,0,-2,0,0,0,43,3803,4312,819,168,25,611,35589,33270,106,1026,39,98,3.11466e+06,0,0,0,0,1,0,0,2020,831,3841,0,0,0,0,0,0,0,0,1299,-1184,0,0,130
2542.56,0,0,0,0,100,2625,1.6269,0.0140522,1.64409,61,0,24,24,27,0,-2,0,0,0,43,3803,4312,815,168,25,611,35589,33270,106,1026,39,98,3.09944e+06,0,0,0,0,1,0,2200,0,852,3829,0,0,0,0,0,0,0,0,1299,-1350,0,0,130
2542.57,0,0,0,0,100,2627,1.62674,0.0140702,1.64382,61,0,24,24,27,0,-2,0,0,0,43,3803,4312,815,168,25,611,35589,33270,106,1026,39,98,3.09944e+06,0,0,0,0,1,1549,536,0,848,3824,0,0,0,0,0,0,0,0,1299,-1267,0,0,130
2542.58,0,0,0,0,100,2627,1.62658,0.0140883,1.64356,61,0,24,24,27,0,-2,0,0,0,43,3809,4312,840,168,25,611,35589,33270,106,1026,39,98,3.19956e+06,0,0,0,0,1,1549,536,0,848,3829,0,0,0,0,0,0,0,0,1299,-1383,0,0,130
2542.59,0,0,0,0,100,2625,1.62642,0.0141064,1.6433,61,0,24,24,27,0,-2,0,0,0,43,3809,4312,848,168,25,611,35589,33270,106,1026,39,98,3.23003e+06,0,0,0,0,1,1739,0,541,863,3829,0,0,0,0,0,0,0,0,1299,-1383,0,0,130
2542.6,0,0,0,0,100,2627,1.62626,0.0141245,1.64303,61,0,24,24,27,0,-2,0,0,0,44,3809,4312,836,168,25,611,35583,33466,106,1026,87,98,3.18432e+06,0,0,0,0,1,0,0,1984,851,3826,0,0,0,0,0,0,0,0,1299,-1240,0,0,130
2542.61,0,0,0,0,100,2632,1.62613,0.0141315,1.64301,61,0,24,24,27,0,-2,0,0,0,44,3809,4312,836,168,25,611,35583,33466,106,1026,87,98,3.18432e+06,0,0,0,0,1,0,2176,0,844,3843,0,0,0,0,0,0,0,0,1299,-1273,0,0,130
2542.62,0,0,0,0,100,2643,1.62599,0.0141385,1.64299,61,0,24,24,27,0,-2,0,0,0,44,3808,4312,826,168,25,611,35583,33466,106,1026,87,98,3.14541e+06,0,0,0,0,1,2044,0,0,847,3809,0,0,0,0,0,0,0,0,1299,-1312,0,0,130
2542.63,0,0,0,0,100,2651,1.62585,0.0141455,1.64297,61,0,24,24,27,0,-2,0,0,0,44,3806,4312,842,168,25,611,35583,33466,106,1026,87,98,3.20465e+06,0,0,0,0,1,77,0,1785,855,3811,0,0,0,0,0,0,0,0,1299,-1254,0,0,130
2542.64,0,0,0,0,100,2651,1.62572,0.0141526,1.64295,61,0,24,24,27,0,-2,0,0,0,44,3806,4312,838,168,25,611,35583,33466,106,1026,87,98,3.18943e+06,0,0,0,0,1,77,0,1785,855,3822,0,0,0,0,0,0,0,0,1299,-1274,0,0,130
2542.65,0,0,0,0,100,2651,1.62558,0.0141596,1.64293,61,0,24,24,27,0,-2,0,0,0,44,3806,4312,838,168,25,611,35583,33466,106,1026,87,98,3.18943e+06,0,0,0,0,1,0,1445,725,871,3822,0,0,0,0,0,0,0,0,1299,-1274,0,0,130
2542.66,0,0,0,0,100,2644,1.62545,0.0141666,1.64291,61,0,24,24,27,0,-2,0,0,0,44,3800,4314,855,168,25,611,35583,33466,106,1026,87,98,3.249e+06,0,0,0,0,1,911,1379,0,872,3811,0,0,0,0,0,0,0,0,1299,-1346,0,0,130
2542.67,0,0,0,0,100,2650,1.62531,0.0141736,1.64289,61,0,24,24,27,0,-2,0,0,0,44,3800,4314,842,168,25,611,35583,33466,106,1026,87,98,3.1996e+06,0,0,0,0,1,1684,0,487,855,3841,0,0,0,0,0,0,0,0,1299,-1346,0,0,130
2542.68,0,0,0,0,100,2656,1.62517,0.0141806,1.64287,61,0,24,24,27,0,-2,0,0,0,44,3800,4314,821,168,25,611,35583,33466,106,1026,87,98,3.1198e+06,0,0,0,0,1,0,322,1809,854,3800,0,0,0,0,0,0,0,0,1299,-1336,0,0,130
2542.69,0,0,0,0,100,2664,1.62504,0.0141876,1.64285,61,0,24,24,27,0,-2,0,0,0,44,3800,4314,821,168,25,611,35583,33466,106,1026,87,98,3.1198e+06,0,0,0,0,1,276,1789,0,866,3805,0,0,0,0,0,0,0,0,1299,-1310,0,0,130
2542.7,0,0,0,0,100,2664,1.6249,0.0141947,1.64283,61,0,24,24,27,0,-2,0,0,0,44,3808,4314,843,168,25,611,35572,33342,106,1026,64,98,3.21014e+06,0,0,0,0,1,276,1789,0,866,3829,0,0,0,0,0,0,0,0,1299,-1340,0,0,130
2542.71,0,0,0,0,100,2666,1.62515,0.01417,1.64284,61,0,24,24,27,0,-2,0,0,0,44,3806,4314,841,168,25,611,35572,33342,106,1026,64,98,3.20085e+06,0,0,0,0,1,1842,0,262,873,3829,0,0,0,0,0,0,0,0,1299,-1340,0,0,130
2542.72,0,0,0,0,100,2665,1.62541,0.0141453,1.64286,61,0,24,24,27,0,-2,0,0,0,44,3806,4314,843,168,25,611,35572,33342,106,1026,64,98,3.20846e+06,0,0,0,0,1,0,255,1825,867,3794,0,0,0,0,0,0,0,0,1299,-1327,0,0,130
2542.73,0,0,0,0,100,2666,1.62566,0.0141206,1.64288,61,0,24,24,27,0,-2,0,0,0,44,3806,4314,843,168,25,611,35572,33342,106,1026,64,98,3.20846e+06,0,0,0,0,1,227,1798,0,862,3811,0,0,0,0,0,0,0,0,1299,-1297,0,0,130
2542.74,0,0,0,0,100,2667,1.62591,0.0140959,1.6429,61,0,24,24,27,0,-2,0,0,0,44,3802,4316,819,168,25,611,35572,33342,106,1026,64,98,3.11384e+06,0,0,0,0,1,1836,0,240,865,3835,0,0,0,0,0,0,0,0,1299,-1333,0,0,130
2542.75,0,0,0,0,100,2669,1.62617,0.0140712,1.64291,61,0,24,24,27,0,-2,0,0,0,44,3802,4316,835,168,25,611,35572,33342,106,1026,64,98,3.17467e+06,0,0,0,0,1,0,283,1793,860,3800,0,0,0,0,0,0,0,0,1299,-1312,0,0,130
2542.76,0,0,0,0,100,2669,1.62642,0.0140465,1.64293,61,0,24,24,27,0,-2,0,0,0,44,3802,4316,842,168,25,611,35572,33342,106,1026,64,98,3.20128e+06,0,0,0,0,1,0,283,1793,860,3803,0,0,0,0,0,0,0,0,1299,-1336,0,0,130
2542.77,0,0,0,0,100,2667,1.62667,0.0140218,1.64295,61,0,24,24,27,0,-2,0,0,0,44,3802,4316,842,168,25,611,35572,33342,106,1026,64,98,3.20128e+06,0,0,0,0,1,319,1798,0,869,3803,0,0,0,0,0,0,0,0,1299,-1336,0,0,130
2542.78,0,0,0,0,100,2666,1.62693,0.0139971,1.64297,61,0,24,24,27,0,-2,0,0,0,44,3806,4316,855,168,25,611,35572,33342,106,1026,64,98,3.25413e+06,0,0,0,0,1,1754,0,311,861,3835,0,0,0,0,0,0,0,0,1299,-1313,0,0,130
2542.79,0,0,0,0,100,2673,1.62718,0.0139725,1.64298,61,0,24,24,27,0,-2,0,0,0,44,3794,4316,840,168,25,611,35572,33342,106,1026,64,98,3.18696e+06,0,0,0,0,1,0,400,1737,851,3796,0,0,0,0,0,0,0,0,1299,-1318,0,0,130
2542.8,0,0,0,0,100,2681,1.62743,0.0139478,1.643,61,0,24,24,27,0,-2,0,0,0,43,3794,4313,827,169,25,611,35547,33609,106,1026,65,98,3.13764e+06,0,0,0,0,1,708,1532,0,861,3809,0,0,0,0,0,0,0,0,1299,-1337,0,0,130
2542.81,0,0,0,0,100,2680,1.62775,0.0139182,1.64298,61,0,24,24,27,0,-2,0,0,0,43,3794,4313,827,169,25,611,35547,33609,106,1026,65,98,3.13764e+06,0,0,0,0,1,1185,0,1096,881,3835,0,0,0,0,0,0,0,0,1299,-1330,0,0,130
2542.82,0,0,0,0,100,2680,1.62807,0.0138886,1.64296,61,0,24,24,27,0,-2,0,0,0,43,3804,4313,836,169,25,611,35547,33609,106,1026,65,98,3.18014e+06,0,0,0,0,1,1185,0,1096,881,3815,0,0,0,0,0,0,0,0,1299,-1277,0,0,130
2542.83,0,0,0,0,100,2675,1.62839,0.013859,1.64294,61,0,24,24,27,0,-2,0,0,0,43,3804,4313,840,169,25,611,35547,33609,106,1026,65,98,3.19536e+06,0,0,0,0,1,0,1298,897,869,3815,0,0,0,0,0,0,0,0,1299,-1277,0,0,130
2542.84,0,0,0,0,100,2667,1.62871,0.0138294,1.64291,61,0,24,24,27,0,-2,0,0,0,43,3802,4313,855,169,25,611,35547,33609,106,1026,65,98,3.25071e+06,0,0,0,0,1,1382,775,0,866,3815,0,0,0,0,0,0,0,0,1299,-1278,0,0,130
2542.85,0,0,0,0,100,2672,1.62902,0.0137999,1.64289,61,0,24,24,27,0,-2,0,0,0,43,3802,4313,855,169,25,611,35547,33609,106,1026,65,98,3.25071e+06,0,0,0,0,1,587,0,1461,859,3824,0,0,0,0,0,0,0,0,1299,-1266,0,0,130
2542.86,0,0,0,0,100,2680,1.62934,0.0137703,1.64287,61,0,24,24,27,0,-2,0,0,0,43,3800,4313,824,169,25,611,35547,33609,106,1026,65,98,3.1312e+06,0,0,0,0,1,0,2226,0,854,3824,0,0,0,0,0,0,0,0,1299,-1332,0,0,130
2542.87,0,0,0,0,100,2688,1.62966,0.0137407,1.64285,61,0,24,24,27,0,-2,0,0,0,43,3800,4313,853,169,25,611,35547,33609,106,1026,65,98,3.2414e+06,0,0,0,0,1,2128,0,0,864,3788,0,0,0,0,0,0,0,0,1299,-1337,0,0,130
2542.88,0,0,0,0,100,2688,1.62998,0.0137111,1.64283,61,0,24,24,27,0,-2,0,0,0,43,3800,4313,840,169,25,611,35547,33609,106,1026,65,98,3.192e+06,0,0,0,0,1,2128,0,0,864,3788,0,0,0,0,0,0,0,0,1299,-1290,0,0,130
2542.89,0,0,0,0,100,2686,1.6303,0.0136815,1.6428,61,0,24,24,27,0,-2,0,0,0,43,3800,4313,840,169,25,611,35547,33609,106,1026,65,98,3.192e+06,0,0,0,0,1,0,0,2260,884,3781,0,0,0,0,0,0,0,0,1299,-1290,0,0,130
2542.9,0,0,0,0,100,2684,1.63062,0.013652,1.64278,61,0,24,24,27,0,-2,0,0,0,43,3799,4313,857,169,25,611,35522,33403,106,1026,64,98,3.25574e+06,0,0,0,0,1,0,2206,0,873,3817,0,0,0,0,0,0,0,0,1299,-1257,0,0,130
2542.91,0,0,0,0,100,2687,1.63053,0.0136752,1.64254,61,0,24,24,27,0,-2,0,0,0,43,3799,4313,848,169,25,611,35522,33403,106,1026,64,98,3.22155e+06,0,0,0,0,1,1836,0,246,872,3822,0,0,0,0,0,0,0,0,1299,-1333,0,0,130
2542.92,0,0,0,0,100,2690,1.63045,0.0136984,1.64229,61,0,24,24,27,0,-2,0,0,0,43,3796,4313,842,169,25,611,35522,33403,106,1026,64,98,3.19623e+06,0,0,0,0,1,0,700,1485,870,3798,0,0,0,0,0,0,0,0,1299,-1340,0,0,130
2542.93,0,0,0,0,100,2694,1.63036,0.0137216,1.64204,61,0,24,24,27,0,-2,0,0,0,43,3796,4313,842,169,25,611,35522,33403,106,1026,64,98,3.19623e+06,0,0,0,0,1,1390,693,0,861,3815,0,0,0,0,0,0,0,0,1299,-1241,0,0,130
2542.94,0,0,0,0,100,2694,1.63028,0.0137448,1.6418,61,0,24,24,27,0,-2,0,0,0,43,3796,4313,860,169,25,611,35522,33403,106,1026,64,98,3.26456e+06,0,0,0,0,1,1390,693,0,861,3815,0,0,0,0,0,0,0,0,1299,-1274,0,0,130
2542.95,0,0,0,0,100,2696,1.63019,0.013768,1.64155,61,0,24,24,27,0,-2,0,0,0,43,3796,4313,854,169,25,611,35522,33403,106,1026,64,98,3.24178e+06,0,0,0,0,1,0,0,2024,870,3788,0,0,0,0,0,0,0,0,1299,-1274,0,0,130
2542.96,0,0,0,0,100,2701,1.63011,0.0137912,1.64131,61,0,24,24,27,0,-2,0,0,0,43,3796,4313,873,169,25,611,35522,33403,106,1026,64,98,3.31391e+06,0,0,0,0,1,0,2205,0,877,3835,0,0,0,0,0,0,0,0,1299,-1296,0,0,130
2542.97,0,0,0,0,100,2708,1.63002,0.0138144,1.64106,61,0,24,24,27,0,-2,0,0,0,43,3796,4313,873,169,25,611,35522,33403,106,1026,64,98,3.31391e+06,0,0,0,0,1,1829,0,33,868,3826,0,0,0,0,0,0,0,0,1299,-1244,0,0,130
2542.98,0,0,0,0,100,2717,1.62994,0.0138376,1.64082,61,0,24,24,27,0,-2,0,0,0,43,3794,4313,852,169,25,611,35522,33403,106,1026,64,98,3.23249e+06,0,0,0,0,1,0,1056,1231,875,3798,0,0,0,0,0,0,0,0,1299,-1318,0,0,130
2542.99,0,0,0,0,100,2721,1.62985,0.0138608,1.64057,61,0,24,24,27,0,-2,0,0,0,43,3794,4313,846,169,25,611,35522,33403,106,1026,64,98,3.20972e+06,0,0,0,0,1,2225,0,0,892,3777,0,0,0,0,0,0,0,0,1299,-1372,0,0,130
2543,0,0,0,0,100,2721,1.62977,0.013884,1.64032,60,0,24,24,27,0,-2,0,0,0,43,3796,4313,860,169,25,611,35442,33464,106,1026,68,98,3.26456e+06,0,0,0,0,1,2225,0,0,892,3790,0,0,0,0,0,0,0,0,1299,-1270,0,0,130
2543.01,0,0,0,0,100,2717,1.62942,0.0138611,1.64077,60,0,24,24,27,0,-2,0,0,0,43,3796,4313,860,170,25,611,35442,33464,106,1026,68,98,3.26456e+06,0,0,0,0,1,0,0,2002,891,3790,0,0,0,0,0,0,0,0,1299,-1270,0,0,130
2543.02,0,0,0,0,100,2716,1.62908,0.0138382,1.64121,60,0,24,24,27,0,-2,0,0,0,43,3791,4313,871,170,25,611,35442,33464,106,1026,68,98,3.30196e+06,0,0,0,0,1,760,1412,0,870,3813,0,0,0,0,0,0,0,0,1299,-1288,0,0,130
2543.03,0,0,0,0,100,2724,1.62873,0.0138153,1.64165,60,0,24,24,27,0,-2,0,0,0,43,3791,4315,863,170,25,611,35442,33464,106,1026,68,98,3.27163e+06,0,0,0,0,1,0,0,2028,870,3783,0,0,0,0,0,0,0,0,1299,-1270,0,0,130
2543.04,0,0,0,0,100,2732,1.62839,0.0137924,1.6421,60,0,24,24,27,0,-2,0,0,0,43,3791,4315,858,170,25,611,35442,33464,106,1026,68,98,3.25268e+06,0,0,0,0,1,0,1916,0,880,3809,0,0,0,0,0,0,0,0,1299,-1250,0,0,130
2543.05,0,0,0,0,100,2739,1.62804,0.0137695,1.64254,60,0,24,24,27,0,-2,0,0,0,43,3791,4315,858,170,25,611,35442,33464,106,1026,68,98,3.25268e+06,0,0,0,0,1,577,0,1562,889,3790,0,0,0,0,0,0,0,0,1299,-1284,0,0,130
2543.06,0,0,0,0,100,2739,1.6277,0.0137466,1.64299,60,0,24,24,27,0,-2,0,0,0,43,3788,4315,860,170,25,611,35442,33464,106,1026,68,98,3.25768e+06,0,0,0,0,1,577,0,1562,889,3811,0,0,0,0,0,0,0,0,1299,-1266,0,0,130
2543.07,0,0,0,0,100,2742,1.62735,0.0137237,1.64343,60,0,24,24,27,0,-2,0,0,0,43,3788,4315,854,170,25,611,35442,33464,106,1026,68,98,3.23495e+06,0,0,0,0,1,0,2150,0,884,3811,0,0,0,0,0,0,0,0,1299,-1266,0,0,130
2543.08,0,0,0,0,100,2742,1.62701,0.0137009,1.64387,60,0,24,24,27,0,-2,0,0,0,43,3790,4315,868,170,25,611,35442,33464,106,1026,68,98,3.28972e+06,0,0,0,0,1,1215,0,1070,895,3817,0,0,0,0,0,0,0,0,1299,-1338,0,0,130
2543.09,0,0,0,0,100,2747,1.62666,0.013678,1.64432,60,0,24,24,27,0,-2,0,0,0,43,3790,4315,868,170,25,611,35442,33464,106,1026,68,98,3.28972e+06,0,0,0,0,1,0,2177,0,884,3824,0,0,0,0,0,0,0,0,1299,-1272,0,0,130
2543.1,0,0,0,0,100,2747,1.62632,0.0136551,1.64476,60,0,24,24,27,0,-2,0,0,0,44,3789,4315,851,170,25,611,35425,33198,106,1026,39,98,3.22444e+06,0,0,0,0,1,1276,0,982,889,3829,0,0,0,0,0,0,0,0,1299,-1325,0,0,130
2543.11,0,0,0,0,100,2750,1.62639,0.0136745,1.64455,60,0,24,24,27,0,-2,0,0,0,44,3789,4315,868,170,25,611,35425,33198,106,1026,39,98,3.28885e+06,0,0,0,0,1,0,2101,0,893,3824,0,0,0,0,0,0,0,0,1299,-1269,0,0,130
2543.12,0,0,0,0,100,2750,1.62646,0.013694,1.64434,60,0,24,24,27,0,-2,0,0,0,44,3789,4314,874,170,25,611,35425,33198,106,1026,39,98,3.31159e+06,0,0,0,0,1,0,2101,0,893,3841,0,0,0,0,0,0,0,0,1299,-1305,0,0,130
2543.13,0,0,0,0,100,2745,1.62653,0.0137135,1.64412,60,0,24,24,27,0,-2,0,0,0,44,3789,4314,874,170,25,611,35425,33198,106,1026,39,98,3.31159e+06,0,0,0,0,1,1399,0,801,886,3841,0,0,0,0,0,0,0,0,1299,-1305,0,0,130
2543.14,0,0,0,0,100,2754,1.6266,0.0137329,1.64391,60,0,24,24,27,0,-2,0,0,0,44,3790,4314,864,170,25,611,35425,33198,106,1026,39,98,3.27456e+06,0,0,0,0,1,0,2226,0,887,3820,0,0,0,0,0,0,0,0,1299,-1306,0,0,130
2543.15,0,0,0,0,100,2761,1.62667,0.0137524,1.6437,60,0,24,24,27,0,-2,0,0,0,44,3790,4314,864,170,25,611,35425,33198,106,1026,39,98,3.27456e+06,0,0,0,0,1,1059,0,1170,890,3813,0,0,0,0,0,0,0,0,1299,-1294,0,0,130
2543.16,0,0,0,0,100,2761,1.62674,0.0137719,1.64349,60,0,24,24,27,0,-2,0,0,0,44,3787,4314,860,170,25,611,35425,33198,106,1026,39,98,3.25682e+06,0,0,0,0,1,0,1978,0,898,3805,0,0,0,0,0,0,0,0,1299,-1210,0,0,130
2543.17,0,0,0,0,100,2753,1.62681,0.0137914,1.64327,60,0,24,24,27,0,-2,0,0,0,44,3787,4314,860,170,25,611,35425,33198,106,1026,39,98,3.25682e+06,0,0,0,0,1,344,0,1674,904,3794,0,0,0,0,0,0,0,0,1299,-1268,0,0,130
2543.18,0,0,0,0,100,2753,1.62687,0.0138108,1.64306,60,0,24,24,27,0,-2,0,0,0,44,3791,4314,849,170,25,611,35425,33198,106,1026,39,98,3.21856e+06,0,0,0,0,1,344,0,1674,904,3809,0,0,0,0,0,0,0,0,1299,-1215,0,0,130
2543.19,0,0,0,0,100,2747,1.62694,0.0138303,1.64285,60,0,24,24,27,0,-2,0,0,0,44,3791,4314,868,170,25,611,35425,33198,106,1026,39,98,3.29059e+06,0,0,0,0,1,0,1939,0,890,3809,0,0,0,0,0,0,0,0,1299,-1215,0,0,130
2543.2,0,0,0,0,100,2750,1.62701,0.0138498,1.64264,60,0,24,24,27,0,-2,0,0,0,43,3791,4318,880,170,25,611,35438,33329,105,1026,87,98,3.33608e+06,0,0,0,0,1,444,0,1568,881,3785,0,0,0,0,0,0,0,0,1299,-1272,0,0,130
2543.21,0,0,0,0,100,2758,1.62756,0.0138262,1.64279,60,0,24,24,27,0,-2,0,0,0,43,3791,4318,880,171,25,611,35438,33329,105,1026,87,98,3.33608e+06,0,0,0,0,1,0,1919,0,881,3803,0,0,0,0,0,0,0,0,1299,-1254,0,0,130
2543.22,0,0,0,0,100,2768,1.62811,0.0138026,1.64295,60,0,24,24,27,0,-2,0,0,0,43,3791,4318,866,171,25,611,35438,33329,105,1026,87,98,3.28301e+06,0,0,0,0,1,0,0,2053,889,3768,0,0,0,0,0,0,0,0,1299,-1309,0,0,130
2543.23,0,0,0,0,100,2765,1.62865,0.0137791,1.64311,60,0,24,24,27,0,-2,0,0,0,43,3790,4318,881,171,25,611,35438,33329,105,1026,87,98,3.33899e+06,0,0,0,0,1,645,1646,0,912,3783,0,0,0,0,0,0,0,0,1299,-1382,0,0,130
2543.24,0,0,0,0,100,2765,1.6292,0.0137555,1.64326,60,0,24,24,27,0,-2,0,0,0,43,3790,4318,869,171,25,611,35438,33329,105,1026,87,98,3.29351e+06,0,0,0,0,1,645,1646,0,912,3770,0,0,0,0,0,0,0,0,1299,-1342,0,0,130
2543.25,0,0,0,0,100,2762,1.62974,0.013732,1.64342,60,0,24,24,27,0,-2,0,0,0,43,3790,4318,869,171,25,611,35438,33329,105,1026,87,98,3.29351e+06,0,0,0,0,1,0,0,2289,900,3770,0,0,0,0,0,0,0,0,1299,-1342,0,0,130
2543.26,0,0,0,0,100,2760,1.63029,0.0137084,1.64358,60,0,24,24,27,0,-2,0,0,0,43,3785,4318,874,171,25,611,35438,33329,105,1026,87,98,3.30809e+06,0,0,0,0,1,1100,1138,0,889,3796,0,0,0,0,0,0,0,0,1299,-1308,0,0,130
2543.27,0,0,0,0,100,2758,1.63084,0.0136848,1.64374,60,0,24,24,27,0,-2,0,0,0,43,3785,4318,863,171,25,611,35438,33329,105,1026,87,98,3.26646e+06,0,0,0,0,1,0,0,2209,890,3794,0,0,0,0,0,0,0,0,1299,-1271,0,0,130
2543.28,0,0,0,0,100,2759,1.63138,0.0136613,1.64389,60,0,24,24,27,0,-2,0,0,0,43,3785,4318,871,171,25,611,35438,33329,105,1026,87,98,3.29674e+06,0,0,0,0,1,1602,443,0,886,3800,0,0,0,0,0,0,0,0,1299,-1257,0,0,130
2543.29,0,0,0,0,100,2763,1.63193,0.0136377,1.64405,60,0,24,24,27,0,-2,0,0,0,43,3785,4318,871,171,25,611,35438,33329,105,1026,87,98,3.29674e+06,0,0,0,0,1,0,0,1905,897,3791,0,0,0,0,0,0,0,0,1299,-1275,0,0,130
2543.3,0,0,0,0,100,2763,1.63248,0.0136142,1.64421,60,0,24,24,27,0,-2,0,0,0,43,3788,4318,881,171,25,611,35357,33213,106,1026,48,98,3.33723e+06,0,0,0,0,1,0,0,1905,897,3785,0,0,0,0,0,0,0,0,1299,-1309,0,0,130
2543.31,0,0,0,0,100,2770,1.63213,0.0136217,1.64386,60,0,24,24,27,0,-2,0,0,0,43,3787,4318,892,171,25,611,35357,33213,106,1026,48,98,3.378e+06,0,0,0,0,1,2096,0,0,882,3785,0,0,0,0,0,0,0,0,1299,-1309,0,0,130
2543.32,0,0,0,0,100,2778,1.63179,0.0136291,1.64351,60,0,24,24,27,0,-2,0,0,0,43,3787,4318,892,171,25,611,35357,33213,106,1026,48,98,3.378e+06,0,0,0,0,1,0,881,1324,889,3788,0,0,0,0,0,0,0,0,1299,-1294,0,0,130
2543.33,0,0,0,0,100,2783,1.63145,0.0136366,1.64317,60,0,24,24,27,0,-2,0,0,0,43,3787,4318,892,171,25,611,35357,33213,106,1026,48,98,3.378e+06,0,0,0,0,1,1979,0,0,900,3800,0,0,0,0,0,0,0,0,1299,-1285,0,0,130
2543.34,0,0,0,0,100,2783,1.6311,0.0136441,1.64282,60,0,24,24,27,0,-2,0,0,0,43,3785,4318,870,171,25,611,35357,33213,106,1026,48,98,3.29295e+06,0,0,0,0,1,0,2222,0,915,3803,0,0,0,0,0,0,0,0,1299,-1344,0,0,130
2543.35,0,0,0,0,100,2779,1.63076,0.0136516,1.64247,60,0,24,24,27,0,-2,0,0,0,43,3785,4318,881,171,25,611,35357,33213,106,1026,48,98,3.33458e+06,0,0,0,0,1,886,0,1252,898,3805,0,0,0,0,0,0,0,0,1299,-1261,0,0,130
2543.36,0,0,0,0,100,2779,1.63042,0.0136591,1.64213,60,0,24,24,27,0,-2,0,0,0,43,3778,4318,874,171,25,611,35357,33213,106,1026,48,98,3.30197e+06,0,0,0,0,1,886,0,1252,898,3805,0,0,0,0,0,0,0,0,1299,-1281,0,0,130
2543.37,0,0,0,0,100,2782,1.63007,0.0136666,1.64178,60,0,24,24,27,0,-2,0,0,0,43,3778,4318,874,171,25,611,35357,33213,106,1026,48,98,3.30197e+06,0,0,0,0,1,933,1251,0,885,3798,0,0,0,0,0,0,0,0,1299,-1281,0,0,130
2543.38,0,0,0,0,100,2792,1.62973,0.0136741,1.64143,60,0,24,24,27,0,-2,0,0,0,43,3778,4318,884,171,25,611,35357,33213,106,1026,48,98,3.33975e+06,0,0,0,0,1,0,0,2242,897,3783,0,0,0,0,0,0,0,0,1299,-1211,0,0,130
2543.39,0,0,0,0,100,2799,1.62939,0.0136816,1.64109,60,0,24,24,27,0,-2,0,0,0,43,3784,4318,882,171,25,611,35357,33213,106,1026,48,98,3.33749e+06,0,0,0,0,1,2071,0,0,898,3772,0,0,0,0,0,0,0,0,1299,-1345,0,0,130
2543.4,0,0,0,0,100,2804,1.62905,0.013689,1.64074,60,0,24,24,27,0,-2,0,0,0,43,3784,4318,891,171,25,570,35350,33129,106,1026,39,98,3.37154e+06,0,0,0,0,1,0,1638,383,915,3796,0,0,0,0,0,0,0,0,1299,-1333,0,0,130
2543.41,0,0,0,0,100,2805,1.62884,0.0136738,1.64092,60,0,24,24,27,0,-2,0,0,0,43,3784,4318,891,171,25,570,35350,33129,106,1026,39,98,3.37154e+06,0,0,0,0,1,860,0,1319,906,3805,0,0,0,0,0,0,0,0,1299,-1282,0,0,130
2543.42,0,0,0,0,100,2805,1.62864,0.0136585,1.6411,60,0,24,24,27,0,-2,0,0,0,43,3778,4318,902,172,26,570,35350,33129,106,1026,39,98,3.40776e+06,0,0,0,0,1,860,0,1319,906,3805,0,0,0,0,0,0,0,0,1299,-1335,0,0,130
2543.43,0,0,0,0,100,2804,1.62844,0.0136433,1.64128,60,0,24,24,27,0,-2,0,0,0,43,3778,4318,898,172,26,570,35350,33129,106,1026,39,98,3.39264e+06,0,0,0,0,1,673,1552,0,907,3779,0,0,0,0,0,0,0,0,1299,-1335,0,0,130
2543.44,0,0,0,0,100,2808,1.62824,0.013628,1.64146,60,0,24,24,27,0,-2,0,0,0,43,3778,4318,886,172,26,570,35350,33129,106,1026,39,98,3.34731e+06,0,0,0,0,1,0,117,1855,907,3774,0,0,0,0,0,0,0,0,1299,-1291,0,0,130
2543.45,0,0,0,0,100,2813,1.62803,0.0136128,1.64164,60,0,24,24,27,0,-2,0,0,0,43,3778,4318,886,172,26,570,35350,33129,106,1026,39,98,3.34731e+06,0,0,0,0,1,1991,0,0,906,3798,0,0,0,0,0,0,0,0,1299,-1228,0,0,130
2543.46,0,0,0,0,100,2816,1.62783,0.0135975,1.64182,60,0,24,24,27,0,-2,0,0,0,43,3779,4318,888,172,26,570,35350,33129,106,1026,39,98,3.35575e+06,0,0,0,0,1,0,2156,0,911,3815,0,0,0,0,0,0,0,0,1299,-1262,0,0,130
2543.47,0,0,0,0,100,2820,1.62763,0.0135823,1.642,60,0,24,24,27,0,-2,0,0,0,43,3784,4318,908,172,26,570,35350,33129,106,1026,39,98,3.43587e+06,0,0,0,0,1,0,0,2225,904,3770,0,0,0,0,0,0,0,0,1299,-1309,0,0,130
2543.48,0,0,0,0,100,2820,1.62743,0.013567,1.64218,60,0,24,24,27,0,-2,0,0,0,43,3784,4318,896,172,26,570,35350,33129,106,1026,39,98,3.39046e+06,0,0,0,0,1,0,0,2225,904,3770,0,0,0,0,0,0,0,0,1299,-1341,0,0,130
2543.49,0,0,0,0,100,2831,1.62722,0.0135518,1.64236,60,0,24,24,27,0,-2,0,0,0,43,3784,4318,896,172,26,570,35350,33129,106,1026,39,98,3.39046e+06,0,0,0,0,1,2260,0,0,906,3777,0,0,0,0,0,0,0,0,1299,-1341,0,0,130
2543.5,0,0,0,0,100,2832,1.62702,0.0135365,1.64254,60,0,24,24,28,0,-2,0,0,0,44,3778,4323,885,172,26,570,35322,33122,106,1026,39,98,3.34353e+06,0,0,0,0,1,0,2234,0,916,3805,0,0,0,0,0,0,0,0,1299,-1326,0,0,130
2543.51,0,0,0,0,100,2826,1.62725,0.0135427,1.64241,60,0,24,24,28,0,-2,0,0,0,44,3778,4323,875,172,26,570,35322,33122,106,1026,39,98,3.30575e+06,0,0,0,0,1,0,0,2329,932,3744,0,0,0,0,0,0,0,0,1299,-1370,0,0,130
2543.52,0,0,0,0,100,2820,1.62748,0.013549,1.64229,60,0,24,24,28,0,-2,0,0,0,44,3778,4323,876,172,26,570,35322,33122,106,1026,39,98,3.30953e+06,0,0,0,0,1,2165,0,0,922,3759,0,0,0,0,0,0,0,0,1299,-1350,0,0,130
2543.53,0,0,0,0,100,2818,1.6277,0.0135552,1.64217,60,0,24,24,28,0,-2,0,0,0,44,3778,4323,876,173,27,570,35322,33122,106,1026,39,98,3.30953e+06,0,0,0,0,1,0,1877,0,908,3815,0,0,0,0,0,0,0,0,1299,-1249,0,0,130
2543.54,0,0,0,0,100,2818,1.62793,0.0135614,1.64204,60,0,24,24,28,0,-2,0,0,0,44,3782,4323,903,173,27,570,35322,33122,106,1026,39,98,3.41515e+06,0,0,0,0,1,0,1877,0,908,3815,0,0,0,0,0,0,0,0,1299,-1233,0,0,130
2543.55,0,0,0,0,100,2825,1.62815,0.0135676,1.64192,60,0,24,24,28,0,-2,0,0,0,44,3780,4323,907,173,27,570,35322,33122,106,1026,39,98,3.42846e+06,0,0,0,0,1,145,0,1717,903,3783,0,0,0,0,0,0,0,0,1299,-1233,0,0,130
2543.56,0,0,0,0,100,2834,1.62838,0.0135739,1.64179,60,0,24,24,28,0,-2,0,0,0,44,3780,4323,893,173,27,570,35322,33122,106,1026,39,98,3.37554e+06,0,0,0,0,1,1770,150,0,905,3779,0,0,0,0,0,0,0,0,1299,-1246,0,0,130
2543.57,0,0,0,0,100,2837,1.62861,0.0135801,1.64167,60,0,24,24,28,0,-2,0,0,0,44,3780,4323,893,173,27,570,35322,33122,106,1026,39,98,3.37554e+06,0,0,0,0,1,0,1849,12,920,3805,0,0,0,0,0,0,0,0,1299,-1260,0,0,130
2543.58,0,0,0,0,100,2831,1.62883,0.0135863,1.64155,60,0,24,24,28,0,-2,0,0,0,44,3777,4323,888,173,27,570,35322,33122,106,1026,39,98,3.35398e+06,0,0,0,0,1,71,0,1801,922,3777,0,0,0,0,0,0,0,0,1299,-1241,0,0,130
2543.59,0,0,0,0,100,2830,1.62906,0.0135925,1.64142,60,0,24,24,28,0,-2,0,0,0,44,3777,4323,881,173,27,570,35322,33122,106,1026,39,98,3.32754e+06,0,0,0,0,1,1801,107,0,916,3783,0,0,0,0,0,0,0,0,1299,-1251,0,0,130
2543.6,0,0,0,0,100,2830,1.62929,0.0135988,1.6413,60,0,24,24,27,0,-2,0,0,0,44,3777,4291,898,173,27,570,35275,33345,106,1024,32,98,3.39175e+06,0,0,0,0,1,1801,107,0,916,3794,0,0,0,0,0,0,0,0,1299,-1251,0,0,130
2543.61,0,0,0,0,100,2830,1.62929,0.0135965,1.6415,60,0,24,24,27,0,-2,0,0,0,44,3777,4291,898,173,27,570,35275,33345,106,1024,32,98,3.39175e+06,0,0,0,0,1,0,1707,221,917,3794,0,0,0,0,0,0,0,0,1299,-1251,0,0,130
2543.62,0,0,0,0,100,2830,1.62929,0.0135942,1.64171,60,0,24,24,27,0,-2,0,0,0,44,3775,4291,894,173,27,570,35275,33345,106,1024,32,98,3.37485e+06,0,0,0,0,1,0,0,2025,916,3744,0,0,0,0,0,0,0,0,1299,-1332,0,0,130
2543.63,0,0,0,0,100,2833,1.62929,0.013592,1.64191,60,0,24,24,27,0,-2,0,0,0,44,3775,4291,899,174,28,570,35275,33345,106,1024,32,98,3.39372e+06,0,0,0,0,1,1680,330,0,910,3785,0,0,0,0,0,0,0,0,1299,-1258,0,0,130
2543.64,0,0,0,0,100,2836,1.62929,0.0135897,1.64212,60,0,24,24,27,0,-2,0,0,0,44,3780,4291,898,174,28,570,35275,33345,106,1024,32,98,3.39444e+06,0,0,0,0,1,0,1654,338,907,3785,0,0,0,0,0,0,0,0,1299,-1237,0,0,130
2543.65,0,0,0,0,100,2842,1.62929,0.0135874,1.64232,60,0,24,24,27,0,-2,0,0,0,44,3780,4291,898,174,28,570,35275,33345,106,1024,32,98,3.39444e+06,0,0,0,0,1,0,0,1848,917,3772,0,0,0,0,0,0,0,0,1299,-1251,0,0,130
2543.66,0,0,0,0,100,2842,1.62929,0.0135852,1.64253,60,0,24,24,27,0,-2,0,0,0,44,3772,4291,904,174,28,570,35275,33345,106,1024,32,98,3.40989e+06,0,0,0,0,1,0,0,1848,917,3766,0,0,0,0,0,0,0,0,1299,-1313,0,0,130
2543.67,0,0,0,0,100,2845,1.62929,0.0135829,1.64273,60,0,24,24,27,0,-2,0,0,0,44,3772,4291,899,174,28,570,35275,33345,106,1024,32,98,3.39103e+06,0,0,0,0,1,2067,0,0,922,3766,0,0,0,0,0,0,0,0,1299,-1313,0,0,130
2543.68,0,0,0,0,100,2842,1.62929,0.0135806,1.64294,60,0,24,24,27,0,-2,0,0,0,44,3772,4291,892,174,28,570,35275,33345,106,1024,32,98,3.36462e+06,0,0,0,0,1,0,2214,0,936,3783,0,0,0,0,0,0,0,0,1299,-1360,0,0,130
2543.69,0,0,0,0,100,2835,1.62929,0.0135784,1.64314,60,0,24,24,27,0,-2,0,0,0,44,3772,4291,892,174,28,570,35275,33345,106,1024,32,98,3.36462e+06,0,0,0,0,1,0,0,2235,923,3738,0,0,0,0,0,0,0,0,1299,-1348,0,0,130
2543.7,0,0,0,0,100,2839,1.62929,0.0135761,1.64335,60,0,24,24,28,0,-2,0,0,0,43,3772,4291,901,174,28,570,35239,33303,106,1024,39,98,3.39857e+06,0,0,0,0,1,2196,0,0,906,3770,0,0,0,0,0,0,0,0,1299,-1337,0,0,130
2543.71,0,0,0,0,100,2853,1.62933,0.013591,1.64334,60,0,24,24,28,0,-2,0,0,0,43,3772,4291,921,174,28,570,35239,33303,106,1024,39,98,3.47401e+06,0,0,0,0,1,0,2220,0,906,3809,0,0,0,0,0,0,0,0,1299,-1299,0,0,130
2543.72,0,0,0,0,100,2853,1.62936,0.0136059,1.64333,60,0,24,24,28,0,-2,0,0,0,43,3772,4291,914,174,28,570,35239,33303,106,1024,39,98,3.44761e+06,0,0,0,0,1,0,2220,0,906,3781,0,0,0,0,0,0,0,0,1299,-1225,0,0,130
2543.73,0,0,0,0,100,2862,1.62939,0.0136207,1.64333,60,0,24,24,28,0,-2,0,0,0,43,3772,4291,914,175,29,570,35239,33303,106,1024,39,98,3.44761e+06,0,0,0,0,1,0,0,1949,917,3781,0,0,0,0,0,0,0,0,1299,-1225,0,0,130
2543.74,0,0,0,0,100,2867,1.62943,0.0136356,1.64332,60,0,24,24,28,0,-2,0,0,0,43,3774,4291,904,175,29,570,35239,33303,106,1024,39,98,3.4117e+06,0,0,0,0,1,1733,0,518,938,3803,0,0,0,0,0,0,0,0,1299,-1382,0,0,130
2543.75,0,0,0,0,100,2865,1.62946,0.0136505,1.64331,60,0,24,24,28,0,-2,0,0,0,43,3774,4291,898,175,29,570,35239,33303,106,1024,39,98,3.38905e+06,0,0,0,0,1,1325,859,0,933,3788,0,0,0,0,0,0,0,0,1299,-1287,0,0,130
2543.76,0,0,0,0,100,2864,1.6295,0.0136654,1.64331,60,0,24,24,28,0,-2,0,0,0,43,3770,4291,907,175,29,570,35239,33303,106,1024,39,98,3.41939e+06,0,0,0,0,1,0,2009,0,933,3794,0,0,0,0,0,0,0,0,1299,-1313,0,0,130
2543.77,0,0,0,0,100,2868,1.62953,0.0136802,1.6433,60,0,24,24,28,0,-2,0,0,0,43,3770,4291,907,175,29,570,35239,33303,106,1024,39,98,3.41939e+06,0,0,0,0,1,0,0,2207,923,3753,0,0,0,0,0,0,0,0,1299,-1307,0,0,130
2543.78,0,0,0,0,100,2868,1.62957,0.0136951,1.64329,60,0,24,24,28,0,-2,0,0,0,43,3770,4291,905,175,29,570,35239,33303,106,1024,39,98,3.41185e+06,0,0,0,0,1,0,0,2207,923,3794,0,0,0,0,0,0,0,0,1299,-1278,0,0,130
2543.79,0,0,0,0,100,2875,1.6296,0.01371,1.64329,60,0,24,24,28,0,-2,0,0,0,43,3770,4291,905,175,29,570,35239,33303,106,1024,39,98,3.41185e+06,0,0,0,0,1,1909,0,0,924,3794,0,0,0,0,0,0,0,0,1299,-1278,0,0,130
2543.8,0,0,0,0,100,2880,1.62963,0.0137249,1.64328,60,0,24,24,28,0,-2,0,0,0,43,3770,4291,916,175,29,570,35215,33296,106,1024,64,98,3.45332e+06,0,0,0,0,1,991,1265,0,927,3781,0,0,0,0,0,0,0,0,1299,-1321,0,0,130
2543.81,0,0,0,0,100,2885,1.62934,0.0137072,1.64323,60,0,24,24,28,0,-2,0,0,0,43,3770,4291,916,175,29,570,35215,33296,106,1024,64,98,3.45332e+06,0,0,0,0,1,0,2083,0,927,3791,0,0,0,0,0,0,0,0,1299,-1317,0,0,130
2543.82,0,0,0,0,100,2893,1.62905,0.0136896,1.64318,60,0,24,24,28,0,-2,0,0,0,43,3761,4291,916,175,29,570,35215,33296,106,1024,64,98,3.44508e+06,0,0,0,0,1,0,0,1949,935,3781,0,0,0,0,0,0,0,0,1299,-1238,0,0,130
2543.83,0,0,0,0,100,2892,1.62875,0.013672,1.64313,60,0,24,24,28,0,-2,0,0,0,43,3761,4291,914,175,29,570,35215,33296,106,1024,64,98,3.43755e+06,0,0,0,0,1,1192,0,1082,944,3794,0,0,0,0,0,0,0,0,1299,-1327,0,0,130
2543.84,0,0,0,0,100,2892,1.62846,0.0136544,1.64308,60,0,24,24,28,0,-2,0,0,0,43,3761,4291,916,175,29,570,35215,33296,106,1024,64,98,3.44508e+06,0,0,0,0,1,1192,0,1082,944,3749,0,0,0,0,0,0,0,0,1299,-1378,0,0,130
2543.85,0,0,0,0,100,2889,1.62817,0.0136368,1.64303,60,0,24,24,28,0,-2,0,0,0,43,3761,4291,916,175,29,570,35215,33296,106,1024,64,98,3.44508e+06,0,0,0,0,1,2252,0,0,952,3749,0,0,0,0,0,0,0,0,1299,-1378,0,0,130
2543.86,0,0,0,0,100,2889,1.62788,0.0136191,1.64299,60,0,24,24,28,0,-2,0,0,0,43,3762,4291,904,175,29,570,35215,33296,106,1024,64,98,3.40085e+06,0,0,0,0,1,0,1888,0,931,3781,0,0,0,0,0,0,0,0,1299,-1259,0,0,130
2543.87,0,0,0,0,100,2894,1.62758,0.0136015,1.64294,60,0,24,24,28,0,-2,0,0,0,43,3768,4291,908,175,29,570,35215,33296,106,1024,64,98,3.42134e+06,0,0,0,0,1,0,1710,180,931,3790,0,0,0,0,0,0,0,0,1299,-1307,0,0,130
2543.88,0,0,0,0,100,2906,1.62729,0.0135839,1.64289,60,0,24,24,28,0,-2,0,0,0,43,3768,4291,920,175,29,570,35215,33296,106,1024,64,98,3.46656e+06,0,0,0,0,1,0,0,2166,928,3755,0,0,0,0,0,0,0,0,1299,-1219,0,0,130
2543.89,0,0,0,0,100,2915,1.627,0.0135663,1.64284,60,0,24,24,28,0,-2,0,0,0,43,3768,4291,920,175,29,570,35215,33296,106,1024,64,98,3.46656e+06,0,0,0,0,1,1387,0,844,938,3813,0,0,0,0,0,0,0,0,1299,-1248,0,0,130
2543.9,0,0,0,0,100,2915,1.6267,0.0135486,1.64279,60,0,24,24,28,0,-2,0,0,0,43,3767,4291,920,175,29,570,35255,33396,106,1024,87,98,3.46564e+06,0,0,0,0,1,1387,0,844,938,3813,0,0,0,0,0,0,0,0,1299,-1294,0,0,130
2543.91,0,0,0,0,100,2911,1.62641,0.0135529,1.64276,60,0,24,24,28,0,-2,0,0,0,43,3767,4291,916,175,29,570,35255,33396,106,1024,87,98,3.45057e+06,0,0,0,0,1,2257,0,0,958,3749,0,0,0,0,0,0,0,0,1299,-1294,0,0,130
2543.92,0,0,0,0,100,2904,1.62611,0.0135572,1.64274,60,0,24,24,28,0,-2,0,0,0,43,3760,4291,918,175,29,570,35255,33396,106,1024,87,98,3.45168e+06,0,0,0,0,1,555,1652,0,942,3781,0,0,0,0,0,0,0,0,1299,-1316,0,0,130
2543.93,0,0,0,0,100,2901,1.62582,0.0135615,1.64271,60,0,24,24,28,0,-2,0,0,0,43,3760,4291,918,175,29,570,35255,33396,106,1024,87,98,3.45168e+06,0,0,0,0,1,0,2093,0,943,3788,0,0,0,0,0,0,0,0,1299,-1354,0,0,130
2543.94,0,0,0,0,100,2902,1.62552,0.0135658,1.64268,60,0,24,24,28,0,-2,0,0,0,43,3766,4291,907,175,29,570,35255,33396,106,1024,87,98,3.41576e+06,0,0,0,0,1,0,333,1787,936,3757,0,0,0,0,0,0,0,0,1299,-1351,0,0,130
2543.95,0,0,0,0,100,2904,1.62522,0.01357,1.64266,60,0,24,24,28,0,-2,0,0,0,43,3766,4291,910,175,29,570,35255,33396,106,1024,87,98,3.42706e+06,0,0,0,0,1,0,0,2037,934,3747,0,0,0,0,0,0,0,0,1299,-1267,0,0,130
2543.96,0,0,0,0,100,2904,1.62493,0.0135743,1.64263,60,0,24,24,28,0,-2,0,0,0,43,3766,4291,904,175,29,570,35255,33396,106,1024,87,98,3.40446e+06,0,0,0,0,1,0,0,2037,934,3747,0,0,0,0,0,0,0,0,1299,-1286,0,0,130
2543.97,0,0,0,0,100,2909,1.62463,0.0135786,1.6426,60,0,24,24,28,0,-2,0,0,0,43,3766,4291,904,175,29,570,35255,33396,106,1024,87,98,3.40446e+06,0,0,0,0,1,1930,0,0,944,3783,0,0,0,0,0,0,0,0,1299,-1286,0,0,130
2543.98,0,0,0,0,100,2914,1.62433,0.0135829,1.64258,60,0,24,24,28,0,-2,0,0,0,43,3765,4291,927,175,29,570,35255,33396,106,1024,87,98,3.49016e+06,0,0,0,0,1,1842,76,0,939,3772,0,0,0,0,0,0,0,0,1299,-1267,0,0,130
2543.99,0,0,0,0,100,2919,1.62404,0.0135872,1.64255,60,0,24,24,28,0,-2,0,0,0,43,3765,4290,930,175,29,570,35255,33396,106,1024,87,98,3.50145e+06,0,0,0,0,1,8,1907,0,949,3770,0,0,0,0,0,0,0,0,1299,-1287,0,0,130
2544,0,0,0,0,100,2920,1.62374,0.0135914,1.64252,60,0,24,24,28,0,-2,0,0,0,44,3764,4290,923,175,29,570,35205,33283,106,1024,39,98,3.47417e+06,0,0,0,0,1,0,1896,0,943,3788,0,0,0,0,0,0,0,0,1299,-1254,0,0,130
2544.01,0,0,0,0,100,2912,1.62458,0.0135997,1.64247,60,0,24,24,28,0,-2,0,0,0,44,3764,4290,923,175,29,570,35205,33283,106,1024,39,98,3.47417e+06,0,0,0,0,1,0,0,1902,962,3755,0,0,0,0,0,0,0,0,1299,-1309,0,0,130
2544.02,0,0,0,0,100,2912,1.62541,0.0136079,1.64242,60,0,24,24,28,0,-2,0,0,0,44,3762,4290,901,175,29,570,35205,33283,106,1024,39,98,3.38956e+06,0,0,0,0,1,0,0,1902,962,3755,0,0,0,0,0,0,0,0,1299,-1245,0,0,130
2544.03,0,0,0,0,100,2912,1.62625,0.0136161,1.64237,60,0,24,24,28,0,-2,0,0,0,44,3762,4290,914,175,29,570,35205,33283,106,1024,39,98,3.43847e+06,0,0,0,0,1,157,0,1719,935,3764,0,0,0,0,0,0,0,0,1299,-1245,0,0,130
2544.04,0,0,0,0,100,2920,1.62709,0.0136243,1.64232,60,0,24,24,28,0,-2,0,0,0,44,3762,4290,909,175,29,570,35205,33283,106,1024,39,98,3.41966e+06,0,0,0,0,1,1913,0,0,931,3785,0,0,0,0,0,0,0,0,1299,-1244,0,0,130
2544.05,0,0,0,0,100,2928,1.62792,0.0136326,1.64226,60,0,24,24,28,0,-2,0,0,0,44,3762,4290,909,175,29,570,35205,33283,106,1024,39,98,3.41966e+06,0,0,0,0,1,1979,0,0,938,3755,0,0,0,0,0,0,0,0,1299,-1290,0,0,130
2544.06,0,0,0,0,100,2931,1.62876,0.0136408,1.64221,60,0,24,24,28,0,-2,0,0,0,44,3763,4290,936,175,29,570,35205,33283,106,1024,39,98,3.52217e+06,0,0,0,0,1,377,1781,0,945,3766,0,0,0,0,0,0,0,0,1299,-1349,0,0,130
2544.07,0,0,0,0,100,2927,1.6296,0.013649,1.64216,60,0,24,24,28,0,-2,0,0,0,44,3763,4290,930,175,29,570,35205,33283,106,1024,39,98,3.49959e+06,0,0,0,0,1,0,2203,0,954,3777,0,0,0,0,0,0,0,0,1299,-1324,0,0,130
2544.08,0,0,0,0,100,2927,1.63043,0.0136572,1.64211,60,0,24,24,28,0,-2,0,0,0,44,3755,4290,930,175,29,570,35205,33283,106,1024,39,98,3.49215e+06,0,0,0,0,1,0,2203,0,954,3751,0,0,0,0,0,0,0,0,1299,-1343,0,0,130
2544.09,0,0,0,0,100,2925,1.63127,0.0136654,1.64206,60,0,24,24,28,0,-2,0,0,0,44,3755,4290,930,175,29,570,35205,33283,106,1024,39,98,3.49215e+06,0,0,0,0,1,0,777,1532,944,3751,0,0,0,0,0,0,0,0,1299,-1343,0,0,130
2544.1,0,0,0,0,100,2926,1.6321,0.0136737,1.64201,60,0,24,24,28,0,-2,0,0,0,43,3765,4290,927,175,29,570,35161,33244,106,1024,65,98,3.49016e+06,0,0,0,0,1,0,0,2207,941,3755,0,0,0,0,0,0,0,0,1299,-1277,0,0,130
2544.11,0,0,0,0,100,2934,1.63167,0.0136629,1.64218,60,0,24,24,28,0,-2,0,0,0,43,3765,4290,929,175,29,570,35161,33244,106,1024,65,98,3.49768e+06,0,0,0,0,1,487,0,1549,938,3766,0,0,0,0,0,0,0,0,1299,-1214,0,0,130
2544.12,0,0,0,0,100,2940,1.63124,0.0136522,1.64236,60,0,24,24,28,0,-2,0,0,0,43,3765,4290,924,175,29,570,35161,33244,106,1024,65,98,3.47886e+06,0,0,0,0,1,1677,0,536,953,3800,0,0,0,0,0,0,0,0,1299,-1355,0,0,130
2544.13,0,0,0,0,100,2949,1.63081,0.0136414,1.64254,60,0,24,24,28,0,-2,0,0,0,43,3765,4290,924,175,29,570,35161,33244,106,1024,65,98,3.47886e+06,0,0,0,0,1,2214,0,0,949,3753,0,0,0,0,0,0,0,0,1299,-1304,0,0,130
2544.14,0,0,0,0,100,2949,1.63038,0.0136307,1.64272,60,0,24,24,28,0,-2,0,0,0,43,3758,4290,934,175,29,570,35161,33244,106,1024,65,98,3.50997e+06,0,0,0,0,1,2214,0,0,949,3747,0,0,0,0,0,0,0,0,1299,-1323,0,0,130
2544.15,0,0,0,0,100,2960,1.62995,0.0136199,1.64289,60,0,24,24,28,0,-2,0,0,0,43,3758,4290,938,175,29,570,35161,33244,106,1024,65,98,3.525e+06,0,0,0,0,1,1989,0,0,955,3747,0,0,0,0,0,0,0,0,1299,-1323,0,0,130
2544.16,0,0,0,0,100,2960,1.62951,0.0136092,1.64307,60,0,24,24,28,0,-2,0,0,0,43,3758,4290,943,175,29,570,35161,33244,106,1024,65,98,3.54379e+06,0,0,0,0,1,995,1312,0,966,3759,0,0,0,0,0,0,0,0,1299,-1351,0,0,130
2544.17,0,0,0,0,100,2956,1.62908,0.0135984,1.64325,60,0,24,24,28,0,-2,0,0,0,43,3758,4290,943,175,29,570,35161,33244,106,1024,65,98,3.54379e+06,0,0,0,0,1,101,1855,0,967,3766,0,0,0,0,0,0,0,0,1299,-1285,0,0,130
2544.18,0,0,0,0,100,2952,1.62865,0.0135877,1.64343,60,0,24,24,28,0,-2,0,0,0,43,3751,4290,931,175,29,570,35161,33244,106,1024,65,98,3.49218e+06,0,0,0,0,1,0,2234,0,956,3781,0,0,0,0,0,0,0,0,1299,-1322,0,0,130
2544.19,0,0,0,0,100,2958,1.62822,0.013577,1.6436,60,0,24,24,28,0,-2,0,0,0,43,3751,4290,925,175,29,570,35161,33244,106,1024,65,98,3.46968e+06,0,0,0,0,1,0,1802,120,948,3785,0,0,0,0,0,0,0,0,1299,-1255,0,0,130
2544.2,0,0,0,0,100,2958,1.62779,0.0135662,1.64378,60,0,24,24,28,0,-2,0,0,0,43,3751,4290,938,175,29,570,35071,33184,107,1024,64,98,3.51844e+06,0,0,0,0,1,0,1802,120,948,3759,0,0,0,0,0,0,0,0,1299,-1291,0,0,130
2544.21,0,0,0,0,100,2973,1.62786,0.013567,1.64372,60,0,24,24,28,0,-2,0,0,0,43,3751,4290,938,175,29,570,35071,33184,107,1024,64,98,3.51844e+06,0,0,0,0,1,0,1005,1196,944,3759,0,0,0,0,0,0,0,0,1299,-1291,0,0,130
2544.22,0,0,0,0,100,2984,1.62793,0.0135678,1.64367,60,0,24,24,28,0,-2,0,0,0,43,3751,4290,956,175,29,570,35071,33184,107,1024,64,98,3.58596e+06,0,0,0,0,1,0,630,1600,968,3729,0,0,0,0,0,0,0,0,1299,-1371,0,0,130
2544.23,0,0,0,0,100,2984,1.628,0.0135687,1.64361,60,0,24,24,28,0,-2,0,0,0,43,3751,4290,942,175,29,570,35071,33184,107,1024,64,98,3.53344e+06,0,0,0,0,1,0,371,1828,986,3721,0,0,0,0,0,0,0,0,1299,-1407,0,0,130
2544.24,0,0,0,0,100,2979,1.62807,0.0135695,1.64355,60,0,24,24,28,0,-2,0,0,0,43,3751,4290,946,175,29,570,35071,33184,107,1024,64,98,3.54845e+06,0,0,0,0,1,0,0,1864,970,3744,0,0,0,0,0,0,0,0,1299,-1260,0,0,130
2544.25,0,0,0,0,100,2978,1.62814,0.0135703,1.6435,60,0,24,24,28,0,-2,0,0,0,43,3751,4290,946,175,29,570,35071,33184,107,1024,64,98,3.54845e+06,0,0,0,0,1,0,0,2143,967,3751,0,0,0,0,0,0,0,0,1299,-1261,0,0,130
2544.26,0,0,0,0,100,2978,1.6282,0.0135711,1.64344,60,0,24,24,28,0,-2,0,0,0,43,3751,4290,931,175,29,570,35071,33184,107,1024,64,98,3.49218e+06,0,0,0,0,1,0,0,2143,967,3723,0,0,0,0,0,0,0,0,1299,-1326,0,0,130
2544.27,0,0,0,0,100,2980,1.62827,0.013572,1.64339,60,0,24,24,28,0,-2,0,0,0,43,3751,4290,934,175,29,570,35071,33184,107,1024,64,98,3.50343e+06,0,0,0,0,1,0,0,2244,960,3723,0,0,0,0,0,0,0,0,1299,-1326,0,0,130
2544.28,0,0,0,0,100,2986,1.62834,0.0135728,1.64333,60,0,24,24,28,0,-2,0,0,0,43,3751,4290,938,175,29,570,35071,33184,107,1024,64,98,3.51844e+06,0,0,0,0,1,0,0,2153,965,3710,0,0,0,0,0,0,0,0,1299,-1328,0,0,130
2544.29,0,0,0,0,100,2995,1.62841,0.0135736,1.64327,60,0,24,24,28,0,-2,0,0,0,43,3751,4290,938,175,29,570,35071,33184,107,1024,64,98,3.51844e+06,0,0,0,0,1,0,0,2160,966,3712,0,0,0,0,0,0,0,0,1299,-1331,0,0,130
2544.3,0,0,0,0,100,3001,1.62848,0.0135744,1.64322,60,0,24,24,28,0,-2,0,0,0,43,3755,4290,949,175,29,570,35131,33396,106,1024,68,98,3.5635e+06,0,0,0,0,1,0,0,2100,972,3710,0,0,0,0,0,0,0,0,1299,-1329,0,0,130
2544.31,0,0,0,0,100,2998,1.62893,0.013569,1.64319,60,0,24,24,28,0,-2,0,0,0,43,3754,4290,945,175,29,570,35131,33396,106,1024,68,98,3.54753e+06,0,0,0,0,1,0,0,2141,989,3708,0,0,0,0,0,0,0,0,1299,-1364,0,0,130
2544.32,0,0,0,0,100,2998,1.62938,0.0135637,1.64315,60,0,24,24,28,0,-2,0,0,0,43,3754,4290,964,175,29,570,35131,33396,106,1024,68,98,3.61886e+06,0,0,0,0,1,0,0,2141,989,3718,0,0,0,0,0,0,0,0,1299,-1338,0,0,130
2544.33,0,0,0,0,100,2992,1.62983,0.0135583,1.64312,60,0,24,24,28,0,-2,0,0,0,43,3754,4290,964,175,29,570,35131,33396,106,1024,68,98,3.61886e+06,0,0,0,0,1,0,0,2033,974,3718,0,0,0,0,0,0,0,0,1299,-1338,0,0,130
2544.34,0,0,0,0,100,2981,1.63028,0.0135529,1.64309,60,0,24,24,28,0,-2,0,0,0,43,3753,4290,938,175,29,570,35131,33396,106,1024,68,98,3.52031e+06,0,0,0,0,1,274,0,1717,969,3749,0,0,0,0,0,0,0,0,1299,-1254,0,0,130
2544.35,0,0,0,0,100,2986,1.63073,0.0135475,1.64306,60,0,24,24,28,0,-2,0,0,0,43,3753,4290,937,175,29,570,35131,33396,106,1024,68,98,3.51656e+06,0,0,0,0,1,938,0,1207,952,3774,0,0,0,0,0,0,0,0,1299,-1276,0,0,130
2544.36,0,0,0,0,100,2999,1.63118,0.0135422,1.64303,60,0,24,24,28,0,-2,0,0,0,43,3755,4290,937,175,30,570,35131,33396,106,1024,68,98,3.51844e+06,0,0,0,0,1,1042,0,1129,952,3772,0,0,0,0,0,0,0,0,1299,-1291,0,0,130
2544.37,0,0,0,0,100,3007,1.63163,0.0135368,1.64299,60,0,24,24,28,0,-2,0,0,0,43,3755,4290,937,175,30,570,35131,33396,106,1024,68,98,3.51844e+06,0,0,0,0,1,0,0,1887,969,3731,0,0,0,0,0,0,0,0,1299,-1333,0,0,130
2544.38,0,0,0,0,100,3007,1.63208,0.0135314,1.64296,60,0,24,24,28,0,-2,0,0,0,43,3755,4288,960,175,30,570,35131,33396,106,1024,68,98,3.6048e+06,0,0,0,0,1,0,0,1887,969,3731,0,0,0,0,0,0,0,0,1299,-1275,0,0,130
2544.39,0,0,0,0,100,3004,1.63253,0.013526,1.64293,60,0,24,24,28,0,-2,0,0,0,43,3746,4288,949,175,30,570,35131,33396,106,1024,68,98,3.55495e+06,0,0,0,0,1,565,0,1530,985,3742,0,0,0,0,0,0,0,0,1299,-1275,0,0,130
2544.4,0,0,0,0,100,2994,1.63298,0.0135207,1.6429,60,0,24,24,28,0,-2,0,0,0,43,3746,4288,947,175,30,570,35071,33102,106,1024,87,98,3.54746e+06,0,0,0,0,1,786,0,1379,975,3757,0,0,0,0,0,0,0,0,1299,-1292,0,0,130
2544.41,0,0,0,0,100,2992,1.63267,0.0135212,1.64301,60,0,24,24,28,0,-2,0,0,0,43,3746,4288,947,175,30,570,35071,33102,106,1024,87,98,3.54746e+06,0,0,0,0,1,1083,0,1100,966,3774,0,0,0,0,0,0,0,0,1299,-1238,0,0,130
2544.42,0,0,0,0,100,2995,1.63237,0.0135218,1.64313,60,0,24,24,28,0,-2,0,0,0,43,3748,4288,940,175,30,570,35071,33102,106,1024,87,98,3.52312e+06,0,0,0,0,1,1294,0,908,955,3788,0,0,0,0,0,0,0,0,1299,-1220,0,0,130
2544.43,0,0,0,0,100,3005,1.63206,0.0135224,1.64325,60,0,24,24,28,0,-2,0,0,0,43,3748,4288,943,175,30,570,35071,33102,106,1024,87,98,3.53436e+06,0,0,0,0,1,1177,0,1090,966,3779,0,0,0,0,0,0,0,0,1299,-1253,0,0,130
2544.44,0,0,0,0,100,3005,1.63176,0.013523,1.64336,60,0,24,24,28,0,-2,0,0,0,43,3752,4288,943,175,30,570,35071,33102,106,1024,87,98,3.53814e+06,0,0,0,0,1,1177,0,1090,966,3779,0,0,0,0,0,0,0,0,1299,-1264,0,0,130
2544.45,0,0,0,0,100,3010,1.63145,0.0135235,1.64348,60,0,24,24,28,0,-2,0,0,0,43,3752,4288,943,175,30,570,35071,33102,106,1024,87,98,3.53814e+06,0,0,0,0,1,19,0,1831,971,3731,0,0,0,0,0,0,0,0,1299,-1264,0,0,130
2544.46,0,0,0,0,100,3015,1.63114,0.0135241,1.6436,60,0,24,24,28,0,-2,0,0,0,43,3752,4288,959,175,30,570,35071,33102,106,1024,87,98,3.59817e+06,0,0,0,0,1,0,0,2115,979,3712,0,0,0,0,0,0,0,0,1299,-1327,0,0,130
2544.47,0,0,0,0,100,3014,1.63084,0.0135247,1.64372,60,0,24,24,28,0,-2,0,0,0,43,3747,4288,968,175,30,570,35071,33102,106,1024,87,98,3.6271e+06,0,0,0,0,1,0,0,2244,987,3708,0,0,0,0,0,0,0,0,1299,-1331,0,0,130
2544.48,0,0,0,0,100,3006,1.63053,0.0135253,1.64383,60,0,24,24,28,0,-2,0,0,0,43,3747,4288,971,175,30,570,35071,33102,106,1024,87,98,3.63834e+06,0,0,0,0,1,0,0,2213,983,3716,0,0,0,0,0,0,0,0,1299,-1339,0,0,130
2544.49,0,0,0,0,100,3004,1.63022,0.0135259,1.64395,60,0,24,24,28,0,-2,0,0,0,43,3747,4288,971,175,30,570,35071,33102,106,1024,87,98,3.63834e+06,0,0,0,0,1,0,0,2289,977,3731,0,0,0,0,0,0,0,0,1299,-1317,0,0,130
2544.5,0,0,0,0,100,3004,1.62992,0.0135264,1.64407,60,0,24,24,28,0,-2,0,0,0,43,3746,4288,947,175,30,570,35077,33009,106,1024,39,98,3.54746e+06,0,0,0,0,1,0,0,2289,977,3731,0,0,0,0,0,0,0,0,1299,-1276,0,0,130
2544.51,0,0,0,0,100,3011,1.62929,0.0135262,1.6437,60,0,24,24,28,0,-2,0,0,0,43,3741,4288,954,175,30,570,35077,33009,106,1024,39,98,3.56891e+06,0,0,0,0,1,0,0,2170,958,3738,0,0,0,0,0,0,0,0,1299,-1276,0,0,130
2544.52,0,0,0,0,100,3025,1.62866,0.0135259,1.64334,60,0,24,24,28,0,-2,0,0,0,43,3741,4288,949,175,30,570,35077,33009,106,1024,39,98,3.55021e+06,0,0,0,0,1,0,0,1937,961,3757,0,0,0,0,0,0,0,0,1299,-1219,0,0,130
2544.53,0,0,0,0,100,3040,1.62803,0.0135257,1.64297,60,0,24,24,28,0,-2,0,0,0,43,3741,4288,949,175,30,570,35077,33009,106,1024,39,98,3.55021e+06,0,0,0,0,1,0,494,1732,979,3723,0,0,0,0,0,0,0,0,1299,-1381,0,0,130
2544.54,0,0,0,0,100,3043,1.6274,0.0135254,1.64261,60,0,24,24,28,0,-2,0,0,0,43,3746,4290,985,175,30,570,35077,33009,106,1024,39,98,3.68981e+06,0,0,0,0,1,0,1593,434,996,3749,0,0,0,0,0,0,0,0,1299,-1273,0,0,130
2544.55,0,0,0,0,100,3035,1.62678,0.0135252,1.64224,60,0,24,24,28,0,-2,0,0,0,43,3746,4290,980,175,30,570,35077,33009,106,1024,39,98,3.67108e+06,0,0,0,0,1,0,2183,0,1004,3753,0,0,0,0,0,0,0,0,1299,-1342,0,0,130
2544.56,0,0,0,0,100,3032,1.62615,0.0135249,1.64188,60,0,24,24,28,0,-2,0,0,0,43,3746,4290,965,175,30,570,35077,33009,106,1024,39,98,3.61489e+06,0,0,0,0,1,1372,0,1541,984,3738,0,0,0,0,0,0,0,0,1299,-1247,0,0,130
2544.57,0,0,0,0,100,3033,1.62552,0.0135246,1.64151,60,0,24,24,28,0,-2,0,0,0,43,3746,4290,965,175,30,570,35077,33009,106,1024,39,98,3.61489e+06,0,0,0,0,1,887,0,1315,985,3749,0,0,0,0,0,0,0,0,1299,-1257,0,0,130
2544.58,0,0,0,0,100,3033,1.62489,0.0135244,1.64115,60,0,24,24,28,0,-2,0,0,0,43,3736,4290,959,175,30,570,35077,33009,106,1024,39,98,3.58282e+06,0,0,0,0,1,887,0,1315,985,3749,0,0,0,0,0,0,0,0,1299,-1257,0,0,130
2544.59,0,0,0,0,100,3040,1.62426,0.0135241,1.64078,60,0,24,24,28,0,-2,0,0,0,43,3739,4290,962,175,30,570,35077,33009,106,1024,39,98,3.59692e+06,0,0,0,0,1,0,0,2124,976,3706,0,0,0,0,0,0,0,0,1299,-1302,0,0,130
2544.6,0,0,0,0,100,3048,1.62363,0.0135239,1.64042,60,0,24,24,28,0,-2,0,0,0,44,3739,4292,967,175,30,570,34941,32928,106,1024,64,98,3.61561e+06,0,0,0,0,1,0,0,2039,974,3740,0,0,0,0,0,0,0,0,1299,-1299,0,0,130
2544.61,0,0,0,0,100,3057,1.62337,0.0135346,1.64042,60,0,24,24,28,0,-2,0,0,0,44,3739,4292,967,175,30,570,34941,32928,106,1024,64,98,3.61561e+06,0,0,0,0,1,0,788,1494,986,3721,0,0,0,0,0,0,0,0,1299,-1276,0,0,130
2544.62,0,0,0,0,100,3061,1.6231,0.0135454,1.64042,60,0,24,24,28,0,-2,0,0,0,44,3742,4292,985,175,30,570,34941,32928,106,1024,64,98,3.68587e+06,0,0,0,0,1,0,2135,0,996,3753,0,0,0,0,0,0,0,0,1299,-1327,0,0,130
2544.63,0,0,0,0,100,3058,1.62284,0.0135562,1.64042,60,0,24,24,28,0,-2,0,0,0,44,3742,4292,980,175,30,570,34941,32928,106,1024,64,98,3.66716e+06,0,0,0,0,1,0,1933,0,997,3751,0,0,0,0,0,0,0,0,1299,-1267,0,0,130
2544.64,0,0,0,0,100,3058,1.62258,0.0135669,1.64042,60,0,24,24,28,0,-2,0,0,0,44,3737,4292,970,175,30,570,34941,32928,106,1024,64,98,3.62489e+06,0,0,0,0,1,0,1933,0,997,3751,0,0,0,0,0,0,0,0,1299,-1267,0,0,130
2544.65,0,0,0,0,100,3053,1.62231,0.0135777,1.64042,60,0,24,24,28,0,-2,0,0,0,44,3737,4292,970,175,30,570,34941,32928,106,1024,64,98,3.62489e+06,0,0,0,0,1,1030,1263,0,1001,3744,0,0,0,0,0,0,0,0,1299,-1341,0,0,130
2544.66,0,0,0,0,100,3052,1.62205,0.0135885,1.64042,60,0,24,24,28,0,-2,0,0,0,44,3737,4292,962,175,30,570,34941,32928,106,1024,64,98,3.59499e+06,0,0,0,0,1,2153,0,0,978,3727,0,0,0,0,0,0,0,0,1299,-1354,0,0,130
2544.67,0,0,0,0,100,3067,1.62179,0.0135992,1.64041,60,0,24,24,28,0,-2,0,0,0,44,3737,4292,957,175,29,570,34941,32928,106,1024,64,98,3.57631e+06,0,0,0,0,1,1909,0,0,973,3768,0,0,0,0,0,0,0,0,1299,-1356,0,0,130
2544.68,0,0,0,0,100,3077,1.62152,0.01361,1.64041,60,0,24,24,28,0,-2,0,0,0,44,3737,4293,965,175,29,570,34941,32928,106,1024,64,98,3.6062e+06,0,0,0,0,1,278,0,1662,983,3731,0,0,0,0,0,0,0,0,1299,-1324,0,0,130
2544.69,0,0,0,0,100,3077,1.62126,0.0136208,1.64041,60,0,24,24,28,0,-2,0,0,0,44,3737,4293,965,175,29,570,34941,32928,106,1024,64,98,3.6062e+06,0,0,0,0,1,0,0,2059,1009,3742,0,0,0,0,0,0,0,0,1299,-1345,0,0,130
2544.7,0,0,0,0,100,3077,1.621,0.0136315,1.64041,60,0,24,24,28,0,-2,0,0,0,44,3741,4293,987,175,29,570,35078,33194,106,1024,65,98,3.69237e+06,0,0,0,0,1,0,0,2059,1009,3742,0,0,0,0,0,0,0,0,1299,-1345,0,0,130
2544.71,0,0,0,0,100,3069,1.62172,0.0136269,1.64041,60,0,24,24,28,0,-2,0,0,0,44,3741,4293,975,175,29,570,35078,33194,106,1024,65,98,3.64748e+06,0,0,0,0,1,0,1198,1049,1010,3727,0,0,0,0,0,0,0,0,1299,-1284,0,0,130
2544.72,0,0,0,0,100,3058,1.62244,0.0136222,1.64041,60,0,24,24,28,0,-2,0,0,0,44,3729,4293,970,175,29,570,35078,33194,106,1024,65,98,3.61713e+06,0,0,0,0,1,0,2214,0,996,3757,0,0,0,0,0,0,0,0,1299,-1340,0,0,130
2544.73,0,0,0,0,100,3058,1.62317,0.0136176,1.6404,60,0,24,24,28,0,-2,0,0,0,44,3729,4293,970,175,29,570,35078,33194,106,1024,65,98,3.61713e+06,0,0,0,0,1,98,1830,0,986,3749,0,0,0,0,0,0,0,0,1299,-1267,0,0,130
2544.74,0,0,0,0,100,3068,1.62389,0.0136129,1.6404,60,0,24,24,28,0,-2,0,0,0,44,3736,4293,960,175,29,570,35078,33194,106,1024,65,98,3.58656e+06,0,0,0,0,1,1622,437,0,978,3753,0,0,0,0,0,0,0,0,1299,-1268,0,0,130
2544.75,0,0,0,0,100,3072,1.62462,0.0136082,1.6404,60,0,24,24,28,0,-2,0,0,0,44,3736,4293,974,175,29,570,35078,33194,106,1024,65,98,3.63886e+06,0,0,0,0,1,0,1883,0,991,3768,0,0,0,0,0,0,0,0,1299,-1326,0,0,130
2544.76,0,0,0,0,100,3079,1.62534,0.0136036,1.64039,60,0,24,24,28,0,-2,0,0,0,44,3736,4293,970,175,29,570,35078,33194,106,1024,65,98,3.62392e+06,0,0,0,0,1,0,2124,0,980,3770,0,0,0,0,0,0,0,0,1299,-1255,0,0,130
2544.77,0,0,0,0,100,3079,1.62607,0.0135989,1.64039,60,0,24,24,28,0,-2,0,0,0,44,3736,4293,970,175,29,570,35078,33194,106,1024,65,98,3.62392e+06,0,0,0,0,1,0,2124,0,980,3742,0,0,0,0,0,0,0,0,1299,-1296,0,0,130
2544.78,0,0,0,0,100,3081,1.62679,0.0135943,1.64039,60,0,24,24,28,0,-2,0,0,0,44,3735,4293,982,175,29,570,35078,33194,106,1024,65,98,3.66777e+06,0,0,0,0,1,1268,939,0,1002,3742,0,0,0,0,0,0,0,0,1299,-1296,0,0,130
2544.79,0,0,0,0,100,3074,1.62751,0.0135896,1.64039,60,0,24,24,28,0,-2,0,0,0,44,3735,4293,985,175,29,570,35078,33194,106,1024,65,98,3.67898e+06,0,0,0,0,1,2208,0,0,1007,3736,0,0,0,0,0,0,0,0,1299,-1291,0,0,130
2544.8,0,0,0,0,100,3066,1.62824,0.0135849,1.64038,60,0,24,24,28,0,-2,0,0,0,44,3734,4293,982,175,29,570,34988,33101,106,1024,65,98,3.66679e+06,0,0,0,0,1,1624,0,590,999,3772,0,0,0,0,0,0,0,0,1299,-1355,0,0,130
2544.81,0,0,0,0,100,3066,1.62771,0.0135866,1.64025,60,0,24,24,28,0,-2,0,0,0,44,3734,4293,982,175,29,570,34988,33101,106,1024,65,98,3.66679e+06,0,0,0,0,1,0,0,2057,985,3708,0,0,0,0,0,0,0,0,1299,-1314,0,0,130
2544.82,0,0,0,0,100,3080,1.62719,0.0135883,1.64012,60,0,24,24,28,0,-2,0,0,0,44,3736,4293,962,175,29,570,34988,33101,106,1024,65,98,3.59403e+06,0,0,0,0,1,0,138,1838,979,3725,0,0,0,0,0,0,0,0,1299,-1317,0,0,130
2544.83,0,0,0,0,100,3080,1.62666,0.01359,1.63998,60,0,24,24,28,0,-2,0,0,0,44,3736,4293,962,175,29,570,34988,33101,106,1024,65,98,3.59403e+06,0,0,0,0,1,0,138,1838,979,3762,0,0,0,0,0,0,0,0,1299,-1309,0,0,130
2544.84,0,0,0,0,100,3093,1.62613,0.0135918,1.63985,60,0,24,24,28,0,-2,0,0,0,44,3736,4293,976,175,29,570,34988,33101,106,1024,65,98,3.64634e+06,0,0,0,0,1,0,2068,0,990,3762,0,0,0,0,0,0,0,0,1299,-1309,0,0,130
2544.85,0,0,0,0,100,3099,1.62561,0.0135935,1.63972,60,0,24,24,28,0,-2,0,0,0,44,3736,4293,976,175,29,570,34988,33101,106,1024,65,98,3.64634e+06,0,0,0,0,1,657,1644,0,1015,3729,0,0,0,0,0,0,0,0,1299,-1385,0,0,130
2544.86,0,0,0,0,100,3088,1.62508,0.0135952,1.63958,60,0,24,24,28,0,-2,0,0,0,44,3738,4293,1007,175,29,570,34988,33101,106,1024,65,98,3.76417e+06,0,0,0,0,1,2293,0,0,1020,3721,0,0,0,0,0,0,0,0,1299,-1363,0,0,130
2544.87,0,0,0,0,100,3081,1.62455,0.0135969,1.63945,60,0,24,24,28,0,-2,0,0,0,44,3738,4293,995,175,29,570,34988,33101,106,1024,65,98,3.71931e+06,0,0,0,0,1,1565,0,697,1001,3772,0,0,0,0,0,0,0,0,1299,-1339,0,0,130
2544.88,0,0,0,0,100,3085,1.62403,0.0135986,1.63932,60,0,24,24,28,0,-2,0,0,0,44,3729,4293,989,175,29,570,34988,33101,106,1024,65,98,3.68798e+06,0,0,0,0,1,0,0,2239,988,3708,0,0,0,0,0,0,0,0,1299,-1282,0,0,130
2544.89,0,0,0,0,100,3085,1.6235,0.0136003,1.63918,60,0,24,24,28,0,-2,0,0,0,44,3729,4293,989,175,29,570,34988,33101,106,1024,65,98,3.68798e+06,0,0,0,0,1,0,0,2239,988,3708,0,0,0,0,0,0,0,0,1299,-1222,0,0,130
2544.9,0,0,0,0,100,3095,1.62297,0.013602,1.63905,60,0,24,24,28,0,-2,0,0,0,43,3731,4293,978,175,29,570,34915,33050,105,1024,68,98,3.64892e+06,0,0,0,0,1,0,923,1303,985,3723,0,0,0,0,0,0,0,0,1299,-1222,0,0,130
2544.91,0,0,0,0,100,3106,1.62293,0.0136114,1.63914,60,0,24,24,28,0,-2,0,0,0,43,3731,4293,980,175,29,570,34915,33050,105,1024,68,98,3.65638e+06,0,0,0,0,1,0,1962,0,997,3747,0,0,0,0,0,0,0,0,1299,-1315,0,0,130
2544.92,0,0,0,0,100,3114,1.62289,0.0136209,1.63924,60,0,24,24,28,0,-2,0,0,0,43,3731,4295,992,175,29,570,34915,33050,105,1024,68,98,3.70115e+06,0,0,0,0,1,2122,0,0,1003,3710,0,0,0,0,0,0,0,0,1299,-1345,0,0,130
2544.93,0,0,0,0,100,3116,1.62284,0.0136303,1.63933,60,0,24,24,28,0,-2,0,0,0,43,3731,4295,992,175,29,570,34915,33050,105,1024,68,98,3.70115e+06,0,0,0,0,1,1180,0,1041,1014,3755,0,0,0,0,0,0,0,0,1299,-1239,0,0,130
2544.94,0,0,0,0,100,3115,1.6228,0.0136398,1.63943,60,0,24,24,28,0,-2,0,0,0,43,3735,4295,995,175,29,570,34915,33050,105,1024,68,98,3.71632e+06,0,0,0,0,1,0,0,1901,1023,3703,0,0,0,0,0,0,0,0,1299,-1392,0,0,130
2544.95,0,0,0,0,100,3115,1.62275,0.0136492,1.63952,60,0,24,24,28,0,-2,0,0,0,43,3735,4295,986,175,29,570,34915,33050,105,1024,68,98,3.68271e+06,0,0,0,0,1,0,0,1901,1023,3703,0,0,0,0,0,0,0,0,1299,-1296,0,0,130
2544.96,0,0,0,0,100,3111,1.62271,0.0136586,1.63962,60,0,24,24,28,0,-2,0,0,0,43,3728,4295,996,175,29,570,34915,33050,105,1024,68,98,3.71309e+06,0,0,0,0,1,0,2217,0,1014,3757,0,0,0,0,0,0,0,0,1299,-1296,0,0,130
2544.97,0,0,0,0,100,3112,1.62267,0.0136681,1.63971,60,0,24,24,28,0,-2,0,0,0,43,3728,4295,996,175,29,570,34915,33050,105,1024,68,98,3.71309e+06,0,0,0,0,1,1858,84,0,1001,3727,0,0,0,0,0,0,0,0,1299,-1279,0,0,130
2544.98,0,0,0,0,100,3127,1.62262,0.0136775,1.63981,60,0,24,24,28,0,-2,0,0,0,43,3723,4295,979,175,29,570,34915,33050,105,1024,68,98,3.64482e+06,0,0,0,0,1,1528,0,719,999,3774,0,0,0,0,0,0,0,0,1299,-1347,0,0,130
2544.99,0,0,0,0,100,3136,1.62258,0.013687,1.6399,60,0,24,24,28,0,-2,0,0,0,43,3723,4295,985,175,29,570,34915,33050,105,1024,68,98,3.66716e+06,0,0,0,0,1,0,197,1846,1010,3710,0,0,0,0,0,0,0,0,1299,-1303,0,0,130
2545,0,0,0,0,100,3135,1.62254,0.0136964,1.63999,60,0,24,24,28,0,-2,0,0,0,44,3723,4293,1004,175,29,570,34919,33049,105,1024,68,98,3.73789e+06,0,0,0,0,1,71,1902,0,1040,3738,0,0,0,0,0,0,0,0,1299,-1305,0,0,130
2545.01,0,0,0,0,100,3135,1.62266,0.0136984,1.63963,60,0,24,24,28,0,-2,0,0,0,44,3723,4293,1004,175,29,570,34919,33049,105,1024,68,98,3.73789e+06,0,0,0,0,1,71,1902,0,1040,3738,0,0,0,0,0,0,0,0,1299,-1392,0,0,130
2545.02,0,0,0,0,100,3127,1.62279,0.0137004,1.63927,60,0,24,24,28,0,-2,0,0,0,44,3727,4293,1010,175,29,570,34919,33049,105,1024,68,98,3.76427e+06,0,0,0,0,1,2269,0,0,1026,3703,0,0,0,0,0,0,0,0,1299,-1392,0,0,130
2545.03,0,0,0,0,100,3122,1.62292,0.0137024,1.63891,60,0,24,24,28,0,-2,0,0,0,44,3715,4293,997,175,29,570,34919,33049,105,1024,68,98,3.70386e+06,0,0,0,0,1,766,0,1338,1011,3727,0,0,0,0,0,0,0,0,1299,-1271,0,0,130
2545.04,0,0,0,0,100,3128,1.62305,0.0137044,1.63855,60,0,24,24,28,0,-2,0,0,0,44,3715,4293,990,175,29,570,34919,33049,105,1024,68,98,3.67785e+06,0,0,0,0,1,0,412,1750,1001,3710,0,0,0,0,0,0,0,0,1299,-1360,0,0,130
2545.05,0,0,0,0,100,3141,1.62318,0.0137064,1.63818,60,0,24,24,28,0,-2,0,0,0,44,3715,4293,990,175,29,570,34919,33049,105,1024,68,98,3.67785e+06,0,0,0,0,1,0,1847,0,1000,3751,0,0,0,0,0,0,0,0,1299,-1224,0,0,130
2545.06,0,0,0,0,100,3147,1.6233,0.0137084,1.63782,60,0,24,24,28,0,-2,0,0,0,44,3734,4293,995,175,29,570,34919,33049,105,1024,68,98,3.71533e+06,0,0,0,0,1,2151,0,0,1019,3736,0,0,0,0,0,0,0,0,1299,-1275,0,0,130
2545.07,0,0,0,0,100,3147,1.62343,0.0137104,1.63746,60,0,24,24,28,0,-2,0,0,0,44,3734,4293,996,175,29,570,34919,33049,105,1024,68,98,3.71906e+06,0,0,0,0,1,2151,0,0,1019,3701,0,0,0,0,0,0,0,0,1299,-1260,0,0,130
2545.08,0,0,0,0,100,3154,1.62356,0.0137123,1.6371,60,0,24,24,28,0,-2,0,0,0,44,3734,4293,1002,175,29,570,34919,33049,105,1024,68,98,3.74147e+06,0,0,0,0,1,0,0,2227,1023,3701,0,0,0,0,0,0,0,0,1299,-1260,0,0,130
2545.09,0,0,0,0,100,3147,1.62369,0.0137143,1.63674,60,0,24,24,28,0,-2,0,0,0,44,3734,4293,1002,175,27,570,34919,33049,105,1024,68,98,3.74147e+06,0,0,0,0,1,0,2218,0,1037,3740,0,0,0,0,0,0,0,0,1299,-1333,0,0,130
2545.1,0,0,0,0,100,3137,1.62382,0.0137163,1.63637,60,0,24,24,27,0,-2,0,0,0,44,3731,4295,1009,175,27,570,34925,33014,106,1024,64,98,3.76458e+06,0,0,0,0,1,1983,0,0,1034,3708,0,0,0,0,0,0,0,0,1299,-1300,0,0,130
2545.11,0,0,0,0,100,3133,1.62303,0.0137019,1.63696,60,0,24,24,27,0,-2,0,0,0,44,3731,4295,996,175,27,570,34925,33014,106,1024,64,98,3.71608e+06,0,0,0,0,1,1067,0,1090,1010,3749,0,0,0,0,0,0,0,0,1299,-1290,0,0,130
2545.12,0,0,0,0,100,3140,1.62224,0.0136875,1.63754,60,0,24,24,27,0,-2,0,0,0,44,3731,4295,985,175,27,570,34925,33014,106,1024,64,98,3.67504e+06,0,0,0,0,1,0,443,1737,1002,3708,0,0,0,0,0,0,0,0,1299,-1370,0,0,130
2545.13,0,0,0,0,100,3140,1.62145,0.013673,1.63813,60,0,24,24,27,0,-2,0,0,0,44,3731,4295,985,175,27,570,34925,33014,106,1024,64,98,3.67504e+06,0,0,0,0,1,0,443,1737,1002,3708,0,0,0,0,0,0,0,0,1299,-1299,0,0,130
2545.14,0,0,0,0,100,3156,1.62066,0.0136586,1.63871,60,0,24,24,27,0,-2,0,0,0,44,3719,4295,986,175,27,570,34925,33014,106,1024,64,98,3.66693e+06,0,0,0,0,1,259,1781,0,1009,3736,0,0,0,0,0,0,0,0,1299,-1299,0,0,130
2545.15,0,0,0,0,100,3164,1.61987,0.0136441,1.63929,60,0,24,24,27,0,-2,0,0,0,44,3733,4295,995,175,27,570,34925,33014,106,1024,64,98,3.71434e+06,0,0,0,0,1,1833,0,211,1027,3753,0,0,0,0,0,0,0,0,1299,-1323,0,0,130
2545.16,0,0,0,0,100,3154,1.61909,0.0136297,1.63988,60,0,24,24,27,0,-2,0,0,0,44,3733,4295,1017,175,27,570,34925,33014,106,1024,64,98,3.79646e+06,0,0,0,0,1,0,32,1981,1049,3699,0,0,0,0,0,0,0,0,1299,-1327,0,0,130
2545.17,0,0,0,0,100,3147,1.6183,0.0136153,1.64046,60,0,24,24,27,0,-2,0,0,0,44,3733,4295,1017,175,27,570,34925,33014,106,1024,64,98,3.79646e+06,0,0,0,0,1,0,2029,0,1024,3740,0,0,0,0,0,0,0,0,1299,-1228,0,0,130
2545.18,0,0,0,0,100,3146,1.61751,0.0136008,1.64105,60,0,24,24,27,0,-2,0,0,0,44,3717,4295,1010,175,27,570,34925,33014,106,1024,64,98,3.75417e+06,0,0,0,0,1,2219,0,0,1010,3727,0,0,0,0,0,0,0,0,1299,-1303,0,0,130
2545.19,0,0,0,0,100,3146,1.61672,0.0135864,1.64163,60,0,24,24,27,0,-2,0,0,0,44,3717,4295,1000,175,28,570,34925,33014,106,1024,64,98,3.717e+06,0,0,0,0,1,2219,0,0,1010,3684,0,0,0,0,0,0,0,0,1299,-1328,0,0,130
2545.2,0,0,0,0,100,3153,1.61593,0.013572,1.64222,60,0,24,24,28,0,-2,0,0,0,44,3717,4295,997,175,28,570,34810,32659,106,1024,39,98,3.70585e+06,0,0,0,0,1,0,0,2201,1009,3684,0,0,0,0,0,0,0,0,1299,-1328,0,0,130
2545.21,0,0,0,0,100,3166,1.61577,0.0135835,1.64183,60,0,24,24,28,0,-2,0,0,0,44,3717,4295,997,175,28,570,34810,32659,106,1024,39,98,3.70585e+06,0,0,0,0,1,0,2152,0,1012,3744,0,0,0,0,0,0,0,0,1299,-1309,0,0,130
2545.22,0,0,0,0,100,3173,1.61561,0.0135949,1.64144,60,0,24,24,28,0,-2,0,0,0,44,3723,4295,996,175,28,570,34810,32659,106,1024,39,98,3.70811e+06,0,0,0,0,1,2217,0,0,1028,3710,0,0,0,0,0,0,0,0,1299,-1324,0,0,130
2545.23,0,0,0,0,100,3173,1.61545,0.0136064,1.64105,60,0,24,24,28,0,-2,0,0,0,44,3726,4295,1007,175,28,570,34810,32659,106,1024,39,98,3.75208e+06,0,0,0,0,1,0,0,2289,1042,3686,0,0,0,0,0,0,0,0,1299,-1318,0,0,130
2545.24,0,0,0,0,100,3168,1.61529,0.0136179,1.64066,60,0,24,24,28,0,-2,0,0,0,44,3726,4295,1018,175,28,570,34810,32659,106,1024,39,98,3.79307e+06,0,0,0,0,1,0,2240,0,1037,3742,0,0,0,0,0,0,0,0,1299,-1311,0,0,130
2545.25,0,0,0,0,100,3168,1.61513,0.0136294,1.64027,60,0,24,24,28,0,-2,0,0,0,44,3726,4295,1018,175,28,570,34810,32659,106,1024,39,98,3.79307e+06,0,0,0,0,1,0,2240,0,1037,3742,0,0,0,0,0,0,0,0,1299,-1265,0,0,130
2545.26,0,0,0,0,100,3161,1.61496,0.0136409,1.63988,60,0,24,24,28,0,-2,0,0,0,44,3719,4295,1018,175,28,570,34810,32659,106,1024,39,98,3.78594e+06,0,0,0,0,1,2110,0,0,1034,3733,0,0,0,0,0,0,0,0,1299,-1265,0,0,130
2545.27,0,0,0,0,100,3165,1.6148,0.0136524,1.63949,60,0,24,24,28,0,-2,0,0,0,44,3719,4295,1012,175,28,570,34810,32659,106,1024,39,98,3.76363e+06,0,0,0,0,1,0,0,2145,1008,3701,0,0,0,0,0,0,0,0,1299,-1285,0,0,130
2545.28,0,0,0,0,100,3184,1.61464,0.0136638,1.6391,60,0,24,24,28,0,-2,0,0,0,44,3715,4295,1007,175,28,570,34810,32659,106,1024,39,98,3.741e+06,0,0,0,0,1,0,2111,0,995,3755,0,0,0,0,0,0,0,0,1299,-1234,0,0,130
2545.29,0,0,0,0,100,3196,1.61448,0.0136753,1.63871,60,0,24,24,28,0,-2,0,0,0,44,3715,4295,1007,175,28,570,34810,32659,106,1024,39,98,3.741e+06,0,0,0,0,1,1909,0,0,1037,3747,0,0,0,0,0,0,0,0,1299,-1277,0,0,130
2545.3,0,0,0,0,100,3196,1.61432,0.0136868,1.63833,60,0,24,24,28,0,-2,0,0,0,45,3720,4295,1010,175,28,570,34819,32929,106,1024,68,98,3.7572e+06,0,0,0,0,1,0,646,1694,1055,3688,0,0,0,0,0,0,0,0,1299,-1394,0,0,130
2545.31,0,0,0,0,100,3196,1.61438,0.0136702,1.63807,60,0,24,24,28,0,-2,0,0,0,45,3720,4295,1030,175,28,570,34819,32929,106,1024,68,98,3.8316e+06,0,0,0,0,1,0,646,1694,1055,3718,0,0,0,0,0,0,0,0,1299,-1343,0,0,130
2545.32,0,0,0,0,100,3186,1.61443,0.0136537,1.63781,60,0,24,24,28,0,-2,0,0,0,45,3720,4295,1032,175,28,570,34819,32929,106,1024,68,98,3.83904e+06,0,0,0,0,1,1141,1160,0,1049,3718,0,0,0,0,0,0,0,0,1299,-1343,0,0,130
2545.33,0,0,0,0,100,3182,1.61449,0.0136371,1.63755,60,0,24,24,28,0,-2,0,0,0,45,3720,4295,1032,175,28,570,34819,32929,106,1024,68,98,3.83904e+06,0,0,0,0,1,532,0,1520,1032,3699,0,0,0,0,0,0,0,0,1299,-1267,0,0,130
2545.34,0,0,0,0,100,3191,1.61455,0.0136206,1.63729,60,0,24,24,28,0,-2,0,0,0,45,3713,4295,1001,175,28,570,34819,32929,106,1024,68,98,3.71671e+06,0,0,0,0,1,0,1960,0,1012,3747,0,0,0,0,0,0,0,0,1299,-1274,0,0,130
2545.35,0,0,0,0,100,3207,1.61461,0.013604,1.63703,60,0,24,24,28,0,-2,0,0,0,45,3713,4295,998,175,28,570,34819,32929,106,1024,68,98,3.70557e+06,0,0,0,0,1,2219,0,0,1025,3718,0,0,0,0,0,0,0,0,1299,-1298,0,0,130
2545.36,0,0,0,0,100,3217,1.61466,0.0135874,1.63677,60,0,24,24,28,0,-2,0,0,0,45,3713,4295,998,175,28,570,34819,32929,106,1024,68,98,3.70557e+06,0,0,0,0,1,0,306,1801,1040,3699,0,0,0,0,0,0,0,0,1299,-1321,0,0,130
2545.37,0,0,0,0,100,3217,1.61472,0.0135709,1.63652,60,0,24,24,28,0,-2,0,0,0,45,3713,4295,998,175,28,570,34819,32929,106,1024,68,98,3.70557e+06,0,0,0,0,1,0,306,1801,1040,3716,0,0,0,0,0,0,0,0,1299,-1251,0,0,130
2545.38,0,0,0,0,100,3221,1.61478,0.0135543,1.63626,60,0,24,24,28,0,-2,0,0,0,45,3720,4295,1020,175,28,570,34819,32929,106,1024,68,98,3.7944e+06,0,0,0,0,1,1593,441,0,1047,3716,0,0,0,0,0,0,0,0,1299,-1251,0,0,130
2545.39,0,0,0,0,100,3212,1.61484,0.0135378,1.636,60,0,24,24,28,0,-2,0,0,0,45,3720,4295,1037,175,28,570,34819,32929,106,1024,68,98,3.85764e+06,0,0,0,0,1,0,0,2213,1064,3669,0,0,0,0,0,0,0,0,1299,-1349,0,0,130
2545.4,0,0,0,0,100,3204,1.61489,0.0135212,1.63574,60,0,24,24,28,0,-2,0,0,0,44,3720,4295,1040,175,26,570,34791,32712,106,1024,64,98,3.8688e+06,0,0,0,0,1,0,1943,0,1051,3731,0,0,0,0,0,0,0,0,1299,-1219,0,0,130
2545.41,0,0,0,0,100,3203,1.61574,0.013522,1.63577,60,0,24,24,28,0,-2,0,0,0,44,3720,4295,1040,175,26,570,34791,32712,106,1024,64,98,3.8688e+06,0,0,0,0,1,1774,0,401,1030,3766,0,0,0,0,0,0,0,0,1299,-1358,0,0,130
2545.42,0,0,0,0,100,3217,1.61659,0.0135229,1.6358,60,0,24,24,28,0,-2,0,0,0,44,3709,4295,1012,175,26,570,34791,32712,106,1024,64,98,3.75351e+06,0,0,0,0,1,0,1578,446,1015,3731,0,0,0,0,0,0,0,0,1299,-1297,0,0,130
2545.43,0,0,0,0,100,3217,1.61745,0.0135237,1.63582,60,0,24,24,28,0,-2,0,0,0,44,3709,4295,1009,175,26,570,34791,32712,106,1024,64,98,3.74238e+06,0,0,0,0,1,0,1578,446,1015,3731,0,0,0,0,0,0,0,0,1299,-1249,0,0,130
2545.44,0,0,0,0,100,3235,1.6183,0.0135245,1.63585,60,0,24,24,28,0,-2,0,0,0,44,3714,4295,987,175,26,570,34791,32712,106,1024,64,98,3.66572e+06,0,0,0,0,1,2099,0,0,1029,3727,0,0,0,0,0,0,0,0,1299,-1249,0,0,130
2545.45,0,0,0,0,100,3242,1.61915,0.0135253,1.63588,60,0,24,24,28,0,-2,0,0,0,44,3714,4295,987,175,26,570,34791,32712,106,1024,64,98,3.66572e+06,0,0,0,0,1,0,964,1356,1059,3695,0,0,0,0,0,0,0,0,1299,-1265,0,0,130
2545.46,0,0,0,0,100,3227,1.62,0.0135262,1.63591,60,0,24,24,28,0,-2,0,0,0,44,3721,4295,1042,175,26,570,34791,32712,106,1024,64,98,3.87728e+06,0,0,0,0,1,2247,0,0,1079,3706,0,0,0,0,0,0,0,0,1299,-1289,0,0,130
2545.47,0,0,0,0,100,3219,1.62085,0.013527,1.63593,60,0,24,24,28,0,-2,0,0,0,44,3721,4295,1052,175,26,570,34791,32712,106,1024,64,98,3.91449e+06,0,0,0,0,1,0,400,1785,1053,3695,0,0,0,0,0,0,0,0,1299,-1352,0,0,130
2545.48,0,0,0,0,100,3221,1.6217,0.0135278,1.63596,60,0,24,24,28,0,-2,0,0,0,44,3721,4295,1042,175,26,570,34791,32712,106,1024,64,98,3.87728e+06,0,0,0,0,1,1659,292,0,1034,3716,0,0,0,0,0,0,0,0,1299,-1230,0,0,130
2545.49,0,0,0,0,100,3221,1.62255,0.0135287,1.63599,60,0,24,24,28,0,-2,0,0,0,44,3721,4295,1042,175,26,570,34791,32712,106,1024,64,98,3.87728e+06,0,0,0,0,1,1659,292,0,1034,3716,0,0,0,0,0,0,0,0,1299,-1237,0,0,130
2545.5,0,0,0,0,100,3231,1.6234,0.0135295,1.63602,60,0,24,24,28,0,-2,0,0,0,44,3700,4290,1010,175,26,570,34699,32713,106,1024,68,98,3.737e+06,0,0,0,0,1,0,0,2110,1025,3708,0,0,0,0,0,0,0,0,1299,-1237,0,0,130
2545.51,0,0,0,0,100,3243,1.62241,0.0135198,1.63646,60,0,24,24,28,0,-2,0,0,0,44,3700,4290,1004,175,26,570,34699,32713,106,1024,68,98,3.7148e+06,0,0,0,0,1,1497,476,0,1034,3721,0,0,0,0,0,0,0,0,1299,-1204,0,0,130
2545.52,0,0,0,0,100,3244,1.62142,0.0135102,1.6369,60,0,24,24,28,0,-2,0,0,0,44,3716,4290,1009,175,26,570,34699,32713,106,1024,68,98,3.74944e+06,0,0,0,0,1,0,0,2236,1053,3680,0,0,0,0,0,0,0,0,1299,-1306,0,0,130
2545.53,0,0,0,0,100,3239,1.62043,0.0135005,1.63733,60,0,24,24,28,0,-2,0,0,0,44,3716,4290,1009,175,26,570,34699,32713,106,1024,68,98,3.74944e+06,0,0,0,0,1,692,1672,0,1077,3699,0,0,0,0,0,0,0,0,1299,-1420,0,0,130
2545.54,0,0,0,0,100,3232,1.61944,0.0134909,1.63777,60,0,24,24,28,0,-2,0,0,0,44,3713,4290,1050,175,26,570,34699,32713,106,1024,68,98,3.89865e+06,0,0,0,0,1,0,0,2118,1062,3660,0,0,0,0,0,0,0,0,1299,-1347,0,0,130
2545.55,0,0,0,0,100,3232,1.61845,0.0134813,1.63821,60,0,24,24,28,0,-2,0,0,0,44,3713,4290,1048,175,26,570,34699,32713,106,1024,68,98,3.89122e+06,0,0,0,0,1,0,0,2118,1062,3660,0,0,0,0,0,0,0,0,1299,-1217,0,0,130
2545.56,0,0,0,0,100,3227,1.61746,0.0134716,1.63865,60,0,24,24,28,0,-2,0,0,0,44,3713,4290,1042,175,26,570,34699,32713,106,1024,68,98,3.86895e+06,0,0,0,0,1,0,1902,0,1041,3731,0,0,0,0,0,0,0,0,1299,-1217,0,0,130
2545.57,0,0,0,0,100,3237,1.61646,0.013462,1.63909,60,0,24,24,28,0,-2,0,0,0,44,3713,4290,1042,175,26,570,34699,32713,106,1024,68,98,3.86895e+06,0,0,0,0,1,858,0,1266,1020,3708,0,0,0,0,0,0,0,0,1299,-1260,0,0,130
2545.58,0,0,0,0,100,3254,1.61547,0.0134523,1.63953,60,0,24,24,28,0,-2,0,0,0,44,3705,4290,1002,175,26,570,34699,32713,106,1024,68,98,3.71241e+06,0,0,0,0,1,0,2013,0,1029,3744,0,0,0,0,0,0,0,0,1299,-1208,0,0,130
2545.59,0,0,0,0,100,3259,1.61448,0.0134427,1.63997,60,0,24,24,28,0,-2,0,0,0,44,3709,4290,998,175,26,570,34699,32713,106,1024,68,98,3.70158e+06,0,0,0,0,1,303,0,1696,1069,3690,0,0,0,0,0,0,0,0,1299,-1271,0,0,130
2545.6,0,0,0,0,100,3250,1.61349,0.013433,1.64041,60,0,24,24,28,0,-2,0,0,0,45,3709,4290,1031,175,26,570,34727,32620,106,1024,67,98,3.82398e+06,0,0,0,0,1,0,1918,0,1078,3712,0,0,0,0,0,0,0,0,1299,-1242,0,0,130
2545.61,0,0,0,0,100,3250,1.61356,0.0134322,1.63999,60,0,24,24,28,0,-2,0,0,0,45,3709,4290,1031,175,27,570,34727,32620,106,1024,67,98,3.82398e+06,0,0,0,0,1,0,1918,0,1078,3703,0,0,0,0,0,0,0,0,1299,-1258,0,0,130
2545.62,0,0,0,0,100,3237,1.61362,0.0134314,1.63957,60,0,24,24,28,0,-2,0,0,0,45,3717,4290,1056,175,27,570,34727,32620,106,1024,67,98,3.92515e+06,0,0,0,0,1,667,0,1439,1059,3703,0,0,0,0,0,0,0,0,1299,-1258,0,0,130
2545.63,0,0,0,0,100,3238,1.61369,0.0134306,1.63916,60,0,24,24,28,0,-2,0,0,0,45,3717,4290,1046,175,27,570,34727,32620,106,1024,67,98,3.88798e+06,0,0,0,0,1,0,2113,0,1031,3740,0,0,0,0,0,0,0,0,1299,-1237,0,0,130
2545.64,0,0,0,0,100,3254,1.61376,0.0134298,1.63874,60,0,24,24,28,0,-2,0,0,0,45,3717,4290,1032,175,27,570,34727,32620,106,1024,67,98,3.83594e+06,0,0,0,0,1,1192,0,1067,1031,3714,0,0,0,0,0,0,0,0,1299,-1334,0,0,130
2545.65,0,0,0,0,100,3268,1.61382,0.013429,1.63832,60,0,24,24,28,0,-2,0,0,0,45,3717,4290,1032,175,27,570,34727,32620,106,1024,67,98,3.83594e+06,0,0,0,0,1,0,1921,0,1045,3712,0,0,0,0,0,0,0,0,1299,-1214,0,0,130
2545.66,0,0,0,0,100,3274,1.61389,0.0134282,1.6379,60,0,24,24,28,0,-2,0,0,0,45,3701,4290,1035,175,27,570,34727,32620,106,1024,67,98,3.83054e+06,0,0,0,0,1,0,0,2098,1065,3663,0,0,0,0,0,0,0,0,1299,-1306,0,0,130
2545.67,0,0,0,0,100,3274,1.61396,0.0134274,1.63748,60,0,24,24,28,0,-2,0,0,0,45,3711,4290,1042,175,27,570,34727,32620,106,1024,67,98,3.86686e+06,0,0,0,0,1,0,0,2098,1065,3690,0,0,0,0,0,0,0,0,1299,-1367,0,0,130
2545.68,0,0,0,0,100,3270,1.61402,0.0134266,1.63707,60,0,24,24,28,0,-2,0,0,0,45,3711,4290,1054,175,27,570,34727,32620,106,1024,67,98,3.91139e+06,0,0,0,0,1,743,1550,0,1078,3690,0,0,0,0,0,0,0,0,1299,-1367,0,0,130
2545.69,0,0,0,0,100,3259,1.61409,0.0134258,1.63665,60,0,24,24,28,0,-2,0,0,0,45,3711,4290,1054,175,27,570,34727,32620,106,1024,67,98,3.91139e+06,0,0,0,0,1,0,0,2276,1069,3660,0,0,0,0,0,0,0,0,1299,-1322,0,0,130
2545.7,0,0,0,0,100,3255,1.61416,0.013425,1.63623,60,0,24,24,28,0,-2,0,0,0,45,3705,4290,1050,175,27,570,34678,32585,105,1024,48,98,3.89025e+06,0,0,0,0,1,1003,1281,0,1056,3706,0,0,0,0,0,0,0,0,1299,-1333,0,0,130
2545.71,0,0,0,0,100,3267,1.61438,0.0134294,1.63624,60,0,24,24,28,0,-2,0,0,0,45,3705,4291,1050,175,28,570,34678,32585,105,1024,48,98,3.89025e+06,0,0,0,0,1,0,0,1996,1025,3714,0,0,0,0,0,0,0,0,1299,-1185,0,0,130
2545.72,0,0,0,0,100,3288,1.61461,0.0134339,1.63625,60,0,24,24,28,0,-2,0,0,0,45,3705,4291,1041,175,28,570,34678,32585,105,1024,48,98,3.8569e+06,0,0,0,0,1,2128,0,0,1045,3686,0,0,0,0,0,0,0,0,1299,-1332,0,0,130
2545.73,0,0,0,0,100,3288,1.61484,0.0134383,1.63626,60,0,24,24,28,0,-2,0,0,0,45,3705,4291,1041,175,28,570,34678,32585,105,1024,48,98,3.8569e+06,0,0,0,0,1,2128,0,0,1045,3708,0,0,0,0,0,0,0,0,1299,-1252,0,0,130
2545.74,0,0,0,0,100,3300,1.61507,0.0134428,1.63627,60,0,24,24,28,0,-2,0,0,0,45,3700,4291,1039,175,28,570,34678,32585,105,1024,48,98,3.8443e+06,0,0,0,0,1,0,1603,457,1070,3708,0,0,0,0,0,0,0,0,1299,-1252,0,0,130
2545.75,0,0,0,0,100,3291,1.6153,0.0134473,1.63627,60,0,24,24,28,0,-2,0,0,0,45,3710,4291,1045,175,28,570,34678,32585,105,1024,48,98,3.87695e+06,0,0,0,0,1,1812,0,541,1105,3731,0,0,0,0,0,0,0,0,1299,-1451,0,0,130
2545.76,0,0,0,0,100,3278,1.61553,0.0134517,1.63628,60,0,24,24,28,0,-2,0,0,0,45,3710,4291,1053,175,28,570,34678,32585,105,1024,48,98,3.90663e+06,0,0,0,0,1,0,1843,0,1072,3716,0,0,0,0,0,0,0,0,1299,-1232,0,0,130
2545.77,0,0,0,0,100,3278,1.61576,0.0134562,1.63629,60,0,24,24,28,0,-2,0,0,0,45,3710,4291,1053,175,28,570,34678,32585,105,1024,48,98,3.90663e+06,0,0,0,0,1,0,0,2000,1056,3658,0,0,0,0,0,0,0,0,1299,-1277,0,0,130
2545.78,0,0,0,0,100,3291,1.61599,0.0134606,1.6363,60,0,24,24,28,0,-2,0,0,0,45,3691,4291,1056,175,28,570,34678,32585,105,1024,48,98,3.8977e+06,0,0,0,0,1,821,1380,0,1037,3712,0,0,0,0,0,0,0,0,1299,-1298,0,0,130
2545.79,0,0,0,0,100,3291,1.61622,0.0134651,1.63631,60,0,24,24,28,0,-2,0,0,0,45,3691,4291,1054,175,28,570,34678,32585,105,1024,48,98,3.89031e+06,0,0,0,0,1,821,1380,0,1037,3684,0,0,0,0,0,0,0,0,1299,-1326,0,0,130
2545.8,0,0,0,0,100,3305,1.61645,0.0134696,1.63632,60,0,24,24,28,0,-2,0,0,0,44,3691,4291,1042,175,28,570,34637,32514,106,1024,65,98,3.84602e+06,0,0,0,0,1,0,275,1879,1057,3684,0,0,0,0,0,0,0,0,1299,-1326,0,0,130
2545.81,0,0,0,0,100,3310,1.61643,0.0134699,1.63622,60,0,24,24,28,0,-2,0,0,0,44,3691,4291,1042,175,28,570,34637,32514,106,1024,65,98,3.84602e+06,0,0,0,0,1,1885,0,0,1078,3714,0,0,0,0,0,0,0,0,1299,-1221,0,0,130
2545.82,0,0,0,0,100,3306,1.61642,0.0134702,1.63612,60,0,24,24,28,0,-2,0,0,0,44,3708,4291,1058,175,28,570,34637,32514,106,1024,65,98,3.92306e+06,0,0,0,0,1,0,2220,0,1092,3712,0,0,0,0,0,0,0,0,1299,-1298,0,0,130
2545.83,0,0,0,0,100,3296,1.6164,0.0134705,1.63603,60,0,24,24,28,0,-2,0,0,0,44,3708,4291,1065,175,28,570,34637,32514,106,1024,65,98,3.94902e+06,0,0,0,0,1,0,0,2061,1081,3666,0,0,0,0,0,0,0,0,1299,-1298,0,0,130
2545.84,0,0,0,0,100,3292,1.61639,0.0134708,1.63593,60,0,24,24,28,0,-2,0,0,0,44,3708,4291,1070,175,28,570,34637,32514,106,1024,65,98,3.96756e+06,0,0,0,0,1,1138,1134,0,1067,3706,0,0,0,0,0,0,0,0,1299,-1324,0,0,130
2545.85,0,0,0,0,100,3292,1.61638,0.0134712,1.63583,60,0,24,24,28,0,-2,0,0,0,44,3708,4291,1070,175,28,570,34637,32514,106,1024,65,98,3.96756e+06,0,0,0,0,1,1138,1134,0,1067,3697,0,0,0,0,0,0,0,0,1299,-1348,0,0,130
2545.86,0,0,0,0,100,3302,1.61636,0.0134715,1.63574,60,0,24,24,28,0,-2,0,0,0,44,3696,4291,1061,175,28,570,34637,32514,106,1024,65,98,3.92146e+06,0,0,0,0,1,0,355,1735,1043,3697,0,0,0,0,0,0,0,0,1299,-1348,0,0,130
2545.87,0,0,0,0,100,3319,1.61635,0.0134718,1.63564,60,0,24,24,28,0,-2,0,0,0,44,3696,4297,1041,175,28,570,34637,32514,106,1024,65,98,3.84754e+06,0,0,0,0,1,1872,0,120,1070,3738,0,0,0,0,0,0,0,0,1299,-1319,0,0,130
2545.88,0,0,0,0,100,3325,1.61634,0.0134721,1.63554,60,0,24,24,28,0,-2,0,0,0,44,3697,4297,1040,175,28,570,34637,32514,106,1024,65,98,3.84488e+06,0,0,0,0,1,63,1853,0,1084,3708,0,0,0,0,0,0,0,0,1299,-1269,0,0,130
2545.89,0,0,0,0,100,3315,1.61632,0.0134724,1.63545,60,0,24,24,28,0,-2,0,0,0,44,3697,4297,1040,175,28,570,34637,32514,106,1024,65,98,3.84488e+06,0,0,0,0,1,0,0,2088,1105,3666,0,0,0,0,0,0,0,0,1299,-1273,0,0,130
2545.9,0,0,0,0,100,3299,1.61631,0.0134728,1.63535,60,0,24,24,28,0,-2,0,0,0,45,3697,4297,1064,175,28,570,34647,32685,106,1024,68,98,3.93361e+06,0,0,0,0,1,2173,0,0,1084,3686,0,0,0,0,0,0,0,0,1299,-1295,0,0,130
2545.91,0,0,0,0,100,3299,1.61666,0.0134761,1.63544,60,0,24,24,28,0,-2,0,0,0,45,3706,4297,1076,175,28,570,34647,32685,106,1024,68,98,3.98766e+06,0,0,0,0,1,2173,0,0,1084,3686,0,0,0,0,0,0,0,0,1299,-1252,0,0,130
2545.92,0,0,0,0,100,3299,1.61701,0.0134794,1.63553,60,0,24,24,28,0,-2,0,0,0,45,3706,4297,1078,175,26,570,34647,32685,106,1024,68,98,3.99507e+06,0,0,0,0,1,0,1830,10,1053,3725,0,0,0,0,0,0,0,0,1299,-1252,0,0,130
2545.93,0,0,0,0,100,3315,1.61736,0.0134827,1.63562,60,0,24,24,28,0,-2,0,0,0,45,3706,4297,1078,175,26,570,34647,32685,106,1024,68,98,3.99507e+06,0,0,0,0,1,764,0,1322,1033,3695,0,0,0,0,0,0,0,0,1299,-1249,0,0,130
2545.94,0,0,0,0,100,3329,1.61771,0.013486,1.63571,60,0,24,24,28,0,-2,0,0,0,45,3682,4297,1039,175,26,570,34647,32685,106,1024,68,98,3.8256e+06,0,0,0,0,1,1218,1007,0,1067,3706,0,0,0,0,0,0,0,0,1299,-1296,0,0,130
2545.95,0,0,0,0,100,3335,1.61806,0.0134893,1.63581,60,0,24,24,28,0,-2,0,0,0,45,3682,4297,1030,175,26,570,34647,32685,106,1024,68,98,3.79246e+06,0,0,0,0,1,0,1279,985,1081,3682,0,0,0,0,0,0,0,0,1299,-1283,0,0,130
2545.96,0,0,0,0,100,3328,1.61841,0.0134927,1.6359,60,0,24,24,28,0,-2,0,0,0,45,3682,4297,1059,175,26,570,34647,32685,106,1024,68,98,3.89924e+06,0,0,0,0,1,1091,0,1178,1109,3682,0,0,0,0,0,0,0,0,1299,-1304,0,0,130
2545.97,0,0,0,0,100,3328,1.61876,0.013496,1.63599,60,0,24,24,28,0,-2,0,0,0,45,3682,4297,1059,175,26,570,34647,32685,106,1024,68,98,3.89924e+06,0,0,0,0,1,1091,0,1178,1109,3682,0,0,0,0,0,0,0,0,1299,-1316,0,0,130
2545.98,0,0,0,0,100,3313,1.61911,0.0134993,1.63608,60,0,24,24,28,0,-2,0,0,0,45,3703,4297,1080,175,26,570,34647,32685,106,1024,68,98,3.99924e+06,0,0,0,0,1,731,1585,0,1092,3692,0,0,0,0,0,0,0,0,1299,-1316,0,0,130
2545.99,0,0,0,0,100,3309,1.61946,0.0135026,1.63617,60,0,24,24,28,0,-2,0,0,0,45,3688,4297,1084,175,26,570,34647,32685,106,1024,68,98,3.99779e+06,0,0,0,0,1,0,632,1666,1067,3684,0,0,0,0,0,0,0,0,1299,-1375,0,0,130
2546,0,0,0,0,100,3323,1.61981,0.0135059,1.63626,60,0,24,24,28,0,-2,0,0,0,45,3688,4297,1074,175,26,570,34547,32521,106,1024,68,98,3.96091e+06,0,0,0,0,1,1737,0,361,1042,3753,0,0,0,0,0,0,0,0,1299,-1332,0,0,130
2546.01,0,0,0,0,100,3344,1.61844,0.0134932,1.63634,60,0,24,24,28,0,-2,0,0,0,45,3688,4297,1074,175,26,570,34547,32521,106,1024,68,98,3.96091e+06,0,0,0,0,1,1104,1113,0,1059,3710,0,0,0,0,0,0,0,0,1299,-1291,0,0,130
2546.02,0,0,0,0,100,3352,1.61707,0.0134805,1.63642,60,0,24,24,28,0,-2,0,0,0,45,3682,4297,1035,175,27,570,34547,32521,106,1024,68,98,3.81087e+06,0,0,0,0,1,0,1051,1223,1089,3680,0,0,0,0,0,0,0,0,1299,-1317,0,0,130
2546.03,0,0,0,0,100,3352,1.6157,0.0134678,1.6365,60,0,24,24,28,0,-2,0,0,0,45,3682,4297,1041,175,27,570,34547,32521,106,1024,68,98,3.83296e+06,0,0,0,0,1,0,1051,1223,1089,3673,0,0,0,0,0,0,0,0,1299,-1297,0,0,130
2546.04,0,0,0,0,100,3342,1.61433,0.0134551,1.63658,60,0,24,24,28,0,-2,0,0,0,45,3697,4297,1048,175,27,570,34547,32521,106,1024,68,98,3.87446e+06,0,0,0,0,1,700,0,1459,1107,3673,0,0,0,0,0,0,0,0,1299,-1297,0,0,130
2546.05,0,0,0,0,100,3329,1.61296,0.0134424,1.63666,60,0,24,24,28,0,-2,0,0,0,45,3697,4297,1048,175,27,570,34547,32521,106,1024,68,98,3.87446e+06,0,0,0,0,1,1243,990,0,1090,3688,0,0,0,0,0,0,0,0,1299,-1307,0,0,130
2546.06,0,0,0,0,100,3331,1.61159,0.0134297,1.63674,60,0,24,24,28,0,-2,0,0,0,45,3697,4297,1094,175,27,570,34547,32521,106,1024,68,98,4.04452e+06,0,0,0,0,1,0,1092,1129,1065,3686,0,0,0,0,0,0,0,0,1299,-1291,0,0,130
2546.07,0,0,0,0,100,3346,1.61022,0.0134169,1.63682,60,0,24,24,28,0,-2,0,0,0,45,3688,4297,1083,175,27,570,34547,32521,106,1024,68,98,3.9941e+06,0,0,0,0,1,538,0,1450,1050,3690,0,0,0,0,0,0,0,0,1299,-1230,0,0,130
2546.08,0,0,0,0,100,3361,1.60885,0.0134042,1.6369,60,0,24,24,28,0,-2,0,0,0,45,3688,4297,1070,175,27,570,34547,32521,106,1024,68,98,3.94616e+06,0,0,0,0,1,2063,0,0,1075,3680,0,0,0,0,0,0,0,0,1299,-1326,0,0,130
2546.09,0,0,0,0,100,3361,1.60748,0.0133915,1.63698,60,0,24,24,28,0,-2,0,0,0,45,3688,4297,1070,175,27,570,34547,32521,106,1024,68,98,3.94616e+06,0,0,0,0,1,2063,0,0,1075,3680,0,0,0,0,0,0,0,0,1299,-1297,0,0,130
2546.1,0,0,0,0,100,3367,1.60611,0.0133788,1.63705,60,0,24,24,28,0,-2,0,0,0,46,3690,4297,1059,175,27,570,34556,32371,106,1024,65,98,3.90771e+06,0,0,0,0,1,0,2217,0,1100,3712,0,0,0,0,0,0,0,0,1299,-1297,0,0,130
2546.11,0,0,0,0,100,3362,1.60622,0.0133937,1.63689,60,0,24,24,28,0,-2,0,0,0,46,3690,4297,1084,175,27,570,34556,32371,106,1024,65,98,3.99996e+06,0,0,0,0,1,0,0,2006,1108,3666,0,0,0,0,0,0,0,0,1299,-1268,0,0,130
2546.12,0,0,0,0,100,3353,1.60632,0.0134087,1.63672,60,0,24,24,28,0,-2,0,0,0,46,3690,4297,1089,175,27,570,34556,32371,106,1024,65,98,4.01841e+06,0,0,0,0,1,1944,0,262,1104,3725,0,0,0,0,0,0,0,0,1299,-1391,0,0,130
2546.13,0,0,0,0,100,3352,1.60643,0.0134236,1.63656,60,0,24,24,28,0,-2,0,0,0,46,3690,4297,1089,175,27,570,34556,32371,106,1024,65,98,4.01841e+06,0,0,0,0,1,599,1661,0,1088,3682,0,0,0,0,0,0,0,0,1299,-1368,0,0,130
2546.14,0,0,0,0,100,3369,1.60653,0.0134385,1.63639,60,0,24,24,28,0,-2,0,0,0,46,3690,4300,1090,175,27,570,34556,32371,106,1024,65,98,4.0221e+06,0,0,0,0,1,0,1408,672,1056,3688,0,0,0,0,0,0,0,0,1299,-1255,0,0,130
2546.15,0,0,0,0,100,3369,1.60664,0.0134534,1.63623,60,0,24,24,28,0,-2,0,0,0,46,3682,4300,1075,175,27,570,34556,32371,106,1024,65,98,3.95815e+06,0,0,0,0,1,0,1408,672,1056,3643,0,0,0,0,0,0,0,0,1299,-1275,0,0,130
2546.16,0,0,0,0,100,3385,1.60675,0.0134683,1.63606,60,0,24,24,28,0,-2,0,0,0,46,3682,4300,1061,175,27,570,34556,32371,106,1024,65,98,3.9066e+06,0,0,0,0,1,0,0,2170,1074,3643,0,0,0,0,0,0,0,0,1299,-1275,0,0,130
2546.17,0,0,0,0,100,3388,1.60685,0.0134833,1.6359,60,0,24,24,28,0,-2,0,0,0,46,3682,4300,1061,175,27,570,34556,32371,106,1024,65,98,3.9066e+06,0,0,0,0,1,1935,0,141,1122,3718,0,0,0,0,0,0,0,0,1299,-1347,0,0,130
2546.18,0,0,0,0,100,3375,1.60696,0.0134982,1.63573,60,0,24,24,28,0,-2,0,0,0,46,3685,4300,1078,175,27,570,34556,32371,106,1024,65,98,3.97243e+06,0,0,0,0,1,1081,1216,0,1124,3682,0,0,0,0,0,0,0,0,1299,-1341,0,0,130
2546.19,0,0,0,0,100,3364,1.60706,0.0135131,1.63557,60,0,24,24,28,0,-2,0,0,0,46,3685,4304,1108,175,27,570,34556,32371,106,1024,65,98,4.08298e+06,0,0,0,0,1,0,1831,76,1096,3714,0,0,0,0,0,0,0,0,1299,-1255,0,0,130
2546.2,0,0,0,0,100,3370,1.60717,0.013528,1.6354,60,0,24,24,28,0,-2,0,0,0,46,3685,4304,1111,175,27,570,34532,32018,106,1024,65,98,4.09404e+06,0,0,0,0,1,0,0,2184,1067,3651,0,0,0,0,0,0,0,0,1299,-1294,0,0,130
2546.21,0,0,0,0,100,3370,1.60698,0.0135194,1.63536,60,0,24,24,28,0,-2,0,0,0,46,3685,4304,1111,175,27,570,34532,32018,106,1024,65,98,4.09404e+06,0,0,0,0,1,0,0,2184,1067,3727,0,0,0,0,0,0,0,0,1299,-1292,0,0,130
2546.22,0,0,0,0,100,3388,1.60678,0.0135109,1.63533,60,0,24,24,28,0,-2,0,0,0,46,3691,4304,1065,175,27,570,34532,32018,106,1024,65,98,3.93092e+06,0,0,0,0,1,1917,0,62,1075,3727,0,0,0,0,0,0,0,0,1299,-1292,0,0,130
2546.23,0,0,0,0,100,3399,1.60659,0.0135023,1.63529,60,0,24,24,28,0,-2,0,0,0,46,3675,4304,1063,175,27,570,34532,32018,106,1024,65,98,3.90652e+06,0,0,0,0,1,1575,406,0,1084,3688,0,0,0,0,0,0,0,0,1299,-1223,0,0,130
2546.24,0,0,0,0,100,3400,1.6064,0.0134937,1.63525,60,0,24,24,28,0,-2,0,0,0,46,3675,4304,1041,175,27,570,34532,32018,106,1024,65,98,3.82568e+06,0,0,0,0,1,0,2193,0,1114,3697,0,0,0,0,0,0,0,0,1299,-1285,0,0,130
2546.25,0,0,0,0,100,3386,1.6062,0.0134851,1.63521,60,0,24,24,28,0,-2,0,0,0,46,3675,4304,1041,175,27,570,34532,32018,106,1024,65,98,3.82568e+06,0,0,0,0,1,0,472,1779,1125,3641,0,0,0,0,0,0,0,0,1299,-1399,0,0,130
2546.26,0,0,0,0,100,3375,1.60601,0.0134765,1.63517,60,0,24,24,28,0,-2,0,0,0,46,3698,4304,1091,175,27,570,34532,32018,106,1024,65,98,4.03452e+06,0,0,0,0,1,0,0,1983,1097,3645,0,0,0,0,0,0,0,0,1299,-1319,0,0,130
2546.27,0,0,0,0,100,3375,1.60582,0.013468,1.63514,60,0,24,24,28,0,-2,0,0,0,46,3698,4304,1100,175,27,570,34532,32018,106,1024,65,98,4.0678e+06,0,0,0,0,1,0,0,1983,1097,3660,0,0,0,0,0,0,0,0,1299,-1357,0,0,130
2546.28,0,0,0,0,100,3376,1.60562,0.0134594,1.6351,60,0,24,24,28,0,-2,0,0,0,46,3698,4304,1112,175,27,570,34532,32018,106,1024,65,98,4.11218e+06,0,0,0,0,1,2219,0,0,1086,3660,0,0,0,0,0,0,0,0,1299,-1357,0,0,130
2546.29,0,0,0,0,100,3395,1.60543,0.0134508,1.63506,60,0,24,24,28,0,-2,0,0,0,46,3698,4304,1112,175,27,570,34532,32018,106,1024,65,98,4.11218e+06,0,0,0,0,1,65,1798,0,1061,3710,0,0,0,0,0,0,0,0,1299,-1234,0,0,130
2546.3,0,0,0,0,100,3410,1.60523,0.0134422,1.63502,60,0,24,24,29,0,-2,0,0,0,46,3673,4304,1081,175,27,570,34501,32310,106,1024,65,98,3.97051e+06,0,0,0,0,1,0,1767,102,1091,3710,0,0,0,0,0,0,0,0,1299,-1234,0,0,130
2546.31,0,0,0,0,100,3406,1.60527,0.0134461,1.63474,60,0,24,24,29,0,-2,0,0,0,46,3675,4304,1058,175,27,570,34501,32310,106,1024,65,98,3.88815e+06,0,0,0,0,1,0,0,2033,1144,3654,0,0,0,0,0,0,0,0,1299,-1252,0,0,130
2546.32,0,0,0,0,100,3390,1.6053,0.01345,1.63445,60,0,24,24,29,0,-2,0,0,0,46,3675,4304,1056,175,27,570,34501,32310,106,1024,65,98,3.8808e+06,0,0,0,0,1,1376,0,938,1121,3706,0,0,0,0,0,0,0,0,1299,-1357,0,0,130
2546.33,0,0,0,0,100,3390,1.60533,0.0134539,1.63417,60,0,24,24,29,0,-2,0,0,0,46,3675,4304,1056,175,26,570,34501,32310,106,1024,65,98,3.8808e+06,0,0,0,0,1,1376,0,938,1121,3666,0,0,0,0,0,0,0,0,1299,-1329,0,0,130
2546.34,0,0,0,0,100,3385,1.60536,0.0134578,1.63388,60,0,24,24,29,0,-2,0,0,0,46,3696,4304,1123,175,26,570,34501,32310,106,1024,65,98,4.15061e+06,0,0,0,0,1,2087,0,0,1090,3666,0,0,0,0,0,0,0,0,1299,-1329,0,0,130
2546.35,0,0,0,0,100,3393,1.6054,0.0134617,1.6336,60,0,24,24,29,0,-2,0,0,0,46,3696,4304,1113,175,26,570,34501,32310,106,1024,65,98,4.11365e+06,0,0,0,0,1,0,1896,0,1082,3703,0,0,0,0,0,0,0,0,1299,-1196,0,0,130
2546.36,0,0,0,0,100,3409,1.60543,0.0134656,1.63331,60,0,24,24,29,0,-2,0,0,0,46,3696,4304,1090,175,26,570,34501,32310,106,1024,65,98,4.02864e+06,0,0,0,0,1,0,1404,741,1092,3660,0,0,0,0,0,0,0,0,1299,-1282,0,0,130
2546.37,0,0,0,0,100,3416,1.60546,0.0134695,1.63303,60,0,24,24,29,0,-2,0,0,0,46,3696,4304,1090,175,26,570,34501,32310,106,1024,65,98,4.02864e+06,0,0,0,0,1,0,0,2045,1100,3671,0,0,0,0,0,0,0,0,1299,-1220,0,0,130
2546.38,0,0,0,0,100,3411,1.60549,0.0134734,1.63274,60,0,24,24,29,0,-2,0,0,0,46,3684,4304,1061,175,26,570,34501,32310,106,1024,65,98,3.90872e+06,0,0,0,0,1,927,0,1293,1137,3658,0,0,0,0,0,0,0,0,1299,-1331,0,0,130
2546.39,0,0,0,0,100,3411,1.60553,0.0134773,1.63246,60,0,24,24,29,0,-2,0,0,0,46,3684,4304,1076,175,26,570,34501,32310,106,1024,65,98,3.96398e+06,0,0,0,0,1,927,0,1293,1137,3675,0,0,0,0,0,0,0,0,1299,-1303,0,0,130
2546.4,0,0,0,0,100,3402,1.60556,0.0134812,1.63217,60,0,24,24,28,0,-2,0,0,0,46,3684,4304,1096,175,26,570,34523,32566,105,1024,68,98,4.03766e+06,0,0,0,0,1,2225,0,0,1125,3675,0,0,0,0,0,0,0,0,1299,-1303,0,0,130
2546.41,0,0,0,0,100,3400,1.60597,0.0134745,1.63217,60,0,24,24,28,0,-2,0,0,0,46,3684,4304,1096,175,26,570,34523,32566,105,1024,68,98,4.03766e+06,0,0,0,0,1,571,1664,0,1101,3682,0,0,0,0,0,0,0,0,1299,-1357,0,0,130
2546.42,0,0,0,0,100,3412,1.60638,0.0134677,1.63217,60,0,24,24,28,0,-2,0,0,0,46,3687,4304,1107,175,26,570,34523,32566,105,1024,68,98,4.08151e+06,0,0,0,0,1,0,2107,0,1085,3708,0,0,0,0,0,0,0,0,1299,-1298,0,0,130
2546.43,0,0,0,0,100,3432,1.60679,0.013461,1.63217,60,0,24,24,28,0,-2,0,0,0,46,3687,4304,1097,175,26,570,34523,32566,105,1024,68,98,4.04464e+06,0,0,0,0,1,0,697,1604,1097,3658,0,0,0,0,0,0,0,0,1299,-1350,0,0,130
2546.44,0,0,0,0,100,3437,1.6072,0.0134542,1.63217,60,0,24,24,28,0,-2,0,0,0,46,3668,4304,1101,175,27,570,34523,32566,105,1024,68,98,4.03847e+06,0,0,0,0,1,0,0,2063,1105,3660,0,0,0,0,0,0,0,0,1299,-1286,0,0,130
2546.45,0,0,0,0,100,3437,1.60762,0.0134474,1.63216,60,0,24,24,28,0,-2,0,0,0,46,3668,4304,1101,175,27,570,34523,32566,105,1024,68,98,4.03847e+06,0,0,0,0,1,0,0,2063,1105,3660,0,0,0,0,0,0,0,0,1299,-1330,0,0,130
2546.46,0,0,0,0,100,3422,1.60803,0.0134407,1.63216,60,0,24,24,28,0,-2,0,0,0,46,3677,4304,1102,175,27,570,34523,32566,105,1024,68,98,4.05205e+06,0,0,0,0,1,538,0,1568,1136,3651,0,0,0,0,0,0,0,0,1299,-1330,0,0,130
2546.47,0,0,0,0,100,3415,1.60844,0.0134339,1.63216,60,0,24,24,28,0,-2,0,0,0,46,3677,4304,1119,175,27,570,34523,32566,105,1024,68,98,4.11456e+06,0,0,0,0,1,1997,0,0,1108,3692,0,0,0,0,0,0,0,0,1299,-1285,0,0,130
2546.48,0,0,0,0,100,3420,1.60885,0.0134272,1.63216,60,0,24,24,28,0,-2,0,0,0,46,3677,4304,1128,175,27,570,34523,32566,105,1024,68,98,4.14766e+06,0,0,0,0,1,1536,459,0,1083,3692,0,0,0,0,0,0,0,0,1299,-1332,0,0,130
2546.49,0,0,0,0,100,3440,1.60926,0.0134204,1.63216,60,0,24,24,28,0,-2,0,0,0,46,3677,4304,1128,175,27,570,34523,32566,105,1024,68,98,4.14766e+06,0,0,0,0,1,134,1802,0,1081,3684,0,0,0,0,0,0,0,0,1299,-1352,0,0,130
2546.5,0,0,0,0,100,3454,1.60967,0.0134136,1.63216,60,0,24,24,28,0,-2,0,0,0,46,3681,4297,1108,175,27,553,34516,32246,105,1024,39,98,4.07855e+06,0,0,0,0,1,0,1965,0,1113,3688,0,0,0,0,0,0,0,0,1299,-1218,0,0,130
2546.51,0,0,0,0,100,3454,1.60903,0.0134301,1.63204,60,0,24,24,28,0,-2,0,0,0,46,3663,4297,1079,175,27,553,34516,32246,105,1024,39,98,3.95238e+06,0,0,0,0,1,0,1965,0,1113,3688,0,0,0,0,0,0,0,0,1299,-1292,0,0,130
2546.52,0,0,0,0,100,3454,1.6084,0.0134465,1.63191,60,0,24,24,28,0,-2,0,0,0,46,3663,4297,1079,175,27,553,34516,32246,105,1024,39,98,3.95238e+06,0,0,0,0,1,0,2208,0,1137,3690,0,0,0,0,0,0,0,0,1299,-1292,0,0,130
2546.53,0,0,0,0,100,3444,1.60776,0.0134629,1.63179,60,0,24,24,28,0,-2,0,0,0,46,3663,4297,1079,175,27,553,34516,32246,105,1024,39,98,3.95238e+06,0,0,0,0,1,0,1092,1192,1140,3654,0,0,0,0,0,0,0,0,1299,-1344,0,0,130
2546.54,0,0,0,0,100,3433,1.60712,0.0134793,1.63167,60,0,24,24,28,0,-2,0,0,0,46,3684,4297,1125,175,28,553,34516,32246,105,1024,39,98,4.1445e+06,0,0,0,0,1,0,0,1989,1127,3660,0,0,0,0,0,0,0,0,1299,-1222,0,0,130
2546.55,0,0,0,0,100,3440,1.60648,0.0134957,1.63154,60,0,24,24,28,0,-2,0,0,0,46,3684,4297,1109,175,28,553,34516,32246,105,1024,39,98,4.08556e+06,0,0,0,0,1,0,0,1955,1101,3639,0,0,0,0,0,0,0,0,1299,-1281,0,0,130
2546.56,0,0,0,0,100,3459,1.60584,0.0135121,1.63142,60,0,24,24,28,0,-2,0,0,0,46,3684,4297,1128,175,28,553,34516,32246,105,1024,39,98,4.15555e+06,0,0,0,0,1,1308,0,930,1082,3710,0,0,0,0,0,0,0,0,1299,-1288,0,0,130
2546.57,0,0,0,0,100,3459,1.6052,0.0135285,1.6313,60,0,24,24,28,0,-2,0,0,0,46,3684,4297,1128,175,28,553,34516,32246,105,1024,39,98,4.15555e+06,0,0,0,0,1,1308,0,930,1082,3710,0,0,0,0,0,0,0,0,1299,-1368,0,0,130
2546.58,0,0,0,0,100,3473,1.60456,0.013545,1.63118,60,0,24,24,28,0,-2,0,0,0,46,3666,4297,1106,175,28,553,34516,32246,105,1024,39,98,4.0546e+06,0,0,0,0,1,1788,0,373,1126,3736,0,0,0,0,0,0,0,0,1299,-1368,0,0,130
2546.59,0,0,0,0,100,3470,1.60392,0.0135614,1.63105,60,0,24,24,28,0,-2,0,0,0,46,3666,4300,1083,175,28,553,34516,32246,105,1024,39,98,3.97028e+06,0,0,0,0,1,1977,0,0,1166,3682,0,0,0,0,0,0,0,0,1299,-1293,0,0,130
2546.6,0,0,0,0,100,3455,1.60328,0.0135778,1.63093,60,0,24,24,30,0,-2,0,0,0,45,3673,4300,1084,175,28,553,34428,32252,106,1024,39,98,3.98153e+06,0,0,0,0,1,2217,0,0,1138,3658,0,0,0,0,0,0,0,0,1299,-1321,0,0,130
2546.61,0,0,0,0,100,3452,1.60401,0.0135668,1.63101,60,0,24,24,30,0,-2,0,0,0,45,3673,4300,1084,175,28,553,34428,32252,106,1024,39,98,3.98153e+06,0,0,0,0,1,1561,454,0,1111,3675,0,0,0,0,0,0,0,0,1299,-1236,0,0,130
2546.62,0,0,0,0,100,3462,1.60474,0.0135558,1.63108,60,0,24,24,30,0,-2,0,0,0,45,3682,4300,1159,175,28,553,34428,32252,106,1024,39,98,4.26744e+06,0,0,0,0,1,559,1681,0,1094,3673,0,0,0,0,0,0,0,0,1299,-1362,0,0,130
2546.63,0,0,0,0,100,3462,1.60547,0.0135448,1.63116,60,0,24,24,30,0,-2,0,0,0,45,3682,4300,1147,175,28,553,34428,32252,106,1024,39,98,4.22325e+06,0,0,0,0,1,559,1681,0,1094,3684,0,0,0,0,0,0,0,0,1299,-1292,0,0,130
2546.64,0,0,0,0,100,3477,1.60619,0.0135338,1.63123,60,0,24,24,30,0,-2,0,0,0,45,3682,4300,1130,175,28,553,34428,32252,106,1024,39,98,4.16066e+06,0,0,0,0,1,149,1836,0,1108,3684,0,0,0,0,0,0,0,0,1299,-1292,0,0,130
2546.65,0,0,0,0,100,3480,1.60692,0.0135229,1.6313,60,0,24,24,30,0,-2,0,0,0,45,3682,4300,1130,175,29,553,34428,32252,106,1024,39,98,4.16066e+06,0,0,0,0,1,0,1960,0,1130,3688,0,0,0,0,0,0,0,0,1299,-1237,0,0,130
2546.66,0,0,0,0,100,3474,1.60765,0.0135119,1.63138,60,0,24,24,30,0,-2,0,0,0,45,3653,4284,1083,175,29,553,34428,32252,106,1024,39,98,3.9562e+06,0,0,0,0,1,0,2197,0,1151,3684,0,0,0,0,0,0,0,0,1299,-1285,0,0,130
2546.67,0,0,0,0,100,3465,1.60838,0.0135009,1.63145,60,0,24,24,30,0,-2,0,0,0,45,3653,4284,1108,175,29,553,34428,32252,106,1024,39,98,4.04752e+06,0,0,0,0,1,0,2054,0,1130,3692,0,0,0,0,0,0,0,0,1299,-1310,0,0,130
2546.68,0,0,0,0,100,3464,1.60911,0.0134899,1.63153,60,0,24,24,30,0,-2,0,0,0,45,3681,4284,1113,175,29,553,34428,32252,106,1024,39,98,4.09695e+06,0,0,0,0,1,0,1210,969,1114,3658,0,0,0,0,0,0,0,0,1299,-1289,0,0,130
2546.69,0,0,0,0,100,3464,1.60983,0.0134789,1.6316,60,0,24,24,30,0,-2,0,0,0,45,3681,4284,1113,175,29,553,34428,32252,106,1024,39,98,4.09695e+06,0,0,0,0,1,0,1210,969,1114,3660,0,0,0,0,0,0,0,0,1299,-1347,0,0,130
2546.7,0,0,0,0,100,3473,1.61056,0.0134679,1.63168,60,0,24,24,28,0,-2,0,0,0,46,3681,4284,1119,175,29,553,34440,32380,106,1024,64,98,4.11904e+06,0,0,0,0,1,0,509,1729,1093,3660,0,0,0,0,0,0,0,0,1299,-1347,0,0,130
2546.71,0,0,0,0,100,3489,1.61055,0.0134821,1.63128,60,0,24,24,28,0,-2,0,0,0,46,3670,4284,1115,175,29,553,34440,32380,106,1024,64,98,4.09205e+06,0,0,0,0,1,0,361,1814,1131,3645,0,0,0,0,0,0,0,0,1299,-1391,0,0,130
2546.72,0,0,0,0,100,3488,1.61054,0.0134963,1.63088,60,0,24,24,28,0,-2,0,0,0,46,3670,4284,1119,175,29,553,34440,32380,106,1024,64,98,4.10673e+06,0,0,0,0,1,0,166,1951,1143,3651,0,0,0,0,0,0,0,0,1299,-1346,0,0,130
2546.73,0,0,0,0,100,3476,1.61053,0.0135106,1.63049,60,0,24,24,28,0,-2,0,0,0,46,3670,4284,1119,175,29,553,34440,32380,106,1024,64,98,4.10673e+06,0,0,0,0,1,0,0,2016,1154,3645,0,0,0,0,0,0,0,0,1299,-1254,0,0,130
2546.74,0,0,0,0,100,3465,1.61052,0.0135248,1.63009,60,0,24,24,28,0,-2,0,0,0,46,3671,4284,1117,175,29,553,34440,32380,106,1024,64,98,4.10051e+06,0,0,0,0,1,0,0,2195,1124,3630,0,0,0,0,0,0,0,0,1299,-1297,0,0,130
2546.75,0,0,0,0,100,3465,1.61051,0.013539,1.62969,60,0,24,24,28,0,-2,0,0,0,46,3671,4284,1124,175,30,553,34440,32380,106,1024,64,98,4.1262e+06,0,0,0,0,1,0,0,2195,1124,3630,0,0,0,0,0,0,0,0,1299,-1282,0,0,130
2546.76,0,0,0,0,100,3474,1.6105,0.0135532,1.62929,60,0,24,24,28,0,-2,0,0,0,46,3673,4284,1131,175,30,553,34440,32380,106,1024,64,98,4.15416e+06,0,0,0,0,1,0,0,2028,1108,3630,0,0,0,0,0,0,0,0,1299,-1282,0,0,130
2546.77,0,0,0,0,100,3491,1.61049,0.0135674,1.62889,60,0,24,24,28,0,-2,0,0,0,46,3673,4284,1131,175,30,553,34440,32380,106,1024,64,98,4.15416e+06,0,0,0,0,1,0,0,2125,1101,3625,0,0,0,0,0,0,0,0,1299,-1285,0,0,130
2546.78,0,0,0,0,100,3500,1.61048,0.0135816,1.6285,60,0,24,24,28,0,-2,0,0,0,46,3658,4284,1101,175,30,553,34440,32380,106,1024,64,98,4.02746e+06,0,0,0,0,1,16,0,1889,1135,3628,0,0,0,0,0,0,0,0,1299,-1279,0,0,130
2546.79,0,0,0,0,100,3498,1.61047,0.0135958,1.6281,60,0,24,24,28,0,-2,0,0,0,46,3658,4284,1098,175,30,553,34440,32380,106,1024,64,98,4.01648e+06,0,0,0,0,1,55,0,1867,1149,3625,0,0,0,0,0,0,0,0,1299,-1279,0,0,130
2546.8,0,0,0,0,100,3489,1.61045,0.01361,1.6277,60,0,24,24,28,0,-2,0,0,0,46,3670,4284,1092,175,30,553,34304,31817,106,1024,39,98,4.00764e+06,0,0,0,0,1,348,0,1627,1150,3641,0,0,0,0,0,0,0,0,1299,-1253,0,0,130
2546.81,0,0,0,0,100,3489,1.60999,0.0135944,1.62783,60,0,24,24,28,0,-2,0,0,0,46,3670,4284,1092,175,30,553,34304,31817,106,1024,39,98,4.00764e+06,0,0,0,0,1,348,0,1627,1150,3669,0,0,0,0,0,0,0,0,1299,-1301,0,0,130
2546.82,0,0,0,0,100,3483,1.60952,0.0135787,1.62797,60,0,24,24,28,0,-2,0,0,0,46,3678,4284,1125,175,30,553,34304,31817,106,1024,39,98,4.13775e+06,0,0,0,0,1,1161,0,1096,1127,3669,0,0,0,0,0,0,0,0,1299,-1301,0,0,130
2546.83,0,0,0,0,100,3492,1.60905,0.013563,1.6281,60,0,24,24,28,0,-2,0,0,0,46,3678,4284,1169,175,30,553,34304,31817,106,1024,39,98,4.29958e+06,0,0,0,0,1,1393,0,854,1109,3708,0,0,0,0,0,0,0,0,1299,-1331,0,0,130
2546.84,0,0,0,0,100,3509,1.60858,0.0135473,1.62824,60,0,24,24,28,0,-2,0,0,0,46,3678,4284,1142,175,30,553,34304,31817,106,1024,39,98,4.20028e+06,0,0,0,0,1,1141,0,1082,1109,3682,0,0,0,0,0,0,0,0,1299,-1281,0,0,130
2546.85,0,0,0,0,100,3522,1.60811,0.0135316,1.62837,60,0,24,24,28,0,-2,0,0,0,46,3678,4284,1142,175,31,553,34304,31817,106,1024,39,98,4.20028e+06,0,0,0,0,1,139,0,1732,1131,3641,0,0,0,0,0,0,0,0,1299,-1241,0,0,130
2546.86,0,0,0,0,100,3515,1.60765,0.0135159,1.62851,60,0,24,24,28,0,-2,0,0,0,46,3661,4284,1114,175,31,553,34304,31817,106,1024,39,98,4.07835e+06,0,0,0,0,1,0,0,2153,1178,3608,0,0,0,0,0,0,0,0,1299,-1321,0,0,130
2546.87,0,0,0,0,100,3515,1.60718,0.0135002,1.62864,60,0,24,24,28,0,-2,0,0,0,46,3656,4284,1102,175,31,553,34304,31817,106,1024,39,98,4.02891e+06,0,0,0,0,1,0,0,2153,1178,3606,0,0,0,0,0,0,0,0,1299,-1314,0,0,130
2546.88,0,0,0,0,100,3506,1.60671,0.0134845,1.62878,60,0,24,24,28,0,-2,0,0,0,46,3656,4284,1114,175,31,553,34304,31817,106,1024,39,98,4.07278e+06,0,0,0,0,1,0,0,2129,1146,3606,0,0,0,0,0,0,0,0,1299,-1314,0,0,130
2546.89,0,0,0,0,100,3507,1.60624,0.0134689,1.62891,60,0,24,24,28,0,-2,0,0,0,46,3656,4284,1114,175,31,553,34304,31817,106,1024,39,98,4.07278e+06,0,0,0,0,1,0,0,2151,1131,3613,0,0,0,0,0,0,0,0,1299,-1292,0,0,130
2546.9,0,0,0,0,100,3523,1.60577,0.0134532,1.62905,60,0,24,24,28,0,-2,0,0,0,46,3668,4284,1163,175,31,553,34416,32097,106,1024,39,98,4.26588e+06,0,0,0,0,1,0,0,2162,1114,3622,0,0,0,0,0,0,0,0,1299,-1259,0,0,130
2546.91,0,0,0,0,100,3533,1.6059,0.01345,1.62865,60,0,24,24,28,0,-2,0,0,0,46,3668,4284,1161,175,31,553,34416,32097,106,1024,39,98,4.25855e+06,0,0,0,0,1,0,0,1936,1138,3639,0,0,0,0,0,0,0,0,1299,-1245,0,0,130
2546.92,0,0,0,0,100,3536,1.60603,0.0134469,1.62825,60,0,24,24,28,0,-2,0,0,0,46,3651,4284,1141,175,31,553,34416,32097,106,1024,39,98,4.16579e+06,0,0,0,0,1,0,618,1668,1154,3634,0,0,0,0,0,0,0,0,1299,-1386,0,0,130
2546.93,0,0,0,0,100,3536,1.60616,0.0134437,1.62785,60,0,24,24,28,0,-2,0,0,0,46,3651,4284,1141,175,31,553,34416,32097,106,1024,39,98,4.16579e+06,0,0,0,0,1,0,618,1668,1154,3634,0,0,0,0,0,0,0,0,1299,-1292,0,0,130
2546.94,0,0,0,0,100,3529,1.60629,0.0134405,1.62745,60,0,24,24,28,0,-2,0,0,0,46,3654,4284,1105,175,31,553,34416,32097,106,1024,39,98,4.03767e+06,0,0,0,0,1,0,1388,844,1158,3637,0,0,0,0,0,0,0,0,1299,-1292,0,0,130
2546.95,0,0,0,0,100,3529,1.60642,0.0134374,1.62705,60,0,24,24,28,0,-2,0,0,0,46,3654,4284,1146,175,31,553,34416,32097,106,1024,39,98,4.18748e+06,0,0,0,0,1,0,2052,0,1152,3669,0,0,0,0,0,0,0,0,1299,-1332,0,0,130
2546.96,0,0,0,0,100,3532,1.60655,0.0134342,1.62665,60,0,24,24,28,0,-2,0,0,0,46,3654,4284,1147,175,31,553,34416,32097,106,1024,39,98,4.19114e+06,0,0,0,0,1,0,2121,0,1130,3690,0,0,0,0,0,0,0,0,1299,-1182,0,0,130
2546.97,0,0,0,0,100,3548,1.60668,0.0134311,1.62625,60,0,24,24,28,0,-2,0,0,0,46,3654,4284,1147,175,31,553,34416,32097,106,1024,39,98,4.19114e+06,0,0,0,0,1,30,1883,0,1130,3686,0,0,0,0,0,0,0,0,1299,-1351,0,0,130
2546.98,0,0,0,0,100,3554,1.60681,0.0134279,1.62585,60,0,24,24,28,0,-2,0,0,0,46,3659,4284,1155,175,31,553,34416,32097,106,1024,39,98,4.22614e+06,0,0,0,0,1,1218,984,0,1146,3656,0,0,0,0,0,0,0,0,1299,-1257,0,0,130
2546.99,0,0,0,0,100,3554,1.60694,0.0134247,1.62545,60,0,24,24,28,0,-2,0,0,0,46,3648,4284,1152,175,31,553,34416,32097,106,1024,39,98,4.2025e+06,0,0,0,0,1,1218,984,0,1146,3656,0,0,0,0,0,0,0,0,1299,-1323,0,0,130
2547,0,0,0,0,100,3548,1.60707,0.0134216,1.62505,60,0,24,24,28,0,-2,0,0,0,47,3648,4284,1134,175,31,553,34276,31830,106,1024,65,98,4.13683e+06,0,0,0,0,1,2235,0,0,1174,3625,0,0,0,0,0,0,0,0,1299,-1323,0,0,130
2547.01,0,0,0,0,100,3537,1.60728,0.013425,1.6257,60,0,24,24,28,0,-2,0,0,0,47,3648,4284,1134,175,31,553,34276,31830,106,1024,65,98,4.13683e+06,0,0,0,0,1,2047,0,80,1163,3699,0,0,0,0,0,0,0,0,1299,-1279,0,0,130
2547.02,0,0,0,0,100,3537,1.60748,0.0134284,1.62634,60,0,24,24,28,0,-2,0,0,0,47,3659,4284,1140,175,31,553,34276,31830,106,1024,65,98,4.17126e+06,0,0,0,0,1,802,0,1363,1134,3643,0,0,0,0,0,0,0,0,1299,-1260,0,0,130
2547.03,0,0,0,0,100,3552,1.60768,0.0134317,1.62699,60,0,24,24,28,0,-2,0,0,0,47,3659,4284,1147,175,31,553,34276,31830,106,1024,65,98,4.19687e+06,0,0,0,0,1,0,0,2006,1125,3615,0,0,0,0,0,0,0,0,1299,-1303,0,0,130
2547.04,0,0,0,0,100,3560,1.60788,0.0134351,1.62764,60,0,24,24,28,0,-2,0,0,0,47,3660,4284,1179,175,31,553,34276,31830,106,1024,65,98,4.31514e+06,0,0,0,0,1,0,0,1961,1140,3649,0,0,0,0,0,0,0,0,1299,-1182,0,0,130
2547.05,0,0,0,0,100,3560,1.60808,0.0134385,1.62828,60,0,24,24,28,0,-2,0,0,0,47,3660,4284,1179,175,31,553,34276,31830,106,1024,65,98,4.31514e+06,0,0,0,0,1,0,0,1961,1140,3649,0,0,0,0,0,0,0,0,1299,-1376,0,0,130
2547.06,0,0,0,0,100,3561,1.60828,0.0134419,1.62893,60,0,24,24,28,0,-2,0,0,0,47,3654,4277,1129,175,31,553,34276,31830,106,1024,65,98,4.12537e+06,0,0,0,0,1,0,925,1406,1169,3624,0,0,0,0,0,0,0,0,1299,-1376,0,0,130
2547.07,0,0,0,0,100,3552,1.60848,0.0134453,1.62958,60,0,24,24,28,0,-2,0,0,0,47,3654,4277,1103,175,31,553,34276,31830,106,1024,65,98,4.03036e+06,0,0,0,0,1,0,2123,0,1171,3682,0,0,0,0,0,0,0,0,1299,-1306,0,0,130
2547.08,0,0,0,0,100,3546,1.60868,0.0134487,1.63022,60,0,24,24,28,0,-2,0,0,0,47,3654,4277,1117,175,31,553,34276,31830,106,1024,65,98,4.08152e+06,0,0,0,0,1,0,1966,0,1150,3682,0,0,0,0,0,0,0,0,1299,-1188,0,0,130
2547.09,0,0,0,0,100,3548,1.60889,0.0134521,1.63087,60,0,24,24,28,0,-2,0,0,0,47,3654,4277,1117,175,31,553,34276,31830,106,1024,65,98,4.08152e+06,0,0,0,0,1,430,1746,0,1134,3671,0,0,0,0,0,0,0,0,1299,-1345,0,0,130
2547.1,0,0,0,0,100,3560,1.60909,0.0134554,1.63152,60,0,24,24,28,0,-2,0,0,0,45,3662,4277,1157,175,31,553,34333,32323,106,1024,68,98,4.23693e+06,0,0,0,0,1,2024,0,0,1139,3632,0,0,0,0,0,0,0,0,1299,-1334,0,0,130
2547.11,0,0,0,0,100,3560,1.60953,0.013463,1.63101,60,0,24,24,28,0,-2,0,0,0,45,3662,4277,1174,175,31,553,34333,32323,106,1024,68,98,4.29919e+06,0,0,0,0,1,2024,0,0,1139,3671,0,0,0,0,0,0,0,0,1299,-1244,0,0,130
2547.12,0,0,0,0,100,3569,1.60997,0.0134705,1.6305,60,0,24,24,28,0,-2,0,0,0,45,3649,4277,1156,175,31,553,34333,32323,106,1024,68,98,4.21824e+06,0,0,0,0,1,1958,0,0,1155,3671,0,0,0,0,0,0,0,0,1299,-1244,0,0,130
2547.13,0,0,0,0,100,3566,1.6104,0.013478,1.63,60,0,24,24,28,0,-2,0,0,0,45,3649,4277,1156,175,31,553,34333,32323,106,1024,68,98,4.21824e+06,0,0,0,0,1,985,0,1258,1172,3637,0,0,0,0,0,0,0,0,1299,-1303,0,0,130
2547.14,0,0,0,0,100,3555,1.61084,0.0134856,1.62949,60,0,24,24,28,0,-2,0,0,0,45,3643,4277,1122,175,31,553,34333,32323,106,1024,68,98,4.08745e+06,0,0,0,0,1,0,0,2219,1174,3598,0,0,0,0,0,0,0,0,1299,-1334,0,0,130
2547.15,0,0,0,0,100,3556,1.61128,0.0134931,1.62898,60,0,24,24,28,0,-2,0,0,0,45,3643,4277,1137,175,31,553,34333,32323,106,1024,68,98,4.14209e+06,0,0,0,0,1,0,0,1910,1141,3658,0,0,0,0,0,0,0,0,1299,-1246,0,0,130
2547.16,0,0,0,0,100,3567,1.61172,0.0135007,1.62847,60,0,24,24,28,0,-2,0,0,0,45,3643,4277,1155,175,31,553,34333,32323,106,1024,68,98,4.20766e+06,0,0,0,0,1,0,1500,600,1141,3647,0,0,0,0,0,0,0,0,1299,-1276,0,0,130
2547.17,0,0,0,0,100,3567,1.61216,0.0135082,1.62797,60,0,24,24,28,0,-2,0,0,0,45,3643,4277,1155,175,29,553,34333,32323,106,1024,68,98,4.20766e+06,0,0,0,0,1,0,1500,600,1141,3677,0,0,0,0,0,0,0,0,1299,-1228,0,0,130
2547.18,0,0,0,0,100,3575,1.6126,0.0135157,1.62746,60,0,24,24,28,0,-2,0,0,0,45,3658,4277,1186,175,29,553,34333,32323,106,1024,68,98,4.33839e+06,0,0,0,0,1,0,2077,0,1152,3677,0,0,0,0,0,0,0,0,1299,-1228,0,0,130
2547.19,0,0,0,0,100,3574,1.61304,0.0135233,1.62695,60,0,24,24,28,0,-2,0,0,0,45,3640,4277,1150,175,29,553,34333,32323,106,1024,68,98,4.186e+06,0,0,0,0,1,1050,1226,0,1170,3649,0,0,0,0,0,0,0,0,1299,-1326,0,0,130
2547.2,0,0,0,0,100,3570,1.61348,0.0135308,1.62644,60,0,24,24,28,0,-2,0,0,0,46,3640,4277,1139,175,29,553,34140,31984,106,1024,68,98,4.14596e+06,0,0,0,0,1,2175,0,0,1165,3651,0,0,0,0,0,0,0,0,1299,-1282,0,0,130
2547.21,0,0,0,0,100,3569,1.61293,0.0135231,1.62619,60,0,24,24,28,0,-2,0,0,0,46,3640,4277,1139,175,29,553,34140,31984,106,1024,68,98,4.14596e+06,0,0,0,0,1,1795,0,410,1157,3736,0,0,0,0,0,0,0,0,1299,-1368,0,0,130
2547.22,0,0,0,0,100,3575,1.61238,0.0135154,1.62594,60,0,24,24,28,0,-2,0,0,0,46,3650,4277,1153,175,29,553,34140,31984,106,1024,68,98,4.20845e+06,0,0,0,0,1,0,0,2020,1142,3606,0,0,0,0,0,0,0,0,1299,-1269,0,0,130
2547.23,0,0,0,0,100,3575,1.61183,0.0135077,1.62569,60,0,24,24,28,0,-2,0,0,0,46,3650,4277,1167,175,29,553,34140,31984,106,1024,68,98,4.25955e+06,0,0,0,0,1,0,0,2020,1142,3641,0,0,0,0,0,0,0,0,1299,-1381,0,0,130
2547.24,0,0,0,0,100,3589,1.61128,0.0135,1.62544,60,0,24,24,28,0,-2,0,0,0,46,3648,4277,1169,175,29,553,34140,31984,106,1024,68,98,4.26451e+06,0,0,0,0,1,0,383,1840,1148,3641,0,0,0,0,0,0,0,0,1299,-1381,0,0,130
2547.25,0,0,0,0,100,3597,1.61073,0.0134923,1.62519,60,0,24,24,28,0,-2,0,0,0,46,3648,4277,1169,175,29,553,34140,31984,106,1024,68,98,4.26451e+06,0,0,0,0,1,0,2220,0,1170,3666,0,0,0,0,0,0,0,0,1299,-1325,0,0,130
2547.26,0,0,0,0,100,3592,1.61018,0.0134846,1.62494,60,0,24,24,28,0,-2,0,0,0,46,3633,4277,1174,175,29,553,34140,31984,106,1024,68,98,4.26514e+06,0,0,0,0,1,915,1439,0,1190,3637,0,0,0,0,0,0,0,0,1299,-1380,0,0,130
2547.27,0,0,0,0,100,3582,1.60963,0.0134769,1.62469,60,0,24,24,28,0,-2,0,0,0,46,3633,4277,1163,175,29,553,34140,31984,106,1024,68,98,4.22518e+06,0,0,0,0,1,1981,0,0,1178,3669,0,0,0,0,0,0,0,0,1299,-1240,0,0,130
2547.28,0,0,0,0,100,3588,1.60908,0.0134692,1.62444,60,0,24,24,28,0,-2,0,0,0,46,3633,4277,1139,175,29,553,34140,31984,106,1024,68,98,4.13799e+06,0,0,0,0,1,1323,0,938,1146,3677,0,0,0,0,0,0,0,0,1299,-1310,0,0,130
2547.29,0,0,0,0,100,3588,1.60853,0.0134615,1.62419,60,0,24,24,28,0,-2,0,0,0,46,3633,4277,1139,175,29,553,34140,31984,106,1024,68,98,4.13799e+06,0,0,0,0,1,1323,0,938,1146,3658,0,0,0,0,0,0,0,0,1299,-1170,0,0,130
2547.3,0,0,0,0,100,3604,1.60798,0.0134538,1.62394,60,0,24,24,28,0,-2,0,0,0,46,3647,4277,1172,175,29,553,34142,32066,106,1024,68,98,4.27428e+06,0,0,0,0,1,0,0,1889,1128,3658,0,0,0,0,0,0,0,0,1299,-1170,0,0,130
2547.31,0,0,0,0,100,3616,1.60786,0.0134579,1.62443,60,0,24,24,28,0,-2,0,0,0,46,3640,4277,1197,175,29,553,34142,32066,106,1024,68,98,4.35708e+06,0,0,0,0,1,0,2101,0,1171,3660,0,0,0,0,0,0,0,0,1299,-1296,0,0,130
2547.32,0,0,0,0,100,3615,1.60775,0.013462,1.62492,60,0,24,24,28,0,-2,0,0,0,46,3640,4277,1184,175,29,553,34142,32066,106,1024,68,98,4.30976e+06,0,0,0,0,1,1073,1179,0,1182,3654,0,0,0,0,0,0,0,0,1299,-1311,0,0,130
2547.33,0,0,0,0,100,3610,1.60763,0.0134661,1.62542,60,0,24,24,28,0,-2,0,0,0,46,3640,4277,1184,175,29,553,34142,32066,106,1024,68,98,4.30976e+06,0,0,0,0,1,1999,0,0,1197,3682,0,0,0,0,0,0,0,0,1299,-1320,0,0,130
2547.34,0,0,0,0,100,3608,1.60751,0.0134702,1.62591,60,0,24,24,28,0,-2,0,0,0,46,3639,4277,1133,175,29,553,34142,32066,106,1024,68,98,4.12299e+06,0,0,0,0,1,0,0,2125,1167,3589,0,0,0,0,0,0,0,0,1299,-1293,0,0,130
2547.35,0,0,0,0,100,3608,1.6074,0.0134743,1.6264,60,0,24,24,28,0,-2,0,0,0,46,3639,4277,1169,175,29,553,34142,32066,106,1024,68,98,4.25399e+06,0,0,0,0,1,0,0,2125,1167,3630,0,0,0,0,0,0,0,0,1299,-1310,0,0,130
2547.36,0,0,0,0,100,3613,1.60728,0.0134783,1.62689,60,0,24,24,28,0,-2,0,0,0,46,3655,4277,1188,175,29,553,34142,32066,106,1024,68,98,4.34214e+06,0,0,0,0,1,0,966,1321,1152,3630,0,0,0,0,0,0,0,0,1299,-1310,0,0,130
2547.37,0,0,0,0,100,3626,1.60716,0.0134824,1.62738,60,0,24,24,28,0,-2,0,0,0,46,3655,4277,1188,175,27,553,34142,32066,106,1024,68,98,4.34214e+06,0,0,0,0,1,192,1822,0,1161,3665,0,0,0,0,0,0,0,0,1299,-1300,0,0,130
2547.38,0,0,0,0,100,3633,1.60704,0.0134865,1.62787,60,0,24,24,28,0,-2,0,0,0,46,3645,4277,1183,175,27,553,34142,32066,106,1024,68,98,4.31204e+06,0,0,0,0,1,2110,0,0,1174,3656,0,0,0,0,0,0,0,0,1299,-1251,0,0,130
2547.39,0,0,0,0,100,3629,1.60693,0.0134906,1.62836,60,0,24,24,28,0,-2,0,0,0,46,3645,4277,1175,175,27,553,34142,32066,106,1024,68,98,4.28288e+06,0,0,0,0,1,0,0,2200,1198,3585,0,0,0,0,0,0,0,0,1299,-1306,0,0,130
2547.4,0,0,0,0,100,3620,1.60681,0.0134947,1.62885,60,0,24,24,28,0,-2,0,0,0,46,3645,4277,1166,175,27,553,34187,31811,105,1024,65,98,4.25007e+06,0,0,0,0,1,0,1359,811,1190,3613,0,0,0,0,0,0,0,0,1299,-1293,0,0,130
2547.41,0,0,0,0,100,3620,1.60644,0.0134823,1.62857,60,0,24,24,28,0,-2,0,0,0,46,3645,4277,1166,175,27,553,34187,31811,105,1024,65,98,4.25007e+06,0,0,0,0,1,0,1359,811,1190,3660,0,0,0,0,0,0,0,0,1299,-1342,0,0,130
2547.42,0,0,0,0,100,3624,1.60607,0.01347,1.62828,60,0,24,24,28,0,-2,0,0,0,46,3639,4286,1173,175,27,553,34187,31811,105,1024,65,98,4.26855e+06,0,0,0,0,1,358,1783,0,1161,3660,0,0,0,0,0,0,0,0,1299,-1342,0,0,130
2547.43,0,0,0,0,100,3634,1.6057,0.0134576,1.628,60,0,24,24,28,0,-2,0,0,0,46,3639,4286,1175,175,27,553,34187,31811,105,1024,65,98,4.27582e+06,0,0,0,0,1,1930,0,0,1159,3673,0,0,0,0,0,0,0,0,1299,-1190,0,0,130
2547.44,0,0,0,0,100,3640,1.60533,0.0134453,1.62771,60,0,24,24,28,0,-2,0,0,0,46,3641,4286,1201,175,27,553,34187,31811,105,1024,65,98,4.37284e+06,0,0,0,0,1,0,0,2154,1176,3611,0,0,0,0,0,0,0,0,1299,-1270,0,0,130
2547.45,0,0,0,0,100,3636,1.60496,0.0134329,1.62743,60,0,24,24,28,0,-2,0,0,0,46,3641,4286,1201,175,27,553,34187,31811,105,1024,65,98,4.37284e+06,0,0,0,0,1,0,2113,0,1199,3654,0,0,0,0,0,0,0,0,1299,-1347,0,0,130
2547.46,0,0,0,0,100,3630,1.60459,0.0134206,1.62715,60,0,24,24,28,0,-2,0,0,0,46,3633,4286,1163,175,27,553,34187,31811,105,1024,65,98,4.22518e+06,0,0,0,0,1,1302,847,0,1179,3637,0,0,0,0,0,0,0,0,1299,-1266,0,0,130
2547.47,0,0,0,0,100,3630,1.60423,0.0134083,1.62686,60,0,24,24,28,0,-2,0,0,0,46,3633,4286,1147,175,27,553,34187,31811,105,1024,65,98,4.16705e+06,0,0,0,0,1,1302,847,0,1179,3637,0,0,0,0,0,0,0,0,1299,-1352,0,0,130
2547.48,0,0,0,0,100,3631,1.60386,0.0133959,1.62658,60,0,24,24,28,0,-2,0,0,0,46,3633,4286,1155,175,28,553,34187,31811,105,1024,65,98,4.19612e+06,0,0,0,0,1,1833,0,396,1174,3727,0,0,0,0,0,0,0,0,1299,-1352,0,0,130
2547.49,0,0,0,0,100,3637,1.60349,0.0133836,1.6263,60,0,24,24,28,0,-2,0,0,0,46,3633,4286,1155,175,28,553,34187,31811,105,1024,65,98,4.19612e+06,0,0,0,0,1,0,0,1896,1166,3632,0,0,0,0,0,0,0,0,1299,-1375,0,0,130
2547.5,0,0,0,0,100,3649,1.60312,0.0133712,1.62601,60,0,24,24,28,0,-2,0,0,0,47,3645,4286,1191,175,28,553,34238,31849,106,1024,65,98,4.3412e+06,0,0,0,0,1,0,2089,0,1169,3660,0,0,0,0,0,0,0,0,1299,-1283,0,0,130
2547.51,0,0,0,0,100,3649,1.60325,0.0133797,1.6259,60,0,24,24,28,0,-2,0,0,0,47,3645,4286,1185,175,28,553,34238,31849,106,1024,65,98,4.31932e+06,0,0,0,0,1,2206,0,0,1195,3643,0,0,0,0,0,0,0,0,1299,-1226,0,0,130
2547.52,0,0,0,0,100,3638,1.60337,0.0133882,1.62578,60,0,24,24,28,0,-2,0,0,0,47,3636,4286,1170,175,28,553,34238,31849,106,1024,65,98,4.25412e+06,0,0,0,0,1,0,0,2006,1201,3632,0,0,0,0,0,0,0,0,1299,-1207,0,0,130
2547.53,0,0,0,0,100,3638,1.6035,0.0133967,1.62566,60,0,24,24,28,0,-2,0,0,0,47,3636,4286,1170,175,28,553,34238,31849,106,1024,65,98,4.25412e+06,0,0,0,0,1,0,0,2006,1201,3632,0,0,0,0,0,0,0,0,1299,-1314,0,0,130
2547.54,0,0,0,0,100,3632,1.60363,0.0134052,1.62554,60,0,24,24,28,0,-2,0,0,0,47,3637,4286,1161,175,28,553,34238,31849,106,1024,65,98,4.22256e+06,0,0,0,0,1,0,2019,0,1187,3658,0,0,0,0,0,0,0,0,1299,-1314,0,0,130
2547.55,0,0,0,0,100,3640,1.60376,0.0134138,1.62543,60,0,24,24,28,0,-2,0,0,0,47,3637,4286,1167,175,28,553,34238,31849,106,1024,65,98,4.24438e+06,0,0,0,0,1,1291,779,0,1147,3654,0,0,0,0,0,0,0,0,1299,-1223,0,0,130
2547.56,0,0,0,0,100,3656,1.60388,0.0134223,1.62531,60,0,24,24,28,0,-2,0,0,0,47,3647,4286,1172,175,28,553,34238,31849,106,1024,65,98,4.27428e+06,0,0,0,0,1,1376,0,953,1163,3651,0,0,0,0,0,0,0,0,1299,-1342,0,0,130
2547.57,0,0,0,0,100,3662,1.60401,0.0134308,1.62519,60,0,24,24,28,0,-2,0,0,0,47,3647,4286,1172,175,28,553,34238,31849,106,1024,65,98,4.27428e+06,0,0,0,0,1,0,925,1436,1197,3604,0,0,0,0,0,0,0,0,1299,-1399,0,0,130
2547.58,0,0,0,0,100,3657,1.60414,0.0134393,1.62508,60,0,24,24,28,0,-2,0,0,0,47,3647,4291,1202,175,28,553,34238,31849,106,1024,65,98,4.38369e+06,0,0,0,0,1,751,1572,0,1201,3630,0,0,0,0,0,0,0,0,1299,-1383,0,0,130
2547.59,0,0,0,0,100,3657,1.60427,0.0134478,1.62496,60,0,24,24,28,0,-2,0,0,0,47,3625,4291,1173,175,28,553,34238,31849,106,1024,65,98,4.25212e+06,0,0,0,0,1,751,1572,0,1201,3718,0,0,0,0,0,0,0,0,1299,-1419,0,0,130
2547.6,0,0,0,0,100,3651,1.6044,0.0134563,1.62484,60,0,24,24,28,0,-2,0,0,0,47,3625,4291,1169,175,28,553,34057,31935,106,1024,68,98,4.23762e+06,0,0,0,0,1,1868,0,385,1203,3718,0,0,0,0,0,0,0,0,1299,-1419,0,0,130
2547.61,0,0,0,0,100,3653,1.60415,0.0134416,1.625,60,0,24,24,28,0,-2,0,0,0,47,3625,4291,1169,175,28,553,34057,31935,106,1024,68,98,4.23762e+06,0,0,0,0,1,0,158,1885,1180,3630,0,0,0,0,0,0,0,0,1299,-1325,0,0,130
2547.62,0,0,0,0,100,3662,1.6039,0.0134268,1.62516,60,0,24,24,28,0,-2,0,0,0,47,3636,4291,1190,175,28,553,34057,31935,106,1024,68,98,4.32684e+06,0,0,0,0,1,63,1865,0,1171,3673,0,0,0,0,0,0,0,0,1299,-1279,0,0,130
2547.63,0,0,0,0,100,3673,1.60366,0.0134121,1.62532,60,0,24,24,28,0,-2,0,0,0,47,3636,4291,1197,175,28,553,34057,31935,106,1024,68,98,4.35229e+06,0,0,0,0,1,1860,0,153,1185,3721,0,0,0,0,0,0,0,0,1299,-1319,0,0,130
2547.64,0,0,0,0,100,3678,1.60341,0.0133973,1.62548,60,0,24,24,28,0,-2,0,0,0,47,3632,4291,1199,175,28,553,34057,31935,106,1024,68,98,4.35477e+06,0,0,0,0,1,0,394,1867,1205,3581,0,0,0,0,0,0,0,0,1299,-1430,0,0,130
2547.65,0,0,0,0,100,3678,1.60317,0.0133826,1.62564,60,0,24,24,28,0,-2,0,0,0,47,3632,4291,1199,175,28,553,34057,31935,106,1024,68,98,4.35477e+06,0,0,0,0,1,0,394,1867,1205,3634,0,0,0,0,0,0,0,0,1299,-1404,0,0,130
2547.66,0,0,0,0,100,3673,1.60292,0.0133678,1.6258,60,0,24,24,28,0,-2,0,0,0,47,3632,4294,1194,175,28,553,34057,31935,106,1024,68,98,4.33661e+06,0,0,0,0,1,506,1787,0,1214,3634,0,0,0,0,0,0,0,0,1299,-1404,0,0,130
2547.67,0,0,0,0,100,3670,1.60268,0.0133531,1.62595,60,0,24,24,28,0,-2,0,0,0,47,3632,4294,1188,175,28,553,34057,31935,106,1024,68,98,4.31482e+06,0,0,0,0,1,1700,0,559,1193,3729,0,0,0,0,0,0,0,0,1299,-1370,0,0,130
2547.68,0,0,0,0,100,3682,1.60243,0.0133384,1.62611,60,0,24,24,28,0,-2,0,0,0,47,3632,4294,1177,175,28,553,34057,31935,106,1024,68,98,4.27486e+06,0,0,0,0,1,0,941,1381,1182,3615,0,0,0,0,0,0,0,0,1299,-1354,0,0,130
2547.69,0,0,0,0,100,3692,1.60218,0.0133236,1.62627,60,0,24,24,28,0,-2,0,0,0,47,3632,4294,1177,175,28,553,34057,31935,106,1024,68,98,4.27486e+06,0,0,0,0,1,1666,336,0,1188,3615,0,0,0,0,0,0,0,0,1299,-1253,0,0,130
2547.7,0,0,0,0,100,3692,1.60194,0.0133089,1.62643,60,0,24,24,30,0,-2,0,0,0,47,3638,4294,1223,175,28,553,34153,32158,106,1024,68,98,4.44927e+06,0,0,0,0,1,0,0,2131,1215,3567,0,0,0,0,0,0,0,0,1299,-1338,0,0,130
2547.71,0,0,0,0,100,3692,1.6021,0.0133082,1.62621,60,0,24,24,30,0,-2,0,0,0,47,3638,4294,1213,175,28,553,34153,32158,106,1024,68,98,4.41289e+06,0,0,0,0,1,0,0,2131,1215,3649,0,0,0,0,0,0,0,0,1299,-1310,0,0,130
2547.72,0,0,0,0,100,3690,1.60226,0.0133076,1.62599,60,0,24,24,30,0,-2,0,0,0,47,3619,4294,1192,175,28,553,34153,32158,106,1024,68,98,4.31385e+06,0,0,0,0,1,0,2218,0,1214,3649,0,0,0,0,0,0,0,0,1299,-1310,0,0,130
2547.73,0,0,0,0,100,3689,1.60242,0.013307,1.62577,60,0,24,24,30,0,-2,0,0,0,47,3619,4294,1192,175,28,553,34153,32158,106,1024,68,98,4.31385e+06,0,0,0,0,1,2063,0,0,1197,3637,0,0,0,0,0,0,0,0,1299,-1236,0,0,130
2547.74,0,0,0,0,100,3695,1.60258,0.0133063,1.62556,60,0,24,24,30,0,-2,0,0,0,47,3619,4288,1185,175,28,553,34153,32158,106,1024,68,98,4.28852e+06,0,0,0,0,1,0,76,1924,1195,3613,0,0,0,0,0,0,0,0,1299,-1322,0,0,130
2547.75,0,0,0,0,100,3705,1.60274,0.0133057,1.62534,60,0,24,24,30,0,-2,0,0,0,47,3636,4288,1188,175,28,553,34153,32158,106,1024,68,98,4.31957e+06,0,0,0,0,1,874,1412,0,1187,3625,0,0,0,0,0,0,0,0,1299,-1344,0,0,130
2547.76,0,0,0,0,100,3712,1.6029,0.0133051,1.62512,60,0,24,24,30,0,-2,0,0,0,47,3636,4288,1216,175,28,553,34153,32158,106,1024,68,98,4.42138e+06,0,0,0,0,1,0,0,2012,1212,3570,0,0,0,0,0,0,0,0,1299,-1325,0,0,130
2547.77,0,0,0,0,100,3712,1.60306,0.0133045,1.6249,60,0,24,24,30,0,-2,0,0,0,47,3636,4288,1216,175,28,553,34153,32158,106,1024,68,98,4.42138e+06,0,0,0,0,1,0,0,2012,1212,3570,0,0,0,0,0,0,0,0,1299,-1230,0,0,130
2547.78,0,0,0,0,100,3707,1.60322,0.0133038,1.62468,60,0,24,24,30,0,-2,0,0,0,47,3627,4288,1191,175,28,553,34153,32158,106,1024,68,98,4.31976e+06,0,0,0,0,1,0,1902,0,1217,3643,0,0,0,0,0,0,0,0,1299,-1230,0,0,130
2547.79,0,0,0,0,100,3698,1.60338,0.0133032,1.62446,60,0,24,24,30,0,-2,0,0,0,47,3627,4288,1196,175,28,553,34153,32158,106,1024,68,98,4.33789e+06,0,0,0,0,1,1918,0,0,1215,3686,0,0,0,0,0,0,0,0,1299,-1268,0,0,130
2547.8,0,0,0,0,100,3700,1.60354,0.0133026,1.62424,60,0,24,24,28,0,-2,0,0,0,47,3627,4288,1197,175,28,553,34055,31554,106,1024,39,98,4.34152e+06,0,0,0,0,1,0,482,1760,1192,3593,0,0,0,0,0,0,0,0,1299,-1384,0,0,130
2547.81,0,0,0,0,100,3711,1.60371,0.013316,1.62395,60,0,24,24,28,0,-2,0,0,0,47,3627,4288,1197,175,28,553,34055,31554,106,1024,39,98,4.34152e+06,0,0,0,0,1,1672,318,0,1187,3615,0,0,0,0,0,0,0,0,1299,-1250,0,0,130
2547.82,0,0,0,0,100,3719,1.60389,0.0133293,1.62365,60,0,24,24,28,0,-2,0,0,0,47,3627,4288,1211,175,28,553,34055,31554,106,1024,39,98,4.3923e+06,0,0,0,0,1,0,0,2182,1200,3600,0,0,0,0,0,0,0,0,1299,-1254,0,0,130
2547.83,0,0,0,0,100,3719,1.60406,0.0133427,1.62336,60,0,24,24,28,0,-2,0,0,0,47,3627,4288,1216,175,28,553,34055,31554,106,1024,39,98,4.41043e+06,0,0,0,0,1,0,0,2182,1200,3645,0,0,0,0,0,0,0,0,1299,-1338,0,0,130
2547.84,0,0,0,0,100,3716,1.60424,0.0133561,1.62307,60,0,24,24,28,0,-2,0,0,0,47,3622,4288,1214,175,28,553,34055,31554,106,1024,39,98,4.39711e+06,0,0,0,0,1,208,1869,0,1233,3645,0,0,0,0,0,0,0,0,1299,-1338,0,0,130
2547.85,0,0,0,0,100,3711,1.60441,0.0133695,1.62278,60,0,24,24,28,0,-2,0,0,0,47,3622,4288,1214,175,28,553,34055,31554,106,1024,39,98,4.39711e+06,0,0,0,0,1,1144,0,1123,1215,3625,0,0,0,0,0,0,0,0,1299,-1327,0,0,130
2547.86,0,0,0,0,100,3707,1.60459,0.0133828,1.62249,60,0,24,24,28,0,-2,0,0,0,47,3621,4288,1172,175,28,553,34055,31554,106,1024,39,98,4.24381e+06,0,0,0,0,1,0,2089,0,1209,3647,0,0,0,0,0,0,0,0,1299,-1318,0,0,130
2547.87,0,0,0,0,100,3710,1.60476,0.0133962,1.62219,60,0,24,24,28,0,-2,0,0,0,47,3621,4288,1186,175,28,553,34055,31554,106,1024,39,98,4.29451e+06,0,0,0,0,1,2094,0,0,1193,3637,0,0,0,0,0,0,0,0,1299,-1234,0,0,130
2547.88,0,0,0,0,100,3718,1.60494,0.0134096,1.6219,60,0,24,24,28,0,-2,0,0,0,47,3621,4288,1210,175,28,553,34055,31554,106,1024,39,98,4.38141e+06,0,0,0,0,1,0,402,1828,1198,3608,0,0,0,0,0,0,0,0,1299,-1405,0,0,130
2547.89,0,0,0,0,100,3718,1.60511,0.013423,1.62161,60,0,24,24,28,0,-2,0,0,0,47,3621,4288,1210,175,26,553,34055,31554,106,1024,39,98,4.38141e+06,0,0,0,0,1,0,402,1828,1198,3611,0,0,0,0,0,0,0,0,1299,-1271,0,0,130
2547.9,0,0,0,0,100,3722,1.60529,0.0134364,1.62132,60,0,24,24,29,0,-2,0,0,0,46,3635,4288,1218,175,26,553,34174,32214,106,1024,68,98,4.42743e+06,0,0,0,0,1,1883,13,0,1211,3611,0,0,0,0,0,0,0,0,1299,-1271,0,0,130
2547.91,0,0,0,0,100,3720,1.60471,0.0134328,1.62182,60,0,24,24,29,0,-2,0,0,0,46,3635,4288,1214,175,26,553,34174,32214,106,1024,68,98,4.41289e+06,0,0,0,0,1,0,0,2129,1212,3602,0,0,0,0,0,0,0,0,1299,-1226,0,0,130
2547.92,0,0,0,0,100,3715,1.60414,0.0134293,1.62232,60,0,24,24,29,0,-2,0,0,0,46,3621,4288,1190,175,26,553,34174,32214,106,1024,68,98,4.30899e+06,0,0,0,0,1,364,1787,0,1218,3634,0,0,0,0,0,0,0,0,1299,-1347,0,0,130
2547.93,0,0,0,0,100,3722,1.60357,0.0134258,1.62282,60,0,24,24,29,0,-2,0,0,0,46,3621,4288,1190,175,26,553,34174,32214,106,1024,68,98,4.30899e+06,0,0,0,0,1,354,0,1645,1190,3598,0,0,0,0,0,0,0,0,1299,-1260,0,0,130
2547.94,0,0,0,0,100,3729,1.603,0.0134223,1.62332,60,0,24,24,29,0,-2,0,0,0,46,3625,4288,1200,175,26,553,34174,32214,106,1024,68,98,4.35e+06,0,0,0,0,1,0,2082,0,1198,3654,0,0,0,0,0,0,0,0,1299,-1219,0,0,130
2547.95,0,0,0,0,100,3729,1.60242,0.0134187,1.62382,60,0,24,24,29,0,-2,0,0,0,46,3625,4288,1210,175,26,553,34174,32214,106,1024,68,98,4.38625e+06,0,0,0,0,1,0,2082,0,1198,3710,0,0,0,0,0,0,0,0,1299,-1424,0,0,130
2547.96,0,0,0,0,100,3730,1.60185,0.0134152,1.62432,60,0,24,24,29,0,-2,0,0,0,46,3625,4288,1227,175,26,553,34174,32214,106,1024,68,98,4.44788e+06,0,0,0,0,1,1774,0,536,1226,3710,0,0,0,0,0,0,0,0,1299,-1424,0,0,130
2547.97,0,0,0,0,100,3727,1.60128,0.0134117,1.62482,60,0,24,24,29,0,-2,0,0,0,46,3625,4288,1227,175,26,553,34174,32214,106,1024,68,98,4.44788e+06,0,0,0,0,1,0,2068,0,1220,3634,0,0,0,0,0,0,0,0,1299,-1334,0,0,130
2547.98,0,0,0,0,100,3729,1.6007,0.0134082,1.62532,60,0,24,24,29,0,-2,0,0,0,46,3621,4286,1213,175,26,553,34174,32214,106,1024,68,98,4.39227e+06,0,0,0,0,1,1913,0,0,1205,3673,0,0,0,0,0,0,0,0,1299,-1211,0,0,130
2547.99,0,0,0,0,100,3738,1.60013,0.0134046,1.62582,60,0,24,24,29,0,-2,0,0,0,46,3621,4286,1201,175,26,553,34174,32214,106,1024,68,98,4.34882e+06,0,0,0,0,1,0,1193,1040,1193,3615,0,0,0,0,0,0,0,0,1299,-1258,0,0,130
2548,0,0,0,0,100,3744,1.59956,0.0134011,1.62632,60,0,24,24,29,0,-2,0,0,0,47,3618,4286,1212,175,26,553,33995,31625,106,1024,65,98,4.38502e+06,0,0,0,0,1,2094,0,0,1209,3628,0,0,0,0,0,0,0,0,1299,-1258,0,0,130
2548.01,0,0,0,0,100,3744,1.60019,0.0133906,1.62604,60,0,24,24,29,0,-2,0,0,0,47,3618,4286,1212,175,26,553,33995,31625,106,1024,65,98,4.38502e+06,0,0,0,0,1,2094,0,0,1209,3628,0,0,0,0,0,0,0,0,1299,-1259,0,0,130
2548.02,0,0,0,0,100,3752,1.60082,0.0133801,1.62576,60,0,24,24,29,0,-2,0,0,0,47,3619,4286,1233,175,26,553,33995,31625,106,1024,65,98,4.46223e+06,0,0,0,0,1,0,1142,1092,1207,3606,0,0,0,0,0,0,0,0,1299,-1259,0,0,130
2548.03,0,0,0,0,100,3749,1.60146,0.0133696,1.62548,60,0,24,24,29,0,-2,0,0,0,47,3619,4286,1231,175,26,553,33995,31625,106,1024,65,98,4.45499e+06,0,0,0,0,1,1819,0,422,1239,3697,0,0,0,0,0,0,0,0,1299,-1419,0,0,130
2548.04,0,0,0,0,100,3744,1.60209,0.0133591,1.6252,60,0,24,24,29,0,-2,0,0,0,47,3619,4286,1223,175,26,553,33995,31625,106,1024,65,98,4.42604e+06,0,0,0,0,1,0,1751,260,1224,3632,0,0,0,0,0,0,0,0,1299,-1260,0,0,130
2548.05,0,0,0,0,100,3747,1.60272,0.0133486,1.62492,60,0,24,24,29,0,-2,0,0,0,47,3619,4286,1223,175,26,553,33995,31625,106,1024,65,98,4.42604e+06,0,0,0,0,1,1921,0,0,1209,3671,0,0,0,0,0,0,0,0,1299,-1224,0,0,130
2548.06,0,0,0,0,100,3763,1.60336,0.0133381,1.62464,60,0,24,24,29,0,-2,0,0,0,47,3611,4288,1214,175,26,553,33995,31625,106,1024,65,98,4.38375e+06,0,0,0,0,1,0,1888,0,1196,3651,0,0,0,0,0,0,0,0,1299,-1259,0,0,130
2548.07,0,0,0,0,100,3763,1.60399,0.0133276,1.62437,60,0,24,24,29,0,-2,0,0,0,47,3611,4288,1221,175,26,553,33995,31625,106,1024,65,98,4.40903e+06,0,0,0,0,1,0,1888,0,1196,3699,0,0,0,0,0,0,0,0,1299,-1418,0,0,130
2548.08,0,0,0,0,100,3773,1.60462,0.0133172,1.62409,60,0,24,24,29,0,-2,0,0,0,47,3611,4288,1235,175,26,553,33995,31625,106,1024,65,98,4.45958e+06,0,0,0,0,1,1836,0,402,1223,3699,0,0,0,0,0,0,0,0,1299,-1418,0,0,130
2548.09,0,0,0,0,100,3769,1.60526,0.0133067,1.62381,60,0,24,24,29,0,-2,0,0,0,47,3611,4288,1235,175,26,553,33995,31625,106,1024,65,98,4.45958e+06,0,0,0,0,1,0,2199,0,1242,3639,0,0,0,0,0,0,0,0,1299,-1288,0,0,130
2548.1,0,0,0,0,100,3765,1.60589,0.0132962,1.62353,60,0,24,24,29,0,-2,0,0,0,48,3621,4288,1228,175,26,553,33983,31694,106,1024,39,98,4.44659e+06,0,0,0,0,1,991,0,1229,1226,3606,0,0,0,0,0,0,0,0,1299,-1299,0,0,130
2548.11,0,0,0,0,100,3768,1.60528,0.0132855,1.62348,60,0,24,24,29,0,-2,0,0,0,48,3613,4288,1212,175,26,553,33983,31694,106,1024,39,98,4.37896e+06,0,0,0,0,1,0,1849,0,1218,3639,0,0,0,0,0,0,0,0,1299,-1220,0,0,130
2548.12,0,0,0,0,100,3775,1.60467,0.0132747,1.62344,60,0,24,24,29,0,-2,0,0,0,48,3613,4288,1208,175,26,553,33983,31694,106,1024,39,98,4.3645e+06,0,0,0,0,1,0,0,2113,1217,3555,0,0,0,0,0,0,0,0,1299,-1329,0,0,130
2548.13,0,0,0,0,100,3775,1.60406,0.013264,1.62339,60,0,24,24,29,0,-2,0,0,0,48,3613,4288,1208,175,26,553,33983,31694,106,1024,39,98,4.3645e+06,0,0,0,0,1,0,0,2113,1217,3613,0,0,0,0,0,0,0,0,1299,-1348,0,0,130
2548.14,0,0,0,0,100,3780,1.60346,0.0132533,1.62334,60,0,24,24,29,0,-2,0,0,0,48,3618,4290,1245,175,26,553,33983,31694,106,1024,39,98,4.50441e+06,0,0,0,0,1,969,1335,0,1216,3613,0,0,0,0,0,0,0,0,1299,-1348,0,0,130
2548.15,0,0,0,0,100,3782,1.60285,0.0132426,1.6233,60,0,24,24,29,0,-2,0,0,0,48,3618,4290,1242,175,26,553,33983,31694,106,1024,39,98,4.49356e+06,0,0,0,0,1,0,0,1924,1233,3585,0,0,0,0,0,0,0,0,1299,-1244,0,0,130
2548.16,0,0,0,0,100,3780,1.60224,0.0132319,1.62325,60,0,24,24,29,0,-2,0,0,0,48,3618,4290,1235,175,26,553,33983,31694,106,1024,39,98,4.46823e+06,0,0,0,0,1,2206,0,0,1246,3596,0,0,0,0,0,0,0,0,1299,-1324,0,0,130
2548.17,0,0,0,0,100,3778,1.60163,0.0132212,1.6232,60,0,24,24,29,0,-2,0,0,0,48,3618,4290,1235,175,26,553,33983,31694,106,1024,39,98,4.46823e+06,0,0,0,0,1,0,1140,1057,1229,3596,0,0,0,0,0,0,0,0,1299,-1300,0,0,130
2548.18,0,0,0,0,100,3785,1.60102,0.0132105,1.62316,60,0,24,24,29,0,-2,0,0,0,48,3607,4290,1221,175,26,553,33983,31694,106,1024,39,98,4.40415e+06,0,0,0,0,1,1885,0,114,1215,3706,0,0,0,0,0,0,0,0,1299,-1303,0,0,130
2548.19,0,0,0,0,100,3785,1.60041,0.0131997,1.62311,60,0,24,24,29,0,-2,0,0,0,48,3609,4290,1223,175,26,553,33983,31694,106,1024,39,98,4.41381e+06,0,0,0,0,1,1885,0,114,1215,3647,0,0,0,0,0,0,0,0,1299,-1250,0,0,130
2548.2,0,0,0,0,100,3790,1.5998,0.013189,1.62306,60,0,24,24,28,0,-2,0,0,0,45,3609,4290,1227,175,26,553,33872,31601,106,1024,66,98,4.42824e+06,0,0,0,0,1,0,2136,0,1223,3647,0,0,0,0,0,0,0,0,1299,-1250,0,0,130
2548.21,0,0,0,0,100,3788,1.59974,0.0132117,1.62272,60,0,24,24,28,0,-2,0,0,0,45,3609,4290,1227,175,27,553,33872,31601,106,1024,66,98,4.42824e+06,0,0,0,0,1,0,0,1987,1248,3559,0,0,0,0,0,0,0,0,1299,-1285,0,0,130
2548.22,0,0,0,0,100,3781,1.59967,0.0132344,1.62237,60,0,24,24,28,0,-2,0,0,0,45,3616,4290,1251,175,27,553,33872,31601,106,1024,66,98,4.52362e+06,0,0,0,0,1,645,1693,0,1248,3606,0,0,0,0,0,0,0,0,1299,-1406,0,0,130
2548.23,0,0,0,0,100,3779,1.5996,0.0132571,1.62203,60,0,24,24,28,0,-2,0,0,0,45,3616,4290,1240,175,27,553,33872,31601,106,1024,66,98,4.48384e+06,0,0,0,0,1,0,0,1983,1223,3606,0,0,0,0,0,0,0,0,1299,-1201,0,0,130
2548.24,0,0,0,0,100,3787,1.59954,0.0132798,1.62169,60,0,24,24,28,0,-2,0,0,0,45,3616,4290,1228,175,27,553,33872,31601,106,1024,66,98,4.44045e+06,0,0,0,0,1,2110,0,0,1215,3578,0,0,0,0,0,0,0,0,1299,-1330,0,0,130
2548.25,0,0,0,0,100,3787,1.59947,0.0133025,1.62134,60,0,24,24,28,0,-2,0,0,0,45,3616,4290,1228,175,27,553,33872,31601,106,1024,66,98,4.44045e+06,0,0,0,0,1,2110,0,0,1215,3587,0,0,0,0,0,0,0,0,1299,-1289,0,0,130
2548.26,0,0,0,0,100,3792,1.5994,0.0133252,1.621,60,0,24,24,28,0,-2,0,0,0,45,3606,4290,1234,175,27,553,33872,31601,106,1024,66,98,4.4498e+06,0,0,0,0,1,0,1201,1034,1219,3587,0,0,0,0,0,0,0,0,1299,-1289,0,0,130
2548.27,0,0,0,0,100,3795,1.59934,0.0133479,1.62065,60,0,24,24,28,0,-2,0,0,0,45,3609,4290,1252,175,27,553,33872,31601,106,1024,66,98,4.51847e+06,0,0,0,0,1,1844,0,405,1241,3684,0,0,0,0,0,0,0,0,1299,-1388,0,0,130
2548.28,0,0,0,0,100,3788,1.59927,0.0133705,1.62031,60,0,24,24,28,0,-2,0,0,0,45,3609,4290,1240,175,27,553,33872,31601,106,1024,66,98,4.47516e+06,0,0,0,0,1,89,1871,0,1254,3634,0,0,0,0,0,0,0,0,1299,-1291,0,0,130
2548.29,0,0,0,0,100,3781,1.5992,0.0133932,1.61996,60,0,24,24,28,0,-2,0,0,0,45,3609,4290,1240,175,27,553,33872,31601,106,1024,66,98,4.47516e+06,0,0,0,0,1,0,0,2036,1239,3550,0,0,0,0,0,0,0,0,1299,-1322,0,0,130
2548.3,0,0,0,0,100,3782,1.59914,0.0134159,1.61962,60,0,24,24,28,0,-2,0,0,0,47,3608,4290,1223,175,27,553,33973,31412,106,1024,65,98,4.41258e+06,0,0,0,0,1,688,1591,0,1212,3624,0,0,0,0,0,0,0,0,1299,-1359,0,0,130
2548.31,0,0,0,0,100,3782,1.5986,0.0134058,1.62,60,0,24,24,28,0,-2,0,0,0,47,3608,4290,1224,175,28,553,33973,31412,106,1024,65,98,4.41619e+06,0,0,0,0,1,688,1591,0,1212,3596,0,0,0,0,0,0,0,0,1299,-1271,0,0,130
2548.32,0,0,0,0,100,3795,1.59807,0.0133957,1.62038,60,0,24,24,28,0,-2,0,0,0,47,3608,4290,1239,175,28,553,33973,31412,106,1024,65,98,4.47031e+06,0,0,0,0,1,0,15,1907,1214,3596,0,0,0,0,0,0,0,0,1299,-1271,0,0,130
2548.33,0,0,0,0,100,3803,1.59754,0.0133855,1.62077,60,0,24,24,28,0,-2,0,0,0,47,3608,4290,1239,175,28,553,33973,31412,106,1024,65,98,4.47031e+06,0,0,0,0,1,2099,0,0,1235,3617,0,0,0,0,0,0,0,0,1299,-1235,0,0,130
2548.34,0,0,0,0,100,3798,1.59701,0.0133754,1.62115,60,0,24,24,28,0,-2,0,0,0,47,3612,4290,1246,175,28,553,33973,31412,106,1024,65,98,4.50055e+06,0,0,0,0,1,0,2150,0,1261,3613,0,0,0,0,0,0,0,0,1299,-1326,0,0,130
2548.35,0,0,0,0,100,3796,1.59647,0.0133653,1.62153,60,0,24,24,28,0,-2,0,0,0,47,3606,4290,1255,175,28,553,33973,31412,106,1024,65,98,4.52553e+06,0,0,0,0,1,678,0,1445,1232,3598,0,0,0,0,0,0,0,0,1299,-1266,0,0,130
2548.36,0,0,0,0,100,3798,1.59594,0.0133551,1.62191,60,0,24,24,28,0,-2,0,0,0,47,3606,4290,1230,175,28,553,33973,31412,106,1024,65,98,4.43538e+06,0,0,0,0,1,538,1736,0,1229,3624,0,0,0,0,0,0,0,0,1299,-1387,0,0,130
2548.37,0,0,0,0,100,3798,1.59541,0.013345,1.62229,60,0,24,24,28,0,-2,0,0,0,47,3606,4290,1230,175,28,553,33973,31412,106,1024,65,98,4.43538e+06,0,0,0,0,1,538,1736,0,1229,3606,0,0,0,0,0,0,0,0,1299,-1274,0,0,130
2548.38,0,0,0,0,100,3806,1.59488,0.0133349,1.62268,60,0,24,24,28,0,-2,0,0,0,47,3603,4290,1244,175,28,553,33973,31412,106,1024,65,98,4.48213e+06,0,0,0,0,1,0,60,1896,1226,3606,0,0,0,0,0,0,0,0,1299,-1274,0,0,130
2548.39,0,0,0,0,100,3812,1.59434,0.0133247,1.62306,60,0,24,24,28,0,-2,0,0,0,47,3603,4294,1257,175,28,553,33973,31412,106,1024,65,98,4.52897e+06,0,0,0,0,1,2011,0,0,1231,3643,0,0,0,0,0,0,0,0,1299,-1219,0,0,130
2548.4,0,0,0,0,100,3816,1.59381,0.0133146,1.62344,60,0,24,24,29,0,-2,0,0,0,47,3603,4294,1279,175,28,553,33883,31515,106,1024,65,98,4.60824e+06,0,0,0,0,1,0,2156,0,1245,3628,0,0,0,0,0,0,0,0,1299,-1261,0,0,130
2548.41,0,0,0,0,100,3817,1.59324,0.0133139,1.62347,60,0,24,24,29,0,-2,0,0,0,47,3603,4294,1279,175,29,553,33883,31515,106,1024,65,98,4.60824e+06,0,0,0,0,1,0,0,2172,1248,3555,0,0,0,0,0,0,0,0,1299,-1296,0,0,130
2548.42,0,0,0,0,100,3818,1.59267,0.0133133,1.62351,60,0,24,24,29,0,-2,0,0,0,47,3604,4294,1240,175,29,553,33883,31515,106,1024,65,98,4.46896e+06,0,0,0,0,1,2088,0,0,1235,3574,0,0,0,0,0,0,0,0,1299,-1306,0,0,130
2548.43,0,0,0,0,100,3818,1.59211,0.0133126,1.62354,60,0,24,24,29,0,-2,0,0,0,47,3598,4294,1253,175,29,553,33883,31515,106,1024,65,98,4.50829e+06,0,0,0,0,1,2088,0,0,1235,3628,0,0,0,0,0,0,0,0,1299,-1303,0,0,130
2548.44,0,0,0,0,100,3831,1.59154,0.0133119,1.62357,60,0,24,24,29,0,-2,0,0,0,47,3598,4294,1246,175,29,553,33883,31515,106,1024,65,98,4.48311e+06,0,0,0,0,1,0,2048,0,1228,3628,0,0,0,0,0,0,0,0,1299,-1303,0,0,130
2548.45,0,0,0,0,100,3838,1.59097,0.0133112,1.6236,60,0,24,24,29,0,-2,0,0,0,47,3598,4294,1246,175,29,553,33883,31515,106,1024,65,98,4.48311e+06,0,0,0,0,1,0,0,2151,1251,3550,0,0,0,0,0,0,0,0,1299,-1326,0,0,130
2548.46,0,0,0,0,100,3836,1.5904,0.0133105,1.62363,60,0,24,24,29,0,-2,0,0,0,47,3607,4294,1263,175,29,553,33883,31515,106,1024,65,98,4.55564e+06,0,0,0,0,1,2200,0,0,1267,3572,0,0,0,0,0,0,0,0,1299,-1340,0,0,130
2548.47,0,0,0,0,100,3834,1.58983,0.0133099,1.62367,60,0,24,24,29,0,-2,0,0,0,47,3607,4296,1266,175,29,553,33883,31515,106,1024,65,98,4.56646e+06,0,0,0,0,1,0,2144,0,1251,3622,0,0,0,0,0,0,0,0,1299,-1308,0,0,130
2548.48,0,0,0,0,100,3839,1.58926,0.0133092,1.6237,60,0,24,24,29,0,-2,0,0,0,47,3607,4296,1274,175,29,553,33883,31515,106,1024,65,98,4.59532e+06,0,0,0,0,1,0,0,2125,1232,3567,0,0,0,0,0,0,0,0,1299,-1261,0,0,130
2548.49,0,0,0,0,100,3839,1.58869,0.0133085,1.62373,60,0,24,24,29,0,-2,0,0,0,47,3607,4296,1274,175,29,553,33883,31515,106,1024,65,98,4.59532e+06,0,0,0,0,1,0,0,2125,1232,3567,0,0,0,0,0,0,0,0,1299,-1263,0,0,130
2548.5,0,0,0,0,100,3851,1.58812,0.0133078,1.62376,60,0,24,24,29,0,-2,0,0,0,48,3598,4296,1256,175,29,553,33749,31611,105,1024,68,98,4.51909e+06,0,0,0,0,1,2159,0,0,1245,3624,0,0,0,0,0,0,0,0,1299,-1263,0,0,130
2548.51,0,0,0,0,100,3855,1.58969,0.0133124,1.62326,60,0,24,24,29,0,-2,0,0,0,48,3598,4296,1262,175,29,553,33749,31611,105,1024,68,98,4.54068e+06,0,0,0,0,1,0,1939,0,1252,3628,0,0,0,0,0,0,0,0,1299,-1303,0,0,130
2548.52,0,0,0,0,100,3857,1.59125,0.013317,1.62275,60,0,24,24,29,0,-2,0,0,0,48,3598,4296,1279,175,30,553,33749,31611,105,1024,68,98,4.60184e+06,0,0,0,0,1,0,138,1913,1272,3593,0,0,0,0,0,0,0,0,1299,-1390,0,0,130
2548.53,0,0,0,0,100,3849,1.59282,0.0133217,1.62225,60,0,24,24,29,0,-2,0,0,0,48,3598,4296,1279,175,30,553,33749,31611,105,1024,68,98,4.60184e+06,0,0,0,0,1,163,0,1803,1267,3561,0,0,0,0,0,0,0,0,1299,-1261,0,0,130
2548.54,0,0,0,0,100,3846,1.59439,0.0133263,1.62174,60,0,24,24,29,0,-2,0,0,0,48,3595,4296,1249,175,30,553,33749,31611,105,1024,68,98,4.49016e+06,0,0,0,0,1,710,1613,0,1259,3593,0,0,0,0,0,0,0,0,1299,-1270,0,0,130
2548.55,0,0,0,0,100,3846,1.59595,0.0133309,1.62123,60,0,24,24,29,0,-2,0,0,0,48,3595,4297,1235,175,30,553,33749,31611,105,1024,68,98,4.43982e+06,0,0,0,0,1,710,1613,0,1259,3622,0,0,0,0,0,0,0,0,1299,-1261,0,0,130
2548.56,0,0,0,0,100,3854,1.59752,0.0133355,1.62073,60,0,24,24,29,0,-2,0,0,0,48,3595,4297,1244,175,30,553,33749,31611,105,1024,68,98,4.47218e+06,0,0,0,0,1,0,1900,0,1235,3622,0,0,0,0,0,0,0,0,1299,-1261,0,0,130
2548.57,0,0,0,0,100,3863,1.59909,0.0133401,1.62022,60,0,24,24,29,0,-2,0,0,0,48,3595,4297,1244,175,30,553,33749,31611,105,1024,68,98,4.47218e+06,0,0,0,0,1,0,0,2127,1239,3557,0,0,0,0,0,0,0,0,1299,-1268,0,0,130
2548.58,0,0,0,0,100,3863,1.60065,0.0133447,1.61972,60,0,24,24,29,0,-2,0,0,0,48,3600,4297,1279,175,30,553,33749,31611,105,1024,68,98,4.6044e+06,0,0,0,0,1,2003,0,0,1272,3613,0,0,0,0,0,0,0,0,1299,-1207,0,0,130
2548.59,0,0,0,0,100,3856,1.60222,0.0133493,1.61921,60,0,24,24,29,0,-2,0,0,0,48,3601,4297,1272,175,30,553,33749,31611,105,1024,68,98,4.58047e+06,0,0,0,0,1,90,1871,0,1267,3628,0,0,0,0,0,0,0,0,1299,-1290,0,0,130
2548.6,0,0,0,0,100,3853,1.60378,0.0133539,1.61871,60,0,24,24,29,0,-2,0,0,0,47,3601,4297,1274,175,30,553,33870,31312,105,1024,39,98,4.58767e+06,0,0,0,0,1,0,416,1848,1264,3600,0,0,0,0,0,0,0,0,1299,-1393,0,0,130
2548.61,0,0,0,0,100,3853,1.60413,0.0133522,1.61879,60,0,24,24,29,0,-2,0,0,0,47,3601,4297,1274,175,30,553,33870,31312,105,1024,39,98,4.58767e+06,0,0,0,0,1,0,416,1848,1264,3647,0,0,0,0,0,0,0,0,1299,-1367,0,0,130
2548.62,0,0,0,0,100,3857,1.60447,0.0133506,1.61888,60,0,24,24,29,0,-2,0,0,0,47,3592,4297,1236,175,30,553,33870,31312,105,1024,39,98,4.43971e+06,0,0,0,0,1,1448,0,875,1249,3647,0,0,0,0,0,0,0,0,1299,-1367,0,0,130
2548.63,0,0,0,0,100,3858,1.60482,0.0133489,1.61896,60,0,24,24,29,0,-2,0,0,0,47,3592,4297,1252,175,30,553,33870,31312,105,1024,39,98,4.49718e+06,0,0,0,0,1,1653,394,0,1254,3583,0,0,0,0,0,0,0,0,1299,-1270,0,0,130
2548.64,0,0,0,0,100,3859,1.60516,0.0133472,1.61905,60,0,24,24,29,0,-2,0,0,0,47,3592,4297,1271,175,30,553,33870,31312,105,1024,39,98,4.56543e+06,0,0,0,0,1,0,2105,0,1267,3606,0,0,0,0,0,0,0,0,1299,-1329,0,0,130
2548.65,0,0,0,0,100,3858,1.60551,0.0133455,1.61913,60,0,24,24,29,0,-2,0,0,0,47,3592,4297,1271,175,30,553,33870,31312,105,1024,39,98,4.56543e+06,0,0,0,0,1,0,0,2188,1254,3548,0,0,0,0,0,0,0,0,1299,-1297,0,0,130
2548.66,0,0,0,0,100,3856,1.60585,0.0133438,1.61922,60,0,24,24,29,0,-2,0,0,0,47,3591,4297,1258,175,30,553,33870,31312,105,1024,39,98,4.51748e+06,0,0,0,0,1,1973,0,0,1255,3619,0,0,0,0,0,0,0,0,1299,-1197,0,0,130
2548.67,0,0,0,0,100,3856,1.6062,0.0133422,1.6193,60,0,24,24,29,0,-2,0,0,0,47,3591,4297,1261,175,30,553,33870,31312,105,1024,39,98,4.52825e+06,0,0,0,0,1,1973,0,0,1255,3649,0,0,0,0,0,0,0,0,1299,-1287,0,0,130
2548.68,0,0,0,0,100,3861,1.60654,0.0133405,1.61939,60,0,24,24,29,0,-2,0,0,0,47,3591,4297,1247,175,30,553,33870,31312,105,1024,39,98,4.47798e+06,0,0,0,0,1,143,1833,0,1239,3649,0,0,0,0,0,0,0,0,1299,-1287,0,0,130
2548.69,0,0,0,0,100,3866,1.60689,0.0133388,1.61947,60,0,24,24,29,0,-2,0,0,0,47,3591,4297,1247,175,30,553,33870,31312,105,1024,39,98,4.47798e+06,0,0,0,0,1,0,708,1598,1250,3572,0,0,0,0,0,0,0,0,1299,-1377,0,0,130
2548.7,0,0,0,0,100,3865,1.60723,0.0133371,1.61956,60,0,24,24,28,0,-2,0,0,0,46,3593,4297,1271,175,30,553,33771,31252,106,1024,39,98,4.5667e+06,0,0,0,0,1,313,0,1703,1275,3561,0,0,0,0,0,0,0,0,1299,-1261,0,0,130
2548.71,0,0,0,0,100,3860,1.60527,0.0133414,1.61974,60,0,24,24,28,0,-2,0,0,0,46,3593,4297,1269,175,30,553,33771,31252,106,1024,39,98,4.55952e+06,0,0,0,0,1,2137,0,0,1270,3559,0,0,0,0,0,0,0,0,1299,-1335,0,0,130
2548.72,0,0,0,0,100,3863,1.6033,0.0133457,1.61993,60,0,24,24,28,0,-2,0,0,0,46,3592,4297,1275,175,30,553,33771,31252,106,1024,39,98,4.5798e+06,0,0,0,0,1,0,2132,0,1249,3641,0,0,0,0,0,0,0,0,1299,-1248,0,0,130
2548.73,0,0,0,0,100,3863,1.60134,0.01335,1.62012,60,0,24,24,28,0,-2,0,0,0,46,3592,4297,1275,175,30,553,33771,31252,106,1024,39,98,4.5798e+06,0,0,0,0,1,0,2132,0,1249,3587,0,0,0,0,0,0,0,0,1299,-1287,0,0,130
2548.74,0,0,0,0,100,3876,1.59937,0.0133543,1.6203,60,0,24,24,28,0,-2,0,0,0,46,3593,4297,1251,175,30,553,33771,31252,106,1024,39,98,4.49484e+06,0,0,0,0,1,0,68,1885,1238,3587,0,0,0,0,0,0,0,0,1299,-1287,0,0,130
2548.75,0,0,0,0,100,3882,1.59741,0.0133587,1.62049,60,0,24,24,28,0,-2,0,0,0,46,3593,4297,1268,175,30,553,33771,31252,106,1024,39,98,4.55592e+06,0,0,0,0,1,1288,0,1008,1259,3602,0,0,0,0,0,0,0,0,1299,-1355,0,0,130
2548.76,0,0,0,0,100,3886,1.59544,0.013363,1.62068,60,0,24,24,28,0,-2,0,0,0,46,3593,4297,1279,175,30,553,33771,31252,106,1024,39,98,4.59545e+06,0,0,0,0,1,2143,0,0,1267,3552,0,0,0,0,0,0,0,0,1299,-1317,0,0,130
2548.77,0,0,0,0,100,3884,1.59348,0.0133673,1.62086,60,0,24,24,28,0,-2,0,0,0,46,3593,4297,1279,175,30,553,33771,31252,106,1024,39,98,4.59545e+06,0,0,0,0,1,0,1918,0,1269,3624,0,0,0,0,0,0,0,0,1299,-1230,0,0,130
2548.78,0,0,0,0,100,3885,1.59151,0.0133716,1.62105,60,0,24,24,28,0,-2,0,0,0,46,3592,4293,1277,175,30,553,33771,31252,106,1024,39,98,4.58698e+06,0,0,0,0,1,0,1525,571,1261,3578,0,0,0,0,0,0,0,0,1299,-1251,0,0,130
2548.79,0,0,0,0,100,3885,1.58955,0.0133759,1.62124,60,0,24,24,28,0,-2,0,0,0,46,3592,4293,1277,175,30,553,33771,31252,106,1024,39,98,4.58698e+06,0,0,0,0,1,0,1525,571,1261,3535,0,0,0,0,0,0,0,0,1299,-1295,0,0,130
2548.8,0,0,0,0,100,3891,1.58758,0.0133802,1.62142,60,0,24,24,29,0,-2,0,0,0,48,3585,4293,1255,175,30,553,33810,31344,106,1024,65,98,4.49918e+06,0,0,0,0,1,0,0,2086,1250,3535,0,0,0,0,0,0,0,0,1299,-1295,0,0,130
2548.81,0,0,0,0,100,3904,1.58841,0.0133664,1.62101,60,0,24,24,29,0,-2,0,0,0,48,3585,4293,1255,175,30,553,33810,31344,106,1024,65,98,4.49918e+06,0,0,0,0,1,1917,0,76,1260,3660,0,0,0,0,0,0,0,0,1299,-1303,0,0,130
2548.82,0,0,0,0,100,3913,1.58923,0.0133526,1.6206,60,0,24,24,29,0,-2,0,0,0,48,3597,4293,1278,175,30,553,33810,31344,106,1024,65,98,4.59697e+06,0,0,0,0,1,1964,0,0,1280,3548,0,0,0,0,0,0,0,0,1299,-1303,0,0,130
2548.83,0,0,0,0,100,3909,1.59005,0.0133388,1.62019,60,0,24,24,29,0,-2,0,0,0,48,3597,4293,1302,175,30,553,33810,31344,106,1024,65,98,4.68329e+06,0,0,0,0,1,0,1878,0,1290,3615,0,0,0,0,0,0,0,0,1299,-1246,0,0,130
2548.84,0,0,0,0,100,3913,1.59087,0.013325,1.61978,60,0,24,24,29,0,-2,0,0,0,48,3597,4293,1295,175,30,553,33810,31344,106,1024,65,98,4.65812e+06,0,0,0,0,1,0,1660,342,1273,3589,0,0,0,0,0,0,0,0,1299,-1258,0,0,130
2548.85,0,0,0,0,100,3913,1.59169,0.0133112,1.61937,60,0,24,24,29,0,-2,0,0,0,48,3597,4293,1295,175,30,553,33810,31344,106,1024,65,98,4.65812e+06,0,0,0,0,1,0,1660,342,1273,3581,0,0,0,0,0,0,0,0,1299,-1235,0,0,130
2548.86,0,0,0,0,100,3920,1.59251,0.0132975,1.61896,60,0,24,24,29,0,-2,0,0,0,48,3580,4289,1271,175,30,553,33810,31344,106,1024,65,98,4.55018e+06,0,0,0,0,1,0,0,1908,1272,3581,0,0,0,0,0,0,0,0,1299,-1235,0,0,130
2548.87,0,0,0,0,100,3926,1.59333,0.0132837,1.61855,60,0,24,24,29,0,-2,0,0,0,48,3580,4289,1280,175,30,553,33810,31344,106,1024,65,98,4.5824e+06,0,0,0,0,1,0,0,1946,1280,3544,0,0,0,0,0,0,0,0,1299,-1296,0,0,130
2548.88,0,0,0,0,100,3929,1.59415,0.0132699,1.61814,60,0,24,24,29,0,-2,0,0,0,48,3581,4289,1279,175,30,553,33810,31344,106,1024,65,98,4.5801e+06,0,0,0,0,1,1883,0,244,1292,3604,0,0,0,0,0,0,0,0,1299,-1374,0,0,130
2548.89,0,0,0,0,100,3929,1.59497,0.0132561,1.61773,60,0,24,24,29,0,-2,0,0,0,48,3581,4289,1279,175,30,553,33810,31344,106,1024,65,98,4.5801e+06,0,0,0,0,1,2159,0,0,1283,3533,0,0,0,0,0,0,0,0,1299,-1304,0,0,130
2548.9,0,0,0,0,100,3932,1.5958,0.0132423,1.61732,60,0,24,24,28,0,-2,0,0,0,48,3590,4289,1308,175,30,553,33642,31369,106,1024,39,98,4.69572e+06,0,0,0,0,1,778,1513,0,1286,3598,0,0,0,0,0,0,0,0,1299,-1354,0,0,130
2548.91,0,0,0,0,100,3932,1.59492,0.0132442,1.61748,60,0,24,24,28,0,-2,0,0,0,48,3590,4289,1282,175,30,553,33642,31369,106,1024,39,98,4.60238e+06,0,0,0,0,1,778,1513,0,1286,3608,0,0,0,0,0,0,0,0,1299,-1189,0,0,130
2548.92,0,0,0,0,100,3935,1.59404,0.0132461,1.61764,60,0,24,24,28,0,-2,0,0,0,48,3590,4289,1288,175,30,553,33642,31369,106,1024,39,98,4.62392e+06,0,0,0,0,1,0,1984,0,1269,3608,0,0,0,0,0,0,0,0,1299,-1189,0,0,130
2548.93,0,0,0,0,100,3944,1.59316,0.0132481,1.6178,60,0,24,24,28,0,-2,0,0,0,48,3590,4289,1288,175,30,553,33642,31369,106,1024,39,98,4.62392e+06,0,0,0,0,1,0,1982,0,1281,3598,0,0,0,0,0,0,0,0,1299,-1280,0,0,130
2548.94,0,0,0,0,100,3942,1.59228,0.01325,1.61795,60,0,24,24,28,0,-2,0,0,0,48,3584,4294,1286,175,30,553,33642,31369,106,1024,39,98,4.60902e+06,0,0,0,0,1,0,533,1813,1303,3591,0,0,0,0,0,0,0,0,1299,-1450,0,0,130
2548.95,0,0,0,0,100,3932,1.59141,0.0132519,1.61811,60,0,24,24,28,0,-2,0,0,0,48,3584,4294,1289,175,30,553,33642,31369,106,1024,39,98,4.61978e+06,0,0,0,0,1,0,0,2211,1297,3544,0,0,0,0,0,0,0,0,1299,-1274,0,0,130
2548.96,0,0,0,0,100,3931,1.59053,0.0132538,1.61827,60,0,24,24,28,0,-2,0,0,0,48,3587,4294,1302,175,30,553,33642,31369,106,1024,39,98,4.67027e+06,0,0,0,0,1,848,0,1301,1278,3581,0,0,0,0,0,0,0,0,1299,-1276,0,0,130
2548.97,0,0,0,0,100,3931,1.58965,0.0132558,1.61843,60,0,24,24,28,0,-2,0,0,0,48,3587,4294,1302,175,30,553,33642,31369,106,1024,39,98,4.67027e+06,0,0,0,0,1,848,0,1301,1278,3637,0,0,0,0,0,0,0,0,1299,-1288,0,0,130
2548.98,0,0,0,0,100,3941,1.58877,0.0132577,1.61859,60,0,24,24,28,0,-2,0,0,0,48,3586,4294,1277,175,30,553,33642,31369,106,1024,39,98,4.57932e+06,0,0,0,0,1,1909,0,12,1266,3637,0,0,0,0,0,0,0,0,1299,-1288,0,0,130
2548.99,0,0,0,0,100,3946,1.5879,0.0132596,1.61875,60,0,24,24,28,0,-2,0,0,0,48,3586,4294,1271,175,30,553,33642,31369,106,1024,39,98,4.55781e+06,0,0,0,0,1,2149,0,0,1284,3550,0,0,0,0,0,0,0,0,1299,-1273,0,0,130
2549,0,0,0,0,100,3944,1.58702,0.0132616,1.61891,60,0,24,24,29,0,-2,0,0,0,49,3586,4294,1290,175,30,527,33658,31201,106,1024,39,98,4.62594e+06,0,0,0,0,1,1349,775,0,1287,3572,0,0,0,0,0,0,0,0,1299,-1257,0,0,130
2549.01,0,0,0,0,100,3938,1.58784,0.013268,1.61893,60,0,24,24,29,0,-2,0,0,0,49,3586,4294,1290,175,30,527,33658,31201,106,1024,39,98,4.62594e+06,0,0,0,0,1,61,1907,0,1302,3606,0,0,0,0,0,0,0,0,1299,-1421,0,0,130
2549.02,0,0,0,0,100,3934,1.58867,0.0132745,1.61896,60,0,24,24,29,0,-2,0,0,0,49,3582,4294,1289,175,30,527,33658,31201,106,1024,39,98,4.6172e+06,0,0,0,0,1,0,2142,0,1299,3593,0,0,0,0,0,0,0,0,1299,-1266,0,0,130
2549.03,0,0,0,0,100,3934,1.58949,0.0132809,1.61899,60,0,24,24,29,0,-2,0,0,0,49,3582,4294,1285,175,30,527,33658,31201,106,1024,39,98,4.60287e+06,0,0,0,0,1,0,2142,0,1299,3593,0,0,0,0,0,0,0,0,1299,-1282,0,0,130
2549.04,0,0,0,0,100,3938,1.59031,0.0132874,1.61902,60,0,24,24,29,0,-2,0,0,0,49,3579,4294,1280,175,31,527,33658,31201,106,1024,39,98,4.58112e+06,0,0,0,0,1,0,1986,0,1270,3613,0,0,0,0,0,0,0,0,1299,-1282,0,0,130
2549.05,0,0,0,0,100,3946,1.59114,0.0132938,1.61905,60,0,24,24,29,0,-2,0,0,0,49,3579,4294,1280,175,31,527,33658,31201,106,1024,39,98,4.58112e+06,0,0,0,0,1,0,0,1907,1274,3613,0,0,0,0,0,0,0,0,1299,-1357,0,0,130
2549.06,0,0,0,0,100,3950,1.59196,0.0133003,1.61907,60,0,24,24,29,0,-2,0,0,0,49,3587,4294,1296,175,31,527,33658,31201,106,1024,39,98,4.64875e+06,0,0,0,0,1,0,0,2148,1296,3537,0,0,0,0,0,0,0,0,1299,-1273,0,0,130
2549.07,0,0,0,0,100,3943,1.59279,0.0133067,1.6191,60,0,24,24,29,0,-2,0,0,0,49,3587,4294,1300,175,31,527,33658,31201,106,1024,39,98,4.6631e+06,0,0,0,0,1,323,0,1694,1305,3535,0,0,0,0,0,0,0,0,1299,-1271,0,0,130
2549.08,0,0,0,0,100,3945,1.59361,0.0133132,1.61913,60,0,24,24,29,0,-2,0,0,0,49,3587,4294,1313,175,31,527,33658,31201,106,1024,39,98,4.70973e+06,0,0,0,0,1,1885,0,290,1288,3585,0,0,0,0,0,0,0,0,1299,-1380,0,0,130
2549.09,0,0,0,0,100,3945,1.59444,0.0133197,1.61916,60,0,24,24,29,0,-2,0,0,0,49,3587,4294,1313,175,31,527,33658,31201,106,1024,39,98,4.70973e+06,0,0,0,0,1,1885,0,290,1288,3585,0,0,0,0,0,0,0,0,1299,-1215,0,0,130
2549.1,0,0,0,0,100,3952,1.59526,0.0133261,1.61918,60,0,24,24,29,0,-2,0,0,0,48,3576,4294,1282,175,31,527,33649,31398,106,1024,87,98,4.58443e+06,0,0,0,0,1,2069,0,0,1276,3617,0,0,0,0,0,0,0,0,1299,-1215,0,0,130
2549.11,0,0,0,0,100,3956,1.59508,0.013326,1.6187,60,0,24,24,29,0,-2,0,0,0,48,3576,4294,1288,175,31,527,33649,31398,106,1024,87,98,4.60589e+06,0,0,0,0,1,2017,0,0,1283,3541,0,0,0,0,0,0,0,0,1299,-1294,0,0,130
2549.12,0,0,0,0,100,3958,1.59489,0.0133259,1.61821,60,0,24,24,29,0,-2,0,0,0,48,3576,4294,1295,175,31,527,33649,31398,106,1024,87,98,4.63092e+06,0,0,0,0,1,1003,1330,0,1297,3572,0,0,0,0,0,0,0,0,1299,-1362,0,0,130
2549.13,0,0,0,0,100,3958,1.59471,0.0133258,1.61773,60,0,24,24,29,0,-2,0,0,0,48,3576,4294,1295,175,31,527,33649,31398,106,1024,87,98,4.63092e+06,0,0,0,0,1,155,1853,0,1288,3602,0,0,0,0,0,0,0,0,1299,-1305,0,0,130
2549.14,0,0,0,0,100,3964,1.59452,0.0133257,1.61724,60,0,24,24,29,0,-2,0,0,0,48,3583,4294,1316,175,32,527,33649,31398,106,1024,87,98,4.71523e+06,0,0,0,0,1,0,2039,0,1289,3608,0,0,0,0,0,0,0,0,1299,-1201,0,0,130
2549.15,0,0,0,0,100,3964,1.59434,0.0133256,1.61675,60,0,24,24,29,0,-2,0,0,0,48,3575,4294,1315,175,32,527,33649,31398,106,1024,87,98,4.70112e+06,0,0,0,0,1,0,2039,0,1289,3593,0,0,0,0,0,0,0,0,1299,-1276,0,0,130
2549.16,0,0,0,0,100,3972,1.59416,0.0133254,1.61627,60,0,24,24,29,0,-2,0,0,0,48,3575,4294,1310,175,32,527,33649,31398,106,1024,87,98,4.68325e+06,0,0,0,0,1,0,2109,0,1281,3593,0,0,0,0,0,0,0,0,1299,-1276,0,0,130
2549.17,0,0,0,0,100,3983,1.59397,0.0133253,1.61578,60,0,24,24,29,0,-2,0,0,0,48,3575,4294,1310,175,32,527,33649,31398,106,1024,87,98,4.68325e+06,0,0,0,0,1,0,2023,0,1292,3583,0,0,0,0,0,0,0,0,1299,-1298,0,0,130
2549.18,0,0,0,0,100,3983,1.59379,0.0133252,1.61529,60,0,24,24,29,0,-2,0,0,0,48,3571,4294,1316,175,32,527,33649,31398,106,1024,87,98,4.69944e+06,0,0,0,0,1,0,1769,244,1321,3578,0,0,0,0,0,0,0,0,1299,-1268,0,0,130
2549.19,0,0,0,0,100,3979,1.5936,0.0133251,1.61481,60,0,24,24,29,0,-2,0,0,0,48,3571,4294,1327,175,32,527,33649,31398,106,1024,87,98,4.73872e+06,0,0,0,0,1,0,1183,1096,1316,3546,0,0,0,0,0,0,0,0,1299,-1321,0,0,130
2549.2,0,0,0,0,100,3984,1.59342,0.013325,1.61432,60,0,24,24,30,0,-2,0,0,0,48,3571,4264,1328,175,32,527,33589,31480,106,0,68,98,4.74229e+06,0,0,0,0,1,0,747,1547,1297,3581,0,0,0,0,0,0,0,0,1299,-1372,0,0,130
2549.21,0,0,0,0,100,3984,1.59286,0.0133049,1.61535,60,0,24,24,30,0,-2,0,0,0,48,3571,4264,1328,175,32,527,33589,31480,106,0,68,98,4.74229e+06,0,0,0,0,1,0,747,1547,1297,3622,0,0,0,0,0,0,0,0,1299,-1359,0,0,130
2549.22,0,0,0,0,100,3997,1.59231,0.0132848,1.61639,60,0,24,24,30,0,-2,0,0,0,48,3571,4264,1310,175,32,527,33589,31480,106,0,68,98,4.67801e+06,0,0,0,0,1,0,644,1639,1282,3622,0,0,0,0,0,0,0,0,1299,-1359,0,0,130
2549.23,0,0,0,0,100,4004,1.59176,0.0132646,1.61742,60,0,24,24,30,0,-2,0,0,0,48,3569,4264,1312,175,32,527,33589,31480,106,0,68,98,4.68253e+06,0,0,0,0,1,0,818,1530,1320,3546,0,0,0,0,0,0,0,0,1299,-1388,0,0,130
2549.24,0,0,0,0,100,4009,1.5912,0.0132445,1.61845,60,0,24,24,30,0,-2,0,0,0,48,3569,4264,1316,175,32,527,33589,31480,106,0,68,98,4.6968e+06,0,0,0,0,1,0,1045,1309,1331,3531,0,0,0,0,0,0,0,0,1299,-1357,0,0,130
2549.25,0,0,0,0,100,4007,1.59065,0.0132244,1.61948,60,0,24,24,30,0,-2,0,0,0,48,3569,4264,1316,175,33,527,33589,31480,106,0,68,98,4.6968e+06,0,0,0,0,1,0,1298,934,1331,3533,0,0,0,0,0,0,0,0,1299,-1302,0,0,130
2549.26,0,0,0,0,100,4005,1.59009,0.0132042,1.62052,60,0,24,24,30,0,-2,0,0,0,48,3571,4264,1333,175,33,527,33589,31480,106,0,68,98,4.76014e+06,0,0,0,0,1,0,1503,604,1330,3541,0,0,0,0,0,0,0,0,1299,-1268,0,0,130
2549.27,0,0,0,0,100,4005,1.58954,0.0131841,1.62155,60,0,24,24,30,0,-2,0,0,0,48,3571,4264,1313,175,33,527,33589,31480,106,0,68,98,4.68872e+06,0,0,0,0,1,0,1503,604,1330,3572,0,0,0,0,0,0,0,0,1299,-1237,0,0,130
2549.28,0,0,0,0,100,4010,1.58899,0.013164,1.62258,60,0,24,24,30,0,-2,0,0,0,48,3571,4264,1318,175,33,527,33589,31480,106,0,68,98,4.70658e+06,0,0,0,0,1,0,1734,225,1316,3572,0,0,0,0,0,0,0,0,1299,-1237,0,0,130
2549.29,0,0,0,0,100,4019,1.58843,0.0131439,1.62361,60,0,24,24,30,0,-2,0,0,0,48,3571,4264,1318,175,33,527,33589,31480,106,0,68,98,4.70658e+06,0,0,0,0,1,0,2136,0,1311,3600,0,0,0,0,0,0,0,0,1299,-1181,0,0,130
2549.3,0,0,0,0,100,4023,1.58788,0.0131237,1.62465,60,0,24,24,29,0,-2,0,0,0,49,3562,4264,1340,175,33,527,33489,31194,106,0,64,98,4.77308e+06,0,0,0,0,1,0,2167,0,1337,3591,0,0,0,0,0,0,0,0,1299,-1279,0,0,130
2549.31,0,0,0,0,100,4017,1.58869,0.0131378,1.62422,60,0,24,24,29,0,-2,0,0,0,49,3572,4264,1324,175,33,527,33489,31194,106,0,64,98,4.72933e+06,0,0,0,0,1,0,2077,0,1348,3589,0,0,0,0,0,0,0,0,1299,-1220,0,0,130
2549.32,0,0,0,0,100,4019,1.58951,0.0131518,1.6238,60,0,24,24,29,0,-2,0,0,0,49,3572,4264,1340,175,33,527,33489,31194,106,0,64,98,4.78648e+06,0,0,0,0,1,0,1883,0,1334,3596,0,0,0,0,0,0,0,0,1299,-1205,0,0,130
2549.33,0,0,0,0,100,4019,1.59033,0.0131659,1.62337,60,0,24,24,29,0,-2,0,0,0,49,3572,4264,1340,175,33,527,33489,31194,106,0,64,98,4.78648e+06,0,0,0,0,1,0,1883,0,1334,3557,0,0,0,0,0,0,0,0,1299,-1362,0,0,130
2549.34,0,0,0,0,100,4022,1.59114,0.0131799,1.62295,60,0,24,24,29,0,-2,0,0,0,49,3564,4264,1308,175,33,527,33489,31194,106,0,64,98,4.66171e+06,0,0,0,0,1,286,1866,0,1338,3557,0,0,0,0,0,0,0,0,1299,-1362,0,0,130
2549.35,0,0,0,0,100,4022,1.59196,0.013194,1.62253,60,0,24,24,29,0,-2,0,0,0,49,3564,4264,1306,175,34,527,33489,31194,106,0,64,98,4.65458e+06,0,0,0,0,1,649,1658,0,1343,3552,0,0,0,0,0,0,0,0,1299,-1391,0,0,130
2549.36,0,0,0,0,100,4019,1.59277,0.013208,1.6221,60,0,24,24,29,0,-2,0,0,0,49,3562,4264,1312,175,34,527,33489,31194,106,0,64,98,4.67334e+06,0,0,0,0,1,1112,1138,0,1340,3565,0,0,0,0,0,0,0,0,1299,-1316,0,0,130
2549.37,0,0,0,0,100,4018,1.59359,0.0132221,1.62168,60,0,24,24,29,0,-2,0,0,0,49,3562,4264,1312,175,34,527,33489,31194,106,0,64,98,4.67334e+06,0,0,0,0,1,1657,339,0,1334,3541,0,0,0,0,0,0,0,0,1299,-1242,0,0,130
2549.38,0,0,0,0,100,4020,1.5944,0.0132361,1.62125,60,0,24,24,29,0,-2,0,0,0,49,3569,4264,1334,175,34,527,33489,31194,106,0,64,98,4.76105e+06,0,0,0,0,1,2055,0,0,1338,3509,0,0,0,0,0,0,0,0,1299,-1299,0,0,130
2549.39,0,0,0,0,100,4020,1.59522,0.0132501,1.62083,60,0,24,24,29,0,-2,0,0,0,49,3569,4264,1322,175,34,527,33489,31194,106,0,64,98,4.71822e+06,0,0,0,0,1,2055,0,0,1338,3514,0,0,0,0,0,0,0,0,1299,-1272,0,0,130
2549.4,0,0,0,0,100,4026,1.59604,0.0132642,1.6204,60,0,24,24,29,0,-2,0,0,0,49,3556,4264,1310,175,34,527,33598,31034,106,0,65,98,4.65836e+06,0,0,0,0,1,2161,0,0,1334,3514,0,0,0,0,0,0,0,0,1299,-1272,0,0,130
2549.41,0,0,0,0,100,4026,1.59642,0.0132467,1.62033,60,0,24,24,29,0,-2,0,0,0,49,3556,4264,1310,175,34,527,33598,31034,106,0,65,98,4.65836e+06,0,0,0,0,1,1997,0,0,1357,3587,0,0,0,0,0,0,0,0,1299,-1204,0,0,130
2549.42,0,0,0,0,100,4019,1.5968,0.0132292,1.62025,60,0,24,24,29,0,-2,0,0,0,49,3556,4264,1329,175,34,527,33598,31034,106,0,65,98,4.72592e+06,0,0,0,0,1,1895,0,27,1364,3593,0,0,0,0,0,0,0,0,1299,-1276,0,0,130
2549.43,0,0,0,0,100,4013,1.59718,0.0132117,1.62017,60,0,24,24,29,0,-2,0,0,0,49,3567,4264,1335,175,34,527,33598,31034,106,0,65,98,4.76194e+06,0,0,0,0,1,1872,0,225,1342,3563,0,0,0,0,0,0,0,0,1299,-1343,0,0,130
2549.44,0,0,0,0,100,4019,1.59756,0.0131942,1.6201,60,0,24,24,29,0,-2,0,0,0,49,3567,4264,1335,175,34,527,33598,31034,106,0,65,98,4.76194e+06,0,0,0,0,1,1765,0,500,1324,3559,0,0,0,0,0,0,0,0,1299,-1402,0,0,130
2549.45,0,0,0,0,100,4019,1.59794,0.0131767,1.62002,60,0,24,24,29,0,-2,0,0,0,49,3567,4264,1335,175,35,527,33598,31034,106,0,65,98,4.76194e+06,0,0,0,0,1,1765,0,500,1324,3555,0,0,0,0,0,0,0,0,1299,-1298,0,0,130
2549.46,0,0,0,0,100,4033,1.59831,0.0131592,1.61994,60,0,24,24,29,0,-2,0,0,0,49,3557,4264,1316,175,35,527,33598,31034,106,0,65,98,4.68101e+06,0,0,0,0,1,866,0,1309,1333,3555,0,0,0,0,0,0,0,0,1299,-1298,0,0,130
2549.47,0,0,0,0,100,4034,1.59869,0.0131417,1.61986,60,0,24,24,29,0,-2,0,0,0,49,3557,4264,1333,175,35,527,33598,31034,106,0,65,98,4.74148e+06,0,0,0,0,1,0,0,2106,1365,3494,0,0,0,0,0,0,0,0,1299,-1325,0,0,130
2549.48,0,0,0,0,100,4032,1.59907,0.0131241,1.61979,60,0,24,24,29,0,-2,0,0,0,49,3564,4264,1328,175,35,527,33598,31034,106,0,65,98,4.73299e+06,0,0,0,0,1,0,0,2165,1361,3509,0,0,0,0,0,0,0,0,1299,-1274,0,0,130
2549.49,0,0,0,0,100,4029,1.59945,0.0131066,1.61971,60,0,24,24,29,0,-2,0,0,0,49,3564,4264,1328,175,35,527,33598,31034,106,0,65,98,4.73299e+06,0,0,0,0,1,0,0,1918,1360,3535,0,0,0,0,0,0,0,0,1299,-1223,0,0,130
2549.5,0,0,0,0,100,4033,1.59983,0.0130891,1.61963,60,0,24,24,29,0,-2,0,0,0,47,3565,4264,1357,175,35,527,33466,31248,106,0,65,98,4.8377e+06,0,0,0,0,1,0,437,1793,1353,3567,0,0,0,0,0,0,0,0,1299,-1400,0,0,130
2549.51,0,0,0,0,100,4033,1.60001,0.0130649,1.61994,60,0,24,24,29,0,-2,0,0,0,47,3565,4264,1346,175,35,527,33466,31248,106,0,65,98,4.79849e+06,0,0,0,0,1,0,437,1793,1353,3535,0,0,0,0,0,0,0,0,1299,-1284,0,0,130
2549.52,0,0,0,0,100,4043,1.6002,0.0130407,1.62026,60,0,24,24,29,0,-2,0,0,0,47,3565,4264,1324,175,35,527,33466,31248,106,0,65,98,4.72006e+06,0,0,0,0,1,0,1392,721,1349,3535,0,0,0,0,0,0,0,0,1299,-1284,0,0,130
2549.53,0,0,0,0,100,4052,1.60038,0.0130165,1.62057,60,0,24,24,29,0,-2,0,0,0,47,3565,4264,1324,175,35,527,33466,31248,106,0,65,98,4.72006e+06,0,0,0,0,1,0,2195,0,1367,3567,0,0,0,0,0,0,0,0,1299,-1206,0,0,130
2549.54,0,0,0,0,100,4052,1.60056,0.0129923,1.62088,60,0,24,24,29,0,-2,0,0,0,47,3552,4264,1362,175,35,527,33466,31248,106,0,65,98,4.83782e+06,0,0,0,0,1,1327,906,0,1379,3537,0,0,0,0,0,0,0,0,1299,-1313,0,0,130
2549.55,0,0,0,0,100,4053,1.60074,0.0129681,1.62119,60,0,24,24,29,0,-2,0,0,0,47,3564,4264,1371,175,35,527,33466,31248,106,0,65,98,4.88624e+06,0,0,0,0,1,1194,1031,0,1364,3544,0,0,0,0,0,0,0,0,1299,-1267,0,0,130
2549.56,0,0,0,0,100,4062,1.60092,0.0129438,1.6215,60,0,24,24,29,0,-2,0,0,0,47,3564,4264,1371,175,35,527,33466,31248,106,0,65,98,4.88624e+06,0,0,0,0,1,2182,0,0,1366,3593,0,0,0,0,0,0,0,0,1299,-1194,0,0,130
2549.57,0,0,0,0,100,4062,1.6011,0.0129196,1.62182,60,0,24,24,29,0,-2,0,0,0,47,3564,4264,1371,175,35,527,33466,31248,106,0,65,98,4.88624e+06,0,0,0,0,1,2182,0,0,1366,3574,0,0,0,0,0,0,0,0,1299,-1358,0,0,130
2549.58,0,0,0,0,100,4070,1.60128,0.0128954,1.62213,60,0,24,24,29,0,-2,0,0,0,47,3545,4264,1355,175,35,527,33466,31248,106,0,65,98,4.80348e+06,0,0,0,0,1,1231,0,1076,1385,3574,0,0,0,0,0,0,0,0,1299,-1358,0,0,130
2549.59,0,0,0,0,100,4071,1.60146,0.0128712,1.62244,60,0,24,24,29,0,-2,0,0,0,47,3545,4264,1360,175,35,527,33466,31248,106,0,65,98,4.8212e+06,0,0,0,0,1,0,0,2211,1386,3533,0,0,0,0,0,0,0,0,1299,-1264,0,0,130
2549.6,0,0,0,0,100,4072,1.60164,0.012847,1.62275,60,0,24,24,29,0,-2,0,0,0,47,3545,4263,1351,175,35,527,33315,30880,106,0,39,98,4.7893e+06,0,0,0,0,1,0,611,1711,1387,3505,0,0,0,0,0,0,0,0,1299,-1424,0,0,130
2549.61,0,0,0,0,100,4080,1.60281,0.0128475,1.62281,60,0,24,24,29,0,-2,0,0,0,47,3545,4263,1351,175,35,527,33315,30880,106,0,39,98,4.7893e+06,0,0,0,0,1,0,2150,0,1382,3555,0,0,0,0,0,0,0,0,1299,-1277,0,0,130
2549.62,0,0,0,0,100,4088,1.60398,0.0128481,1.62288,60,0,24,24,29,0,-2,0,0,0,47,3555,4263,1388,175,35,527,33315,30880,106,0,39,98,4.93434e+06,0,0,0,0,1,647,1666,0,1385,3535,0,0,0,0,0,0,0,0,1299,-1394,0,0,130
2549.63,0,0,0,0,100,4088,1.60514,0.0128487,1.62294,60,0,24,24,29,0,-2,0,0,0,47,3555,4263,1365,175,35,527,33315,30880,106,0,39,98,4.85258e+06,0,0,0,0,1,647,1666,0,1385,3541,0,0,0,0,0,0,0,0,1299,-1275,0,0,130
2549.64,0,0,0,0,100,4096,1.60631,0.0128492,1.623,60,0,24,24,29,0,-2,0,0,0,47,3537,4263,1373,175,35,527,33315,30880,106,0,39,98,4.8563e+06,0,0,0,0,1,2196,0,0,1393,3541,0,0,0,0,0,0,0,0,1299,-1275,0,0,130
2549.65,0,0,0,0,100,4095,1.60748,0.0128498,1.62306,60,0,24,24,29,0,-2,0,0,0,47,3537,4263,1373,175,35,527,33315,30880,106,0,39,98,4.8563e+06,0,0,0,0,1,921,0,1297,1414,3550,0,0,0,0,0,0,0,0,1299,-1317,0,0,130
2549.66,0,0,0,0,100,4089,1.60864,0.0128504,1.62313,60,0,24,24,29,0,-2,0,0,0,47,3545,4263,1368,175,35,527,33315,30880,106,0,39,98,4.84956e+06,0,0,0,0,1,0,0,2016,1412,3520,0,0,0,0,0,0,0,0,1299,-1220,0,0,130
2549.67,0,0,0,0,100,4090,1.60981,0.0128509,1.62319,60,0,24,24,29,0,-2,0,0,0,47,3545,4263,1382,175,35,527,33315,30880,106,0,39,98,4.89919e+06,0,0,0,0,1,0,1613,426,1389,3514,0,0,0,0,0,0,0,0,1299,-1255,0,0,130
2549.68,0,0,0,0,100,4102,1.61097,0.0128515,1.62325,60,0,24,24,29,0,-2,0,0,0,47,3545,4263,1368,175,35,527,33315,30880,106,0,39,98,4.84956e+06,0,0,0,0,1,172,1810,0,1387,3572,0,0,0,0,0,0,0,0,1299,-1247,0,0,130
2549.69,0,0,0,0,100,4102,1.61214,0.0128521,1.62331,60,0,24,24,29,0,-2,0,0,0,47,3545,4263,1368,175,35,527,33315,30880,106,0,39,98,4.84956e+06,0,0,0,0,1,172,1810,0,1387,3479,0,0,0,0,0,0,0,0,1299,-1287,0,0,130
2549.7,0,0,0,0,100,4105,1.61331,0.0128526,1.62337,60,0,24,24,28,0,-2,0,0,0,45,3537,4263,1387,175,35,527,33217,30930,106,0,39,98,4.90582e+06,0,0,0,0,1,2206,0,0,1426,3479,0,0,0,0,0,0,0,0,1299,-1287,0,0,130
2549.71,0,0,0,0,100,4100,1.61285,0.0128246,1.62326,60,0,24,24,28,0,-2,0,0,0,45,3541,4263,1369,175,35,527,33217,30930,106,0,39,98,4.84763e+06,0,0,0,0,1,1393,0,958,1425,3557,0,0,0,0,0,0,0,0,1299,-1371,0,0,130
2549.72,0,0,0,0,100,4094,1.61239,0.0127965,1.62315,60,0,24,24,28,0,-2,0,0,0,45,3541,4263,1396,175,35,527,33217,30930,106,0,39,98,4.94324e+06,0,0,0,0,1,0,0,2104,1422,3518,0,0,0,0,0,0,0,0,1299,-1207,0,0,130
2549.73,0,0,0,0,100,4093,1.61193,0.0127684,1.62304,60,0,24,24,28,0,-2,0,0,0,45,3541,4263,1396,175,35,527,33217,30930,106,0,39,98,4.94324e+06,0,0,0,0,1,0,1550,578,1411,3509,0,0,0,0,0,0,0,0,1299,-1273,0,0,130
2549.74,0,0,0,0,100,4096,1.61148,0.0127404,1.62292,60,0,24,24,28,0,-2,0,0,0,45,3542,4263,1371,175,35,527,33217,30930,106,0,39,98,4.85608e+06,0,0,0,0,1,16,1880,0,1405,3572,0,0,0,0,0,0,0,0,1299,-1231,0,0,130
2549.75,0,0,0,0,100,4096,1.61102,0.0127123,1.62281,60,0,24,24,28,0,-2,0,0,0,45,3542,4263,1374,175,35,527,33217,30930,106,0,39,98,4.86671e+06,0,0,0,0,1,16,1880,0,1405,3494,0,0,0,0,0,0,0,0,1299,-1295,0,0,130
2549.76,0,0,0,0,100,4100,1.61056,0.0126843,1.6227,60,0,24,24,28,0,-2,0,0,0,45,3536,4263,1357,175,35,527,33217,30930,106,0,39,98,4.79835e+06,0,0,0,0,1,2122,0,0,1410,3494,0,0,0,0,0,0,0,0,1299,-1295,0,0,130
2549.77,0,0,0,0,100,4099,1.6101,0.0126562,1.62258,60,0,24,24,28,0,-2,0,0,0,45,3536,4263,1357,175,35,527,33217,30930,106,0,39,98,4.79835e+06,0,0,0,0,1,1702,0,631,1430,3531,0,0,0,0,0,0,0,0,1299,-1420,0,0,130
2549.78,0,0,0,0,100,4093,1.60965,0.0126281,1.62247,60,0,24,24,28,0,-2,0,0,0,45,3546,4263,1406,175,35,527,33217,30930,106,0,39,98,4.98568e+06,0,0,0,0,1,0,0,2215,1423,3511,0,0,0,0,0,0,0,0,1299,-1287,0,0,130
2549.79,0,0,0,0,100,4099,1.60919,0.0126001,1.62236,60,0,24,24,28,0,-2,0,0,0,45,3546,4263,1387,175,35,527,33217,30930,106,0,39,98,4.9183e+06,0,0,0,0,1,0,1937,0,1404,3544,0,0,0,0,0,0,0,0,1299,-1287,0,0,130
2549.8,0,0,0,0,100,4103,1.60873,0.012572,1.62224,60,0,24,24,29,0,-2,0,0,0,46,3546,4263,1402,175,35,527,33336,31216,106,0,68,98,4.97149e+06,0,0,0,0,1,0,1937,0,1421,3557,0,0,0,0,0,0,0,0,1299,-1222,0,0,130
2549.81,0,0,0,0,100,4103,1.6086,0.0125511,1.62204,60,0,24,24,29,0,-2,0,0,0,46,3546,4263,1402,175,35,527,33336,31216,106,0,68,98,4.97149e+06,0,0,0,0,1,0,1937,0,1421,3475,0,0,0,0,0,0,0,0,1299,-1336,0,0,130
2549.82,0,0,0,0,100,4101,1.60847,0.0125301,1.62184,60,0,24,24,29,0,-2,0,0,0,46,3529,4263,1382,175,35,527,33336,31216,106,0,68,98,4.87708e+06,0,0,0,0,1,2145,0,0,1433,3475,0,0,0,0,0,0,0,0,1299,-1336,0,0,130
2549.83,0,0,0,0,100,4096,1.60834,0.0125092,1.62163,60,0,24,24,29,0,-2,0,0,0,46,3537,4263,1394,175,35,527,33336,31216,106,0,68,98,4.93058e+06,0,0,0,0,1,1844,0,492,1436,3522,0,0,0,0,0,0,0,0,1299,-1422,0,0,130
2549.84,0,0,0,0,100,4102,1.60821,0.0124882,1.62143,60,0,24,24,29,0,-2,0,0,0,46,3537,4263,1391,175,35,527,33336,31216,106,0,68,98,4.91997e+06,0,0,0,0,1,0,0,2195,1404,3533,0,0,0,0,0,0,0,0,1299,-1242,0,0,130
2549.85,0,0,0,0,100,4111,1.60808,0.0124672,1.62122,60,0,24,24,29,0,-2,0,0,0,46,3537,4263,1391,175,35,527,33336,31216,106,0,68,98,4.91997e+06,0,0,0,0,1,0,1646,414,1420,3503,0,0,0,0,0,0,0,0,1299,-1242,0,0,130
2549.86,0,0,0,0,100,4117,1.60795,0.0124463,1.62102,60,0,24,24,29,0,-2,0,0,0,46,3532,4263,1404,175,35,527,33336,31216,106,0,68,98,4.95893e+06,0,0,0,0,1,491,1810,0,1428,3500,0,0,0,0,0,0,0,0,1299,-1395,0,0,130
2549.87,0,0,0,0,100,4117,1.60782,0.0124253,1.62081,60,0,24,24,29,0,-2,0,0,0,46,3532,4263,1396,175,35,527,33336,31216,106,0,68,98,4.93067e+06,0,0,0,0,1,491,1810,0,1428,3559,0,0,0,0,0,0,0,0,1299,-1203,0,0,130
2549.88,0,0,0,0,100,4118,1.60769,0.0124044,1.62061,60,0,24,24,29,0,-2,0,0,0,46,3525,4263,1411,175,35,527,33336,31216,106,0,68,98,4.97378e+06,0,0,0,0,1,2083,0,0,1445,3559,0,0,0,0,0,0,0,0,1299,-1203,0,0,130
2549.89,0,0,0,0,100,4116,1.60756,0.0123834,1.6204,60,0,24,24,29,0,-2,0,0,0,46,3525,4263,1411,175,35,527,33336,31216,106,0,68,98,4.97378e+06,0,0,0,0,1,0,0,2106,1441,3466,0,0,0,0,0,0,0,0,1299,-1301,0,0,130
2549.9,0,0,0,0,100,4120,1.60743,0.0123625,1.6202,60,0,24,24,29,0,-2,0,0,0,46,3532,4263,1431,175,35,527,33174,30844,105,0,64,98,5.05429e+06,0,0,0,0,1,0,943,1360,1428,3524,0,0,0,0,0,0,0,0,1299,-1371,0,0,130
2549.91,0,0,0,0,100,4135,1.60679,0.0123602,1.62059,60,0,24,24,29,0,-2,0,0,0,46,3532,4263,1427,175,35,527,33174,30844,105,0,64,98,5.04016e+06,0,0,0,0,1,315,1818,0,1428,3526,0,0,0,0,0,0,0,0,1299,-1300,0,0,130
2549.92,0,0,0,0,100,4144,1.60615,0.012358,1.62098,60,0,24,24,29,0,-2,0,0,0,46,3532,4263,1412,175,35,527,33174,30844,105,0,64,98,4.98718e+06,0,0,0,0,1,1958,0,0,1456,3576,0,0,0,0,0,0,0,0,1299,-1212,0,0,130
2549.93,0,0,0,0,100,4144,1.60551,0.0123557,1.62138,60,0,24,24,29,0,-2,0,0,0,46,3532,4263,1412,175,35,527,33174,30844,105,0,64,98,4.98718e+06,0,0,0,0,1,1958,0,0,1456,3470,0,0,0,0,0,0,0,0,1299,-1257,0,0,130
2549.94,0,0,0,0,100,4141,1.60487,0.0123535,1.62177,60,0,24,24,29,0,-2,0,0,0,46,3522,4263,1420,175,35,527,33174,30844,105,0,64,98,5.00124e+06,0,0,0,0,1,0,0,2239,1462,3470,0,0,0,0,0,0,0,0,1299,-1257,0,0,130
2549.95,0,0,0,0,100,4144,1.60423,0.0123512,1.62216,60,0,24,24,29,0,-2,0,0,0,46,3523,4263,1428,175,35,527,33174,30844,105,0,64,98,5.03084e+06,0,0,0,0,1,0,2244,0,1456,3516,0,0,0,0,0,0,0,0,1299,-1305,0,0,130
2549.96,0,0,0,0,100,4151,1.60359,0.012349,1.62255,60,0,24,24,29,0,-2,0,0,0,46,3523,4263,1451,175,35,527,33174,30844,105,0,64,98,5.11187e+06,0,0,0,0,1,2120,0,0,1444,3466,0,0,0,0,0,0,0,0,1299,-1291,0,0,130
2549.97,0,0,0,0,100,4158,1.60295,0.0123467,1.62295,60,0,24,24,29,0,-2,0,0,0,46,3523,4263,1451,175,35,527,33174,30844,105,0,64,98,5.11187e+06,0,0,0,0,1,0,0,1996,1460,3468,0,0,0,0,0,0,0,0,1299,-1261,0,0,130
2549.98,0,0,0,0,100,4164,1.60231,0.0123445,1.62334,60,0,24,24,29,0,-2,0,0,0,46,3512,4268,1418,175,35,527,33174,30844,105,0,64,98,4.98002e+06,0,0,0,0,1,0,1972,0,1469,3524,0,0,0,0,0,0,0,0,1299,-1260,0,0,130
2549.99,0,0,0,0,100,4164,1.60167,0.0123422,1.62373,60,0,24,24,29,0,-2,0,0,0,46,3512,4268,1417,175,35,527,33174,30844,105,0,64,98,4.9765e+06,0,0,0,0,1,0,1972,0,1469,3475,0,0,0,0,0,0,0,0,1299,-1258,0,0,130
2550,0,0,0,0,100,4165,1.60103,0.01234,1.62412,59,0,24,24,29,0,-2,0,0,0,47,3512,4268,1428,175,35,527,33026,30740,106,0,64,98,5.01514e+06,0,0,0,0,1,1970,0,0,1473,3475,0,0,0,0,0,0,0,0,1299,-1258,0,0,130
2550.01,0,0,0,0,100,4162,1.60184,0.0123465,1.62419,59,0,24,24,29,0,-2,0,0,0,47,3512,4268,1428,175,35,527,33026,30740,106,0,64,98,5.01514e+06,0,0,0,0,1,89,0,1942,1475,3459,0,0,0,0,0,0,0,0,1299,-1261,0,0,130
2550.02,0,0,0,0,100,4171,1.60266,0.012353,1.62426,59,0,24,24,29,0,-2,0,0,0,47,3520,4268,1451,175,35,527,33026,30740,106,0,64,98,5.10752e+06,0,0,0,0,1,0,1941,18,1458,3524,0,0,0,0,0,0,0,0,1299,-1238,0,0,130
2550.03,0,0,0,0,100,4176,1.60347,0.0123595,1.62434,59,0,24,24,29,0,-2,0,0,0,47,3511,4268,1460,175,35,527,33026,30740,106,0,64,98,5.12606e+06,0,0,0,0,1,2151,0,0,1472,3462,0,0,0,0,0,0,0,0,1299,-1285,0,0,130
2550.04,0,0,0,0,100,4174,1.60429,0.012366,1.62441,59,0,24,24,29,0,-2,0,0,0,47,3511,4268,1439,175,35,527,33026,30740,106,0,64,98,5.05233e+06,0,0,0,0,1,0,0,1975,1499,3479,0,0,0,0,0,0,0,0,1299,-1242,0,0,130
2550.05,0,0,0,0,100,4174,1.60511,0.0123724,1.62448,59,0,24,24,29,0,-2,0,0,0,47,3511,4268,1439,175,35,527,33026,30740,106,0,64,98,5.05233e+06,0,0,0,0,1,0,0,1975,1499,3499,0,0,0,0,0,0,0,0,1299,-1273,0,0,130
2550.06,0,0,0,0,100,4167,1.60592,0.0123789,1.62455,59,0,24,24,29,0,-2,0,0,0,47,3512,4268,1450,175,35,527,33026,30740,106,0,64,98,5.0924e+06,0,0,0,0,1,0,2238,0,1488,3499,0,0,0,0,0,0,0,0,1299,-1273,0,0,130
2550.07,0,0,0,0,100,4168,1.60674,0.0123854,1.62462,59,0,24,24,29,0,-2,0,0,0,47,3512,4268,1446,175,35,527,33026,30740,106,0,64,98,5.07835e+06,0,0,0,0,1,2235,0,0,1472,3464,0,0,0,0,0,0,0,0,1299,-1270,0,0,130
2550.08,0,0,0,0,100,4174,1.60755,0.0123919,1.62469,59,0,24,24,29,0,-2,0,0,0,47,3512,4268,1457,175,34,527,33026,30740,106,0,64,98,5.11698e+06,0,0,0,0,1,0,0,2148,1469,3470,0,0,0,0,0,0,0,0,1299,-1198,0,0,130
2550.09,0,0,0,0,100,4178,1.60837,0.0123984,1.62477,59,0,24,24,29,0,-2,0,0,0,47,3512,4268,1457,175,34,527,33026,30740,106,0,64,98,5.11698e+06,0,0,0,0,1,0,1984,0,1473,3546,0,0,0,0,0,0,0,0,1299,-1178,0,0,130
2550.1,0,0,0,0,100,4173,1.60919,0.0124049,1.62484,59,0,24,24,29,0,-2,0,0,0,46,3507,4268,1427,175,34,527,32983,30452,106,0,65,98,5.00449e+06,0,0,0,0,1,1997,0,0,1497,3570,0,0,0,0,0,0,0,0,1299,-1242,0,0,130
2550.11,0,0,0,0,100,4173,1.60865,0.012382,1.62473,59,0,24,24,29,0,-2,0,0,0,46,3516,4268,1443,175,34,527,32983,30452,106,0,65,98,5.07359e+06,0,0,0,0,1,1997,0,0,1497,3458,0,0,0,0,0,0,0,0,1299,-1225,0,0,130
2550.12,0,0,0,0,100,4163,1.60811,0.0123591,1.62463,59,0,24,24,29,0,-2,0,0,0,46,3516,4268,1450,175,34,527,32983,30452,106,0,65,98,5.0982e+06,0,0,0,0,1,0,0,1992,1491,3458,0,0,0,0,0,0,0,0,1299,-1225,0,0,130
2550.13,0,0,0,0,100,4162,1.60758,0.0123362,1.62452,59,0,24,24,29,0,-2,0,0,0,46,3516,4268,1450,175,34,527,32983,30452,106,0,65,98,5.0982e+06,0,0,0,0,1,0,2003,0,1463,3531,0,0,0,0,0,0,0,0,1299,-1177,0,0,130
2550.14,0,0,0,0,100,4171,1.60704,0.0123133,1.62441,59,0,24,24,29,0,-2,0,0,0,46,3516,4273,1452,175,34,527,32983,30452,106,0,65,98,5.10523e+06,0,0,0,0,1,1989,0,0,1465,3561,0,0,0,0,0,0,0,0,1299,-1194,0,0,130
2550.15,0,0,0,0,100,4176,1.6065,0.0122904,1.62431,59,0,24,24,29,0,-2,0,0,0,46,3504,4273,1445,175,34,527,32983,30452,106,0,65,98,5.06328e+06,0,0,0,0,1,0,87,1971,1494,3509,0,0,0,0,0,0,0,0,1299,-1264,0,0,130
2550.16,0,0,0,0,100,4169,1.60596,0.0122675,1.6242,59,0,24,24,29,0,-2,0,0,0,46,3504,4273,1455,175,34,527,32983,30452,106,0,65,98,5.09832e+06,0,0,0,0,1,241,1884,0,1500,3537,0,0,0,0,0,0,0,0,1299,-1269,0,0,130
2550.17,0,0,0,0,100,4169,1.60543,0.0122446,1.6241,59,0,24,24,29,0,-2,0,0,0,46,3504,4273,1455,175,34,527,32983,30452,106,0,65,98,5.09832e+06,0,0,0,0,1,241,1884,0,1500,3541,0,0,0,0,0,0,0,0,1299,-1274,0,0,130
2550.18,0,0,0,0,100,4167,1.60489,0.0122216,1.62399,59,0,24,24,29,0,-2,0,0,0,46,3516,4273,1474,175,34,527,32983,30452,106,0,65,98,5.18258e+06,0,0,0,0,1,1885,0,205,1493,3541,0,0,0,0,0,0,0,0,1299,-1274,0,0,130
2550.19,0,0,0,0,100,4171,1.60435,0.0121987,1.62388,59,0,24,24,29,0,-2,0,0,0,46,3516,4273,1471,175,34,527,32983,30452,106,0,65,98,5.17204e+06,0,0,0,0,1,0,302,1840,1478,3531,0,0,0,0,0,0,0,0,1299,-1284,0,0,130
2550.2,0,0,0,0,100,4178,1.60382,0.0121758,1.62378,59,0,24,24,29,0,-2,0,0,0,46,3506,4273,1477,175,34,527,33105,30968,106,0,68,98,5.17836e+06,0,0,0,0,1,530,1751,0,1489,3485,0,0,0,0,0,0,0,0,1299,-1335,0,0,130
2550.21,0,0,0,0,100,4182,1.60395,0.0121924,1.62431,59,0,24,24,29,0,-2,0,0,0,46,3506,4273,1477,175,34,527,33105,30968,106,0,68,98,5.17836e+06,0,0,0,0,1,1584,0,818,1500,3496,0,0,0,0,0,0,0,0,1299,-1407,0,0,130
2550.22,0,0,0,0,100,4183,1.60409,0.0122089,1.62485,59,0,24,24,29,0,-2,0,0,0,46,3506,4275,1459,175,34,527,33105,30968,106,0,68,98,5.11525e+06,0,0,0,0,1,0,1242,1116,1492,3470,0,0,0,0,0,0,0,0,1299,-1347,0,0,130
2550.23,0,0,0,0,100,4183,1.60423,0.0122255,1.62538,59,0,24,24,29,0,-2,0,0,0,46,3510,4275,1470,175,34,527,33105,30968,106,0,68,98,5.1597e+06,0,0,0,0,1,0,1242,1116,1492,3479,0,0,0,0,0,0,0,0,1299,-1226,0,0,130
2550.24,0,0,0,0,100,4185,1.60437,0.012242,1.62592,59,0,24,24,29,0,-2,0,0,0,46,3510,4275,1500,175,34,527,33105,30968,106,0,68,98,5.265e+06,0,0,0,0,1,1762,304,0,1491,3479,0,0,0,0,0,0,0,0,1299,-1226,0,0,130
2550.25,0,0,0,0,100,4197,1.60451,0.0122586,1.62645,59,0,24,24,29,0,-2,0,0,0,46,3510,4275,1500,175,34,527,33105,30968,106,0,68,98,5.265e+06,0,0,0,0,1,0,0,2213,1486,3438,0,0,0,0,0,0,0,0,1299,-1297,0,0,130
2550.26,0,0,0,0,100,4205,1.60465,0.0122752,1.62698,59,0,24,24,29,0,-2,0,0,0,46,3496,4275,1478,175,34,527,33105,30968,106,0,68,98,5.16709e+06,0,0,0,0,1,0,2224,0,1508,3518,0,0,0,0,0,0,0,0,1299,-1254,0,0,130
2550.27,0,0,0,0,100,4204,1.60479,0.0122917,1.62752,59,0,24,24,29,0,-2,0,0,0,46,3496,4275,1487,175,34,527,33105,30968,106,0,68,98,5.19855e+06,0,0,0,0,1,1911,0,331,1530,3483,0,0,0,0,0,0,0,0,1299,-1338,0,0,130
2550.28,0,0,0,0,100,4204,1.60493,0.0123083,1.62805,59,0,24,24,29,0,-2,0,0,0,46,3496,4275,1482,175,34,527,33105,30968,106,0,68,98,5.18107e+06,0,0,0,0,1,0,1150,1233,1512,3449,0,0,0,0,0,0,0,0,1299,-1350,0,0,130
2550.29,0,0,0,0,100,4204,1.60506,0.0123248,1.62859,59,0,24,24,29,0,-2,0,0,0,46,3496,4275,1482,175,33,527,33105,30968,106,0,68,98,5.18107e+06,0,0,0,0,1,0,1150,1233,1512,3449,0,0,0,0,0,0,0,0,1299,-1183,0,0,130
2550.3,0,0,0,0,100,4216,1.6052,0.0123414,1.62912,59,0,24,24,29,0,-2,0,0,0,46,3496,4277,1499,175,33,527,32950,30478,105,1024,39,98,5.2405e+06,0,0,0,0,1,2282,0,0,1489,3475,0,0,0,0,0,0,0,0,1299,-1183,0,0,130
2550.31,0,0,0,0,100,4228,1.60609,0.012336,1.62904,59,0,24,24,29,0,-2,0,0,0,46,3493,4277,1520,175,33,527,32950,30478,105,1024,39,98,5.30936e+06,0,0,0,0,1,0,0,2008,1524,3475,0,0,0,0,0,0,0,0,1299,-1226,0,0,130
2550.32,0,0,0,0,100,4234,1.60698,0.0123306,1.62896,59,0,24,24,29,0,-2,0,0,0,46,3493,4277,1507,175,33,527,32950,30478,105,1024,39,98,5.26395e+06,0,0,0,0,1,1434,892,0,1532,3483,0,0,0,0,0,0,0,0,1299,-1323,0,0,130
2550.33,0,0,0,0,100,4232,1.60787,0.0123253,1.62888,59,0,24,24,29,0,-2,0,0,0,46,3493,4277,1507,175,33,527,32950,30478,105,1024,39,98,5.26395e+06,0,0,0,0,1,0,0,2340,1544,3466,0,0,0,0,0,0,0,0,1299,-1307,0,0,130
2550.34,0,0,0,0,100,4229,1.60875,0.0123199,1.6288,59,0,24,24,29,0,-2,0,0,0,46,3483,4277,1510,175,33,527,32950,30478,105,1024,39,98,5.25933e+06,0,0,0,0,1,602,1743,0,1535,3462,0,0,0,0,0,0,0,0,1299,-1347,0,0,130
2550.35,0,0,0,0,100,4229,1.60964,0.0123145,1.62872,59,0,24,24,29,0,-2,0,0,0,46,3483,4277,1527,175,33,527,32950,30478,105,1024,39,98,5.31854e+06,0,0,0,0,1,602,1743,0,1535,3442,0,0,0,0,0,0,0,0,1299,-1268,0,0,130
2550.36,0,0,0,0,100,4234,1.61053,0.0123092,1.62864,59,0,24,24,29,0,-2,0,0,0,46,3486,4277,1528,175,33,527,32950,30478,105,1024,39,98,5.32661e+06,0,0,0,0,1,0,0,2119,1519,3442,0,0,0,0,0,0,0,0,1299,-1268,0,0,130
2550.37,0,0,0,0,100,4245,1.61142,0.0123038,1.62855,59,0,24,24,29,0,-2,0,0,0,46,3486,4277,1528,175,33,527,32950,30478,105,1024,39,98,5.32661e+06,0,0,0,0,1,137,1966,0,1536,3516,0,0,0,0,0,0,0,0,1299,-1260,0,0,130
2550.38,0,0,0,0,100,4246,1.61231,0.0122984,1.62847,59,0,24,24,29,0,-2,0,0,0,46,3483,4277,1504,175,33,527,32950,30478,105,1024,39,98,5.23843e+06,0,0,0,0,1,0,0,2059,1550,3434,0,0,0,0,0,0,0,0,1299,-1274,0,0,130
2550.39,0,0,0,0,100,4240,1.61319,0.0122931,1.62839,59,0,24,24,29,0,-2,0,0,0,46,3483,4277,1509,175,33,527,32950,30478,105,1024,39,98,5.25585e+06,0,0,0,0,1,0,2029,0,1539,3509,0,0,0,0,0,0,0,0,1299,-1206,0,0,130
2550.4,0,0,0,0,100,4239,1.61408,0.0122877,1.62831,59,0,24,24,30,0,-2,0,0,0,45,3483,4277,1507,175,33,503,32771,30474,106,1024,68,98,5.24888e+06,0,0,0,0,1,670,0,1574,1538,3473,0,0,0,0,0,0,0,0,1299,-1301,0,0,130
2550.41,0,0,0,0,100,4239,1.61366,0.0122878,1.62807,59,0,24,24,30,0,-2,0,0,0,45,3483,4277,1507,175,33,503,32771,30474,106,1024,68,98,5.24888e+06,0,0,0,0,1,670,0,1574,1538,3507,0,0,0,0,0,0,0,0,1299,-1256,0,0,130
2550.42,0,0,0,0,100,4241,1.61325,0.012288,1.62783,59,0,24,24,30,0,-2,0,0,0,45,3492,4277,1520,175,33,503,32771,30474,106,1024,68,98,5.30784e+06,0,0,0,0,1,0,2273,0,1543,3507,0,0,0,0,0,0,0,0,1299,-1256,0,0,130
2550.43,0,0,0,0,100,4240,1.61283,0.0122881,1.62758,59,0,24,24,30,0,-2,0,0,0,45,3480,4277,1514,175,33,503,32771,30474,106,1024,68,98,5.26872e+06,0,0,0,0,1,1325,0,1078,1540,3500,0,0,0,0,0,0,0,0,1299,-1373,0,0,130
2550.44,0,0,0,0,100,4238,1.61241,0.0122883,1.62734,59,0,24,24,30,0,-2,0,0,0,45,3480,4277,1495,175,33,503,32771,30474,106,1024,68,98,5.2026e+06,0,0,0,0,1,0,2361,0,1547,3492,0,0,0,0,0,0,0,0,1299,-1297,0,0,130
2550.45,0,0,0,0,100,4236,1.61199,0.0122884,1.6271,59,0,24,24,30,0,-2,0,0,0,45,3480,4277,1495,175,33,503,32771,30474,106,1024,68,98,5.2026e+06,0,0,0,0,1,1870,0,571,1549,3462,0,0,0,0,0,0,0,0,1299,-1398,0,0,130
2550.46,0,0,0,0,100,4233,1.61157,0.0122885,1.62686,59,0,24,24,30,0,-2,0,0,0,45,3488,4277,1527,175,33,503,32771,30474,106,1024,68,98,5.32618e+06,0,0,0,0,1,0,2105,0,1534,3485,0,0,0,0,0,0,0,0,1299,-1275,0,0,130
2550.47,0,0,0,0,100,4233,1.61115,0.0122887,1.62662,59,0,24,24,30,0,-2,0,0,0,45,3488,4277,1529,175,33,503,32771,30474,106,1024,68,98,5.33315e+06,0,0,0,0,1,0,2105,0,1534,3546,0,0,0,0,0,0,0,0,1299,-1235,0,0,130
2550.48,0,0,0,0,100,4239,1.61073,0.0122888,1.62637,59,0,24,24,30,0,-2,0,0,0,45,3488,4277,1514,175,33,503,32771,30474,106,1024,68,98,5.28083e+06,0,0,0,0,1,2055,0,0,1537,3546,0,0,0,0,0,0,0,0,1299,-1235,0,0,130
2550.49,0,0,0,0,100,4237,1.61031,0.012289,1.62613,59,0,24,24,30,0,-2,0,0,0,45,3488,4277,1514,175,34,503,32771,30474,106,1024,68,98,5.28083e+06,0,0,0,0,1,0,1638,619,1541,3440,0,0,0,0,0,0,0,0,1299,-1299,0,0,130
2550.5,0,0,0,0,100,4228,1.6099,0.0122891,1.62589,59,0,24,24,30,0,-2,0,0,0,45,3472,4277,1509,175,34,503,32731,30164,105,1024,65,98,5.23925e+06,0,0,0,0,1,2370,0,0,1548,3477,0,0,0,0,0,0,0,0,1299,-1287,0,0,130
2550.51,0,0,0,0,100,4229,1.60998,0.0122844,1.62603,59,0,24,24,30,0,-2,0,0,0,45,3481,4277,1514,175,34,503,32731,30164,105,1024,65,98,5.27023e+06,0,0,0,0,1,0,599,1805,1538,3488,0,0,0,0,0,0,0,0,1299,-1394,0,0,130
2550.52,0,0,0,0,100,4242,1.61006,0.0122796,1.62618,59,0,24,24,30,0,-2,0,0,0,45,3481,4277,1518,175,34,503,32731,30164,105,1024,65,98,5.28416e+06,0,0,0,0,1,2260,0,0,1530,3419,0,0,0,0,0,0,0,0,1299,-1297,0,0,130
2550.53,0,0,0,0,100,4242,1.61013,0.0122748,1.62632,59,0,24,24,30,0,-2,0,0,0,45,3481,4277,1518,175,34,503,32731,30164,105,1024,65,98,5.28416e+06,0,0,0,0,1,2260,0,0,1530,3419,0,0,0,0,0,0,0,0,1299,-1280,0,0,130
2550.54,0,0,0,0,100,4246,1.61021,0.0122701,1.62647,59,0,24,24,30,0,-2,0,0,0,45,3478,4278,1529,175,34,503,32731,30164,105,1024,65,98,5.31786e+06,0,0,0,0,1,0,359,1916,1554,3485,0,0,0,0,0,0,0,0,1299,-1280,0,0,130
2550.55,0,0,0,0,100,4247,1.61029,0.0122653,1.62661,59,0,24,24,30,0,-2,0,0,0,45,3478,4278,1518,175,34,503,32731,30164,105,1024,65,98,5.2796e+06,0,0,0,0,1,2153,0,0,1562,3509,0,0,0,0,0,0,0,0,1299,-1218,0,0,130
2550.56,0,0,0,0,100,4243,1.61037,0.0122605,1.62676,59,0,24,24,30,0,-2,0,0,0,45,3478,4278,1514,175,34,503,32731,30164,105,1024,65,98,5.26569e+06,0,0,0,0,1,0,132,2008,1557,3470,0,0,0,0,0,0,0,0,1299,-1434,0,0,130
2550.57,0,0,0,0,100,4246,1.61045,0.0122558,1.6269,59,0,24,24,30,0,-2,0,0,0,45,3478,4278,1514,175,34,503,32731,30164,105,1024,65,98,5.26569e+06,0,0,0,0,1,2011,0,0,1540,3451,0,0,0,0,0,0,0,0,1299,-1314,0,0,130
2550.58,0,0,0,0,100,4259,1.61053,0.012251,1.62704,59,0,24,24,30,0,-2,0,0,0,45,3475,4278,1549,175,34,503,32731,30164,105,1024,65,98,5.38278e+06,0,0,0,0,1,0,260,1930,1536,3492,0,0,0,0,0,0,0,0,1299,-1407,0,0,130
2550.59,0,0,0,0,100,4259,1.61061,0.0122462,1.62719,59,0,24,24,30,0,-2,0,0,0,45,3475,4278,1539,175,34,503,32731,30164,105,1024,65,98,5.34802e+06,0,0,0,0,1,0,260,1930,1536,3505,0,0,0,0,0,0,0,0,1299,-1223,0,0,130
2550.6,0,0,0,0,100,4273,1.61069,0.0122415,1.62733,59,0,24,24,29,0,-2,0,0,0,46,3475,4280,1533,175,35,503,32734,30339,106,1024,39,98,5.32718e+06,0,0,0,0,1,2381,0,0,1558,3505,0,0,0,0,0,0,0,0,1299,-1223,0,0,130
2550.61,0,0,0,0,100,4271,1.61075,0.012258,1.62757,59,0,24,24,29,0,-2,0,0,0,46,3475,4280,1533,175,35,503,32734,30339,106,1024,39,98,5.32718e+06,0,0,0,0,1,0,2058,26,1587,3453,0,0,0,0,0,0,0,0,1299,-1277,0,0,130
2550.62,0,0,0,0,100,4272,1.61081,0.0122746,1.62781,59,0,24,24,29,0,-2,0,0,0,46,3471,4280,1553,175,35,503,32734,30339,106,1024,39,98,5.39046e+06,0,0,0,0,1,1885,0,510,1572,3468,0,0,0,0,0,0,0,0,1299,-1367,0,0,130
2550.63,0,0,0,0,100,4282,1.61087,0.0122911,1.62805,59,0,24,24,29,0,-2,0,0,0,46,3471,4280,1555,175,35,503,32734,30339,106,1024,39,98,5.3974e+06,0,0,0,0,1,0,2304,0,1554,3503,0,0,0,0,0,0,0,0,1299,-1244,0,0,130
2550.64,0,0,0,0,100,4291,1.61092,0.0123077,1.62829,59,0,24,24,29,0,-2,0,0,0,46,3471,4280,1571,175,35,503,32734,30339,106,1024,39,98,5.45294e+06,0,0,0,0,1,0,0,2229,1579,3410,0,0,0,0,0,0,0,0,1299,-1303,0,0,130
2550.65,0,0,0,0,100,4291,1.61098,0.0123243,1.62853,59,0,24,24,29,0,-2,0,0,0,46,3471,4280,1571,175,35,503,32734,30339,106,1024,39,98,5.45294e+06,0,0,0,0,1,0,0,2229,1579,3456,0,0,0,0,0,0,0,0,1299,-1335,0,0,130
2550.66,0,0,0,0,100,4294,1.61104,0.0123408,1.62877,59,0,24,24,29,0,-2,0,0,0,46,3460,4280,1556,175,35,503,32734,30339,106,1024,39,98,5.38376e+06,0,0,0,0,1,1350,1072,0,1587,3456,0,0,0,0,0,0,0,0,1299,-1335,0,0,130
2550.67,0,0,0,0,100,4296,1.6111,0.0123574,1.62901,59,0,24,24,29,0,-2,0,0,0,46,3458,4280,1550,175,35,503,32734,30339,106,1024,39,98,5.3599e+06,0,0,0,0,1,0,470,1883,1584,3434,0,0,0,0,0,0,0,0,1299,-1325,0,0,130
2550.68,0,0,0,0,100,4299,1.61115,0.0123739,1.62924,59,0,24,24,29,0,-2,0,0,0,46,3458,4280,1551,175,35,503,32734,30339,106,1024,39,98,5.36336e+06,0,0,0,0,1,2196,0,0,1595,3483,0,0,0,0,0,0,0,0,1299,-1212,0,0,130
2550.69,0,0,0,0,100,4308,1.61121,0.0123905,1.62948,59,0,24,24,29,0,-2,0,0,0,46,3458,4280,1551,175,35,503,32734,30339,106,1024,39,98,5.36336e+06,0,0,0,0,1,0,2382,0,1585,3464,0,0,0,0,0,0,0,0,1299,-1291,0,0,130
2550.7,0,0,0,0,100,4312,1.61127,0.012407,1.62972,59,0,24,24,29,0,-2,0,0,0,45,3458,4247,1573,175,35,503,32526,30186,106,0,68,98,5.43943e+06,0,0,0,0,1,0,0,2373,1600,3391,0,0,0,0,0,0,0,0,1299,-1304,0,0,130
2550.71,0,0,0,0,100,4312,1.61129,0.0124165,1.62934,59,0,24,24,29,0,-2,0,0,0,45,3455,4247,1564,175,35,503,32526,30186,106,0,68,98,5.40362e+06,0,0,0,0,1,0,0,2373,1600,3421,0,0,0,0,0,0,0,0,1299,-1264,0,0,130
2550.72,0,0,0,0,100,4306,1.61131,0.0124259,1.62896,59,0,24,24,29,0,-2,0,0,0,45,3455,4247,1560,175,35,503,32526,30186,106,0,68,98,5.3898e+06,0,0,0,0,1,2034,117,0,1611,3421,0,0,0,0,0,0,0,0,1299,-1264,0,0,130
2550.73,0,0,0,0,100,4301,1.61133,0.0124354,1.62858,59,0,24,24,29,0,-2,0,0,0,45,3455,4247,1560,175,35,503,32526,30186,106,0,68,98,5.3898e+06,0,0,0,0,1,0,1105,1369,1593,3456,0,0,0,0,0,0,0,0,1299,-1400,0,0,130
2550.74,0,0,0,0,100,4304,1.61135,0.0124448,1.6282,59,0,24,24,29,0,-2,0,0,0,45,3461,4247,1575,175,35,503,32526,30186,106,0,68,98,5.45108e+06,0,0,0,0,1,2356,0,0,1584,3492,0,0,0,0,0,0,0,0,1299,-1253,0,0,130
2550.75,0,0,0,0,100,4313,1.61137,0.0124543,1.62782,59,0,24,24,29,0,-2,0,0,0,45,3461,4247,1579,175,35,503,32526,30186,106,0,68,98,5.46492e+06,0,0,0,0,1,0,1404,1031,1593,3412,0,0,0,0,0,0,0,0,1299,-1254,0,0,130
2550.76,0,0,0,0,100,4312,1.61139,0.0124637,1.62743,59,0,24,24,29,0,-2,0,0,0,45,3459,4247,1575,175,35,503,32526,30186,106,0,68,98,5.44792e+06,0,0,0,0,1,1659,0,897,1614,3440,0,0,0,0,0,0,0,0,1299,-1325,0,0,130
2550.77,0,0,0,0,100,4303,1.61141,0.0124732,1.62705,59,0,24,24,29,0,-2,0,0,0,45,3459,4247,1575,175,35,503,32526,30186,106,0,68,98,5.44792e+06,0,0,0,0,1,260,2007,0,1617,3470,0,0,0,0,0,0,0,0,1299,-1393,0,0,130
2550.78,0,0,0,0,100,4295,1.61143,0.0124826,1.62667,59,0,24,24,29,0,-2,0,0,0,45,3452,4247,1565,175,35,503,32526,30186,106,0,68,98,5.40238e+06,0,0,0,0,1,0,0,2379,1590,3427,0,0,0,0,0,0,0,0,1299,-1252,0,0,130
2550.79,0,0,0,0,100,4295,1.61144,0.012492,1.62629,59,0,24,24,29,0,-2,0,0,0,45,3452,4247,1575,175,35,503,32526,30186,106,0,68,98,5.4369e+06,0,0,0,0,1,0,0,2379,1590,3427,0,0,0,0,0,0,0,0,1299,-1252,0,0,130
2550.8,0,0,0,0,100,4295,1.61146,0.0125015,1.62591,59,0,24,24,30,0,-2,0,0,0,45,3452,4247,1573,175,35,503,32506,30166,105,0,64,98,5.43e+06,0,0,0,0,1,2310,0,0,1579,3397,0,0,0,0,0,0,0,0,1299,-1307,0,0,130
2550.81,0,0,0,0,100,4302,1.61169,0.0124756,1.62596,59,0,24,24,30,0,-2,0,0,0,45,3452,4247,1573,175,35,503,32506,30166,105,0,64,98,5.43e+06,0,0,0,0,1,0,1646,656,1581,3425,0,0,0,0,0,0,0,0,1299,-1305,0,0,130
2550.82,0,0,0,0,100,4302,1.61191,0.0124497,1.62601,59,0,24,24,30,0,-2,0,0,0,45,3456,4247,1559,175,35,503,32506,30166,105,0,64,98,5.3879e+06,0,0,0,0,1,1666,0,883,1608,3438,0,0,0,0,0,0,0,0,1299,-1313,0,0,130
2550.83,0,0,0,0,100,4293,1.61213,0.0124239,1.62606,59,0,24,24,30,0,-2,0,0,0,45,3447,4247,1545,175,35,503,32506,30166,105,0,64,98,5.32562e+06,0,0,0,0,1,0,2117,0,1603,3492,0,0,0,0,0,0,0,0,1299,-1408,0,0,130
2550.84,0,0,0,0,100,4295,1.61235,0.012398,1.62611,59,0,24,24,30,0,-2,0,0,0,45,3447,4247,1575,175,35,503,32506,30166,105,0,64,98,5.42902e+06,0,0,0,0,1,0,0,2426,1588,3438,0,0,0,0,0,0,0,0,1299,-1220,0,0,130
2550.85,0,0,0,0,100,4295,1.61257,0.0123721,1.62616,59,0,24,24,30,0,-2,0,0,0,45,3447,4247,1575,175,35,503,32506,30166,105,0,64,98,5.42902e+06,0,0,0,0,1,0,0,2426,1588,3438,0,0,0,0,0,0,0,0,1299,-1220,0,0,130
2550.86,0,0,0,0,100,4299,1.61279,0.0123463,1.62621,59,0,24,24,30,0,-2,0,0,0,45,3467,4247,1587,175,35,503,32506,30166,105,0,64,98,5.50213e+06,0,0,0,0,1,2247,0,0,1584,3404,0,0,0,0,0,0,0,0,1299,-1265,0,0,130
2550.87,0,0,0,0,100,4300,1.61302,0.0123204,1.62626,59,0,24,24,30,0,-2,0,0,0,45,3467,4247,1583,175,35,503,32506,30166,105,0,64,98,5.48826e+06,0,0,0,0,1,0,1445,994,1595,3421,0,0,0,0,0,0,0,0,1299,-1274,0,0,130
2550.88,0,0,0,0,100,4301,1.61324,0.0122945,1.62632,59,0,24,24,30,0,-2,0,0,0,45,3450,4247,1579,175,35,503,32506,30166,105,0,64,98,5.44755e+06,0,0,0,0,1,1795,0,647,1599,3449,0,0,0,0,0,0,0,0,1299,-1343,0,0,130
2550.89,0,0,0,0,100,4307,1.61346,0.0122687,1.62637,59,0,24,24,30,0,-2,0,0,0,45,3450,4247,1579,175,35,503,32506,30166,105,0,64,98,5.44755e+06,0,0,0,0,1,20,2080,0,1590,3492,0,0,0,0,0,0,0,0,1299,-1376,0,0,130
2550.9,0,0,0,0,100,4312,1.61368,0.0122428,1.62642,59,0,24,24,29,0,-2,0,0,0,45,3453,4247,1578,175,35,503,32537,30044,105,0,65,98,5.44883e+06,0,0,0,0,1,0,0,2321,1598,3423,0,0,0,0,0,0,0,0,1299,-1271,0,0,130
2550.91,0,0,0,0,100,4312,1.61328,0.0122613,1.62646,59,0,24,24,29,0,-2,0,0,0,45,3453,4247,1601,175,35,503,32537,30044,105,0,65,98,5.52825e+06,0,0,0,0,1,0,0,2321,1598,3423,0,0,0,0,0,0,0,0,1299,-1271,0,0,130
2550.92,0,0,0,0,100,4325,1.61287,0.0122798,1.6265,59,0,24,24,29,0,-2,0,0,0,45,3453,4247,1603,175,35,503,32537,30044,105,0,65,98,5.53516e+06,0,0,0,0,1,2372,0,0,1606,3466,0,0,0,0,0,0,0,0,1299,-1251,0,0,130
2550.93,0,0,0,0,100,4327,1.61247,0.0122982,1.62654,59,0,24,24,29,0,-2,0,0,0,45,3453,4247,1603,175,35,503,32537,30044,105,0,65,98,5.53516e+06,0,0,0,0,1,0,2445,0,1624,3436,0,0,0,0,0,0,0,0,1299,-1267,0,0,130
2550.94,0,0,0,0,100,4323,1.61207,0.0123167,1.62659,59,0,24,24,29,0,-2,0,0,0,45,3449,4247,1590,175,35,503,32537,30044,105,0,65,98,5.48391e+06,0,0,0,0,1,552,0,1752,1628,3412,0,0,0,0,0,0,0,0,1299,-1295,0,0,130
2550.95,0,0,0,0,100,4327,1.61166,0.0123352,1.62663,59,0,24,24,29,0,-2,0,0,0,45,3442,4247,1599,175,35,503,32537,30044,105,0,65,98,5.50376e+06,0,0,0,0,1,1579,787,0,1606,3440,0,0,0,0,0,0,0,0,1299,-1285,0,0,130
2550.96,0,0,0,0,100,4346,1.61126,0.0123537,1.62667,59,0,24,24,29,0,-2,0,0,0,45,3442,4247,1606,175,35,503,32537,30044,105,0,65,98,5.52785e+06,0,0,0,0,1,0,1869,338,1601,3412,0,0,0,0,0,0,0,0,1299,-1266,0,0,130
2550.97,0,0,0,0,100,4356,1.61086,0.0123722,1.62671,59,0,24,24,29,0,-2,0,0,0,45,3442,4247,1606,175,35,503,32537,30044,105,0,65,98,5.52785e+06,0,0,0,0,1,0,0,2352,1639,3374,0,0,0,0,0,0,0,0,1299,-1306,0,0,130
2550.98,0,0,0,0,100,4356,1.61045,0.0123907,1.62676,59,0,24,24,29,0,-2,0,0,0,45,3439,4247,1611,175,35,503,32537,30044,105,0,65,98,5.54023e+06,0,0,0,0,1,0,0,2352,1639,3391,0,0,0,0,0,0,0,0,1299,-1281,0,0,130
2550.99,0,0,0,0,100,4360,1.61005,0.0124091,1.6268,59,0,24,24,29,0,-2,0,0,0,45,3439,4247,1623,175,35,503,32537,30044,105,0,65,98,5.5815e+06,0,0,0,0,1,2469,0,0,1651,3391,0,0,0,0,0,0,0,0,1299,-1281,0,0,130
2551,0,0,0,0,100,4359,1.60965,0.0124276,1.62684,59,0,24,24,29,0,-2,0,0,0,45,3439,4247,1614,175,35,503,32439,30020,106,0,65,4,5.55055e+06,0,0,0,0,1,0,2288,0,1643,3447,0,0,0,0,0,0,0,0,1299,-1231,0,0,130
2551.01,0,0,0,0,100,4361,1.61014,0.0124629,1.62652,59,0,24,24,29,0,-2,0,0,0,45,3439,4247,1614,175,35,503,32439,30020,106,0,65,4,5.55055e+06,0,0,0,0,1,0,349,1995,1638,3449,0,0,0,0,0,0,0,0,1299,-1287,0,0,130
2551.02,0,0,0,0,100,4374,1.61063,0.0124981,1.6262,59,0,24,24,29,0,-2,0,0,0,45,3433,4247,1636,175,35,503,32439,30020,106,0,65,4,5.61639e+06,0,0,0,0,1,1177,0,1295,1630,3466,0,0,0,0,0,0,0,0,1299,-1332,0,0,130
2551.03,0,0,0,0,100,4383,1.61113,0.0125333,1.62588,59,0,24,23,29,0,-2,0,0,0,45,3433,4247,1631,175,35,503,32439,30020,106,0,65,4,5.59922e+06,0,0,0,0,1,2409,0,0,1650,3367,0,0,0,0,0,0,0,0,1299,-1319,0,0,130
2551.04,0,0,0,0,100,4383,1.61162,0.0125685,1.62557,59,0,24,23,29,0,-2,0,0,0,45,3433,4247,1619,175,35,503,32439,30020,106,0,65,4,5.55803e+06,0,0,0,0,1,2409,0,0,1650,3430,0,0,0,0,0,0,0,0,1299,-1252,0,0,130
2551.05,0,0,0,0,100,4379,1.61211,0.0126038,1.62525,59,0,24,23,29,0,-2,0,0,0,45,3433,4247,1619,175,35,503,32439,30020,106,0,65,4,5.55803e+06,0,0,0,0,1,0,2369,0,1672,3430,0,0,0,0,0,0,0,0,1299,-1252,0,0,130
2551.06,0,0,0,0,100,4378,1.61261,0.012639,1.62493,59,0,24,23,29,0,-2,0,0,0,45,3429,4247,1626,175,35,503,32439,30020,106,0,65,4,5.57555e+06,0,0,0,0,1,0,671,1850,1658,3408,0,0,0,0,0,0,0,0,1299,-1338,0,0,130
2551.07,0,0,0,0,100,4383,1.6131,0.0126742,1.62461,59,0,24,23,29,0,-2,0,0,0,45,3429,4247,1639,175,35,503,32439,30020,106,0,65,4,5.62013e+06,0,0,0,0,1,301,0,1957,1648,3382,0,0,0,0,0,0,0,0,1299,-1291,0,0,130
2551.08,0,0,0,0,100,4386,1.61359,0.0127094,1.62429,59,0,24,23,29,0,-2,0,0,0,45,3429,4247,1638,175,35,503,32439,30020,106,0,65,4,5.6167e+06,0,0,0,0,1,2500,0,0,1661,3416,0,0,0,0,0,0,0,0,1299,-1226,0,0,130
2551.09,0,0,0,0,100,4382,1.61409,0.0127447,1.62397,59,0,24,24,29,0,-2,0,0,0,45,3429,4247,1638,175,35,503,32439,30020,106,0,65,4,5.6167e+06,0,0,0,0,1,368,2050,0,1672,3434,0,0,0,0,0,0,0,0,1299,-1414,0,0,130
2551.1,0,0,0,0,100,4382,1.61458,0.0127799,1.62365,59,0,24,24,29,0,-2,0,0,0,44,3433,4246,1608,175,35,503,32333,29782,106,0,87,98,5.52026e+06,0,0,0,0,1,368,2050,0,1672,3438,0,0,0,0,0,0,0,0,1299,-1252,0,0,130
2551.11,0,0,0,0,100,4378,1.6147,0.0127712,1.62393,59,0,24,24,29,0,-2,0,0,0,44,3433,4246,1601,175,35,503,32333,29782,106,0,87,98,5.49623e+06,0,0,0,0,1,0,1496,0,1652,3438,0,0,0,0,0,0,0,0,1299,-1252,0,0,130
2551.12,0,0,0,0,100,4379,1.61483,0.0127625,1.62421,59,0,24,24,29,0,-2,0,0,0,44,3433,4246,1614,175,35,503,32333,29782,106,0,87,98,5.54086e+06,0,0,0,0,1,0,0,2500,1656,3378,0,0,0,0,0,0,0,0,1299,-1291,0,0,130
2551.13,0,0,0,0,100,4383,1.61495,0.0127537,1.6245,59,0,24,24,29,0,-2,0,0,0,44,3433,4246,1614,175,35,503,32333,29782,106,0,87,98,5.54086e+06,0,0,0,0,1,1929,0,475,1652,3430,0,0,0,0,0,0,0,0,1299,-1301,0,0,130
2551.14,0,0,0,0,100,4382,1.61507,0.012745,1.62478,59,0,24,24,29,0,-2,0,0,0,44,3434,4246,1637,175,35,503,32333,29782,106,0,87,98,5.62146e+06,0,0,0,0,1,1784,562,0,1661,3406,0,0,0,0,0,0,0,0,1299,-1256,0,0,130
2551.15,0,0,0,0,100,4372,1.6152,0.0127363,1.62506,59,0,24,24,29,0,-2,0,0,0,44,3434,4246,1619,175,35,503,32333,29782,106,0,87,98,5.55965e+06,0,0,0,0,1,0,2500,0,1667,3425,0,0,0,0,0,0,0,0,1299,-1333,0,0,130
2551.16,0,0,0,0,100,4372,1.61532,0.0127276,1.62534,59,0,24,24,29,0,-2,0,0,0,44,3426,4246,1616,175,35,503,32333,29782,106,0,87,98,5.53642e+06,0,0,0,0,1,0,2500,0,1667,3401,0,0,0,0,0,0,0,0,1299,-1239,0,0,130
2551.17,0,0,0,0,100,4367,1.61544,0.0127188,1.62562,59,0,24,24,29,0,-2,0,0,0,44,3426,4246,1616,175,35,503,32333,29782,106,0,87,98,5.53642e+06,0,0,0,0,1,0,0,2428,1638,3401,0,0,0,0,0,0,0,0,1299,-1239,0,0,130
2551.18,0,0,0,0,100,4376,1.61557,0.0127101,1.62591,59,0,24,24,29,0,-2,0,0,0,44,3433,4246,1625,175,35,503,32333,29782,106,0,87,98,5.57862e+06,0,0,0,0,1,1303,0,1231,1636,3456,0,0,0,0,0,0,0,0,1299,-1257,0,0,130
2551.19,0,0,0,0,100,4380,1.61569,0.0127014,1.62619,59,0,24,24,29,0,-2,0,0,0,44,3433,4246,1633,175,35,503,32333,29782,106,0,87,98,5.60609e+06,0,0,0,0,1,1704,732,0,1660,3404,0,0,0,0,0,0,0,0,1299,-1296,0,0,130
2551.2,0,0,0,0,100,4376,1.61581,0.0126927,1.62647,59,0,24,24,30,0,-2,0,0,0,45,3433,4246,1620,175,35,503,32323,29972,106,0,64,98,5.56146e+06,0,0,0,0,1,0,2500,0,1666,3415,0,0,0,0,0,0,0,0,1299,-1331,0,0,130
2551.21,0,0,0,0,100,4372,1.61559,0.0126942,1.6262,59,0,24,24,30,0,-2,0,0,0,45,3433,4246,1620,175,35,503,32323,29972,106,0,64,98,5.56146e+06,0,0,0,0,1,0,0,2395,1652,3395,0,0,0,0,0,0,0,0,1299,-1253,0,0,130
2551.22,0,0,0,0,100,4372,1.61538,0.0126956,1.62593,59,0,24,24,30,0,-2,0,0,0,45,3434,4246,1616,175,32,503,32323,29972,106,0,64,98,5.54934e+06,0,0,0,0,1,0,0,2395,1652,3434,0,0,0,0,0,0,0,0,1299,-1328,0,0,130
2551.23,0,0,0,0,100,4372,1.61516,0.0126971,1.62566,59,0,24,24,30,0,-2,0,0,0,45,3428,4246,1643,175,32,503,32323,29972,106,0,64,98,5.6322e+06,0,0,0,0,1,1962,0,533,1646,3434,0,0,0,0,0,0,0,0,1299,-1328,0,0,130
2551.24,0,0,0,0,100,4382,1.61494,0.0126986,1.62538,59,0,24,24,30,0,-2,0,0,0,45,3428,4246,1654,175,32,503,32323,29972,106,0,64,98,5.66991e+06,0,0,0,0,1,1747,618,0,1645,3410,0,0,0,0,0,0,0,0,1299,-1256,0,0,130
2551.25,0,0,0,0,100,4390,1.61472,0.0127001,1.62511,59,0,24,24,30,0,-2,0,0,0,45,3428,4246,1654,175,32,503,32323,29972,106,0,64,98,5.66991e+06,0,0,0,0,1,0,2496,0,1663,3434,0,0,0,0,0,0,0,0,1299,-1284,0,0,130
2551.26,0,0,0,0,100,4387,1.6145,0.0127016,1.62484,59,0,24,24,30,0,-2,0,0,0,45,3421,4246,1634,175,32,503,32323,29972,106,0,64,98,5.58991e+06,0,0,0,0,1,0,400,2078,1680,3432,0,0,0,0,0,0,0,0,1299,-1315,0,0,130
2551.27,0,0,0,0,100,4391,1.61428,0.0127031,1.62457,59,0,24,24,30,0,-2,0,0,0,45,3421,4246,1634,175,32,503,32323,29972,106,0,64,98,5.58991e+06,0,0,0,0,1,518,0,1848,1669,3378,0,0,0,0,0,0,0,0,1299,-1313,0,0,130
2551.28,0,0,0,0,100,4391,1.61407,0.0127046,1.6243,59,0,24,24,30,0,-2,0,0,0,45,3421,4246,1650,175,32,503,32323,29972,106,0,64,98,5.64465e+06,0,0,0,0,1,518,0,1848,1669,3449,0,0,0,0,0,0,0,0,1299,-1245,0,0,130
2551.29,0,0,0,0,100,4402,1.61385,0.012706,1.62403,59,0,24,24,30,0,-2,0,0,0,45,3421,4246,1650,175,32,503,32323,29972,106,0,64,98,5.64465e+06,0,0,0,0,1,2456,0,0,1665,3449,0,0,0,0,0,0,0,0,1299,-1245,0,0,130
2551.3,0,0,0,0,100,4411,1.61363,0.0127075,1.62376,59,0,24,24,29,0,-2,0,0,0,45,3416,4246,1680,175,32,503,32313,29606,105,0,39,98,5.73888e+06,0,0,0,0,1,1366,1218,0,1681,3421,0,0,0,0,0,0,0,0,1299,-1332,0,0,130
2551.31,0,0,0,0,100,4414,1.61334,0.0127152,1.62366,59,0,24,24,29,0,-2,0,0,0,45,3416,4246,1671,175,32,503,32313,29606,105,0,39,98,5.70814e+06,0,0,0,0,1,0,2500,0,1688,3440,0,0,0,0,0,0,0,0,1299,-1319,0,0,130
2551.32,0,0,0,0,100,4419,1.61304,0.0127229,1.62357,59,0,24,24,29,0,-2,0,0,0,45,3416,4246,1673,175,32,503,32313,29606,105,0,39,98,5.71497e+06,0,0,0,0,1,0,1345,1272,1681,3367,0,0,0,0,0,0,0,0,1299,-1340,0,0,130
2551.33,0,0,0,0,100,4429,1.61275,0.0127306,1.62347,59,0,24,24,29,0,-2,0,0,0,45,3416,4246,1673,175,32,503,32313,29606,105,0,39,98,5.71497e+06,0,0,0,0,1,0,0,2446,1691,3375,0,0,0,0,0,0,0,0,1299,-1237,0,0,130
2551.34,0,0,0,0,100,4429,1.61245,0.0127383,1.62338,59,0,24,24,29,0,-2,0,0,0,45,3406,4246,1678,175,32,503,32313,29606,105,0,39,98,5.71527e+06,0,0,0,0,1,0,0,2446,1691,3356,0,0,0,0,0,0,0,0,1299,-1236,0,0,130
2551.35,0,0,0,0,100,4439,1.61216,0.012746,1.62328,59,0,24,24,29,0,-2,0,0,0,45,3417,4246,1697,175,32,503,32313,29606,105,0,39,98,5.79865e+06,0,0,0,0,1,0,0,2235,1690,3356,0,0,0,0,0,0,0,0,1299,-1236,0,0,130
2551.36,0,0,0,0,100,4445,1.61186,0.0127537,1.62319,59,0,24,24,29,0,-2,0,0,0,45,3417,4246,1694,175,32,503,32313,29606,105,0,39,98,5.7884e+06,0,0,0,0,1,1848,0,788,1719,3425,0,0,0,0,0,0,0,0,1299,-1414,0,0,130
2551.37,0,0,0,0,100,4442,1.61157,0.0127614,1.62309,59,0,24,24,29,0,-2,0,0,0,45,3417,4246,1694,175,32,503,32313,29606,105,0,39,98,5.7884e+06,0,0,0,0,1,2500,0,0,1724,3438,0,0,0,0,0,0,0,0,1299,-1274,0,0,130
2551.38,0,0,0,0,100,4447,1.61127,0.0127692,1.623,59,0,24,24,29,0,-2,0,0,0,45,3398,4246,1676,175,32,503,32313,29606,105,0,39,98,5.69505e+06,0,0,0,0,1,2327,0,0,1694,3354,0,0,0,0,0,0,0,0,1299,-1253,0,0,130
2551.39,0,0,0,0,100,4460,1.61098,0.0127769,1.6229,59,0,24,24,29,0,-2,0,0,0,45,3398,4246,1689,175,32,503,32313,29606,105,0,39,98,5.73922e+06,0,0,0,0,1,1309,1371,0,1706,3386,0,0,0,0,0,0,0,0,1299,-1367,0,0,130
2551.4,0,0,0,0,100,4460,1.61068,0.0127846,1.62281,59,0,24,24,28,0,-2,0,0,0,45,3398,4246,1693,175,32,503,32033,29674,106,0,65,98,5.75281e+06,0,0,0,0,1,1309,1371,0,1706,3380,0,0,0,0,0,0,0,0,1299,-1333,0,0,130
2551.41,0,0,0,0,100,4464,1.61071,0.0128095,1.62296,59,0,24,24,28,0,-2,0,0,0,45,3398,4246,1693,175,32,503,32033,29674,106,0,65,98,5.75281e+06,0,0,0,0,1,399,2142,0,1739,3380,0,0,0,0,0,0,0,0,1299,-1333,0,0,130
2551.42,0,0,0,0,100,4459,1.61073,0.0128344,1.62311,59,0,24,24,28,0,-2,0,0,0,45,3401,4246,1686,175,32,503,32033,29674,106,0,65,98,5.73409e+06,0,0,0,0,1,0,2500,0,1726,3419,0,0,0,0,0,0,0,0,1299,-1307,0,0,130
2551.43,0,0,0,0,100,4456,1.61076,0.0128593,1.62326,59,0,24,23,28,0,-2,0,0,0,45,3401,4246,1686,175,33,503,32033,29674,106,0,65,98,5.73409e+06,0,0,0,0,1,0,2500,0,1708,3444,0,0,0,0,0,0,0,0,1299,-1196,0,0,130
2551.44,0,0,0,0,100,4459,1.61078,0.0128842,1.62341,59,0,24,24,28,0,-2,0,0,0,45,3401,4255,1677,175,33,503,32033,29674,106,0,65,98,5.70348e+06,0,0,0,0,1,0,1497,1092,1709,3352,0,0,0,0,0,0,0,0,1299,-1343,0,0,130
2551.45,0,0,0,0,100,4460,1.61081,0.0129091,1.62356,59,0,24,23,28,0,-2,0,0,0,45,3401,4255,1677,175,33,503,32033,29674,106,0,65,98,5.70348e+06,0,0,0,0,1,0,453,2118,1717,3406,0,0,0,0,0,0,0,0,1299,-1331,0,0,130
2551.46,0,0,0,0,100,4460,1.61084,0.012934,1.62371,59,0,24,23,28,0,-2,0,0,0,45,3411,4255,1694,175,33,503,32033,29674,106,0,65,98,5.77823e+06,0,0,0,0,1,0,453,2118,1717,3358,0,0,0,0,0,0,0,0,1299,-1303,0,0,130
2551.47,0,0,0,0,100,4459,1.61086,0.0129589,1.62386,59,0,24,23,28,0,-2,0,0,0,45,3411,4255,1683,175,33,503,32033,29674,106,0,65,98,5.74071e+06,0,0,0,0,1,0,0,2500,1730,3358,0,0,0,0,0,0,0,0,1299,-1303,0,0,130
2551.48,0,0,0,0,100,4449,1.61089,0.0129838,1.62401,59,0,24,23,28,0,-2,0,0,0,45,3401,4255,1670,175,33,503,32033,29674,106,0,65,98,5.67967e+06,0,0,0,0,1,0,0,2400,1719,3354,0,0,0,0,0,0,0,0,1299,-1273,0,0,130
2551.49,0,0,0,0,100,4450,1.61091,0.0130087,1.62416,59,0,24,23,28,0,-2,0,0,0,45,3401,4255,1670,175,33,503,32033,29674,106,0,65,98,5.67967e+06,0,0,0,0,1,1598,0,1139,1703,3423,0,0,0,0,0,0,0,0,1299,-1402,0,0,130
2551.5,0,0,0,0,100,4455,1.61094,0.0130336,1.62431,59,0,24,23,29,0,-2,0,0,0,45,3401,4255,1694,175,33,503,32084,29636,105,1024,65,98,5.76129e+06,0,0,0,0,1,2272,0,0,1705,3481,0,0,0,0,0,0,0,0,1299,-1225,0,0,130
2551.51,0,0,0,0,100,4450,1.61113,0.0130353,1.62421,59,0,24,23,29,0,-2,0,0,0,45,3412,4255,1689,175,33,503,32084,29636,105,1024,65,98,5.76287e+06,0,0,0,0,1,2500,0,0,1716,3326,0,0,0,0,0,0,0,0,1299,-1285,0,0,130
2551.52,0,0,0,0,100,4450,1.61133,0.0130369,1.62412,59,0,24,23,29,0,-2,0,0,0,45,3412,4255,1694,175,33,503,32084,29636,105,1024,65,98,5.77993e+06,0,0,0,0,1,2500,0,0,1716,3401,0,0,0,0,0,0,0,0,1299,-1289,0,0,130
2551.53,0,0,0,0,100,4440,1.61152,0.0130386,1.62402,59,0,24,23,29,0,-2,0,0,0,45,3412,4255,1694,175,34,503,32084,29636,105,1024,65,98,5.77993e+06,0,0,0,0,1,1555,1023,0,1697,3401,0,0,0,0,0,0,0,0,1299,-1289,0,0,130
2551.54,0,0,0,0,100,4443,1.61172,0.0130402,1.62393,59,0,24,23,29,0,-2,0,0,0,45,3404,4255,1681,175,34,503,32084,29636,105,1024,65,98,5.72212e+06,0,0,0,0,1,0,2261,0,1686,3456,0,0,0,0,0,0,0,0,1299,-1216,0,0,130
2551.55,0,0,0,0,100,4448,1.61191,0.0130419,1.62383,59,0,24,23,29,0,-2,0,0,0,45,3404,4255,1686,175,34,503,32084,29636,105,1024,65,98,5.73914e+06,0,0,0,0,1,0,2500,0,1707,3397,0,0,0,0,0,0,0,0,1299,-1301,0,0,130
2551.56,0,0,0,0,100,4454,1.6121,0.0130435,1.62373,59,0,24,23,29,0,-2,0,0,0,45,3404,4255,1697,175,34,503,32084,29636,105,1024,65,98,5.77659e+06,0,0,0,0,1,0,1760,756,1711,3360,0,0,0,0,0,0,0,0,1299,-1330,0,0,130
2551.57,0,0,0,0,100,4449,1.6123,0.0130452,1.62364,59,0,24,23,29,0,-2,0,0,0,45,3404,4255,1697,175,34,503,32084,29636,105,1024,65,98,5.77659e+06,0,0,0,0,1,0,521,2098,1724,3416,0,0,0,0,0,0,0,0,1299,-1391,0,0,130
2551.58,0,0,0,0,100,4449,1.61249,0.0130468,1.62354,59,0,24,23,29,0,-2,0,0,0,45,3403,4255,1692,175,34,503,32084,29636,105,1024,65,98,5.75788e+06,0,0,0,0,1,0,521,2098,1724,3380,0,0,0,0,0,0,0,0,1299,-1206,0,0,130
2551.59,0,0,0,0,100,4443,1.61269,0.0130485,1.62345,59,0,24,24,29,0,-2,0,0,0,45,3393,4255,1692,175,34,503,32084,29636,105,1024,65,98,5.74096e+06,0,0,0,0,1,0,0,2500,1708,3380,0,0,0,0,0,0,0,0,1299,-1206,0,0,130
2551.6,0,0,0,0,100,4453,1.61288,0.0130501,1.62335,59,0,24,24,30,0,-2,0,0,0,45,3393,4255,1694,175,34,503,32048,29646,106,1024,64,98,5.74774e+06,0,0,0,0,1,192,0,2165,1705,3337,0,0,0,0,0,0,0,0,1299,-1313,0,0,130
2551.61,0,0,0,0,100,4468,1.61298,0.0130681,1.62333,59,0,24,24,30,0,-2,0,0,0,45,3393,4255,1694,175,34,503,32048,29646,106,1024,64,98,5.74774e+06,0,0,0,0,1,1440,0,1313,1718,3415,0,0,0,0,0,0,0,0,1299,-1297,0,0,130
2551.62,0,0,0,0,100,4471,1.61308,0.0130862,1.62331,59,0,24,24,30,0,-2,0,0,0,45,3394,4255,1728,175,34,503,32048,29646,106,1024,64,98,5.86483e+06,0,0,0,0,1,2038,0,1461,1729,3416,0,0,0,0,0,0,0,0,1299,-1360,0,0,130
2551.63,0,0,0,0,100,4471,1.61318,0.0131042,1.62328,59,0,24,24,30,0,-2,0,0,0,45,3394,4255,1717,175,34,503,32048,29646,106,1024,64,98,5.8275e+06,0,0,0,0,1,1935,0,654,1721,3397,0,0,0,0,0,0,0,0,1299,-1309,0,0,130
2551.64,0,0,0,0,100,4471,1.61328,0.0131223,1.62326,59,0,24,24,30,0,-2,0,0,0,45,3394,4255,1722,175,35,503,32048,29646,106,1024,64,98,5.84447e+06,0,0,0,0,1,1935,0,654,1721,3470,0,0,0,0,0,0,0,0,1299,-1223,0,0,130
2551.65,0,0,0,0,100,4477,1.61338,0.0131403,1.62324,59,0,24,24,30,0,-2,0,0,0,45,3394,4255,1722,175,35,503,32048,29646,106,1024,64,98,5.84447e+06,0,0,0,0,1,2266,0,0,1705,3470,0,0,0,0,0,0,0,0,1299,-1223,0,0,130
2551.66,0,0,0,0,100,4488,1.61348,0.0131584,1.62322,59,0,24,24,30,0,-2,0,0,0,45,3386,4255,1744,175,35,503,32048,29646,106,1024,64,98,5.90518e+06,0,0,0,0,1,2386,0,0,1715,3442,0,0,0,0,0,0,0,0,1299,-1175,0,0,130
2551.67,0,0,0,0,100,4499,1.61358,0.0131764,1.62319,59,0,24,24,30,0,-2,0,0,0,45,3390,4255,1749,175,35,503,32048,29646,106,1024,64,98,5.92911e+06,0,0,0,0,1,2421,0,0,1718,3432,0,0,0,0,0,0,0,0,1299,-1191,0,0,130
2551.68,0,0,0,0,100,4504,1.61368,0.0131944,1.62317,59,0,24,24,30,0,-2,0,0,0,45,3390,4255,1753,175,35,503,32048,29646,106,1024,64,98,5.94267e+06,0,0,0,0,1,1995,0,656,1718,3389,0,0,0,0,0,0,0,0,1299,-1335,0,0,130
2551.69,0,0,0,0,100,4504,1.61378,0.0132125,1.62315,59,0,24,24,30,0,-2,0,0,0,45,3390,4255,1753,175,35,503,32048,29646,106,1024,64,98,5.94267e+06,0,0,0,0,1,2278,0,0,1706,3473,0,0,0,0,0,0,0,0,1299,-1181,0,0,130
2551.7,0,0,0,0,100,4504,1.61388,0.0132305,1.62313,59,0,24,24,30,0,-2,0,0,0,45,3375,4257,1739,175,35,503,31871,29247,106,0,64,98,5.86912e+06,0,0,0,0,1,2278,0,0,1706,3416,0,0,0,0,0,0,0,0,1299,-1256,0,0,130
2551.71,0,0,0,0,100,4514,1.61351,0.0132076,1.62288,59,0,24,24,30,0,-2,0,0,0,45,3375,4257,1755,175,35,503,31871,29247,106,0,64,98,5.92312e+06,0,0,0,0,1,2163,0,194,1710,3416,0,0,0,0,0,0,0,0,1299,-1256,0,0,130
2551.72,0,0,0,0,100,4521,1.61315,0.0131847,1.62264,59,0,24,24,30,0,-2,0,0,0,45,3375,4257,1753,175,35,503,31871,29247,106,0,64,98,5.91638e+06,0,0,0,0,1,1807,0,815,1703,3395,0,0,0,0,0,0,0,0,1299,-1332,0,0,130
2551.73,0,0,0,0,100,4516,1.61279,0.0131618,1.6224,59,0,24,24,30,0,-2,0,0,0,45,3375,4257,1753,175,35,503,31871,29247,106,0,64,98,5.91638e+06,0,0,0,0,1,1409,0,1327,1716,3425,0,0,0,0,0,0,0,0,1299,-1379,0,0,130
2551.74,0,0,0,0,100,4517,1.61242,0.0131389,1.62216,59,0,24,24,30,0,-2,0,0,0,45,3378,4257,1755,175,35,503,31871,29247,106,0,64,98,5.92839e+06,0,0,0,0,1,719,0,1746,1682,3401,0,0,0,0,0,0,0,0,1299,-1260,0,0,130
2551.75,0,0,0,0,100,4526,1.61206,0.0131159,1.62192,59,0,24,24,30,0,-2,0,0,0,45,3374,4257,1758,175,35,503,31871,29247,106,0,64,98,5.93149e+06,0,0,0,0,1,0,0,2358,1683,3345,0,0,0,0,0,0,0,0,1299,-1202,0,0,130
2551.76,0,0,0,0,100,4526,1.6117,0.013093,1.62167,59,0,24,24,30,0,-2,0,0,0,45,3374,4257,1748,175,35,503,31871,29247,106,0,64,98,5.89775e+06,0,0,0,0,1,0,0,2358,1683,3378,0,0,0,0,0,0,0,0,1299,-1249,0,0,130
2551.77,0,0,0,0,100,4531,1.61133,0.0130701,1.62143,59,0,24,24,30,0,-2,0,0,0,45,3374,4257,1748,175,35,503,31871,29247,106,0,64,98,5.89775e+06,0,0,0,0,1,0,0,2500,1693,3378,0,0,0,0,0,0,0,0,1299,-1249,0,0,130
2551.78,0,0,0,0,100,4527,1.61097,0.0130472,1.62119,59,0,24,24,30,0,-2,0,0,0,45,3379,4256,1757,175,35,503,31871,29247,106,0,64,98,5.9369e+06,0,0,0,0,1,0,0,2490,1701,3356,0,0,0,0,0,0,0,0,1299,-1225,0,0,130
2551.79,0,0,0,0,100,4517,1.61061,0.0130243,1.62095,59,0,24,24,30,0,-2,0,0,0,45,3379,4256,1750,175,35,503,31871,29247,106,0,64,98,5.91325e+06,0,0,0,0,1,0,58,2206,1686,3382,0,0,0,0,0,0,0,0,1299,-1238,0,0,130
2551.8,0,0,0,0,100,4512,1.61024,0.0130013,1.62071,59,0,24,24,30,0,-2,0,0,0,45,3379,4256,1730,175,35,503,31877,29528,106,0,68,4,5.84567e+06,0,0,0,0,1,0,466,2055,1669,3434,0,0,0,0,0,0,0,0,1299,-1261,0,0,130
2551.81,0,0,0,0,100,4524,1.61063,0.0129595,1.62035,59,0,24,24,30,0,-2,0,0,0,45,3379,4256,1730,175,35,503,31877,29528,106,0,68,4,5.84567e+06,0,0,0,0,1,0,1013,1571,1673,3430,0,0,0,0,0,0,0,0,1299,-1334,0,0,130
2551.82,0,0,0,0,100,4524,1.61102,0.0129177,1.61999,59,0,24,24,30,0,-2,0,0,0,45,3371,4256,1757,175,35,503,31877,29528,106,0,68,4,5.92285e+06,0,0,0,0,1,0,1013,1571,1673,3356,0,0,0,0,0,0,0,0,1299,-1261,0,0,130
2551.83,0,0,0,0,100,4527,1.6114,0.0128759,1.61963,59,0,24,24,30,0,-2,0,0,0,45,3374,4256,1755,175,35,503,31877,29528,106,0,68,4,5.92137e+06,0,0,0,0,1,0,1810,670,1693,3356,0,0,0,0,0,0,0,0,1299,-1261,0,0,130
2551.84,0,0,0,0,100,4516,1.61179,0.012834,1.61928,59,0,24,24,30,0,-2,0,0,0,45,3374,4256,1736,175,35,503,31877,29528,106,0,68,4,5.85726e+06,0,0,0,0,1,0,2275,35,1688,3386,0,0,0,0,0,0,0,0,1299,-1274,0,0,130
2551.85,0,0,0,0,100,4507,1.61218,0.0127922,1.61892,59,0,24,24,30,0,-2,0,0,0,45,3374,4256,1736,175,32,503,31877,29528,106,0,68,4,5.85726e+06,0,0,0,0,1,0,2369,0,1670,3425,0,0,0,0,0,0,0,0,1299,-1197,0,0,130
2551.86,0,0,0,0,100,4511,1.61256,0.0127504,1.61856,59,0,24,24,30,0,-2,0,0,0,45,3376,4256,1736,175,32,503,31877,29528,106,0,68,4,5.86074e+06,0,0,0,0,1,0,2476,0,1670,3425,0,0,0,0,0,0,0,0,1299,-1245,0,0,130
2551.87,0,0,0,0,100,4515,1.61295,0.0127086,1.6182,59,0,24,24,30,0,-2,0,0,0,45,3376,4256,1741,175,32,503,31877,29528,106,0,68,4,5.87762e+06,0,0,0,0,1,0,2500,0,1676,3406,0,0,0,0,0,0,0,0,1299,-1265,0,0,130
2551.88,0,0,0,0,100,4515,1.61334,0.0126668,1.61785,59,0,24,24,30,0,-2,0,0,0,45,3376,4256,1754,175,32,503,31877,29528,106,0,68,4,5.9215e+06,0,0,0,0,1,0,2500,0,1676,3432,0,0,0,0,0,0,0,0,1299,-1229,0,0,130
2551.89,0,0,0,0,100,4518,1.61372,0.0126249,1.61749,59,0,24,24,30,0,-2,0,0,0,45,3376,4256,1754,175,32,503,31877,29528,106,0,68,4,5.9215e+06,0,0,0,0,1,0,2500,0,1685,3432,0,0,0,0,0,0,0,0,1299,-1229,0,0,130
2551.9,0,0,0,0,100,4517,1.61411,0.0125831,1.61713,59,0,24,24,30,0,-2,0,0,0,45,3383,4256,1735,175,32,503,31902,29649,106,0,68,4,5.8695e+06,0,0,0,0,1,0,2400,0,1690,3415,0,0,0,0,0,0,0,0,1299,-1202,0,0,130
2551.91,0,0,0,0,100,4518,1.61315,0.0126041,1.61745,59,0,24,24,30,0,-2,0,0,0,45,3374,4256,1732,175,32,503,31902,29649,106,0,68,4,5.84377e+06,0,0,0,0,1,134,2150,0,1678,3456,0,0,0,0,0,0,0,0,1299,-1206,0,0,130
2551.92,0,0,0,0,100,4526,1.61219,0.012625,1.61778,59,0,24,24,30,0,-2,0,0,0,45,3374,4256,1742,175,32,503,31902,29649,106,0,68,4,5.87751e+06,0,0,0,0,1,843,1755,0,1679,3416,0,0,0,0,0,0,0,0,1299,-1294,0,0,130
2551.93,0,0,0,0,100,4527,1.61123,0.012646,1.6181,59,0,24,24,30,0,-2,0,0,0,45,3374,4256,1742,175,32,503,31902,29649,106,0,68,4,5.87751e+06,0,0,0,0,1,2370,0,0,1692,3352,0,0,0,0,0,0,0,0,1299,-1205,0,0,130
2551.94,0,0,0,0,100,4527,1.61028,0.012667,1.61842,59,0,24,24,30,0,-2,0,0,0,45,3372,4256,1763,175,32,503,31902,29649,106,0,68,4,5.94484e+06,0,0,0,0,1,2370,0,0,1692,3360,0,0,0,0,0,0,0,0,1299,-1211,0,0,130
2551.95,0,0,0,0,100,4529,1.60932,0.012688,1.61874,59,0,24,24,30,0,-2,0,0,0,45,3372,4256,1742,175,32,503,31902,29649,106,0,68,4,5.87402e+06,0,0,0,0,1,2321,0,0,1686,3360,0,0,0,0,0,0,0,0,1299,-1211,0,0,130
2551.96,0,0,0,0,100,4541,1.60836,0.0127089,1.61907,59,0,24,24,30,0,-2,0,0,0,45,3372,4256,1753,175,32,503,31902,29649,106,0,68,4,5.91112e+06,0,0,0,0,1,2500,0,0,1680,3384,0,0,0,0,0,0,0,0,1299,-1166,0,0,130
2551.97,0,0,0,0,100,4551,1.6074,0.0127299,1.61939,59,0,24,24,30,0,-2,0,0,0,45,3372,4256,1753,175,32,503,31902,29649,106,0,68,4,5.91112e+06,0,0,0,0,1,2100,0,301,1705,3408,0,0,0,0,0,0,0,0,1299,-1250,0,0,130
2551.98,0,0,0,0,100,4555,1.60644,0.0127509,1.61971,59,0,24,24,30,0,-2,0,0,0,45,3366,4256,1743,175,32,503,31902,29649,106,0,68,4,5.86694e+06,0,0,0,0,1,635,0,1801,1697,3384,0,0,0,0,0,0,0,0,1299,-1242,0,0,130
2551.99,0,0,0,0,100,4555,1.60548,0.0127718,1.62003,59,0,24,24,30,0,-2,0,0,0,45,3368,4256,1753,175,32,503,31902,29649,106,0,68,4,5.9041e+06,0,0,0,0,1,0,0,2500,1693,3371,0,0,0,0,0,0,0,0,1299,-1278,0,0,130
2552,0,0,0,0,100,4555,1.60452,0.0127928,1.62036,59,0,24,24,31,0,-2,0,0,0,46,3368,4255,1761,175,32,503,31823,29426,106,0,65,98,5.93105e+06,0,0,0,0,1,0,0,2500,1693,3434,0,0,0,0,0,0,0,0,1299,-1222,0,0,130
2552.01,0,0,0,0,100,4558,1.6046,0.012746,1.62045,59,0,24,24,31,0,-2,0,0,0,46,3368,4255,1761,175,32,503,31823,29426,106,0,65,98,5.93105e+06,0,0,0,0,1,0,435,2031,1687,3434,0,0,0,0,0,0,0,0,1299,-1222,0,0,130
2552.02,0,0,0,0,100,4574,1.60468,0.0126991,1.62054,59,0,24,24,31,0,-2,0,0,0,46,3364,4255,1725,175,32,503,31823,29426,106,0,65,98,5.8029e+06,0,0,0,0,1,0,2277,0,1686,3399,0,0,0,0,0,0,0,0,1299,-1219,0,0,130
2552.03,0,0,0,0,100,4587,1.60475,0.0126523,1.62063,59,0,24,24,31,0,-2,0,0,0,46,3364,4255,1752,175,32,503,31823,29426,106,0,65,98,5.89373e+06,0,0,0,0,1,245,2085,0,1702,3438,0,0,0,0,0,0,0,0,1299,-1188,0,0,130
2552.04,0,0,0,0,100,4581,1.60483,0.0126055,1.62072,59,0,24,24,31,0,-2,0,0,0,46,3364,4255,1736,175,32,503,31823,29426,106,0,65,98,5.8399e+06,0,0,0,0,1,2375,0,0,1702,3334,0,0,0,0,0,0,0,0,1299,-1231,0,0,130
2552.05,0,0,0,0,100,4580,1.6049,0.0125587,1.62081,59,0,24,24,31,0,-2,0,0,0,46,3364,4255,1736,175,32,503,31823,29426,106,0,65,98,5.8399e+06,0,0,0,0,1,2145,0,127,1679,3475,0,0,0,0,0,0,0,0,1299,-1180,0,0,130
2552.06,0,0,0,0,100,4580,1.60498,0.0125118,1.6209,59,0,24,24,31,0,-2,0,0,0,46,3378,4255,1716,175,32,503,31823,29426,106,0,65,98,5.79665e+06,0,0,0,0,1,2145,0,127,1679,3348,0,0,0,0,0,0,0,0,1299,-1191,0,0,130
2552.07,0,0,0,0,100,4586,1.60506,0.012465,1.62099,59,0,24,24,31,0,-2,0,0,0,46,3378,4255,1743,175,32,503,31823,29426,106,0,65,98,5.88785e+06,0,0,0,0,1,0,0,2323,1671,3348,0,0,0,0,0,0,0,0,1299,-1191,0,0,130
2552.08,0,0,0,0,100,4594,1.60513,0.0124182,1.62108,59,0,24,24,31,0,-2,0,0,0,46,3376,4255,1735,175,32,503,31823,29426,106,0,65,98,5.85736e+06,0,0,0,0,1,0,495,2018,1689,3404,0,0,0,0,0,0,0,0,1299,-1321,0,0,130
2552.09,0,0,0,0,100,4594,1.60521,0.0123713,1.62117,59,0,24,24,31,0,-2,0,0,0,46,3376,4255,1735,175,32,503,31823,29426,106,0,65,98,5.85736e+06,0,0,0,0,1,0,2500,0,1686,3425,0,0,0,0,0,0,0,0,1299,-1201,0,0,130
2552.1,0,0,0,0,100,4591,1.60528,0.0123245,1.62126,59,0,24,24,30,0,-2,0,0,0,46,3376,4250,1727,175,32,503,31873,29406,106,1024,48,4,5.83035e+06,0,0,0,0,1,1009,1611,0,1686,3410,0,0,0,0,0,0,0,0,1299,-1177,0,0,130
2552.11,0,0,0,0,100,4589,1.60592,0.0123111,1.62091,59,0,24,24,30,0,-2,0,0,0,46,3376,4250,1700,175,32,503,31873,29406,106,1024,48,4,5.7392e+06,0,0,0,0,1,2500,0,0,1670,3389,0,0,0,0,0,0,0,0,1299,-1147,0,0,130
2552.12,0,0,0,0,100,4589,1.60656,0.0122978,1.62056,59,0,24,24,30,0,-2,0,0,0,46,3371,4250,1706,175,32,503,31873,29406,106,1024,48,4,5.75093e+06,0,0,0,0,1,2500,0,0,1670,3339,0,0,0,0,0,0,0,0,1299,-1221,0,0,130
2552.13,0,0,0,0,100,4593,1.6072,0.0122844,1.62021,59,0,24,24,30,0,-2,0,0,0,46,3371,4250,1706,175,32,503,31873,29406,106,1024,48,4,5.75093e+06,0,0,0,0,1,1218,0,1404,1675,3339,0,0,0,0,0,0,0,0,1299,-1221,0,0,130
2552.14,0,0,0,0,100,4591,1.60784,0.012271,1.61986,59,0,24,24,30,0,-2,0,0,0,46,3384,4250,1735,175,32,503,31873,29406,106,1024,48,4,5.87124e+06,0,0,0,0,1,0,265,2094,1687,3436,0,0,0,0,0,0,0,0,1299,-1216,0,0,130
2552.15,0,0,0,0,100,4581,1.60848,0.0122577,1.61951,59,0,24,24,30,0,-2,0,0,0,46,3384,4250,1716,175,32,503,31873,29406,106,1024,48,4,5.80694e+06,0,0,0,0,1,0,2373,0,1668,3406,0,0,0,0,0,0,0,0,1299,-1209,0,0,130
2552.16,0,0,0,0,100,4581,1.60912,0.0122443,1.61916,59,0,24,24,30,0,-2,0,0,0,46,3384,4250,1716,175,32,503,31873,29406,106,1024,48,4,5.80694e+06,0,0,0,0,1,190,2064,0,1655,3458,0,0,0,0,0,0,0,0,1299,-1155,0,0,130
2552.17,0,0,0,0,100,4588,1.60976,0.0122309,1.61881,59,0,24,24,30,0,-2,0,0,0,46,3384,4250,1716,175,32,503,31873,29406,106,1024,48,4,5.80694e+06,0,0,0,0,1,2380,0,0,1665,3360,0,0,0,0,0,0,0,0,1299,-1196,0,0,130
2552.18,0,0,0,0,100,4588,1.6104,0.0122175,1.61846,59,0,24,24,30,0,-2,0,0,0,46,3383,4251,1706,175,32,503,31873,29406,106,1024,48,4,5.7714e+06,0,0,0,0,1,2380,0,0,1665,3360,0,0,0,0,0,0,0,0,1299,-1222,0,0,130
2552.19,0,0,0,0,100,4586,1.61104,0.0122042,1.61811,59,0,24,24,30,0,-2,0,0,0,46,3383,4251,1725,175,32,503,31873,29406,106,1024,48,4,5.83568e+06,0,0,0,0,1,1390,0,1248,1678,3449,0,0,0,0,0,0,0,0,1299,-1222,0,0,130
2552.2,0,0,0,0,100,4580,1.61168,0.0121908,1.61776,59,0,24,24,30,0,-2,0,0,0,46,3388,4251,1724,175,32,503,32000,29366,106,1024,68,4,5.84091e+06,0,0,0,0,1,0,0,2408,1670,3358,0,0,0,0,0,0,0,0,1299,-1224,0,0,130
2552.21,0,0,0,0,100,4576,1.61055,0.0121913,1.6177,59,0,24,24,30,0,-2,0,0,0,46,3388,4251,1724,175,32,503,32000,29366,106,1024,68,4,5.84091e+06,0,0,0,0,1,0,175,2098,1666,3393,0,0,0,0,0,0,0,0,1299,-1175,0,0,130
2552.22,0,0,0,0,100,4583,1.60942,0.0121919,1.61765,59,0,24,24,30,0,-2,0,0,0,46,3382,4251,1720,175,32,503,32000,29366,106,1024,68,4,5.81704e+06,0,0,0,0,1,0,2277,0,1662,3410,0,0,0,0,0,0,0,0,1299,-1203,0,0,130
2552.23,0,0,0,0,100,4593,1.60829,0.0121924,1.61759,59,0,24,24,30,0,-2,0,0,0,46,3382,4251,1715,175,32,503,32000,29366,106,1024,68,4,5.80013e+06,0,0,0,0,1,415,2001,0,1680,3430,0,0,0,0,0,0,0,0,1299,-1211,0,0,130
2552.24,0,0,0,0,100,4593,1.60717,0.012193,1.61753,59,0,24,24,30,0,-2,0,0,0,46,3382,4251,1722,175,32,503,32000,29366,106,1024,68,4,5.8238e+06,0,0,0,0,1,415,2001,0,1680,3341,0,0,0,0,0,0,0,0,1299,-1223,0,0,130
2552.25,0,0,0,0,100,4590,1.60604,0.0121935,1.61747,59,0,24,24,30,0,-2,0,0,0,46,3382,4251,1722,175,32,503,32000,29366,106,1024,68,4,5.8238e+06,0,0,0,0,1,2500,0,0,1690,3341,0,0,0,0,0,0,0,0,1299,-1223,0,0,130
2552.26,0,0,0,0,100,4589,1.60491,0.0121941,1.61742,59,0,24,24,30,0,-2,0,0,0,46,3383,4251,1728,175,32,503,32000,29366,106,1024,68,4,5.84582e+06,0,0,0,0,1,1847,0,748,1667,3412,0,0,0,0,0,0,0,0,1299,-1281,0,0,130
2552.27,0,0,0,0,100,4595,1.60379,0.0121946,1.61736,59,0,24,24,30,0,-2,0,0,0,46,3383,4251,1720,175,32,503,32000,29366,106,1024,68,4,5.81876e+06,0,0,0,0,1,0,0,2500,1666,3369,0,0,0,0,0,0,0,0,1299,-1214,0,0,130
2552.28,0,0,0,0,100,4605,1.60266,0.0121952,1.6173,59,0,24,24,30,0,-2,0,0,0,46,3385,4251,1730,175,32,503,32000,29366,106,1024,68,4,5.85605e+06,0,0,0,0,1,0,1617,873,1677,3363,0,0,0,0,0,0,0,0,1299,-1244,0,0,130
2552.29,0,0,0,0,100,4608,1.60153,0.0121957,1.61725,59,0,24,24,30,0,-2,0,0,0,46,3385,4251,1730,175,32,503,32000,29366,106,1024,68,4,5.85605e+06,0,0,0,0,1,95,2158,0,1686,3436,0,0,0,0,0,0,0,0,1299,-1173,0,0,130
2552.3,0,0,0,0,100,4608,1.6004,0.0121963,1.61719,59,0,24,24,30,0,-2,0,0,0,46,3385,4251,1737,175,32,503,31967,29478,106,1024,68,4,5.87974e+06,0,0,0,0,1,95,2158,0,1686,3333,0,0,0,0,0,0,0,0,1299,-1241,0,0,130
2552.31,0,0,0,0,100,4614,1.60139,0.0121945,1.61708,59,0,24,24,30,0,-2,0,0,0,46,3370,4251,1719,175,32,503,31967,29478,106,1024,68,4,5.79303e+06,0,0,0,0,1,2500,0,0,1689,3333,0,0,0,0,0,0,0,0,1299,-1241,0,0,130
2552.32,0,0,0,0,100,4620,1.60237,0.0121928,1.61698,59,0,24,24,30,0,-2,0,0,0,46,3370,4251,1710,175,32,503,31967,29478,106,1024,68,4,5.7627e+06,0,0,0,0,1,608,0,1768,1685,3374,0,0,0,0,0,0,0,0,1299,-1229,0,0,130
2552.33,0,0,0,0,100,4631,1.60335,0.0121911,1.61687,59,0,24,24,30,0,-2,0,0,0,46,3370,4251,1710,175,32,503,31967,29478,106,1024,68,4,5.7627e+06,0,0,0,0,1,0,870,1729,1686,3399,0,0,0,0,0,0,0,0,1299,-1294,0,0,130
2552.34,0,0,0,0,100,4635,1.60433,0.0121894,1.61677,59,0,24,24,30,0,-2,0,0,0,46,3380,4251,1733,175,32,503,31967,29478,106,1024,68,4,5.85754e+06,0,0,0,0,1,75,2148,0,1688,3430,0,0,0,0,0,0,0,0,1299,-1169,0,0,130
2552.35,0,0,0,0,100,4633,1.60531,0.0121877,1.61666,59,0,24,24,30,0,-2,0,0,0,46,3380,4251,1749,175,32,503,31967,29478,106,1024,68,4,5.91162e+06,0,0,0,0,1,2477,0,0,1680,3430,0,0,0,0,0,0,0,0,1299,-1154,0,0,130
2552.36,0,0,0,0,100,4633,1.6063,0.0121859,1.61655,59,0,24,24,30,0,-2,0,0,0,46,3380,4251,1719,175,32,503,31967,29478,106,1024,68,4,5.81022e+06,0,0,0,0,1,2477,0,0,1680,3339,0,0,0,0,0,0,0,0,1299,-1178,0,0,130
2552.37,0,0,0,0,100,4640,1.60728,0.0121842,1.61645,59,0,24,24,30,0,-2,0,0,0,46,3380,4251,1719,175,34,503,31967,29478,106,1024,68,4,5.81022e+06,0,0,0,0,1,0,0,2475,1668,3339,0,0,0,0,0,0,0,0,1299,-1178,0,0,130
2552.38,0,0,0,0,100,4656,1.60826,0.0121825,1.61634,59,0,24,24,30,0,-2,0,0,0,46,3372,4251,1713,175,34,503,31967,29478,106,1024,68,4,5.77624e+06,0,0,0,0,1,0,2373,0,1678,3412,0,0,0,0,0,0,0,0,1299,-1184,0,0,130
2552.39,0,0,0,0,100,4658,1.60924,0.0121808,1.61624,59,0,24,24,30,0,-2,0,0,0,46,3383,4251,1716,175,34,503,31967,29478,106,1024,68,4,5.80523e+06,0,0,0,0,1,2340,0,0,1686,3348,0,0,0,0,0,0,0,0,1299,-1197,0,0,130
2552.4,0,0,0,0,100,4653,1.61022,0.012179,1.61613,59,0,24,24,30,0,-2,0,0,0,46,3383,4251,1717,175,34,503,31934,29568,106,1024,87,98,5.80861e+06,0,0,0,0,1,260,0,2022,1684,3354,0,0,0,0,0,0,0,0,1299,-1192,0,0,130
2552.41,0,0,0,0,100,4651,1.61014,0.0121654,1.61617,59,0,24,24,30,0,-2,0,0,0,46,3383,4251,1717,175,34,503,31934,29568,106,1024,87,98,5.80861e+06,0,0,0,0,1,0,1648,824,1664,3365,0,0,0,0,0,0,0,0,1299,-1243,0,0,130
2552.42,0,0,0,0,100,4651,1.61005,0.0121518,1.61621,59,0,24,24,30,0,-2,0,0,0,46,3372,4251,1717,175,34,503,31934,29568,106,1024,87,98,5.78972e+06,0,0,0,0,1,0,1648,824,1664,3406,0,0,0,0,0,0,0,0,1299,-1222,0,0,130
2552.43,0,0,0,0,100,4655,1.60997,0.0121382,1.61625,59,0,24,24,30,0,-2,0,0,0,46,3372,4247,1694,175,34,503,31934,29568,106,1024,87,98,5.71217e+06,0,0,0,0,1,1325,1181,0,1661,3406,0,0,0,0,0,0,0,0,1299,-1222,0,0,130
2552.44,0,0,0,0,100,4663,1.60988,0.0121246,1.61629,59,0,24,24,30,0,-2,0,0,0,46,3383,4247,1703,175,34,503,31934,29568,106,1024,87,98,5.76125e+06,0,0,0,0,1,172,0,2037,1672,3356,0,0,0,0,0,0,0,0,1299,-1173,0,0,130
2552.45,0,0,0,0,100,4659,1.6098,0.012111,1.61633,59,0,24,24,30,0,-2,0,0,0,46,3383,4247,1703,175,34,503,31934,29568,106,1024,87,98,5.76125e+06,0,0,0,0,1,0,1115,1477,1684,3416,0,0,0,0,0,0,0,0,1299,-1312,0,0,130
2552.46,0,0,0,0,100,4652,1.60971,0.0120974,1.61637,59,0,24,24,30,0,-2,0,0,0,46,3376,4247,1710,175,34,503,31934,29568,106,1024,87,98,5.77296e+06,0,0,0,0,1,788,1716,0,1653,3434,0,0,0,0,0,0,0,0,1299,-1205,0,0,130
2552.47,0,0,0,0,100,4653,1.60962,0.0120838,1.61641,59,0,24,24,30,0,-2,0,0,0,46,3376,4247,1691,175,35,503,31934,29568,106,1024,87,98,5.70882e+06,0,0,0,0,1,1971,0,396,1660,3447,0,0,0,0,0,0,0,0,1299,-1182,0,0,130
2552.48,0,0,0,0,100,4653,1.60954,0.0120701,1.61645,59,0,24,24,30,0,-2,0,0,0,46,3379,4247,1704,175,35,503,31934,29568,106,1024,87,98,5.75782e+06,0,0,0,0,1,1971,0,396,1660,3386,0,0,0,0,0,0,0,0,1299,-1162,0,0,130
2552.49,0,0,0,0,100,4654,1.60945,0.0120565,1.61648,59,0,24,24,30,0,-2,0,0,0,46,3379,4247,1704,175,35,503,31934,29568,106,1024,87,98,5.75782e+06,0,0,0,0,1,0,54,2121,1666,3386,0,0,0,0,0,0,0,0,1299,-1162,0,0,130
2552.5,0,0,0,0,100,4650,1.60937,0.0120429,1.61652,59,0,24,24,30,0,-2,0,0,0,46,3379,4245,1706,175,35,503,31873,29566,106,0,87,4,5.76457e+06,0,0,0,0,1,0,2361,0,1666,3415,0,0,0,0,0,0,0,0,1299,-1166,0,0,130
2552.51,0,0,0,0,100,4649,1.60843,0.0120326,1.61636,59,0,24,24,30,0,-2,0,0,0,46,3379,4245,1717,175,35,503,31873,29566,106,0,87,4,5.80174e+06,0,0,0,0,1,2444,0,0,1656,3434,0,0,0,0,0,0,0,0,1299,-1133,0,0,130
2552.52,0,0,0,0,100,4650,1.60749,0.0120222,1.6162,59,0,24,24,30,0,-2,0,0,0,46,3375,4245,1695,175,35,503,31873,29566,106,0,87,4,5.72062e+06,0,0,0,0,1,0,0,2500,1669,3371,0,0,0,0,0,0,0,0,1299,-1235,0,0,130
2552.53,0,0,0,0,100,4656,1.60655,0.0120119,1.61604,59,0,24,24,30,0,-2,0,0,0,46,3375,4245,1695,175,35,503,31873,29566,106,0,87,4,5.72062e+06,0,0,0,0,1,0,2484,0,1663,3419,0,0,0,0,0,0,0,0,1299,-1188,0,0,130
2552.54,0,0,0,0,100,4656,1.60561,0.0120015,1.61588,59,0,24,24,30,0,-2,0,0,0,46,3382,4245,1703,175,35,503,31873,29566,106,0,87,4,5.75955e+06,0,0,0,0,1,0,2484,0,1663,3356,0,0,0,0,0,0,0,0,1299,-1165,0,0,130
2552.55,0,0,0,0,100,4652,1.60467,0.0119912,1.61572,59,0,24,24,30,0,-2,0,0,0,46,3382,4245,1715,175,35,503,31873,29566,106,0,87,4,5.80013e+06,0,0,0,0,1,2354,0,0,1669,3356,0,0,0,0,0,0,0,0,1299,-1165,0,0,130
2552.56,0,0,0,0,100,4645,1.60373,0.0119808,1.61556,59,0,24,24,30,0,-2,0,0,0,46,3382,4245,1722,175,35,503,31873,29566,106,0,87,4,5.8238e+06,0,0,0,0,1,430,0,1908,1664,3367,0,0,0,0,0,0,0,0,1299,-1205,0,0,130
2552.57,0,0,0,0,100,4652,1.60279,0.0119705,1.6154,59,0,24,24,30,0,-2,0,0,0,46,3382,4245,1722,175,35,503,31873,29566,106,0,87,4,5.8238e+06,0,0,0,0,1,0,1544,979,1643,3341,0,0,0,0,0,0,0,0,1299,-1224,0,0,130
2552.58,0,0,0,0,100,4667,1.60186,0.0119601,1.61524,59,0,24,24,30,0,-2,0,0,0,46,3373,4236,1703,175,35,503,31873,29566,106,0,87,4,5.74422e+06,0,0,0,0,1,1548,925,0,1664,3393,0,0,0,0,0,0,0,0,1299,-1196,0,0,130
2552.59,0,0,0,0,100,4669,1.60092,0.0119498,1.61508,59,0,24,24,30,0,-2,0,0,0,46,3373,4236,1714,175,35,503,31873,29566,106,0,87,4,5.78132e+06,0,0,0,0,1,880,0,1609,1675,3423,0,0,0,0,0,0,0,0,1299,-1172,0,0,130
2552.6,0,0,0,0,100,4669,1.59998,0.0119394,1.61491,59,0,24,24,31,0,-2,0,0,0,47,3378,4236,1730,175,35,503,31895,29485,106,0,87,4,5.84394e+06,0,0,0,0,1,880,0,1609,1675,3360,0,0,0,0,0,0,0,0,1299,-1173,0,0,130
2552.61,0,0,0,0,100,4666,1.60032,0.0119489,1.61468,59,0,24,24,31,0,-2,0,0,0,47,3378,4236,1730,175,35,503,31895,29485,106,0,87,4,5.84394e+06,0,0,0,0,1,0,1626,885,1668,3360,0,0,0,0,0,0,0,0,1299,-1173,0,0,130
2552.62,0,0,0,0,100,4669,1.60066,0.0119584,1.61445,59,0,24,24,31,0,-2,0,0,0,47,3377,4236,1717,175,35,503,31895,29485,106,0,87,4,5.79831e+06,0,0,0,0,1,1624,765,0,1660,3395,0,0,0,0,0,0,0,0,1299,-1153,0,0,130
2552.63,0,0,0,0,100,4679,1.601,0.0119679,1.61421,59,0,24,24,31,0,-2,0,0,0,47,3377,4236,1717,175,35,503,31895,29485,106,0,87,4,5.79831e+06,0,0,0,0,1,409,0,1877,1661,3367,0,0,0,0,0,0,0,0,1299,-1177,0,0,130
2552.64,0,0,0,0,100,4691,1.60134,0.0119774,1.61398,59,0,24,24,31,0,-2,0,0,0,47,3375,4236,1714,175,35,503,31895,29485,106,0,87,4,5.78475e+06,0,0,0,0,1,0,2334,0,1666,3438,0,0,0,0,0,0,0,0,1299,-1148,0,0,130
2552.65,0,0,0,0,100,4693,1.60168,0.0119869,1.61375,59,0,24,24,31,0,-2,0,0,0,47,3375,4236,1714,175,35,503,31895,29485,106,0,87,4,5.78475e+06,0,0,0,0,1,2278,0,0,1691,3440,0,0,0,0,0,0,0,0,1299,-1127,0,0,130
2552.66,0,0,0,0,100,4693,1.60202,0.0119964,1.61351,59,0,24,24,31,0,-2,0,0,0,47,3375,4236,1725,175,35,503,31895,29485,106,0,87,4,5.82188e+06,0,0,0,0,1,2278,0,0,1691,3415,0,0,0,0,0,0,0,0,1299,-1232,0,0,130
2552.67,0,0,0,0,100,4697,1.60235,0.0120059,1.61328,59,0,24,24,31,0,-2,0,0,0,47,3375,4236,1700,175,35,503,31895,29485,106,0,87,4,5.7375e+06,0,0,0,0,1,0,605,1879,1678,3415,0,0,0,0,0,0,0,0,1299,-1232,0,0,130
2552.68,0,0,0,0,100,4706,1.60269,0.0120154,1.61305,59,0,24,24,31,0,-2,0,0,0,47,3375,4236,1687,175,35,503,31895,29485,106,0,87,4,5.69362e+06,0,0,0,0,1,1601,853,0,1663,3384,0,0,0,0,0,0,0,0,1299,-1190,0,0,130
2552.69,0,0,0,0,100,4709,1.60303,0.0120249,1.61281,59,0,24,24,31,0,-2,0,0,0,47,3375,4236,1687,175,35,503,31895,29485,106,0,87,4,5.69362e+06,0,0,0,0,1,0,0,2434,1674,3356,0,0,0,0,0,0,0,0,1299,-1117,0,0,130
2552.7,0,0,0,0,100,4710,1.60337,0.0120344,1.61258,59,0,24,24,34,0,-2,0,0,0,46,3376,4236,1724,175,35,503,31844,29434,106,0,87,4,5.82022e+06,0,0,0,0,1,0,2359,0,1675,3425,0,0,0,0,0,0,0,0,1299,-1137,0,0,130
2552.71,0,0,0,0,100,4716,1.60342,0.0120249,1.61258,59,0,24,24,34,0,-2,0,0,0,46,3372,4236,1728,175,35,503,31844,29434,106,0,87,4,5.82682e+06,0,0,0,0,1,1680,0,801,1656,3415,0,0,0,0,0,0,0,0,1299,-1205,0,0,130
2552.72,0,0,0,0,100,4716,1.60346,0.0120155,1.61258,59,0,24,24,34,0,-2,0,0,0,46,3372,4236,1724,175,35,503,31844,29434,106,0,87,4,5.81333e+06,0,0,0,0,1,1680,0,801,1656,3395,0,0,0,0,0,0,0,0,1299,-1141,0,0,130
2552.73,0,0,0,0,100,4721,1.60351,0.0120061,1.61258,59,0,24,24,34,0,-2,0,0,0,46,3372,4236,1724,175,35,503,31844,29434,106,0,87,4,5.81333e+06,0,0,0,0,1,0,2107,68,1665,3395,0,0,0,0,0,0,0,0,1299,-1141,0,0,130
2552.74,0,0,0,0,100,4727,1.60356,0.0119967,1.61258,59,0,24,24,34,0,-2,0,0,0,46,3380,4236,1687,175,35,503,31844,29434,106,0,87,4,5.70206e+06,0,0,0,0,1,2384,0,0,1675,3436,0,0,0,0,0,0,0,0,1299,-1124,0,0,130
2552.75,0,0,0,0,100,4721,1.6036,0.0119873,1.61258,59,0,24,24,34,0,-2,0,0,0,46,3380,4236,1695,175,35,503,31844,29434,106,0,87,4,5.7291e+06,0,0,0,0,1,0,894,1633,1666,3425,0,0,0,0,0,0,0,0,1299,-1257,0,0,130
2552.76,0,0,0,0,100,4715,1.60365,0.0119779,1.61258,59,0,24,24,34,0,-2,0,0,0,46,3380,4236,1714,175,35,503,31844,29434,106,0,87,4,5.79332e+06,0,0,0,0,1,2094,95,0,1657,3382,0,0,0,0,0,0,0,0,1299,-1152,0,0,130
2552.77,0,0,0,0,100,4719,1.60369,0.0119685,1.61258,59,0,24,24,34,0,-2,0,0,0,46,3380,4236,1714,175,35,503,31844,29434,106,0,87,4,5.79332e+06,0,0,0,0,1,0,0,2399,1636,3363,0,0,0,0,0,0,0,0,1299,-1117,0,0,130
2552.78,0,0,0,0,100,4719,1.60374,0.011959,1.61258,59,0,24,24,34,0,-2,0,0,0,46,3378,4236,1704,175,35,503,31844,29434,106,0,87,4,5.75611e+06,0,0,0,0,1,0,0,2399,1636,3416,0,0,0,0,0,0,0,0,1299,-1188,0,0,130
2552.79,0,0,0,0,100,4727,1.60379,0.0119496,1.61259,59,0,24,24,34,0,-2,0,0,0,46,3382,4236,1702,175,35,503,31844,29434,106,0,87,4,5.75616e+06,0,0,0,0,1,829,1654,0,1649,3416,0,0,0,0,0,0,0,0,1299,-1188,0,0,130
2552.8,0,0,0,0,100,4723,1.60383,0.0119402,1.61259,59,0,24,24,30,0,-2,0,0,0,46,3382,4236,1698,175,35,503,31849,29630,106,0,87,98,5.74264e+06,0,0,0,0,1,0,0,2174,1667,3348,0,0,0,0,0,0,0,0,1299,-1168,0,0,130
2552.81,0,0,0,0,100,4716,1.60308,0.0119447,1.61231,59,0,24,24,30,0,-2,0,0,0,46,3382,4236,1698,175,35,503,31849,29630,106,0,87,98,5.74264e+06,0,0,0,0,1,0,2427,0,1652,3442,0,0,0,0,0,0,0,0,1299,-1139,0,0,130
2552.82,0,0,0,0,100,4712,1.60233,0.0119491,1.61203,59,0,24,24,30,0,-2,0,0,0,46,3388,4236,1689,175,35,503,31849,29630,106,0,87,98,5.72233e+06,0,0,0,0,1,1930,0,451,1654,3453,0,0,0,0,0,0,0,0,1299,-1168,0,0,130
2552.83,0,0,0,0,100,4716,1.60158,0.0119535,1.61176,59,0,24,24,30,0,-2,0,0,0,46,3388,4239,1691,175,35,503,31849,29630,106,0,87,98,5.72911e+06,0,0,0,0,1,0,1660,703,1639,3380,0,0,0,0,0,0,0,0,1299,-1181,0,0,130
2552.84,0,0,0,0,100,4716,1.60083,0.011958,1.61148,59,0,24,24,30,0,-2,0,0,0,46,3388,4239,1681,175,35,503,31849,29630,106,0,87,98,5.69523e+06,0,0,0,0,1,0,1660,703,1639,3356,0,0,0,0,0,0,0,0,1299,-1161,0,0,130
2552.85,0,0,0,0,100,4720,1.60008,0.0119624,1.6112,59,0,24,24,30,0,-2,0,0,0,46,3388,4239,1681,175,35,503,31849,29630,106,0,87,98,5.69523e+06,0,0,0,0,1,2497,0,0,1656,3356,0,0,0,0,0,0,0,0,1299,-1161,0,0,130
2552.86,0,0,0,0,100,4715,1.59933,0.0119669,1.61093,59,0,24,24,30,0,-2,0,0,0,46,3382,4239,1693,175,35,503,31849,29630,106,0,87,98,5.72573e+06,0,0,0,0,1,0,9,2131,1657,3399,0,0,0,0,0,0,0,0,1299,-1104,0,0,130
2552.87,0,0,0,0,100,4718,1.59857,0.0119713,1.61065,59,0,24,24,30,0,-2,0,0,0,46,3375,4239,1681,175,35,503,31849,29630,106,0,87,98,5.67338e+06,0,0,0,0,1,1315,1166,0,1652,3406,0,0,0,0,0,0,0,0,1299,-1200,0,0,130
2552.88,0,0,0,0,100,4721,1.59782,0.0119757,1.61037,59,0,24,24,30,0,-2,0,0,0,46,3375,4239,1675,175,35,503,31849,29630,106,0,87,98,5.65312e+06,0,0,0,0,1,0,0,2420,1656,3356,0,0,0,0,0,0,0,0,1299,-1171,0,0,130
2552.89,0,0,0,0,100,4718,1.59707,0.0119802,1.61009,59,0,24,24,30,0,-2,0,0,0,46,3375,4239,1675,175,35,503,31849,29630,106,0,87,98,5.65312e+06,0,0,0,0,1,0,2265,0,1664,3430,0,0,0,0,0,0,0,0,1299,-1130,0,0,130
2552.9,0,0,0,0,100,4718,1.59632,0.0119846,1.60982,59,0,24,24,31,0,-2,0,0,0,46,3387,4239,1703,175,35,503,31822,29507,106,0,64,98,5.76806e+06,0,0,0,0,1,0,2265,0,1664,3444,0,0,0,0,0,0,0,0,1299,-1230,0,0,130
2552.91,0,0,0,0,100,4719,1.59698,0.0119781,1.61002,59,0,24,24,31,0,-2,0,0,0,46,3387,4237,1708,175,35,503,31822,29507,106,0,64,98,5.785e+06,0,0,0,0,1,1411,0,1119,1653,3444,0,0,0,0,0,0,0,0,1299,-1230,0,0,130
2552.92,0,0,0,0,100,4730,1.59764,0.0119715,1.61022,59,0,24,24,31,0,-2,0,0,0,46,3387,4237,1713,175,35,503,31822,29507,106,0,64,98,5.80193e+06,0,0,0,0,1,0,2392,0,1655,3421,0,0,0,0,0,0,0,0,1299,-1160,0,0,130
2552.93,0,0,0,0,100,4739,1.5983,0.0119649,1.61043,59,0,24,24,31,0,-2,0,0,0,46,3387,4237,1713,175,35,503,31822,29507,106,0,64,98,5.80193e+06,0,0,0,0,1,1948,0,354,1661,3427,0,0,0,0,0,0,0,0,1299,-1123,0,0,130
2552.94,0,0,0,0,100,4742,1.59895,0.0119584,1.61063,59,0,24,24,31,0,-2,0,0,0,46,3375,4237,1686,175,35,503,31822,29507,106,0,64,98,5.69025e+06,0,0,0,0,1,0,2500,0,1681,3410,0,0,0,0,0,0,0,0,1299,-1134,0,0,130
2552.95,0,0,0,0,100,4739,1.59961,0.0119518,1.61083,59,0,24,24,31,0,-2,0,0,0,46,3375,4237,1705,175,35,503,31822,29507,106,0,64,98,5.75438e+06,0,0,0,0,1,2210,0,0,1664,3462,0,0,0,0,0,0,0,0,1299,-1107,0,0,130
2552.96,0,0,0,0,100,4739,1.60027,0.0119453,1.61103,59,0,24,24,31,0,-2,0,0,0,46,3375,4237,1722,175,35,503,31822,29507,106,0,64,98,5.81175e+06,0,0,0,0,1,2210,0,0,1664,3382,0,0,0,0,0,0,0,0,1299,-1165,0,0,130
2552.97,0,0,0,0,100,4743,1.60093,0.0119387,1.61124,59,0,24,24,31,0,-2,0,0,0,46,3375,4237,1722,175,35,503,31822,29507,106,0,64,98,5.81175e+06,0,0,0,0,1,0,1771,516,1647,3382,0,0,0,0,0,0,0,0,1299,-1165,0,0,130
2552.98,0,0,0,0,100,4760,1.60159,0.0119321,1.61144,59,0,24,24,31,0,-2,0,0,0,46,3376,4237,1706,175,35,503,31822,29507,106,0,64,98,5.75946e+06,0,0,0,0,1,2112,0,0,1645,3470,0,0,0,0,0,0,0,0,1299,-1060,0,0,130
2552.99,0,0,0,0,100,4768,1.60224,0.0119256,1.61164,59,0,24,24,31,0,-2,0,0,0,46,3376,4238,1713,175,35,503,31822,29507,106,0,64,98,5.78309e+06,0,0,0,0,1,0,2320,0,1664,3412,0,0,0,0,0,0,0,0,1299,-1151,0,0,130
2553,0,0,0,0,100,4768,1.6029,0.011919,1.61185,59,0,24,24,31,0,-2,0,0,0,46,3376,4238,1704,175,35,503,31881,29560,106,0,68,4,5.7527e+06,0,0,0,0,1,1643,0,852,1662,3395,0,0,0,0,0,0,0,0,1299,-1217,0,0,130
2553.01,0,0,0,0,100,4770,1.60292,0.0119085,1.61181,59,0,24,24,31,0,-2,0,0,0,46,3376,4238,1704,175,35,503,31881,29560,106,0,68,4,5.7527e+06,0,0,0,0,1,0,2390,0,1649,3442,0,0,0,0,0,0,0,0,1299,-1128,0,0,130
2553.02,0,0,0,0,100,4770,1.60293,0.0118981,1.61177,59,0,24,24,31,0,-2,0,0,0,46,3383,4238,1699,175,35,503,31881,29560,106,0,68,4,5.74772e+06,0,0,0,0,1,0,2390,0,1649,3360,0,0,0,0,0,0,0,0,1299,-1134,0,0,130
2553.03,0,0,0,0,100,4775,1.60294,0.0118876,1.61174,59,0,24,24,31,0,-2,0,0,0,46,3374,4238,1680,175,35,503,31881,29560,106,0,68,4,5.66832e+06,0,0,0,0,1,290,0,1914,1646,3360,0,0,0,0,0,0,0,0,1299,-1134,0,0,130
2553.04,0,0,0,0,100,4781,1.60296,0.0118771,1.6117,59,0,24,24,31,0,-2,0,0,0,46,3374,4238,1695,175,35,503,31881,29560,106,0,68,4,5.71893e+06,0,0,0,0,1,700,1754,0,1669,3410,0,0,0,0,0,0,0,0,1299,-1168,0,0,130
2553.05,0,0,0,0,100,4784,1.60297,0.0118666,1.61167,59,0,24,24,31,0,-2,0,0,0,46,3374,4238,1695,175,35,503,31881,29560,106,0,68,4,5.71893e+06,0,0,0,0,1,0,0,2385,1655,3358,0,0,0,0,0,0,0,0,1299,-1099,0,0,130
2553.06,0,0,0,0,100,4785,1.60298,0.0118561,1.61163,59,0,24,24,31,0,-2,0,0,0,46,3373,4238,1697,175,35,503,31881,29560,106,0,68,4,5.72398e+06,0,0,0,0,1,2296,0,0,1652,3352,0,0,0,0,0,0,0,0,1299,-1130,0,0,130
2553.07,0,0,0,0,100,4792,1.603,0.0118456,1.61159,59,0,24,24,31,0,-2,0,0,0,46,3373,4238,1686,175,35,503,31881,29560,106,0,68,4,5.68688e+06,0,0,0,0,1,0,1394,1049,1660,3369,0,0,0,0,0,0,0,0,1299,-1210,0,0,130
2553.08,0,0,0,0,100,4792,1.60301,0.0118351,1.61156,59,0,24,24,31,0,-2,0,0,0,46,3373,4238,1680,175,35,503,31881,29560,106,0,68,4,5.66664e+06,0,0,0,0,1,0,1394,1049,1660,3449,0,0,0,0,0,0,0,0,1299,-1142,0,0,130
2553.09,0,0,0,0,100,4790,1.60302,0.0118246,1.61152,59,0,24,24,31,0,-2,0,0,0,46,3373,4238,1680,175,35,503,31881,29560,106,0,68,4,5.66664e+06,0,0,0,0,1,1948,0,372,1663,3449,0,0,0,0,0,0,0,0,1299,-1142,0,0,130
2553.1,0,0,0,0,100,4780,1.60304,0.0118141,1.61148,59,0,24,24,29,0,-2,0,0,0,47,3378,4238,1689,175,35,503,31867,29456,105,0,68,4,5.70544e+06,0,0,0,0,1,0,2498,0,1653,3423,0,0,0,0,0,0,0,0,1299,-1159,0,0,130
2553.11,0,0,0,0,100,4782,1.60243,0.0118187,1.61133,59,0,24,24,29,0,-2,0,0,0,47,3378,4238,1699,175,35,503,31867,29456,105,0,68,4,5.73922e+06,0,0,0,0,1,323,0,1872,1625,3375,0,0,0,0,0,0,0,0,1299,-1113,0,0,130
2553.12,0,0,0,0,100,4791,1.60183,0.0118233,1.61118,59,0,24,24,29,0,-2,0,0,0,47,3381,4238,1694,175,35,503,31867,29456,105,0,68,4,5.72741e+06,0,0,0,0,1,905,1572,0,1632,3412,0,0,0,0,0,0,0,0,1299,-1108,0,0,130
2553.13,0,0,0,0,100,4793,1.60122,0.0118279,1.61103,59,0,24,24,29,0,-2,0,0,0,47,3381,4238,1694,175,35,503,31867,29456,105,0,68,4,5.72741e+06,0,0,0,0,1,0,0,2192,1666,3369,0,0,0,0,0,0,0,0,1299,-1226,0,0,130
2553.14,0,0,0,0,100,4793,1.60062,0.0118325,1.61088,59,0,24,24,29,0,-2,0,0,0,47,3377,4238,1681,175,35,503,31867,29456,105,0,68,4,5.67674e+06,0,0,0,0,1,0,0,2192,1666,3350,0,0,0,0,0,0,0,0,1299,-1100,0,0,130
2553.15,0,0,0,0,100,4786,1.60001,0.0118371,1.61073,59,0,24,24,29,0,-2,0,0,0,47,3377,4238,1671,175,35,503,31867,29456,105,0,68,4,5.64297e+06,0,0,0,0,1,2491,0,0,1657,3350,0,0,0,0,0,0,0,0,1299,-1100,0,0,130
2553.16,0,0,0,0,100,4774,1.59941,0.0118416,1.61058,59,0,24,24,29,0,-2,0,0,0,47,3377,4238,1691,175,35,503,31867,29456,105,0,68,4,5.71051e+06,0,0,0,0,1,0,2208,0,1647,3416,0,0,0,0,0,0,0,0,1299,-1139,0,0,130
2553.17,0,0,0,0,100,4778,1.59881,0.0118462,1.61043,59,0,24,24,29,0,-2,0,0,0,47,3377,4238,1691,175,35,503,31867,29456,105,0,68,4,5.71051e+06,0,0,0,0,1,1579,0,879,1617,3436,0,0,0,0,0,0,0,0,1299,-1186,0,0,130
2553.18,0,0,0,0,100,4789,1.5982,0.0118508,1.61027,59,0,24,24,29,0,-2,0,0,0,47,3376,4238,1681,175,35,503,31867,29456,105,0,68,4,5.67506e+06,0,0,0,0,1,0,2211,0,1653,3415,0,0,0,0,0,0,0,0,1299,-1090,0,0,130
2553.19,0,0,0,0,100,4790,1.5976,0.0118554,1.61012,59,0,24,24,29,0,-2,0,0,0,47,3376,4238,1688,175,35,503,31867,29456,105,0,68,4,5.69869e+06,0,0,0,0,1,0,0,2352,1654,3369,0,0,0,0,0,0,0,0,1299,-1143,0,0,130
2553.2,0,0,0,0,100,4790,1.59699,0.01186,1.60997,59,0,24,24,31,0,-2,0,0,0,47,3376,4238,1687,175,35,503,31837,29562,105,0,65,98,5.69531e+06,0,0,0,0,1,0,0,2352,1654,3399,0,0,0,0,0,0,0,0,1299,-1134,0,0,130
2553.21,0,0,0,0,100,4787,1.59679,0.011845,1.60971,59,0,24,24,31,0,-2,0,0,0,47,3376,4238,1687,175,35,503,31837,29562,105,0,65,98,5.69531e+06,0,0,0,0,1,1704,609,0,1642,3399,0,0,0,0,0,0,0,0,1299,-1134,0,0,130
2553.22,0,0,0,0,100,4785,1.59658,0.01183,1.60945,59,0,24,24,31,0,-2,0,0,0,47,3384,4238,1680,175,35,503,31837,29562,105,0,65,98,5.68512e+06,0,0,0,0,1,0,550,1848,1657,3438,0,0,0,0,0,0,0,0,1299,-1131,0,0,130
2553.23,0,0,0,0,100,4787,1.59637,0.0118151,1.60919,59,0,24,24,31,0,-2,0,0,0,47,3381,4238,1680,175,35,503,31837,29562,105,0,65,98,5.68008e+06,0,0,0,0,1,2352,0,0,1637,3442,0,0,0,0,0,0,0,0,1299,-1072,0,0,130
2553.24,0,0,0,0,100,4792,1.59617,0.0118001,1.60893,59,0,24,24,31,0,-2,0,0,0,47,3381,4238,1693,175,35,503,31837,29562,105,0,65,98,5.72403e+06,0,0,0,0,1,0,2288,0,1632,3419,0,0,0,0,0,0,0,0,1299,-1123,0,0,130
2553.25,0,0,0,0,100,4799,1.59596,0.0117851,1.60867,59,0,24,24,31,0,-2,0,0,0,47,3381,4238,1693,175,35,503,31837,29562,105,0,65,98,5.72403e+06,0,0,0,0,1,793,0,1588,1662,3410,0,0,0,0,0,0,0,0,1299,-1172,0,0,130
2553.26,0,0,0,0,100,4799,1.59575,0.0117701,1.60841,59,0,24,24,31,0,-2,0,0,0,47,3375,4235,1700,175,35,503,31837,29562,105,0,65,98,5.7375e+06,0,0,0,0,1,793,0,1588,1662,3410,0,0,0,0,0,0,0,0,1299,-1179,0,0,130
2553.27,0,0,0,0,100,4810,1.59554,0.0117552,1.60815,59,0,24,24,31,0,-2,0,0,0,47,3375,4235,1686,175,35,503,31837,29562,105,0,65,98,5.69025e+06,0,0,0,0,1,1015,1455,0,1647,3410,0,0,0,0,0,0,0,0,1299,-1179,0,0,130
2553.28,0,0,0,0,100,4812,1.59534,0.0117402,1.60789,59,0,24,24,31,0,-2,0,0,0,47,3379,4235,1671,175,35,503,31837,29562,105,0,65,98,5.64631e+06,0,0,0,0,1,0,550,1866,1672,3415,0,0,0,0,0,0,0,0,1299,-1124,0,0,130
2553.29,0,0,0,0,100,4806,1.59513,0.0117252,1.60763,59,0,24,24,31,0,-2,0,0,0,47,3379,4235,1671,175,35,503,31837,29562,105,0,65,98,5.64631e+06,0,0,0,0,1,2219,0,0,1676,3447,0,0,0,0,0,0,0,0,1299,-1094,0,0,130
2553.3,0,0,0,0,100,4810,1.59492,0.0117103,1.60737,59,0,24,24,30,0,-2,0,0,0,47,3379,4235,1702,175,35,503,31846,29606,106,0,87,98,5.75106e+06,0,0,0,0,1,0,2343,0,1625,3440,0,0,0,0,0,0,0,0,1299,-1100,0,0,130
2553.31,0,0,0,0,100,4827,1.59578,0.0117205,1.60724,59,0,24,24,30,0,-2,0,0,0,47,3386,4235,1694,175,35,503,31846,29606,106,0,87,98,5.73588e+06,0,0,0,0,1,0,0,2418,1658,3391,0,0,0,0,0,0,0,0,1299,-1116,0,0,130
2553.32,0,0,0,0,100,4827,1.59664,0.0117308,1.60711,59,0,24,24,30,0,-2,0,0,0,47,3386,4235,1706,175,35,503,31846,29606,106,0,87,98,5.77652e+06,0,0,0,0,1,0,0,2418,1658,3401,0,0,0,0,0,0,0,0,1299,-1074,0,0,130
2553.33,0,0,0,0,100,4840,1.5975,0.0117411,1.60699,59,0,24,24,30,0,-2,0,0,0,47,3386,4235,1706,175,35,503,31846,29606,106,0,87,98,5.77652e+06,0,0,0,0,1,2339,0,0,1658,3401,0,0,0,0,0,0,0,0,1299,-1074,0,0,130
2553.34,0,0,0,0,100,4841,1.59836,0.0117513,1.60686,59,0,24,24,30,0,-2,0,0,0,47,3376,4233,1671,175,35,503,31846,29606,106,0,87,98,5.6413e+06,0,0,0,0,1,0,2353,0,1661,3427,0,0,0,0,0,0,0,0,1299,-1101,0,0,130
2553.35,0,0,0,0,100,4833,1.59922,0.0117616,1.60673,59,0,24,24,30,0,-2,0,0,0,47,3376,4233,1700,175,35,503,31846,29606,106,0,87,98,5.7392e+06,0,0,0,0,1,0,0,2344,1650,3363,0,0,0,0,0,0,0,0,1299,-1101,0,0,130
2553.36,0,0,0,0,100,4835,1.60008,0.0117719,1.60661,59,0,24,24,30,0,-2,0,0,0,47,3376,4233,1689,175,35,503,31846,29606,106,0,87,98,5.70206e+06,0,0,0,0,1,2284,0,0,1627,3449,0,0,0,0,0,0,0,0,1299,-1052,0,0,130
2553.37,0,0,0,0,100,4850,1.60094,0.0117821,1.60648,59,0,24,24,30,0,-2,0,0,0,47,3376,4233,1689,175,35,503,31846,29606,106,0,87,98,5.70206e+06,0,0,0,0,1,0,2088,0,1644,3427,0,0,0,0,0,0,0,0,1299,-1047,0,0,130
2553.38,0,0,0,0,100,4850,1.6018,0.0117924,1.60635,59,0,24,24,30,0,-2,0,0,0,47,3384,4233,1688,175,35,503,31846,29606,106,0,87,98,5.71219e+06,0,0,0,0,1,0,2088,0,1644,3423,0,0,0,0,0,0,0,0,1299,-1125,0,0,130
2553.39,0,0,0,0,100,4856,1.60266,0.0118027,1.60623,59,0,24,24,30,0,-2,0,0,0,47,3382,4233,1688,175,35,503,31846,29606,106,0,87,98,5.70882e+06,0,0,0,0,1,0,560,1811,1658,3423,0,0,0,0,0,0,0,0,1299,-1125,0,0,130
2553.4,0,0,0,0,100,4857,1.60352,0.011813,1.6061,59,0,24,24,30,0,-2,0,0,0,46,3382,4233,1689,175,35,503,31901,29662,106,0,65,4,5.7122e+06,0,0,0,0,1,1376,0,1122,1648,3421,0,0,0,0,0,0,0,0,1299,-1208,0,0,130
2553.41,0,0,0,0,100,4854,1.6027,0.0118114,1.60604,59,0,24,24,30,0,-2,0,0,0,46,3382,4233,1689,175,35,503,31901,29662,106,0,65,4,5.7122e+06,0,0,0,0,1,1612,691,0,1648,3401,0,0,0,0,0,0,0,0,1299,-1117,0,0,130
2553.42,0,0,0,0,100,4850,1.60189,0.0118099,1.60598,59,0,24,24,30,0,-2,0,0,0,46,3379,4232,1652,175,35,503,31901,29662,106,0,65,4,5.58211e+06,0,0,0,0,1,0,2033,137,1635,3397,0,0,0,0,0,0,0,0,1299,-1102,0,0,130
2553.43,0,0,0,0,100,4849,1.60108,0.0118083,1.60592,59,0,24,24,30,0,-2,0,0,0,46,3379,4232,1661,175,35,503,31901,29662,106,0,65,4,5.61252e+06,0,0,0,0,1,0,0,2256,1637,3374,0,0,0,0,0,0,0,0,1299,-1095,0,0,130
2553.44,0,0,0,0,100,4849,1.60026,0.0118068,1.60586,59,0,24,24,30,0,-2,0,0,0,46,3379,4232,1671,175,35,503,31901,29662,106,0,65,4,5.64631e+06,0,0,0,0,1,0,0,2256,1637,3374,0,0,0,0,0,0,0,0,1299,-1126,0,0,130
2553.45,0,0,0,0,100,4854,1.59945,0.0118052,1.6058,59,0,24,24,30,0,-2,0,0,0,46,3379,4232,1671,175,35,503,31901,29662,106,0,65,4,5.64631e+06,0,0,0,0,1,2219,0,0,1634,3415,0,0,0,0,0,0,0,0,1299,-1126,0,0,130
2553.46,0,0,0,0,100,4859,1.59864,0.0118036,1.60574,59,0,24,24,30,0,-2,0,0,0,46,3390,4232,1672,175,35,503,31901,29662,106,0,65,4,5.66808e+06,0,0,0,0,1,0,2279,0,1625,3430,0,0,0,0,0,0,0,0,1299,-1071,0,0,130
2553.47,0,0,0,0,100,4860,1.59782,0.0118021,1.60568,59,0,24,24,30,0,-2,0,0,0,46,3374,4232,1680,175,35,503,31901,29662,106,0,65,4,5.66832e+06,0,0,0,0,1,0,199,1987,1644,3389,0,0,0,0,0,0,0,0,1299,-1075,0,0,130
2553.48,0,0,0,0,100,4847,1.59701,0.0118005,1.60562,59,0,24,24,30,0,-2,0,0,0,46,3374,4232,1652,175,35,503,31901,29662,106,0,65,4,5.57385e+06,0,0,0,0,1,1858,0,610,1652,3430,0,0,0,0,0,0,0,0,1299,-1181,0,0,130
2553.49,0,0,0,0,100,4839,1.5962,0.011799,1.60556,59,0,24,24,30,0,-2,0,0,0,46,3374,4232,1652,175,35,503,31901,29662,106,0,65,4,5.57385e+06,0,0,0,0,1,751,1687,0,1635,3430,0,0,0,0,0,0,0,0,1299,-1144,0,0,130
2553.5,0,0,0,0,100,4839,1.59539,0.0117974,1.6055,59,0,24,24,31,0,-2,0,0,0,47,3392,4232,1680,175,35,503,31962,29865,106,0,65,98,5.69856e+06,0,0,0,0,1,751,1687,0,1635,3432,0,0,0,0,0,0,0,0,1299,-1160,0,0,130
2553.51,0,0,0,0,100,4850,1.59544,0.0117763,1.6056,59,0,24,24,31,0,-2,0,0,0,47,3392,4232,1676,175,35,503,31962,29865,106,0,65,98,5.68499e+06,0,0,0,0,1,0,1062,1387,1603,3432,0,0,0,0,0,0,0,0,1299,-1160,0,0,130
2553.52,0,0,0,0,100,4860,1.5955,0.0117552,1.60571,59,0,24,24,31,0,-2,0,0,0,47,3376,4232,1673,175,35,503,31962,29865,106,0,65,98,5.64805e+06,0,0,0,0,1,553,0,1699,1637,3406,0,0,0,0,0,0,0,0,1299,-1107,0,0,130
2553.53,0,0,0,0,100,4860,1.59556,0.0117341,1.60581,59,0,24,24,31,0,-2,0,0,0,47,3376,4232,1673,175,35,503,31962,29865,106,0,65,98,5.64805e+06,0,0,0,0,1,2292,0,0,1662,3345,0,0,0,0,0,0,0,0,1299,-1120,0,0,130
2553.54,0,0,0,0,100,4849,1.59561,0.011713,1.60592,59,0,24,24,31,0,-2,0,0,0,47,3383,4232,1665,175,35,503,31962,29865,106,0,65,98,5.6327e+06,0,0,0,0,1,0,2433,0,1647,3416,0,0,0,0,0,0,0,0,1299,-1136,0,0,130
2553.55,0,0,0,0,100,4846,1.59567,0.0116919,1.60602,59,0,24,24,31,0,-2,0,0,0,47,3383,4232,1661,175,35,503,31962,29865,106,0,65,98,5.61916e+06,0,0,0,0,1,0,0,2452,1639,3369,0,0,0,0,0,0,0,0,1299,-1123,0,0,130
2553.56,0,0,0,0,100,4846,1.59572,0.0116707,1.60612,59,0,24,24,31,0,-2,0,0,0,47,3383,4232,1686,175,35,503,31962,29865,106,0,65,98,5.70374e+06,0,0,0,0,1,0,0,2452,1639,3436,0,0,0,0,0,0,0,0,1299,-1021,0,0,130
2553.57,0,0,0,0,100,4856,1.59578,0.0116496,1.60623,59,0,24,24,31,0,-2,0,0,0,47,3383,4232,1686,175,35,503,31962,29865,106,0,65,98,5.70374e+06,0,0,0,0,1,2223,0,0,1614,3436,0,0,0,0,0,0,0,0,1299,-1021,0,0,130
2553.58,0,0,0,0,100,4867,1.59584,0.0116285,1.60633,59,0,24,24,31,0,-2,0,0,0,47,3387,4232,1680,175,35,503,31962,29865,106,0,65,98,5.69016e+06,0,0,0,0,1,503,1837,0,1642,3427,0,0,0,0,0,0,0,0,1299,-1098,0,0,130
2553.59,0,0,0,0,100,4871,1.59589,0.0116074,1.60644,59,0,24,24,31,0,-2,0,0,0,47,3387,4232,1702,175,35,503,31962,29865,106,0,65,98,5.76467e+06,0,0,0,0,1,0,1367,1075,1648,3352,0,0,0,0,0,0,0,0,1299,-1158,0,0,130
2553.6,0,0,0,0,100,4873,1.59595,0.0115863,1.60654,59,0,24,24,32,0,-2,0,0,0,47,3387,4232,1704,175,35,503,32005,29654,106,0,87,4,5.77145e+06,0,0,0,0,1,0,0,2241,1659,3341,0,0,0,0,0,0,0,0,1299,-1119,0,0,130
2553.61,0,0,0,0,100,4871,1.59615,0.0116,1.60627,59,0,24,24,32,0,-2,0,0,0,47,3387,4232,1704,175,35,503,32005,29654,106,0,87,4,5.77145e+06,0,0,0,0,1,2372,0,0,1651,3399,0,0,0,0,0,0,0,0,1299,-1065,0,0,130
2553.62,0,0,0,0,100,4871,1.59635,0.0116137,1.60599,59,0,24,24,32,0,-2,0,0,0,47,3375,4232,1670,175,35,503,32005,29654,106,0,87,4,5.63625e+06,0,0,0,0,1,2372,0,0,1651,3438,0,0,0,0,0,0,0,0,1299,-1167,0,0,130
2553.63,0,0,0,0,100,4872,1.59655,0.0116274,1.60572,59,0,24,24,32,0,-2,0,0,0,47,3379,4232,1673,175,35,503,32005,29654,106,0,87,4,5.65307e+06,0,0,0,0,1,128,2007,0,1635,3438,0,0,0,0,0,0,0,0,1299,-1167,0,0,130
2553.64,0,0,0,0,100,4884,1.59675,0.0116411,1.60544,59,0,24,24,32,0,-2,0,0,0,47,3379,4232,1676,175,35,503,32005,29654,106,0,87,4,5.6632e+06,0,0,0,0,1,0,1359,1057,1629,3354,0,0,0,0,0,0,0,0,1299,-1088,0,0,130
2553.65,0,0,0,0,100,4899,1.59695,0.0116548,1.60517,59,0,24,24,32,0,-2,0,0,0,47,3379,4232,1676,175,35,503,32005,29654,106,0,87,4,5.6632e+06,0,0,0,0,1,0,0,2397,1642,3371,0,0,0,0,0,0,0,0,1299,-1057,0,0,130
2553.66,0,0,0,0,100,4908,1.59716,0.0116685,1.60489,59,0,24,24,32,0,-2,0,0,0,47,3380,4230,1681,175,35,503,32005,29654,106,0,87,4,5.68178e+06,0,0,0,0,1,1733,0,703,1663,3416,0,0,0,0,0,0,0,0,1299,-1173,0,0,130
2553.67,0,0,0,0,100,4899,1.59736,0.0116822,1.60462,59,0,24,24,32,0,-2,0,0,0,47,3380,4230,1655,175,35,503,32005,29654,106,0,87,4,5.5939e+06,0,0,0,0,1,2474,0,0,1666,3367,0,0,0,0,0,0,0,0,1299,-1123,0,0,130
2553.68,0,0,0,0,100,4899,1.59756,0.0116958,1.60434,59,0,24,24,32,0,-2,0,0,0,47,3380,4230,1665,175,35,503,32005,29654,106,0,87,4,5.6277e+06,0,0,0,0,1,2474,0,0,1666,3442,0,0,0,0,0,0,0,0,1299,-1088,0,0,130
2553.69,0,0,0,0,100,4890,1.59776,0.0117095,1.60407,59,0,24,24,32,0,-2,0,0,0,47,3380,4230,1665,175,35,503,32005,29654,106,0,87,4,5.6277e+06,0,0,0,0,1,506,1816,0,1628,3442,0,0,0,0,0,0,0,0,1299,-1088,0,0,130
2553.7,0,0,0,0,100,4905,1.59796,0.0117232,1.60379,59,0,24,24,31,0,-2,0,0,0,47,3368,4230,1677,175,35,503,31798,29454,106,0,65,98,5.64814e+06,0,0,0,0,1,0,2373,0,1609,3432,0,0,0,0,0,0,0,0,1299,-1021,0,0,130
2553.71,0,0,0,0,100,4923,1.59755,0.0116957,1.60375,59,0,24,24,31,0,-2,0,0,0,47,3389,4230,1680,175,35,503,31798,29454,106,0,65,98,5.69352e+06,0,0,0,0,1,0,310,1916,1639,3425,0,0,0,0,0,0,0,0,1299,-1035,0,0,130
2553.72,0,0,0,0,100,4926,1.59714,0.0116681,1.6037,59,0,24,24,31,0,-2,0,0,0,47,3389,4230,1673,175,35,503,31798,29454,106,0,65,98,5.6698e+06,0,0,0,0,1,0,0,2299,1656,3341,0,0,0,0,0,0,0,0,1299,-1085,0,0,130
2553.73,0,0,0,0,100,4914,1.59673,0.0116405,1.60365,59,0,24,24,31,0,-2,0,0,0,47,3389,4230,1673,175,35,503,31798,29454,106,0,65,98,5.6698e+06,0,0,0,0,1,1833,0,508,1650,3419,0,0,0,0,0,0,0,0,1299,-1116,0,0,130
2553.74,0,0,0,0,100,4914,1.59631,0.0116129,1.60361,59,0,24,24,31,0,-2,0,0,0,47,3378,4230,1666,175,35,503,31798,29454,106,0,65,98,5.62775e+06,0,0,0,0,1,1833,0,508,1650,3386,0,0,0,0,0,0,0,0,1299,-1070,0,0,130
2553.75,0,0,0,0,100,4906,1.5959,0.0115854,1.60356,59,0,24,24,31,0,-2,0,0,0,47,3378,4230,1661,175,35,503,31798,29454,106,0,65,98,5.61086e+06,0,0,0,0,1,2173,0,0,1622,3386,0,0,0,0,0,0,0,0,1299,-1070,0,0,130
2553.76,0,0,0,0,100,4914,1.59549,0.0115578,1.60352,59,0,24,24,31,0,-2,0,0,0,47,3378,4230,1669,175,35,503,31798,29454,106,0,65,98,5.63788e+06,0,0,0,0,1,136,1910,0,1609,3459,0,0,0,0,0,0,0,0,1299,-999,0,0,130
2553.77,0,0,0,0,100,4924,1.59508,0.0115302,1.60347,59,0,24,24,31,0,-2,0,0,0,47,3378,4230,1669,175,35,503,31798,29454,106,0,65,98,5.63788e+06,0,0,0,0,1,0,2208,0,1642,3427,0,0,0,0,0,0,0,0,1299,-1079,0,0,130
2553.78,0,0,0,0,100,4925,1.59467,0.0115026,1.60342,59,0,24,24,31,0,-2,0,0,0,47,3385,4230,1672,175,35,503,31798,29454,106,0,65,98,5.65972e+06,0,0,0,0,1,0,564,1776,1640,3432,0,0,0,0,0,0,0,0,1299,-1108,0,0,130
2553.79,0,0,0,0,100,4923,1.59426,0.011475,1.60338,59,0,24,24,31,0,-2,0,0,0,47,3392,4230,1671,175,35,503,31798,29454,106,0,65,98,5.66803e+06,0,0,0,0,1,0,0,2385,1638,3363,0,0,0,0,0,0,0,0,1299,-1103,0,0,130
2553.8,0,0,0,0,100,4923,1.59384,0.0114475,1.60333,59,0,24,24,30,0,-2,0,0,0,48,3392,4231,1653,175,35,503,32004,29598,106,0,68,4,5.60698e+06,0,0,0,0,1,0,0,2385,1638,3406,0,0,0,0,0,0,0,0,1299,-1140,0,0,130
2553.81,0,0,0,0,100,4913,1.59389,0.0114535,1.60309,59,0,24,24,30,0,-2,0,0,0,48,3392,4231,1653,175,35,503,32004,29598,106,0,68,4,5.60698e+06,0,0,0,0,1,1747,0,660,1638,3406,0,0,0,0,0,0,0,0,1299,-1140,0,0,130
2553.82,0,0,0,0,100,4907,1.59394,0.0114596,1.60286,59,0,24,24,30,0,-2,0,0,0,48,3387,4231,1656,175,35,503,32004,29598,106,0,68,4,5.60887e+06,0,0,0,0,1,2252,0,0,1621,3378,0,0,0,0,0,0,0,0,1299,-1097,0,0,130
2553.83,0,0,0,0,100,4915,1.59399,0.0114657,1.60262,59,0,24,24,30,0,-2,0,0,0,48,3387,4231,1658,175,35,503,32004,29598,106,0,68,4,5.61565e+06,0,0,0,0,1,341,1865,0,1609,3442,0,0,0,0,0,0,0,0,1299,-1040,0,0,130
2553.84,0,0,0,0,100,4926,1.59404,0.0114717,1.60238,59,0,24,24,30,0,-2,0,0,0,48,3387,4231,1680,175,35,503,32004,29598,106,0,68,4,5.69016e+06,0,0,0,0,1,0,2226,0,1624,3440,0,0,0,0,0,0,0,0,1299,-1056,0,0,130
2553.85,0,0,0,0,100,4929,1.59409,0.0114778,1.60214,59,0,24,24,30,0,-2,0,0,0,48,3387,4231,1680,175,35,503,32004,29598,106,0,68,4,5.69016e+06,0,0,0,0,1,0,847,1586,1649,3404,0,0,0,0,0,0,0,0,1299,-1140,0,0,130
2553.86,0,0,0,0,100,4929,1.59414,0.0114838,1.60191,59,0,24,24,30,0,-2,0,0,0,48,3390,4231,1653,175,35,503,32004,29598,106,0,68,4,5.60367e+06,0,0,0,0,1,0,847,1586,1649,3365,0,0,0,0,0,0,0,0,1299,-1108,0,0,130
2553.87,0,0,0,0,100,4915,1.59419,0.0114899,1.60167,59,0,24,24,30,0,-2,0,0,0,48,3378,4231,1649,175,35,503,32004,29598,106,0,68,4,5.57032e+06,0,0,0,0,1,0,0,2465,1647,3365,0,0,0,0,0,0,0,0,1299,-1108,0,0,130
2553.88,0,0,0,0,100,4903,1.59424,0.011496,1.60143,59,0,24,24,30,0,-2,0,0,0,48,3378,4231,1650,175,35,503,32004,29598,106,0,68,4,5.5737e+06,0,0,0,0,1,1737,0,598,1621,3456,0,0,0,0,0,0,0,0,1299,-1097,0,0,130
2553.89,0,0,0,0,100,4916,1.59429,0.011502,1.60119,59,0,24,24,30,0,-2,0,0,0,48,3378,4231,1650,175,35,503,32004,29598,106,0,68,4,5.5737e+06,0,0,0,0,1,2198,0,0,1593,3378,0,0,0,0,0,0,0,0,1299,-1026,0,0,130
2553.9,0,0,0,0,100,4936,1.59434,0.0115081,1.60096,59,0,24,24,31,0,-2,0,0,0,47,3386,4231,1687,175,35,503,31900,29663,106,0,65,98,5.71218e+06,0,0,0,0,1,1018,1365,0,1628,3432,0,0,0,0,0,0,0,0,1299,-1113,0,0,130
2553.91,0,0,0,0,100,4942,1.59411,0.0114821,1.60138,59,0,24,24,31,0,-2,0,0,0,47,3386,4231,1669,175,35,503,31900,29663,106,0,65,98,5.65123e+06,0,0,0,0,1,0,2247,0,1653,3412,0,0,0,0,0,0,0,0,1299,-1064,0,0,130
2553.92,0,0,0,0,100,4942,1.59389,0.0114561,1.6018,59,0,24,24,31,0,-2,0,0,0,47,3386,4231,1683,175,35,503,31900,29663,106,0,65,98,5.69864e+06,0,0,0,0,1,0,2247,0,1653,3384,0,0,0,0,0,0,0,0,1299,-1094,0,0,130
2553.93,0,0,0,0,100,4932,1.59366,0.01143,1.60222,59,0,24,24,31,0,-2,0,0,0,47,3386,4231,1683,175,35,503,31900,29663,106,0,65,98,5.69864e+06,0,0,0,0,1,0,2021,65,1645,3384,0,0,0,0,0,0,0,0,1299,-1094,0,0,130
2553.94,0,0,0,0,100,4925,1.59344,0.011404,1.60265,59,0,24,24,31,0,-2,0,0,0,47,3381,4231,1648,175,35,503,31900,29663,106,0,65,98,5.57189e+06,0,0,0,0,1,0,279,1926,1625,3378,0,0,0,0,0,0,0,0,1299,-1050,0,0,130
2553.95,0,0,0,0,100,4935,1.59321,0.011378,1.60307,59,0,24,24,31,0,-2,0,0,0,47,3381,4231,1675,175,35,503,31900,29663,106,0,65,98,5.66318e+06,0,0,0,0,1,0,0,2252,1606,3374,0,0,0,0,0,0,0,0,1299,-1025,0,0,130
2553.96,0,0,0,0,100,4953,1.59299,0.011352,1.60349,59,0,24,24,31,0,-2,0,0,0,47,3381,4231,1670,175,35,503,31900,29663,106,0,65,98,5.64627e+06,0,0,0,0,1,807,0,1533,1636,3415,0,0,0,0,0,0,0,0,1299,-1129,0,0,130
2553.97,0,0,0,0,100,4963,1.59276,0.011326,1.60392,59,0,24,24,31,0,-2,0,0,0,47,3381,4231,1670,175,35,503,31900,29663,106,0,65,98,5.64627e+06,0,0,0,0,1,1666,0,694,1644,3395,0,0,0,0,0,0,0,0,1299,-1091,0,0,130
2553.98,0,0,0,0,100,4963,1.59254,0.0113,1.60434,59,0,24,24,31,0,-2,0,0,0,47,3382,4231,1687,175,35,503,31900,29663,106,0,65,98,5.70543e+06,0,0,0,0,1,1666,0,694,1644,3432,0,0,0,0,0,0,0,0,1299,-1021,0,0,130
2553.99,0,0,0,0,100,4965,1.59231,0.0112739,1.60476,59,0,24,24,31,0,-2,0,0,0,47,3382,4231,1686,175,35,503,31900,29663,106,0,65,98,5.70205e+06,0,0,0,0,1,2151,0,0,1650,3432,0,0,0,0,0,0,0,0,1299,-1021,0,0,130
2554,0,0,0,0,100,4956,1.59209,0.0112479,1.60518,59,0,24,24,30,0,-2,0,0,0,48,3382,4231,1660,175,35,503,31935,29643,106,0,65,98,5.61412e+06,0,0,0,0,1,2393,0,0,1636,3341,0,0,0,0,0,0,0,0,1299,-1105,0,0,130
2554.01,0,0,0,0,100,4952,1.59283,0.0112264,1.60508,59,0,24,24,30,0,-2,0,0,0,48,3382,4231,1660,175,35,503,31935,29643,106,0,65,98,5.61412e+06,0,0,0,0,1,1598,648,0,1623,3401,0,0,0,0,0,0,0,0,1299,-1078,0,0,130
2554.02,0,0,0,0,100,4969,1.59357,0.0112049,1.60498,59,0,24,24,30,0,-2,0,0,0,48,3373,4231,1666,175,35,503,31935,29643,106,0,65,98,5.61942e+06,0,0,0,0,1,827,1543,0,1609,3421,0,0,0,0,0,0,0,0,1299,-1109,0,0,130
2554.03,0,0,0,0,100,4988,1.59432,0.0111834,1.60488,59,0,24,24,30,0,-2,0,0,0,48,3393,4231,1675,175,35,503,31935,29643,106,0,65,98,5.68328e+06,0,0,0,0,1,558,1720,0,1635,3423,0,0,0,0,0,0,0,0,1299,-1059,0,0,130
2554.04,0,0,0,0,100,4988,1.59506,0.0111619,1.60478,59,0,24,24,30,0,-2,0,0,0,48,3393,4231,1683,175,35,503,31935,29643,106,0,65,98,5.71042e+06,0,0,0,0,1,558,1720,0,1635,3423,0,0,0,0,0,0,0,0,1299,-1079,0,0,130
2554.05,0,0,0,0,100,4994,1.5958,0.0111404,1.60467,59,0,24,24,30,0,-2,0,0,0,48,3393,4231,1683,175,35,503,31935,29643,106,0,65,98,5.71042e+06,0,0,0,0,1,462,1833,0,1659,3423,0,0,0,0,0,0,0,0,1299,-1079,0,0,130
2554.06,0,0,0,0,100,4977,1.59654,0.0111189,1.60457,59,0,24,24,30,0,-2,0,0,0,48,3372,4228,1641,175,35,503,31935,29643,106,0,65,98,5.53345e+06,0,0,0,0,1,0,2154,0,1654,3416,0,0,0,0,0,0,0,0,1299,-1068,0,0,130
2554.07,0,0,0,0,100,4964,1.59729,0.0110974,1.60447,59,0,24,24,30,0,-2,0,0,0,48,3372,4228,1638,175,35,503,31935,29643,106,0,65,98,5.52334e+06,0,0,0,0,1,0,2390,0,1609,3438,0,0,0,0,0,0,0,0,1299,-1069,0,0,130
2554.08,0,0,0,0,100,4979,1.59803,0.0110759,1.60437,59,0,24,24,30,0,-2,0,0,0,48,3372,4228,1666,175,35,503,31935,29643,106,0,65,98,5.61775e+06,0,0,0,0,1,0,2181,0,1584,3447,0,0,0,0,0,0,0,0,1299,-1025,0,0,130
2554.09,0,0,0,0,100,5001,1.59877,0.0110544,1.60427,59,0,24,24,30,0,-2,0,0,0,48,3372,4228,1666,175,35,503,31935,29643,106,0,65,98,5.61775e+06,0,0,0,0,1,0,2232,0,1621,3416,0,0,0,0,0,0,0,0,1299,-1057,0,0,130
2554.1,0,0,0,0,100,5001,1.59952,0.0110329,1.60416,59,0,24,24,32,0,-2,0,0,0,48,3394,4228,1656,175,35,503,32086,29761,106,0,65,98,5.62046e+06,0,0,0,0,1,0,2232,0,1621,3419,0,0,0,0,0,0,0,0,1299,-1067,0,0,130
2554.11,0,0,0,0,100,5003,1.59874,0.0110857,1.60415,59,0,24,24,32,0,-2,0,0,0,48,3394,4228,1671,175,35,503,32086,29761,106,0,65,98,5.67137e+06,0,0,0,0,1,0,2314,0,1645,3419,0,0,0,0,0,0,0,0,1299,-1067,0,0,130
2554.12,0,0,0,0,100,4987,1.59797,0.0111385,1.60414,59,0,24,24,32,0,-2,0,0,0,48,3383,4228,1666,175,35,503,32086,29761,106,0,65,98,5.63608e+06,0,0,0,0,1,0,2252,0,1641,3397,0,0,0,0,0,0,0,0,1299,-1086,0,0,130
2554.13,0,0,0,0,100,4974,1.59719,0.0111913,1.60413,59,0,24,24,32,0,-2,0,0,0,48,3383,4228,1666,175,35,503,32086,29761,106,0,65,98,5.63608e+06,0,0,0,0,1,0,1667,551,1603,3386,0,0,0,0,0,0,0,0,1299,-1043,0,0,130
2554.14,0,0,0,0,100,4980,1.59642,0.0112441,1.60412,59,0,24,24,32,0,-2,0,0,0,48,3383,4228,1644,175,35,503,32086,29761,106,0,65,98,5.56165e+06,0,0,0,0,1,0,1236,1168,1591,3395,0,0,0,0,0,0,0,0,1299,-1044,0,0,130
2554.15,0,0,0,0,100,4994,1.59565,0.0112969,1.60411,59,0,24,24,32,0,-2,0,0,0,48,3389,4228,1650,175,35,503,32086,29761,106,0,65,98,5.59185e+06,0,0,0,0,1,0,1105,1260,1606,3421,0,0,0,0,0,0,0,0,1299,-1032,0,0,130
2554.16,0,0,0,0,100,4994,1.59487,0.0113498,1.6041,59,0,24,24,32,0,-2,0,0,0,48,3389,4228,1660,175,35,503,32086,29761,106,0,65,98,5.62574e+06,0,0,0,0,1,0,1105,1260,1606,3404,0,0,0,0,0,0,0,0,1299,-1056,0,0,130
2554.17,0,0,0,0,100,5002,1.5941,0.0114026,1.60409,59,0,24,24,32,0,-2,0,0,0,48,3389,4228,1660,175,35,503,32086,29761,106,0,65,98,5.62574e+06,0,0,0,0,1,0,1160,1207,1620,3404,0,0,0,0,0,0,0,0,1299,-1056,0,0,130
2554.18,0,0,0,0,100,4999,1.59333,0.0114554,1.60408,59,0,24,24,32,0,-2,0,0,0,48,3387,4228,1677,175,35,503,32086,29761,106,0,65,98,5.68e+06,0,0,0,0,1,0,1198,1217,1633,3378,0,0,0,0,0,0,0,0,1299,-1069,0,0,130
2554.19,0,0,0,0,100,4982,1.59255,0.0115082,1.60407,59,0,24,24,32,0,-2,0,0,0,48,3387,4228,1647,175,35,503,32086,29761,106,0,65,98,5.57839e+06,0,0,0,0,1,0,1648,729,1634,3369,0,0,0,0,0,0,0,0,1299,-1122,0,0,130
2554.2,0,0,0,0,100,4974,1.59178,0.011561,1.60406,59,0,24,24,31,0,-2,0,0,0,47,3387,4228,1616,175,35,503,31922,29656,106,0,87,4,5.47339e+06,0,0,0,0,1,0,1789,360,1591,3380,0,0,0,0,0,0,0,0,1299,-1032,0,0,130
2554.21,0,0,0,0,100,4991,1.59152,0.0115158,1.60388,59,0,24,24,31,0,-2,0,0,0,47,3387,4228,1616,175,35,503,31922,29656,106,0,87,4,5.47339e+06,0,0,0,0,1,0,810,1557,1597,3423,0,0,0,0,0,0,0,0,1299,-1046,0,0,130
2554.22,0,0,0,0,100,4991,1.59126,0.0114706,1.60369,59,0,24,24,31,0,-2,0,0,0,47,3386,4227,1672,175,35,503,31922,29656,106,0,87,4,5.66139e+06,0,0,0,0,1,0,810,1557,1597,3415,0,0,0,0,0,0,0,0,1299,-1068,0,0,130
2554.23,0,0,0,0,100,5012,1.591,0.0114254,1.60351,59,0,24,24,31,0,-2,0,0,0,47,3386,4227,1670,175,35,503,31922,29656,106,0,87,4,5.65462e+06,0,0,0,0,1,0,1034,1324,1615,3415,0,0,0,0,0,0,0,0,1299,-1068,0,0,130
2554.24,0,0,0,0,100,5015,1.59074,0.0113803,1.60332,59,0,24,24,31,0,-2,0,0,0,47,3374,4227,1677,175,35,503,31922,29656,106,0,87,4,5.6582e+06,0,0,0,0,1,0,1462,912,1650,3360,0,0,0,0,0,0,0,0,1299,-1126,0,0,130
2554.25,0,0,0,0,100,4995,1.59048,0.0113351,1.60314,59,0,24,24,31,0,-2,0,0,0,47,3374,4227,1677,175,35,503,31922,29656,106,0,87,4,5.6582e+06,0,0,0,0,1,0,1420,1004,1643,3363,0,0,0,0,0,0,0,0,1299,-1121,0,0,130
2554.26,0,0,0,0,100,4984,1.59022,0.0112899,1.60295,59,0,24,24,31,0,-2,0,0,0,47,3383,4227,1639,175,35,503,31922,29656,106,0,87,4,5.54474e+06,0,0,0,0,1,0,1027,1350,1594,3444,0,0,0,0,0,0,0,0,1299,-1074,0,0,130
2554.27,0,0,0,0,100,5004,1.58996,0.0112447,1.60277,59,0,24,24,31,0,-2,0,0,0,47,3383,4227,1653,175,35,503,31922,29656,106,0,87,4,5.5921e+06,0,0,0,0,1,0,1074,1239,1579,3415,0,0,0,0,0,0,0,0,1299,-1049,0,0,130
2554.28,0,0,0,0,100,5004,1.5897,0.0111995,1.60258,59,0,24,24,31,0,-2,0,0,0,47,3383,4227,1676,175,35,503,31922,29656,106,0,87,4,5.66991e+06,0,0,0,0,1,0,1074,1239,1579,3374,0,0,0,0,0,0,0,0,1299,-1061,0,0,130
2554.29,0,0,0,0,100,5026,1.58944,0.0111543,1.6024,59,0,24,24,31,0,-2,0,0,0,47,3383,4227,1676,175,35,503,31922,29656,106,0,87,4,5.66991e+06,0,0,0,0,1,0,1644,600,1626,3374,0,0,0,0,0,0,0,0,1299,-1061,0,0,130
2554.3,0,0,0,0,100,5033,1.58918,0.0111091,1.60221,59,0,24,24,31,0,-2,0,0,0,48,3388,4227,1669,175,35,503,31900,29719,106,0,65,98,5.65457e+06,0,0,0,0,1,0,2267,0,1651,3410,0,0,0,0,0,0,0,0,1299,-1077,0,0,130
2554.31,0,0,0,0,100,5022,1.58982,0.0111143,1.60214,59,0,24,24,31,0,-2,0,0,0,48,3388,4227,1669,175,35,503,31900,29719,106,0,65,98,5.65457e+06,0,0,0,0,1,0,2394,0,1645,3419,0,0,0,0,0,0,0,0,1299,-1082,0,0,130
2554.32,0,0,0,0,100,5012,1.59047,0.0111195,1.60206,59,0,24,24,31,0,-2,0,0,0,48,3370,4227,1658,175,35,503,31900,29719,106,0,65,98,5.58746e+06,0,0,0,0,1,0,2271,0,1612,3449,0,0,0,0,0,0,0,0,1299,-1042,0,0,130
2554.33,0,0,0,0,100,5020,1.59111,0.0111247,1.60198,59,0,24,24,31,0,-2,0,0,0,48,3370,4227,1658,175,35,503,31900,29719,106,0,65,98,5.58746e+06,0,0,0,0,1,0,2072,0,1593,3423,0,0,0,0,0,0,0,0,1299,-987,0,0,130
2554.34,0,0,0,0,100,5020,1.59175,0.0111299,1.60191,59,0,24,24,31,0,-2,0,0,0,48,3393,4227,1656,175,35,503,31900,29719,106,0,65,98,5.61881e+06,0,0,0,0,1,0,2072,0,1593,3412,0,0,0,0,0,0,0,0,1299,-1054,0,0,130
2554.35,0,0,0,0,100,5039,1.5924,0.0111351,1.60183,59,0,24,24,31,0,-2,0,0,0,48,3393,4227,1667,175,35,503,31900,29719,106,0,65,98,5.65613e+06,0,0,0,0,1,763,1549,0,1611,3412,0,0,0,0,0,0,0,0,1299,-1054,0,0,130
2554.36,0,0,0,0,100,5057,1.59304,0.0111402,1.60175,59,0,24,24,31,0,-2,0,0,0,48,3393,4227,1691,175,35,503,31900,29719,106,0,65,98,5.73756e+06,0,0,0,0,1,1991,0,0,1623,3378,0,0,0,0,0,0,0,0,1299,-988,0,0,130
2554.37,0,0,0,0,100,5056,1.59368,0.0111454,1.60168,59,0,24,24,31,0,-2,0,0,0,48,3393,4227,1691,175,35,503,31900,29719,106,0,65,98,5.73756e+06,0,0,0,0,1,2235,0,0,1639,3444,0,0,0,0,0,0,0,0,1299,-995,0,0,130
2554.38,0,0,0,0,100,5037,1.59433,0.0111506,1.6016,59,0,24,24,31,0,-2,0,0,0,48,3381,4227,1631,175,35,503,31900,29719,106,0,65,98,5.51441e+06,0,0,0,0,1,1801,0,443,1628,3442,0,0,0,0,0,0,0,0,1299,-1042,0,0,130
2554.39,0,0,0,0,100,5032,1.59497,0.0111558,1.60153,59,0,24,24,31,0,-2,0,0,0,48,3381,4227,1620,175,35,503,31900,29719,106,0,65,98,5.47722e+06,0,0,0,0,1,1194,0,1164,1593,3447,0,0,0,0,0,0,0,0,1299,-1081,0,0,130
2554.4,0,0,0,0,100,5032,1.59561,0.011161,1.60145,59,0,24,24,31,0,-2,0,0,0,48,3389,4227,1622,175,35,503,31928,29720,106,0,68,4,5.49696e+06,0,0,0,0,1,1194,0,1164,1593,3365,0,0,0,0,0,0,0,0,1299,-1023,0,0,130
2554.41,0,0,0,0,100,5054,1.59506,0.0111167,1.60158,59,0,24,24,31,0,-2,0,0,0,48,3389,4227,1622,175,35,503,31928,29720,106,0,68,4,5.49696e+06,0,0,0,0,1,0,0,2119,1592,3365,0,0,0,0,0,0,0,0,1299,-1023,0,0,130
2554.42,0,0,0,0,100,5077,1.59451,0.0110725,1.6017,59,0,24,24,31,0,-2,0,0,0,48,3386,4227,1670,175,35,503,31928,29720,106,0,68,4,5.65462e+06,0,0,0,0,1,0,242,1787,1617,3423,0,0,0,0,0,0,0,0,1299,-966,0,0,130
2554.43,0,0,0,0,100,5076,1.59395,0.0110283,1.60183,59,0,24,24,31,0,-2,0,0,0,48,3386,4227,1653,175,35,503,31928,29720,106,0,68,4,5.59706e+06,0,0,0,0,1,0,2060,0,1656,3386,0,0,0,0,0,0,0,0,1299,-1062,0,0,130
2554.44,0,0,0,0,100,5053,1.5934,0.010984,1.60195,59,0,24,24,31,0,-2,0,0,0,48,3375,4227,1645,175,35,503,31928,29720,106,0,68,4,5.55188e+06,0,0,0,0,1,0,2259,0,1630,3438,0,0,0,0,0,0,0,0,1299,-1034,0,0,130
2554.45,0,0,0,0,100,5044,1.59284,0.0109398,1.60208,59,0,24,24,31,0,-2,0,0,0,48,3375,4227,1645,175,35,503,31928,29720,106,0,68,4,5.55188e+06,0,0,0,0,1,1325,993,0,1589,3410,0,0,0,0,0,0,0,0,1299,-1019,0,0,130
2554.46,0,0,0,0,100,5044,1.59229,0.0108955,1.6022,59,0,24,24,31,0,-2,0,0,0,48,3375,4225,1641,175,35,503,31928,29720,106,0,68,4,5.53838e+06,0,0,0,0,1,1325,993,0,1589,3410,0,0,0,0,0,0,0,0,1299,-947,0,0,130
2554.47,0,0,0,0,100,5061,1.59174,0.0108513,1.60233,59,0,24,24,31,0,-2,0,0,0,48,3375,4225,1647,175,35,503,31928,29720,106,0,68,4,5.55862e+06,0,0,0,0,1,1795,154,0,1577,3410,0,0,0,0,0,0,0,0,1299,-947,0,0,130
2554.48,0,0,0,0,100,5078,1.59118,0.010807,1.60245,59,0,24,24,31,0,-2,0,0,0,48,3375,4225,1658,175,35,503,31928,29720,106,0,68,4,5.59575e+06,0,0,0,0,1,2079,0,0,1601,3421,0,0,0,0,0,0,0,0,1299,-970,0,0,130
2554.49,0,0,0,0,100,5084,1.59063,0.0107628,1.60258,59,0,24,24,31,0,-2,0,0,0,48,3375,4225,1658,175,35,503,31928,29720,106,0,68,4,5.59575e+06,0,0,0,0,1,336,0,1758,1625,3380,0,0,0,0,0,0,0,0,1299,-1025,0,0,130
2554.5,0,0,0,0,100,5071,1.59007,0.0107185,1.6027,59,0,24,24,34,0,-2,0,0,0,48,3396,4225,1642,175,35,503,32023,29890,106,0,68,4,5.57623e+06,0,0,0,0,1,0,0,2252,1625,3380,0,0,0,0,0,0,0,0,1299,-1014,0,0,130
2554.51,0,0,0,0,100,5056,1.59004,0.0107255,1.60263,59,0,24,24,34,0,-2,0,0,0,48,3385,4225,1636,175,35,503,32023,29890,106,0,68,4,5.53786e+06,0,0,0,0,1,0,980,1393,1606,3440,0,0,0,0,0,0,0,0,1299,-1085,0,0,130
2554.52,0,0,0,0,100,5056,1.59001,0.0107324,1.60256,59,0,24,24,34,0,-2,0,0,0,48,3385,4225,1609,175,35,503,32023,29890,106,0,68,4,5.44646e+06,0,0,0,0,1,0,980,1393,1606,3444,0,0,0,0,0,0,0,0,1299,-1010,0,0,130
2554.53,0,0,0,0,100,5059,1.58998,0.0107394,1.60249,59,0,24,24,34,0,-2,0,0,0,48,3385,4225,1609,175,35,503,32023,29890,106,0,68,4,5.44646e+06,0,0,0,0,1,0,2129,0,1580,3444,0,0,0,0,0,0,0,0,1299,-1010,0,0,130
2554.54,0,0,0,0,100,5078,1.58995,0.0107463,1.60242,59,0,24,24,34,0,-2,0,0,0,48,3394,4224,1663,175,35,503,32023,29890,106,0,68,4,5.64422e+06,0,0,0,0,1,284,1769,0,1583,3462,0,0,0,0,0,0,0,0,1299,-939,0,0,130
2554.55,0,0,0,0,100,5097,1.58991,0.0107533,1.60235,59,0,24,24,34,0,-2,0,0,0,48,3394,4224,1672,175,35,503,32023,29890,106,0,68,4,5.67477e+06,0,0,0,0,1,2202,0,0,1614,3356,0,0,0,0,0,0,0,0,1299,-1019,0,0,130
2554.56,0,0,0,0,100,5090,1.58988,0.0107602,1.60228,59,0,24,24,34,0,-2,0,0,0,48,3394,4224,1665,175,35,503,32023,29890,106,0,68,4,5.65101e+06,0,0,0,0,1,1579,0,805,1650,3397,0,0,0,0,0,0,0,0,1299,-1111,0,0,130
2554.57,0,0,0,0,100,5065,1.58985,0.0107672,1.60221,59,0,24,24,34,0,-2,0,0,0,48,3394,4224,1665,175,35,503,32023,29890,106,0,68,4,5.65101e+06,0,0,0,0,1,0,0,2194,1623,3352,0,0,0,0,0,0,0,0,1299,-1064,0,0,130
2554.58,0,0,0,0,100,5065,1.58982,0.0107741,1.60214,59,0,24,24,34,0,-2,0,0,0,48,3390,4224,1611,175,35,503,32023,29890,106,0,68,4,5.46129e+06,0,0,0,0,1,0,0,2194,1623,3393,0,0,0,0,0,0,0,0,1299,-972,0,0,130
2554.59,0,0,0,0,100,5064,1.58979,0.0107811,1.60207,59,0,24,24,34,0,-2,0,0,0,48,3390,4224,1631,175,35,503,32023,29890,106,0,68,4,5.52909e+06,0,0,0,0,1,0,0,2057,1578,3393,0,0,0,0,0,0,0,0,1299,-972,0,0,130
2554.6,0,0,0,0,100,5086,1.58976,0.010788,1.602,59,0,24,24,31,0,-2,0,0,0,49,3390,4222,1653,175,35,503,31966,29800,106,0,65,4,5.60367e+06,0,0,0,0,1,0,1728,260,1569,3404,0,0,0,0,0,0,0,0,1299,-986,0,0,130
2554.61,0,0,0,0,100,5108,1.58995,0.0107616,1.60201,59,0,24,24,31,0,-2,0,0,0,49,3390,4222,1653,175,35,503,31966,29800,106,0,65,4,5.60367e+06,0,0,0,0,1,555,1644,0,1614,3427,0,0,0,0,0,0,0,0,1299,-974,0,0,130
2554.62,0,0,0,0,100,5103,1.59014,0.0107353,1.60203,59,0,24,24,31,0,-2,0,0,0,49,3383,4222,1653,175,35,503,31966,29800,106,0,65,4,5.5921e+06,0,0,0,0,1,2392,0,0,1639,3328,0,0,0,0,0,0,0,0,1299,-1070,0,0,130
2554.63,0,0,0,0,100,5083,1.59033,0.0107089,1.60204,59,0,24,24,31,0,-2,0,0,0,49,3383,4222,1639,175,35,503,31966,29800,106,0,65,4,5.54474e+06,0,0,0,0,1,1338,0,993,1615,3434,0,0,0,0,0,0,0,0,1299,-1089,0,0,130
2554.64,0,0,0,0,100,5083,1.59052,0.0106825,1.60206,59,0,24,24,31,0,-2,0,0,0,49,3383,4222,1632,175,35,503,31966,29800,106,0,65,4,5.52106e+06,0,0,0,0,1,1338,0,993,1615,3395,0,0,0,0,0,0,0,0,1299,-959,0,0,130
2554.65,0,0,0,0,100,5080,1.59071,0.0106561,1.60207,59,0,24,24,31,0,-2,0,0,0,49,3383,4222,1632,175,35,503,31966,29800,106,0,65,4,5.52106e+06,0,0,0,0,1,0,0,2311,1578,3395,0,0,0,0,0,0,0,0,1299,-959,0,0,130
2554.66,0,0,0,0,100,5096,1.5909,0.0106297,1.60208,59,0,24,24,31,0,-2,0,0,0,49,3375,4222,1639,175,35,503,31966,29800,106,0,65,4,5.53162e+06,0,0,0,0,1,0,1269,1047,1582,3406,0,0,0,0,0,0,0,0,1299,-988,0,0,130
2554.67,0,0,0,0,100,5116,1.59109,0.0106033,1.6021,59,0,24,24,31,0,-2,0,0,0,49,3391,4222,1660,175,35,503,31966,29800,106,0,65,4,5.62906e+06,0,0,0,0,1,0,1978,0,1601,3434,0,0,0,0,0,0,0,0,1299,-1065,0,0,130
2554.68,0,0,0,0,100,5125,1.59128,0.010577,1.60211,59,0,24,24,31,0,-2,0,0,0,49,3391,4222,1652,175,35,503,31966,29800,106,0,65,4,5.60193e+06,0,0,0,0,1,2356,0,0,1621,3339,0,0,0,0,0,0,0,0,1299,-989,0,0,130
2554.69,0,0,0,0,100,5114,1.59147,0.0105506,1.60213,59,0,24,24,31,0,-2,0,0,0,49,3391,4222,1652,175,35,503,31966,29800,106,0,65,4,5.60193e+06,0,0,0,0,1,511,0,1653,1625,3378,0,0,0,0,0,0,0,0,1299,-1038,0,0,130
2554.7,0,0,0,0,100,5114,1.59166,0.0105242,1.60214,59,0,24,24,30,0,-2,0,0,0,48,3375,4222,1623,175,35,503,31814,29493,106,0,87,4,5.47762e+06,0,0,0,0,1,511,0,1653,1625,3378,0,0,0,0,0,0,0,0,1299,-1035,0,0,130
2554.71,0,0,0,0,100,5100,1.59118,0.0105529,1.60191,59,0,24,24,30,0,-2,0,0,0,48,3375,4222,1601,175,35,503,31814,29493,106,0,87,4,5.40338e+06,0,0,0,0,1,0,1779,276,1606,3389,0,0,0,0,0,0,0,0,1299,-1035,0,0,130
2554.72,0,0,0,0,100,5105,1.5907,0.0105816,1.60167,59,0,24,24,30,0,-2,0,0,0,48,3375,4222,1611,175,35,503,31814,29493,106,0,87,4,5.43712e+06,0,0,0,0,1,0,2121,0,1578,3458,0,0,0,0,0,0,0,0,1299,-956,0,0,130
2554.73,0,0,0,0,100,5128,1.59022,0.0106103,1.60143,59,0,24,24,30,0,-2,0,0,0,48,3375,4222,1611,175,35,503,31814,29493,106,0,87,4,5.43712e+06,0,0,0,0,1,2129,0,0,1575,3371,0,0,0,0,0,0,0,0,1299,-980,0,0,130
2554.74,0,0,0,0,100,5145,1.58974,0.010639,1.60119,59,0,24,24,30,0,-2,0,0,0,48,3384,4222,1676,175,35,503,31814,29493,106,0,87,4,5.67158e+06,0,0,0,0,1,0,0,1920,1612,3358,0,0,0,0,0,0,0,0,1299,-975,0,0,130
2554.75,0,0,0,0,100,5133,1.58926,0.0106677,1.60095,59,0,24,24,30,0,-2,0,0,0,48,3384,4222,1654,175,35,503,31814,29493,106,0,87,4,5.59714e+06,0,0,0,0,1,0,1365,994,1631,3380,0,0,0,0,0,0,0,0,1299,-1071,0,0,130
2554.76,0,0,0,0,100,5133,1.58878,0.0106964,1.60071,59,0,24,24,30,0,-2,0,0,0,48,3384,4222,1630,175,35,503,31814,29493,106,0,87,4,5.51592e+06,0,0,0,0,1,0,1365,994,1631,3447,0,0,0,0,0,0,0,0,1299,-1002,0,0,130
2554.77,0,0,0,0,100,5115,1.5883,0.0107251,1.60047,59,0,24,24,30,0,-2,0,0,0,48,3384,4222,1630,175,35,503,31814,29493,106,0,87,4,5.51592e+06,0,0,0,0,1,30,1965,0,1606,3447,0,0,0,0,0,0,0,0,1299,-1002,0,0,130
2554.78,0,0,0,0,100,5120,1.58782,0.0107538,1.60023,59,0,24,24,30,0,-2,0,0,0,48,3388,4222,1620,175,35,503,31814,29493,106,0,87,4,5.48856e+06,0,0,0,0,1,2298,0,0,1569,3360,0,0,0,0,0,0,0,0,1299,-1004,0,0,130
2554.79,0,0,0,0,100,5140,1.58735,0.0107825,1.59999,59,0,24,24,30,0,-2,0,0,0,48,3388,4222,1616,175,35,503,31814,29493,106,0,87,4,5.47501e+06,0,0,0,0,1,0,0,2065,1573,3354,0,0,0,0,0,0,0,0,1299,-974,0,0,130
2554.8,0,0,0,0,100,5155,1.58687,0.0108112,1.59975,59,0,24,24,31,0,-2,0,0,0,48,3388,4222,1655,175,35,503,31916,29650,106,0,65,4,5.60714e+06,0,0,0,0,1,0,1779,150,1606,3391,0,0,0,0,0,0,0,0,1299,-985,0,0,130
2554.81,0,0,0,0,100,5148,1.58688,0.0107767,1.59977,59,0,24,24,31,0,-2,0,0,0,48,3388,4222,1655,175,35,503,31916,29650,106,0,65,4,5.60714e+06,0,0,0,0,1,1528,769,0,1631,3380,0,0,0,0,0,0,0,0,1299,-1087,0,0,130
2554.82,0,0,0,0,100,5148,1.5869,0.0107421,1.59979,59,0,24,24,31,0,-2,0,0,0,48,3397,4222,1632,175,35,503,31916,29650,106,0,65,4,5.5439e+06,0,0,0,0,1,1528,769,0,1631,3410,0,0,0,0,0,0,0,0,1299,-1090,0,0,130
2554.83,0,0,0,0,100,5133,1.58692,0.0107076,1.59981,59,0,24,24,31,0,-2,0,0,0,48,3385,4222,1610,175,35,503,31916,29650,106,0,65,4,5.44985e+06,0,0,0,0,1,1575,0,795,1612,3410,0,0,0,0,0,0,0,0,1299,-1090,0,0,130
2554.84,0,0,0,0,100,5131,1.58694,0.010673,1.59984,59,0,24,24,31,0,-2,0,0,0,48,3385,4222,1599,175,35,503,31916,29650,106,0,65,4,5.41262e+06,0,0,0,0,1,0,0,2055,1590,3374,0,0,0,0,0,0,0,0,1299,-965,0,0,130
2554.85,0,0,0,0,100,5140,1.58695,0.0106385,1.59986,59,0,24,24,31,0,-2,0,0,0,48,3385,4222,1599,175,35,503,31916,29650,106,0,65,4,5.41262e+06,0,0,0,0,1,0,2253,0,1576,3447,0,0,0,0,0,0,0,0,1299,-1004,0,0,130
2554.86,0,0,0,0,100,5159,1.58697,0.0106039,1.59988,59,0,24,24,31,0,-2,0,0,0,48,3400,4222,1649,175,35,503,31916,29650,106,0,65,4,5.6066e+06,0,0,0,0,1,2307,0,0,1587,3350,0,0,0,0,0,0,0,0,1299,-990,0,0,130
2554.87,0,0,0,0,100,5164,1.58699,0.0105694,1.5999,59,0,24,24,31,0,-2,0,0,0,48,3400,4222,1663,175,35,503,31916,29650,106,0,65,4,5.6542e+06,0,0,0,0,1,0,0,2342,1620,3374,0,0,0,0,0,0,0,0,1299,-1011,0,0,130
2554.88,0,0,0,0,100,5164,1.58701,0.0105348,1.59992,59,0,24,24,31,0,-2,0,0,0,48,3400,4222,1655,175,35,503,31916,29650,106,0,65,4,5.627e+06,0,0,0,0,1,0,0,2342,1620,3434,0,0,0,0,0,0,0,0,1299,-1040,0,0,130
2554.89,0,0,0,0,100,5148,1.58702,0.0105003,1.59994,59,0,24,24,31,0,-2,0,0,0,48,3400,4222,1655,175,35,503,31916,29650,106,0,65,4,5.627e+06,0,0,0,0,1,0,2246,0,1623,3434,0,0,0,0,0,0,0,0,1299,-1040,0,0,130
2554.9,0,0,0,0,100,5135,1.58704,0.0104657,1.59996,59,0,24,24,30,0,-2,0,0,0,49,3385,4222,1592,175,35,503,31897,29697,106,0,87,4,5.38892e+06,0,0,0,0,1,1729,202,0,1582,3416,0,0,0,0,0,0,0,0,1299,-931,0,0,130
2554.91,0,0,0,0,100,5142,1.58734,0.0104693,1.60017,59,0,24,24,30,0,-2,0,0,0,49,3391,4222,1611,175,35,503,31897,29697,106,0,87,4,5.4629e+06,0,0,0,0,1,979,0,1258,1560,3453,0,0,0,0,0,0,0,0,1299,-1004,0,0,130
2554.92,0,0,0,0,100,5168,1.58765,0.0104729,1.60038,59,0,24,24,30,0,-2,0,0,0,49,3391,4222,1625,175,35,503,31897,29697,106,0,87,4,5.51038e+06,0,0,0,0,1,0,1281,958,1573,3432,0,0,0,0,0,0,0,0,1299,-994,0,0,130
2554.93,0,0,0,0,100,5176,1.58795,0.0104765,1.60059,59,0,24,24,30,0,-2,0,0,0,49,3391,4222,1625,175,35,503,31897,29697,106,0,87,4,5.51038e+06,0,0,0,0,1,1530,714,0,1623,3386,0,0,0,0,0,0,0,0,1299,-1038,0,0,130
2554.94,0,0,0,0,100,5176,1.58825,0.0104801,1.6008,59,0,24,24,30,0,-2,0,0,0,49,3381,4217,1653,175,35,503,31897,29697,106,0,87,4,5.58879e+06,0,0,0,0,1,1530,714,0,1623,3421,0,0,0,0,0,0,0,0,1299,-1082,0,0,130
2554.95,0,0,0,0,100,5160,1.58856,0.0104837,1.60101,59,0,24,24,30,0,-2,0,0,0,49,3381,4217,1626,175,35,503,31897,29697,106,0,87,4,5.49751e+06,0,0,0,0,1,886,0,1447,1620,3421,0,0,0,0,0,0,0,0,1299,-1082,0,0,130
2554.96,0,0,0,0,100,5150,1.58886,0.0104873,1.60122,59,0,24,24,30,0,-2,0,0,0,49,3381,4217,1592,175,35,503,31897,29697,106,0,87,4,5.38255e+06,0,0,0,0,1,0,1695,317,1584,3397,0,0,0,0,0,0,0,0,1299,-973,0,0,130
2554.97,0,0,0,0,100,5155,1.58916,0.0104909,1.60143,59,0,24,24,30,0,-2,0,0,0,49,3381,4217,1592,175,35,503,31897,29697,106,0,87,4,5.38255e+06,0,0,0,0,1,786,1527,0,1582,3425,0,0,0,0,0,0,0,0,1299,-1018,0,0,130
2554.98,0,0,0,0,100,5172,1.58947,0.0104945,1.60164,59,0,24,24,30,0,-2,0,0,0,49,3382,4217,1621,175,35,503,31897,29697,106,0,87,4,5.48222e+06,0,0,0,0,1,1505,0,844,1586,3401,0,0,0,0,0,0,0,0,1299,-1066,0,0,130
2554.99,0,0,0,0,100,5185,1.58977,0.0104981,1.60185,59,0,24,24,30,0,-2,0,0,0,49,3395,4217,1649,175,35,503,31897,29697,106,0,87,4,5.59836e+06,0,0,0,0,1,0,1283,971,1603,3423,0,0,0,0,0,0,0,0,1299,-1024,0,0,130
2555,0,0,0,0,100,5185,1.59007,0.0105016,1.60206,58,0,24,24,31,0,-2,0,0,0,48,3395,4217,1644,175,35,503,31913,29539,105,0,68,4,5.58138e+06,0,0,0,0,1,0,1283,971,1603,3389,0,0,0,0,0,0,0,0,1299,-1054,0,0,130
2555.01,0,0,0,0,100,5183,1.59009,0.0105159,1.60194,58,0,24,24,31,0,-2,0,0,0,48,3395,4217,1644,175,35,503,31913,29539,105,0,68,4,5.58138e+06,0,0,0,0,1,1643,566,0,1619,3389,0,0,0,0,0,0,0,0,1299,-1054,0,0,130
2555.02,0,0,0,0,100,5173,1.5901,0.0105301,1.60181,58,0,24,24,31,0,-2,0,0,0,48,3389,4211,1619,175,35,503,31913,29539,105,0,68,4,5.48679e+06,0,0,0,0,1,313,0,1696,1604,3389,0,0,0,0,0,0,0,0,1299,-1017,0,0,130
2555.03,0,0,0,0,100,5165,1.59012,0.0105444,1.60169,58,0,24,24,31,0,-2,0,0,0,48,3389,4211,1614,175,35,503,31913,29539,105,0,68,4,5.46985e+06,0,0,0,0,1,0,1656,402,1584,3395,0,0,0,0,0,0,0,0,1299,-1019,0,0,130
2555.04,0,0,0,0,100,5180,1.59013,0.0105587,1.60156,58,0,24,24,31,0,-2,0,0,0,48,3389,4211,1584,175,35,503,31913,29539,105,0,68,4,5.36818e+06,0,0,0,0,1,1913,0,0,1553,3421,0,0,0,0,0,0,0,0,1299,-869,0,0,130
2555.05,0,0,0,0,100,5202,1.59015,0.0105729,1.60143,58,0,24,24,31,0,-2,0,0,0,48,3389,4211,1584,175,35,503,31913,29539,105,0,68,4,5.36818e+06,0,0,0,0,1,0,0,2215,1587,3356,0,0,0,0,0,0,0,0,1299,-921,0,0,130
2555.06,0,0,0,0,100,5202,1.59016,0.0105872,1.60131,58,0,24,24,31,0,-2,0,0,0,48,3396,4211,1663,175,35,503,31913,29539,105,0,68,4,5.64755e+06,0,0,0,0,1,0,0,2215,1587,3416,0,0,0,0,0,0,0,0,1299,-964,0,0,130
2555.07,0,0,0,0,100,5204,1.59018,0.0106014,1.60118,58,0,24,24,31,0,-2,0,0,0,48,3396,4211,1634,175,35,503,31913,29539,105,0,68,4,5.54906e+06,0,0,0,0,1,0,2023,0,1620,3416,0,0,0,0,0,0,0,0,1299,-964,0,0,130
2555.08,0,0,0,0,100,5190,1.59019,0.0106157,1.60106,58,0,24,24,31,0,-2,0,0,0,48,3388,4211,1621,175,35,503,31913,29539,105,0,68,4,5.49195e+06,0,0,0,0,1,1620,0,583,1602,3440,0,0,0,0,0,0,0,0,1299,-968,0,0,130
2555.09,0,0,0,0,100,5181,1.59021,0.0106299,1.60093,58,0,24,24,31,0,-2,0,0,0,48,3388,4211,1621,175,35,503,31913,29539,105,0,68,4,5.49195e+06,0,0,0,0,1,0,851,1483,1586,3425,0,0,0,0,0,0,0,0,1299,-1079,0,0,130
2555.1,0,0,0,0,100,5196,1.59022,0.0106442,1.60081,58,0,24,24,30,0,-2,0,0,0,49,3388,4211,1594,175,35,503,31995,29734,106,0,65,98,5.40047e+06,0,0,0,0,1,1452,671,0,1559,3427,0,0,0,0,0,0,0,0,1299,-946,0,0,130
2555.11,0,0,0,0,100,5214,1.58998,0.0106264,1.60104,58,0,24,24,30,0,-2,0,0,0,49,3388,4211,1611,175,35,503,31995,29734,106,0,65,98,5.45807e+06,0,0,0,0,1,0,0,2197,1595,3348,0,0,0,0,0,0,0,0,1299,-1008,0,0,130
2555.12,0,0,0,0,100,5214,1.58974,0.0106087,1.60127,58,0,24,24,30,0,-2,0,0,0,49,3401,4211,1639,175,35,503,31995,29734,106,0,65,98,5.57424e+06,0,0,0,0,1,0,0,2197,1595,3421,0,0,0,0,0,0,0,0,1299,-930,0,0,130
2555.13,0,0,0,0,100,5215,1.5895,0.010591,1.60151,58,0,24,24,30,0,-2,0,0,0,49,3401,4211,1639,175,35,503,31995,29734,106,0,65,98,5.57424e+06,0,0,0,0,1,0,2027,0,1604,3421,0,0,0,0,0,0,0,0,1299,-930,0,0,130
2555.14,0,0,0,0,100,5209,1.58927,0.0105733,1.60174,58,0,24,24,30,0,-2,0,0,0,49,3388,4211,1623,175,35,503,31995,29734,106,0,65,98,5.49872e+06,0,0,0,0,1,1469,0,848,1602,3393,0,0,0,0,0,0,0,0,1299,-1048,0,0,130
2555.15,0,0,0,0,100,5201,1.58903,0.0105556,1.60197,58,0,24,24,30,0,-2,0,0,0,49,3388,4211,1600,175,35,503,31995,29734,106,0,65,98,5.4208e+06,0,0,0,0,1,0,1613,624,1593,3369,0,0,0,0,0,0,0,0,1299,-1066,0,0,130
2555.16,0,0,0,0,100,5203,1.58879,0.0105378,1.60221,58,0,24,24,30,0,-2,0,0,0,49,3388,4211,1595,175,35,503,31995,29734,106,0,65,98,5.40386e+06,0,0,0,0,1,2178,0,0,1571,3382,0,0,0,0,0,0,0,0,1299,-949,0,0,130
2555.17,0,0,0,0,100,5216,1.58855,0.0105201,1.60244,58,0,24,24,30,0,-2,0,0,0,49,3388,4211,1595,175,35,503,31995,29734,106,0,65,98,5.40386e+06,0,0,0,0,1,0,0,2012,1571,3397,0,0,0,0,0,0,0,0,1299,-923,0,0,130
2555.18,0,0,0,0,100,5216,1.58831,0.0105024,1.60267,58,0,24,24,30,0,-2,0,0,0,49,3392,4211,1638,175,35,503,31995,29734,106,0,65,98,5.5561e+06,0,0,0,0,1,0,0,2012,1571,3423,0,0,0,0,0,0,0,0,1299,-911,0,0,130
2555.19,0,0,0,0,100,5228,1.58807,0.0104847,1.60291,58,0,24,24,30,0,-2,0,0,0,49,3392,4211,1654,175,35,503,31995,29734,106,0,65,98,5.61037e+06,0,0,0,0,1,1130,1134,0,1590,3423,0,0,0,0,0,0,0,0,1299,-911,0,0,130
2555.2,0,0,0,0,100,5227,1.58783,0.010467,1.60314,58,0,24,24,31,0,-2,0,0,0,48,3400,4211,1647,175,35,503,32093,29940,106,0,87,4,5.5998e+06,0,0,0,0,1,0,0,2219,1606,3371,0,0,0,0,0,0,0,0,1299,-979,0,0,130
2555.21,0,0,0,0,100,5210,1.58781,0.0104663,1.60305,58,0,24,24,31,0,-2,0,0,0,48,3400,4211,1647,175,35,503,32093,29940,106,0,87,4,5.5998e+06,0,0,0,0,1,1458,747,0,1596,3410,0,0,0,0,0,0,0,0,1299,-994,0,0,130
2555.22,0,0,0,0,100,5207,1.58779,0.0104656,1.60295,58,0,24,24,31,0,-2,0,0,0,48,3381,4211,1578,175,35,503,32093,29940,106,0,87,4,5.33522e+06,0,0,0,0,1,702,0,1514,1569,3456,0,0,0,0,0,0,0,0,1299,-1022,0,0,130
2555.23,0,0,0,0,100,5223,1.58777,0.0104649,1.60285,58,0,24,24,31,0,-2,0,0,0,48,3381,4211,1582,175,35,503,32093,29940,106,0,87,4,5.34874e+06,0,0,0,0,1,0,2197,0,1560,3440,0,0,0,0,0,0,0,0,1299,-942,0,0,130
2555.24,0,0,0,0,100,5223,1.58775,0.0104643,1.60276,58,0,24,24,31,0,-2,0,0,0,48,3381,4211,1626,175,35,503,32093,29940,106,0,87,4,5.49751e+06,0,0,0,0,1,0,2197,0,1560,3416,0,0,0,0,0,0,0,0,1299,-952,0,0,130
2555.25,0,0,0,0,100,5236,1.58773,0.0104636,1.60266,58,0,24,24,31,0,-2,0,0,0,48,3381,4211,1626,175,35,503,32093,29940,106,0,87,4,5.49751e+06,0,0,0,0,1,1573,0,629,1595,3416,0,0,0,0,0,0,0,0,1299,-952,0,0,130
2555.26,0,0,0,0,100,5231,1.58771,0.0104629,1.60257,58,0,24,24,31,0,-2,0,0,0,48,3404,4205,1639,175,35,503,32093,29940,106,0,87,4,5.57916e+06,0,0,0,0,1,0,1925,0,1604,3404,0,0,0,0,0,0,0,0,1299,-980,0,0,130
2555.27,0,0,0,0,100,5219,1.58769,0.0104623,1.60247,58,0,24,24,31,0,-2,0,0,0,48,3404,4205,1615,175,35,503,32093,29940,106,0,87,4,5.49746e+06,0,0,0,0,1,2188,0,0,1596,3442,0,0,0,0,0,0,0,0,1299,-955,0,0,130
2555.28,0,0,0,0,100,5219,1.58766,0.0104616,1.60237,58,0,24,24,31,0,-2,0,0,0,48,3404,4205,1608,175,35,503,32093,29940,106,0,87,4,5.47363e+06,0,0,0,0,1,0,763,1485,1568,3440,0,0,0,0,0,0,0,0,1299,-959,0,0,130
2555.29,0,0,0,0,100,5228,1.58764,0.0104609,1.60228,58,0,24,24,31,0,-2,0,0,0,48,3404,4205,1608,175,35,503,32093,29940,106,0,87,4,5.47363e+06,0,0,0,0,1,1946,0,0,1568,3404,0,0,0,0,0,0,0,0,1299,-909,0,0,130
2555.3,0,0,0,0,100,5228,1.58762,0.0104603,1.60218,58,0,24,24,31,0,-2,0,0,0,49,3375,4205,1612,175,35,503,31858,29448,106,0,68,4,5.4405e+06,0,0,0,0,1,1946,0,0,1568,3389,0,0,0,0,0,0,0,0,1299,-900,0,0,130
2555.31,0,0,0,0,100,5238,1.58741,0.0104561,1.60208,58,0,24,24,31,0,-2,0,0,0,49,3403,4205,1634,175,35,503,31858,29448,106,0,68,4,5.5605e+06,0,0,0,0,1,0,0,1977,1582,3389,0,0,0,0,0,0,0,0,1299,-900,0,0,130
2555.32,0,0,0,0,100,5245,1.5872,0.010452,1.60199,58,0,24,24,31,0,-2,0,0,0,49,3403,4205,1638,175,35,503,31858,29448,106,0,68,4,5.57411e+06,0,0,0,0,1,1649,441,0,1593,3393,0,0,0,0,0,0,0,0,1299,-979,0,0,130
2555.33,0,0,0,0,100,5241,1.587,0.0104479,1.60189,58,0,24,24,31,0,-2,0,0,0,49,3403,4205,1638,175,35,503,31858,29448,106,0,68,4,5.57411e+06,0,0,0,0,1,0,0,2141,1603,3371,0,0,0,0,0,0,0,0,1299,-959,0,0,130
2555.34,0,0,0,0,100,5231,1.58679,0.0104438,1.60179,58,0,24,24,31,0,-2,0,0,0,49,3388,4205,1609,175,35,503,31858,29448,106,0,68,4,5.45129e+06,0,0,0,0,1,1104,1181,0,1582,3430,0,0,0,0,0,0,0,0,1299,-1040,0,0,130
2555.35,0,0,0,0,100,5234,1.58658,0.0104396,1.60169,58,0,24,24,31,0,-2,0,0,0,49,3388,4205,1579,175,35,503,31858,29448,106,0,68,4,5.34965e+06,0,0,0,0,1,0,0,2186,1560,3389,0,0,0,0,0,0,0,0,1299,-961,0,0,130
2555.36,0,0,0,0,100,5234,1.58637,0.0104355,1.6016,58,0,24,24,31,0,-2,0,0,0,49,3388,4205,1590,175,35,503,31858,29448,106,0,68,4,5.38692e+06,0,0,0,0,1,0,0,2186,1560,3436,0,0,0,0,0,0,0,0,1299,-926,0,0,130
2555.37,0,0,0,0,100,5250,1.58616,0.0104314,1.6015,58,0,24,24,31,0,-2,0,0,0,49,3388,4205,1590,175,35,503,31858,29448,106,0,68,4,5.38692e+06,0,0,0,0,1,743,1427,0,1565,3436,0,0,0,0,0,0,0,0,1299,-926,0,0,130
2555.38,0,0,0,0,100,5262,1.58595,0.0104273,1.6014,58,0,24,24,31,0,-2,0,0,0,49,3392,4205,1632,175,35,503,31858,29448,106,0,68,4,5.53574e+06,0,0,0,0,1,0,0,2225,1593,3384,0,0,0,0,0,0,0,0,1299,-944,0,0,130
2555.39,0,0,0,0,100,5255,1.58574,0.0104232,1.6013,58,0,24,24,31,0,-2,0,0,0,49,3392,4205,1622,175,35,503,31858,29448,106,0,68,4,5.50182e+06,0,0,0,0,1,1104,1222,0,1614,3408,0,0,0,0,0,0,0,0,1299,-1073,0,0,130
2555.4,0,0,0,0,100,5246,1.58554,0.010419,1.6012,58,0,24,24,32,0,-2,0,0,0,49,3392,4205,1612,175,35,503,31973,29816,106,0,87,4,5.4679e+06,0,0,0,0,1,0,0,2266,1580,3393,0,0,0,0,0,0,0,0,1299,-958,0,0,130
2555.41,0,0,0,0,100,5251,1.5857,0.0104152,1.60127,58,0,24,24,32,0,-2,0,0,0,49,3392,4205,1612,175,35,503,31973,29816,106,0,87,4,5.4679e+06,0,0,0,0,1,1001,1269,0,1563,3423,0,0,0,0,0,0,0,0,1299,-1018,0,0,130
2555.42,0,0,0,0,100,5251,1.58587,0.0104114,1.60134,58,0,24,24,32,0,-2,0,0,0,49,3391,4205,1606,175,35,503,31973,29816,106,0,87,4,5.44595e+06,0,0,0,0,1,1001,1269,0,1563,3389,0,0,0,0,0,0,0,0,1299,-951,0,0,130
2555.43,0,0,0,0,100,5261,1.58603,0.0104075,1.60141,58,0,24,24,32,0,-2,0,0,0,49,3391,4206,1626,175,35,503,31973,29816,106,0,87,4,5.51377e+06,0,0,0,0,1,0,0,2215,1573,3389,0,0,0,0,0,0,0,0,1299,-951,0,0,130
2555.44,0,0,0,0,100,5271,1.5862,0.0104037,1.60147,58,0,24,24,32,0,-2,0,0,0,49,3391,4206,1622,175,35,503,31973,29816,106,0,87,4,5.5002e+06,0,0,0,0,1,1677,394,0,1589,3404,0,0,0,0,0,0,0,0,1299,-975,0,0,130
2555.45,0,0,0,0,100,5274,1.58637,0.0103998,1.60154,58,0,24,24,32,0,-2,0,0,0,49,3391,4206,1622,175,35,503,31973,29816,106,0,87,4,5.5002e+06,0,0,0,0,1,0,419,1690,1599,3442,0,0,0,0,0,0,0,0,1299,-944,0,0,130
2555.46,0,0,0,0,100,5272,1.58653,0.010396,1.60161,58,0,24,24,32,0,-2,0,0,0,49,3391,4206,1611,175,35,503,31973,29816,106,0,87,4,5.4629e+06,0,0,0,0,1,1999,0,0,1589,3423,0,0,0,0,0,0,0,0,1299,-984,0,0,130
2555.47,0,0,0,0,100,5267,1.5867,0.0103922,1.60167,58,0,24,24,32,0,-2,0,0,0,49,3386,4206,1594,175,35,503,31973,29816,106,0,87,4,5.39728e+06,0,0,0,0,1,0,1338,912,1583,3378,0,0,0,0,0,0,0,0,1299,-998,0,0,130
2555.48,0,0,0,0,100,5267,1.58687,0.0103883,1.60174,58,0,24,24,32,0,-2,0,0,0,49,3386,4206,1594,175,35,503,31973,29816,106,0,87,4,5.39728e+06,0,0,0,0,1,0,1338,912,1583,3444,0,0,0,0,0,0,0,0,1299,-874,0,0,130
2555.49,0,0,0,0,100,5268,1.58703,0.0103845,1.60181,58,0,24,24,32,0,-2,0,0,0,49,3386,4206,1594,175,35,503,31973,29816,106,0,87,4,5.39728e+06,0,0,0,0,1,1959,0,0,1573,3444,0,0,0,0,0,0,0,0,1299,-874,0,0,130
2555.5,0,0,0,0,100,5283,1.5872,0.0103807,1.60187,58,0,24,24,31,0,-2,0,0,0,49,3395,4206,1609,175,35,503,31950,29628,106,0,68,4,5.46256e+06,0,0,0,0,1,0,2144,0,1572,3427,0,0,0,0,0,0,0,0,1299,-956,0,0,130
2555.51,0,0,0,0,100,5291,1.58678,0.010397,1.60169,58,0,24,24,31,0,-2,0,0,0,49,3395,4206,1632,175,35,503,31950,29628,106,0,68,4,5.54064e+06,0,0,0,0,1,637,0,1533,1601,3438,0,0,0,0,0,0,0,0,1299,-992,0,0,130
2555.52,0,0,0,0,100,5284,1.58636,0.0104133,1.60151,58,0,24,24,31,0,-2,0,0,0,49,3395,4206,1614,175,35,503,31950,29628,106,0,68,4,5.47953e+06,0,0,0,0,1,499,1650,0,1595,3462,0,0,0,0,0,0,0,0,1299,-946,0,0,130
2555.53,0,0,0,0,100,5276,1.58594,0.0104296,1.60134,58,0,24,24,31,0,-2,0,0,0,49,3395,4206,1614,175,35,503,31950,29628,106,0,68,4,5.47953e+06,0,0,0,0,1,0,0,2229,1577,3395,0,0,0,0,0,0,0,0,1299,-938,0,0,130
2555.54,0,0,0,0,100,5276,1.58552,0.0104459,1.60116,58,0,24,24,31,0,-2,0,0,0,49,3401,4206,1587,175,35,503,31950,29628,106,0,68,4,5.39739e+06,0,0,0,0,1,0,0,2229,1577,3404,0,0,0,0,0,0,0,0,1299,-946,0,0,130
2555.55,0,0,0,0,100,5278,1.58509,0.0104623,1.60098,58,0,24,24,31,0,-2,0,0,0,49,3401,4206,1588,175,35,503,31950,29628,106,0,68,4,5.40079e+06,0,0,0,0,1,1624,416,0,1560,3404,0,0,0,0,0,0,0,0,1299,-946,0,0,130
2555.56,0,0,0,0,100,5292,1.58467,0.0104786,1.6008,58,0,24,24,31,0,-2,0,0,0,49,3401,4206,1616,175,35,503,31950,29628,106,0,68,4,5.49602e+06,0,0,0,0,1,0,820,1412,1565,3438,0,0,0,0,0,0,0,0,1299,-926,0,0,130
2555.57,0,0,0,0,100,5298,1.58425,0.0104949,1.60062,58,0,24,24,31,0,-2,0,0,0,49,3401,4206,1616,175,35,503,31950,29628,106,0,68,4,5.49602e+06,0,0,0,0,1,1950,0,0,1589,3440,0,0,0,0,0,0,0,0,1299,-903,0,0,130
2555.58,0,0,0,0,100,5297,1.58383,0.0105112,1.60044,58,0,24,24,31,0,-2,0,0,0,49,3397,4206,1604,175,35,503,31950,29628,106,0,68,4,5.44879e+06,0,0,0,0,1,0,2234,0,1582,3434,0,0,0,0,0,0,0,0,1299,-961,0,0,130
2555.59,0,0,0,0,100,5293,1.58341,0.0105275,1.60026,58,0,24,24,31,0,-2,0,0,0,49,3397,4206,1587,175,35,503,31950,29628,106,0,68,4,5.39104e+06,0,0,0,0,1,1,0,1881,1578,3369,0,0,0,0,0,0,0,0,1299,-963,0,0,130
2555.6,0,0,0,0,100,5293,1.58299,0.0105439,1.60008,58,0,24,24,31,0,-2,0,0,0,49,3390,4206,1587,175,35,503,32043,29796,106,0,68,4,5.37993e+06,0,0,0,0,1,1,0,1881,1578,3416,0,0,0,0,0,0,0,0,1299,-1014,0,0,130
2555.61,0,0,0,0,100,5288,1.58284,0.0105265,1.60016,58,0,24,24,31,0,-2,0,0,0,49,3390,4206,1587,175,35,503,32043,29796,106,0,68,4,5.37993e+06,0,0,0,0,1,989,1277,0,1572,3416,0,0,0,0,0,0,0,0,1299,-1014,0,0,130
2555.62,0,0,0,0,100,5292,1.58269,0.0105091,1.60023,58,0,24,24,31,0,-2,0,0,0,49,3390,4206,1615,175,35,503,32043,29796,106,0,68,4,5.47485e+06,0,0,0,0,1,0,0,1887,1562,3399,0,0,0,0,0,0,0,0,1299,-919,0,0,130
2555.63,0,0,0,0,100,5305,1.58254,0.0104917,1.60031,58,0,24,24,31,0,-2,0,0,0,49,3399,4206,1614,175,35,503,32043,29796,106,0,68,4,5.48599e+06,0,0,0,0,1,2175,0,0,1569,3406,0,0,0,0,0,0,0,0,1299,-923,0,0,130
2555.64,0,0,0,0,100,5313,1.58238,0.0104743,1.60039,58,0,24,24,31,0,-2,0,0,0,49,3399,4206,1625,175,35,503,32043,29796,106,0,68,4,5.52338e+06,0,0,0,0,1,0,2208,0,1585,3415,0,0,0,0,0,0,0,0,1299,-962,0,0,130
2555.65,0,0,0,0,100,5304,1.58223,0.0104569,1.60047,58,0,24,24,31,0,-2,0,0,0,49,3399,4206,1625,175,35,503,32043,29796,106,0,68,4,5.52338e+06,0,0,0,0,1,0,0,1914,1597,3354,0,0,0,0,0,0,0,0,1299,-977,0,0,130
2555.66,0,0,0,0,100,5304,1.58208,0.0104395,1.60055,58,0,24,24,31,0,-2,0,0,0,49,3393,4206,1584,175,35,503,32043,29796,106,0,68,4,5.37451e+06,0,0,0,0,1,0,0,1914,1597,3425,0,0,0,0,0,0,0,0,1299,-1013,0,0,130
2555.67,0,0,0,0,100,5292,1.58193,0.0104221,1.60063,58,0,24,24,31,0,-2,0,0,0,49,3393,4206,1586,175,35,503,32043,29796,106,0,68,4,5.3813e+06,0,0,0,0,1,1077,1174,0,1575,3425,0,0,0,0,0,0,0,0,1299,-1013,0,0,130
2555.68,0,0,0,0,100,5300,1.58178,0.0104048,1.6007,58,0,24,24,31,0,-2,0,0,0,49,3393,4208,1586,175,35,503,32043,29796,106,0,68,4,5.3813e+06,0,0,0,0,1,0,349,1715,1559,3393,0,0,0,0,0,0,0,0,1299,-989,0,0,130
2555.69,0,0,0,0,100,5315,1.58163,0.0103874,1.60078,58,0,24,24,31,0,-2,0,0,0,49,3393,4208,1586,175,35,503,32043,29796,106,0,68,4,5.3813e+06,0,0,0,0,1,1921,0,0,1571,3432,0,0,0,0,0,0,0,0,1299,-959,0,0,130
2555.7,0,0,0,0,100,5319,1.58148,0.01037,1.60086,58,0,24,24,31,0,-2,0,0,0,49,3398,4208,1627,175,35,503,31994,29833,106,0,32,4,5.52855e+06,0,0,0,0,1,0,2083,0,1584,3442,0,0,0,0,0,0,0,0,1299,-920,0,0,130
2555.71,0,0,0,0,100,5317,1.58134,0.0103758,1.60086,58,0,24,24,31,0,-2,0,0,0,49,3389,4208,1610,175,35,503,31994,29833,106,0,32,4,5.45629e+06,0,0,0,0,1,0,960,1338,1586,3415,0,0,0,0,0,0,0,0,1299,-1008,0,0,130
2555.72,0,0,0,0,100,5317,1.58119,0.0103816,1.60085,58,0,24,24,31,0,-2,0,0,0,49,3389,4208,1598,175,35,503,31994,29833,106,0,32,4,5.41562e+06,0,0,0,0,1,0,960,1338,1586,3456,0,0,0,0,0,0,0,0,1299,-912,0,0,130
2555.73,0,0,0,0,100,5312,1.58105,0.0103874,1.60085,58,0,24,24,31,0,-2,0,0,0,49,3389,4208,1598,175,35,503,31994,29833,106,0,32,4,5.41562e+06,0,0,0,0,1,2222,0,0,1579,3456,0,0,0,0,0,0,0,0,1299,-912,0,0,130
2555.74,0,0,0,0,100,5313,1.58091,0.0103932,1.60084,58,0,24,24,31,0,-2,0,0,0,49,3389,4208,1597,175,35,503,31994,29833,106,0,32,4,5.41223e+06,0,0,0,0,1,0,2179,0,1568,3453,0,0,0,0,0,0,0,0,1299,-933,0,0,130
2555.75,0,0,0,0,100,5321,1.58077,0.010399,1.60084,58,0,24,24,31,0,-2,0,0,0,49,3389,4205,1611,175,35,503,31994,29833,106,0,32,4,5.45968e+06,0,0,0,0,1,0,0,2174,1561,3382,0,0,0,0,0,0,0,0,1299,-921,0,0,130
2555.76,0,0,0,0,100,5335,1.58063,0.0104047,1.60083,58,0,24,24,31,0,-2,0,0,0,49,3395,4205,1610,175,35,503,31994,29833,106,0,32,4,5.46595e+06,0,0,0,0,1,2181,0,0,1565,3369,0,0,0,0,0,0,0,0,1299,-922,0,0,130
2555.77,0,0,0,0,100,5340,1.58049,0.0104105,1.60083,58,0,24,24,31,0,-2,0,0,0,49,3395,4205,1610,175,35,503,31994,29833,106,0,32,4,5.46595e+06,0,0,0,0,1,0,2222,0,1591,3425,0,0,0,0,0,0,0,0,1299,-950,0,0,130
2555.78,0,0,0,0,100,5340,1.58035,0.0104163,1.60082,58,0,24,24,31,0,-2,0,0,0,49,3395,4205,1605,175,35,503,31994,29833,106,0,32,4,5.44898e+06,0,0,0,0,1,0,2222,0,1591,3386,0,0,0,0,0,0,0,0,1299,-956,0,0,130
2555.79,0,0,0,0,100,5328,1.58021,0.0104221,1.60082,58,0,24,24,31,0,-2,0,0,0,49,3395,4205,1599,175,35,503,31994,29833,106,0,32,4,5.4286e+06,0,0,0,0,1,0,0,2236,1588,3386,0,0,0,0,0,0,0,0,1299,-956,0,0,130
2555.8,0,0,0,0,100,5324,1.58007,0.0104279,1.60081,58,0,24,24,31,0,-2,0,0,0,49,3395,4205,1586,175,35,503,31941,29798,106,0,87,4,5.38447e+06,0,0,0,0,1,2192,0,0,1562,3378,0,0,0,0,0,0,0,0,1299,-952,0,0,130
2555.81,0,0,0,0,100,5336,1.58016,0.0104145,1.60072,58,0,24,24,31,0,-2,0,0,0,49,3395,4205,1586,175,35,503,31941,29798,106,0,87,4,5.38447e+06,0,0,0,0,1,0,2171,0,1557,3447,0,0,0,0,0,0,0,0,1299,-933,0,0,130
2555.82,0,0,0,0,100,5351,1.58025,0.0104012,1.60064,58,0,24,24,31,0,-2,0,0,0,49,3394,4205,1614,175,35,503,31941,29798,106,0,87,4,5.47792e+06,0,0,0,0,1,0,0,2180,1568,3410,0,0,0,0,0,0,0,0,1299,-906,0,0,130
2555.83,0,0,0,0,100,5353,1.58033,0.0103878,1.60055,58,0,24,24,31,0,-2,0,0,0,49,3394,4202,1614,175,35,503,31941,29798,106,0,87,4,5.47792e+06,0,0,0,0,1,2071,0,0,1598,3438,0,0,0,0,0,0,0,0,1299,-926,0,0,130
2555.84,0,0,0,0,100,5353,1.58042,0.0103744,1.60046,58,0,24,24,31,0,-2,0,0,0,49,3394,4202,1606,175,35,503,31941,29798,106,0,87,4,5.45076e+06,0,0,0,0,1,2071,0,0,1598,3440,0,0,0,0,0,0,0,0,1299,-904,0,0,130
2555.85,0,0,0,0,100,5344,1.58051,0.010361,1.60038,58,0,24,24,31,0,-2,0,0,0,49,3394,4202,1606,175,35,503,31941,29798,106,0,87,4,5.45076e+06,0,0,0,0,1,0,1904,0,1587,3440,0,0,0,0,0,0,0,0,1299,-904,0,0,130
2555.86,0,0,0,0,100,5342,1.58059,0.0103476,1.60029,58,0,24,24,31,0,-2,0,0,0,49,3387,4202,1584,175,35,503,31941,29798,106,0,87,4,5.36501e+06,0,0,0,0,1,0,191,1787,1557,3386,0,0,0,0,0,0,0,0,1299,-891,0,0,130
2555.87,0,0,0,0,100,5347,1.58068,0.0103343,1.6002,58,0,24,24,31,0,-2,0,0,0,49,3398,4202,1592,175,35,503,31941,29798,106,0,87,4,5.40962e+06,0,0,0,0,1,1583,0,557,1571,3456,0,0,0,0,0,0,0,0,1299,-928,0,0,130
2555.88,0,0,0,0,100,5357,1.58076,0.0103209,1.60012,58,0,24,24,31,0,-2,0,0,0,49,3398,4202,1606,175,35,503,31941,29798,106,0,87,4,5.45719e+06,0,0,0,0,1,1009,1203,0,1565,3427,0,0,0,0,0,0,0,0,1299,-984,0,0,130
2555.89,0,0,0,0,100,5367,1.58085,0.0103075,1.60003,58,0,24,24,31,0,-2,0,0,0,49,3398,4202,1606,175,35,503,31941,29798,106,0,87,4,5.45719e+06,0,0,0,0,1,0,1724,326,1573,3382,0,0,0,0,0,0,0,0,1299,-964,0,0,130
2555.9,0,0,0,0,100,5367,1.58094,0.0102941,1.59994,58,0,24,24,32,0,-2,0,0,0,50,3397,4202,1593,175,35,503,31989,29897,106,0,65,98,5.41142e+06,0,0,0,0,1,0,1724,326,1573,3365,0,0,0,0,0,0,0,0,1299,-970,0,0,130
2555.91,0,0,0,0,100,5363,1.58106,0.0102857,1.59991,58,0,24,24,32,0,-2,0,0,0,50,3397,4202,1603,175,35,503,31989,29897,106,0,65,98,5.44539e+06,0,0,0,0,1,0,0,2174,1588,3365,0,0,0,0,0,0,0,0,1299,-970,0,0,130
2555.92,0,0,0,0,100,5352,1.58119,0.0102773,1.59988,58,0,24,24,32,0,-2,0,0,0,50,3397,4202,1594,175,35,503,31989,29897,106,0,65,98,5.41482e+06,0,0,0,0,1,2228,0,0,1571,3386,0,0,0,0,0,0,0,0,1299,-951,0,0,130
2555.93,0,0,0,0,100,5351,1.58131,0.0102689,1.59985,58,0,24,24,32,0,-2,0,0,0,50,3397,4202,1594,175,35,503,31989,29897,106,0,65,98,5.41482e+06,0,0,0,0,1,0,2105,0,1554,3458,0,0,0,0,0,0,0,0,1299,-924,0,0,130
2555.94,0,0,0,0,100,5366,1.58143,0.0102605,1.59982,58,0,24,24,32,0,-2,0,0,0,50,3393,4202,1589,175,35,503,31989,29897,106,0,65,98,5.39148e+06,0,0,0,0,1,0,287,1697,1548,3397,0,0,0,0,0,0,0,0,1299,-885,0,0,130
2555.95,0,0,0,0,100,5377,1.58156,0.0102521,1.59978,58,0,24,24,32,0,-2,0,0,0,50,3400,4202,1595,175,35,503,31989,29897,106,0,65,98,5.423e+06,0,0,0,0,1,933,0,1268,1577,3438,0,0,0,0,0,0,0,0,1299,-992,0,0,130
2555.96,0,0,0,0,100,5377,1.58168,0.0102436,1.59975,58,0,24,24,32,0,-2,0,0,0,50,3400,4202,1612,175,35,503,31989,29897,106,0,65,98,5.4808e+06,0,0,0,0,1,933,0,1268,1577,3438,0,0,0,0,0,0,0,0,1299,-899,0,0,130
2555.97,0,0,0,0,100,5372,1.58181,0.0102352,1.59972,58,0,24,24,32,0,-2,0,0,0,50,3400,4202,1612,175,35,503,31989,29897,106,0,65,98,5.4808e+06,0,0,0,0,1,2231,0,0,1584,3382,0,0,0,0,0,0,0,0,1299,-899,0,0,130
2555.98,0,0,0,0,100,5365,1.58193,0.0102268,1.59969,58,0,24,24,32,0,-2,0,0,0,50,3394,4202,1577,175,35,503,31989,29897,106,0,65,98,5.35234e+06,0,0,0,0,1,0,2203,0,1568,3451,0,0,0,0,0,0,0,0,1299,-946,0,0,130
2555.99,0,0,0,0,100,5364,1.58206,0.0102184,1.59966,58,0,24,24,32,0,-2,0,0,0,50,3394,4202,1577,175,35,503,31989,29897,106,0,65,98,5.35234e+06,0,0,0,0,1,0,0,1996,1556,3393,0,0,0,0,0,0,0,0,1299,-881,0,0,130
2556,0,0,0,0,100,5374,1.58218,0.01021,1.59963,58,0,24,24,32,0,-2,0,0,0,49,3394,4202,1588,175,35,503,31974,29946,106,0,68,4,5.38967e+06,0,0,0,0,1,1413,0,774,1560,3430,0,0,0,0,0,0,0,0,1299,-930,0,0,130
2556.01,0,0,0,0,100,5381,1.58194,0.0102283,1.59968,58,0,24,24,32,0,-2,0,0,0,49,3394,4202,1588,175,35,503,31974,29946,106,0,68,4,5.38967e+06,0,0,0,0,1,1708,236,0,1571,3399,0,0,0,0,0,0,0,0,1299,-911,0,0,130
2556.02,0,0,0,0,100,5381,1.5817,0.0102465,1.59972,58,0,24,24,32,0,-2,0,0,0,49,3394,4202,1608,175,35,503,31974,29946,106,0,68,4,5.45755e+06,0,0,0,0,1,1708,236,0,1571,3447,0,0,0,0,0,0,0,0,1299,-940,0,0,130
2556.03,0,0,0,0,100,5385,1.58146,0.0102648,1.59977,58,0,24,24,32,0,-2,0,0,0,49,3394,4202,1598,175,35,503,31974,29946,106,0,68,4,5.42361e+06,0,0,0,0,1,0,2220,0,1577,3447,0,0,0,0,0,0,0,0,1299,-940,0,0,130
2556.04,0,0,0,0,100,5384,1.58122,0.0102831,1.59982,58,0,24,24,32,0,-2,0,0,0,49,3394,4202,1590,175,35,503,31974,29946,106,0,68,4,5.39646e+06,0,0,0,0,1,0,357,1705,1587,3391,0,0,0,0,0,0,0,0,1299,-932,0,0,130
2556.05,0,0,0,0,100,5373,1.58098,0.0103013,1.59987,58,0,24,24,32,0,-2,0,0,0,49,3394,4202,1590,175,35,503,31974,29946,106,0,68,4,5.39646e+06,0,0,0,0,1,950,0,1270,1579,3451,0,0,0,0,0,0,0,0,1299,-997,0,0,130
2556.06,0,0,0,0,100,5378,1.58074,0.0103196,1.59992,58,0,24,24,32,0,-2,0,0,0,49,3391,4202,1578,175,35,503,31974,29946,106,0,68,4,5.351e+06,0,0,0,0,1,2041,0,0,1553,3401,0,0,0,0,0,0,0,0,1299,-917,0,0,130
2556.07,0,0,0,0,100,5392,1.58049,0.0103379,1.59997,58,0,24,24,32,0,-2,0,0,0,49,3391,4202,1584,175,35,503,31974,29946,106,0,68,4,5.37134e+06,0,0,0,0,1,0,1894,0,1556,3434,0,0,0,0,0,0,0,0,1299,-850,0,0,130
2556.08,0,0,0,0,100,5392,1.58025,0.0103562,1.60001,58,0,24,24,32,0,-2,0,0,0,49,3391,4202,1595,175,35,503,31974,29946,106,0,68,4,5.40864e+06,0,0,0,0,1,0,1894,0,1556,3365,0,0,0,0,0,0,0,0,1299,-982,0,0,130
2556.09,0,0,0,0,100,5400,1.58001,0.0103744,1.60006,58,0,24,24,32,0,-2,0,0,0,49,3391,4202,1595,175,35,503,31974,29946,106,0,68,4,5.40864e+06,0,0,0,0,1,0,1376,791,1582,3365,0,0,0,0,0,0,0,0,1299,-982,0,0,130
2556.1,0,0,0,0,100,5398,1.57977,0.0103927,1.60011,58,0,24,24,32,0,-2,0,0,0,50,3396,4202,1594,175,35,503,31946,29885,106,0,64,98,5.41322e+06,0,0,0,0,1,0,0,2206,1586,3389,0,0,0,0,0,0,0,0,1299,-940,0,0,130
2556.11,0,0,0,0,100,5389,1.58007,0.0103857,1.60007,58,0,24,24,32,0,-2,0,0,0,50,3396,4202,1577,175,35,503,31946,29885,106,0,64,98,5.35549e+06,0,0,0,0,1,1692,0,367,1570,3481,0,0,0,0,0,0,0,0,1299,-912,0,0,130
2556.12,0,0,0,0,100,5396,1.58036,0.0103786,1.60002,58,0,24,24,32,0,-2,0,0,0,50,3396,4202,1566,175,35,503,31946,29885,106,0,64,98,5.31814e+06,0,0,0,0,1,1639,314,0,1548,3412,0,0,0,0,0,0,0,0,1299,-908,0,0,130
2556.13,0,0,0,0,100,5403,1.58066,0.0103715,1.59998,58,0,24,24,32,0,-2,0,0,0,50,3396,4202,1566,175,35,503,31946,29885,106,0,64,98,5.31814e+06,0,0,0,0,1,0,2099,0,1563,3447,0,0,0,0,0,0,0,0,1299,-914,0,0,130
2556.14,0,0,0,0,100,5403,1.58096,0.0103645,1.59994,58,0,24,24,32,0,-2,0,0,0,50,3396,4202,1605,175,35,503,31946,29885,106,0,64,98,5.45058e+06,0,0,0,0,1,0,2099,0,1563,3419,0,0,0,0,0,0,0,0,1299,-980,0,0,130
2556.15,0,0,0,0,100,5410,1.58125,0.0103574,1.5999,58,0,24,24,32,0,-2,0,0,0,50,3396,4202,1609,175,35,503,31946,29885,106,0,64,98,5.46416e+06,0,0,0,0,1,0,1253,975,1569,3419,0,0,0,0,0,0,0,0,1299,-980,0,0,130
2556.16,0,0,0,0,100,5416,1.58155,0.0103503,1.59985,58,0,24,24,32,0,-2,0,0,0,50,3396,4202,1594,175,35,503,31946,29885,106,0,64,98,5.41322e+06,0,0,0,0,1,0,0,2143,1578,3401,0,0,0,0,0,0,0,0,1299,-924,0,0,130
2556.17,0,0,0,0,100,5412,1.58184,0.0103433,1.59981,58,0,24,24,32,0,-2,0,0,0,50,3396,4202,1594,175,35,503,31946,29885,106,0,64,98,5.41322e+06,0,0,0,0,1,1071,0,1160,1584,3440,0,0,0,0,0,0,0,0,1299,-1015,0,0,130
2556.18,0,0,0,0,100,5408,1.58214,0.0103362,1.59977,58,0,24,24,32,0,-2,0,0,0,50,3396,4202,1582,175,35,503,31946,29885,106,0,64,98,5.37247e+06,0,0,0,0,1,2198,0,0,1562,3375,0,0,0,0,0,0,0,0,1299,-946,0,0,130
2556.19,0,0,0,0,100,5410,1.58244,0.0103291,1.59973,58,0,24,24,32,0,-2,0,0,0,50,3396,4202,1578,175,35,503,31946,29885,106,0,64,98,5.35889e+06,0,0,0,0,1,892,1302,0,1557,3434,0,0,0,0,0,0,0,0,1299,-905,0,0,130
2556.2,0,0,0,0,100,5410,1.58273,0.0103221,1.59968,58,0,24,24,31,0,-2,0,0,0,49,3396,4202,1579,175,35,503,31946,29885,106,0,64,98,5.36228e+06,0,0,0,0,1,892,1302,0,1557,3449,0,0,0,0,0,0,0,0,1299,-853,0,0,130
2556.21,0,0,0,0,100,5423,1.58285,0.0103202,1.59971,58,0,24,24,31,0,-2,0,0,0,49,3396,4202,1579,175,35,503,31946,29885,106,0,64,98,5.36228e+06,0,0,0,0,1,0,2135,0,1549,3449,0,0,0,0,0,0,0,0,1299,-853,0,0,130
2556.22,0,0,0,0,100,5432,1.58296,0.0103183,1.59973,58,0,24,24,31,0,-2,0,0,0,49,3398,4202,1601,175,35,503,31946,29885,106,0,64,98,5.4402e+06,0,0,0,0,1,0,2183,0,1589,3434,0,0,0,0,0,0,0,0,1299,-936,0,0,130
2556.23,0,0,0,0,100,5426,1.58308,0.0103164,1.59976,58,0,24,24,31,0,-2,0,0,0,49,3398,4202,1578,175,35,503,31946,29885,106,0,64,98,5.36204e+06,0,0,0,0,1,0,0,2004,1571,3442,0,0,0,0,0,0,0,0,1299,-895,0,0,130
2556.24,0,0,0,0,100,5424,1.5832,0.0103146,1.59978,58,0,24,24,31,0,-2,0,0,0,49,3397,4202,1577,175,35,503,31946,29885,106,0,64,98,5.35707e+06,0,0,0,0,1,0,0,2156,1558,3395,0,0,0,0,0,0,0,0,1299,-943,0,0,130
2556.25,0,0,0,0,100,5424,1.58331,0.0103127,1.59981,58,0,24,24,31,0,-2,0,0,0,49,3397,4202,1577,175,35,503,31946,29885,106,0,64,98,5.35707e+06,0,0,0,0,1,1286,0,928,1553,3419,0,0,0,0,0,0,0,0,1299,-960,0,0,130
2556.26,0,0,0,0,100,5424,1.58343,0.0103108,1.59983,58,0,24,24,31,0,-2,0,0,0,49,3399,4202,1588,175,35,503,31946,29885,106,0,64,98,5.39761e+06,0,0,0,0,1,1286,0,928,1553,3412,0,0,0,0,0,0,0,0,1299,-919,0,0,130
2556.27,0,0,0,0,100,5432,1.58354,0.0103089,1.59986,58,0,24,24,31,0,-2,0,0,0,49,3399,4202,1603,175,35,503,31946,29885,106,0,64,98,5.4486e+06,0,0,0,0,1,2145,0,0,1554,3412,0,0,0,0,0,0,0,0,1299,-919,0,0,130
2556.28,0,0,0,0,100,5439,1.58366,0.0103071,1.59988,58,0,24,24,31,0,-2,0,0,0,49,3399,4202,1599,175,35,503,31946,29885,106,0,64,98,5.435e+06,0,0,0,0,1,1657,301,0,1562,3410,0,0,0,0,0,0,0,0,1299,-901,0,0,130
2556.29,0,0,0,0,100,5445,1.58378,0.0103052,1.59991,58,0,24,24,31,0,-2,0,0,0,49,3399,4202,1599,175,35,503,31946,29885,106,0,64,98,5.435e+06,0,0,0,0,1,547,1558,0,1569,3451,0,0,0,0,0,0,0,0,1299,-891,0,0,130
2556.3,0,0,0,0,100,5442,1.58389,0.0103033,1.59994,58,0,24,24,32,0,-2,0,0,0,49,3397,4202,1578,175,35,503,32006,29876,106,0,87,98,5.36047e+06,0,0,0,0,1,0,2200,0,1583,3438,0,0,0,0,0,0,0,0,1299,-942,0,0,130
2556.31,0,0,0,0,100,5433,1.58341,0.0102901,1.59966,58,0,24,24,32,0,-2,0,0,0,49,3396,4202,1573,175,35,503,32006,29876,106,0,87,98,5.34191e+06,0,0,0,0,1,0,1437,736,1564,3391,0,0,0,0,0,0,0,0,1299,-952,0,0,130
2556.32,0,0,0,0,100,5433,1.58292,0.0102769,1.59939,58,0,24,24,32,0,-2,0,0,0,49,3396,4202,1573,175,35,503,32006,29876,106,0,87,98,5.34191e+06,0,0,0,0,1,0,1437,736,1564,3393,0,0,0,0,0,0,0,0,1299,-872,0,0,130
2556.33,0,0,0,0,100,5438,1.58244,0.0102637,1.59912,58,0,24,24,32,0,-2,0,0,0,49,3396,4202,1573,175,35,503,32006,29876,106,0,87,98,5.34191e+06,0,0,0,0,1,0,0,1819,1548,3393,0,0,0,0,0,0,0,0,1299,-872,0,0,130
2556.34,0,0,0,0,100,5451,1.58196,0.0102505,1.59884,58,0,24,24,32,0,-2,0,0,0,49,3399,4202,1590,175,35,503,32006,29876,106,0,87,98,5.40441e+06,0,0,0,0,1,0,0,2159,1556,3369,0,0,0,0,0,0,0,0,1299,-916,0,0,130
2556.35,0,0,0,0,100,5457,1.58147,0.0102373,1.59857,58,0,24,24,32,0,-2,0,0,0,49,3399,4202,1599,175,35,503,32006,29876,106,0,87,98,5.435e+06,0,0,0,0,1,339,0,1655,1573,3399,0,0,0,0,0,0,0,0,1299,-937,0,0,130
2556.36,0,0,0,0,100,5452,1.58099,0.0102241,1.59829,58,0,24,24,32,0,-2,0,0,0,49,3392,4202,1598,175,35,503,32006,29876,106,0,87,98,5.42042e+06,0,0,0,0,1,1423,0,754,1575,3421,0,0,0,0,0,0,0,0,1299,-922,0,0,130
2556.37,0,0,0,0,100,5448,1.5805,0.0102109,1.59802,58,0,24,24,32,0,-2,0,0,0,49,3392,4202,1598,175,35,503,32006,29876,106,0,87,98,5.42042e+06,0,0,0,0,1,2106,0,0,1557,3440,0,0,0,0,0,0,0,0,1299,-887,0,0,130
2556.38,0,0,0,0,100,5448,1.58002,0.0101977,1.59775,58,0,24,24,32,0,-2,0,0,0,49,3397,4196,1575,175,35,503,32006,29876,106,0,87,98,5.35028e+06,0,0,0,0,1,2106,0,0,1557,3415,0,0,0,0,0,0,0,0,1299,-894,0,0,130
2556.39,0,0,0,0,100,5453,1.57954,0.0101845,1.59747,58,0,24,24,32,0,-2,0,0,0,49,3397,4196,1589,175,35,503,32006,29876,106,0,87,98,5.39783e+06,0,0,0,0,1,1977,0,0,1545,3415,0,0,0,0,0,0,0,0,1299,-894,0,0,130
2556.4,0,0,0,0,100,5457,1.57905,0.0101713,1.5972,58,0,24,24,31,0,-2,0,0,0,49,3397,4196,1601,175,35,503,31982,29937,106,0,65,4,5.4386e+06,0,0,0,0,1,1220,972,0,1551,3423,0,0,0,0,0,0,0,0,1299,-964,0,0,130
2556.41,0,0,0,0,100,5467,1.57871,0.0101823,1.59728,58,0,24,24,31,0,-2,0,0,0,49,3397,4196,1601,175,35,503,31982,29937,106,0,65,4,5.4386e+06,0,0,0,0,1,536,1549,0,1557,3449,0,0,0,0,0,0,0,0,1299,-872,0,0,130
2556.42,0,0,0,0,100,5472,1.57837,0.0101933,1.59736,58,0,24,24,31,0,-2,0,0,0,49,3398,4196,1573,175,35,503,31982,29937,106,0,65,4,5.34505e+06,0,0,0,0,1,0,1929,0,1567,3442,0,0,0,0,0,0,0,0,1299,-867,0,0,130
2556.43,0,0,0,0,100,5463,1.57802,0.0102043,1.59744,58,0,24,24,31,0,-2,0,0,0,49,3389,4196,1566,175,35,503,31982,29937,106,0,65,4,5.30717e+06,0,0,0,0,1,0,2193,0,1573,3432,0,0,0,0,0,0,0,0,1299,-943,0,0,130
2556.44,0,0,0,0,100,5463,1.57768,0.0102153,1.59752,58,0,24,24,31,0,-2,0,0,0,49,3389,4196,1576,175,35,503,31982,29937,106,0,65,4,5.34106e+06,0,0,0,0,1,0,2193,0,1573,3393,0,0,0,0,0,0,0,0,1299,-947,0,0,130
2556.45,0,0,0,0,100,5460,1.57734,0.0102263,1.5976,58,0,24,24,31,0,-2,0,0,0,49,3389,4196,1576,175,35,503,31982,29937,106,0,65,4,5.34106e+06,0,0,0,0,1,0,1771,176,1556,3393,0,0,0,0,0,0,0,0,1299,-947,0,0,130
2556.46,0,0,0,0,100,5466,1.57699,0.0102373,1.59768,58,0,24,24,31,0,-2,0,0,0,49,3404,4196,1582,175,35,503,31982,29937,106,0,65,4,5.38513e+06,0,0,0,0,1,0,1064,1110,1549,3432,0,0,0,0,0,0,0,0,1299,-957,0,0,130
2556.47,0,0,0,0,100,5481,1.57665,0.0102483,1.59776,58,0,24,24,31,0,-2,0,0,0,49,3404,4196,1597,175,35,503,31982,29937,106,0,65,4,5.43619e+06,0,0,0,0,1,0,1467,624,1554,3371,0,0,0,0,0,0,0,0,1299,-898,0,0,130
2556.48,0,0,0,0,100,5482,1.57631,0.0102593,1.59784,58,0,24,24,31,0,-2,0,0,0,49,3399,4196,1597,175,35,503,31982,29937,106,0,65,4,5.4282e+06,0,0,0,0,1,0,296,1713,1582,3382,0,0,0,0,0,0,0,0,1299,-900,0,0,130
2556.49,0,0,0,0,100,5475,1.57596,0.0102703,1.59792,58,0,24,24,31,0,-2,0,0,0,49,3399,4196,1597,175,35,503,31982,29937,106,0,65,4,5.4282e+06,0,0,0,0,1,0,0,1995,1566,3404,0,0,0,0,0,0,0,0,1299,-862,0,0,130
2556.5,0,0,0,0,100,5475,1.57562,0.0102813,1.598,58,0,24,24,31,0,-2,0,0,0,50,3393,4196,1572,175,35,503,31960,29786,105,0,65,98,5.3338e+06,0,0,0,0,1,0,0,1995,1566,3410,0,0,0,0,0,0,0,0,1299,-903,0,0,130
2556.51,0,0,0,0,100,5477,1.57555,0.0102776,1.59795,58,0,24,24,31,0,-2,0,0,0,50,3393,4196,1566,175,35,503,31960,29786,105,0,65,98,5.31344e+06,0,0,0,0,1,0,0,2119,1553,3410,0,0,0,0,0,0,0,0,1299,-903,0,0,130
2556.52,0,0,0,0,100,5480,1.57548,0.010274,1.5979,58,0,24,24,31,0,-2,0,0,0,50,3393,4196,1573,175,35,503,31960,29786,105,0,65,98,5.33719e+06,0,0,0,0,1,0,0,2133,1549,3382,0,0,0,0,0,0,0,0,1299,-913,0,0,130
2556.53,0,0,0,0,100,5489,1.57541,0.0102703,1.59785,58,0,24,24,31,0,-2,0,0,0,50,3393,4196,1573,175,35,503,31960,29786,105,0,65,98,5.33719e+06,0,0,0,0,1,0,0,1995,1549,3371,0,0,0,0,0,0,0,0,1299,-907,0,0,130
2556.54,0,0,0,0,100,5495,1.57534,0.0102667,1.59779,58,0,24,24,31,0,-2,0,0,0,50,3398,4196,1587,175,35,503,31960,29786,105,0,65,98,5.39263e+06,0,0,0,0,1,0,0,1940,1565,3360,0,0,0,0,0,0,0,0,1299,-897,0,0,130
2556.55,0,0,0,0,100,5497,1.57526,0.010263,1.59774,58,0,24,24,31,0,-2,0,0,0,50,3388,4196,1578,175,35,503,31960,29786,105,0,65,98,5.34626e+06,0,0,0,0,1,0,0,1916,1571,3365,0,0,0,0,0,0,0,0,1299,-916,0,0,130
2556.56,0,0,0,0,100,5497,1.57519,0.0102594,1.59769,58,0,24,24,31,0,-2,0,0,0,50,3388,4196,1578,175,35,503,31960,29786,105,0,65,98,5.34626e+06,0,0,0,0,1,0,0,1916,1571,3380,0,0,0,0,0,0,0,0,1299,-920,0,0,130
2556.57,0,0,0,0,100,5490,1.57512,0.0102557,1.59764,58,0,24,24,31,0,-2,0,0,0,50,3388,4196,1578,175,35,503,31960,29786,105,0,65,98,5.34626e+06,0,0,0,0,1,61,0,1797,1568,3380,0,0,0,0,0,0,0,0,1299,-920,0,0,130
2556.58,0,0,0,0,100,5490,1.57505,0.010252,1.59758,58,0,24,24,31,0,-2,0,0,0,50,3398,4196,1573,175,35,503,31960,29786,105,0,65,98,5.34505e+06,0,0,0,0,1,366,0,1635,1549,3425,0,0,0,0,0,0,0,0,1299,-925,0,0,130
2556.59,0,0,0,0,100,5500,1.57498,0.0102484,1.59753,58,0,24,24,31,0,-2,0,0,0,50,3398,4196,1581,175,35,503,31960,29786,105,0,65,98,5.37224e+06,0,0,0,0,1,339,0,1617,1539,3419,0,0,0,0,0,0,0,0,1299,-900,0,0,130
2556.6,0,0,0,0,100,5510,1.57491,0.0102447,1.59748,58,0,24,24,32,0,-2,0,0,0,50,3401,4196,1577,175,35,503,32006,29807,105,0,65,4,5.36338e+06,0,0,0,0,1,0,0,1797,1562,3375,0,0,0,0,0,0,0,0,1299,-885,0,0,130
2556.61,0,0,0,0,100,5508,1.57484,0.0102391,1.5974,58,0,24,24,32,0,-2,0,0,0,50,3401,4196,1577,175,35,503,32006,29807,105,0,65,4,5.36338e+06,0,0,0,0,1,0,0,1926,1566,3365,0,0,0,0,0,0,0,0,1299,-890,0,0,130
2556.62,0,0,0,0,100,5508,1.57476,0.0102334,1.59732,58,0,24,24,32,0,-2,0,0,0,50,3400,4196,1587,175,35,503,32006,29807,105,0,65,4,5.3958e+06,0,0,0,0,1,0,0,1926,1566,3374,0,0,0,0,0,0,0,0,1299,-927,0,0,130
2556.63,0,0,0,0,100,5506,1.57469,0.0102277,1.59723,58,0,24,24,32,0,-2,0,0,0,50,3400,4196,1557,175,35,503,32006,29807,105,0,65,4,5.2938e+06,0,0,0,0,1,0,0,2045,1565,3374,0,0,0,0,0,0,0,0,1299,-927,0,0,130
2556.64,0,0,0,0,100,5507,1.57462,0.0102221,1.59715,58,0,24,24,32,0,-2,0,0,0,50,3400,4196,1557,175,35,503,32006,29807,105,0,65,4,5.2938e+06,0,0,0,0,1,0,0,2121,1546,3375,0,0,0,0,0,0,0,0,1299,-907,0,0,130
2556.65,0,0,0,0,100,5511,1.57454,0.0102164,1.59707,58,0,24,24,32,0,-2,0,0,0,50,3400,4196,1557,175,35,503,32006,29807,105,0,65,4,5.2938e+06,0,0,0,0,1,0,0,2153,1546,3391,0,0,0,0,0,0,0,0,1299,-899,0,0,130
2556.66,0,0,0,0,100,5515,1.57447,0.0102108,1.59699,58,0,24,24,32,0,-2,0,0,0,50,3394,4196,1587,175,35,503,32006,29807,105,0,65,4,5.38628e+06,0,0,0,0,1,0,0,2121,1549,3412,0,0,0,0,0,0,0,0,1299,-874,0,0,130
2556.67,0,0,0,0,100,5525,1.5744,0.0102051,1.59691,58,0,24,24,32,0,-2,0,0,0,50,3397,4196,1590,175,35,503,32006,29807,105,0,65,4,5.40123e+06,0,0,0,0,1,0,0,1885,1555,3391,0,0,0,0,0,0,0,0,1299,-846,0,0,130
2556.68,0,0,0,0,100,5525,1.57433,0.0101994,1.59683,58,0,24,24,32,0,-2,0,0,0,50,3397,4196,1587,175,35,503,32006,29807,105,0,65,4,5.39104e+06,0,0,0,0,1,0,0,1885,1555,3427,0,0,0,0,0,0,0,0,1299,-873,0,0,130
2556.69,0,0,0,0,100,5524,1.57425,0.0101938,1.59675,58,0,24,24,32,0,-2,0,0,0,50,3397,4196,1587,175,35,503,32006,29807,105,0,65,4,5.39104e+06,0,0,0,0,1,0,484,1592,1569,3427,0,0,0,0,0,0,0,0,1299,-873,0,0,130
2556.7,0,0,0,0,100,5518,1.57418,0.0101881,1.59667,58,0,24,24,32,0,-2,0,0,0,51,3393,4196,1578,175,35,503,31905,29740,106,0,68,4,5.35415e+06,0,0,0,0,1,0,896,1291,1558,3430,0,0,0,0,0,0,0,0,1299,-923,0,0,130
2556.71,0,0,0,0,100,5518,1.57433,0.0102059,1.59656,58,0,24,24,32,0,-2,0,0,0,51,3393,4196,1567,175,35,503,31905,29740,106,0,68,4,5.31683e+06,0,0,0,0,1,0,1244,903,1548,3421,0,0,0,0,0,0,0,0,1299,-869,0,0,130
2556.72,0,0,0,0,100,5527,1.57448,0.0102236,1.59646,58,0,24,24,32,0,-2,0,0,0,51,3400,4196,1566,175,35,503,31905,29740,106,0,68,4,5.3244e+06,0,0,0,0,1,0,1865,0,1541,3436,0,0,0,0,0,0,0,0,1299,-830,0,0,130
2556.73,0,0,0,0,100,5536,1.57462,0.0102414,1.59635,58,0,24,24,32,0,-2,0,0,0,51,3400,4196,1566,175,35,503,31905,29740,106,0,68,4,5.3244e+06,0,0,0,0,1,0,2170,0,1559,3434,0,0,0,0,0,0,0,0,1299,-859,0,0,130
2556.74,0,0,0,0,100,5536,1.57477,0.0102592,1.59624,58,0,24,24,32,0,-2,0,0,0,51,3400,4194,1581,175,35,503,31905,29740,106,0,68,4,5.3754e+06,0,0,0,0,1,0,2170,0,1559,3447,0,0,0,0,0,0,0,0,1299,-873,0,0,130
2556.75,0,0,0,0,100,5534,1.57492,0.0102769,1.59614,58,0,24,24,32,0,-2,0,0,0,51,3397,4194,1577,175,35,503,31905,29740,106,0,68,4,5.35707e+06,0,0,0,0,1,0,1974,0,1552,3447,0,0,0,0,0,0,0,0,1299,-873,0,0,130
2556.76,0,0,0,0,100,5534,1.57507,0.0102947,1.59603,58,0,24,24,32,0,-2,0,0,0,51,3397,4194,1577,175,35,503,31905,29740,106,0,68,4,5.35707e+06,0,0,0,0,1,1315,769,0,1542,3425,0,0,0,0,0,0,0,0,1299,-911,0,0,130
2556.77,0,0,0,0,100,5531,1.57522,0.0103125,1.59593,58,0,24,24,32,0,-2,0,0,0,51,3397,4194,1577,175,35,503,31905,29740,106,0,68,4,5.35707e+06,0,0,0,0,1,1889,0,0,1546,3415,0,0,0,0,0,0,0,0,1299,-846,0,0,130
2556.78,0,0,0,0,100,5529,1.57536,0.0103302,1.59582,58,0,24,24,32,0,-2,0,0,0,51,3396,4194,1570,175,35,503,31905,29740,106,0,68,4,5.33172e+06,0,0,0,0,1,2167,0,0,1546,3374,0,0,0,0,0,0,0,0,1299,-911,0,0,130
2556.79,0,0,0,0,100,5535,1.57551,0.010348,1.59571,58,0,24,24,32,0,-2,0,0,0,51,3396,4194,1592,175,35,503,31905,29740,106,0,68,4,5.40643e+06,0,0,0,0,1,1962,0,0,1545,3451,0,0,0,0,0,0,0,0,1299,-839,0,0,130
2556.8,0,0,0,0,100,5535,1.57566,0.0103657,1.59561,58,0,24,24,32,0,-2,0,0,0,50,3396,4194,1584,175,35,503,32054,29747,105,0,87,4,5.37926e+06,0,0,0,0,1,1962,0,0,1545,3447,0,0,0,0,0,0,0,0,1299,-872,0,0,130
2556.81,0,0,0,0,100,5537,1.57553,0.0103625,1.59552,58,0,24,24,32,0,-2,0,0,0,50,3396,4194,1584,175,35,503,32054,29747,105,0,87,4,5.37926e+06,0,0,0,0,1,1438,0,665,1546,3447,0,0,0,0,0,0,0,0,1299,-872,0,0,130
2556.82,0,0,0,0,100,5529,1.57539,0.0103592,1.59542,58,0,24,24,32,0,-2,0,0,0,50,3400,4194,1570,175,35,503,32054,29747,105,0,87,4,5.338e+06,0,0,0,0,1,889,0,1278,1566,3447,0,0,0,0,0,0,0,0,1299,-964,0,0,130
2556.83,0,0,0,0,100,5515,1.57526,0.0103559,1.59533,58,0,24,24,32,0,-2,0,0,0,50,3400,4194,1561,175,35,503,32054,29747,105,0,87,4,5.3074e+06,0,0,0,0,1,382,0,1623,1549,3416,0,0,0,0,0,0,0,0,1299,-931,0,0,130
2556.84,0,0,0,0,100,5513,1.57513,0.0103526,1.59524,58,0,24,24,32,0,-2,0,0,0,50,3397,4194,1561,175,35,503,32054,29747,105,0,87,4,5.30272e+06,0,0,0,0,1,0,0,1791,1522,3395,0,0,0,0,0,0,0,0,1299,-877,0,0,130
2556.85,0,0,0,0,100,5518,1.57499,0.0103494,1.59515,58,0,24,24,32,0,-2,0,0,0,50,3397,4194,1561,175,35,503,32054,29747,105,0,87,4,5.30272e+06,0,0,0,0,1,0,0,2055,1545,3380,0,0,0,0,0,0,0,0,1299,-911,0,0,130
2556.86,0,0,0,0,100,5518,1.57486,0.0103461,1.59506,58,0,24,24,32,0,-2,0,0,0,50,3400,4194,1578,175,35,503,32054,29747,105,0,87,4,5.3652e+06,0,0,0,0,1,0,0,2055,1545,3389,0,0,0,0,0,0,0,0,1299,-904,0,0,130
2556.87,0,0,0,0,100,5516,1.57473,0.0103428,1.59497,58,0,24,24,32,0,-2,0,0,0,50,3400,4194,1576,175,35,503,32054,29747,105,0,87,4,5.3584e+06,0,0,0,0,1,0,0,2168,1543,3389,0,0,0,0,0,0,0,0,1299,-904,0,0,130
2556.88,0,0,0,0,100,5510,1.57459,0.0103395,1.59487,58,0,24,24,32,0,-2,0,0,0,50,3400,4194,1581,175,35,503,32054,29747,105,0,87,4,5.3754e+06,0,0,0,0,1,0,0,2182,1553,3397,0,0,0,0,0,0,0,0,1299,-909,0,0,130
2556.89,0,0,0,0,100,5498,1.57446,0.0103362,1.59478,58,0,24,24,32,0,-2,0,0,0,50,3400,4194,1581,175,35,503,32054,29747,105,0,87,4,5.3754e+06,0,0,0,0,1,0,0,2159,1541,3397,0,0,0,0,0,0,0,0,1299,-887,0,0,130
2556.9,0,0,0,0,100,5493,1.57433,0.010333,1.59469,58,0,24,24,32,0,-2,0,0,0,50,3396,4193,1549,175,35,503,31995,29679,106,0,87,4,5.2604e+06,0,0,0,0,1,0,0,2160,1535,3404,0,0,0,0,0,0,0,0,1299,-896,0,0,130
2556.91,0,0,0,0,100,5490,1.5743,0.0103308,1.59467,58,0,24,24,32,0,-2,0,0,0,50,3396,4193,1577,175,35,503,31995,29679,106,0,87,4,5.35549e+06,0,0,0,0,1,0,2123,0,1536,3449,0,0,0,0,0,0,0,0,1299,-902,0,0,130
2556.92,0,0,0,0,100,5497,1.57428,0.0103286,1.59464,58,0,24,24,32,0,-2,0,0,0,50,3408,4193,1578,175,35,503,31995,29679,106,0,87,4,5.37782e+06,0,0,0,0,1,0,845,1333,1539,3432,0,0,0,0,0,0,0,0,1299,-924,0,0,130
2556.93,0,0,0,0,100,5502,1.57426,0.0103263,1.59462,58,0,24,24,32,0,-2,0,0,0,50,3408,4193,1578,175,35,503,31995,29679,106,0,87,4,5.37782e+06,0,0,0,0,1,0,859,1333,1560,3425,0,0,0,0,0,0,0,0,1299,-947,0,0,130
2556.94,0,0,0,0,100,5502,1.57423,0.0103241,1.59459,58,0,24,24,32,0,-2,0,0,0,50,3395,4193,1567,175,35,503,31995,29679,106,0,87,4,5.31996e+06,0,0,0,0,1,0,859,1333,1560,3425,0,0,0,0,0,0,0,0,1299,-947,0,0,130
2556.95,0,0,0,0,100,5491,1.57421,0.0103219,1.59457,58,0,24,24,32,0,-2,0,0,0,50,3395,4193,1559,175,35,503,31995,29679,106,0,87,4,5.2928e+06,0,0,0,0,1,0,763,1439,1574,3436,0,0,0,0,0,0,0,0,1299,-968,0,0,130
2556.96,0,0,0,0,100,5482,1.57419,0.0103197,1.59454,58,0,24,24,32,0,-2,0,0,0,50,3395,4193,1556,175,35,503,31995,29679,106,0,87,4,5.28262e+06,0,0,0,0,1,0,271,1703,1564,3399,0,0,0,0,0,0,0,0,1299,-964,0,0,130
2556.97,0,0,0,0,100,5483,1.57416,0.0103175,1.59452,58,0,24,24,32,0,-2,0,0,0,50,3395,4193,1556,175,35,503,31995,29679,106,0,87,4,5.28262e+06,0,0,0,0,1,0,0,1875,1538,3395,0,0,0,0,0,0,0,0,1299,-894,0,0,130
2556.98,0,0,0,0,100,5495,1.57414,0.0103153,1.59449,58,0,24,24,32,0,-2,0,0,0,50,3399,4193,1556,175,35,503,31995,29679,106,0,87,4,5.28884e+06,0,0,0,0,1,0,0,1922,1549,3384,0,0,0,0,0,0,0,0,1299,-886,0,0,130
2556.99,0,0,0,0,100,5499,1.57412,0.0103131,1.59447,58,0,24,24,32,0,-2,0,0,0,50,3399,4191,1572,175,35,503,31995,29679,106,0,87,4,5.34323e+06,0,0,0,0,1,0,0,1916,1565,3399,0,0,0,0,0,0,0,0,1299,-867,0,0,130
2557,0,0,0,0,100,5499,1.57409,0.0103109,1.59444,58,0,24,24,32,0,-2,0,0,0,50,3396,4191,1586,175,35,503,32022,29839,106,0,68,4,5.38606e+06,0,0,0,0,1,0,0,1916,1565,3399,0,0,0,0,0,0,0,0,1299,-867,0,0,130
2557.01,0,0,0,0,100,5499,1.57416,0.0102976,1.59432,58,0,24,24,32,0,-2,0,0,0,50,3396,4191,1586,175,35,503,32022,29839,106,0,68,4,5.38606e+06,0,0,0,0,1,0,0,1942,1571,3389,0,0,0,0,0,0,0,0,1299,-914,0,0,130
2557.02,0,0,0,0,100,5499,1.57422,0.0102844,1.59419,58,0,24,24,32,0,-2,0,0,0,50,3394,4191,1560,175,35,503,32022,29839,106,0,68,4,5.29464e+06,0,0,0,0,1,0,0,1948,1554,3404,0,0,0,0,0,0,0,0,1299,-885,0,0,130
2557.03,0,0,0,0,100,5497,1.57428,0.0102712,1.59406,58,0,24,24,32,0,-2,0,0,0,50,3394,4191,1556,175,35,503,32022,29839,106,0,68,4,5.28106e+06,0,0,0,0,1,0,0,2008,1565,3375,0,0,0,0,0,0,0,0,1299,-897,0,0,130
2557.04,0,0,0,0,100,5501,1.57435,0.0102579,1.59394,58,0,24,24,32,0,-2,0,0,0,50,3394,4191,1565,175,35,503,32022,29839,106,0,68,4,5.31161e+06,0,0,0,0,1,0,0,1973,1546,3378,0,0,0,0,0,0,0,0,1299,-862,0,0,130
2557.05,0,0,0,0,100,5515,1.57441,0.0102447,1.59381,58,0,24,24,32,0,-2,0,0,0,50,3394,4191,1565,175,35,503,32022,29839,106,0,68,4,5.31161e+06,0,0,0,0,1,0,49,1801,1557,3389,0,0,0,0,0,0,0,0,1299,-950,0,0,130
2557.06,0,0,0,0,100,5515,1.57448,0.0102314,1.59368,58,0,24,24,32,0,-2,0,0,0,50,3403,4189,1565,175,35,503,32022,29839,106,0,68,4,5.3257e+06,0,0,0,0,1,0,49,1801,1557,3389,0,0,0,0,0,0,0,0,1299,-950,0,0,130
2557.07,0,0,0,0,100,5519,1.57454,0.0102182,1.59356,58,0,24,24,32,0,-2,0,0,0,50,3403,4189,1562,175,35,503,32022,29839,106,0,68,4,5.31549e+06,0,0,0,0,1,0,576,1527,1567,3427,0,0,0,0,0,0,0,0,1299,-947,0,0,130
2557.08,0,0,0,0,100,5517,1.5746,0.0102049,1.59343,58,0,24,24,32,0,-2,0,0,0,50,3403,4189,1561,175,35,503,32022,29839,106,0,68,4,5.31208e+06,0,0,0,0,1,0,943,1289,1580,3416,0,0,0,0,0,0,0,0,1299,-947,0,0,130
2557.09,0,0,0,0,100,5511,1.57467,0.0101917,1.5933,58,0,24,24,32,0,-2,0,0,0,50,3403,4189,1561,175,35,503,32022,29839,106,0,68,4,5.31208e+06,0,0,0,0,1,0,1163,1002,1557,3423,0,0,0,0,0,0,0,0,1299,-876,0,0,130
2557.1,0,0,0,0,100,5517,1.57473,0.0101785,1.59317,58,0,24,24,32,0,-2,0,0,0,50,3396,4189,1553,175,35,503,31980,29993,105,0,64,4,5.27399e+06,0,0,0,0,1,2009,0,0,1541,3399,0,0,0,0,0,0,0,0,1299,-869,0,0,130
2557.11,0,0,0,0,100,5526,1.57436,0.010184,1.5931,58,0,24,24,32,0,-2,0,0,0,50,3396,4189,1550,175,35,503,31980,29993,105,0,64,4,5.2638e+06,0,0,0,0,1,1819,0,0,1549,3408,0,0,0,0,0,0,0,0,1299,-843,0,0,130
2557.12,0,0,0,0,100,5527,1.57399,0.0101895,1.59303,58,0,24,24,32,0,-2,0,0,0,50,3402,4189,1562,175,35,503,31980,29993,105,0,64,4,5.31392e+06,0,0,0,0,1,2151,0,0,1559,3360,0,0,0,0,0,0,0,0,1299,-916,0,0,130
2557.13,0,0,0,0,100,5527,1.57362,0.0101951,1.59295,58,0,24,24,32,0,-2,0,0,0,50,3402,4189,1562,175,35,503,31980,29993,105,0,64,4,5.31392e+06,0,0,0,0,1,2151,0,0,1559,3436,0,0,0,0,0,0,0,0,1299,-860,0,0,130
2557.14,0,0,0,0,100,5530,1.57325,0.0102006,1.59288,58,0,24,24,32,0,-2,0,0,0,50,3402,4189,1553,175,35,503,31980,29993,105,0,64,4,5.28331e+06,0,0,0,0,1,2058,0,0,1559,3436,0,0,0,0,0,0,0,0,1299,-860,0,0,130
2557.15,0,0,0,0,100,5527,1.57288,0.0102061,1.59281,58,0,24,24,32,0,-2,0,0,0,50,3394,4189,1555,175,35,503,31980,29993,105,0,64,4,5.27767e+06,0,0,0,0,1,1719,0,164,1556,3481,0,0,0,0,0,0,0,0,1299,-847,0,0,130
2557.16,0,0,0,0,100,5523,1.57251,0.0102116,1.59273,58,0,24,24,32,0,-2,0,0,0,50,3394,4189,1540,175,35,503,31980,29993,105,0,64,4,5.22676e+06,0,0,0,0,1,1349,0,818,1552,3421,0,0,0,0,0,0,0,0,1299,-900,0,0,130
2557.17,0,0,0,0,100,5521,1.57214,0.0102172,1.59266,58,0,24,24,32,0,-2,0,0,0,50,3394,4189,1540,175,35,503,31980,29993,105,0,64,4,5.22676e+06,0,0,0,0,1,991,0,1193,1544,3444,0,0,0,0,0,0,0,0,1299,-957,0,0,130
2557.18,0,0,0,0,100,5525,1.57177,0.0102227,1.59258,58,0,24,24,32,0,-2,0,0,0,50,3404,4189,1565,175,35,503,31980,29993,105,0,64,4,5.32726e+06,0,0,0,0,1,303,0,1637,1532,3419,0,0,0,0,0,0,0,0,1299,-893,0,0,130
2557.19,0,0,0,0,100,5525,1.57141,0.0102282,1.59251,58,0,24,24,32,0,-2,0,0,0,50,3404,4189,1570,175,35,503,31980,29993,105,0,64,4,5.34428e+06,0,0,0,0,1,303,0,1637,1532,3378,0,0,0,0,0,0,0,0,1299,-918,0,0,130
2557.2,0,0,0,0,100,5528,1.57104,0.0102338,1.59244,58,0,24,24,31,0,-2,0,0,0,51,3401,4189,1557,175,35,503,32067,29943,106,0,39,98,5.29536e+06,0,0,0,0,1,0,0,2077,1562,3378,0,0,0,0,0,0,0,0,1299,-918,0,0,130
2557.21,0,0,0,0,100,5518,1.57125,0.0102415,1.59233,58,0,24,24,31,0,-2,0,0,0,51,3401,4189,1557,175,35,503,32067,29943,106,0,39,98,5.29536e+06,0,0,0,0,1,0,0,2166,1551,3399,0,0,0,0,0,0,0,0,1299,-888,0,0,130
2557.22,0,0,0,0,100,5510,1.57146,0.0102492,1.59222,58,0,24,24,31,0,-2,0,0,0,51,3401,4189,1553,175,35,503,32067,29943,106,0,39,98,5.28175e+06,0,0,0,0,1,0,0,2131,1541,3386,0,0,0,0,0,0,0,0,1299,-867,0,0,130
2557.23,0,0,0,0,100,5507,1.57168,0.010257,1.59211,58,0,24,24,31,0,-2,0,0,0,51,3400,4189,1549,175,35,503,32067,29943,106,0,39,98,5.2666e+06,0,0,0,0,1,0,0,2071,1535,3380,0,0,0,0,0,0,0,0,1299,-847,0,0,130
2557.24,0,0,0,0,100,5509,1.57189,0.0102647,1.592,58,0,24,24,31,0,-2,0,0,0,51,3400,4189,1560,175,35,503,32067,29943,106,0,39,98,5.304e+06,0,0,0,0,1,0,0,1973,1544,3391,0,0,0,0,0,0,0,0,1299,-877,0,0,130
2557.25,0,0,0,0,100,5509,1.5721,0.0102725,1.59189,58,0,24,24,31,0,-2,0,0,0,51,3400,4189,1560,175,35,503,32067,29943,106,0,39,98,5.304e+06,0,0,0,0,1,0,0,1973,1544,3386,0,0,0,0,0,0,0,0,1299,-907,0,0,130
2557.26,0,0,0,0,100,5508,1.57232,0.0102802,1.59178,58,0,24,24,31,0,-2,0,0,0,51,3401,4189,1575,175,35,503,32067,29943,106,0,39,98,5.35658e+06,0,0,0,0,1,0,0,1869,1548,3386,0,0,0,0,0,0,0,0,1299,-907,0,0,130
2557.27,0,0,0,0,100,5508,1.57253,0.010288,1.59167,58,0,24,24,31,0,-2,0,0,0,51,3401,4189,1568,175,35,503,32067,29943,106,0,39,98,5.33277e+06,0,0,0,0,1,0,117,1770,1549,3415,0,0,0,0,0,0,0,0,1299,-959,0,0,130
2557.28,0,0,0,0,100,5500,1.57274,0.0102957,1.59156,58,0,24,24,31,0,-2,0,0,0,51,3388,4189,1560,175,35,503,32067,29943,106,0,39,98,5.28528e+06,0,0,0,0,1,0,1023,1187,1548,3425,0,0,0,0,0,0,0,0,1299,-951,0,0,130
2557.29,0,0,0,0,100,5490,1.57296,0.0103034,1.59145,58,0,24,24,31,0,-2,0,0,0,51,3388,4189,1560,175,35,503,32067,29943,106,0,39,98,5.28528e+06,0,0,0,0,1,0,855,1340,1546,3432,0,0,0,0,0,0,0,0,1299,-924,0,0,130
2557.3,0,0,0,0,100,5492,1.57317,0.0103112,1.59134,58,0,24,24,32,0,-2,0,0,0,50,3388,4187,1577,175,35,503,31967,29759,106,0,65,4,5.34288e+06,0,0,0,0,1,0,677,1438,1533,3449,0,0,0,0,0,0,0,0,1299,-867,0,0,130
2557.31,0,0,0,0,100,5492,1.57291,0.0103021,1.59135,58,0,24,24,32,0,-2,0,0,0,50,3388,4187,1587,175,35,503,31967,29759,106,0,65,4,5.37676e+06,0,0,0,0,1,0,677,1438,1533,3434,0,0,0,0,0,0,0,0,1299,-897,0,0,130
2557.32,0,0,0,0,100,5502,1.57266,0.0102929,1.59137,58,0,24,24,32,0,-2,0,0,0,50,3400,4187,1578,175,35,503,31967,29759,106,0,65,4,5.3652e+06,0,0,0,0,1,0,718,1409,1554,3434,0,0,0,0,0,0,0,0,1299,-897,0,0,130
2557.33,0,0,0,0,100,5503,1.5724,0.0102838,1.59139,58,0,24,24,32,0,-2,0,0,0,50,3400,4187,1578,175,35,503,31967,29759,106,0,65,4,5.3652e+06,0,0,0,0,1,0,845,1368,1568,3419,0,0,0,0,0,0,0,0,1299,-896,0,0,130
2557.34,0,0,0,0,100,5495,1.57214,0.0102747,1.5914,58,0,24,24,32,0,-2,0,0,0,50,3395,4187,1575,175,35,503,31967,29759,106,0,65,4,5.34712e+06,0,0,0,0,1,0,728,1430,1572,3430,0,0,0,0,0,0,0,0,1299,-916,0,0,130
2557.35,0,0,0,0,100,5488,1.57189,0.0102655,1.59142,58,0,24,24,32,0,-2,0,0,0,50,3395,4187,1561,175,35,503,31967,29759,106,0,65,4,5.2996e+06,0,0,0,0,1,0,1215,979,1552,3410,0,0,0,0,0,0,0,0,1299,-883,0,0,130
2557.36,0,0,0,0,100,5496,1.57163,0.0102564,1.59144,58,0,24,24,32,0,-2,0,0,0,50,3395,4187,1562,175,35,503,31967,29759,106,0,65,4,5.30299e+06,0,0,0,0,1,0,304,1656,1543,3391,0,0,0,0,0,0,0,0,1299,-860,0,0,130
2557.37,0,0,0,0,100,5496,1.57137,0.0102473,1.59145,58,0,24,24,32,0,-2,0,0,0,50,3395,4187,1562,175,35,503,31967,29759,106,0,65,4,5.30299e+06,0,0,0,0,1,0,304,1656,1543,3374,0,0,0,0,0,0,0,0,1299,-845,0,0,130
2557.38,0,0,0,0,100,5501,1.57112,0.0102381,1.59147,58,0,24,24,32,0,-2,0,0,0,50,3394,4187,1586,175,35,503,31967,29759,106,0,65,4,5.38288e+06,0,0,0,0,1,0,366,1647,1557,3374,0,0,0,0,0,0,0,0,1299,-845,0,0,130
2557.39,0,0,0,0,100,5508,1.57086,0.010229,1.59149,58,0,24,24,32,0,-2,0,0,0,50,3393,4187,1589,175,35,503,31967,29759,106,0,65,4,5.39148e+06,0,0,0,0,1,0,558,1502,1562,3440,0,0,0,0,0,0,0,0,1299,-888,0,0,130
2557.4,0,0,0,0,100,5508,1.5706,0.0102199,1.5915,58,0,24,24,33,0,-2,0,0,0,51,3393,4187,1575,175,35,503,31980,29717,105,0,87,4,5.34398e+06,0,0,0,0,1,0,804,1383,1565,3421,0,0,0,0,0,0,0,0,1299,-868,0,0,130
2557.41,0,0,0,0,100,5503,1.57077,0.010211,1.5914,58,0,24,24,33,0,-2,0,0,0,51,3393,4187,1575,175,35,503,31980,29717,105,0,87,4,5.34398e+06,0,0,0,0,1,0,834,1344,1564,3425,0,0,0,0,0,0,0,0,1299,-947,0,0,130
2557.42,0,0,0,0,100,5502,1.57094,0.0102022,1.59129,58,0,24,24,33,0,-2,0,0,0,51,3390,4187,1561,175,35,503,31980,29717,105,0,87,4,5.29179e+06,0,0,0,0,1,0,876,1315,1549,3430,0,0,0,0,0,0,0,0,1299,-922,0,0,130
2557.43,0,0,0,0,100,5502,1.57111,0.0101934,1.59119,58,0,24,24,33,0,-2,0,0,0,51,3390,4187,1579,175,35,503,31980,29717,105,0,87,4,5.35281e+06,0,0,0,0,1,0,876,1315,1549,3415,0,0,0,0,0,0,0,0,1299,-944,0,0,130
2557.44,0,0,0,0,100,5511,1.57128,0.0101846,1.59108,58,0,24,24,33,0,-2,0,0,0,51,3390,4187,1568,175,35,503,31980,29717,105,0,87,4,5.31552e+06,0,0,0,0,1,0,1037,1123,1542,3415,0,0,0,0,0,0,0,0,1299,-944,0,0,130
2557.45,0,0,0,0,100,5524,1.57145,0.0101757,1.59098,58,0,24,24,33,0,-2,0,0,0,51,3390,4187,1568,175,35,503,31980,29717,105,0,87,4,5.31552e+06,0,0,0,0,1,0,1544,541,1560,3365,0,0,0,0,0,0,0,0,1299,-930,0,0,130
2557.46,0,0,0,0,100,5522,1.57162,0.0101669,1.59087,58,0,24,24,33,0,-2,0,0,0,51,3396,4185,1567,175,35,503,31980,29717,105,0,87,4,5.32153e+06,0,0,0,0,1,0,1916,0,1576,3404,0,0,0,0,0,0,0,0,1299,-911,0,0,130
2557.47,0,0,0,0,100,5513,1.57179,0.0101581,1.59077,58,0,24,24,33,0,-2,0,0,0,51,3396,4185,1559,175,35,503,31980,29717,105,0,87,4,5.29436e+06,0,0,0,0,1,0,2083,0,1556,3440,0,0,0,0,0,0,0,0,1299,-901,0,0,130
2557.48,0,0,0,0,100,5514,1.57196,0.0101493,1.59066,58,0,24,24,33,0,-2,0,0,0,51,3395,4185,1555,175,35,503,31980,29717,105,0,87,4,5.27922e+06,0,0,0,0,1,0,2135,0,1545,3438,0,0,0,0,0,0,0,0,1299,-908,0,0,130
2557.49,0,0,0,0,100,5514,1.57213,0.0101404,1.59055,58,0,24,24,33,0,-2,0,0,0,51,3395,4185,1555,175,35,503,31980,29717,105,0,87,4,5.27922e+06,0,0,0,0,1,0,2135,0,1545,3453,0,0,0,0,0,0,0,0,1299,-875,0,0,130
2557.5,0,0,0,0,100,5521,1.5723,0.0101316,1.59045,58,0,24,24,31,0,-2,0,0,0,51,3395,4185,1554,175,35,503,31943,29737,105,0,65,4,5.27583e+06,0,0,0,0,1,0,2072,0,1535,3453,0,0,0,0,0,0,0,0,1299,-875,0,0,130
2557.51,0,0,0,0,100,5527,1.57193,0.0101323,1.59039,58,0,24,24,31,0,-2,0,0,0,51,3398,4185,1575,175,35,503,31943,29737,105,0,65,4,5.35185e+06,0,0,0,0,1,0,1802,0,1543,3436,0,0,0,0,0,0,0,0,1299,-847,0,0,130
2557.52,0,0,0,0,100,5527,1.57155,0.010133,1.59033,58,0,24,24,31,0,-2,0,0,0,51,3398,4185,1568,175,35,503,31943,29737,105,0,65,4,5.32806e+06,0,0,0,0,1,731,1382,0,1554,3442,0,0,0,0,0,0,0,0,1299,-877,0,0,130
2557.53,0,0,0,0,100,5525,1.57117,0.0101337,1.59027,58,0,24,24,31,0,-2,0,0,0,51,3398,4185,1568,175,35,503,31943,29737,105,0,65,4,5.32806e+06,0,0,0,0,1,1220,957,0,1560,3421,0,0,0,0,0,0,0,0,1299,-953,0,0,130
2557.54,0,0,0,0,100,5515,1.57079,0.0101344,1.59021,58,0,24,24,31,0,-2,0,0,0,51,3396,4185,1549,175,35,503,31943,29737,105,0,65,4,5.2604e+06,0,0,0,0,1,1563,459,0,1554,3401,0,0,0,0,0,0,0,0,1299,-900,0,0,130
2557.55,0,0,0,0,100,5515,1.57041,0.0101351,1.59015,58,0,24,24,31,0,-2,0,0,0,51,3396,4185,1549,175,35,503,31943,29737,105,0,65,4,5.2604e+06,0,0,0,0,1,1563,459,0,1554,3410,0,0,0,0,0,0,0,0,1299,-853,0,0,130
2557.56,0,0,0,0,100,5513,1.57004,0.0101358,1.59009,58,0,24,24,31,0,-2,0,0,0,51,3396,4185,1548,175,35,503,31943,29737,105,0,65,4,5.25701e+06,0,0,0,0,1,1731,105,0,1537,3410,0,0,0,0,0,0,0,0,1299,-853,0,0,130
2557.57,0,0,0,0,100,5520,1.56966,0.0101365,1.59004,58,0,24,24,31,0,-2,0,0,0,51,3396,4185,1548,175,35,503,31943,29737,105,0,65,4,5.25701e+06,0,0,0,0,1,2011,0,0,1533,3401,0,0,0,0,0,0,0,0,1299,-886,0,0,130
2557.58,0,0,0,0,100,5522,1.56928,0.0101372,1.58998,58,0,24,24,31,0,-2,0,0,0,51,3401,4185,1566,175,35,503,31943,29737,105,0,65,4,5.32597e+06,0,0,0,0,1,2161,0,0,1553,3363,0,0,0,0,0,0,0,0,1299,-900,0,0,130
2557.59,0,0,0,0,100,5514,1.5689,0.0101379,1.58992,58,0,24,24,31,0,-2,0,0,0,51,3396,4185,1559,175,35,503,31943,29737,105,0,65,4,5.29436e+06,0,0,0,0,1,2140,0,0,1553,3430,0,0,0,0,0,0,0,0,1299,-918,0,0,130
2557.6,0,0,0,0,100,5504,1.56852,0.0101387,1.58986,58,0,24,24,32,0,-2,0,0,0,51,3396,4185,1565,175,35,503,31995,29873,106,0,65,4,5.31474e+06,0,0,0,0,1,1622,0,407,1548,3485,0,0,0,0,0,0,0,0,1299,-961,0,0,130
2557.61,0,0,0,0,98,5504,1.56833,0.0100583,1.5898,58,0,24,24,32,0,-2,0,0,0,51,3396,4185,1565,175,35,503,31995,29873,106,0,65,4,5.31474e+06,0,0,0,0,1,1622,0,407,1548,3456,0,0,0,0,0,0,0,0,1299,-853,0,0,130
2557.62,0,0,0,0,93,5503,1.56814,0.00997801,1.58974,58,0,24,24,32,0,-2,0,0,0,51,3395,4185,1555,175,35,503,31995,29873,106,0,65,4,5.27922e+06,0,0,0,0,1,2032,0,0,1532,3456,0,0,0,0,0,0,0,0,1299,-853,0,0,130
2557.63,0,0,0,0,87,5506,1.56795,0.00989769,1.58969,58,0,24,24,32,0,-2,0,0,0,51,3395,4185,1572,175,35,503,31995,29873,106,0,65,4,5.33694e+06,0,0,0,0,1,1954,0,0,1543,3449,0,0,0,0,0,0,0,0,1299,-833,0,0,126
2557.64,0,0,0,0,80,5505,1.56776,0.00981736,1.58963,58,0,24,24,32,0,-2,0,0,0,51,3399,4185,1578,175,35,503,31995,29873,106,0,65,4,5.36362e+06,0,0,0,0,1,1880,0,0,1527,3440,0,0,0,0,0,0,0,0,1260,-814,0,0,116
2557.65,0,0,0,0,72,5504,1.56756,0.00973704,1.58957,58,0,24,24,32,0,-2,0,0,0,51,3399,4185,1578,175,35,503,31995,29873,106,0,65,4,5.36362e+06,0,0,0,0,1,1815,0,0,1447,3453,0,0,0,0,0,0,0,0,1159,-814,0,0,104
2557.66,0,0,0,0,62,5479,1.56737,0.00965672,1.58951,58,0,24,24,32,0,-2,0,0,0,51,3388,4185,1567,175,35,503,31995,29873,106,0,65,4,5.309e+06,0,0,0,0,1,1911,0,0,1252,3518,0,0,0,0,0,0,0,0,1040,-761,0,0,90
2557.67,0,0,0,0,53,5479,1.56718,0.0095764,1.58946,58,0,24,24,32,0,-2,0,0,0,51,3388,4185,1555,175,35,503,31995,29873,106,0,65,4,5.26834e+06,0,0,0,0,1,1911,0,0,1252,3596,0,0,0,0,0,0,0,0,900,-650,0,0,77
2557.68,0,0,0,0,43,5440,1.56699,0.00949608,1.5894,58,0,24,24,32,0,-2,0,0,0,51,3388,4185,1568,175,35,503,31995,29873,106,0,65,4,5.31238e+06,0,0,0,0,1,1765,0,0,1026,3596,0,0,0,0,0,0,0,0,900,-650,0,0,62
2557.69,0,0,0,0,34,5419,1.5668,0.00941576,1.58934,58,0,24,24,32,0,-2,0,0,0,51,3388,4185,1568,175,35,503,31995,29873,106,0,65,4,5.31238e+06,0,0,0,0,1,518,1216,0,875,3673,0,0,0,0,0,0,0,0,770,-540,0,0,49
2557.7,0,0,0,0,25,5423,1.5666,0.00933544,1.58928,58,0,24,24,32,0,-2,0,0,0,51,3394,4185,1577,175,35,503,31967,29824,106,0,87,4,5.35234e+06,0,0,0,0,1,0,1654,0,711,3742,0,0,0,0,0,0,0,0,489,-424,0,0,36
2557.71,0,0,0,0,17,5421,1.56588,0.0089222,1.58789,58,0,24,24,32,0,-2,0,0,0.1,51,3394,4185,1573,175,35,503,31967,29824,106,0,87,4,5.33876e+06,0,0,0,0,1,0,873,795,679,3751,0,0,0,0,0,0,0,0,359,-403,0,0,25
2557.72,0,0,0,0,10,5394,1.56516,0.00850897,1.58649,58,0,24,24,32,0,-2,0,0,0.2,51,3388,4185,1572,175,35,503,31967,29824,106,0,87,4,5.32594e+06,0,0,0,0,1,0,0,1412,506,3824,0,0,0,0,0,0,0,0,250,-317,0,0,14
2557.73,0,0,0,0,5,5394,1.56443,0.00809574,1.5851,58,0,24,24,32,0,-2,0,0,0.3,51,3388,4185,1572,175,35,503,31967,29824,106,0,87,4,5.32594e+06,0,0,0,0,1,0,0,1412,506,3889,0,0,0,0,0,0,0,0,140,-223,0,0,0
2557.74,0,0,0,0,1,5323,1.56371,0.0076825,1.5837,58,0,24,24,32,0,-2,0,0,0.4,51,3390,4185,1553,175,35,503,31967,29824,106,0,87,4,5.26467e+06,0,0,0,0,1,1206,0,0,309,3889,0,0,0,0,0,0,0,0,140,-223,0,0,0
2557.75,0,0,0,0,0,5239,1.56298,0.00726927,1.58231,58,0,24,24,32,0,-2,0,0,0.5,51,3390,4185,1556,175,35,503,31967,29824,106,0,87,4,5.27484e+06,0,0,0,0,1,0,531,369,93,3986,0,0,0,0,0,0,0,0,0,-25,0,0,0
2557.76,0,0,0,0,0,5165,1.56226,0.00685604,1.58091,58,0,24,24,32,0,-2,0,0,0.6,51,3390,4185,1567,175,35,503,31967,29824,106,0,87,4,5.31213e+06,0,0,0,0,1,435,208,0,16,4005,0,0,0,0,0,0,0,0,0,-10,0,0,0
2557.77,0,0,0,0,0,5108,1.56154,0.0064428,1.57952,58,0,24,24,32,0,-2,0,0,0.7,51,3390,4185,1567,175,35,503,31967,29824,106,0,87,4,5.31213e+06,0,0,0,0,1,438,0,115,0,4029,0,0,0,0,0,0,0,0,0,32,0,0,0
2557.78,0,0,0,0,0,5076,1.56081,0.00602957,1.57812,58,0,24,24,32,0,-2,0,0,0.8,51,3399,4183,1572,175,35,503,31967,29824,106,0,87,4,5.34323e+06,0,0,0,0,1,0,0,319,0,4012,0,0,0,0,0,0,0,0,0,62,0,0,0
2557.79,0,0,0,0,0,5076,1.56009,0.00561634,1.57673,58,0,24,24,32,0,-2,0,0,0.9,51,3399,4183,1555,175,35,503,31967,29824,106,0,87,4,5.28544e+06,0,0,0,0,1,0,0,319,0,4046,0,0,0,0,0,0,0,0,0,56,0,0,0
2557.8,0,0,0,0,0,5067,1.55936,0.0052031,1.57533,58,0,24,24,32,0,-2,0,0,1,53,3390,4183,1551,175,35,503,31913,29770,105,0,68,4,5.25789e+06,0,0,0,0,1,0,126,73,0,4046,0,0,0,0,0,0,0,0,0,56,0,0,0
2557.81,0,0,0,0,0,5072,1.55954,0.00488051,1.57556,58,0,24,24,32,0,-2,0,0,1,53,3390,4183,1551,175,35,503,31913,29770,105,0,68,4,5.25789e+06,0,0,0,0,1,0,117,0,0,3995,0,0,0,0,0,0,0,0,0,27,0,0,0
2557.82,0,0,0,0,0,5088,1.55972,0.00455791,1.57579,58,0,24,24,32,0,-2,0,0,1,53,3400,4183,1566,175,35,503,31913,29770,105,0,68,4,5.3244e+06,0,0,0,0,1,7,8,0,0,3981,0,0,0,0,0,0,0,0,0,3,0,0,0
2557.83,0,0,0,0,0,5088,1.5599,0.00423532,1.57602,58,0,24,24,32,0,-2,0,0,1,53,3400,4183,1565,175,35,503,31913,29770,105,0,68,4,5.321e+06,0,0,0,0,1,5,25,0,18,4035,0,0,0,0,0,0,0,0,0,-16,0,0,0
2557.84,0,0,0,0,0,5058,1.56008,0.00391273,1.57625,58,0,24,24,32,0,-2,0,0,1,53,3400,4183,1565,175,35,503,31913,29770,105,0,68,4,5.321e+06,0,0,0,0,1,177,0,0,49,3986,0,0,0,0,0,0,0,0,0,-55,0,0,0
2557.85,0,0,0,0,0,5058,1.56025,0.00359013,1.57647,58,0,24,24,32,0,-2,0,0,1,53,3400,4183,1565,175,35,503,31913,29770,105,0,68,4,5.321e+06,0,0,0,0,1,177,0,0,49,3986,0,0,0,0,0,0,0,0,0,-71,0,0,0
2557.86,0,0,0,0,0,4992,1.56043,0.00326754,1.5767,58,0,24,24,32,0,-2,0,0,1,53,3392,4182,1550,175,35,503,31913,29770,105,0,68,4,5.2576e+06,0,0,0,0,1,131,0,0,73,3973,0,0,0,0,0,0,0,0,0,-71,0,0,0
2557.87,0,0,0,0,0,4921,1.56061,0.00294494,1.57693,58,0,24,24,32,0,-2,0,0,1,53,3392,4182,1544,175,35,503,31913,29770,105,0,68,4,5.23725e+06,0,0,0,0,1,0,119,0,65,4018,0,0,0,0,0,0,0,0,0,-68,0,0,0
2557.88,0,0,0,0,0,4841,1.56079,0.00262235,1.57716,58,0,24,24,32,0,-2,0,0,1,53,3392,4182,1551,175,35,503,31913,29770,105,0,68,4,5.26099e+06,0,0,0,0,1,0,0,133,58,3954,0,0,0,0,0,0,0,0,0,-71,0,0,0
2557.89,0,0,0,0,0,4759,1.56097,0.00229976,1.57738,58,0,24,24,32,0,-2,0,0,1,53,3392,4182,1551,175,35,503,31913,29770,105,0,68,4,5.26099e+06,0,0,0,0,1,87,0,0,52,3977,0,0,0,0,0,0,0,0,0,-57,0,0,0
2557.9,0,0,0,0,0,4685,1.56114,0.00197716,1.57761,58,0,24,24,33,0,-2,0,0,1,53,3391,4182,1572,175,35,503,32022,29891,106,0,65,98,5.33065e+06,0,0,0,0,1,5,0,43,29,4024,0,0,0,0,0,0,0,0,0,0,0,0,0
2557.91,0,0,0,0,0,4685,1.56046,0.00204374,1.57729,58,0,24,24,33,0,-2,0,0,1,53,3395,4182,1572,175,35,503,32022,29891,106,0,65,98,5.33694e+06,0,0,0,0,1,5,0,43,29,3995,0,0,0,0,0,0,0,0,0,7,0,0,0
2557.92,0,0,0,0,0,4647,1.55978,0.00211032,1.57697,58,0,24,24,33,0,-2,0,0,1,53,3395,4182,1551,175,35,503,32022,29891,106,0,65,98,5.26564e+06,0,0,0,0,1,0,0,82,0,3995,0,0,0,0,0,0,0,0,0,7,0,0,0
2557.93,0,0,0,0,0,4639,1.5591,0.0021769,1.57665,58,0,24,24,33,0,-2,0,0,1,53,3395,4182,1551,175,35,503,32022,29891,106,0,65,98,5.26564e+06,0,0,0,0,1,0,0,84,0,4031,0,0,0,0,0,0,0,0,0,42,0,0,0
2557.94,0,0,0,0,0,4647,1.55842,0.00224348,1.57632,58,0,24,24,33,0,-2,0,0,1,53,3393,4182,1565,175,35,503,32022,29891,106,0,65,98,5.31004e+06,0,0,0,0,1,0,82,0,0,4018,0,0,0,0,0,0,0,0,0,42,0,0,0
2557.95,0,0,0,0,0,4657,1.55774,0.00231006,1.576,58,0,24,24,33,0,-2,0,0,1,53,3393,4182,1540,175,35,503,32022,29891,106,0,65,98,5.22522e+06,0,0,0,0,1,52,0,0,0,4009,0,0,0,0,0,0,0,0,0,29,0,0,0
2557.96,0,0,0,0,0,4668,1.55706,0.00237664,1.57568,58,0,24,24,33,0,-2,0,0,1,53,3393,4182,1509,175,35,503,32022,29891,106,0,65,98,5.12004e+06,0,0,0,0,1,1,0,73,0,4044,0,0,0,0,0,0,0,0,0,26,0,0,0
2557.97,0,0,0,0,0,4668,1.55638,0.00244322,1.57536,58,0,24,24,33,0,-2,0,0,1,53,3393,4182,1509,175,35,503,32022,29891,106,0,65,98,5.12004e+06,0,0,0,0,1,1,0,73,0,4020,0,0,0,0,0,0,0,0,0,32,0,0,0
2557.98,0,0,0,0,0,4673,1.5557,0.00250981,1.57504,58,0,24,24,33,0,-2,0,0,1,53,3397,4182,1114,175,35,503,32022,29891,106,0,65,98,3.78426e+06,0,0,0,0,1,0,37,32,0,4020,0,0,0,0,0,0,0,0,0,32,0,0,0
2557.99,0,0,0,0,0,4653,1.55503,0.00257639,1.57471,58,0,24,24,33,0,-2,0,0,1,53,3455,4182,1035,175,35,503,32022,29891,106,0,65,98,3.57592e+06,0,0,0,0,1,0,113,0,13,3990,0,0,0,0,0,0,0,0,0,-6,0,0,0
2558,0,0,0,0,0,4608,1.55435,0.00264297,1.57439,58,0,24,24,32,0,-2,0,0,1,53,3455,4182,901,175,35,503,32451,30622,105,0,87,98,3.11296e+06,0,0,0,0,1,60,103,0,32,4018,0,0,0,0,0,0,0,0,0,-49,0,0,0
2558.01,0,0,0,0,0,4541,1.55462,0.00260951,1.57435,58,0,24,24,32,0,-2,0,0,1,53,3455,4182,901,175,35,503,32451,30622,105,0,87,98,3.11296e+06,0,0,0,0,1,98,13,0,52,4029,0,0,0,0,0,0,0,0,0,-38,0,0,0
2558.02,0,0,0,0,0,4465,1.5549,0.00257605,1.5743,58,0,24,24,32,0,-2,0,0,1,53,3595,4182,703,175,35,503,32451,30622,105,0,87,98,2.52728e+06,0,0,0,0,1,19,120,0,46,4042,0,0,0,0,0,0,0,0,0,-74,0,0,0
2558.03,0,0,0,0,0,4465,1.55518,0.00254259,1.57426,58,0,24,24,32,0,-2,0,0,1,53,3595,4182,605,175,35,503,32451,30622,105,0,87,98,2.17498e+06,0,0,0,0,1,19,120,0,46,3999,0,0,0,0,0,0,0,0,0,-22,0,0,0
2558.04,0,0,0,0,0,4404,1.55546,0.00250913,1.57421,58,0,24,24,32,0,-2,0,0,1,53,3712,4182,463,175,35,503,32451,30622,105,0,87,98,1.71866e+06,0,0,0,0,1,0,58,0,24,3999,0,0,0,0,0,0,0,0,0,-22,0,0,0
2558.05,0,0,0,0,0,4369,1.55574,0.00247567,1.57416,58,0,24,24,32,0,-2,0,0,1,53,3712,4182,463,175,35,503,32451,30622,105,0,87,98,1.71866e+06,0,0,0,0,1,24,11,0,0,4050,0,0,0,0,0,0,0,0,0,14,0,0,0
2558.06,0,0,0,0,0,4351,1.55601,0.00244221,1.57412,58,0,24,24,32,0,-2,0,0,1,53,3805,4182,14,175,35,503,32451,30622,105,0,87,98,53270,0,0,0,0,1,0,68,0,0,4014,0,0,0,0,0,0,0,0,0,8,0,0,0
2558.07,0,0,0,0,0,4353,1.55629,0.00240875,1.57407,58,0,24,24,32,0,-2,0,0,1,53,3805,4182,-31,175,35,503,32451,30622,105,0,87,98,-117955,0,0,0,0,1,0,0,86,0,4033,0,0,0,0,0,0,0,0,0,29,0,0,0
2558.08,0,0,0,0,0,4365,1.55657,0.00237529,1.57403,58,0,24,24,32,0,-2,0,0,1,53,3805,4182,-52,175,35,503,32451,30622,105,0,87,98,-197860,0,0,0,0,1,79,0,0,0,3999,0,0,0,0,0,0,0,0,0,41,0,0,0
2558.09,0,0,0,0,0,4365,1.55685,0.00234183,1.57398,58,0,24,24,32,0,-2,0,0,1,53,3805,4182,-52,175,35,503,32451,30622,105,0,87,98,-197860,0,0,0,0,1,79,0,0,0,4022,0,0,0,0,0,0,0,0,0,34,0,0,0
2558.1,0,0,0,0,0,4372,1.55713,0.00230837,1.57394,58,0,24,24,32,0,-2,0,0,1,53,3961,4182,-101,175,35,467,36812,36305,106,0,41,73,-400061,0,0,0,0,1,0,49,0,0,4022,0,0,0,0,0,0,0,0,0,34,0,0,0
2558.11,0,0,0,0,0,4363,1.55719,0.00227735,1.5742,58,0,24,24,32,0,-2,0,0,1,53,3961,4182,-96,175,35,467,36812,36305,106,0,41,73,-380256,0,0,0,0,1,24,0,16,0,4012,0,0,0,0,0,0,0,0,0,-12,0,0,0
2558.12,0,0,0,0,0,4330,1.55726,0.00224632,1.57445,58,0,24,24,32,0,-2,0,0,1,53,3995,4182,-69,175,35,467,36812,36305,106,0,41,73,-275655,0,0,0,0,1,0,103,0,16,4003,0,0,0,0,0,0,0,0,0,-20,0,0,0
2558.13,0,0,0,0,0,4288,1.55733,0.0022153,1.57471,58,0,24,24,32,0,-2,0,0,1,53,3995,4182,-69,175,35,467,36812,36305,106,0,41,73,-275655,0,0,0,0,1,1,0,65,27,4009,0,0,0,0,0,0,0,0,0,-14,0,0,0
2558.14,0,0,0,0,0,4241,1.55739,0.00218427,1.57497,58,0,24,24,32,0,-2,0,0,1,53,3992,4182,-9,175,35,467,36812,36305,106,0,41,73,-35928,0,0,0,0,1,0,27,0,27,3988,0,0,0,0,0,0,0,0,0,-15,0,0,0
2558.15,0,0,0,0,0,4241,1.55746,0.00215325,1.57523,58,0,24,24,32,0,-2,0,0,1,53,3992,4182,15,175,35,467,36812,36305,106,0,41,73,59880,0,0,0,0,1,0,27,0,27,4012,0,0,0,0,0,0,0,0,0,-33,0,0,0
2558.16,0,0,0,0,0,4198,1.55752,0.00212223,1.57549,58,0,24,24,32,0,-2,0,0,1,53,3992,4182,39,175,35,467,36812,36305,106,0,41,73,155688,0,0,0,0,1,54,0,14,20,4012,0,0,0,0,0,0,0,0,0,-33,0,0,0
2558.17,0,0,0,0,0,4165,1.55759,0.0020912,1.57575,58,0,24,24,32,0,-2,0,0,1,53,3992,4182,39,175,35,467,36812,36305,106,0,41,73,155688,0,0,0,0,1,10,19,26,1,4022,0,0,0,0,0,0,0,0,0,17,0,0,0
2558.18,0,0,0,0,0,4145,1.55765,0.00206018,1.57601,58,0,24,24,32,0,-2,0,0,1,53,3972,4182,47,175,35,467,36812,36305,106,0,41,73,186684,0,0,0,0,1,14,0,45,0,4018,0,0,0,0,0,0,0,0,0,8,0,0,0
2558.19,0,0,0,0,0,4135,1.55772,0.00202915,1.57626,58,0,24,24,32,0,-2,0,0,1,53,3954,4182,35,175,35,467,36812,36305,106,0,41,73,138390,0,0,0,0,1,0,37,16,0,4022,0,0,0,0,0,0,0,0,0,-5,0,0,0
2558.2,0,0,0,0,0,4135,1.55779,0.00199813,1.57652,58,0,24,24,33,0,-2,0,0,1,53,3954,4182,33,175,35,467,36720,36316,106,0,49,73,130482,0,0,0,0,1,0,27,0,0,4033,0,0,0,0,0,0,0,0,0,16,0,0,0
2558.21,0,0,0,0,0,4135,1.55784,0.00198648,1.57649,58,0,24,24,33,0,-2,0,0,1,53,3954,4182,33,175,35,467,36720,36316,106,0,49,73,130482,0,0,0,0,1,0,27,0,0,4016,0,0,0,0,0,0,0,0,0,17,0,0,0
2558.22,0,0,0,0,0,4131,1.55789,0.00197483,1.57646,58,0,24,24,33,0,-2,0,0,1,53,3961,4182,-30,175,35,467,36720,36316,106,0,49,73,-118830,0,0,0,0,1,40,0,0,0,4016,0,0,0,0,0,0,0,0,0,17,0,0,0
2558.23,0,0,0,0,0,4117,1.55795,0.00196318,1.57643,58,0,24,24,33,0,-2,0,0,1,53,3961,4182,-45,175,35,467,36720,36316,106,0,49,73,-178245,0,0,0,0,1,5,17,0,0,4040,0,0,0,0,0,0,0,0,0,-9,0,0,0
2558.24,0,0,0,0,0,4096,1.558,0.00195153,1.5764,58,0,24,24,33,0,-2,0,0,1,53,3975,4182,-91,175,35,467,36720,36316,106,0,49,73,-361725,0,0,0,0,1,67,0,0,7,4020,0,0,0,0,0,0,0,0,0,-28,0,0,0
2558.25,0,0,0,0,0,4071,1.55805,0.00193988,1.57638,58,0,24,24,33,0,-2,0,0,1,53,3975,4182,-91,175,35,467,36720,36316,106,0,49,73,-361725,0,0,0,0,1,26,0,0,8,4018,0,0,0,0,0,0,0,0,0,-15,0,0,0
2558.26,0,0,0,0,0,4043,1.55811,0.00192823,1.57635,58,0,24,24,33,0,-2,0,0,1,53,4009,4182,-74,175,35,467,36720,36316,106,0,49,73,-296666,0,0,0,0,1,8,0,26,14,4018,0,0,0,0,0,0,0,0,0,0,0,0,0
2558.27,0,0,0,0,0,4043,1.55816,0.00191658,1.57632,58,0,24,24,33,0,-2,0,0,1,53,4009,4182,-70,175,35,467,36720,36316,106,0,49,73,-280630,0,0,0,0,1,8,0,26,14,4027,0,0,0,0,0,0,0,0,0,1,0,0,0
2558.28,0,0,0,0,0,4016,1.55821,0.00190493,1.57629,58,0,24,24,33,0,-2,0,0,1,53,4009,4182,-61,175,35,467,36720,36316,106,0,49,73,-244549,0,0,0,0,1,0,11,32,9,4027,0,0,0,0,0,0,0,0,0,1,0,0,0
2558.29,0,0,0,0,0,3992,1.55827,0.00189328,1.57626,58,0,24,24,33,0,-2,0,0,1,53,4009,4182,-61,175,35,467,36720,36316,106,0,49,73,-244549,0,0,0,0,1,0,3,33,7,4024,0,0,0,0,0,0,0,0,0,6,0,0,0
2558.3,0,0,0,0,0,3969,1.55832,0.00188163,1.57623,58,0,24,24,33,0,-2,0,0,1,53,4002,4182,-10,175,35,467,37276,36908,106,0,73,57,-40020,0,0,0,0,1,28,5,4,5,4024,0,0,0,0,0,0,0,0,0,7,0,0,0
2558.31,0,0,0,0,0,3949,1.55808,0.00186863,1.57594,58,0,24,24,33,0,-2,0,0,1,53,3997,4182,5,175,35,467,37276,36908,106,0,73,57,19985,0,0,0,0,1,8,9,18,0,4035,0,0,0,0,0,0,0,0,0,0,0,0,0
2558.32,0,0,0,0,0,3936,1.55783,0.00185563,1.57566,58,0,24,24,33,0,-2,0,0,1,53,3997,4182,16,175,35,467,37276,36908,106,0,73,57,63952,0,0,0,0,1,0,0,10,0,4022,0,0,0,0,0,0,0,0,0,6,0,0,0
2558.33,0,0,0,0,0,3936,1.55758,0.00184263,1.57537,58,0,24,24,33,0,-2,0,0,1,53,3997,4182,16,175,35,467,37276,36908,106,0,73,57,63952,0,0,0,0,1,0,0,10,0,4063,0,0,0,0,0,0,0,0,0,14,0,0,0
2558.34,0,0,0,0,0,3929,1.55734,0.00182963,1.57509,58,0,24,24,33,0,-2,0,0,1,53,3979,4182,8,175,35,467,37276,36908,106,0,73,57,31832,0,0,0,0,1,1,0,24,0,4063,0,0,0,0,0,0,0,0,0,14,0,0,0
2558.35,0,0,0,0,0,3920,1.55709,0.00181663,1.5748,58,0,24,24,33,0,-2,0,0,1,53,3979,4182,-19,175,35,467,37276,36908,106,0,73,57,-75601,0,0,0,0,1,1,0,0,0,4014,0,0,0,0,0,0,0,0,0,2,0,0,0
2558.36,0,0,0,0,0,3907,1.55685,0.00180363,1.57452,58,0,24,24,33,0,-2,0,0,1,53,3975,4182,-36,175,35,467,37276,36908,106,0,73,57,-143100,0,0,0,0,1,0,21,0,0,4029,0,0,0,0,0,0,0,0,0,0,0,0,0
2558.37,0,0,0,0,0,3890,1.5566,0.00179063,1.57423,58,0,24,24,33,0,-2,0,0,1,53,3975,4182,-36,175,35,467,37276,36908,106,0,73,57,-143100,0,0,0,0,1,0,0,21,3,4042,0,0,0,0,0,0,0,0,0,-7,0,0,0
2558.38,0,0,0,0,0,3872,1.55636,0.00177763,1.57394,58,0,24,24,33,0,-2,0,0,1,53,3996,4182,-61,175,35,467,37276,36908,106,0,73,57,-243756,0,0,0,0,1,38,0,16,7,4016,0,0,0,0,0,0,0,0,0,-19,0,0,0
2558.39,0,0,0,0,0,3872,1.55611,0.00176463,1.57366,58,0,24,24,33,0,-2,0,0,1,53,3996,4182,-72,175,35,467,37276,36908,106,0,73,57,-287712,0,0,0,0,1,38,0,16,7,4027,0,0,0,0,0,0,0,0,0,-10,0,0,0
2558.4,0,0,0,0,0,3850,1.55586,0.00175163,1.57337,58,0,24,24,32,0,-2,0,0,1,53,3996,3971,-62,175,35,467,37111,36826,105,0,41,57,-247752,0,0,0,0,1,10,25,0,5,4027,0,0,0,0,0,0,0,0,0,-10,0,0,0
2558.41,0,0,0,0,0,3827,1.55592,0.00174792,1.57336,58,0,24,24,32,0,-2,0,0,1,53,3996,3971,-62,175,35,467,37111,36826,105,0,41,57,-247752,0,0,0,0,1,0,27,35,6,4050,0,0,0,0,0,0,0,0,0,17,0,0,0
2558.42,0,0,0,0,0,3806,1.55598,0.0017442,1.57334,58,0,24,24,32,0,-2,0,0,1,53,4006,3971,-24,175,35,467,37111,36826,105,0,41,57,-96144,0,0,0,0,1,22,0,0,5,4027,0,0,0,0,0,0,0,0,0,-14,0,0,0
2558.43,0,0,0,0,0,3784,1.55603,0.00174049,1.57332,58,0,24,24,32,0,-2,0,0,1,53,4006,3971,-11,175,35,467,37111,36826,105,0,41,57,-44066,0,0,0,0,1,0,11,0,3,4038,0,0,0,0,0,0,0,0,0,-6,0,0,0
2558.44,0,0,0,0,0,3767,1.55609,0.00173678,1.5733,58,0,24,24,32,0,-2,0,0,1,53,4006,3971,-4,175,35,467,37111,36826,105,0,41,57,-16024,0,0,0,0,1,0,17,0,0,4040,0,0,0,0,0,0,0,0,0,1,0,0,0
2558.45,0,0,0,0,0,3767,1.55614,0.00173306,1.57329,58,0,24,24,32,0,-2,0,0,1,53,4006,3971,-4,175,35,467,37111,36826,105,0,41,57,-16024,0,0,0,0,1,0,17,0,0,4033,0,0,0,0,0,0,0,0,0,10,0,0,0
2558.46,0,0,0,0,0,3755,1.5562,0.00172935,1.57327,58,0,24,24,32,0,-2,0,0,1,53,3994,3971,-4,175,35,467,37111,36826,105,0,41,57,-15976,0,0,0,0,1,19,0,10,0,4033,0,0,0,0,0,0,0,0,0,10,0,0,0
2558.47,0,0,0,0,0,3751,1.55626,0.00172564,1.57325,58,0,24,24,32,0,-2,0,0,1,53,3986,3971,-15,175,35,467,37111,36826,105,0,41,57,-59790,0,0,0,0,1,5,41,0,0,4033,0,0,0,0,0,0,0,0,0,0,0,0,0
2558.48,0,0,0,0,0,3745,1.55631,0.00172192,1.57324,58,0,24,24,32,0,-2,0,0,1,53,3986,3971,-26,175,35,467,37111,36826,105,0,41,57,-103636,0,0,0,0,1,1,0,0,0,4031,0,0,0,0,0,0,0,0,0,0,0,0,0
2558.49,0,0,0,0,0,3734,1.55637,0.00171821,1.57322,58,0,24,24,32,0,-2,0,0,1,53,3986,3971,-26,175,35,467,37111,36826,105,0,41,57,-103636,0,0,0,0,1,1,11,8,0,4033,0,0,0,0,0,0,0,0,0,-1,0,0,0
2558.5,0,0,0,0,0,3720,1.55642,0.0017145,1.5732,58,0,24,24,33,0,-2,0,0,1,53,3995,3971,-43,175,35,467,37091,36833,106,0,41,97,-171785,0,0,0,0,1,5,35,8,0,4035,0,0,0,0,0,0,0,0,0,14,0,0,0
2558.51,0,0,0,0,0,3720,1.55642,0.00170344,1.57321,58,0,24,24,33,0,-2,0,0,1,53,3995,3971,-44,175,35,467,37091,36833,106,0,41,97,-175780,0,0,0,0,1,5,35,8,0,4029,0,0,0,0,0,0,0,0,0,-20,0,0,0
2558.52,0,0,0,0,0,3702,1.55641,0.00169239,1.57322,58,0,24,24,33,0,-2,0,0,1,53,4003,3971,-45,175,35,467,37091,36833,106,0,41,97,-180135,0,0,0,0,1,40,0,0,10,4029,0,0,0,0,0,0,0,0,0,-20,0,0,0
2558.53,0,0,0,0,0,3682,1.55641,0.00168134,1.57323,58,0,24,24,33,0,-2,0,0,1,53,4003,3971,-45,175,35,467,37091,36833,106,0,41,97,-180135,0,0,0,0,1,0,0,10,8,4050,0,0,0,0,0,0,0,0,0,-5,0,0,0
2558.54,0,0,0,0,0,3661,1.5564,0.00167028,1.57324,58,0,24,24,33,0,-2,0,0,1,53,4005,3971,-32,175,35,467,37091,36833,106,0,41,97,-128160,0,0,0,0,1,2,15,10,4,4038,0,0,0,0,0,0,0,0,0,0,0,0,0
2558.55,0,0,0,0,0,3641,1.5564,0.00165923,1.57325,58,0,24,24,33,0,-2,0,0,1,53,4005,3971,-25,175,35,467,37091,36833,106,0,41,97,-100125,0,0,0,0,1,48,0,0,5,4046,0,0,0,0,0,0,0,0,0,-17,0,0,0
2558.56,0,0,0,0,0,3622,1.55639,0.00164818,1.57326,58,0,24,24,33,0,-2,0,0,1,53,4005,3971,-21,175,35,467,37091,36833,106,0,41,97,-84105,0,0,0,0,1,19,9,20,2,4038,0,0,0,0,0,0,0,0,0,-6,0,0,0
2558.57,0,0,0,0,0,3622,1.55639,0.00163712,1.57327,58,0,24,24,33,0,-2,0,0,1,53,4005,3971,-21,175,35,467,37091,36833,106,0,41,97,-84105,0,0,0,0,1,19,9,20,2,4055,0,0,0,0,0,0,0,0,0,16,0,0,0
2558.58,0,0,0,0,0,3608,1.55638,0.00162607,1.57328,58,0,24,24,33,0,-2,0,0,1,53,4000,3971,-18,175,35,467,37091,36833,106,0,41,97,-72000,0,0,0,0,1,1,23,10,0,4055,0,0,0,0,0,0,0,0,0,16,0,0,0
2558.59,0,0,0,0,0,3599,1.55637,0.00161502,1.57328,58,0,24,24,33,0,-2,0,0,1,53,3998,3971,-18,175,35,467,37091,36833,106,0,41,97,-71964,0,0,0,0,1,13,0,0,0,4048,0,0,0,0,0,0,0,0,0,8,0,0,0
2558.6,0,0,0,0,0,3589,1.55637,0.00160396,1.57329,58,0,24,24,33,0,-2,0,0,1,53,3998,3971,-20,175,35,467,37103,36870,106,0,6,57,-79960,0,0,0,0,1,14,3,14,0,4063,0,0,0,0,0,0,0,0,0,-1,0,0,0
2558.61,0,0,0,0,0,3577,1.55607,0.0016175,1.57313,58,0,24,24,33,0,-2,0,0,1,53,3998,3971,-20,175,35,467,37103,36870,106,0,6,57,-79960,0,0,0,0,1,5,0,0,0,4031,0,0,0,0,0,0,0,0,0,3,0,0,0
2558.62,0,0,0,0,0,3565,1.55578,0.00163103,1.57297,58,0,24,24,33,0,-2,0,0,1,53,4000,3971,-31,175,35,467,37103,36870,106,0,6,57,-124000,0,0,0,0,1,7,13,18,0,4035,0,0,0,0,0,0,0,0,0,-8,0,0,0
2558.63,0,0,0,0,0,3565,1.55548,0.00164457,1.57281,58,0,24,24,33,0,-2,0,0,1,53,4000,3971,-36,175,35,467,37103,36870,106,0,6,57,-144000,0,0,0,0,1,7,13,18,0,4040,0,0,0,0,0,0,0,0,0,-11,0,0,0
2558.64,0,0,0,0,0,3551,1.55518,0.00165811,1.57264,58,0,24,24,33,0,-2,0,0,1,53,4003,3971,-36,175,35,467,37103,36870,106,0,6,57,-144108,0,0,0,0,1,26,0,2,3,4040,0,0,0,0,0,0,0,0,0,-11,0,0,0
2558.65,0,0,0,0,0,3537,1.55489,0.00167164,1.57248,58,0,24,24,33,0,-2,0,0,1,53,4003,3971,-36,175,35,467,37103,36870,106,0,6,57,-144108,0,0,0,0,1,20,0,18,5,4046,0,0,0,0,0,0,0,0,0,-7,0,0,0
2558.66,0,0,0,0,0,3520,1.55459,0.00168518,1.57232,58,0,24,24,33,0,-2,0,0,1,53,4007,3971,-32,175,35,467,37103,36870,106,0,6,57,-128224,0,0,0,0,1,0,2,12,9,4038,0,0,0,0,0,0,0,0,0,1,0,0,0
2558.67,0,0,0,0,0,3502,1.5543,0.00169871,1.57216,58,0,24,24,33,0,-2,0,0,1,53,4007,3971,-28,175,35,467,37103,36870,106,0,6,57,-112196,0,0,0,0,1,0,0,0,5,4044,0,0,0,0,0,0,0,0,0,-3,0,0,0
2558.68,0,0,0,0,0,3484,1.554,0.00171225,1.57199,58,0,24,24,33,0,-2,0,0,1,53,4007,3971,-25,175,35,467,37103,36870,106,0,6,57,-100175,0,0,0,0,1,0,11,20,4,4040,0,0,0,0,0,0,0,0,0,6,0,0,0
2558.69,0,0,0,0,0,3484,1.55371,0.00172579,1.57183,58,0,24,24,33,0,-2,0,0,1,53,4007,3971,-25,175,35,467,37103,36870,106,0,6,57,-100175,0,0,0,0,1,0,11,20,4,4038,0,0,0,0,0,0,0,0,0,0,0,0,0
2558.7,0,0,0,0,0,3468,1.55341,0.00173932,1.57167,58,0,24,24,33,0,-2,0,0,1,54,4005,3971,-16,175,35,467,37198,36918,106,0,6,57,-64080,0,0,0,0,1,10,8,0,0,4038,0,0,0,0,0,0,0,0,0,0,0,0,0
2558.71,0,0,0,0,0,3455,1.55295,0.00173958,1.57154,58,0,24,24,33,0,-2,0,0,1,54,4002,3971,-16,175,35,467,37198,36918,106,0,6,57,-64032,0,0,0,0,1,10,19,24,0,4042,0,0,0,0,0,0,0,0,0,-7,0,0,0
2558.72,0,0,0,0,0,3447,1.55248,0.00173984,1.5714,58,0,24,24,33,0,-2,0,0,1,54,4002,3971,-15,175,35,467,37198,36918,106,0,6,57,-60030,0,0,0,0,1,1,8,12,0,4042,0,0,0,0,0,0,0,0,0,-4,0,0,0
2558.73,0,0,0,0,0,3440,1.55202,0.00174009,1.57127,58,0,24,24,33,0,-2,0,0,1,54,4002,3971,-15,175,35,467,37198,36918,106,0,6,57,-60030,0,0,0,0,1,24,0,8,0,4050,0,0,0,0,0,0,0,0,0,-6,0,0,0
2558.74,0,0,0,0,0,3429,1.55156,0.00174035,1.57114,58,0,24,24,33,0,-2,0,0,1,54,4002,3971,-23,175,35,467,37198,36918,106,0,6,57,-92046,0,0,0,0,1,22,9,20,0,4050,0,0,0,0,0,0,0,0,0,-1,0,0,0
2558.75,0,0,0,0,0,3429,1.55109,0.0017406,1.57101,58,0,24,24,33,0,-2,0,0,1,54,4002,3971,-25,175,35,467,37198,36918,106,0,6,57,-100050,0,0,0,0,1,22,9,20,0,4057,0,0,0,0,0,0,0,0,0,-5,0,0,0
2558.76,0,0,0,0,0,3416,1.55063,0.00174086,1.57087,58,0,24,24,33,0,-2,0,0,1,54,4003,3971,-30,175,35,467,37198,36918,106,0,6,57,-120090,0,0,0,0,1,0,13,6,3,4057,0,0,0,0,0,0,0,0,0,-5,0,0,0
2558.77,0,0,0,0,0,3403,1.55017,0.00174112,1.57074,58,0,24,24,33,0,-2,0,0,1,54,4003,3971,-30,175,35,467,37198,36918,106,0,6,57,-120090,0,0,0,0,1,0,17,6,2,4063,0,0,0,0,0,0,0,0,0,11,0,0,0
2558.78,0,0,0,0,0,3389,1.5497,0.00174137,1.57061,58,0,24,24,33,0,-2,0,0,1,54,4003,3989,-33,175,35,467,37198,36918,106,0,6,57,-132099,0,0,0,0,1,2,3,10,3,4038,0,0,0,0,0,0,0,0,0,0,0,0,0
2558.79,0,0,0,0,0,3373,1.54924,0.00174163,1.57048,58,0,24,24,33,0,-2,0,0,1,54,4010,3989,-32,175,35,467,37198,36918,106,0,6,57,-128320,0,0,0,0,1,43,0,0,6,4042,0,0,0,0,0,0,0,0,0,-17,0,0,0
2558.8,0,0,0,0,0,3357,1.54878,0.00174188,1.57034,58,0,24,24,33,0,-2,0,0,1,54,4010,3989,-27,175,35,467,37226,36965,106,0,2,57,-108270,0,0,0,0,1,0,25,10,0,4048,0,0,0,0,0,0,0,0,0,-2,0,0,0
2558.81,0,0,0,0,0,3357,1.54913,0.00173103,1.57005,58,0,24,24,33,0,-2,0,0,1,54,4010,3989,-27,175,35,467,37226,36965,106,0,2,57,-108270,0,0,0,0,1,0,25,10,0,4059,0,0,0,0,0,0,0,0,0,-3,0,0,0
2558.82,0,0,0,0,0,3341,1.54949,0.00172018,1.56976,58,0,24,24,33,0,-2,0,0,1,54,4009,3989,-16,175,35,467,37226,36965,106,0,2,57,-64144,0,0,0,0,1,0,0,8,1,4059,0,0,0,0,0,0,0,0,0,-3,0,0,0
2558.83,0,0,0,0,0,3326,1.54985,0.00170932,1.56947,58,0,24,24,33,0,-2,0,0,1,54,4009,3989,-12,175,35,467,37226,36965,106,0,2,57,-48108,0,0,0,0,1,10,0,0,0,4044,0,0,0,0,0,0,0,0,0,-14,0,0,0
2558.84,0,0,0,0,0,3315,1.5502,0.00169847,1.56918,58,0,24,24,33,0,-2,0,0,1,54,4006,3989,-15,175,35,467,37226,36965,106,0,2,57,-60090,0,0,0,0,1,14,3,12,0,4053,0,0,0,0,0,0,0,0,0,6,0,0,0
2558.85,0,0,0,0,0,3305,1.55056,0.00168762,1.56889,58,0,24,24,33,0,-2,0,0,1,54,4006,3989,-15,175,35,467,37226,36965,106,0,2,57,-60090,0,0,0,0,1,0,17,0,0,4055,0,0,0,0,0,0,0,0,0,11,0,0,0
2558.86,0,0,0,0,0,3295,1.55091,0.00167676,1.5686,58,0,24,24,33,0,-2,0,0,1,54,4005,3989,-21,175,35,467,37226,36965,106,0,2,57,-84105,0,0,0,0,1,14,0,0,0,4055,0,0,0,0,0,0,0,0,0,0,0,0,0
2558.87,0,0,0,0,0,3295,1.55127,0.00166591,1.56831,58,0,24,24,33,0,-2,0,0,1,54,4005,3989,-19,175,35,467,37226,36965,106,0,2,57,-76095,0,0,0,0,1,14,0,0,0,4059,0,0,0,0,0,0,0,0,0,20,0,0,0
2558.88,0,0,0,0,0,3284,1.55163,0.00165505,1.56802,58,0,24,24,33,0,-2,0,0,1,54,4005,3989,-25,175,35,467,37226,36965,106,0,2,57,-100125,0,0,0,0,1,10,23,24,2,4059,0,0,0,0,0,0,0,0,0,20,0,0,0
2558.89,0,0,0,0,0,3270,1.55198,0.0016442,1.56773,58,0,24,24,33,0,-2,0,0,1,54,4005,3989,-25,175,35,467,37226,36965,106,0,2,57,-100125,0,0,0,0,1,20,0,0,4,4046,0,0,0,0,0,0,0,0,0,-13,0,0,0
2558.9,0,0,0,0,0,3254,1.55234,0.00163335,1.56744,58,0,24,24,33,0,-2,0,0,1,53,4006,3989,-32,175,35,467,37189,36949,106,0,41,57,-128192,0,0,0,0,1,0,0,39,2,4044,0,0,0,0,0,0,0,0,0,-10,0,0,0
2558.91,0,0,0,0,0,3243,1.55224,0.00163083,1.56779,58,0,24,24,33,0,-2,0,0,1,53,4010,3989,-24,175,35,467,37189,36949,106,0,41,57,-96240,0,0,0,0,1,5,0,0,0,4048,0,0,0,0,0,0,0,0,0,4,0,0,0
2558.92,0,0,0,0,0,3232,1.55214,0.00162832,1.56815,58,0,24,24,33,0,-2,0,0,1,53,4010,3989,-25,175,35,467,37189,36949,106,0,41,57,-100250,0,0,0,0,1,1,29,12,0,4059,0,0,0,0,0,0,0,0,0,27,0,0,0
2558.93,0,0,0,0,0,3232,1.55205,0.0016258,1.5685,58,0,24,24,33,0,-2,0,0,1,53,4010,3989,-25,175,35,467,37189,36949,106,0,41,57,-100250,0,0,0,0,1,1,29,12,0,4068,0,0,0,0,0,0,0,0,0,0,0,0,0
2558.94,0,0,0,0,0,3221,1.55195,0.00162328,1.56885,58,0,24,24,33,0,-2,0,0,1,53,4010,3989,-24,175,35,467,37189,36949,106,0,41,57,-96240,0,0,0,0,1,19,0,0,0,4068,0,0,0,0,0,0,0,0,0,0,0,0,0
2558.95,0,0,0,0,0,3208,1.55185,0.00162077,1.5692,58,0,24,24,33,0,-2,0,0,1,53,4010,3989,-20,175,35,467,37189,36949,106,0,41,57,-80200,0,0,0,0,1,5,0,2,4,4059,0,0,0,0,0,0,0,0,0,-6,0,0,0
2558.96,0,0,0,0,0,3195,1.55175,0.00161825,1.56955,58,0,24,24,33,0,-2,0,0,1,53,4010,3989,-18,175,35,467,37189,36949,106,0,41,57,-72180,0,0,0,0,1,1,8,2,0,4050,0,0,0,0,0,0,0,0,0,-1,0,0,0
2558.97,0,0,0,0,0,3181,1.55166,0.00161574,1.5699,58,0,24,24,33,0,-2,0,0,1,53,4010,3989,-18,175,35,467,37189,36949,106,0,41,57,-72180,0,0,0,0,1,14,9,2,1,4044,0,0,0,0,0,0,0,0,0,-13,0,0,0
2558.98,0,0,0,0,0,3169,1.55156,0.00161322,1.57025,58,0,24,24,33,0,-2,0,0,1,53,4008,3989,-17,175,35,467,37189,36949,106,0,41,57,-68136,0,0,0,0,1,0,31,18,0,4079,0,0,0,0,0,0,0,0,0,18,0,0,0
2558.99,0,0,0,0,0,3169,1.55146,0.00161071,1.5706,58,0,24,24,33,0,-2,0,0,1,53,4008,3989,-18,175,35,467,37189,36949,106,0,41,57,-72144,0,0,0,0,1,0,31,18,0,4063,0,0,0,0,0,0,0,0,0,3,0,0,0
2559,0,0,0,0,0,3157,1.55136,0.00160819,1.57095,58,0,24,24,33,0,-2,0,0,1,54,4008,3989,-18,175,35,467,37205,36962,105,0,38,57,-72144,0,0,0,0,1,7,0,12,0,4063,0,0,0,0,0,0,0,0,0,3,0,0,0
2559.01,0,0,0,0,0,3148,1.55136,0.00160839,1.57083,58,0,24,24,33,0,-2,0,0,1,54,4008,3989,-18,175,35,467,37205,36962,105,0,38,57,-72144,0,0,0,0,1,1,3,0,0,4050,0,0,0,0,0,0,0,0,0,-2,0,0,0
2559.02,0,0,0,0,0,3137,1.55135,0.00160859,1.57072,58,0,24,24,33,0,-2,0,0,1,54,4009,3989,-26,175,35,467,37205,36962,105,0,38,57,-104234,0,0,0,0,1,0,5,12,0,4061,0,0,0,0,0,0,0,0,0,3,0,0,0
2559.03,0,0,0,0,0,3124,1.55135,0.00160879,1.5706,58,0,24,24,33,0,-2,0,0,1,54,4011,3989,-28,175,35,467,37205,36962,105,0,38,57,-112308,0,0,0,0,1,0,11,12,2,4048,0,0,0,0,0,0,0,0,0,-3,0,0,0
2559.04,0,0,0,0,0,3111,1.55134,0.00160898,1.57048,58,0,24,24,33,0,-2,0,0,1,54,4011,3989,-27,175,35,467,37205,36962,105,0,38,57,-108297,0,0,0,0,1,8,21,0,2,4063,0,0,0,0,0,0,0,0,0,-10,0,0,0
2559.05,0,0,0,0,0,3111,1.55133,0.00160918,1.57037,58,0,24,24,33,0,-2,0,0,1,54,4011,3989,-27,175,35,467,37205,36962,105,0,38,57,-108297,0,0,0,0,1,8,21,0,2,4050,0,0,0,0,0,0,0,0,0,-14,0,0,0
2559.06,0,0,0,0,0,3098,1.55133,0.00160938,1.57025,58,0,24,24,33,0,-2,0,0,1,54,4014,3989,-18,175,35,467,37205,36962,105,0,38,57,-72252,0,0,0,0,1,19,5,0,0,4050,0,0,0,0,0,0,0,0,0,-14,0,0,0
2559.07,0,0,0,0,0,3090,1.55132,0.00160958,1.57013,58,0,24,24,33,0,-2,0,0,1,54,4014,3989,-21,175,35,467,37205,36962,105,0,38,57,-84294,0,0,0,0,1,5,15,0,0,4050,0,0,0,0,0,0,0,0,0,-1,0,0,0
2559.08,0,0,0,0,0,3079,1.55132,0.00160978,1.57001,58,0,24,24,33,0,-2,0,0,1,54,4013,3989,-17,175,35,467,37205,36962,105,0,38,57,-68221,0,0,0,0,1,2,23,8,1,4059,0,0,0,0,0,0,0,0,0,14,0,0,0
2559.09,0,0,0,0,0,3065,1.55131,0.00160998,1.5699,58,0,24,24,33,0,-2,0,0,1,54,4013,3989,-17,175,35,467,37205,36962,105,0,38,57,-68221,0,0,0,0,1,10,29,21,1,4059,0,0,0,0,0,0,0,0,0,24,0,0,0
2559.1,0,0,0,0,0,3051,1.55131,0.00161018,1.56978,58,0,24,24,33,0,-2,0,0,1,54,4011,3989,-16,175,35,467,37241,37007,106,0,41,57,-64176,0,0,0,0,1,19,15,10,0,4063,0,0,0,0,0,0,0,0,0,18,0,0,0
2559.11,0,0,0,0,0,3051,1.55105,0.00160735,1.56946,58,0,24,24,33,0,-2,0,0,1,54,4011,3989,-16,175,35,467,37241,37007,106,0,41,57,-64176,0,0,0,0,1,19,15,10,0,4063,0,0,0,0,0,0,0,0,0,4,0,0,0
2559.12,0,0,0,0,0,3038,1.55079,0.00160452,1.56915,58,0,24,24,33,0,-2,0,0,1,54,4011,3989,-15,175,35,467,37241,37007,106,0,41,57,-60165,0,0,0,0,1,10,3,6,0,4057,0,0,0,0,0,0,0,0,0,4,0,0,0
2559.13,0,0,0,0,0,3024,1.55054,0.0016017,1.56883,58,0,24,24,33,0,-2,0,0,1,54,4011,3989,-15,175,35,467,37241,37007,106,0,41,57,-60165,0,0,0,0,1,13,0,18,0,4065,0,0,0,0,0,0,0,0,0,7,0,0,0
2559.14,0,0,0,0,0,3015,1.55028,0.00159887,1.56852,58,0,24,24,33,0,-2,0,0,1,54,4010,3999,-22,175,35,467,37241,37007,106,0,41,57,-88220,0,0,0,0,1,16,0,33,0,4063,0,0,0,0,0,0,0,0,0,7,0,0,0
2559.15,0,0,0,0,0,3006,1.55002,0.00159604,1.5682,58,0,24,24,33,0,-2,0,0,1,54,4010,3999,-19,175,35,467,37241,37007,106,0,41,57,-76190,0,0,0,0,1,13,0,16,0,4055,0,0,0,0,0,0,0,0,0,5,0,0,0
2559.16,0,0,0,0,0,3000,1.54977,0.00159322,1.56788,58,0,24,24,33,0,-2,0,0,1,54,4012,3999,-21,175,35,467,37241,37007,106,0,41,57,-84252,0,0,0,0,1,26,11,20,0,4061,0,0,0,0,0,0,0,0,0,2,0,0,0
2559.17,0,0,0,0,0,3000,1.54951,0.00159039,1.56757,58,0,24,24,33,0,-2,0,0,1,54,4012,3999,-21,175,35,467,37241,37007,106,0,41,57,-84252,0,0,0,0,1,26,11,20,0,4059,0,0,0,0,0,0,0,0,0,3,0,0,0
2559.18,0,0,0,0,0,2990,1.54926,0.00158756,1.56725,58,0,24,24,33,0,-2,0,0,1,54,4015,3999,-18,175,35,467,37241,37007,106,0,41,57,-72270,0,0,0,0,1,13,5,16,0,4059,0,0,0,0,0,0,0,0,0,3,0,0,0
2559.19,0,0,0,0,0,2974,1.549,0.00158474,1.56693,58,0,24,24,33,0,-2,0,0,1,54,4015,3999,-13,175,35,467,37241,37007,106,0,41,57,-52195,0,0,0,0,1,0,0,20,0,4065,0,0,0,0,0,0,0,0,0,0,0,0,0
2559.2,0,0,0,0,0,2960,1.54874,0.00158191,1.56662,58,0,24,24,33,0,-2,0,0,1,54,4015,3999,-13,175,35,467,37271,37035,106,0,38,57,-52195,0,0,0,0,1,0,19,16,1,4070,0,0,0,0,0,0,0,0,0,3,0,0,0
2559.21,0,0,0,0,0,2946,1.54907,0.00158509,1.56691,58,0,24,24,33,0,-2,0,0,1,54,4015,3999,-13,175,35,467,37271,37035,106,0,38,57,-52195,0,0,0,0,1,16,13,24,0,4065,0,0,0,0,0,0,0,0,0,18,0,0,0
2559.22,0,0,0,0,0,2937,1.5494,0.00158827,1.56721,58,0,24,24,33,0,-2,0,0,1,54,4012,3999,-20,175,35,467,37271,37035,106,0,38,57,-80240,0,0,0,0,1,13,17,0,0,4070,0,0,0,0,0,0,0,0,0,15,0,0,0
2559.23,0,0,0,0,0,2937,1.54973,0.00159145,1.56751,58,0,24,24,33,0,-2,0,0,1,54,4012,3999,-19,175,35,467,37271,37035,106,0,38,57,-76228,0,0,0,0,1,13,17,0,0,4053,0,0,0,0,0,0,0,0,0,0,0,0,0
2559.24,0,0,0,0,0,2927,1.55006,0.00159463,1.56781,58,0,24,24,33,0,-2,0,0,1,54,4014,3999,-19,175,35,467,37271,37035,106,0,38,57,-76266,0,0,0,0,1,20,19,24,1,4053,0,0,0,0,0,0,0,0,0,0,0,0,0
2559.25,0,0,0,0,0,2917,1.55039,0.00159781,1.5681,58,0,24,24,33,0,-2,0,0,1,54,4014,3999,-19,175,35,467,37271,37035,106,0,38,57,-76266,0,0,0,0,1,13,13,0,2,4048,0,0,0,0,0,0,0,0,0,-13,0,0,0
2559.26,0,0,0,0,0,2906,1.55072,0.001601,1.5684,58,0,24,24,33,0,-2,0,0,1,54,4015,3999,-15,175,35,467,37271,37035,106,0,38,57,-60225,0,0,0,0,1,8,3,0,2,4076,0,0,0,0,0,0,0,0,0,-5,0,0,0
2559.27,0,0,0,0,0,2895,1.55105,0.00160418,1.5687,58,0,24,24,33,0,-2,0,0,1,54,4015,3999,-19,175,35,467,37271,37035,106,0,38,57,-76285,0,0,0,0,1,0,0,2,2,4070,0,0,0,0,0,0,0,0,0,-10,0,0,0
2559.28,0,0,0,0,0,2884,1.55138,0.00160736,1.56899,58,0,24,24,33,0,-2,0,0,1,54,4014,3999,-17,175,35,467,37271,37035,106,0,38,57,-68238,0,0,0,0,1,0,17,0,0,4083,0,0,0,0,0,0,0,0,0,8,0,0,0
2559.29,0,0,0,0,0,2884,1.5517,0.00161054,1.56929,58,0,24,24,33,0,-2,0,0,1,54,4014,3999,-17,175,35,467,37271,37035,106,0,38,57,-68238,0,0,0,0,1,0,17,0,0,4055,0,0,0,0,0,0,0,0,0,3,0,0,0
2559.3,0,0,0,0,0,2874,1.55203,0.00161372,1.56959,58,0,24,24,33,0,-2,0,0,1,54,4014,4002,-15,175,35,467,37257,37022,106,0,38,57,-60210,0,0,0,0,1,7,2,2,0,4055,0,0,0,0,0,0,0,0,0,3,0,0,0
2559.31,0,0,0,0,0,2864,1.55207,0.00161536,1.56971,58,0,24,24,33,0,-2,0,0,1,54,4014,4002,-18,175,35,467,37257,37022,106,0,38,57,-72252,0,0,0,0,1,8,0,16,0,4070,0,0,0,0,0,0,0,0,0,-14,0,0,0
2559.32,0,0,0,0,0,2853,1.5521,0.00161699,1.56984,58,0,24,24,33,0,-2,0,0,1,54,4015,4002,-18,175,35,467,37257,37022,106,0,38,57,-72270,0,0,0,0,1,36,5,24,0,4074,0,0,0,0,0,0,0,0,0,12,0,0,0
2559.33,0,0,0,0,0,2842,1.55213,0.00161863,1.56997,58,0,24,24,33,0,-2,0,0,1,54,4015,4002,-18,175,35,467,37257,37022,106,0,38,57,-72270,0,0,0,0,1,0,11,26,2,4059,0,0,0,0,0,0,0,0,0,7,0,0,0
2559.34,0,0,0,0,0,2830,1.55217,0.00162026,1.5701,58,0,24,24,33,0,-2,0,0,1,54,4016,4002,-16,175,35,467,37257,37022,106,0,38,57,-64256,0,0,0,0,1,34,0,0,3,4053,0,0,0,0,0,0,0,0,0,-20,0,0,0
2559.35,0,0,0,0,0,2830,1.5522,0.0016219,1.57022,58,0,24,24,33,0,-2,0,0,1,54,4016,4002,-16,175,35,467,37257,37022,106,0,38,57,-64256,0,0,0,0,1,34,0,0,3,4068,0,0,0,0,0,0,0,0,0,-9,0,0,0
2559.36,0,0,0,0,0,2817,1.55223,0.00162354,1.57035,58,0,24,24,33,0,-2,0,0,1,54,4016,4002,-16,175,35,467,37257,37022,106,0,38,57,-64256,0,0,0,0,1,0,11,0,3,4068,0,0,0,0,0,0,0,0,0,-9,0,0,0
2559.37,0,0,0,0,0,2804,1.55227,0.00162517,1.57048,58,0,24,24,33,0,-2,0,0,1,54,4016,4002,-16,175,35,467,37257,37022,106,0,38,57,-64256,0,0,0,0,1,0,0,0,0,4059,0,0,0,0,0,0,0,0,0,-3,0,0,0
2559.38,0,0,0,0,0,2795,1.5523,0.00162681,1.57061,58,0,24,24,33,0,-2,0,0,1,54,4015,4005,-16,175,35,467,37257,37022,106,0,38,57,-64240,0,0,0,0,1,13,8,41,0,4085,0,0,0,0,0,0,0,0,0,-7,0,0,0
2559.39,0,0,0,0,0,2790,1.55233,0.00162845,1.57074,58,0,24,24,33,0,-2,0,0,1,54,4015,4005,-16,175,35,467,37257,37022,106,0,38,57,-64240,0,0,0,0,1,19,37,0,0,4079,0,0,0,0,0,0,0,0,0,33,0,0,0
2559.4,0,0,0,0,0,2781,1.55237,0.00163008,1.57086,58,0,24,24,33,0,-2,0,0,1,54,4017,4005,-11,175,35,467,37285,37054,106,0,38,57,-44187,0,0,0,0,1,13,2,0,1,4055,0,0,0,0,0,0,0,0,0,-9,0,0,0
2559.41,0,0,0,0,0,2781,1.55215,0.0016273,1.57067,58,0,24,24,33,0,-2,0,0,1,54,4017,4005,-11,175,35,467,37285,37054,106,0,38,57,-44187,0,0,0,0,1,13,2,0,1,4063,0,0,0,0,0,0,0,0,0,-2,0,0,0
2559.42,0,0,0,0,0,2770,1.55192,0.00162451,1.57048,58,0,24,24,33,0,-2,0,0,1,54,4016,4005,-13,175,35,467,37285,37054,106,0,38,57,-52208,0,0,0,0,1,0,3,21,2,4063,0,0,0,0,0,0,0,0,0,-2,0,0,0
2559.43,0,0,0,0,0,2756,1.5517,0.00162173,1.5703,58,0,24,24,33,0,-2,0,0,1,54,4016,4005,-9,175,35,467,37285,37054,106,0,38,57,-36144,0,0,0,0,1,19,5,0,2,4050,0,0,0,0,0,0,0,0,0,-20,0,0,0
2559.44,0,0,0,0,0,2741,1.55148,0.00161895,1.57011,58,0,24,24,33,0,-2,0,0,1,54,4017,4005,-11,175,35,467,37285,37054,106,0,38,57,-44187,0,0,0,0,1,8,0,27,0,4070,0,0,0,0,0,0,0,0,0,6,0,0,0
2559.45,0,0,0,0,0,2730,1.55126,0.00161616,1.56992,58,0,24,24,33,0,-2,0,0,1,54,4017,4005,-11,175,35,467,37285,37054,106,0,38,57,-44187,0,0,0,0,1,20,2,0,1,4053,0,0,0,0,0,0,0,0,0,-14,0,0,0
2559.46,0,0,0,0,0,2720,1.55104,0.00161338,1.56973,58,0,24,24,33,0,-2,0,0,1,54,4017,4008,-15,175,35,467,37285,37054,106,0,38,57,-60255,0,0,0,0,1,0,17,0,0,4074,0,0,0,0,0,0,0,0,0,2,0,0,0
2559.47,0,0,0,0,0,2720,1.55082,0.0016106,1.56954,58,0,24,24,33,0,-2,0,0,1,54,4017,4008,-15,175,35,467,37285,37054,106,0,38,57,-60255,0,0,0,0,1,0,17,0,0,4089,0,0,0,0,0,0,0,0,0,-3,0,0,0
2559.48,0,0,0,0,0,2714,1.5506,0.00160781,1.56935,58,0,24,24,33,0,-2,0,0,1,54,4017,4008,-13,175,35,467,37285,37054,106,0,38,57,-52221,0,0,0,0,1,13,0,30,0,4089,0,0,0,0,0,0,0,0,0,-3,0,0,0
2559.49,0,0,0,0,0,2704,1.55038,0.00160503,1.56916,58,0,24,24,33,0,-2,0,0,1,54,4017,4008,-13,175,35,467,37285,37054,106,0,38,57,-52221,0,0,0,0,1,2,23,0,0,4057,0,0,0,0,0,0,0,0,0,12,0,0,0
2559.5,0,0,0,0,0,2699,1.55016,0.00160225,1.56897,58,0,24,24,33,0,-2,0,0,1,54,4018,4008,-7,175,35,467,37294,37062,106,0,38,57,-28126,0,0,0,0,1,0,13,0,0,4072,0,0,0,0,0,0,0,0,0,-8,0,0,0
2559.51,0,0,0,0,0,2687,1.55009,0.00160567,1.56901,58,0,24,24,33,0,-2,0,0,1,54,4018,4008,-7,175,35,467,37294,37062,106,0,38,57,-28126,0,0,0,0,1,19,2,8,2,4046,0,0,0,0,0,0,0,0,0,-13,0,0,0
2559.52,0,0,0,0,0,2672,1.55003,0.0016091,1.56904,58,0,24,24,33,0,-2,0,0,1,54,4018,4008,-11,175,35,467,37294,37062,106,0,38,57,-44198,0,0,0,0,1,13,15,14,2,4074,0,0,0,0,0,0,0,0,0,15,0,0,0
2559.53,0,0,0,0,0,2672,1.54996,0.00161252,1.56908,58,0,24,24,33,0,-2,0,0,1,54,4018,4008,-11,175,35,467,37294,37062,106,0,38,57,-44198,0,0,0,0,1,13,15,14,2,4072,0,0,0,0,0,0,0,0,0,-7,0,0,0
2559.54,0,0,0,0,0,2661,1.5499,0.00161594,1.56912,58,0,24,24,33,0,-2,0,0,1,54,4017,4008,-14,175,35,467,37294,37062,106,0,38,57,-56238,0,0,0,0,1,0,15,0,2,4072,0,0,0,0,0,0,0,0,0,-7,0,0,0
2559.55,0,0,0,0,0,2648,1.54983,0.00161937,1.56915,58,0,24,24,33,0,-2,0,0,1,54,4017,4008,-14,175,35,467,37294,37062,106,0,38,57,-56238,0,0,0,0,1,14,13,18,0,4057,0,0,0,0,0,0,0,0,0,-16,0,0,0
2559.56,0,0,0,0,0,2639,1.54977,0.00162279,1.56919,58,0,24,24,33,0,-2,0,0,1,54,4017,4008,-14,175,35,467,37294,37062,106,0,38,57,-56238,0,0,0,0,1,0,25,8,0,4061,0,0,0,0,0,0,0,0,0,14,0,0,0
2559.57,0,0,0,0,0,2633,1.5497,0.00162622,1.56923,58,0,24,24,33,0,-2,0,0,1,54,4017,4008,-14,175,35,467,37294,37062,106,0,38,57,-56238,0,0,0,0,1,0,0,2,0,4072,0,0,0,0,0,0,0,0,0,-1,0,0,0
2559.58,0,0,0,0,0,2623,1.54964,0.00162964,1.56926,58,0,24,24,33,0,-2,0,0,1,54,4018,4008,-13,175,35,467,37294,37062,106,0,38,57,-52234,0,0,0,0,1,32,11,12,0,4081,0,0,0,0,0,0,0,0,0,-8,0,0,0
2559.59,0,0,0,0,0,2623,1.54957,0.00163306,1.5693,58,0,24,24,33,0,-2,0,0,1,54,4017,4008,-15,175,35,467,37294,37062,106,0,38,57,-60255,0,0,0,0,1,32,11,12,0,4048,0,0,0,0,0,0,0,0,0,-23,0,0,0
2559.6,0,0,0,0,0,2613,1.54951,0.00163649,1.56934,58,0,24,24,33,0,-2,0,0,1,54,4017,4008,-16,175,35,467,37281,37050,106,0,38,57,-64272,0,0,0,0,1,22,17,0,5,4048,0,0,0,0,0,0,0,0,0,-23,0,0,0
2559.61,0,0,0,0,0,2602,1.54971,0.00164847,1.56942,58,0,24,24,33,0,-2,0,0,1,54,4017,4008,-16,175,35,467,37281,37050,106,0,38,57,-64272,0,0,0,0,1,0,15,8,0,4061,0,0,0,0,0,0,0,0,0,8,0,0,0
2559.62,0,0,0,0,0,2590,1.54991,0.00166045,1.5695,58,0,24,24,33,0,-2,0,0,1,54,4019,4008,-10,175,35,467,37281,37050,106,0,38,57,-40190,0,0,0,0,1,5,21,27,0,4074,0,0,0,0,0,0,0,0,0,16,0,0,0
2559.63,0,0,0,0,0,2581,1.55011,0.00167243,1.56958,58,0,24,24,33,0,-2,0,0,1,54,4019,4008,-10,175,35,467,37281,37050,106,0,38,57,-40190,0,0,0,0,1,0,0,0,0,4076,0,0,0,0,0,0,0,0,0,-4,0,0,0
2559.64,0,0,0,0,0,2571,1.55031,0.00168442,1.56967,58,0,24,24,33,0,-2,0,0,1,54,4019,4008,-12,175,35,467,37281,37050,106,0,38,57,-48228,0,0,0,0,1,24,0,16,0,4074,0,0,0,0,0,0,0,0,0,11,0,0,0
2559.65,0,0,0,0,0,2571,1.55051,0.0016964,1.56975,58,0,24,24,33,0,-2,0,0,1,54,4019,4008,-12,175,35,467,37281,37050,106,0,38,57,-48228,0,0,0,0,1,24,0,16,0,4089,0,0,0,0,0,0,0,0,0,0,0,0,0
2559.66,0,0,0,0,0,2564,1.55071,0.00170838,1.56983,58,0,24,24,33,0,-2,0,0,1,54,4019,4008,-11,175,35,467,37281,37050,106,0,38,57,-44209,0,0,0,0,1,7,0,0,0,4089,0,0,0,0,0,0,0,0,0,0,0,0,0
2559.67,0,0,0,0,0,2553,1.55091,0.00172036,1.56991,58,0,24,24,33,0,-2,0,0,1,54,4017,4008,-12,175,35,467,37281,37050,106,0,38,57,-48204,0,0,0,0,1,16,0,0,0,4063,0,0,0,0,0,0,0,0,0,-4,0,0,0
2559.68,0,0,0,0,0,2544,1.55112,0.00173234,1.57,58,0,24,24,33,0,-2,0,0,1,54,4017,4008,-14,175,35,467,37281,37050,106,0,38,57,-56238,0,0,0,0,1,24,9,0,1,4050,0,0,0,0,0,0,0,0,0,-14,0,0,0
2559.69,0,0,0,0,0,2532,1.55132,0.00174433,1.57008,58,0,24,24,33,0,-2,0,0,1,54,4017,4008,-14,175,35,467,37281,37050,106,0,38,57,-56238,0,0,0,0,1,28,0,2,3,4061,0,0,0,0,0,0,0,0,0,-11,0,0,0
2559.7,0,0,0,0,0,2519,1.55152,0.00175631,1.57016,58,0,24,24,33,0,-2,0,0,1,54,4019,4008,-14,175,35,467,37280,37045,106,0,38,57,-56266,0,0,0,0,1,8,27,0,2,4063,0,0,0,0,0,0,0,0,0,-5,0,0,0
2559.71,0,0,0,0,0,2519,1.55149,0.00173625,1.57018,58,0,24,24,33,0,-2,0,0,1,54,4019,4011,-11,175,35,467,37280,37045,106,0,38,57,-44209,0,0,0,0,1,1,13,0,0,4055,0,0,0,0,0,0,0,0,0,-1,0,0,0
2559.72,0,0,0,0,0,2509,1.55146,0.0017162,1.57019,58,0,24,24,33,0,-2,0,0,1,54,4019,4011,-13,175,35,467,37280,37045,106,0,38,57,-52247,0,0,0,0,1,1,13,0,0,4055,0,0,0,0,0,0,0,0,0,-1,0,0,0
2559.73,0,0,0,0,0,2501,1.55143,0.00169615,1.5702,58,0,24,24,33,0,-2,0,0,1,54,4019,4011,-13,175,35,467,37280,37045,106,0,38,57,-52247,0,0,0,0,1,13,37,0,0,4053,0,0,0,0,0,0,0,0,0,4,0,0,0
2559.74,0,0,0,0,0,2496,1.5514,0.00167609,1.57022,58,0,24,24,33,0,-2,0,0,1,54,4021,4011,-9,175,35,467,37280,37045,106,0,38,57,-36189,0,0,0,0,1,8,23,0,0,4059,0,0,0,0,0,0,0,0,0,0,0,0,0
2559.75,0,0,0,0,0,2490,1.55137,0.00165604,1.57023,58,0,24,24,33,0,-2,0,0,1,54,4019,4011,-6,175,35,467,37280,37045,106,0,38,57,-24114,0,0,0,0,1,7,17,0,0,4061,0,0,0,0,0,0,0,0,0,-1,0,0,0
2559.76,0,0,0,0,0,2479,1.55134,0.00163598,1.57025,58,0,24,24,33,0,-2,0,0,1,54,4019,4011,-10,175,35,467,37280,37045,106,0,38,57,-40190,0,0,0,0,1,24,8,10,5,4055,0,0,0,0,0,0,0,0,0,-15,0,0,0
2559.77,0,0,0,0,0,2479,1.55131,0.00161593,1.57026,58,0,24,24,33,0,-2,0,0,1,54,4019,4011,-10,175,35,467,37280,37045,106,0,38,57,-40190,0,0,0,0,1,24,8,10,5,4061,0,0,0,0,0,0,0,0,0,-24,0,0,0
2559.78,0,0,0,0,0,2466,1.55128,0.00159587,1.57028,58,0,24,24,33,0,-2,0,0,1,54,4020,4011,-17,175,35,467,37280,37045,106,0,38,57,-68340,0,0,0,0,1,34,2,6,5,4061,0,0,0,0,0,0,0,0,0,-24,0,0,0
2559.79,0,0,0,0,0,2452,1.55125,0.00157582,1.57029,58,0,24,24,33,0,-2,0,0,1,54,4020,4014,-10,175,35,467,37280,37045,106,0,38,57,-40200,0,0,0,0,1,38,0,0,3,4070,0,0,0,0,0,0,0,0,0,-21,0,0,0
2559.8,0,0,0,0,0,2438,1.55122,0.00155576,1.57031,58,0,24,24,33,0,-2,0,0,1,54,4020,4014,-10,175,35,467,37322,37091,106,0,38,57,-40200,0,0,0,0,1,19,8,0,1,4087,0,0,0,0,0,0,0,0,0,-9,0,0,0
2559.81,0,0,0,0,0,2427,1.55129,0.00156093,1.57034,58,0,24,24,33,0,-2,0,0,1,54,4020,4014,-10,175,35,467,37322,37091,106,0,38,57,-40200,0,0,0,0,1,22,2,24,0,4079,0,0,0,0,0,0,0,0,0,7,0,0,0
2559.82,0,0,0,0,0,2420,1.55136,0.0015661,1.57036,58,0,24,24,33,0,-2,0,0,1,54,4023,4014,-9,175,35,467,37322,37091,106,0,38,57,-36207,0,0,0,0,1,26,3,8,0,4085,0,0,0,0,0,0,0,0,0,8,0,0,0
2559.83,0,0,0,0,0,2420,1.55143,0.00157127,1.57039,58,0,24,24,33,0,-2,0,0,1,54,4022,4014,-4,175,35,467,37322,37091,106,0,38,57,-16088,0,0,0,0,1,26,3,8,0,4085,0,0,0,0,0,0,0,0,0,27,0,0,0
2559.84,0,0,0,0,0,2414,1.5515,0.00157644,1.57042,58,0,24,24,33,0,-2,0,0,1,54,4022,4014,-7,175,35,467,37322,37091,106,0,38,57,-28154,0,0,0,0,1,2,27,6,0,4085,0,0,0,0,0,0,0,0,0,27,0,0,0
2559.85,0,0,0,0,0,2414,1.55157,0.00158161,1.57045,58,0,24,24,33,0,-2,0,0,1,54,4022,4014,-7,175,35,467,37322,37091,106,0,38,57,-28154,0,0,0,0,1,0,23,0,0,4065,0,0,0,0,0,0,0,0,0,14,0,0,0
2559.86,0,0,0,0,0,2407,1.55164,0.00158677,1.57048,58,0,24,24,33,0,-2,0,0,1,54,4021,4014,-10,175,35,467,37322,37091,106,0,38,57,-40210,0,0,0,0,1,13,5,4,4,4065,0,0,0,0,0,0,0,0,0,-21,0,0,0
2559.87,0,0,0,0,0,2397,1.55171,0.00159194,1.57051,58,0,24,24,33,0,-2,0,0,1,54,4021,4014,-12,175,35,467,37322,37091,106,0,38,57,-48252,0,0,0,0,1,22,17,2,0,4076,0,0,0,0,0,0,0,0,0,-19,0,0,0
2559.88,0,0,0,0,0,2383,1.55178,0.00159711,1.57054,58,0,24,24,33,0,-2,0,0,1,54,4021,4016,-13,175,35,467,37322,37091,106,0,38,57,-52273,0,0,0,0,1,0,17,0,5,4087,0,0,0,0,0,0,0,0,0,-10,0,0,0
2559.89,0,0,0,0,0,2383,1.55185,0.00160228,1.57057,58,0,24,24,33,0,-2,0,0,1,54,4021,4016,-13,175,35,467,37322,37091,106,0,38,57,-52273,0,0,0,0,1,0,17,0,5,4072,0,0,0,0,0,0,0,0,0,-4,0,0,0
2559.9,0,0,0,0,0,2365,1.55192,0.00160745,1.5706,58,0,24,24,33,0,-2,0,0,1,54,4023,4016,-7,175,35,467,37339,37109,106,0,41,57,-28161,0,0,0,0,1,8,0,6,4,4072,0,0,0,0,0,0,0,0,0,-4,0,0,0
2559.91,0,0,0,0,0,2352,1.55187,0.00161035,1.57062,58,0,24,24,33,0,-2,0,0,1,54,4022,4016,-8,175,35,467,37339,37109,106,0,41,57,-32176,0,0,0,0,1,8,3,2,2,4057,0,0,0,0,0,0,0,0,0,-3,0,0,0
2559.92,0,0,0,0,0,2340,1.55182,0.00161326,1.57065,58,0,24,24,33,0,-2,0,0,1,54,4022,4016,-12,175,35,467,37339,37109,106,0,41,57,-48264,0,0,0,0,1,5,8,0,0,4076,0,0,0,0,0,0,0,0,0,-1,0,0,0
2559.93,0,0,0,0,0,2331,1.55178,0.00161616,1.57067,58,0,24,24,33,0,-2,0,0,1,54,4022,4016,-12,175,35,467,37339,37109,106,0,41,57,-48264,0,0,0,0,1,10,17,0,0,4081,0,0,0,0,0,0,0,0,0,25,0,0,0
2559.94,0,0,0,0,0,2329,1.55173,0.00161906,1.5707,58,0,24,24,33,0,-2,0,0,1,54,4020,4016,-11,175,35,467,37339,37109,106,0,41,57,-44220,0,0,0,0,1,0,13,24,0,4070,0,0,0,0,0,0,0,0,0,3,0,0,0
2559.95,0,0,0,0,0,2329,1.55168,0.00162197,1.57072,58,0,24,24,33,0,-2,0,0,1,54,4020,4016,-10,175,35,467,37339,37109,106,0,41,57,-40200,0,0,0,0,1,0,13,24,0,4087,0,0,0,0,0,0,0,0,0,-1,0,0,0
2559.96,0,0,0,0,0,2328,1.55163,0.00162487,1.57075,58,0,24,24,33,0,-2,0,0,1,54,4020,4016,-8,175,35,467,37339,37109,106,0,41,57,-32160,0,0,0,0,1,0,0,0,0,4087,0,0,0,0,0,0,0,0,0,-1,0,0,0
2559.97,0,0,0,0,0,2319,1.55159,0.00162778,1.57077,58,0,24,24,33,0,-2,0,0,1,54,4020,4016,-8,175,35,467,37339,37109,106,0,41,57,-32160,0,0,0,0,1,16,17,0,0,4085,0,0,0,0,0,0,0,0,0,12,0,0,0
2559.98,0,0,0,0,0,2312,1.55154,0.00163068,1.5708,58,0,24,24,33,0,-2,0,0,1,54,4022,4016,-6,175,35,467,37339,37109,106,0,41,57,-24132,0,0,0,0,1,34,2,0,2,4068,0,0,0,0,0,0,0,0,0,-22,0,0,0
2559.99,0,0,0,0,0,2299,1.55149,0.00163358,1.57082,58,0,24,24,33,0,-2,0,0,1,54,4023,4016,-8,175,35,467,37339,37109,106,0,41,57,-32184,0,0,0,0,1,0,13,4,4,4081,0,0,0,0,0,0,0,0,0,-11,0,0,0
2560,0,0,0,0,0,2284,1.55145,0.00163649,1.57085,58,0,24,24,33,0,-2,0,0,1,54,4023,4016,-8,175,35,467,37333,37109,106,0,38,57,-32184,0,0,0,0,1,30,3,0,5,4065,0,0,0,0,0,0,0,0,0,-10,0,0,0
2560.01,0,0,0,0,0,2284,1.5514,0.00163311,1.57078,58,0,24,24,33,0,-2,0,0,1,54,4023,4016,-8,175,35,467,37333,37109,106,0,38,57,-32184,0,0,0,0,1,30,3,0,5,4083,0,0,0,0,0,0,0,0,0,2,0,0,0
2560.02,0,0,0,0,0,2270,1.55136,0.00162974,1.57072,58,0,24,24,33,0,-2,0,0,1,54,4022,4016,-8,175,35,467,37333,37109,106,0,38,57,-32176,0,0,0,0,1,7,0,12,0,4083,0,0,0,0,0,0,0,0,0,2,0,0,0
2560.03,0,0,0,0,0,2260,1.55132,0.00162636,1.57066,58,0,24,24,33,0,-2,0,0,1,54,4022,4016,-11,175,35,467,37333,37109,106,0,38,57,-44242,0,0,0,0,1,5,19,0,0,4061,0,0,0,0,0,0,0,0,0,6,0,0,0
2560.04,0,0,0,0,0,2252,1.55128,0.00162298,1.5706,58,0,24,24,33,0,-2,0,0,1,54,4022,4016,-11,175,35,467,37333,37109,106,0,38,57,-44242,0,0,0,0,1,8,3,0,0,4083,0,0,0,0,0,0,0,0,0,1,0,0,0
2560.05,0,0,0,0,0,2245,1.55123,0.00161961,1.57054,58,0,24,24,33,0,-2,0,0,1,54,4022,4016,-11,175,35,467,37333,37109,106,0,38,57,-44242,0,0,0,0,1,7,21,0,0,4061,0,0,0,0,0,0,0,0,0,8,0,0,0
2560.06,0,0,0,0,0,2239,1.55119,0.00161623,1.57047,58,0,24,24,33,0,-2,0,0,1,54,4024,4016,-9,175,35,467,37333,37109,106,0,38,57,-36216,0,0,0,0,1,16,19,14,0,4083,0,0,0,0,0,0,0,0,0,2,0,0,0
2560.07,0,0,0,0,0,2239,1.55115,0.00161286,1.57041,58,0,24,24,33,0,-2,0,0,1,54,4024,4016,-7,175,35,467,37333,37109,106,0,38,57,-28168,0,0,0,0,1,16,19,14,0,4068,0,0,0,0,0,0,0,0,0,-5,0,0,0
2560.08,0,0,0,0,0,2233,1.5511,0.00160948,1.57035,58,0,24,24,33,0,-2,0,0,1,54,4024,4016,-4,175,35,467,37333,37109,106,0,38,57,-16096,0,0,0,0,1,5,11,4,0,4068,0,0,0,0,0,0,0,0,0,-5,0,0,0
2560.09,0,0,0,0,0,2228,1.55106,0.00160611,1.57029,58,0,24,24,33,0,-2,0,0,1,54,4024,4016,-4,175,35,467,37333,37109,106,0,38,57,-16096,0,0,0,0,1,0,17,0,0,4081,0,0,0,0,0,0,0,0,0,-7,0,0,0
2560.1,0,0,0,0,0,2216,1.55102,0.00160273,1.57023,58,0,24,24,34,0,-2,0,0,1,54,4023,4016,-3,175,35,467,37352,37123,106,0,38,57,-12069,0,0,0,0,1,20,0,0,3,4065,0,0,0,0,0,0,0,0,0,-12,0,0,0
2560.11,0,0,0,0,0,2203,1.55096,0.00159898,1.57028,58,0,24,24,34,0,-2,0,0,1,54,4023,4018,-7,175,35,467,37352,37123,106,0,38,57,-28161,0,0,0,0,1,5,35,32,0,4091,0,0,0,0,0,0,0,0,0,24,0,0,0
2560.12,0,0,0,0,0,2192,1.5509,0.00159523,1.57033,58,0,24,24,34,0,-2,0,0,1,54,4023,4018,-8,175,35,467,37352,37123,106,0,38,57,-32184,0,0,0,0,1,24,11,0,0,4085,0,0,0,0,0,0,0,0,0,-15,0,0,0
2560.13,0,0,0,0,0,2192,1.55084,0.00159148,1.57038,58,0,24,24,34,0,-2,0,0,1,54,4023,4018,-8,175,35,467,37352,37123,106,0,38,57,-32184,0,0,0,0,1,24,11,0,0,4074,0,0,0,0,0,0,0,0,0,7,0,0,0
2560.14,0,0,0,0,0,2183,1.55078,0.00158772,1.57043,58,0,24,24,34,0,-2,0,0,1,54,4024,4018,-10,175,35,467,37352,37123,106,0,38,57,-40240,0,0,0,0,1,0,29,0,0,4074,0,0,0,0,0,0,0,0,0,7,0,0,0
2560.15,0,0,0,0,0,2176,1.55072,0.00158397,1.57048,58,0,24,24,34,0,-2,0,0,1,54,4026,4018,-11,175,35,467,37352,37123,106,0,38,57,-44286,0,0,0,0,1,0,0,0,0,4089,0,0,0,0,0,0,0,0,0,-4,0,0,0
2560.16,0,0,0,0,0,2168,1.55067,0.00158022,1.57054,58,0,24,24,34,0,-2,0,0,1,54,4026,4018,-14,175,35,467,37352,37123,106,0,38,57,-56364,0,0,0,0,1,10,8,6,0,4087,0,0,0,0,0,0,0,0,0,-9,0,0,0
2560.17,0,0,0,0,0,2158,1.55061,0.00157647,1.57059,58,0,24,24,34,0,-2,0,0,1,54,4026,4018,-14,175,35,467,37352,37123,106,0,38,57,-56364,0,0,0,0,1,22,8,0,2,4063,0,0,0,0,0,0,0,0,0,0,0,0,0
2560.18,0,0,0,0,0,2147,1.55055,0.00157271,1.57064,58,0,24,24,34,0,-2,0,0,1,54,4026,4018,-5,175,35,467,37352,37123,106,0,38,57,-20130,0,0,0,0,1,8,23,20,0,4085,0,0,0,0,0,0,0,0,0,6,0,0,0
2560.19,0,0,0,0,0,2147,1.55049,0.00156896,1.57069,58,0,24,24,34,0,-2,0,0,1,54,4026,4018,-3,175,35,467,37352,37123,106,0,38,57,-12078,0,0,0,0,1,8,23,20,0,4087,0,0,0,0,0,0,0,0,0,-2,0,0,0
2560.2,0,0,0,0,0,2137,1.55043,0.00156521,1.57074,58,0,24,24,33,0,-2,0,0,1,54,4026,4019,-3,175,35,467,37361,37134,106,0,41,57,-12078,0,0,0,0,1,13,5,0,0,4087,0,0,0,0,0,0,0,0,0,-2,0,0,0
2560.21,0,0,0,0,0,2125,1.55052,0.00157305,1.57074,58,0,24,24,33,0,-2,0,0,1,54,4026,4019,-3,175,35,467,37361,37134,106,0,41,57,-12078,0,0,0,0,1,22,17,0,2,4070,0,0,0,0,0,0,0,0,0,-24,0,0,0
2560.22,0,0,0,0,0,2118,1.55061,0.00158088,1.57075,58,0,24,24,33,0,-2,0,0,1,54,4023,4019,-4,175,35,467,37361,37134,106,0,41,57,-16092,0,0,0,0,1,0,21,8,0,4072,0,0,0,0,0,0,0,0,0,15,0,0,0
2560.23,0,0,0,0,0,2113,1.55069,0.00158872,1.57075,58,0,24,24,33,0,-2,0,0,1,54,4023,4019,-8,175,35,467,37361,37134,106,0,41,57,-32184,0,0,0,0,1,10,5,2,0,4085,0,0,0,0,0,0,0,0,0,10,0,0,0
2560.24,0,0,0,0,0,2110,1.55078,0.00159656,1.57075,58,0,24,24,33,0,-2,0,0,1,54,4025,4019,-10,175,35,467,37361,37134,106,0,41,57,-40250,0,0,0,0,1,8,0,0,0,4085,0,0,0,0,0,0,0,0,0,2,0,0,0
2560.25,0,0,0,0,0,2110,1.55087,0.00160439,1.57076,58,0,24,24,33,0,-2,0,0,1,54,4025,4019,-10,175,35,467,37361,37134,106,0,41,57,-40250,0,0,0,0,1,8,0,0,0,4081,0,0,0,0,0,0,0,0,0,-1,0,0,0
2560.26,0,0,0,0,0,2105,1.55096,0.00161223,1.57076,58,0,24,24,33,0,-2,0,0,1,54,4026,4019,-11,175,35,467,37361,37134,106,0,41,57,-44286,0,0,0,0,1,13,0,0,0,4081,0,0,0,0,0,0,0,0,0,-1,0,0,0
2560.27,0,0,0,0,0,2095,1.55105,0.00162007,1.57076,58,0,24,24,33,0,-2,0,0,1,54,4026,4019,-8,175,35,467,37361,37134,106,0,41,57,-32208,0,0,0,0,1,22,0,4,3,4068,0,0,0,0,0,0,0,0,0,-13,0,0,0
2560.28,0,0,0,0,0,2083,1.55114,0.0016279,1.57077,58,0,24,24,33,0,-2,0,0,1,54,4026,4019,-7,175,35,467,37361,37134,106,0,41,57,-28182,0,0,0,0,1,0,2,8,3,4074,0,0,0,0,0,0,0,0,0,1,0,0,0
2560.29,0,0,0,0,0,2069,1.55122,0.00163574,1.57077,58,0,24,24,33,0,-2,0,0,1,54,4026,4019,-7,175,35,467,37361,37134,106,0,41,57,-28182,0,0,0,0,1,7,29,20,0,4094,0,0,0,0,0,0,0,0,0,22,0,0,0
2560.3,0,0,0,0,0,2056,1.55131,0.00164357,1.57077,58,0,24,24,33,0,-2,0,0,1,54,4025,4020,0,175,35,467,37356,37136,106,0,38,57,0,0,0,0,0,1,19,2,14,0,4091,0,0,0,0,0,0,0,0,0,13,0,0,0
2560.31,0,0,0,0,0,2056,1.55121,0.0016365,1.57073,58,0,24,24,33,0,-2,0,0,1,54,4025,4020,-1,175,35,467,37356,37136,106,0,38,57,-4025,0,0,0,0,1,19,2,14,0,4089,0,0,0,0,0,0,0,0,0,1,0,0,0
2560.32,0,0,0,0,0,2043,1.5511,0.00162943,1.57069,58,0,24,24,33,0,-2,0,0,1,54,4025,4020,-2,175,35,467,37356,37136,106,0,38,57,-8050,0,0,0,0,1,2,9,4,0,4089,0,0,0,0,0,0,0,0,0,1,0,0,0
2560.33,0,0,0,0,0,2033,1.55099,0.00162236,1.57065,58,0,24,24,33,0,-2,0,0,1,54,4025,4020,-2,175,35,467,37356,37136,106,0,38,57,-8050,0,0,0,0,1,10,2,18,0,4087,0,0,0,0,0,0,0,0,0,1,0,0,0
2560.34,0,0,0,0,0,2027,1.55089,0.00161529,1.57061,58,0,24,24,33,0,-2,0,0,1,54,4025,4020,-6,175,35,467,37356,37136,106,0,38,57,-24150,0,0,0,0,1,28,0,33,0,4094,0,0,0,0,0,0,0,0,0,6,0,0,0
2560.35,0,0,0,0,0,2023,1.55078,0.00160822,1.57057,58,0,24,24,33,0,-2,0,0,1,54,4025,4020,-7,175,35,467,37356,37136,106,0,38,57,-28175,0,0,0,0,1,19,0,18,0,4091,0,0,0,0,0,0,0,0,0,2,0,0,0
2560.36,0,0,0,0,0,2023,1.55067,0.00160115,1.57053,58,0,24,24,33,0,-2,0,0,1,54,4025,4020,-8,175,35,467,37356,37136,106,0,38,57,-32200,0,0,0,0,1,14,0,32,0,4085,0,0,0,0,0,0,0,0,0,1,0,0,0
2560.37,0,0,0,0,0,2023,1.55057,0.00159408,1.57049,58,0,24,24,33,0,-2,0,0,1,54,4025,4020,-8,175,35,467,37356,37136,106,0,38,57,-32200,0,0,0,0,1,14,0,32,0,4085,0,0,0,0,0,0,0,0,0,-23,0,0,0
2560.38,0,0,0,0,0,2021,1.55046,0.00158701,1.57045,58,0,24,24,33,0,-2,0,0,1,54,4027,4020,-7,175,35,467,37356,37136,106,0,38,57,-28189,0,0,0,0,1,20,19,30,0,4068,0,0,0,0,0,0,0,0,0,-23,0,0,0
2560.39,0,0,0,0,0,2013,1.55036,0.00157994,1.57041,58,0,24,24,33,0,-2,0,0,1,54,4027,4020,-8,175,35,467,37356,37136,106,0,38,57,-32216,0,0,0,0,1,32,15,24,0,4074,0,0,0,0,0,0,0,0,0,-28,0,0,0
2560.4,0,0,0,0,0,2001,1.55025,0.00157287,1.57037,58,0,24,24,33,0,-2,0,0,1,54,4027,4020,-4,175,35,467,37374,37152,106,0,38,57,-16108,0,0,0,0,1,32,0,0,1,4074,0,0,0,0,0,0,0,0,0,-16,0,0,0
2560.41,0,0,0,0,0,1987,1.55033,0.0015723,1.57069,58,0,24,24,33,0,-2,0,0,1,54,4027,4020,-4,175,35,467,37374,37152,106,0,38,57,-16108,0,0,0,0,1,19,2,0,1,4081,0,0,0,0,0,0,0,0,0,-11,0,0,0
2560.42,0,0,0,0,0,1973,1.55041,0.00157173,1.57101,58,0,24,24,33,0,-2,0,0,1,54,4026,4020,-1,175,35,467,37374,37152,106,0,38,57,-4026,0,0,0,0,1,24,19,21,0,4089,0,0,0,0,0,0,0,0,0,-22,0,0,0
2560.43,0,0,0,0,0,1973,1.55048,0.00157116,1.57133,58,0,24,24,33,0,-2,0,0,1,54,4026,4020,-4,175,35,467,37374,37152,106,0,38,57,-16104,0,0,0,0,1,24,19,21,0,4094,0,0,0,0,0,0,0,0,0,-7,0,0,0
2560.44,0,0,0,0,0,1959,1.55056,0.0015706,1.57165,58,0,24,24,33,0,-2,0,0,1,54,4026,4020,-4,175,35,467,37374,37152,106,0,38,57,-16104,0,0,0,0,1,8,15,8,0,4094,0,0,0,0,0,0,0,0,0,-7,0,0,0
2560.45,0,0,0,0,0,1946,1.55064,0.00157003,1.57198,58,0,24,24,33,0,-2,0,0,1,54,4026,4020,-4,175,35,467,37374,37152,106,0,38,57,-16104,0,0,0,0,1,10,8,21,0,4091,0,0,0,0,0,0,0,0,0,2,0,0,0
2560.46,0,0,0,0,0,1938,1.55072,0.00156946,1.5723,58,0,24,24,33,0,-2,0,0,1,54,4026,4020,-7,175,35,467,37374,37152,106,0,38,57,-28182,0,0,0,0,1,26,0,8,0,4089,0,0,0,0,0,0,0,0,0,17,0,0,0
2560.47,0,0,0,0,0,1934,1.5508,0.00156889,1.57262,58,0,24,24,33,0,-2,0,0,1,54,4026,4020,-7,175,35,467,37374,37152,106,0,38,57,-28182,0,0,0,0,1,13,9,0,0,4094,0,0,0,0,0,0,0,0,0,13,0,0,0
2560.48,0,0,0,0,0,1934,1.55087,0.00156832,1.57294,58,0,24,24,33,0,-2,0,0,1,54,4026,4020,-6,175,35,467,37374,37152,106,0,38,57,-24156,0,0,0,0,1,0,25,0,0,4079,0,0,0,0,0,0,0,0,0,17,0,0,0
2560.49,0,0,0,0,0,1934,1.55095,0.00156775,1.57326,58,0,24,24,33,0,-2,0,0,1,54,4026,4020,-6,175,35,467,37374,37152,106,0,38,57,-24156,0,0,0,0,1,0,25,0,0,4065,0,0,0,0,0,0,0,0,0,-4,0,0,0
2560.5,0,0,0,0,0,1932,1.55103,0.00156719,1.57358,58,0,24,24,33,0,-2,0,0,1,54,4027,4020,-5,175,35,467,37376,37151,106,0,38,57,-20135,0,0,0,0,1,8,17,0,0,4065,0,0,0,0,0,0,0,0,0,-4,0,0,0
2560.51,0,0,0,0,0,1925,1.55132,0.00156655,1.57347,58,0,24,24,33,0,-2,0,0,1,54,4027,4020,-3,175,35,467,37376,37151,106,0,38,57,-12081,0,0,0,0,1,26,2,0,3,4072,0,0,0,0,0,0,0,0,0,-25,0,0,0
2560.52,0,0,0,0,0,1915,1.5516,0.00156591,1.57336,58,0,24,24,33,0,-2,0,0,1,54,4027,4020,-4,175,35,467,37376,37151,106,0,38,57,-16108,0,0,0,0,1,32,17,0,3,4085,0,0,0,0,0,0,0,0,0,-22,0,0,0
2560.53,0,0,0,0,0,1903,1.55189,0.00156527,1.57325,58,0,24,24,33,0,-2,0,0,1,54,4027,4020,-4,175,35,467,37376,37151,106,0,38,57,-16108,0,0,0,0,1,0,19,6,2,4089,0,0,0,0,0,0,0,0,0,-7,0,0,0
2560.54,0,0,0,0,0,1890,1.55218,0.00156463,1.57314,58,0,24,24,33,0,-2,0,0,1,54,4027,4022,-7,175,35,467,37376,37151,106,0,38,57,-28189,0,0,0,0,1,0,11,4,0,4089,0,0,0,0,0,0,0,0,0,-3,0,0,0
2560.55,0,0,0,0,0,1890,1.55247,0.00156399,1.57304,58,0,24,24,33,0,-2,0,0,1,54,4027,4022,-7,175,35,467,37376,37151,106,0,38,57,-28189,0,0,0,0,1,0,11,4,0,4074,0,0,0,0,0,0,0,0,0,2,0,0,0
2560.56,0,0,0,0,0,1876,1.55276,0.00156336,1.57293,58,0,24,24,33,0,-2,0,0,1,54,4027,4022,-9,175,35,467,37376,37151,106,0,38,57,-36243,0,0,0,0,1,7,27,0,0,4074,0,0,0,0,0,0,0,0,0,2,0,0,0
2560.57,0,0,0,0,0,1864,1.55304,0.00156272,1.57282,58,0,24,24,33,0,-2,0,0,1,54,4027,4022,-9,175,35,467,37376,37151,106,0,38,57,-36243,0,0,0,0,1,24,8,2,0,4083,0,0,0,0,0,0,0,0,0,-18,0,0,0
2560.58,0,0,0,0,0,1856,1.55333,0.00156208,1.57271,58,0,24,24,33,0,-2,0,0,1,54,4029,4022,-2,175,35,467,37376,37151,106,0,38,57,-8058,0,0,0,0,1,24,0,12,0,4091,0,0,0,0,0,0,0,0,0,13,0,0,0
2560.59,0,0,0,0,0,1852,1.55362,0.00156144,1.5726,58,0,24,24,33,0,-2,0,0,1,54,4028,4022,0,175,35,467,37376,37151,106,0,38,57,0,0,0,0,0,1,20,27,0,0,4076,0,0,0,0,0,0,0,0,0,24,0,0,0
2560.6,0,0,0,0,0,1852,1.55391,0.0015608,1.57249,58,0,24,24,33,0,-2,0,0,1,54,4028,4022,-3,175,35,467,37390,37168,106,0,38,57,-12084,0,0,0,0,1,0,3,0,0,4079,0,0,0,0,0,0,0,0,0,0,0,0,0
2560.61,0,0,0,0,0,1852,1.55402,0.00155924,1.57258,58,0,24,24,33,0,-2,0,0,1,54,4028,4022,-3,175,35,467,37390,37168,106,0,38,57,-12084,0,0,0,0,1,0,3,0,0,4089,0,0,0,0,0,0,0,0,0,5,0,0,0
2560.62,0,0,0,0,0,1855,1.55413,0.00155768,1.57268,58,0,24,24,33,0,-2,0,0,1,54,4027,4024,-4,175,35,467,37390,37168,106,0,38,57,-16108,0,0,0,0,1,2,0,0,0,4089,0,0,0,0,0,0,0,0,0,5,0,0,0
2560.63,0,0,0,0,0,1849,1.55424,0.00155612,1.57278,58,0,24,24,33,0,-2,0,0,1,54,4027,4024,-3,175,35,467,37390,37168,106,0,38,57,-12081,0,0,0,0,1,0,5,21,1,4094,0,0,0,0,0,0,0,0,0,-4,0,0,0
2560.64,0,0,0,0,0,1834,1.55434,0.00155456,1.57287,58,0,24,24,33,0,-2,0,0,1,54,4027,4024,-5,175,35,467,37390,37168,106,0,38,57,-20135,0,0,0,0,1,30,0,2,3,4079,0,0,0,0,0,0,0,0,0,-13,0,0,0
2560.65,0,0,0,0,0,1819,1.55445,0.00155299,1.57297,58,0,24,24,33,0,-2,0,0,1,54,4027,4024,-5,175,35,467,37390,37168,106,0,38,57,-20135,0,0,0,0,1,13,11,6,0,4085,0,0,0,0,0,0,0,0,0,-6,0,0,0
2560.66,0,0,0,0,0,1805,1.55456,0.00155143,1.57307,58,0,24,24,33,0,-2,0,0,1,54,4028,4024,-8,175,35,467,37390,37168,106,0,38,57,-32224,0,0,0,0,1,5,17,10,0,4087,0,0,0,0,0,0,0,0,0,14,0,0,0
2560.67,0,0,0,0,0,1805,1.55467,0.00154987,1.57316,58,0,24,24,33,0,-2,0,0,1,54,4030,4024,-8,175,35,467,37390,37168,106,0,38,57,-32240,0,0,0,0,1,5,17,10,0,4074,0,0,0,0,0,0,0,0,0,-8,0,0,0
2560.68,0,0,0,0,0,1792,1.55478,0.00154831,1.57326,58,0,24,24,33,0,-2,0,0,1,54,4030,4024,-5,175,35,467,37390,37168,106,0,38,57,-20150,0,0,0,0,1,8,3,0,2,4074,0,0,0,0,0,0,0,0,0,-8,0,0,0
2560.69,0,0,0,0,0,1781,1.55489,0.00154675,1.57336,58,0,24,24,33,0,-2,0,0,1,54,4030,4024,-5,175,35,467,37390,37168,106,0,38,57,-20150,0,0,0,0,1,0,15,4,0,4094,0,0,0,0,0,0,0,0,0,-2,0,0,0
2560.7,0,0,0,0,0,1771,1.555,0.00154519,1.57345,58,0,24,24,33,0,-2,0,0,1,53,4029,4025,0,175,35,467,37393,37168,106,0,41,57,0,0,0,0,0,1,1,11,16,0,4079,0,0,0,0,0,0,0,0,0,-4,0,0,0
2560.71,0,0,0,0,0,1769,1.55488,0.0015434,1.57365,58,0,24,24,33,0,-2,0,0,1,53,4029,4025,-1,175,35,467,37393,37168,106,0,41,57,-4029,0,0,0,0,1,26,0,0,0,4096,0,0,0,0,0,0,0,0,0,15,0,0,0
2560.72,0,0,0,0,0,1769,1.55476,0.00154161,1.57385,58,0,24,24,33,0,-2,0,0,1,53,4029,4025,0,175,35,467,37393,37168,106,0,41,57,0,0,0,0,0,1,2,21,0,0,4076,0,0,0,0,0,0,0,0,0,1,0,0,0
2560.73,0,0,0,0,0,1769,1.55464,0.00153982,1.57405,58,0,24,24,33,0,-2,0,0,1,53,4029,4025,0,175,35,467,37393,37168,106,0,41,57,0,0,0,0,0,1,2,21,0,0,4098,0,0,0,0,0,0,0,0,0,4,0,0,0
2560.74,0,0,0,0,0,1770,1.55452,0.00153803,1.57425,58,0,24,24,33,0,-2,0,0,1,53,4028,4025,-2,175,35,467,37393,37168,106,0,41,57,-8056,0,0,0,0,1,1,0,6,0,4098,0,0,0,0,0,0,0,0,0,4,0,0,0
2560.75,0,0,0,0,0,1767,1.5544,0.00153624,1.57446,58,0,24,24,33,0,-2,0,0,1,53,4028,4025,0,175,35,467,37393,37168,106,0,41,57,0,0,0,0,0,1,0,13,6,0,4076,0,0,0,0,0,0,0,0,0,7,0,0,0
2560.76,0,0,0,0,0,1757,1.55428,0.00153445,1.57466,58,0,24,24,33,0,-2,0,0,1,53,4028,4025,-3,175,35,467,37393,37168,106,0,41,57,-12084,0,0,0,0,1,28,44,16,0,4102,0,0,0,0,0,0,0,0,0,-18,0,0,0
2560.77,0,0,0,0,0,1741,1.55416,0.00153266,1.57486,58,0,24,24,33,0,-2,0,0,1,53,4028,4025,-3,175,35,467,37393,37168,106,0,41,57,-12084,0,0,0,0,1,2,13,0,3,4072,0,0,0,0,0,0,0,0,0,5,0,0,0
2560.78,0,0,0,0,0,1729,1.55404,0.00153087,1.57506,58,0,24,24,33,0,-2,0,0,1,53,4030,4025,-3,175,35,467,37393,37168,106,0,41,57,-12090,0,0,0,0,1,0,11,0,2,4087,0,0,0,0,0,0,0,0,0,-5,0,0,0
2560.79,0,0,0,0,0,1729,1.55392,0.00152908,1.57526,58,0,24,24,33,0,-2,0,0,1,53,4030,4025,-8,175,35,467,37393,37168,106,0,41,57,-32240,0,0,0,0,1,20,2,14,2,4083,0,0,0,0,0,0,0,0,0,-11,0,0,0
2560.8,0,0,0,0,0,1713,1.5538,0.00152729,1.57546,58,0,24,24,33,0,-2,0,0,1,54,4030,4025,-7,175,35,467,37399,37179,105,0,38,57,-28210,0,0,0,0,1,20,2,14,2,4083,0,0,0,0,0,0,0,0,0,-11,0,0,0
2560.81,0,0,0,0,0,1695,1.5541,0.00153135,1.57548,58,0,24,24,33,0,-2,0,0,1,54,4030,4025,-7,175,35,467,37399,37179,105,0,38,57,-28210,0,0,0,0,1,10,15,21,0,4081,0,0,0,0,0,0,0,0,0,13,0,0,0
2560.82,0,0,0,0,0,1679,1.5544,0.00153541,1.57549,58,0,24,24,33,0,-2,0,0,1,54,4032,4025,-3,175,35,467,37399,37179,105,0,38,57,-12096,0,0,0,0,1,22,8,0,2,4072,0,0,0,0,0,0,0,0,0,-14,0,0,0
2560.83,0,0,0,0,0,1662,1.55469,0.00153947,1.57551,58,0,24,24,33,0,-2,0,0,1,54,4029,4025,0,175,35,467,37399,37179,105,0,38,57,0,0,0,0,0,1,7,0,10,1,4076,0,0,0,0,0,0,0,0,0,-2,0,0,0
2560.84,0,0,0,0,0,1640,1.55499,0.00154353,1.57553,58,0,24,24,33,0,-2,0,0,1,54,4029,4025,1,175,35,467,37399,37179,105,0,38,57,4029,0,0,0,0,1,7,17,33,0,4091,0,0,0,0,0,0,0,0,0,5,0,0,0
2560.85,0,0,0,0,0,1640,1.55529,0.00154759,1.57555,58,0,24,24,33,0,-2,0,0,1,54,4029,4025,1,175,35,467,37399,37179,105,0,38,57,4029,0,0,0,0,1,7,17,33,0,4096,0,0,0,0,0,0,0,0,0,-14,0,0,0
2560.86,0,0,0,0,0,1608,1.55559,0.00155165,1.57556,58,0,24,24,33,0,-2,0,0,1,54,4030,4025,0,175,35,467,37399,37179,105,0,38,57,0,0,0,0,0,1,0,21,0,5,4096,0,0,0,0,0,0,0,0,0,-14,0,0,0
2560.87,0,0,0,0,0,1567,1.55589,0.00155572,1.57558,58,0,24,24,33,0,-2,0,0,1,54,4030,4025,0,175,35,467,37399,37179,105,0,38,57,0,0,0,0,0,1,26,29,0,4,4091,0,0,0,0,0,0,0,0,0,-23,0,0,0
2560.88,0,0,0,0,0,1525,1.55619,0.00155978,1.5756,58,0,24,24,33,0,-2,0,0,1,54,4030,4025,-3,175,35,467,37399,37179,105,0,38,57,-12090,0,0,0,0,1,40,0,0,3,4081,0,0,0,0,0,0,0,0,0,-19,0,0,0
2560.89,0,0,0,0,0,1493,1.55649,0.00156384,1.57562,58,0,24,24,33,0,-2,0,0,1,54,4030,4025,-3,175,35,467,37399,37179,105,0,38,57,-12090,0,0,0,0,1,8,5,16,0,4085,0,0,0,0,0,0,0,0,0,-14,0,0,0
2560.9,0,0,0,0,0,1473,1.55679,0.0015679,1.57563,58,0,24,24,34,0,-2,0,0,1,53,4031,4025,-3,175,35,467,37397,37172,106,0,38,57,-12093,0,0,0,0,1,0,0,14,0,4091,0,0,0,0,0,0,0,0,0,12,0,0,0
2560.91,0,0,0,0,0,1473,1.55684,0.00156747,1.57568,58,0,24,24,34,0,-2,0,0,1,53,4031,4025,-7,175,35,467,37397,37172,106,0,38,57,-28217,0,0,0,0,1,0,0,14,0,4100,0,0,0,0,0,0,0,0,0,9,0,0,0
2560.92,0,0,0,0,0,1456,1.55688,0.00156703,1.57572,58,0,24,24,34,0,-2,0,0,1,53,4031,4027,-8,175,35,467,37397,37172,106,0,38,57,-32248,0,0,0,0,1,20,0,20,0,4100,0,0,0,0,0,0,0,0,0,9,0,0,0
2560.93,0,0,0,0,0,1453,1.55693,0.0015666,1.57577,58,0,24,24,34,0,-2,0,0,1,53,4031,4027,-8,175,35,467,37397,37172,106,0,38,57,-32248,0,0,0,0,1,22,0,0,0,4098,0,0,0,0,0,0,0,0,0,15,0,0,0
2560.94,0,0,0,0,0,1465,1.55698,0.00156617,1.57581,58,0,24,24,34,0,-2,0,0,1,53,4032,4027,0,175,35,467,37397,37172,106,0,38,57,0,0,0,0,0,1,60,0,8,0,4098,0,0,0,0,0,0,0,0,0,23,0,0,0
2560.95,0,0,0,0,0,1487,1.55702,0.00156574,1.57585,58,0,24,24,34,0,-2,0,0,1,53,4032,4027,0,175,35,467,37397,37172,106,0,38,57,0,0,0,0,0,1,43,0,0,0,4098,0,0,0,0,0,0,0,0,0,25,0,0,0
2560.96,0,0,0,0,0,1491,1.55707,0.00156531,1.5759,58,0,24,24,34,0,-2,0,0,1,53,4032,4027,0,175,35,467,37397,37172,106,0,38,57,0,0,0,0,0,1,32,8,2,0,4089,0,0,0,0,0,0,0,0,0,23,0,0,0
2560.97,0,0,0,0,0,1491,1.55711,0.00156487,1.57594,58,0,24,24,34,0,-2,0,0,1,53,4032,4027,0,175,35,467,37397,37172,106,0,38,57,0,0,0,0,0,1,32,8,2,0,4096,0,0,0,0,0,0,0,0,0,0,0,0,0
2560.98,0,0,0,0,0,1482,1.55716,0.00156444,1.57598,58,0,24,24,34,0,-2,0,0,1,53,4030,4027,-2,175,35,467,37397,37172,106,0,38,57,-8060,0,0,0,0,1,0,9,12,0,4096,0,0,0,0,0,0,0,0,0,0,0,0,0
2560.99,0,0,0,0,0,1466,1.5572,0.00156401,1.57603,58,0,24,24,34,0,-2,0,0,1,53,4030,4027,-2,175,35,467,37397,37172,106,0,38,57,-8060,0,0,0,0,1,0,3,8,0,4096,0,0,0,0,0,0,0,0,0,-1,0,0,0
2561,0,0,0,0,0,1452,1.55725,0.00156358,1.57607,58,0,24,24,34,0,-2,0,0,1,53,4030,4027,-1,175,35,467,37403,37185,106,0,41,57,-4030,0,0,0,0,1,0,8,12,1,4085,0,0,0,0,0,0,0,0,0,1,0,0,0
2561.01,0,0,0,0,0,1434,1.55746,0.0015565,1.57631,58,0,24,24,34,0,-2,0,0,1,53,4030,4027,-1,175,35,467,37403,37185,106,0,41,57,-4030,0,0,0,0,1,7,13,2,1,4083,0,0,0,0,0,0,0,0,0,2,0,0,0
2561.02,0,0,0,0,0,1418,1.55766,0.00154942,1.57655,58,0,24,24,34,0,-2,0,0,1,53,4031,4029,-7,175,35,467,37403,37185,106,0,41,57,-28217,0,0,0,0,1,13,0,2,2,4081,0,0,0,0,0,0,0,0,0,-9,0,0,0
2561.03,0,0,0,0,0,1418,1.55787,0.00154234,1.57679,58,0,24,24,34,0,-2,0,0,1,53,4031,4029,-6,175,35,467,37403,37185,106,0,41,57,-24186,0,0,0,0,1,13,0,2,2,4089,0,0,0,0,0,0,0,0,0,-5,0,0,0
2561.04,0,0,0,0,0,1399,1.55807,0.00153526,1.57703,58,0,24,24,34,0,-2,0,0,1,53,4031,4029,-5,175,35,467,37403,37185,106,0,41,57,-20155,0,0,0,0,1,10,2,0,1,4089,0,0,0,0,0,0,0,0,0,-5,0,0,0
2561.05,0,0,0,0,0,1378,1.55828,0.00152818,1.57727,58,0,24,24,34,0,-2,0,0,1,53,4031,4029,-5,175,35,467,37403,37185,106,0,41,57,-20155,0,0,0,0,1,0,21,2,0,4098,0,0,0,0,0,0,0,0,0,-4,0,0,0
2561.06,0,0,0,0,0,1359,1.55848,0.0015211,1.57751,58,0,24,24,34,0,-2,0,0,1,53,4032,4029,0,175,35,467,37403,37185,106,0,41,57,0,0,0,0,0,1,0,11,10,0,4089,0,0,0,0,0,0,0,0,0,7,0,0,0
2561.07,0,0,0,0,0,1341,1.55869,0.00151402,1.57775,58,0,24,24,34,0,-2,0,0,1,53,4032,4029,0,175,35,467,37403,37185,106,0,41,57,0,0,0,0,0,1,0,8,12,0,4083,0,0,0,0,0,0,0,0,0,-7,0,0,0
2561.08,0,0,0,0,0,1325,1.5589,0.00150694,1.57799,58,0,24,24,34,0,-2,0,0,1,53,4032,4029,0,175,35,467,37403,37185,106,0,41,57,0,0,0,0,0,1,2,0,4,0,4100,0,0,0,0,0,0,0,0,0,2,0,0,0
2561.09,0,0,0,0,0,1325,1.5591,0.00149986,1.57823,58,0,24,24,34,0,-2,0,0,1,53,4032,4029,0,175,35,467,37403,37185,106,0,41,57,0,0,0,0,0,1,2,0,4,0,4085,0,0,0,0,0,0,0,0,0,3,0,0,0
2561.1,0,0,0,0,0,1308,1.55931,0.00149278,1.57847,58,0,24,24,35,0,-2,0,0,1,53,4032,4030,0,175,35,467,37419,37204,106,0,38,57,0,0,0,0,0,1,0,5,2,0,4085,0,0,0,0,0,0,0,0,0,3,0,0,0
2561.11,0,0,0,0,0,1292,1.55933,0.0014936,1.5786,58,0,24,24,35,0,-2,0,0,1,53,4030,4030,1,175,35,467,37419,37204,106,0,38,57,4030,0,0,0,0,1,5,0,2,0,4089,0,0,0,0,0,0,0,0,0,1,0,0,0
2561.12,0,0,0,0,0,1276,1.55935,0.00149442,1.57873,58,0,24,24,35,0,-2,0,0,1,53,4030,4030,0,175,35,467,37419,37204,106,0,38,57,0,0,0,0,0,1,8,17,2,0,4098,0,0,0,0,0,0,0,0,0,15,0,0,0
2561.13,0,0,0,0,0,1263,1.55937,0.00149523,1.57886,58,0,24,24,35,0,-2,0,0,1,53,4030,4030,0,175,35,467,37419,37204,106,0,38,57,0,0,0,0,0,1,13,21,18,0,4076,0,0,0,0,0,0,0,0,0,-18,0,0,0
2561.14,0,0,0,0,0,1248,1.55939,0.00149605,1.579,58,0,24,24,35,0,-2,0,0,1,53,4030,4030,0,175,35,467,37419,37204,106,0,38,57,0,0,0,0,0,1,1,3,0,0,4094,0,0,0,0,0,0,0,0,0,3,0,0,0
2561.15,0,0,0,0,0,1248,1.55941,0.00149687,1.57913,58,0,24,24,35,0,-2,0,0,1,53,4032,4030,0,175,35,467,37419,37204,106,0,38,57,0,0,0,0,0,1,1,3,0,0,4087,0,0,0,0,0,0,0,0,0,-7,0,0,0
2561.16,0,0,0,0,0,1234,1.55943,0.00149769,1.57926,58,0,24,24,35,0,-2,0,0,1,53,4032,4030,2,175,35,467,37419,37204,106,0,38,57,8064,0,0,0,0,1,5,0,0,0,4087,0,0,0,0,0,0,0,0,0,-7,0,0,0
2561.17,0,0,0,0,0,1227,1.55944,0.0014985,1.57939,58,0,24,24,35,0,-2,0,0,1,53,4032,4030,2,175,35,467,37419,37204,106,0,38,57,8064,0,0,0,0,1,28,25,0,0,4094,0,0,0,0,0,0,0,0,0,30,0,0,0
2561.18,0,0,0,0,0,1245,1.55946,0.00149932,1.57952,58,0,24,24,35,0,-2,0,0,1,53,4031,4030,3,175,35,467,37419,37204,106,0,38,57,12093,0,0,0,0,1,10,8,68,0,4091,0,0,0,0,0,0,0,0,0,-10,0,0,0
2561.19,0,0,0,0,0,1278,1.55948,0.00150014,1.57965,58,0,24,24,35,0,-2,0,0,1,53,4031,4030,3,175,35,467,37419,37204,106,0,38,57,12093,0,0,0,0,1,34,21,0,0,4096,0,0,0,0,0,0,0,0,0,4,0,0,0
2561.2,0,0,0,0,0,1290,1.5595,0.00150096,1.57978,58,0,24,24,34,0,-2,0,0,1,52,4031,4030,0,175,35,467,37409,37189,105,0,38,57,0,0,0,0,0,1,0,8,0,0,4083,0,0,0,0,0,0,0,0,0,3,0,0,0
2561.21,0,0,0,0,0,1290,1.55961,0.00149044,1.57969,58,0,24,24,34,0,-2,0,0,1,52,4031,4030,0,175,35,467,37409,37189,105,0,38,57,0,0,0,0,0,1,0,8,0,0,4087,0,0,0,0,0,0,0,0,0,2,0,0,0
2561.22,0,0,0,0,0,1283,1.55971,0.00147992,1.57959,58,0,24,24,34,0,-2,0,0,1,52,4031,4030,-3,175,35,467,37409,37189,105,0,38,57,-12093,0,0,0,0,1,0,32,2,0,4087,0,0,0,0,0,0,0,0,0,2,0,0,0
2561.23,0,0,0,0,0,1270,1.55982,0.00146941,1.57949,58,0,24,24,34,0,-2,0,0,1,52,4033,4030,-5,175,35,467,37409,37189,105,0,38,57,-20165,0,0,0,0,1,10,0,0,2,4085,0,0,0,0,0,0,0,0,0,-8,0,0,0
2561.24,0,0,0,0,0,1257,1.55992,0.00145889,1.5794,58,0,24,24,34,0,-2,0,0,1,52,4033,4030,-7,175,35,467,37409,37189,105,0,38,57,-28231,0,0,0,0,1,0,19,0,2,4098,0,0,0,0,0,0,0,0,0,-9,0,0,0
2561.25,0,0,0,0,0,1241,1.56003,0.00144838,1.5793,58,0,24,24,34,0,-2,0,0,1,52,4033,4030,-7,175,35,467,37409,37189,105,0,38,57,-28231,0,0,0,0,1,10,3,0,2,4083,0,0,0,0,0,0,0,0,0,-5,0,0,0
2561.26,0,0,0,0,0,1228,1.56013,0.00143786,1.5792,58,0,24,24,34,0,-2,0,0,1,52,4035,4030,-7,175,35,467,37409,37189,105,0,38,57,-28245,0,0,0,0,1,1,17,4,0,4096,0,0,0,0,0,0,0,0,0,2,0,0,0
2561.27,0,0,0,0,0,1228,1.56023,0.00142734,1.57911,58,0,24,24,34,0,-2,0,0,1,52,4035,4030,-7,175,35,467,37409,37189,105,0,38,57,-28245,0,0,0,0,1,20,3,2,2,4085,0,0,0,0,0,0,0,0,0,-5,0,0,0
2561.28,0,0,0,0,0,1214,1.56034,0.00141683,1.57901,58,0,24,24,34,0,-2,0,0,1,52,4035,4030,-1,175,35,467,37409,37189,105,0,38,57,-4035,0,0,0,0,1,20,3,2,2,4085,0,0,0,0,0,0,0,0,0,-5,0,0,0
2561.29,0,0,0,0,0,1198,1.56044,0.00140631,1.57891,58,0,24,24,34,0,-2,0,0,1,52,4035,4030,-1,175,35,467,37409,37189,105,0,38,57,-4035,0,0,0,0,1,0,0,0,0,4100,0,0,0,0,0,0,0,0,0,-12,0,0,0
2561.3,0,0,0,0,0,1182,1.56055,0.00139579,1.57882,58,0,24,24,34,0,-2,0,0,1,52,4036,4030,1,175,35,467,37452,37234,106,0,38,57,4036,0,0,0,0,1,14,11,0,0,4098,0,0,0,0,0,0,0,0,0,-7,0,0,0
2561.31,0,0,0,0,0,1166,1.56076,0.00140484,1.57902,58,0,24,24,34,0,-2,0,0,1,52,4033,4030,1,175,35,467,37452,37234,106,0,38,57,4033,0,0,0,0,1,2,0,6,0,4087,0,0,0,0,0,0,0,0,0,-2,0,0,0
2561.32,0,0,0,0,0,1153,1.56098,0.00141388,1.57923,58,0,24,24,34,0,-2,0,0,1,52,4033,4030,0,175,35,467,37452,37234,106,0,38,57,0,0,0,0,0,1,8,19,12,0,4100,0,0,0,0,0,0,0,0,0,17,0,0,0
2561.33,0,0,0,0,0,1153,1.56119,0.00142293,1.57944,58,0,24,24,34,0,-2,0,0,1,52,4033,4030,0,175,35,467,37452,37234,106,0,38,57,0,0,0,0,0,1,8,19,12,0,4100,0,0,0,0,0,0,0,0,0,2,0,0,0
2561.34,0,0,0,0,0,1141,1.56141,0.00143197,1.57965,58,0,24,24,34,0,-2,0,0,1,52,4033,4031,0,175,35,467,37452,37234,106,0,38,57,0,0,0,0,0,1,8,0,0,0,4100,0,0,0,0,0,0,0,0,0,2,0,0,0
2561.35,0,0,0,0,0,1128,1.56162,0.00144101,1.57986,58,0,24,24,34,0,-2,0,0,1,52,4033,4031,0,175,35,467,37452,37234,106,0,38,57,0,0,0,0,0,1,8,13,2,0,4091,0,0,0,0,0,0,0,0,0,-13,0,0,0
2561.36,0,0,0,0,0,1115,1.56184,0.00145006,1.58007,58,0,24,24,34,0,-2,0,0,1,52,4033,4031,0,175,35,467,37452,37234,106,0,38,57,0,0,0,0,0,1,0,9,0,0,4089,0,0,0,0,0,0,0,0,0,6,0,0,0
2561.37,0,0,0,0,0,1104,1.56205,0.0014591,1.58028,58,0,24,24,34,0,-2,0,0,1,52,4033,4031,0,175,35,467,37452,37234,106,0,38,57,0,0,0,0,0,1,0,0,0,0,4094,0,0,0,0,0,0,0,0,0,6,0,0,0
2561.38,0,0,0,0,0,1094,1.56227,0.00146815,1.58049,58,0,24,24,34,0,-2,0,0,1,52,4033,4031,0,175,35,467,37452,37234,106,0,38,57,0,0,0,0,0,1,0,0,0,0,4096,0,0,0,0,0,0,0,0,0,-2,0,0,0
2561.39,0,0,0,0,0,1094,1.56249,0.00147719,1.58069,58,0,24,24,34,0,-2,0,0,1,52,4034,4031,0,175,35,467,37452,37234,106,0,38,57,0,0,0,0,0,1,0,0,0,0,4091,0,0,0,0,0,0,0,0,0,9,0,0,0
2561.4,0,0,0,0,0,1097,1.5627,0.00148623,1.5809,58,0,24,24,34,0,-2,0,0,1,52,4034,4031,0,175,35,467,37430,37214,106,0,38,57,0,0,0,0,0,1,2,0,12,0,4091,0,0,0,0,0,0,0,0,0,9,0,0,0
2561.41,0,0,0,0,0,1111,1.56264,0.00147695,1.5808,58,0,24,24,34,0,-2,0,0,1,52,4034,4031,0,175,35,467,37430,37214,106,0,38,57,0,0,0,0,0,1,0,23,6,0,4087,0,0,0,0,0,0,0,0,0,10,0,0,0
2561.42,0,0,0,0,0,1127,1.56258,0.00146767,1.5807,58,0,24,24,34,0,-2,0,0,1,52,4034,4032,0,175,35,467,37430,37214,106,0,38,57,0,0,0,0,0,1,1,31,0,0,4089,0,0,0,0,0,0,0,0,0,15,0,0,0
2561.43,0,0,0,0,0,1134,1.56252,0.00145839,1.5806,58,0,24,24,34,0,-2,0,0,1,52,4034,4032,0,175,35,467,37430,37214,106,0,38,57,0,0,0,0,0,1,26,5,18,0,4094,0,0,0,0,0,0,0,0,0,19,0,0,0
2561.44,0,0,0,0,0,1128,1.56246,0.00144911,1.58051,58,0,24,24,34,0,-2,0,0,1,52,4034,4032,0,175,35,467,37430,37214,106,0,38,57,0,0,0,0,0,1,14,17,0,0,4094,0,0,0,0,0,0,0,0,0,-16,0,0,0
2561.45,0,0,0,0,0,1128,1.5624,0.00143982,1.58041,58,0,24,24,34,0,-2,0,0,1,52,4034,4032,0,175,35,467,37430,37214,106,0,38,57,0,0,0,0,0,1,14,17,0,0,4076,0,0,0,0,0,0,0,0,0,-6,0,0,0
2561.46,0,0,0,0,0,1117,1.56234,0.00143054,1.58031,58,0,24,24,34,0,-2,0,0,1,52,4035,4032,0,175,35,467,37430,37214,106,0,38,57,0,0,0,0,0,1,8,0,14,2,4076,0,0,0,0,0,0,0,0,0,-6,0,0,0
2561.47,0,0,0,0,0,1106,1.56228,0.00142126,1.58021,58,0,24,24,34,0,-2,0,0,1,52,4035,4032,0,175,35,467,37430,37214,106,0,38,57,0,0,0,0,0,1,0,0,18,1,4083,0,0,0,0,0,0,0,0,0,0,0,0,0
2561.48,0,0,0,0,0,1096,1.56222,0.00141198,1.58011,58,0,24,24,34,0,-2,0,0,1,52,4035,4032,-1,175,35,467,37430,37214,106,0,38,57,-4035,0,0,0,0,1,0,8,14,0,4098,0,0,0,0,0,0,0,0,0,0,0,0,0
2561.49,0,0,0,0,0,1084,1.56216,0.0014027,1.58001,58,0,24,24,34,0,-2,0,0,1,52,4035,4032,-1,175,35,467,37430,37214,106,0,38,57,-4035,0,0,0,0,1,0,0,0,0,4100,0,0,0,0,0,0,0,0,0,-11,0,0,0
2561.5,0,0,0,0,0,1071,1.56211,0.00139341,1.57991,58,0,24,24,34,0,-2,0,0,1,52,4036,4034,-4,175,35,467,37443,37227,106,0,38,57,-16144,0,0,0,0,1,0,0,0,0,4100,0,0,0,0,0,0,0,0,0,0,0,0,0
2561.51,0,0,0,0,0,1071,1.56227,0.00138109,1.57993,58,0,24,24,34,0,-2,0,0,1,52,4036,4034,-3,175,35,467,37443,37227,106,0,38,57,-12108,0,0,0,0,1,0,0,0,0,4089,0,0,0,0,0,0,0,0,0,0,0,0,0
2561.52,0,0,0,0,0,1058,1.56243,0.00136876,1.57996,58,0,24,24,34,0,-2,0,0,1,52,4036,4034,0,175,35,467,37443,37227,106,0,38,57,0,0,0,0,0,1,7,0,0,0,4089,0,0,0,0,0,0,0,0,0,0,0,0,0
2561.53,0,0,0,0,0,1046,1.56259,0.00135643,1.57999,58,0,24,24,34,0,-2,0,0,1,52,4036,4034,0,175,35,467,37443,37227,106,0,38,57,0,0,0,0,0,1,8,3,0,0,4091,0,0,0,0,0,0,0,0,0,4,0,0,0
2561.54,0,0,0,0,0,1036,1.56275,0.0013441,1.58001,58,0,24,24,34,0,-2,0,0,1,52,4037,4034,2,175,35,467,37443,37227,106,0,38,57,8074,0,0,0,0,1,1,15,2,0,4089,0,0,0,0,0,0,0,0,0,-2,0,0,0
2561.55,0,0,0,0,0,1027,1.56292,0.00133177,1.58004,58,0,24,24,34,0,-2,0,0,1,52,4035,4034,1,175,35,467,37443,37227,106,0,38,57,4035,0,0,0,0,1,0,9,10,0,4087,0,0,0,0,0,0,0,0,0,-3,0,0,0
2561.56,0,0,0,0,0,1022,1.56308,0.00131944,1.58006,58,0,24,24,34,0,-2,0,0,1,52,4035,4034,2,175,35,467,37443,37227,106,0,38,57,8070,0,0,0,0,1,0,15,0,0,4074,0,0,0,0,0,0,0,0,0,3,0,0,0
2561.57,0,0,0,0,0,1022,1.56324,0.00130712,1.58009,58,0,24,24,34,0,-2,0,0,1,52,4035,4034,2,175,35,467,37443,37227,106,0,38,57,8070,0,0,0,0,1,0,15,0,0,4083,0,0,0,0,0,0,0,0,0,13,0,0,0
2561.58,0,0,0,0,0,1025,1.5634,0.00129479,1.58011,58,0,24,24,34,0,-2,0,0,1,52,4035,4034,2,175,35,467,37443,37227,106,0,38,57,8070,0,0,0,0,1,0,27,0,0,4083,0,0,0,0,0,0,0,0,0,13,0,0,0
2561.59,0,0,0,0,0,1031,1.56357,0.00128246,1.58014,58,0,24,24,34,0,-2,0,0,1,52,4035,4034,1,175,35,467,37443,37227,106,0,38,57,4035,0,0,0,0,1,5,21,0,0,4094,0,0,0,0,0,0,0,0,0,13,0,0,0
2561.6,0,0,0,0,0,1037,1.56373,0.00127013,1.58016,58,0,24,24,34,0,-2,0,0,1,52,4035,4034,1,175,35,467,37447,37231,106,0,38,57,4035,0,0,0,0,1,24,25,0,0,4096,0,0,0,0,0,0,0,0,0,25,0,0,0
2561.61,0,0,0,0,0,1039,1.56366,0.00127761,1.58038,58,0,24,24,34,0,-2,0,0,1,52,4035,4034,1,175,35,467,37447,37231,106,0,38,57,4035,0,0,0,0,1,10,21,14,0,4100,0,0,0,0,0,0,0,0,0,19,0,0,0
2561.62,0,0,0,0,0,1033,1.5636,0.0012851,1.58059,58,0,24,24,34,0,-2,0,0,1,52,4035,4034,0,175,35,467,37447,37231,106,0,38,57,0,0,0,0,0,1,0,0,12,0,4098,0,0,0,0,0,0,0,0,0,-1,0,0,0
2561.63,0,0,0,0,0,1033,1.56353,0.00129258,1.5808,58,0,24,24,34,0,-2,0,0,1,52,4035,4034,0,175,35,467,37447,37231,106,0,38,57,0,0,0,0,0,1,0,0,12,0,4091,0,0,0,0,0,0,0,0,0,9,0,0,0
2561.64,0,0,0,0,0,1023,1.56347,0.00130006,1.58101,58,0,24,24,34,0,-2,0,0,1,52,4035,4034,0,175,35,467,37447,37231,106,0,38,57,0,0,0,0,0,1,8,17,16,0,4091,0,0,0,0,0,0,0,0,0,9,0,0,0
2561.65,0,0,0,0,0,1013,1.5634,0.00130755,1.58123,58,0,24,24,34,0,-2,0,0,1,52,4035,4034,0,175,35,467,37447,37231,106,0,38,57,0,0,0,0,0,1,5,25,8,0,4098,0,0,0,0,0,0,0,0,0,6,0,0,0
2561.66,0,0,0,0,0,1001,1.56334,0.00131503,1.58144,58,0,24,24,34,0,-2,0,0,1,52,4036,4034,0,175,35,467,37447,37231,106,0,38,57,0,0,0,0,0,1,8,29,0,0,4100,0,0,0,0,0,0,0,0,0,8,0,0,0
2561.67,0,0,0,0,0,988,1.56327,0.00132252,1.58165,58,0,24,24,34,0,-2,0,0,1,52,4036,4034,0,175,35,467,37447,37231,106,0,38,57,0,0,0,0,0,1,19,32,18,0,4102,0,0,0,0,0,0,0,0,0,18,0,0,0
2561.68,0,0,0,0,0,976,1.56321,0.00133,1.58186,58,0,24,24,34,0,-2,0,0,1,52,4036,4034,0,175,35,467,37447,37231,106,0,38,57,0,0,0,0,0,1,14,8,12,0,4098,0,0,0,0,0,0,0,0,0,13,0,0,0
2561.69,0,0,0,0,0,976,1.56314,0.00133748,1.58207,58,0,24,24,34,0,-2,0,0,1,52,4036,4034,0,175,35,467,37447,37231,106,0,38,57,0,0,0,0,0,1,14,8,12,0,4100,0,0,0,0,0,0,0,0,0,15,0,0,0
2561.7,0,0,0,0,0,964,1.56308,0.00134497,1.58229,58,0,24,24,34,0,-2,0,0,1,52,4036,4034,-1,175,35,467,37457,37241,106,0,38,57,-4036,0,0,0,0,1,2,17,18,0,4100,0,0,0,0,0,0,0,0,0,15,0,0,0
2561.71,0,0,0,0,0,954,1.56332,0.00134693,1.58226,58,0,24,24,34,0,-2,0,0,0.9,52,4037,4034,-2,175,35,467,37457,37241,106,0,38,57,-8074,0,0,0,0,1,19,17,0,0,4094,0,0,0,0,0,0,0,0,0,18,0,0,0
2561.72,0,0,0,0,0,950,1.56357,0.00134889,1.58223,58,0,24,24,34,0,-2,0,0,0.8,52,4037,4034,-2,175,35,467,37457,37241,106,0,38,57,-8074,0,0,0,0,1,0,23,6,0,4091,0,0,0,0,0,0,0,0,0,8,0,0,0
2561.73,0,0,0,0,0,953,1.56381,0.00135085,1.5822,58,0,24,24,34,0,-2,0,0,0.7,52,4037,4034,-2,175,35,467,37457,37241,106,0,38,57,-8074,0,0,0,0,1,0,23,0,0,4098,0,0,0,0,0,0,0,0,0,7,0,0,0
2561.74,0,0,0,0,0,963,1.56405,0.00135281,1.58217,58,0,24,24,34,0,-2,0,0,0.6,52,4037,4035,0,175,35,467,37457,37241,106,0,38,57,0,0,0,0,0,1,0,9,8,0,4100,0,0,0,0,0,0,0,0,0,3,0,0,0
2561.75,0,0,0,0,0,963,1.5643,0.00135477,1.58215,58,0,24,24,34,0,-2,0,0,0.5,52,4037,4035,1,175,35,467,37457,37241,106,0,38,57,4037,0,0,0,0,1,0,21,8,0,4102,0,0,0,0,0,0,0,0,0,-4,0,0,0
2561.76,0,0,0,0,0,970,1.56454,0.00135673,1.58212,58,0,24,24,34,0,-2,0,0,0.4,52,4037,4035,1,175,35,467,37457,37241,106,0,38,57,4037,0,0,0,0,1,0,21,8,0,4102,0,0,0,0,0,0,0,0,0,-4,0,0,0
2561.77,0,0,0,0,0,969,1.56478,0.00135869,1.58209,58,0,24,24,34,0,-2,0,0,0.3,52,4037,4035,1,175,35,467,37457,37241,106,0,38,57,4037,0,0,0,0,1,0,0,0,0,4094,0,0,0,0,0,0,0,0,0,1,0,0,0
2561.78,0,0,0,0,0,966,1.56502,0.00136065,1.58206,58,0,24,24,34,0,-2,0,0,0.2,52,4037,4035,1,175,35,467,37457,37241,106,0,38,57,4037,0,0,0,0,1,0,0,0,0,4096,0,0,0,0,0,0,0,0,0,-18,0,0,0
2561.79,0,0,0,0,0,960,1.56527,0.00136261,1.58203,58,0,24,24,34,0,-2,0,0,0.1,52,4036,4035,1,175,35,467,37457,37241,106,0,38,57,4036,0,0,0,0,1,5,2,0,0,4098,0,0,0,0,0,0,0,0,0,-3,0,0,0
2561.8,0,0,0,0,0,952,1.56551,0.00136457,1.582,58,0,24,24,34,0,-2,0,0,0,52,4036,4035,1,175,35,467,37464,37247,105,0,38,57,4036,0,0,0,0,1,2,11,0,0,4094,0,0,0,0,0,0,0,0,0,-5,0,0,0
2561.81,0,0,0,0,0,952,1.56546,0.00136453,1.58216,58,0,24,24,34,0,-2,0,0,0.1,52,4036,4035,1,175,35,467,37464,37247,105,0,38,57,4036,0,0,0,0,1,2,11,0,0,4094,0,0,0,0,0,0,0,0,0,2,0,0,0
2561.82,0,0,0,0,0,943,1.5654,0.00136449,1.58231,58,0,24,24,34,0,-2,0,0,0.2,52,4037,4036,1,175,35,467,37464,37247,105,0,38,57,4037,0,0,0,0,1,7,13,14,0,4094,0,0,0,0,0,0,0,0,0,2,0,0,0
2561.83,0,0,0,0,0,935,1.56535,0.00136446,1.58246,58,0,24,24,34,0,-2,0,0,0.3,52,4037,4036,0,175,35,467,37464,37247,105,0,38,57,0,0,0,0,0,1,0,0,0,0,4096,0,0,0,0,0,0,0,0,0,-8,0,0,0
2561.84,0,0,0,0,0,925,1.56529,0.00136442,1.58261,58,0,24,24,34,0,-2,0,0,0.4,52,4037,4036,1,175,35,467,37464,37247,105,0,38,57,4037,0,0,0,0,1,7,3,2,0,4106,0,0,0,0,0,0,0,0,0,5,0,0,0
2561.85,0,0,0,0,0,917,1.56524,0.00136439,1.58277,58,0,24,24,34,0,-2,0,0,0.5,52,4037,4036,1,175,35,467,37464,37247,105,0,38,57,4037,0,0,0,0,1,0,5,0,0,4091,0,0,0,0,0,0,0,0,0,4,0,0,0
2561.86,0,0,0,0,0,910,1.56519,0.00136435,1.58292,58,0,24,24,34,0,-2,0,0,0.6,52,4037,4036,0,175,35,467,37464,37247,105,0,38,57,0,0,0,0,0,1,7,17,12,0,4094,0,0,0,0,0,0,0,0,0,-12,0,0,0
2561.87,0,0,0,0,0,910,1.56513,0.00136431,1.58307,58,0,24,24,34,0,-2,0,0,0.7,52,4038,4036,0,175,35,467,37464,37247,105,0,38,57,0,0,0,0,0,1,7,17,12,0,4113,0,0,0,0,0,0,0,0,0,-10,0,0,0
2561.88,0,0,0,0,0,906,1.56508,0.00136428,1.58322,58,0,24,24,34,0,-2,0,0,0.8,52,4038,4036,0,175,35,467,37464,37247,105,0,38,57,0,0,0,0,0,1,5,15,18,0,4113,0,0,0,0,0,0,0,0,0,-10,0,0,0
2561.89,0,0,0,0,0,904,1.56502,0.00136424,1.58337,58,0,24,24,34,0,-2,0,0,0.9,52,4038,4036,0,175,35,467,37464,37247,105,0,38,57,0,0,0,0,0,1,14,9,8,0,4098,0,0,0,0,0,0,0,0,0,5,0,0,0
2561.9,0,0,0,0,0,901,1.56497,0.00136421,1.58353,58,0,24,24,34,0,-2,0,0,1,52,4038,4037,0,175,35,467,37476,37259,106,0,38,57,0,0,0,0,0,1,10,19,10,0,4100,0,0,0,0,0,0,0,0,0,10,0,0,0
2561.91,0,0,0,0,0,896,1.56507,0.00135968,1.5836,58,0,24,24,34,0,-2,0,0,1,52,4038,4037,0,175,35,467,37476,37259,106,0,38,57,0,0,0,0,0,1,2,21,12,0,4089,0,0,0,0,0,0,0,0,0,6,0,0,0
2561.92,0,0,0,0,0,892,1.56517,0.00135516,1.58367,58,0,24,24,34,0,-2,0,0,1,52,4038,4037,0,175,35,467,37476,37259,106,0,38,57,0,0,0,0,0,1,0,8,0,0,4085,0,0,0,0,0,0,0,0,0,12,0,0,0
2561.93,0,0,0,0,0,892,1.56528,0.00135064,1.58373,58,0,24,24,34,0,-2,0,0,1,52,4038,4037,0,175,35,467,37476,37259,106,0,38,57,0,0,0,0,0,1,0,8,0,0,4102,0,0,0,0,0,0,0,0,0,0,0,0,0
2561.94,0,0,0,0,0,891,1.56538,0.00134611,1.5838,58,0,24,24,34,0,-2,0,0,1,52,4038,4037,1,175,35,467,37476,37259,106,0,38,57,4038,0,0,0,0,1,0,0,4,0,4102,0,0,0,0,0,0,0,0,0,0,0,0,0
2561.95,0,0,0,0,0,889,1.56548,0.00134159,1.58387,58,0,24,24,34,0,-2,0,0,1,52,4038,4037,1,175,35,467,37476,37259,106,0,38,57,4038,0,0,0,0,1,0,2,0,0,4104,0,0,0,0,0,0,0,0,0,3,0,0,0
2561.96,0,0,0,0,0,886,1.56558,0.00133706,1.58394,58,0,24,24,34,0,-2,0,0,1,52,4038,4037,0,175,35,467,37476,37259,106,0,38,57,0,0,0,0,0,1,0,0,0,0,4096,0,0,0,0,0,0,0,0,0,-1,0,0,0
2561.97,0,0,0,0,0,882,1.56568,0.00133254,1.58401,58,0,24,24,34,0,-2,0,0,1,52,4038,4037,0,175,35,467,37476,37259,106,0,38,57,0,0,0,0,0,1,10,17,18,0,4096,0,0,0,0,0,0,0,0,0,-6,0,0,0
2561.98,0,0,0,0,0,878,1.56579,0.00132802,1.58408,58,0,24,24,34,0,-2,0,0,1,52,4038,4037,0,175,35,467,37476,37259,106,0,38,57,0,0,0,0,0,1,8,9,10,0,4098,0,0,0,0,0,0,0,0,0,-12,0,0,0
2561.99,0,0,0,0,0,878,1.56589,0.00132349,1.58415,58,0,24,24,34,0,-2,0,0,1,52,4038,4037,1,175,35,467,37476,37259,106,0,38,57,4038,0,0,0,0,1,8,9,10,0,4100,0,0,0,0,0,0,0,0,0,-2,0,0,0
2562,0,0,0,0,0,873,1.56599,0.00131897,1.58422,58,0,24,24,34,0,-2,0,0,1,52,4038,4037,0,175,35,467,37475,37259,106,0,38,57,0,0,0,0,0,1,0,3,4,0,4100,0,0,0,0,0,0,0,0,0,-2,0,0,0
2562.01,0,0,0,0,0,866,1.56622,0.00132469,1.58426,58,0,24,24,34,0,-2,0,0,0.9,52,4038,4037,0,175,35,467,37475,37259,106,0,38,57,0,0,0,0,0,1,13,17,6,0,4091,0,0,0,0,0,0,0,0,0,16,0,0,0
2562.02,0,0,0,0,0,860,1.56646,0.0013304,1.58431,58,0,24,24,34,0,-2,0,0,0.8,52,4038,4037,0,175,35,467,37475,37259,106,0,38,57,0,0,0,0,0,1,0,2,4,0,4096,0,0,0,0,0,0,0,0,0,2,0,0,0
2562.03,0,0,0,0,0,857,1.56669,0.00133612,1.58436,58,0,24,24,34,0,-2,0,0,0.7,52,4039,4037,0,175,35,467,37475,37259,106,0,38,57,0,0,0,0,0,1,1,0,2,0,4102,0,0,0,0,0,0,0,0,0,0,0,0,0
2562.04,0,0,0,0,0,853,1.56693,0.00134183,1.5844,58,0,24,24,34,0,-2,0,0,0.6,52,4039,4037,0,175,35,467,37475,37259,106,0,38,57,0,0,0,0,0,1,10,2,0,0,4102,0,0,0,0,0,0,0,0,0,8,0,0,0
2562.05,0,0,0,0,0,853,1.56716,0.00134755,1.58445,58,0,24,24,34,0,-2,0,0,0.5,52,4039,4037,0,175,35,467,37475,37259,106,0,38,57,0,0,0,0,0,1,10,2,0,0,4098,0,0,0,0,0,0,0,0,0,6,0,0,0
2562.06,0,0,0,0,0,850,1.5674,0.00135326,1.58449,58,0,24,24,34,0,-2,0,0,0.4,52,4039,4037,0,175,35,467,37475,37259,106,0,38,57,0,0,0,0,0,1,0,15,8,0,4098,0,0,0,0,0,0,0,0,0,6,0,0,0
2562.07,0,0,0,0,0,849,1.56763,0.00135898,1.58454,58,0,24,24,34,0,-2,0,0,0.3,52,4039,4037,0,175,35,467,37475,37259,106,0,38,57,0,0,0,0,0,1,14,8,6,0,4098,0,0,0,0,0,0,0,0,0,-12,0,0,0
2562.08,0,0,0,0,0,846,1.56787,0.0013647,1.58459,58,0,24,24,34,0,-2,0,0,0.2,52,4039,4037,1,175,35,467,37475,37259,106,0,38,57,4039,0,0,0,0,1,0,13,0,0,4109,0,0,0,0,0,0,0,0,0,0,0,0,0
2562.09,0,0,0,0,0,840,1.5681,0.00137041,1.58463,58,0,24,24,34,0,-2,0,0,0.1,52,4039,4037,1,175,35,467,37475,37259,106,0,38,57,4039,0,0,0,0,1,0,8,12,0,4094,0,0,0,0,0,0,0,0,0,9,0,0,0
2562.1,0,0,0,0,0,835,1.56834,0.00137613,1.58468,58,0,24,24,34,0,-2,0,0,0,51,4039,4037,1,175,35,467,37487,37271,106,0,38,57,4039,0,0,0,0,1,1,0,0,0,4089,0,0,0,0,0,0,0,0,0,-3,0,0,0
2562.11,0,0,0,0,0,835,1.56824,0.00136684,1.58469,58,0,24,24,34,0,-2,0,0,0,51,4039,4037,1,175,35,467,37487,37271,106,0,38,57,4039,0,0,0,0,1,1,0,0,0,4098,0,0,0,0,0,0,0,0,0,3,0,0,0
2562.12,0,0,0,0,0,833,1.56815,0.00135756,1.58471,58,0,24,24,34,0,-2,0,0,0,51,4039,4037,1,175,35,467,37487,37271,106,0,38,57,4039,0,0,0,0,1,7,11,2,0,4098,0,0,0,0,0,0,0,0,0,3,0,0,0
2562.13,0,0,0,0,0,828,1.56805,0.00134828,1.58472,58,0,24,24,34,0,-2,0,0,0,51,4039,4037,1,175,35,467,37487,37271,106,0,38,57,4039,0,0,0,0,1,0,8,2,0,4096,0,0,0,0,0,0,0,0,0,-2,0,0,0
2562.14,0,0,0,0,0,824,1.56796,0.001339,1.58474,58,0,24,24,34,0,-2,0,0,0,51,4039,4038,1,175,35,467,37487,37271,106,0,38,57,4039,0,0,0,0,1,10,0,0,0,4096,0,0,0,0,0,0,0,0,0,-2,0,0,0
2562.15,0,0,0,0,0,820,1.56786,0.00132971,1.58475,58,0,24,24,34,0,-2,0,0,0,51,4039,4038,1,175,35,467,37487,37271,106,0,38,57,4039,0,0,0,0,1,20,23,8,0,4106,0,0,0,0,0,0,0,0,0,18,0,0,0
2562.16,0,0,0,0,0,815,1.56777,0.00132043,1.58476,58,0,24,24,34,0,-2,0,0,0,51,4039,4038,0,175,35,467,37487,37271,106,0,38,57,0,0,0,0,0,1,8,27,0,0,4100,0,0,0,0,0,0,0,0,0,3,0,0,0
2562.17,0,0,0,0,0,815,1.56767,0.00131115,1.58478,58,0,24,24,34,0,-2,0,0,0,51,4039,4038,0,175,35,467,37487,37271,106,0,38,57,0,0,0,0,0,1,8,27,0,0,4098,0,0,0,0,0,0,0,0,0,1,0,0,0
2562.18,0,0,0,0,0,814,1.56758,0.00130186,1.58479,58,0,24,24,34,0,-2,0,0,0,51,4040,4038,0,175,35,467,37487,37271,106,0,38,57,0,0,0,0,0,1,0,0,4,0,4098,0,0,0,0,0,0,0,0,0,1,0,0,0
2562.19,0,0,0,0,0,812,1.56748,0.00129258,1.58481,58,0,24,24,34,0,-2,0,0,0,51,4040,4038,0,175,35,467,37487,37271,106,0,38,57,0,0,0,0,0,1,0,2,0,0,4102,0,0,0,0,0,0,0,0,0,-2,0,0,0
2562.2,0,0,0,0,0,807,1.56739,0.0012833,1.58482,58,0,24,24,34,0,-2,0,0,0,52,4040,4039,0,175,35,467,37491,37276,106,0,38,57,0,0,0,0,0,1,8,3,14,0,4100,0,0,0,0,0,0,0,0,0,-11,0,0,0
2562.21,0,0,0,0,0,800,1.5676,0.00129342,1.58514,58,0,24,24,34,0,-2,0,0,0.1,52,4040,4039,0,175,35,467,37491,37276,106,0,38,57,0,0,0,0,0,1,2,3,8,0,4100,0,0,0,0,0,0,0,0,0,0,0,0,0
2562.22,0,0,0,0,0,793,1.56782,0.00130354,1.58545,58,0,24,24,34,0,-2,0,0,0.2,52,4040,4039,0,175,35,467,37491,37276,106,0,38,57,0,0,0,0,0,1,1,5,16,0,4096,0,0,0,0,0,0,0,0,0,6,0,0,0
2562.23,0,0,0,0,0,793,1.56803,0.00131366,1.58577,58,0,24,24,34,0,-2,0,0,0.3,52,4040,4039,0,175,35,467,37491,37276,106,0,38,57,0,0,0,0,0,1,1,5,16,0,4096,0,0,0,0,0,0,0,0,0,1,0,0,0
2562.24,0,0,0,0,0,791,1.56824,0.00132378,1.58608,58,0,24,24,34,0,-2,0,0,0.4,52,4040,4039,0,175,35,467,37491,37276,106,0,38,57,0,0,0,0,0,1,0,0,4,0,4096,0,0,0,0,0,0,0,0,0,1,0,0,0
2562.25,0,0,0,0,0,790,1.56846,0.0013339,1.5864,58,0,24,24,34,0,-2,0,0,0.5,52,4040,4039,0,175,35,467,37491,37276,106,0,38,57,0,0,0,0,0,1,0,9,4,0,4098,0,0,0,0,0,0,0,0,0,2,0,0,0
2562.26,0,0,0,0,0,786,1.56867,0.00134402,1.58671,58,0,24,24,34,0,-2,0,0,0.6,52,4040,4039,1,175,35,467,37491,37276,106,0,38,57,4040,0,0,0,0,1,19,21,8,0,4098,0,0,0,0,0,0,0,0,0,-8,0,0,0
2562.27,0,0,0,0,0,783,1.56889,0.00135414,1.58703,58,0,24,24,34,0,-2,0,0,0.7,52,4040,4039,1,175,35,467,37491,37276,106,0,38,57,4040,0,0,0,0,1,7,3,4,0,4100,0,0,0,0,0,0,0,0,0,5,0,0,0
2562.28,0,0,0,0,0,775,1.5691,0.00136426,1.58734,58,0,24,24,34,0,-2,0,0,0.8,52,4040,4039,0,175,35,467,37491,37276,106,0,38,57,0,0,0,0,0,1,0,3,6,0,4094,0,0,0,0,0,0,0,0,0,-1,0,0,0
2562.29,0,0,0,0,0,775,1.56931,0.00137438,1.58766,58,0,24,24,34,0,-2,0,0,0.9,52,4040,4039,0,175,35,467,37491,37276,106,0,38,57,0,0,0,0,0,1,0,3,6,0,4109,0,0,0,0,0,0,0,0,0,0,0,0,0
2562.3,0,0,0,0,0,772,1.56953,0.00138451,1.58798,58,0,24,24,34,0,-2,0,0,1,51,4041,4040,0,175,35,467,37498,37283,107,0,38,57,0,0,0,0,0,1,1,3,4,0,4109,0,0,0,0,0,0,0,0,0,0,0,0,0
2562.31,0,0,0,0,0,770,1.5696,0.00136737,1.58788,58,0,24,24,34,0,-2,0,0,1,51,4041,4040,1,175,35,467,37498,37283,107,0,38,57,4041,0,0,0,0,1,0,0,0,0,4098,0,0,0,0,0,0,0,0,0,2,0,0,0
2562.32,0,0,0,0,0,766,1.56967,0.00135023,1.58778,58,0,24,24,34,0,-2,0,0,1,51,4041,4040,0,175,35,467,37498,37283,107,0,38,57,0,0,0,0,0,1,8,5,4,0,4104,0,0,0,0,0,0,0,0,0,-1,0,0,0
2562.33,0,0,0,0,0,760,1.56974,0.00133309,1.58768,58,0,24,24,34,0,-2,0,0,1,51,4041,4040,0,175,35,467,37498,37283,107,0,38,57,0,0,0,0,0,1,8,19,8,0,4100,0,0,0,0,0,0,0,0,0,9,0,0,0
2562.34,0,0,0,0,0,761,1.56981,0.00131595,1.58758,58,0,24,24,34,0,-2,0,0,1,51,4041,4040,0,175,35,467,37498,37283,107,0,38,57,0,0,0,0,0,1,7,0,0,0,4106,0,0,0,0,0,0,0,0,0,0,0,0,0
2562.35,0,0,0,0,0,761,1.56987,0.00129881,1.58748,58,0,24,24,34,0,-2,0,0,1,51,4041,4040,1,175,35,467,37498,37283,107,0,38,57,4041,0,0,0,0,1,8,9,21,0,4096,0,0,0,0,0,0,0,0,0,7,0,0,0
2562.36,0,0,0,0,0,761,1.56994,0.00128167,1.58739,58,0,24,24,34,0,-2,0,0,1,51,4041,4040,1,175,35,467,37498,37283,107,0,38,57,4041,0,0,0,0,1,8,9,21,0,4096,0,0,0,0,0,0,0,0,0,7,0,0,0
2562.37,0,0,0,0,0,758,1.57001,0.00126453,1.58729,58,0,24,24,34,0,-2,0,0,1,51,4041,4040,1,175,35,467,37498,37283,107,0,38,57,4041,0,0,0,0,1,13,11,16,0,4091,0,0,0,0,0,0,0,0,0,-10,0,0,0
2562.38,0,0,0,0,0,749,1.57008,0.00124739,1.58719,58,0,24,24,34,0,-2,0,0,1,51,4041,4040,0,175,35,467,37498,37283,107,0,38,57,0,0,0,0,0,1,10,8,4,0,4100,0,0,0,0,0,0,0,0,0,6,0,0,0
2562.39,0,0,0,0,0,746,1.57015,0.00123024,1.58709,58,0,24,24,34,0,-2,0,0,1,51,4041,4040,0,175,35,467,37498,37283,107,0,38,57,0,0,0,0,0,1,0,0,0,0,4098,0,0,0,0,0,0,0,0,0,1,0,0,0
2562.4,0,0,0,0,0,742,1.57022,0.0012131,1.58699,58,0,24,24,35,0,-2,0,0,1,51,4041,4040,0,175,35,467,37504,37289,105,0,38,57,0,0,0,0,0,1,0,0,0,0,4096,0,0,0,0,0,0,0,0,0,-8,0,0,0
2562.41,0,0,0,0,0,742,1.57028,0.00119558,1.58691,58,0,24,24,35,0,-2,0,0,1,51,4041,4040,0,175,35,467,37504,37289,105,0,38,57,0,0,0,0,0,1,0,0,0,0,4102,0,0,0,0,0,0,0,0,0,-10,0,0,0
2562.42,0,0,0,0,0,740,1.57035,0.00117806,1.58684,58,0,24,24,35,0,-2,0,0,1,51,4041,4040,1,175,35,467,37504,37289,105,0,38,57,4041,0,0,0,0,1,30,23,18,0,4102,0,0,0,0,0,0,0,0,0,-10,0,0,0
2562.43,0,0,0,0,0,734,1.57041,0.00116054,1.58676,58,0,24,24,35,0,-2,0,0,1,51,4042,4040,0,175,35,467,37504,37289,105,0,38,57,0,0,0,0,0,1,0,11,12,0,4094,0,0,0,0,0,0,0,0,0,6,0,0,0
2562.44,0,0,0,0,0,735,1.57048,0.00114302,1.58668,58,0,24,24,35,0,-2,0,0,1,51,4042,4040,0,175,35,467,37504,37289,105,0,38,57,0,0,0,0,0,1,7,3,0,0,4098,0,0,0,0,0,0,0,0,0,0,0,0,0
2562.45,0,0,0,0,0,732,1.57054,0.0011255,1.5866,58,0,24,24,35,0,-2,0,0,1,51,4042,4040,0,175,35,467,37504,37289,105,0,38,57,0,0,0,0,0,1,8,15,6,0,4094,0,0,0,0,0,0,0,0,0,-3,0,0,0
2562.46,0,0,0,0,0,728,1.57061,0.00110798,1.58652,58,0,24,24,35,0,-2,0,0,1,51,4042,4040,0,175,35,467,37504,37289,105,0,38,57,0,0,0,0,0,1,16,13,18,0,4104,0,0,0,0,0,0,0,0,0,5,0,0,0
2562.47,0,0,0,0,0,728,1.57067,0.00109046,1.58644,58,0,24,24,35,0,-2,0,0,1,51,4042,4040,0,175,35,467,37504,37289,105,0,38,57,0,0,0,0,0,1,16,13,18,0,4102,0,0,0,0,0,0,0,0,0,0,0,0,0
2562.48,0,0,0,0,0,720,1.57073,0.00107294,1.58637,58,0,24,24,35,0,-2,0,0,1,51,4042,4040,0,175,35,467,37504,37289,105,0,38,57,0,0,0,0,0,1,0,0,4,0,4102,0,0,0,0,0,0,0,0,0,0,0,0,0
2562.49,0,0,0,0,0,719,1.5708,0.00105542,1.58629,58,0,24,24,35,0,-2,0,0,1,51,4042,4040,0,175,35,467,37504,37289,105,0,38,57,0,0,0,0,0,1,1,0,0,0,4111,0,0,0,0,0,0,0,0,0,0,0,0,0
2562.5,0,0,0,0,0,714,1.57086,0.0010379,1.58621,58,0,24,24,34,0,-2,0,0,1,51,4042,4040,1,175,35,467,37512,37298,106,0,38,57,4042,0,0,0,0,1,10,9,2,0,4089,0,0,0,0,0,0,0,0,0,-8,0,0,0
2562.51,0,0,0,0,0,709,1.571,0.00105045,1.58647,58,0,24,24,34,0,-2,0,0,1,51,4042,4040,1,175,35,467,37512,37298,106,0,38,57,4042,0,0,0,0,1,8,15,8,0,4109,0,0,0,0,0,0,0,0,0,14,0,0,0
2562.52,0,0,0,0,0,709,1.57113,0.001063,1.58673,58,0,24,24,34,0,-2,0,0,1,51,4042,4041,1,175,35,467,37512,37298,106,0,38,57,4042,0,0,0,0,1,0,0,4,0,4102,0,0,0,0,0,0,0,0,0,5,0,0,0
2562.53,0,0,0,0,0,709,1.57126,0.00107555,1.58699,58,0,24,24,34,0,-2,0,0,1,51,4042,4041,1,175,35,467,37512,37298,106,0,38,57,4042,0,0,0,0,1,0,0,4,0,4102,0,0,0,0,0,0,0,0,0,3,0,0,0
2562.54,0,0,0,0,0,708,1.5714,0.0010881,1.58724,58,0,24,24,34,0,-2,0,0,1,51,4042,4041,0,175,35,467,37512,37298,106,0,38,57,0,0,0,0,0,1,0,5,2,0,4102,0,0,0,0,0,0,0,0,0,3,0,0,0
2562.55,0,0,0,0,0,707,1.57153,0.00110065,1.5875,58,0,24,24,34,0,-2,0,0,1,51,4042,4041,0,175,35,467,37512,37298,106,0,38,57,0,0,0,0,0,1,16,21,18,0,4104,0,0,0,0,0,0,0,0,0,7,0,0,0
2562.56,0,0,0,0,0,700,1.57166,0.0011132,1.58776,58,0,24,24,34,0,-2,0,0,1,51,4042,4041,0,175,35,467,37512,37298,106,0,38,57,0,0,0,0,0,1,1,9,0,0,4096,0,0,0,0,0,0,0,0,0,-4,0,0,0
2562.57,0,0,0,0,0,697,1.57179,0.00112575,1.58802,58,0,24,24,34,0,-2,0,0,1,51,4042,4041,0,175,35,467,37512,37298,106,0,38,57,0,0,0,0,0,1,0,5,0,0,4100,0,0,0,0,0,0,0,0,0,-1,0,0,0
2562.58,0,0,0,0,0,693,1.57193,0.0011383,1.58828,58,0,24,24,34,0,-2,0,0,1,51,4043,4041,0,175,35,467,37512,37298,106,0,38,57,0,0,0,0,0,1,5,2,10,0,4104,0,0,0,0,0,0,0,0,0,-2,0,0,0
2562.59,0,0,0,0,0,693,1.57206,0.00115085,1.58854,58,0,24,24,34,0,-2,0,0,1,51,4043,4041,1,175,35,467,37512,37298,106,0,38,57,4043,0,0,0,0,1,5,2,10,0,4096,0,0,0,0,0,0,0,0,0,3,0,0,0
2562.6,0,0,0,0,0,685,1.57219,0.0011634,1.5888,58,0,24,24,34,0,-2,0,0,1,51,4043,4041,0,175,35,467,37516,37300,106,0,38,57,0,0,0,0,0,1,8,21,0,0,4096,0,0,0,0,0,0,0,0,0,3,0,0,0
2562.61,0,0,0,0,0,686,1.57223,0.00117004,1.58888,58,0,24,24,34,0,-2,0,0,1,51,4043,4041,0,175,35,467,37516,37300,106,0,38,57,0,0,0,0,0,1,0,3,0,0,4106,0,0,0,0,0,0,0,0,0,0,0,0,0
2562.62,0,0,0,0,0,685,1.57227,0.00117668,1.58896,58,0,24,24,34,0,-2,0,0,1,51,4043,4042,0,175,35,467,37516,37300,106,0,38,57,0,0,0,0,0,1,22,13,26,0,4104,0,0,0,0,0,0,0,0,0,-11,0,0,0
2562.63,0,0,0,0,0,680,1.57232,0.00118332,1.58904,58,0,24,24,34,0,-2,0,0,1,51,4043,4042,0,175,35,467,37516,37300,106,0,38,57,0,0,0,0,0,1,2,5,18,0,4098,0,0,0,0,0,0,0,0,0,11,0,0,0
2562.64,0,0,0,0,0,680,1.57236,0.00118995,1.58913,58,0,24,24,34,0,-2,0,0,1,51,4043,4042,0,175,35,467,37516,37300,106,0,38,57,0,0,0,0,0,1,5,0,6,0,4109,0,0,0,0,0,0,0,0,0,2,0,0,0
2562.65,0,0,0,0,0,680,1.5724,0.00119659,1.58921,58,0,24,24,34,0,-2,0,0,1,51,4043,4042,0,175,35,467,37516,37300,106,0,38,57,0,0,0,0,0,1,5,0,6,0,4100,0,0,0,0,0,0,0,0,0,-7,0,0,0
2562.66,0,0,0,0,0,677,1.57244,0.00120323,1.58929,58,0,24,24,34,0,-2,0,0,1,51,4043,4042,0,175,35,467,37516,37300,106,0,38,57,0,0,0,0,0,1,10,11,6,0,4100,0,0,0,0,0,0,0,0,0,-7,0,0,0
2562.67,0,0,0,0,0,670,1.57248,0.00120987,1.58938,58,0,24,24,34,0,-2,0,0,1,51,4043,4042,1,175,35,467,37516,37300,106,0,38,57,4043,0,0,0,0,1,13,9,2,0,4102,0,0,0,0,0,0,0,0,0,10,0,0,0
2562.68,0,0,0,0,0,669,1.57252,0.0012165,1.58946,58,0,24,24,34,0,-2,0,0,1,51,4043,4042,0,175,35,467,37516,37300,106,0,38,57,0,0,0,0,0,1,1,0,16,0,4102,0,0,0,0,0,0,0,0,0,2,0,0,0
2562.69,0,0,0,0,0,664,1.57256,0.00122314,1.58954,58,0,24,24,34,0,-2,0,0,1,51,4043,4042,0,175,35,467,37516,37300,106,0,38,57,0,0,0,0,0,1,7,5,0,0,4100,0,0,0,0,0,0,0,0,0,1,0,0,0
2562.7,0,0,0,0,0,658,1.5726,0.00122978,1.58962,58,0,24,24,34,0,-2,0,0,1,51,4043,4043,0,175,35,467,37522,37308,106,0,38,57,0,0,0,0,0,1,16,15,8,0,4102,0,0,0,0,0,0,0,0,0,15,0,0,0
2562.71,0,0,0,0,0,658,1.57263,0.00123375,1.58953,58,0,24,24,34,0,-2,0,0,1,51,4043,4043,0,175,35,467,37522,37308,106,0,38,57,0,0,0,0,0,1,0,0,0,0,4104,0,0,0,0,0,0,0,0,0,-4,0,0,0
2562.72,0,0,0,0,0,658,1.57266,0.00123773,1.58944,58,0,24,24,34,0,-2,0,0,1,51,4044,4043,0,175,35,467,37522,37308,106,0,38,57,0,0,0,0,0,1,0,0,0,0,4104,0,0,0,0,0,0,0,0,0,-4,0,0,0
2562.73,0,0,0,0,0,655,1.57268,0.0012417,1.58934,58,0,24,24,34,0,-2,0,0,1,51,4044,4043,0,175,35,467,37522,37308,106,0,38,57,0,0,0,0,0,1,8,9,10,0,4104,0,0,0,0,0,0,0,0,0,-20,0,0,0
2562.74,0,0,0,0,0,651,1.57271,0.00124567,1.58925,58,0,24,24,34,0,-2,0,0,1,51,4044,4043,0,175,35,467,37522,37308,106,0,38,57,0,0,0,0,0,1,10,9,6,0,4098,0,0,0,0,0,0,0,0,0,5,0,0,0
2562.75,0,0,0,0,0,652,1.57274,0.00124965,1.58916,58,0,24,24,34,0,-2,0,0,1,51,4044,4043,0,175,35,467,37522,37308,106,0,38,57,0,0,0,0,0,1,2,5,0,0,4104,0,0,0,0,0,0,0,0,0,3,0,0,0
2562.76,0,0,0,0,0,651,1.57277,0.00125362,1.58906,58,0,24,24,34,0,-2,0,0,1,51,4044,4043,0,175,35,467,37522,37308,106,0,38,57,0,0,0,0,0,1,7,11,12,0,4104,0,0,0,0,0,0,0,0,0,-11,0,0,0
2562.77,0,0,0,0,0,651,1.5728,0.00125759,1.58897,58,0,24,24,34,0,-2,0,0,1,51,4044,4043,0,175,35,467,37522,37308,106,0,38,57,0,0,0,0,0,1,7,17,0,0,4100,0,0,0,0,0,0,0,0,0,2,0,0,0
2562.78,0,0,0,0,0,646,1.57283,0.00126157,1.58888,58,0,24,24,34,0,-2,0,0,1,51,4044,4043,0,175,35,467,37522,37308,106,0,38,57,0,0,0,0,0,1,7,17,0,0,4100,0,0,0,0,0,0,0,0,0,2,0,0,0
2562.79,0,0,0,0,0,645,1.57286,0.00126554,1.58879,58,0,24,24,34,0,-2,0,0,1,51,4044,4043,0,175,35,467,37522,37308,106,0,38,57,0,0,0,0,0,1,0,0,0,0,4109,0,0,0,0,0,0,0,0,0,0,0,0,0
2562.8,0,0,0,0,0,639,1.57289,0.00126951,1.58869,58,0,24,24,34,0,-2,0,0,1,50,4044,4043,0,175,35,467,37530,37316,105,0,38,57,0,0,0,0,0,1,7,5,0,0,4111,0,0,0,0,0,0,0,0,0,-1,0,0,0
2562.81,0,0,0,0,0,630,1.57302,0.0012629,1.58894,58,0,24,24,34,0,-2,0,0,1,50,4044,4043,0,175,35,467,37530,37316,105,0,38,57,0,0,0,0,0,1,0,3,18,0,4094,0,0,0,0,0,0,0,0,0,-15,0,0,0
2562.82,0,0,0,0,0,627,1.57315,0.00125628,1.58919,58,0,24,24,34,0,-2,0,0,1,50,4044,4043,0,175,35,467,37530,37316,105,0,38,57,0,0,0,0,0,1,0,2,10,0,4104,0,0,0,0,0,0,0,0,0,1,0,0,0
2562.83,0,0,0,0,0,627,1.57329,0.00124966,1.58944,58,0,24,24,34,0,-2,0,0,1,50,4044,4043,0,175,35,467,37530,37316,105,0,38,57,0,0,0,0,0,1,10,5,4,0,4102,0,0,0,0,0,0,0,0,0,10,0,0,0
2562.84,0,0,0,0,0,623,1.57342,0.00124305,1.58969,58,0,24,24,34,0,-2,0,0,1,50,4044,4043,1,175,35,467,37530,37316,105,0,38,57,4044,0,0,0,0,1,10,5,4,0,4102,0,0,0,0,0,0,0,0,0,10,0,0,0
2562.85,0,0,0,0,0,621,1.57356,0.00123643,1.58994,58,0,24,24,34,0,-2,0,0,1,50,4044,4043,1,175,35,467,37530,37316,105,0,38,57,4044,0,0,0,0,1,1,0,0,0,4104,0,0,0,0,0,0,0,0,0,2,0,0,0
2562.86,0,0,0,0,0,621,1.57369,0.00122982,1.59019,58,0,24,24,34,0,-2,0,0,1,50,4045,4043,0,175,35,467,37530,37316,105,0,38,57,0,0,0,0,0,1,0,8,6,0,4100,0,0,0,0,0,0,0,0,0,-3,0,0,0
2562.87,0,0,0,0,0,621,1.57382,0.0012232,1.59043,58,0,24,24,34,0,-2,0,0,1,50,4045,4043,1,175,35,467,37530,37316,105,0,38,57,4045,0,0,0,0,1,13,13,14,0,4096,0,0,0,0,0,0,0,0,0,3,0,0,0
2562.88,0,0,0,0,0,621,1.57396,0.00121658,1.59068,58,0,24,24,34,0,-2,0,0,1,50,4045,4043,1,175,35,467,37530,37316,105,0,38,57,4045,0,0,0,0,1,5,5,0,0,4102,0,0,0,0,0,0,0,0,0,6,0,0,0
2562.89,0,0,0,0,0,621,1.57409,0.00120997,1.59093,58,0,24,24,34,0,-2,0,0,1,50,4045,4043,1,175,35,467,37530,37316,105,0,38,57,4045,0,0,0,0,1,5,5,0,0,4102,0,0,0,0,0,0,0,0,0,-5,0,0,0
2562.9,0,0,0,0,0,617,1.57423,0.00120335,1.59118,58,0,24,24,34,0,-2,0,0,1,50,4045,4043,1,175,35,467,37536,37321,106,0,38,57,4045,0,0,0,0,1,20,23,10,0,4098,0,0,0,0,0,0,0,0,0,-5,0,0,0
2562.91,0,0,0,0,0,608,1.57425,0.00118821,1.5913,58,0,24,24,34,0,-2,0,0,1,50,4045,4043,0,175,35,467,37536,37321,106,0,38,57,0,0,0,0,0,1,10,0,4,0,4102,0,0,0,0,0,0,0,0,0,4,0,0,0
2562.92,0,0,0,0,0,603,1.57427,0.00117306,1.59142,58,0,24,24,34,0,-2,0,0,1,50,4045,4043,1,175,35,467,37536,37321,106,0,38,57,4045,0,0,0,0,1,0,5,0,0,4100,0,0,0,0,0,0,0,0,0,1,0,0,0
2562.93,0,0,0,0,0,598,1.57428,0.00115792,1.59154,58,0,24,24,34,0,-2,0,0,1,50,4045,4043,1,175,35,467,37536,37321,106,0,38,57,4045,0,0,0,0,1,7,9,4,0,4102,0,0,0,0,0,0,0,0,0,13,0,0,0
2562.94,0,0,0,0,0,595,1.5743,0.00114278,1.59166,58,0,24,24,34,0,-2,0,0,1,50,4045,4044,0,175,35,467,37536,37321,106,0,38,57,0,0,0,0,0,1,1,0,0,0,4106,0,0,0,0,0,0,0,0,0,0,0,0,0
2562.95,0,0,0,0,0,595,1.57432,0.00112763,1.59178,58,0,24,24,34,0,-2,0,0,1,50,4045,4044,1,175,35,467,37536,37321,106,0,38,57,4045,0,0,0,0,1,1,0,0,0,4106,0,0,0,0,0,0,0,0,0,-2,0,0,0
2562.96,0,0,0,0,0,594,1.57434,0.00111249,1.5919,58,0,24,24,34,0,-2,0,0,1,50,4045,4044,1,175,35,467,37536,37321,106,0,38,57,4045,0,0,0,0,1,22,17,18,0,4106,0,0,0,0,0,0,0,0,0,-2,0,0,0
2562.97,0,0,0,0,0,592,1.57436,0.00109734,1.59202,58,0,24,24,34,0,-2,0,0,1,50,4045,4044,1,175,35,467,37536,37321,106,0,38,57,4045,0,0,0,0,1,10,3,0,0,4104,0,0,0,0,0,0,0,0,0,1,0,0,0
2562.98,0,0,0,0,0,596,1.57438,0.0010822,1.59214,58,0,24,24,34,0,-2,0,0,1,50,4045,4044,0,175,35,467,37536,37321,106,0,38,57,0,0,0,0,0,1,0,0,0,0,4100,0,0,0,0,0,0,0,0,0,6,0,0,0
2562.99,0,0,0,0,0,595,1.5744,0.00106706,1.59226,58,0,24,24,34,0,-2,0,0,1,50,4045,4044,1,175,35,467,37536,37321,106,0,38,57,4045,0,0,0,0,1,13,11,8,0,4104,0,0,0,0,0,0,0,0,0,5,0,0,0
2563,0,0,0,0,0,593,1.57442,0.00105191,1.59238,58,0,24,24,34,0,-2,0,0,1,50,4045,4044,0,175,35,467,37541,37328,106,0,38,57,0,0,0,0,0,1,13,11,4,0,4106,0,0,0,0,0,0,0,0,0,14,0,0,0
2563.01,0,0,0,0,0,593,1.57464,0.00106003,1.59246,58,0,24,24,34,0,-2,0,0,1,50,4045,4044,0,175,35,467,37541,37328,106,0,38,57,0,0,0,0,0,1,13,11,4,0,4109,0,0,0,0,0,0,0,0,0,0,0,0,0
2563.02,0,0,0,0,0,588,1.57486,0.00106814,1.59253,58,0,24,24,34,0,-2,0,0,1,50,4046,4045,1,175,35,467,37541,37328,106,0,38,57,4046,0,0,0,0,1,0,0,2,0,4109,0,0,0,0,0,0,0,0,0,0,0,0,0
2563.03,0,0,0,0,0,580,1.57508,0.00107625,1.59261,58,0,24,24,34,0,-2,0,0,1,50,4046,4045,0,175,35,467,37541,37328,106,0,38,57,0,0,0,0,0,1,1,2,4,0,4111,0,0,0,0,0,0,0,0,0,-1,0,0,0
2563.04,0,0,0,0,0,576,1.5753,0.00108437,1.59268,58,0,24,24,34,0,-2,0,0,1,50,4046,4045,0,175,35,467,37541,37328,106,0,38,57,0,0,0,0,0,1,10,3,0,0,4111,0,0,0,0,0,0,0,0,0,-1,0,0,0
2563.05,0,0,0,0,0,569,1.57551,0.00109248,1.59276,58,0,24,24,34,0,-2,0,0,1,50,4046,4045,0,175,35,467,37541,37328,106,0,38,57,0,0,0,0,0,1,0,5,6,0,4102,0,0,0,0,0,0,0,0,0,1,0,0,0
2563.06,0,0,0,0,0,567,1.57573,0.0011006,1.59283,58,0,24,24,34,0,-2,0,0,1,50,4046,4045,0,175,35,467,37541,37328,106,0,38,57,0,0,0,0,0,1,0,2,0,0,4104,0,0,0,0,0,0,0,0,0,3,0,0,0
2563.07,0,0,0,0,0,567,1.57595,0.00110871,1.59291,58,0,24,24,34,0,-2,0,0,1,50,4046,4045,0,175,35,467,37541,37328,106,0,38,57,0,0,0,0,0,1,0,2,0,0,4109,0,0,0,0,0,0,0,0,0,0,0,0,0
2563.08,0,0,0,0,0,567,1.57617,0.00111682,1.59298,58,0,24,24,34,0,-2,0,0,1,50,4046,4045,0,175,35,467,37541,37328,106,0,38,57,0,0,0,0,0,1,13,0,51,0,4106,0,0,0,0,0,0,0,0,0,0,0,0,0
2563.09,0,0,0,0,0,569,1.57639,0.00112494,1.59306,58,0,24,24,34,0,-2,0,0,1,50,4046,4045,0,175,35,467,37541,37328,106,0,38,57,0,0,0,0,0,1,0,0,0,0,4106,0,0,0,0,0,0,0,0,0,0,0,0,0
2563.1,0,0,0,0,0,570,1.57661,0.00113305,1.59314,58,0,24,24,34,0,-2,0,0,1,50,4046,4046,0,175,35,467,37548,37333,106,0,38,57,0,0,0,0,0,1,24,25,24,0,4098,0,0,0,0,0,0,0,0,0,14,0,0,0
2563.11,0,0,0,0,0,570,1.57676,0.001142,1.59313,58,0,24,24,34,0,-2,0,0,1,50,4046,4046,0,175,35,467,37548,37333,106,0,38,57,0,0,0,0,0,1,10,5,2,0,4109,0,0,0,0,0,0,0,0,0,10,0,0,0
2563.12,0,0,0,0,0,566,1.57691,0.00115096,1.59312,58,0,24,24,34,0,-2,0,0,1,50,4046,4046,0,175,35,467,37548,37333,106,0,38,57,0,0,0,0,0,1,13,19,20,0,4104,0,0,0,0,0,0,0,0,0,4,0,0,0
2563.13,0,0,0,0,0,558,1.57706,0.00115991,1.5931,58,0,24,24,34,0,-2,0,0,1,50,4046,4046,0,175,35,467,37548,37333,106,0,38,57,0,0,0,0,0,1,10,5,6,0,4106,0,0,0,0,0,0,0,0,0,6,0,0,0
2563.14,0,0,0,0,0,553,1.57722,0.00116886,1.59309,58,0,24,24,34,0,-2,0,0,1,50,4046,4046,0,175,35,467,37548,37333,106,0,38,57,0,0,0,0,0,1,2,5,4,0,4098,0,0,0,0,0,0,0,0,0,-5,0,0,0
2563.15,0,0,0,0,0,553,1.57737,0.00117781,1.59308,58,0,24,24,34,0,-2,0,0,1,50,4046,4046,0,175,35,467,37548,37333,106,0,38,57,0,0,0,0,0,1,2,5,4,0,4098,0,0,0,0,0,0,0,0,0,-5,0,0,0
2563.16,0,0,0,0,0,545,1.57752,0.00118676,1.59307,58,0,24,24,34,0,-2,0,0,1,50,4046,4046,0,175,35,467,37548,37333,106,0,38,57,0,0,0,0,0,1,0,0,0,0,4094,0,0,0,0,0,0,0,0,0,0,0,0,0
2563.17,0,0,0,0,0,546,1.57767,0.00119571,1.59306,58,0,24,24,34,0,-2,0,0,1,50,4046,4046,0,175,35,467,37548,37333,106,0,38,57,0,0,0,0,0,1,8,15,18,0,4104,0,0,0,0,0,0,0,0,0,-10,0,0,0
2563.18,0,0,0,0,0,545,1.57783,0.00120466,1.59305,58,0,24,24,34,0,-2,0,0,1,50,4046,4046,0,175,35,467,37548,37333,106,0,38,57,0,0,0,0,0,1,0,9,4,0,4102,0,0,0,0,0,0,0,0,0,2,0,0,0
2563.19,0,0,0,0,0,546,1.57798,0.00121362,1.59304,58,0,24,24,34,0,-2,0,0,1,50,4047,4046,1,175,35,467,37548,37333,106,0,38,57,4047,0,0,0,0,1,2,5,2,0,4106,0,0,0,0,0,0,0,0,0,2,0,0,0
2563.2,0,0,0,0,0,542,1.57813,0.00122257,1.59303,58,0,24,24,34,0,-2,0,0,1,50,4047,4046,1,175,35,467,37553,37341,106,0,38,57,4047,0,0,0,0,1,8,3,0,0,4109,0,0,0,0,0,0,0,0,0,4,0,0,0
2563.21,0,0,0,0,0,542,1.57787,0.00122087,1.59319,58,0,24,24,34,0,-2,0,0,1,50,4047,4046,1,175,35,467,37553,37341,106,0,38,57,4047,0,0,0,0,1,8,3,0,0,4109,0,0,0,0,0,0,0,0,0,4,0,0,0
2563.22,0,0,0,0,0,536,1.57761,0.00121917,1.59335,58,0,24,24,34,0,-2,0,0,1,50,4047,4046,0,175,35,467,37553,37341,106,0,38,57,0,0,0,0,0,1,0,11,10,0,4100,0,0,0,0,0,0,0,0,0,14,0,0,0
2563.23,0,0,0,0,0,529,1.57735,0.00121747,1.5935,58,0,24,24,34,0,-2,0,0,1,50,4047,4046,0,175,35,467,37553,37341,106,0,38,57,0,0,0,0,0,1,26,27,21,0,4109,0,0,0,0,0,0,0,0,0,6,0,0,0
2563.24,0,0,0,0,0,526,1.57709,0.00121577,1.59366,58,0,24,24,34,0,-2,0,0,1,50,4047,4046,0,175,35,467,37553,37341,106,0,38,57,0,0,0,0,0,1,0,0,0,0,4106,0,0,0,0,0,0,0,0,0,-12,0,0,0
2563.25,0,0,0,0,0,526,1.57684,0.00121408,1.59382,58,0,24,24,34,0,-2,0,0,1,50,4047,4046,0,175,35,467,37553,37341,106,0,38,57,0,0,0,0,0,1,14,15,10,0,4111,0,0,0,0,0,0,0,0,0,14,0,0,0
2563.26,0,0,0,0,0,525,1.57658,0.00121238,1.59398,58,0,24,24,34,0,-2,0,0,1,50,4047,4046,0,175,35,467,37553,37341,106,0,38,57,0,0,0,0,0,1,2,9,0,0,4104,0,0,0,0,0,0,0,0,0,2,0,0,0
2563.27,0,0,0,0,0,522,1.57632,0.00121068,1.59413,58,0,24,24,34,0,-2,0,0,1,50,4047,4046,0,175,35,467,37553,37341,106,0,38,57,0,0,0,0,0,1,14,25,18,0,4102,0,0,0,0,0,0,0,0,0,23,0,0,0
2563.28,0,0,0,0,0,522,1.57606,0.00120898,1.59429,58,0,24,24,34,0,-2,0,0,1,50,4047,4046,0,175,35,467,37553,37341,106,0,38,57,0,0,0,0,0,1,14,25,18,0,4113,0,0,0,0,0,0,0,0,0,-1,0,0,0
2563.29,0,0,0,0,0,522,1.5758,0.00120728,1.59445,58,0,24,24,34,0,-2,0,0,1,50,4047,4046,0,175,35,467,37553,37341,106,0,38,57,0,0,0,0,0,1,0,2,0,0,4113,0,0,0,0,0,0,0,0,0,-1,0,0,0
2563.3,0,0,0,0,0,521,1.57554,0.00120558,1.59461,58,0,24,24,34,0,-2,0,0,1,50,4047,4046,0,175,35,467,37560,37347,106,0,38,57,0,0,0,0,0,1,26,23,12,0,4111,0,0,0,0,0,0,0,0,0,29,0,0,0
2563.31,0,0,0,0,0,517,1.57564,0.00120863,1.59461,58,0,24,24,34,0,-2,0,0,1,50,4047,4046,0,175,35,467,37560,37347,106,0,38,57,0,0,0,0,0,1,0,0,0,0,4113,0,0,0,0,0,0,0,0,0,-16,0,0,0
2563.32,0,0,0,0,0,511,1.57573,0.00121167,1.59461,58,0,24,24,34,0,-2,0,0,1,50,4048,4046,1,175,35,467,37560,37347,106,0,38,57,4048,0,0,0,0,1,10,9,0,0,4106,0,0,0,0,0,0,0,0,0,11,0,0,0
2563.33,0,0,0,0,0,507,1.57583,0.00121471,1.59462,58,0,24,24,34,0,-2,0,0,1,50,4048,4046,1,175,35,467,37560,37347,106,0,38,57,4048,0,0,0,0,1,0,2,0,0,4109,0,0,0,0,0,0,0,0,0,0,0,0,0
2563.34,0,0,0,0,0,507,1.57593,0.00121775,1.59462,58,0,24,24,34,0,-2,0,0,1,50,4048,4047,0,175,35,467,37560,37347,106,0,38,57,0,0,0,0,0,1,0,2,0,0,4106,0,0,0,0,0,0,0,0,0,19,0,0,0
2563.35,0,0,0,0,0,504,1.57603,0.0012208,1.59463,58,0,24,24,34,0,-2,0,0,1,50,4048,4047,0,175,35,467,37560,37347,106,0,38,57,0,0,0,0,0,1,19,23,10,0,4106,0,0,0,0,0,0,0,0,0,19,0,0,0
2563.36,0,0,0,0,0,502,1.57612,0.00122384,1.59463,58,0,24,24,34,0,-2,0,0,1,50,4048,4047,0,175,35,467,37560,37347,106,0,38,57,0,0,0,0,0,1,0,0,0,0,4113,0,0,0,0,0,0,0,0,0,-12,0,0,0
2563.37,0,0,0,0,0,500,1.57622,0.00122688,1.59464,58,0,24,24,34,0,-2,0,0,1,50,4048,4047,0,175,35,467,37560,37347,106,0,38,57,0,0,0,0,0,1,19,13,18,0,4113,0,0,0,0,0,0,0,0,0,16,0,0,0
2563.38,0,0,0,0,0,497,1.57632,0.00122992,1.59464,58,0,24,24,34,0,-2,0,0,1,50,4048,4047,0,175,35,467,37560,37347,106,0,38,57,0,0,0,0,0,1,13,11,4,0,4120,0,0,0,0,0,0,0,0,0,12,0,0,0
2563.39,0,0,0,0,0,496,1.57641,0.00123297,1.59465,58,0,24,24,34,0,-2,0,0,1,50,4048,4047,0,175,35,467,37560,37347,106,0,38,57,0,0,0,0,0,1,5,8,0,0,4106,0,0,0,0,0,0,0,0,0,6,0,0,0
2563.4,0,0,0,0,0,496,1.57651,0.00123601,1.59465,58,0,24,24,34,0,-2,0,0,1,50,4048,4047,0,175,35,467,37565,37351,106,0,38,57,0,0,0,0,0,1,5,8,0,0,4104,0,0,0,0,0,0,0,0,0,2,0,0,0
2563.41,0,0,0,0,0,494,1.57668,0.00122458,1.59463,58,0,24,24,34,0,-2,0,0,1,50,4048,4047,0,175,35,467,37565,37351,106,0,38,57,0,0,0,0,0,1,2,0,0,0,4104,0,0,0,0,0,0,0,0,0,2,0,0,0
2563.42,0,0,0,0,0,495,1.57686,0.00121316,1.59461,58,0,24,24,34,0,-2,0,0,1,50,4048,4047,0,175,35,467,37565,37351,106,0,38,57,0,0,0,0,0,1,2,3,0,0,4113,0,0,0,0,0,0,0,0,0,21,0,0,0
2563.43,0,0,0,0,0,492,1.57703,0.00120173,1.59459,58,0,24,24,34,0,-2,0,0,1,50,4048,4047,0,175,35,467,37565,37351,106,0,38,57,0,0,0,0,0,1,5,5,0,0,4109,0,0,0,0,0,0,0,0,0,12,0,0,0
2563.44,0,0,0,0,0,488,1.5772,0.0011903,1.59457,58,0,24,24,34,0,-2,0,0,1,50,4048,4047,0,175,35,467,37565,37351,106,0,38,57,0,0,0,0,0,1,5,9,0,0,4113,0,0,0,0,0,0,0,0,0,16,0,0,0
2563.45,0,0,0,0,0,481,1.57737,0.00117887,1.59455,58,0,24,24,34,0,-2,0,0,1,50,4048,4047,0,175,35,467,37565,37351,106,0,38,57,0,0,0,0,0,1,1,8,0,0,4109,0,0,0,0,0,0,0,0,0,5,0,0,0
2563.46,0,0,0,0,0,481,1.57754,0.00116745,1.59453,58,0,24,24,34,0,-2,0,0,1,50,4048,4047,0,175,35,467,37565,37351,106,0,38,57,0,0,0,0,0,1,1,8,0,0,4113,0,0,0,0,0,0,0,0,0,7,0,0,0
2563.47,0,0,0,0,0,476,1.57771,0.00115602,1.59451,58,0,24,24,34,0,-2,0,0,1,50,4048,4047,0,175,35,467,37565,37351,106,0,38,57,0,0,0,0,0,1,1,9,0,0,4113,0,0,0,0,0,0,0,0,0,7,0,0,0
2563.48,0,0,0,0,0,473,1.57789,0.00114459,1.59448,58,0,24,24,34,0,-2,0,0,1,50,4049,4047,0,175,35,467,37565,37351,106,0,38,57,0,0,0,0,0,1,8,8,6,0,4109,0,0,0,0,0,0,0,0,0,7,0,0,0
2563.49,0,0,0,0,0,470,1.57806,0.00113316,1.59446,58,0,24,24,34,0,-2,0,0,1,50,4049,4047,0,175,35,467,37565,37351,106,0,38,57,0,0,0,0,0,1,14,17,2,0,4104,0,0,0,0,0,0,0,0,0,0,0,0,0
2563.5,0,0,0,0,0,468,1.57823,0.00112174,1.59444,58,0,24,24,34,0,-2,0,0,1,50,4049,4048,0,175,35,467,37571,37358,106,0,38,57,0,0,0,0,0,1,0,8,8,0,4102,0,0,0,0,0,0,0,0,0,2,0,0,0
2563.51,0,0,0,0,0,465,1.57826,0.00112272,1.59464,58,0,24,24,34,0,-2,0,0,1,50,4049,4048,0,175,35,467,37571,37358,106,0,38,57,0,0,0,0,0,1,0,13,12,0,4113,0,0,0,0,0,0,0,0,0,2,0,0,0
2563.52,0,0,0,0,0,465,1.57829,0.0011237,1.59484,58,0,24,24,34,0,-2,0,0,1,50,4049,4048,0,175,35,467,37571,37358,106,0,38,57,0,0,0,0,0,1,0,13,12,0,4109,0,0,0,0,0,0,0,0,0,0,0,0,0
2563.53,0,0,0,0,0,467,1.57831,0.00112468,1.59504,58,0,24,24,34,0,-2,0,0,1,50,4049,4048,0,175,35,467,37571,37358,106,0,38,57,0,0,0,0,0,1,0,9,10,0,4109,0,0,0,0,0,0,0,0,0,0,0,0,0
2563.54,0,0,0,0,0,467,1.57834,0.00112566,1.59524,58,0,24,24,34,0,-2,0,0,1,50,4049,4048,0,175,35,467,37571,37358,106,0,38,57,0,0,0,0,0,1,2,5,2,0,4100,0,0,0,0,0,0,0,0,0,-4,0,0,0
2563.55,0,0,0,0,0,469,1.57837,0.00112664,1.59544,58,0,24,24,34,0,-2,0,0,1,50,4049,4048,0,175,35,467,37571,37358,106,0,38,57,0,0,0,0,0,1,7,8,0,0,4104,0,0,0,0,0,0,0,0,0,-17,0,0,0
2563.56,0,0,0,0,0,464,1.5784,0.00112762,1.59564,58,0,24,24,34,0,-2,0,0,1,50,4049,4048,0,175,35,467,37571,37358,106,0,38,57,0,0,0,0,0,1,7,2,0,0,4109,0,0,0,0,0,0,0,0,0,6,0,0,0
2563.57,0,0,0,0,0,460,1.57843,0.0011286,1.59585,58,0,24,24,34,0,-2,0,0,1,50,4049,4048,0,175,35,467,37571,37358,106,0,38,57,0,0,0,0,0,1,10,9,10,0,4109,0,0,0,0,0,0,0,0,0,-8,0,0,0
2563.58,0,0,0,0,0,460,1.57846,0.00112958,1.59605,58,0,24,24,34,0,-2,0,0,1,50,4049,4048,0,175,35,467,37571,37358,106,0,38,57,0,0,0,0,0,1,10,9,10,0,4106,0,0,0,0,0,0,0,0,0,2,0,0,0
2563.59,0,0,0,0,0,452,1.57849,0.00113056,1.59625,58,0,24,24,34,0,-2,0,0,1,50,4049,4048,0,175,35,467,37571,37358,106,0,38,57,0,0,0,0,0,1,1,3,0,0,4106,0,0,0,0,0,0,0,0,0,2,0,0,0
2563.6,0,0,0,0,0,449,1.57851,0.00113154,1.59645,58,0,24,24,34,0,-2,0,0,1,50,4049,4048,0,175,35,467,37577,37364,106,0,38,57,0,0,0,0,0,1,0,3,2,0,4104,0,0,0,0,0,0,0,0,0,0,0,0,0
2563.61,0,0,0,0,0,447,1.57859,0.0011193,1.59644,58,0,24,24,34,0,-2,0,0,1,50,4049,4048,0,175,35,467,37577,37364,106,0,38,57,0,0,0,0,0,1,0,0,0,0,4109,0,0,0,0,0,0,0,0,0,-12,0,0,0
2563.62,0,0,0,0,0,447,1.57867,0.00110706,1.59644,58,0,24,24,34,0,-2,0,0,1,50,4049,4048,0,175,35,467,37577,37364,106,0,38,57,0,0,0,0,0,1,14,19,8,0,4113,0,0,0,0,0,0,0,0,0,20,0,0,0
2563.63,0,0,0,0,0,448,1.57874,0.00109481,1.59643,58,0,24,24,34,0,-2,0,0,1,50,4049,4048,0,175,35,467,37577,37364,106,0,38,57,0,0,0,0,0,1,0,0,0,0,4104,0,0,0,0,0,0,0,0,0,-1,0,0,0
2563.64,0,0,0,0,0,448,1.57882,0.00108257,1.59643,58,0,24,24,34,0,-2,0,0,1,50,4050,4048,0,175,35,467,37577,37364,106,0,38,57,0,0,0,0,0,1,0,0,0,0,4102,0,0,0,0,0,0,0,0,0,2,0,0,0
2563.65,0,0,0,0,0,447,1.57889,0.00107033,1.59642,58,0,24,24,34,0,-2,0,0,1,50,4050,4048,0,175,35,467,37577,37364,106,0,38,57,0,0,0,0,0,1,0,21,0,0,4102,0,0,0,0,0,0,0,0,0,2,0,0,0
2563.66,0,0,0,0,0,445,1.57897,0.00105809,1.59642,58,0,24,24,34,0,-2,0,0,1,50,4050,4048,0,175,35,467,37577,37364,106,0,38,57,0,0,0,0,0,1,0,8,2,0,4106,0,0,0,0,0,0,0,0,0,1,0,0,0
2563.67,0,0,0,0,0,439,1.57904,0.00104585,1.59641,58,0,24,24,34,0,-2,0,0,1,50,4050,4048,0,175,35,467,37577,37364,106,0,38,57,0,0,0,0,0,1,13,15,12,0,4102,0,0,0,0,0,0,0,0,0,-7,0,0,0
2563.68,0,0,0,0,0,436,1.57912,0.0010336,1.5964,58,0,24,24,34,0,-2,0,0,1,50,4050,4048,0,175,35,467,37577,37364,106,0,38,57,0,0,0,0,0,1,0,0,30,0,4098,0,0,0,0,0,0,0,0,0,-19,0,0,0
2563.69,0,0,0,0,0,430,1.57919,0.00102136,1.5964,58,0,24,24,34,0,-2,0,0,1,50,4050,4048,0,175,35,467,37577,37364,106,0,38,57,0,0,0,0,0,1,2,0,0,0,4111,0,0,0,0,0,0,0,0,0,2,0,0,0
2563.7,0,0,0,0,0,430,1.57927,0.00100912,1.59639,58,0,24,24,34,0,-2,0,0,1,50,4050,4048,0,175,35,467,37583,37369,106,0,38,57,0,0,0,0,0,1,2,0,0,0,4115,0,0,0,0,0,0,0,0,0,17,0,0,0
2563.71,0,0,0,0,0,427,1.57927,0.00100662,1.59639,58,0,24,24,34,0,-2,0,0,1,50,4050,4048,0,175,35,467,37583,37369,106,0,38,57,0,0,0,0,0,1,19,19,16,0,4115,0,0,0,0,0,0,0,0,0,17,0,0,0
2563.72,0,0,0,0,0,423,1.57926,0.00100412,1.59638,58,0,24,24,34,0,-2,0,0,1,50,4050,4048,0,175,35,467,37583,37369,106,0,38,57,0,0,0,0,0,1,0,5,0,0,4113,0,0,0,0,0,0,0,0,0,0,0,0,0
2563.73,0,0,0,0,0,422,1.57926,0.00100163,1.59637,58,0,24,24,34,0,-2,0,0,1,50,4050,4048,0,175,35,467,37583,37369,106,0,38,57,0,0,0,0,0,1,10,11,8,0,4109,0,0,0,0,0,0,0,0,0,3,0,0,0
2563.74,0,0,0,0,0,422,1.57926,0.000999128,1.59636,58,0,24,24,34,0,-2,0,0,1,50,4050,4049,0,175,35,467,37583,37369,106,0,38,57,0,0,0,0,0,1,8,5,0,0,4113,0,0,0,0,0,0,0,0,0,3,0,0,0
2563.75,0,0,0,0,0,419,1.57925,0.00099663,1.59636,58,0,24,24,34,0,-2,0,0,1,50,4050,4049,0,175,35,467,37583,37369,106,0,38,57,0,0,0,0,0,1,10,9,4,0,4113,0,0,0,0,0,0,0,0,0,-5,0,0,0
2563.76,0,0,0,0,0,419,1.57925,0.000994132,1.59635,58,0,24,24,34,0,-2,0,0,1,50,4050,4049,0,175,35,467,37583,37369,106,0,38,57,0,0,0,0,0,1,10,9,4,0,4113,0,0,0,0,0,0,0,0,0,-2,0,0,0
2563.77,0,0,0,0,0,420,1.57925,0.000991634,1.59634,58,0,24,24,34,0,-2,0,0,1,50,4050,4049,0,175,35,467,37583,37369,106,0,38,57,0,0,0,0,0,1,14,3,10,0,4113,0,0,0,0,0,0,0,0,0,-2,0,0,0
2563.78,0,0,0,0,0,417,1.57924,0.000989135,1.59634,58,0,24,24,34,0,-2,0,0,1,50,4050,4049,0,175,35,467,37583,37369,106,0,38,57,0,0,0,0,0,1,1,9,0,0,4106,0,0,0,0,0,0,0,0,0,0,0,0,0
2563.79,0,0,0,0,0,413,1.57924,0.000986637,1.59633,58,0,24,24,34,0,-2,0,0,1,50,4050,4049,0,175,35,467,37583,37369,106,0,38,57,0,0,0,0,0,1,19,19,20,0,4115,0,0,0,0,0,0,0,0,0,22,0,0,0
2563.8,0,0,0,0,0,409,1.57924,0.000984139,1.59632,58,0,24,24,34,0,-2,0,0,1,50,4051,4049,0,175,35,467,37588,37375,106,0,38,57,0,0,0,0,0,1,10,8,4,0,4104,0,0,0,0,0,0,0,0,0,-2,0,0,0
2563.81,0,0,0,0,0,404,1.57942,0.00101226,1.5965,58,0,24,24,34,0,-2,0,0,1,50,4051,4049,0,175,35,467,37588,37375,106,0,38,57,0,0,0,0,0,1,0,15,21,0,4102,0,0,0,0,0,0,0,0,0,-9,0,0,0
2563.82,0,0,0,0,0,404,1.5796,0.00104037,1.59667,58,0,24,24,34,0,-2,0,0,1,50,4051,4049,0,175,35,467,37588,37375,106,0,38,57,0,0,0,0,0,1,0,15,21,0,4102,0,0,0,0,0,0,0,0,0,2,0,0,0
2563.83,0,0,0,0,0,405,1.57978,0.00106849,1.59685,58,0,24,24,34,0,-2,0,0,1,50,4051,4049,0,175,35,467,37588,37375,106,0,38,57,0,0,0,0,0,1,7,0,57,0,4102,0,0,0,0,0,0,0,0,0,2,0,0,0
2563.84,0,0,0,0,0,404,1.57996,0.00109661,1.59703,58,0,24,24,34,0,-2,0,0,1,50,4051,4049,0,175,35,467,37588,37375,106,0,38,57,0,0,0,0,0,1,8,5,0,0,4113,0,0,0,0,0,0,0,0,0,1,0,0,0
2563.85,0,0,0,0,0,404,1.58014,0.00112472,1.59721,58,0,24,24,34,0,-2,0,0,1,50,4051,4049,0,175,35,467,37588,37375,106,0,38,57,0,0,0,0,0,1,24,25,18,0,4113,0,0,0,0,0,0,0,0,0,28,0,0,0
2563.86,0,0,0,0,0,398,1.58033,0.00115284,1.59738,58,0,24,24,34,0,-2,0,0,1,50,4051,4049,0,175,35,467,37588,37375,106,0,38,57,0,0,0,0,0,1,0,0,0,0,4113,0,0,0,0,0,0,0,0,0,-3,0,0,0
2563.87,0,0,0,0,0,390,1.58051,0.00118096,1.59756,58,0,24,24,34,0,-2,0,0,1,50,4051,4049,0,175,35,467,37588,37375,106,0,38,57,0,0,0,0,0,1,0,0,0,0,4104,0,0,0,0,0,0,0,0,0,6,0,0,0
2563.88,0,0,0,0,0,390,1.58069,0.00120908,1.59774,58,0,24,24,34,0,-2,0,0,1,50,4051,4049,0,175,35,467,37588,37375,106,0,38,57,0,0,0,0,0,1,0,0,0,0,4109,0,0,0,0,0,0,0,0,0,-2,0,0,0
2563.89,0,0,0,0,0,390,1.58087,0.00123719,1.59791,58,0,24,24,34,0,-2,0,0,1,50,4051,4049,0,175,35,467,37588,37375,106,0,38,57,0,0,0,0,0,1,2,2,8,0,4109,0,0,0,0,0,0,0,0,0,-2,0,0,0
2563.9,0,0,0,0,0,388,1.58105,0.00126531,1.59809,58,0,24,24,35,0,-2,0,0,1,49,4051,4049,0,175,35,467,37594,37380,106,0,38,57,0,0,0,0,0,1,0,0,0,0,4111,0,0,0,0,0,0,0,0,0,-4,0,0,0
2563.91,0,0,0,0,0,386,1.58109,0.0012551,1.59808,58,0,24,24,35,0,-2,0,0,1,49,4051,4049,0,175,35,467,37594,37380,106,0,38,57,0,0,0,0,0,1,10,17,6,0,4113,0,0,0,0,0,0,0,0,0,24,0,0,0
2563.92,0,0,0,0,0,383,1.58112,0.00124489,1.59808,58,0,24,24,35,0,-2,0,0,1,49,4051,4049,0,175,35,467,37594,37380,106,0,38,57,0,0,0,0,0,1,7,15,14,0,4106,0,0,0,0,0,0,0,0,0,4,0,0,0
2563.93,0,0,0,0,0,381,1.58115,0.00123469,1.59807,58,0,24,24,35,0,-2,0,0,1,49,4051,4049,0,175,35,467,37594,37380,106,0,38,57,0,0,0,0,0,1,7,9,4,0,4102,0,0,0,0,0,0,0,0,0,3,0,0,0
2563.94,0,0,0,0,0,381,1.58118,0.00122448,1.59806,58,0,24,24,35,0,-2,0,0,1,49,4051,4049,0,175,35,467,37594,37380,106,0,38,57,0,0,0,0,0,1,7,9,4,0,4115,0,0,0,0,0,0,0,0,0,0,0,0,0
2563.95,0,0,0,0,0,383,1.58121,0.00121427,1.59806,58,0,24,24,35,0,-2,0,0,1,49,4051,4049,0,175,35,467,37594,37380,106,0,38,57,0,0,0,0,0,1,14,15,14,0,4115,0,0,0,0,0,0,0,0,0,0,0,0,0
2563.96,0,0,0,0,0,379,1.58125,0.00120407,1.59805,58,0,24,24,35,0,-2,0,0,1,49,4051,4049,0,175,35,467,37594,37380,106,0,38,57,0,0,0,0,0,1,1,5,0,0,4109,0,0,0,0,0,0,0,0,0,5,0,0,0
2563.97,0,0,0,0,0,372,1.58128,0.00119386,1.59805,58,0,24,24,35,0,-2,0,0,1,49,4051,4049,0,175,35,467,37594,37380,106,0,38,57,0,0,0,0,0,1,0,8,12,0,4109,0,0,0,0,0,0,0,0,0,5,0,0,0
2563.98,0,0,0,0,0,368,1.58131,0.00118365,1.59804,58,0,24,24,35,0,-2,0,0,1,49,4052,4049,0,175,35,467,37594,37380,106,0,38,57,0,0,0,0,0,1,2,3,0,0,4111,0,0,0,0,0,0,0,0,0,-8,0,0,0
2563.99,0,0,0,0,0,367,1.58134,0.00117344,1.59803,58,0,24,24,35,0,-2,0,0,1,49,4052,4049,0,175,35,467,37594,37380,106,0,38,57,0,0,0,0,0,1,2,2,6,0,4109,0,0,0,0,0,0,0,0,0,0,0,0,0
2564,0,0,0,0,0,367,1.58137,0.00116324,1.59803,58,0,24,24,34,0,-2,0,0,1,49,4052,4049,0,175,35,467,37600,37387,106,0,38,57,0,0,0,0,0,1,2,2,6,0,4109,0,0,0,0,0,0,0,0,0,15,0,0,0
2564.01,0,0,0,0,0,369,1.58127,0.00117456,1.59791,58,0,24,24,34,0,-2,0,0,1,49,4052,4049,0,175,35,467,37600,37387,106,0,38,57,0,0,0,0,0,1,14,11,4,0,4109,0,0,0,0,0,0,0,0,0,15,0,0,0
2564.02,0,0,0,0,0,369,1.58117,0.00118588,1.59779,58,0,24,24,34,0,-2,0,0,1,49,4052,4049,0,175,35,467,37600,37387,106,0,38,57,0,0,0,0,0,1,0,0,12,0,4104,0,0,0,0,0,0,0,0,0,1,0,0,0
2564.03,0,0,0,0,0,365,1.58107,0.00119721,1.59767,58,0,24,24,34,0,-2,0,0,1,49,4052,4049,0,175,35,467,37600,37387,106,0,38,57,0,0,0,0,0,1,0,0,0,0,4109,0,0,0,0,0,0,0,0,0,11,0,0,0
2564.04,0,0,0,0,0,365,1.58097,0.00120853,1.59755,58,0,24,24,34,0,-2,0,0,1,49,4052,4049,0,175,35,467,37600,37387,106,0,38,57,0,0,0,0,0,1,5,11,8,0,4113,0,0,0,0,0,0,0,0,0,2,0,0,0
2564.05,0,0,0,0,0,358,1.58087,0.00121985,1.59743,58,0,24,24,34,0,-2,0,0,1,49,4052,4049,0,175,35,467,37600,37387,106,0,38,57,0,0,0,0,0,1,0,0,0,0,4111,0,0,0,0,0,0,0,0,0,-3,0,0,0
2564.06,0,0,0,0,0,358,1.58077,0.00123118,1.59731,58,0,24,24,34,0,-2,0,0,1,49,4052,4049,0,175,35,467,37600,37387,106,0,38,57,0,0,0,0,0,1,0,0,0,0,4106,0,0,0,0,0,0,0,0,0,-2,0,0,0
2564.07,0,0,0,0,0,352,1.58067,0.0012425,1.59719,58,0,24,24,34,0,-2,0,0,1,49,4052,4049,0,175,35,467,37600,37387,106,0,38,57,0,0,0,0,0,1,1,3,8,0,4106,0,0,0,0,0,0,0,0,0,-2,0,0,0
2564.08,0,0,0,0,0,354,1.58057,0.00125382,1.59707,58,0,24,24,34,0,-2,0,0,1,49,4052,4049,0,175,35,467,37600,37387,106,0,38,57,0,0,0,0,0,1,10,3,16,0,4113,0,0,0,0,0,0,0,0,0,-1,0,0,0
2564.09,0,0,0,0,0,350,1.58047,0.00126515,1.59695,58,0,24,24,34,0,-2,0,0,1,49,4052,4049,0,175,35,467,37600,37387,106,0,38,57,0,0,0,0,0,1,2,0,0,0,4111,0,0,0,0,0,0,0,0,0,-9,0,0,0
2564.1,0,0,0,0,0,346,1.58037,0.00127647,1.59683,58,0,24,24,35,0,-2,0,0,1,49,4052,4052,0,175,35,467,37604,37391,106,0,38,57,0,0,0,0,0,1,0,0,12,0,4111,0,0,0,0,0,0,0,0,0,1,0,0,0
2564.11,0,0,0,0,0,348,1.58062,0.00127179,1.59696,58,0,24,24,35,0,-2,0,0,1,49,4052,4052,0,175,35,467,37604,37391,106,0,38,57,0,0,0,0,0,1,13,11,21,0,4117,0,0,0,0,0,0,0,0,0,-13,0,0,0
2564.12,0,0,0,0,0,348,1.58086,0.00126711,1.59709,58,0,24,24,35,0,-2,0,0,1,49,4052,4052,0,175,35,467,37604,37391,106,0,38,57,0,0,0,0,0,1,13,11,21,0,4109,0,0,0,0,0,0,0,0,0,6,0,0,0
2564.13,0,0,0,0,0,348,1.5811,0.00126242,1.59722,58,0,24,24,35,0,-2,0,0,1,49,4052,4052,0,175,35,467,37604,37391,106,0,38,57,0,0,0,0,0,1,5,9,4,0,4109,0,0,0,0,0,0,0,0,0,6,0,0,0
2564.14,0,0,0,0,0,345,1.58135,0.00125774,1.59735,58,0,24,24,35,0,-2,0,0,1,49,4052,4052,0,175,35,467,37604,37391,106,0,38,57,0,0,0,0,0,1,13,19,2,0,4115,0,0,0,0,0,0,0,0,0,0,0,0,0
2564.15,0,0,0,0,0,344,1.58159,0.00125306,1.59748,58,0,24,24,35,0,-2,0,0,1,49,4053,4052,0,175,35,467,37604,37391,106,0,38,57,0,0,0,0,0,1,8,5,2,0,4115,0,0,0,0,0,0,0,0,0,-4,0,0,0
2564.16,0,0,0,0,0,341,1.58184,0.00124838,1.59761,58,0,24,24,35,0,-2,0,0,1,49,4053,4052,0,175,35,467,37604,37391,106,0,38,57,0,0,0,0,0,1,0,3,2,0,4120,0,0,0,0,0,0,0,0,0,-1,0,0,0
2564.17,0,0,0,0,0,336,1.58208,0.00124369,1.59774,58,0,24,24,35,0,-2,0,0,1,49,4053,4052,0,175,35,467,37604,37391,106,0,38,57,0,0,0,0,0,1,8,9,14,0,4111,0,0,0,0,0,0,0,0,0,2,0,0,0
2564.18,0,0,0,0,0,336,1.58232,0.00123901,1.59788,58,0,24,24,35,0,-2,0,0,1,49,4053,4052,0,175,35,467,37604,37391,106,0,38,57,0,0,0,0,0,1,8,9,14,0,4109,0,0,0,0,0,0,0,0,0,-10,0,0,0
2564.19,0,0,0,0,0,334,1.58257,0.00123433,1.59801,58,0,24,24,35,0,-2,0,0,1,49,4053,4052,0,175,35,467,37604,37391,106,0,38,57,0,0,0,0,0,1,20,13,10,0,4109,0,0,0,0,0,0,0,0,0,-10,0,0,0
2564.2,0,0,0,0,0,332,1.58281,0.00122965,1.59814,58,0,24,24,34,0,-2,0,0,1,49,4053,4052,0,175,35,467,37609,37396,106,0,38,57,0,0,0,0,0,1,0,0,0,0,4109,0,0,0,0,0,0,0,0,0,-4,0,0,0
2564.21,0,0,0,0,0,330,1.58264,0.0012286,1.59815,58,0,24,24,34,0,-2,0,0,1,49,4053,4052,0,175,35,467,37609,37396,106,0,38,57,0,0,0,0,0,1,13,11,4,0,4113,0,0,0,0,0,0,0,0,0,2,0,0,0
2564.22,0,0,0,0,0,329,1.58248,0.00122756,1.59816,58,0,24,24,34,0,-2,0,0,1,49,4053,4052,0,175,35,467,37609,37396,106,0,38,57,0,0,0,0,0,1,10,11,12,0,4113,0,0,0,0,0,0,0,0,0,-7,0,0,0
2564.23,0,0,0,0,0,328,1.58231,0.00122651,1.59817,58,0,24,24,34,0,-2,0,0,1,49,4053,4052,0,175,35,467,37609,37396,106,0,38,57,0,0,0,0,0,1,0,0,0,0,4113,0,0,0,0,0,0,0,0,0,-1,0,0,0
2564.24,0,0,0,0,0,328,1.58214,0.00122547,1.59818,58,0,24,24,34,0,-2,0,0,1,49,4053,4052,0,175,35,467,37609,37396,106,0,38,57,0,0,0,0,0,1,0,0,0,0,4111,0,0,0,0,0,0,0,0,0,3,0,0,0
2564.25,0,0,0,0,0,324,1.58197,0.00122442,1.59819,58,0,24,24,34,0,-2,0,0,1,49,4053,4052,0,175,35,467,37609,37396,106,0,38,57,0,0,0,0,0,1,14,17,0,0,4111,0,0,0,0,0,0,0,0,0,3,0,0,0
2564.26,0,0,0,0,0,323,1.58181,0.00122338,1.5982,58,0,24,24,34,0,-2,0,0,1,49,4053,4052,0,175,35,467,37609,37396,106,0,38,57,0,0,0,0,0,1,28,21,4,0,4111,0,0,0,0,0,0,0,0,0,-3,0,0,0
2564.27,0,0,0,0,0,321,1.58164,0.00122233,1.59821,58,0,24,24,34,0,-2,0,0,1,49,4053,4052,0,175,35,467,37609,37396,106,0,38,57,0,0,0,0,0,1,0,0,0,0,4113,0,0,0,0,0,0,0,0,0,-8,0,0,0
2564.28,0,0,0,0,0,316,1.58147,0.00122129,1.59823,58,0,24,24,34,0,-2,0,0,1,49,4053,4052,0,175,35,467,37609,37396,106,0,38,57,0,0,0,0,0,1,0,5,20,0,4111,0,0,0,0,0,0,0,0,0,1,0,0,0
2564.29,0,0,0,0,0,317,1.5813,0.00122024,1.59824,58,0,24,24,34,0,-2,0,0,1,49,4053,4052,0,175,35,467,37609,37396,106,0,38,57,0,0,0,0,0,1,26,15,20,0,4115,0,0,0,0,0,0,0,0,0,-10,0,0,0
2564.3,0,0,0,0,0,317,1.58114,0.0012192,1.59825,58,0,24,24,34,0,-2,0,0,1,49,4053,4052,0,175,35,467,37616,37402,106,0,38,57,0,0,0,0,0,1,26,15,20,0,4113,0,0,0,0,0,0,0,0,0,-3,0,0,0
2564.31,0,0,0,0,0,314,1.58118,0.00123849,1.59823,58,0,24,24,34,0,-2,0,0,1,49,4054,4052,0,175,35,467,37616,37402,106,0,38,57,0,0,0,0,0,1,0,0,0,0,4113,0,0,0,0,0,0,0,0,0,-3,0,0,0
2564.32,0,0,0,0,0,309,1.58123,0.00125777,1.59822,58,0,24,24,34,0,-2,0,0,1,49,4054,4052,0,175,35,467,37616,37402,106,0,38,57,0,0,0,0,0,1,0,5,0,0,4113,0,0,0,0,0,0,0,0,0,6,0,0,0
2564.33,0,0,0,0,0,311,1.58128,0.00127706,1.5982,58,0,24,24,34,0,-2,0,0,1,49,4054,4052,0,175,35,467,37616,37402,106,0,38,57,0,0,0,0,0,1,14,19,20,0,4113,0,0,0,0,0,0,0,0,0,3,0,0,0
2564.34,0,0,0,0,0,306,1.58133,0.00129635,1.59819,58,0,24,24,34,0,-2,0,0,1,49,4054,4052,0,175,35,467,37616,37402,106,0,38,57,0,0,0,0,0,1,0,0,2,0,4113,0,0,0,0,0,0,0,0,0,-1,0,0,0
2564.35,0,0,0,0,0,301,1.58138,0.00131564,1.59817,58,0,24,24,34,0,-2,0,0,1,49,4054,4052,0,175,35,467,37616,37402,106,0,38,57,0,0,0,0,0,1,5,0,2,0,4113,0,0,0,0,0,0,0,0,0,0,0,0,0
2564.36,0,0,0,0,0,301,1.58143,0.00133492,1.59816,58,0,24,24,34,0,-2,0,0,1,49,4054,4052,0,175,35,467,37616,37402,106,0,38,57,0,0,0,0,0,1,5,0,2,0,4115,0,0,0,0,0,0,0,0,0,12,0,0,0
2564.37,0,0,0,0,0,303,1.58147,0.00135421,1.59814,58,0,24,24,34,0,-2,0,0,1,49,4054,4052,0,175,35,467,37616,37402,106,0,38,57,0,0,0,0,0,1,5,17,6,0,4115,0,0,0,0,0,0,0,0,0,12,0,0,0
2564.38,0,0,0,0,0,300,1.58152,0.0013735,1.59812,58,0,24,24,34,0,-2,0,0,1,49,4054,4052,0,175,35,467,37616,37402,106,0,38,57,0,0,0,0,0,1,5,17,6,0,4102,0,0,0,0,0,0,0,0,0,-5,0,0,0
2564.39,0,0,0,0,0,299,1.58157,0.00139279,1.59811,58,0,24,24,34,0,-2,0,0,1,49,4054,4052,0,175,35,467,37616,37402,106,0,38,57,0,0,0,0,0,1,0,0,0,0,4120,0,0,0,0,0,0,0,0,0,-2,0,0,0
2564.4,0,0,0,0,0,297,1.58162,0.00141207,1.59809,58,0,24,24,35,0,-2,0,0,1,49,4054,4052,0,175,35,467,37620,37408,105,0,38,57,0,0,0,0,0,1,1,0,2,0,4113,0,0,0,0,0,0,0,0,0,0,0,0,0
2564.41,0,0,0,0,0,296,1.58157,0.00139771,1.59818,58,0,24,24,35,0,-2,0,0,1,49,4054,4052,0,175,35,467,37620,37408,105,0,38,57,0,0,0,0,0,1,14,9,10,0,4115,0,0,0,0,0,0,0,0,0,-12,0,0,0
2564.42,0,0,0,0,0,296,1.58152,0.00138334,1.59827,58,0,24,24,35,0,-2,0,0,1,49,4054,4052,0,175,35,467,37620,37408,105,0,38,57,0,0,0,0,0,1,14,9,10,0,4113,0,0,0,0,0,0,0,0,0,-4,0,0,0
2564.43,0,0,0,0,0,293,1.58147,0.00136897,1.59835,58,0,24,24,35,0,-2,0,0,1,49,4054,4052,0,175,35,467,37620,37408,105,0,38,57,0,0,0,0,0,1,10,15,2,0,4113,0,0,0,0,0,0,0,0,0,-4,0,0,0
2564.44,0,0,0,0,0,286,1.58142,0.00135461,1.59844,58,0,24,24,35,0,-2,0,0,1,49,4054,4052,0,175,35,467,37620,37408,105,0,38,57,0,0,0,0,0,1,1,5,0,0,4111,0,0,0,0,0,0,0,0,0,-11,0,0,0
2564.45,0,0,0,0,0,290,1.58137,0.00134024,1.59853,58,0,24,24,35,0,-2,0,0,1,49,4054,4052,0,175,35,467,37620,37408,105,0,38,57,0,0,0,0,0,1,16,21,16,0,4111,0,0,0,0,0,0,0,0,0,-1,0,0,0
2564.46,0,0,0,0,0,286,1.58131,0.00132588,1.59861,58,0,24,24,35,0,-2,0,0,1,49,4054,4052,0,175,35,467,37620,37408,105,0,38,57,0,0,0,0,0,1,0,0,0,0,4115,0,0,0,0,0,0,0,0,0,0,0,0,0
2564.47,0,0,0,0,0,283,1.58126,0.00131151,1.5987,58,0,24,24,35,0,-2,0,0,1,49,4054,4052,0,175,35,467,37620,37408,105,0,38,57,0,0,0,0,0,1,0,0,0,0,4115,0,0,0,0,0,0,0,0,0,3,0,0,0
2564.48,0,0,0,0,0,283,1.58121,0.00129714,1.59879,58,0,24,24,35,0,-2,0,0,1,49,4054,4052,0,175,35,467,37620,37408,105,0,38,57,0,0,0,0,0,1,0,0,0,0,4120,0,0,0,0,0,0,0,0,0,9,0,0,0
2564.49,0,0,0,0,0,284,1.58116,0.00128278,1.59887,58,0,24,24,35,0,-2,0,0,1,49,4054,4052,0,175,35,467,37620,37408,105,0,38,57,0,0,0,0,0,1,13,11,16,0,4120,0,0,0,0,0,0,0,0,0,9,0,0,0
2564.5,0,0,0,0,0,282,1.58111,0.00126841,1.59896,58,0,24,24,35,0,-2,0,0,1,49,4054,4054,0,175,35,467,37624,37413,105,0,38,57,0,0,0,0,0,1,13,9,2,0,4106,0,0,0,0,0,0,0,0,0,-3,0,0,0
2564.51,0,0,0,0,0,281,1.58106,0.00128451,1.59892,58,0,24,24,35,0,-2,0,0,1,49,4054,4054,0,175,35,467,37624,37413,105,0,38,57,0,0,0,0,0,1,8,9,2,0,4115,0,0,0,0,0,0,0,0,0,11,0,0,0
2564.52,0,0,0,0,0,275,1.58101,0.00130061,1.59888,58,0,24,24,35,0,-2,0,0,1,49,4055,4054,0,175,35,467,37624,37413,105,0,38,57,0,0,0,0,0,1,5,0,0,0,4113,0,0,0,0,0,0,0,0,0,-3,0,0,0
2564.53,0,0,0,0,0,277,1.58096,0.00131671,1.59884,58,0,24,24,35,0,-2,0,0,1,49,4055,4054,0,175,35,467,37624,37413,105,0,38,57,0,0,0,0,0,1,8,17,12,0,4115,0,0,0,0,0,0,0,0,0,10,0,0,0
2564.54,0,0,0,0,0,277,1.58091,0.00133281,1.5988,58,0,24,24,35,0,-2,0,0,1,49,4055,4054,0,175,35,467,37624,37413,105,0,38,57,0,0,0,0,0,1,8,17,12,0,4104,0,0,0,0,0,0,0,0,0,0,0,0,0
2564.55,0,0,0,0,0,271,1.58087,0.00134892,1.59876,58,0,24,24,35,0,-2,0,0,1,49,4055,4054,0,175,35,467,37624,37413,105,0,38,57,0,0,0,0,0,1,0,3,0,0,4104,0,0,0,0,0,0,0,0,0,0,0,0,0
2564.56,0,0,0,0,0,270,1.58082,0.00136502,1.59871,58,0,24,24,35,0,-2,0,0,1,49,4055,4054,0,175,35,467,37624,37413,105,0,38,57,0,0,0,0,0,1,0,0,0,0,4113,0,0,0,0,0,0,0,0,0,-5,0,0,0
2564.57,0,0,0,0,0,267,1.58077,0.00138112,1.59867,58,0,24,24,35,0,-2,0,0,1,49,4055,4054,0,175,35,467,37624,37413,105,0,38,57,0,0,0,0,0,1,0,0,18,0,4113,0,0,0,0,0,0,0,0,0,-3,0,0,0
2564.58,0,0,0,0,0,269,1.58072,0.00139722,1.59863,58,0,24,24,35,0,-2,0,0,1,49,4055,4054,0,175,35,467,37624,37413,105,0,38,57,0,0,0,0,0,1,10,13,14,0,4117,0,0,0,0,0,0,0,0,0,-2,0,0,0
2564.59,0,0,0,0,0,266,1.58067,0.00141332,1.59859,58,0,24,24,35,0,-2,0,0,1,49,4055,4054,0,175,35,467,37624,37413,105,0,38,57,0,0,0,0,0,1,2,0,16,0,4115,0,0,0,0,0,0,0,0,0,-2,0,0,0
2564.6,0,0,0,0,0,266,1.58062,0.00142942,1.59855,58,0,24,24,35,0,-2,0,0,1,49,4055,4054,0,175,35,467,37630,37419,106,0,38,57,0,0,0,0,0,1,2,0,16,0,4115,0,0,0,0,0,0,0,0,0,-7,0,0,0
2564.61,0,0,0,0,0,264,1.58072,0.00143493,1.59843,58,0,24,24,35,0,-2,0,0,1,49,4055,4054,0,175,35,467,37630,37419,106,0,38,57,0,0,0,0,0,1,16,13,18,0,4115,0,0,0,0,0,0,0,0,0,-7,0,0,0
2564.62,0,0,0,0,0,263,1.58083,0.00144044,1.59832,58,0,24,24,35,0,-2,0,0,1,49,4055,4054,0,175,35,467,37630,37419,106,0,38,57,0,0,0,0,0,1,2,2,2,0,4117,0,0,0,0,0,0,0,0,0,1,0,0,0
2564.63,0,0,0,0,0,261,1.58093,0.00144595,1.5982,58,0,24,24,35,0,-2,0,0,1,49,4055,4054,0,175,35,467,37630,37419,106,0,38,57,0,0,0,0,0,1,8,5,18,0,4104,0,0,0,0,0,0,0,0,0,-18,0,0,0
2564.64,0,0,0,0,0,259,1.58103,0.00145146,1.59809,58,0,24,24,35,0,-2,0,0,1,49,4055,4054,0,175,35,467,37630,37419,106,0,38,57,0,0,0,0,0,1,0,0,0,0,4120,0,0,0,0,0,0,0,0,0,-8,0,0,0
2564.65,0,0,0,0,0,255,1.58114,0.00145697,1.59797,58,0,24,24,35,0,-2,0,0,1,49,4055,4054,0,175,35,467,37630,37419,106,0,38,57,0,0,0,0,0,1,5,5,0,0,4111,0,0,0,0,0,0,0,0,0,-5,0,0,0
2564.66,0,0,0,0,0,255,1.58124,0.00146248,1.59786,58,0,24,24,35,0,-2,0,0,1,49,4055,4054,0,175,35,467,37630,37419,106,0,38,57,0,0,0,0,0,1,5,5,0,0,4115,0,0,0,0,0,0,0,0,0,4,0,0,0
2564.67,0,0,0,0,0,257,1.58135,0.00146799,1.59774,58,0,24,24,35,0,-2,0,0,1,49,4055,4054,0,175,35,467,37630,37419,106,0,38,57,0,0,0,0,0,1,7,2,6,0,4115,0,0,0,0,0,0,0,0,0,4,0,0,0
2564.68,0,0,0,0,0,255,1.58145,0.0014735,1.59762,58,0,24,24,35,0,-2,0,0,1,49,4055,4054,0,175,35,467,37630,37419,106,0,38,57,0,0,0,0,0,1,19,0,0,0,4115,0,0,0,0,0,0,0,0,0,-1,0,0,0
2564.69,0,0,0,0,0,254,1.58155,0.00147901,1.59751,58,0,24,24,35,0,-2,0,0,1,49,4055,4054,0,175,35,467,37630,37419,106,0,38,57,0,0,0,0,0,1,2,2,2,0,4120,0,0,0,0,0,0,0,0,0,2,0,0,0
2564.7,0,0,0,0,0,248,1.58166,0.00148452,1.59739,58,0,24,24,35,0,-2,0,0,1,49,4056,4054,0,175,35,467,37635,37424,106,0,38,57,0,0,0,0,0,1,8,8,0,0,4124,0,0,0,0,0,0,0,0,0,15,0,0,0
2564.71,0,0,0,0,0,249,1.5813,0.00147955,1.59746,58,0,24,24,35,0,-2,0,0,1,49,4056,4054,0,175,35,467,37635,37424,106,0,38,57,0,0,0,0,0,1,13,8,21,0,4113,0,0,0,0,0,0,0,0,0,10,0,0,0
2564.72,0,0,0,0,0,249,1.58094,0.00147457,1.59753,58,0,24,24,35,0,-2,0,0,1,49,4056,4054,0,175,35,467,37635,37424,106,0,38,57,0,0,0,0,0,1,13,8,21,0,4113,0,0,0,0,0,0,0,0,0,-9,0,0,0
2564.73,0,0,0,0,0,247,1.58058,0.0014696,1.5976,58,0,24,24,35,0,-2,0,0,1,49,4056,4054,0,175,35,467,37635,37424,106,0,38,57,0,0,0,0,0,1,1,0,4,0,4113,0,0,0,0,0,0,0,0,0,-9,0,0,0
2564.74,0,0,0,0,0,247,1.58022,0.00146463,1.59766,58,0,24,24,35,0,-2,0,0,1,49,4056,4054,0,175,35,467,37635,37424,106,0,38,57,0,0,0,0,0,1,0,0,0,0,4115,0,0,0,0,0,0,0,0,0,-13,0,0,0
2564.75,0,0,0,0,0,244,1.57986,0.00145966,1.59773,58,0,24,24,35,0,-2,0,0,1,49,4056,4055,0,175,35,467,37635,37424,106,0,38,57,0,0,0,0,0,1,5,11,0,0,4113,0,0,0,0,0,0,0,0,0,-12,0,0,0
2564.76,0,0,0,0,0,246,1.5795,0.00145469,1.5978,58,0,24,24,35,0,-2,0,0,1,49,4056,4055,0,175,35,467,37635,37424,106,0,38,57,0,0,0,0,0,1,13,8,8,0,4113,0,0,0,0,0,0,0,0,0,9,0,0,0
2564.77,0,0,0,0,0,244,1.57914,0.00144972,1.59786,58,0,24,24,35,0,-2,0,0,1,49,4056,4055,0,175,35,467,37635,37424,106,0,38,57,0,0,0,0,0,1,7,21,14,0,4111,0,0,0,0,0,0,0,0,0,-20,0,0,0
2564.78,0,0,0,0,0,244,1.57878,0.00144475,1.59793,58,0,24,24,35,0,-2,0,0,1,49,4056,4055,0,175,35,467,37635,37424,106,0,38,57,0,0,0,0,0,1,7,21,14,0,4111,0,0,0,0,0,0,0,0,0,-4,0,0,0
2564.79,0,0,0,0,0,241,1.57842,0.00143978,1.598,58,0,24,24,35,0,-2,0,0,1,49,4056,4055,0,175,35,467,37635,37424,106,0,38,57,0,0,0,0,0,1,1,0,2,0,4113,0,0,0,0,0,0,0,0,0,-4,0,0,0
2564.8,0,0,0,0,0,237,1.57806,0.00143481,1.59807,58,0,24,24,34,0,-2,0,0,1,50,4056,4055,0,175,35,467,37640,37429,106,0,38,57,0,0,0,0,0,1,5,11,4,0,4111,0,0,0,0,0,0,0,0,0,-8,0,0,0
2564.81,0,0,0,0,0,235,1.57837,0.00145529,1.59811,58,0,24,24,34,0,-2,0,0,1,50,4056,4055,0,175,35,467,37640,37429,106,0,38,57,0,0,0,0,0,1,8,3,18,0,4126,0,0,0,0,0,0,0,0,0,4,0,0,0
2564.82,0,0,0,0,0,233,1.57869,0.00147576,1.59815,58,0,24,24,34,0,-2,0,0,1,50,4056,4055,0,175,35,467,37640,37429,106,0,38,57,0,0,0,0,0,1,10,17,18,0,4115,0,0,0,0,0,0,0,0,0,-6,0,0,0
2564.83,0,0,0,0,0,230,1.579,0.00149624,1.59819,58,0,24,24,34,0,-2,0,0,1,50,4056,4056,0,175,35,467,37640,37429,106,0,38,57,0,0,0,0,0,1,5,0,4,0,4109,0,0,0,0,0,0,0,0,0,0,0,0,0
2564.84,0,0,0,0,0,230,1.57932,0.00151671,1.59824,58,0,24,24,34,0,-2,0,0,1,50,4056,4056,0,175,35,467,37640,37429,106,0,38,57,0,0,0,0,0,1,5,0,4,0,4115,0,0,0,0,0,0,0,0,0,-3,0,0,0
2564.85,0,0,0,0,0,230,1.57963,0.00153719,1.59828,58,0,24,24,34,0,-2,0,0,1,50,4056,4056,0,175,35,467,37640,37429,106,0,38,57,0,0,0,0,0,1,0,8,2,0,4115,0,0,0,0,0,0,0,0,0,-3,0,0,0
2564.86,0,0,0,0,0,229,1.57995,0.00155767,1.59832,58,0,24,24,34,0,-2,0,0,1,50,4056,4056,0,175,35,467,37640,37429,106,0,38,57,0,0,0,0,0,1,8,9,4,0,4111,0,0,0,0,0,0,0,0,0,-5,0,0,0
2564.87,0,0,0,0,0,231,1.58026,0.00157814,1.59836,58,0,24,24,34,0,-2,0,0,1,50,4056,4056,0,175,35,467,37640,37429,106,0,38,57,0,0,0,0,0,1,1,11,10,0,4115,0,0,0,0,0,0,0,0,0,2,0,0,0
2564.88,0,0,0,0,0,227,1.58058,0.00159862,1.59841,58,0,24,24,34,0,-2,0,0,1,50,4056,4056,0,175,35,467,37640,37429,106,0,38,57,0,0,0,0,0,1,16,13,4,0,4113,0,0,0,0,0,0,0,0,0,-15,0,0,0
2564.89,0,0,0,0,0,227,1.58089,0.0016191,1.59845,58,0,24,24,34,0,-2,0,0,1,50,4056,4056,0,175,35,467,37640,37429,106,0,38,57,0,0,0,0,0,1,0,0,0,0,4120,0,0,0,0,0,0,0,0,0,-13,0,0,0
2564.9,0,0,0,0,0,227,1.5812,0.00163957,1.59849,58,0,24,24,35,0,-2,0,0,1,49,4057,4056,0,175,35,467,37644,37432,106,0,38,57,0,0,0,0,0,1,0,0,0,0,4117,0,0,0,0,0,0,0,0,0,-21,0,0,0
2564.91,0,0,0,0,0,220,1.58119,0.00165401,1.5984,58,0,24,24,35,0,-2,0,0,1,49,4057,4056,0,175,35,467,37644,37432,106,0,38,57,0,0,0,0,0,1,16,19,8,0,4117,0,0,0,0,0,0,0,0,0,-21,0,0,0
2564.92,0,0,0,0,0,219,1.58117,0.00166844,1.5983,58,0,24,24,35,0,-2,0,0,1,49,4057,4056,0,175,35,467,37644,37432,106,0,38,57,0,0,0,0,0,1,5,0,10,0,4115,0,0,0,0,0,0,0,0,0,2,0,0,0
2564.93,0,0,0,0,0,216,1.58116,0.00168288,1.59821,58,0,24,24,35,0,-2,0,0,1,49,4057,4056,0,175,35,467,37644,37432,106,0,38,57,0,0,0,0,0,1,2,8,0,0,4124,0,0,0,0,0,0,0,0,0,-5,0,0,0
2564.94,0,0,0,0,0,215,1.58114,0.00169731,1.59812,58,0,24,24,35,0,-2,0,0,1,49,4057,4056,0,175,35,467,37644,37432,106,0,38,57,0,0,0,0,0,1,5,0,0,0,4113,0,0,0,0,0,0,0,0,0,-1,0,0,0
2564.95,0,0,0,0,0,213,1.58113,0.00171175,1.59802,58,0,24,24,35,0,-2,0,0,1,49,4057,4056,0,175,35,467,37644,37432,106,0,38,57,0,0,0,0,0,1,0,0,0,0,4117,0,0,0,0,0,0,0,0,0,-3,0,0,0
2564.96,0,0,0,0,0,213,1.58111,0.00172618,1.59793,58,0,24,24,35,0,-2,0,0,1,49,4057,4056,0,175,35,467,37644,37432,106,0,38,57,0,0,0,0,0,1,0,0,0,0,4113,0,0,0,0,0,0,0,0,0,-7,0,0,0
2564.97,0,0,0,0,0,211,1.58109,0.00174062,1.59784,58,0,24,24,35,0,-2,0,0,1,49,4057,4056,0,175,35,467,37644,37432,106,0,38,57,0,0,0,0,0,1,0,0,0,0,4113,0,0,0,0,0,0,0,0,0,-7,0,0,0
2564.98,0,0,0,0,0,214,1.58108,0.00175505,1.59774,58,0,24,24,35,0,-2,0,0,1,49,4057,4056,0,175,35,467,37644,37432,106,0,38,57,0,0,0,0,0,1,8,17,18,0,4115,0,0,0,0,0,0,0,0,0,0,0,0,0
2564.99,0,0,0,0,0,210,1.58106,0.00176949,1.59765,58,0,24,24,35,0,-2,0,0,1,49,4057,4056,0,175,35,467,37644,37432,106,0,38,57,0,0,0,0,0,1,1,3,0,0,4115,0,0,0,0,0,0,0,0,0,-19,0,0,0
2565,0,0,0,0,0,211,1.58105,0.00178392,1.59755,58,0,24,24,35,0,-2,0,0,1,50,4057,4056,0,175,35,467,37650,37436,106,0,38,57,0,0,0,0,0,1,0,0,0,0,4113,0,0,0,0,0,0,0,0,0,-11,0,0,0
2565.01,0,0,0,0,0,205,1.5807,0.00177996,1.59749,58,0,24,24,35,0,-2,0,0,1,50,4057,4056,0,175,35,467,37650,37436,106,0,38,57,0,0,0,0,0,1,0,3,0,0,4124,0,0,0,0,0,0,0,0,0,-2,0,0,0
2565.02,0,0,0,0,0,205,1.58036,0.00177599,1.59743,58,0,24,24,35,0,-2,0,0,1,50,4057,4056,0,175,35,467,37650,37436,106,0,38,57,0,0,0,0,0,1,0,3,0,0,4113,0,0,0,0,0,0,0,0,0,-2,0,0,0
2565.03,0,0,0,0,0,205,1.58002,0.00177202,1.59737,58,0,24,24,35,0,-2,0,0,1,50,4057,4056,0,175,35,467,37650,37436,106,0,38,57,0,0,0,0,0,1,13,8,16,0,4113,0,0,0,0,0,0,0,0,0,-2,0,0,0
2565.04,0,0,0,0,0,206,1.57967,0.00176805,1.59731,58,0,24,24,35,0,-2,0,0,1,50,4057,4056,0,175,35,467,37650,37436,106,0,38,57,0,0,0,0,0,1,7,21,18,0,4115,0,0,0,0,0,0,0,0,0,2,0,0,0
2565.05,0,0,0,0,0,202,1.57933,0.00176408,1.59725,58,0,24,24,35,0,-2,0,0,1,50,4057,4056,0,175,35,467,37650,37436,106,0,38,57,0,0,0,0,0,1,10,11,0,0,4109,0,0,0,0,0,0,0,0,0,-12,0,0,0
2565.06,0,0,0,0,0,200,1.57899,0.00176011,1.59719,58,0,24,24,35,0,-2,0,0,1,50,4057,4056,0,175,35,467,37650,37436,106,0,38,57,0,0,0,0,0,1,7,2,10,0,4124,0,0,0,0,0,0,0,0,0,5,0,0,0
2565.07,0,0,0,0,0,194,1.57864,0.00175615,1.59713,58,0,24,24,35,0,-2,0,0,1,50,4057,4056,0,175,35,467,37650,37436,106,0,38,57,0,0,0,0,0,1,0,8,2,0,4113,0,0,0,0,0,0,0,0,0,-5,0,0,0
2565.08,0,0,0,0,0,194,1.5783,0.00175218,1.59707,58,0,24,24,35,0,-2,0,0,1,50,4057,4056,0,175,35,467,37650,37436,106,0,38,57,0,0,0,0,0,1,0,8,2,0,4111,0,0,0,0,0,0,0,0,0,-3,0,0,0
2565.09,0,0,0,0,0,192,1.57796,0.00174821,1.59701,58,0,24,24,35,0,-2,0,0,1,50,4057,4056,0,175,35,467,37650,37436,106,0,38,57,0,0,0,0,0,1,8,2,6,0,4111,0,0,0,0,0,0,0,0,0,-3,0,0,0
2565.1,0,0,0,0,0,192,1.57761,0.00174424,1.59695,58,0,24,24,35,0,-2,0,0,1,50,4058,4057,0,175,35,467,37654,37443,106,0,38,57,0,0,0,0,0,1,0,5,18,0,4120,0,0,0,0,0,0,0,0,0,-2,0,0,0
2565.11,0,0,0,0,0,190,1.57773,0.00176104,1.59704,58,0,24,24,35,0,-2,0,0,1,50,4058,4057,0,175,35,467,37654,37443,106,0,38,57,0,0,0,0,0,1,13,13,2,0,4111,0,0,0,0,0,0,0,0,0,-16,0,0,0
2565.12,0,0,0,0,0,191,1.57785,0.00177783,1.59713,58,0,24,24,35,0,-2,0,0,1,50,4058,4057,0,175,35,467,37654,37443,106,0,38,57,0,0,0,0,0,1,5,0,4,0,4115,0,0,0,0,0,0,0,0,0,-6,0,0,0
2565.13,0,0,0,0,0,190,1.57797,0.00179463,1.59721,58,0,24,24,35,0,-2,0,0,1,50,4058,4057,0,175,35,467,37654,37443,106,0,38,57,0,0,0,0,0,1,0,0,41,0,4115,0,0,0,0,0,0,0,0,0,-2,0,0,0
2565.14,0,0,0,0,0,190,1.57808,0.00181143,1.5973,58,0,24,24,35,0,-2,0,0,1,50,4058,4057,0,175,35,467,37654,37443,106,0,38,57,0,0,0,0,0,1,0,0,41,0,4120,0,0,0,0,0,0,0,0,0,-3,0,0,0
2565.15,0,0,0,0,0,190,1.5782,0.00182823,1.59739,58,0,24,24,35,0,-2,0,0,1,50,4058,4057,0,175,35,467,37654,37443,106,0,38,57,0,0,0,0,0,1,5,0,0,0,4120,0,0,0,0,0,0,0,0,0,-3,0,0,0
2565.16,0,0,0,0,0,192,1.57832,0.00184502,1.59748,58,0,24,24,35,0,-2,0,0,1,50,4058,4057,0,175,35,467,37654,37443,106,0,38,57,0,0,0,0,0,1,0,0,2,0,4115,0,0,0,0,0,0,0,0,0,-7,0,0,0
2565.17,0,0,0,0,0,188,1.57844,0.00186182,1.59756,58,0,24,24,35,0,-2,0,0,1,50,4058,4057,0,175,35,467,37654,37443,106,0,38,57,0,0,0,0,0,1,2,9,10,0,4113,0,0,0,0,0,0,0,0,0,-19,0,0,0
2565.18,0,0,0,0,0,186,1.57855,0.00187862,1.59765,58,0,24,24,35,0,-2,0,0,1,50,4058,4057,0,175,35,467,37654,37443,106,0,38,57,0,0,0,0,0,1,7,0,0,0,4122,0,0,0,0,0,0,0,0,0,-5,0,0,0
2565.19,0,0,0,0,0,187,1.57867,0.00189541,1.59774,58,0,24,24,35,0,-2,0,0,1,50,4058,4057,0,175,35,467,37654,37443,106,0,38,57,0,0,0,0,0,1,0,0,0,0,4117,0,0,0,0,0,0,0,0,0,-9,0,0,0
2565.2,0,0,0,0,0,187,1.57879,0.00191221,1.59783,58,0,24,24,35,0,-2,0,0,1,49,4058,4057,0,175,35,467,37656,37447,106,0,38,57,0,0,0,0,0,1,0,0,0,0,4117,0,0,0,0,0,0,0,0,0,-2,0,0,0
2565.21,0,0,0,0,0,181,1.57884,0.00195323,1.59753,58,0,24,24,35,0,-2,0,0,1,49,4058,4057,0,175,35,467,37656,37447,106,0,38,57,0,0,0,0,0,1,0,13,0,0,4117,0,0,0,0,0,0,0,0,0,-2,0,0,0
2565.22,0,0,0,0,0,182,1.57889,0.00199424,1.59724,58,0,24,24,35,0,-2,0,0,1,49,4058,4057,0,175,35,467,37656,37447,106,0,38,57,0,0,0,0,0,1,19,5,20,0,4115,0,0,0,0,0,0,0,0,0,7,0,0,0
2565.23,0,0,0,0,0,179,1.57895,0.00203526,1.59694,58,0,24,24,35,0,-2,0,0,1,49,4058,4057,0,175,35,467,37656,37447,106,0,38,57,0,0,0,0,0,1,13,31,26,0,4117,0,0,0,0,0,0,0,0,0,-4,0,0,0
2565.24,0,0,0,0,0,172,1.579,0.00207627,1.59665,58,0,24,24,35,0,-2,0,0,1,49,4058,4058,0,175,35,467,37656,37447,106,0,38,57,0,0,0,0,0,1,13,13,0,0,4120,0,0,0,0,0,0,0,0,0,-12,0,0,0
2565.25,0,0,0,0,0,171,1.57905,0.00211729,1.59636,58,0,24,24,35,0,-2,0,0,1,49,4058,4058,0,175,35,467,37656,37447,106,0,38,57,0,0,0,0,0,1,0,0,6,0,4120,0,0,0,0,0,0,0,0,0,-3,0,0,0
2565.26,0,0,0,0,0,171,1.5791,0.0021583,1.59606,58,0,24,24,35,0,-2,0,0,1,49,4058,4058,0,175,35,467,37656,37447,106,0,38,57,0,0,0,0,0,1,0,0,6,0,4117,0,0,0,0,0,0,0,0,0,-4,0,0,0
2565.27,0,0,0,0,0,166,1.57915,0.00219932,1.59577,58,0,24,24,35,0,-2,0,0,1,49,4058,4058,0,175,35,467,37656,37447,106,0,38,57,0,0,0,0,0,1,0,0,0,0,4117,0,0,0,0,0,0,0,0,0,-4,0,0,0
2565.28,0,0,0,0,0,165,1.5792,0.00224033,1.59548,58,0,24,24,35,0,-2,0,0,1,49,4059,4058,0,175,35,467,37656,37447,106,0,38,57,0,0,0,0,0,1,10,9,0,0,4115,0,0,0,0,0,0,0,0,0,-9,0,0,0
2565.29,0,0,0,0,0,166,1.57926,0.00228135,1.59518,58,0,24,24,35,0,-2,0,0,1,49,4059,4058,0,175,35,467,37656,37447,106,0,38,57,0,0,0,0,0,1,19,8,8,0,4115,0,0,0,0,0,0,0,0,0,12,0,0,0
2565.3,0,0,0,0,0,165,1.57931,0.00232236,1.59489,58,0,24,24,34,0,-2,0,0,1,50,4059,4058,0,175,35,467,37661,37452,105,0,38,57,0,0,0,0,0,1,10,23,10,0,4120,0,0,0,0,0,0,0,0,0,-5,0,0,0
2565.31,0,0,0,0,0,163,1.57909,0.00234308,1.59468,58,0,24,24,34,0,-2,0,0,1,50,4059,4058,0,175,35,467,37661,37452,105,0,38,57,0,0,0,0,0,1,19,9,12,0,4122,0,0,0,0,0,0,0,0,0,-5,0,0,0
2565.32,0,0,0,0,0,163,1.57888,0.0023638,1.59447,58,0,24,24,34,0,-2,0,0,1,50,4059,4058,0,175,35,467,37661,37452,105,0,38,57,0,0,0,0,0,1,19,9,12,0,4117,0,0,0,0,0,0,0,0,0,-1,0,0,0
2565.33,0,0,0,0,0,166,1.57866,0.00238452,1.59427,58,0,24,24,34,0,-2,0,0,1,50,4059,4058,0,175,35,467,37661,37452,105,0,38,57,0,0,0,0,0,1,1,0,8,0,4117,0,0,0,0,0,0,0,0,0,-1,0,0,0
2565.34,0,0,0,0,0,163,1.57845,0.00240524,1.59406,58,0,24,24,34,0,-2,0,0,1,50,4059,4058,0,175,35,467,37661,37452,105,0,38,57,0,0,0,0,0,1,0,15,0,0,4124,0,0,0,0,0,0,0,0,0,-4,0,0,0
2565.35,0,0,0,0,0,164,1.57823,0.00242597,1.59385,58,0,24,24,34,0,-2,0,0,1,50,4059,4058,0,175,35,467,37661,37452,105,0,38,57,0,0,0,0,0,1,2,2,0,0,4117,0,0,0,0,0,0,0,0,0,-3,0,0,0
2565.36,0,0,0,0,0,164,1.57802,0.00244669,1.59364,58,0,24,24,34,0,-2,0,0,1,50,4059,4058,0,175,35,467,37661,37452,105,0,38,57,0,0,0,0,0,1,10,2,16,0,4122,0,0,0,0,0,0,0,0,0,5,0,0,0
2565.37,0,0,0,0,0,162,1.5778,0.00246741,1.59344,58,0,24,24,34,0,-2,0,0,1,50,4059,4058,0,175,35,467,37661,37452,105,0,38,57,0,0,0,0,0,1,16,32,10,0,4117,0,0,0,0,0,0,0,0,0,-9,0,0,0
2565.38,0,0,0,0,0,162,1.57758,0.00248813,1.59323,58,0,24,24,34,0,-2,0,0,1,50,4059,4058,0,175,35,467,37661,37452,105,0,38,57,0,0,0,0,0,1,16,32,10,0,4122,0,0,0,0,0,0,0,0,0,-17,0,0,0
2565.39,0,0,0,0,0,158,1.57737,0.00250885,1.59302,58,0,24,24,34,0,-2,0,0,1,50,4059,4058,0,175,35,467,37661,37452,105,0,38,57,0,0,0,0,0,1,7,5,0,0,4122,0,0,0,0,0,0,0,0,0,-17,0,0,0
2565.4,0,0,0,0,0,155,1.57715,0.00252957,1.59281,58,0,24,24,33,0,-2,0,0,1,50,4059,4058,0,175,35,467,37666,37455,106,0,38,57,0,0,0,0,0,1,2,0,4,0,4120,0,0,0,0,0,0,0,0,0,-6,0,0,0
2565.41,0,0,0,0,0,153,1.57722,0.00256324,1.59298,58,0,24,24,33,0,-2,0,0,1,50,4059,4058,0,175,35,467,37666,37455,106,0,38,57,0,0,0,0,0,1,0,0,0,0,4122,0,0,0,0,0,0,0,0,0,-8,0,0,0
2565.42,0,0,0,0,0,150,1.57728,0.00259691,1.59315,58,0,24,24,33,0,-2,0,0,1,50,4059,4058,0,175,35,467,37666,37455,106,0,38,57,0,0,0,0,0,1,0,3,0,0,4117,0,0,0,0,0,0,0,0,0,-1,0,0,0
2565.43,0,0,0,0,0,152,1.57734,0.00263058,1.59332,58,0,24,24,33,0,-2,0,0,1,50,4059,4058,0,175,35,467,37666,37455,106,0,38,57,0,0,0,0,0,1,20,11,16,0,4120,0,0,0,0,0,0,0,0,0,-1,0,0,0
2565.44,0,0,0,0,0,152,1.5774,0.00266425,1.59349,58,0,24,24,33,0,-2,0,0,1,50,4059,4058,0,175,35,467,37666,37455,106,0,38,57,0,0,0,0,0,1,20,11,16,0,4117,0,0,0,0,0,0,0,0,0,1,0,0,0
2565.45,0,0,0,0,0,152,1.57746,0.00269792,1.59367,58,0,24,24,33,0,-2,0,0,1,50,4059,4058,0,175,35,467,37666,37455,106,0,38,57,0,0,0,0,0,1,0,3,8,0,4117,0,0,0,0,0,0,0,0,0,1,0,0,0
2565.46,0,0,0,0,0,150,1.57752,0.00273159,1.59384,58,0,24,24,33,0,-2,0,0,1,50,4059,4058,0,175,35,467,37666,37455,106,0,38,57,0,0,0,0,0,1,8,17,14,0,4120,0,0,0,0,0,0,0,0,0,-13,0,0,0
2565.47,0,0,0,0,0,147,1.57758,0.00276526,1.59401,58,0,24,24,33,0,-2,0,0,1,50,4059,4058,0,175,35,467,37666,37455,106,0,38,57,0,0,0,0,0,1,2,8,0,0,4113,0,0,0,0,0,0,0,0,0,-4,0,0,0
2565.48,0,0,0,0,0,146,1.57765,0.00279893,1.59418,58,0,24,24,33,0,-2,0,0,1,50,4059,4058,0,175,35,467,37666,37455,106,0,38,57,0,0,0,0,0,1,1,0,8,0,4120,0,0,0,0,0,0,0,0,0,-7,0,0,0
2565.49,0,0,0,0,0,145,1.57771,0.0028326,1.59435,58,0,24,24,33,0,-2,0,0,1,50,4059,4058,0,175,35,467,37666,37455,106,0,38,57,0,0,0,0,0,1,0,8,2,0,4117,0,0,0,0,0,0,0,0,0,-4,0,0,0
2565.5,0,0,0,0,0,145,1.57777,0.00286627,1.59452,58,0,24,24,35,0,-2,0,0,1,50,4060,4059,0,175,35,467,37671,37462,106,0,38,57,0,0,0,0,0,1,0,8,2,0,4113,0,0,0,0,0,0,0,0,0,0,0,0,0
2565.51,0,0,0,0,0,142,1.57793,0.00286215,1.59436,58,0,24,24,35,0,-2,0,0,1,50,4060,4059,0,175,35,467,37671,37462,106,0,38,57,0,0,0,0,0,1,10,9,8,0,4113,0,0,0,0,0,0,0,0,0,0,0,0,0
2565.52,0,0,0,0,0,142,1.57809,0.00285802,1.5942,58,0,24,24,35,0,-2,0,0,1,50,4060,4059,0,175,35,467,37671,37462,106,0,38,57,0,0,0,0,0,1,10,0,0,0,4115,0,0,0,0,0,0,0,0,0,1,0,0,0
2565.53,0,0,0,0,0,142,1.57825,0.0028539,1.59405,58,0,24,24,35,0,-2,0,0,1,50,4060,4059,0,175,35,467,37671,37462,106,0,38,57,0,0,0,0,0,1,7,17,14,0,4124,0,0,0,0,0,0,0,0,0,5,0,0,0
2565.54,0,0,0,0,0,139,1.57841,0.00284977,1.59389,58,0,24,24,35,0,-2,0,0,1,50,4060,4059,0,175,35,467,37671,37462,106,0,38,57,0,0,0,0,0,1,5,13,4,0,4117,0,0,0,0,0,0,0,0,0,-10,0,0,0
2565.55,0,0,0,0,0,137,1.57858,0.00284565,1.59374,58,0,24,24,35,0,-2,0,0,1,50,4060,4059,0,175,35,467,37671,37462,106,0,38,57,0,0,0,0,0,1,19,13,24,0,4122,0,0,0,0,0,0,0,0,0,-4,0,0,0
2565.56,0,0,0,0,0,137,1.57874,0.00284152,1.59358,58,0,24,24,35,0,-2,0,0,1,50,4060,4059,0,175,35,467,37671,37462,106,0,38,57,0,0,0,0,0,1,19,13,24,0,4122,0,0,0,0,0,0,0,0,0,-5,0,0,0
2565.57,0,0,0,0,0,137,1.5789,0.0028374,1.59342,58,0,24,24,35,0,-2,0,0,1,50,4060,4059,0,175,35,467,37671,37462,106,0,38,57,0,0,0,0,0,1,0,0,0,0,4122,0,0,0,0,0,0,0,0,0,-5,0,0,0
2565.58,0,0,0,0,0,135,1.57906,0.00283327,1.59327,58,0,24,24,35,0,-2,0,0,1,50,4060,4059,0,175,35,467,37671,37462,106,0,38,57,0,0,0,0,0,1,0,9,2,0,4120,0,0,0,0,0,0,0,0,0,-2,0,0,0
2565.59,0,0,0,0,0,132,1.57922,0.00282915,1.59311,58,0,24,24,35,0,-2,0,0,1,50,4060,4059,0,175,35,467,37671,37462,106,0,38,57,0,0,0,0,0,1,0,8,0,0,4120,0,0,0,0,0,0,0,0,0,0,0,0,0
2565.6,0,0,0,0,0,133,1.57938,0.00282502,1.59295,58,0,24,24,34,0,-2,0,0,1,50,4060,4059,0,175,35,467,37675,37466,106,0,38,57,0,0,0,0,0,1,8,0,0,0,4117,0,0,0,0,0,0,0,0,0,-4,0,0,0
2565.61,0,0,0,0,0,133,1.57921,0.00284012,1.59265,58,0,24,24,34,0,-2,0,0,1,50,4060,4059,0,175,35,467,37675,37466,106,0,38,57,0,0,0,0,0,1,20,9,12,0,4122,0,0,0,0,0,0,0,0,0,12,0,0,0
2565.62,0,0,0,0,0,133,1.57903,0.00285522,1.59234,58,0,24,24,34,0,-2,0,0,1,50,4060,4059,0,175,35,467,37675,37466,106,0,38,57,0,0,0,0,0,1,20,9,12,0,4122,0,0,0,0,0,0,0,0,0,-5,0,0,0
2565.63,0,0,0,0,0,130,1.57885,0.00287032,1.59203,58,0,24,24,34,0,-2,0,0,1,50,4060,4059,0,175,35,467,37675,37466,106,0,38,57,0,0,0,0,0,1,5,11,10,0,4122,0,0,0,0,0,0,0,0,0,-5,0,0,0
2565.64,0,0,0,0,0,127,1.57868,0.00288542,1.59173,58,0,24,24,34,0,-2,0,0,1,50,4060,4059,0,175,35,467,37675,37466,106,0,38,57,0,0,0,0,0,1,13,17,8,0,4117,0,0,0,0,0,0,0,0,0,7,0,0,0
2565.65,0,0,0,0,0,128,1.5785,0.00290052,1.59142,58,0,24,24,34,0,-2,0,0,1,50,4060,4059,0,175,35,467,37675,37466,106,0,38,57,0,0,0,0,0,1,7,0,2,0,4120,0,0,0,0,0,0,0,0,0,2,0,0,0
2565.66,0,0,0,0,0,126,1.57833,0.00291562,1.59111,58,0,24,24,34,0,-2,0,0,1,50,4060,4060,0,175,35,467,37675,37466,106,0,38,57,0,0,0,0,0,1,0,0,0,0,4115,0,0,0,0,0,0,0,0,0,-14,0,0,0
2565.67,0,0,0,0,0,123,1.57815,0.00293072,1.5908,58,0,24,24,34,0,-2,0,0,1,50,4060,4060,0,175,35,467,37675,37466,106,0,38,57,0,0,0,0,0,1,0,8,0,0,4122,0,0,0,0,0,0,0,0,0,0,0,0,0
2565.68,0,0,0,0,0,123,1.57797,0.00294582,1.5905,58,0,24,24,34,0,-2,0,0,1,50,4060,4060,0,175,35,467,37675,37466,106,0,38,57,0,0,0,0,0,1,0,8,0,0,4115,0,0,0,0,0,0,0,0,0,3,0,0,0
2565.69,0,0,0,0,0,121,1.5778,0.00296092,1.59019,58,0,24,24,34,0,-2,0,0,1,50,4060,4060,0,175,35,467,37675,37466,106,0,38,57,0,0,0,0,0,1,7,3,2,0,4115,0,0,0,0,0,0,0,0,0,3,0,0,0
2565.7,0,0,0,0,0,122,1.57762,0.00297602,1.58988,58,0,24,24,35,0,-2,0,0,1,50,4060,4060,0,175,35,467,37678,37471,106,0,38,57,0,0,0,0,0,1,10,3,8,0,4115,0,0,0,0,0,0,0,0,0,0,0,0,0
2565.71,0,0,0,0,0,122,1.57737,0.00298154,1.58982,58,0,24,24,35,0,-2,0,0,1,50,4061,4060,0,175,35,467,37678,37471,106,0,38,57,0,0,0,0,0,1,8,9,14,0,4120,0,0,0,0,0,0,0,0,0,6,0,0,0
2565.72,0,0,0,0,0,120,1.57711,0.00298705,1.58977,58,0,24,24,35,0,-2,0,0,1,50,4061,4060,0,175,35,467,37678,37471,106,0,38,57,0,0,0,0,0,1,0,5,14,0,4111,0,0,0,0,0,0,0,0,0,-2,0,0,0
2565.73,0,0,0,0,0,118,1.57686,0.00299256,1.58971,58,0,24,24,35,0,-2,0,0,1,50,4061,4060,0,175,35,467,37678,37471,106,0,38,57,0,0,0,0,0,1,14,15,10,0,4122,0,0,0,0,0,0,0,0,0,-14,0,0,0
2565.74,0,0,0,0,0,118,1.5766,0.00299808,1.58965,58,0,24,24,35,0,-2,0,0,1,50,4061,4060,0,175,35,467,37678,37471,106,0,38,57,0,0,0,0,0,1,14,15,10,0,4117,0,0,0,0,0,0,0,0,0,0,0,0,0
2565.75,0,0,0,0,0,118,1.57635,0.00300359,1.58959,58,0,24,24,35,0,-2,0,0,1,50,4061,4060,0,175,35,467,37678,37471,106,0,38,57,0,0,0,0,0,1,5,2,4,0,4117,0,0,0,0,0,0,0,0,0,0,0,0,0
2565.76,0,0,0,0,0,116,1.57609,0.0030091,1.58953,58,0,24,24,35,0,-2,0,0,1,50,4061,4060,0,175,35,467,37678,37471,106,0,38,57,0,0,0,0,0,1,0,0,0,0,4122,0,0,0,0,0,0,0,0,0,-6,0,0,0
2565.77,0,0,0,0,0,111,1.57584,0.00301462,1.58947,58,0,24,24,35,0,-2,0,0,1,50,4061,4060,0,175,35,467,37678,37471,106,0,38,57,0,0,0,0,0,1,2,3,8,0,4115,0,0,0,0,0,0,0,0,0,-6,0,0,0
2565.78,0,0,0,0,0,110,1.57559,0.00302013,1.58942,58,0,24,24,35,0,-2,0,0,1,50,4061,4060,0,175,35,467,37678,37471,106,0,38,57,0,0,0,0,0,1,0,2,0,0,4122,0,0,0,0,0,0,0,0,0,-8,0,0,0
2565.79,0,0,0,0,0,109,1.57533,0.00302564,1.58936,58,0,24,24,35,0,-2,0,0,1,50,4061,4060,0,175,35,467,37678,37471,106,0,38,57,0,0,0,0,0,1,2,3,0,0,4122,0,0,0,0,0,0,0,0,0,-3,0,0,0
2565.8,0,0,0,0,0,109,1.57508,0.00303116,1.5893,58,0,24,24,34,0,-2,0,0,1,50,4061,4060,0,175,35,467,37684,37474,106,0,38,57,0,0,0,0,0,1,2,3,0,0,4115,0,0,0,0,0,0,0,0,0,6,0,0,0
2565.81,0,0,0,0,0,107,1.57524,0.0031372,1.58905,58,0,24,24,34,0,-2,0,0,1,50,4061,4060,0,175,35,467,37684,37474,106,0,38,57,0,0,0,0,0,1,5,2,4,0,4115,0,0,0,0,0,0,0,0,0,6,0,0,0
2565.82,0,0,0,0,0,106,1.5754,0.00324324,1.58879,58,0,24,24,34,0,-2,0,0,1,50,4061,4060,0,175,35,467,37684,37474,106,0,38,57,0,0,0,0,0,1,8,8,12,0,4120,0,0,0,0,0,0,0,0,0,10,0,0,0
2565.83,0,0,0,0,0,103,1.57556,0.00334928,1.58854,58,0,24,24,34,0,-2,0,0,1,50,4061,4060,0,175,35,467,37684,37474,106,0,38,57,0,0,0,0,0,1,2,9,14,0,4126,0,0,0,0,0,0,0,0,0,-1,0,0,0
2565.84,0,0,0,0,0,103,1.57573,0.00345532,1.58829,58,0,24,24,34,0,-2,0,0,1,50,4061,4060,0,175,35,467,37684,37474,106,0,38,57,0,0,0,0,0,1,19,11,16,0,4122,0,0,0,0,0,0,0,0,0,-7,0,0,0
2565.85,0,0,0,0,0,102,1.57589,0.00356136,1.58804,58,0,24,24,34,0,-2,0,0,1,50,4061,4060,0,175,35,467,37684,37474,106,0,38,57,0,0,0,0,0,1,2,8,0,0,4117,0,0,0,0,0,0,0,0,0,-5,0,0,0
2565.86,0,0,0,0,0,102,1.57605,0.0036674,1.58779,58,0,24,24,34,0,-2,0,0,1,50,4061,4060,0,175,35,467,37684,37474,106,0,38,57,0,0,0,0,0,1,2,8,0,0,4122,0,0,0,0,0,0,0,0,0,-7,0,0,0
2565.87,0,0,0,0,0,100,1.57622,0.00377344,1.58753,58,0,24,24,34,0,-2,0,0,1,50,4061,4060,0,175,35,467,37684,37474,106,0,38,57,0,0,0,0,0,1,0,0,0,0,4122,0,0,0,0,0,0,0,0,0,-7,0,0,0
2565.88,0,0,0,0,0,100,1.57638,0.00387948,1.58728,58,0,24,24,34,0,-2,0,0,1,50,4061,4060,0,175,35,467,37684,37474,106,0,38,57,0,0,0,0,0,1,0,0,0,0,4113,0,0,0,0,0,0,0,0,0,1,0,0,0
2565.89,0,0,0,0,0,99,1.57654,0.00398552,1.58703,58,0,24,24,34,0,-2,0,0,1,50,4061,4060,0,175,35,467,37684,37474,106,0,38,57,0,0,0,0,0,1,0,0,8,0,4124,0,0,0,0,0,0,0,0,0,0,0,0,0
2565.9,0,0,0,0,0,96,1.5767,0.00409156,1.58678,58,0,24,24,35,0,-2,0,0,1,50,4062,4061,0,175,35,467,37690,37480,106,0,38,57,0,0,0,0,0,1,0,0,0,0,4117,0,0,0,0,0,0,0,0,0,6,0,0,0
2565.91,0,0,0,0,0,94,1.57624,0.00419332,1.58642,58,0,24,24,35,0,-2,0,0,1,50,4062,4061,0,175,35,467,37690,37480,106,0,38,57,0,0,0,0,0,1,0,0,0,0,4120,0,0,0,0,0,0,0,0,0,1,0,0,0
2565.92,0,0,0,0,0,94,1.57579,0.00429507,1.58606,58,0,24,24,35,0,-2,0,0,1,50,4062,4061,0,175,35,467,37690,37480,106,0,38,57,0,0,0,0,0,1,0,0,0,0,4120,0,0,0,0,0,0,0,0,0,5,0,0,0
2565.93,0,0,0,0,0,92,1.57533,0.00439683,1.58571,58,0,24,24,35,0,-2,0,0,1,50,4062,4061,0,175,35,467,37690,37480,106,0,38,57,0,0,0,0,0,1,7,9,10,0,4120,0,0,0,0,0,0,0,0,0,5,0,0,0
2565.94,0,0,0,0,0,90,1.57487,0.00449858,1.58535,58,0,24,24,35,0,-2,0,0,1,50,4062,4061,0,175,35,467,37690,37480,106,0,38,57,0,0,0,0,0,1,7,8,8,0,4117,0,0,0,0,0,0,0,0,0,9,0,0,0
2565.95,0,0,0,0,0,91,1.57441,0.00460034,1.58499,58,0,24,24,35,0,-2,0,0,1,50,4062,4061,0,175,35,467,37690,37480,106,0,38,57,0,0,0,0,0,1,8,13,14,0,4120,0,0,0,0,0,0,0,0,0,3,0,0,0
2565.96,0,0,0,0,0,88,1.57395,0.00470209,1.58464,58,0,24,24,35,0,-2,0,0,1,50,4062,4061,0,175,35,467,37690,37480,106,0,38,57,0,0,0,0,0,1,8,15,10,0,4122,0,0,0,0,0,0,0,0,0,-12,0,0,0
2565.97,0,0,0,0,0,86,1.57349,0.00480385,1.58428,58,0,24,24,35,0,-2,0,0,1,50,4062,4061,0,175,35,467,37690,37480,106,0,38,57,0,0,0,0,0,1,5,13,6,0,4120,0,0,0,0,0,0,0,0,0,-10,0,0,0
2565.98,0,0,0,0,0,86,1.57303,0.0049056,1.58392,58,0,24,24,35,0,-2,0,0,1,50,4062,4061,0,175,35,467,37690,37480,106,0,38,57,0,0,0,0,0,1,5,13,6,0,4122,0,0,0,0,0,0,0,0,0,0,0,0,0
2565.99,0,0,0,0,0,85,1.57258,0.00500736,1.58356,58,0,24,24,35,0,-2,0,0,1,50,4062,4061,0,175,35,467,37690,37480,106,0,38,57,0,0,0,0,0,1,1,3,4,0,4122,0,0,0,0,0,0,0,0,0,0,0,0,0
2566,0,0,0,0,0,84,1.57212,0.00510911,1.58321,58,0,24,24,34,0,-2,0,0,1,51,4062,4061,0,175,35,467,37692,37484,106,0,38,57,0,0,0,0,0,1,5,3,6,0,4124,0,0,0,0,0,0,0,0,0,1,0,0,0
2566.01,0,0,0,0,0,83,1.57214,0.00519501,1.58362,58,0,24,24,34,0,-2,0,0,1,51,4062,4061,0,175,35,467,37692,37484,106,0,38,57,0,0,0,0,0,1,0,0,16,0,4117,0,0,0,0,0,0,0,0,0,-3,0,0,0
2566.02,0,0,0,0,0,81,1.57217,0.00528091,1.58403,58,0,24,24,34,0,-2,0,0,1,51,4062,4061,0,175,35,467,37692,37484,106,0,38,57,0,0,0,0,0,1,10,13,12,0,4124,0,0,0,0,0,0,0,0,0,0,0,0,0
2566.03,0,0,0,0,0,78,1.57219,0.00536681,1.58443,58,0,24,24,34,0,-2,0,0,1,51,4062,4061,0,175,35,467,37692,37484,106,0,38,57,0,0,0,0,0,1,0,0,0,0,4126,0,0,0,0,0,0,0,0,0,0,0,0,0
2566.04,0,0,0,0,0,78,1.57222,0.0054527,1.58484,58,0,24,24,34,0,-2,0,0,1,51,4062,4061,0,175,35,467,37692,37484,106,0,38,57,0,0,0,0,0,1,0,0,0,0,4120,0,0,0,0,0,0,0,0,0,-8,0,0,0
2566.05,0,0,0,0,0,75,1.57224,0.0055386,1.58525,58,0,24,24,34,0,-2,0,0,1,51,4062,4061,0,175,35,467,37692,37484,106,0,38,57,0,0,0,0,0,1,5,9,10,0,4120,0,0,0,0,0,0,0,0,0,-8,0,0,0
2566.06,0,0,0,0,0,74,1.57227,0.0056245,1.58566,58,0,24,24,34,0,-2,0,0,1,51,4062,4062,0,175,35,467,37692,37484,106,0,38,57,0,0,0,0,0,1,2,9,10,0,4122,0,0,0,0,0,0,0,0,0,0,0,0,0
2566.07,0,0,0,0,0,75,1.57229,0.0057104,1.58607,58,0,24,24,34,0,-2,0,0,1,51,4062,4062,0,175,35,467,37692,37484,106,0,38,57,0,0,0,0,0,1,13,5,18,0,4122,0,0,0,0,0,0,0,0,0,1,0,0,0
2566.08,0,0,0,0,0,76,1.57232,0.00579629,1.58648,58,0,24,24,34,0,-2,0,0,1,51,4062,4062,0,175,35,467,37692,37484,106,0,38,57,0,0,0,0,0,1,8,17,6,0,4124,0,0,0,0,0,0,0,0,0,18,0,0,0
2566.09,0,0,0,0,0,74,1.57234,0.00588219,1.58689,58,0,24,24,34,0,-2,0,0,1,51,4062,4062,0,175,35,467,37692,37484,106,0,38,57,0,0,0,0,0,1,7,5,4,0,4124,0,0,0,0,0,0,0,0,0,14,0,0,0
2566.1,0,0,0,0,0,74,1.57236,0.00596809,1.5873,58,0,24,24,34,0,-2,0,0,1,51,4062,4062,0,175,35,467,37695,37486,106,0,38,57,0,0,0,0,0,1,7,5,4,0,4122,0,0,0,0,0,0,0,0,0,0,0,0,0
2566.11,0,0,0,0,0,72,1.57263,0.00603044,1.58691,58,0,24,24,34,0,-2,0,0,1,51,4062,4062,0,175,35,467,37695,37486,106,0,38,57,0,0,0,0,0,1,13,11,30,0,4122,0,0,0,0,0,0,0,0,0,0,0,0,0
2566.12,0,0,0,0,0,71,1.5729,0.00609279,1.58652,58,0,24,24,34,0,-2,0,0,1,51,4062,4062,0,175,35,467,37695,37486,106,0,38,57,0,0,0,0,0,1,2,8,4,0,4120,0,0,0,0,0,0,0,0,0,-23,0,0,0
2566.13,0,0,0,0,0,68,1.57316,0.00615514,1.58613,58,0,24,24,34,0,-2,0,0,1,51,4062,4062,0,175,35,467,37695,37486,106,0,38,57,0,0,0,0,0,1,7,9,14,0,4117,0,0,0,0,0,0,0,0,0,-6,0,0,0
2566.14,0,0,0,0,0,65,1.57343,0.00621749,1.58575,58,0,24,24,34,0,-2,0,0,1,51,4063,4062,0,175,35,467,37695,37486,106,0,38,57,0,0,0,0,0,1,0,2,2,0,4124,0,0,0,0,0,0,0,0,0,-3,0,0,0
2566.15,0,0,0,0,0,64,1.57369,0.00627985,1.58536,58,0,24,24,34,0,-2,0,0,1,51,4063,4062,0,175,35,467,37695,37486,106,0,38,57,0,0,0,0,0,1,1,9,6,0,4124,0,0,0,0,0,0,0,0,0,-3,0,0,0
2566.16,0,0,0,0,0,64,1.57396,0.0063422,1.58497,58,0,24,24,34,0,-2,0,0,1,51,4063,4062,0,175,35,467,37695,37486,106,0,38,57,0,0,0,0,0,1,1,9,6,0,4132,0,0,0,0,0,0,0,0,0,2,0,0,0
2566.17,0,0,0,0,0,64,1.57423,0.00640455,1.58458,58,0,24,24,34,0,-2,0,0,1,51,4063,4062,0,175,35,467,37695,37486,106,0,38,57,0,0,0,0,0,1,2,3,0,0,4132,0,0,0,0,0,0,0,0,0,2,0,0,0
2566.18,0,0,0,0,0,63,1.57449,0.0064669,1.58419,58,0,24,24,34,0,-2,0,0,1,51,4063,4062,0,175,35,467,37695,37486,106,0,38,57,0,0,0,0,0,1,1,0,0,0,4117,0,0,0,0,0,0,0,0,0,1,0,0,0
2566.19,0,0,0,0,0,60,1.57476,0.00652925,1.5838,58,0,24,24,34,0,-2,0,0,1,51,4063,4062,0,175,35,467,37695,37486,106,0,38,57,0,0,0,0,0,1,0,0,0,0,4115,0,0,0,0,0,0,0,0,0,0,0,0,0
2566.2,0,0,0,0,0,58,1.57502,0.0065916,1.58342,58,0,24,24,36,0,-2,0,0,1,50,4063,4062,0,175,35,467,37700,37492,106,0,38,57,0,0,0,0,0,1,7,3,12,0,4120,0,0,0,0,0,0,0,0,0,-1,0,0,0
2566.21,0,0,0,0,0,59,1.57578,0.00663484,1.58365,58,0,24,24,36,0,-2,0,0,1,50,4063,4062,0,175,35,467,37700,37492,106,0,38,57,0,0,0,0,0,1,0,0,0,0,4128,0,0,0,0,0,0,0,0,0,-4,0,0,0
2566.22,0,0,0,0,0,59,1.57654,0.00667807,1.58389,58,0,24,24,36,0,-2,0,0,1,50,4063,4062,0,175,35,467,37700,37492,106,0,38,57,0,0,0,0,0,1,0,0,0,0,4120,0,0,0,0,0,0,0,0,0,1,0,0,0
2566.23,0,0,0,0,0,61,1.5773,0.00672131,1.58413,58,0,24,24,36,0,-2,0,0,1,50,4063,4062,0,175,35,467,37700,37492,106,0,38,57,0,0,0,0,0,1,0,0,10,0,4120,0,0,0,0,0,0,0,0,0,1,0,0,0
2566.24,0,0,0,0,0,59,1.57806,0.00676455,1.58436,58,0,24,24,36,0,-2,0,0,1,50,4063,4062,0,175,35,467,37700,37492,106,0,38,57,0,0,0,0,0,1,2,5,8,0,4126,0,0,0,0,0,0,0,0,0,0,0,0,0
2566.25,0,0,0,0,0,56,1.57882,0.00680778,1.5846,58,0,24,24,36,0,-2,0,0,1,50,4063,4062,0,175,35,467,37700,37492,106,0,38,57,0,0,0,0,0,1,2,9,4,0,4126,0,0,0,0,0,0,0,0,0,2,0,0,0
2566.26,0,0,0,0,0,55,1.57958,0.00685102,1.58484,58,0,24,24,36,0,-2,0,0,1,50,4063,4062,0,175,35,467,37700,37492,106,0,38,57,0,0,0,0,0,1,0,11,10,0,4122,0,0,0,0,0,0,0,0,0,10,0,0,0
2566.27,0,0,0,0,0,56,1.58034,0.00689426,1.58507,58,0,24,24,36,0,-2,0,0,1,50,4063,4062,0,175,35,467,37700,37492,106,0,38,57,0,0,0,0,0,1,16,13,16,0,4124,0,0,0,0,0,0,0,0,0,5,0,0,0
2566.28,0,0,0,0,0,56,1.5811,0.00693749,1.58531,58,0,24,24,36,0,-2,0,0,1,50,4063,4062,0,175,35,467,37700,37492,106,0,38,57,0,0,0,0,0,1,16,13,16,0,4120,0,0,0,0,0,0,0,0,0,14,0,0,0
2566.29,0,0,0,0,0,55,1.58186,0.00698073,1.58555,58,0,24,24,36,0,-2,0,0,1,50,4063,4062,0,175,35,467,37700,37492,106,0,38,57,0,0,0,0,0,1,16,19,16,0,4120,0,0,0,0,0,0,0,0,0,14,0,0,0
2566.3,0,0,0,0,0,53,1.58262,0.00702397,1.58578,58,0,24,24,35,0,-2,0,0,1,50,4063,4063,0,175,35,467,37705,37496,106,0,38,57,0,0,0,0,0,1,13,15,10,0,4122,0,0,0,0,0,0,0,0,0,2,0,0,0
2566.31,0,0,0,0,0,49,1.58185,0.00706194,1.58537,58,0,24,24,35,0,-2,0,0,1,50,4063,4063,0,175,35,467,37705,37496,106,0,38,57,0,0,0,0,0,1,10,11,18,0,4122,0,0,0,0,0,0,0,0,0,-5,0,0,0
2566.32,0,0,0,0,0,47,1.58107,0.00709992,1.58497,58,0,24,24,35,0,-2,0,0,1,50,4063,4063,0,175,35,467,37705,37496,106,0,38,57,0,0,0,0,0,1,14,15,16,0,4126,0,0,0,0,0,0,0,0,0,-15,0,0,0
2566.33,0,0,0,0,0,49,1.5803,0.0071379,1.58456,58,0,24,24,35,0,-2,0,0,1,50,4063,4063,0,175,35,467,37705,37496,106,0,38,57,0,0,0,0,0,1,7,17,18,0,4120,0,0,0,0,0,0,0,0,0,-6,0,0,0
2566.34,0,0,0,0,0,49,1.57952,0.00717588,1.58415,58,0,24,24,35,0,-2,0,0,1,50,4063,4063,0,175,35,467,37705,37496,106,0,38,57,0,0,0,0,0,1,7,17,18,0,4126,0,0,0,0,0,0,0,0,0,-5,0,0,0
2566.35,0,0,0,0,0,49,1.57874,0.00721385,1.58374,58,0,24,24,35,0,-2,0,0,1,50,4064,4063,0,175,35,467,37705,37496,106,0,38,57,0,0,0,0,0,1,0,8,4,0,4126,0,0,0,0,0,0,0,0,0,-5,0,0,0
2566.36,0,0,0,0,0,48,1.57797,0.00725183,1.58333,58,0,24,24,35,0,-2,0,0,1,50,4064,4063,0,175,35,467,37705,37496,106,0,38,57,0,0,0,0,0,1,0,0,0,0,4126,0,0,0,0,0,0,0,0,0,0,0,0,0
2566.37,0,0,0,0,0,45,1.57719,0.00728981,1.58292,58,0,24,24,35,0,-2,0,0,1,50,4064,4063,0,175,35,467,37705,37496,106,0,38,57,0,0,0,0,0,1,14,9,26,0,4115,0,0,0,0,0,0,0,0,0,0,0,0,0
2566.38,0,0,0,0,0,42,1.57642,0.00732779,1.58251,58,0,24,24,35,0,-2,0,0,1,50,4064,4063,0,175,35,467,37705,37496,106,0,38,57,0,0,0,0,0,1,7,3,2,0,4115,0,0,0,0,0,0,0,0,0,-2,0,0,0
2566.39,0,0,0,0,0,42,1.57564,0.00736577,1.5821,58,0,24,24,35,0,-2,0,0,1,50,4064,4063,0,175,35,467,37705,37496,106,0,38,57,0,0,0,0,0,1,0,3,4,0,4120,0,0,0,0,0,0,0,0,0,4,0,0,0
2566.4,0,0,0,0,0,42,1.57487,0.00740374,1.58169,58,0,24,24,35,0,-2,0,0,1,50,4064,4063,0,175,35,467,37707,37500,106,0,38,57,0,0,0,0,0,1,0,3,4,0,4130,0,0,0,0,0,0,0,0,0,-1,0,0,0
2566.41,0,0,0,0,0,43,1.57522,0.00744783,1.58208,58,0,24,24,35,0,-2,0,0,1,50,4064,4063,0,175,35,467,37707,37500,106,0,38,57,0,0,0,0,0,1,2,2,12,0,4130,0,0,0,0,0,0,0,0,0,-1,0,0,0
2566.42,0,0,0,0,0,42,1.57558,0.00749192,1.58247,58,0,24,24,35,0,-2,0,0,1,50,4064,4063,0,175,35,467,37707,37500,106,0,38,57,0,0,0,0,0,1,7,2,0,0,4128,0,0,0,0,0,0,0,0,0,-1,0,0,0
2566.43,0,0,0,0,0,41,1.57594,0.00753601,1.58285,58,0,24,24,35,0,-2,0,0,1,50,4064,4063,0,175,35,467,37707,37500,106,0,38,57,0,0,0,0,0,1,0,0,0,0,4113,0,0,0,0,0,0,0,0,0,-3,0,0,0
2566.44,0,0,0,0,0,37,1.57629,0.0075801,1.58324,58,0,24,24,35,0,-2,0,0,1,50,4064,4063,0,175,35,467,37707,37500,106,0,38,57,0,0,0,0,0,1,1,9,0,0,4120,0,0,0,0,0,0,0,0,0,-4,0,0,0
2566.45,0,0,0,0,0,34,1.57665,0.00762419,1.58362,58,0,24,24,35,0,-2,0,0,1,50,4064,4063,0,175,35,467,37707,37500,106,0,38,57,0,0,0,0,0,1,0,0,0,0,4128,0,0,0,0,0,0,0,0,0,5,0,0,0
2566.46,0,0,0,0,0,34,1.577,0.00766828,1.58401,58,0,24,24,35,0,-2,0,0,1,50,4064,4063,0,175,35,467,37707,37500,106,0,38,57,0,0,0,0,0,1,0,0,0,0,4122,0,0,0,0,0,0,0,0,0,-5,0,0,0
2566.47,0,0,0,0,0,32,1.57736,0.00771237,1.5844,58,0,24,24,35,0,-2,0,0,1,50,4064,4064,0,175,35,467,37707,37500,106,0,38,57,0,0,0,0,0,1,7,3,14,0,4122,0,0,0,0,0,0,0,0,0,-5,0,0,0
2566.48,0,0,0,0,0,33,1.57772,0.00775646,1.58478,58,0,24,24,35,0,-2,0,0,1,50,4064,4064,0,175,35,467,37707,37500,106,0,38,57,0,0,0,0,0,1,0,0,0,0,4128,0,0,0,0,0,0,0,0,0,7,0,0,0
2566.49,0,0,0,0,0,34,1.57807,0.00780055,1.58517,58,0,24,24,35,0,-2,0,0,1,50,4064,4064,0,175,35,467,37707,37500,106,0,38,57,0,0,0,0,0,1,8,11,12,0,4122,0,0,0,0,0,0,0,0,0,-11,0,0,0
2566.5,0,0,0,0,0,35,1.57843,0.00784464,1.58556,58,0,24,24,35,0,-2,0,0,1,50,4064,4064,0,175,35,467,37712,37506,106,0,38,57,0,0,0,0,0,1,1,5,6,0,4126,0,0,0,0,0,0,0,0,0,5,0,0,0
2566.51,0,0,0,0,0,34,1.57853,0.00781017,1.58564,58,0,24,24,35,0,-2,0,0,1,50,4064,4064,0,175,35,467,37712,37506,106,0,38,57,0,0,0,0,0,1,0,2,2,0,4122,0,0,0,0,0,0,0,0,0,-2,0,0,0
