Time,Car.DigitalInput.MSS.PDOC.Pin,Car.DigitalInput.MSS.BMS.Pin,Car.DigitalInput.MSS.BSPD.Pin,Car.DigitalInput.MSS.IMD.Pin,Car.Data.Driver.ThrottlePressure,Car.Data.Motor.MotorRPM,Car.AnalogInput.BMS.CellTempASensor,Car.AnalogInput.BMS.CellTempBSensor,Car.AnalogInput.BMS.CellTempCSensor,Car.Data.Battery.PackSOC,Car.Data.PDM.LVBatteryVoltage,Car.Data.Battery.BMSInternalTemp,Car.Data.Inverter.InverterTemp,Car.Data.Motor.MotorTemp,Car.Data.Inverter.InverterLock,Car.Data.Driver.SteeringAngle,Car.Data.Driver.FrontBrakePressure,Car.Data.Driver.RearBrakePressure,Car.Data.Driver.ThrottleDifference,Car.Data.Battery.HotSpotTemp,Car.Data.Battery.PackInstantaneousVoltage,Car.Data.Battery.PackOpenVoltage,Car.Data.Battery.PackCurrent,Car.Data.Battery.PackDCL,Car.Data.Battery.PackCCL,Car.Data.Battery.PackResistance,Car.Data.Battery.HighCellVoltage,Car.Data.Battery.LowCellVoltage,Car.Data.Battery.InputSupplyVoltage,Car.Data.Battery.CurrentLimitsStatus,Car.Data.Battery.HighCellVoltageID,Car.Data.Battery.LowCellVoltageID,Car.Data.Battery.BatteryPower,Car.Data.PDM.CoolingFanCurrent,Car.Data.PDM.CoolingPumpCurrent,Car.Data.PDM.FanState,Car.Data.PDM.PumpState,Car.Data.Inverter.InverterRelay.Relay2,Car.Data.Inverter.PhaseA,Car.Data.Inverter.PhaseB,Car.Data.Inverter.PhaseC,Car.Data.Inverter.InverterDCCurrent,Car.Data.Inverter.InverterDCVoltage,Car.Data.Inverter.InverterFault.Byte0,Car.Data.Inverter.InverterFault.Byte1,Car.Data.Inverter.InverterFault.Byte2,Car.Data.Inverter.InverterFault.Byte3,Car.Data.Inverter.InverterFault.Byte4,Car.Data.Inverter.InverterFault.Byte5,Car.Data.Inverter.InverterFault.Byte6,Car.Data.Inverter.InverterFault.Byte7,Car.Data.Inverter.InverterCMDTorque,Car.Data.Inverter.InverterFDBTorque,Car.DigitalInput.WheelSpeed.WheelSpeedFrontLeft,Car.DigitalInput.WheelSpeed.WheelSpeedFrontRight,Car.Data.Inverter.InverterCalculatedTorque
1874.81,0,0,0,0,0,0,1.5753,0.00690369,1.57658,42,0,28,29,28,0,-2,59,0,1,50,3915,3915,0,139,35,711,36337,36031,110,2,82,98,0,0,0,0,0,1,0,0,0,0,3969,0,0,0,0,0,0,0,0,0,-7,0,0,0
1874.82,0,0,0,0,0,0,1.57493,0.00691381,1.57678,42,0,28,29,28,0,-2,59,0,1,50,3915,3915,0,139,35,711,36337,36031,110,2,82,98,0,0,0,0,0,1,0,0,0,0,3971,0,0,0,0,0,0,0,0,0,6,0,0,0
1874.83,0,0,0,0,0,0,1.57455,0.00692393,1.57698,42,0,28,29,28,0,-2,59,0,1,50,3915,3915,0,139,35,711,36337,36031,110,2,82,98,0,0,0,0,0,1,10,13,8,0,3971,0,0,0,0,0,0,0,0,0,7,0,0,0
1874.84,0,0,0,0,0,0,1.57418,0.00693405,1.57718,42,0,28,29,28,0,-2,59,0,1,50,3915,3915,0,139,35,711,36337,36031,110,2,82,98,0,0,0,0,0,1,0,0,0,0,3971,0,0,0,0,0,0,0,0,0,-6,0,0,0
1874.85,0,0,0,0,0,0,1.57381,0.00694417,1.57738,42,0,28,29,28,0,-2,59,0,1,50,3915,3915,0,139,35,711,36337,36031,110,2,82,98,0,0,0,0,0,1,0,0,0,0,3969,0,0,0,0,0,0,0,0,0,-2,0,0,0
1874.86,0,0,0,0,0,0,1.57344,0.00695429,1.57757,42,0,28,29,28,0,-2,59,0,1,50,3915,3915,0,139,35,711,36337,36031,110,2,82,98,0,0,0,0,0,1,0,0,0,0,3969,0,0,0,0,0,0,0,0,0,-2,0,0,0
1874.87,0,0,0,0,0,0,1.57307,0.00696441,1.57777,42,0,28,29,28,0,-2,59,0,1,50,3915,3915,0,139,35,711,36337,36031,110,2,82,98,0,0,0,0,0,1,0,1,0,0,3975,0,0,0,0,0,0,0,0,0,-5,0,0,0
1874.88,0,0,0,0,0,0,1.5727,0.00697452,1.57797,42,0,28,29,28,0,-2,59,0,1,50,3915,3915,0,139,35,711,36337,36031,110,2,82,98,0,0,0,0,0,1,0,0,0,0,3969,0,0,0,0,0,0,0,0,0,-6,0,0,0
1874.89,0,0,0,0,0,0,1.57232,0.00698464,1.57817,42,0,28,29,28,0,-2,58,0,1,50,3915,3915,0,139,35,711,36337,36031,110,2,82,98,0,0,0,0,0,1,0,0,0,0,3971,0,0,0,0,0,0,0,0,0,-14,0,0,0
1874.9,0,0,0,0,0,0,1.57195,0.00699476,1.57837,42,0,28,29,28,0,-2,58,0,1,51,3915,3915,0,139,35,711,36337,36033,109,2,82,98,0,0,0,0,0,1,0,0,0,0,3973,0,0,0,0,0,0,0,0,0,9,0,0,0
1874.91,0,0,0,0,0,0,1.57228,0.00699331,1.57808,42,0,28,29,28,0,-2,58,0,1,51,3915,3915,0,139,35,711,36337,36033,109,2,82,98,0,0,0,0,0,1,0,3,0,0,3971,0,0,0,0,0,0,0,0,0,-2,0,0,0
1874.92,0,0,0,0,0,0,1.5726,0.00699185,1.57779,42,0,28,29,28,0,-2,58,0,1,51,3915,3915,0,139,35,711,36337,36033,109,2,82,98,0,0,0,0,0,1,0,3,0,0,3971,0,0,0,0,0,0,0,0,0,-2,0,0,0
1874.93,0,0,0,0,0,0,1.57293,0.00699039,1.57751,42,0,28,29,28,0,-2,58,0,1,51,3915,3915,0,139,35,711,36337,36033,109,2,82,98,0,0,0,0,0,1,0,0,0,0,3966,0,0,0,0,0,0,0,0,0,0,0,0,0
1874.94,0,0,0,0,0,0,1.57325,0.00698893,1.57722,42,0,28,29,28,0,-2,58,0,1,51,3915,3915,0,139,35,711,36337,36033,109,2,82,98,0,0,0,0,0,1,7,9,8,0,3971,0,0,0,0,0,0,0,0,0,-10,0,0,0
1874.95,0,0,0,0,0,0,1.57358,0.00698747,1.57694,42,0,28,29,28,0,-2,57,0,1,51,3915,3915,0,139,35,711,36337,36033,109,2,82,98,0,0,0,0,0,1,1,5,4,0,3971,0,0,0,0,0,0,0,0,0,-4,0,0,0
1874.96,0,0,0,0,0,0,1.57391,0.00698602,1.57665,42,0,28,29,28,0,-2,57,0,1,51,3915,3915,0,139,35,711,36337,36033,109,2,82,98,0,0,0,0,0,1,5,9,8,0,3969,0,0,0,0,0,0,0,0,0,-9,0,0,0
1874.97,0,0,0,0,0,0,1.57423,0.00698456,1.57637,42,0,28,29,28,0,-2,56,0,1,51,3915,3915,0,139,35,711,36337,36033,109,2,82,98,0,0,0,0,0,1,5,1,4,0,3969,0,0,0,0,0,0,0,0,0,5,0,0,0
1874.98,0,0,0,0,0,0,1.57456,0.0069831,1.57608,42,0,28,29,28,0,-2,56,0,1,51,3915,3915,0,139,35,711,36337,36033,109,2,82,98,0,0,0,0,0,1,5,1,4,0,3969,0,0,0,0,0,0,0,0,0,5,0,0,0
1874.99,0,0,0,0,0,0,1.57488,0.00698164,1.57579,42,0,28,29,28,0,-2,54,0,1,51,3915,3915,0,139,35,711,36337,36033,109,2,82,98,0,0,0,0,0,1,0,0,0,0,3966,0,0,0,0,0,0,0,0,0,5,0,0,0
1875,0,0,0,0,0,0,1.57521,0.00698018,1.57551,42,0,28,29,28,0,-2,54,0,1,51,3915,3915,0,139,35,711,36336,36031,110,2,82,98,0,0,0,0,0,1,3,0,0,0,3971,0,0,0,0,0,0,0,0,0,-1,0,0,0
1875.01,0,0,0,0,0,0,1.57491,0.00702357,1.57583,42,0,28,29,28,0,-2,52,0,1,51,3915,3915,0,139,35,711,36336,36031,110,2,82,98,0,0,0,0,0,1,9,11,0,0,3964,0,0,0,0,0,0,0,0,0,6,0,0,0
1875.02,0,0,0,0,0,0,1.57461,0.00706696,1.57615,42,0,28,29,28,0,-2,52,0,1,51,3915,3915,0,139,35,711,36336,36031,110,2,82,98,0,0,0,0,0,1,9,5,0,0,3964,0,0,0,0,0,0,0,0,0,10,0,0,0
1875.03,0,0,0,0,0,0,1.5743,0.00711035,1.57648,42,0,28,29,28,0,-2,50,0,1,51,3915,3915,0,139,35,711,36336,36031,110,2,82,98,0,0,0,0,0,1,0,0,0,0,3964,0,0,0,0,0,0,0,0,0,2,0,0,0
1875.04,0,0,0,0,0,0,1.574,0.00715374,1.5768,42,0,28,29,28,0,-2,50,0,1,51,3915,3915,0,139,35,711,36336,36031,110,2,82,98,0,0,0,0,0,1,0,0,0,0,3964,0,0,0,0,0,0,0,0,0,2,0,0,0
1875.05,0,0,0,0,0,0,1.5737,0.00719713,1.57712,42,0,28,29,28,0,-2,47,0,1,51,3915,3915,0,139,35,711,36336,36031,110,2,82,98,0,0,0,0,0,1,0,0,0,0,3966,0,0,0,0,0,0,0,0,0,-18,0,0,0
1875.06,0,0,0,0,0,0,1.5734,0.00724052,1.57745,42,0,28,29,28,0,-2,47,0,1,51,3915,3915,0,139,35,711,36336,36031,110,2,82,98,0,0,0,0,0,1,5,5,0,0,3969,0,0,0,0,0,0,0,0,0,5,0,0,0
1875.07,0,0,0,0,0,0,1.5731,0.00728391,1.57777,42,0,28,29,28,0,-2,44,0,1,51,3915,3915,0,139,35,711,36336,36031,110,2,82,98,0,0,0,0,0,1,7,1,0,0,3977,0,0,0,0,0,0,0,0,0,-5,0,0,0
1875.08,0,0,0,0,0,0,1.5728,0.0073273,1.57809,42,0,28,29,28,0,-2,44,0,1,51,3915,3915,0,139,35,711,36336,36031,110,2,82,98,0,0,0,0,0,1,1,1,0,0,3969,0,0,0,0,0,0,0,0,0,7,0,0,0
1875.09,0,0,0,0,0,0,1.57249,0.00737069,1.57842,42,0,28,29,28,0,-2,42,0,1,51,3915,3915,0,139,35,711,36336,36031,110,2,82,98,0,0,0,0,0,1,0,0,0,0,3966,0,0,0,0,0,0,0,0,0,-3,0,0,0
1875.1,0,0,0,0,0,0,1.57219,0.00741408,1.57874,42,0,28,29,28,0,-2,42,0,1,51,3915,3915,0,139,35,711,36337,36031,109,2,82,98,0,0,0,0,0,1,0,0,0,0,3966,0,0,0,0,0,0,0,0,0,-3,0,0,0
1875.11,0,0,0,0,0,0,1.57264,0.0074077,1.57885,42,0,28,29,28,0,-2,39,0,1,51,3915,3915,0,139,35,711,36337,36031,109,2,82,98,0,0,0,0,0,1,5,0,0,0,3964,0,0,0,0,0,0,0,0,0,-1,0,0,0
1875.12,0,0,0,0,0,0,1.57308,0.00740132,1.57897,42,0,28,29,28,0,-2,39,0,1,51,3915,3915,0,139,35,711,36337,36031,109,2,82,98,0,0,0,0,0,1,5,9,5,0,3973,0,0,0,0,0,0,0,0,0,6,0,0,0
1875.13,0,0,0,0,0,0,1.57353,0.00739494,1.57908,42,0,28,29,28,0,-2,36,0,1,51,3915,3915,0,139,35,711,36337,36031,109,2,82,98,0,0,0,0,0,1,1,1,0,0,3966,0,0,0,0,0,0,0,0,0,-1,0,0,0
1875.14,0,0,0,0,0,0,1.57397,0.00738856,1.57919,42,0,28,29,28,0,-2,36,0,1,51,3915,3915,0,139,35,711,36337,36031,109,2,82,98,0,0,0,0,0,1,1,0,25,0,3971,0,0,0,0,0,0,0,0,0,3,0,0,0
1875.15,0,0,0,0,0,0,1.57442,0.00738219,1.57931,42,0,28,29,28,0,-2,33,0,1,51,3915,3915,0,139,35,711,36337,36031,109,2,82,98,0,0,0,0,0,1,7,11,5,0,3964,0,0,0,0,0,0,0,0,0,-2,0,0,0
1875.16,0,0,0,0,0,0,1.57486,0.00737581,1.57942,42,0,28,29,28,0,-2,33,0,1,51,3915,3915,0,139,35,711,36337,36031,109,2,82,98,0,0,0,0,0,1,1,3,0,0,3969,0,0,0,0,0,0,0,0,0,-3,0,0,0
1875.17,0,0,0,0,0,0,1.57531,0.00736943,1.57953,42,0,28,29,28,0,-2,31,0,1,51,3915,3915,0,139,35,711,36337,36031,109,2,82,98,0,0,0,0,0,1,1,3,0,0,3969,0,0,0,0,0,0,0,0,0,-5,0,0,0
1875.18,0,0,0,0,0,0,1.57575,0.00736305,1.57965,42,0,28,29,28,0,-2,31,0,1,51,3915,3915,0,139,35,711,36337,36031,109,2,82,98,0,0,0,0,0,1,5,3,2,0,3973,0,0,0,0,0,0,0,0,0,-5,0,0,0
1875.19,0,0,0,0,0,0,1.57619,0.00735667,1.57976,42,0,28,29,28,0,-2,28,0,1,51,3915,3915,0,139,35,711,36337,36031,109,2,82,98,0,0,0,0,0,1,9,7,0,0,3973,0,0,0,0,0,0,0,0,0,-10,0,0,0
1875.2,0,0,0,0,0,0,1.57664,0.00735029,1.57987,42,0,28,29,28,0,-2,28,0,1,50,3915,3915,0,139,35,711,36336,36032,109,2,82,98,0,0,0,0,0,1,0,0,0,0,3969,0,0,0,0,0,0,0,0,0,5,0,0,0
1875.21,0,0,0,0,0,0,1.57627,0.00732822,1.57963,42,0,28,29,28,0,-2,25,0,1,50,3915,3915,0,139,35,711,36336,36032,109,2,82,98,0,0,0,0,0,1,5,7,0,0,3971,0,0,0,0,0,0,0,0,0,-7,0,0,0
1875.22,0,0,0,0,0,0,1.5759,0.00730615,1.57939,42,0,28,29,28,0,-2,25,0,1,50,3915,3915,0,139,35,711,36336,36032,109,2,82,98,0,0,0,0,0,1,5,5,0,0,3969,0,0,0,0,0,0,0,0,0,-6,0,0,0
1875.23,0,0,0,0,0,0,1.57554,0.00728408,1.57915,42,0,28,29,28,0,-2,21,0,1,50,3915,3915,0,139,35,711,36336,36032,109,2,82,98,0,0,0,0,0,1,5,5,0,0,3969,0,0,0,0,0,0,0,0,0,-3,0,0,0
1875.24,0,0,0,0,0,0,1.57517,0.00726201,1.5789,42,0,28,29,28,0,-2,21,0,1,50,3915,3915,0,139,35,711,36336,36032,109,2,82,98,0,0,0,0,0,1,3,1,11,0,3977,0,0,0,0,0,0,0,0,0,-3,0,0,0
1875.25,0,0,0,0,0,0,1.5748,0.00723995,1.57866,42,0,28,29,28,0,-2,17,0,1,50,3915,3915,0,139,35,711,36336,36032,109,2,82,98,0,0,0,0,0,1,1,7,0,0,3966,0,0,0,0,0,0,0,0,0,-5,0,0,0
1875.26,0,0,0,0,0,0,1.57444,0.00721788,1.57842,42,0,28,29,28,0,-2,17,0,1,50,3915,3915,0,139,35,711,36336,36032,109,2,82,98,0,0,0,0,0,1,5,5,10,0,3966,0,0,0,0,0,0,0,0,0,-6,0,0,0
1875.27,0,0,0,0,0,0,1.57407,0.00719581,1.57818,42,0,28,29,28,0,-2,13,0,1,50,3915,3915,0,139,35,711,36336,36032,109,2,82,98,0,0,0,0,0,1,7,7,2,0,3966,0,0,0,0,0,0,0,0,0,-9,0,0,0
1875.28,0,0,0,0,0,0,1.5737,0.00717374,1.57794,42,0,28,29,28,0,-2,13,0,1,50,3915,3915,0,139,35,711,36336,36032,109,2,82,98,0,0,0,0,0,1,9,3,4,0,3973,0,0,0,0,0,0,0,0,0,-7,0,0,0
1875.29,0,0,0,0,0,0,1.57334,0.00715167,1.57769,42,0,28,29,28,0,-2,10,0,1,50,3915,3915,0,139,35,711,36336,36032,109,2,82,98,0,0,0,0,0,1,9,3,4,0,3973,0,0,0,0,0,0,0,0,0,9,0,0,0
1875.3,0,0,0,0,0,0,1.57297,0.0071296,1.57745,42,0,28,29,28,0,-2,10,0,1,51,3915,3915,0,139,35,711,36335,36032,110,2,82,98,0,0,0,0,0,1,0,0,0,0,3969,0,0,0,0,0,0,0,0,0,9,0,0,0
1875.31,0,0,0,0,0,0,1.57299,0.00712667,1.57751,42,0,28,29,28,0,-2,8,0,1,51,3915,3915,0,139,35,711,36335,36032,110,2,82,98,0,0,0,0,0,1,13,11,10,0,3964,0,0,0,0,0,0,0,0,0,-14,0,0,0
1875.32,0,0,0,0,0,0,1.57302,0.00712375,1.57756,42,0,28,29,28,0,-2,8,0,1,51,3915,3915,0,139,35,711,36335,36032,110,2,82,98,0,0,0,0,0,1,0,0,0,0,3966,0,0,0,0,0,0,0,0,0,2,0,0,0
1875.33,0,0,0,0,0,0,1.57305,0.00712083,1.57762,42,0,28,29,28,0,-2,7,0,1,51,3915,3915,0,139,35,711,36335,36032,110,2,82,98,0,0,0,0,0,1,13,13,10,0,3966,0,0,0,0,0,0,0,0,0,-15,0,0,0
1875.34,0,0,0,0,0,0,1.57307,0.00711791,1.57767,42,0,28,29,28,0,-2,7,0,1,51,3915,3915,0,139,35,711,36335,36032,110,2,82,98,0,0,0,0,0,1,1,1,0,0,3975,0,0,0,0,0,0,0,0,0,-2,0,0,0
1875.35,0,0,0,0,0,0,1.5731,0.00711498,1.57772,42,0,28,29,28,0,-2,5,0,1,51,3915,3915,0,139,35,711,36335,36032,110,2,82,98,0,0,0,0,0,1,13,11,0,0,3973,0,0,0,0,0,0,0,0,0,-14,0,0,0
1875.36,0,0,0,0,0,0,1.57313,0.00711206,1.57778,42,0,28,29,28,0,-2,5,0,1,51,3915,3915,0,139,35,711,36335,36032,110,2,82,98,0,0,0,0,0,1,3,7,2,0,3973,0,0,0,0,0,0,0,0,0,-2,0,0,0
1875.37,0,0,0,0,0,0,1.57315,0.00710914,1.57783,42,0,28,29,28,0,-2,4,0,1,51,3915,3915,0,139,35,711,36335,36032,110,2,82,98,0,0,0,0,0,1,3,7,2,0,3973,0,0,0,0,0,0,0,0,0,-2,0,0,0
1875.38,0,0,0,0,0,0,1.57318,0.00710622,1.57789,42,0,28,29,28,0,-2,4,0,1,51,3915,3915,0,139,35,711,36335,36032,110,2,82,98,0,0,0,0,0,1,5,1,2,0,3975,0,0,0,0,0,0,0,0,0,0,0,0,0
1875.39,0,0,0,0,0,0,1.57321,0.00710329,1.57794,42,0,28,29,28,0,-2,3,0,1,51,3915,3915,0,139,35,711,36335,36032,110,2,82,98,0,0,0,0,0,1,3,1,0,0,3973,0,0,0,0,0,0,0,0,0,2,0,0,0
1875.4,0,0,0,0,0,0,1.57323,0.00710037,1.57799,42,0,28,29,27,0,-2,3,0,1,51,3915,3915,0,139,35,711,36337,36031,110,2,82,98,0,0,0,0,0,1,7,5,4,0,3966,0,0,0,0,0,0,0,0,0,-1,0,0,0
1875.41,0,0,0,0,0,0,1.57321,0.00707341,1.57781,42,0,28,29,27,0,-2,1,0,1,51,3915,3915,0,139,35,711,36337,36031,110,2,82,98,0,0,0,0,0,1,1,3,0,0,3966,0,0,0,0,0,0,0,0,0,-3,0,0,0
1875.42,0,0,0,0,0,0,1.57319,0.00704645,1.57763,42,0,28,29,27,0,-2,1,0,1,51,3915,3915,0,139,35,711,36337,36031,110,2,82,98,0,0,0,0,0,1,1,1,0,0,3969,0,0,0,0,0,0,0,0,0,-2,0,0,0
1875.43,0,0,0,0,0,0,1.57317,0.00701949,1.57745,42,0,28,29,27,0,-2,0,0,1,51,3915,3915,0,139,35,711,36337,36031,110,2,82,98,0,0,0,0,0,1,1,1,0,0,3969,0,0,0,0,0,0,0,0,0,-2,0,0,0
1875.44,0,0,0,0,0,0,1.57315,0.00699253,1.57727,42,0,28,29,27,0,-2,0,0,1,51,3915,3915,0,139,35,711,36337,36031,110,2,82,98,0,0,0,0,0,1,0,0,0,0,3964,0,0,0,0,0,0,0,0,0,12,0,0,0
1875.45,0,0,0,0,0,0,1.57313,0.00696557,1.57708,42,0,28,29,27,0,-2,0,0,1,51,3915,3915,0,139,35,711,36337,36031,110,2,82,98,0,0,0,0,0,1,0,0,0,0,3971,0,0,0,0,0,0,0,0,0,0,0,0,0
1875.46,0,0,0,0,0,0,1.57311,0.00693861,1.5769,42,0,28,29,27,0,-2,0,0,1,51,3915,3915,0,139,35,711,36337,36031,110,2,82,98,0,0,0,0,0,1,9,7,2,0,3971,0,0,0,0,0,0,0,0,0,-10,0,0,0
1875.47,0,0,0,0,0,0,1.57309,0.00691166,1.57672,42,0,28,29,27,0,-2,0,0,1,51,3915,3915,0,139,35,711,36337,36031,110,2,82,98,0,0,0,0,0,1,0,0,0,0,3969,0,0,0,0,0,0,0,0,0,11,0,0,0
1875.48,0,0,0,0,0,0,1.57307,0.0068847,1.57654,42,0,28,29,27,0,-2,0,0,1,51,3915,3915,0,139,35,711,36337,36031,110,2,82,98,0,0,0,0,0,1,1,3,0,0,3964,0,0,0,0,0,0,0,0,0,-3,0,0,0
1875.49,0,0,0,0,0,0,1.57305,0.00685774,1.57635,42,0,28,29,27,0,-2,0,0,1,51,3915,3915,0,139,35,711,36337,36031,110,2,82,98,0,0,0,0,0,1,1,3,0,0,3964,0,0,0,0,0,0,0,0,0,-3,0,0,0
1875.5,0,0,0,0,0,0,1.57303,0.00683078,1.57617,42,0,28,29,28,0,-2,0,0,1,50,3915,3915,0,139,35,711,36337,36031,109,2,82,98,0,0,0,0,0,1,0,0,0,0,3966,0,0,0,0,0,0,0,0,0,-4,0,0,0
1875.51,0,0,0,0,0,0,1.57344,0.00686758,1.57616,42,0,28,29,28,0,-2,0,0,1,50,3915,3915,0,139,35,711,36337,36031,109,2,82,98,0,0,0,0,0,1,0,0,0,0,3971,0,0,0,0,0,0,0,0,0,4,0,0,0
1875.52,0,0,0,0,0,0,1.57384,0.00690439,1.57614,42,0,28,29,28,0,-2,0,0,1,50,3915,3915,0,139,35,711,36337,36031,109,2,82,98,0,0,0,0,0,1,5,7,0,0,3973,0,0,0,0,0,0,0,0,0,0,0,0,0
1875.53,0,0,0,0,0,0,1.57425,0.00694119,1.57612,42,0,28,29,28,0,-2,0,0,1,50,3915,3915,0,139,35,711,36337,36031,109,2,82,98,0,0,0,0,0,1,0,0,0,0,3966,0,0,0,0,0,0,0,0,0,-4,0,0,0
1875.54,0,0,0,0,0,0,1.57466,0.006978,1.57611,42,0,28,29,28,0,-2,0,0,1,50,3915,3915,0,139,35,711,36337,36031,109,2,82,98,0,0,0,0,0,1,1,0,0,0,3962,0,0,0,0,0,0,0,0,0,-10,0,0,0
1875.55,0,0,0,0,0,0,1.57507,0.0070148,1.57609,42,0,28,29,28,0,-2,0,0,1,50,3915,3915,0,139,35,711,36337,36031,109,2,82,98,0,0,0,0,0,1,1,0,0,0,3962,0,0,0,0,0,0,0,0,0,-10,0,0,0
1875.56,0,0,0,0,0,0,1.57547,0.00705161,1.57607,42,0,28,29,28,0,-2,0,0,1,50,3915,3915,0,139,35,711,36337,36031,109,2,82,98,0,0,0,0,0,1,0,0,0,0,3969,0,0,0,0,0,0,0,0,0,4,0,0,0
1875.57,0,0,0,0,0,0,1.57588,0.00708841,1.57606,42,0,28,29,28,0,-2,0,0,1,50,3915,3915,0,139,35,711,36337,36031,109,2,82,98,0,0,0,0,0,1,1,3,0,0,3964,0,0,0,0,0,0,0,0,0,-6,0,0,0
1875.58,0,0,0,0,0,0,1.57629,0.00712521,1.57604,42,0,28,29,28,0,-2,0,0,1,50,3915,3915,0,139,35,711,36337,36031,109,2,82,98,0,0,0,0,0,1,0,1,0,0,3964,0,0,0,0,0,0,0,0,0,-3,0,0,0
1875.59,0,0,0,0,0,0,1.57669,0.00716202,1.57603,42,0,28,29,28,0,-2,0,0,1,50,3915,3915,0,139,35,711,36337,36031,109,2,82,98,0,0,0,0,0,1,0,0,0,0,3964,0,0,0,0,0,0,0,0,0,-5,0,0,0
1875.6,0,0,0,0,0,0,1.5771,0.00719882,1.57601,42,0,28,29,28,0,-2,0,0,1,50,3915,3915,0,139,35,711,36337,36030,109,2,82,98,0,0,0,0,0,1,0,0,0,0,3971,0,0,0,0,0,0,0,0,0,1,0,0,0
1875.61,0,0,0,0,0,0,1.57681,0.00718491,1.57637,42,0,28,29,28,0,-2,0,0,1,50,3915,3915,0,139,35,711,36337,36030,109,2,82,98,0,0,0,0,0,1,0,0,0,0,3971,0,0,0,0,0,0,0,0,0,1,0,0,0
1875.62,0,0,0,0,0,0,1.57653,0.00717099,1.57673,42,0,28,29,28,0,-2,0,0,1,50,3915,3915,0,139,35,711,36337,36030,109,2,82,98,0,0,0,0,0,1,0,0,0,0,3966,0,0,0,0,0,0,0,0,0,5,0,0,0
1875.63,0,0,0,0,0,0,1.57624,0.00715708,1.57709,42,0,28,29,28,0,-2,0,0,1,50,3915,3915,0,139,35,711,36337,36030,109,2,82,98,0,0,0,0,0,1,1,0,0,0,3962,0,0,0,0,0,0,0,0,0,3,0,0,0
1875.64,0,0,0,0,0,0,1.57595,0.00714317,1.57745,42,0,28,29,28,0,-2,0,0,1,50,3915,3915,0,139,35,711,36337,36030,109,2,82,98,0,0,0,0,0,1,0,0,0,0,3969,0,0,0,0,0,0,0,0,0,2,0,0,0
1875.65,0,0,0,0,0,0,1.57566,0.00712925,1.57781,42,0,28,29,28,0,-2,0,0,1,50,3915,3915,0,139,35,711,36337,36030,109,2,82,98,0,0,0,0,0,1,0,0,0,0,3969,0,0,0,0,0,0,0,0,0,-1,0,0,0
1875.66,0,0,0,0,0,0,1.57537,0.00711534,1.57817,42,0,28,29,28,0,-2,0,0,1,50,3915,3915,0,139,35,711,36337,36030,109,2,82,98,0,0,0,0,0,1,10,13,0,0,3966,0,0,0,0,0,0,0,0,0,10,0,0,0
1875.67,0,0,0,0,0,0,1.57509,0.00710142,1.57853,42,0,28,29,28,0,-2,0,0,1,50,3915,3915,0,139,35,711,36337,36030,109,2,82,98,0,0,0,0,0,1,10,13,0,0,3966,0,0,0,0,0,0,0,0,0,10,0,0,0
1875.68,0,0,0,0,0,0,1.5748,0.00708751,1.57889,42,0,28,29,28,0,-2,0,0,1,50,3915,3915,0,139,35,711,36337,36030,109,2,82,98,0,0,0,0,0,1,0,0,0,0,3966,0,0,0,0,0,0,0,0,0,-13,0,0,0
1875.69,0,0,0,0,0,0,1.57451,0.00707359,1.57925,42,0,28,29,28,0,-2,0,0,1,50,3915,3915,0,139,35,711,36337,36030,109,2,82,98,0,0,0,0,0,1,0,0,0,0,3962,0,0,0,0,0,0,0,0,0,-3,0,0,0
1875.7,0,0,0,0,0,0,1.57422,0.00705968,1.5796,42,0,28,29,27,0,-2,0,0,1,50,3915,3915,0,139,35,711,36338,36031,109,2,82,98,0,0,0,0,0,1,1,0,0,0,3973,0,0,0,0,0,0,0,0,0,15,0,0,0
1875.71,0,0,0,0,0,0,1.57423,0.00704798,1.57943,42,0,28,29,27,0,-2,0,0,1,50,3915,3915,0,139,35,711,36338,36031,109,2,82,98,0,0,0,0,0,1,0,0,0,0,3969,0,0,0,0,0,0,0,0,0,-11,0,0,0
1875.72,0,0,0,0,0,0,1.57424,0.00703627,1.57925,42,0,28,29,27,0,-2,0,0,1,50,3915,3915,0,139,35,711,36338,36031,109,2,82,98,0,0,0,0,0,1,0,0,0,0,3966,0,0,0,0,0,0,0,0,0,-13,0,0,0
1875.73,0,0,0,0,0,0,1.57425,0.00702457,1.57907,42,0,28,29,27,0,-2,0,0,1,50,3915,3915,0,139,35,711,36338,36031,109,2,82,98,0,0,0,0,0,1,0,0,0,0,3966,0,0,0,0,0,0,0,0,0,-13,0,0,0
1875.74,0,0,0,0,0,0,1.57426,0.00701287,1.57889,42,0,28,29,27,0,-2,0,0,1,50,3915,3915,0,139,35,711,36338,36031,109,2,82,98,0,0,0,0,0,1,9,11,0,0,3966,0,0,0,0,0,0,0,0,0,9,0,0,0
1875.75,0,0,0,0,0,0,1.57427,0.00700117,1.57871,42,0,28,29,27,0,-2,0,0,1,50,3915,3915,0,139,35,711,36338,36031,109,2,82,98,0,0,0,0,0,1,5,3,4,0,3975,0,0,0,0,0,0,0,0,0,0,0,0,0
1875.76,0,0,0,0,0,0,1.57428,0.00698947,1.57853,42,0,28,29,27,0,-2,0,0,1,50,3915,3915,0,139,35,711,36338,36031,109,2,82,98,0,0,0,0,0,1,5,3,0,0,3977,0,0,0,0,0,0,0,0,0,1,0,0,0
1875.77,0,0,0,0,0,0,1.57429,0.00697777,1.57835,42,0,28,29,27,0,-2,0,0,1,50,3915,3915,0,139,35,711,36338,36031,109,2,82,98,0,0,0,0,0,1,5,1,0,0,3969,0,0,0,0,0,0,0,0,0,9,0,0,0
1875.78,0,0,0,0,0,0,1.5743,0.00696607,1.57818,42,0,28,29,27,0,-2,0,0,1,50,3915,3915,0,139,35,711,36338,36031,109,2,82,98,0,0,0,0,0,1,0,0,0,0,3969,0,0,0,0,0,0,0,0,0,-5,0,0,0
1875.79,0,0,0,0,0,0,1.57431,0.00695437,1.578,42,0,28,29,27,0,-2,0,0,1,50,3915,3915,0,139,35,711,36338,36031,109,2,82,98,0,0,0,0,0,1,0,0,0,0,3969,0,0,0,0,0,0,0,0,0,-5,0,0,0
1875.8,0,0,0,0,0,0,1.57432,0.00694266,1.57782,42,0,28,29,28,0,-2,0,0,1,50,3915,3915,0,139,35,711,36337,36032,109,2,82,98,0,0,0,0,0,1,7,0,5,0,3973,0,0,0,0,0,0,0,0,0,-5,0,0,0
1875.81,0,0,0,0,0,0,1.57394,0.0069412,1.57783,42,0,28,29,28,0,-2,0,0,1,50,3915,3915,0,139,35,711,36337,36032,109,2,82,98,0,0,0,0,0,1,9,5,4,0,3971,0,0,0,0,0,0,0,0,0,-1,0,0,0
1875.82,0,0,0,0,0,0,1.57356,0.00693973,1.57784,42,0,28,29,28,0,-2,0,0,1,50,3915,3915,0,139,35,711,36337,36032,109,2,82,98,0,0,0,0,0,1,1,1,13,0,3973,0,0,0,0,0,0,0,0,0,6,0,0,0
1875.83,0,0,0,0,0,0,1.57318,0.00693827,1.57786,42,0,28,29,28,0,-2,0,0,1,50,3915,3915,0,139,35,711,36337,36032,109,2,82,98,0,0,0,0,0,1,5,11,4,0,3969,0,0,0,0,0,0,0,0,0,0,0,0,0
1875.84,0,0,0,0,0,0,1.57281,0.0069368,1.57787,42,0,28,29,28,0,-2,0,0,1,50,3915,3915,0,139,35,711,36337,36032,109,2,82,98,0,0,0,0,0,1,0,0,0,0,3960,0,0,0,0,0,0,0,0,0,3,0,0,0
1875.85,0,0,0,0,0,0,1.57243,0.00693534,1.57788,42,0,28,29,28,0,-2,0,0,1,50,3915,3915,0,139,35,711,36337,36032,109,2,82,98,0,0,0,0,0,1,0,0,0,0,3960,0,0,0,0,0,0,0,0,0,3,0,0,0
1875.86,0,0,0,0,0,0,1.57205,0.00693387,1.57789,42,0,28,29,28,0,-2,0,0,1,50,3915,3915,0,139,35,711,36337,36032,109,2,82,98,0,0,0,0,0,1,7,7,0,0,3966,0,0,0,0,0,0,0,0,0,-9,0,0,0
1875.87,0,0,0,0,0,0,1.57168,0.00693241,1.5779,42,0,28,29,28,0,-2,0,0,1,50,3915,3915,0,139,35,711,36337,36032,109,2,82,98,0,0,0,0,0,1,0,1,0,0,3973,0,0,0,0,0,0,0,0,0,-12,0,0,0
1875.88,0,0,0,0,0,0,1.5713,0.00693094,1.57792,42,0,28,29,28,0,-2,0,0,1,50,3915,3915,0,139,35,711,36337,36032,109,2,82,98,0,0,0,0,0,1,5,3,0,0,3969,0,0,0,0,0,0,0,0,0,-2,0,0,0
1875.89,0,0,0,0,0,0,1.57092,0.00692948,1.57793,42,0,28,29,28,0,-2,0,0,1,50,3915,3915,0,139,35,711,36337,36032,109,2,82,98,0,0,0,0,0,1,3,5,0,0,3971,0,0,0,0,0,0,0,0,0,-1,0,0,0
1875.9,0,0,0,0,0,0,1.57055,0.00692801,1.57794,42,0,28,29,28,0,-2,0,0,1,50,3915,3915,0,139,35,711,36336,36031,109,2,82,98,0,0,0,0,0,1,0,0,0,0,3977,0,0,0,0,0,0,0,0,0,-5,0,0,0
1875.91,0,0,0,0,0,0,1.57088,0.00689948,1.57779,42,0,28,29,28,0,-2,0,0,1,50,3915,3915,0,139,35,711,36336,36031,109,2,82,98,0,0,0,0,0,1,0,0,0,0,3977,0,0,0,0,0,0,0,0,0,-5,0,0,0
1875.92,0,0,0,0,0,0,1.57121,0.00687096,1.57765,42,0,28,29,28,0,-2,0,0,1,50,3915,3915,0,139,35,711,36336,36031,109,2,82,98,0,0,0,0,0,1,3,5,0,0,3979,0,0,0,0,0,0,0,0,0,-3,0,0,0
1875.93,0,0,0,0,0,0,1.57154,0.00684243,1.5775,42,0,28,29,28,0,-2,0,0,1,50,3915,3915,0,139,35,711,36336,36031,109,2,82,98,0,0,0,0,0,1,0,0,0,0,3958,0,0,0,0,0,0,0,0,0,-11,0,0,0
1875.94,0,0,0,0,0,0,1.57187,0.00681391,1.57735,42,0,28,29,28,0,-2,0,0,1,50,3915,3915,0,139,35,711,36336,36031,109,2,82,98,0,0,0,0,0,1,7,5,0,0,3969,0,0,0,0,0,0,0,0,0,-7,0,0,0
1875.95,0,0,0,0,0,0,1.57219,0.00678538,1.57721,42,0,28,29,28,0,-2,0,0,1,50,3915,3915,0,139,35,711,36336,36031,109,2,82,98,0,0,0,0,0,1,9,1,0,0,3969,0,0,0,0,0,0,0,0,0,-6,0,0,0
1875.96,0,0,0,0,0,0,1.57252,0.00675686,1.57706,42,0,28,29,28,0,-2,0,0,1,50,3915,3915,0,139,35,711,36336,36031,109,2,82,98,0,0,0,0,0,1,19,19,11,0,3969,0,0,0,0,0,0,0,0,0,-22,0,0,0
1875.97,0,0,0,0,0,0,1.57285,0.00672833,1.57692,42,0,28,29,28,0,-2,0,0,1,50,3915,3915,0,139,35,711,36336,36031,109,2,82,98,0,0,0,0,0,1,19,19,11,0,3969,0,0,0,0,0,0,0,0,0,-22,0,0,0
1875.98,0,0,0,0,0,0,1.57318,0.0066998,1.57677,42,0,28,29,28,0,-2,0,0,1,50,3915,3915,0,139,35,711,36336,36031,109,2,82,98,0,0,0,0,0,1,0,0,0,0,3966,0,0,0,0,0,0,0,0,0,2,0,0,0
1875.99,0,0,0,0,0,0,1.57351,0.00667128,1.57662,42,0,28,29,28,0,-2,0,0,1,50,3915,3915,0,139,35,711,36336,36031,109,2,82,98,0,0,0,0,0,1,3,0,0,0,3975,0,0,0,0,0,0,0,0,0,-1,0,0,0
1876,0,0,0,0,0,0,1.57384,0.00664275,1.57648,42,0,28,29,29,0,-2,0,0,1,51,3915,3915,0,139,35,711,36337,36032,109,2,82,98,0,0,0,0,0,1,0,0,0,0,3964,0,0,0,0,0,0,0,0,0,5,0,0,0
1876.01,0,0,0,0,0,0,1.57405,0.00668216,1.57643,42,0,28,29,29,0,-2,0,0,1,51,3915,3915,0,139,35,711,36337,36032,109,2,82,98,0,0,0,0,0,1,0,0,0,0,3969,0,0,0,0,0,0,0,0,0,0,0,0,0
1876.02,0,0,0,0,0,0,1.57425,0.00672158,1.57638,42,0,28,29,29,0,-2,0,0,1,51,3915,3915,0,139,35,711,36337,36032,109,2,82,98,0,0,0,0,0,1,1,1,0,0,3971,0,0,0,0,0,0,0,0,0,1,0,0,0
1876.03,0,0,0,0,0,0,1.57445,0.00676099,1.57633,42,0,28,29,29,0,-2,0,0,1,51,3915,3915,0,139,35,711,36337,36032,109,2,82,98,0,0,0,0,0,1,1,1,0,0,3971,0,0,0,0,0,0,0,0,0,1,0,0,0
1876.04,0,0,0,0,0,0,1.57466,0.0068004,1.57628,42,0,28,29,29,0,-2,0,0,1,51,3915,3915,0,139,35,711,36337,36032,109,2,82,98,0,0,0,0,0,1,0,0,0,0,3969,0,0,0,0,0,0,0,0,0,-6,0,0,0
1876.05,0,0,0,0,0,0,1.57486,0.00683981,1.57623,42,0,28,29,29,0,-2,0,0,1,51,3915,3915,0,139,35,711,36337,36032,109,2,82,98,0,0,0,0,0,1,9,7,5,0,3971,0,0,0,0,0,0,0,0,0,-2,0,0,0
1876.06,0,0,0,0,0,0,1.57506,0.00687922,1.57618,42,0,28,29,29,0,-2,0,0,1,51,3915,3915,0,139,35,711,36337,36032,109,2,82,98,0,0,0,0,0,1,3,0,0,0,3966,0,0,0,0,0,0,0,0,0,10,0,0,0
1876.07,0,0,0,0,0,0,1.57527,0.00691863,1.57613,42,0,28,29,29,0,-2,0,0,1,51,3915,3915,0,139,35,711,36337,36032,109,2,82,98,0,0,0,0,0,1,0,0,0,0,3971,0,0,0,0,0,0,0,0,0,-9,0,0,0
1876.08,0,0,0,0,0,0,1.57547,0.00695805,1.57608,42,0,28,29,29,0,-2,0,0,1,51,3915,3915,0,139,35,711,36337,36032,109,2,82,98,0,0,0,0,0,1,5,1,4,0,3962,0,0,0,0,0,0,0,0,0,7,0,0,0
1876.09,0,0,0,0,0,0,1.57567,0.00699746,1.57603,42,0,28,29,29,0,-2,0,0,1,51,3915,3915,0,139,35,711,36337,36032,109,2,82,98,0,0,0,0,0,1,5,1,4,0,3962,0,0,0,0,0,0,0,0,0,7,0,0,0
1876.1,0,0,0,0,0,0,1.57588,0.00703687,1.57598,42,0,28,29,28,0,-2,0,0,1,50,3915,3915,0,139,35,711,36337,36030,109,2,82,98,0,0,0,0,0,1,10,9,13,0,3969,0,0,0,0,0,0,0,0,0,-2,0,0,0
1876.11,0,0,0,0,0,0,1.57571,0.00704498,1.57592,42,0,28,29,28,0,-2,0,0,1,50,3915,3915,0,139,35,711,36337,36030,109,2,82,98,0,0,0,0,0,1,0,1,0,0,3969,0,0,0,0,0,0,0,0,0,0,0,0,0
1876.12,0,0,0,0,0,0,1.57554,0.00705308,1.57585,42,0,28,29,28,0,-2,0,0,1,50,3915,3915,0,139,35,711,36337,36030,109,2,82,98,0,0,0,0,0,1,0,1,0,0,3971,0,0,0,0,0,0,0,0,0,-11,0,0,0
1876.13,0,0,0,0,0,0,1.57537,0.00706119,1.57579,42,0,28,29,28,0,-2,0,0,1,50,3915,3915,0,139,35,711,36337,36030,109,2,82,98,0,0,0,0,0,1,0,3,0,0,3973,0,0,0,0,0,0,0,0,0,-5,0,0,0
1876.14,0,0,0,0,0,0,1.5752,0.00706929,1.57573,42,0,28,29,28,0,-2,0,0,1,50,3915,3915,0,139,35,711,36337,36030,109,2,82,98,0,0,0,0,0,1,1,0,0,0,3964,0,0,0,0,0,0,0,0,0,1,0,0,0
1876.15,0,0,0,0,0,0,1.57503,0.0070774,1.57567,42,0,28,29,28,0,-2,0,0,1,50,3915,3915,0,139,35,711,36337,36030,109,2,82,98,0,0,0,0,0,1,1,0,0,0,3964,0,0,0,0,0,0,0,0,0,1,0,0,0
1876.16,0,0,0,0,0,0,1.57486,0.0070855,1.5756,42,0,28,29,28,0,-2,0,0,1,50,3915,3915,0,139,35,711,36337,36030,109,2,82,98,0,0,0,0,0,1,0,0,0,0,3969,0,0,0,0,0,0,0,0,0,4,0,0,0
1876.17,0,0,0,0,0,0,1.57469,0.00709361,1.57554,42,0,28,29,28,0,-2,0,0,1,50,3915,3915,0,139,35,711,36337,36030,109,2,82,98,0,0,0,0,0,1,3,0,0,0,3971,0,0,0,0,0,0,0,0,0,14,0,0,0
1876.18,0,0,0,0,0,0,1.57452,0.00710171,1.57548,42,0,28,29,28,0,-2,0,0,1,50,3915,3915,0,139,35,711,36337,36030,109,2,82,98,0,0,0,0,0,1,5,9,4,0,3973,0,0,0,0,0,0,0,0,0,9,0,0,0
1876.19,0,0,0,0,0,0,1.57435,0.00710982,1.57542,42,0,28,29,28,0,-2,0,0,1,50,3915,3915,0,139,35,711,36337,36030,109,2,82,98,0,0,0,0,0,1,10,9,8,0,3964,0,0,0,0,0,0,0,0,0,7,0,0,0
1876.2,0,0,0,0,0,0,1.57418,0.00711792,1.57535,42,0,28,29,27,0,-2,0,0,1,50,3915,3915,0,139,35,711,36337,36031,110,2,82,98,0,0,0,0,0,1,5,1,0,0,3971,0,0,0,0,0,0,0,0,0,-4,0,0,0
1876.21,0,0,0,0,0,0,1.57409,0.00712026,1.57558,42,0,28,29,27,0,-2,0,0,1,50,3915,3915,0,139,35,711,36337,36031,110,2,82,98,0,0,0,0,0,1,5,1,0,0,3971,0,0,0,0,0,0,0,0,0,-4,0,0,0
1876.22,0,0,0,0,0,0,1.574,0.0071226,1.5758,42,0,28,29,27,0,-2,0,0,1,50,3915,3915,0,139,35,711,36337,36031,110,2,82,98,0,0,0,0,0,1,0,0,0,0,3973,0,0,0,0,0,0,0,0,0,4,0,0,0
1876.23,0,0,0,0,0,0,1.57391,0.00712493,1.57603,42,0,28,29,27,0,-2,0,0,1,50,3915,3915,0,139,35,711,36337,36031,110,2,82,98,0,0,0,0,0,1,0,0,0,0,3966,0,0,0,0,0,0,0,0,0,1,0,0,0
1876.24,0,0,0,0,0,0,1.57383,0.00712727,1.57625,42,0,28,29,27,0,-2,0,0,1,50,3915,3915,0,139,35,711,36337,36031,110,2,82,98,0,0,0,0,0,1,1,0,2,0,3960,0,0,0,0,0,0,0,0,0,2,0,0,0
1876.25,0,0,0,0,0,0,1.57374,0.00712961,1.57647,42,0,28,29,27,0,-2,0,0,1,50,3915,3915,0,139,35,711,36337,36031,110,2,82,98,0,0,0,0,0,1,0,0,0,0,3964,0,0,0,0,0,0,0,0,0,0,0,0,0
1876.26,0,0,0,0,0,0,1.57365,0.00713194,1.5767,42,0,28,29,27,0,-2,0,0,1,50,3915,3915,0,139,35,711,36337,36031,110,2,82,98,0,0,0,0,0,1,0,1,0,0,3969,0,0,0,0,0,0,0,0,0,0,0,0,0
1876.27,0,0,0,0,0,0,1.57356,0.00713428,1.57692,42,0,28,29,27,0,-2,0,0,1,50,3915,3915,0,139,35,711,36337,36031,110,2,82,98,0,0,0,0,0,1,0,1,0,0,3969,0,0,0,0,0,0,0,0,0,0,0,0,0
1876.28,0,0,0,0,0,0,1.57348,0.00713662,1.57714,42,0,28,29,27,0,-2,0,0,1,50,3915,3915,0,139,35,711,36337,36031,110,2,82,98,0,0,0,0,0,1,10,11,5,0,3964,0,0,0,0,0,0,0,0,0,25,0,0,0
1876.29,0,0,0,0,0,0,1.57339,0.00713895,1.57737,42,0,28,29,27,0,-2,0,0,1,50,3915,3915,0,139,35,711,36337,36031,110,2,82,98,0,0,0,0,0,1,0,0,0,0,3975,0,0,0,0,0,0,0,0,0,4,0,0,0
1876.3,0,0,0,0,0,0,1.5733,0.00714129,1.57759,42,0,28,29,28,0,-2,0,0,1,50,3915,3915,0,139,35,711,36336,36031,110,2,82,98,0,0,0,0,0,1,7,7,4,0,3964,0,0,0,0,0,0,0,0,0,3,0,0,0
1876.31,0,0,0,0,0,0,1.57345,0.00712206,1.57744,42,0,28,29,28,0,-2,0,0,1,50,3915,3915,0,139,35,711,36336,36031,110,2,82,98,0,0,0,0,0,1,0,1,0,0,3971,0,0,0,0,0,0,0,0,0,2,0,0,0
1876.32,0,0,0,0,0,0,1.5736,0.00710283,1.57729,42,0,28,29,28,0,-2,0,0,1,50,3915,3915,0,139,35,711,36336,36031,110,2,82,98,0,0,0,0,0,1,10,13,10,0,3973,0,0,0,0,0,0,0,0,0,7,0,0,0
1876.33,0,0,0,0,0,0,1.57374,0.0070836,1.57714,42,0,28,29,28,0,-2,0,0,1,50,3915,3915,0,139,35,711,36336,36031,110,2,82,98,0,0,0,0,0,1,10,13,10,0,3973,0,0,0,0,0,0,0,0,0,7,0,0,0
1876.34,0,0,0,0,0,0,1.57389,0.00706437,1.57698,42,0,28,29,28,0,-2,0,0,1,50,3915,3915,0,139,35,711,36336,36031,110,2,82,98,0,0,0,0,0,1,5,9,0,0,3973,0,0,0,0,0,0,0,0,0,12,0,0,0
1876.35,0,0,0,0,0,0,1.57404,0.00704514,1.57683,42,0,28,29,28,0,-2,0,0,1,50,3915,3915,0,139,35,711,36336,36031,110,2,82,98,0,0,0,0,0,1,0,0,0,0,3969,0,0,0,0,0,0,0,0,0,-5,0,0,0
1876.36,0,0,0,0,0,0,1.57418,0.00702591,1.57668,42,0,28,29,28,0,-2,0,0,1,50,3915,3915,0,139,35,711,36336,36031,110,2,82,98,0,0,0,0,0,1,0,0,0,0,3966,0,0,0,0,0,0,0,0,0,5,0,0,0
1876.37,0,0,0,0,0,0,1.57433,0.00700668,1.57653,42,0,28,29,28,0,-2,0,0,1,50,3915,3915,0,139,35,711,36336,36031,110,2,82,98,0,0,0,0,0,1,13,13,10,0,3975,0,0,0,0,0,0,0,0,0,12,0,0,0
1876.38,0,0,0,0,0,0,1.57448,0.00698745,1.57637,42,0,28,29,28,0,-2,0,0,1,50,3915,3915,0,139,35,711,36336,36031,110,2,82,98,0,0,0,0,0,1,3,9,0,0,3966,0,0,0,0,0,0,0,0,0,5,0,0,0
1876.39,0,0,0,0,0,0,1.57463,0.00696822,1.57622,42,0,28,29,28,0,-2,0,0,1,50,3915,3915,0,139,35,711,36336,36031,110,2,82,98,0,0,0,0,0,1,3,9,0,0,3966,0,0,0,0,0,0,0,0,0,5,0,0,0
1876.4,0,0,0,0,0,0,1.57477,0.00694899,1.57607,42,0,28,29,28,0,-2,0,0,1,50,3915,3915,0,139,35,711,36336,36031,110,2,82,98,0,0,0,0,0,1,0,0,0,0,3973,0,0,0,0,0,0,0,0,0,-3,0,0,0
1876.41,0,0,0,0,0,0,1.57484,0.0069682,1.57605,42,0,28,29,28,0,-2,0,0,1,50,3915,3915,0,139,35,711,36336,36031,110,2,82,98,0,0,0,0,0,1,0,0,0,0,3966,0,0,0,0,0,0,0,0,0,-20,0,0,0
1876.42,0,0,0,0,0,0,1.57491,0.00698742,1.57603,42,0,28,29,28,0,-2,0,0,1,50,3915,3915,0,139,35,711,36336,36031,110,2,82,98,0,0,0,0,0,1,0,0,10,0,3977,0,0,0,0,0,0,0,0,0,1,0,0,0
1876.43,0,0,0,0,0,0,1.57497,0.00700663,1.57601,42,0,28,29,28,0,-2,0,0,1,50,3915,3915,0,139,35,711,36336,36031,110,2,82,98,0,0,0,0,0,1,5,7,0,0,3969,0,0,0,0,0,0,0,0,0,-5,0,0,0
1876.44,0,0,0,0,0,0,1.57504,0.00702585,1.57599,42,0,28,29,28,0,-2,0,0,1,50,3915,3915,0,139,35,711,36336,36031,110,2,82,98,0,0,0,0,0,1,0,0,0,0,3973,0,0,0,0,0,0,0,0,0,-3,0,0,0
1876.45,0,0,0,0,0,0,1.57511,0.00704506,1.57596,42,0,28,29,28,0,-2,0,0,1,50,3915,3915,0,139,35,711,36336,36031,110,2,82,98,0,0,0,0,0,1,0,0,0,0,3973,0,0,0,0,0,0,0,0,0,-3,0,0,0
1876.46,0,0,0,0,0,0,1.57517,0.00706427,1.57594,42,0,28,29,28,0,-2,0,0,1,50,3915,3915,0,139,35,711,36336,36031,110,2,82,98,0,0,0,0,0,1,0,0,0,0,3969,0,0,0,0,0,0,0,0,0,12,0,0,0
1876.47,0,0,0,0,0,0,1.57524,0.00708349,1.57592,42,0,28,29,28,0,-2,0,0,1,50,3915,3915,0,139,35,711,36336,36031,110,2,82,98,0,0,0,0,0,1,3,3,0,0,3969,0,0,0,0,0,0,0,0,0,-4,0,0,0
1876.48,0,0,0,0,0,0,1.5753,0.0071027,1.5759,42,0,28,29,28,0,-2,0,0,1,50,3915,3915,0,139,35,711,36336,36031,110,2,82,98,0,0,0,0,0,1,0,0,0,0,3966,0,0,0,0,0,0,0,0,0,7,0,0,0
1876.49,0,0,0,0,0,0,1.57537,0.00712192,1.57588,42,0,28,29,28,0,-2,0,0,1,50,3915,3915,0,139,35,711,36336,36031,110,2,82,98,0,0,0,0,0,1,1,0,0,0,3971,0,0,0,0,0,0,0,0,0,0,0,0,0
1876.5,0,0,0,0,0,0,1.57544,0.00714113,1.57586,42,0,28,29,28,0,-2,0,0,1,50,3915,3915,0,139,35,711,36336,36032,110,2,82,98,0,0,0,0,0,1,10,9,0,0,3964,0,0,0,0,0,0,0,0,0,-12,0,0,0
1876.51,0,0,0,0,0,0,1.57559,0.00715667,1.57631,42,0,28,29,28,0,-2,0,0,1,50,3915,3915,0,139,35,711,36336,36032,110,2,82,98,0,0,0,0,0,1,10,9,0,0,3964,0,0,0,0,0,0,0,0,0,-12,0,0,0
1876.52,0,0,0,0,0,0,1.57575,0.00717221,1.57677,42,0,28,29,28,0,-2,0,0,1,50,3915,3915,0,139,35,711,36336,36032,110,2,82,98,0,0,0,0,0,1,0,0,0,0,3966,0,0,0,0,0,0,0,0,0,9,0,0,0
1876.53,0,0,0,0,0,0,1.5759,0.00718775,1.57722,42,0,28,29,28,0,-2,0,0,1,50,3915,3915,0,139,35,711,36336,36032,110,2,82,98,0,0,0,0,0,1,0,0,0,0,3973,0,0,0,0,0,0,0,0,0,-3,0,0,0
1876.54,0,0,0,0,0,0,1.57606,0.00720329,1.57767,42,0,28,29,28,0,-2,0,0,1,50,3915,3915,0,139,35,711,36336,36032,110,2,82,98,0,0,0,0,0,1,13,11,10,0,3964,0,0,0,0,0,0,0,0,0,-1,0,0,0
1876.55,0,0,0,0,0,0,1.57622,0.00721883,1.57812,42,0,28,29,28,0,-2,0,0,1,50,3915,3915,0,139,35,711,36336,36032,110,2,82,98,0,0,0,0,0,1,3,1,0,0,3969,0,0,0,0,0,0,0,0,0,-1,0,0,0
1876.56,0,0,0,0,0,0,1.57637,0.00723437,1.57858,42,0,28,29,28,0,-2,0,0,1,50,3915,3915,0,139,35,711,36336,36032,110,2,82,98,0,0,0,0,0,1,0,0,0,0,3971,0,0,0,0,0,0,0,0,0,-17,0,0,0
1876.57,0,0,0,0,0,0,1.57653,0.00724991,1.57903,42,0,28,29,28,0,-2,0,0,1,50,3915,3915,0,139,35,711,36336,36032,110,2,82,98,0,0,0,0,0,1,0,0,0,0,3971,0,0,0,0,0,0,0,0,0,-17,0,0,0
1876.58,0,0,0,0,0,0,1.57668,0.00726545,1.57948,42,0,28,29,28,0,-2,0,0,1,50,3915,3915,0,139,35,711,36336,36032,110,2,82,98,0,0,0,0,0,1,0,0,0,0,3969,0,0,0,0,0,0,0,0,0,2,0,0,0
1876.59,0,0,0,0,0,0,1.57684,0.00728099,1.57993,42,0,28,29,28,0,-2,0,0,1,50,3915,3915,0,139,35,711,36336,36032,110,2,82,98,0,0,0,0,0,1,1,0,0,0,3971,0,0,0,0,0,0,0,0,0,-3,0,0,0
1876.6,0,0,0,0,0,0,1.57699,0.00729653,1.58038,42,0,28,29,27,0,-2,0,0,1,50,3915,3915,0,139,35,711,36337,36032,109,2,82,98,0,0,0,0,0,1,7,0,0,0,3971,0,0,0,0,0,0,0,0,0,-9,0,0,0
1876.61,0,0,0,0,0,0,1.5769,0.00729148,1.57981,42,0,28,29,27,0,-2,0,0,1,50,3915,3915,0,139,35,711,36337,36032,109,2,82,98,0,0,0,0,0,1,0,1,0,0,3969,0,0,0,0,0,0,0,0,0,-1,0,0,0
1876.62,0,0,0,0,0,0,1.57681,0.00728643,1.57923,42,0,28,29,27,0,-2,0,0,1,50,3915,3915,0,139,35,711,36337,36032,109,2,82,98,0,0,0,0,0,1,1,0,0,0,3975,0,0,0,0,0,0,0,0,0,0,0,0,0
1876.63,0,0,0,0,0,0,1.57672,0.00728137,1.57865,42,0,28,29,27,0,-2,0,0,1,50,3915,3915,0,139,35,711,36337,36032,109,2,82,98,0,0,0,0,0,1,1,0,0,0,3975,0,0,0,0,0,0,0,0,0,0,0,0,0
1876.64,0,0,0,0,0,0,1.57663,0.00727632,1.57807,42,0,28,29,27,0,-2,0,0,1,50,3915,3915,0,139,35,711,36337,36032,109,2,82,98,0,0,0,0,0,1,0,0,0,0,3981,0,0,0,0,0,0,0,0,0,-1,0,0,0
1876.65,0,0,0,0,0,0,1.57654,0.00727127,1.57749,42,0,28,29,27,0,-2,0,0,1,50,3915,3915,0,139,35,711,36337,36032,109,2,82,98,0,0,0,0,0,1,0,3,0,0,3977,0,0,0,0,0,0,0,0,0,4,0,0,0
1876.66,0,0,0,0,0,0,1.57645,0.00726621,1.57691,42,0,28,29,27,0,-2,0,0,1,50,3915,3915,0,139,35,711,36337,36032,109,2,82,98,0,0,0,0,0,1,10,13,13,0,3973,0,0,0,0,0,0,0,0,0,-17,0,0,0
1876.67,0,0,0,0,0,0,1.57636,0.00726116,1.57633,42,0,28,29,27,0,-2,0,0,1,50,3915,3915,0,139,35,711,36337,36032,109,2,82,98,0,0,0,0,0,1,0,0,0,0,3964,0,0,0,0,0,0,0,0,0,0,0,0,0
1876.68,0,0,0,0,0,0,1.57627,0.0072561,1.57575,42,0,28,29,27,0,-2,0,0,1,50,3915,3915,0,139,35,711,36337,36032,109,2,82,98,0,0,0,0,0,1,0,3,0,0,3969,0,0,0,0,0,0,0,0,0,2,0,0,0
1876.69,0,0,0,0,0,0,1.57618,0.00725105,1.57518,42,0,28,29,27,0,-2,0,0,1,50,3915,3915,0,139,35,711,36337,36032,109,2,82,98,0,0,0,0,0,1,0,3,0,0,3969,0,0,0,0,0,0,0,0,0,2,0,0,0
1876.7,0,0,0,0,0,0,1.57609,0.007246,1.5746,42,0,28,29,27,0,-2,0,0,1,50,3915,3915,0,139,35,711,36337,36031,110,2,82,98,0,0,0,0,0,1,0,0,0,0,3966,0,0,0,0,0,0,0,0,0,17,0,0,0
1876.71,0,0,0,0,0,0,1.5759,0.00723099,1.57509,42,0,28,29,27,0,-2,0,0,1,50,3915,3915,0,139,35,711,36337,36031,110,2,82,98,0,0,0,0,0,1,3,1,10,0,3964,0,0,0,0,0,0,0,0,0,0,0,0,0
1876.72,0,0,0,0,0,0,1.57571,0.00721597,1.57559,42,0,28,29,27,0,-2,0,0,1,50,3915,3915,0,139,35,711,36337,36031,110,2,82,98,0,0,0,0,0,1,0,0,0,0,3966,0,0,0,0,0,0,0,0,0,0,0,0,0
1876.73,0,0,0,0,0,0,1.57552,0.00720096,1.57608,42,0,28,29,27,0,-2,0,0,1,50,3915,3915,0,139,35,711,36337,36031,110,2,82,98,0,0,0,0,0,1,1,0,0,0,3969,0,0,0,0,0,0,0,0,0,-1,0,0,0
1876.74,0,0,0,0,0,0,1.57533,0.00718595,1.57658,42,0,28,29,27,0,-2,0,0,1,50,3915,3915,0,139,35,711,36337,36031,110,2,82,98,0,0,0,0,0,1,0,0,0,0,3969,0,0,0,0,0,0,0,0,0,-3,0,0,0
1876.75,0,0,0,0,0,0,1.57514,0.00717094,1.57707,42,0,28,29,27,0,-2,0,0,1,50,3915,3915,0,139,35,711,36337,36031,110,2,82,98,0,0,0,0,0,1,0,0,0,0,3969,0,0,0,0,0,0,0,0,0,-3,0,0,0
1876.76,0,0,0,0,0,0,1.57495,0.00715592,1.57756,42,0,28,29,27,0,-2,0,0,1,50,3915,3915,0,139,35,711,36337,36031,110,2,82,98,0,0,0,0,0,1,5,1,8,0,3979,0,0,0,0,0,0,0,0,0,7,0,0,0
1876.77,0,0,0,0,0,0,1.57476,0.00714091,1.57806,42,0,28,29,27,0,-2,0,0,1,50,3915,3915,0,139,35,711,36337,36031,110,2,82,98,0,0,0,0,0,1,0,0,0,0,3975,0,0,0,0,0,0,0,0,0,-6,0,0,0
1876.78,0,0,0,0,0,0,1.57457,0.0071259,1.57855,42,0,28,29,27,0,-2,0,0,1,50,3915,3915,0,139,35,711,36337,36031,110,2,82,98,0,0,0,0,0,1,5,3,0,0,3962,0,0,0,0,0,0,0,0,0,-1,0,0,0
1876.79,0,0,0,0,0,0,1.57437,0.00711089,1.57905,42,0,28,29,27,0,-2,0,0,1,50,3915,3915,0,139,35,711,36337,36031,110,2,82,98,0,0,0,0,0,1,0,0,0,0,3964,0,0,0,0,0,0,0,0,0,-14,0,0,0
1876.8,0,0,0,0,0,0,1.57418,0.00709587,1.57954,42,0,28,29,28,0,-2,0,0,1,50,3915,3915,0,139,35,711,36336,36031,109,2,82,98,0,0,0,0,0,1,1,0,0,0,3969,0,0,0,0,0,0,0,0,0,-4,0,0,0
1876.81,0,0,0,0,0,0,1.57417,0.00709793,1.57904,42,0,28,29,28,0,-2,0,0,1,50,3915,3915,0,139,35,711,36336,36031,109,2,82,98,0,0,0,0,0,1,1,0,0,0,3969,0,0,0,0,0,0,0,0,0,-4,0,0,0
1876.82,0,0,0,0,0,0,1.57416,0.00709999,1.57854,42,0,28,29,28,0,-2,0,0,1,50,3915,3915,0,139,35,711,36336,36031,109,2,82,98,0,0,0,0,0,1,0,0,0,0,3973,0,0,0,0,0,0,0,0,0,-4,0,0,0
1876.83,0,0,0,0,0,0,1.57414,0.00710205,1.57804,42,0,28,29,28,0,-2,0,0,1,50,3915,3915,0,139,35,711,36336,36031,109,2,82,98,0,0,0,0,0,1,0,0,0,0,3960,0,0,0,0,0,0,0,0,0,-6,0,0,0
1876.84,0,0,0,0,0,0,1.57413,0.0071041,1.57754,42,0,28,29,28,0,-2,0,0,1,50,3915,3915,0,139,35,711,36336,36031,109,2,82,98,0,0,0,0,0,1,0,0,0,0,3971,0,0,0,0,0,0,0,0,0,7,0,0,0
1876.85,0,0,0,0,0,0,1.57411,0.00710616,1.57704,42,0,28,29,28,0,-2,0,0,1,50,3915,3915,0,139,35,711,36336,36031,109,2,82,98,0,0,0,0,0,1,0,0,0,0,3966,0,0,0,0,0,0,0,0,0,-15,0,0,0
1876.86,0,0,0,0,0,0,1.5741,0.00710822,1.57654,42,0,28,29,28,0,-2,0,0,1,50,3915,3915,0,139,35,711,36336,36031,109,2,82,98,0,0,0,0,0,1,0,0,0,0,3966,0,0,0,0,0,0,0,0,0,12,0,0,0
1876.87,0,0,0,0,0,0,1.57409,0.00711028,1.57604,42,0,28,29,28,0,-2,0,0,1,50,3915,3915,0,139,35,711,36336,36031,109,2,82,98,0,0,0,0,0,1,0,0,0,0,3966,0,0,0,0,0,0,0,0,0,12,0,0,0
1876.88,0,0,0,0,0,0,1.57407,0.00711233,1.57554,42,0,28,29,28,0,-2,0,0,1,50,3915,3915,0,139,35,711,36336,36031,109,2,82,98,0,0,0,0,0,1,0,0,0,0,3969,0,0,0,0,0,0,0,0,0,5,0,0,0
1876.89,0,0,0,0,0,0,1.57406,0.00711439,1.57504,42,0,28,29,28,0,-2,0,0,1,50,3915,3915,0,139,35,711,36336,36031,109,2,82,98,0,0,0,0,0,1,0,0,0,0,3966,0,0,0,0,0,0,0,0,0,-5,0,0,0
1876.9,0,0,0,0,0,0,1.57405,0.00711645,1.57454,42,0,28,29,28,0,-2,0,0,1,50,3915,3915,0,139,35,711,36337,36032,110,2,82,98,0,0,0,0,0,1,0,1,0,0,3969,0,0,0,0,0,0,0,0,0,-5,0,0,0
1876.91,0,0,0,0,0,0,1.57409,0.00712777,1.57508,42,0,28,29,28,0,-2,0,0,1,50,3915,3915,0,139,35,711,36337,36032,110,2,82,98,0,0,0,0,0,1,10,9,17,0,3969,0,0,0,0,0,0,0,0,0,0,0,0,0
1876.92,0,0,0,0,0,0,1.57413,0.00713909,1.57562,42,0,28,29,28,0,-2,0,0,1,50,3915,3915,0,139,35,711,36337,36032,110,2,82,98,0,0,0,0,0,1,0,1,0,0,3964,0,0,0,0,0,0,0,0,0,-6,0,0,0
1876.93,0,0,0,0,0,0,1.57417,0.0071504,1.57616,42,0,28,29,28,0,-2,0,0,1,50,3915,3915,0,139,35,711,36337,36032,110,2,82,98,0,0,0,0,0,1,0,1,0,0,3964,0,0,0,0,0,0,0,0,0,-6,0,0,0
1876.94,0,0,0,0,0,0,1.57421,0.00716172,1.5767,42,0,28,29,28,0,-2,0,0,1,50,3915,3915,0,139,35,711,36337,36032,110,2,82,98,0,0,0,0,0,1,0,0,29,0,3969,0,0,0,0,0,0,0,0,0,-3,0,0,0
1876.95,0,0,0,0,0,0,1.57424,0.00717304,1.57724,42,0,28,29,28,0,-2,0,0,1,50,3915,3915,0,139,35,711,36337,36032,110,2,82,98,0,0,0,0,0,1,0,0,0,0,3975,0,0,0,0,0,0,0,0,0,-20,0,0,0
1876.96,0,0,0,0,0,0,1.57428,0.00718436,1.57778,42,0,28,29,28,0,-2,0,0,1,50,3915,3915,0,139,35,711,36337,36032,110,2,82,98,0,0,0,0,0,1,0,0,0,0,3966,0,0,0,0,0,0,0,0,0,0,0,0,0
1876.97,0,0,0,0,0,0,1.57432,0.00719567,1.57832,42,0,28,29,28,0,-2,0,0,1,50,3915,3915,0,139,35,711,36337,36032,110,2,82,98,0,0,0,0,0,1,0,3,0,0,3969,0,0,0,0,0,0,0,0,0,-2,0,0,0
1876.98,0,0,0,0,0,0,1.57436,0.00720699,1.57886,42,0,28,29,28,0,-2,0,0,1,50,3915,3915,0,139,35,711,36337,36032,110,2,82,98,0,0,0,0,0,1,7,9,2,0,3973,0,0,0,0,0,0,0,0,0,-10,0,0,0
1876.99,0,0,0,0,0,0,1.5744,0.00721831,1.5794,42,0,28,29,28,0,-2,0,0,1,50,3915,3915,0,139,35,711,36337,36032,110,2,82,98,0,0,0,0,0,1,7,9,2,0,3973,0,0,0,0,0,0,0,0,0,-10,0,0,0
1877,0,0,0,0,0,0,1.57444,0.00722963,1.57994,42,0,28,29,28,0,-2,0,0,1,51,3915,3915,0,139,35,711,36336,36030,110,2,82,98,0,0,0,0,0,1,1,1,0,0,3971,0,0,0,0,0,0,0,0,0,-2,0,0,0
1877.01,0,0,0,0,0,0,1.57416,0.00720026,1.57951,42,0,28,29,28,0,-2,0,0,1,51,3915,3915,0,139,35,711,36336,36030,110,2,82,98,0,0,0,0,0,1,16,19,13,0,3979,0,0,0,0,0,0,0,0,0,-21,0,0,0
1877.02,0,0,0,0,0,0,1.57388,0.00717089,1.57908,42,0,28,29,28,0,-2,0,0,1,51,3915,3915,0,139,35,711,36336,36030,110,2,82,98,0,0,0,0,0,1,0,0,0,0,3971,0,0,0,0,0,0,0,0,0,9,0,0,0
1877.03,0,0,0,0,0,0,1.5736,0.00714153,1.57865,42,0,28,29,28,0,-2,0,0,1,51,3915,3915,0,139,35,711,36336,36030,110,2,82,98,0,0,0,0,0,1,7,3,8,0,3969,0,0,0,0,0,0,0,0,0,-6,0,0,0
1877.04,0,0,0,0,0,0,1.57331,0.00711216,1.57822,42,0,28,29,28,0,-2,0,0,1,51,3915,3915,0,139,35,711,36336,36030,110,2,82,98,0,0,0,0,0,1,1,1,0,0,3966,0,0,0,0,0,0,0,0,0,7,0,0,0
1877.05,0,0,0,0,0,0,1.57303,0.00708279,1.5778,42,0,28,29,28,0,-2,0,0,1,51,3915,3915,0,139,35,711,36336,36030,110,2,82,98,0,0,0,0,0,1,1,1,0,0,3966,0,0,0,0,0,0,0,0,0,7,0,0,0
1877.06,0,0,0,0,0,0,1.57275,0.00705343,1.57737,42,0,28,29,28,0,-2,0,0,1,51,3915,3915,0,139,35,711,36336,36030,110,2,82,98,0,0,0,0,0,1,5,5,2,0,3966,0,0,0,0,0,0,0,0,0,4,0,0,0
1877.07,0,0,0,0,0,0,1.57246,0.00702406,1.57694,42,0,28,29,28,0,-2,0,0,1,51,3915,3915,0,139,35,711,36336,36030,110,2,82,98,0,0,0,0,0,1,5,1,2,0,3966,0,0,0,0,0,0,0,0,0,19,0,0,0
1877.08,0,0,0,0,0,0,1.57218,0.0069947,1.57651,42,0,28,29,28,0,-2,0,0,1,51,3915,3915,0,139,35,711,36336,36030,110,2,82,98,0,0,0,0,0,1,0,0,0,0,3973,0,0,0,0,0,0,0,0,0,-1,0,0,0
1877.09,0,0,0,0,0,0,1.5719,0.00696533,1.57608,42,0,28,29,28,0,-2,0,0,1,51,3915,3915,0,139,35,711,36336,36030,110,2,82,98,0,0,0,0,0,1,5,3,0,0,3971,0,0,0,0,0,0,0,0,0,10,0,0,0
1877.1,0,0,0,0,0,0,1.57162,0.00693596,1.57565,42,0,28,29,28,0,-2,0,0,1,51,3915,3915,0,139,35,711,36338,36031,109,2,82,98,0,0,0,0,0,1,0,0,0,0,3964,0,0,0,0,0,0,0,0,0,2,0,0,0
1877.11,0,0,0,0,0,0,1.57192,0.00696043,1.57591,42,0,28,29,28,0,-2,0,0,1,51,3915,3915,0,139,35,711,36338,36031,109,2,82,98,0,0,0,0,0,1,0,0,0,0,3964,0,0,0,0,0,0,0,0,0,2,0,0,0
1877.12,0,0,0,0,0,0,1.57222,0.00698491,1.57616,42,0,28,29,28,0,-2,0,0,1,51,3915,3915,0,139,35,711,36338,36031,109,2,82,98,0,0,0,0,0,1,7,7,4,0,3966,0,0,0,0,0,0,0,0,0,-9,0,0,0
1877.13,0,0,0,0,0,0,1.57253,0.00700938,1.57641,42,0,28,29,28,0,-2,0,0,1,51,3915,3915,0,139,35,711,36338,36031,109,2,82,98,0,0,0,0,0,1,0,0,0,0,3971,0,0,0,0,0,0,0,0,0,-4,0,0,0
1877.14,0,0,0,0,0,0,1.57283,0.00703385,1.57666,42,0,28,29,28,0,-2,0,0,1,51,3915,3915,0,139,35,711,36338,36031,109,2,82,98,0,0,0,0,0,1,5,5,2,0,3966,0,0,0,0,0,0,0,0,0,-9,0,0,0
1877.15,0,0,0,0,0,0,1.57313,0.00705832,1.57692,42,0,28,29,28,0,-2,0,0,1,51,3915,3915,0,139,35,711,36338,36031,109,2,82,98,0,0,0,0,0,1,5,5,0,0,3969,0,0,0,0,0,0,0,0,0,6,0,0,0
1877.16,0,0,0,0,0,0,1.57344,0.00708279,1.57717,42,0,28,29,28,0,-2,0,0,1,51,3915,3915,0,139,35,711,36338,36031,109,2,82,98,0,0,0,0,0,1,0,0,0,0,3975,0,0,0,0,0,0,0,0,0,5,0,0,0
1877.17,0,0,0,0,0,0,1.57374,0.00710726,1.57742,42,0,28,29,28,0,-2,0,0,1,51,3915,3915,0,139,35,711,36338,36031,109,2,82,98,0,0,0,0,0,1,0,0,0,0,3975,0,0,0,0,0,0,0,0,0,5,0,0,0
1877.18,0,0,0,0,0,0,1.57404,0.00713174,1.57767,42,0,28,29,28,0,-2,0,0,1,51,3915,3915,0,139,35,711,36338,36031,109,2,82,98,0,0,0,0,0,1,3,1,2,0,3973,0,0,0,0,0,0,0,0,0,-4,0,0,0
1877.19,0,0,0,0,0,0,1.57435,0.00715621,1.57792,42,0,28,29,28,0,-2,0,0,1,51,3915,3915,0,139,35,711,36338,36031,109,2,82,98,0,0,0,0,0,1,5,5,0,0,3964,0,0,0,0,0,0,0,0,0,6,0,0,0
1877.2,0,0,0,0,0,0,1.57465,0.00718068,1.57818,42,0,28,29,27,0,-2,0,0,1,51,3915,3915,0,139,35,711,36338,36031,109,2,82,98,0,0,0,0,0,1,1,1,0,0,3964,0,0,0,0,0,0,0,0,0,6,0,0,0
1877.21,0,0,0,0,0,0,1.57454,0.00716736,1.57813,42,0,28,29,27,0,-2,0,0,1,51,3915,3915,0,139,35,711,36338,36031,109,2,82,98,0,0,0,0,0,1,0,0,0,0,3973,0,0,0,0,0,0,0,0,0,4,0,0,0
1877.22,0,0,0,0,0,0,1.57443,0.00715405,1.57808,42,0,28,29,27,0,-2,0,0,1,51,3915,3915,0,139,35,711,36338,36031,109,2,82,98,0,0,0,0,0,1,1,0,0,0,3971,0,0,0,0,0,0,0,0,0,1,0,0,0
1877.23,0,0,0,0,0,0,1.57432,0.00714074,1.57804,42,0,28,29,27,0,-2,0,0,1,51,3915,3915,0,139,35,711,36338,36031,109,2,82,98,0,0,0,0,0,1,1,0,0,0,3971,0,0,0,0,0,0,0,0,0,1,0,0,0
1877.24,0,0,0,0,0,0,1.57421,0.00712742,1.57799,42,0,28,29,27,0,-2,0,0,1,51,3915,3915,0,139,35,711,36338,36031,109,2,82,98,0,0,0,0,0,1,22,19,16,0,3973,0,0,0,0,0,0,0,0,0,5,0,0,0
1877.25,0,0,0,0,0,0,1.5741,0.00711411,1.57795,42,0,28,29,27,0,-2,0,0,1,51,3915,3915,0,139,35,711,36338,36031,109,2,82,98,0,0,0,0,0,1,0,0,0,0,3971,0,0,0,0,0,0,0,0,0,-13,0,0,0
1877.26,0,0,0,0,0,0,1.57399,0.00710079,1.5779,42,0,28,29,27,0,-2,0,0,1,51,3915,3915,0,139,35,711,36338,36031,109,2,82,98,0,0,0,0,0,1,3,3,0,0,3962,0,0,0,0,0,0,0,0,0,11,0,0,0
1877.27,0,0,0,0,0,0,1.57388,0.00708748,1.57785,42,0,28,29,27,0,-2,0,0,1,51,3915,3915,0,139,35,711,36338,36031,109,2,82,98,0,0,0,0,0,1,0,0,0,0,3969,0,0,0,0,0,0,0,0,0,-2,0,0,0
1877.28,0,0,0,0,0,0,1.57377,0.00707416,1.57781,42,0,28,29,27,0,-2,0,0,1,51,3915,3915,0,139,35,711,36338,36031,109,2,82,98,0,0,0,0,0,1,1,5,0,0,3975,0,0,0,0,0,0,0,0,0,-6,0,0,0
1877.29,0,0,0,0,0,0,1.57367,0.00706085,1.57776,42,0,28,29,27,0,-2,0,0,1,51,3915,3915,0,139,35,711,36338,36031,109,2,82,98,0,0,0,0,0,1,1,5,0,0,3975,0,0,0,0,0,0,0,0,0,-6,0,0,0
1877.3,0,0,0,0,0,0,1.57356,0.00704753,1.57771,42,0,28,29,28,0,-2,0,0,1,50,3915,3915,0,139,35,711,36336,36033,109,2,82,98,0,0,0,0,0,1,7,3,0,0,3975,0,0,0,0,0,0,0,0,0,19,0,0,0
1877.31,0,0,0,0,0,0,1.57372,0.00705323,1.57746,42,0,28,29,28,0,-2,0,0,1,50,3915,3915,0,139,35,711,36336,36033,109,2,82,98,0,0,0,0,0,1,0,0,0,0,3971,0,0,0,0,0,0,0,0,0,-7,0,0,0
1877.32,0,0,0,0,0,0,1.57389,0.00705893,1.5772,42,0,28,29,28,0,-2,0,0,1,50,3915,3915,0,139,35,711,36336,36033,109,2,82,98,0,0,0,0,0,1,0,0,0,0,3971,0,0,0,0,0,0,0,0,0,7,0,0,0
1877.33,0,0,0,0,0,0,1.57405,0.00706463,1.57695,42,0,28,29,28,0,-2,0,0,1,50,3915,3915,0,139,35,711,36336,36033,109,2,82,98,0,0,0,0,0,1,1,0,0,0,3964,0,0,0,0,0,0,0,0,0,7,0,0,0
1877.34,0,0,0,0,0,0,1.57422,0.00707033,1.57669,42,0,28,29,28,0,-2,0,0,1,50,3915,3915,0,139,35,711,36336,36033,109,2,82,98,0,0,0,0,0,1,0,3,0,0,3962,0,0,0,0,0,0,0,0,0,0,0,0,0
1877.35,0,0,0,0,0,0,1.57439,0.00707603,1.57644,42,0,28,29,28,0,-2,0,0,1,50,3915,3915,0,139,35,711,36336,36033,109,2,82,98,0,0,0,0,0,1,0,3,0,0,3962,0,0,0,0,0,0,0,0,0,0,0,0,0
1877.36,0,0,0,0,0,0,1.57455,0.00708173,1.57618,42,0,28,29,28,0,-2,0,0,1,50,3915,3915,0,139,35,711,36336,36033,109,2,82,98,0,0,0,0,0,1,0,0,0,0,3969,0,0,0,0,0,0,0,0,0,5,0,0,0
1877.37,0,0,0,0,0,0,1.57472,0.00708743,1.57593,42,0,28,29,28,0,-2,0,0,1,50,3915,3915,0,139,35,711,36336,36033,109,2,82,98,0,0,0,0,0,1,1,0,0,0,3969,0,0,0,0,0,0,0,0,0,1,0,0,0
1877.38,0,0,0,0,0,0,1.57489,0.00709313,1.57567,42,0,28,29,28,0,-2,0,0,1,50,3915,3915,0,139,35,711,36336,36033,109,2,82,98,0,0,0,0,0,1,9,7,2,0,3962,0,0,0,0,0,0,0,0,0,22,0,0,0
1877.39,0,0,0,0,0,0,1.57505,0.00709884,1.57542,42,0,28,29,28,0,-2,0,0,1,50,3915,3915,0,139,35,711,36336,36033,109,2,82,98,0,0,0,0,0,1,0,0,0,0,3966,0,0,0,0,0,0,0,0,0,5,0,0,0
1877.4,0,0,0,0,0,0,1.57522,0.00710454,1.57516,42,0,28,29,28,0,-2,0,0,1,50,3915,3915,0,139,35,711,36338,36031,110,2,82,98,0,0,0,0,0,1,3,3,0,0,3969,0,0,0,0,0,0,0,0,0,9,0,0,0
1877.41,0,0,0,0,0,0,1.57534,0.00708748,1.57532,42,0,28,29,28,0,-2,0,0,1,50,3915,3915,0,139,35,711,36338,36031,110,2,82,98,0,0,0,0,0,1,3,3,0,0,3969,0,0,0,0,0,0,0,0,0,9,0,0,0
1877.42,0,0,0,0,0,0,1.57546,0.00707042,1.57547,42,0,28,29,28,0,-2,0,0,1,50,3915,3915,0,139,35,711,36338,36031,110,2,82,98,0,0,0,0,0,1,0,0,0,0,3973,0,0,0,0,0,0,0,0,0,0,0,0,0
1877.43,0,0,0,0,0,0,1.57558,0.00705336,1.57563,42,0,28,29,28,0,-2,0,0,1,50,3915,3915,0,139,35,711,36338,36031,110,2,82,98,0,0,0,0,0,1,7,11,8,0,3971,0,0,0,0,0,0,0,0,0,-1,0,0,0
1877.44,0,0,0,0,0,0,1.5757,0.00703631,1.57578,42,0,28,29,28,0,-2,0,0,1,50,3915,3915,0,139,35,711,36338,36031,110,2,82,98,0,0,0,0,0,1,0,0,0,0,3966,0,0,0,0,0,0,0,0,0,-4,0,0,0
1877.45,0,0,0,0,0,0,1.57582,0.00701925,1.57594,42,0,28,29,28,0,-2,0,0,1,50,3915,3915,0,139,35,711,36338,36031,110,2,82,98,0,0,0,0,0,1,1,5,5,0,3964,0,0,0,0,0,0,0,0,0,-9,0,0,0
1877.46,0,0,0,0,0,0,1.57594,0.00700219,1.57609,42,0,28,29,28,0,-2,0,0,1,50,3915,3915,0,139,35,711,36338,36031,110,2,82,98,0,0,0,0,0,1,0,0,0,0,3971,0,0,0,0,0,0,0,0,0,7,0,0,0
1877.47,0,0,0,0,0,0,1.57606,0.00698513,1.57625,42,0,28,29,28,0,-2,0,0,1,50,3915,3915,0,139,35,711,36338,36031,110,2,82,98,0,0,0,0,0,1,0,0,0,0,3971,0,0,0,0,0,0,0,0,0,7,0,0,0
1877.48,0,0,0,0,0,0,1.57618,0.00696808,1.5764,42,0,28,29,28,0,-2,0,0,1,50,3915,3915,0,139,35,711,36338,36031,110,2,82,98,0,0,0,0,0,1,1,0,0,0,3962,0,0,0,0,0,0,0,0,0,0,0,0,0
1877.49,0,0,0,0,0,0,1.5763,0.00695102,1.57656,42,0,28,29,28,0,-2,0,0,1,50,3915,3915,0,139,35,711,36338,36031,110,2,82,98,0,0,0,0,0,1,0,0,0,0,3969,0,0,0,0,0,0,0,0,0,2,0,0,0
1877.5,0,0,0,0,0,0,1.57642,0.00693396,1.57671,42,0,28,29,28,0,-2,0,0,1,50,3915,3915,0,139,35,711,36337,36031,109,2,82,98,0,0,0,0,0,1,1,0,0,0,3962,0,0,0,0,0,0,0,0,0,0,0,0,0
1877.51,0,0,0,0,0,0,1.57611,0.00695788,1.57676,42,0,28,29,28,0,-2,0,0,1,50,3915,3915,0,139,35,711,36337,36031,109,2,82,98,0,0,0,0,0,1,0,0,0,0,3973,0,0,0,0,0,0,0,0,0,4,0,0,0
1877.52,0,0,0,0,0,0,1.57581,0.00698179,1.57681,42,0,28,29,28,0,-2,0,0,1,50,3915,3915,0,139,35,711,36337,36031,109,2,82,98,0,0,0,0,0,1,0,0,0,0,3975,0,0,0,0,0,0,0,0,0,1,0,0,0
1877.53,0,0,0,0,0,0,1.57551,0.0070057,1.57685,42,0,28,29,28,0,-2,0,0,1,50,3915,3915,0,139,35,711,36337,36031,109,2,82,98,0,0,0,0,0,1,0,0,0,0,3975,0,0,0,0,0,0,0,0,0,1,0,0,0
1877.54,0,0,0,0,0,0,1.5752,0.00702962,1.5769,42,0,28,29,28,0,-2,0,0,1,50,3915,3915,0,139,35,711,36337,36031,109,2,82,98,0,0,0,0,0,1,5,11,5,0,3969,0,0,0,0,0,0,0,0,0,-10,0,0,0
1877.55,0,0,0,0,0,0,1.5749,0.00705353,1.57695,42,0,28,29,28,0,-2,0,0,1,50,3915,3915,0,139,35,711,36337,36031,109,2,82,98,0,0,0,0,0,1,0,0,0,0,3969,0,0,0,0,0,0,0,0,0,4,0,0,0
1877.56,0,0,0,0,0,0,1.57459,0.00707745,1.57699,42,0,28,29,28,0,-2,0,0,1,50,3915,3915,0,139,35,711,36337,36031,109,2,82,98,0,0,0,0,0,1,10,7,5,0,3960,0,0,0,0,0,0,0,0,0,9,0,0,0
1877.57,0,0,0,0,0,0,1.57429,0.00710136,1.57704,42,0,28,29,28,0,-2,0,0,1,50,3915,3915,0,139,35,711,36337,36031,109,2,82,98,0,0,0,0,0,1,1,3,0,0,3975,0,0,0,0,0,0,0,0,0,3,0,0,0
1877.58,0,0,0,0,0,0,1.57399,0.00712527,1.57709,42,0,28,29,28,0,-2,0,0,1,50,3915,3915,0,139,35,711,36337,36031,109,2,82,98,0,0,0,0,0,1,13,13,0,0,3969,0,0,0,0,0,0,0,0,0,6,0,0,0
1877.59,0,0,0,0,0,0,1.57368,0.00714919,1.57714,42,0,28,29,28,0,-2,0,0,1,50,3915,3915,0,139,35,711,36337,36031,109,2,82,98,0,0,0,0,0,1,13,13,0,0,3969,0,0,0,0,0,0,0,0,0,6,0,0,0
1877.6,0,0,0,0,0,0,1.57338,0.0071731,1.57718,42,0,28,29,28,0,-2,0,0,1,50,3915,3915,0,139,35,711,36337,36032,109,2,82,98,0,0,0,0,0,1,0,0,0,0,3966,0,0,0,0,0,0,0,0,0,-9,0,0,0
1877.61,0,0,0,0,0,0,1.57368,0.00715802,1.57732,42,0,28,29,28,0,-2,0,0,1,50,3915,3915,0,139,35,711,36337,36032,109,2,82,98,0,0,0,0,0,1,0,0,0,0,3971,0,0,0,0,0,0,0,0,0,-3,0,0,0
1877.62,0,0,0,0,0,0,1.57397,0.00714293,1.57746,42,0,28,29,28,0,-2,0,0,1,50,3915,3915,0,139,35,711,36337,36032,109,2,82,98,0,0,0,0,0,1,0,0,0,0,3966,0,0,0,0,0,0,0,0,0,5,0,0,0
1877.63,0,0,0,0,0,0,1.57427,0.00712785,1.57759,42,0,28,29,28,0,-2,0,0,1,50,3915,3915,0,139,35,711,36337,36032,109,2,82,98,0,0,0,0,0,1,0,3,0,0,3973,0,0,0,0,0,0,0,0,0,-3,0,0,0
1877.64,0,0,0,0,0,0,1.57457,0.00711276,1.57773,42,0,28,29,28,0,-2,0,0,1,50,3915,3915,0,139,35,711,36337,36032,109,2,82,98,0,0,0,0,0,1,0,1,0,0,3966,0,0,0,0,0,0,0,0,0,4,0,0,0
1877.65,0,0,0,0,0,0,1.57487,0.00709768,1.57787,42,0,28,29,28,0,-2,0,0,1,50,3915,3915,0,139,35,711,36337,36032,109,2,82,98,0,0,0,0,0,1,0,1,0,0,3966,0,0,0,0,0,0,0,0,0,4,0,0,0
1877.66,0,0,0,0,0,0,1.57516,0.00708259,1.578,42,0,28,29,28,0,-2,0,0,1,50,3915,3915,0,139,35,711,36337,36032,109,2,82,98,0,0,0,0,0,1,0,1,0,0,3969,0,0,0,0,0,0,0,0,0,-5,0,0,0
1877.67,0,0,0,0,0,0,1.57546,0.00706751,1.57814,42,0,28,29,28,0,-2,0,0,1,50,3915,3915,0,139,35,711,36337,36032,109,2,82,98,0,0,0,0,0,1,0,0,0,0,3971,0,0,0,0,0,0,0,0,0,-4,0,0,0
1877.68,0,0,0,0,0,0,1.57576,0.00705242,1.57828,42,0,28,29,28,0,-2,0,0,1,50,3915,3915,0,139,35,711,36337,36032,109,2,82,98,0,0,0,0,0,1,1,3,4,0,3969,0,0,0,0,0,0,0,0,0,3,0,0,0
1877.69,0,0,0,0,0,0,1.57606,0.00703734,1.57841,42,0,28,29,28,0,-2,0,0,1,50,3915,3915,0,139,35,711,36337,36032,109,2,82,98,0,0,0,0,0,1,0,0,0,0,3966,0,0,0,0,0,0,0,0,0,-17,0,0,0
1877.7,0,0,0,0,0,0,1.57635,0.00702225,1.57855,42,0,28,29,28,0,-2,0,0,1,50,3915,3915,0,139,35,711,36338,36031,109,2,82,98,0,0,0,0,0,1,1,1,0,0,3966,0,0,0,0,0,0,0,0,0,-6,0,0,0
1877.71,0,0,0,0,0,0,1.57638,0.00699229,1.57834,42,0,28,29,28,0,-2,0,0,1,50,3915,3915,0,139,35,711,36338,36031,109,2,82,98,0,0,0,0,0,1,1,1,0,0,3966,0,0,0,0,0,0,0,0,0,-6,0,0,0
1877.72,0,0,0,0,0,0,1.5764,0.00696234,1.57812,42,0,28,29,28,0,-2,0,0,1,50,3915,3915,0,139,35,711,36338,36031,109,2,82,98,0,0,0,0,0,1,9,11,5,0,3969,0,0,0,0,0,0,0,0,0,4,0,0,0
1877.73,0,0,0,0,0,0,1.57642,0.00693238,1.57791,42,0,28,29,28,0,-2,0,0,1,50,3915,3915,0,139,35,711,36338,36031,109,2,82,98,0,0,0,0,0,1,1,0,0,0,3973,0,0,0,0,0,0,0,0,0,13,0,0,0
1877.74,0,0,0,0,0,0,1.57644,0.00690242,1.5777,42,0,28,29,28,0,-2,0,0,1,50,3915,3915,0,139,35,711,36338,36031,109,2,82,98,0,0,0,0,0,1,0,7,0,0,3966,0,0,0,0,0,0,0,0,0,4,0,0,0
1877.75,0,0,0,0,0,0,1.57647,0.00687247,1.57748,42,0,28,29,28,0,-2,0,0,1,50,3915,3915,0,139,35,711,36338,36031,109,2,82,98,0,0,0,0,0,1,0,0,0,0,3964,0,0,0,0,0,0,0,0,0,-13,0,0,0
1877.76,0,0,0,0,0,0,1.57649,0.00684251,1.57727,42,0,28,29,28,0,-2,0,0,1,50,3915,3915,0,139,35,711,36338,36031,109,2,82,98,0,0,0,0,0,1,1,1,0,0,3964,0,0,0,0,0,0,0,0,0,-7,0,0,0
1877.77,0,0,0,0,0,0,1.57651,0.00681255,1.57706,42,0,28,29,28,0,-2,0,0,1,50,3915,3915,0,139,35,711,36338,36031,109,2,82,98,0,0,0,0,0,1,1,1,0,0,3964,0,0,0,0,0,0,0,0,0,-7,0,0,0
1877.78,0,0,0,0,0,0,1.57653,0.00678259,1.57684,42,0,28,29,28,0,-2,0,0,1,50,3915,3915,0,139,35,711,36338,36031,109,2,82,98,0,0,0,0,0,1,3,5,11,0,3975,0,0,0,0,0,0,0,0,0,12,0,0,0
1877.79,0,0,0,0,0,0,1.57656,0.00675264,1.57663,42,0,28,29,28,0,-2,0,0,1,50,3915,3915,0,139,35,711,36338,36031,109,2,82,98,0,0,0,0,0,1,3,5,0,0,3979,0,0,0,0,0,0,0,0,0,9,0,0,0
1877.8,0,0,0,0,0,0,1.57658,0.00672268,1.57642,42,0,28,29,28,0,-2,0,0,1,50,3915,3915,0,139,35,711,36336,36031,110,2,82,98,0,0,0,0,0,1,0,1,0,0,3973,0,0,0,0,0,0,0,0,0,7,0,0,0
1877.81,0,0,0,0,0,0,1.57632,0.00673845,1.57646,42,0,28,29,28,0,-2,0,0,1,50,3915,3915,0,139,35,711,36336,36031,110,2,82,98,0,0,0,0,0,1,0,0,0,0,3962,0,0,0,0,0,0,0,0,0,-3,0,0,0
1877.82,0,0,0,0,0,0,1.57606,0.00675422,1.5765,42,0,28,29,28,0,-2,0,0,1,50,3915,3915,0,139,35,711,36336,36031,110,2,82,98,0,0,0,0,0,1,3,5,2,0,3958,0,0,0,0,0,0,0,0,0,-2,0,0,0
1877.83,0,0,0,0,0,0,1.5758,0.00676999,1.57653,42,0,28,29,28,0,-2,0,0,1,50,3915,3915,0,139,35,711,36336,36031,110,2,82,98,0,0,0,0,0,1,3,5,2,0,3958,0,0,0,0,0,0,0,0,0,-2,0,0,0
1877.84,0,0,0,0,0,0,1.57554,0.00678577,1.57657,42,0,28,29,28,0,-2,0,0,1,50,3915,3915,0,139,35,711,36336,36031,110,2,82,98,0,0,0,0,0,1,0,0,0,0,3971,0,0,0,0,0,0,0,0,0,2,0,0,0
1877.85,0,0,0,0,0,0,1.57528,0.00680154,1.57661,42,0,28,29,28,0,-2,0,0,1,50,3915,3915,0,139,35,711,36336,36031,110,2,82,98,0,0,0,0,0,1,0,0,0,0,3969,0,0,0,0,0,0,0,0,0,17,0,0,0
1877.86,0,0,0,0,0,0,1.57502,0.00681731,1.57665,42,0,28,29,28,0,-2,0,0,1,50,3915,3915,0,139,35,711,36336,36031,110,2,82,98,0,0,0,0,0,1,5,1,2,0,3966,0,0,0,0,0,0,0,0,0,17,0,0,0
1877.87,0,0,0,0,0,0,1.57476,0.00683308,1.57669,42,0,28,29,28,0,-2,0,0,1,50,3915,3915,0,139,35,711,36336,36031,110,2,82,98,0,0,0,0,0,1,0,0,0,0,3973,0,0,0,0,0,0,0,0,0,10,0,0,0
1877.88,0,0,0,0,0,0,1.5745,0.00684885,1.57673,42,0,28,29,28,0,-2,0,0,1,50,3915,3915,0,139,35,711,36336,36031,110,2,82,98,0,0,0,0,0,1,5,1,0,0,3964,0,0,0,0,0,0,0,0,0,-5,0,0,0
1877.89,0,0,0,0,0,0,1.57424,0.00686462,1.57677,42,0,28,29,28,0,-2,0,0,1,50,3915,3915,0,139,35,711,36336,36031,110,2,82,98,0,0,0,0,0,1,5,1,0,0,3964,0,0,0,0,0,0,0,0,0,-5,0,0,0
1877.9,0,0,0,0,0,0,1.57398,0.0068804,1.57681,42,0,28,29,28,0,-2,0,0,1,50,3915,3915,0,139,35,711,36338,36031,110,2,82,98,0,0,0,0,0,1,0,0,0,0,3969,0,0,0,0,0,0,0,0,0,-4,0,0,0
1877.91,0,0,0,0,0,0,1.57403,0.00690955,1.57686,42,0,28,29,28,0,-2,0,0,1,50,3915,3915,0,139,35,711,36338,36031,110,2,82,98,0,0,0,0,0,1,1,0,0,0,3966,0,0,0,0,0,0,0,0,0,-6,0,0,0
1877.92,0,0,0,0,0,0,1.57409,0.0069387,1.5769,42,0,28,29,28,0,-2,0,0,1,50,3915,3915,0,139,35,711,36338,36031,110,2,82,98,0,0,0,0,0,1,1,0,0,0,3964,0,0,0,0,0,0,0,0,0,-11,0,0,0
1877.93,0,0,0,0,0,0,1.57414,0.00696785,1.57695,42,0,28,29,28,0,-2,0,0,1,50,3915,3915,0,139,35,711,36338,36031,110,2,82,98,0,0,0,0,0,1,1,0,0,0,3969,0,0,0,0,0,0,0,0,0,0,0,0,0
1877.94,0,0,0,0,0,0,1.57419,0.006997,1.577,42,0,28,29,28,0,-2,0,0,1,50,3915,3915,0,139,35,711,36338,36031,110,2,82,98,0,0,0,0,0,1,0,0,0,0,3973,0,0,0,0,0,0,0,0,0,-10,0,0,0
1877.95,0,0,0,0,0,0,1.57424,0.00702614,1.57705,42,0,28,29,28,0,-2,0,0,1,50,3915,3915,0,139,35,711,36338,36031,110,2,82,98,0,0,0,0,0,1,0,0,0,0,3973,0,0,0,0,0,0,0,0,0,-10,0,0,0
1877.96,0,0,0,0,0,0,1.57429,0.00705529,1.57709,42,0,28,29,28,0,-2,0,0,1,50,3915,3915,0,139,35,711,36338,36031,110,2,82,98,0,0,0,0,0,1,0,0,0,0,3973,0,0,0,0,0,0,0,0,0,-4,0,0,0
1877.97,0,0,0,0,0,0,1.57435,0.00708444,1.57714,42,0,28,29,28,0,-2,0,0,1,50,3915,3915,0,139,35,711,36338,36031,110,2,82,98,0,0,0,0,0,1,0,0,0,0,3966,0,0,0,0,0,0,0,0,0,1,0,0,0
1877.98,0,0,0,0,0,0,1.5744,0.00711359,1.57719,42,0,28,29,28,0,-2,0,0,1,50,3915,3915,0,139,35,711,36338,36031,110,2,82,98,0,0,0,0,0,1,0,0,0,0,3969,0,0,0,0,0,0,0,0,0,-17,0,0,0
1877.99,0,0,0,0,0,0,1.57445,0.00714274,1.57724,42,0,28,29,28,0,-2,0,0,1,50,3915,3915,0,139,35,711,36338,36031,110,2,82,98,0,0,0,0,0,1,5,9,4,0,3969,0,0,0,0,0,0,0,0,0,-9,0,0,0
1878,0,0,0,0,0,0,1.5745,0.00717189,1.57728,42,0,28,29,28,0,-2,0,0,1,50,3915,3915,0,139,35,711,36337,36031,110,2,82,98,0,0,0,0,0,1,3,1,0,0,3973,0,0,0,0,0,0,0,0,0,-3,0,0,0
1878.01,0,0,0,0,0,0,1.57441,0.00717108,1.57737,42,0,28,29,28,0,-2,0,0,1,50,3915,3915,0,139,35,711,36337,36031,110,2,82,98,0,0,0,0,0,1,3,1,0,0,3973,0,0,0,0,0,0,0,0,0,-3,0,0,0
1878.02,0,0,0,0,0,0,1.57431,0.00717026,1.57746,42,0,28,29,28,0,-2,0,0,1,50,3915,3915,0,139,35,711,36337,36031,110,2,82,98,0,0,0,0,0,1,10,9,2,0,3962,0,0,0,0,0,0,0,0,0,-12,0,0,0
1878.03,0,0,0,0,0,0,1.57422,0.00716944,1.57755,42,0,28,29,28,0,-2,0,0,1,50,3915,3915,0,139,35,711,36337,36031,110,2,82,98,0,0,0,0,0,1,9,11,8,0,3966,0,0,0,0,0,0,0,0,0,-12,0,0,0
1878.04,0,0,0,0,0,0,1.57413,0.00716862,1.57764,42,0,28,29,28,0,-2,0,0,1,50,3915,3915,0,139,35,711,36337,36031,110,2,82,98,0,0,0,0,0,1,7,7,2,0,3969,0,0,0,0,0,0,0,0,0,-9,0,0,0
1878.05,0,0,0,0,0,0,1.57403,0.00716781,1.57773,42,0,28,29,28,0,-2,0,0,1,50,3915,3915,0,139,35,711,36337,36031,110,2,82,98,0,0,0,0,0,1,0,0,0,0,3964,0,0,0,0,0,0,0,0,0,0,0,0,0
1878.06,0,0,0,0,0,0,1.57394,0.00716699,1.57782,42,0,28,29,28,0,-2,0,0,1,50,3915,3915,0,139,35,711,36337,36031,110,2,82,98,0,0,0,0,0,1,0,0,0,0,3966,0,0,0,0,0,0,0,0,0,-10,0,0,0
1878.07,0,0,0,0,0,0,1.57384,0.00716617,1.57791,42,0,28,29,28,0,-2,0,0,1,50,3915,3915,0,139,35,711,36337,36031,110,2,82,98,0,0,0,0,0,1,0,0,0,0,3966,0,0,0,0,0,0,0,0,0,-10,0,0,0
1878.08,0,0,0,0,0,0,1.57375,0.00716535,1.578,42,0,28,29,28,0,-2,0,0,1,50,3915,3915,0,139,35,711,36337,36031,110,2,82,98,0,0,0,0,0,1,1,3,4,0,3964,0,0,0,0,0,0,0,0,0,-4,0,0,0
1878.09,0,0,0,0,0,0,1.57366,0.00716453,1.57809,42,0,28,29,28,0,-2,0,0,1,50,3915,3915,0,139,35,711,36337,36031,110,2,82,98,0,0,0,0,0,1,0,0,0,0,3962,0,0,0,0,0,0,0,0,0,3,0,0,0
1878.1,0,0,0,0,0,0,1.57356,0.00716372,1.57818,42,0,28,29,27,0,-2,0,0,1,50,3915,3915,0,139,35,711,36337,36031,109,2,82,98,0,0,0,0,0,1,9,9,5,0,3966,0,0,0,0,0,0,0,0,0,10,0,0,0
1878.11,0,0,0,0,0,0,1.57355,0.00716701,1.57813,42,0,28,29,27,0,-2,0,0,1,50,3915,3915,0,139,35,711,36337,36031,109,2,82,98,0,0,0,0,0,1,0,0,0,0,3971,0,0,0,0,0,0,0,0,0,1,0,0,0
1878.12,0,0,0,0,0,0,1.57354,0.00717029,1.57808,42,0,28,29,27,0,-2,0,0,1,50,3915,3915,0,139,35,711,36337,36031,109,2,82,98,0,0,0,0,0,1,0,0,2,0,3973,0,0,0,0,0,0,0,0,0,4,0,0,0
1878.13,0,0,0,0,0,0,1.57353,0.00717358,1.57804,42,0,28,29,27,0,-2,0,0,1,50,3915,3915,0,139,35,711,36337,36031,109,2,82,98,0,0,0,0,0,1,0,0,2,0,3973,0,0,0,0,0,0,0,0,0,4,0,0,0
1878.14,0,0,0,0,0,0,1.57351,0.00717687,1.57799,42,0,28,29,27,0,-2,0,0,1,50,3915,3915,0,139,35,711,36337,36031,109,2,82,98,0,0,0,0,0,1,7,3,0,0,3966,0,0,0,0,0,0,0,0,0,5,0,0,0
1878.15,0,0,0,0,0,0,1.5735,0.00718016,1.57794,42,0,28,29,27,0,-2,0,0,1,50,3915,3915,0,139,35,711,36337,36031,109,2,82,98,0,0,0,0,0,1,0,0,0,0,3966,0,0,0,0,0,0,0,0,0,-6,0,0,0
1878.16,0,0,0,0,0,0,1.57349,0.00718345,1.57789,42,0,28,29,27,0,-2,0,0,1,50,3915,3915,0,139,35,711,36337,36031,109,2,82,98,0,0,0,0,0,1,1,1,0,0,3964,0,0,0,0,0,0,0,0,0,2,0,0,0
1878.17,0,0,0,0,0,0,1.57348,0.00718673,1.57785,42,0,28,29,27,0,-2,0,0,1,50,3915,3915,0,139,35,711,36337,36031,109,2,82,98,0,0,0,0,0,1,5,1,4,0,3966,0,0,0,0,0,0,0,0,0,10,0,0,0
1878.18,0,0,0,0,0,0,1.57347,0.00719002,1.5778,42,0,28,29,27,0,-2,0,0,1,50,3915,3915,0,139,35,711,36337,36031,109,2,82,98,0,0,0,0,0,1,3,3,2,0,3969,0,0,0,0,0,0,0,0,0,1,0,0,0
1878.19,0,0,0,0,0,0,1.57345,0.00719331,1.57775,42,0,28,29,27,0,-2,0,0,1,50,3915,3915,0,139,35,711,36337,36031,109,2,82,98,0,0,0,0,0,1,3,3,2,0,3969,0,0,0,0,0,0,0,0,0,1,0,0,0
1878.2,0,0,0,0,0,0,1.57344,0.0071966,1.5777,42,0,28,29,28,0,-2,0,0,1,51,3915,3915,0,139,35,711,36338,36031,109,2,82,98,0,0,0,0,0,1,3,9,0,0,3969,0,0,0,0,0,0,0,0,0,3,0,0,0
1878.21,0,0,0,0,0,0,1.57361,0.00719538,1.57753,42,0,28,29,28,0,-2,0,0,1.1,51,3915,3915,0,139,35,711,36338,36031,109,2,82,98,0,0,0,0,0,1,3,0,0,0,3964,0,0,0,0,0,0,0,0,0,4,0,0,0
1878.22,0,0,0,0,0,0,1.57377,0.00719415,1.57735,42,0,28,29,28,0,-2,0,0,1.2,51,3915,3915,0,139,35,711,36338,36031,109,2,82,98,0,0,0,0,0,1,0,0,0,0,3969,0,0,0,0,0,0,0,0,0,4,0,0,0
1878.23,0,0,0,0,0,0,1.57394,0.00719293,1.57718,42,0,28,29,28,0,-2,0,0,1.3,51,3915,3915,0,139,35,711,36338,36031,109,2,82,98,0,0,0,0,0,1,0,0,0,0,3964,0,0,0,0,0,0,0,0,0,1,0,0,0
1878.24,0,0,0,0,0,0,1.57411,0.00719171,1.577,42,0,28,29,28,0,-2,0,0,1.4,51,3915,3915,0,139,35,711,36338,36031,109,2,82,98,0,0,0,0,0,1,0,0,0,0,3973,0,0,0,0,0,0,0,0,0,2,0,0,0
1878.25,0,0,0,0,0,0,1.57427,0.00719049,1.57683,42,0,28,29,28,0,-2,0,0,1.5,51,3915,3915,0,139,35,711,36338,36031,109,2,82,98,0,0,0,0,0,1,0,0,0,0,3973,0,0,0,0,0,0,0,0,0,2,0,0,0
1878.26,0,0,0,0,0,0,1.57444,0.00718926,1.57665,42,0,28,29,28,0,-2,0,0,1.6,51,3915,3915,0,139,35,711,36338,36031,109,2,82,98,0,0,0,0,0,1,0,0,0,0,3969,0,0,0,0,0,0,0,0,0,-6,0,0,0
1878.27,0,0,0,0,0,0,1.5746,0.00718804,1.57648,42,0,28,29,28,0,-2,0,0,1.7,51,3915,3915,0,139,35,711,36338,36031,109,2,82,98,0,0,0,0,0,1,3,1,0,0,3966,0,0,0,0,0,0,0,0,0,-2,0,0,0
1878.28,0,0,0,0,0,0,1.57477,0.00718682,1.57631,42,0,28,29,28,0,-2,0,0,1.8,51,3915,3915,0,139,35,711,36338,36031,109,2,82,98,0,0,0,0,0,1,13,11,13,0,3966,0,0,0,0,0,0,0,0,0,18,0,0,0
1878.29,0,0,0,0,0,0,1.57494,0.0071856,1.57613,42,0,28,29,28,0,-2,0,0,1.9,51,3915,3915,0,139,35,711,36338,36031,109,2,82,98,0,0,0,0,0,1,0,0,0,0,3971,0,0,0,0,0,0,0,0,0,-2,0,0,0
1878.3,0,0,0,0,0,0,1.5751,0.00718437,1.57596,42,0,28,29,28,0,-2,0,0,2,51,3915,3915,0,139,35,711,36337,36031,110,2,82,98,0,0,0,0,0,1,0,0,0,0,3964,0,0,0,0,0,0,0,0,0,-15,0,0,0
1878.31,0,0,0,0,0,0,1.57502,0.00716786,1.57593,42,0,28,29,28,0,-2,0,0,2,51,3915,3915,0,139,35,711,36337,36031,110,2,82,98,0,0,0,0,0,1,0,0,0,0,3964,0,0,0,0,0,0,0,0,0,-15,0,0,0
1878.32,0,0,0,0,0,0,1.57494,0.00715136,1.57591,42,0,28,29,28,0,-2,0,0,2,51,3915,3915,0,139,35,711,36337,36031,110,2,82,98,0,0,0,0,0,1,0,0,0,0,3962,0,0,0,0,0,0,0,0,0,11,0,0,0
1878.33,0,0,0,0,0,0,1.57485,0.00713485,1.57589,42,0,28,29,28,0,-2,0,0,2,51,3915,3915,0,139,35,711,36337,36031,110,2,82,98,0,0,0,0,0,1,5,3,0,0,3966,0,0,0,0,0,0,0,0,0,9,0,0,0
1878.34,0,0,0,0,0,0,1.57477,0.00711834,1.57587,42,0,28,29,28,0,-2,0,0,2,51,3915,3915,0,139,35,711,36337,36031,110,2,82,98,0,0,0,0,0,1,0,1,0,0,3975,0,0,0,0,0,0,0,0,0,2,0,0,0
1878.35,0,0,0,0,0,0,1.57469,0.00710183,1.57584,42,0,28,29,28,0,-2,0,0,2,51,3915,3915,0,139,35,711,36337,36031,110,2,82,98,0,0,0,0,0,1,13,13,8,0,3971,0,0,0,0,0,0,0,0,0,12,0,0,0
1878.36,0,0,0,0,0,0,1.5746,0.00708532,1.57582,42,0,28,29,28,0,-2,0,0,2,51,3915,3915,0,139,35,711,36337,36031,110,2,82,98,0,0,0,0,0,1,0,0,0,0,3969,0,0,0,0,0,0,0,0,0,-9,0,0,0
1878.37,0,0,0,0,0,0,1.57452,0.00706882,1.5758,42,0,28,29,28,0,-2,0,0,2,51,3915,3915,0,139,35,711,36337,36031,110,2,82,98,0,0,0,0,0,1,0,0,0,0,3969,0,0,0,0,0,0,0,0,0,-9,0,0,0
1878.38,0,0,0,0,0,0,1.57444,0.00705231,1.57577,42,0,28,29,28,0,-2,0,0,2,51,3915,3915,0,139,35,711,36337,36031,110,2,82,98,0,0,0,0,0,1,3,0,0,0,3973,0,0,0,0,0,0,0,0,0,-2,0,0,0
1878.39,0,0,0,0,0,0,1.57435,0.0070358,1.57575,42,0,28,29,28,0,-2,0,0,2,51,3915,3915,0,139,35,711,36337,36031,110,2,82,98,0,0,0,0,0,1,5,9,5,0,3971,0,0,0,0,0,0,0,0,0,-5,0,0,0
1878.4,0,0,0,0,0,0,1.57427,0.00701929,1.57573,42,0,28,29,28,0,-2,0,0,2,51,3915,3915,0,139,35,711,36337,36032,110,2,82,98,0,0,0,0,0,1,13,17,8,0,3971,0,0,0,0,0,0,0,0,0,2,0,0,0
1878.41,0,0,0,0,0,0,1.57422,0.00703663,1.57592,42,0,28,29,28,0,-2,0,0,2.1,51,3915,3915,0,139,35,711,36337,36032,110,2,82,98,0,0,0,0,0,1,7,5,2,0,3973,0,0,0,0,0,0,0,0,0,-1,0,0,0
1878.42,0,0,0,0,0,0,1.57416,0.00705396,1.57612,42,0,28,29,28,0,-2,0,0,2.2,51,3915,3915,0,139,35,711,36337,36032,110,2,82,98,0,0,0,0,0,1,13,11,10,0,3973,0,0,0,0,0,0,0,0,0,-1,0,0,0
1878.43,0,0,0,0,0,0,1.5741,0.00707129,1.57631,42,0,28,29,28,0,-2,0,0,2.3,51,3915,3915,0,139,35,711,36337,36032,110,2,82,98,0,0,0,0,0,1,13,11,10,0,3973,0,0,0,0,0,0,0,0,0,-1,0,0,0
1878.44,0,0,0,0,0,0,1.57405,0.00708863,1.57651,42,0,28,29,28,0,-2,0,0,2.4,51,3915,3915,0,139,35,711,36337,36032,110,2,82,98,0,0,0,0,0,1,0,1,0,0,3969,0,0,0,0,0,0,0,0,0,-7,0,0,0
1878.45,0,0,0,0,0,0,1.57399,0.00710596,1.57671,42,0,28,29,28,0,-2,0,0,2.5,51,3915,3915,0,139,35,711,36337,36032,110,2,82,98,0,0,0,0,0,1,19,15,13,0,3973,0,0,0,0,0,0,0,0,0,11,0,0,0
1878.46,0,0,0,0,0,0,1.57394,0.00712329,1.5769,42,0,28,29,28,0,-2,0,0,2.6,51,3915,3915,0,139,35,711,36337,36032,110,2,82,98,0,0,0,0,0,1,1,0,0,0,3971,0,0,0,0,0,0,0,0,0,-13,0,0,0
1878.47,0,0,0,0,0,0,1.57388,0.00714063,1.5771,42,0,28,29,28,0,-2,0,0,2.7,51,3915,3915,0,139,35,711,36337,36032,110,2,82,98,0,0,0,0,0,1,5,5,2,0,3969,0,0,0,0,0,0,0,0,0,17,0,0,0
1878.48,0,0,0,0,0,0,1.57382,0.00715796,1.57729,42,0,28,29,28,0,-2,0,0,2.8,51,3915,3915,0,139,35,711,36337,36032,110,2,82,98,0,0,0,0,0,1,3,5,4,0,3966,0,0,0,0,0,0,0,0,0,0,0,0,0
1878.49,0,0,0,0,0,0,1.57377,0.00717529,1.57749,42,0,28,29,28,0,-2,0,0,2.9,51,3915,3915,0,139,35,711,36337,36032,110,2,82,98,0,0,0,0,0,1,3,5,4,0,3966,0,0,0,0,0,0,0,0,0,0,0,0,0
1878.5,0,0,0,0,0,0,1.57371,0.00719263,1.57768,42,0,28,29,28,0,-2,0,0,3,50,3915,3915,0,139,35,711,36338,36032,109,2,82,98,0,0,0,0,0,1,5,3,2,0,3966,0,0,0,0,0,0,0,0,0,5,0,0,0
1878.51,0,0,0,0,0,0,1.57348,0.0071987,1.57771,42,0,28,29,28,0,-2,0,0,3,50,3915,3915,0,139,35,711,36338,36032,109,2,82,98,0,0,0,0,0,1,0,0,0,0,3966,0,0,0,0,0,0,0,0,0,6,0,0,0
1878.52,0,0,0,0,0,0,1.57324,0.00720477,1.57773,42,0,28,29,28,0,-2,0,0,3,50,3915,3915,0,139,35,711,36338,36032,109,2,82,98,0,0,0,0,0,1,0,0,0,0,3969,0,0,0,0,0,0,0,0,0,4,0,0,0
1878.53,0,0,0,0,0,0,1.57301,0.00721084,1.57776,42,0,28,29,28,0,-2,0,0,3,50,3915,3915,0,139,35,711,36338,36032,109,2,82,98,0,0,0,0,0,1,1,1,0,0,3964,0,0,0,0,0,0,0,0,0,-2,0,0,0
1878.54,0,0,0,0,0,0,1.57278,0.00721692,1.57779,42,0,28,29,28,0,-2,0,0,3,50,3915,3915,0,139,35,711,36338,36032,109,2,82,98,0,0,0,0,0,1,0,0,0,0,3975,0,0,0,0,0,0,0,0,0,5,0,0,0
1878.55,0,0,0,0,0,0,1.57254,0.00722299,1.57781,42,0,28,29,28,0,-2,0,0,3,50,3915,3915,0,139,35,711,36338,36032,109,2,82,98,0,0,0,0,0,1,0,0,0,0,3975,0,0,0,0,0,0,0,0,0,5,0,0,0
1878.56,0,0,0,0,0,0,1.57231,0.00722906,1.57784,42,0,28,29,28,0,-2,0,0,3,50,3915,3915,0,139,35,711,36338,36032,109,2,82,98,0,0,0,0,0,1,0,0,0,0,3971,0,0,0,0,0,0,0,0,0,4,0,0,0
1878.57,0,0,0,0,0,0,1.57208,0.00723513,1.57786,42,0,28,29,28,0,-2,0,0,3,50,3915,3915,0,139,35,711,36338,36032,109,2,82,98,0,0,0,0,0,1,1,0,0,0,3964,0,0,0,0,0,0,0,0,0,0,0,0,0
1878.58,0,0,0,0,1,0,1.57184,0.00724121,1.57789,42,0,28,29,28,0,-2,0,0,3,50,3915,3915,0,139,35,711,36338,36032,109,2,82,98,0,0,0,0,0,1,0,0,0,0,3971,0,0,0,0,0,0,0,0,0,5,0,0,0
1878.59,0,0,0,0,1,0,1.57161,0.00724728,1.57792,42,0,28,29,28,0,-2,0,0,3,50,3915,3915,0,139,35,711,36338,36032,109,2,82,98,0,0,0,0,0,1,0,0,0,0,3971,0,0,0,0,0,0,0,0,0,-13,0,0,0
1878.6,0,0,0,0,1,0,1.57137,0.00725335,1.57794,42,0,28,29,28,0,-2,0,0,3,51,3915,3915,0,139,35,711,36338,36031,109,2,82,98,0,0,0,0,0,1,1,1,0,0,3969,0,0,0,0,0,0,0,0,0,3,0,0,0
1878.61,0,0,0,0,1,0,1.57174,0.00723935,1.57793,42,0,28,29,28,0,-2,0,0,3,51,3915,3915,0,139,35,711,36338,36031,109,2,82,98,0,0,0,0,0,1,1,1,0,0,3969,0,0,0,0,0,0,0,0,0,3,0,0,0
1878.62,0,0,0,0,1,0,1.5721,0.00722535,1.57791,42,0,28,29,28,0,-2,0,0,3,51,3915,3915,0,139,35,711,36338,36031,109,2,82,98,0,0,0,0,0,1,1,3,0,0,3973,0,0,0,0,0,0,0,0,0,1,0,0,0
1878.63,0,0,0,0,2,0,1.57247,0.00721135,1.5779,42,0,28,29,28,0,-2,0,0,3,51,3915,3915,0,139,35,711,36338,36031,109,2,82,98,0,0,0,0,0,1,7,13,4,0,3973,0,0,0,0,0,0,0,0,0,-12,0,0,0
1878.64,0,0,0,0,2,0,1.57283,0.00719735,1.57788,42,0,28,29,28,0,-2,0,0,3,51,3915,3915,0,139,35,711,36338,36031,109,2,82,98,0,0,0,0,0,1,0,0,0,0,3969,0,0,0,0,0,0,0,0,0,5,0,0,0
1878.65,0,0,0,0,2,0,1.5732,0.00718335,1.57787,42,0,28,29,28,0,-2,0,0,3,51,3915,3915,0,139,35,711,36338,36031,109,2,82,98,0,0,0,0,0,1,5,5,0,0,3975,0,0,0,0,0,0,0,0,0,-5,0,0,0
1878.66,0,0,0,0,2,0,1.57356,0.00716935,1.57785,42,0,28,29,28,0,-2,0,0,3,51,3915,3915,0,139,35,711,36338,36031,109,2,82,98,0,0,0,0,0,1,0,0,0,0,3966,0,0,0,0,0,0,0,0,0,-1,0,0,0
1878.67,0,0,0,0,2,0,1.57392,0.00715535,1.57784,42,0,28,29,28,0,-2,0,0,3,51,3915,3915,0,139,35,711,36338,36031,109,2,82,98,0,0,0,0,0,1,0,0,0,0,3966,0,0,0,0,0,0,0,0,0,-1,0,0,0
1878.68,0,0,0,0,2,0,1.57429,0.00714135,1.57782,42,0,28,29,28,0,-2,0,0,3,51,3915,3915,0,139,35,711,36338,36031,109,2,82,98,0,0,0,0,0,1,1,3,0,0,3966,0,0,0,0,0,0,0,0,0,1,0,0,0
1878.69,0,0,0,0,2,0,1.57465,0.00712735,1.57781,42,0,28,29,28,0,-2,0,0,3,51,3915,3915,0,139,35,711,36338,36031,109,2,82,98,0,0,0,0,0,1,1,3,0,0,3975,0,0,0,0,0,0,0,0,0,2,0,0,0
1878.7,0,0,0,0,2,0,1.57502,0.00711335,1.57779,42,0,28,29,28,0,-2,0,0,3,50,3915,3915,0,139,35,711,36337,36031,109,2,82,98,0,0,0,0,0,1,0,0,0,0,3971,0,0,0,0,0,0,0,0,0,1,0,0,0
1878.71,0,0,0,0,2,0,1.57484,0.00712813,1.57763,42,0,28,29,28,0,-2,0,0,3,50,3915,3915,0,139,35,711,36337,36031,109,2,82,98,0,0,0,0,0,1,0,1,0,0,3969,0,0,0,0,0,0,0,0,0,-1,0,0,0
1878.72,0,0,0,0,2,0,1.57467,0.0071429,1.57747,42,0,28,29,28,0,-2,0,0,3,50,3915,3915,0,139,35,711,36337,36031,109,2,82,98,0,0,0,0,0,1,0,0,0,0,3964,0,0,0,0,0,0,0,0,0,4,0,0,0
1878.73,0,0,0,0,3,0,1.57449,0.00715767,1.57731,42,0,28,29,28,0,-2,0,0,3,50,3915,3915,0,139,35,711,36337,36031,109,2,82,98,0,0,0,0,0,1,0,0,0,0,3964,0,0,0,0,0,0,0,0,0,4,0,0,0
1878.74,0,0,0,0,3,0,1.57432,0.00717244,1.57715,42,0,28,29,28,0,-2,0,0,3,50,3915,3915,0,139,35,711,36337,36031,109,2,82,98,0,0,0,0,0,1,0,0,0,0,3971,0,0,0,0,0,0,0,0,0,-1,0,0,0
1878.75,0,0,0,0,3,0,1.57414,0.00718721,1.577,42,0,28,29,28,0,-2,0,0,3,50,3915,3915,0,139,35,711,36337,36031,109,2,82,98,0,0,0,0,0,1,0,0,0,0,3969,0,0,0,0,0,0,0,0,0,-15,0,0,0
1878.76,0,0,0,0,3,0,1.57397,0.00720199,1.57684,42,0,28,29,28,0,-2,0,0,3,50,3915,3915,0,139,35,711,36337,36031,109,2,82,98,0,0,0,0,0,1,0,0,0,0,3960,0,0,0,0,0,0,0,0,0,7,0,0,0
1878.77,0,0,0,0,4,0,1.57379,0.00721676,1.57668,42,0,28,29,28,0,-2,0,0,3,50,3915,3915,0,139,35,711,36337,36031,109,2,82,98,0,0,0,0,0,1,7,3,4,0,3969,0,0,0,0,0,0,0,0,0,5,0,0,0
1878.78,0,0,0,0,4,0,1.57362,0.00723153,1.57652,42,0,28,29,28,0,-2,0,0,3,50,3915,3915,0,139,35,711,36337,36031,109,2,82,98,0,0,0,0,0,1,0,0,0,0,3964,0,0,0,0,0,0,0,0,0,-19,0,0,0
1878.79,0,0,0,0,4,0,1.57344,0.0072463,1.57636,42,0,28,29,28,0,-2,0,0,3,50,3915,3915,0,139,35,711,36337,36031,109,2,82,98,0,0,0,0,0,1,0,0,0,0,3964,0,0,0,0,0,0,0,0,0,-19,0,0,0
1878.8,0,0,0,0,4,0,1.57327,0.00726107,1.5762,42,0,28,29,28,0,-2,0,0,3,51,3915,3915,0,139,35,711,36338,36031,110,2,82,98,0,0,0,0,0,1,0,0,0,0,3973,0,0,0,0,0,0,0,0,0,11,0,0,0
1878.81,0,0,0,0,4,0,1.57309,0.00723391,1.57617,42,0,28,29,28,0,-2,0,0,3,51,3915,3915,0,139,35,711,36338,36031,110,2,82,98,0,0,0,0,0,1,0,0,0,0,3975,0,0,0,0,0,0,0,0,0,-3,0,0,0
1878.82,0,0,0,0,5,0,1.57292,0.00720674,1.57613,42,0,28,29,28,0,-2,0,0,3,51,3915,3915,0,139,35,711,36338,36031,110,2,82,98,0,0,0,0,0,1,0,0,0,0,3966,0,0,0,0,0,0,0,0,0,0,0,0,0
1878.83,0,0,0,0,5,0,1.57275,0.00717957,1.5761,42,0,28,29,28,0,-2,0,0,3,51,3915,3915,0,139,35,711,36338,36031,110,2,82,98,0,0,0,0,0,1,3,5,4,0,3979,0,0,0,0,0,0,0,0,0,6,0,0,0
1878.84,0,0,0,0,5,0,1.57258,0.0071524,1.57607,42,0,28,29,28,0,-2,0,0,3,51,3915,3915,0,139,35,711,36338,36031,110,2,82,98,0,0,0,0,0,1,0,0,0,0,3971,0,0,0,0,0,0,0,0,0,-7,0,0,0
1878.85,0,0,0,0,5,0,1.57241,0.00712524,1.57604,42,0,28,29,28,0,-2,0,0,3,51,3915,3915,0,139,35,711,36338,36031,110,2,82,98,0,0,0,0,0,1,0,0,0,0,3971,0,0,0,0,0,0,0,0,0,-7,0,0,0
1878.86,0,0,0,0,5,0,1.57223,0.00709807,1.576,42,0,28,29,28,0,-2,0,0,3,51,3915,3915,0,139,35,711,36338,36031,110,2,82,98,0,0,0,0,0,1,0,0,2,0,3977,0,0,0,0,0,0,0,0,0,1,0,0,0
1878.87,0,0,0,0,5,0,1.57206,0.0070709,1.57597,42,0,28,29,28,0,-2,0,0,3,51,3915,3915,0,139,35,711,36338,36031,110,2,82,98,0,0,0,0,0,1,0,0,0,0,3977,0,0,0,0,0,0,0,0,0,0,0,0,0
1878.88,0,0,0,0,5,0,1.57189,0.00704373,1.57594,42,0,28,29,28,0,-2,0,0,3,51,3915,3915,0,139,35,711,36338,36031,110,2,82,98,0,0,0,0,0,1,0,0,0,0,3975,0,0,0,0,0,0,0,0,0,11,0,0,0
1878.89,0,0,0,0,5,0,1.57172,0.00701657,1.57591,42,0,28,29,28,0,-2,0,0,3,51,3915,3915,0,139,35,711,36338,36031,110,2,82,98,0,0,0,0,0,1,0,0,0,0,3971,0,0,0,0,0,0,0,0,0,0,0,0,0
1878.9,0,0,0,0,6,0,1.57155,0.0069894,1.57588,42,0,28,29,28,0,-2,0,0,3,50,3915,3915,0,139,35,711,36336,36031,109,2,82,98,0,0,0,0,0,1,0,0,0,0,3971,0,0,0,0,0,0,0,0,0,1,0,0,11
1878.91,0,0,0,0,6,0,1.57183,0.00675961,1.57666,42,0,28,29,28,0,-2,0,0,3,50,3915,3915,0,139,35,711,36336,36031,109,2,82,98,0,0,0,0,0,1,0,0,0,0,3971,0,0,0,0,0,0,0,0,0,1,0,0,11
1878.92,0,0,0,0,6,0,1.57212,0.00652982,1.57745,42,0,28,29,28,0,-2,0,0,3,50,3915,3915,0,139,35,711,36336,36031,109,2,82,98,0,0,0,0,0,1,0,0,0,0,3964,0,0,0,0,0,0,0,0,110,-22,0,0,11
1878.93,0,0,0,0,6,1,1.57241,0.00630003,1.57824,42,0,28,29,28,0,-2,0,0,3,50,3915,3915,0,139,35,711,36336,36031,109,2,82,98,0,0,0,0,0,1,7,7,0,0,3969,0,0,0,0,0,0,0,0,110,-17,0,0,11
1878.94,0,0,0,0,6,3,1.5727,0.00607024,1.57903,42,0,28,29,28,0,-2,0,0,3,50,3915,3915,0,139,35,711,36336,36031,109,2,82,98,0,0,0,0,0,1,5,1,0,0,3966,0,0,0,0,0,0,0,0,110,-19,0,0,11
1878.95,0,0,0,0,6,3,1.57298,0.00584045,1.57982,42,0,28,29,28,0,-2,0,0,3,50,3915,3915,0,139,35,711,36336,36031,109,2,82,98,0,0,0,0,0,1,7,1,0,0,3966,0,0,0,0,0,0,0,0,110,-9,0,0,11
1878.96,0,0,0,0,6,2,1.57327,0.00561067,1.58061,42,0,28,29,28,0,-2,0,0,3,50,3915,3915,0,139,35,711,36336,36031,109,2,82,98,0,0,0,0,0,1,9,0,0,0,3962,0,0,0,0,0,0,0,0,110,-32,0,0,11
1878.97,0,0,0,0,6,2,1.57356,0.00538088,1.58139,42,0,28,29,28,0,-2,0,0,3,50,3915,3915,0,139,35,711,36336,36031,109,2,82,98,0,0,0,0,0,1,9,0,0,0,3962,0,0,0,0,0,0,0,0,110,-32,0,0,11
1878.98,0,0,0,0,6,3,1.57385,0.00515109,1.58218,42,0,28,29,28,0,-2,0,0,3,50,3915,3915,0,139,35,711,36336,36031,109,2,82,98,0,0,0,0,0,1,27,13,0,1,3960,0,0,0,0,0,0,0,0,110,-33,0,0,11
1878.99,0,0,0,0,6,8,1.57413,0.0049213,1.58297,42,0,28,29,28,0,-2,0,0,3,50,3915,3915,0,139,35,711,36336,36031,109,2,82,98,0,0,0,0,0,1,48,1,0,2,3969,0,0,0,0,0,0,0,0,110,-46,0,0,11
1879,0,0,0,0,6,22,1.57442,0.00469151,1.58376,42,0,28,29,28,0,-2,0,0,3,50,3915,3915,0,139,35,711,36337,36031,109,2,82,98,0,0,0,0,0,1,89,1,0,4,3969,0,0,0,0,0,0,0,0,110,-67,0,0,11
1879.01,0,0,0,0,6,41,1.57438,0.00460532,1.58336,42,0,28,29,28,0,-2,0,0,3,50,3915,3915,0,139,35,711,36337,36031,109,2,82,98,0,0,0,0,0,1,69,0,0,2,3969,0,0,0,0,0,0,0,0,110,-32,0,0,11
1879.02,0,0,0,0,6,55,1.57434,0.00451913,1.58296,42,0,28,29,28,0,-2,0,0,3,50,3915,3915,0,139,35,711,36337,36031,109,2,82,98,0,0,0,0,0,1,91,0,0,6,3969,0,0,0,0,0,0,0,0,110,-75,0,0,11
1879.03,0,0,0,0,6,55,1.5743,0.00443294,1.58256,42,0,28,29,28,0,-2,0,0,3,50,3915,3915,0,139,35,711,36337,36031,109,2,82,98,0,0,0,0,0,1,91,0,0,6,3969,0,0,0,0,0,0,0,0,110,-75,0,0,11
1879.04,0,0,0,0,6,65,1.57427,0.00434675,1.58216,42,0,28,29,28,0,-2,0,0,3,50,3915,3915,0,139,35,711,36337,36031,109,2,82,98,0,0,0,0,0,1,0,0,119,6,3969,0,0,0,0,0,0,0,0,110,-92,0,0,11
1879.05,0,0,0,0,6,61,1.57423,0.00426056,1.58176,42,0,28,29,28,0,-2,0,0,3,50,3915,3915,0,139,35,711,36337,36031,109,2,82,98,0,0,0,0,0,1,0,0,104,6,3966,0,0,0,0,0,0,0,0,110,-116,0,0,11
1879.06,0,0,0,0,6,45,1.57419,0.00417436,1.58136,42,0,28,29,28,0,-2,0,0,3,50,3915,3915,0,139,35,711,36337,36031,109,2,82,98,0,0,0,0,0,1,0,0,166,11,3969,0,0,0,0,0,0,0,0,110,-151,0,0,11
1879.07,0,0,0,0,7,21,1.57415,0.00408817,1.58096,42,0,28,29,28,0,-2,0,0,3,50,3915,3915,0,139,35,711,36337,36031,109,2,82,98,0,0,0,0,0,1,0,146,33,8,3960,0,0,0,0,0,0,0,0,110,-131,0,0,13
1879.08,0,0,0,0,7,1,1.57411,0.00400198,1.58056,42,0,28,29,28,0,-2,0,0,3,50,3915,3915,0,139,35,711,36337,36031,109,2,82,98,0,0,0,0,0,1,0,95,17,7,3973,0,0,0,0,0,0,0,0,130,-101,0,0,13
1879.09,0,0,0,0,7,1,1.57407,0.00391579,1.58015,42,0,28,29,28,0,-2,0,0,3,50,3915,3915,0,139,35,711,36337,36031,109,2,82,98,0,0,0,0,0,1,0,95,17,7,3973,0,0,0,0,0,0,0,0,130,-101,0,0,13
1879.1,0,0,0,0,7,3,1.57403,0.0038296,1.57975,42,0,28,29,28,0,-2,0,0,3,50,3915,3915,0,139,35,711,36336,36030,110,2,82,98,0,0,0,0,0,1,0,93,33,5,3969,0,0,0,0,0,0,0,0,130,-98,0,0,13
1879.11,0,0,0,0,7,25,1.5744,0.00378138,1.57938,42,0,28,29,28,0,-2,0,0,3,50,3915,3915,0,139,35,711,36336,36030,110,2,82,98,0,0,0,0,0,1,0,158,2,8,3971,0,0,0,0,0,0,0,0,130,-118,0,0,13
1879.12,0,0,0,0,7,59,1.57477,0.00373316,1.579,42,0,28,29,28,0,-2,0,0,3,50,3915,3915,0,139,35,711,36336,36030,110,2,82,98,0,0,0,0,0,1,0,71,0,3,3977,0,0,0,0,0,0,0,0,130,-45,0,0,13
1879.13,0,0,0,0,7,76,1.57513,0.00368494,1.57862,42,0,28,29,28,0,-2,0,0,3,50,3915,3915,0,139,35,711,36336,36030,110,2,82,98,0,0,0,0,0,1,21,48,0,5,3969,0,0,0,0,0,0,0,0,130,-41,0,0,13
1879.14,0,0,0,0,8,76,1.5755,0.00363673,1.57824,42,0,28,29,28,0,-2,0,0,3,50,3915,3915,0,139,35,711,36336,36030,110,2,82,98,0,0,0,0,0,1,132,0,0,7,3956,0,0,0,0,0,0,0,0,130,-85,0,0,15
1879.15,0,0,0,0,8,76,1.57587,0.00358851,1.57786,42,0,28,29,28,0,-2,0,0,3,50,3915,3915,0,139,35,711,36336,36030,110,2,82,98,0,0,0,0,0,1,132,0,0,7,3956,0,0,0,0,0,0,0,0,130,-85,0,0,15
1879.16,0,0,0,0,8,69,1.57624,0.00354029,1.57748,42,0,28,29,28,0,-2,0,0,3,50,3915,3915,0,139,35,711,36336,36030,110,2,82,98,0,0,0,0,0,1,259,0,2,13,3966,0,0,0,0,0,0,0,0,150,-177,0,0,15
1879.17,0,0,0,0,8,70,1.57661,0.00349207,1.5771,42,0,28,29,28,0,-2,0,0,3,50,3915,3915,0,139,35,711,36336,36030,110,2,82,98,0,0,0,0,0,1,7,0,306,13,3971,0,0,0,0,0,0,0,0,150,-196,0,0,15
1879.18,0,0,0,0,8,72,1.57697,0.00344385,1.57673,42,0,28,29,28,0,-2,0,0,3,50,3915,3915,0,139,35,711,36336,36030,110,2,82,98,0,0,0,0,0,1,0,7,279,11,3966,0,0,0,0,0,0,0,0,150,-195,0,0,15
1879.19,0,0,0,0,8,76,1.57734,0.00339563,1.57635,42,0,28,29,28,0,-2,0,0,3,50,3915,3915,0,139,35,711,36336,36030,110,2,82,98,0,0,0,0,0,1,0,228,13,8,3964,0,0,0,0,0,0,0,0,150,-158,0,0,15
1879.2,0,0,0,0,8,82,1.57771,0.00334742,1.57597,42,0,28,29,28,0,-2,0,0,3,50,3915,3915,0,139,35,711,36337,36032,110,2,82,98,0,0,0,0,0,1,0,179,0,6,3971,0,0,0,0,0,0,0,0,150,-121,0,0,15
1879.21,0,0,0,0,8,82,1.57763,0.00331104,1.57594,42,0,28,29,28,0,-2,0,0,3,50,3915,3915,0,139,35,711,36337,36032,110,2,82,98,0,0,0,0,0,1,0,179,0,6,3971,0,0,0,0,0,0,0,0,150,-121,0,0,15
1879.22,0,0,0,0,8,87,1.57756,0.00327466,1.57592,42,0,28,29,28,0,-2,0,0,3,50,3915,3915,0,139,35,711,36337,36032,110,2,82,98,0,0,0,0,0,1,191,19,0,6,3971,0,0,0,0,0,0,0,0,150,-126,0,0,15
1879.23,0,0,0,0,8,90,1.57748,0.00323828,1.5759,42,0,28,29,28,0,-2,0,0,3,50,3915,3915,0,139,35,711,36337,36032,110,2,82,98,0,0,0,0,0,1,185,0,0,7,3966,0,0,0,0,0,0,0,0,150,-132,0,0,15
1879.24,0,0,0,0,8,99,1.5774,0.0032019,1.57587,42,0,28,29,28,0,-2,0,0,3,50,3915,3915,0,139,35,711,36337,36032,110,2,82,98,0,0,0,0,0,1,0,0,134,6,3966,0,0,0,0,0,0,0,0,150,-102,0,0,15
1879.25,0,0,0,0,8,106,1.57733,0.00316552,1.57585,42,0,28,29,28,0,-2,0,0,3,50,3915,3915,0,139,35,711,36337,36032,110,2,82,98,0,0,0,0,0,1,0,0,33,4,3966,0,0,0,0,0,0,0,0,150,-46,0,0,15
1879.26,0,0,0,0,8,109,1.57725,0.00312914,1.57583,42,0,28,29,28,0,-2,0,0,3,50,3915,3915,0,139,35,711,36337,36032,110,2,82,98,0,0,0,0,0,1,0,99,0,2,3964,0,0,0,0,0,0,0,0,150,-63,0,0,15
1879.27,0,0,0,0,8,109,1.57718,0.00309276,1.5758,42,0,28,29,28,0,-2,0,0,3,50,3915,3915,0,139,35,711,36337,36032,110,2,82,98,0,0,0,0,0,1,0,99,0,2,3964,0,0,0,0,0,0,0,0,150,-63,0,0,15
1879.28,0,0,0,0,8,116,1.5771,0.00305638,1.57578,42,0,28,29,28,0,-2,0,0,3,50,3915,3915,0,139,35,711,36337,36032,110,2,82,98,0,0,0,0,0,1,126,0,0,5,3971,0,0,0,0,0,0,0,0,150,-86,0,0,15
1879.29,0,0,0,0,8,122,1.57702,0.00302,1.57575,42,0,28,29,28,0,-2,0,0,3,50,3915,3915,1,139,35,711,36337,36032,110,2,82,98,3915,0,0,0,0,1,1,0,68,2,3966,0,0,0,0,0,0,0,0,150,-41,0,0,15
1879.3,0,0,0,0,8,123,1.57695,0.00298363,1.57573,42,0,28,29,28,0,-2,0,0,3,50,3915,3915,2,139,35,711,36337,36032,109,2,82,98,7830,0,0,0,0,1,0,0,164,7,3966,0,0,0,0,0,0,0,0,150,-107,0,0,15
1879.31,0,0,0,0,8,127,1.57673,0.00297995,1.57624,42,0,28,29,28,0,-2,0,0,3,50,3915,3915,2,139,35,711,36337,36032,109,2,82,98,7830,0,0,0,0,1,0,85,0,4,3966,0,0,0,0,0,0,0,0,150,-59,0,0,15
1879.32,0,0,0,0,8,126,1.57651,0.00297627,1.57674,42,0,28,29,28,0,-2,0,0,3,50,3915,3915,2,139,35,711,36337,36032,109,2,82,98,7830,0,0,0,0,1,216,0,0,10,3962,0,0,0,0,0,0,0,0,150,-141,0,0,15
1879.33,0,0,0,0,8,126,1.57629,0.00297259,1.57725,42,0,28,29,28,0,-2,0,0,3,50,3914,3915,3,139,35,711,36337,36032,109,2,82,98,11742,0,0,0,0,1,216,0,0,10,3962,0,0,0,0,0,0,0,0,150,-141,0,0,15
1879.34,0,0,0,0,8,134,1.57608,0.00296891,1.57776,42,0,28,29,28,0,-2,0,0,3,50,3914,3915,2,139,35,711,36337,36032,109,2,82,98,7828,0,0,0,0,1,1,0,117,5,3975,0,0,0,0,0,0,0,0,150,-87,0,0,15
1879.35,0,0,0,0,8,132,1.57586,0.00296523,1.57826,42,0,28,29,28,0,-2,0,0,3,50,3914,3915,3,139,35,711,36337,36032,109,2,82,98,11742,0,0,0,0,1,0,0,117,8,3977,0,0,0,0,0,0,0,0,150,-98,0,0,15
1879.36,0,0,0,0,8,134,1.57564,0.00296155,1.57877,42,0,28,29,28,0,-2,0,0,3,50,3914,3915,3,139,35,711,36337,36032,109,2,82,98,11742,0,0,0,0,1,0,205,0,8,3958,0,0,0,0,0,0,0,0,150,-142,0,0,15
1879.37,0,0,0,0,8,145,1.57542,0.00295787,1.57928,42,0,28,29,28,0,-2,0,0,3,50,3914,3915,5,139,35,711,36337,36032,109,2,82,98,19570,0,0,0,0,1,77,0,0,4,3971,0,0,0,0,0,0,0,0,150,-51,0,0,15
1879.38,0,0,0,0,8,144,1.57521,0.00295419,1.57978,42,0,28,29,28,0,-2,0,0,3,50,3914,3915,3,139,35,711,36337,36032,109,2,82,98,11742,0,0,0,0,1,0,0,74,5,3971,0,0,0,0,0,0,0,0,150,-56,0,0,15
1879.39,0,0,0,0,8,144,1.57499,0.00295051,1.58029,42,0,28,29,28,0,-2,0,0,3,50,3914,3915,3,139,35,711,36337,36032,109,2,82,98,11742,0,0,0,0,1,0,0,74,5,3971,0,0,0,0,0,0,0,0,150,-56,0,0,15
1879.4,0,0,0,0,8,147,1.57477,0.00294683,1.5808,42,0,28,29,28,0,-2,0,0,3,50,3914,3915,3,139,35,711,36328,36016,110,2,82,98,11742,0,0,0,0,1,0,161,16,8,3964,0,0,0,0,0,0,0,0,150,-114,0,0,15
1879.41,0,0,0,0,8,154,1.57508,0.00292243,1.58088,42,0,28,29,28,0,-2,0,0,3,50,3914,3915,3,139,35,711,36328,36016,110,2,82,98,11742,0,0,0,0,1,114,7,0,5,3969,0,0,0,0,0,0,0,0,150,-78,0,0,15
1879.42,0,0,0,0,8,155,1.57538,0.00289802,1.58096,42,0,28,29,28,0,-2,0,0,3,50,3914,3915,4,139,35,711,36328,36016,110,2,82,98,15656,0,0,0,0,1,0,0,117,6,3969,0,0,0,0,0,0,0,0,150,-122,0,0,15
1879.43,0,0,0,0,8,159,1.57569,0.00287362,1.58104,42,0,28,29,28,0,-2,0,0,3,50,3914,3915,4,139,35,711,36328,36016,110,2,82,98,15656,0,0,0,0,1,0,83,2,5,3964,0,0,0,0,0,0,0,0,150,-73,0,0,15
1879.44,0,0,0,0,8,161,1.57599,0.00284922,1.58112,42,0,28,29,28,0,-2,0,0,3,50,3914,3915,4,139,35,711,36328,36016,110,2,82,98,15656,0,0,0,0,1,116,1,0,5,3964,0,0,0,0,0,0,0,0,150,-86,0,0,15
1879.45,0,0,0,0,8,161,1.5763,0.00282482,1.58119,42,0,28,29,28,0,-2,0,0,3,50,3913,3915,6,139,35,711,36328,36016,110,2,82,98,23478,0,0,0,0,1,116,1,0,5,3964,0,0,0,0,0,0,0,0,150,-86,0,0,15
1879.46,0,0,0,0,8,170,1.5766,0.00280042,1.58127,42,0,28,29,28,0,-2,0,0,3,50,3913,3916,4,139,35,711,36328,36016,110,2,82,98,15652,0,0,0,0,1,3,0,74,2,3966,0,0,0,0,0,0,0,0,150,-49,0,0,15
1879.47,0,0,0,0,8,165,1.57691,0.00277602,1.58135,42,0,28,29,28,0,-2,0,0,3,50,3913,3916,8,139,35,711,36328,36016,110,2,82,98,31304,0,0,0,0,1,0,134,5,5,3969,0,0,0,0,0,0,0,0,150,-94,0,0,15
1879.48,0,0,0,0,8,173,1.57721,0.00275162,1.58143,42,0,28,29,28,0,-2,0,0,3,50,3913,3916,8,139,35,711,36328,36016,110,2,82,98,31304,0,0,0,0,1,132,0,0,7,3969,0,0,0,0,0,0,0,0,150,-96,0,0,15
1879.49,0,0,0,0,8,180,1.57752,0.00272722,1.58151,42,0,28,29,28,0,-2,0,0,3,50,3913,3916,8,139,35,711,36328,36016,110,2,82,98,31304,0,0,0,0,1,0,0,82,4,3966,0,0,0,0,0,0,0,0,150,-71,0,0,15
1879.5,0,0,0,0,8,170,1.57782,0.00270282,1.58159,42,0,28,29,28,0,-2,0,0,3,50,3912,3916,3,139,35,711,36319,36004,109,2,82,98,11736,0,0,0,0,1,0,263,0,13,3966,0,0,0,0,0,0,0,0,150,-182,0,0,15
1879.51,0,0,0,0,8,170,1.57773,0.00272477,1.58159,42,0,28,29,28,0,-2,0,0,3,50,3912,3916,7,139,35,711,36319,36004,109,2,82,98,27384,0,0,0,0,1,0,263,0,13,3966,0,0,0,0,0,0,0,0,150,-182,0,0,15
1879.52,0,0,0,0,8,191,1.57764,0.00274672,1.58158,42,0,28,29,28,0,-2,0,0,3,50,3912,3916,7,139,35,711,36319,36004,109,2,82,98,27384,0,0,0,0,1,62,0,0,5,3964,0,0,0,0,0,0,0,0,150,-38,0,0,15
1879.53,0,0,0,0,8,185,1.57755,0.00276868,1.58157,42,0,28,29,28,0,-2,0,0,3,50,3913,3916,6,139,35,711,36319,36004,109,2,82,98,23478,0,0,0,0,1,0,0,93,5,3977,0,0,0,0,0,0,0,0,150,-66,0,0,15
1879.54,0,0,0,0,8,188,1.57746,0.00279063,1.58156,42,0,28,29,28,0,-2,0,0,3,50,3913,3916,7,139,35,711,36319,36004,109,2,82,98,27391,0,0,0,0,1,1,208,0,13,3969,0,0,0,0,0,0,0,0,150,-138,0,0,15
1879.55,0,0,0,0,8,201,1.57736,0.00281259,1.58156,42,0,28,29,28,0,-2,0,0,3,50,3913,3916,4,139,35,711,36319,36004,109,2,82,98,15652,0,0,0,0,1,52,0,2,3,3975,0,0,0,0,0,0,0,0,150,-41,0,0,15
1879.56,0,0,0,0,8,187,1.57727,0.00283454,1.58155,42,0,28,29,28,0,-2,0,0,3,50,3913,3916,4,139,35,711,36319,36004,109,2,82,98,15652,0,0,0,0,1,0,101,136,17,3973,0,0,0,0,0,0,0,0,150,-160,0,0,15
1879.57,0,0,0,0,8,187,1.57718,0.00285649,1.58154,42,0,28,29,28,0,-2,0,0,3,50,3913,3916,4,139,35,711,36319,36004,109,2,82,98,15652,0,0,0,0,1,0,101,136,17,3973,0,0,0,0,0,0,0,0,150,-160,0,0,15
1879.58,0,0,0,0,8,213,1.57709,0.00287845,1.58153,42,0,28,29,28,0,-2,0,0,3,50,3913,3916,5,139,35,711,36319,36004,109,2,82,98,19565,0,0,0,0,1,79,3,0,4,3962,0,0,0,0,0,0,0,0,150,-55,0,0,15
1879.59,0,0,0,0,8,205,1.577,0.0029004,1.58153,42,0,28,29,28,0,-2,0,0,3,50,3914,3916,6,139,35,711,36319,36004,109,2,82,98,23484,0,0,0,0,1,0,0,146,8,3971,0,0,0,0,0,0,0,0,150,-97,0,0,15
1879.6,0,0,0,0,8,213,1.5769,0.00292236,1.58152,42,0,28,29,29,0,-2,0,0,3,50,3914,3916,6,139,35,711,36322,36010,109,2,82,98,23484,0,0,0,0,1,0,232,0,15,3971,0,0,0,0,0,0,0,0,150,-155,0,0,15
1879.61,0,0,0,0,8,220,1.57698,0.0029154,1.58174,42,0,28,29,29,0,-2,0,0,3,50,3914,3916,7,139,35,711,36322,36010,109,2,82,98,27398,0,0,0,0,1,0,0,70,4,3971,0,0,0,0,0,0,0,0,150,-61,0,0,15
1879.62,0,0,0,0,8,215,1.57705,0.00290844,1.58195,42,0,28,29,29,0,-2,0,0,3,50,3913,3916,6,139,35,711,36322,36010,109,2,82,98,23478,0,0,0,0,1,0,316,0,21,3960,0,0,0,0,0,0,0,0,150,-204,0,0,15
1879.63,0,0,0,0,8,215,1.57712,0.00290148,1.58217,42,0,28,29,29,0,-2,0,0,3,50,3913,3916,7,139,35,711,36322,36010,109,2,82,98,27391,0,0,0,0,1,0,316,0,21,3960,0,0,0,0,0,0,0,0,150,-204,0,0,15
1879.64,0,0,0,0,8,236,1.57719,0.00289453,1.58239,42,0,28,29,29,0,-2,0,0,3,50,3913,3916,7,139,35,711,36322,36010,109,2,82,98,27391,0,0,0,0,1,77,0,10,4,3971,0,0,0,0,0,0,0,0,150,-54,0,0,15
1879.65,0,0,0,0,8,222,1.57726,0.00288757,1.5826,42,0,28,29,29,0,-2,0,0,3,50,3913,3916,6,139,35,711,36322,36010,109,2,82,98,23478,0,0,0,0,1,0,276,11,15,3964,0,0,0,0,0,0,0,0,150,-180,0,0,15
1879.66,0,0,0,0,8,246,1.57733,0.00288061,1.58282,42,0,28,29,29,0,-2,0,0,3,50,3913,3916,6,139,35,711,36322,36010,109,2,82,98,23478,0,0,0,0,1,48,0,0,5,3964,0,0,0,0,0,0,0,0,150,-35,0,0,15
1879.67,0,0,0,0,8,238,1.5774,0.00287366,1.58304,42,0,28,29,29,0,-2,0,0,3,50,3913,3916,6,139,35,711,36322,36010,109,2,82,98,23478,0,0,0,0,1,0,109,0,8,3971,0,0,0,0,0,0,0,0,150,-83,0,0,15
1879.68,0,0,0,0,8,248,1.57747,0.0028667,1.58325,42,0,28,29,29,0,-2,0,0,3,50,3913,3916,6,139,35,711,36322,36010,109,2,82,98,23478,0,0,0,0,1,185,0,0,16,3958,0,0,0,0,0,0,0,0,150,-107,0,0,15
1879.69,0,0,0,0,7,248,1.57754,0.00285974,1.58347,42,0,28,29,29,0,-2,0,0,3,50,3913,3916,4,139,35,711,36322,36010,109,2,82,98,15652,0,0,0,0,1,185,0,0,16,3958,0,0,0,0,0,0,0,0,150,-107,0,0,13
1879.7,0,0,0,0,7,263,1.57761,0.00285278,1.58369,42,0,28,29,28,0,-2,0,0,3,50,3913,3916,7,139,35,711,36322,36011,109,2,82,98,27391,0,0,0,0,1,0,79,0,3,3971,0,0,0,0,0,0,0,0,150,-50,0,0,13
1879.71,0,0,0,0,8,250,1.57737,0.0028651,1.58371,42,0,28,29,28,0,-2,0,0,3,50,3913,3916,7,139,35,711,36322,36011,109,2,82,98,27391,0,0,0,0,1,309,0,4,21,3962,0,0,0,0,0,0,0,0,130,-200,0,0,15
1879.72,0,0,0,0,8,275,1.57713,0.00287742,1.58374,42,0,28,29,28,0,-2,0,0,3,50,3913,3916,7,139,35,711,36322,36011,109,2,82,98,27391,0,0,0,0,1,0,79,0,4,3971,0,0,0,0,0,0,0,0,150,-55,0,0,15
1879.73,0,0,0,0,8,260,1.57689,0.00288974,1.58376,42,0,28,29,28,0,-2,0,0,3,50,3914,3916,6,139,35,711,36322,36011,109,2,82,98,23484,0,0,0,0,1,364,0,0,24,3966,0,0,0,0,0,0,0,0,150,-252,0,0,15
1879.74,0,0,0,0,8,288,1.57665,0.00290205,1.58378,42,0,28,29,28,0,-2,0,0,3,50,3914,3916,6,139,35,711,36322,36011,109,2,82,98,23484,0,0,0,0,1,0,50,0,5,3973,0,0,0,0,0,0,0,0,150,-39,0,0,15
1879.75,0,0,0,0,8,288,1.57641,0.00291437,1.58381,42,0,28,29,28,0,-2,0,0,3,50,3914,3916,4,139,35,711,36322,36011,109,2,82,98,15656,0,0,0,0,1,0,50,0,5,3973,0,0,0,0,0,0,0,0,150,-39,0,0,15
1879.76,0,0,0,0,8,271,1.57617,0.00292669,1.58383,42,0,28,29,28,0,-2,0,0,3,50,3914,3916,4,139,35,711,36322,36011,109,2,82,98,15656,0,0,0,0,1,0,0,330,21,3954,0,0,0,0,0,0,0,0,150,-231,0,0,15
1879.77,0,0,0,0,8,289,1.57593,0.00293901,1.58386,42,0,28,29,28,0,-2,0,0,3,50,3913,3916,3,139,35,711,36322,36011,109,2,82,98,11739,0,0,0,0,1,0,85,0,8,3964,0,0,0,0,0,0,0,0,150,-50,0,0,15
1879.78,0,0,0,0,8,279,1.57568,0.00295133,1.58388,42,0,28,29,28,0,-2,0,0,3,50,3913,3916,5,139,35,711,36322,36011,109,2,82,98,19565,0,0,0,0,1,0,9,203,10,3966,0,0,0,0,0,0,0,0,150,-121,0,0,15
1879.79,0,0,0,0,8,289,1.57544,0.00296364,1.5839,42,0,28,29,28,0,-2,0,0,3,50,3913,3916,9,139,35,711,36322,36011,109,2,82,98,35217,0,0,0,0,1,241,0,0,19,3971,0,0,0,0,0,0,0,0,150,-160,0,0,15
1879.8,0,0,0,0,8,298,1.5752,0.00297596,1.58393,42,0,28,29,27,0,-2,0,0,3,50,3913,3916,9,139,35,711,36324,36012,109,2,82,98,35217,0,0,0,0,1,0,89,0,5,3971,0,0,0,0,0,0,0,0,150,-70,0,0,15
1879.81,0,0,0,0,8,298,1.57535,0.00297233,1.58376,42,0,28,29,27,0,-2,0,0,3,50,3912,3916,8,139,35,711,36324,36012,109,2,82,98,31296,0,0,0,0,1,0,89,0,5,3971,0,0,0,0,0,0,0,0,150,-70,0,0,15
1879.82,0,0,0,0,8,297,1.57551,0.0029687,1.5836,42,0,28,29,27,0,-2,0,0,3,50,3912,3916,9,139,35,711,36324,36012,109,2,82,98,35208,0,0,0,0,1,279,0,19,23,3960,0,0,0,0,0,0,0,0,150,-200,0,0,15
1879.83,0,0,0,0,8,317,1.57566,0.00296507,1.58343,42,0,28,29,27,0,-2,0,0,3,50,3912,3917,5,139,35,711,36324,36012,109,2,82,98,19560,0,0,0,0,1,7,83,0,5,3966,0,0,0,0,0,0,0,0,150,-58,0,0,15
1879.84,0,0,0,0,8,306,1.57581,0.00296144,1.58327,42,0,28,29,27,0,-2,0,0,3,50,3912,3917,5,139,35,711,36324,36012,109,2,82,98,19560,0,0,0,0,1,0,0,320,25,3956,0,0,0,0,0,0,0,0,150,-240,0,0,15
1879.85,0,0,0,0,8,327,1.57596,0.00295781,1.5831,42,0,28,29,27,0,-2,0,0,3,50,3911,3917,10,139,35,711,36324,36012,109,2,82,98,39110,0,0,0,0,1,50,0,5,4,3966,0,0,0,0,0,0,0,0,150,-40,0,0,15
1879.86,0,0,0,0,8,310,1.57612,0.00295418,1.58294,42,0,28,29,27,0,-2,0,0,3,50,3911,3917,3,139,35,711,36324,36012,109,2,82,98,11733,0,0,0,0,1,0,273,0,19,3966,0,0,0,0,0,0,0,0,150,-159,0,0,15
1879.87,0,0,0,0,8,310,1.57627,0.00295055,1.58277,42,0,28,29,27,0,-2,0,0,3,50,3911,3917,6,139,35,711,36324,36012,109,2,82,98,23466,0,0,0,0,1,0,273,0,19,3966,0,0,0,0,0,0,0,0,150,-159,0,0,15
1879.88,0,0,0,0,8,335,1.57642,0.00294692,1.58261,42,0,28,29,27,0,-2,0,0,3,50,3911,3917,6,139,35,711,36324,36012,109,2,82,98,23466,0,0,0,0,1,0,0,49,10,3964,0,0,0,0,0,0,0,0,150,-50,0,0,15
1879.89,0,0,0,0,8,329,1.57658,0.00294329,1.58245,42,0,28,29,27,0,-2,0,0,3,50,3912,3917,3,139,35,711,36324,36012,109,2,82,98,11736,0,0,0,0,1,159,0,0,10,3966,0,0,0,0,0,0,0,0,150,-93,0,0,15
1879.9,0,0,0,0,8,344,1.57673,0.00293966,1.58228,42,0,28,29,27,0,-2,0,0,3,50,3912,3917,7,139,35,711,36313,35996,109,2,82,98,27384,0,0,0,0,1,0,89,0,10,3966,0,0,0,0,0,0,0,0,150,-54,0,0,15
1879.91,0,0,0,0,8,342,1.5765,0.00293302,1.5825,42,0,28,29,27,0,-2,0,0,3,50,3912,3917,18,139,35,711,36313,35996,109,2,82,98,70416,0,0,0,0,1,0,0,86,8,3966,0,0,0,0,0,0,0,0,150,-91,0,0,15
1879.92,0,0,0,0,8,343,1.57628,0.00292638,1.58273,42,0,28,29,27,0,-2,0,0,3,50,3912,3917,18,139,35,711,36313,35996,109,2,82,98,70416,0,0,0,0,1,212,0,0,19,3962,0,0,0,0,0,0,0,0,150,-142,0,0,15
1879.93,0,0,0,0,8,343,1.57605,0.00291975,1.58295,42,0,28,29,27,0,-2,0,0,3,50,3912,3917,16,139,35,711,36313,35996,109,2,82,98,62592,0,0,0,0,1,212,0,0,19,3962,0,0,0,0,0,0,0,0,150,-142,0,0,15
1879.94,0,0,0,0,8,360,1.57583,0.00291311,1.58318,42,0,28,29,27,0,-2,0,0,3,50,3913,3917,12,139,35,711,36313,35996,109,2,82,98,46956,0,0,0,0,1,0,71,0,5,3964,0,0,0,0,0,0,0,0,150,-54,0,0,15
1879.95,0,0,0,0,8,350,1.57561,0.00290647,1.5834,42,0,28,29,27,0,-2,0,0,3,50,3913,3917,5,139,35,711,36313,35996,109,2,82,98,19565,0,0,0,0,1,0,41,314,30,3960,0,0,0,0,0,0,0,0,150,-233,0,0,15
1879.96,0,0,0,0,8,371,1.57538,0.00289983,1.58362,42,0,28,29,27,0,-2,0,0,3,50,3913,3917,5,139,35,711,36313,35996,109,2,82,98,19565,0,0,0,0,1,1,0,70,5,3962,0,0,0,0,0,0,0,0,150,-35,0,0,15
1879.97,0,0,0,0,8,350,1.57516,0.00289319,1.58385,42,0,28,29,27,0,-2,0,0,3,50,3912,3917,4,139,35,711,36313,35996,109,2,82,98,15648,0,0,0,0,1,358,0,0,24,3956,0,0,0,0,0,0,0,0,150,-237,0,0,15
1879.98,0,0,0,0,8,374,1.57493,0.00288655,1.58407,42,0,28,29,27,0,-2,0,0,3,50,3912,3917,3,139,35,711,36313,35996,109,2,82,98,11736,0,0,0,0,1,0,35,0,8,3969,0,0,0,0,0,0,0,0,150,-21,0,0,15
1879.99,0,0,0,0,8,374,1.57471,0.00287991,1.58429,42,0,28,29,27,0,-2,0,0,3,50,3912,3917,13,139,35,711,36313,35996,109,2,82,98,50856,0,0,0,0,1,0,35,0,8,3969,0,0,0,0,0,0,0,0,150,-21,0,0,15
1880,0,0,0,0,8,363,1.57448,0.00287327,1.58452,42,0,28,29,28,0,-2,0,0,3,51,3912,3917,13,139,35,711,36317,35997,109,2,82,98,50856,0,0,0,0,1,0,7,251,16,3969,0,0,0,0,0,0,0,0,150,-154,0,0,15
1880.01,0,0,0,0,8,378,1.57451,0.00286915,1.58403,42,0,28,29,28,0,-2,0,0,3,51,3912,3917,7,139,35,711,36317,35997,109,2,82,98,27384,0,0,0,0,1,144,0,13,16,3971,0,0,0,0,0,0,0,0,150,-104,0,0,15
1880.02,0,0,0,0,8,375,1.57453,0.00286502,1.58354,42,0,28,29,28,0,-2,0,0,3,51,3912,3917,18,139,35,711,36317,35997,109,2,82,98,70416,0,0,0,0,1,120,0,0,6,3964,0,0,0,0,0,0,0,0,150,-90,0,0,15
1880.03,0,0,0,0,8,385,1.57456,0.0028609,1.58305,42,0,28,29,28,0,-2,0,0,3,51,3910,3917,6,139,35,711,36317,35997,109,2,82,98,23460,0,0,0,0,1,0,191,0,19,3971,0,0,0,0,0,0,0,0,150,-113,0,0,15
1880.04,0,0,0,0,8,391,1.57458,0.00285677,1.58256,42,0,28,29,28,0,-2,0,0,3,51,3910,3917,6,139,35,711,36317,35997,109,2,82,98,23460,0,0,0,0,1,0,0,72,7,3969,0,0,0,0,0,0,0,0,150,-68,0,0,15
1880.05,0,0,0,0,8,391,1.57461,0.00285265,1.58208,42,0,28,29,28,0,-2,0,0,3,51,3913,3917,9,139,35,711,36317,35997,109,2,82,98,35217,0,0,0,0,1,0,0,72,7,3969,0,0,0,0,0,0,0,0,150,-68,0,0,15
1880.06,0,0,0,0,8,387,1.57463,0.00284852,1.58159,42,0,28,29,28,0,-2,0,0,3,51,3913,3917,5,140,35,711,36317,35997,109,2,82,98,19565,0,0,0,0,1,9,0,283,26,3966,0,0,0,0,0,0,0,0,150,-168,0,0,15
1880.07,0,0,0,0,8,410,1.57466,0.0028444,1.5811,42,0,28,29,28,0,-2,0,0,3,51,3913,3917,19,140,35,711,36317,35997,109,2,82,98,74347,0,0,0,0,1,48,0,0,4,3969,0,0,0,0,0,0,0,0,150,-33,0,0,15
1880.08,0,0,0,0,8,396,1.57468,0.00284027,1.58061,42,0,28,29,28,0,-2,0,0,3,51,3913,3917,19,140,35,711,36317,35997,109,2,82,98,74347,0,0,0,0,1,106,152,0,21,3964,0,0,0,0,0,0,0,0,150,-151,0,0,15
1880.09,0,0,0,0,8,425,1.57471,0.00283615,1.58012,42,0,28,29,28,0,-2,0,0,3,51,3913,3917,11,140,35,711,36317,35997,109,2,82,98,43043,0,0,0,0,1,0,52,0,8,3979,0,0,0,0,0,0,0,0,150,-31,0,0,15
1880.1,0,0,0,0,8,410,1.57473,0.00283202,1.57964,42,0,28,29,27,0,-2,0,0,3,50,3913,3917,22,140,35,711,36320,36007,109,2,82,98,86086,0,0,0,0,1,0,134,134,24,3956,0,0,0,0,0,0,0,0,150,-177,0,0,15
1880.11,0,0,0,0,8,410,1.57463,0.00284336,1.57971,42,0,28,29,27,0,-2,0,0,3,50,3913,3917,6,140,35,711,36320,36007,109,2,82,98,23478,0,0,0,0,1,0,134,134,24,3956,0,0,0,0,0,0,0,0,150,-177,0,0,15
1880.12,0,0,0,0,8,429,1.57453,0.00285469,1.57979,42,0,28,29,27,0,-2,0,0,3,50,3913,3917,6,140,35,711,36320,36007,109,2,82,98,23478,0,0,0,0,1,0,0,168,19,3969,0,0,0,0,0,0,0,0,150,-88,0,0,15
1880.13,0,0,0,0,8,422,1.57443,0.00286602,1.57987,42,0,28,29,27,0,-2,0,0,3,50,3907,3917,9,140,35,711,36320,36007,109,2,82,98,35163,0,0,0,0,1,0,0,207,16,3964,0,0,0,0,0,0,0,0,150,-149,0,0,15
1880.14,0,0,0,0,8,427,1.57433,0.00287736,1.57994,42,0,28,29,27,0,-2,0,0,3,50,3907,3919,6,140,35,711,36320,36007,109,2,82,98,23442,0,0,0,0,1,261,0,0,28,3960,0,0,0,0,0,0,0,0,150,-175,0,0,15
1880.15,0,0,0,0,8,435,1.57423,0.00288869,1.58002,42,0,28,29,27,0,-2,0,0,3,50,3907,3919,17,140,35,711,36320,36007,109,2,82,98,66419,0,0,0,0,1,165,0,0,10,3964,0,0,0,0,0,0,0,0,150,-108,0,0,15
1880.16,0,0,0,0,8,435,1.57413,0.00290002,1.5801,42,0,28,29,27,0,-2,0,0,3,50,3907,3919,17,140,35,711,36320,36007,109,2,82,98,66419,0,0,0,0,1,15,323,0,32,3954,0,0,0,0,0,0,0,0,150,-221,0,0,15
1880.17,0,0,0,0,8,428,1.57403,0.00291135,1.58017,42,0,28,29,27,0,-2,0,0,3,50,3912,3919,13,140,35,711,36320,36007,109,2,82,98,50856,0,0,0,0,1,15,323,0,32,3954,0,0,0,0,0,0,0,0,150,-221,0,0,15
1880.18,0,0,0,0,8,452,1.57393,0.00292269,1.58025,42,0,28,29,27,0,-2,0,0,3,50,3910,3919,23,140,35,711,36320,36007,109,2,82,98,89930,0,0,0,0,1,0,64,0,6,3966,0,0,0,0,0,0,0,0,150,-39,0,0,15
1880.19,0,0,0,0,8,438,1.57383,0.00293402,1.58032,42,0,28,29,27,0,-2,0,0,3,50,3910,3919,7,140,35,711,36320,36007,109,2,82,98,27370,0,0,0,0,1,0,347,0,33,3956,0,0,0,0,0,0,0,0,150,-237,0,0,15
1880.2,0,0,0,0,8,470,1.57373,0.00294535,1.5804,42,0,28,29,28,0,-2,0,0,3,50,3910,3919,7,140,35,711,36294,35960,109,2,82,98,27370,0,0,0,0,1,0,24,16,6,3966,0,0,0,0,0,0,0,0,150,-18,0,0,15
1880.21,0,0,0,0,8,457,1.57364,0.00294141,1.58041,42,0,28,29,28,0,-2,0,0,3,50,3905,3920,8,140,35,711,36294,35960,109,2,82,98,31240,0,0,0,0,1,0,0,275,24,3958,0,0,0,0,0,0,0,0,150,-200,0,0,15
1880.22,0,0,0,0,8,479,1.57356,0.00293746,1.58041,42,0,28,29,28,0,-2,0,0,3,50,3905,3920,5,140,35,711,36294,35960,109,2,82,98,19525,0,0,0,0,1,0,7,113,12,3966,0,0,0,0,0,0,0,0,150,-42,0,0,15
1880.23,0,0,0,0,8,479,1.57348,0.00293352,1.58042,42,0,28,29,28,0,-2,0,0,3,50,3905,3920,13,140,35,711,36294,35960,109,2,82,98,50765,0,0,0,0,1,0,7,113,12,3966,0,0,0,0,0,0,0,0,150,-42,0,0,15
1880.24,0,0,0,0,8,474,1.5734,0.00292957,1.58042,42,0,28,29,28,0,-2,0,0,3,50,3905,3920,13,140,35,711,36294,35960,109,2,82,98,50765,0,0,0,0,1,0,0,215,17,3962,0,0,0,0,0,0,0,0,150,-129,0,0,15
1880.25,0,0,0,0,8,482,1.57331,0.00292563,1.58043,42,0,28,29,28,0,-2,0,0,3,50,3912,3920,11,140,35,711,36294,35960,109,2,82,98,43032,0,0,0,0,1,0,0,298,29,3962,0,0,0,0,0,0,0,0,150,-177,0,0,15
1880.26,0,0,0,0,8,489,1.57323,0.00292168,1.58043,42,0,28,29,28,0,-2,0,0,3,50,3908,3920,28,140,35,711,36294,35960,109,2,82,98,109424,0,0,0,0,1,0,0,150,12,3969,0,0,0,0,0,0,0,0,150,-120,0,0,15
1880.27,0,0,0,0,8,481,1.57315,0.00291774,1.58044,42,0,28,29,28,0,-2,0,0,3,50,3908,3920,10,140,35,711,36294,35960,109,2,82,98,39080,0,0,0,0,1,0,0,301,35,3956,0,0,0,0,0,0,0,0,150,-206,0,0,15
1880.28,0,0,0,0,8,498,1.57307,0.00291379,1.58044,42,0,28,29,28,0,-2,0,0,3,50,3908,3920,10,140,35,711,36294,35960,109,2,82,98,39080,0,0,0,0,1,0,0,93,8,3964,0,0,0,0,0,0,0,0,150,-65,0,0,15
1880.29,0,0,0,0,8,498,1.57298,0.00290985,1.58045,42,0,28,29,28,0,-2,0,0,3,50,3907,3920,17,140,35,711,36294,35960,109,2,82,98,66419,0,0,0,0,1,0,0,93,8,3964,0,0,0,0,0,0,0,0,150,-65,0,0,15
1880.3,0,0,0,0,8,480,1.5729,0.0029059,1.58045,42,0,28,29,28,0,-2,0,0,3,51,3907,3924,6,140,35,711,36272,35932,109,2,82,98,23442,0,0,0,0,1,188,0,175,35,3951,0,0,0,0,0,0,0,0,150,-221,0,0,15
1880.31,0,0,0,0,8,505,1.5729,0.00290369,1.58014,42,0,28,29,28,0,-2,0,0,3,51,3910,3924,17,140,35,711,36272,35932,109,2,82,98,66470,0,0,0,0,1,1,0,57,6,3969,0,0,0,0,0,0,0,0,150,-36,0,0,15
1880.32,0,0,0,0,8,490,1.5729,0.00290149,1.57983,42,0,28,29,28,0,-2,0,0,3,51,3910,3924,17,140,35,711,36272,35932,109,2,82,98,66470,0,0,0,0,1,191,0,158,29,3962,0,0,0,0,0,0,0,0,150,-191,0,0,15
1880.33,0,0,0,0,8,521,1.57289,0.00289928,1.57953,42,0,28,29,28,0,-2,0,0,3,51,3907,3924,9,140,35,711,36272,35932,109,2,82,98,35163,0,0,0,0,1,0,0,31,5,3964,0,0,0,0,0,0,0,0,150,-47,0,0,15
1880.34,0,0,0,0,8,513,1.57289,0.00289707,1.57922,42,0,28,29,28,0,-2,0,0,3,51,3912,3924,23,140,35,711,36272,35932,109,2,82,98,89976,0,0,0,0,1,0,0,207,15,3962,0,0,0,0,0,0,0,0,150,-118,0,0,15
1880.35,0,0,0,0,8,513,1.57289,0.00289486,1.57891,42,0,28,29,28,0,-2,0,0,3,51,3912,3924,7,140,35,711,36272,35932,109,2,82,98,27384,0,0,0,0,1,0,0,207,15,3962,0,0,0,0,0,0,0,0,150,-118,0,0,15
1880.36,0,0,0,0,7,527,1.57289,0.00289266,1.5786,42,0,28,29,28,0,-2,0,0,3,51,3912,3924,7,140,35,711,36272,35932,109,2,82,98,27384,0,0,0,0,1,0,0,82,11,3971,0,0,0,0,0,0,0,0,150,-79,0,0,13
1880.37,0,0,0,0,8,520,1.57289,0.00289045,1.57829,42,0,28,29,28,0,-2,0,0,3,51,3906,3924,14,140,35,711,36272,35932,109,2,82,98,54684,0,0,0,0,1,0,0,197,16,3962,0,0,0,0,0,0,0,0,150,-110,0,0,15
1880.38,0,0,0,0,8,526,1.57289,0.00288824,1.57798,42,0,28,29,28,0,-2,0,0,3,51,3906,3924,5,140,35,711,36272,35932,109,2,82,98,19530,0,0,0,0,1,0,0,162,21,3964,0,0,0,0,0,0,0,0,150,-129,0,0,15
1880.39,0,0,0,0,8,526,1.57288,0.00288603,1.57767,42,0,28,29,28,0,-2,0,0,3,51,3912,3924,14,140,35,711,36272,35932,109,2,82,98,54768,0,0,0,0,1,0,19,189,18,3960,0,0,0,0,0,0,0,0,150,-138,0,0,15
1880.4,0,0,0,0,8,523,1.57288,0.00288383,1.57736,42,0,28,29,28,0,-2,0,0,3,51,3912,3924,14,140,35,711,36258,35910,110,2,82,98,54768,0,0,0,0,1,0,65,174,28,3962,0,0,0,0,0,0,0,0,150,-161,0,0,15
1880.41,0,0,0,0,8,523,1.573,0.00288556,1.57763,42,0,28,29,28,0,-2,0,0,3,51,3912,3924,13,140,35,711,36258,35910,110,2,82,98,50856,0,0,0,0,1,0,65,174,28,3962,0,0,0,0,0,0,0,0,150,-161,0,0,15
1880.42,0,0,0,0,8,535,1.57311,0.0028873,1.57789,42,0,28,29,28,0,-2,0,0,3,51,3907,3924,32,140,35,711,36258,35910,110,2,82,98,125024,0,0,0,0,1,0,106,10,13,3964,0,0,0,0,0,0,0,0,150,-66,0,0,15
1880.43,0,0,0,0,8,522,1.57323,0.00288903,1.57816,42,0,28,29,28,0,-2,0,0,3,51,3907,3924,17,140,35,711,36258,35910,110,2,82,98,66419,0,0,0,0,1,0,246,0,24,3956,0,0,0,0,0,0,0,0,150,-168,0,0,15
1880.44,0,0,0,0,8,545,1.57334,0.00289077,1.57842,42,0,28,29,28,0,-2,0,0,3,51,3907,3924,17,140,35,711,36258,35910,110,2,82,98,66419,0,0,0,0,1,0,83,0,15,3960,0,0,0,0,0,0,0,0,150,-50,0,0,15
1880.45,0,0,0,0,8,539,1.57346,0.0028925,1.57869,42,0,28,29,28,0,-2,0,0,3,51,3904,3924,26,140,35,711,36258,35910,110,2,82,98,101504,0,0,0,0,1,0,114,0,10,3966,0,0,0,0,0,0,0,0,150,-88,0,0,15
1880.46,0,0,0,0,8,550,1.57357,0.00289424,1.57895,42,0,28,29,28,0,-2,0,0,3,51,3904,3924,9,140,35,711,36258,35910,110,2,82,98,35136,0,0,0,0,1,120,29,0,24,3960,0,0,0,0,0,0,0,0,150,-103,0,0,15
1880.47,0,0,0,0,8,550,1.57369,0.00289598,1.57922,42,0,28,29,28,0,-2,0,0,3,51,3904,3924,23,140,35,711,36258,35910,110,2,82,98,89792,0,0,0,0,1,120,29,0,24,3960,0,0,0,0,0,0,0,0,150,-103,0,0,15
1880.48,0,0,0,0,8,551,1.5738,0.00289771,1.57948,42,0,28,29,28,0,-2,0,0,3,51,3904,3924,23,140,35,711,36258,35910,110,2,82,98,89792,0,0,0,0,1,132,0,0,9,3962,0,0,0,0,0,0,0,0,150,-76,0,0,15
1880.49,0,0,0,0,8,552,1.57392,0.00289945,1.57974,42,0,28,29,28,0,-2,0,0,3,51,3906,3924,14,140,35,711,36258,35910,110,2,82,98,54684,0,0,0,0,1,249,0,2,31,3956,0,0,0,0,0,0,0,0,150,-179,0,0,15
1880.5,0,0,0,0,8,559,1.57403,0.00290118,1.58001,42,0,28,29,28,0,-2,0,0,3,50,3906,3924,31,140,35,711,36260,35908,110,2,82,98,121086,0,0,0,0,1,0,0,82,9,3960,0,0,0,0,0,0,0,0,150,-59,0,0,15
1880.51,0,0,0,0,8,545,1.57384,0.00289932,1.57984,42,0,28,29,28,0,-2,0,0,3,50,3909,3924,12,140,35,711,36260,35908,110,2,82,98,46908,0,0,0,0,1,0,0,418,43,3951,0,0,0,0,0,0,0,0,150,-268,0,0,15
1880.52,0,0,0,0,8,569,1.57364,0.00289746,1.57966,42,0,28,29,28,0,-2,0,0,3,50,3909,3924,12,140,35,711,36260,35908,110,2,82,98,46908,0,0,0,0,1,0,13,113,10,3962,0,0,0,0,0,0,0,0,150,-61,0,0,15
1880.53,0,0,0,0,8,569,1.57345,0.0028956,1.57949,42,0,28,29,28,0,-2,0,0,3,50,3909,3923,23,140,35,711,36260,35908,110,2,82,98,89907,0,0,0,0,1,0,13,113,10,3962,0,0,0,0,0,0,0,0,150,-61,0,0,15
1880.54,0,0,0,0,8,551,1.57325,0.00289374,1.57932,42,0,28,29,28,0,-2,0,0,3,50,3909,3923,7,140,35,711,36260,35908,110,2,82,98,27363,0,0,0,0,1,0,229,82,35,3958,0,0,0,0,0,0,0,0,150,-203,0,0,15
1880.55,0,0,0,0,8,582,1.57306,0.00289188,1.57914,42,0,28,29,28,0,-2,0,0,3,50,3905,3923,19,140,35,711,36260,35908,110,2,82,98,74195,0,0,0,0,1,0,71,0,13,3969,0,0,0,0,0,0,0,0,150,-42,0,0,15
1880.56,0,0,0,0,8,571,1.57286,0.00289002,1.57897,42,0,28,29,28,0,-2,0,0,3,50,3905,3923,19,140,35,711,36260,35908,110,2,82,98,74195,0,0,0,0,1,62,118,0,16,3954,0,0,0,0,0,0,0,0,150,-106,0,0,15
1880.57,0,0,0,0,8,587,1.57267,0.00288816,1.5788,42,0,28,29,28,0,-2,0,0,3,50,3907,3923,13,140,35,711,36260,35908,110,2,82,98,50791,0,0,0,0,1,153,0,0,23,3958,0,0,0,0,0,0,0,0,150,-90,0,0,15
1880.58,0,0,0,0,8,587,1.57247,0.0028863,1.57862,42,0,28,29,28,0,-2,0,0,3,50,3907,3923,33,140,35,711,36260,35908,110,2,82,98,128931,0,0,0,0,1,60,0,76,10,3960,0,0,0,0,0,0,0,0,150,-64,0,0,15
1880.59,0,0,0,0,8,587,1.57228,0.00288444,1.57845,42,0,28,29,28,0,-2,0,0,3,50,3912,3923,21,140,35,711,36260,35908,110,2,82,98,82152,0,0,0,0,1,60,0,76,10,3960,0,0,0,0,0,0,0,0,150,-64,0,0,15
1880.6,0,0,0,0,8,587,1.57208,0.00288258,1.57828,42,0,28,29,28,0,-2,0,0,3,51,3912,3923,21,140,35,711,36267,35943,110,2,82,98,82152,0,0,0,0,1,0,0,312,38,3956,0,0,0,0,0,0,0,0,150,-204,0,0,15
1880.61,0,0,0,0,8,596,1.57229,0.00288517,1.57816,42,0,28,29,28,0,-2,0,0,3,51,3912,3922,26,140,35,711,36267,35943,110,2,82,98,101712,0,0,0,0,1,0,103,2,13,3960,0,0,0,0,0,0,0,0,150,-72,0,0,15
1880.62,0,0,0,0,8,577,1.57251,0.00288775,1.57803,42,0,28,29,28,0,-2,0,0,3,51,3910,3922,7,140,35,711,36267,35943,110,2,82,98,27370,0,0,0,0,1,0,345,0,42,3960,0,0,0,0,0,0,0,0,150,-211,0,0,15
1880.63,0,0,0,0,8,608,1.57272,0.00289034,1.57791,42,0,28,29,28,0,-2,0,0,3,51,3910,3922,19,140,35,711,36267,35943,110,2,82,98,74290,0,0,0,0,1,93,0,0,10,3958,0,0,0,0,0,0,0,0,150,-68,0,0,15
1880.64,0,0,0,0,8,608,1.57293,0.00289292,1.57779,42,0,28,29,28,0,-2,0,0,3,51,3910,3922,19,140,35,711,36267,35943,110,2,82,98,74290,0,0,0,0,1,298,0,23,31,3954,0,0,0,0,0,0,0,0,150,-216,0,0,15
1880.65,0,0,0,0,8,588,1.57314,0.00289551,1.57767,42,0,28,29,28,0,-2,0,0,3,51,3911,3922,9,140,35,711,36267,35943,110,2,82,98,35199,0,0,0,0,1,298,0,23,31,3954,0,0,0,0,0,0,0,0,150,-216,0,0,15
1880.66,0,0,0,0,8,614,1.57336,0.00289809,1.57755,42,0,28,29,28,0,-2,0,0,3,51,3907,3922,22,140,35,711,36267,35943,110,2,82,98,85954,0,0,0,0,1,0,0,82,13,3971,0,0,0,0,0,0,0,0,150,-53,0,0,15
1880.67,0,0,0,0,8,606,1.57357,0.00290067,1.57743,42,0,28,29,28,0,-2,0,0,3,51,3907,3922,10,140,35,711,36267,35943,110,2,82,98,39070,0,0,0,0,1,0,181,19,21,3960,0,0,0,0,0,0,0,0,150,-124,0,0,15
1880.68,0,0,0,0,8,615,1.57378,0.00290326,1.57731,42,0,28,29,28,0,-2,0,0,3,51,3907,3922,10,140,35,711,36267,35943,110,2,82,98,39070,0,0,0,0,1,0,132,0,21,3960,0,0,0,0,0,0,0,0,150,-110,0,0,15
1880.69,0,0,0,0,8,616,1.57399,0.00290584,1.57719,42,0,28,29,28,0,-2,0,0,3,51,3910,3922,18,140,35,711,36267,35943,110,2,82,98,70380,0,0,0,0,1,79,0,0,8,3960,0,0,0,0,0,0,0,0,150,-43,0,0,15
1880.7,0,0,0,0,8,610,1.57421,0.00290843,1.57706,42,0,28,29,27,0,-2,0,0,3,50,3910,3922,14,140,35,711,36298,35980,109,2,82,98,54740,0,0,0,0,1,10,0,330,41,3954,0,0,0,0,0,0,0,0,150,-197,0,0,15
1880.71,0,0,0,0,8,610,1.5739,0.00290543,1.57691,42,0,28,29,27,0,-2,0,0,3,50,3910,3922,21,140,35,711,36298,35980,109,2,82,98,82110,0,0,0,0,1,10,0,330,41,3954,0,0,0,0,0,0,0,0,150,-197,0,0,15
1880.72,0,0,0,0,8,633,1.57359,0.00290242,1.57675,42,0,28,29,27,0,-2,0,0,3,50,3910,3922,21,140,35,711,36298,35980,109,2,82,98,82110,0,0,0,0,1,0,15,13,12,3971,0,0,0,0,0,0,0,0,150,-70,0,0,15
1880.73,0,0,0,0,8,619,1.57328,0.00289942,1.57659,42,0,28,29,27,0,-2,0,0,3,50,3906,3922,9,140,35,711,36298,35980,109,2,82,98,35154,0,0,0,0,1,0,333,0,43,3951,0,0,0,0,0,0,0,0,150,-219,0,0,15
1880.74,0,0,0,0,8,640,1.57297,0.00289642,1.57643,42,0,28,29,27,0,-2,0,0,3,50,3906,3922,25,140,35,711,36298,35980,109,2,82,98,97650,0,0,0,0,1,69,0,0,8,3962,0,0,0,0,0,0,0,0,150,-42,0,0,15
1880.75,0,0,0,0,8,626,1.57267,0.00289342,1.57628,42,0,28,29,27,0,-2,0,0,3,50,3906,3922,30,140,35,711,36298,35980,109,2,82,98,117180,0,0,0,0,1,0,0,281,29,3949,0,0,0,0,0,0,0,0,150,-190,0,0,15
1880.76,0,0,0,0,8,649,1.57236,0.00289042,1.57612,42,0,28,29,27,0,-2,0,0,3,50,3906,3922,30,140,35,711,36298,35980,109,2,82,98,117180,0,0,0,0,1,0,142,0,23,3966,0,0,0,0,0,0,0,0,150,-93,0,0,15
1880.77,0,0,0,0,8,649,1.57205,0.00288741,1.57596,42,0,28,29,27,0,-2,0,0,3,50,3905,3922,34,140,35,711,36298,35980,109,2,82,98,132770,0,0,0,0,1,0,142,0,23,3966,0,0,0,0,0,0,0,0,150,-93,0,0,15
1880.78,0,0,0,0,8,641,1.57174,0.00288441,1.5758,42,0,28,29,27,0,-2,0,0,3,50,3905,3922,7,140,35,711,36298,35980,109,2,82,98,27335,0,0,0,0,1,65,103,0,16,3964,0,0,0,0,0,0,0,0,150,-88,0,0,15
1880.79,0,0,0,0,8,647,1.57143,0.00288141,1.57565,42,0,28,29,27,0,-2,0,0,3,50,3903,3922,13,140,35,711,36298,35980,109,2,82,98,50739,0,0,0,0,1,229,0,29,36,3960,0,0,0,0,0,0,0,0,150,-174,0,0,15
1880.8,0,0,0,0,8,650,1.57112,0.00287841,1.57549,42,0,28,29,27,0,-2,0,0,3,51,3903,3922,13,140,35,711,36256,35918,109,2,82,98,50739,0,0,0,0,1,0,15,158,16,3960,0,0,0,0,0,0,0,0,150,-113,0,0,15
1880.81,0,0,0,0,8,640,1.57082,0.00287476,1.57496,42,0,28,29,27,0,-2,0,0,2.9,51,3909,3922,10,140,35,711,36256,35918,109,2,82,98,39090,0,0,0,0,1,0,322,0,43,3954,0,0,0,0,0,0,0,0,150,-204,0,0,15
1880.82,0,0,0,0,8,663,1.57051,0.00287111,1.57442,42,0,28,29,27,0,-2,0,0,2.8,51,3909,3922,34,140,35,711,36256,35918,109,2,82,98,132906,0,0,0,0,1,63,0,0,10,3960,0,0,0,0,0,0,0,0,150,-53,0,0,15
1880.83,0,0,0,0,8,663,1.5702,0.00286746,1.57389,42,0,28,29,27,0,-2,0,0,2.7,51,3909,3922,33,140,35,711,36256,35918,109,2,82,98,128997,0,0,0,0,1,63,0,0,10,3960,0,0,0,0,0,0,0,0,150,-53,0,0,15
1880.84,0,0,0,0,8,649,1.56989,0.0028638,1.57336,42,0,28,29,27,0,-2,0,0,2.6,51,3909,3922,33,140,35,711,36256,35918,109,2,82,98,128997,0,0,0,0,1,0,0,367,37,3962,0,0,0,0,0,0,0,0,150,-206,0,0,15
1880.85,0,0,0,0,8,673,1.56958,0.00286015,1.57283,42,0,28,29,27,0,-2,0,0,2.5,51,3901,3922,37,140,35,711,36256,35918,109,2,82,98,144337,0,0,0,0,1,0,60,0,11,3966,0,0,0,0,0,0,0,0,150,-35,0,0,15
1880.86,0,0,0,0,9,661,1.56928,0.0028565,1.5723,42,0,28,29,27,0,-2,0,0,2.4,51,3906,3922,11,140,35,711,36256,35918,109,2,82,98,42966,0,0,0,0,1,214,0,0,22,3951,0,0,0,0,0,0,0,0,150,-116,0,0,17
1880.87,0,0,0,0,9,676,1.56897,0.00285285,1.57177,42,0,28,29,27,0,-2,0,0,2.3,51,3906,3922,12,140,35,711,36256,35918,109,2,82,98,46872,0,0,0,0,1,0,0,187,25,3958,0,0,0,0,0,0,0,0,169,-109,0,0,17
1880.88,0,0,0,0,9,677,1.56866,0.0028492,1.57123,42,0,28,29,27,0,-2,0,0,2.2,51,3906,3922,12,140,35,711,36256,35918,109,2,82,98,46872,0,0,0,0,1,0,128,0,16,3969,0,0,0,0,0,0,0,0,169,-82,0,0,17
1880.89,0,0,0,0,10,677,1.56835,0.00284555,1.5707,42,0,28,29,27,0,-2,0,0,2.1,51,3910,3922,8,140,35,711,36256,35918,109,2,82,98,31280,0,0,0,0,1,0,128,0,16,3969,0,0,0,0,0,0,0,0,169,-82,0,0,18
1880.9,0,0,0,0,10,676,1.56804,0.0028419,1.57017,42,0,28,29,28,0,-2,0,0,2,51,3909,3922,26,140,35,711,36297,35979,109,2,82,98,101634,0,0,0,0,1,292,0,10,43,3949,0,0,0,0,0,0,0,0,169,-204,0,0,18
1880.91,0,0,0,0,11,688,1.56795,0.00286472,1.57068,42,0,28,29,28,0,-2,0,0,2.1,51,3909,3922,36,140,35,711,36297,35979,109,2,82,98,140724,0,0,0,0,1,0,32,160,17,3964,0,0,0,0,0,0,0,0,179,-105,0,0,20
1880.92,0,0,0,0,11,672,1.56785,0.00288755,1.57118,42,0,28,29,28,0,-2,0,0,2.2,51,3909,3922,36,140,35,711,36297,35979,109,2,82,98,140724,0,0,0,0,1,56,386,0,52,3947,0,0,0,0,0,0,0,0,199,-280,0,0,20
1880.93,0,0,0,0,12,705,1.56775,0.00291037,1.57169,42,0,28,29,28,0,-2,0,0,2.3,51,3904,3922,41,140,35,711,36297,35979,109,2,82,98,160064,0,0,0,0,1,0,0,104,19,3958,0,0,0,0,0,0,0,0,199,-87,0,0,22
1880.94,0,0,0,0,12,692,1.56765,0.00293319,1.57219,42,0,28,29,28,0,-2,0,0,2.4,51,3909,3922,23,140,35,711,36297,35979,109,2,82,98,89907,0,0,0,0,1,0,392,0,45,3949,0,0,0,0,0,0,0,0,219,-256,0,0,22
1880.95,0,0,0,0,13,692,1.56755,0.00295601,1.5727,42,0,28,29,28,0,-2,0,0,2.5,51,3909,3922,12,140,35,711,36297,35979,109,2,82,98,46908,0,0,0,0,1,0,392,0,45,3949,0,0,0,0,0,0,0,0,219,-256,0,0,24
1880.96,0,0,0,0,14,710,1.56745,0.00297883,1.5732,42,0,28,29,28,0,-2,0,0,2.6,51,3909,3922,12,140,35,711,36297,35979,109,2,82,98,46908,0,0,0,0,1,194,0,0,30,3951,0,0,0,0,0,0,0,0,219,-106,0,0,26
1880.97,0,0,0,0,14,704,1.56735,0.00300165,1.57371,42,0,28,29,28,0,-2,0,0,2.7,51,3909,3922,8,140,35,711,36297,35979,109,2,82,98,31272,0,0,0,0,1,0,11,304,41,3943,0,0,0,0,0,0,0,0,240,-237,0,0,26
1880.98,0,0,0,0,15,720,1.56725,0.00302448,1.57421,42,0,28,29,28,0,-2,0,0,2.8,51,3909,3924,24,140,35,711,36297,35979,109,2,82,98,93816,0,0,0,0,1,177,140,0,47,3954,0,0,0,0,0,0,0,0,260,-186,0,0,28
1880.99,0,0,0,0,16,721,1.56715,0.0030473,1.57472,42,0,28,29,28,0,-2,0,0,2.9,51,3909,3924,30,140,35,711,36297,35979,109,2,82,98,117270,0,0,0,0,1,0,0,363,38,3949,0,0,0,0,0,0,0,0,280,-226,0,0,30
1881,0,0,0,0,17,727,1.56705,0.00307012,1.57522,42,0,28,29,28,0,-2,0,0,3,52,3909,3924,30,140,35,711,36283,35956,109,2,82,98,117270,0,0,0,0,1,9,375,0,55,3947,0,0,0,0,0,0,0,0,300,-256,0,0,31
1881.01,0,0,0,0,18,727,1.56684,0.00310577,1.57451,42,0,28,29,28,0,-2,0,0,2.9,52,3911,3924,38,140,35,711,36283,35956,109,2,82,98,148618,0,0,0,0,1,9,375,0,55,3947,0,0,0,0,0,0,0,0,300,-256,0,0,33
1881.02,0,0,0,0,19,742,1.56663,0.00314143,1.57381,42,0,28,29,28,0,-2,0,0,2.8,52,3911,3924,29,140,35,711,36283,35956,109,2,82,98,113419,0,0,0,0,1,0,0,292,37,3949,0,0,0,0,0,0,0,0,310,-178,0,0,35
1881.03,0,0,0,0,20,746,1.56642,0.00317708,1.5731,42,0,28,29,28,0,-2,0,0,2.7,52,3901,3924,12,140,35,711,36283,35956,109,2,82,98,46812,0,0,0,0,1,0,384,0,56,3945,0,0,0,0,0,0,0,0,329,-252,0,0,37
1881.04,0,0,0,0,21,759,1.56621,0.00321273,1.57239,42,0,28,29,28,0,-2,0,0,2.6,52,3901,3924,12,140,35,711,36283,35956,109,2,82,98,46812,0,0,0,0,1,0,0,338,42,3947,0,0,0,0,0,0,0,0,369,-217,0,0,39
1881.05,0,0,0,0,22,761,1.566,0.00324838,1.57169,42,0,28,29,28,0,-2,0,0,2.5,52,3910,3924,10,140,35,711,36283,35956,109,2,82,98,39100,0,0,0,0,1,36,384,0,55,3940,0,0,0,0,0,0,0,0,389,-273,0,0,41
1881.06,0,0,0,0,23,779,1.56578,0.00328404,1.57098,42,0,28,29,28,0,-2,0,0,2.4,52,3910,3924,18,140,35,711,36283,35956,109,2,82,98,70380,0,0,0,0,1,0,0,420,54,3945,0,0,0,0,0,0,0,0,410,-265,0,0,42
1881.07,0,0,0,0,24,779,1.56557,0.00331969,1.57027,42,0,28,29,28,0,-2,0,0,2.3,52,3910,3924,41,140,35,711,36283,35956,109,2,82,98,160310,0,0,0,0,1,0,0,420,54,3945,0,0,0,0,0,0,0,0,410,-265,0,0,44
1881.08,0,0,0,0,25,786,1.56536,0.00335534,1.56957,42,0,28,29,28,0,-2,0,0,2.2,52,3910,3924,41,140,35,711,36283,35956,109,2,82,98,160310,0,0,0,0,1,411,0,0,58,3940,0,0,0,0,0,0,0,0,420,-269,0,0,46
1881.09,0,0,0,0,26,795,1.56515,0.003391,1.56886,42,0,28,29,28,0,-2,0,0,2.1,52,3910,3921,38,140,35,711,36283,35956,109,2,82,98,148580,0,0,0,0,1,0,169,342,60,3938,0,0,0,0,0,0,0,0,440,-285,0,0,48
1881.1,0,0,0,0,27,806,1.56494,0.00342665,1.56815,42,0,28,29,28,0,-2,0,0,2,52,3910,3921,34,140,35,711,36295,35980,110,2,82,98,132940,0,0,0,0,1,415,0,51,65,3934,0,0,0,0,0,0,0,0,479,-299,0,0,50
1881.11,0,0,0,0,29,822,1.56459,0.00360884,1.56763,42,0,28,29,28,0,-2,0,0,2,52,3910,3921,13,140,35,711,36295,35980,110,2,82,98,50830,0,0,0,0,1,22,468,0,74,3936,0,0,0,0,0,0,0,0,499,-323,0,0,53
1881.12,0,0,0,0,30,838,1.56425,0.00379103,1.56712,42,0,28,29,28,0,-2,0,0,2,52,3910,3921,13,140,35,711,36295,35980,110,2,82,98,50830,0,0,0,0,1,0,32,529,87,3936,0,0,0,0,0,0,0,0,529,-400,0,0,55
1881.13,0,0,0,0,32,838,1.56391,0.00397323,1.5666,42,0,28,29,28,0,-2,0,0,2,52,3910,3921,16,140,35,711,36295,35980,110,2,82,98,62560,0,0,0,0,1,0,32,529,87,3936,0,0,0,0,0,0,0,0,529,-400,0,0,59
1881.14,0,0,0,0,33,851,1.56356,0.00415542,1.56608,42,0,28,29,28,0,-2,0,0,2,52,3910,3921,16,140,35,711,36295,35980,110,2,82,98,62560,0,0,0,0,1,528,0,133,94,3928,0,0,0,0,0,0,0,0,549,-415,0,0,61
1881.15,0,0,0,0,34,866,1.56322,0.00433761,1.56556,42,0,28,29,28,0,-2,0,0,2,52,3910,3921,41,140,35,711,36295,35980,110,2,82,98,160310,0,0,0,0,1,519,171,0,104,3919,0,0,0,0,0,0,0,0,590,-420,0,0,63
1881.16,0,0,0,0,36,881,1.56288,0.00451981,1.56504,42,0,28,29,28,0,-2,0,0,2,52,3910,3921,41,140,35,711,36295,35980,110,2,82,98,160310,0,0,0,0,1,0,753,0,112,3923,0,0,0,0,0,0,0,0,630,-474,0,0,66
1881.17,0,0,0,0,37,899,1.56253,0.004702,1.56452,42,0,28,29,28,0,-2,0,0,2,52,3910,3921,26,140,35,711,36295,35980,110,2,82,98,101660,0,0,0,0,1,0,3,730,123,3925,0,0,0,0,0,0,0,0,659,-502,0,0,68
1881.18,0,0,0,0,38,917,1.56219,0.00488419,1.564,42,0,28,29,28,0,-2,0,0,2,52,3910,3921,33,140,35,711,36295,35980,110,2,82,98,129030,0,0,0,0,1,0,0,793,134,3915,0,0,0,0,0,0,0,0,679,-504,0,0,70
1881.19,0,0,0,0,40,917,1.56184,0.00506639,1.56348,42,0,28,29,28,0,-2,0,0,2,52,3910,3921,15,140,35,711,36295,35980,110,2,82,98,58650,0,0,0,0,1,0,0,793,134,3915,0,0,0,0,0,0,0,0,679,-504,0,0,74
1881.2,0,0,0,0,41,931,1.5615,0.00524858,1.56296,42,0,28,29,27,0,-2,0,0,2,52,3910,3921,15,140,35,711,36295,35980,109,2,82,98,58650,0,0,0,0,1,747,0,156,147,3902,0,0,0,0,0,0,0,0,699,-574,0,0,76
1881.21,0,0,0,0,42,942,1.56111,0.00553519,1.5625,42,0,28,29,27,0,-2,0,0,2,52,3910,3921,30,140,35,711,36295,35980,109,2,82,98,117300,0,0,0,0,1,1070,0,0,162,3899,0,0,0,0,0,0,0,0,740,-627,0,0,77
1881.22,0,0,0,0,43,953,1.56073,0.0058218,1.56203,42,0,28,29,27,0,-2,0,0,2,52,3910,3921,19,140,35,711,36295,35980,109,2,82,98,74290,0,0,0,0,1,938,0,0,169,3899,0,0,0,0,0,0,0,0,770,-611,0,0,79
1881.23,0,0,0,0,45,965,1.56034,0.00610841,1.56156,42,0,28,29,27,0,-2,0,0,2,52,3898,3921,43,140,35,711,36295,35980,109,2,82,98,167614,0,0,0,0,1,513,597,0,177,3897,0,0,0,0,0,0,0,0,790,-648,0,0,83
1881.24,0,0,0,0,46,975,1.55995,0.00639502,1.56109,42,0,28,29,27,0,-2,0,0,2,52,3898,3921,43,140,35,711,36295,35980,109,2,82,98,167614,0,0,0,0,1,270,892,0,191,3893,0,0,0,0,0,0,0,0,829,-711,0,0,85
1881.25,0,0,0,0,47,975,1.55956,0.00668162,1.56062,42,0,28,29,27,0,-2,0,0,2,52,3897,3921,30,140,35,711,36295,35980,109,2,82,98,116910,0,0,0,0,1,270,892,0,191,3893,0,0,0,0,0,0,0,0,829,-711,0,0,87
1881.26,0,0,0,0,48,983,1.55918,0.00696823,1.56015,42,0,28,29,27,0,-2,0,0,2,52,3897,3921,55,140,35,711,36295,35980,109,2,82,98,214335,0,0,0,0,1,136,1017,0,204,3887,0,0,0,0,0,0,0,0,849,-736,0,0,89
1881.27,0,0,0,0,49,983,1.55879,0.00725484,1.55968,42,0,28,29,27,0,-2,0,0,2,52,3897,3921,29,140,35,711,36295,35980,109,2,82,98,113013,0,0,0,0,1,0,1161,0,224,3880,0,0,0,0,0,0,0,0,869,-762,0,0,90
1881.28,0,0,0,0,50,980,1.5584,0.00754145,1.55922,42,0,28,29,27,0,-2,0,0,2,52,3897,3921,29,140,35,711,36295,35980,109,2,82,98,113013,0,0,0,0,1,0,1536,0,254,3874,0,0,0,0,0,0,0,0,900,-899,0,0,92
1881.29,0,0,0,0,52,976,1.55802,0.00782806,1.55875,42,0,28,29,27,0,-2,0,0,2,52,3902,3921,45,140,35,711,36295,35980,109,2,82,98,175590,0,0,0,0,1,0,1683,0,271,3869,0,0,0,0,0,0,0,0,920,-1008,0,0,96
1881.3,0,0,0,0,53,965,1.55763,0.00811467,1.55828,42,0,28,29,28,0,-2,0,0,2,53,3902,3921,33,140,35,711,36228,35883,110,2,82,98,128766,0,0,0,0,1,0,1640,0,307,3854,0,0,0,0,0,0,0,0,959,-1096,0,0,98
1881.31,0,0,0,0,54,965,1.55782,0.00855709,1.55831,42,0,28,29,28,0,-2,0,0,1.9,53,3892,3921,57,141,35,711,36228,35883,110,2,82,98,221844,0,0,0,0,1,0,1640,0,307,3854,0,0,0,0,0,0,0,0,959,-1096,0,0,100
1881.32,0,0,0,0,55,954,1.55802,0.0089995,1.55834,42,0,28,29,28,0,-2,0,0,1.8,53,3892,3921,57,141,35,711,36228,35883,110,2,82,98,221844,0,0,0,0,1,0,683,1302,317,3856,0,0,0,0,0,0,0,0,979,-1211,0,0,101
1881.33,0,0,0,0,57,922,1.55822,0.00944192,1.55836,42,0,28,29,28,0,-2,0,0,1.7,53,3894,3921,48,141,35,711,36228,35883,110,2,82,98,186912,0,0,0,0,1,0,0,2061,320,3861,0,0,0,0,0,0,0,0,999,-1235,0,0,105
1881.34,0,0,0,0,58,895,1.55841,0.00988434,1.55839,42,0,28,29,28,0,-2,0,0,1.6,53,3894,3921,59,141,35,711,36228,35883,110,2,82,98,229746,0,0,0,0,1,0,2017,0,302,3863,0,0,0,0,0,0,0,0,1009,-1159,0,0,107
1881.35,0,0,0,0,59,863,1.55861,0.0103268,1.55842,42,0,28,29,28,0,-2,0,0,1.5,53,3900,3921,44,141,35,711,36228,35883,110,2,82,98,171600,0,0,0,0,1,0,0,1768,296,3858,0,0,0,0,0,0,0,0,1070,-1153,0,0,109
1881.36,0,0,0,0,61,848,1.5588,0.0107692,1.55845,42,0,28,29,28,0,-2,0,0,1.4,53,3900,3921,44,141,35,711,36228,35883,110,2,82,98,171600,0,0,0,0,1,1718,0,131,298,3856,0,0,0,0,0,0,0,0,1090,-1218,0,0,113
1881.37,0,0,0,0,62,836,1.559,0.0112116,1.55848,42,0,28,29,28,0,-2,0,0,1.3,53,3900,3924,57,141,35,711,36228,35883,110,2,82,98,222300,0,0,0,0,1,233,1808,0,310,3843,0,0,0,0,0,0,0,0,1129,-1307,0,0,114
1881.38,0,0,0,0,63,836,1.5592,0.011654,1.55851,42,0,28,29,28,0,-2,0,0,1.2,53,3896,3924,58,141,35,711,36228,35883,110,2,82,98,225968,0,0,0,0,1,233,1808,0,310,3843,0,0,0,0,0,0,0,0,1139,-1327,0,0,116
1881.39,0,0,0,0,65,824,1.55939,0.0120964,1.55853,42,0,28,29,28,0,-2,0,0,1.1,53,3896,3924,62,141,35,711,36228,35883,110,2,82,98,241552,0,0,0,0,1,0,105,1865,316,3848,0,0,0,0,0,0,0,0,1139,-1327,0,0,120
1881.4,0,0,0,0,66,789,1.55959,0.0125388,1.55856,42,0,28,29,27,0,-2,0,0,1,53,3896,3924,62,141,35,711,36178,35789,110,2,82,98,241552,0,0,0,0,1,2382,0,0,316,3848,0,0,0,0,0,0,0,0,1159,-1393,0,0,122
1881.41,0,0,0,0,68,750,1.55959,0.0127977,1.5587,42,0,28,29,27,0,-2,0,0,1,53,3893,3924,69,141,35,711,36178,35789,110,2,82,98,268617,0,0,0,0,1,0,1044,1294,299,3863,0,0,0,0,0,0,0,0,1220,-1344,0,0,125
1881.42,0,0,0,0,69,732,1.55959,0.0130566,1.55884,42,0,28,29,27,0,-2,0,0,1,53,3890,3924,76,141,35,711,36178,35789,110,2,82,98,295640,0,0,0,0,1,2333,0,0,295,3854,0,0,0,0,0,0,0,0,1250,-1420,0,0,127
1881.43,0,0,0,0,70,735,1.55959,0.0133154,1.55898,42,0,28,29,27,0,-2,0,0,1,53,3890,3924,78,141,35,711,36178,35789,110,2,82,98,303420,0,0,0,0,1,0,273,1820,287,3858,0,0,0,0,0,0,0,0,1269,-1364,0,0,129
1881.44,0,0,0,0,71,735,1.55958,0.0135743,1.55912,42,0,28,29,27,0,-2,0,0,1,53,3890,3924,78,141,35,711,36178,35789,110,2,82,98,303420,0,0,0,0,1,0,273,1820,287,3858,0,0,0,0,0,0,0,0,1289,-1310,0,0,131
1881.45,0,0,0,0,73,729,1.55958,0.0138331,1.55926,42,0,28,29,27,0,-2,0,0,1,53,3883,3928,105,141,35,711,36178,35789,110,2,82,98,407715,0,0,0,0,1,1909,83,0,296,3846,0,0,0,0,0,0,0,0,1289,-1310,0,0,135
1881.46,0,0,0,0,74,724,1.55958,0.014092,1.5594,42,0,28,29,27,0,-2,0,0,1,53,3883,3928,109,141,35,711,36178,35789,110,2,82,98,423247,0,0,0,0,1,0,0,2433,303,3865,0,0,0,0,0,0,0,0,1309,-1407,0,0,136
1881.47,0,0,0,0,75,715,1.55958,0.0143508,1.55954,42,0,28,29,27,0,-2,0,0,1,53,3883,3928,116,141,35,711,36178,35789,110,2,82,98,450428,0,0,0,0,1,397,2126,0,323,3839,0,0,0,0,0,0,0,0,1360,-1587,0,0,138
1881.48,0,0,0,0,76,713,1.55958,0.0146097,1.55968,42,0,28,29,27,0,-2,0,0,1,53,3883,3928,116,141,35,711,36178,35789,110,2,82,98,450428,0,0,0,0,1,550,0,1744,316,3854,0,0,0,0,0,0,0,0,1380,-1420,0,0,140
1881.49,0,0,0,0,77,703,1.55958,0.0148686,1.55982,42,0,28,29,27,0,-2,0,0,1,53,3871,3928,138,141,35,711,36178,35789,110,2,82,98,534198,0,0,0,0,1,0,2500,0,331,3846,0,0,0,0,0,0,0,0,1400,-1644,0,0,142
1881.5,0,0,0,0,78,703,1.55958,0.0151274,1.55996,42,0,28,29,28,0,-2,0,0,1,52,3871,3928,146,141,35,711,36011,35535,109,2,65,98,565166,0,0,0,0,1,0,2500,0,331,3846,0,0,0,0,0,0,0,0,1420,-1349,0,0,144
1881.51,0,0,0,0,79,707,1.55965,0.0151363,1.55989,42,0,28,29,28,0,-2,0,0,1,52,3871,3941,151,141,35,711,36011,35535,109,2,65,98,584521,0,0,0,0,1,2288,0,0,293,3865,0,0,0,0,0,0,0,0,1420,-1349,0,0,146
1881.52,0,0,0,0,80,709,1.55972,0.0151452,1.55981,42,0,28,29,28,0,-2,0,0,1,52,3871,3941,151,142,35,711,36011,35535,109,2,65,98,584521,0,0,0,0,1,0,380,1921,295,3858,0,0,0,0,0,0,0,0,1439,-1469,0,0,148
1881.53,0,0,0,0,81,716,1.55979,0.0151541,1.55973,42,0,28,29,28,0,-2,0,0,1,52,3861,3941,173,142,35,711,36011,35535,109,2,65,98,667953,0,0,0,0,1,0,1556,691,300,3861,0,0,0,0,0,0,0,0,1459,-1334,0,0,149
1881.54,0,0,0,0,82,723,1.55986,0.015163,1.55966,42,0,28,29,28,0,-2,0,0,1,52,3861,3941,180,142,35,711,36011,35535,109,2,65,98,694980,0,0,0,0,1,2300,0,0,281,3856,0,0,0,0,0,0,0,0,1479,-1377,0,0,151
1881.55,0,0,0,0,83,726,1.55993,0.0151719,1.55958,42,0,28,29,28,0,-2,0,0,1,52,3854,3941,181,142,35,711,36011,35535,109,2,65,98,697574,0,0,0,0,1,0,224,2068,316,3835,0,0,0,0,0,0,0,0,1510,-1490,0,0,153
1881.56,0,0,0,0,84,736,1.56001,0.0151808,1.5595,42,0,28,29,28,0,-2,0,0,1,52,3854,3941,181,142,35,711,36011,35535,109,2,65,98,697574,0,0,0,0,1,2020,0,0,301,3841,0,0,0,0,0,0,0,0,1530,-1339,0,0,155
1881.57,0,0,0,0,86,735,1.56008,0.0151896,1.55943,42,0,28,29,28,0,-2,0,0,1,52,3850,3941,212,142,35,711,36011,35535,109,2,65,98,816200,0,0,0,0,1,0,0,2433,331,3843,0,0,0,0,0,0,0,0,1550,-1443,0,0,159
1881.58,0,0,0,0,87,735,1.56015,0.0151985,1.55935,42,0,28,29,28,0,-2,0,0,1,52,3850,3941,225,142,35,711,36011,35535,109,2,65,98,866250,0,0,0,0,1,0,0,2433,331,3843,0,0,0,0,0,0,0,0,1550,-1443,0,0,160
1881.59,0,0,0,0,88,751,1.56022,0.0152074,1.55927,42,0,28,29,28,0,-2,0,0,1,52,3850,3941,253,142,35,711,36011,35535,109,2,65,98,974050,0,0,0,0,1,1716,427,0,309,3843,0,0,0,0,0,0,0,0,1589,-1323,0,0,162
1881.6,0,0,0,0,89,756,1.56029,0.0152163,1.5592,42,0,28,29,28,0,-2,0,0,1,53,3850,3941,253,142,35,621,35779,35199,109,2,65,98,974050,0,0,0,0,1,0,0,2126,325,3841,0,0,0,0,0,0,0,0,1599,-1383,0,0,164
1881.61,0,0,0,0,90,767,1.5602,0.0153202,1.55923,42,0,28,29,28,0,-2,0,0,0.9,53,3832,3941,298,142,35,621,35779,35199,109,2,65,98,1.14194e+06,0,0,0,0,1,2310,0,0,335,3822,0,0,0,0,0,0,0,0,1639,-1503,0,0,166
1881.62,0,0,0,0,91,779,1.56011,0.0154241,1.55926,42,0,28,29,28,0,-2,0,0,0.8,53,3816,3941,306,143,35,621,35779,35199,109,2,65,98,1.1677e+06,0,0,0,0,1,0,712,1861,339,3839,0,0,0,0,0,0,0,0,1659,-1551,0,0,166
1881.63,0,0,0,0,93,784,1.56002,0.015528,1.55929,42,0,28,29,28,0,-2,0,0,0.7,53,3816,3941,316,143,35,621,35779,35199,109,2,65,98,1.20586e+06,0,0,0,0,1,2333,0,0,344,3841,0,0,0,0,0,0,0,0,1659,-1438,0,0,166
1881.64,0,0,0,0,94,784,1.55993,0.0156319,1.55932,42,0,28,29,28,0,-2,0,0,0.6,53,3816,3941,316,143,35,621,35779,35199,109,2,65,98,1.20586e+06,0,0,0,0,1,2333,0,0,344,3841,0,0,0,0,0,0,0,0,1659,-1438,0,0,166
1881.65,0,0,0,0,95,791,1.55984,0.0157358,1.55935,42,0,28,29,28,0,-2,0,0,0.5,53,3807,3941,308,143,35,621,35779,35199,109,2,65,98,1.17256e+06,0,0,0,0,1,0,2500,0,352,3833,0,0,0,0,0,0,0,0,1659,-1581,0,0,166
1881.66,0,0,0,0,96,800,1.55975,0.0158397,1.55938,42,0,28,29,28,0,-2,0,0,0.4,53,3803,3941,297,143,35,621,35779,35199,109,2,65,98,1.12949e+06,0,0,0,0,1,147,0,2015,352,3837,0,0,0,0,0,0,0,0,1659,-1461,0,0,166
1881.67,0,0,0,0,96,809,1.55966,0.0159436,1.55941,42,0,28,29,28,0,-2,0,0,0.3,53,3803,3941,290,143,35,621,35779,35199,109,2,65,98,1.10287e+06,0,0,0,0,1,1226,1365,0,351,3837,0,0,0,0,0,0,0,0,1659,-1479,0,0,166
1881.68,0,0,0,0,97,815,1.55957,0.0160475,1.55944,42,0,28,29,28,0,-2,0,0,0.2,53,3803,3941,290,143,35,621,35779,35199,109,2,65,98,1.10287e+06,0,0,0,0,1,0,638,2009,364,3837,0,0,0,0,0,0,0,0,1659,-1601,0,0,166
1881.69,0,0,0,0,97,818,1.55948,0.0161514,1.55947,42,0,28,29,28,0,-2,0,0,0.1,53,3808,3941,309,143,35,621,35779,35199,109,2,65,98,1.17667e+06,0,0,0,0,1,2104,0,455,365,3829,0,0,0,0,0,0,0,0,1659,-1620,0,0,166
1881.7,0,0,0,0,97,818,1.55939,0.0162553,1.55951,42,0,28,29,28,0,-2,0,0,0,53,3808,3941,320,143,35,621,35461,34603,109,2,65,98,1.21856e+06,0,0,0,0,1,2104,0,455,365,3829,0,0,0,0,0,0,0,0,1659,-1620,0,0,166
1881.71,0,0,0,0,97,820,1.55933,0.016358,1.56032,42,0,28,29,28,0,-2,0,0,0,53,3808,3941,311,143,35,621,35461,34603,109,2,65,98,1.18429e+06,0,0,0,0,1,257,2279,0,380,3798,0,0,0,0,0,0,0,0,1659,-1632,0,0,166
1881.72,0,0,0,0,98,824,1.55927,0.0164606,1.56114,42,0,28,29,28,0,-2,0,0,0,53,3808,3941,311,144,35,621,35461,34603,109,2,65,98,1.18429e+06,0,0,0,0,1,0,87,2310,386,3815,0,0,0,0,0,0,0,0,1659,-1575,0,0,166
1881.73,0,0,0,0,98,821,1.55921,0.0165633,1.56196,42,0,28,29,28,0,-2,0,0,0,53,3808,3941,292,144,35,621,35461,34603,109,2,65,98,1.11194e+06,0,0,0,0,1,2458,0,0,389,3815,0,0,0,0,0,0,0,0,1659,-1563,0,0,166
1881.74,0,0,0,0,98,824,1.55915,0.0166659,1.56278,42,0,28,29,28,0,-2,0,0,0,53,3808,3941,292,144,35,621,35461,34603,109,2,65,98,1.11194e+06,0,0,0,0,1,0,2500,0,385,3831,0,0,0,0,0,0,0,0,1659,-1585,0,0,166
1881.75,0,0,0,0,98,820,1.5591,0.0167686,1.5636,42,0,28,29,28,0,-2,0,0,0,53,3808,3941,289,144,35,621,35461,34603,109,2,65,98,1.10051e+06,0,0,0,0,1,0,0,2500,384,3829,0,0,0,0,0,0,0,0,1659,-1684,0,0,166
1881.76,0,0,0,0,98,820,1.55904,0.0168712,1.56442,42,0,28,29,28,0,-2,0,0,0,53,3808,3941,289,144,35,621,35461,34603,109,2,65,98,1.10051e+06,0,0,0,0,1,0,0,2500,384,3829,0,0,0,0,0,0,0,0,1659,-1684,0,0,166
1881.77,0,0,0,0,98,811,1.55898,0.0169739,1.56524,42,0,28,29,28,0,-2,0,0,0,53,3809,3974,307,144,35,621,35461,34603,109,2,65,98,1.16936e+06,0,0,0,0,1,2500,0,0,389,3811,0,0,0,0,0,0,0,0,1659,-1745,0,0,166
1881.78,0,0,0,0,99,801,1.55892,0.0170766,1.56605,42,0,28,29,28,0,-2,0,0,0,53,3809,3974,321,144,35,621,35461,34603,109,2,65,98,1.22269e+06,0,0,0,0,1,0,2500,0,387,3815,0,0,0,0,0,0,0,0,1659,-1666,0,0,166
1881.79,0,0,0,0,99,791,1.55886,0.0171792,1.56687,42,0,28,29,28,0,-2,0,0,0,53,3803,3974,326,144,35,621,35461,34603,109,2,65,98,1.23978e+06,0,0,0,0,1,1853,0,945,375,3837,0,0,0,0,0,0,0,0,1659,-1706,0,0,166
1881.8,0,0,0,0,99,793,1.5588,0.0172819,1.56769,42,0,28,29,28,0,-2,0,0,0,52,3803,3974,326,144,35,621,35458,34723,109,2,61,98,1.23978e+06,0,0,0,0,1,28,2312,0,370,3813,0,0,0,0,0,0,0,0,1659,-1563,0,0,166
1881.81,0,0,0,0,99,790,1.55911,0.0172882,1.56709,42,0,28,29,28,0,-2,0,0,0,52,3801,3974,315,144,35,621,35458,34723,109,2,61,98,1.19732e+06,0,0,0,0,1,0,0,2500,377,3826,0,0,0,0,0,0,0,0,1659,-1712,0,0,166
1881.82,0,0,0,0,99,790,1.55941,0.0172945,1.56649,42,0,28,29,28,0,-2,0,0,0,52,3801,3974,286,144,35,621,35458,34723,109,2,61,98,1.08709e+06,0,0,0,0,1,0,0,2500,377,3826,0,0,0,0,0,0,0,0,1659,-1712,0,0,166
1881.83,0,0,0,0,99,786,1.55971,0.0173008,1.56589,42,0,28,29,28,0,-2,0,0,0,52,3801,3983,293,145,35,621,35458,34723,109,2,61,98,1.11369e+06,0,0,0,0,1,2278,82,0,373,3815,0,0,0,0,0,0,0,0,1659,-1555,0,0,166
1881.84,0,0,0,0,99,781,1.56001,0.0173072,1.56529,42,0,28,29,28,0,-2,0,0,0,52,3801,3983,293,145,35,621,35458,34723,109,2,61,98,1.11369e+06,0,0,0,0,1,0,642,2170,381,3826,0,0,0,0,0,0,0,0,1659,-1759,0,0,166
1881.85,0,0,0,0,99,764,1.56031,0.0173135,1.56469,42,0,28,29,28,0,-2,0,0,0,52,3814,3983,284,145,35,621,35458,34723,109,2,61,98,1.08318e+06,0,0,0,0,1,2500,0,0,369,3826,0,0,0,0,0,0,0,0,1659,-1729,0,0,166
1881.86,0,0,0,0,99,749,1.56062,0.0173198,1.56409,42,0,28,29,28,0,-2,0,0,0,52,3814,3983,310,145,35,621,35458,34723,109,2,61,98,1.18234e+06,0,0,0,0,1,0,990,1820,351,3846,0,0,0,0,0,0,0,0,1659,-1650,0,0,166
1881.87,0,0,0,0,99,741,1.56092,0.0173261,1.56349,42,0,28,29,28,0,-2,0,0,0,52,3817,3983,304,145,35,621,35458,34723,109,2,61,98,1.16037e+06,0,0,0,0,1,2500,0,0,352,3829,0,0,0,0,0,0,0,0,1659,-1699,0,0,166
1881.88,0,0,0,0,99,741,1.56122,0.0173324,1.56289,42,0,28,29,28,0,-2,0,0,0,52,3817,3983,304,145,35,621,35458,34723,109,2,61,98,1.16037e+06,0,0,0,0,1,2500,0,0,352,3829,0,0,0,0,0,0,0,0,1659,-1699,0,0,166
1881.89,0,0,0,0,99,753,1.56152,0.0173387,1.56229,42,0,28,29,28,0,-2,0,0,0,52,3802,3983,328,145,35,621,35458,34723,109,2,61,98,1.24706e+06,0,0,0,0,1,0,785,1939,355,3843,0,0,0,0,0,0,0,0,1659,-1686,0,0,166
1881.9,0,0,0,0,100,754,1.56183,0.0173451,1.56168,42,0,28,29,28,0,-2,0,0,0,52,3794,3983,326,145,35,621,35371,34559,110,2,65,98,1.23684e+06,0,0,0,0,1,2500,0,0,342,3829,0,0,0,0,0,0,0,0,1659,-1611,0,0,166
1881.91,0,0,0,0,99,748,1.56157,0.0173114,1.56138,42,0,28,29,28,0,-2,0,0,0,52,3794,3983,331,145,35,621,35371,34559,110,2,65,98,1.25581e+06,0,0,0,0,1,0,864,1970,357,3846,0,0,0,0,0,0,0,0,1659,-1697,0,0,166
1881.92,0,0,0,0,100,749,1.56131,0.0172778,1.56107,42,0,28,29,28,0,-2,0,0,0,52,3794,3983,331,145,35,621,35371,34559,110,2,65,98,1.25581e+06,0,0,0,0,1,2500,0,0,361,3833,0,0,0,0,0,0,0,0,1659,-1731,0,0,166
1881.93,0,0,0,0,100,745,1.56105,0.0172441,1.56077,42,0,28,29,28,0,-2,0,0,0,52,3797,3983,330,146,35,621,35371,34559,110,2,65,98,1.25301e+06,0,0,0,0,1,0,856,2011,365,3837,0,0,0,0,0,0,0,0,1659,-1738,0,0,166
1881.94,0,0,0,0,100,745,1.56079,0.0172105,1.56046,42,0,28,29,28,0,-2,0,0,0,52,3792,3983,348,146,35,621,35371,34559,110,2,65,98,1.31962e+06,0,0,0,0,1,0,856,2011,365,3837,0,0,0,0,0,0,0,0,1659,-1738,0,0,166
1881.95,0,0,0,0,100,736,1.56053,0.0171768,1.56016,42,0,28,29,28,0,-2,0,0,0,52,3792,3983,356,146,35,621,35371,34559,110,2,65,98,1.34995e+06,0,0,0,0,1,2500,0,0,358,3817,0,0,0,0,0,0,0,0,1659,-1723,0,0,166
1881.96,0,0,0,0,99,736,1.56027,0.0171432,1.55985,42,0,28,29,28,0,-2,0,0,0,52,3792,3983,356,146,35,621,35371,34559,110,2,65,98,1.34995e+06,0,0,0,0,1,0,161,2299,347,3820,0,0,0,0,0,0,0,0,1659,-1580,0,0,166
1881.97,0,0,0,0,100,744,1.56001,0.0171095,1.55955,42,0,28,29,28,0,-2,0,0,0,52,3792,3983,351,146,35,621,35371,34559,110,2,65,98,1.33099e+06,0,0,0,0,1,2259,0,0,340,3824,0,0,0,0,0,0,0,0,1659,-1503,0,0,166
1881.98,0,0,0,0,99,749,1.55975,0.0170759,1.55924,42,0,28,29,28,0,-2,0,0,0,52,3788,3983,346,146,35,621,35371,34559,110,2,65,98,1.31065e+06,0,0,0,0,1,0,42,2176,335,3831,0,0,0,0,0,0,0,0,1659,-1506,0,0,166
1881.99,0,0,0,0,99,755,1.55949,0.0170423,1.55893,42,0,28,29,28,0,-2,0,0,0,52,3788,3983,361,146,35,621,35371,34559,110,2,65,98,1.36747e+06,0,0,0,0,1,2366,0,0,348,3815,0,0,0,0,0,0,0,0,1659,-1551,0,0,166
1882,0,0,0,0,99,755,1.55923,0.0170086,1.55863,42,0,28,29,28,0,-2,0,0,0,53,3788,3983,361,146,35,621,35295,34480,110,2,68,98,1.36747e+06,0,0,0,0,1,2366,0,0,348,3815,0,0,0,0,0,0,0,0,1659,-1551,0,0,166
1882.01,0,0,0,0,99,757,1.55921,0.016984,1.55882,42,0,28,29,28,0,-2,0,0,0,53,3790,3983,376,146,35,621,35295,34480,110,2,68,98,1.42504e+06,0,0,0,0,1,0,269,2208,342,3826,0,0,0,0,0,0,0,0,1659,-1587,0,0,166
1882.02,0,0,0,0,100,751,1.5592,0.0169594,1.55901,42,0,28,29,28,0,-2,0,0,0,53,3786,3983,380,146,35,621,35295,34480,110,2,68,98,1.43868e+06,0,0,0,0,1,2500,0,0,368,3817,0,0,0,0,0,0,0,0,1659,-1718,0,0,166
1882.03,0,0,0,0,99,760,1.55918,0.0169348,1.5592,42,0,28,29,28,0,-2,0,0,0,53,3786,3983,390,146,35,621,35295,34480,110,2,68,98,1.47654e+06,0,0,0,0,1,0,667,2029,353,3835,0,0,0,0,0,0,0,0,1659,-1656,0,0,166
1882.04,0,0,0,0,99,756,1.55917,0.0169102,1.55939,42,0,28,29,28,0,-2,0,0,0,53,3786,3983,390,147,35,621,35295,34480,110,2,68,98,1.47654e+06,0,0,0,0,1,2500,0,0,368,3831,0,0,0,0,0,0,0,0,1659,-1744,0,0,166
1882.05,0,0,0,0,99,766,1.55915,0.0168856,1.55958,42,0,28,29,28,0,-2,0,0,0,53,3776,3983,384,147,35,621,35295,34480,110,2,68,98,1.44998e+06,0,0,0,0,1,0,1032,1672,348,3848,0,0,0,0,0,0,0,0,1659,-1592,0,0,166
1882.06,0,0,0,0,99,766,1.55914,0.016861,1.55976,42,0,28,29,28,0,-2,0,0,0,53,3776,3983,379,147,35,621,35295,34480,110,2,68,98,1.4311e+06,0,0,0,0,1,0,1032,1672,348,3848,0,0,0,0,0,0,0,0,1659,-1592,0,0,166
1882.07,0,0,0,0,99,764,1.55912,0.0168364,1.55995,42,0,28,29,28,0,-2,0,0,0,53,3779,3983,391,147,35,621,35295,34480,110,2,68,98,1.47759e+06,0,0,0,0,1,2500,0,0,342,3829,0,0,0,0,0,0,0,0,1659,-1512,0,0,166
1882.08,0,0,0,0,100,774,1.55911,0.0168118,1.56014,42,0,28,29,28,0,-2,0,0,0,53,3779,3983,391,147,35,621,35295,34480,110,2,68,98,1.47759e+06,0,0,0,0,1,0,2244,0,347,3826,0,0,0,0,0,0,0,0,1659,-1501,0,0,166
1882.09,0,0,0,0,99,772,1.55909,0.0167872,1.56033,42,0,28,29,28,0,-2,0,0,0,53,3773,3983,387,147,35,621,35295,34480,110,2,68,98,1.46015e+06,0,0,0,0,1,2175,0,455,359,3835,0,0,0,0,0,0,0,0,1659,-1675,0,0,166
1882.1,0,0,0,0,99,774,1.55908,0.0167626,1.56052,42,0,28,29,28,0,-2,0,0,0,53,3773,3983,369,147,35,621,35197,34337,110,2,68,98,1.39224e+06,0,0,0,0,1,0,2500,0,369,3829,0,0,0,0,0,0,0,0,1659,-1690,0,0,166
1882.11,0,0,0,0,100,774,1.55911,0.0167505,1.56082,42,0,28,29,28,0,-2,0,0,0,53,3774,3983,377,147,35,621,35197,34337,110,2,68,98,1.4228e+06,0,0,0,0,1,421,0,1974,355,3835,0,0,0,0,0,0,0,0,1659,-1500,0,0,166
1882.12,0,0,0,0,100,774,1.55915,0.0167383,1.56112,42,0,28,29,28,0,-2,0,0,0,53,3774,3983,377,147,35,621,35197,34337,110,2,68,98,1.4228e+06,0,0,0,0,1,421,0,1974,355,3835,0,0,0,0,0,0,0,0,1659,-1500,0,0,166
1882.13,0,0,0,0,100,774,1.55918,0.0167261,1.56141,42,0,28,29,28,0,-2,0,0,0,53,3781,3983,382,147,35,621,35197,34337,110,2,68,98,1.44434e+06,0,0,0,0,1,233,2337,0,371,3813,0,0,0,0,0,0,0,0,1659,-1662,0,0,166
1882.14,0,0,0,0,99,780,1.55922,0.0167139,1.56171,42,0,28,29,28,0,-2,0,0,0,53,3780,3983,376,149,35,621,35197,34337,110,2,68,98,1.42128e+06,0,0,0,0,1,0,0,2500,353,3837,0,0,0,0,0,0,0,0,1659,-1611,0,0,166
1882.15,0,0,0,0,99,778,1.55925,0.0167017,1.56201,42,0,28,29,28,0,-2,0,0,0,53,3780,3983,373,149,35,621,35197,34337,110,2,68,98,1.40994e+06,0,0,0,0,1,2011,468,0,368,3820,0,0,0,0,0,0,0,0,1659,-1545,0,0,166
1882.16,0,0,0,0,99,786,1.55929,0.0166895,1.5623,42,0,28,29,28,0,-2,0,0,0,53,3780,3983,373,149,35,621,35197,34337,110,2,68,98,1.40994e+06,0,0,0,0,1,0,460,2148,358,3822,0,0,0,0,0,0,0,0,1659,-1635,0,0,166
1882.17,0,0,0,0,100,771,1.55932,0.0166773,1.5626,42,0,28,29,28,0,-2,0,0,0,53,3774,3983,348,149,35,621,35197,34337,110,2,68,98,1.31335e+06,0,0,0,0,1,2500,0,0,375,3826,0,0,0,0,0,0,0,0,1659,-1718,0,0,166
1882.18,0,0,0,0,99,771,1.55935,0.0166651,1.5629,42,0,28,29,28,0,-2,0,0,0,53,3786,3983,345,149,35,621,35197,34337,110,2,68,98,1.30617e+06,0,0,0,0,1,2500,0,0,375,3826,0,0,0,0,0,0,0,0,1659,-1718,0,0,166
1882.19,0,0,0,0,99,772,1.55939,0.0166529,1.56319,42,0,28,29,28,0,-2,0,0,0,53,3786,3983,340,149,35,621,35197,34337,110,2,68,98,1.28724e+06,0,0,0,0,1,0,1951,562,369,3820,0,0,0,0,0,0,0,0,1659,-1559,0,0,166
1882.2,0,0,0,0,100,770,1.55942,0.0166407,1.56349,42,0,28,29,28,0,-2,0,0,0,53,3786,3983,340,149,35,621,35148,34226,110,2,61,98,1.28724e+06,0,0,0,0,1,2345,0,80,368,3809,0,0,0,0,0,0,0,0,1659,-1665,0,0,166
1882.21,0,0,0,0,100,783,1.55958,0.0166583,1.56367,42,0,28,29,28,0,-2,0,0,0,53,3788,4012,351,149,35,621,35148,34226,110,2,61,98,1.32959e+06,0,0,0,0,1,0,2500,0,354,3841,0,0,0,0,0,0,0,0,1659,-1609,0,0,166
1882.22,0,0,0,0,100,774,1.55973,0.0166759,1.56385,42,0,28,29,28,0,-2,0,0,0,53,3788,4012,351,149,35,621,35148,34226,110,2,61,98,1.32959e+06,0,0,0,0,1,661,0,1853,360,3829,0,0,0,0,0,0,0,0,1659,-1544,0,0,166
1882.23,0,0,0,0,100,773,1.55989,0.0166935,1.56403,42,0,28,29,28,0,-2,0,0,0,53,3788,4012,355,149,35,621,35148,34226,110,2,61,98,1.34474e+06,0,0,0,0,1,173,2353,0,372,3811,0,0,0,0,0,0,0,0,1659,-1649,0,0,166
1882.24,0,0,0,0,100,773,1.56005,0.0167111,1.56421,42,0,28,29,28,0,-2,0,0,0,53,3788,4012,355,150,35,621,35148,34226,110,2,61,98,1.34474e+06,0,0,0,0,1,173,2353,0,372,3811,0,0,0,0,0,0,0,0,1659,-1649,0,0,166
1882.25,0,0,0,0,99,781,1.5602,0.0167287,1.56438,42,0,28,29,28,0,-2,0,0,0,53,3787,4012,347,150,35,621,35148,34226,110,2,61,98,1.31409e+06,0,0,0,0,1,0,0,2500,360,3835,0,0,0,0,0,0,0,0,1659,-1639,0,0,166
1882.26,0,0,0,0,99,769,1.56036,0.0167462,1.56456,42,0,28,29,28,0,-2,0,0,0,53,3786,4012,348,150,35,621,35148,34226,110,2,61,98,1.31753e+06,0,0,0,0,1,1657,1105,0,369,3824,0,0,0,0,0,0,0,0,1659,-1626,0,0,166
1882.27,0,0,0,0,99,766,1.56051,0.0167638,1.56474,42,0,28,29,28,0,-2,0,0,0,53,3786,4012,349,150,35,621,35148,34226,110,2,61,98,1.32131e+06,0,0,0,0,1,0,0,2361,357,3824,0,0,0,0,0,0,0,0,1659,-1506,0,0,166
1882.28,0,0,0,0,99,767,1.56067,0.0167814,1.56492,42,0,28,29,28,0,-2,0,0,0,53,3786,4012,349,150,35,621,35148,34226,110,2,61,98,1.32131e+06,0,0,0,0,1,2500,0,0,368,3817,0,0,0,0,0,0,0,0,1659,-1679,0,0,166
1882.29,0,0,0,0,99,775,1.56082,0.016799,1.5651,42,0,28,29,28,0,-2,0,0,0,53,3781,4012,337,150,35,621,35148,34226,110,2,61,98,1.2742e+06,0,0,0,0,1,0,802,1842,352,3843,0,0,0,0,0,0,0,0,1659,-1637,0,0,166
1882.3,0,0,0,0,100,775,1.56098,0.0168166,1.56528,42,0,28,29,28,0,-2,0,0,0,53,3785,4012,360,150,35,621,35246,34249,109,2,65,98,1.3626e+06,0,0,0,0,1,0,802,1842,352,3843,0,0,0,0,0,0,0,0,1659,-1637,0,0,166
1882.31,0,0,0,0,100,771,1.56075,0.0168196,1.5651,42,0,28,29,28,0,-2,0,0,0,53,3785,4012,343,150,35,621,35246,34249,109,2,65,98,1.29826e+06,0,0,0,0,1,2500,0,0,370,3833,0,0,0,0,0,0,0,0,1659,-1667,0,0,166
1882.32,0,0,0,0,99,773,1.56052,0.0168226,1.56493,42,0,28,29,28,0,-2,0,0,0,53,3785,4012,343,150,35,621,35246,34249,109,2,65,98,1.29826e+06,0,0,0,0,1,0,2241,115,363,3826,0,0,0,0,0,0,0,0,1659,-1539,0,0,166
1882.33,0,0,0,0,100,766,1.56029,0.0168256,1.56476,42,0,28,29,28,0,-2,0,0,0,53,3778,4012,359,150,35,621,35246,34249,109,2,65,98,1.3563e+06,0,0,0,0,1,2337,0,279,369,3820,0,0,0,0,0,0,0,0,1659,-1675,0,0,166
1882.34,0,0,0,0,99,765,1.56006,0.0168286,1.56459,42,0,28,29,28,0,-2,0,0,0,53,3775,4012,344,150,35,621,35246,34249,109,2,65,98,1.2986e+06,0,0,0,0,1,0,2500,0,371,3815,0,0,0,0,0,0,0,0,1659,-1735,0,0,166
1882.35,0,0,0,0,99,765,1.55983,0.0168316,1.56442,42,0,28,29,28,0,-2,0,0,0,53,3775,4012,351,151,35,621,35246,34249,109,2,65,98,1.32502e+06,0,0,0,0,1,1798,0,1064,368,3837,0,0,0,0,0,0,0,0,1659,-1734,0,0,166
1882.36,0,0,0,0,99,765,1.5596,0.0168346,1.56425,42,0,28,29,28,0,-2,0,0,0,53,3775,4012,351,151,35,621,35246,34249,109,2,65,98,1.32502e+06,0,0,0,0,1,1798,0,1064,368,3837,0,0,0,0,0,0,0,0,1659,-1734,0,0,166
1882.37,0,0,0,0,99,770,1.55937,0.0168375,1.56407,42,0,28,29,28,0,-2,0,0,0,53,3784,4012,340,151,35,621,35246,34249,109,2,65,98,1.28656e+06,0,0,0,0,1,0,2500,0,359,3826,0,0,0,0,0,0,0,0,1659,-1563,0,0,166
1882.38,0,0,0,0,100,766,1.55914,0.0168405,1.5639,42,0,28,29,28,0,-2,0,0,0,53,3788,4012,361,151,35,621,35246,34249,109,2,65,98,1.36747e+06,0,0,0,0,1,16,0,2281,360,3826,0,0,0,0,0,0,0,0,1659,-1545,0,0,166
1882.39,0,0,0,0,100,768,1.55891,0.0168435,1.56373,42,0,28,29,28,0,-2,0,0,0,53,3788,4012,354,151,35,621,35246,34249,109,2,65,98,1.34095e+06,0,0,0,0,1,353,2318,0,368,3813,0,0,0,0,0,0,0,0,1659,-1697,0,0,166
1882.4,0,0,0,0,99,769,1.55868,0.0168465,1.56356,42,0,28,29,28,0,-2,0,0,0,52,3788,4012,354,151,35,621,35282,34401,110,2,65,98,1.34095e+06,0,0,0,0,1,0,0,2500,369,3831,0,0,0,0,0,0,0,0,1659,-1708,0,0,166
1882.41,0,0,0,0,100,763,1.55895,0.0168225,1.56338,42,0,28,29,28,0,-2,0,0,0,52,3781,4012,365,151,35,621,35282,34401,110,2,65,98,1.38006e+06,0,0,0,0,1,1275,1599,0,364,3824,0,0,0,0,0,0,0,0,1659,-1680,0,0,166
1882.42,0,0,0,0,99,763,1.55922,0.0167986,1.5632,42,0,28,29,28,0,-2,0,0,0,52,3781,4012,367,151,35,621,35282,34401,110,2,65,98,1.38763e+06,0,0,0,0,1,1275,1599,0,364,3824,0,0,0,0,0,0,0,0,1659,-1680,0,0,166
1882.43,0,0,0,0,100,757,1.55948,0.0167746,1.56302,42,0,28,29,28,0,-2,0,0,0,52,3781,4012,373,151,35,621,35282,34401,110,2,65,98,1.41031e+06,0,0,0,0,1,0,0,2500,355,3839,0,0,0,0,0,0,0,0,1659,-1599,0,0,166
1882.44,0,0,0,0,100,759,1.55975,0.0167506,1.56284,42,0,28,29,28,0,-2,0,0,0,52,3781,4012,373,151,35,621,35282,34401,110,2,65,98,1.41031e+06,0,0,0,0,1,1823,697,0,356,3822,0,0,0,0,0,0,0,0,1659,-1521,0,0,166
1882.45,0,0,0,0,99,768,1.56002,0.0167266,1.56266,42,0,28,29,28,0,-2,0,0,0,52,3773,4012,351,152,35,621,35282,34401,110,2,65,98,1.32432e+06,0,0,0,0,1,0,58,2187,346,3824,0,0,0,0,0,0,0,0,1659,-1532,0,0,166
1882.46,0,0,0,0,99,764,1.56029,0.0167026,1.56248,42,0,28,29,28,0,-2,0,0,0,52,3773,4012,375,152,35,621,35282,34401,110,2,65,98,1.41488e+06,0,0,0,0,1,2500,0,0,371,3805,0,0,0,0,0,0,0,0,1659,-1717,0,0,166
1882.47,0,0,0,0,99,771,1.56056,0.0166787,1.5623,42,0,28,29,28,0,-2,0,0,0,52,3773,4012,369,152,35,621,35282,34401,110,2,65,98,1.39224e+06,0,0,0,0,1,0,745,2021,361,3829,0,0,0,0,0,0,0,0,1659,-1685,0,0,166
1882.48,0,0,0,0,100,771,1.56083,0.0166547,1.56213,42,0,28,29,28,0,-2,0,0,0,52,3773,4012,369,152,35,621,35282,34401,110,2,65,98,1.39224e+06,0,0,0,0,1,0,745,2021,361,3829,0,0,0,0,0,0,0,0,1659,-1685,0,0,166
1882.49,0,0,0,0,99,759,1.5611,0.0166307,1.56195,42,0,28,29,28,0,-2,0,0,0,52,3783,4012,375,152,35,621,35282,34401,110,2,65,98,1.41862e+06,0,0,0,0,1,2500,0,0,366,3822,0,0,0,0,0,0,0,0,1659,-1728,0,0,166
1882.5,0,0,0,0,99,755,1.56137,0.0166067,1.56177,42,0,28,29,28,0,-2,0,0,0,52,3783,4012,381,152,35,621,35261,34293,109,2,65,98,1.44132e+06,0,0,0,0,1,0,1353,1434,363,3833,0,0,0,0,0,0,0,0,1659,-1683,0,0,166
1882.51,0,0,0,0,99,757,1.56139,0.0166642,1.56186,42,0,28,29,28,0,-2,0,0,0,52,3777,4012,369,152,35,621,35261,34293,109,2,65,98,1.39371e+06,0,0,0,0,1,2500,0,0,359,3829,0,0,0,0,0,0,0,0,1659,-1610,0,0,166
1882.52,0,0,0,0,99,766,1.56141,0.0167218,1.56195,42,0,28,29,28,0,-2,0,0,0,52,3777,4012,369,152,35,621,35261,34293,109,2,65,98,1.39371e+06,0,0,0,0,1,0,2027,326,350,3826,0,0,0,0,0,0,0,0,1659,-1475,0,0,166
1882.53,0,0,0,0,99,759,1.56144,0.0167793,1.56205,42,0,28,29,28,0,-2,0,0,0,52,3772,4012,368,152,35,621,35261,34293,109,2,65,98,1.3881e+06,0,0,0,0,1,2312,0,150,358,3809,0,0,0,0,0,0,0,0,1659,-1610,0,0,166
1882.54,0,0,0,0,100,759,1.56146,0.0168368,1.56214,42,0,28,29,28,0,-2,0,0,0,52,3772,4012,386,152,35,621,35261,34293,109,2,65,98,1.45599e+06,0,0,0,0,1,2312,0,150,358,3809,0,0,0,0,0,0,0,0,1659,-1610,0,0,166
1882.55,0,0,0,0,99,766,1.56148,0.0168943,1.56223,42,0,28,29,28,0,-2,0,0,0,52,3779,4012,372,152,35,621,35261,34293,109,2,65,98,1.40579e+06,0,0,0,0,1,0,2500,0,365,3820,0,0,0,0,0,0,0,0,1659,-1684,0,0,166
1882.56,0,0,0,0,99,764,1.5615,0.0169519,1.56232,42,0,28,29,28,0,-2,0,0,0,52,3779,4012,372,153,35,621,35261,34293,109,2,65,98,1.40579e+06,0,0,0,0,1,2054,0,734,364,3835,0,0,0,0,0,0,0,0,1659,-1712,0,0,166
1882.57,0,0,0,0,99,761,1.56153,0.0170094,1.56242,42,0,28,29,28,0,-2,0,0,0,52,3773,4012,378,153,35,621,35261,34293,109,2,65,98,1.42619e+06,0,0,0,0,1,0,2500,0,364,3835,0,0,0,0,0,0,0,0,1659,-1695,0,0,166
1882.58,0,0,0,0,100,756,1.56155,0.0170669,1.56251,42,0,28,29,28,0,-2,0,0,0,52,3773,4012,370,153,35,621,35261,34293,109,2,65,98,1.39601e+06,0,0,0,0,1,1620,0,1218,361,3839,0,0,0,0,0,0,0,0,1659,-1686,0,0,166
1882.59,0,0,0,0,100,759,1.56157,0.0171244,1.5626,42,0,28,29,28,0,-2,0,0,0,52,3773,4000,375,153,35,621,35261,34293,109,2,65,98,1.41488e+06,0,0,0,0,1,0,2500,0,357,3829,0,0,0,0,0,0,0,0,1659,-1592,0,0,166
1882.6,0,0,0,0,100,759,1.56159,0.017182,1.5627,42,0,28,29,28,0,-2,0,0,0,53,3773,4000,375,153,35,621,35164,34151,110,2,65,98,1.41488e+06,0,0,0,0,1,0,2500,0,357,3829,0,0,0,0,0,0,0,0,1659,-1592,0,0,166
1882.61,0,0,0,0,100,759,1.56134,0.0171445,1.56266,42,0,28,29,28,0,-2,0,0,0,53,3778,4000,358,153,35,621,35164,34151,110,2,65,98,1.35252e+06,0,0,0,0,1,491,0,1961,361,3831,0,0,0,0,0,0,0,0,1659,-1554,0,0,166
1882.62,0,0,0,0,100,768,1.56109,0.017107,1.56262,42,0,28,29,28,0,-2,0,0,0,53,3784,4000,376,153,35,621,35164,34151,110,2,65,98,1.42278e+06,0,0,0,0,1,91,2253,0,353,3813,0,0,0,0,0,0,0,0,1659,-1546,0,0,166
1882.63,0,0,0,0,100,763,1.56085,0.0170695,1.56259,42,0,28,29,28,0,-2,0,0,0,53,3784,4000,374,153,35,621,35164,34151,110,2,65,98,1.41522e+06,0,0,0,0,1,0,0,2500,357,3822,0,0,0,0,0,0,0,0,1659,-1665,0,0,166
1882.64,0,0,0,0,100,760,1.5606,0.0170321,1.56255,42,0,28,29,28,0,-2,0,0,0,53,3784,4000,374,153,35,621,35164,34151,110,2,65,98,1.41522e+06,0,0,0,0,1,634,2232,0,372,3800,0,0,0,0,0,0,0,0,1659,-1758,0,0,166
1882.65,0,0,0,0,99,763,1.56035,0.0169946,1.56252,42,0,28,29,28,0,-2,0,0,0,53,3776,4000,363,153,35,621,35164,34151,110,2,65,98,1.37069e+06,0,0,0,0,1,0,0,2500,368,3824,0,0,0,0,0,0,0,0,1659,-1722,0,0,166
1882.66,0,0,0,0,100,763,1.5601,0.0169571,1.56248,42,0,28,29,28,0,-2,0,0,0,53,3771,4000,355,154,35,621,35164,34151,110,2,65,98,1.3387e+06,0,0,0,0,1,0,0,2500,368,3824,0,0,0,0,0,0,0,0,1659,-1722,0,0,166
1882.67,0,0,0,0,100,766,1.55985,0.0169196,1.56245,42,0,28,29,28,0,-2,0,0,0,53,3771,4000,365,154,35,621,35164,34151,110,2,65,98,1.37642e+06,0,0,0,0,1,1515,1173,0,356,3829,0,0,0,0,0,0,0,0,1659,-1531,0,0,166
1882.68,0,0,0,0,99,763,1.5596,0.0168822,1.56241,42,0,28,29,28,0,-2,0,0,0,53,3771,4000,365,154,35,621,35164,34151,110,2,65,98,1.37642e+06,0,0,0,0,1,0,0,2478,359,3831,0,0,0,0,0,0,0,0,1659,-1514,0,0,166
1882.69,0,0,0,0,99,766,1.55935,0.0168447,1.56237,42,0,28,29,28,0,-2,0,0,0,53,3780,4000,370,154,35,621,35164,34151,110,2,65,98,1.3986e+06,0,0,0,0,1,2394,0,0,355,3809,0,0,0,0,0,0,0,0,1659,-1615,0,0,166
1882.7,0,0,0,0,99,769,1.5591,0.0168072,1.56234,42,0,28,29,28,0,-2,0,0,0,53,3780,4000,365,154,35,621,35225,34407,109,2,68,98,1.3797e+06,0,0,0,0,1,0,517,2162,363,3817,0,0,0,0,0,0,0,0,1659,-1702,0,0,166
1882.71,0,0,0,0,100,766,1.55903,0.0168131,1.56229,42,0,28,29,28,0,-2,0,0,0,53,3780,4000,358,154,35,621,35225,34407,109,2,68,98,1.35324e+06,0,0,0,0,1,2500,0,0,369,3822,0,0,0,0,0,0,0,0,1659,-1713,0,0,166
1882.72,0,0,0,0,100,766,1.55896,0.016819,1.56224,42,0,28,29,28,0,-2,0,0,0,53,3780,4000,358,154,35,621,35225,34407,109,2,68,98,1.35324e+06,0,0,0,0,1,2500,0,0,369,3822,0,0,0,0,0,0,0,0,1659,-1713,0,0,166
1882.73,0,0,0,0,99,765,1.55889,0.0168249,1.56219,42,0,28,29,28,0,-2,0,0,0,53,3778,4000,370,154,35,621,35225,34407,109,2,68,98,1.39786e+06,0,0,0,0,1,0,1626,1095,362,3833,0,0,0,0,0,0,0,0,1659,-1599,0,0,166
1882.74,0,0,0,0,100,760,1.55882,0.0168308,1.56214,42,0,28,29,28,0,-2,0,0,0,53,3778,4000,364,154,35,621,35225,34407,109,2,68,98,1.37519e+06,0,0,0,0,1,2479,0,0,358,3820,0,0,0,0,0,0,0,0,1659,-1530,0,0,166
1882.75,0,0,0,0,100,767,1.55875,0.0168367,1.56209,42,0,28,29,28,0,-2,0,0,0,53,3778,4000,370,154,35,621,35225,34407,109,2,68,98,1.39786e+06,0,0,0,0,1,0,2415,0,359,3809,0,0,0,0,0,0,0,0,1659,-1590,0,0,166
1882.76,0,0,0,0,99,769,1.55868,0.0168426,1.56204,42,0,28,29,28,0,-2,0,0,0,53,3778,4000,370,155,35,621,35225,34407,109,2,68,98,1.39786e+06,0,0,0,0,1,2154,0,476,360,3829,0,0,0,0,0,0,0,0,1659,-1665,0,0,166
1882.77,0,0,0,0,99,771,1.55861,0.0168485,1.562,42,0,28,29,28,0,-2,0,0,0,53,3777,4000,362,155,35,621,35225,34407,109,2,68,98,1.36727e+06,0,0,0,0,1,0,2500,0,364,3822,0,0,0,0,0,0,0,0,1659,-1679,0,0,166
1882.78,0,0,0,0,100,771,1.55854,0.0168544,1.56195,42,0,28,29,28,0,-2,0,0,0,53,3777,4000,360,155,35,621,35225,34407,109,2,68,98,1.35972e+06,0,0,0,0,1,0,2500,0,364,3822,0,0,0,0,0,0,0,0,1659,-1679,0,0,166
1882.79,0,0,0,0,99,767,1.55847,0.0168603,1.5619,42,0,28,29,28,0,-2,0,0,0,53,3771,4000,351,155,35,621,35225,34407,109,2,68,98,1.32362e+06,0,0,0,0,1,690,0,1861,363,3831,0,0,0,0,0,0,0,0,1659,-1542,0,0,166
1882.8,0,0,0,0,100,765,1.5584,0.0168662,1.56185,42,0,28,29,28,0,-2,0,0,0,52,3771,4000,351,155,35,621,35215,34394,110,2,68,98,1.32362e+06,0,0,0,0,1,0,2376,0,369,3809,0,0,0,0,0,0,0,0,1659,-1576,0,0,166
1882.81,0,0,0,0,100,762,1.55866,0.0168662,1.56183,42,0,28,29,28,0,-2,0,0,0,52,3783,4000,366,155,35,621,35215,34394,110,2,68,98,1.38458e+06,0,0,0,0,1,0,0,2500,372,3815,0,0,0,0,0,0,0,0,1659,-1689,0,0,166
1882.82,0,0,0,0,100,762,1.55892,0.0168662,1.56181,42,0,28,29,28,0,-2,0,0,0,52,3783,4002,367,155,35,621,35215,34394,110,2,68,98,1.38836e+06,0,0,0,0,1,411,2265,0,364,3820,0,0,0,0,0,0,0,0,1659,-1686,0,0,166
1882.83,0,0,0,0,100,764,1.55918,0.0168662,1.56179,42,0,28,29,28,0,-2,0,0,0,52,3783,4002,371,155,35,621,35215,34394,110,2,68,98,1.40349e+06,0,0,0,0,1,0,0,2500,363,3824,0,0,0,0,0,0,0,0,1659,-1702,0,0,166
1882.84,0,0,0,0,100,764,1.55944,0.0168662,1.56177,42,0,28,29,28,0,-2,0,0,0,52,3783,4002,371,155,35,621,35215,34394,110,2,68,98,1.40349e+06,0,0,0,0,1,0,0,2500,363,3824,0,0,0,0,0,0,0,0,1659,-1702,0,0,166
1882.85,0,0,0,0,100,764,1.5597,0.0168662,1.56175,42,0,28,29,28,0,-2,0,0,0,52,3778,4002,368,155,35,621,35215,34394,110,2,68,98,1.3903e+06,0,0,0,0,1,1237,1554,0,352,3820,0,0,0,0,0,0,0,0,1659,-1631,0,0,166
1882.86,0,0,0,0,99,769,1.55996,0.0168662,1.56173,42,0,28,29,28,0,-2,0,0,0,52,3771,4002,357,155,35,621,35215,34394,110,2,68,98,1.34625e+06,0,0,0,0,1,0,0,2472,363,3831,0,0,0,0,0,0,0,0,1659,-1543,0,0,166
1882.87,0,0,0,0,100,768,1.56022,0.0168661,1.56171,42,0,28,29,28,0,-2,0,0,0,52,3771,4002,357,156,35,621,35215,34394,110,2,68,98,1.34625e+06,0,0,0,0,1,2448,0,0,364,3807,0,0,0,0,0,0,0,0,1659,-1610,0,0,166
1882.88,0,0,0,0,99,762,1.56048,0.0168661,1.56169,42,0,28,29,28,0,-2,0,0,0,52,3771,4002,357,156,35,621,35215,34394,110,2,68,98,1.34625e+06,0,0,0,0,1,0,314,2304,366,3809,0,0,0,0,0,0,0,0,1659,-1693,0,0,166
1882.89,0,0,0,0,99,756,1.56074,0.0168661,1.56167,42,0,28,29,28,0,-2,0,0,0,52,3776,4002,369,156,35,621,35215,34394,110,2,68,98,1.39334e+06,0,0,0,0,1,2500,0,0,366,3813,0,0,0,0,0,0,0,0,1659,-1722,0,0,166
1882.9,0,0,0,0,100,756,1.561,0.0168661,1.56165,42,0,28,29,28,0,-2,0,0,0,53,3776,4001,369,156,35,621,35203,34186,110,2,65,98,1.39334e+06,0,0,0,0,1,2500,0,0,366,3813,0,0,0,0,0,0,0,0,1659,-1722,0,0,166
1882.91,0,0,0,0,100,758,1.5609,0.0168546,1.56162,42,0,28,29,28,0,-2,0,0,0,53,3776,4001,371,156,35,621,35203,34186,110,2,65,98,1.4009e+06,0,0,0,0,1,0,712,2099,368,3820,0,0,0,0,0,0,0,0,1659,-1728,0,0,166
1882.92,0,0,0,0,99,762,1.56079,0.0168432,1.56158,42,0,28,29,28,0,-2,0,0,0,53,3776,4001,371,156,35,621,35203,34186,110,2,65,98,1.4009e+06,0,0,0,0,1,2500,0,0,356,3824,0,0,0,0,0,0,0,0,1659,-1648,0,0,166
1882.93,0,0,0,0,100,763,1.56069,0.0168317,1.56155,42,0,28,29,28,0,-2,0,0,0,53,3775,4001,352,156,35,621,35203,34186,110,2,65,98,1.3288e+06,0,0,0,0,1,0,1412,1334,357,3839,0,0,0,0,0,0,0,0,1659,-1622,0,0,166
1882.94,0,0,0,0,100,760,1.56058,0.0168202,1.56152,42,0,28,29,28,0,-2,0,0,0,53,3775,4001,349,156,35,621,35203,34186,110,2,65,98,1.31748e+06,0,0,0,0,1,2500,0,0,359,3831,0,0,0,0,0,0,0,0,1659,-1556,0,0,166
1882.95,0,0,0,0,99,759,1.56048,0.0168087,1.56149,42,0,28,29,28,0,-2,0,0,0,53,3775,4001,366,156,35,621,35203,34186,110,2,65,98,1.38165e+06,0,0,0,0,1,0,2274,74,366,3817,0,0,0,0,0,0,0,0,1659,-1580,0,0,166
1882.96,0,0,0,0,100,759,1.56037,0.0167973,1.56145,42,0,28,29,28,0,-2,0,0,0,53,3775,4001,366,156,35,621,35203,34186,110,2,65,98,1.38165e+06,0,0,0,0,1,0,2274,74,366,3817,0,0,0,0,0,0,0,0,1659,-1580,0,0,166
1882.97,0,0,0,0,100,753,1.56027,0.0167858,1.56142,42,0,28,29,28,0,-2,0,0,0,53,3778,4001,364,156,35,621,35203,34186,110,2,65,98,1.37519e+06,0,0,0,0,1,2370,0,0,365,3809,0,0,0,0,0,0,0,0,1659,-1599,0,0,166
1882.98,0,0,0,0,100,751,1.56016,0.0167743,1.56139,42,0,28,29,28,0,-2,0,0,0,53,3778,4001,367,156,35,621,35203,34186,110,2,65,98,1.38653e+06,0,0,0,0,1,0,2318,13,354,3820,0,0,0,0,0,0,0,0,1659,-1547,0,0,166
1882.99,0,0,0,0,100,752,1.56006,0.0167628,1.56135,42,0,28,29,28,0,-2,0,0,0,53,3779,4001,374,156,35,621,35203,34186,110,2,65,98,1.41335e+06,0,0,0,0,1,2304,0,41,358,3815,0,0,0,0,0,0,0,0,1659,-1574,0,0,166
1883,0,0,0,0,100,758,1.55995,0.0167514,1.56132,42,0,28,29,28,0,-2,0,0,0,53,3779,4001,374,156,35,621,35205,34308,110,2,65,98,1.41335e+06,0,0,0,0,1,0,2472,0,348,3817,0,0,0,0,0,0,0,0,1659,-1595,0,0,166
1883.01,0,0,0,0,100,755,1.55962,0.0167388,1.56141,42,0,28,29,28,0,-2,0,0,0,53,3774,4001,353,156,35,621,35205,34308,110,2,65,98,1.33222e+06,0,0,0,0,1,2335,0,316,368,3822,0,0,0,0,0,0,0,0,1659,-1718,0,0,166
1883.02,0,0,0,0,100,755,1.55928,0.0167263,1.5615,42,0,28,29,28,0,-2,0,0,0,53,3774,4001,358,156,35,621,35205,34308,110,2,65,98,1.35109e+06,0,0,0,0,1,2335,0,316,368,3822,0,0,0,0,0,0,0,0,1659,-1718,0,0,166
1883.03,0,0,0,0,100,755,1.55895,0.0167138,1.56158,42,0,28,29,28,0,-2,0,0,0,53,3777,4001,366,156,35,621,35205,34308,110,2,65,98,1.38238e+06,0,0,0,0,1,0,2500,0,360,3822,0,0,0,0,0,0,0,0,1659,-1688,0,0,166
1883.04,0,0,0,0,100,754,1.55861,0.0167012,1.56167,42,0,28,29,28,0,-2,0,0,0,53,3777,4001,366,156,35,621,35205,34308,110,2,65,98,1.38238e+06,0,0,0,0,1,2167,0,588,362,3831,0,0,0,0,0,0,0,0,1659,-1707,0,0,166
1883.05,0,0,0,0,99,751,1.55828,0.0166887,1.56176,42,0,28,29,28,0,-2,0,0,0,53,3777,4001,367,156,35,621,35205,34308,110,2,65,98,1.38616e+06,0,0,0,0,1,0,2500,0,366,3817,0,0,0,0,0,0,0,0,1659,-1734,0,0,166
1883.06,0,0,0,0,100,746,1.55794,0.0166762,1.56184,42,0,28,29,28,0,-2,0,0,0,53,3777,4001,365,156,35,621,35205,34308,110,2,65,98,1.3786e+06,0,0,0,0,1,2251,0,503,365,3824,0,0,0,0,0,0,0,0,1659,-1737,0,0,166
1883.07,0,0,0,0,100,757,1.55761,0.0166636,1.56193,42,0,28,29,28,0,-2,0,0,0,53,3777,4001,362,156,35,621,35205,34308,110,2,65,98,1.36727e+06,0,0,0,0,1,0,2500,0,354,3817,0,0,0,0,0,0,0,0,1659,-1667,0,0,166
1883.08,0,0,0,0,99,757,1.55727,0.0166511,1.56202,42,0,28,29,28,0,-2,0,0,0,53,3777,4001,362,156,35,621,35205,34308,110,2,65,98,1.36727e+06,0,0,0,0,1,0,2500,0,354,3817,0,0,0,0,0,0,0,0,1659,-1667,0,0,166
1883.09,0,0,0,0,100,754,1.55694,0.0166386,1.56211,42,0,28,29,28,0,-2,0,0,0,53,3774,4001,368,156,35,621,35205,34308,110,2,65,98,1.38883e+06,0,0,0,0,1,1972,0,701,345,3841,0,0,0,0,0,0,0,0,1659,-1652,0,0,166
1883.1,0,0,0,0,99,759,1.55661,0.016626,1.56219,42,0,28,29,28,0,-2,0,0,0,52,3778,4001,373,156,35,621,35193,34364,109,2,68,98,1.40919e+06,0,0,0,0,1,0,2500,0,359,3831,0,0,0,0,0,0,0,0,1659,-1673,0,0,166
1883.11,0,0,0,0,99,763,1.55677,0.0166154,1.56184,42,0,28,29,28,0,-2,0,0,0,52,3778,4001,376,156,35,621,35193,34364,109,2,68,98,1.42053e+06,0,0,0,0,1,1058,0,1492,343,3852,0,0,0,0,0,0,0,0,1659,-1525,0,0,166
1883.12,0,0,0,0,99,753,1.55694,0.0166048,1.56148,42,0,28,29,28,0,-2,0,0,0,52,3778,4001,376,156,35,621,35193,34364,109,2,68,98,1.42053e+06,0,0,0,0,1,0,2500,0,358,3826,0,0,0,0,0,0,0,0,1659,-1595,0,0,166
1883.13,0,0,0,0,100,755,1.5571,0.0165943,1.56112,42,0,28,29,28,0,-2,0,0,0,52,3769,3999,359,156,35,621,35193,34364,109,2,68,98,1.35307e+06,0,0,0,0,1,771,0,1787,356,3841,0,0,0,0,0,0,0,0,1659,-1539,0,0,166
1883.14,0,0,0,0,99,755,1.55727,0.0165837,1.56076,42,0,28,29,28,0,-2,0,0,0,52,3769,3999,358,156,35,621,35193,34364,109,2,68,98,1.3493e+06,0,0,0,0,1,771,0,1787,356,3841,0,0,0,0,0,0,0,0,1659,-1539,0,0,166
1883.15,0,0,0,0,99,756,1.55743,0.0165731,1.56041,42,0,28,29,28,0,-2,0,0,0,52,3772,3999,352,156,35,621,35193,34364,109,2,68,98,1.32774e+06,0,0,0,0,1,0,2349,0,351,3813,0,0,0,0,0,0,0,0,1659,-1515,0,0,166
1883.16,0,0,0,0,100,763,1.5576,0.0165625,1.56005,42,0,28,29,28,0,-2,0,0,0,52,3772,3999,352,156,35,621,35193,34364,109,2,68,98,1.32774e+06,0,0,0,0,1,0,0,2373,358,3820,0,0,0,0,0,0,0,0,1659,-1579,0,0,166
1883.17,0,0,0,0,100,768,1.55776,0.0165519,1.55969,42,0,28,29,28,0,-2,0,0,0,52,3779,3999,370,156,35,621,35193,34364,109,2,68,98,1.39823e+06,0,0,0,0,1,431,2169,0,351,3805,0,0,0,0,0,0,0,0,1659,-1630,0,0,166
1883.18,0,0,0,0,100,762,1.55792,0.0165413,1.55933,42,0,28,29,28,0,-2,0,0,0,52,3779,3999,370,156,35,621,35193,34364,109,2,68,98,1.39823e+06,0,0,0,0,1,0,0,2500,366,3824,0,0,0,0,0,0,0,0,1659,-1703,0,0,166
1883.19,0,0,0,0,99,763,1.55809,0.0165307,1.55898,42,0,28,29,28,0,-2,0,0,0,52,3779,3998,373,156,35,621,35193,34364,109,2,68,98,1.40957e+06,0,0,0,0,1,1190,1595,0,355,3826,0,0,0,0,0,0,0,0,1659,-1609,0,0,166
1883.2,0,0,0,0,100,763,1.55825,0.0165201,1.55862,42,0,28,29,28,0,-2,0,0,0,52,3779,3998,373,156,35,621,35212,34289,109,2,65,98,1.40957e+06,0,0,0,0,1,1190,1595,0,355,3826,0,0,0,0,0,0,0,0,1659,-1609,0,0,166
1883.21,0,0,0,0,100,763,1.5585,0.0165682,1.55936,42,0,28,29,28,0,-2,0,0,0,52,3769,3998,354,156,35,621,35212,34289,109,2,65,98,1.33423e+06,0,0,0,0,1,0,0,2500,369,3829,0,0,0,0,0,0,0,0,1659,-1589,0,0,166
1883.22,0,0,0,0,100,765,1.55874,0.0166163,1.56011,42,0,28,29,28,0,-2,0,0,0,52,3769,3998,357,156,35,621,35212,34289,109,2,65,98,1.34553e+06,0,0,0,0,1,2175,183,0,360,3813,0,0,0,0,0,0,0,0,1659,-1551,0,0,166
1883.23,0,0,0,0,100,764,1.55898,0.0166644,1.56085,42,0,28,29,28,0,-2,0,0,0,52,3772,3998,355,156,35,621,35212,34289,109,2,65,98,1.33906e+06,0,0,0,0,1,0,222,2293,361,3809,0,0,0,0,0,0,0,0,1659,-1600,0,0,166
1883.24,0,0,0,0,100,764,1.55922,0.0167125,1.56159,42,0,28,29,28,0,-2,0,0,0,52,3772,3998,355,156,35,621,35212,34289,109,2,65,98,1.33906e+06,0,0,0,0,1,2500,0,0,357,3813,0,0,0,0,0,0,0,0,1659,-1670,0,0,166
1883.25,0,0,0,0,100,771,1.55946,0.0167606,1.56234,42,0,28,29,28,0,-2,0,0,0,52,3780,3998,371,156,35,621,35212,34289,109,2,65,98,1.40238e+06,0,0,0,0,1,0,1190,1537,358,3841,0,0,0,0,0,0,0,0,1659,-1636,0,0,166
1883.26,0,0,0,0,100,771,1.5597,0.0168087,1.56308,42,0,28,29,28,0,-2,0,0,0,52,3780,3998,378,156,35,621,35212,34289,109,2,65,98,1.42884e+06,0,0,0,0,1,0,1190,1537,358,3841,0,0,0,0,0,0,0,0,1659,-1636,0,0,166
1883.27,0,0,0,0,100,769,1.55995,0.0168568,1.56382,42,0,28,29,28,0,-2,0,0,0,52,3780,3998,378,156,35,621,35212,34289,109,2,65,98,1.42884e+06,0,0,0,0,1,2500,0,0,364,3822,0,0,0,0,0,0,0,0,1659,-1556,0,0,166
1883.28,0,0,0,0,100,768,1.56019,0.0169049,1.56456,42,0,28,29,28,0,-2,0,0,0,52,3780,3998,378,157,35,621,35212,34289,109,2,65,98,1.42884e+06,0,0,0,0,1,0,2384,0,364,3803,0,0,0,0,0,0,0,0,1659,-1589,0,0,166
1883.29,0,0,0,0,100,760,1.56043,0.016953,1.56531,42,0,28,29,28,0,-2,0,0,0,52,3768,3998,364,157,35,621,35212,34289,109,2,65,98,1.37155e+06,0,0,0,0,1,2312,0,342,369,3813,0,0,0,0,0,0,0,0,1659,-1715,0,0,166
1883.3,0,0,0,0,100,763,1.56067,0.0170011,1.56605,42,0,28,29,28,0,-2,0,0,0,53,3769,3998,367,157,35,621,35126,34269,109,2,61,98,1.38322e+06,0,0,0,0,1,0,2500,0,368,3817,0,0,0,0,0,0,0,0,1659,-1720,0,0,166
1883.31,0,0,0,0,99,770,1.56045,0.0170141,1.56551,42,0,28,29,28,0,-2,0,0,0,53,3769,3998,354,157,35,621,35126,34269,109,2,61,98,1.33423e+06,0,0,0,0,1,1601,0,1092,355,3826,0,0,0,0,0,0,0,0,1659,-1625,0,0,166
1883.32,0,0,0,0,99,770,1.56022,0.0170272,1.56496,42,0,28,29,28,0,-2,0,0,0,53,3769,3998,354,157,35,621,35126,34269,109,2,61,98,1.33423e+06,0,0,0,0,1,1601,0,1092,355,3826,0,0,0,0,0,0,0,0,1659,-1625,0,0,166
1883.33,0,0,0,0,99,765,1.56,0.0170403,1.56441,42,0,28,29,28,0,-2,0,0,0,53,3770,3998,365,157,35,621,35126,34269,109,2,61,98,1.37605e+06,0,0,0,0,1,0,2500,0,361,3820,0,0,0,0,0,0,0,0,1659,-1582,0,0,166
1883.34,0,0,0,0,99,763,1.55978,0.0170534,1.56387,42,0,28,29,28,0,-2,0,0,0,53,3770,3998,359,157,35,621,35126,34269,109,2,61,98,1.35343e+06,0,0,0,0,1,232,0,2129,365,3820,0,0,0,0,0,0,0,0,1659,-1544,0,0,166
1883.35,0,0,0,0,100,763,1.55955,0.0170665,1.56332,42,0,28,29,28,0,-2,0,0,0,53,3770,3998,359,157,35,621,35126,34269,109,2,61,98,1.35343e+06,0,0,0,0,1,81,2378,0,368,3794,0,0,0,0,0,0,0,0,1659,-1663,0,0,166
1883.36,0,0,0,0,99,758,1.55933,0.0170796,1.56278,42,0,28,29,28,0,-2,0,0,0,53,3770,3998,359,157,35,621,35126,34269,109,2,61,98,1.35343e+06,0,0,0,0,1,0,0,2500,372,3822,0,0,0,0,0,0,0,0,1659,-1723,0,0,166
1883.37,0,0,0,0,99,756,1.5591,0.0170926,1.56223,42,0,28,29,28,0,-2,0,0,0,53,3775,3998,355,157,35,621,35126,34269,109,2,61,98,1.34012e+06,0,0,0,0,1,464,2259,0,362,3809,0,0,0,0,0,0,0,0,1659,-1704,0,0,166
1883.38,0,0,0,0,99,756,1.55888,0.0171057,1.56169,42,0,28,29,28,0,-2,0,0,0,53,3775,3998,352,157,35,621,35126,34269,109,2,61,98,1.3288e+06,0,0,0,0,1,464,2259,0,362,3809,0,0,0,0,0,0,0,0,1659,-1704,0,0,166
1883.39,0,0,0,0,99,755,1.55866,0.0171188,1.56114,42,0,28,29,28,0,-2,0,0,0,53,3775,3998,341,158,35,621,35126,34269,109,2,61,98,1.28728e+06,0,0,0,0,1,0,0,2500,361,3826,0,0,0,0,0,0,0,0,1659,-1735,0,0,166
1883.4,0,0,0,0,99,760,1.55843,0.0171319,1.56059,42,0,28,29,28,0,-2,0,0,0,53,3775,3998,341,158,35,621,35192,34191,109,2,65,98,1.28728e+06,0,0,0,0,1,837,1905,0,349,3822,0,0,0,0,0,0,0,0,1659,-1639,0,0,166
1883.41,0,0,0,0,100,762,1.55849,0.0170627,1.56048,42,0,28,29,28,0,-2,0,0,0,53,3774,3998,358,158,35,621,35192,34191,109,2,65,98,1.35109e+06,0,0,0,0,1,0,0,2500,359,3831,0,0,0,0,0,0,0,0,1659,-1656,0,0,166
1883.42,0,0,0,0,99,759,1.55855,0.0169936,1.56036,42,0,28,29,28,0,-2,0,0,0,53,3774,3998,352,158,35,621,35192,34191,109,2,65,98,1.32845e+06,0,0,0,0,1,1577,1201,0,364,3822,0,0,0,0,0,0,0,0,1659,-1629,0,0,166
1883.43,0,0,0,0,100,750,1.55861,0.0169244,1.56024,42,0,28,29,28,0,-2,0,0,0,53,3775,3998,374,158,35,621,35192,34191,109,2,65,98,1.41185e+06,0,0,0,0,1,0,0,2500,361,3829,0,0,0,0,0,0,0,0,1659,-1605,0,0,166
1883.44,0,0,0,0,100,750,1.55866,0.0168553,1.56013,42,0,28,29,28,0,-2,0,0,0,53,3775,3998,374,158,35,621,35192,34191,109,2,65,98,1.41185e+06,0,0,0,0,1,0,0,2500,361,3829,0,0,0,0,0,0,0,0,1659,-1605,0,0,166
1883.45,0,0,0,0,100,742,1.55872,0.0167861,1.56001,42,0,28,29,28,0,-2,0,0,0,53,3775,3998,363,158,35,621,35192,34191,109,2,65,98,1.37032e+06,0,0,0,0,1,1345,1453,0,352,3826,0,0,0,0,0,0,0,0,1659,-1633,0,0,166
1883.46,0,0,0,0,100,752,1.55878,0.0167169,1.55989,42,0,28,29,28,0,-2,0,0,0,53,3775,3998,368,158,35,621,35192,34191,109,2,65,98,1.3892e+06,0,0,0,0,1,0,0,2500,354,3831,0,0,0,0,0,0,0,0,1659,-1614,0,0,166
1883.47,0,0,0,0,99,758,1.55883,0.0166478,1.55978,42,0,28,29,28,0,-2,0,0,0,53,3774,3998,363,158,35,621,35192,34191,109,2,65,98,1.36996e+06,0,0,0,0,1,1620,837,0,336,3831,0,0,0,0,0,0,0,0,1659,-1462,0,0,166
1883.48,0,0,0,0,99,753,1.55889,0.0165786,1.55966,42,0,28,29,28,0,-2,0,0,0,53,3774,3998,363,158,35,621,35192,34191,109,2,65,98,1.36996e+06,0,0,0,0,1,0,0,2500,355,3835,0,0,0,0,0,0,0,0,1659,-1548,0,0,166
1883.49,0,0,0,0,100,761,1.55895,0.0165095,1.55954,42,0,28,29,28,0,-2,0,0,0,53,3774,4001,361,158,35,621,35192,34191,109,2,65,98,1.36241e+06,0,0,0,0,1,2079,97,0,334,3820,0,0,0,0,0,0,0,0,1659,-1427,0,0,166
1883.5,0,0,0,0,99,761,1.55901,0.0164403,1.55943,42,0,28,29,28,0,-2,0,0,0,53,3775,4001,360,158,35,621,35169,34206,109,2,65,98,1.359e+06,0,0,0,0,1,2079,97,0,334,3820,0,0,0,0,0,0,0,0,1659,-1427,0,0,166
1883.51,0,0,0,0,99,753,1.55906,0.0164717,1.5597,42,0,28,29,28,0,-2,0,0,0,53,3775,4001,363,158,35,621,35169,34206,109,2,65,98,1.37032e+06,0,0,0,0,1,0,0,2343,369,3813,0,0,0,0,0,0,0,0,1659,-1596,0,0,166
1883.52,0,0,0,0,99,755,1.55912,0.0165031,1.55998,42,0,28,29,28,0,-2,0,0,0,53,3775,4001,363,158,35,621,35169,34206,109,2,65,98,1.37032e+06,0,0,0,0,1,2450,0,0,364,3796,0,0,0,0,0,0,0,0,1659,-1619,0,0,166
1883.53,0,0,0,0,99,754,1.55918,0.0165345,1.56026,42,0,28,29,28,0,-2,0,0,0,53,3778,4001,373,158,35,621,35169,34206,109,2,65,98,1.40919e+06,0,0,0,0,1,0,159,2316,361,3813,0,0,0,0,0,0,0,0,1659,-1616,0,0,166
1883.54,0,0,0,0,99,755,1.55923,0.0165658,1.56054,42,0,28,29,28,0,-2,0,0,0,53,3772,4001,367,158,35,621,35169,34206,109,2,65,98,1.38432e+06,0,0,0,0,1,2500,0,0,359,3803,0,0,0,0,0,0,0,0,1659,-1672,0,0,166
1883.55,0,0,0,0,99,761,1.55929,0.0165972,1.56081,42,0,28,29,28,0,-2,0,0,0,53,3772,4001,353,158,35,621,35169,34206,109,2,65,98,1.33152e+06,0,0,0,0,1,0,486,2103,353,3820,0,0,0,0,0,0,0,0,1659,-1665,0,0,166
1883.56,0,0,0,0,99,761,1.55935,0.0166286,1.56109,42,0,28,29,28,0,-2,0,0,0,53,3772,4001,353,158,35,621,35169,34206,109,2,65,98,1.33152e+06,0,0,0,0,1,0,486,2103,353,3820,0,0,0,0,0,0,0,0,1659,-1665,0,0,166
1883.57,0,0,0,0,99,759,1.5594,0.01666,1.56137,42,0,28,29,28,0,-2,0,0,0,53,3772,4003,365,158,35,621,35169,34206,109,2,65,98,1.37678e+06,0,0,0,0,1,2500,0,0,367,3815,0,0,0,0,0,0,0,0,1659,-1734,0,0,166
1883.58,0,0,0,0,99,769,1.55946,0.0166914,1.56164,42,0,28,29,28,0,-2,0,0,0,53,3774,4003,375,158,35,621,35169,34206,109,2,65,98,1.41525e+06,0,0,0,0,1,0,1210,1447,343,3839,0,0,0,0,0,0,0,0,1659,-1550,0,0,166
1883.59,0,0,0,0,99,755,1.55951,0.0167227,1.56192,42,0,28,29,28,0,-2,0,0,0,53,3774,4003,373,158,35,621,35169,34206,109,2,65,98,1.4077e+06,0,0,0,0,1,2500,0,0,364,3822,0,0,0,0,0,0,0,0,1659,-1655,0,0,166
1883.6,0,0,0,0,99,760,1.55957,0.0167541,1.5622,42,0,28,29,28,0,-2,0,0,0,53,3774,4003,373,157,35,621,35175,34185,110,2,65,98,1.4077e+06,0,0,0,0,1,0,1935,576,364,3822,0,0,0,0,0,0,0,0,1659,-1561,0,0,166
1883.61,0,0,0,0,100,764,1.55964,0.0167618,1.56212,42,0,28,29,28,0,-2,0,0,0,53,3764,4003,362,157,35,621,35175,34185,110,2,65,98,1.36257e+06,0,0,0,0,1,2282,0,27,356,3811,0,0,0,0,0,0,0,0,1659,-1552,0,0,166
1883.62,0,0,0,0,99,764,1.55971,0.0167695,1.56204,42,0,28,29,28,0,-2,0,0,0,53,3764,4003,354,157,35,621,35175,34185,110,2,65,98,1.33246e+06,0,0,0,0,1,2282,0,27,356,3811,0,0,0,0,0,0,0,0,1659,-1552,0,0,166
1883.63,0,0,0,0,100,763,1.55977,0.0167771,1.56196,42,0,28,29,28,0,-2,0,0,0,53,3764,4002,353,157,35,621,35175,34185,110,2,65,98,1.32869e+06,0,0,0,0,1,0,2500,0,365,3805,0,0,0,0,0,0,0,0,1659,-1659,0,0,166
1883.64,0,0,0,0,100,765,1.55984,0.0167848,1.56188,42,0,28,29,28,0,-2,0,0,0,53,3764,4002,353,157,35,621,35175,34185,110,2,65,98,1.32869e+06,0,0,0,0,1,2161,0,549,364,3811,0,0,0,0,0,0,0,0,1659,-1691,0,0,166
1883.65,0,0,0,0,100,766,1.55991,0.0167925,1.5618,42,0,28,29,28,0,-2,0,0,0,53,3780,4002,370,157,35,621,35175,34185,110,2,65,98,1.3986e+06,0,0,0,0,1,0,2500,0,359,3817,0,0,0,0,0,0,0,0,1659,-1664,0,0,166
1883.66,0,0,0,0,100,765,1.55998,0.0168002,1.56172,42,0,28,29,28,0,-2,0,0,0,53,3780,4002,369,157,35,621,35175,34185,110,2,65,98,1.39482e+06,0,0,0,0,1,1120,0,1609,369,3835,0,0,0,0,0,0,0,0,1659,-1630,0,0,166
1883.67,0,0,0,0,100,765,1.56004,0.0168079,1.56164,42,0,28,29,28,0,-2,0,0,0,53,3767,4002,363,157,35,621,35175,34185,110,2,65,98,1.36742e+06,0,0,0,0,1,0,2408,0,366,3805,0,0,0,0,0,0,0,0,1659,-1554,0,0,166
1883.68,0,0,0,0,99,765,1.56011,0.0168155,1.56156,42,0,28,29,28,0,-2,0,0,0,53,3767,4002,363,157,35,621,35175,34185,110,2,65,98,1.36742e+06,0,0,0,0,1,0,2408,0,366,3805,0,0,0,0,0,0,0,0,1659,-1554,0,0,166
1883.69,0,0,0,0,99,762,1.56018,0.0168232,1.56148,42,0,28,29,28,0,-2,0,0,0,53,3767,4002,357,157,35,621,35175,34185,110,2,65,98,1.34482e+06,0,0,0,0,1,0,0,2422,364,3815,0,0,0,0,0,0,0,0,1659,-1650,0,0,166
1883.7,0,0,0,0,99,762,1.56025,0.0168309,1.5614,42,0,28,29,28,0,-2,0,0,0,53,3767,4002,350,157,35,621,35106,34233,110,2,61,98,1.31845e+06,0,0,0,0,1,361,2315,0,367,3805,0,0,0,0,0,0,0,0,1659,-1706,0,0,166
1883.71,0,0,0,0,99,765,1.56032,0.0168171,1.56115,42,0,28,29,28,0,-2,0,0,0,53,3767,4002,343,157,35,621,35106,34233,110,2,61,98,1.29208e+06,0,0,0,0,1,0,0,2500,365,3820,0,0,0,0,0,0,0,0,1659,-1692,0,0,166
1883.72,0,0,0,0,99,770,1.56039,0.0168033,1.5609,42,0,28,29,28,0,-2,0,0,0,53,3767,4002,343,157,35,621,35106,34233,110,2,61,98,1.29208e+06,0,0,0,0,1,1327,1400,0,355,3826,0,0,0,0,0,0,0,0,1659,-1559,0,0,166
1883.73,0,0,0,0,99,767,1.56047,0.0167896,1.56065,42,0,28,29,28,0,-2,0,0,0,53,3774,4002,367,157,35,621,35106,34233,110,2,61,98,1.38506e+06,0,0,0,0,1,0,0,2482,360,3813,0,0,0,0,0,0,0,0,1659,-1522,0,0,166
1883.74,0,0,0,0,99,767,1.56054,0.0167758,1.5604,42,0,28,29,28,0,-2,0,0,0,53,3775,4002,376,157,35,621,35106,34233,110,2,61,98,1.4194e+06,0,0,0,0,1,0,0,2482,360,3813,0,0,0,0,0,0,0,0,1659,-1522,0,0,166
1883.75,0,0,0,0,99,760,1.56062,0.016762,1.56015,42,0,28,29,28,0,-2,0,0,0,53,3775,4002,366,157,35,621,35106,34233,110,2,61,98,1.38165e+06,0,0,0,0,1,2470,0,0,369,3796,0,0,0,0,0,0,0,0,1659,-1623,0,0,166
1883.76,0,0,0,0,99,756,1.56069,0.0167482,1.5599,42,0,28,29,28,0,-2,0,0,0,53,3775,4002,366,157,35,621,35106,34233,110,2,61,98,1.38165e+06,0,0,0,0,1,0,255,2326,368,3800,0,0,0,0,0,0,0,0,1659,-1672,0,0,166
1883.77,0,0,0,0,99,757,1.56076,0.0167345,1.55965,42,0,28,29,28,0,-2,0,0,0,53,3769,4002,355,157,35,621,35106,34233,110,2,61,98,1.338e+06,0,0,0,0,1,2500,0,0,364,3809,0,0,0,0,0,0,0,0,1659,-1688,0,0,166
1883.78,0,0,0,0,100,762,1.56084,0.0167207,1.5594,42,0,28,29,28,0,-2,0,0,0,53,3769,4002,346,157,35,621,35106,34233,110,2,61,98,1.30407e+06,0,0,0,0,1,0,556,2154,362,3822,0,0,0,0,0,0,0,0,1659,-1706,0,0,166
1883.79,0,0,0,0,99,759,1.56091,0.0167069,1.55916,42,0,28,29,28,0,-2,0,0,0,53,3769,4002,362,157,35,621,35106,34233,110,2,61,98,1.36438e+06,0,0,0,0,1,2500,0,0,354,3822,0,0,0,0,0,0,0,0,1659,-1660,0,0,166
1883.8,0,0,0,0,99,759,1.56099,0.0166931,1.55891,42,0,28,29,28,0,-2,0,0,0,52,3769,4002,362,157,35,621,35144,34307,110,2,68,98,1.36438e+06,0,0,0,0,1,2500,0,0,354,3822,0,0,0,0,0,0,0,0,1659,-1660,0,0,166
1883.81,0,0,0,0,100,760,1.56102,0.016671,1.55922,42,0,28,29,28,0,-2,0,0,0,52,3778,4002,370,157,35,621,35144,34307,110,2,68,98,1.39786e+06,0,0,0,0,1,0,1228,1623,364,3831,0,0,0,0,0,0,0,0,1659,-1667,0,0,166
1883.82,0,0,0,0,100,762,1.56105,0.0166489,1.55953,42,0,28,29,28,0,-2,0,0,0,52,3771,4002,374,157,35,621,35144,34307,110,2,68,98,1.41035e+06,0,0,0,0,1,2500,0,0,358,3820,0,0,0,0,0,0,0,0,1659,-1566,0,0,166
1883.83,0,0,0,0,99,752,1.56108,0.0166267,1.55984,42,0,28,29,28,0,-2,0,0,0,52,3771,4002,365,157,35,621,35144,34307,110,2,68,98,1.37642e+06,0,0,0,0,1,0,1796,820,360,3835,0,0,0,0,0,0,0,0,1659,-1590,0,0,166
1883.84,0,0,0,0,99,742,1.56112,0.0166046,1.56015,42,0,28,29,28,0,-2,0,0,0,52,3771,4002,365,157,35,621,35144,34307,110,2,68,98,1.37642e+06,0,0,0,0,1,2500,0,0,353,3833,0,0,0,0,0,0,0,0,1659,-1619,0,0,166
1883.85,0,0,0,0,100,739,1.56115,0.0165825,1.56046,42,0,28,29,28,0,-2,0,0,0,52,3764,4002,360,157,35,621,35144,34307,110,2,68,98,1.35504e+06,0,0,0,0,1,0,1138,1654,353,3837,0,0,0,0,0,0,0,0,1659,-1664,0,0,166
1883.86,0,0,0,0,100,739,1.56118,0.0165603,1.56077,42,0,28,29,28,0,-2,0,0,0,52,3764,3999,353,157,35,621,35144,34307,110,2,68,98,1.32869e+06,0,0,0,0,1,0,1138,1654,353,3837,0,0,0,0,0,0,0,0,1659,-1664,0,0,166
1883.87,0,0,0,0,99,752,1.56121,0.0165382,1.56108,42,0,28,29,28,0,-2,0,0,0,52,3768,3999,346,157,35,621,35144,34307,110,2,68,98,1.30373e+06,0,0,0,0,1,2500,0,0,343,3829,0,0,0,0,0,0,0,0,1659,-1579,0,0,166
1883.88,0,0,0,0,99,756,1.56125,0.0165161,1.56139,42,0,28,29,28,0,-2,0,0,0,52,3768,3999,346,157,35,621,35144,34307,110,2,68,98,1.30373e+06,0,0,0,0,1,0,1272,1361,334,3841,0,0,0,0,0,0,0,0,1659,-1534,0,0,166
1883.89,0,0,0,0,99,749,1.56128,0.0164939,1.5617,42,0,28,29,28,0,-2,0,0,0,52,3773,3999,349,157,35,621,35144,34307,110,2,68,98,1.31678e+06,0,0,0,0,1,2500,0,0,366,3824,0,0,0,0,0,0,0,0,1659,-1719,0,0,166
1883.9,0,0,0,0,99,756,1.56131,0.0164718,1.56201,42,0,28,29,28,0,-2,0,0,0,53,3773,3999,377,157,35,621,35163,34184,109,2,65,98,1.42242e+06,0,0,0,0,1,0,1576,1012,352,3833,0,0,0,0,0,0,0,0,1659,-1553,0,0,166
1883.91,0,0,0,0,99,748,1.56121,0.0164718,1.56221,42,0,28,29,28,0,-2,0,0,0,53,3779,3999,374,157,35,621,35163,34184,109,2,65,98,1.41335e+06,0,0,0,0,1,2500,0,0,365,3822,0,0,0,0,0,0,0,0,1659,-1652,0,0,166
1883.92,0,0,0,0,100,748,1.56111,0.0164718,1.56241,42,0,28,29,28,0,-2,0,0,0,53,3779,3999,374,157,35,621,35163,34184,109,2,65,98,1.41335e+06,0,0,0,0,1,2500,0,0,365,3822,0,0,0,0,0,0,0,0,1659,-1652,0,0,166
1883.93,0,0,0,0,100,744,1.56101,0.0164719,1.56261,42,0,28,29,28,0,-2,0,0,0,53,3779,3997,363,157,35,621,35163,34184,109,2,65,98,1.37178e+06,0,0,0,0,1,0,1324,1498,354,3835,0,0,0,0,0,0,0,0,1659,-1636,0,0,166
1883.94,0,0,0,0,100,744,1.5609,0.0164719,1.56281,42,0,28,29,28,0,-2,0,0,0,53,3779,3997,365,157,35,621,35163,34184,109,2,65,98,1.37934e+06,0,0,0,0,1,2500,0,0,355,3822,0,0,0,0,0,0,0,0,1659,-1687,0,0,166
1883.95,0,0,0,0,99,755,1.5608,0.0164719,1.563,42,0,28,29,28,0,-2,0,0,0,53,3768,3997,360,157,35,621,35163,34184,109,2,65,98,1.35648e+06,0,0,0,0,1,0,1198,1387,338,3841,0,0,0,0,0,0,0,0,1659,-1535,0,0,166
1883.96,0,0,0,0,100,753,1.5607,0.0164719,1.5632,42,0,28,29,28,0,-2,0,0,0,53,3768,3997,360,157,35,621,35163,34184,109,2,65,98,1.35648e+06,0,0,0,0,1,2500,0,0,351,3820,0,0,0,0,0,0,0,0,1659,-1609,0,0,166
1883.97,0,0,0,0,99,759,1.5606,0.016472,1.5634,42,0,28,29,28,0,-2,0,0,0,53,3771,3997,377,157,35,621,35163,34184,109,2,65,98,1.42167e+06,0,0,0,0,1,0,1688,914,349,3831,0,0,0,0,0,0,0,0,1659,-1527,0,0,166
1883.98,0,0,0,0,100,759,1.5605,0.016472,1.5636,42,0,28,29,28,0,-2,0,0,0,53,3773,3997,378,157,35,621,35163,34184,109,2,65,98,1.42619e+06,0,0,0,0,1,0,1688,914,349,3831,0,0,0,0,0,0,0,0,1659,-1527,0,0,166
1883.99,0,0,0,0,100,751,1.56039,0.016472,1.5638,42,0,28,29,28,0,-2,0,0,0,53,3773,3997,380,157,35,621,35163,34184,109,2,65,98,1.43374e+06,0,0,0,0,1,2500,0,0,361,3820,0,0,0,0,0,0,0,0,1659,-1574,0,0,166
1884,0,0,0,0,99,757,1.56029,0.016472,1.564,42,0,28,29,28,0,-2,0,0,0,53,3773,3997,380,157,35,621,35159,34133,110,2,65,98,1.43374e+06,0,0,0,0,1,0,2063,287,355,3826,0,0,0,0,0,0,0,0,1659,-1527,0,0,166
1884.01,0,0,0,0,99,756,1.56041,0.0164913,1.56375,42,0,28,29,28,0,-2,0,0,0,53,3764,3998,362,158,35,621,35159,34133,110,2,65,98,1.36257e+06,0,0,0,0,1,2362,0,0,364,3811,0,0,0,0,0,0,0,0,1659,-1563,0,0,166
1884.02,0,0,0,0,100,763,1.56053,0.0165106,1.56351,42,0,28,29,28,0,-2,0,0,0,53,3764,3998,357,158,35,621,35159,34133,110,2,65,98,1.34375e+06,0,0,0,0,1,0,2437,0,356,3811,0,0,0,0,0,0,0,0,1659,-1591,0,0,166
1884.03,0,0,0,0,99,757,1.56064,0.0165299,1.56326,42,0,28,29,28,0,-2,0,0,0,53,3765,3998,358,158,35,621,35159,34133,110,2,65,98,1.34787e+06,0,0,0,0,1,2312,0,275,363,3807,0,0,0,0,0,0,0,0,1659,-1683,0,0,166
1884.04,0,0,0,0,100,757,1.56076,0.0165491,1.56302,42,0,28,29,28,0,-2,0,0,0,53,3765,3998,358,158,35,621,35159,34133,110,2,65,98,1.34787e+06,0,0,0,0,1,2312,0,275,363,3807,0,0,0,0,0,0,0,0,1659,-1683,0,0,166
1884.05,0,0,0,0,99,764,1.56088,0.0165684,1.56277,42,0,28,29,28,0,-2,0,0,0,53,3776,3998,381,158,35,621,35159,34133,110,2,65,98,1.43866e+06,0,0,0,0,1,0,2500,0,355,3820,0,0,0,0,0,0,0,0,1659,-1650,0,0,166
1884.06,0,0,0,0,99,764,1.561,0.0165877,1.56253,42,0,28,29,28,0,-2,0,0,0,53,3776,3998,371,158,35,621,35159,34133,110,2,65,98,1.4009e+06,0,0,0,0,1,1718,0,1064,361,3833,0,0,0,0,0,0,0,0,1659,-1669,0,0,166
1884.07,0,0,0,0,99,765,1.56111,0.016607,1.56228,42,0,28,29,28,0,-2,0,0,0,53,3776,3998,368,158,35,621,35159,34133,110,2,65,98,1.38957e+06,0,0,0,0,1,0,2500,0,362,3815,0,0,0,0,0,0,0,0,1659,-1607,0,0,166
1884.08,0,0,0,0,100,762,1.56123,0.0166263,1.56203,42,0,28,29,28,0,-2,0,0,0,53,3776,3998,368,158,35,621,35159,34133,110,2,65,98,1.38957e+06,0,0,0,0,1,421,0,1992,361,3820,0,0,0,0,0,0,0,0,1659,-1522,0,0,166
1884.09,0,0,0,0,100,763,1.56135,0.0166455,1.56179,42,0,28,29,28,0,-2,0,0,0,53,3768,3998,357,158,35,621,35159,34133,110,2,65,98,1.34518e+06,0,0,0,0,1,79,2345,0,365,3809,0,0,0,0,0,0,0,0,1659,-1607,0,0,166
1884.1,0,0,0,0,100,763,1.56147,0.0166648,1.56154,42,0,28,29,28,0,-2,0,0,0,52,3768,3998,344,158,35,621,35140,34315,110,2,68,98,1.29619e+06,0,0,0,0,1,79,2345,0,365,3809,0,0,0,0,0,0,0,0,1659,-1607,0,0,166
1884.11,0,0,0,0,99,771,1.5615,0.0166623,1.56177,42,0,28,29,28,0,-2,0,0,0,52,3769,3998,354,158,35,621,35140,34315,110,2,68,98,1.33423e+06,0,0,0,0,1,0,0,2500,358,3815,0,0,0,0,0,0,0,0,1659,-1665,0,0,166
1884.12,0,0,0,0,99,768,1.56153,0.0166597,1.56199,42,0,28,29,28,0,-2,0,0,0,52,3769,3998,354,158,35,621,35140,34315,110,2,68,98,1.33423e+06,0,0,0,0,1,989,1888,0,366,3813,0,0,0,0,0,0,0,0,1659,-1704,0,0,166
1884.13,0,0,0,0,99,771,1.56156,0.0166572,1.56222,42,0,28,29,28,0,-2,0,0,0,52,3773,3998,368,158,35,621,35140,34315,110,2,68,98,1.38846e+06,0,0,0,0,1,0,0,2500,359,3826,0,0,0,0,0,0,0,0,1659,-1552,0,0,166
1884.14,0,0,0,0,100,766,1.56159,0.0166546,1.56244,42,0,28,29,28,0,-2,0,0,0,52,3773,3998,373,158,35,621,35140,34315,110,2,68,98,1.40733e+06,0,0,0,0,1,2341,0,0,364,3800,0,0,0,0,0,0,0,0,1659,-1566,0,0,166
1884.15,0,0,0,0,99,763,1.56162,0.016652,1.56267,42,0,28,29,28,0,-2,0,0,0,52,3771,3998,366,158,35,621,35140,34315,110,2,68,98,1.38019e+06,0,0,0,0,1,0,265,2351,376,3803,0,0,0,0,0,0,0,0,1659,-1723,0,0,166
1884.16,0,0,0,0,99,763,1.56165,0.0166495,1.56289,42,0,28,29,28,0,-2,0,0,0,52,3771,3998,366,158,35,621,35140,34315,110,2,68,98,1.38019e+06,0,0,0,0,1,0,265,2351,376,3803,0,0,0,0,0,0,0,0,1659,-1723,0,0,166
1884.17,0,0,0,0,99,762,1.56167,0.0166469,1.56312,42,0,28,29,28,0,-2,0,0,0,52,3771,3998,348,158,35,621,35140,34315,110,2,68,98,1.31231e+06,0,0,0,0,1,2500,0,0,369,3807,0,0,0,0,0,0,0,0,1659,-1721,0,0,166
1884.18,0,0,0,0,99,764,1.5617,0.0166444,1.56335,42,0,28,29,28,0,-2,0,0,0,52,3771,3998,336,158,35,621,35140,34315,110,2,68,98,1.26706e+06,0,0,0,0,1,0,767,1996,360,3817,0,0,0,0,0,0,0,0,1659,-1674,0,0,166
1884.19,0,0,0,0,99,763,1.56173,0.0166418,1.56357,42,0,28,29,28,0,-2,0,0,0,52,3777,3998,334,158,35,621,35140,34315,110,2,68,98,1.26152e+06,0,0,0,0,1,2500,0,0,354,3820,0,0,0,0,0,0,0,0,1659,-1625,0,0,166
1884.2,0,0,0,0,99,767,1.56176,0.0166393,1.5638,42,0,28,29,28,0,-2,0,0,0,52,3777,3998,334,158,35,621,35176,34328,109,2,82,98,1.26152e+06,0,0,0,0,1,0,1921,562,363,3824,0,0,0,0,0,0,0,0,1659,-1531,0,0,166
1884.21,0,0,0,0,99,764,1.56134,0.0166433,1.56355,42,0,28,29,28,0,-2,0,0,0,52,3781,3998,361,158,35,621,35176,34328,109,2,82,98,1.36494e+06,0,0,0,0,1,2356,0,8,369,3791,0,0,0,0,0,0,0,0,1659,-1647,0,0,166
1884.22,0,0,0,0,99,764,1.56092,0.0166473,1.56331,42,0,28,29,28,0,-2,0,0,0,52,3773,3998,367,158,35,621,35176,34328,109,2,82,98,1.38469e+06,0,0,0,0,1,2356,0,8,369,3791,0,0,0,0,0,0,0,0,1659,-1647,0,0,166
1884.23,0,0,0,0,99,758,1.5605,0.0166513,1.56307,42,0,28,29,28,0,-2,0,0,0,52,3773,3998,369,158,35,621,35176,34328,109,2,82,98,1.39224e+06,0,0,0,0,1,0,2500,0,362,3809,0,0,0,0,0,0,0,0,1659,-1658,0,0,166
1884.24,0,0,0,0,99,749,1.56008,0.0166553,1.56282,42,0,28,29,28,0,-2,0,0,0,52,3773,3998,369,158,35,621,35176,34328,109,2,82,98,1.39224e+06,0,0,0,0,1,2321,0,136,361,3809,0,0,0,0,0,0,0,0,1659,-1665,0,0,166
1884.25,0,0,0,0,99,750,1.55966,0.0166593,1.56258,42,0,28,29,28,0,-2,0,0,0,52,3771,4000,355,158,35,621,35176,34328,109,2,82,98,1.3387e+06,0,0,0,0,1,0,2500,0,364,3809,0,0,0,0,0,0,0,0,1659,-1678,0,0,166
1884.26,0,0,0,0,99,756,1.55924,0.0166633,1.56234,42,0,28,29,28,0,-2,0,0,0,52,3771,4000,343,158,35,621,35176,34328,109,2,82,98,1.29345e+06,0,0,0,0,1,2236,0,371,360,3817,0,0,0,0,0,0,0,0,1659,-1683,0,0,166
1884.27,0,0,0,0,99,753,1.55882,0.0166673,1.56209,42,0,28,29,28,0,-2,0,0,0,52,3776,4000,347,158,35,621,35176,34328,109,2,82,98,1.31027e+06,0,0,0,0,1,0,2500,0,358,3811,0,0,0,0,0,0,0,0,1659,-1671,0,0,166
1884.28,0,0,0,0,99,753,1.5584,0.0166713,1.56185,42,0,28,29,28,0,-2,0,0,0,52,3776,4000,347,158,35,621,35176,34328,109,2,82,98,1.31027e+06,0,0,0,0,1,0,2500,0,358,3811,0,0,0,0,0,0,0,0,1659,-1671,0,0,166
1884.29,0,0,0,0,99,754,1.55798,0.0166753,1.56161,42,0,28,29,28,0,-2,0,0,0,52,3776,4000,370,158,35,621,35176,34328,109,2,82,98,1.39712e+06,0,0,0,0,1,2228,0,451,360,3822,0,0,0,0,0,0,0,0,1659,-1695,0,0,166
1884.3,0,0,0,0,99,751,1.55756,0.0166793,1.56136,42,0,28,29,28,0,-2,0,0,0,53,3774,4000,370,158,35,621,35163,34351,110,2,68,98,1.39638e+06,0,0,0,0,1,0,2500,0,361,3826,0,0,0,0,0,0,0,0,1659,-1736,0,0,166
1884.31,0,0,0,0,99,740,1.55756,0.0166892,1.5613,42,0,28,29,28,0,-2,0,0,0,53,3774,4000,365,158,35,621,35163,34351,110,2,68,98,1.37751e+06,0,0,0,0,1,2296,0,386,365,3809,0,0,0,0,0,0,0,0,1659,-1732,0,0,166
1884.32,0,0,0,0,99,745,1.55756,0.016699,1.56123,42,0,28,29,28,0,-2,0,0,0,53,3774,4000,365,156,35,621,35163,34351,110,2,68,98,1.37751e+06,0,0,0,0,1,0,2500,0,350,3809,0,0,0,0,0,0,0,0,1659,-1619,0,0,166
1884.33,0,0,0,0,99,749,1.55756,0.0167089,1.56116,42,0,28,29,28,0,-2,0,0,0,53,3774,4000,364,156,35,621,35163,34351,110,2,68,98,1.37374e+06,0,0,0,0,1,2216,0,228,344,3817,0,0,0,0,0,0,0,0,1659,-1592,0,0,166
1884.34,0,0,0,0,99,749,1.55756,0.0167188,1.56109,42,0,28,29,28,0,-2,0,0,0,53,3766,4000,350,156,35,621,35163,34351,110,2,68,98,1.3181e+06,0,0,0,0,1,2216,0,228,344,3817,0,0,0,0,0,0,0,0,1659,-1592,0,0,166
1884.35,0,0,0,0,99,753,1.55756,0.0167287,1.56102,42,0,28,29,28,0,-2,0,0,0,53,3766,4000,360,156,35,621,35163,34351,110,2,68,98,1.35576e+06,0,0,0,0,1,0,2500,0,348,3815,0,0,0,0,0,0,0,0,1659,-1617,0,0,166
1884.36,0,0,0,0,99,755,1.55756,0.0167386,1.56096,42,0,28,29,28,0,-2,0,0,0,53,3766,4000,360,156,35,621,35163,34351,110,2,68,98,1.35576e+06,0,0,0,0,1,2200,0,412,358,3815,0,0,0,0,0,0,0,0,1659,-1669,0,0,166
1884.37,0,0,0,0,99,754,1.55756,0.0167484,1.56089,42,0,28,29,28,0,-2,0,0,0,53,3770,4000,362,156,35,621,35163,34351,110,2,68,98,1.36474e+06,0,0,0,0,1,0,2500,0,365,3809,0,0,0,0,0,0,0,0,1659,-1726,0,0,166
1884.38,0,0,0,0,99,749,1.55756,0.0167583,1.56082,42,0,28,29,28,0,-2,0,0,0,53,3770,4000,368,156,35,621,35163,34351,110,2,68,98,1.38736e+06,0,0,0,0,1,2249,0,520,366,3811,0,0,0,0,0,0,0,0,1659,-1721,0,0,166
1884.39,0,0,0,0,99,747,1.55756,0.0167682,1.56075,42,0,28,29,28,0,-2,0,0,0,53,3774,4000,371,156,35,621,35163,34351,110,2,68,98,1.40015e+06,0,0,0,0,1,0,2500,0,369,3803,0,0,0,0,0,0,0,0,1659,-1748,0,0,166
1884.4,0,0,0,0,99,747,1.55756,0.0167781,1.56068,42,0,28,29,28,0,-2,0,0,0,53,3774,4000,371,156,35,621,35124,34150,109,2,66,98,1.40015e+06,0,0,0,0,1,0,2500,0,369,3803,0,0,0,0,0,0,0,0,1659,-1748,0,0,166
1884.41,0,0,0,0,99,750,1.5579,0.0167777,1.56083,42,0,28,29,28,0,-2,0,0,0,53,3764,3997,361,156,35,621,35124,34150,109,2,66,98,1.3588e+06,0,0,0,0,1,2233,0,500,364,3820,0,0,0,0,0,0,0,0,1659,-1723,0,0,166
1884.42,0,0,0,0,99,760,1.55825,0.0167774,1.56098,42,0,28,29,28,0,-2,0,0,0,53,3764,3997,344,156,35,621,35124,34150,109,2,66,98,1.29482e+06,0,0,0,0,1,0,2500,0,345,3820,0,0,0,0,0,0,0,0,1659,-1609,0,0,166
1884.43,0,0,0,0,99,754,1.55859,0.016777,1.56113,42,0,28,29,28,0,-2,0,0,0,53,3767,3997,359,155,35,621,35124,34150,109,2,66,98,1.35235e+06,0,0,0,0,1,1966,0,836,354,3829,0,0,0,0,0,0,0,0,1659,-1680,0,0,166
1884.44,0,0,0,0,99,764,1.55893,0.0167767,1.56127,42,0,28,29,28,0,-2,0,0,0,53,3767,3997,359,155,35,621,35124,34150,109,2,66,98,1.35235e+06,0,0,0,0,1,0,2500,0,344,3833,0,0,0,0,0,0,0,0,1659,-1530,0,0,166
1884.45,0,0,0,0,99,762,1.55927,0.0167763,1.56142,42,0,28,29,28,0,-2,0,0,0,53,3771,3997,370,155,35,621,35124,34150,109,2,66,98,1.39527e+06,0,0,0,0,1,622,0,1855,358,3829,0,0,0,0,0,0,0,0,1659,-1550,0,0,166
1884.46,0,0,0,0,99,762,1.55961,0.016776,1.56157,42,0,28,29,28,0,-2,0,0,0,53,3771,3997,370,155,35,621,35124,34150,109,2,66,98,1.39527e+06,0,0,0,0,1,622,0,1855,358,3829,0,0,0,0,0,0,0,0,1659,-1550,0,0,166
1884.47,0,0,0,0,99,761,1.55995,0.0167756,1.56171,42,0,28,29,28,0,-2,0,0,0,53,3761,3997,368,155,35,621,35124,34150,109,2,66,98,1.38405e+06,0,0,0,0,1,0,2390,0,364,3800,0,0,0,0,0,0,0,0,1659,-1553,0,0,166
1884.48,0,0,0,0,99,758,1.56029,0.0167753,1.56186,42,0,28,29,28,0,-2,0,0,0,53,3761,3997,368,155,35,621,35124,34150,109,2,66,98,1.38405e+06,0,0,0,0,1,0,0,2367,364,3813,0,0,0,0,0,0,0,0,1659,-1585,0,0,166
1884.49,0,0,0,0,99,760,1.56063,0.0167749,1.56201,42,0,28,29,28,0,-2,0,0,0,53,3761,3997,355,155,35,621,35124,34150,109,2,66,98,1.33516e+06,0,0,0,0,1,279,2304,0,362,3805,0,0,0,0,0,0,0,0,1659,-1658,0,0,166
1884.5,0,0,0,0,99,765,1.56098,0.0167745,1.56216,42,0,28,29,28,0,-2,0,0,0,52,3768,3997,358,155,35,621,35040,34134,109,2,61,98,1.34894e+06,0,0,0,0,1,0,0,2500,361,3820,0,0,0,0,0,0,0,0,1659,-1672,0,0,166
1884.51,0,0,0,0,100,767,1.56086,0.016767,1.5622,42,0,28,29,28,0,-2,0,0,0,52,3768,3997,374,155,35,621,35040,34134,109,2,61,98,1.40923e+06,0,0,0,0,1,1089,1763,0,362,3803,0,0,0,0,0,0,0,0,1659,-1679,0,0,166
1884.52,0,0,0,0,99,767,1.56074,0.0167595,1.56224,42,0,28,29,28,0,-2,0,0,0,52,3768,3997,374,155,35,621,35040,34134,109,2,61,98,1.40923e+06,0,0,0,0,1,1089,1763,0,362,3803,0,0,0,0,0,0,0,0,1659,-1679,0,0,166
1884.53,0,0,0,0,99,768,1.56062,0.016752,1.56228,42,0,28,29,28,0,-2,0,0,0,52,3772,3997,377,155,35,621,35040,34134,109,2,61,98,1.42204e+06,0,0,0,0,1,0,0,2500,356,3833,0,0,0,0,0,0,0,0,1659,-1537,0,0,166
1884.54,0,0,0,0,99,762,1.56051,0.0167445,1.56232,42,0,28,29,28,0,-2,0,0,0,52,3761,3997,368,155,35,621,35040,34134,109,2,61,98,1.38405e+06,0,0,0,0,1,2237,142,0,367,3803,0,0,0,0,0,0,0,0,1659,-1550,0,0,166
1884.55,0,0,0,0,99,763,1.56039,0.016737,1.56236,42,0,28,29,28,0,-2,0,0,0,52,3761,3997,365,155,35,621,35040,34134,109,2,61,98,1.37276e+06,0,0,0,0,1,0,267,2320,375,3807,0,0,0,0,0,0,0,0,1659,-1732,0,0,166
1884.56,0,0,0,0,100,765,1.56027,0.0167296,1.5624,42,0,28,29,28,0,-2,0,0,0,52,3761,3997,365,155,35,621,35040,34134,109,2,61,98,1.37276e+06,0,0,0,0,1,2500,0,0,366,3805,0,0,0,0,0,0,0,0,1659,-1696,0,0,166
1884.57,0,0,0,0,99,764,1.56016,0.0167221,1.56244,42,0,28,29,28,0,-2,0,0,0,52,3761,3997,357,155,35,621,35040,34134,109,2,61,98,1.34268e+06,0,0,0,0,1,0,798,2003,363,3822,0,0,0,0,0,0,0,0,1659,-1685,0,0,166
1884.58,0,0,0,0,99,764,1.56004,0.0167146,1.56248,42,0,28,29,28,0,-2,0,0,0,52,3763,3997,362,155,35,621,35040,34134,109,2,61,98,1.36221e+06,0,0,0,0,1,0,798,2003,363,3822,0,0,0,0,0,0,0,0,1659,-1685,0,0,166
1884.59,0,0,0,0,100,762,1.55992,0.0167071,1.56252,42,0,28,29,28,0,-2,0,0,0,52,3763,3997,359,155,35,621,35040,34134,109,2,61,98,1.35092e+06,0,0,0,0,1,2500,0,0,364,3824,0,0,0,0,0,0,0,0,1659,-1691,0,0,166
1884.6,0,0,0,0,99,767,1.5598,0.0166996,1.56256,42,0,28,29,28,0,-2,0,0,0,53,3763,3997,359,155,35,621,35061,34073,109,2,66,98,1.35092e+06,0,0,0,0,1,0,1902,588,361,3820,0,0,0,0,0,0,0,0,1659,-1535,0,0,166
1884.61,0,0,0,0,100,764,1.55986,0.0166877,1.5625,42,0,28,29,28,0,-2,0,0,0,53,3767,3997,362,155,35,621,35061,34073,109,2,66,98,1.36365e+06,0,0,0,0,1,2415,0,0,369,3809,0,0,0,0,0,0,0,0,1659,-1591,0,0,166
1884.62,0,0,0,0,100,762,1.55991,0.0166757,1.56244,42,0,28,29,28,0,-2,0,0,0,53,3767,3997,361,155,35,621,35061,34073,109,2,66,98,1.35989e+06,0,0,0,0,1,0,2500,0,364,3807,0,0,0,0,0,0,0,0,1659,-1641,0,0,166
1884.63,0,0,0,0,99,752,1.55997,0.0166638,1.56237,42,0,28,29,28,0,-2,0,0,0,53,3767,3993,356,155,35,621,35061,34073,109,2,66,98,1.34105e+06,0,0,0,0,1,2331,0,232,364,3800,0,0,0,0,0,0,0,0,1659,-1669,0,0,166
1884.64,0,0,0,0,100,752,1.56002,0.0166519,1.56231,42,0,28,29,28,0,-2,0,0,0,53,3767,3993,356,155,35,621,35061,34073,109,2,66,98,1.34105e+06,0,0,0,0,1,2331,0,232,364,3800,0,0,0,0,0,0,0,0,1659,-1669,0,0,166
1884.65,0,0,0,0,99,755,1.56008,0.01664,1.56225,42,0,28,29,28,0,-2,0,0,0,53,3766,3993,348,155,35,621,35061,34073,109,2,66,98,1.31057e+06,0,0,0,0,1,0,2500,0,364,3805,0,0,0,0,0,0,0,0,1659,-1693,0,0,166
1884.66,0,0,0,0,99,763,1.56013,0.0166281,1.56219,42,0,28,29,28,0,-2,0,0,0,53,3766,3993,355,155,35,621,35061,34073,109,2,66,98,1.33693e+06,0,0,0,0,1,1999,0,626,351,3837,0,0,0,0,0,0,0,0,1659,-1638,0,0,166
1884.67,0,0,0,0,99,757,1.56019,0.0166162,1.56213,42,0,28,29,28,0,-2,0,0,0,53,3766,3993,355,155,35,621,35061,34073,109,2,66,98,1.33693e+06,0,0,0,0,1,0,2500,0,362,3811,0,0,0,0,0,0,0,0,1659,-1704,0,0,166
1884.68,0,0,0,0,99,755,1.56024,0.0166043,1.56207,42,0,28,29,28,0,-2,0,0,0,53,3766,3993,355,155,35,621,35061,34073,109,2,66,98,1.33693e+06,0,0,0,0,1,1905,0,1021,368,3826,0,0,0,0,0,0,0,0,1659,-1750,0,0,166
1884.69,0,0,0,0,99,751,1.5603,0.0165924,1.562,42,0,28,29,28,0,-2,0,0,0,53,3767,3993,362,155,35,621,35061,34073,109,2,66,98,1.36365e+06,0,0,0,0,1,0,2500,0,364,3822,0,0,0,0,0,0,0,0,1659,-1712,0,0,166
1884.7,0,0,0,0,100,751,1.56035,0.0165805,1.56194,42,0,28,29,28,0,-2,0,0,0,53,3767,3993,359,155,35,621,35117,34147,109,2,66,98,1.35235e+06,0,0,0,0,1,0,2500,0,364,3822,0,0,0,0,0,0,0,0,1659,-1712,0,0,166
1884.71,0,0,0,0,99,751,1.56015,0.0166077,1.5619,42,0,28,29,28,0,-2,0,0,0,53,3767,3989,360,155,35,621,35117,34147,109,2,66,98,1.35612e+06,0,0,0,0,1,1702,0,1136,362,3822,0,0,0,0,0,0,0,0,1659,-1696,0,0,166
1884.72,0,0,0,0,100,751,1.55995,0.0166349,1.56186,42,0,28,29,28,0,-2,0,0,0,53,3767,3989,360,155,35,621,35117,34147,109,2,66,98,1.35612e+06,0,0,0,0,1,0,2500,0,357,3824,0,0,0,0,0,0,0,0,1659,-1666,0,0,166
1884.73,0,0,0,0,100,746,1.55975,0.0166622,1.56182,42,0,28,29,28,0,-2,0,0,0,53,3766,3989,336,155,35,621,35117,34147,109,2,66,98,1.26538e+06,0,0,0,0,1,1862,0,968,358,3831,0,0,0,0,0,0,0,0,1659,-1677,0,0,166
1884.74,0,0,0,0,100,757,1.55955,0.0166894,1.56178,42,0,28,29,28,0,-2,0,0,0,53,3766,3989,348,155,35,621,35117,34147,109,2,66,98,1.31057e+06,0,0,0,0,1,0,2500,0,339,3826,0,0,0,0,0,0,0,0,1659,-1504,0,0,166
1884.75,0,0,0,0,99,754,1.55935,0.0167166,1.56174,42,0,28,29,28,0,-2,0,0,0,53,3778,3989,363,155,35,621,35117,34147,109,2,66,98,1.37141e+06,0,0,0,0,1,1392,0,1365,358,3829,0,0,0,0,0,0,0,0,1659,-1597,0,0,166
1884.76,0,0,0,0,99,754,1.55915,0.0167438,1.5617,42,0,28,29,28,0,-2,0,0,0,53,3778,3989,363,155,35,621,35117,34147,109,2,66,98,1.37141e+06,0,0,0,0,1,1392,0,1365,358,3829,0,0,0,0,0,0,0,0,1659,-1597,0,0,166
1884.77,0,0,0,0,99,758,1.55894,0.016771,1.56166,42,0,28,29,28,0,-2,0,0,0,53,3772,3989,381,155,35,621,35117,34147,109,2,66,98,1.43713e+06,0,0,0,0,1,0,2500,0,358,3807,0,0,0,0,0,0,0,0,1659,-1547,0,0,166
1884.78,0,0,0,0,99,751,1.55874,0.0167982,1.56162,42,0,28,29,28,0,-2,0,0,0,53,3772,3989,378,155,35,621,35117,34147,109,2,66,98,1.42582e+06,0,0,0,0,1,491,0,1988,359,3817,0,0,0,0,0,0,0,0,1659,-1550,0,0,166
1884.79,0,0,0,0,99,748,1.55854,0.0168254,1.56158,42,0,28,29,28,0,-2,0,0,0,53,3772,3990,377,155,35,621,35117,34147,109,2,66,98,1.42204e+06,0,0,0,0,1,0,2500,0,360,3813,0,0,0,0,0,0,0,0,1659,-1545,0,0,166
1884.8,0,0,0,0,99,750,1.55834,0.0168526,1.56153,42,0,28,29,28,0,-2,0,0,0,53,3772,3990,377,155,35,621,35126,34256,110,2,82,98,1.42204e+06,0,0,0,0,1,261,0,2126,362,3815,0,0,0,0,0,0,0,0,1659,-1558,0,0,166
1884.81,0,0,0,0,99,755,1.55822,0.0168738,1.56119,42,0,28,29,28,0,-2,0,0,0,53,3761,3990,353,155,35,621,35126,34256,110,2,82,98,1.32763e+06,0,0,0,0,1,0,2400,0,355,3811,0,0,0,0,0,0,0,0,1659,-1518,0,0,166
1884.82,0,0,0,0,99,755,1.5581,0.0168949,1.56085,42,0,28,29,28,0,-2,0,0,0,53,3764,3990,354,155,35,621,35126,34256,110,2,82,98,1.33246e+06,0,0,0,0,1,0,2400,0,355,3811,0,0,0,0,0,0,0,0,1659,-1518,0,0,166
1884.83,0,0,0,0,99,756,1.55797,0.0169161,1.56051,42,0,28,29,28,0,-2,0,0,0,53,3764,3990,365,155,35,621,35126,34256,110,2,82,98,1.37386e+06,0,0,0,0,1,68,0,2170,347,3811,0,0,0,0,0,0,0,0,1659,-1495,0,0,166
1884.84,0,0,0,0,99,757,1.55785,0.0169373,1.56016,42,0,28,29,28,0,-2,0,0,0,53,3764,3990,365,156,35,621,35126,34256,110,2,82,98,1.37386e+06,0,0,0,0,1,81,2304,0,356,3800,0,0,0,0,0,0,0,0,1659,-1581,0,0,166
1884.85,0,0,0,0,99,760,1.55772,0.0169584,1.55982,42,0,28,29,28,0,-2,0,0,0,53,3772,3990,375,156,35,621,35126,34256,110,2,82,98,1.4145e+06,0,0,0,0,1,0,0,2500,363,3805,0,0,0,0,0,0,0,0,1659,-1665,0,0,166
1884.86,0,0,0,0,99,757,1.5576,0.0169796,1.55948,42,0,28,29,28,0,-2,0,0,0,53,3772,3990,374,156,35,621,35126,34256,110,2,82,98,1.41073e+06,0,0,0,0,1,484,2296,0,370,3798,0,0,0,0,0,0,0,0,1659,-1737,0,0,166
1884.87,0,0,0,0,99,755,1.55748,0.0170007,1.55913,42,0,28,29,28,0,-2,0,0,0,53,3772,3990,363,156,35,621,35126,34256,110,2,82,98,1.36924e+06,0,0,0,0,1,0,0,2500,364,3813,0,0,0,0,0,0,0,0,1659,-1686,0,0,166
1884.88,0,0,0,0,99,755,1.55735,0.0170219,1.55879,42,0,28,29,28,0,-2,0,0,0,53,3772,3990,363,156,35,621,35126,34256,110,2,82,98,1.36924e+06,0,0,0,0,1,0,0,2500,364,3813,0,0,0,0,0,0,0,0,1659,-1686,0,0,166
1884.89,0,0,0,0,99,755,1.55723,0.017043,1.55845,42,0,28,29,28,0,-2,0,0,0,53,3762,3990,364,156,35,621,35126,34256,110,2,82,98,1.36937e+06,0,0,0,0,1,749,2095,0,366,3811,0,0,0,0,0,0,0,0,1659,-1720,0,0,166
1884.9,0,0,0,0,99,760,1.55711,0.0170642,1.5581,42,0,28,29,28,0,-2,0,0,0,53,3766,3990,365,156,35,621,35057,34167,110,2,61,98,1.37459e+06,0,0,0,0,1,0,0,2500,358,3831,0,0,0,0,0,0,0,0,1659,-1667,0,0,166
1884.91,0,0,0,0,99,763,1.55728,0.0170471,1.55818,42,0,28,29,28,0,-2,0,0,0,53,3766,3990,369,156,35,621,35057,34167,110,2,61,98,1.38965e+06,0,0,0,0,1,1475,1248,0,355,3817,0,0,0,0,0,0,0,0,1659,-1593,0,0,166
1884.92,0,0,0,0,99,762,1.55746,0.01703,1.55825,42,0,28,29,28,0,-2,0,0,0,53,3766,3990,369,156,35,621,35057,34167,110,2,61,98,1.38965e+06,0,0,0,0,1,0,0,2500,358,3820,0,0,0,0,0,0,0,0,1659,-1520,0,0,166
1884.93,0,0,0,0,99,759,1.55764,0.0170129,1.55833,42,0,28,29,28,0,-2,0,0,0,53,3769,3990,366,156,35,621,35057,34167,110,2,61,98,1.37945e+06,0,0,0,0,1,2298,52,0,367,3800,0,0,0,0,0,0,0,0,1659,-1557,0,0,166
1884.94,0,0,0,0,99,759,1.55781,0.0169958,1.5584,42,0,28,29,28,0,-2,0,0,0,53,3769,3990,368,156,35,621,35057,34167,110,2,61,98,1.38699e+06,0,0,0,0,1,2298,52,0,367,3800,0,0,0,0,0,0,0,0,1659,-1557,0,0,166
1884.95,0,0,0,0,99,761,1.55799,0.0169787,1.55847,42,0,28,29,28,0,-2,0,0,0,53,3762,3990,357,156,35,621,35057,34167,110,2,61,98,1.34303e+06,0,0,0,0,1,0,177,2342,371,3805,0,0,0,0,0,0,0,0,1659,-1683,0,0,166
1884.96,0,0,0,0,99,761,1.55817,0.0169616,1.55855,42,0,28,29,28,0,-2,0,0,0,53,3762,3990,357,156,35,621,35057,34167,110,2,61,98,1.34303e+06,0,0,0,0,1,2500,0,0,368,3800,0,0,0,0,0,0,0,0,1659,-1699,0,0,166
1884.97,0,0,0,0,99,765,1.55835,0.0169445,1.55862,42,0,28,29,28,0,-2,0,0,0,53,3764,3990,342,156,35,621,35057,34167,110,2,61,98,1.28729e+06,0,0,0,0,1,0,675,2078,362,3817,0,0,0,0,0,0,0,0,1659,-1671,0,0,166
1884.98,0,0,0,0,99,763,1.55852,0.0169274,1.55869,42,0,28,29,28,0,-2,0,0,0,53,3764,3990,357,156,35,621,35057,34167,110,2,61,98,1.34375e+06,0,0,0,0,1,2500,0,0,353,3817,0,0,0,0,0,0,0,0,1659,-1638,0,0,166
1884.99,0,0,0,0,99,764,1.5587,0.0169103,1.55877,42,0,28,29,28,0,-2,0,0,0,53,3775,3990,362,156,35,621,35057,34167,110,2,61,98,1.36655e+06,0,0,0,0,1,0,1669,972,366,3824,0,0,0,0,0,0,0,0,1659,-1601,0,0,166
1885,0,0,0,0,99,764,1.55888,0.0168932,1.55884,42,0,28,29,28,0,-2,0,0,0,53,3775,3990,362,156,35,621,35079,34086,110,2,66,98,1.36655e+06,0,0,0,0,1,0,1669,972,366,3824,0,0,0,0,0,0,0,0,1659,-1601,0,0,166
1885.01,0,0,0,0,99,766,1.55881,0.0169012,1.55868,42,0,28,29,28,0,-2,0,0,0,53,3775,3990,358,156,35,621,35079,34086,110,2,66,98,1.35145e+06,0,0,0,0,1,2318,0,0,359,3813,0,0,0,0,0,0,0,0,1659,-1529,0,0,166
1885.02,0,0,0,0,99,761,1.55874,0.0169092,1.55851,42,0,28,29,28,0,-2,0,0,0,53,3775,3990,365,156,35,621,35079,34086,110,2,66,98,1.37788e+06,0,0,0,0,1,0,2472,0,364,3803,0,0,0,0,0,0,0,0,1659,-1616,0,0,166
1885.03,0,0,0,0,99,755,1.55867,0.0169171,1.55835,42,0,28,29,28,0,-2,0,0,0,53,3770,3990,358,156,35,621,35079,34086,110,2,66,98,1.34966e+06,0,0,0,0,1,2329,0,207,366,3805,0,0,0,0,0,0,0,0,1659,-1674,0,0,166
1885.04,0,0,0,0,99,759,1.5586,0.0169251,1.55819,42,0,28,29,28,0,-2,0,0,0,53,3770,3990,358,156,35,621,35079,34086,110,2,66,98,1.34966e+06,0,0,0,0,1,0,2500,0,366,3807,0,0,0,0,0,0,0,0,1659,-1708,0,0,166
1885.05,0,0,0,0,99,763,1.55853,0.016933,1.55803,42,0,28,29,28,0,-2,0,0,0,53,3772,3990,347,156,35,621,35079,34086,110,2,66,98,1.30888e+06,0,0,0,0,1,1880,0,861,359,3824,0,0,0,0,0,0,0,0,1659,-1673,0,0,166
1885.06,0,0,0,0,99,763,1.55846,0.016941,1.55786,42,0,28,29,28,0,-2,0,0,0,53,3772,3990,358,156,35,621,35079,34086,110,2,66,98,1.35038e+06,0,0,0,0,1,1880,0,861,359,3824,0,0,0,0,0,0,0,0,1659,-1673,0,0,166
1885.07,0,0,0,0,99,764,1.55839,0.0169489,1.5577,42,0,28,29,28,0,-2,0,0,0,53,3772,3990,366,156,35,621,35079,34086,110,2,66,98,1.38055e+06,0,0,0,0,1,0,2500,0,363,3813,0,0,0,0,0,0,0,0,1659,-1677,0,0,166
1885.08,0,0,0,0,99,762,1.55832,0.0169569,1.55754,42,0,28,29,28,0,-2,0,0,0,53,3772,3990,366,156,35,621,35079,34086,110,2,66,98,1.38055e+06,0,0,0,0,1,1122,0,1578,362,3826,0,0,0,0,0,0,0,0,1659,-1609,0,0,166
1885.09,0,0,0,0,99,757,1.55825,0.0169649,1.55737,42,0,28,29,28,0,-2,0,0,0,53,3774,3992,371,156,35,621,35079,34086,110,2,66,98,1.40015e+06,0,0,0,0,1,0,2500,0,364,3805,0,0,0,0,0,0,0,0,1659,-1558,0,0,166
1885.1,0,0,0,0,99,750,1.55818,0.0169728,1.55721,42,0,28,29,29,0,-2,0,0,0,53,3774,3992,375,156,35,621,35142,34300,110,2,82,98,1.41525e+06,0,0,0,0,1,423,0,2052,366,3813,0,0,0,0,0,0,0,0,1659,-1572,0,0,166
1885.11,0,0,0,0,99,751,1.5583,0.0169268,1.55727,42,0,28,29,29,0,-2,0,0,0,53,3774,3992,366,156,35,621,35142,34300,110,2,82,98,1.38128e+06,0,0,0,0,1,0,2438,0,349,3813,0,0,0,0,0,0,0,0,1659,-1496,0,0,166
1885.12,0,0,0,0,99,751,1.55843,0.0168808,1.55733,42,0,28,29,29,0,-2,0,0,0,53,3774,3992,366,156,35,621,35142,34300,110,2,82,98,1.38128e+06,0,0,0,0,1,0,2438,0,349,3813,0,0,0,0,0,0,0,0,1659,-1496,0,0,166
1885.13,0,0,0,0,100,762,1.55855,0.0168347,1.55739,42,0,28,29,29,0,-2,0,0,0,53,3765,3992,356,156,35,621,35142,34300,110,2,82,98,1.34034e+06,0,0,0,0,1,9,0,2117,336,3824,0,0,0,0,0,0,0,0,1659,-1440,0,0,166
1885.14,0,0,0,0,99,761,1.55867,0.0167887,1.55745,42,0,28,29,29,0,-2,0,0,0,53,3765,3992,361,156,35,621,35142,34300,110,2,82,98,1.35916e+06,0,0,0,0,1,229,2282,0,354,3796,0,0,0,0,0,0,0,0,1659,-1624,0,0,166
1885.15,0,0,0,0,99,770,1.5588,0.0167426,1.55751,42,0,28,29,29,0,-2,0,0,0,53,3769,3992,361,156,35,621,35142,34300,110,2,82,98,1.36061e+06,0,0,0,0,1,0,0,2500,361,3817,0,0,0,0,0,0,0,0,1659,-1647,0,0,166
1885.16,0,0,0,0,99,770,1.55892,0.0166966,1.55757,42,0,28,29,29,0,-2,0,0,0,53,3769,3992,361,156,35,621,35142,34300,110,2,82,98,1.36061e+06,0,0,0,0,1,1241,1433,0,346,3820,0,0,0,0,0,0,0,0,1659,-1563,0,0,166
1885.17,0,0,0,0,99,763,1.55905,0.0166506,1.55763,42,0,28,29,29,0,-2,0,0,0,53,3769,3990,361,156,35,621,35142,34300,110,2,82,98,1.36061e+06,0,0,0,0,1,0,0,2500,363,3822,0,0,0,0,0,0,0,0,1659,-1578,0,0,166
1885.18,0,0,0,0,99,763,1.55917,0.0166045,1.5577,42,0,28,29,29,0,-2,0,0,0,53,3769,3990,363,156,35,621,35142,34300,110,2,82,98,1.36815e+06,0,0,0,0,1,0,0,2500,363,3822,0,0,0,0,0,0,0,0,1659,-1578,0,0,166
1885.19,0,0,0,0,99,769,1.55929,0.0165585,1.55776,42,0,28,29,29,0,-2,0,0,0,53,3763,3990,356,156,35,621,35142,34300,110,2,82,98,1.33963e+06,0,0,0,0,1,2282,0,0,358,3796,0,0,0,0,0,0,0,0,1659,-1523,0,0,166
1885.2,0,0,0,0,99,773,1.55942,0.0165125,1.55782,42,0,28,29,28,0,-2,0,0,0,53,3763,3990,356,156,35,621,35067,34076,110,2,66,98,1.33963e+06,0,0,0,0,1,0,476,2107,358,3813,0,0,0,0,0,0,0,0,1659,-1630,0,0,166
1885.21,0,0,0,0,99,778,1.55961,0.0165055,1.55809,42,0,28,29,28,0,-2,0,0,0,53,3766,3990,351,156,35,621,35067,34076,110,2,66,98,1.32187e+06,0,0,0,0,1,2500,0,0,356,3822,0,0,0,0,0,0,0,0,1659,-1581,0,0,166
1885.22,0,0,0,0,100,783,1.5598,0.0164984,1.55837,42,0,28,29,28,0,-2,0,0,0,53,3766,3990,361,156,35,621,35067,34076,110,2,66,98,1.35953e+06,0,0,0,0,1,0,2192,2,347,3809,0,0,0,0,0,0,0,0,1659,-1482,0,0,166
1885.23,0,0,0,0,99,784,1.56,0.0164914,1.55865,42,0,28,29,28,0,-2,0,0,0,53,3770,3990,364,156,35,621,35067,34076,110,2,66,98,1.37228e+06,0,0,0,0,1,2120,0,611,368,3820,0,0,0,0,0,0,0,0,1659,-1675,0,0,166
1885.24,0,0,0,0,99,784,1.56019,0.0164844,1.55892,42,0,28,29,28,0,-2,0,0,0,53,3770,3990,364,156,35,621,35067,34076,110,2,66,98,1.37228e+06,0,0,0,0,1,2120,0,611,368,3820,0,0,0,0,0,0,0,0,1659,-1675,0,0,166
1885.25,0,0,0,0,99,795,1.56038,0.0164774,1.5592,42,0,28,29,28,0,-2,0,0,0,53,3770,3990,370,156,35,621,35067,34076,110,2,66,98,1.3949e+06,0,0,0,0,1,0,2169,0,347,3803,0,0,0,0,0,0,0,0,1659,-1484,0,0,166
1885.26,0,0,0,0,99,794,1.56058,0.0164704,1.55948,42,0,28,29,28,0,-2,0,0,0,53,3761,3990,370,155,35,621,35067,34076,110,2,66,98,1.39157e+06,0,0,0,0,1,0,0,2500,384,3811,0,0,0,0,0,0,0,0,1659,-1730,0,0,166
1885.27,0,0,0,0,100,805,1.56077,0.0164634,1.55975,42,0,28,29,28,0,-2,0,0,0,53,3761,3990,361,155,35,621,35067,34076,110,2,66,98,1.35772e+06,0,0,0,0,1,2386,0,0,356,3805,0,0,0,0,0,0,0,0,1659,-1561,0,0,166
1885.28,0,0,0,0,100,801,1.56097,0.0164563,1.56003,42,0,28,29,28,0,-2,0,0,0,53,3761,3990,361,155,35,621,35067,34076,110,2,66,98,1.35772e+06,0,0,0,0,1,0,1794,775,373,3813,0,0,0,0,0,0,0,0,1659,-1547,0,0,166
1885.29,0,0,0,0,100,812,1.56116,0.0164493,1.5603,42,0,28,29,28,0,-2,0,0,0,53,3758,3990,354,155,35,621,35067,34076,110,2,66,98,1.33033e+06,0,0,0,0,1,1614,0,965,353,3835,0,0,0,0,0,0,0,0,1659,-1528,0,0,166
1885.3,0,0,0,0,100,812,1.56135,0.0164423,1.56058,42,0,28,29,28,0,-2,0,0,0,53,3763,3990,371,155,35,621,35010,34014,110,2,66,98,1.39607e+06,0,0,0,0,1,1614,0,965,353,3835,0,0,0,0,0,0,0,0,1659,-1528,0,0,166
1885.31,0,0,0,0,99,810,1.56116,0.0164247,1.56031,42,0,28,29,28,0,-2,0,0,0,53,3763,3990,378,155,35,621,35010,34014,110,2,66,98,1.42241e+06,0,0,0,0,1,626,2093,0,375,3796,0,0,0,0,0,0,0,0,1659,-1662,0,0,166
1885.32,0,0,0,0,99,824,1.56096,0.0164071,1.56005,42,0,28,29,28,0,-2,0,0,0,53,3763,3990,378,155,35,621,35010,34014,110,2,66,98,1.42241e+06,0,0,0,0,1,0,300,2102,367,3811,0,0,0,0,0,0,0,0,1659,-1569,0,0,166
1885.33,0,0,0,0,99,820,1.56077,0.0163896,1.55978,42,0,28,29,28,0,-2,0,0,0,53,3762,3990,372,155,35,621,35010,34014,110,2,66,98,1.39946e+06,0,0,0,0,1,2298,0,45,383,3785,0,0,0,0,0,0,0,0,1659,-1579,0,0,166
1885.34,0,0,0,0,99,829,1.56057,0.016372,1.55951,42,0,28,29,28,0,-2,0,0,0,53,3762,3990,369,155,35,621,35010,34014,110,2,66,98,1.38818e+06,0,0,0,0,1,0,2302,0,381,3794,0,0,0,0,0,0,0,0,1659,-1503,0,0,166
1885.35,0,0,0,0,99,830,1.56038,0.0163544,1.55924,42,0,28,29,28,0,-2,0,0,0,53,3762,3990,362,155,35,621,35010,34014,110,2,66,98,1.36184e+06,0,0,0,0,1,0,0,2267,367,3809,0,0,0,0,0,0,0,0,1659,-1459,0,0,166
1885.36,0,0,0,0,99,830,1.56018,0.0163368,1.55898,42,0,28,29,28,0,-2,0,0,0,53,3762,3990,362,155,35,621,35010,34014,110,2,66,98,1.36184e+06,0,0,0,0,1,0,0,2267,367,3809,0,0,0,0,0,0,0,0,1659,-1459,0,0,166
1885.37,0,0,0,0,99,832,1.55999,0.0163192,1.55871,42,0,28,29,28,0,-2,0,0,0,53,3757,3990,355,155,35,621,35010,34014,110,2,66,98,1.33374e+06,0,0,0,0,1,2485,0,0,385,3798,0,0,0,0,0,0,0,0,1659,-1508,0,0,166
1885.38,0,0,0,0,99,844,1.55979,0.0163017,1.55844,42,0,28,29,28,0,-2,0,0,0,53,3757,3990,368,155,35,621,35010,34014,110,2,66,98,1.38258e+06,0,0,0,0,1,103,2162,0,365,3796,0,0,0,0,0,0,0,0,1659,-1492,0,0,166
1885.39,0,0,0,0,99,842,1.5596,0.0162841,1.55817,42,0,28,29,28,0,-2,0,0,0,53,3769,3990,372,155,35,621,35010,34014,110,2,66,98,1.40207e+06,0,0,0,0,1,0,269,2301,402,3790,0,0,0,0,0,0,0,0,1659,-1690,0,0,166
1885.4,0,0,0,0,99,845,1.5594,0.0162665,1.55791,42,0,28,29,28,0,-2,0,0,0,53,3769,3990,372,155,35,621,35006,34013,109,2,65,98,1.40207e+06,0,0,0,0,1,2181,0,502,396,3805,0,0,0,0,0,0,0,0,1659,-1677,0,0,166
1885.41,0,0,0,0,99,842,1.55938,0.0163174,1.55801,42,0,28,29,28,0,-2,0,0,0,53,3769,3991,380,155,35,621,35006,34013,109,2,65,98,1.43222e+06,0,0,0,0,1,747,2091,0,400,3785,0,0,0,0,0,0,0,0,1659,-1718,0,0,166
1885.42,0,0,0,0,99,842,1.55935,0.0163684,1.55812,42,0,28,29,28,0,-2,0,0,0,53,3761,3991,369,155,35,621,35006,34013,109,2,65,98,1.38781e+06,0,0,0,0,1,747,2091,0,400,3785,0,0,0,0,0,0,0,0,1659,-1718,0,0,166
1885.43,0,0,0,0,99,848,1.55933,0.0164193,1.55823,42,0,28,29,28,0,-2,0,0,0,53,3761,3991,368,155,35,621,35006,34013,109,2,65,98,1.38405e+06,0,0,0,0,1,0,1089,1699,391,3807,0,0,0,0,0,0,0,0,1659,-1662,0,0,166
1885.44,0,0,0,0,99,848,1.5593,0.0164703,1.55834,42,0,28,29,28,0,-2,0,0,0,53,3761,3991,368,155,35,621,35006,34013,109,2,65,98,1.38405e+06,0,0,0,0,1,962,0,1605,380,3811,0,0,0,0,0,0,0,0,1659,-1519,0,0,166
1885.45,0,0,0,0,99,850,1.55928,0.0165212,1.55845,42,0,28,29,28,0,-2,0,0,0,53,3767,3991,368,155,35,621,35006,34013,109,2,65,98,1.38626e+06,0,0,0,0,1,2249,68,0,392,3783,0,0,0,0,0,0,0,0,1659,-1532,0,0,166
1885.46,0,0,0,0,99,855,1.55925,0.0165721,1.55855,42,0,28,29,28,0,-2,0,0,0,53,3767,3991,360,155,35,621,35006,34013,109,2,65,98,1.35612e+06,0,0,0,0,1,0,2500,0,387,3803,0,0,0,0,0,0,0,0,1659,-1634,0,0,166
1885.47,0,0,0,0,99,849,1.55923,0.0166231,1.55866,42,0,28,29,28,0,-2,0,0,0,53,3767,3991,336,155,35,621,35006,34013,109,2,65,98,1.26571e+06,0,0,0,0,1,0,0,2500,411,3807,0,0,0,0,0,0,0,0,1659,-1757,0,0,166
1885.48,0,0,0,0,99,849,1.5592,0.016674,1.55877,42,0,28,29,28,0,-2,0,0,0,53,3767,3991,336,155,35,621,35006,34013,109,2,65,98,1.26571e+06,0,0,0,0,1,0,0,2500,411,3807,0,0,0,0,0,0,0,0,1659,-1757,0,0,166
1885.49,0,0,0,0,99,850,1.55918,0.016725,1.55888,42,0,28,29,28,0,-2,0,0,0,53,3767,3986,376,155,35,621,35006,34013,109,2,65,98,1.41639e+06,0,0,0,0,1,2500,0,0,400,3805,0,0,0,0,0,0,0,0,1659,-1691,0,0,166
1885.5,0,0,0,0,99,849,1.55915,0.0167759,1.55898,42,0,28,29,28,0,-2,0,0,0,53,3766,3986,364,155,35,621,35079,34166,110,2,66,98,1.37082e+06,0,0,0,0,1,0,2500,0,393,3798,0,0,0,0,0,0,0,0,1659,-1555,0,0,166
1885.51,0,0,0,0,99,857,1.55925,0.0167557,1.55903,42,0,28,29,28,0,-2,0,0,0,53,3766,3986,353,155,35,621,35079,34166,110,2,66,98,1.3294e+06,0,0,0,0,1,0,93,2240,385,3796,0,0,0,0,0,0,0,0,1659,-1509,0,0,166
1885.52,0,0,0,0,99,853,1.55935,0.0167355,1.55908,42,0,28,29,28,0,-2,0,0,0,53,3766,3986,353,155,35,621,35079,34166,110,2,66,98,1.3294e+06,0,0,0,0,1,2165,0,494,390,3805,0,0,0,0,0,0,0,0,1659,-1683,0,0,166
1885.53,0,0,0,0,99,851,1.55945,0.0167153,1.55913,42,0,28,29,28,0,-2,0,0,0,53,3767,3986,355,155,35,621,35079,34166,110,2,66,98,1.33728e+06,0,0,0,0,1,1015,1884,0,402,3788,0,0,0,0,0,0,0,0,1659,-1714,0,0,166
1885.54,0,0,0,0,99,851,1.55955,0.0166951,1.55917,42,0,28,29,28,0,-2,0,0,0,53,3767,3986,361,155,35,621,35079,34166,110,2,66,98,1.35989e+06,0,0,0,0,1,1015,1884,0,402,3788,0,0,0,0,0,0,0,0,1659,-1714,0,0,166
1885.55,0,0,0,0,99,862,1.55965,0.016675,1.55922,42,0,28,29,28,0,-2,0,0,0,53,3767,3986,355,155,35,621,35079,34166,110,2,66,98,1.33728e+06,0,0,0,0,1,0,1943,357,379,3803,0,0,0,0,0,0,0,0,1659,-1463,0,0,166
1885.56,0,0,0,0,99,855,1.55975,0.0166548,1.55927,42,0,28,29,28,0,-2,0,0,0,53,3767,3986,355,155,35,621,35079,34166,110,2,66,98,1.33728e+06,0,0,0,0,1,0,0,2500,413,3790,0,0,0,0,0,0,0,0,1659,-1719,0,0,166
1885.57,0,0,0,0,99,865,1.55985,0.0166346,1.55932,42,0,28,29,28,0,-2,0,0,0,53,3769,3986,378,156,35,621,35079,34166,110,2,66,98,1.42468e+06,0,0,0,0,1,2500,0,0,389,3796,0,0,0,0,0,0,0,0,1659,-1606,0,0,166
1885.58,0,0,0,0,100,864,1.55995,0.0166144,1.55936,42,0,28,29,28,0,-2,0,0,0,53,3769,3986,365,156,35,621,35079,34166,110,2,66,98,1.37568e+06,0,0,0,0,1,0,2443,0,394,3794,0,0,0,0,0,0,0,0,1659,-1524,0,0,166
1885.59,0,0,0,0,99,869,1.56004,0.0165942,1.55941,42,0,28,29,28,0,-2,0,0,0,53,3763,3986,358,156,35,621,35079,34166,110,2,66,98,1.34715e+06,0,0,0,0,1,0,460,2199,401,3798,0,0,0,0,0,0,0,0,1659,-1660,0,0,166
1885.6,0,0,0,0,99,869,1.56014,0.016574,1.55946,42,0,28,29,28,0,-2,0,0,0,53,3763,3986,358,156,35,621,35108,34234,110,2,82,98,1.34715e+06,0,0,0,0,1,0,460,2199,401,3798,0,0,0,0,0,0,0,0,1659,-1660,0,0,166
1885.61,0,0,0,0,100,862,1.56013,0.0165693,1.5598,42,0,28,29,28,0,-2,0,0,0,53,3765,3986,369,156,35,621,35108,34234,110,2,82,98,1.38928e+06,0,0,0,0,1,1495,0,1355,402,3807,0,0,0,0,0,0,0,0,1659,-1676,0,0,166
1885.62,0,0,0,0,99,866,1.56011,0.0165645,1.56013,42,0,28,29,28,0,-2,0,0,0,53,3765,3986,378,156,35,621,35108,34234,110,2,82,98,1.42317e+06,0,0,0,0,1,2415,0,0,405,3783,0,0,0,0,0,0,0,0,1659,-1595,0,0,166
1885.63,0,0,0,0,99,876,1.5601,0.0165598,1.56047,42,0,28,29,28,0,-2,0,0,0,53,3759,3986,376,156,35,621,35108,34234,110,2,82,98,1.41338e+06,0,0,0,0,1,0,2500,0,376,3809,0,0,0,0,0,0,0,0,1659,-1533,0,0,166
1885.64,0,0,0,0,100,876,1.56008,0.016555,1.5608,42,0,28,29,28,0,-2,0,0,0,53,3759,3986,376,156,35,621,35108,34234,110,2,82,98,1.41338e+06,0,0,0,0,1,0,99,2255,406,3796,0,0,0,0,0,0,0,0,1659,-1603,0,0,166
1885.65,0,0,0,0,99,886,1.56006,0.0165503,1.56114,42,0,28,29,28,0,-2,0,0,0,53,3759,3986,391,156,35,621,35108,34234,110,2,82,98,1.46977e+06,0,0,0,0,1,1116,0,1390,384,3822,0,0,0,0,0,0,0,0,1659,-1503,0,0,166
1885.66,0,0,0,0,100,886,1.56005,0.0165455,1.56148,42,0,28,29,28,0,-2,0,0,0,53,3759,3986,356,156,35,621,35108,34234,110,2,82,98,1.3382e+06,0,0,0,0,1,1116,0,1390,384,3822,0,0,0,0,0,0,0,0,1659,-1503,0,0,166
1885.67,0,0,0,0,99,882,1.56003,0.0165408,1.56181,42,0,28,29,28,0,-2,0,0,0,53,3750,3986,384,156,35,621,35108,34234,110,2,82,98,1.44e+06,0,0,0,0,1,2500,0,0,415,3772,0,0,0,0,0,0,0,0,1659,-1708,0,0,166
1885.68,0,0,0,0,100,889,1.56002,0.016536,1.56215,42,0,28,29,28,0,-2,0,0,0,53,3750,3986,384,157,35,621,35108,34234,110,2,82,98,1.44e+06,0,0,0,0,1,0,2327,0,407,3783,0,0,0,0,0,0,0,0,1659,-1528,0,0,166
1885.69,0,0,0,0,99,886,1.56,0.0165313,1.56249,42,0,28,29,28,0,-2,0,0,0,53,3751,3986,375,157,35,621,35108,34234,110,2,82,98,1.40662e+06,0,0,0,0,1,0,1189,1646,407,3813,0,0,0,0,0,0,0,0,1659,-1668,0,0,166
1885.7,0,0,0,0,99,891,1.55998,0.0165265,1.56282,42,0,28,29,28,0,-2,0,0,0,53,3751,3986,405,157,35,621,34951,33939,110,2,65,98,1.51916e+06,0,0,0,0,1,0,0,2500,413,3788,0,0,0,0,0,0,0,0,1659,-1673,0,0,166
1885.71,0,0,0,0,99,896,1.55983,0.0165158,1.56233,42,0,28,29,28,0,-2,0,0,0,53,3751,3986,402,157,35,621,34951,33939,110,2,65,98,1.5079e+06,0,0,0,0,1,2165,0,64,386,3790,0,0,0,0,0,0,0,0,1659,-1489,0,0,166
1885.72,0,0,0,0,99,896,1.55967,0.0165051,1.56183,42,0,28,29,28,0,-2,0,0,0,53,3751,3986,402,157,35,621,34951,33939,110,2,65,98,1.5079e+06,0,0,0,0,1,2165,0,64,386,3790,0,0,0,0,0,0,0,0,1659,-1489,0,0,166
1885.73,0,0,0,0,99,897,1.55951,0.0164944,1.56133,42,0,28,29,28,0,-2,0,0,0,53,3747,3986,405,157,35,621,34951,33939,110,2,65,98,1.51754e+06,0,0,0,0,1,1853,604,0,402,3794,0,0,0,0,0,0,0,0,1659,-1497,0,0,166
1885.74,0,0,0,0,100,906,1.55936,0.0164837,1.56084,42,0,28,29,28,0,-2,0,0,0,53,3750,3986,394,157,35,621,34951,33939,110,2,65,98,1.4775e+06,0,0,0,0,1,0,2500,0,391,3805,0,0,0,0,0,0,0,0,1659,-1490,0,0,166
1885.75,0,0,0,0,100,905,1.5592,0.016473,1.56034,42,0,28,29,28,0,-2,0,0,0,53,3750,3986,384,157,35,621,34951,33939,110,2,65,98,1.44e+06,0,0,0,0,1,0,1138,1681,418,3800,0,0,0,0,0,0,0,0,1659,-1646,0,0,166
1885.76,0,0,0,0,99,911,1.55904,0.0164623,1.55985,42,0,28,29,28,0,-2,0,0,0,53,3750,3986,384,157,35,621,34951,33939,110,2,65,98,1.44e+06,0,0,0,0,1,0,0,2500,416,3798,0,0,0,0,0,0,0,0,1659,-1625,0,0,166
1885.77,0,0,0,0,99,911,1.55889,0.0164516,1.55935,42,0,28,29,28,0,-2,0,0,0,53,3754,3986,390,157,35,621,34951,33939,110,2,65,98,1.46406e+06,0,0,0,0,1,1981,0,750,416,3800,0,0,0,0,0,0,0,0,1659,-1672,0,0,166
1885.78,0,0,0,0,99,911,1.55873,0.0164408,1.55885,42,0,28,29,28,0,-2,0,0,0,53,3754,3989,406,157,35,621,34951,33939,110,2,65,98,1.52412e+06,0,0,0,0,1,1981,0,750,416,3800,0,0,0,0,0,0,0,0,1659,-1672,0,0,166
1885.79,0,0,0,0,99,917,1.55858,0.0164301,1.55836,42,0,28,29,28,0,-2,0,0,0,53,3754,3989,405,157,35,621,34951,33939,110,2,65,98,1.52037e+06,0,0,0,0,1,2500,0,0,414,3788,0,0,0,0,0,0,0,0,1659,-1652,0,0,166
1885.8,0,0,0,0,99,919,1.55842,0.0164194,1.55786,42,0,28,29,28,0,-2,0,0,0,53,3754,3989,405,157,35,621,35014,34152,109,2,68,98,1.52037e+06,0,0,0,0,1,976,1794,0,413,3779,0,0,0,0,0,0,0,0,1659,-1639,0,0,166
1885.81,0,0,0,0,99,920,1.5583,0.0164315,1.55799,42,0,28,29,28,0,-2,0,0,0,53,3753,3989,407,157,35,621,35014,34152,109,2,68,98,1.52747e+06,0,0,0,0,1,0,2500,0,424,3785,0,0,0,0,0,0,0,0,1659,-1672,0,0,166
1885.82,0,0,0,0,100,924,1.55818,0.0164436,1.55811,42,0,28,29,28,0,-2,0,0,0,53,3753,3989,394,157,35,621,35014,34152,109,2,68,98,1.47868e+06,0,0,0,0,1,0,1234,1525,413,3805,0,0,0,0,0,0,0,0,1659,-1612,0,0,166
1885.83,0,0,0,0,99,921,1.55806,0.0164557,1.55823,42,0,28,29,28,0,-2,0,0,0,53,3753,3989,376,157,35,621,35014,34152,109,2,68,98,1.41113e+06,0,0,0,0,1,0,0,2500,421,3798,0,0,0,0,0,0,0,0,1659,-1635,0,0,166
1885.84,0,0,0,0,100,921,1.55795,0.0164678,1.55836,42,0,28,29,28,0,-2,0,0,0,53,3753,3989,376,157,35,621,35014,34152,109,2,68,98,1.41113e+06,0,0,0,0,1,0,0,2500,421,3798,0,0,0,0,0,0,0,0,1659,-1635,0,0,166
1885.85,0,0,0,0,100,927,1.55783,0.01648,1.55848,42,0,28,29,28,0,-2,0,0,0,53,3746,3996,395,157,35,621,35014,34152,109,2,68,98,1.47967e+06,0,0,0,0,1,667,0,1797,413,3800,0,0,0,0,0,0,0,0,1659,-1505,0,0,166
1885.86,0,0,0,0,99,925,1.55771,0.0164921,1.55861,42,0,28,29,28,0,-2,0,0,0,53,3746,3996,388,157,35,621,35014,34152,109,2,68,98,1.45345e+06,0,0,0,0,1,2366,0,0,421,3777,0,0,0,0,0,0,0,0,1659,-1535,0,0,166
1885.87,0,0,0,0,99,935,1.55759,0.0165042,1.55873,42,0,28,29,28,0,-2,0,0,0,53,3751,3996,416,157,35,621,35014,34152,109,2,68,98,1.56042e+06,0,0,0,0,1,2485,0,0,408,3779,0,0,0,0,0,0,0,0,1659,-1589,0,0,166
1885.88,0,0,0,0,100,926,1.55747,0.0165163,1.55885,42,0,28,29,28,0,-2,0,0,0,53,3751,3996,416,156,35,621,35014,34152,109,2,68,98,1.56042e+06,0,0,0,0,1,585,2222,0,437,3774,0,0,0,0,0,0,0,0,1659,-1731,0,0,166
1885.89,0,0,0,0,99,939,1.55735,0.0165284,1.55898,42,0,28,29,28,0,-2,0,0,0,53,3743,3996,394,156,35,621,35014,34152,109,2,68,98,1.47474e+06,0,0,0,0,1,0,2500,0,418,3788,0,0,0,0,0,0,0,0,1659,-1603,0,0,166
1885.9,0,0,0,0,99,939,1.55723,0.0165405,1.5591,42,0,28,29,28,0,-2,0,0,0,52,3743,3996,404,156,35,621,34887,33924,109,2,61,98,1.51217e+06,0,0,0,0,1,0,2500,0,418,3788,0,0,0,0,0,0,0,0,1659,-1603,0,0,166
1885.91,0,0,0,0,100,943,1.55702,0.0165306,1.55926,42,0,28,29,28,0,-2,0,0,0,52,3752,3996,392,156,35,621,34887,33924,109,2,61,98,1.47078e+06,0,0,0,0,1,0,2015,263,410,3788,0,0,0,0,0,0,0,0,1659,-1476,0,0,166
1885.92,0,0,0,0,100,945,1.55681,0.0165208,1.55942,42,0,28,29,28,0,-2,0,0,0,52,3752,3996,392,156,35,621,34887,33924,109,2,61,98,1.47078e+06,0,0,0,0,1,0,390,2225,437,3774,0,0,0,0,0,0,0,0,1659,-1661,0,0,166
1885.93,0,0,0,0,99,948,1.5566,0.0165109,1.55957,42,0,28,29,28,0,-2,0,0,0,52,3752,3999,396,156,35,621,34887,33924,109,2,61,98,1.48579e+06,0,0,0,0,1,0,0,2500,423,3794,0,0,0,0,0,0,0,0,1659,-1611,0,0,166
1885.94,0,0,0,0,99,941,1.55639,0.016501,1.55973,42,0,28,29,28,0,-2,0,0,0,52,3750,3999,373,156,35,621,34887,33924,109,2,61,98,1.39875e+06,0,0,0,0,1,315,0,2125,441,3791,0,0,0,0,0,0,0,0,1659,-1578,0,0,166
1885.95,0,0,0,0,99,944,1.55618,0.0164911,1.55989,42,0,28,29,28,0,-2,0,0,0,52,3750,3999,391,156,35,621,34887,33924,109,2,61,98,1.46625e+06,0,0,0,0,1,2278,0,361,441,3785,0,0,0,0,0,0,0,0,1659,-1703,0,0,166
1885.96,0,0,0,0,99,944,1.55597,0.0164813,1.56005,42,0,28,29,28,0,-2,0,0,0,52,3750,3999,391,156,35,621,34887,33924,109,2,61,98,1.46625e+06,0,0,0,0,1,2278,0,361,441,3785,0,0,0,0,0,0,0,0,1659,-1703,0,0,166
1885.97,0,0,0,0,99,953,1.55576,0.0164714,1.5602,42,0,28,29,28,0,-2,0,0,0,52,3759,3999,391,156,35,621,34887,33924,109,2,61,98,1.46977e+06,0,0,0,0,1,2500,0,0,416,3790,0,0,0,0,0,0,0,0,1659,-1548,0,0,166
1885.98,0,0,0,0,99,953,1.55555,0.0164615,1.56036,42,0,28,29,28,0,-2,0,0,0,52,3756,3999,416,156,35,621,34887,33924,109,2,61,98,1.5625e+06,0,0,0,0,1,2409,0,0,422,3772,0,0,0,0,0,0,0,0,1659,-1569,0,0,166
1885.99,0,0,0,0,99,960,1.55534,0.0164517,1.56052,42,0,28,29,28,0,-2,0,0,0,52,3756,3999,412,156,35,621,34887,33924,109,2,61,98,1.54747e+06,0,0,0,0,1,1159,1611,0,427,3790,0,0,0,0,0,0,0,0,1659,-1622,0,0,166
1886,0,0,0,0,99,958,1.55513,0.0164418,1.56068,42,0,28,29,28,0,-2,0,0,0,53,3756,3999,412,156,35,621,35036,34053,109,2,65,98,1.54747e+06,0,0,0,0,1,163,2310,0,435,3762,0,0,0,0,0,0,0,0,1659,-1615,0,0,166
1886.01,0,0,0,0,99,959,1.55549,0.0164469,1.56025,42,0,28,29,28,0,-2,0,0,0,53,3756,3999,420,156,35,621,35036,34053,109,2,65,98,1.57752e+06,0,0,0,0,1,0,2500,0,442,3783,0,0,0,0,0,0,0,0,1659,-1692,0,0,166
1886.02,0,0,0,0,99,959,1.55585,0.016452,1.55983,42,0,28,29,28,0,-2,0,0,0,53,3745,3999,391,156,35,621,35036,34053,109,2,65,98,1.4643e+06,0,0,0,0,1,0,2500,0,442,3783,0,0,0,0,0,0,0,0,1659,-1692,0,0,166
1886.03,0,0,0,0,99,963,1.55621,0.0164571,1.55941,42,0,28,29,28,0,-2,0,0,0,53,3745,3999,388,156,35,621,35036,34053,109,2,65,98,1.45306e+06,0,0,0,0,1,0,2474,0,429,3777,0,0,0,0,0,0,0,0,1659,-1602,0,0,166
1886.04,0,0,0,0,99,966,1.55657,0.0164622,1.55899,42,0,28,29,28,0,-2,0,0,0,53,3745,3999,388,156,35,621,35036,34053,109,2,65,98,1.45306e+06,0,0,0,0,1,0,1517,1182,429,3785,0,0,0,0,0,0,0,0,1659,-1573,0,0,166
1886.05,0,0,0,0,99,970,1.55693,0.0164673,1.55856,42,0,28,29,28,0,-2,0,0,0,53,3752,3999,405,156,35,621,35036,34053,109,2,65,98,1.51956e+06,0,0,0,0,1,0,618,2047,429,3790,0,0,0,0,0,0,0,0,1659,-1624,0,0,166
1886.06,0,0,0,0,99,970,1.55729,0.0164723,1.55814,42,0,28,29,28,0,-2,0,0,0,53,3752,3999,409,156,35,621,35036,34053,109,2,65,98,1.53457e+06,0,0,0,0,1,0,126,2301,438,3768,0,0,0,0,0,0,0,0,1659,-1600,0,0,166
1886.07,0,0,0,0,99,972,1.55765,0.0164774,1.55772,42,0,28,29,28,0,-2,0,0,0,53,3748,3999,419,156,35,621,35036,34053,109,2,65,98,1.57041e+06,0,0,0,0,1,0,0,2500,442,3796,0,0,0,0,0,0,0,0,1659,-1644,0,0,166
1886.08,0,0,0,0,99,972,1.55801,0.0164825,1.5573,42,0,28,29,28,0,-2,0,0,0,53,3748,3999,419,156,35,621,35036,34053,109,2,65,98,1.57041e+06,0,0,0,0,1,0,0,2500,442,3796,0,0,0,0,0,0,0,0,1659,-1644,0,0,166
1886.09,0,0,0,0,99,978,1.55837,0.0164876,1.55688,42,0,28,29,28,0,-2,0,0,0,53,3748,3999,410,156,35,621,35036,34053,109,2,65,98,1.53668e+06,0,0,0,0,1,0,0,2500,429,3785,0,0,0,0,0,0,0,0,1659,-1609,0,0,166
1886.1,0,0,0,0,99,977,1.55873,0.0164927,1.55645,42,0,28,29,28,0,-2,0,0,0,53,3743,3999,413,156,35,621,34941,34037,110,2,68,98,1.54586e+06,0,0,0,0,1,0,0,2500,444,3768,0,0,0,0,0,0,0,0,1659,-1627,0,0,166
1886.11,0,0,0,0,99,985,1.5587,0.0165012,1.55704,42,0,28,29,28,0,-2,0,0,0,53,3743,3999,411,156,35,621,34941,34037,110,2,68,98,1.53837e+06,0,0,0,0,1,7,0,2205,431,3783,0,0,0,0,0,0,0,0,1659,-1490,0,0,166
1886.12,0,0,0,0,99,981,1.55867,0.0165097,1.55763,42,0,28,29,28,0,-2,0,0,0,53,3743,3999,411,156,35,621,34941,34037,110,2,68,98,1.53837e+06,0,0,0,0,1,829,0,1806,446,3794,0,0,0,0,0,0,0,0,1659,-1584,0,0,166
1886.13,0,0,0,0,99,984,1.55864,0.0165181,1.55822,42,0,28,29,28,0,-2,0,0,0,53,3744,3999,413,156,35,621,34941,34037,110,2,68,98,1.54627e+06,0,0,0,0,1,1632,0,1232,452,3785,0,0,0,0,0,0,0,0,1659,-1688,0,0,166
1886.14,0,0,0,0,99,984,1.55862,0.0165266,1.55881,42,0,28,29,28,0,-2,0,0,0,53,3744,3999,415,156,35,621,34941,34037,110,2,68,98,1.55376e+06,0,0,0,0,1,1632,0,1232,452,3785,0,0,0,0,0,0,0,0,1659,-1688,0,0,166
1886.15,0,0,0,0,99,988,1.55859,0.0165351,1.5594,42,0,28,29,28,0,-2,0,0,0,53,3743,3999,433,156,35,621,34941,34037,110,2,68,98,1.62072e+06,0,0,0,0,1,1823,0,910,437,3791,0,0,0,0,0,0,0,0,1659,-1644,0,0,166
1886.16,0,0,0,0,99,990,1.55856,0.0165435,1.55999,42,0,28,29,28,0,-2,0,0,0,53,3743,3999,433,156,35,621,34941,34037,110,2,68,98,1.62072e+06,0,0,0,0,1,2077,0,685,450,3788,0,0,0,0,0,0,0,0,1659,-1675,0,0,166
1886.17,0,0,0,0,99,993,1.55853,0.016552,1.56058,42,0,28,29,28,0,-2,0,0,0,53,3743,3999,419,156,35,621,34941,34037,110,2,68,98,1.56832e+06,0,0,0,0,1,2126,0,561,444,3779,0,0,0,0,0,0,0,0,1659,-1659,0,0,166
1886.18,0,0,0,0,99,986,1.55851,0.0165605,1.56117,42,0,28,29,28,0,-2,0,0,0,53,3743,3999,414,156,35,621,34941,34037,110,2,68,98,1.5496e+06,0,0,0,0,1,2306,0,316,460,3766,0,0,0,0,0,0,0,0,1659,-1694,0,0,166
1886.19,0,0,0,0,99,992,1.55848,0.016569,1.56176,42,0,28,29,28,0,-2,0,0,0,53,3739,3999,419,156,35,621,34941,34037,110,2,68,98,1.56664e+06,0,0,0,0,1,2296,0,160,453,3766,0,0,0,0,0,0,0,0,1659,-1625,0,0,166
1886.2,0,0,0,0,99,992,1.55845,0.0165774,1.56235,42,0,28,29,28,0,-2,0,0,0,53,3739,3999,419,156,35,621,34859,33905,109,2,61,98,1.56664e+06,0,0,0,0,1,2296,0,160,453,3766,0,0,0,0,0,0,0,0,1659,-1625,0,0,166
1886.21,0,0,0,0,99,997,1.558,0.0165779,1.56185,42,0,28,29,28,0,-2,0,0,0,53,3740,3999,404,156,35,621,34859,33905,109,2,61,98,1.51096e+06,0,0,0,0,1,2214,0,158,435,3774,0,0,0,0,0,0,0,0,1659,-1561,0,0,166
1886.22,0,0,0,0,99,999,1.55755,0.0165783,1.56135,42,0,28,29,28,0,-2,0,0,0,53,3741,3999,423,156,35,621,34859,33905,109,2,61,98,1.58244e+06,0,0,0,0,1,2271,0,109,451,3759,0,0,0,0,0,0,0,0,1659,-1576,0,0,166
1886.23,0,0,0,0,99,1011,1.5571,0.0165787,1.56086,42,0,28,29,28,0,-2,0,0,0,53,3741,3999,444,156,35,621,34859,33905,109,2,61,98,1.661e+06,0,0,0,0,1,2120,0,392,435,3779,0,0,0,0,0,0,0,0,1659,-1599,0,0,166
1886.24,0,0,0,0,99,1004,1.55665,0.0165792,1.56036,42,0,28,29,28,0,-2,0,0,0,53,3741,3999,444,156,35,621,34859,33905,109,2,61,98,1.661e+06,0,0,0,0,1,2225,0,543,468,3770,0,0,0,0,0,0,0,0,1659,-1734,0,0,166
1886.25,0,0,0,0,99,1006,1.5562,0.0165796,1.55986,42,0,28,29,28,0,-2,0,0,0,53,3735,4001,438,156,35,621,34859,33905,109,2,61,98,1.63593e+06,0,0,0,0,1,2114,0,740,469,3783,0,0,0,0,0,0,0,0,1659,-1750,0,0,166
1886.26,0,0,0,0,99,1006,1.55575,0.01658,1.55936,42,0,28,29,28,0,-2,0,0,0,53,3735,4001,444,156,35,621,34859,33905,109,2,61,98,1.65834e+06,0,0,0,0,1,2114,0,740,469,3783,0,0,0,0,0,0,0,0,1659,-1750,0,0,166
1886.27,0,0,0,0,99,1007,1.5553,0.0165805,1.55887,42,0,28,29,28,0,-2,0,0,0,53,3733,4001,435,156,35,621,34859,33905,109,2,61,98,1.62386e+06,0,0,0,0,1,1870,0,998,461,3783,0,0,0,0,0,0,0,0,1659,-1700,0,0,166
1886.28,0,0,0,0,99,1008,1.55485,0.0165809,1.55837,42,0,28,29,28,0,-2,0,0,0,53,3733,4001,435,156,35,621,34859,33905,109,2,61,98,1.62386e+06,0,0,0,0,1,1489,0,1308,456,3798,0,0,0,0,0,0,0,0,1659,-1599,0,0,166
1886.29,0,0,0,0,99,1018,1.5544,0.0165813,1.55787,42,0,28,29,28,0,-2,0,0,0,53,3736,4001,424,156,35,621,34859,33905,109,2,61,98,1.58406e+06,0,0,0,0,1,366,0,1929,435,3781,0,0,0,0,0,0,0,0,1659,-1462,0,0,166
1886.3,0,0,0,0,99,1016,1.55395,0.0165818,1.55737,42,0,28,29,28,0,-2,0,0,0,53,3741,4001,429,157,35,621,34850,33906,109,2,68,98,1.60489e+06,0,0,0,0,1,0,0,2457,457,3766,0,0,0,0,0,0,0,0,1659,-1653,0,0,166
1886.31,0,0,0,0,99,1023,1.55425,0.0165837,1.55734,42,0,28,29,28,0,-2,0,0,0,53,3741,4001,433,157,35,621,34850,33906,109,2,68,98,1.61985e+06,0,0,0,0,1,0,0,2500,453,3783,0,0,0,0,0,0,0,0,1659,-1635,0,0,166
1886.32,0,0,0,0,99,1023,1.55454,0.0165856,1.5573,42,0,28,29,28,0,-2,0,0,0,53,3741,4001,433,157,35,621,34850,33906,109,2,68,98,1.61985e+06,0,0,0,0,1,0,0,2500,453,3783,0,0,0,0,0,0,0,0,1659,-1635,0,0,166
1886.33,0,0,0,0,99,1025,1.55484,0.0165875,1.55726,42,0,28,29,28,0,-2,0,0,0,53,3741,4002,440,157,35,621,34850,33906,109,2,68,98,1.64604e+06,0,0,0,0,1,0,0,2500,446,3781,0,0,0,0,0,0,0,0,1659,-1517,0,0,166
1886.34,0,0,0,0,99,1030,1.55514,0.0165894,1.55723,42,0,28,29,28,0,-2,0,0,0,53,3735,4002,432,157,35,621,34850,33906,109,2,68,98,1.61352e+06,0,0,0,0,1,0,222,2254,461,3764,0,0,0,0,0,0,0,0,1659,-1624,0,0,166
1886.35,0,0,0,0,99,1035,1.55544,0.0165913,1.55719,42,0,28,29,28,0,-2,0,0,0,53,3735,4002,429,157,35,621,34850,33906,109,2,68,98,1.60232e+06,0,0,0,0,1,0,1114,1599,446,3790,0,0,0,0,0,0,0,0,1659,-1599,0,0,166
1886.36,0,0,0,0,99,1031,1.55574,0.0165932,1.55715,42,0,28,29,28,0,-2,0,0,0,53,3735,4002,429,157,35,621,34850,33906,109,2,68,98,1.60232e+06,0,0,0,0,1,0,2191,207,467,3770,0,0,0,0,0,0,0,0,1659,-1546,0,0,166
1886.37,0,0,0,0,99,1038,1.55603,0.0165951,1.55711,42,0,28,29,28,0,-2,0,0,0,53,3737,4002,434,157,35,621,34850,33906,109,2,68,98,1.62186e+06,0,0,0,0,1,0,2500,0,464,3768,0,0,0,0,0,0,0,0,1659,-1666,0,0,166
1886.38,0,0,0,0,99,1038,1.55633,0.0165971,1.55708,42,0,28,29,28,0,-2,0,0,0,53,3737,4002,442,157,35,621,34850,33906,109,2,68,98,1.65175e+06,0,0,0,0,1,0,2500,0,464,3768,0,0,0,0,0,0,0,0,1659,-1666,0,0,166
1886.39,0,0,0,0,99,1038,1.55663,0.016599,1.55704,42,0,28,29,28,0,-2,0,0,0,53,3733,4002,442,157,35,621,34850,33906,109,2,68,98,1.64999e+06,0,0,0,0,1,0,2496,0,459,3764,0,0,0,0,0,0,0,0,1659,-1531,0,0,166
1886.4,0,0,0,0,99,1047,1.55693,0.0166009,1.557,42,0,28,29,28,0,-2,0,0,0,53,3733,4002,442,157,35,621,34853,33913,109,2,68,98,1.64999e+06,0,0,0,0,1,687,2005,0,459,3764,0,0,0,0,0,0,0,0,1659,-1635,0,0,166
1886.41,0,0,0,0,99,1046,1.55687,0.016587,1.55732,42,0,28,29,28,0,-2,0,0,0,53,3734,4002,445,157,35,621,34853,33913,109,2,68,98,1.66163e+06,0,0,0,0,1,2165,134,0,457,3764,0,0,0,0,0,0,0,0,1659,-1501,0,0,166
1886.42,0,0,0,0,99,1045,1.55682,0.0165732,1.55764,42,0,28,29,28,0,-2,0,0,0,53,3734,4002,434,157,35,621,34853,33913,109,2,68,98,1.62056e+06,0,0,0,0,1,2500,0,0,479,3759,0,0,0,0,0,0,0,0,1659,-1722,0,0,166
1886.43,0,0,0,0,99,1051,1.55676,0.0165593,1.55796,42,0,28,29,28,0,-2,0,0,0,53,3731,4002,429,157,35,621,34853,33913,109,2,68,98,1.6006e+06,0,0,0,0,1,2253,0,119,465,3759,0,0,0,0,0,0,0,0,1659,-1588,0,0,166
1886.44,0,0,0,0,99,1051,1.55671,0.0165454,1.55828,42,0,28,29,28,0,-2,0,0,0,53,3731,4002,429,157,35,621,34853,33913,109,2,68,98,1.6006e+06,0,0,0,0,1,2253,0,119,465,3759,0,0,0,0,0,0,0,0,1659,-1588,0,0,166
1886.45,0,0,0,0,99,1050,1.55665,0.0165316,1.5586,42,0,28,29,28,0,-2,0,0,0,53,3736,4002,444,157,35,621,34853,33913,109,2,68,98,1.65878e+06,0,0,0,0,1,1316,0,1461,475,3777,0,0,0,0,0,0,0,0,1659,-1654,0,0,166
1886.46,0,0,0,0,99,1058,1.5566,0.0165177,1.55893,42,0,28,29,28,0,-2,0,0,0,53,3736,4002,445,157,35,621,34853,33913,109,2,68,98,1.66252e+06,0,0,0,0,1,0,0,2500,470,3766,0,0,0,0,0,0,0,0,1659,-1641,0,0,166
1886.47,0,0,0,0,99,1056,1.55654,0.0165038,1.55925,42,0,28,29,28,0,-2,0,0,0,53,3733,4002,458,157,35,621,34853,33913,109,2,68,98,1.70971e+06,0,0,0,0,1,0,111,2302,477,3766,0,0,0,0,0,0,0,0,1659,-1590,0,0,166
1886.48,0,0,0,0,99,1053,1.55649,0.01649,1.55957,42,0,28,29,28,0,-2,0,0,0,53,3733,4002,458,157,35,621,34853,33913,109,2,68,98,1.70971e+06,0,0,0,0,1,0,1456,1385,484,3777,0,0,0,0,0,0,0,0,1659,-1703,0,0,166
1886.49,0,0,0,0,99,1052,1.55643,0.0164761,1.55989,42,0,28,29,28,0,-2,0,0,0,53,3733,4002,467,157,35,621,34853,33913,109,2,68,98,1.74331e+06,0,0,0,0,1,0,2500,0,483,3755,0,0,0,0,0,0,0,0,1659,-1706,0,0,166
1886.5,0,0,0,0,99,1052,1.55638,0.0164622,1.56021,42,0,28,29,28,0,-2,0,0,0,53,3733,4002,458,157,35,621,34839,33645,110,2,65,98,1.70971e+06,0,0,0,0,1,0,2500,0,483,3755,0,0,0,0,0,0,0,0,1659,-1706,0,0,166
1886.51,0,0,0,0,99,1064,1.55623,0.0164746,1.55989,42,0,28,29,28,0,-2,0,0,0,53,3727,4002,447,157,35,621,34839,33645,110,2,65,98,1.66597e+06,0,0,0,0,1,81,2179,0,451,3757,0,0,0,0,0,0,0,0,1659,-1494,0,0,166
1886.52,0,0,0,0,99,1059,1.55607,0.0164869,1.55958,42,0,28,29,28,0,-2,0,0,0,53,3727,4002,447,157,35,621,34839,33645,110,2,65,98,1.66597e+06,0,0,0,0,1,1697,906,0,464,3770,0,0,0,0,0,0,0,0,1659,-1545,0,0,166
1886.53,0,0,0,0,99,1071,1.55592,0.0164992,1.55927,42,0,28,29,28,0,-2,0,0,0,53,3730,4002,444,157,35,621,34839,33645,110,2,65,98,1.65612e+06,0,0,0,0,1,2500,0,0,459,3770,0,0,0,0,0,0,0,0,1659,-1564,0,0,166
1886.54,0,0,0,0,99,1065,1.55576,0.0165116,1.55895,42,0,28,29,28,0,-2,0,0,0,53,3727,4002,438,157,35,621,34839,33645,110,2,65,98,1.63243e+06,0,0,0,0,1,2028,0,814,482,3777,0,0,0,0,0,0,0,0,1659,-1716,0,0,166
1886.55,0,0,0,0,99,1069,1.55561,0.0165239,1.55864,42,0,28,29,28,0,-2,0,0,0,53,3727,4002,460,157,35,621,34839,33645,110,2,65,98,1.71442e+06,0,0,0,0,1,0,0,2500,489,3749,0,0,0,0,0,0,0,0,1659,-1699,0,0,166
1886.56,0,0,0,0,99,1069,1.55545,0.0165362,1.55833,42,0,28,29,28,0,-2,0,0,0,53,3727,4002,460,157,35,621,34839,33645,110,2,65,98,1.71442e+06,0,0,0,0,1,0,0,2500,489,3749,0,0,0,0,0,0,0,0,1659,-1699,0,0,166
1886.57,0,0,0,0,99,1076,1.5553,0.0165485,1.55801,42,0,28,29,28,0,-2,0,0,0,53,3727,4005,469,157,35,621,34839,33645,110,2,65,98,1.74796e+06,0,0,0,0,1,0,528,2096,470,3768,0,0,0,0,0,0,0,0,1659,-1642,0,0,166
1886.58,0,0,0,0,99,1073,1.55514,0.0165609,1.5577,42,0,28,29,28,0,-2,0,0,0,53,3722,4005,460,157,35,621,34839,33645,110,2,65,98,1.71212e+06,0,0,0,0,1,0,2476,0,484,3751,0,0,0,0,0,0,0,0,1659,-1613,0,0,166
1886.59,0,0,0,0,99,1080,1.55499,0.0165732,1.55739,42,0,28,29,28,0,-2,0,0,0,53,3722,4005,466,157,35,621,34839,33645,110,2,65,98,1.73445e+06,0,0,0,0,1,65,2286,0,479,3736,0,0,0,0,0,0,0,0,1659,-1558,0,0,166
1886.6,0,0,0,0,99,1079,1.55483,0.0165855,1.55707,42,0,28,29,28,0,-2,0,0,0,53,3722,4005,466,157,35,621,34695,33619,109,2,61,98,1.73445e+06,0,0,0,0,1,2277,19,0,477,3753,0,0,0,0,0,0,0,0,1659,-1534,0,0,166
1886.61,0,0,0,0,99,1085,1.55518,0.016558,1.55711,42,0,28,29,28,0,-2,0,0,0,53,3725,4005,455,157,35,621,34695,33619,109,2,61,98,1.69488e+06,0,0,0,0,1,2306,0,0,481,3747,0,0,0,0,0,0,0,0,1659,-1528,0,0,166
1886.62,0,0,0,0,99,1085,1.55552,0.0165306,1.55714,42,0,28,29,28,0,-2,0,0,0,53,3733,4005,468,157,35,621,34695,33619,109,2,61,98,1.74704e+06,0,0,0,0,1,2306,0,0,481,3747,0,0,0,0,0,0,0,0,1659,-1528,0,0,166
1886.63,0,0,0,0,99,1091,1.55586,0.0165031,1.55717,42,0,28,29,28,0,-2,0,0,0,53,3733,4005,454,157,35,621,34695,33619,109,2,61,98,1.69478e+06,0,0,0,0,1,0,0,2310,469,3762,0,0,0,0,0,0,0,0,1659,-1545,0,0,166
1886.64,0,0,0,0,99,1090,1.55621,0.0164756,1.5572,42,0,28,29,28,0,-2,0,0,0,53,3733,4005,454,157,35,621,34695,33619,109,2,61,98,1.69478e+06,0,0,0,0,1,0,241,2258,493,3747,0,0,0,0,0,0,0,0,1659,-1642,0,0,166
1886.65,0,0,0,0,99,1094,1.55655,0.0164481,1.55723,42,0,28,29,28,0,-2,0,0,0,53,3725,4007,458,157,35,621,34695,33619,109,2,61,98,1.70605e+06,0,0,0,0,1,0,2500,0,486,3757,0,0,0,0,0,0,0,0,1659,-1653,0,0,166
1886.66,0,0,0,0,99,1092,1.55689,0.0164206,1.55727,42,0,28,29,28,0,-2,0,0,0,53,3725,4007,452,157,35,621,34695,33619,109,2,61,98,1.6837e+06,0,0,0,0,1,655,2134,0,495,3747,0,0,0,0,0,0,0,0,1659,-1704,0,0,166
1886.67,0,0,0,0,100,1099,1.55724,0.0163931,1.5573,42,0,28,29,28,0,-2,0,0,0,53,3723,4007,462,157,35,621,34695,33619,109,2,61,98,1.72003e+06,0,0,0,0,1,2500,0,0,479,3757,0,0,0,0,0,0,0,0,1659,-1624,0,0,166
1886.68,0,0,0,0,100,1099,1.55758,0.0163656,1.55733,42,0,28,29,28,0,-2,0,0,0,53,3723,4007,462,157,35,621,34695,33619,109,2,61,98,1.72003e+06,0,0,0,0,1,2500,0,0,479,3757,0,0,0,0,0,0,0,0,1659,-1624,0,0,166
1886.69,0,0,0,0,99,1098,1.55792,0.0163381,1.55736,42,0,28,29,28,0,-2,0,0,0,53,3722,4007,460,157,35,621,34695,33619,109,2,61,98,1.71212e+06,0,0,0,0,1,952,0,1660,481,3774,0,0,0,0,0,0,0,0,1659,-1566,0,0,166
1886.7,0,0,0,0,99,1103,1.55827,0.0163106,1.5574,42,0,28,29,28,0,-2,0,0,0,54,3722,4007,465,157,35,621,34752,33766,110,2,68,98,1.73073e+06,0,0,0,0,1,0,15,2312,489,3759,0,0,0,0,0,0,0,0,1659,-1575,0,0,166
1886.71,0,0,0,0,100,1103,1.55796,0.0163365,1.55736,42,0,28,29,28,0,-2,0,0,0,54,3722,4009,462,157,35,621,34752,33766,110,2,68,98,1.71956e+06,0,0,0,0,1,0,2500,0,497,3751,0,0,0,0,0,0,0,0,1659,-1693,0,0,166
1886.72,0,0,0,0,99,1111,1.55765,0.0163624,1.55732,42,0,28,29,28,0,-2,0,0,0,54,3722,4009,462,157,35,621,34752,33766,110,2,68,98,1.71956e+06,0,0,0,0,1,1153,1638,0,488,3762,0,0,0,0,0,0,0,0,1659,-1636,0,0,166
1886.73,0,0,0,0,99,1114,1.55734,0.0163883,1.55728,42,0,28,29,28,0,-2,0,0,0,54,3723,4009,480,157,35,621,34752,33766,110,2,68,98,1.78704e+06,0,0,0,0,1,2290,0,0,479,3742,0,0,0,0,0,0,0,0,1659,-1505,0,0,166
1886.74,0,0,0,0,100,1114,1.55703,0.0164142,1.55724,42,0,28,29,28,0,-2,0,0,0,54,3723,4009,472,157,35,621,34752,33766,110,2,68,98,1.75726e+06,0,0,0,0,1,2290,0,0,479,3742,0,0,0,0,0,0,0,0,1659,-1505,0,0,166
1886.75,0,0,0,0,99,1115,1.55672,0.0164401,1.5572,42,0,28,29,28,0,-2,0,0,0,54,3722,4009,463,157,35,621,34752,33766,110,2,68,98,1.72329e+06,0,0,0,0,1,0,0,2500,503,3742,0,0,0,0,0,0,0,0,1659,-1708,0,0,166
1886.76,0,0,0,0,99,1118,1.55641,0.016466,1.55716,42,0,28,29,28,0,-2,0,0,0,54,3722,4009,463,157,35,621,34752,33766,110,2,68,98,1.72329e+06,0,0,0,0,1,0,1611,1048,495,3770,0,0,0,0,0,0,0,0,1659,-1586,0,0,166
1886.77,0,0,0,0,99,1113,1.5561,0.0164919,1.55712,42,0,28,29,28,0,-2,0,0,0,54,3721,4009,465,157,35,621,34752,33766,110,2,68,98,1.73026e+06,0,0,0,0,1,161,2373,0,510,3721,0,0,0,0,0,0,0,0,1659,-1656,0,0,166
1886.78,0,0,0,0,100,1114,1.55579,0.0165178,1.55708,42,0,28,29,28,0,-2,0,0,0,54,3721,4009,470,157,35,621,34752,33766,110,2,68,98,1.74887e+06,0,0,0,0,1,2500,0,0,504,3749,0,0,0,0,0,0,0,0,1659,-1712,0,0,166
1886.79,0,0,0,0,99,1124,1.55548,0.0165437,1.55704,42,0,28,29,28,0,-2,0,0,0,54,3721,4009,485,157,35,621,34752,33766,110,2,68,98,1.80468e+06,0,0,0,0,1,40,0,2160,478,3768,0,0,0,0,0,0,0,0,1659,-1519,0,0,166
1886.8,0,0,0,0,100,1124,1.55517,0.0165696,1.557,42,0,28,29,28,0,-2,0,0,0,54,3721,4009,485,157,35,621,34740,33749,110,2,68,98,1.80468e+06,0,0,0,0,1,40,0,2160,478,3768,0,0,0,0,0,0,0,0,1659,-1519,0,0,166
1886.81,0,0,0,0,99,1120,1.55527,0.0165582,1.55642,42,0,28,29,28,0,-2,0,0,0,54,3719,4009,473,157,35,621,34740,33749,110,2,68,98,1.75909e+06,0,0,0,0,1,0,839,1967,498,3757,0,0,0,0,0,0,0,0,1659,-1668,0,0,166
1886.82,0,0,0,0,99,1129,1.55536,0.0165468,1.55583,42,0,28,29,28,0,-2,0,0,0,54,3716,4009,453,157,35,621,34740,33749,110,2,68,98,1.68335e+06,0,0,0,0,1,284,2239,0,501,3731,0,0,0,0,0,0,0,0,1659,-1616,0,0,166
1886.83,0,0,0,0,100,1133,1.55545,0.0165354,1.55525,42,0,28,29,28,0,-2,0,0,0,54,3716,4009,467,157,35,621,34740,33749,110,2,68,98,1.73537e+06,0,0,0,0,1,2500,0,0,487,3751,0,0,0,0,0,0,0,0,1659,-1579,0,0,166
1886.84,0,0,0,0,100,1133,1.55555,0.016524,1.55466,42,0,28,29,28,0,-2,0,0,0,54,3716,4009,467,157,35,621,34740,33749,110,2,68,98,1.73537e+06,0,0,0,0,1,0,0,2500,511,3740,0,0,0,0,0,0,0,0,1659,-1699,0,0,166
1886.85,0,0,0,0,100,1137,1.55564,0.0165127,1.55408,42,0,28,29,28,0,-2,0,0,0,54,3727,4009,484,157,35,621,34740,33749,110,2,68,98,1.80387e+06,0,0,0,0,1,0,2075,312,501,3755,0,0,0,0,0,0,0,0,1659,-1534,0,0,166
1886.86,0,0,0,0,99,1137,1.55573,0.0165013,1.55349,42,0,28,29,28,0,-2,0,0,0,54,3727,4009,489,157,35,621,34740,33749,110,2,68,98,1.8225e+06,0,0,0,0,1,0,2075,312,501,3755,0,0,0,0,0,0,0,0,1659,-1534,0,0,166
1886.87,0,0,0,0,100,1128,1.55583,0.0164899,1.55291,42,0,28,29,28,0,-2,0,0,0,54,3727,4009,486,157,35,621,34740,33749,110,2,68,98,1.81132e+06,0,0,0,0,1,860,2046,0,517,3738,0,0,0,0,0,0,0,0,1659,-1743,0,0,166
1886.88,0,0,0,0,99,1133,1.55592,0.0164785,1.55232,42,0,28,29,28,0,-2,0,0,0,54,3727,4009,486,157,35,621,34740,33749,110,2,68,98,1.81132e+06,0,0,0,0,1,2372,0,70,507,3733,0,0,0,0,0,0,0,0,1659,-1587,0,0,166
1886.89,0,0,0,0,100,1142,1.55601,0.0164671,1.55174,42,0,28,29,28,0,-2,0,0,0,54,3720,4009,493,157,35,621,34740,33749,110,2,68,98,1.83396e+06,0,0,0,0,1,0,0,2500,481,3770,0,0,0,0,0,0,0,0,1659,-1492,0,0,166
1886.9,0,0,0,0,99,1144,1.55611,0.0164557,1.55115,42,0,28,29,28,0,-2,0,0,0,53,3720,4009,478,157,35,621,34723,33727,109,2,68,98,1.77816e+06,0,0,0,0,1,0,2500,0,503,3744,0,0,0,0,0,0,0,0,1659,-1673,0,0,166
1886.91,0,0,0,0,99,1147,1.55605,0.0164508,1.55181,42,0,28,29,28,0,-2,0,0,0,53,3711,4009,478,157,35,621,34723,33727,109,2,68,98,1.77386e+06,0,0,0,0,1,2500,0,0,510,3731,0,0,0,0,0,0,0,0,1659,-1685,0,0,166
1886.92,0,0,0,0,99,1147,1.556,0.0164458,1.55247,42,0,28,29,28,0,-2,0,0,0,53,3711,4009,478,157,35,621,34723,33727,109,2,68,98,1.77386e+06,0,0,0,0,1,2500,0,0,510,3731,0,0,0,0,0,0,0,0,1659,-1685,0,0,166
1886.93,0,0,0,0,99,1150,1.55595,0.0164409,1.55313,42,0,28,29,28,0,-2,0,0,0,53,3714,4012,470,157,35,621,34723,33727,109,2,68,98,1.74558e+06,0,0,0,0,1,0,0,2390,513,3738,0,0,0,0,0,0,0,0,1659,-1607,0,0,166
1886.94,0,0,0,0,99,1154,1.5559,0.016436,1.55379,42,0,28,29,28,0,-2,0,0,0,53,3714,4012,474,157,35,621,34723,33727,109,2,68,98,1.76044e+06,0,0,0,0,1,0,2019,318,503,3755,0,0,0,0,0,0,0,0,1659,-1517,0,0,166
1886.95,0,0,0,0,99,1157,1.55584,0.016431,1.55445,42,0,28,29,28,0,-2,0,0,0,53,3714,4012,487,157,35,621,34723,33727,109,2,68,98,1.80872e+06,0,0,0,0,1,1708,802,0,493,3751,0,0,0,0,0,0,0,0,1659,-1500,0,0,166
1886.96,0,0,0,0,99,1156,1.55579,0.0164261,1.55511,42,0,28,29,28,0,-2,0,0,0,53,3714,4012,487,157,35,621,34723,33727,109,2,68,98,1.80872e+06,0,0,0,0,1,1327,0,1416,506,3768,0,0,0,0,0,0,0,0,1659,-1621,0,0,166
1886.97,0,0,0,0,100,1162,1.55574,0.0164211,1.55577,42,0,28,29,28,0,-2,0,0,0,53,3721,4012,496,157,35,621,34723,33727,109,2,68,98,1.84562e+06,0,0,0,0,1,0,1335,1475,511,3759,0,0,0,0,0,0,0,0,1659,-1638,0,0,166
1886.98,0,0,0,0,100,1162,1.55569,0.0164162,1.55643,42,0,28,29,28,0,-2,0,0,0,53,3721,4012,491,157,35,621,34723,33727,109,2,68,98,1.82701e+06,0,0,0,0,1,0,1335,1475,511,3759,0,0,0,0,0,0,0,0,1659,-1638,0,0,166
1886.99,0,0,0,0,100,1166,1.55564,0.0164113,1.55709,42,0,28,29,28,0,-2,0,0,0,53,3714,4012,471,157,35,621,34723,33727,109,2,68,98,1.74929e+06,0,0,0,0,1,1322,1470,0,508,3755,0,0,0,0,0,0,0,0,1659,-1630,0,0,166
1887,0,0,0,0,100,1170,1.55558,0.0164063,1.55775,42,0,28,29,27,0,-2,0,0,0,53,3714,4012,471,157,35,621,34739,33485,110,2,65,98,1.74929e+06,0,0,0,0,1,1419,0,1343,515,3764,0,0,0,0,0,0,0,0,1659,-1648,0,0,166
1887.01,0,0,0,0,99,1174,1.55553,0.0164116,1.55749,42,0,28,29,27,0,-2,0,0,0,53,3714,4016,492,157,35,621,34739,33485,110,2,65,98,1.82729e+06,0,0,0,0,1,0,1636,937,506,3762,0,0,0,0,0,0,0,0,1659,-1544,0,0,166
1887.02,0,0,0,0,99,1169,1.55549,0.0164169,1.55723,42,0,28,29,27,0,-2,0,0,0,53,3713,4016,491,157,35,621,34739,33485,110,2,65,98,1.82308e+06,0,0,0,0,1,1786,921,0,525,3742,0,0,0,0,0,0,0,0,1659,-1610,0,0,166
1887.03,0,0,0,0,99,1174,1.55544,0.0164222,1.55697,42,0,28,29,27,0,-2,0,0,0,53,3713,4016,495,157,35,621,34739,33485,110,2,65,98,1.83794e+06,0,0,0,0,1,388,0,2023,517,3747,0,0,0,0,0,0,0,0,1659,-1525,0,0,166
1887.04,0,0,0,0,99,1174,1.55539,0.0164275,1.55671,42,0,28,29,27,0,-2,0,0,0,53,3713,4016,495,157,35,621,34739,33485,110,2,65,98,1.83794e+06,0,0,0,0,1,388,0,2023,517,3747,0,0,0,0,0,0,0,0,1659,-1525,0,0,166
1887.05,0,0,0,0,99,1175,1.55534,0.0164328,1.55645,42,0,28,29,27,0,-2,0,0,0,53,3710,4016,493,157,35,621,34739,33485,110,2,65,98,1.82903e+06,0,0,0,0,1,0,2292,23,517,3744,0,0,0,0,0,0,0,0,1659,-1542,0,0,166
1887.06,0,0,0,0,100,1176,1.55529,0.0164381,1.55619,42,0,28,29,27,0,-2,0,0,0,53,3710,4016,503,157,35,621,34739,33485,110,2,65,98,1.86613e+06,0,0,0,0,1,2489,0,0,525,3725,0,0,0,0,0,0,0,0,1659,-1610,0,0,166
1887.07,0,0,0,0,99,1183,1.55524,0.0164435,1.55593,42,0,28,29,27,0,-2,0,0,0,53,3710,4016,504,157,35,621,34739,33485,110,2,65,98,1.86984e+06,0,0,0,0,1,0,0,2500,521,3736,0,0,0,0,0,0,0,0,1659,-1660,0,0,166
1887.08,0,0,0,0,99,1179,1.55519,0.0164488,1.55566,42,0,28,29,27,0,-2,0,0,0,53,3710,4016,504,157,35,621,34739,33485,110,2,65,98,1.86984e+06,0,0,0,0,1,0,2500,0,530,3736,0,0,0,0,0,0,0,0,1659,-1718,0,0,166
1887.09,0,0,0,0,99,1188,1.55515,0.0164541,1.5554,42,0,28,29,27,0,-2,0,0,0,53,3715,4016,505,157,35,621,34739,33485,110,2,65,98,1.87608e+06,0,0,0,0,1,2500,0,0,504,3747,0,0,0,0,0,0,0,0,1659,-1549,0,0,166
1887.1,0,0,0,0,99,1188,1.5551,0.0164594,1.55514,42,0,28,29,27,0,-2,0,0,0,53,3715,4016,499,157,35,621,34672,33531,110,2,82,98,1.85378e+06,0,0,0,0,1,2500,0,0,504,3747,0,0,0,0,0,0,0,0,1659,-1549,0,0,166
1887.11,0,0,0,0,99,1189,1.55514,0.0164517,1.55568,42,0,28,29,27,0,-2,0,0,0,53,3706,4016,478,157,35,621,34672,33531,110,2,82,98,1.77147e+06,0,0,0,0,1,0,0,2293,513,3740,0,0,0,0,0,0,0,0,1659,-1512,0,0,166
1887.12,0,0,0,0,99,1190,1.55519,0.0164441,1.55621,42,0,28,29,27,0,-2,0,0,0,53,3706,4016,478,157,35,621,34672,33531,110,2,82,98,1.77147e+06,0,0,0,0,1,491,2214,0,535,3723,0,0,0,0,0,0,0,0,1659,-1686,0,0,166
1887.13,0,0,0,0,99,1190,1.55524,0.0164365,1.55675,42,0,28,29,27,0,-2,0,0,0,53,3713,4016,499,157,35,621,34672,33531,110,2,82,98,1.85279e+06,0,0,0,0,1,1794,0,1101,536,3749,0,0,0,0,0,0,0,0,1659,-1725,0,0,166
1887.14,0,0,0,0,99,1194,1.55529,0.0164288,1.55728,42,0,28,29,27,0,-2,0,0,0,53,3713,4016,487,157,35,621,34672,33531,110,2,82,98,1.80823e+06,0,0,0,0,1,0,1939,543,526,3742,0,0,0,0,0,0,0,0,1659,-1537,0,0,166
1887.15,0,0,0,0,100,1200,1.55534,0.0164212,1.55782,42,0,28,29,27,0,-2,0,0,0,53,3702,4016,505,157,35,621,34672,33531,110,2,82,98,1.86951e+06,0,0,0,0,1,2500,0,0,509,3723,0,0,0,0,0,0,0,0,1659,-1605,0,0,166
1887.16,0,0,0,0,99,1200,1.55538,0.0164135,1.55835,42,0,28,29,27,0,-2,0,0,0,53,3702,4016,505,157,35,621,34672,33531,110,2,82,98,1.86951e+06,0,0,0,0,1,2500,0,0,509,3723,0,0,0,0,0,0,0,0,1659,-1605,0,0,166
1887.17,0,0,0,0,99,1198,1.55543,0.0164059,1.55889,42,0,28,29,27,0,-2,0,0,0,53,3705,4016,509,157,35,621,34672,33531,110,2,82,98,1.88584e+06,0,0,0,0,1,0,0,2500,526,3762,0,0,0,0,0,0,0,0,1659,-1660,0,0,166
1887.18,0,0,0,0,99,1205,1.55548,0.0163983,1.55942,42,0,28,29,27,0,-2,0,0,0,53,3705,4016,516,157,35,621,34672,33531,110,2,82,98,1.91178e+06,0,0,0,0,1,188,2282,0,532,3718,0,0,0,0,0,0,0,0,1659,-1607,0,0,166
1887.19,0,0,0,0,100,1207,1.55553,0.0163906,1.55996,42,0,28,29,27,0,-2,0,0,0,53,3706,4016,510,157,35,621,34672,33531,110,2,82,98,1.89006e+06,0,0,0,0,1,1589,0,1185,528,3751,0,0,0,0,0,0,0,0,1659,-1656,0,0,166
1887.2,0,0,0,0,100,1212,1.55558,0.016383,1.56049,42,0,28,29,28,0,-2,0,0,0,53,3706,4016,510,157,35,621,34572,33321,109,2,66,98,1.89006e+06,0,0,0,0,1,0,2493,0,531,3731,0,0,0,0,0,0,0,0,1659,-1614,0,0,166
1887.21,0,0,0,0,100,1212,1.55551,0.016381,1.55967,42,0,28,29,28,0,-2,0,0,0,53,3705,4016,499,157,35,621,34572,33321,109,2,66,98,1.8488e+06,0,0,0,0,1,2500,0,0,526,3740,0,0,0,0,0,0,0,0,1659,-1603,0,0,166
1887.22,0,0,0,0,99,1212,1.55545,0.0163791,1.55884,42,0,28,29,28,0,-2,0,0,0,53,3708,4016,512,157,35,621,34572,33321,109,2,66,98,1.8985e+06,0,0,0,0,1,2500,0,0,526,3740,0,0,0,0,0,0,0,0,1659,-1603,0,0,166
1887.23,0,0,0,0,99,1212,1.55538,0.0163771,1.55801,42,0,28,29,28,0,-2,0,0,0,53,3708,4016,516,157,35,621,34572,33321,109,2,66,98,1.91333e+06,0,0,0,0,1,0,472,2220,542,3733,0,0,0,0,0,0,0,0,1659,-1670,0,0,166
1887.24,0,0,0,0,99,1220,1.55532,0.0163752,1.55719,42,0,28,29,28,0,-2,0,0,0,53,3708,4016,516,158,35,621,34572,33321,109,2,66,98,1.91333e+06,0,0,0,0,1,2052,363,0,530,3727,0,0,0,0,0,0,0,0,1659,-1517,0,0,166
1887.25,0,0,0,0,99,1223,1.55525,0.0163732,1.55636,42,0,28,29,28,0,-2,0,0,0,53,3703,4016,507,158,35,621,34572,33321,109,2,66,98,1.87742e+06,0,0,0,0,1,0,0,2500,530,3749,0,0,0,0,0,0,0,0,1659,-1622,0,0,166
1887.26,0,0,0,0,99,1222,1.55519,0.0163712,1.55553,42,0,28,29,28,0,-2,0,0,0,53,3706,4016,505,158,35,621,34572,33321,109,2,66,98,1.87153e+06,0,0,0,0,1,358,2304,0,547,3710,0,0,0,0,0,0,0,0,1659,-1690,0,0,166
1887.27,0,0,0,0,99,1225,1.55512,0.0163693,1.55471,42,0,28,29,28,0,-2,0,0,0,53,3706,4016,509,158,35,621,34572,33321,109,2,66,98,1.88635e+06,0,0,0,0,1,235,0,2113,533,3740,0,0,0,0,0,0,0,0,1659,-1516,0,0,166
1887.28,0,0,0,0,99,1225,1.55506,0.0163673,1.55388,42,0,28,29,28,0,-2,0,0,0,53,3706,4016,509,158,35,621,34572,33321,109,2,66,98,1.88635e+06,0,0,0,0,1,235,0,2113,533,3740,0,0,0,0,0,0,0,0,1659,-1516,0,0,166
1887.29,0,0,0,0,99,1226,1.55499,0.0163654,1.55306,42,0,28,29,28,0,-2,0,0,0,53,3706,4016,515,158,35,621,34572,33321,109,2,66,98,1.90859e+06,0,0,0,0,1,0,2500,0,538,3742,0,0,0,0,0,0,0,0,1659,-1590,0,0,166
1887.3,0,0,0,0,100,1232,1.55493,0.0163634,1.55223,42,0,28,29,28,0,-2,0,0,0,54,3699,4016,512,158,35,621,34608,33306,109,2,65,98,1.89389e+06,0,0,0,0,1,1999,0,752,542,3738,0,0,0,0,0,0,0,0,1659,-1680,0,0,166
1887.31,0,0,0,0,99,1229,1.55511,0.0163638,1.55299,42,0,28,29,28,0,-2,0,0,0,54,3699,4016,512,158,35,621,34608,33306,109,2,65,98,1.89389e+06,0,0,0,0,1,0,2500,0,552,3727,0,0,0,0,0,0,0,0,1659,-1721,0,0,166
1887.32,0,0,0,0,100,1223,1.55528,0.0163642,1.55375,42,0,28,29,28,0,-2,0,0,0,54,3699,4016,512,158,35,621,34608,33306,109,2,65,98,1.89389e+06,0,0,0,0,1,2315,0,119,549,3725,0,0,0,0,0,0,0,0,1659,-1608,0,0,166
1887.33,0,0,0,0,99,1236,1.55546,0.0163646,1.55451,42,0,28,29,28,0,-2,0,0,0,54,3706,4016,536,158,35,621,34608,33306,109,2,65,98,1.98642e+06,0,0,0,0,1,0,1749,754,527,3742,0,0,0,0,0,0,0,0,1659,-1503,0,0,166
1887.34,0,0,0,0,99,1236,1.55564,0.0163649,1.55527,42,0,28,29,28,0,-2,0,0,0,54,3706,4016,527,158,35,621,34608,33306,109,2,65,98,1.95306e+06,0,0,0,0,1,0,1749,754,527,3742,0,0,0,0,0,0,0,0,1659,-1503,0,0,166
1887.35,0,0,0,0,100,1241,1.55581,0.0163653,1.55603,42,0,28,29,28,0,-2,0,0,0,54,3706,4016,514,158,35,621,34608,33306,109,2,65,98,1.90488e+06,0,0,0,0,1,2500,0,0,525,3747,0,0,0,0,0,0,0,0,1659,-1567,0,0,166
1887.36,0,0,0,0,99,1247,1.55599,0.0163657,1.55679,42,0,28,29,28,0,-2,0,0,0,54,3706,4016,514,158,35,621,34608,33306,109,2,65,98,1.90488e+06,0,0,0,0,1,0,1324,1371,533,3738,0,0,0,0,0,0,0,0,1659,-1570,0,0,166
1887.37,0,0,0,0,99,1242,1.55617,0.0163661,1.55755,42,0,28,29,28,0,-2,0,0,0,54,3695,4016,534,158,35,621,34608,33306,109,2,65,98,1.97313e+06,0,0,0,0,1,2500,0,0,552,3729,0,0,0,0,0,0,0,0,1659,-1719,0,0,166
1887.38,0,0,0,0,99,1245,1.55635,0.0163664,1.55831,42,0,28,29,28,0,-2,0,0,0,54,3695,4016,516,158,35,621,34608,33306,109,2,65,98,1.90662e+06,0,0,0,0,1,0,979,1850,554,3740,0,0,0,0,0,0,0,0,1659,-1689,0,0,166
1887.39,0,0,0,0,100,1247,1.55652,0.0163668,1.55907,42,0,28,29,28,0,-2,0,0,0,54,3693,4016,516,158,35,621,34608,33306,109,2,65,98,1.90559e+06,0,0,0,0,1,2500,0,0,552,3714,0,0,0,0,0,0,0,0,1659,-1701,0,0,166
1887.4,0,0,0,0,100,1247,1.5567,0.0163672,1.55983,42,0,28,29,28,0,-2,0,0,0,53,3693,4016,516,158,35,621,34502,33390,110,2,65,98,1.90559e+06,0,0,0,0,1,2500,0,0,552,3714,0,0,0,0,0,0,0,0,1659,-1701,0,0,166
1887.41,0,0,0,0,99,1252,1.55646,0.0163661,1.55954,42,0,28,29,28,0,-2,0,0,0,53,3699,4016,507,158,35,621,34502,33390,110,2,65,98,1.87539e+06,0,0,0,0,1,0,964,1809,551,3731,0,0,0,0,0,0,0,0,1659,-1678,0,0,166
1887.42,0,0,0,0,99,1249,1.55621,0.016365,1.55924,42,0,28,29,28,0,-2,0,0,0,53,3701,4016,528,158,35,621,34502,33390,110,2,65,98,1.95413e+06,0,0,0,0,1,2500,0,0,556,3716,0,0,0,0,0,0,0,0,1659,-1724,0,0,166
1887.43,0,0,0,0,99,1255,1.55596,0.016364,1.55894,42,0,28,29,28,0,-2,0,0,0,53,3701,4016,531,158,35,621,34502,33390,110,2,65,98,1.96523e+06,0,0,0,0,1,0,1060,1686,545,3738,0,0,0,0,0,0,0,0,1659,-1644,0,0,166
1887.44,0,0,0,0,100,1260,1.55572,0.0163629,1.55864,42,0,28,29,28,0,-2,0,0,0,53,3701,4016,531,158,35,621,34502,33390,110,2,65,98,1.96523e+06,0,0,0,0,1,2500,0,0,541,3733,0,0,0,0,0,0,0,0,1659,-1609,0,0,166
1887.45,0,0,0,0,99,1263,1.55547,0.0163618,1.55834,42,0,28,29,28,0,-2,0,0,0,53,3693,4016,534,158,35,621,34502,33390,110,2,65,98,1.97206e+06,0,0,0,0,1,0,1863,626,547,3738,0,0,0,0,0,0,0,0,1659,-1530,0,0,166
1887.46,0,0,0,0,99,1263,1.55523,0.0163607,1.55804,42,0,28,29,28,0,-2,0,0,0,53,3692,4016,509,158,35,621,34502,33390,110,2,65,98,1.87923e+06,0,0,0,0,1,0,1863,626,547,3738,0,0,0,0,0,0,0,0,1659,-1530,0,0,166
1887.47,0,0,0,0,99,1261,1.55498,0.0163596,1.55774,42,0,28,29,28,0,-2,0,0,0,53,3692,4016,511,158,35,621,34502,33390,110,2,65,98,1.88661e+06,0,0,0,0,1,2366,0,0,556,3721,0,0,0,0,0,0,0,0,1659,-1565,0,0,166
1887.48,0,0,0,0,99,1267,1.55474,0.0163586,1.55745,42,0,28,29,28,0,-2,0,0,0,53,3692,4016,511,158,35,621,34502,33390,110,2,65,98,1.88661e+06,0,0,0,0,1,0,2500,0,552,3721,0,0,0,0,0,0,0,0,1659,-1624,0,0,166
1887.49,0,0,0,0,100,1273,1.55449,0.0163575,1.55715,42,0,28,29,28,0,-2,0,0,0,53,3692,4013,539,158,35,621,34502,33390,110,2,65,98,1.98999e+06,0,0,0,0,1,1917,0,793,551,3740,0,0,0,0,0,0,0,0,1659,-1661,0,0,166
1887.5,0,0,0,0,100,1273,1.55424,0.0163564,1.55685,42,0,28,29,28,0,-2,0,0,0,54,3695,4013,527,158,35,621,34489,33352,110,2,87,98,1.94726e+06,0,0,0,0,1,0,2500,0,553,3731,0,0,0,0,0,0,0,0,1659,-1603,0,0,166
1887.51,0,0,0,0,99,1270,1.55444,0.0163616,1.55672,42,0,28,29,28,0,-2,0,0,0,54,3695,4013,521,158,35,621,34489,33352,110,2,87,98,1.9251e+06,0,0,0,0,1,0,2500,0,572,3714,0,0,0,0,0,0,0,0,1659,-1705,0,0,166
1887.52,0,0,0,0,99,1275,1.55464,0.0163668,1.55658,42,0,28,29,28,0,-2,0,0,0,54,3695,4013,521,158,35,621,34489,33352,110,2,87,98,1.9251e+06,0,0,0,0,1,2093,0,644,561,3736,0,0,0,0,0,0,0,0,1659,-1699,0,0,166
1887.53,0,0,0,0,99,1275,1.55483,0.016372,1.55645,42,0,28,29,28,0,-2,0,0,0,54,3697,4013,534,158,35,621,34489,33352,110,2,87,98,1.9742e+06,0,0,0,0,1,2093,0,644,561,3736,0,0,0,0,0,0,0,0,1659,-1539,0,0,166
1887.54,0,0,0,0,99,1283,1.55503,0.0163772,1.55631,42,0,28,29,28,0,-2,0,0,0,54,3697,4013,542,158,35,621,34489,33352,110,2,87,98,2.00377e+06,0,0,0,0,1,0,2500,0,544,3738,0,0,0,0,0,0,0,0,1659,-1539,0,0,166
1887.55,0,0,0,0,100,1284,1.55523,0.0163823,1.55618,42,0,28,29,28,0,-2,0,0,0,54,3697,4013,536,158,35,621,34489,33352,110,2,87,98,1.98159e+06,0,0,0,0,1,0,0,2500,566,3718,0,0,0,0,0,0,0,0,1659,-1698,0,0,166
1887.56,0,0,0,0,99,1280,1.55542,0.0163875,1.55604,42,0,28,29,28,0,-2,0,0,0,54,3697,4013,536,158,35,621,34489,33352,110,2,87,98,1.98159e+06,0,0,0,0,1,1071,1847,0,571,3716,0,0,0,0,0,0,0,0,1659,-1721,0,0,166
1887.57,0,0,0,0,99,1276,1.55562,0.0163927,1.55591,42,0,28,29,28,0,-2,0,0,0,54,3690,4013,543,158,35,621,34489,33352,110,2,87,98,2.00367e+06,0,0,0,0,1,0,0,2500,566,3727,0,0,0,0,0,0,0,0,1659,-1534,0,0,166
1887.58,0,0,0,0,99,1289,1.55582,0.0163979,1.55577,42,0,28,29,28,0,-2,0,0,0,54,3690,4013,549,158,35,621,34489,33352,110,2,87,98,2.02581e+06,0,0,0,0,1,2500,0,0,555,3716,0,0,0,0,0,0,0,0,1659,-1647,0,0,166
1887.59,0,0,0,0,99,1289,1.55601,0.0164031,1.55564,42,0,28,29,28,0,-2,0,0,0,54,3692,4013,540,158,35,621,34489,33352,110,2,87,98,1.99368e+06,0,0,0,0,1,2500,0,0,555,3716,0,0,0,0,0,0,0,0,1659,-1516,0,0,166
1887.6,0,0,0,0,100,1292,1.55621,0.0164083,1.5555,42,0,28,29,27,0,-2,0,0,0,53,3692,4013,540,158,35,621,34499,33389,109,2,68,98,1.99368e+06,0,0,0,0,1,0,1857,603,552,3742,0,0,0,0,0,0,0,0,1659,-1516,0,0,166
1887.61,0,0,0,0,100,1291,1.55597,0.0164085,1.55511,42,0,28,29,27,0,-2,0,0,0,53,3690,4013,529,158,35,621,34499,33389,109,2,68,98,1.95201e+06,0,0,0,0,1,2177,0,556,571,3718,0,0,0,0,0,0,0,0,1659,-1700,0,0,166
1887.62,0,0,0,0,99,1297,1.55572,0.0164087,1.55472,42,0,28,29,27,0,-2,0,0,0,53,3690,4013,548,158,35,621,34499,33389,109,2,68,98,2.02212e+06,0,0,0,0,1,0,2411,0,562,3716,0,0,0,0,0,0,0,0,1659,-1529,0,0,166
1887.63,0,0,0,0,99,1298,1.55548,0.016409,1.55433,42,0,28,29,27,0,-2,0,0,0,53,3690,4013,559,158,35,621,34499,33389,109,2,68,98,2.06271e+06,0,0,0,0,1,0,0,2500,576,3716,0,0,0,0,0,0,0,0,1659,-1689,0,0,166
1887.64,0,0,0,0,99,1294,1.55524,0.0164092,1.55394,42,0,28,29,27,0,-2,0,0,0,53,3690,4013,559,158,35,621,34499,33389,109,2,68,98,2.06271e+06,0,0,0,0,1,2419,0,0,580,3699,0,0,0,0,0,0,0,0,1659,-1610,0,0,166
1887.65,0,0,0,0,100,1294,1.555,0.0164094,1.55355,42,0,28,29,27,0,-2,0,0,0,53,3688,4013,527,158,35,621,34499,33389,109,2,68,98,1.94358e+06,0,0,0,0,1,2419,0,0,580,3699,0,0,0,0,0,0,0,0,1659,-1616,0,0,166
1887.66,0,0,0,0,100,1297,1.55476,0.0164097,1.55316,42,0,28,29,27,0,-2,0,0,0,53,3693,4013,527,158,35,621,34499,33389,109,2,68,98,1.94621e+06,0,0,0,0,1,0,1187,1634,571,3738,0,0,0,0,0,0,0,0,1659,-1616,0,0,166
1887.67,0,0,0,0,100,1303,1.55452,0.0164099,1.55277,42,0,28,29,27,0,-2,0,0,0,53,3693,4013,534,158,35,621,34499,33389,109,2,68,98,1.97206e+06,0,0,0,0,1,2210,0,369,570,3725,0,0,0,0,0,0,0,0,1659,-1657,0,0,166
1887.68,0,0,0,0,99,1307,1.55428,0.0164101,1.55238,42,0,28,29,27,0,-2,0,0,0,53,3693,4013,534,158,35,621,34499,33389,109,2,68,98,1.97206e+06,0,0,0,0,1,0,2380,0,558,3716,0,0,0,0,0,0,0,0,1659,-1507,0,0,166
1887.69,0,0,0,0,100,1306,1.55404,0.0164104,1.55199,42,0,28,29,27,0,-2,0,0,0,53,3692,4013,555,158,35,621,34499,33389,109,2,68,98,2.04906e+06,0,0,0,0,1,0,0,2500,570,3727,0,0,0,0,0,0,0,0,1659,-1662,0,0,166
1887.7,0,0,0,0,100,1309,1.55379,0.0164106,1.5516,42,0,28,29,28,0,-2,0,0,0,54,3687,4013,544,158,35,621,34446,33313,110,2,68,98,2.00573e+06,0,0,0,0,1,0,0,2500,572,3723,0,0,0,0,0,0,0,0,1659,-1666,0,0,166
1887.71,0,0,0,0,100,1315,1.55376,0.0164055,1.55186,42,0,28,29,28,0,-2,0,0,0,54,3687,4013,545,158,35,621,34446,33313,110,2,68,98,2.00942e+06,0,0,0,0,1,2500,0,0,571,3697,0,0,0,0,0,0,0,0,1659,-1671,0,0,166
1887.72,0,0,0,0,99,1320,1.55372,0.0164004,1.55212,42,0,28,29,28,0,-2,0,0,0,54,3687,4013,545,158,35,621,34446,33313,110,2,68,98,2.00942e+06,0,0,0,0,1,0,2458,0,570,3712,0,0,0,0,0,0,0,0,1659,-1589,0,0,166
1887.73,0,0,0,0,100,1320,1.55369,0.0163953,1.55237,42,0,28,29,28,0,-2,0,0,0,54,3686,4013,545,158,35,621,34446,33313,110,2,68,98,2.00887e+06,0,0,0,0,1,0,2458,0,570,3712,0,0,0,0,0,0,0,0,1659,-1589,0,0,166
1887.74,0,0,0,0,100,1320,1.55365,0.0163903,1.55263,42,0,28,29,28,0,-2,0,0,0,54,3686,4013,550,158,35,621,34446,33313,110,2,68,98,2.0273e+06,0,0,0,0,1,101,0,2219,573,3725,0,0,0,0,0,0,0,0,1659,-1542,0,0,166
1887.75,0,0,0,0,100,1322,1.55362,0.0163852,1.55289,42,0,28,29,28,0,-2,0,0,0,54,3686,4013,538,158,35,621,34446,33313,110,2,68,98,1.98307e+06,0,0,0,0,1,1954,569,0,578,3718,0,0,0,0,0,0,0,0,1659,-1546,0,0,166
1887.76,0,0,0,0,100,1327,1.55358,0.0163801,1.55315,42,0,28,29,28,0,-2,0,0,0,54,3686,4013,538,159,35,621,34446,33313,110,2,68,98,1.98307e+06,0,0,0,0,1,0,1614,1059,580,3725,0,0,0,0,0,0,0,0,1659,-1587,0,0,166
1887.77,0,0,0,0,99,1330,1.55355,0.016375,1.5534,42,0,28,29,28,0,-2,0,0,0,54,3687,4013,556,159,35,621,34446,33313,110,2,68,98,2.04997e+06,0,0,0,0,1,1239,0,1464,566,3744,0,0,0,0,0,0,0,0,1659,-1589,0,0,166
1887.78,0,0,0,0,99,1329,1.55351,0.0163699,1.55366,42,0,28,29,28,0,-2,0,0,0,54,3687,4013,564,159,35,621,34446,33313,110,2,68,98,2.07947e+06,0,0,0,0,1,1419,1468,0,584,3706,0,0,0,0,0,0,0,0,1659,-1685,0,0,166
1887.79,0,0,0,0,99,1329,1.55348,0.0163649,1.55392,42,0,28,29,28,0,-2,0,0,0,54,3683,4013,560,159,35,621,34446,33313,110,2,68,98,2.06248e+06,0,0,0,0,1,1419,1468,0,584,3706,0,0,0,0,0,0,0,0,1659,-1685,0,0,166
1887.8,0,0,0,0,99,1330,1.55344,0.0163598,1.55418,42,0,28,29,28,0,-2,0,0,0,54,3683,4013,560,159,35,621,34390,33225,110,2,61,98,2.06248e+06,0,0,0,0,1,0,1294,1549,592,3727,0,0,0,0,0,0,0,0,1659,-1630,0,0,166
1887.81,0,0,0,0,99,1326,1.55348,0.0163629,1.55421,42,0,28,29,28,0,-2,0,0,0,54,3685,4013,553,159,35,621,34390,33225,110,2,61,98,2.0378e+06,0,0,0,0,1,1837,0,1072,592,3723,0,0,0,0,0,0,0,0,1659,-1699,0,0,166
1887.82,0,0,0,0,100,1335,1.55353,0.016366,1.55425,42,0,28,29,28,0,-2,0,0,0,54,3685,4013,573,159,35,621,34390,33225,110,2,61,98,2.1115e+06,0,0,0,0,1,1097,1726,0,579,3712,0,0,0,0,0,0,0,0,1659,-1625,0,0,166
1887.83,0,0,0,0,99,1336,1.55357,0.0163691,1.55428,42,0,28,29,28,0,-2,0,0,0,54,3684,4013,568,159,35,621,34390,33225,110,2,61,98,2.09251e+06,0,0,0,0,1,0,1236,1537,580,3725,0,0,0,0,0,0,0,0,1659,-1606,0,0,166
1887.84,0,0,0,0,99,1337,1.55361,0.0163722,1.55432,42,0,28,29,28,0,-2,0,0,0,54,3684,4013,568,159,35,621,34390,33225,110,2,61,98,2.09251e+06,0,0,0,0,1,1544,0,1316,583,3740,0,0,0,0,0,0,0,0,1659,-1622,0,0,166
1887.85,0,0,0,0,99,1337,1.55365,0.0163753,1.55435,42,0,28,29,28,0,-2,0,0,0,54,3684,4023,557,159,35,621,34390,33225,110,2,61,98,2.05199e+06,0,0,0,0,1,1544,0,1316,583,3740,0,0,0,0,0,0,0,0,1659,-1622,0,0,166
1887.86,0,0,0,0,99,1348,1.55369,0.0163784,1.55439,42,0,28,29,28,0,-2,0,0,0,54,3684,4023,562,157,35,621,34390,33225,110,2,61,98,2.07041e+06,0,0,0,0,1,2130,159,0,568,3706,0,0,0,0,0,0,0,0,1659,-1487,0,0,166
1887.87,0,0,0,0,100,1345,1.55373,0.0163815,1.55443,42,0,28,29,28,0,-2,0,0,0,54,3687,4023,571,157,35,621,34390,33225,110,2,61,98,2.10528e+06,0,0,0,0,1,0,2472,0,592,3706,0,0,0,0,0,0,0,0,1659,-1619,0,0,166
1887.88,0,0,0,0,99,1340,1.55377,0.0163846,1.55446,42,0,28,29,28,0,-2,0,0,0,54,3687,4023,571,157,35,621,34390,33225,110,2,61,98,2.10528e+06,0,0,0,0,1,0,0,2500,602,3697,0,0,0,0,0,0,0,0,1659,-1683,0,0,166
1887.89,0,0,0,0,99,1348,1.55381,0.0163877,1.5545,42,0,28,29,28,0,-2,0,0,0,54,3676,4023,559,157,35,621,34390,33225,110,2,61,98,2.05488e+06,0,0,0,0,1,2500,0,0,591,3695,0,0,0,0,0,0,0,0,1659,-1680,0,0,166
1887.9,0,0,0,0,100,1357,1.55386,0.0163908,1.55453,42,0,28,29,28,0,-2,0,0,0,54,3680,4023,549,157,35,621,34358,33108,109,2,87,98,2.02032e+06,0,0,0,0,1,0,2500,0,572,3725,0,0,0,0,0,0,0,0,1659,-1583,0,0,166
1887.91,0,0,0,0,100,1357,1.55391,0.0163964,1.55483,42,0,28,29,28,0,-2,0,0,0,54,3680,4023,559,157,35,621,34358,33108,109,2,87,98,2.05712e+06,0,0,0,0,1,0,2500,0,572,3725,0,0,0,0,0,0,0,0,1659,-1583,0,0,166
1887.92,0,0,0,0,99,1354,1.55396,0.0164021,1.55512,42,0,28,29,28,0,-2,0,0,0,54,3680,4023,559,157,35,621,34358,33108,109,2,87,98,2.05712e+06,0,0,0,0,1,0,0,2463,587,3712,0,0,0,0,0,0,0,0,1659,-1538,0,0,166
1887.93,0,0,0,0,99,1356,1.55401,0.0164078,1.55541,42,0,28,29,28,0,-2,0,0,0,54,3680,4023,571,157,35,621,34358,33108,109,2,87,98,2.10128e+06,0,0,0,0,1,2304,0,303,603,3692,0,0,0,0,0,0,0,0,1659,-1684,0,0,166
1887.94,0,0,0,0,99,1363,1.55407,0.0164134,1.5557,42,0,28,29,28,0,-2,0,0,0,54,3678,4023,570,157,35,621,34358,33108,109,2,87,98,2.09646e+06,0,0,0,0,1,1065,1729,0,583,3712,0,0,0,0,0,0,0,0,1659,-1647,0,0,166
1887.95,0,0,0,0,99,1367,1.55412,0.0164191,1.55599,42,0,28,29,28,0,-2,0,0,0,54,3678,4023,564,157,35,621,34358,33108,109,2,87,98,2.07439e+06,0,0,0,0,1,0,2349,0,585,3710,0,0,0,0,0,0,0,0,1659,-1553,0,0,166
1887.96,0,0,0,0,100,1367,1.55417,0.0164247,1.55628,42,0,28,29,28,0,-2,0,0,0,54,3678,4023,564,157,35,621,34358,33108,109,2,87,98,2.07439e+06,0,0,0,0,1,0,0,2500,607,3703,0,0,0,0,0,0,0,0,1659,-1716,0,0,166
1887.97,0,0,0,0,99,1367,1.55423,0.0164304,1.55658,42,0,28,29,28,0,-2,0,0,0,54,3676,4023,571,157,35,621,34358,33108,109,2,87,98,2.099e+06,0,0,0,0,1,0,0,2500,607,3703,0,0,0,0,0,0,0,0,1659,-1716,0,0,166
1887.98,0,0,0,0,99,1369,1.55428,0.0164361,1.55687,42,0,28,29,28,0,-2,0,0,0,54,3676,4023,573,157,35,621,34358,33108,109,2,87,98,2.10635e+06,0,0,0,0,1,2500,0,0,595,3708,0,0,0,0,0,0,0,0,1659,-1603,0,0,166
1887.99,0,0,0,0,99,1374,1.55433,0.0164417,1.55716,42,0,28,29,28,0,-2,0,0,0,54,3674,4023,564,157,35,621,34358,33108,109,2,87,98,2.07214e+06,0,0,0,0,1,472,2179,0,596,3688,0,0,0,0,0,0,0,0,1659,-1654,0,0,166
1888,0,0,0,0,100,1378,1.55438,0.0164474,1.55745,42,0,28,29,27,0,-2,0,0,0,53,3674,4023,564,157,35,621,34340,33035,109,2,87,98,2.07214e+06,0,0,0,0,1,0,1770,789,594,3727,0,0,0,0,0,0,0,0,1659,-1557,0,0,166
1888.01,0,0,0,0,99,1374,1.55446,0.0164227,1.55723,42,0,28,29,27,0,-2,0,0,0,53,3676,4026,576,157,35,621,34340,33035,109,2,87,98,2.11738e+06,0,0,0,0,1,0,0,2500,609,3692,0,0,0,0,0,0,0,0,1659,-1694,0,0,166
1888.02,0,0,0,0,99,1379,1.55454,0.016398,1.55701,42,0,28,29,27,0,-2,0,0,0,53,3676,4026,570,157,35,621,34340,33035,109,2,87,98,2.09532e+06,0,0,0,0,1,2500,0,0,601,3708,0,0,0,0,0,0,0,0,1659,-1560,0,0,166
1888.03,0,0,0,0,99,1379,1.55463,0.0163733,1.5568,42,0,28,29,27,0,-2,0,0,0,53,3677,4026,577,157,35,621,34340,33035,109,2,87,98,2.12163e+06,0,0,0,0,1,2500,0,0,601,3708,0,0,0,0,0,0,0,0,1659,-1560,0,0,166
1888.04,0,0,0,0,100,1381,1.55471,0.0163486,1.55658,42,0,28,29,27,0,-2,0,0,0,53,3677,4026,577,157,35,621,34340,33035,109,2,87,98,2.12163e+06,0,0,0,0,1,815,1957,0,599,3697,0,0,0,0,0,0,0,0,1659,-1664,0,0,166
1888.05,0,0,0,0,99,1379,1.55479,0.0163239,1.55636,42,0,28,29,27,0,-2,0,0,0,53,3677,4026,581,157,35,621,34340,33035,109,2,87,98,2.13634e+06,0,0,0,0,1,0,2259,109,605,3706,0,0,0,0,0,0,0,0,1659,-1548,0,0,166
1888.06,0,0,0,0,100,1386,1.55487,0.0162992,1.55614,42,0,28,29,27,0,-2,0,0,0,53,3677,4026,581,157,35,621,34340,33035,109,2,87,98,2.13634e+06,0,0,0,0,1,0,0,2500,603,3712,0,0,0,0,0,0,0,0,1659,-1682,0,0,166
1888.07,0,0,0,0,100,1391,1.55495,0.0162745,1.55592,42,0,28,29,27,0,-2,0,0,0,53,3677,4026,582,156,35,621,34340,33035,109,2,87,98,2.14001e+06,0,0,0,0,1,2113,0,486,595,3706,0,0,0,0,0,0,0,0,1659,-1647,0,0,166
1888.08,0,0,0,0,99,1399,1.55503,0.0162498,1.55571,42,0,28,29,27,0,-2,0,0,0,53,3677,4026,582,156,35,621,34340,33035,109,2,87,98,2.14001e+06,0,0,0,0,1,2433,0,0,596,3673,0,0,0,0,0,0,0,0,1659,-1581,0,0,166
1888.09,0,0,0,0,99,1399,1.55511,0.0162251,1.55549,42,0,28,29,27,0,-2,0,0,0,53,3670,4031,590,156,35,621,34340,33035,109,2,87,98,2.1653e+06,0,0,0,0,1,2433,0,0,596,3673,0,0,0,0,0,0,0,0,1659,-1581,0,0,166
1888.1,0,0,0,0,99,1397,1.55519,0.0162004,1.55527,42,0,28,29,28,0,-2,0,0,0,53,3670,4031,586,156,35,621,34320,32839,110,2,65,98,2.15062e+06,0,0,0,0,1,0,2500,0,612,3697,0,0,0,0,0,0,0,0,1659,-1551,0,0,166
1888.11,0,0,0,0,99,1395,1.55527,0.0162149,1.55525,42,0,28,29,28,0,-2,0,0,0,53,3670,4031,593,156,35,621,34320,32839,110,2,65,98,2.17631e+06,0,0,0,0,1,0,1245,1590,616,3710,0,0,0,0,0,0,0,0,1659,-1682,0,0,166
1888.12,0,0,0,0,99,1400,1.55536,0.0162294,1.55522,42,0,28,29,28,0,-2,0,0,0,53,3670,4031,593,156,35,621,34320,32839,110,2,65,98,2.17631e+06,0,0,0,0,1,0,0,2500,614,3697,0,0,0,0,0,0,0,0,1659,-1692,0,0,166
1888.13,0,0,0,0,100,1402,1.55544,0.0162439,1.5552,42,0,28,29,28,0,-2,0,0,0,53,3672,4031,586,156,35,621,34320,32839,110,2,65,98,2.15179e+06,0,0,0,0,1,2171,0,398,604,3706,0,0,0,0,0,0,0,0,1659,-1636,0,0,166
1888.14,0,0,0,0,99,1401,1.55553,0.0162583,1.55518,42,0,28,29,28,0,-2,0,0,0,53,3670,4031,571,156,35,621,34320,32839,110,2,65,98,2.09557e+06,0,0,0,0,1,2417,0,0,610,3677,0,0,0,0,0,0,0,0,1659,-1597,0,0,166
1888.15,0,0,0,0,100,1401,1.55561,0.0162728,1.55516,42,0,28,29,28,0,-2,0,0,0,53,3670,4031,576,156,35,621,34320,32839,110,2,65,98,2.11392e+06,0,0,0,0,1,2417,0,0,610,3677,0,0,0,0,0,0,0,0,1659,-1597,0,0,166
1888.16,0,0,0,0,99,1406,1.5557,0.0162873,1.55513,42,0,28,29,28,0,-2,0,0,0,53,3670,4031,576,156,35,621,34320,32839,110,2,65,98,2.11392e+06,0,0,0,0,1,0,2380,0,608,3695,0,0,0,0,0,0,0,0,1659,-1523,0,0,166
1888.17,0,0,0,0,99,1413,1.55578,0.0163018,1.55511,42,0,28,29,28,0,-2,0,0,0,53,3673,4036,578,156,35,621,34320,32839,110,2,65,98,2.12299e+06,0,0,0,0,1,0,1974,445,596,3710,0,0,0,0,0,0,0,0,1659,-1499,0,0,166
1888.18,0,0,0,0,99,1411,1.55587,0.0163163,1.55509,42,0,28,29,28,0,-2,0,0,0,53,3673,4036,587,156,35,621,34320,32839,110,2,65,98,2.15605e+06,0,0,0,0,1,0,0,2500,621,3712,0,0,0,0,0,0,0,0,1659,-1618,0,0,166
1888.19,0,0,0,0,100,1411,1.55595,0.0163308,1.55507,42,0,28,29,28,0,-2,0,0,0,53,3673,4036,601,156,35,621,34320,32839,110,2,65,98,2.20747e+06,0,0,0,0,1,1165,0,1590,618,3710,0,0,0,0,0,0,0,0,1659,-1636,0,0,166
1888.2,0,0,0,0,99,1423,1.55604,0.0163453,1.55504,42,0,28,29,28,0,-2,0,0,0,54,3673,4036,601,156,35,621,34334,33145,109,2,68,98,2.20747e+06,0,0,0,0,1,2354,0,0,602,3695,0,0,0,0,0,0,0,0,1659,-1519,0,0,166
1888.21,0,0,0,0,100,1423,1.55592,0.0163392,1.5548,42,0,28,29,28,0,-2,0,0,0,54,3666,4036,567,156,35,621,34334,33145,109,2,68,98,2.07862e+06,0,0,0,0,1,2354,0,0,602,3695,0,0,0,0,0,0,0,0,1659,-1519,0,0,166
1888.22,0,0,0,0,99,1420,1.55581,0.016333,1.55456,42,0,28,29,28,0,-2,0,0,0,54,3666,4036,570,156,35,621,34334,33145,109,2,68,98,2.08962e+06,0,0,0,0,1,2022,476,0,615,3695,0,0,0,0,0,0,0,0,1659,-1549,0,0,166
1888.23,0,0,0,0,99,1423,1.55569,0.0163268,1.55432,42,0,28,29,28,0,-2,0,0,0,54,3666,4036,590,156,35,621,34334,33145,109,2,68,98,2.16294e+06,0,0,0,0,1,0,2380,0,620,3684,0,0,0,0,0,0,0,0,1659,-1546,0,0,166
1888.24,0,0,0,0,100,1428,1.55558,0.0163207,1.55407,42,0,28,29,28,0,-2,0,0,0,54,3666,4036,590,156,35,621,34334,33145,109,2,68,98,2.16294e+06,0,0,0,0,1,0,2392,0,619,3699,0,0,0,0,0,0,0,0,1659,-1577,0,0,166
1888.25,0,0,0,0,99,1430,1.55546,0.0163145,1.55383,42,0,28,29,28,0,-2,0,0,0,54,3670,4036,589,156,35,621,34334,33145,109,2,68,98,2.16163e+06,0,0,0,0,1,0,419,2179,621,3692,0,0,0,0,0,0,0,0,1659,-1658,0,0,166
1888.26,0,0,0,0,99,1426,1.55535,0.0163083,1.55359,42,0,28,29,28,0,-2,0,0,0,54,3670,4036,589,156,35,621,34334,33145,109,2,68,98,2.16163e+06,0,0,0,0,1,0,0,2500,642,3669,0,0,0,0,0,0,0,0,1659,-1770,0,0,166
1888.27,0,0,0,0,99,1426,1.55524,0.0163022,1.55334,42,0,28,29,28,0,-2,0,0,0,54,3667,4036,595,156,35,621,34334,33145,109,2,68,98,2.18186e+06,0,0,0,0,1,0,0,2500,642,3669,0,0,0,0,0,0,0,0,1659,-1770,0,0,166
1888.28,0,0,0,0,100,1421,1.55512,0.016296,1.5531,42,0,28,29,28,0,-2,0,0,0,54,3667,4036,595,157,35,621,34334,33145,109,2,68,98,2.18186e+06,0,0,0,0,1,2061,0,740,626,3703,0,0,0,0,0,0,0,0,1659,-1722,0,0,166
1888.29,0,0,0,0,100,1434,1.55501,0.0162898,1.55286,42,0,28,29,28,0,-2,0,0,0,54,3666,4036,594,157,35,621,34334,33145,109,2,68,98,2.1776e+06,0,0,0,0,1,2500,0,0,613,3695,0,0,0,0,0,0,0,0,1659,-1652,0,0,166
1888.3,0,0,0,0,100,1441,1.55489,0.0162837,1.55262,42,0,28,29,28,0,-2,0,0,0,53,3666,4036,594,157,35,621,34277,32774,109,2,65,98,2.1776e+06,0,0,0,0,1,2113,257,0,607,3686,0,0,0,0,0,0,0,0,1659,-1516,0,0,166
1888.31,0,0,0,0,99,1438,1.55469,0.0162786,1.55287,42,0,28,29,28,0,-2,0,0,0,53,3666,4036,588,157,35,621,34277,32774,109,2,65,98,2.15561e+06,0,0,0,0,1,355,2255,0,631,3671,0,0,0,0,0,0,0,0,1659,-1655,0,0,166
1888.32,0,0,0,0,99,1441,1.55449,0.0162735,1.55312,42,0,28,29,28,0,-2,0,0,0,53,3666,4036,588,157,35,621,34277,32774,109,2,65,98,2.15561e+06,0,0,0,0,1,0,2500,0,631,3692,0,0,0,0,0,0,0,0,1659,-1661,0,0,166
1888.33,0,0,0,0,99,1441,1.55429,0.0162685,1.55338,42,0,28,29,28,0,-2,0,0,0,53,3665,4036,609,157,35,621,34277,32774,109,2,65,98,2.23198e+06,0,0,0,0,1,0,2500,0,631,3692,0,0,0,0,0,0,0,0,1659,-1661,0,0,166
1888.34,0,0,0,0,99,1440,1.55409,0.0162634,1.55363,42,0,28,29,28,0,-2,0,0,0,53,3664,4036,608,157,35,621,34277,32774,109,2,65,98,2.22771e+06,0,0,0,0,1,0,1708,968,626,3710,0,0,0,0,0,0,0,0,1659,-1545,0,0,166
1888.35,0,0,0,0,100,1441,1.55389,0.0162583,1.55388,42,0,28,29,28,0,-2,0,0,0,53,3664,4036,605,157,35,621,34277,32774,109,2,65,98,2.21672e+06,0,0,0,0,1,0,83,2318,637,3684,0,0,0,0,0,0,0,0,1659,-1670,0,0,166
1888.36,0,0,0,0,100,1441,1.55368,0.0162532,1.55414,42,0,28,29,28,0,-2,0,0,0,53,3664,4036,605,157,35,621,34277,32774,109,2,65,98,2.21672e+06,0,0,0,0,1,0,0,2500,628,3690,0,0,0,0,0,0,0,0,1659,-1671,0,0,166
1888.37,0,0,0,0,100,1451,1.55348,0.0162482,1.55439,42,0,28,29,28,0,-2,0,0,0,53,3665,4036,606,157,35,621,34277,32774,109,2,65,98,2.22099e+06,0,0,0,0,1,409,0,1967,616,3692,0,0,0,0,0,0,0,0,1659,-1514,0,0,166
1888.38,0,0,0,0,99,1453,1.55328,0.0162431,1.55465,42,0,28,29,28,0,-2,0,0,0,53,3665,4039,599,157,35,621,34277,32774,109,2,65,98,2.19534e+06,0,0,0,0,1,2077,0,576,622,3690,0,0,0,0,0,0,0,0,1659,-1649,0,0,166
1888.39,0,0,0,0,99,1453,1.55308,0.016238,1.5549,42,0,28,29,28,0,-2,0,0,0,53,3665,4039,590,157,35,621,34277,32774,109,2,65,98,2.16235e+06,0,0,0,0,1,2077,0,576,622,3690,0,0,0,0,0,0,0,0,1659,-1649,0,0,166
1888.4,0,0,0,0,99,1455,1.55288,0.016233,1.55515,42,0,28,29,28,0,-2,0,0,0,54,3665,4039,590,157,35,621,34290,32711,109,2,65,98,2.16235e+06,0,0,0,0,1,2500,0,0,632,3690,0,0,0,0,0,0,0,0,1659,-1612,0,0,166
1888.41,0,0,0,0,99,1461,1.55286,0.0162322,1.5547,42,0,28,29,28,0,-2,0,0,0,54,3664,4039,619,157,35,621,34290,32711,109,2,65,98,2.26802e+06,0,0,0,0,1,2500,0,0,630,3666,0,0,0,0,0,0,0,0,1659,-1692,0,0,166
1888.42,0,0,0,0,99,1467,1.55285,0.0162315,1.55425,42,0,28,29,28,0,-2,0,0,0,54,3664,4039,616,157,35,621,34290,32711,109,2,65,98,2.25702e+06,0,0,0,0,1,2134,218,0,622,3684,0,0,0,0,0,0,0,0,1659,-1513,0,0,166
1888.43,0,0,0,0,99,1464,1.55283,0.0162307,1.55379,42,0,28,29,28,0,-2,0,0,0,54,3656,4039,606,157,35,621,34290,32711,109,2,65,98,2.21554e+06,0,0,0,0,1,995,1899,0,643,3682,0,0,0,0,0,0,0,0,1659,-1715,0,0,166
1888.44,0,0,0,0,99,1468,1.55282,0.01623,1.55334,42,0,28,29,28,0,-2,0,0,0,54,3656,4039,606,157,35,621,34290,32711,109,2,65,98,2.21554e+06,0,0,0,0,1,214,2310,0,643,3666,0,0,0,0,0,0,0,0,1659,-1634,0,0,166
1888.45,0,0,0,0,99,1468,1.55281,0.0162293,1.55289,42,0,28,29,28,0,-2,0,0,0,54,3662,4039,625,157,35,621,34290,32711,109,2,65,98,2.28875e+06,0,0,0,0,1,214,2310,0,643,3666,0,0,0,0,0,0,0,0,1659,-1634,0,0,166
1888.46,0,0,0,0,99,1473,1.55279,0.0162285,1.55244,42,0,28,29,28,0,-2,0,0,0,54,3662,4039,627,157,35,621,34290,32711,109,2,65,98,2.29607e+06,0,0,0,0,1,0,2368,0,631,3688,0,0,0,0,0,0,0,0,1659,-1517,0,0,166
1888.47,0,0,0,0,100,1472,1.55278,0.0162278,1.55198,42,0,28,29,28,0,-2,0,0,0,54,3662,4040,606,157,35,621,34290,32711,109,2,65,98,2.21917e+06,0,0,0,0,1,0,2500,0,644,3686,0,0,0,0,0,0,0,0,1659,-1697,0,0,166
1888.48,0,0,0,0,99,1468,1.55276,0.016227,1.55153,42,0,28,29,28,0,-2,0,0,0,54,3662,4040,606,157,35,621,34290,32711,109,2,65,98,2.21917e+06,0,0,0,0,1,0,2496,0,651,3680,0,0,0,0,0,0,0,0,1659,-1644,0,0,166
1888.49,0,0,0,0,99,1470,1.55275,0.0162263,1.55108,42,0,28,29,28,0,-2,0,0,0,54,3654,4040,620,157,35,621,34290,32711,109,2,65,98,2.26548e+06,0,0,0,0,1,0,1511,1248,632,3695,0,0,0,0,0,0,0,0,1659,-1601,0,0,166
1888.5,0,0,0,0,99,1481,1.55273,0.0162255,1.55063,42,0,28,29,28,0,-2,0,0,0,54,3654,4040,621,157,35,621,34173,32755,109,2,87,98,2.26913e+06,0,0,0,0,1,0,933,1791,631,3699,0,0,0,0,0,0,0,0,1659,-1638,0,0,166
1888.51,0,0,0,0,99,1481,1.55275,0.0162321,1.55081,42,0,28,29,28,0,-2,0,0,0,54,3657,4040,625,157,35,621,34173,32755,109,2,87,98,2.28562e+06,0,0,0,0,1,0,933,1791,631,3699,0,0,0,0,0,0,0,0,1659,-1638,0,0,166
1888.52,0,0,0,0,99,1482,1.55277,0.0162387,1.55099,42,0,28,29,28,0,-2,0,0,0,54,3657,4040,625,157,35,621,34173,32755,109,2,87,98,2.28562e+06,0,0,0,0,1,0,470,2199,638,3686,0,0,0,0,0,0,0,0,1659,-1663,0,0,166
1888.53,0,0,0,0,99,1486,1.55279,0.0162453,1.55117,42,0,28,29,28,0,-2,0,0,0,54,3655,4040,631,157,35,621,34173,32755,109,2,87,98,2.3063e+06,0,0,0,0,1,0,179,2252,649,3684,0,0,0,0,0,0,0,0,1659,-1607,0,0,166
1888.54,0,0,0,0,99,1489,1.5528,0.0162518,1.55136,42,0,28,29,28,0,-2,0,0,0,54,3655,4041,619,157,35,621,34173,32755,109,2,87,98,2.26244e+06,0,0,0,0,1,0,0,2320,639,3686,0,0,0,0,0,0,0,0,1659,-1525,0,0,166
1888.55,0,0,0,0,100,1484,1.55282,0.0162584,1.55154,42,0,28,29,28,0,-2,0,0,0,54,3655,4041,616,157,35,621,34173,32755,109,2,87,98,2.25148e+06,0,0,0,0,1,0,0,2500,659,3695,0,0,0,0,0,0,0,0,1659,-1638,0,0,166
1888.56,0,0,0,0,99,1486,1.55284,0.016265,1.55172,42,0,28,29,28,0,-2,0,0,0,54,3655,4041,616,157,35,621,34173,32755,109,2,87,98,2.25148e+06,0,0,0,0,1,0,0,2500,648,3692,0,0,0,0,0,0,0,0,1659,-1649,0,0,166
1888.57,0,0,0,0,99,1486,1.55286,0.0162715,1.5519,42,0,28,29,28,0,-2,0,0,0,54,3653,4041,630,157,35,621,34173,32755,109,2,87,98,2.30139e+06,0,0,0,0,1,0,0,2500,648,3692,0,0,0,0,0,0,0,0,1659,-1649,0,0,166
1888.58,0,0,0,0,100,1496,1.55288,0.0162781,1.55209,42,0,28,29,28,0,-2,0,0,0,54,3658,4041,630,157,35,621,34173,32755,109,2,87,98,2.30454e+06,0,0,0,0,1,0,0,2500,640,3695,0,0,0,0,0,0,0,0,1659,-1651,0,0,166
1888.59,0,0,0,0,99,1496,1.55289,0.0162847,1.55227,42,0,28,29,28,0,-2,0,0,0,54,3658,4041,630,156,35,621,34173,32755,109,2,87,98,2.30454e+06,0,0,0,0,1,0,0,2500,642,3690,0,0,0,0,0,0,0,0,1659,-1677,0,0,166
1888.6,0,0,0,0,100,1496,1.55291,0.0162913,1.55245,42,0,28,29,28,0,-2,0,0,0,54,3658,4041,630,156,35,621,34215,32658,109,2,65,98,2.30454e+06,0,0,0,0,1,0,0,2500,661,3673,0,0,0,0,0,0,0,0,1659,-1698,0,0,166
1888.61,0,0,0,0,99,1502,1.55293,0.0162881,1.55255,42,0,28,29,28,0,-2,0,0,0,54,3654,4041,614,156,35,621,34215,32658,109,2,65,98,2.24356e+06,0,0,0,0,1,0,0,2500,645,3686,0,0,0,0,0,0,0,0,1659,-1643,0,0,166
1888.62,0,0,0,0,99,1506,1.55294,0.0162849,1.55265,42,0,28,29,28,0,-2,0,0,0,54,3654,4041,632,156,35,621,34215,32658,109,2,65,98,2.30933e+06,0,0,0,0,1,0,0,2500,650,3690,0,0,0,0,0,0,0,0,1659,-1674,0,0,166
1888.63,0,0,0,0,99,1506,1.55295,0.0162817,1.55276,42,0,28,29,28,0,-2,0,0,0,54,3654,4041,630,156,35,621,34215,32658,109,2,65,98,2.30202e+06,0,0,0,0,1,0,0,2500,650,3690,0,0,0,0,0,0,0,0,1659,-1674,0,0,166
1888.64,0,0,0,0,100,1504,1.55297,0.0162785,1.55286,42,0,28,29,28,0,-2,0,0,0,54,3654,4041,630,156,35,621,34215,32658,109,2,65,98,2.30202e+06,0,0,0,0,1,0,0,2500,657,3692,0,0,0,0,0,0,0,0,1659,-1668,0,0,166
1888.65,0,0,0,0,99,1507,1.55298,0.0162753,1.55296,42,0,28,29,28,0,-2,0,0,0,54,3659,4041,634,156,35,621,34215,32658,109,2,65,98,2.31981e+06,0,0,0,0,1,0,0,2500,661,3692,0,0,0,0,0,0,0,0,1659,-1636,0,0,166
1888.66,0,0,0,0,99,1515,1.55299,0.0162721,1.55307,42,0,28,29,28,0,-2,0,0,0,54,3645,4041,631,156,35,621,34215,32658,109,2,65,98,2.3e+06,0,0,0,0,1,0,0,2343,641,3688,0,0,0,0,0,0,0,0,1659,-1494,0,0,166
1888.67,0,0,0,0,100,1512,1.55301,0.0162689,1.55317,42,0,28,29,28,0,-2,0,0,0,54,3645,4041,633,156,35,621,34215,32658,109,2,65,98,2.30728e+06,0,0,0,0,1,0,169,2291,667,3666,0,0,0,0,0,0,0,0,1659,-1663,0,0,166
1888.68,0,0,0,0,99,1512,1.55302,0.0162657,1.55327,42,0,28,29,28,0,-2,0,0,0,54,3645,4041,633,156,35,621,34215,32658,109,2,65,98,2.30728e+06,0,0,0,0,1,0,445,2230,665,3671,0,0,0,0,0,0,0,0,1659,-1666,0,0,166
1888.69,0,0,0,0,100,1512,1.55303,0.0162625,1.55337,42,0,28,29,28,0,-2,0,0,0,54,3650,4041,626,157,35,621,34215,32658,109,2,65,98,2.2849e+06,0,0,0,0,1,0,445,2230,665,3671,0,0,0,0,0,0,0,0,1659,-1666,0,0,166
1888.7,0,0,0,0,99,1515,1.55305,0.0162593,1.55348,42,0,28,29,28,0,-2,0,0,0,54,3650,4041,626,157,35,621,34077,32687,110,2,66,98,2.2849e+06,0,0,0,0,1,0,780,1994,666,3677,0,0,0,0,0,0,0,0,1659,-1729,0,0,166
1888.71,0,0,0,0,99,1522,1.5532,0.0162301,1.55343,42,0,28,29,28,0,-2,0,0,0,54,3653,4041,642,157,35,621,34077,32687,110,2,66,98,2.34523e+06,0,0,0,0,1,0,1747,871,648,3699,0,0,0,0,0,0,0,0,1659,-1516,0,0,166
1888.72,0,0,0,0,100,1522,1.55335,0.0162008,1.55339,42,0,28,29,28,0,-2,0,0,0,54,3653,4041,642,157,35,621,34077,32687,110,2,66,98,2.34523e+06,0,0,0,0,1,0,2156,203,656,3684,0,0,0,0,0,0,0,0,1659,-1537,0,0,166
1888.73,0,0,0,0,99,1532,1.5535,0.0161715,1.55334,42,0,28,29,28,0,-2,0,0,0,54,3648,4041,626,157,35,621,34077,32687,110,2,66,98,2.28365e+06,0,0,0,0,1,0,2500,0,651,3680,0,0,0,0,0,0,0,0,1659,-1634,0,0,166
1888.74,0,0,0,0,100,1533,1.55365,0.0161422,1.5533,42,0,28,29,28,0,-2,0,0,0,54,3648,4041,639,157,35,621,34077,32687,110,2,66,98,2.33107e+06,0,0,0,0,1,0,2500,0,656,3684,0,0,0,0,0,0,0,0,1659,-1613,0,0,166
1888.75,0,0,0,0,99,1533,1.5538,0.0161129,1.55325,42,0,28,29,28,0,-2,0,0,0,54,3655,4041,645,157,35,621,34077,32687,110,2,66,98,2.35748e+06,0,0,0,0,1,0,2500,0,656,3684,0,0,0,0,0,0,0,0,1659,-1613,0,0,166
1888.76,0,0,0,0,100,1528,1.55395,0.0160836,1.55321,42,0,28,29,28,0,-2,0,0,0,54,3655,4041,645,157,35,621,34077,32687,110,2,66,98,2.35748e+06,0,0,0,0,1,116,2341,0,675,3654,0,0,0,0,0,0,0,0,1659,-1616,0,0,166
1888.77,0,0,0,0,100,1529,1.5541,0.0160543,1.55316,42,0,28,29,28,0,-2,0,0,0,54,3643,4041,636,157,35,621,34077,32687,110,2,66,98,2.31695e+06,0,0,0,0,1,730,2074,0,666,3663,0,0,0,0,0,0,0,0,1659,-1699,0,0,166
1888.78,0,0,0,0,99,1538,1.55426,0.016025,1.55312,42,0,28,29,28,0,-2,0,0,0,54,3643,4042,645,157,35,621,34077,32687,110,2,66,98,2.34974e+06,0,0,0,0,1,1962,519,0,655,3675,0,0,0,0,0,0,0,0,1659,-1528,0,0,166
1888.79,0,0,0,0,100,1536,1.55441,0.0159957,1.55307,42,0,28,29,28,0,-2,0,0,0,54,3643,4042,643,157,35,621,34077,32687,110,2,66,98,2.34245e+06,0,0,0,0,1,2500,0,0,669,3645,0,0,0,0,0,0,0,0,1659,-1700,0,0,166
1888.8,0,0,0,0,100,1537,1.55456,0.0159664,1.55303,42,0,28,29,28,0,-2,0,0,0,54,3643,4042,643,157,35,621,34102,32472,109,2,65,98,2.34245e+06,0,0,0,0,1,2500,0,0,667,3677,0,0,0,0,0,0,0,0,1659,-1630,0,0,166
1888.81,0,0,0,0,99,1537,1.5542,0.0159778,1.55323,42,0,28,29,28,0,-2,0,0,0,54,3640,4042,627,157,35,621,34102,32472,109,2,65,98,2.28228e+06,0,0,0,0,1,2500,0,0,667,3677,0,0,0,0,0,0,0,0,1659,-1630,0,0,166
1888.82,0,0,0,0,100,1546,1.55385,0.0159892,1.55342,42,0,28,29,28,0,-2,0,0,0,54,3649,4042,631,157,35,621,34102,32472,109,2,65,98,2.30252e+06,0,0,0,0,1,2175,0,479,662,3675,0,0,0,0,0,0,0,0,1659,-1673,0,0,166
1888.83,0,0,0,0,100,1547,1.55349,0.0160006,1.55362,42,0,28,29,28,0,-2,0,0,0,54,3649,4042,636,157,35,621,34102,32472,109,2,65,98,2.32076e+06,0,0,0,0,1,452,0,2000,669,3677,0,0,0,0,0,0,0,0,1659,-1580,0,0,166
1888.84,0,0,0,0,99,1548,1.55314,0.016012,1.55382,42,0,28,29,28,0,-2,0,0,0,54,3649,4042,636,157,35,621,34102,32472,109,2,65,98,2.32076e+06,0,0,0,0,1,0,0,2500,677,3666,0,0,0,0,0,0,0,0,1659,-1690,0,0,166
1888.85,0,0,0,0,100,1557,1.55278,0.0160233,1.55401,42,0,28,29,28,0,-2,0,0,0,54,3648,4042,636,157,35,621,34102,32472,109,2,65,98,2.32013e+06,0,0,0,0,1,0,200,2199,666,3666,0,0,0,0,0,0,0,0,1659,-1625,0,0,166
1888.86,0,0,0,0,100,1559,1.55243,0.0160347,1.55421,42,0,28,29,28,0,-2,0,0,0,54,3648,4043,654,157,35,621,34102,32472,109,2,65,98,2.38579e+06,0,0,0,0,1,0,1866,732,667,3680,0,0,0,0,0,0,0,0,1659,-1544,0,0,166
1888.87,0,0,0,0,100,1559,1.55207,0.0160461,1.55441,42,0,28,29,28,0,-2,0,0,0,54,3648,4043,653,157,35,621,34102,32472,109,2,65,98,2.38214e+06,0,0,0,0,1,0,1866,732,667,3680,0,0,0,0,0,0,0,0,1659,-1544,0,0,166
1888.88,0,0,0,0,99,1557,1.55172,0.0160575,1.5546,42,0,28,29,28,0,-2,0,0,0,54,3648,4043,653,157,35,621,34102,32472,109,2,65,98,2.38214e+06,0,0,0,0,1,0,2500,0,684,3671,0,0,0,0,0,0,0,0,1659,-1710,0,0,166
1888.89,0,0,0,0,100,1563,1.55136,0.0160689,1.5548,42,0,28,29,28,0,-2,0,0,0,54,3644,4043,637,157,35,621,34102,32472,109,2,65,98,2.32123e+06,0,0,0,0,1,747,1987,0,673,3654,0,0,0,0,0,0,0,0,1659,-1652,0,0,166
1888.9,0,0,0,0,100,1559,1.55101,0.0160803,1.555,42,0,28,29,28,0,-2,0,0,0,54,3644,4043,648,157,35,621,34109,32649,109,2,87,98,2.36131e+06,0,0,0,0,1,2500,0,0,688,3641,0,0,0,0,0,0,0,0,1659,-1666,0,0,166
1888.91,0,0,0,0,99,1558,1.55117,0.0160775,1.55524,42,0,28,29,28,0,-2,0,0,0,54,3644,4043,659,157,35,621,34109,32649,109,2,87,98,2.4014e+06,0,0,0,0,1,2500,0,0,671,3666,0,0,0,0,0,0,0,0,1659,-1578,0,0,166
1888.92,0,0,0,0,100,1564,1.55132,0.0160746,1.55549,42,0,28,29,28,0,-2,0,0,0,54,3644,4043,659,157,35,621,34109,32649,109,2,87,98,2.4014e+06,0,0,0,0,1,1732,0,1121,673,3690,0,0,0,0,0,0,0,0,1659,-1684,0,0,166
1888.93,0,0,0,0,100,1564,1.55148,0.0160718,1.55574,42,0,28,29,28,0,-2,0,0,0,54,3645,4042,649,157,35,621,34109,32649,109,2,87,98,2.3656e+06,0,0,0,0,1,1732,0,1121,673,3690,0,0,0,0,0,0,0,0,1659,-1684,0,0,166
1888.94,0,0,0,0,100,1576,1.55164,0.0160689,1.55599,42,0,28,29,28,0,-2,0,0,0,54,3645,4042,656,157,35,621,34109,32649,109,2,87,98,2.39112e+06,0,0,0,0,1,0,0,2500,673,3684,0,0,0,0,0,0,0,0,1659,-1660,0,0,166
1888.95,0,0,0,0,100,1571,1.5518,0.0160661,1.55624,42,0,28,29,28,0,-2,0,0,0,54,3643,4042,661,157,35,621,34109,32649,109,2,87,98,2.40802e+06,0,0,0,0,1,0,714,2096,691,3663,0,0,0,0,0,0,0,0,1659,-1710,0,0,166
1888.96,0,0,0,0,99,1567,1.55196,0.0160633,1.55648,42,0,28,29,28,0,-2,0,0,0,54,3643,4042,661,157,35,621,34109,32649,109,2,87,98,2.40802e+06,0,0,0,0,1,0,2500,0,689,3656,0,0,0,0,0,0,0,0,1659,-1679,0,0,166
1888.97,0,0,0,0,100,1571,1.55211,0.0160604,1.55673,42,0,28,29,28,0,-2,0,0,0,54,3637,4042,641,157,35,621,34109,32649,109,2,87,98,2.33132e+06,0,0,0,0,1,0,2323,0,676,3660,0,0,0,0,0,0,0,0,1659,-1559,0,0,166
1888.98,0,0,0,0,100,1574,1.55227,0.0160576,1.55698,42,0,28,29,28,0,-2,0,0,0,54,3637,4042,653,157,35,621,34109,32649,109,2,87,98,2.37496e+06,0,0,0,0,1,2102,323,0,675,3660,0,0,0,0,0,0,0,0,1659,-1535,0,0,166
1888.99,0,0,0,0,99,1574,1.55243,0.0160547,1.55723,42,0,28,29,28,0,-2,0,0,0,54,3644,4042,660,157,35,621,34109,32649,109,2,87,98,2.40504e+06,0,0,0,0,1,2102,323,0,675,3660,0,0,0,0,0,0,0,0,1659,-1535,0,0,166
1889,0,0,0,0,100,1576,1.55259,0.0160519,1.55747,42,0,28,29,29,0,-2,0,0,0,54,3644,4042,660,157,35,621,34046,32601,110,2,87,98,2.40504e+06,0,0,0,0,1,2500,0,0,683,3663,0,0,0,0,0,0,0,0,1659,-1594,0,0,166
1889.01,0,0,0,0,99,1583,1.55216,0.0160665,1.55726,42,0,28,29,29,0,-2,0,0,0,54,3644,4042,655,157,35,621,34046,32601,110,2,87,98,2.38682e+06,0,0,0,0,1,790,0,1768,670,3682,0,0,0,0,0,0,0,0,1659,-1538,0,0,166
1889.02,0,0,0,0,99,1586,1.55173,0.0160812,1.55705,42,0,28,29,29,0,-2,0,0,0,54,3638,4042,655,157,35,621,34046,32601,110,2,87,98,2.38289e+06,0,0,0,0,1,0,0,2484,680,3680,0,0,0,0,0,0,0,0,1659,-1571,0,0,166
1889.03,0,0,0,0,100,1587,1.5513,0.0160958,1.55684,42,0,28,29,29,0,-2,0,0,0,54,3638,4042,653,157,35,621,34046,32601,110,2,87,98,2.37561e+06,0,0,0,0,1,0,2093,408,689,3669,0,0,0,0,0,0,0,0,1659,-1559,0,0,166
1889.04,0,0,0,0,100,1596,1.55088,0.0161104,1.55663,42,0,28,29,29,0,-2,0,0,0,54,3638,4042,653,157,35,621,34046,32601,110,2,87,98,2.37561e+06,0,0,0,0,1,60,2285,0,679,3654,0,0,0,0,0,0,0,0,1659,-1558,0,0,166
1889.05,0,0,0,0,100,1596,1.55045,0.0161251,1.55642,42,0,28,29,29,0,-2,0,0,0,54,3640,4042,655,157,35,621,34046,32601,110,2,87,98,2.3842e+06,0,0,0,0,1,60,2285,0,679,3654,0,0,0,0,0,0,0,0,1659,-1558,0,0,166
1889.06,0,0,0,0,99,1596,1.55002,0.0161397,1.55621,42,0,28,29,29,0,-2,0,0,0,54,3640,4042,660,157,35,621,34046,32601,110,2,87,98,2.4024e+06,0,0,0,0,1,2500,0,0,689,3637,0,0,0,0,0,0,0,0,1659,-1659,0,0,166
1889.07,0,0,0,0,100,1593,1.54959,0.0161543,1.55599,42,0,28,29,29,0,-2,0,0,0,54,3640,4042,667,157,35,621,34046,32601,110,2,87,98,2.42788e+06,0,0,0,0,1,2181,0,578,700,3663,0,0,0,0,0,0,0,0,1659,-1712,0,0,166
1889.08,0,0,0,0,100,1600,1.54917,0.016169,1.55578,42,0,28,29,29,0,-2,0,0,0,54,3640,4042,667,157,35,621,34046,32601,110,2,87,98,2.42788e+06,0,0,0,0,1,0,0,2500,695,3669,0,0,0,0,0,0,0,0,1659,-1695,0,0,166
1889.09,0,0,0,0,99,1600,1.54874,0.0161836,1.55557,42,0,28,29,29,0,-2,0,0,0,54,3638,4042,659,157,35,621,34046,32601,110,2,87,98,2.39744e+06,0,0,0,0,1,0,1659,1051,693,3673,0,0,0,0,0,0,0,0,1659,-1613,0,0,166
1889.1,0,0,0,0,99,1591,1.54831,0.0161982,1.55536,42,0,28,29,29,0,-2,0,0,0,54,3638,4042,660,157,35,621,34025,32431,110,2,65,98,2.40108e+06,0,0,0,0,1,0,2500,0,694,3658,0,0,0,0,0,0,0,0,1659,-1566,0,0,166
1889.11,0,0,0,0,100,1591,1.54852,0.0161959,1.55533,42,0,28,29,29,0,-2,0,0,0,54,3634,4042,678,158,35,621,34025,32431,110,2,65,98,2.46385e+06,0,0,0,0,1,0,2500,0,694,3658,0,0,0,0,0,0,0,0,1659,-1566,0,0,166
1889.12,0,0,0,0,99,1600,1.54873,0.0161936,1.5553,42,0,28,29,29,0,-2,0,0,0,54,3634,4042,678,158,35,621,34025,32431,110,2,65,98,2.46385e+06,0,0,0,0,1,2359,0,0,684,3641,0,0,0,0,0,0,0,0,1659,-1559,0,0,166
1889.13,0,0,0,0,100,1611,1.54894,0.0161913,1.55527,42,0,28,29,29,0,-2,0,0,0,54,3629,4042,665,158,35,621,34025,32431,110,2,65,98,2.41328e+06,0,0,0,0,1,2058,0,607,683,3669,0,0,0,0,0,0,0,0,1659,-1659,0,0,166
1889.14,0,0,0,0,99,1613,1.54915,0.0161889,1.55524,42,0,28,29,29,0,-2,0,0,0,54,3629,4042,665,158,35,621,34025,32431,110,2,65,98,2.41328e+06,0,0,0,0,1,0,0,2500,699,3671,0,0,0,0,0,0,0,0,1659,-1656,0,0,166
1889.15,0,0,0,0,100,1616,1.54936,0.0161866,1.55521,42,0,28,29,29,0,-2,0,0,0,54,3638,4042,681,158,35,621,34025,32431,110,2,65,98,2.47748e+06,0,0,0,0,1,0,2456,0,696,3656,0,0,0,0,0,0,0,0,1659,-1593,0,0,166
1889.16,0,0,0,0,100,1613,1.54957,0.0161843,1.55518,42,0,28,29,29,0,-2,0,0,0,54,3638,4042,681,158,35,621,34025,32431,110,2,65,98,2.47748e+06,0,0,0,0,1,954,1964,0,711,3637,0,0,0,0,0,0,0,0,1659,-1736,0,0,166
1889.17,0,0,0,0,100,1613,1.54978,0.0161819,1.55516,42,0,28,29,29,0,-2,0,0,0,54,3635,4043,672,158,35,621,34025,32431,110,2,65,98,2.44272e+06,0,0,0,0,1,954,1964,0,711,3637,0,0,0,0,0,0,0,0,1659,-1736,0,0,166
1889.18,0,0,0,0,99,1613,1.54999,0.0161796,1.55513,42,0,28,29,29,0,-2,0,0,0,54,3635,4043,672,158,35,621,34025,32431,110,2,65,98,2.44272e+06,0,0,0,0,1,2500,0,0,705,3656,0,0,0,0,0,0,0,0,1659,-1597,0,0,166
1889.19,0,0,0,0,99,1616,1.5502,0.0161773,1.5551,42,0,28,29,29,0,-2,0,0,0,54,3635,4043,689,158,35,621,34025,32431,110,2,65,98,2.50452e+06,0,0,0,0,1,0,0,2500,697,3643,0,0,0,0,0,0,0,0,1659,-1633,0,0,166
1889.2,0,0,0,0,100,1625,1.55041,0.016175,1.55507,42,0,28,29,28,0,-2,0,0,0,54,3635,4043,689,158,35,621,34009,32634,110,2,87,98,2.50452e+06,0,0,0,0,1,0,1606,1031,692,3671,0,0,0,0,0,0,0,0,1659,-1595,0,0,166
1889.21,0,0,0,0,99,1625,1.55031,0.0161701,1.5551,42,0,28,29,28,0,-2,0,0,0,54,3631,4043,688,158,35,621,34009,32634,110,2,87,98,2.49813e+06,0,0,0,0,1,714,2058,0,704,3645,0,0,0,0,0,0,0,0,1659,-1683,0,0,166
1889.22,0,0,0,0,100,1628,1.5502,0.0161652,1.55512,42,0,28,29,28,0,-2,0,0,0,54,3628,4043,684,158,35,621,34009,32634,110,2,87,98,2.48155e+06,0,0,0,0,1,2500,0,0,700,3663,0,0,0,0,0,0,0,0,1659,-1605,0,0,166
1889.23,0,0,0,0,99,1628,1.55009,0.0161603,1.55515,42,0,28,29,28,0,-2,0,0,0,54,3628,4043,678,158,35,621,34009,32634,110,2,87,98,2.45978e+06,0,0,0,0,1,2500,0,0,700,3663,0,0,0,0,0,0,0,0,1659,-1605,0,0,166
1889.24,0,0,0,0,99,1636,1.54999,0.0161554,1.55518,42,0,28,29,28,0,-2,0,0,0,54,3628,4043,678,158,35,621,34009,32634,110,2,87,98,2.45978e+06,0,0,0,0,1,0,0,2500,702,3649,0,0,0,0,0,0,0,0,1659,-1682,0,0,166
1889.25,0,0,0,0,100,1632,1.54988,0.0161506,1.5552,42,0,28,29,28,0,-2,0,0,0,54,3628,4046,681,158,35,621,34009,32634,110,2,87,98,2.47067e+06,0,0,0,0,1,0,2329,21,710,3654,0,0,0,0,0,0,0,0,1659,-1576,0,0,166
1889.26,0,0,0,0,99,1634,1.54978,0.0161457,1.55523,42,0,28,29,28,0,-2,0,0,0,54,3632,4046,688,158,35,621,34009,32634,110,2,87,98,2.49882e+06,0,0,0,0,1,1255,1626,0,706,3651,0,0,0,0,0,0,0,0,1659,-1686,0,0,166
1889.27,0,0,0,0,100,1642,1.54967,0.0161408,1.55526,42,0,28,29,28,0,-2,0,0,0,54,3632,4046,680,158,35,621,34009,32634,110,2,87,98,2.46976e+06,0,0,0,0,1,2137,0,541,706,3660,0,0,0,0,0,0,0,0,1659,-1673,0,0,166
1889.28,0,0,0,0,100,1639,1.54956,0.0161359,1.55529,42,0,28,29,28,0,-2,0,0,0,54,3632,4046,680,158,35,621,34009,32634,110,2,87,98,2.46976e+06,0,0,0,0,1,0,0,2384,715,3654,0,0,0,0,0,0,0,0,1659,-1608,0,0,166
1889.29,0,0,0,0,99,1639,1.54946,0.016131,1.55531,42,0,28,29,28,0,-2,0,0,0,54,3625,4046,691,158,35,621,34009,32634,110,2,87,98,2.50488e+06,0,0,0,0,1,0,0,2384,715,3654,0,0,0,0,0,0,0,0,1659,-1608,0,0,166
1889.3,0,0,0,0,100,1636,1.54935,0.0161262,1.55534,42,0,28,29,28,0,-2,0,0,0,54,3625,4046,675,158,35,621,33987,32488,110,2,87,98,2.44688e+06,0,0,0,0,1,0,2500,0,714,3663,0,0,0,0,0,0,0,0,1659,-1679,0,0,166
1889.31,0,0,0,0,99,1645,1.54929,0.0161356,1.55479,42,0,28,29,28,0,-2,0,0,0,54,3625,4048,692,158,35,621,33987,32488,110,2,87,98,2.5085e+06,0,0,0,0,1,2500,0,0,706,3632,0,0,0,0,0,0,0,0,1659,-1676,0,0,166
1889.32,0,0,0,0,99,1649,1.54923,0.0161451,1.55424,42,0,28,29,28,0,-2,0,0,0,54,3625,4048,692,158,35,621,33987,32488,110,2,87,98,2.5085e+06,0,0,0,0,1,0,0,2490,703,3643,0,0,0,0,0,0,0,0,1659,-1595,0,0,166
1889.33,0,0,0,0,100,1654,1.54917,0.0161546,1.55368,42,0,28,29,28,0,-2,0,0,0,54,3628,4048,680,158,35,621,33987,32488,110,2,87,98,2.46704e+06,0,0,0,0,1,0,2291,0,711,3654,0,0,0,0,0,0,0,0,1659,-1603,0,0,166
1889.34,0,0,0,0,100,1658,1.54911,0.0161641,1.55313,42,0,28,29,28,0,-2,0,0,0,54,3629,4048,691,158,35,621,33987,32488,110,2,87,98,2.50764e+06,0,0,0,0,1,2122,314,0,712,3645,0,0,0,0,0,0,0,0,1659,-1580,0,0,166
1889.35,0,0,0,0,99,1658,1.54904,0.0161735,1.55258,42,0,28,29,28,0,-2,0,0,0,54,3629,4048,684,158,35,621,33987,32488,110,2,87,98,2.48224e+06,0,0,0,0,1,2122,314,0,712,3645,0,0,0,0,0,0,0,0,1659,-1580,0,0,166
1889.36,0,0,0,0,100,1648,1.54898,0.016183,1.55203,42,0,28,29,28,0,-2,0,0,0,54,3629,4048,684,158,35,621,33987,32488,110,2,87,98,2.48224e+06,0,0,0,0,1,1325,0,1529,726,3675,0,0,0,0,0,0,0,0,1659,-1574,0,0,166
1889.37,0,0,0,0,99,1647,1.54892,0.0161925,1.55148,42,0,28,29,28,0,-2,0,0,0,54,3623,4048,710,158,35,621,33987,32488,110,2,87,98,2.57233e+06,0,0,0,0,1,0,919,1859,719,3656,0,0,0,0,0,0,0,0,1659,-1665,0,0,166
1889.38,0,0,0,0,100,1654,1.54886,0.0162019,1.55093,42,0,28,29,28,0,-2,0,0,0,54,3623,4048,698,158,35,621,33987,32488,110,2,87,98,2.52885e+06,0,0,0,0,1,554,2140,0,711,3641,0,0,0,0,0,0,0,0,1659,-1671,0,0,166
1889.39,0,0,0,0,100,1655,1.5488,0.0162114,1.55037,42,0,28,29,28,0,-2,0,0,0,54,3618,4048,687,158,35,621,33987,32488,110,2,87,98,2.48557e+06,0,0,0,0,1,2145,0,549,717,3669,0,0,0,0,0,0,0,0,1659,-1698,0,0,166
1889.4,0,0,0,0,100,1659,1.54874,0.0162209,1.54982,42,0,28,29,29,0,-2,0,0,0,54,3618,4048,687,158,35,570,33915,32383,110,2,87,98,2.48557e+06,0,0,0,0,1,0,443,2184,723,3643,0,0,0,0,0,0,0,0,1659,-1678,0,0,166
1889.41,0,0,0,0,100,1659,1.54854,0.0162274,1.54991,42,0,28,29,29,0,-2,0,0,0,54,3618,4048,699,158,35,570,33915,32383,110,2,87,98,2.52898e+06,0,0,0,0,1,0,443,2184,723,3643,0,0,0,0,0,0,0,0,1659,-1678,0,0,166
1889.42,0,0,0,0,100,1667,1.54834,0.016234,1.55,42,0,28,29,29,0,-2,0,0,0,54,3627,4048,687,158,35,570,33915,32383,110,2,87,98,2.49175e+06,0,0,0,0,1,437,2185,0,714,3630,0,0,0,0,0,0,0,0,1659,-1643,0,0,166
1889.43,0,0,0,0,100,1664,1.54814,0.0162406,1.55009,42,0,28,29,29,0,-2,0,0,0,54,3627,4048,686,158,35,570,33915,32383,110,2,87,98,2.48812e+06,0,0,0,0,1,2260,0,367,725,3656,0,0,0,0,0,0,0,0,1659,-1676,0,0,166
1889.44,0,0,0,0,99,1668,1.54795,0.0162471,1.55018,42,0,28,29,29,0,-2,0,0,0,54,3627,4048,686,158,35,570,33915,32383,110,2,87,98,2.48812e+06,0,0,0,0,1,0,431,2211,733,3634,0,0,0,0,0,0,0,0,1659,-1681,0,0,166
1889.45,0,0,0,0,100,1677,1.54775,0.0162537,1.55027,42,0,28,29,29,0,-2,0,0,0,54,3624,4048,703,158,35,570,33915,32383,110,2,87,98,2.54767e+06,0,0,0,0,1,634,2054,0,715,3645,0,0,0,0,0,0,0,0,1659,-1643,0,0,166
1889.46,0,0,0,0,99,1675,1.54755,0.0162602,1.55036,42,0,28,29,29,0,-2,0,0,0,54,3624,4048,710,158,35,570,33915,32383,110,2,87,98,2.57304e+06,0,0,0,0,1,1675,0,1193,725,3665,0,0,0,0,0,0,0,0,1659,-1641,0,0,166
1889.47,0,0,0,0,99,1675,1.54735,0.0162668,1.55045,42,0,28,29,29,0,-2,0,0,0,54,3624,4048,710,158,35,570,33915,32383,110,2,87,98,2.57304e+06,0,0,0,0,1,1675,0,1193,725,3665,0,0,0,0,0,0,0,0,1659,-1641,0,0,166
1889.48,0,0,0,0,99,1675,1.54715,0.0162733,1.55054,42,0,28,29,29,0,-2,0,0,0,54,3624,4048,710,158,35,570,33915,32383,110,2,87,98,2.57304e+06,0,0,0,0,1,0,1134,1746,734,3654,0,0,0,0,0,0,0,0,1659,-1721,0,0,166
1889.49,0,0,0,0,99,1675,1.54696,0.0162799,1.55063,42,0,28,29,29,0,-2,0,0,0,54,3615,4048,698,158,35,570,33915,32383,110,2,87,98,2.52327e+06,0,0,0,0,1,1458,1378,0,725,3641,0,0,0,0,0,0,0,0,1659,-1657,0,0,166
1889.5,0,0,0,0,99,1676,1.54676,0.0162864,1.55072,42,0,28,29,28,0,-2,0,0,0,55,3615,4048,691,158,35,570,33845,32178,109,2,87,98,2.49796e+06,0,0,0,0,1,892,0,1791,726,3660,0,0,0,0,0,0,0,0,1659,-1614,0,0,166
1889.51,0,0,0,0,100,1684,1.54714,0.0162656,1.55092,42,0,28,29,28,0,-2,0,0,0,55,3620,4048,692,158,35,570,33845,32178,109,2,87,98,2.50504e+06,0,0,0,0,1,0,2269,37,722,3658,0,0,0,0,0,0,0,0,1659,-1539,0,0,166
1889.52,0,0,0,0,99,1695,1.54752,0.0162448,1.55112,42,0,28,29,28,0,-2,0,0,0,55,3620,4048,692,158,35,570,33845,32178,109,2,87,98,2.50504e+06,0,0,0,0,1,2500,0,0,720,3617,0,0,0,0,0,0,0,0,1659,-1661,0,0,166
1889.53,0,0,0,0,100,1695,1.5479,0.016224,1.55132,42,0,28,29,28,0,-2,0,0,0,55,3620,4050,699,158,35,570,33845,32178,109,2,87,98,2.53038e+06,0,0,0,0,1,2500,0,0,720,3617,0,0,0,0,0,0,0,0,1659,-1661,0,0,166
1889.54,0,0,0,0,99,1690,1.54828,0.0162032,1.55151,42,0,28,29,28,0,-2,0,0,0,55,3620,4050,704,158,35,570,33845,32178,109,2,87,98,2.54848e+06,0,0,0,0,1,0,0,2500,737,3645,0,0,0,0,0,0,0,0,1659,-1709,0,0,166
1889.55,0,0,0,0,100,1684,1.54866,0.0161823,1.55171,42,0,28,29,28,0,-2,0,0,0,55,3615,4050,699,158,35,570,33845,32178,109,2,87,98,2.52688e+06,0,0,0,0,1,0,2500,0,729,3639,0,0,0,0,0,0,0,0,1659,-1555,0,0,166
1889.56,0,0,0,0,100,1691,1.54904,0.0161615,1.55191,42,0,28,29,28,0,-2,0,0,0,55,3615,4050,699,158,35,570,33845,32178,109,2,87,98,2.52688e+06,0,0,0,0,1,2269,0,222,730,3632,0,0,0,0,0,0,0,0,1659,-1629,0,0,166
1889.57,0,0,0,0,100,1696,1.54943,0.0161407,1.55211,42,0,28,29,28,0,-2,0,0,0,55,3615,4050,711,158,35,570,33845,32178,109,2,87,98,2.57026e+06,0,0,0,0,1,0,921,1867,725,3645,0,0,0,0,0,0,0,0,1659,-1686,0,0,166
1889.58,0,0,0,0,99,1701,1.54981,0.0161199,1.5523,42,0,28,29,28,0,-2,0,0,0,55,3615,4050,714,158,35,570,33845,32178,109,2,87,98,2.58111e+06,0,0,0,0,1,2081,375,0,726,3637,0,0,0,0,0,0,0,0,1659,-1543,0,0,166
1889.59,0,0,0,0,99,1701,1.55019,0.0160991,1.5525,42,0,28,29,28,0,-2,0,0,0,55,3611,4050,699,158,35,570,33845,32178,109,2,87,98,2.52409e+06,0,0,0,0,1,2081,375,0,726,3637,0,0,0,0,0,0,0,0,1659,-1543,0,0,166
1889.6,0,0,0,0,99,1711,1.55057,0.0160783,1.5527,42,0,28,29,28,0,-2,0,0,0,54,3611,4050,699,158,35,570,33834,32226,110,2,64,98,2.52409e+06,0,0,0,0,1,0,0,2500,736,3637,0,0,0,0,0,0,0,0,1659,-1702,0,0,166
1889.61,0,0,0,0,100,1711,1.55024,0.016091,1.55258,42,0,28,29,28,0,-2,0,0,0,54,3611,4017,699,158,35,570,33834,32226,110,2,64,98,2.52409e+06,0,0,0,0,1,0,2378,0,739,3630,0,0,0,0,0,0,0,0,1659,-1554,0,0,166
1889.62,0,0,0,0,99,1711,1.54992,0.0161037,1.55245,42,0,28,29,28,0,-2,0,0,0,54,3611,4017,710,158,35,570,33834,32226,110,2,64,98,2.56381e+06,0,0,0,0,1,1911,0,924,744,3660,0,0,0,0,0,0,0,0,1659,-1719,0,0,166
1889.63,0,0,0,0,99,1718,1.54959,0.0161164,1.55233,42,0,28,29,28,0,-2,0,0,0,54,3616,4017,708,158,35,570,33834,32226,110,2,64,98,2.56013e+06,0,0,0,0,1,0,2499,0,745,3630,0,0,0,0,0,0,0,0,1659,-1628,0,0,166
1889.64,0,0,0,0,99,1717,1.54927,0.0161291,1.5522,42,0,28,29,28,0,-2,0,0,0,54,3616,4017,708,158,35,570,33834,32226,110,2,64,98,2.56013e+06,0,0,0,0,1,2500,0,0,742,3632,0,0,0,0,0,0,0,0,1659,-1649,0,0,166
1889.65,0,0,0,0,99,1717,1.54894,0.0161418,1.55208,42,0,28,29,28,0,-2,0,0,0,54,3616,4017,719,158,35,570,33834,32226,110,2,64,98,2.5999e+06,0,0,0,0,1,2500,0,0,742,3632,0,0,0,0,0,0,0,0,1659,-1649,0,0,166
1889.66,0,0,0,0,99,1718,1.54862,0.0161545,1.55196,42,0,28,29,28,0,-2,0,0,0,54,3616,4017,728,158,35,570,33834,32226,110,2,64,98,2.63245e+06,0,0,0,0,1,0,591,2143,745,3637,0,0,0,0,0,0,0,0,1659,-1692,0,0,166
1889.67,0,0,0,0,100,1719,1.54829,0.0161672,1.55183,42,0,28,29,28,0,-2,0,0,0,54,3614,4017,727,158,35,570,33834,32226,110,2,64,98,2.62738e+06,0,0,0,0,1,2319,70,0,753,3624,0,0,0,0,0,0,0,0,1659,-1582,0,0,166
1889.68,0,0,0,0,99,1714,1.54797,0.0161799,1.55171,42,0,28,29,28,0,-2,0,0,0,54,3614,4017,727,158,35,570,33834,32226,110,2,64,98,2.62738e+06,0,0,0,0,1,0,0,2500,748,3632,0,0,0,0,0,0,0,0,1659,-1724,0,0,166
1889.69,0,0,0,0,100,1721,1.54764,0.0161926,1.55158,42,0,28,29,28,0,-2,0,0,0,54,3612,4017,711,158,35,570,33834,32226,110,2,64,98,2.56813e+06,0,0,0,0,1,323,2206,0,734,3625,0,0,0,0,0,0,0,0,1659,-1609,0,0,166
1889.7,0,0,0,0,99,1734,1.54732,0.0162053,1.55146,42,0,28,29,28,0,-2,0,0,0,54,3612,4017,719,158,35,570,33815,32367,109,2,68,98,2.59703e+06,0,0,0,0,1,24,0,2267,739,3634,0,0,0,0,0,0,0,0,1659,-1573,0,0,166
1889.71,0,0,0,0,100,1734,1.54738,0.0162176,1.55195,42,0,28,29,28,0,-2,0,0,0,54,3612,4017,725,158,35,570,33815,32367,109,2,68,98,2.6187e+06,0,0,0,0,1,24,0,2267,739,3634,0,0,0,0,0,0,0,0,1659,-1573,0,0,166
1889.72,0,0,0,0,99,1737,1.54744,0.01623,1.55245,42,0,28,29,28,0,-2,0,0,0,54,3612,4017,725,158,35,570,33815,32367,109,2,68,98,2.6187e+06,0,0,0,0,1,0,2368,0,755,3628,0,0,0,0,0,0,0,0,1659,-1572,0,0,166
1889.73,0,0,0,0,99,1732,1.54751,0.0162424,1.55294,42,0,28,29,28,0,-2,0,0,0,54,3612,4017,721,158,35,570,33815,32367,109,2,68,98,2.60425e+06,0,0,0,0,1,1524,0,1357,760,3645,0,0,0,0,0,0,0,0,1659,-1721,0,0,166
1889.74,0,0,0,0,99,1731,1.54757,0.0162548,1.55344,42,0,28,29,28,0,-2,0,0,0,54,3612,4017,721,158,35,570,33815,32367,109,2,68,98,2.60425e+06,0,0,0,0,1,0,2500,0,752,3630,0,0,0,0,0,0,0,0,1659,-1703,0,0,166
1889.75,0,0,0,0,100,1727,1.54763,0.0162672,1.55393,42,0,28,29,28,0,-2,0,0,0,54,3613,4017,727,158,35,570,33815,32367,109,2,68,98,2.62665e+06,0,0,0,0,1,2304,0,251,752,3634,0,0,0,0,0,0,0,0,1659,-1662,0,0,166
1889.76,0,0,0,0,99,1737,1.5477,0.0162795,1.55443,42,0,28,29,28,0,-2,0,0,0,54,3613,4017,727,158,35,570,33815,32367,109,2,68,98,2.62665e+06,0,0,0,0,1,0,2282,29,745,3645,0,0,0,0,0,0,0,0,1659,-1564,0,0,166
1889.77,0,0,0,0,100,1737,1.54776,0.0162919,1.55492,42,0,28,29,28,0,-2,0,0,0,54,3608,4017,727,158,35,570,33815,32367,109,2,68,98,2.62302e+06,0,0,0,0,1,0,2282,29,745,3645,0,0,0,0,0,0,0,0,1659,-1564,0,0,166
1889.78,0,0,0,0,99,1744,1.54782,0.0163043,1.55542,42,0,28,29,28,0,-2,0,0,0,54,3608,4017,728,158,35,570,33815,32367,109,2,68,98,2.62662e+06,0,0,0,0,1,2462,0,0,747,3634,0,0,0,0,0,0,0,0,1659,-1557,0,0,166
1889.79,0,0,0,0,99,1742,1.54789,0.0163167,1.55591,42,0,28,29,28,0,-2,0,0,0,54,3611,4017,736,158,35,570,33815,32367,109,2,68,98,2.6577e+06,0,0,0,0,1,0,1882,699,750,3647,0,0,0,0,0,0,0,0,1659,-1562,0,0,166
1889.8,0,0,0,0,99,1745,1.54795,0.016329,1.55641,42,0,28,29,28,0,-2,0,0,0,54,3611,4017,736,158,35,570,33790,32175,110,2,87,98,2.6577e+06,0,0,0,0,1,2500,0,0,752,3639,0,0,0,0,0,0,0,0,1659,-1634,0,0,166
1889.81,0,0,0,0,100,1746,1.54833,0.0163116,1.55598,42,0,28,29,28,0,-2,0,0,0,54,3605,4017,731,158,35,570,33790,32175,110,2,87,98,2.63526e+06,0,0,0,0,1,0,1628,1177,762,3634,0,0,0,0,0,0,0,0,1659,-1646,0,0,166
1889.82,0,0,0,0,99,1744,1.54872,0.0162942,1.55555,42,0,28,29,28,0,-2,0,0,0,54,3605,4017,722,158,35,570,33790,32175,110,2,87,98,2.60281e+06,0,0,0,0,1,2500,0,0,751,3634,0,0,0,0,0,0,0,0,1659,-1655,0,0,166
1889.83,0,0,0,0,100,1744,1.5491,0.0162767,1.55512,42,0,28,29,28,0,-2,0,0,0,54,3606,4017,710,158,35,570,33790,32175,110,2,87,98,2.56026e+06,0,0,0,0,1,2500,0,0,751,3634,0,0,0,0,0,0,0,0,1659,-1655,0,0,166
1889.84,0,0,0,0,99,1751,1.54948,0.0162593,1.55469,42,0,28,29,28,0,-2,0,0,0,54,3606,4017,710,159,35,570,33790,32175,110,2,87,98,2.56026e+06,0,0,0,0,1,0,1398,1387,747,3651,0,0,0,0,0,0,0,0,1659,-1646,0,0,166
1889.85,0,0,0,0,100,1752,1.54986,0.0162419,1.55426,42,0,28,29,28,0,-2,0,0,0,54,3610,4017,744,159,35,570,33790,32175,110,2,87,98,2.68584e+06,0,0,0,0,1,2500,0,0,760,3628,0,0,0,0,0,0,0,0,1659,-1601,0,0,166
1889.86,0,0,0,0,100,1749,1.55025,0.0162244,1.55382,42,0,28,29,28,0,-2,0,0,0,54,3610,4017,728,159,35,570,33790,32175,110,2,87,98,2.62808e+06,0,0,0,0,1,0,1535,1229,758,3643,0,0,0,0,0,0,0,0,1659,-1568,0,0,166
1889.87,0,0,0,0,99,1758,1.55063,0.016207,1.55339,42,0,28,29,28,0,-2,0,0,0,54,3605,4017,733,159,35,570,33790,32175,110,2,87,98,2.64246e+06,0,0,0,0,1,2500,0,0,751,3634,0,0,0,0,0,0,0,0,1659,-1557,0,0,166
1889.88,0,0,0,0,100,1766,1.55101,0.0161896,1.55296,42,0,28,29,28,0,-2,0,0,0,54,3605,4017,733,159,35,570,33790,32175,110,2,87,98,2.64246e+06,0,0,0,0,1,0,2259,93,752,3630,0,0,0,0,0,0,0,0,1659,-1610,0,0,166
1889.89,0,0,0,0,100,1766,1.55139,0.0161721,1.55253,42,0,28,29,28,0,-2,0,0,0,54,3606,4017,717,159,35,570,33790,32175,110,2,87,98,2.5855e+06,0,0,0,0,1,0,2259,93,752,3630,0,0,0,0,0,0,0,0,1659,-1610,0,0,166
1889.9,0,0,0,0,100,1765,1.55178,0.0161547,1.5521,42,0,28,29,29,0,-2,0,0,0,55,3605,4017,732,159,35,570,33765,31964,109,2,64,98,2.63886e+06,0,0,0,0,1,2325,0,265,769,3643,0,0,0,0,0,0,0,0,1659,-1714,0,0,166
1889.91,0,0,0,0,99,1765,1.55145,0.0161492,1.55225,42,0,28,29,29,0,-2,0,0,0,55,3605,4017,736,159,35,570,33765,31964,109,2,64,98,2.65328e+06,0,0,0,0,1,0,2500,0,774,3625,0,0,0,0,0,0,0,0,1659,-1735,0,0,166
1889.92,0,0,0,0,99,1759,1.55113,0.0161438,1.5524,42,0,28,29,29,0,-2,0,0,0,55,3605,4017,736,159,35,570,33765,31964,109,2,64,98,2.65328e+06,0,0,0,0,1,1604,0,1314,768,3658,0,0,0,0,0,0,0,0,1659,-1729,0,0,166
1889.93,0,0,0,0,99,1763,1.55081,0.0161384,1.55255,42,0,28,29,29,0,-2,0,0,0,55,3609,4017,747,159,35,570,33765,31964,109,2,64,98,2.69592e+06,0,0,0,0,1,0,2500,0,749,3637,0,0,0,0,0,0,0,0,1659,-1569,0,0,166
1889.94,0,0,0,0,100,1770,1.55049,0.0161329,1.5527,42,0,28,29,29,0,-2,0,0,0,55,3604,4017,733,159,35,570,33765,31964,109,2,64,98,2.64173e+06,0,0,0,0,1,0,0,2340,760,3617,0,0,0,0,0,0,0,0,1659,-1574,0,0,166
1889.95,0,0,0,0,100,1770,1.55016,0.0161275,1.55285,42,0,28,29,29,0,-2,0,0,0,55,3604,4017,735,159,35,570,33765,31964,109,2,64,98,2.64894e+06,0,0,0,0,1,0,0,2340,760,3617,0,0,0,0,0,0,0,0,1659,-1574,0,0,166
1889.96,0,0,0,0,99,1774,1.54984,0.0161221,1.553,42,0,28,29,29,0,-2,0,0,0,55,3604,4017,735,159,35,570,33765,31964,109,2,64,98,2.64894e+06,0,0,0,0,1,566,2181,0,769,3615,0,0,0,0,0,0,0,0,1659,-1696,0,0,166
1889.97,0,0,0,0,99,1780,1.54952,0.0161167,1.55315,42,0,28,29,29,0,-2,0,0,0,55,3602,4017,744,159,35,570,33765,31964,109,2,64,98,2.67989e+06,0,0,0,0,1,0,0,2500,764,3634,0,0,0,0,0,0,0,0,1659,-1561,0,0,166
1889.98,0,0,0,0,100,1786,1.54919,0.0161112,1.5533,42,0,28,29,29,0,-2,0,0,0,55,3602,4017,755,159,35,570,33765,31964,109,2,64,98,2.71951e+06,0,0,0,0,1,2500,0,0,771,3598,0,0,0,0,0,0,0,0,1659,-1631,0,0,166
1889.99,0,0,0,0,99,1785,1.54887,0.0161058,1.55345,42,0,28,29,29,0,-2,0,0,0,55,3602,4024,754,159,35,570,33765,31964,109,2,64,98,2.71591e+06,0,0,0,0,1,0,1073,1806,776,3622,0,0,0,0,0,0,0,0,1659,-1697,0,0,166
1890,0,0,0,0,99,1791,1.54855,0.0161004,1.5536,42,0,28,29,29,0,-2,0,0,0,55,3602,4024,754,159,35,570,33721,32030,109,2,65,98,2.71591e+06,0,0,0,0,1,2384,0,0,774,3622,0,0,0,0,0,0,0,0,1659,-1603,0,0,166
1890.01,0,0,0,0,100,1791,1.54877,0.016109,1.55385,42,0,28,29,29,0,-2,0,0,0,55,3601,4024,728,159,35,570,33721,32030,109,2,65,98,2.62153e+06,0,0,0,0,1,2384,0,0,774,3622,0,0,0,0,0,0,0,0,1659,-1603,0,0,166
1890.02,0,0,0,0,100,1796,1.549,0.0161177,1.55409,42,0,28,29,29,0,-2,0,0,0,55,3601,4024,739,159,35,570,33721,32030,109,2,65,98,2.66114e+06,0,0,0,0,1,0,2500,0,779,3622,0,0,0,0,0,0,0,0,1659,-1708,0,0,166
1890.03,0,0,0,0,100,1791,1.54923,0.0161264,1.55434,42,0,28,29,29,0,-2,0,0,0,55,3600,4024,757,159,35,570,33721,32030,109,2,65,98,2.7252e+06,0,0,0,0,1,0,0,2482,788,3608,0,0,0,0,0,0,0,0,1659,-1658,0,0,166
1890.04,0,0,0,0,100,1789,1.54946,0.0161351,1.55459,42,0,28,29,29,0,-2,0,0,0,55,3600,4024,757,159,35,570,33721,32030,109,2,65,98,2.7252e+06,0,0,0,0,1,1099,1735,0,767,3624,0,0,0,0,0,0,0,0,1659,-1668,0,0,166
1890.05,0,0,0,0,100,1792,1.54968,0.0161438,1.55483,42,0,28,29,29,0,-2,0,0,0,55,3599,4024,753,159,35,570,33721,32030,109,2,65,98,2.71005e+06,0,0,0,0,1,0,76,2322,774,3617,0,0,0,0,0,0,0,0,1659,-1603,0,0,166
1890.06,0,0,0,0,99,1803,1.54991,0.0161525,1.55508,42,0,28,29,29,0,-2,0,0,0,55,3599,4024,748,159,35,570,33721,32030,109,2,65,98,2.69205e+06,0,0,0,0,1,2500,0,0,766,3628,0,0,0,0,0,0,0,0,1659,-1636,0,0,166
1890.07,0,0,0,0,100,1803,1.55014,0.0161611,1.55532,42,0,28,29,29,0,-2,0,0,0,55,3599,4024,743,159,35,570,33721,32030,109,2,65,98,2.67406e+06,0,0,0,0,1,2500,0,0,766,3628,0,0,0,0,0,0,0,0,1659,-1636,0,0,166
1890.08,0,0,0,0,100,1812,1.55036,0.0161698,1.55557,42,0,28,29,29,0,-2,0,0,0,55,3599,4024,743,159,35,570,33721,32030,109,2,65,98,2.67406e+06,0,0,0,0,1,0,2500,0,787,3619,0,0,0,0,0,0,0,0,1659,-1718,0,0,166
1890.09,0,0,0,0,99,1801,1.55059,0.0161785,1.55581,42,0,28,29,29,0,-2,0,0,0,55,3598,4024,753,159,35,570,33721,32030,109,2,65,98,2.70929e+06,0,0,0,0,1,0,0,2494,799,3606,0,0,0,0,0,0,0,0,1659,-1659,0,0,166
1890.1,0,0,0,0,100,1798,1.55082,0.0161872,1.55606,42,0,28,29,28,0,-2,0,0,0,54,3600,4024,748,159,35,570,33713,32125,109,2,87,98,2.6928e+06,0,0,0,0,1,1386,1448,0,770,3622,0,0,0,0,0,0,0,0,1659,-1655,0,0,166
1890.11,0,0,0,0,99,1805,1.55052,0.0161917,1.55565,42,0,28,29,28,0,-2,0,0,0,54,3600,4024,752,159,35,570,33713,32125,109,2,87,98,2.7072e+06,0,0,0,0,1,0,560,2113,770,3613,0,0,0,0,0,0,0,0,1659,-1642,0,0,166
1890.12,0,0,0,0,100,1810,1.55022,0.0161963,1.55524,42,0,28,29,28,0,-2,0,0,0,54,3600,4024,752,159,35,570,33713,32125,109,2,87,98,2.7072e+06,0,0,0,0,1,2353,0,8,784,3619,0,0,0,0,0,0,0,0,1659,-1599,0,0,166
1890.13,0,0,0,0,99,1810,1.54993,0.0162008,1.55483,42,0,28,29,28,0,-2,0,0,0,54,3599,4024,759,159,35,570,33713,32125,109,2,87,98,2.73164e+06,0,0,0,0,1,2353,0,8,784,3619,0,0,0,0,0,0,0,0,1659,-1599,0,0,166
1890.14,0,0,0,0,99,1819,1.54963,0.0162054,1.55441,42,0,28,29,28,0,-2,0,0,0,54,3599,4024,757,159,35,570,33713,32125,109,2,87,98,2.72444e+06,0,0,0,0,1,0,2479,0,776,3625,0,0,0,0,0,0,0,0,1659,-1541,0,0,166
1890.15,0,0,0,0,100,1822,1.54933,0.0162099,1.554,42,0,28,29,28,0,-2,0,0,0,54,3596,4024,749,160,35,570,33713,32125,109,2,87,98,2.6934e+06,0,0,0,0,1,0,0,2500,792,3628,0,0,0,0,0,0,0,0,1659,-1657,0,0,166
1890.16,0,0,0,0,99,1819,1.54903,0.0162145,1.55359,42,0,28,29,28,0,-2,0,0,0,54,3596,4024,749,160,35,570,33713,32125,109,2,87,98,2.6934e+06,0,0,0,0,1,2500,0,0,788,3606,0,0,0,0,0,0,0,0,1659,-1694,0,0,166
1890.17,0,0,0,0,100,1820,1.54874,0.016219,1.55318,42,0,28,29,28,0,-2,0,0,0,54,3600,4024,758,160,35,570,33713,32125,109,2,87,98,2.7288e+06,0,0,0,0,1,0,2500,0,781,3615,0,0,0,0,0,0,0,0,1659,-1660,0,0,166
1890.18,0,0,0,0,99,1821,1.54844,0.0162236,1.55277,42,0,28,29,28,0,-2,0,0,0,54,3600,4024,758,160,35,570,33713,32125,109,2,87,98,2.7288e+06,0,0,0,0,1,0,0,2500,793,3604,0,0,0,0,0,0,0,0,1659,-1678,0,0,166
1890.19,0,0,0,0,100,1821,1.54814,0.0162281,1.55236,42,0,28,29,28,0,-2,0,0,0,54,3596,4024,752,160,35,570,33713,32125,109,2,87,98,2.70419e+06,0,0,0,0,1,0,0,2500,793,3604,0,0,0,0,0,0,0,0,1659,-1678,0,0,166
1890.2,0,0,0,0,100,1822,1.54785,0.0162327,1.55195,42,0,28,29,28,0,-2,0,0,0,54,3596,4024,752,160,35,570,33699,32207,109,2,68,98,2.70419e+06,0,0,0,0,1,2500,0,0,796,3587,0,0,0,0,0,0,0,0,1659,-1673,0,0,166
1890.21,0,0,0,0,99,1822,1.54792,0.0162276,1.55189,42,0,28,29,28,0,-2,0,0,0,54,3601,4024,769,160,35,570,33699,32207,109,2,68,98,2.76917e+06,0,0,0,0,1,0,2433,0,798,3604,0,0,0,0,0,0,0,0,1659,-1616,0,0,166
1890.22,0,0,0,0,100,1822,1.54799,0.0162225,1.55182,42,0,28,29,28,0,-2,0,0,0,54,3601,4024,776,160,35,570,33699,32207,109,2,68,98,2.79438e+06,0,0,0,0,1,0,0,2410,791,3593,0,0,0,0,0,0,0,0,1659,-1673,0,0,166
1890.23,0,0,0,0,99,1832,1.54807,0.0162174,1.55176,42,0,28,29,28,0,-2,0,0,0,54,3588,4024,778,160,35,570,33699,32207,109,2,68,98,2.79146e+06,0,0,0,0,1,1891,618,0,774,3613,0,0,0,0,0,0,0,0,1659,-1528,0,0,166
1890.24,0,0,0,0,100,1846,1.54814,0.0162123,1.5517,42,0,28,29,28,0,-2,0,0,0,54,3588,4024,778,160,35,570,33699,32207,109,2,68,98,2.79146e+06,0,0,0,0,1,0,2259,82,788,3624,0,0,0,0,0,0,0,0,1659,-1546,0,0,166
1890.25,0,0,0,0,100,1846,1.54821,0.0162073,1.55164,42,0,28,29,28,0,-2,0,0,0,54,3591,4024,755,159,35,570,33699,32207,109,2,68,98,2.7112e+06,0,0,0,0,1,0,2259,82,788,3624,0,0,0,0,0,0,0,0,1659,-1546,0,0,166
1890.26,0,0,0,0,100,1841,1.54829,0.0162022,1.55158,42,0,28,29,28,0,-2,0,0,0,54,3591,4024,758,159,35,570,33699,32207,109,2,68,98,2.72198e+06,0,0,0,0,1,0,0,2500,810,3593,0,0,0,0,0,0,0,0,1659,-1667,0,0,166
1890.27,0,0,0,0,99,1834,1.54836,0.0161971,1.55152,42,0,28,29,28,0,-2,0,0,0,54,3593,4024,769,159,35,570,33699,32207,109,2,68,98,2.76302e+06,0,0,0,0,1,2500,0,0,797,3581,0,0,0,0,0,0,0,0,1659,-1625,0,0,166
1890.28,0,0,0,0,99,1834,1.54843,0.016192,1.55146,42,0,28,29,28,0,-2,0,0,0,54,3593,4024,769,159,35,570,33699,32207,109,2,68,98,2.76302e+06,0,0,0,0,1,0,2500,0,798,3608,0,0,0,0,0,0,0,0,1659,-1635,0,0,166
1890.29,0,0,0,0,99,1837,1.5485,0.016187,1.55139,42,0,28,29,28,0,-2,0,0,0,54,3587,4024,771,159,35,570,33699,32207,109,2,68,98,2.76558e+06,0,0,0,0,1,0,0,2500,802,3589,0,0,0,0,0,0,0,0,1659,-1660,0,0,166
1890.3,0,0,0,0,99,1851,1.54858,0.0161819,1.55133,42,0,28,29,28,0,-2,0,0,0,54,3594,4024,782,159,35,570,33624,31790,110,2,64,98,2.81051e+06,0,0,0,0,1,2500,0,0,789,3589,0,0,0,0,0,0,0,0,1659,-1665,0,0,166
1890.31,0,0,0,0,100,1851,1.5484,0.0161631,1.55148,42,0,28,29,28,0,-2,0,0,0,54,3594,4024,772,159,35,570,33624,31790,110,2,64,98,2.77457e+06,0,0,0,0,1,2500,0,0,789,3589,0,0,0,0,0,0,0,0,1659,-1665,0,0,166
1890.32,0,0,0,0,99,1853,1.54822,0.0161443,1.55162,42,0,28,29,28,0,-2,0,0,0,54,3594,4024,772,159,35,570,33624,31790,110,2,64,98,2.77457e+06,0,0,0,0,1,0,2500,0,800,3617,0,0,0,0,0,0,0,0,1659,-1682,0,0,166
1890.33,0,0,0,0,99,1853,1.54805,0.0161255,1.55177,42,0,28,29,28,0,-2,0,0,0,54,3584,4024,775,159,35,570,33624,31790,110,2,64,98,2.7776e+06,0,0,0,0,1,0,0,2500,793,3619,0,0,0,0,0,0,0,0,1659,-1535,0,0,166
1890.34,0,0,0,0,100,1851,1.54787,0.0161067,1.55191,42,0,28,29,28,0,-2,0,0,0,54,3584,4024,782,159,35,570,33624,31790,110,2,64,98,2.80269e+06,0,0,0,0,1,2348,0,156,812,3604,0,0,0,0,0,0,0,0,1659,-1643,0,0,166
1890.35,0,0,0,0,100,1852,1.54769,0.0160879,1.55206,42,0,28,29,28,0,-2,0,0,0,54,3584,4024,777,159,35,570,33624,31790,110,2,64,98,2.78477e+06,0,0,0,0,1,607,2134,0,796,3598,0,0,0,0,0,0,0,0,1659,-1684,0,0,166
1890.36,0,0,0,0,99,1859,1.54752,0.0160691,1.55221,42,0,28,29,28,0,-2,0,0,0,54,3584,4024,777,159,35,570,33624,31790,110,2,64,98,2.78477e+06,0,0,0,0,1,0,1251,1590,800,3619,0,0,0,0,0,0,0,0,1659,-1614,0,0,166
1890.37,0,0,0,0,100,1859,1.54734,0.0160503,1.55235,42,0,28,29,28,0,-2,0,0,0,54,3584,4026,764,159,35,570,33624,31790,110,2,64,98,2.73818e+06,0,0,0,0,1,0,1251,1590,800,3619,0,0,0,0,0,0,0,0,1659,-1614,0,0,166
1890.38,0,0,0,0,99,1864,1.54716,0.0160315,1.5525,42,0,28,29,28,0,-2,0,0,0,54,3590,4026,771,159,35,570,33624,31790,110,2,64,98,2.76789e+06,0,0,0,0,1,36,0,2318,808,3604,0,0,0,0,0,0,0,0,1659,-1673,0,0,166
1890.39,0,0,0,0,99,1862,1.54698,0.0160127,1.55264,42,0,28,29,28,0,-2,0,0,0,54,3590,4026,791,159,35,570,33624,31790,110,2,64,98,2.83969e+06,0,0,0,0,1,2500,0,0,804,3576,0,0,0,0,0,0,0,0,1659,-1703,0,0,166
1890.4,0,0,0,0,99,1870,1.54681,0.0159939,1.55279,42,0,28,29,29,0,-2,0,0,0,54,3590,4026,791,159,35,570,33613,32078,109,2,68,98,2.83969e+06,0,0,0,0,1,0,2500,0,791,3622,0,0,0,0,0,0,0,0,1659,-1519,0,0,166
1890.41,0,0,0,0,99,1876,1.54696,0.0159871,1.55309,42,0,28,29,29,0,-2,0,0,0,54,3591,4026,772,159,35,570,33613,32078,109,2,68,98,2.77225e+06,0,0,0,0,1,0,839,2000,813,3593,0,0,0,0,0,0,0,0,1659,-1710,0,0,166
1890.42,0,0,0,0,100,1873,1.54712,0.0159804,1.55339,42,0,28,29,29,0,-2,0,0,0,54,3591,4026,768,159,35,570,33613,32078,109,2,68,98,2.75789e+06,0,0,0,0,1,312,0,2172,819,3596,0,0,0,0,0,0,0,0,1659,-1587,0,0,166
1890.43,0,0,0,0,99,1873,1.54728,0.0159736,1.55368,42,0,28,29,29,0,-2,0,0,0,54,3580,4026,780,159,35,570,33613,32078,109,2,68,98,2.7924e+06,0,0,0,0,1,312,0,2172,819,3596,0,0,0,0,0,0,0,0,1659,-1587,0,0,166
1890.44,0,0,0,0,100,1868,1.54743,0.0159668,1.55398,42,0,28,29,29,0,-2,0,0,0,54,3580,4026,780,159,35,570,33613,32078,109,2,68,98,2.7924e+06,0,0,0,0,1,2500,0,0,819,3574,0,0,0,0,0,0,0,0,1659,-1727,0,0,166
1890.45,0,0,0,0,100,1867,1.54759,0.01596,1.55428,42,0,28,29,29,0,-2,0,0,0,54,3580,4026,783,159,35,570,33613,32078,109,2,68,98,2.80314e+06,0,0,0,0,1,0,2500,0,802,3613,0,0,0,0,0,0,0,0,1659,-1624,0,0,166
1890.46,0,0,0,0,99,1874,1.54775,0.0159533,1.55458,42,0,28,29,29,0,-2,0,0,0,54,3589,4026,794,158,35,570,33613,32078,109,2,68,98,2.84967e+06,0,0,0,0,1,0,458,2172,804,3587,0,0,0,0,0,0,0,0,1659,-1656,0,0,166
1890.47,0,0,0,0,100,1884,1.5479,0.0159465,1.55488,42,0,28,29,29,0,-2,0,0,0,54,3589,4026,788,158,35,570,33613,32078,109,2,68,98,2.82813e+06,0,0,0,0,1,10,0,2275,807,3600,0,0,0,0,0,0,0,0,1659,-1647,0,0,166
1890.48,0,0,0,0,100,1887,1.54806,0.0159397,1.55518,42,0,28,29,29,0,-2,0,0,0,54,3589,4026,788,158,35,570,33613,32078,109,2,68,98,2.82813e+06,0,0,0,0,1,2500,0,0,812,3587,0,0,0,0,0,0,0,0,1659,-1666,0,0,166
1890.49,0,0,0,0,99,1887,1.54822,0.0159329,1.55548,42,0,28,29,29,0,-2,0,0,0,54,3584,4026,782,158,35,570,33613,32078,109,2,68,98,2.80269e+06,0,0,0,0,1,2500,0,0,812,3587,0,0,0,0,0,0,0,0,1659,-1666,0,0,166
1890.5,0,0,0,0,99,1893,1.54837,0.0159262,1.55578,42,0,28,29,28,0,-2,0,0,0,54,3581,4026,798,158,35,570,33536,31959,108,2,68,98,2.85764e+06,0,0,0,0,1,300,2291,0,815,3587,0,0,0,0,0,0,0,0,1659,-1657,0,0,166
1890.51,0,0,0,0,100,1891,1.54819,0.0159346,1.55551,42,0,28,29,28,0,-2,0,0,0,54,3581,4026,799,158,35,570,33536,31959,108,2,68,98,2.86122e+06,0,0,0,0,1,0,2091,462,821,3606,0,0,0,0,0,0,0,0,1659,-1574,0,0,166
1890.52,0,0,0,0,99,1890,1.548,0.015943,1.55525,42,0,28,29,28,0,-2,0,0,0,54,3581,4026,799,158,35,570,33536,31959,108,2,68,98,2.86122e+06,0,0,0,0,1,0,0,2500,817,3604,0,0,0,0,0,0,0,0,1659,-1712,0,0,166
1890.53,0,0,0,0,99,1896,1.54782,0.0159514,1.55498,42,0,28,29,28,0,-2,0,0,0,54,3581,4026,791,158,35,570,33536,31959,108,2,68,98,2.83257e+06,0,0,0,0,1,2175,0,566,823,3611,0,0,0,0,0,0,0,0,1659,-1713,0,0,166
1890.54,0,0,0,0,100,1894,1.54763,0.0159598,1.55472,42,0,28,29,28,0,-2,0,0,0,54,3585,4026,789,158,35,570,33536,31959,108,2,68,98,2.82856e+06,0,0,0,0,1,2500,0,0,831,3570,0,0,0,0,0,0,0,0,1659,-1662,0,0,166
1890.55,0,0,0,0,100,1894,1.54745,0.0159682,1.55445,42,0,28,29,28,0,-2,0,0,0,54,3585,4026,780,158,35,570,33536,31959,108,2,68,98,2.7963e+06,0,0,0,0,1,2500,0,0,831,3570,0,0,0,0,0,0,0,0,1659,-1662,0,0,166
1890.56,0,0,0,0,99,1893,1.54727,0.0159766,1.55419,42,0,28,29,28,0,-2,0,0,0,54,3585,4026,780,158,35,570,33536,31959,108,2,68,98,2.7963e+06,0,0,0,0,1,0,2500,0,805,3613,0,0,0,0,0,0,0,0,1659,-1551,0,0,166
1890.57,0,0,0,0,99,1900,1.54708,0.015985,1.55392,42,0,28,29,28,0,-2,0,0,0,54,3578,4026,810,158,35,570,33536,31959,108,2,68,98,2.89818e+06,0,0,0,0,1,0,1160,1675,815,3596,0,0,0,0,0,0,0,0,1659,-1679,0,0,166
1890.58,0,0,0,0,99,1907,1.5469,0.0159934,1.55366,42,0,28,29,28,0,-2,0,0,0,54,3578,4026,796,158,35,570,33536,31959,108,2,68,98,2.84809e+06,0,0,0,0,1,0,0,2500,827,3585,0,0,0,0,0,0,0,0,1659,-1728,0,0,166
1890.59,0,0,0,0,100,1911,1.54671,0.0160019,1.55339,42,0,28,29,28,0,-2,0,0,0,54,3576,4026,802,158,35,570,33536,31959,108,2,68,98,2.86795e+06,0,0,0,0,1,2083,0,687,832,3604,0,0,0,0,0,0,0,0,1659,-1731,0,0,166
1890.6,0,0,0,0,99,1903,1.54653,0.0160103,1.55313,42,0,28,29,29,0,-2,0,0,0,55,3576,4026,802,158,35,570,33537,31829,109,2,87,98,2.86795e+06,0,0,0,0,1,2500,0,0,829,3567,0,0,0,0,0,0,0,0,1659,-1694,0,0,166
1890.61,0,0,0,0,99,1903,1.54653,0.0160226,1.55313,42,0,28,29,29,0,-2,0,0,0,55,3579,4029,789,158,35,570,33537,31829,109,2,87,98,2.82383e+06,0,0,0,0,1,2500,0,0,829,3567,0,0,0,0,0,0,0,0,1659,-1694,0,0,166
1890.62,0,0,0,0,99,1901,1.54652,0.0160349,1.55314,42,0,28,29,29,0,-2,0,0,0,55,3579,4029,788,158,35,570,33537,31829,109,2,87,98,2.82025e+06,0,0,0,0,1,0,2341,0,812,3587,0,0,0,0,0,0,0,0,1659,-1574,0,0,166
1890.63,0,0,0,0,100,1909,1.54652,0.0160472,1.55315,42,0,28,29,29,0,-2,0,0,0,55,3579,4029,803,158,35,570,33537,31829,109,2,87,98,2.87394e+06,0,0,0,0,1,0,2148,312,815,3604,0,0,0,0,0,0,0,0,1659,-1546,0,0,166
1890.64,0,0,0,0,99,1916,1.54652,0.0160595,1.55315,42,0,28,29,29,0,-2,0,0,0,55,3579,4029,803,158,35,570,33537,31829,109,2,87,98,2.87394e+06,0,0,0,0,1,0,0,2468,824,3604,0,0,0,0,0,0,0,0,1659,-1538,0,0,166
1890.65,0,0,0,0,99,1924,1.54652,0.0160719,1.55316,42,0,28,29,29,0,-2,0,0,0,55,3583,4029,810,158,35,570,33537,31829,109,2,87,98,2.90223e+06,0,0,0,0,1,0,0,2337,830,3576,0,0,0,0,0,0,0,0,1659,-1578,0,0,166
1890.66,0,0,0,0,99,1925,1.54652,0.0160842,1.55316,42,0,28,29,29,0,-2,0,0,0,55,3568,4029,797,158,35,570,33537,31829,109,2,87,98,2.8437e+06,0,0,0,0,1,2331,0,256,844,3589,0,0,0,0,0,0,0,0,1659,-1686,0,0,166
1890.67,0,0,0,0,99,1925,1.54652,0.0160965,1.55317,42,0,28,29,29,0,-2,0,0,0,55,3568,4029,799,159,35,570,33537,31829,109,2,87,98,2.85083e+06,0,0,0,0,1,2331,0,256,844,3589,0,0,0,0,0,0,0,0,1659,-1686,0,0,166
1890.68,0,0,0,0,100,1919,1.54651,0.0161088,1.55318,42,0,28,29,29,0,-2,0,0,0,55,3568,4029,799,159,35,570,33537,31829,109,2,87,98,2.85083e+06,0,0,0,0,1,2500,0,0,836,3557,0,0,0,0,0,0,0,0,1659,-1670,0,0,166
1890.69,0,0,0,0,100,1922,1.54651,0.0161211,1.55318,42,0,28,29,29,0,-2,0,0,0,55,3568,4030,815,159,35,570,33537,31829,109,2,87,98,2.90792e+06,0,0,0,0,1,511,2197,0,829,3572,0,0,0,0,0,0,0,0,1659,-1683,0,0,166
1890.7,0,0,0,0,100,1924,1.54651,0.0161335,1.55319,42,0,28,29,29,0,-2,0,0,0,55,3581,4030,808,159,35,570,33528,31956,110,2,68,98,2.89345e+06,0,0,0,0,1,0,2500,0,833,3585,0,0,0,0,0,0,0,0,1659,-1685,0,0,166
1890.71,0,0,0,0,99,1925,1.54686,0.0161193,1.55336,42,0,28,29,29,0,-2,0,0,0,55,3581,4030,804,159,35,570,33528,31956,110,2,68,98,2.87912e+06,0,0,0,0,1,0,896,1927,836,3587,0,0,0,0,0,0,0,0,1659,-1715,0,0,166
1890.72,0,0,0,0,99,1931,1.54721,0.0161052,1.55353,42,0,28,29,29,0,-2,0,0,0,55,3581,4030,804,159,35,570,33528,31956,110,2,68,98,2.87912e+06,0,0,0,0,1,0,0,2500,832,3598,0,0,0,0,0,0,0,0,1659,-1585,0,0,166
1890.73,0,0,0,0,99,1931,1.54756,0.016091,1.55369,42,0,28,29,29,0,-2,0,0,0,55,3573,4030,808,159,35,570,33528,31956,110,2,68,98,2.88698e+06,0,0,0,0,1,0,0,2500,832,3598,0,0,0,0,0,0,0,0,1659,-1585,0,0,166
1890.74,0,0,0,0,99,1937,1.54791,0.0160768,1.55386,42,0,28,29,29,0,-2,0,0,0,55,3573,4030,819,159,35,570,33528,31956,110,2,68,98,2.92629e+06,0,0,0,0,1,645,0,1906,829,3591,0,0,0,0,0,0,0,0,1659,-1592,0,0,166
1890.75,0,0,0,0,99,1949,1.54826,0.0160627,1.55403,42,0,28,29,29,0,-2,0,0,0,55,3573,4030,822,159,35,570,33528,31956,110,2,68,98,2.93701e+06,0,0,0,0,1,2247,0,385,843,3593,0,0,0,0,0,0,0,0,1659,-1690,0,0,166
1890.76,0,0,0,0,99,1946,1.54861,0.0160485,1.5542,42,0,28,29,29,0,-2,0,0,0,55,3573,4030,822,159,35,570,33528,31956,110,2,68,98,2.93701e+06,0,0,0,0,1,2500,0,0,853,3578,0,0,0,0,0,0,0,0,1659,-1733,0,0,166
1890.77,0,0,0,0,100,1939,1.54895,0.0160344,1.55436,42,0,28,29,29,0,-2,0,0,0,55,3567,4030,797,159,35,570,33528,31956,110,2,68,98,2.8429e+06,0,0,0,0,1,2019,503,0,829,3587,0,0,0,0,0,0,0,0,1659,-1558,0,0,166
1890.78,0,0,0,0,99,1942,1.5493,0.0160202,1.55453,42,0,28,29,29,0,-2,0,0,0,55,3567,4030,807,159,35,570,33528,31956,110,2,68,98,2.87857e+06,0,0,0,0,1,282,2259,0,832,3578,0,0,0,0,0,0,0,0,1659,-1628,0,0,166
1890.79,0,0,0,0,99,1942,1.54965,0.0160061,1.5547,42,0,28,29,29,0,-2,0,0,0,55,3567,4030,807,159,35,570,33528,31956,110,2,68,98,2.87857e+06,0,0,0,0,1,282,2259,0,832,3578,0,0,0,0,0,0,0,0,1659,-1628,0,0,166
1890.8,0,0,0,0,99,1945,1.55,0.0159919,1.55487,42,0,28,29,28,0,-2,0,0,0,54,3567,4030,807,159,35,570,33428,31542,110,2,64,98,2.87857e+06,0,0,0,0,1,0,2500,0,833,3596,0,0,0,0,0,0,0,0,1659,-1675,0,0,166
1890.81,0,0,0,0,100,1956,1.55008,0.0160031,1.55503,42,0,28,29,28,0,-2,0,0,0,54,3567,4030,821,159,35,570,33428,31542,110,2,64,98,2.92851e+06,0,0,0,0,1,0,2238,164,836,3593,0,0,0,0,0,0,0,0,1659,-1553,0,0,166
1890.82,0,0,0,0,99,1960,1.55015,0.0160144,1.55519,42,0,28,29,28,0,-2,0,0,0,54,3567,4030,821,159,35,570,33428,31542,110,2,64,98,2.92851e+06,0,0,0,0,1,0,979,1892,852,3576,0,0,0,0,0,0,0,0,1659,-1721,0,0,166
1890.83,0,0,0,0,99,1957,1.55023,0.0160256,1.55535,42,0,28,29,28,0,-2,0,0,0,54,3567,4030,821,159,35,570,33428,31542,110,2,64,98,2.92851e+06,0,0,0,0,1,0,0,2408,848,3585,0,0,0,0,0,0,0,0,1659,-1555,0,0,166
1890.84,0,0,0,0,99,1958,1.55031,0.0160368,1.55551,42,0,28,29,28,0,-2,0,0,0,54,3567,4030,821,159,35,570,33428,31542,110,2,64,98,2.92851e+06,0,0,0,0,1,0,0,2500,847,3576,0,0,0,0,0,0,0,0,1659,-1710,0,0,166
1890.85,0,0,0,0,99,1958,1.55038,0.016048,1.55567,42,0,28,29,28,0,-2,0,0,0,54,3567,4030,822,159,35,570,33428,31542,110,2,64,98,2.93207e+06,0,0,0,0,1,0,0,2500,847,3576,0,0,0,0,0,0,0,0,1659,-1710,0,0,166
1890.86,0,0,0,0,99,1960,1.55046,0.0160592,1.55583,42,0,28,29,28,0,-2,0,0,0,54,3567,4030,831,159,35,570,33428,31542,110,2,64,98,2.96418e+06,0,0,0,0,1,13,0,2322,845,3587,0,0,0,0,0,0,0,0,1659,-1587,0,0,166
1890.87,0,0,0,0,100,1966,1.55054,0.0160704,1.55599,42,0,28,29,28,0,-2,0,0,0,54,3567,4030,808,159,35,570,33428,31542,110,2,64,98,2.88214e+06,0,0,0,0,1,1675,0,1234,848,3615,0,0,0,0,0,0,0,0,1659,-1718,0,0,166
1890.88,0,0,0,0,100,1965,1.55061,0.0160816,1.55615,42,0,28,29,28,0,-2,0,0,0,54,3567,4030,808,159,35,570,33428,31542,110,2,64,98,2.88214e+06,0,0,0,0,1,2294,0,339,855,3591,0,0,0,0,0,0,0,0,1659,-1721,0,0,166
1890.89,0,0,0,0,99,1967,1.55069,0.0160929,1.55631,42,0,28,29,28,0,-2,0,0,0,54,3568,4030,827,159,35,570,33428,31542,110,2,64,98,2.95074e+06,0,0,0,0,1,2500,0,0,842,3593,0,0,0,0,0,0,0,0,1659,-1559,0,0,166
1890.9,0,0,0,0,99,1978,1.55076,0.0161041,1.55647,42,0,28,29,29,0,-2,0,0,0,54,3568,4036,830,159,35,570,33438,31799,110,2,68,98,2.96144e+06,0,0,0,0,1,2500,0,0,848,3574,0,0,0,0,0,0,0,0,1659,-1635,0,0,166
1890.91,0,0,0,0,100,1978,1.55052,0.0160953,1.55605,42,0,28,29,29,0,-2,0,0,0,54,3568,4036,837,159,35,570,33438,31799,110,2,68,98,2.98642e+06,0,0,0,0,1,2500,0,0,848,3574,0,0,0,0,0,0,0,0,1659,-1635,0,0,166
1890.92,0,0,0,0,99,1977,1.55027,0.0160865,1.55563,42,0,28,29,29,0,-2,0,0,0,54,3568,4036,837,159,35,570,33438,31799,110,2,68,98,2.98642e+06,0,0,0,0,1,2500,0,0,862,3550,0,0,0,0,0,0,0,0,1659,-1720,0,0,166
1890.93,0,0,0,0,99,1970,1.55002,0.0160778,1.55521,42,0,28,29,29,0,-2,0,0,0,54,3565,4036,819,159,35,570,33438,31799,110,2,68,98,2.91974e+06,0,0,0,0,1,2290,0,0,854,3559,0,0,0,0,0,0,0,0,1659,-1639,0,0,166
1890.94,0,0,0,0,100,1969,1.54977,0.016069,1.55479,42,0,28,29,29,0,-2,0,0,0,54,3560,4036,816,159,35,570,33438,31799,110,2,68,98,2.90496e+06,0,0,0,0,1,1741,1023,0,848,3587,0,0,0,0,0,0,0,0,1659,-1635,0,0,166
1890.95,0,0,0,0,99,1969,1.54952,0.0160602,1.55437,42,0,28,29,29,0,-2,0,0,0,54,3560,4036,820,159,35,570,33438,31799,110,2,68,98,2.9192e+06,0,0,0,0,1,728,2039,0,844,3576,0,0,0,0,0,0,0,0,1659,-1676,0,0,166
1890.96,0,0,0,0,99,1978,1.54927,0.0160515,1.55395,42,0,28,29,29,0,-2,0,0,0,54,3560,4036,820,159,35,570,33438,31799,110,2,68,98,2.9192e+06,0,0,0,0,1,188,2282,0,847,3570,0,0,0,0,0,0,0,0,1659,-1606,0,0,166
1890.97,0,0,0,0,99,1978,1.54902,0.0160427,1.55354,42,0,28,29,29,0,-2,0,0,0,54,3567,4036,832,159,35,570,33438,31799,110,2,68,98,2.96774e+06,0,0,0,0,1,188,2282,0,847,3570,0,0,0,0,0,0,0,0,1659,-1606,0,0,166
1890.98,0,0,0,0,100,1985,1.54877,0.0160339,1.55312,42,0,28,29,29,0,-2,0,0,0,54,3567,4034,842,159,35,570,33438,31799,110,2,68,98,3.00341e+06,0,0,0,0,1,169,2298,0,858,3572,0,0,0,0,0,0,0,0,1659,-1609,0,0,166
1890.99,0,0,0,0,99,1992,1.54852,0.0160252,1.5527,42,0,28,29,29,0,-2,0,0,0,54,3567,4034,833,159,35,570,33438,31799,110,2,68,98,2.97131e+06,0,0,0,0,1,0,2500,0,855,3585,0,0,0,0,0,0,0,0,1659,-1575,0,0,166
1891,0,0,0,0,99,1991,1.54827,0.0160164,1.55228,42,0,28,29,29,0,-2,0,0,0,55,3567,4034,833,159,35,570,33449,31597,109,2,65,98,2.97131e+06,0,0,0,0,1,0,2500,0,862,3591,0,0,0,0,0,0,0,0,1659,-1625,0,0,166
1891.01,0,0,0,0,100,1987,1.54798,0.0160121,1.55204,42,0,28,29,29,0,-2,0,0,0,55,3564,4034,830,159,35,570,33449,31597,109,2,65,98,2.95812e+06,0,0,0,0,1,0,2500,0,854,3585,0,0,0,0,0,0,0,0,1659,-1657,0,0,166
1891.02,0,0,0,0,99,1992,1.54769,0.0160077,1.55181,42,0,28,29,29,0,-2,0,0,0,55,3564,4034,833,159,35,570,33449,31597,109,2,65,98,2.96881e+06,0,0,0,0,1,0,2500,0,862,3581,0,0,0,0,0,0,0,0,1659,-1718,0,0,166
1891.03,0,0,0,0,99,1992,1.54741,0.0160034,1.55157,42,0,28,29,29,0,-2,0,0,0,55,3557,4034,822,159,35,570,33449,31597,109,2,65,98,2.92385e+06,0,0,0,0,1,0,2500,0,862,3581,0,0,0,0,0,0,0,0,1659,-1718,0,0,166
1891.04,0,0,0,0,99,1987,1.54712,0.0159991,1.55134,42,0,28,29,29,0,-2,0,0,0,55,3557,4034,822,159,35,570,33449,31597,109,2,65,98,2.92385e+06,0,0,0,0,1,0,2500,0,869,3567,0,0,0,0,0,0,0,0,1659,-1704,0,0,166
1891.05,0,0,0,0,100,1992,1.54683,0.0159947,1.55111,42,0,28,29,29,0,-2,0,0,0,55,3559,4034,832,159,35,570,33449,31597,109,2,65,98,2.96109e+06,0,0,0,0,1,0,2500,0,855,3572,0,0,0,0,0,0,0,0,1659,-1649,0,0,166
1891.06,0,0,0,0,100,2003,1.54654,0.0159904,1.55087,42,0,28,29,29,0,-2,0,0,0,55,3559,4034,842,159,35,570,33449,31597,109,2,65,98,2.99668e+06,0,0,0,0,1,0,2500,0,862,3572,0,0,0,0,0,0,0,0,1659,-1674,0,0,166
1891.07,0,0,0,0,99,2007,1.54625,0.0159861,1.55064,42,0,28,29,29,0,-2,0,0,0,55,3559,4034,852,159,35,570,33449,31597,109,2,65,98,3.03227e+06,0,0,0,0,1,0,2500,0,874,3570,0,0,0,0,0,0,0,0,1659,-1692,0,0,166
1891.08,0,0,0,0,99,2005,1.54596,0.0159817,1.5504,42,0,28,29,29,0,-2,0,0,0,55,3559,4034,852,158,35,570,33449,31597,109,2,65,98,3.03227e+06,0,0,0,0,1,0,2500,0,875,3576,0,0,0,0,0,0,0,0,1659,-1707,0,0,166
1891.09,0,0,0,0,99,2005,1.54567,0.0159774,1.55017,42,0,28,29,29,0,-2,0,0,0,55,3564,4035,833,158,35,570,33449,31597,109,2,65,98,2.96881e+06,0,0,0,0,1,0,2500,0,875,3576,0,0,0,0,0,0,0,0,1659,-1707,0,0,166
1891.1,0,0,0,0,100,1999,1.54538,0.015973,1.54993,42,0,28,29,29,0,-2,0,0,0,55,3564,4035,840,158,35,570,33367,31362,109,2,64,98,2.99376e+06,0,0,0,0,1,0,2500,0,868,3574,0,0,0,0,0,0,0,0,1659,-1686,0,0,166
1891.11,0,0,0,0,99,2004,1.54513,0.0159734,1.54996,42,0,28,29,29,0,-2,0,0,0,55,3564,4035,832,158,35,570,33367,31362,109,2,64,98,2.96525e+06,0,0,0,0,1,0,2500,0,853,3578,0,0,0,0,0,0,0,0,1659,-1671,0,0,166
1891.12,0,0,0,0,100,2014,1.54488,0.0159737,1.54998,42,0,28,29,29,0,-2,0,0,0,55,3564,4035,832,158,35,570,33367,31362,109,2,64,98,2.96525e+06,0,0,0,0,1,0,2500,0,862,3589,0,0,0,0,0,0,0,0,1659,-1680,0,0,166
1891.13,0,0,0,0,100,2022,1.54462,0.015974,1.55,42,0,28,29,29,0,-2,0,0,0,55,3555,4035,851,158,35,570,33367,31362,109,2,64,98,3.0253e+06,0,0,0,0,1,0,2500,0,868,3572,0,0,0,0,0,0,0,0,1659,-1559,0,0,166
1891.14,0,0,0,0,99,2027,1.54437,0.0159743,1.55002,42,0,28,29,29,0,-2,0,0,0,55,3555,4035,851,158,35,570,33367,31362,109,2,64,98,3.0253e+06,0,0,0,0,1,288,2333,0,880,3559,0,0,0,0,0,0,0,0,1659,-1681,0,0,166
1891.15,0,0,0,0,100,2027,1.54412,0.0159746,1.55004,42,0,28,29,29,0,-2,0,0,0,55,3555,4035,847,158,35,570,33367,31362,109,2,64,98,3.01108e+06,0,0,0,0,1,288,2333,0,880,3559,0,0,0,0,0,0,0,0,1659,-1681,0,0,166
1891.16,0,0,0,0,100,2021,1.54387,0.0159749,1.55007,42,0,28,29,29,0,-2,0,0,0,55,3555,4035,847,158,35,570,33367,31362,109,2,64,98,3.01108e+06,0,0,0,0,1,880,1976,0,881,3563,0,0,0,0,0,0,0,0,1659,-1708,0,0,166
1891.17,0,0,0,0,99,2019,1.54362,0.0159752,1.55009,42,0,28,29,29,0,-2,0,0,0,55,3550,4035,842,158,35,570,33367,31362,109,2,64,98,2.9891e+06,0,0,0,0,1,1427,1445,0,864,3572,0,0,0,0,0,0,0,0,1659,-1675,0,0,166
1891.18,0,0,0,0,100,2024,1.54337,0.0159756,1.55011,42,0,28,29,29,0,-2,0,0,0,55,3550,4035,854,158,35,570,33367,31362,109,2,64,98,3.0317e+06,0,0,0,0,1,2253,128,0,865,3559,0,0,0,0,0,0,0,0,1659,-1558,0,0,166
1891.19,0,0,0,0,99,2023,1.54311,0.0159759,1.55013,42,0,28,29,29,0,-2,0,0,0,55,3550,4035,857,159,35,570,33367,31362,109,2,64,98,3.04235e+06,0,0,0,0,1,2500,0,0,880,3541,0,0,0,0,0,0,0,0,1659,-1717,0,0,166
1891.2,0,0,0,0,99,2030,1.54286,0.0159762,1.55015,42,0,28,29,28,0,-2,0,0,0,55,3550,4035,857,159,35,570,33266,31325,110,2,64,98,3.04235e+06,0,0,0,0,1,2500,0,0,869,3574,0,0,0,0,0,0,0,0,1659,-1674,0,0,166
1891.21,0,0,0,0,100,2030,1.54339,0.015971,1.55035,42,0,28,29,28,0,-2,0,0,0,55,3561,4035,846,159,35,570,33266,31325,110,2,64,98,3.01261e+06,0,0,0,0,1,2500,0,0,869,3574,0,0,0,0,0,0,0,0,1659,-1674,0,0,166
1891.22,0,0,0,0,99,2039,1.54392,0.0159659,1.55054,42,0,28,29,28,0,-2,0,0,0,55,3561,4035,862,159,35,570,33266,31325,110,2,64,98,3.06958e+06,0,0,0,0,1,2329,0,123,876,3576,0,0,0,0,0,0,0,0,1659,-1617,0,0,166
1891.23,0,0,0,0,99,2048,1.54445,0.0159607,1.55074,42,0,28,29,28,0,-2,0,0,0,55,3561,4035,865,159,35,570,33266,31325,110,2,64,98,3.08026e+06,0,0,0,0,1,655,0,1945,885,3567,0,0,0,0,0,0,0,0,1659,-1615,0,0,166
1891.24,0,0,0,0,99,2044,1.54498,0.0159555,1.55093,42,0,28,29,28,0,-2,0,0,0,55,3561,4035,865,159,35,570,33266,31325,110,2,64,98,3.08026e+06,0,0,0,0,1,0,0,2500,903,3540,0,0,0,0,0,0,0,0,1659,-1728,0,0,166
1891.25,0,0,0,0,100,2036,1.54551,0.0159503,1.55112,42,0,28,29,28,0,-2,0,0,0,55,3554,4035,857,159,35,570,33266,31325,110,2,64,98,3.04578e+06,0,0,0,0,1,0,0,2500,880,3570,0,0,0,0,0,0,0,0,1659,-1654,0,0,166
1891.26,0,0,0,0,99,2039,1.54604,0.0159452,1.55132,42,0,28,29,28,0,-2,0,0,0,55,3547,4035,847,159,35,570,33266,31325,110,2,64,98,3.00431e+06,0,0,0,0,1,0,302,2266,876,3557,0,0,0,0,0,0,0,0,1659,-1646,0,0,166
1891.27,0,0,0,0,100,2039,1.54657,0.01594,1.55151,42,0,28,29,28,0,-2,0,0,0,55,3547,4035,847,159,35,570,33266,31325,110,2,64,98,3.00431e+06,0,0,0,0,1,0,302,2266,876,3557,0,0,0,0,0,0,0,0,1659,-1646,0,0,166
1891.28,0,0,0,0,100,2043,1.5471,0.0159348,1.55171,42,0,28,29,28,0,-2,0,0,0,55,3547,4035,847,159,35,570,33266,31325,110,2,64,98,3.00431e+06,0,0,0,0,1,0,1435,1371,869,3578,0,0,0,0,0,0,0,0,1659,-1634,0,0,166
1891.29,0,0,0,0,99,2055,1.54763,0.0159297,1.5519,42,0,28,29,28,0,-2,0,0,0,55,3553,4035,860,159,35,570,33266,31325,110,2,64,98,3.05558e+06,0,0,0,0,1,0,2500,0,878,3557,0,0,0,0,0,0,0,0,1659,-1683,0,0,166
1891.3,0,0,0,0,100,2060,1.54816,0.0159245,1.5521,42,0,28,29,28,0,-2,0,0,0,54,3553,4033,862,159,35,570,33318,31580,109,2,87,98,3.06269e+06,0,0,0,0,1,62,2356,0,892,3559,0,0,0,0,0,0,0,0,1659,-1608,0,0,166
1891.31,0,0,0,0,99,2057,1.54826,0.0159394,1.55211,42,0,28,29,28,0,-2,0,0,0,54,3548,4033,869,159,35,570,33318,31580,109,2,87,98,3.08321e+06,0,0,0,0,1,1634,1195,0,885,3570,0,0,0,0,0,0,0,0,1659,-1660,0,0,166
1891.32,0,0,0,0,99,2058,1.54837,0.0159543,1.55212,42,0,28,29,28,0,-2,0,0,0,54,3548,4033,869,159,35,570,33318,31580,109,2,87,98,3.08321e+06,0,0,0,0,1,2500,0,0,888,3546,0,0,0,0,0,0,0,0,1659,-1720,0,0,166
1891.33,0,0,0,0,99,2058,1.54847,0.0159692,1.55213,42,0,28,29,28,0,-2,0,0,0,54,3551,4033,855,159,35,570,33318,31580,109,2,87,98,3.0361e+06,0,0,0,0,1,2500,0,0,888,3546,0,0,0,0,0,0,0,0,1659,-1720,0,0,166
1891.34,0,0,0,0,100,2059,1.54857,0.0159841,1.55214,42,0,28,29,28,0,-2,0,0,0,54,3551,4033,865,159,35,570,33318,31580,109,2,87,98,3.07162e+06,0,0,0,0,1,2245,0,238,884,3570,0,0,0,0,0,0,0,0,1659,-1611,0,0,166
1891.35,0,0,0,0,100,2060,1.54868,0.015999,1.55215,42,0,28,29,28,0,-2,0,0,0,54,3548,4033,863,159,35,570,33318,31580,109,2,87,98,3.06192e+06,0,0,0,0,1,589,0,1974,892,3555,0,0,0,0,0,0,0,0,1659,-1608,0,0,166
1891.36,0,0,0,0,99,2063,1.54878,0.0160139,1.55216,42,0,28,29,28,0,-2,0,0,0,54,3548,4033,863,159,35,570,33318,31580,109,2,87,98,3.06192e+06,0,0,0,0,1,0,0,2500,891,3565,0,0,0,0,0,0,0,0,1659,-1696,0,0,166
1891.37,0,0,0,0,99,2072,1.54889,0.0160288,1.55218,42,0,28,29,28,0,-2,0,0,0,54,3544,4033,859,159,35,570,33318,31580,109,2,87,98,3.0443e+06,0,0,0,0,1,0,888,1908,889,3550,0,0,0,0,0,0,0,0,1659,-1687,0,0,166
1891.38,0,0,0,0,99,2076,1.54899,0.0160437,1.55219,42,0,28,29,28,0,-2,0,0,0,54,3544,4034,871,159,35,570,33318,31580,109,2,87,98,3.08682e+06,0,0,0,0,1,0,2500,0,906,3561,0,0,0,0,0,0,0,0,1659,-1710,0,0,166
1891.39,0,0,0,0,99,2076,1.5491,0.0160586,1.5522,42,0,28,29,28,0,-2,0,0,0,54,3544,4034,869,159,35,570,33318,31580,109,2,87,98,3.07974e+06,0,0,0,0,1,0,2500,0,906,3561,0,0,0,0,0,0,0,0,1659,-1710,0,0,166
1891.4,0,0,0,0,99,2066,1.5492,0.0160735,1.55221,42,0,28,29,28,0,-2,0,0,0,55,3544,4034,869,157,35,570,33254,31258,109,2,87,98,3.07974e+06,0,0,0,0,1,317,2286,0,900,3546,0,0,0,0,0,0,0,0,1659,-1722,0,0,166
1891.41,0,0,0,0,100,2062,1.549,0.0160355,1.5522,42,0,28,29,28,0,-2,0,0,0,55,3544,4034,863,157,35,570,33254,31258,109,2,87,98,3.05847e+06,0,0,0,0,1,2231,241,0,888,3552,0,0,0,0,0,0,0,0,1659,-1656,0,0,166
1891.42,0,0,0,0,99,2063,1.5488,0.0159975,1.55219,42,0,28,29,28,0,-2,0,0,0,55,3544,4034,855,157,35,570,33254,31258,109,2,87,98,3.03012e+06,0,0,0,0,1,2500,0,0,883,3570,0,0,0,0,0,0,0,0,1659,-1584,0,0,166
1891.43,0,0,0,0,99,2074,1.5486,0.0159595,1.55218,42,0,28,29,28,0,-2,0,0,0,55,3544,4034,863,157,35,570,33254,31258,109,2,87,98,3.05847e+06,0,0,0,0,1,1815,0,1115,883,3585,0,0,0,0,0,0,0,0,1659,-1654,0,0,166
1891.44,0,0,0,0,100,2086,1.5484,0.0159215,1.55217,42,0,28,29,28,0,-2,0,0,0,55,3544,4034,863,157,35,570,33254,31258,109,2,87,98,3.05847e+06,0,0,0,0,1,0,0,2500,893,3583,0,0,0,0,0,0,0,0,1659,-1597,0,0,166
1891.45,0,0,0,0,100,2086,1.5482,0.0158835,1.55216,42,0,28,29,28,0,-2,0,0,0,55,3545,4034,869,157,35,570,33254,31258,109,2,87,98,3.0806e+06,0,0,0,0,1,0,0,2500,893,3583,0,0,0,0,0,0,0,0,1659,-1597,0,0,166
1891.46,0,0,0,0,99,2091,1.548,0.0158455,1.55215,42,0,28,29,28,0,-2,0,0,0,55,3545,4036,880,157,35,570,33254,31258,109,2,87,98,3.1196e+06,0,0,0,0,1,0,2060,439,900,3572,0,0,0,0,0,0,0,0,1659,-1559,0,0,166
1891.47,0,0,0,0,99,2089,1.5478,0.0158075,1.55214,42,0,28,29,28,0,-2,0,0,0,55,3545,4036,882,157,35,570,33254,31258,109,2,87,98,3.12669e+06,0,0,0,0,1,0,2374,0,902,3548,0,0,0,0,0,0,0,0,1659,-1563,0,0,166
1891.48,0,0,0,0,99,2084,1.54759,0.0157695,1.55213,42,0,28,29,28,0,-2,0,0,0,55,3545,4036,882,157,35,570,33254,31258,109,2,87,98,3.12669e+06,0,0,0,0,1,2500,0,0,902,3535,0,0,0,0,0,0,0,0,1659,-1652,0,0,166
1891.49,0,0,0,0,100,2085,1.54739,0.0157315,1.55212,42,0,28,29,28,0,-2,0,0,0,55,3548,4036,871,157,35,570,33254,31258,109,2,87,98,3.09031e+06,0,0,0,0,1,2362,0,0,893,3567,0,0,0,0,0,0,0,0,1659,-1570,0,0,166
1891.5,0,0,0,0,99,2083,1.54719,0.0156935,1.55211,42,0,28,29,29,0,-2,0,0,0,55,3548,4036,871,158,35,570,33293,31626,109,2,68,98,3.09031e+06,0,0,0,0,1,15,0,2293,897,3546,0,0,0,0,0,0,0,0,1659,-1593,0,0,166
1891.51,0,0,0,0,99,2083,1.54735,0.0157168,1.55233,42,0,28,29,29,0,-2,0,0,0,55,3541,4036,874,158,35,570,33293,31626,109,2,68,98,3.09483e+06,0,0,0,0,1,15,0,2293,897,3546,0,0,0,0,0,0,0,0,1659,-1593,0,0,166
1891.52,0,0,0,0,100,2092,1.5475,0.01574,1.55255,42,0,28,29,29,0,-2,0,0,0,55,3541,4036,874,158,35,570,33293,31626,109,2,68,98,3.09483e+06,0,0,0,0,1,0,120,2291,898,3546,0,0,0,0,0,0,0,0,1659,-1628,0,0,166
1891.53,0,0,0,0,100,2106,1.54765,0.0157633,1.55277,42,0,28,29,29,0,-2,0,0,0,55,3545,4036,877,158,35,570,33293,31626,109,2,68,98,3.10896e+06,0,0,0,0,1,0,2500,0,912,3540,0,0,0,0,0,0,0,0,1659,-1695,0,0,166
1891.54,0,0,0,0,100,2107,1.54781,0.0157865,1.55299,42,0,28,29,29,0,-2,0,0,0,55,3545,4036,893,158,35,570,33293,31626,109,2,68,98,3.16568e+06,0,0,0,0,1,1405,1573,0,914,3541,0,0,0,0,0,0,0,0,1659,-1739,0,0,166
1891.55,0,0,0,0,99,2101,1.54796,0.0158098,1.55321,42,0,28,29,29,0,-2,0,0,0,55,3537,4036,896,158,35,570,33293,31626,109,2,68,98,3.16915e+06,0,0,0,0,1,2500,0,0,913,3561,0,0,0,0,0,0,0,0,1659,-1612,0,0,166
1891.56,0,0,0,0,99,2097,1.54811,0.0158331,1.55343,42,0,28,29,29,0,-2,0,0,0,55,3537,4036,896,158,35,570,33293,31626,109,2,68,98,3.16915e+06,0,0,0,0,1,0,0,2416,908,3537,0,0,0,0,0,0,0,0,1659,-1601,0,0,166
1891.57,0,0,0,0,100,2097,1.54827,0.0158563,1.55365,42,0,28,29,29,0,-2,0,0,0,55,3531,4036,876,158,35,570,33293,31626,109,2,68,98,3.09316e+06,0,0,0,0,1,0,0,2416,908,3537,0,0,0,0,0,0,0,0,1659,-1601,0,0,166
1891.58,0,0,0,0,99,2103,1.54842,0.0158796,1.55387,42,0,28,29,29,0,-2,0,0,0,55,3531,4036,879,158,35,570,33293,31626,109,2,68,98,3.10375e+06,0,0,0,0,1,0,522,2146,900,3540,0,0,0,0,0,0,0,0,1659,-1670,0,0,166
1891.59,0,0,0,0,100,2114,1.54858,0.0159028,1.55409,42,0,28,29,29,0,-2,0,0,0,55,3540,4036,873,158,35,570,33293,31626,109,2,68,98,3.09042e+06,0,0,0,0,1,0,2500,0,900,3576,0,0,0,0,0,0,0,0,1659,-1646,0,0,166
1891.6,0,0,0,0,100,2122,1.54873,0.0159261,1.55431,42,0,28,29,29,0,-2,0,0,0,54,3540,4036,873,158,35,570,33116,31010,110,2,64,98,3.09042e+06,0,0,0,0,1,2497,0,0,911,3526,0,0,0,0,0,0,0,0,1659,-1619,0,0,166
1891.61,0,0,0,0,99,2123,1.54849,0.0159,1.55401,42,0,28,29,29,0,-2,0,0,0,54,3540,4036,890,158,35,570,33116,31010,110,2,64,98,3.1506e+06,0,0,0,0,1,1729,0,1226,928,3561,0,0,0,0,0,0,0,0,1659,-1760,0,0,166
1891.62,0,0,0,0,100,2116,1.54825,0.015874,1.55371,42,0,28,29,29,0,-2,0,0,0,54,3540,4036,898,158,35,570,33116,31010,110,2,64,98,3.17892e+06,0,0,0,0,1,0,0,2371,922,3546,0,0,0,0,0,0,0,0,1659,-1605,0,0,166
1891.63,0,0,0,0,99,2116,1.54801,0.015848,1.55341,42,0,28,29,29,0,-2,0,0,0,54,3540,4036,890,158,35,570,33116,31010,110,2,64,98,3.1506e+06,0,0,0,0,1,0,0,2371,922,3546,0,0,0,0,0,0,0,0,1659,-1605,0,0,166
1891.64,0,0,0,0,99,2116,1.54776,0.015822,1.55311,42,0,28,29,29,0,-2,0,0,0,54,3540,4036,890,158,35,570,33116,31010,110,2,64,98,3.1506e+06,0,0,0,0,1,0,2500,0,911,3544,0,0,0,0,0,0,0,0,1659,-1677,0,0,166
1891.65,0,0,0,0,99,2111,1.54752,0.015796,1.5528,42,0,28,29,29,0,-2,0,0,0,54,3536,4036,886,158,35,570,33116,31010,110,2,64,98,3.1329e+06,0,0,0,0,1,1587,1257,0,911,3567,0,0,0,0,0,0,0,0,1659,-1664,0,0,166
1891.66,0,0,0,0,100,2118,1.54728,0.01577,1.5525,42,0,28,29,29,0,-2,0,0,0,54,3536,4036,893,158,35,570,33116,31010,110,2,64,98,3.15765e+06,0,0,0,0,1,2269,0,215,900,3561,0,0,0,0,0,0,0,0,1659,-1628,0,0,166
1891.67,0,0,0,0,99,2133,1.54704,0.0157439,1.5522,42,0,28,29,29,0,-2,0,0,0,54,3537,4036,893,158,35,570,33116,31010,110,2,64,98,3.15854e+06,0,0,0,0,1,0,0,2500,908,3563,0,0,0,0,0,0,0,0,1659,-1637,0,0,166
1891.68,0,0,0,0,99,2143,1.5468,0.0157179,1.5519,42,0,28,29,29,0,-2,0,0,0,54,3537,4036,893,158,35,570,33116,31010,110,2,64,98,3.15854e+06,0,0,0,0,1,0,2500,0,919,3557,0,0,0,0,0,0,0,0,1659,-1658,0,0,166
1891.69,0,0,0,0,100,2143,1.54656,0.0156919,1.5516,42,0,28,29,29,0,-2,0,0,0,54,3537,4038,893,158,35,570,33116,31010,110,2,64,98,3.15854e+06,0,0,0,0,1,0,2500,0,919,3557,0,0,0,0,0,0,0,0,1659,-1658,0,0,166
1891.7,0,0,0,0,99,2136,1.54632,0.0156659,1.55129,42,0,28,29,29,0,-2,0,0,0,55,3535,4038,909,158,35,570,33146,31062,109,2,64,98,3.21332e+06,0,0,0,0,1,2500,0,0,935,3507,0,0,0,0,0,0,0,0,1659,-1654,0,0,166
1891.71,0,0,0,0,99,2124,1.54614,0.0156885,1.55119,42,0,28,29,29,0,-2,0,0,0,55,3535,4038,896,158,35,570,33146,31062,109,2,64,98,3.16736e+06,0,0,0,0,1,1686,0,1242,923,3567,0,0,0,0,0,0,0,0,1659,-1731,0,0,166
1891.72,0,0,0,0,99,2125,1.54597,0.0157111,1.55109,42,0,28,29,29,0,-2,0,0,0,55,3535,4038,896,158,35,570,33146,31062,109,2,64,98,3.16736e+06,0,0,0,0,1,0,99,2308,913,3537,0,0,0,0,0,0,0,0,1659,-1617,0,0,166
1891.73,0,0,0,0,99,2132,1.5458,0.0157337,1.55099,42,0,28,29,29,0,-2,0,0,0,55,3530,4038,891,158,35,570,33146,31062,109,2,64,98,3.14523e+06,0,0,0,0,1,0,2500,0,904,3565,0,0,0,0,0,0,0,0,1659,-1550,0,0,166
1891.74,0,0,0,0,99,2144,1.54562,0.0157563,1.55089,42,0,28,29,29,0,-2,0,0,0,55,3534,4038,875,158,35,570,33146,31062,109,2,64,98,3.09225e+06,0,0,0,0,1,2500,0,0,922,3518,0,0,0,0,0,0,0,0,1659,-1691,0,0,166
1891.75,0,0,0,0,100,2144,1.54545,0.0157789,1.55079,42,0,28,29,29,0,-2,0,0,0,55,3534,4038,886,158,35,570,33146,31062,109,2,64,98,3.13112e+06,0,0,0,0,1,2500,0,0,922,3518,0,0,0,0,0,0,0,0,1659,-1691,0,0,166
1891.76,0,0,0,0,99,2151,1.54528,0.0158015,1.55069,42,0,28,29,29,0,-2,0,0,0,55,3534,4038,886,158,35,570,33146,31062,109,2,64,98,3.13112e+06,0,0,0,0,1,0,0,2500,942,3509,0,0,0,0,0,0,0,0,1659,-1682,0,0,166
1891.77,0,0,0,0,99,2147,1.54511,0.0158241,1.55058,42,0,28,29,29,0,-2,0,0,0,55,3530,4039,912,158,35,570,33146,31062,109,2,64,98,3.21936e+06,0,0,0,0,1,0,2257,127,933,3552,0,0,0,0,0,0,0,0,1659,-1567,0,0,166
1891.78,0,0,0,0,99,2148,1.54493,0.0158467,1.55048,42,0,28,29,29,0,-2,0,0,0,55,3530,4039,899,158,35,570,33146,31062,109,2,64,98,3.17347e+06,0,0,0,0,1,1716,1020,0,922,3544,0,0,0,0,0,0,0,0,1659,-1618,0,0,166
1891.79,0,0,0,0,99,2146,1.54476,0.0158693,1.55038,42,0,28,29,29,0,-2,0,0,0,55,3530,4039,904,158,35,570,33146,31062,109,2,64,98,3.19112e+06,0,0,0,0,1,1788,0,1041,922,3565,0,0,0,0,0,0,0,0,1659,-1702,0,0,166
1891.8,0,0,0,0,99,2149,1.54459,0.0158919,1.55028,42,0,28,29,29,0,-2,0,0,0,55,3530,4039,904,158,35,570,33114,31067,110,2,64,98,3.19112e+06,0,0,0,0,1,0,507,2143,927,3533,0,0,0,0,0,0,0,0,1659,-1697,0,0,166
1891.81,0,0,0,0,99,2149,1.54466,0.0158537,1.54996,42,0,28,29,29,0,-2,0,0,0,55,3533,4039,902,158,35,570,33114,31067,110,2,64,98,3.18677e+06,0,0,0,0,1,0,507,2143,927,3533,0,0,0,0,0,0,0,0,1659,-1697,0,0,166
1891.82,0,0,0,0,99,2158,1.54473,0.0158156,1.54964,42,0,28,29,29,0,-2,0,0,0,55,3533,4039,888,158,35,570,33114,31067,110,2,64,98,3.1373e+06,0,0,0,0,1,303,2244,0,916,3529,0,0,0,0,0,0,0,0,1659,-1627,0,0,166
1891.83,0,0,0,0,99,2170,1.5448,0.0157775,1.54933,42,0,28,29,29,0,-2,0,0,0,55,3533,4043,893,158,35,570,33114,31067,110,2,64,98,3.15497e+06,0,0,0,0,1,2290,0,333,932,3550,0,0,0,0,0,0,0,0,1659,-1691,0,0,166
1891.84,0,0,0,0,99,2168,1.54487,0.0157393,1.54901,42,0,28,29,29,0,-2,0,0,0,55,3533,4043,893,158,35,570,33114,31067,110,2,64,98,3.15497e+06,0,0,0,0,1,0,480,2236,955,3514,0,0,0,0,0,0,0,0,1659,-1720,0,0,166
1891.85,0,0,0,0,99,2159,1.54495,0.0157012,1.54869,42,0,28,29,29,0,-2,0,0,0,55,3531,4043,920,158,35,570,33114,31067,110,2,64,98,3.24852e+06,0,0,0,0,1,317,2228,0,927,3533,0,0,0,0,0,0,0,0,1659,-1621,0,0,166
1891.86,0,0,0,0,99,2157,1.54502,0.0156631,1.54837,42,0,28,29,29,0,-2,0,0,0,55,3531,4043,912,158,35,570,33114,31067,110,2,64,98,3.22027e+06,0,0,0,0,1,2339,0,21,927,3555,0,0,0,0,0,0,0,0,1659,-1588,0,0,166
1891.87,0,0,0,0,100,2157,1.54509,0.0156249,1.54806,42,0,28,29,29,0,-2,0,0,0,55,3523,4043,909,158,35,570,33114,31067,110,2,64,98,3.20241e+06,0,0,0,0,1,2339,0,21,927,3555,0,0,0,0,0,0,0,0,1659,-1588,0,0,166
1891.88,0,0,0,0,100,2163,1.54516,0.0155868,1.54774,42,0,28,29,29,0,-2,0,0,0,55,3523,4043,909,158,35,570,33114,31067,110,2,64,98,3.20241e+06,0,0,0,0,1,0,0,2390,920,3537,0,0,0,0,0,0,0,0,1659,-1557,0,0,166
1891.89,0,0,0,0,99,2182,1.54524,0.0155487,1.54742,42,0,28,29,29,0,-2,0,0,0,55,3523,4043,908,158,35,570,33114,31067,110,2,64,98,3.19888e+06,0,0,0,0,1,261,2298,0,933,3526,0,0,0,0,0,0,0,0,1659,-1645,0,0,166
1891.9,0,0,0,0,99,2189,1.54531,0.0155106,1.5471,42,0,28,29,29,0,-2,0,0,0,55,3523,4043,904,158,35,570,33082,31088,109,2,87,98,3.18479e+06,0,0,0,0,1,2077,0,785,950,3559,0,0,0,0,0,0,0,0,1659,-1750,0,0,166
1891.91,0,0,0,0,100,2189,1.54509,0.0155344,1.54735,42,0,28,29,29,0,-2,0,0,0,55,3523,4043,924,158,35,570,33082,31088,109,2,87,98,3.25525e+06,0,0,0,0,1,0,1548,1324,954,3540,0,0,0,0,0,0,0,0,1659,-1585,0,0,166
1891.92,0,0,0,0,99,2182,1.54487,0.0155582,1.54759,42,0,28,29,29,0,-2,0,0,0,55,3523,4043,924,159,35,570,33082,31088,109,2,87,98,3.25525e+06,0,0,0,0,1,2165,302,0,942,3535,0,0,0,0,0,0,0,0,1659,-1610,0,0,166
1891.93,0,0,0,0,100,2182,1.54465,0.015582,1.54784,42,0,28,29,29,0,-2,0,0,0,55,3530,4043,930,159,35,570,33082,31088,109,2,87,98,3.2829e+06,0,0,0,0,1,2165,302,0,942,3535,0,0,0,0,0,0,0,0,1659,-1610,0,0,166
1891.94,0,0,0,0,100,2179,1.54443,0.0156058,1.54808,42,0,28,29,29,0,-2,0,0,0,55,3523,4043,910,159,35,570,33082,31088,109,2,87,98,3.20593e+06,0,0,0,0,1,0,0,2419,944,3516,0,0,0,0,0,0,0,0,1659,-1675,0,0,166
1891.95,0,0,0,0,99,2180,1.54421,0.0156296,1.54833,42,0,28,29,29,0,-2,0,0,0,55,3523,4043,905,159,35,570,33082,31088,109,2,87,98,3.18832e+06,0,0,0,0,1,0,2500,0,941,3546,0,0,0,0,0,0,0,0,1659,-1697,0,0,166
1891.96,0,0,0,0,100,2187,1.54399,0.0156534,1.54857,42,0,28,29,29,0,-2,0,0,0,55,3523,4043,905,159,35,570,33082,31088,109,2,87,98,3.18832e+06,0,0,0,0,1,2500,0,0,927,3540,0,0,0,0,0,0,0,0,1659,-1645,0,0,166
1891.97,0,0,0,0,99,2203,1.54377,0.0156772,1.54882,42,0,28,29,29,0,-2,0,0,0,55,3523,4043,901,159,35,570,33082,31088,109,2,87,98,3.17422e+06,0,0,0,0,1,0,95,2324,938,3526,0,0,0,0,0,0,0,0,1659,-1582,0,0,166
1891.98,0,0,0,0,99,2205,1.54355,0.015701,1.54906,42,0,28,29,29,0,-2,0,0,0,55,3523,4043,914,159,35,570,33082,31088,109,2,87,98,3.22002e+06,0,0,0,0,1,1616,1230,0,960,3535,0,0,0,0,0,0,0,0,1659,-1667,0,0,166
1891.99,0,0,0,0,99,2205,1.54333,0.0157248,1.54931,42,0,28,29,29,0,-2,0,0,0,55,3523,4043,924,159,35,570,33082,31088,109,2,87,98,3.25525e+06,0,0,0,0,1,1616,1230,0,960,3535,0,0,0,0,0,0,0,0,1659,-1667,0,0,166
1892,0,0,0,0,99,2199,1.54311,0.0157487,1.54955,42,0,28,29,29,0,-2,0,0,0,55,3523,4043,924,159,35,570,33032,31206,109,2,68,98,3.25525e+06,0,0,0,0,1,204,0,2158,949,3535,0,0,0,0,0,0,0,0,1659,-1567,0,0,166
1892.01,0,0,0,0,100,2194,1.54332,0.0157733,1.54945,42,0,28,29,29,0,-2,0,0,0,55,3518,4043,926,159,35,570,33032,31206,109,2,68,98,3.25767e+06,0,0,0,0,1,0,2500,0,958,3526,0,0,0,0,0,0,0,0,1659,-1693,0,0,166
1892.02,0,0,0,0,99,2194,1.54352,0.0157979,1.54935,42,0,28,29,29,0,-2,0,0,0,55,3518,4043,929,160,35,570,33032,31206,109,2,68,98,3.26822e+06,0,0,0,0,1,2500,0,0,944,3535,0,0,0,0,0,0,0,0,1659,-1733,0,0,166
1892.03,0,0,0,0,100,2204,1.54373,0.0158226,1.54924,42,0,28,29,29,0,-2,0,0,0,55,3519,4043,915,160,35,570,33032,31206,109,2,68,98,3.21988e+06,0,0,0,0,1,0,27,2307,938,3533,0,0,0,0,0,0,0,0,1659,-1568,0,0,166
1892.04,0,0,0,0,100,2213,1.54394,0.0158472,1.54914,42,0,28,29,29,0,-2,0,0,0,55,3519,4043,915,160,35,570,33032,31206,109,2,68,98,3.21988e+06,0,0,0,0,1,1218,1606,0,938,3537,0,0,0,0,0,0,0,0,1659,-1654,0,0,166
1892.05,0,0,0,0,99,2213,1.54414,0.0158719,1.54904,42,0,28,29,29,0,-2,0,0,0,55,3519,4043,908,160,35,570,33032,31206,109,2,68,98,3.19525e+06,0,0,0,0,1,1218,1606,0,938,3537,0,0,0,0,0,0,0,0,1659,-1654,0,0,166
1892.06,0,0,0,0,99,2216,1.54435,0.0158965,1.54893,42,0,28,29,29,0,-2,0,0,0,55,3528,4043,920,160,35,570,33032,31206,109,2,68,98,3.24576e+06,0,0,0,0,1,0,0,2500,965,3492,0,0,0,0,0,0,0,0,1659,-1681,0,0,166
1892.07,0,0,0,0,100,2208,1.54456,0.0159212,1.54883,42,0,28,29,29,0,-2,0,0,0,55,3528,4043,942,160,35,570,33032,31206,109,2,68,98,3.32338e+06,0,0,0,0,1,0,2500,0,954,3546,0,0,0,0,0,0,0,0,1659,-1647,0,0,166
1892.08,0,0,0,0,99,2203,1.54476,0.0159458,1.54873,42,0,28,29,29,0,-2,0,0,0,55,3528,4043,942,160,35,570,33032,31206,109,2,68,98,3.32338e+06,0,0,0,0,1,2321,0,244,961,3537,0,0,0,0,0,0,0,0,1659,-1666,0,0,166
1892.09,0,0,0,0,100,2200,1.54497,0.0159705,1.54862,42,0,28,29,29,0,-2,0,0,0,55,3515,4045,923,160,35,570,33032,31206,109,2,68,98,3.24434e+06,0,0,0,0,1,0,1073,1750,947,3535,0,0,0,0,0,0,0,0,1659,-1674,0,0,166
1892.1,0,0,0,0,99,2215,1.54518,0.0159951,1.54852,42,0,28,29,29,0,-2,0,0,0,55,3515,4045,938,160,35,538,33025,30876,110,2,87,98,3.29707e+06,0,0,0,0,1,2448,0,0,935,3516,0,0,0,0,0,0,0,0,1659,-1601,0,0,166
1892.11,0,0,0,0,99,2215,1.54486,0.0159778,1.5484,42,0,28,29,29,0,-2,0,0,0,55,3515,4045,915,160,35,538,33025,30876,110,2,87,98,3.21622e+06,0,0,0,0,1,2448,0,0,935,3516,0,0,0,0,0,0,0,0,1659,-1601,0,0,166
1892.12,0,0,0,0,99,2233,1.54454,0.0159604,1.54827,42,0,28,29,29,0,-2,0,0,0,55,3515,4045,915,161,35,538,33025,30876,110,2,87,98,3.21622e+06,0,0,0,0,1,0,0,2449,953,3535,0,0,0,0,0,0,0,0,1659,-1559,0,0,166
1892.13,0,0,0,0,100,2234,1.54422,0.0159431,1.54814,42,0,28,29,29,0,-2,0,0,0,55,3519,4045,931,161,35,538,33025,30876,110,2,87,98,3.27619e+06,0,0,0,0,1,1610,1347,0,977,3526,0,0,0,0,0,0,0,0,1659,-1729,0,0,166
1892.14,0,0,0,0,99,2220,1.5439,0.0159257,1.54802,42,0,28,29,29,0,-2,0,0,0,55,3517,4045,932,161,35,538,33025,30876,110,2,87,98,3.27784e+06,0,0,0,0,1,0,0,2500,976,3499,0,0,0,0,0,0,0,0,1659,-1710,0,0,166
1892.15,0,0,0,0,99,2209,1.54358,0.0159084,1.54789,42,0,28,29,29,0,-2,0,0,0,55,3517,4045,960,161,35,538,33025,30876,110,2,87,98,3.37632e+06,0,0,0,0,1,0,2423,0,939,3540,0,0,0,0,0,0,0,0,1659,-1520,0,0,166
1892.16,0,0,0,0,99,2212,1.54327,0.015891,1.54777,42,0,28,29,29,0,-2,0,0,0,55,3517,4045,960,161,35,538,33025,30876,110,2,87,98,3.37632e+06,0,0,0,0,1,1948,0,761,935,3559,0,0,0,0,0,0,0,0,1659,-1662,0,0,166
1892.17,0,0,0,0,100,2212,1.54295,0.0158737,1.54764,42,0,28,29,29,0,-2,0,0,0,55,3508,4047,931,161,35,538,33025,30876,110,2,87,98,3.26595e+06,0,0,0,0,1,1948,0,761,935,3559,0,0,0,0,0,0,0,0,1659,-1662,0,0,166
1892.18,0,0,0,0,99,2226,1.54263,0.0158563,1.54752,42,0,28,29,29,0,-2,0,0,0,55,3508,4047,932,161,35,538,33025,30876,110,2,87,98,3.26946e+06,0,0,0,0,1,0,2470,0,949,3533,0,0,0,0,0,0,0,0,1659,-1613,0,0,166
1892.19,0,0,0,0,99,2242,1.54231,0.015839,1.54739,42,0,28,29,29,0,-2,0,0,0,55,3508,4047,924,161,35,538,33025,30876,110,2,87,98,3.24139e+06,0,0,0,0,1,2407,0,0,965,3540,0,0,0,0,0,0,0,0,1659,-1609,0,0,166
1892.2,0,0,0,0,100,2246,1.54199,0.0158216,1.54727,42,0,28,29,28,0,-2,0,0,0,55,3508,4047,924,161,35,538,32934,31001,109,2,65,98,3.24139e+06,0,0,0,0,1,0,2286,39,974,3535,0,0,0,0,0,0,0,0,1659,-1557,0,0,166
1892.21,0,0,0,0,99,2243,1.54204,0.0158276,1.54767,42,0,28,29,28,0,-2,0,0,0,55,3520,4047,953,161,35,538,32934,31001,109,2,65,98,3.35456e+06,0,0,0,0,1,2488,0,0,971,3535,0,0,0,0,0,0,0,0,1659,-1578,0,0,166
1892.22,0,0,0,0,99,2234,1.54209,0.0158336,1.54808,42,0,28,29,28,0,-2,0,0,0,55,3520,4047,959,161,35,538,32934,31001,109,2,65,98,3.37568e+06,0,0,0,0,1,0,1677,1154,979,3526,0,0,0,0,0,0,0,0,1659,-1681,0,0,166
1892.23,0,0,0,0,99,2234,1.54214,0.0158396,1.54849,42,0,28,29,28,0,-2,0,0,0,55,3520,4047,953,162,35,538,32934,31001,109,2,65,98,3.35456e+06,0,0,0,0,1,0,1677,1154,979,3526,0,0,0,0,0,0,0,0,1659,-1681,0,0,166
1892.24,0,0,0,0,99,2229,1.54218,0.0158456,1.54889,42,0,28,29,28,0,-2,0,0,0,55,3520,4047,953,162,35,538,32934,31001,109,2,65,98,3.35456e+06,0,0,0,0,1,2500,0,0,947,3537,0,0,0,0,0,0,0,0,1659,-1694,0,0,166
1892.25,0,0,0,0,99,2245,1.54223,0.0158516,1.5493,42,0,28,29,28,0,-2,0,0,0,55,3511,4019,932,162,35,538,32934,31001,109,2,65,98,3.27225e+06,0,0,0,0,1,0,691,2072,949,3511,0,0,0,0,0,0,0,0,1659,-1680,0,0,166
1892.26,0,0,0,0,99,2263,1.54228,0.0158575,1.5497,42,0,28,29,28,0,-2,0,0,0,55,3511,4019,936,162,35,538,32934,31001,109,2,65,98,3.2863e+06,0,0,0,0,1,2500,0,0,961,3511,0,0,0,0,0,0,0,0,1659,-1689,0,0,166
1892.27,0,0,0,0,99,2262,1.54233,0.0158635,1.55011,42,0,28,29,28,0,-2,0,0,0,55,3511,4019,935,162,35,538,32934,31001,109,2,65,98,3.28278e+06,0,0,0,0,1,0,1646,1285,1002,3520,0,0,0,0,0,0,0,0,1659,-1732,0,0,166
1892.28,0,0,0,0,99,2245,1.54238,0.0158695,1.55052,42,0,28,29,28,0,-2,0,0,0,55,3511,4019,935,162,35,538,32934,31001,109,2,65,98,3.28278e+06,0,0,0,0,1,2500,0,0,979,3526,0,0,0,0,0,0,0,0,1659,-1668,0,0,166
1892.29,0,0,0,0,99,2245,1.54243,0.0158755,1.55092,42,0,28,29,28,0,-2,0,0,0,55,3513,4019,963,162,35,538,32934,31001,109,2,65,98,3.38302e+06,0,0,0,0,1,2500,0,0,979,3526,0,0,0,0,0,0,0,0,1659,-1668,0,0,166
1892.3,0,0,0,0,100,2240,1.54248,0.0158815,1.55133,42,0,28,29,29,0,-2,0,0,0,55,3513,4019,956,162,35,538,32956,31058,110,2,87,98,3.35843e+06,0,0,0,0,1,0,1093,1771,963,3518,0,0,0,0,0,0,0,0,1659,-1693,0,0,166
1892.31,0,0,0,0,100,2248,1.54251,0.0158711,1.55102,42,0,28,29,29,0,-2,0,0,0,55,3500,4019,943,162,35,538,32956,31058,110,2,87,98,3.3005e+06,0,0,0,0,1,2500,0,0,947,3511,0,0,0,0,0,0,0,0,1659,-1641,0,0,166
1892.32,0,0,0,0,99,2269,1.54254,0.0158607,1.55072,42,0,28,29,29,0,-2,0,0,0,55,3500,4019,943,162,35,538,32956,31058,110,2,87,98,3.3005e+06,0,0,0,0,1,0,1521,1212,958,3526,0,0,0,0,0,0,0,0,1659,-1633,0,0,166
1892.33,0,0,0,0,99,2280,1.54257,0.0158502,1.55041,42,0,28,29,29,0,-2,0,0,0,55,3509,4019,952,163,35,538,32956,31058,110,2,87,98,3.34057e+06,0,0,0,0,1,2364,0,111,988,3526,0,0,0,0,0,0,0,0,1659,-1634,0,0,166
1892.34,0,0,0,0,99,2279,1.54261,0.0158398,1.5501,42,0,28,29,29,0,-2,0,0,0,55,3509,4019,940,163,35,538,32956,31058,110,2,87,98,3.29846e+06,0,0,0,0,1,0,2500,0,995,3516,0,0,0,0,0,0,0,0,1659,-1740,0,0,166
1892.35,0,0,0,0,99,2279,1.54264,0.0158294,1.5498,42,0,28,29,29,0,-2,0,0,0,55,3507,4019,963,163,35,538,32956,31058,110,2,87,98,3.37724e+06,0,0,0,0,1,0,2500,0,995,3516,0,0,0,0,0,0,0,0,1659,-1740,0,0,166
1892.36,0,0,0,0,100,2266,1.54267,0.015819,1.54949,42,0,28,29,29,0,-2,0,0,0,55,3507,4019,963,163,35,538,32956,31058,110,2,87,98,3.37724e+06,0,0,0,0,1,1478,0,1387,990,3531,0,0,0,0,0,0,0,0,1659,-1716,0,0,166
1892.37,0,0,0,0,100,2253,1.5427,0.0158086,1.54919,42,0,28,29,29,0,-2,0,0,0,55,3503,4019,953,163,35,538,32956,31058,110,2,87,98,3.33836e+06,0,0,0,0,1,0,2500,0,974,3544,0,0,0,0,0,0,0,0,1659,-1665,0,0,166
1892.38,0,0,0,0,99,2256,1.54273,0.0157982,1.54888,42,0,28,29,29,0,-2,0,0,0,55,3503,4019,956,163,35,538,32956,31058,110,2,87,98,3.34887e+06,0,0,0,0,1,1237,0,1552,960,3531,0,0,0,0,0,0,0,0,1659,-1668,0,0,166
1892.39,0,0,0,0,99,2277,1.54277,0.0157877,1.54857,42,0,28,29,29,0,-2,0,0,0,55,3499,4019,936,163,35,538,32956,31058,110,2,87,98,3.27506e+06,0,0,0,0,1,0,2285,0,952,3522,0,0,0,0,0,0,0,0,1659,-1533,0,0,166
1892.4,0,0,0,0,99,2296,1.5428,0.0157773,1.54827,42,0,28,29,29,0,-2,0,0,0,55,3499,4019,936,163,35,538,32823,30702,110,2,65,98,3.27506e+06,0,0,0,0,1,0,0,2500,989,3500,0,0,0,0,0,0,0,0,1659,-1737,0,0,166
1892.41,0,0,0,0,100,2296,1.54285,0.015779,1.54797,42,0,28,29,29,0,-2,0,0,0,55,3504,4019,930,163,35,538,32823,30702,110,2,65,98,3.25872e+06,0,0,0,0,1,0,0,2500,989,3500,0,0,0,0,0,0,0,0,1659,-1737,0,0,166
1892.42,0,0,0,0,99,2288,1.5429,0.0157806,1.54767,42,0,28,29,29,0,-2,0,0,0,55,3515,4019,948,163,35,538,32823,30702,110,2,65,98,3.33222e+06,0,0,0,0,1,2500,0,0,1008,3481,0,0,0,0,0,0,0,0,1659,-1710,0,0,166
1892.43,0,0,0,0,99,2276,1.54295,0.0157822,1.54737,42,0,28,29,29,0,-2,0,0,0,55,3515,4019,951,163,35,538,32823,30702,110,2,65,98,3.34276e+06,0,0,0,0,1,0,736,2113,997,3496,0,0,0,0,0,0,0,0,1659,-1732,0,0,166
1892.44,0,0,0,0,99,2264,1.543,0.0157839,1.54707,42,0,28,29,29,0,-2,0,0,0,55,3515,4019,951,163,35,538,32823,30702,110,2,65,98,3.34276e+06,0,0,0,0,1,2500,0,0,970,3522,0,0,0,0,0,0,0,0,1659,-1559,0,0,166
1892.45,0,0,0,0,99,2274,1.54305,0.0157855,1.54678,42,0,28,29,29,0,-2,0,0,0,55,3510,4019,973,163,35,538,32823,30702,110,2,65,98,3.41523e+06,0,0,0,0,1,0,1831,693,955,3546,0,0,0,0,0,0,0,0,1659,-1530,0,0,166
1892.46,0,0,0,0,99,2289,1.5431,0.0157871,1.54648,42,0,28,29,29,0,-2,0,0,0,55,3500,4019,967,163,35,538,32823,30702,110,2,65,98,3.3845e+06,0,0,0,0,1,2192,0,468,974,3531,0,0,0,0,0,0,0,0,1659,-1707,0,0,166
1892.47,0,0,0,0,100,2289,1.54315,0.0157888,1.54618,42,0,28,29,29,0,-2,0,0,0,55,3500,4019,962,163,35,538,32823,30702,110,2,65,98,3.367e+06,0,0,0,0,1,2192,0,468,974,3531,0,0,0,0,0,0,0,0,1659,-1707,0,0,166
1892.48,0,0,0,0,99,2304,1.5432,0.0157904,1.54588,42,0,28,29,29,0,-2,0,0,0,55,3500,4019,962,163,35,538,32823,30702,110,2,65,98,3.367e+06,0,0,0,0,1,274,2263,0,989,3499,0,0,0,0,0,0,0,0,1659,-1626,0,0,166
1892.49,0,0,0,0,99,2300,1.54325,0.0157921,1.54558,42,0,28,29,29,0,-2,0,0,0,55,3501,4019,942,163,35,538,32823,30702,110,2,65,98,3.29794e+06,0,0,0,0,1,0,0,2439,1011,3505,0,0,0,0,0,0,0,0,1659,-1677,0,0,166
1892.5,0,0,0,0,99,2285,1.5433,0.0157937,1.54529,42,0,28,29,29,0,-2,0,0,0,55,3508,4019,974,163,35,538,32933,31120,109,2,68,98,3.41679e+06,0,0,0,0,1,2500,0,0,994,3473,0,0,0,0,0,0,0,0,1659,-1647,0,0,166
1892.51,0,0,0,0,99,2276,1.54339,0.015782,1.54549,42,0,28,29,29,0,-2,0,0,0,55,3508,4019,982,163,35,538,32933,31120,109,2,68,98,3.44486e+06,0,0,0,0,1,0,1038,1779,975,3514,0,0,0,0,0,0,0,0,1659,-1676,0,0,166
1892.52,0,0,0,0,99,2291,1.54347,0.0157703,1.5457,42,0,28,29,29,0,-2,0,0,0,55,3508,4019,982,163,35,538,32933,31120,109,2,68,98,3.44486e+06,0,0,0,0,1,2356,0,0,955,3529,0,0,0,0,0,0,0,0,1659,-1551,0,0,166
1892.53,0,0,0,0,99,2291,1.54356,0.0157586,1.5459,42,0,28,29,29,0,-2,0,0,0,55,3497,4019,992,163,35,538,32933,31120,109,2,68,98,3.46902e+06,0,0,0,0,1,2356,0,0,955,3529,0,0,0,0,0,0,0,0,1659,-1551,0,0,166
1892.54,0,0,0,0,99,2318,1.54365,0.0157469,1.54611,42,0,28,29,29,0,-2,0,0,0,55,3497,4019,979,163,35,538,32933,31120,109,2,68,98,3.42356e+06,0,0,0,0,1,0,2500,0,979,3518,0,0,0,0,0,0,0,0,1659,-1580,0,0,166
1892.55,0,0,0,0,99,2323,1.54373,0.0157352,1.54631,42,0,28,29,29,0,-2,0,0,0,55,3497,4019,959,163,35,538,32933,31120,109,2,68,98,3.35362e+06,0,0,0,0,1,0,0,2500,1014,3507,0,0,0,0,0,0,0,0,1659,-1707,0,0,166
1892.56,0,0,0,0,99,2314,1.54382,0.0157235,1.54652,42,0,28,29,29,0,-2,0,0,0,55,3497,4019,959,163,35,538,32933,31120,109,2,68,98,3.35362e+06,0,0,0,0,1,2500,0,0,1018,3481,0,0,0,0,0,0,0,0,1659,-1733,0,0,166
1892.57,0,0,0,0,99,2297,1.54391,0.0157118,1.54672,42,0,28,29,29,0,-2,0,0,0,55,3501,4019,969,163,35,538,32933,31120,109,2,68,98,3.39247e+06,0,0,0,0,1,0,2414,0,1005,3511,0,0,0,0,0,0,0,0,1659,-1601,0,0,166
1892.58,0,0,0,0,99,2295,1.544,0.0157001,1.54693,42,0,28,29,29,0,-2,0,0,0,55,3501,4019,1003,163,35,538,32933,31120,109,2,68,98,3.5115e+06,0,0,0,0,1,1747,0,1160,981,3529,0,0,0,0,0,0,0,0,1659,-1719,0,0,166
1892.59,0,0,0,0,100,2295,1.54408,0.0156884,1.54714,42,0,28,29,29,0,-2,0,0,0,55,3503,4019,990,163,35,538,32933,31120,109,2,68,98,3.46797e+06,0,0,0,0,1,1747,0,1160,981,3529,0,0,0,0,0,0,0,0,1659,-1719,0,0,166
1892.6,0,0,0,0,100,2313,1.54417,0.0156767,1.54734,42,0,28,29,29,0,-2,0,0,0,55,3503,4019,990,163,35,538,32836,30661,109,2,64,98,3.46797e+06,0,0,0,0,1,624,2095,0,974,3500,0,0,0,0,0,0,0,0,1659,-1666,0,0,166
1892.61,0,0,0,0,100,2338,1.54382,0.0156585,1.54747,42,0,28,29,29,0,-2,0,0,0,55,3503,4024,962,163,35,538,32836,30661,109,2,64,98,3.36989e+06,0,0,0,0,1,0,692,2047,997,3490,0,0,0,0,0,0,0,0,1659,-1682,0,0,166
1892.62,0,0,0,0,100,2343,1.54347,0.0156402,1.5476,42,0,28,29,29,0,-2,0,0,0,55,3499,4024,958,163,35,538,32836,30661,109,2,64,98,3.35204e+06,0,0,0,0,1,1981,0,957,1027,3514,0,0,0,0,0,0,0,0,1659,-1779,0,0,166
1892.63,0,0,0,0,100,2339,1.54312,0.0156219,1.54773,42,0,28,29,29,0,-2,0,0,0,55,3499,4024,959,163,35,538,32836,30661,109,2,64,98,3.35554e+06,0,0,0,0,1,1214,1708,0,1018,3507,0,0,0,0,0,0,0,0,1659,-1711,0,0,166
1892.64,0,0,0,0,99,2321,1.54277,0.0156036,1.54785,42,0,28,29,29,0,-2,0,0,0,55,3499,4024,959,163,35,538,32836,30661,109,2,64,98,3.35554e+06,0,0,0,0,1,0,947,1937,1027,3485,0,0,0,0,0,0,0,0,1659,-1733,0,0,166
1892.65,0,0,0,0,99,2321,1.54242,0.0155854,1.54798,42,0,28,29,29,0,-2,0,0,0,55,3504,4024,995,163,35,538,32836,30661,109,2,64,98,3.48648e+06,0,0,0,0,1,0,947,1937,1027,3485,0,0,0,0,0,0,0,0,1659,-1733,0,0,166
1892.66,0,0,0,0,100,2316,1.54207,0.0155671,1.54811,42,0,28,29,29,0,-2,0,0,0,55,3489,4024,1002,163,35,538,32836,30661,109,2,64,98,3.49598e+06,0,0,0,0,1,2243,0,394,986,3529,0,0,0,0,0,0,0,0,1659,-1674,0,0,166
1892.67,0,0,0,0,100,2336,1.54172,0.0155488,1.54824,42,0,28,29,29,0,-2,0,0,0,55,3489,4024,987,163,35,538,32836,30661,109,2,64,98,3.44364e+06,0,0,0,0,1,431,2181,0,982,3503,0,0,0,0,0,0,0,0,1659,-1638,0,0,166
1892.68,0,0,0,0,99,2356,1.54137,0.0155305,1.54837,42,0,28,29,29,0,-2,0,0,0,55,3489,4024,987,163,35,538,32836,30661,109,2,64,98,3.44364e+06,0,0,0,0,1,0,1019,1845,1012,3475,0,0,0,0,0,0,0,0,1659,-1716,0,0,166
1892.69,0,0,0,0,99,2351,1.54102,0.0155123,1.54849,42,0,28,29,29,0,-2,0,0,0,55,3496,4024,973,163,35,538,32836,30661,109,2,64,98,3.40161e+06,0,0,0,0,1,1103,0,1721,1035,3499,0,0,0,0,0,0,0,0,1659,-1699,0,0,166
1892.7,0,0,0,0,99,2338,1.54066,0.015494,1.54862,42,0,28,29,29,0,-2,0,0,0,55,3494,4024,956,163,35,538,32837,30881,109,2,65,98,3.34026e+06,0,0,0,0,1,1995,609,0,1015,3500,0,0,0,0,0,0,0,0,1659,-1591,0,0,166
1892.71,0,0,0,0,100,2338,1.54091,0.0155117,1.54823,42,0,28,29,29,0,-2,0,0,0,55,3494,4024,964,163,35,538,32837,30881,109,2,65,98,3.36822e+06,0,0,0,0,1,1995,609,0,1015,3500,0,0,0,0,0,0,0,0,1659,-1591,0,0,166
1892.72,0,0,0,0,99,2332,1.54115,0.0155294,1.54784,42,0,28,29,29,0,-2,0,0,0,55,3494,4024,964,163,35,538,32837,30881,109,2,65,98,3.36822e+06,0,0,0,0,1,0,1853,769,1005,3511,0,0,0,0,0,0,0,0,1659,-1599,0,0,166
1892.73,0,0,0,0,100,2337,1.54139,0.0155471,1.54745,42,0,28,29,29,0,-2,0,0,0,55,3486,4024,1004,163,35,538,32837,30881,109,2,65,98,3.49994e+06,0,0,0,0,1,677,0,1869,985,3496,0,0,0,0,0,0,0,0,1659,-1535,0,0,166
1892.74,0,0,0,0,99,2359,1.54163,0.0155648,1.54706,42,0,28,29,29,0,-2,0,0,0,55,3486,4024,996,163,35,538,32837,30881,109,2,65,98,3.47206e+06,0,0,0,0,1,2500,0,0,1001,3468,0,0,0,0,0,0,0,0,1659,-1699,0,0,166
1892.75,0,0,0,0,99,2368,1.54187,0.0155826,1.54667,42,0,28,29,29,0,-2,0,0,0,55,3486,4024,986,163,35,538,32837,30881,109,2,65,98,3.4372e+06,0,0,0,0,1,0,2500,0,1028,3500,0,0,0,0,0,0,0,0,1659,-1718,0,0,166
1892.76,0,0,0,0,100,2365,1.54212,0.0156003,1.54628,42,0,28,29,29,0,-2,0,0,0,55,3486,4024,986,163,35,538,32837,30881,109,2,65,98,3.4372e+06,0,0,0,0,1,0,0,2477,1039,3483,0,0,0,0,0,0,0,0,1659,-1601,0,0,166
1892.77,0,0,0,0,99,2365,1.54236,0.015618,1.54589,42,0,28,29,29,0,-2,0,0,0,55,3488,4024,967,163,35,538,32837,30881,109,2,65,98,3.3729e+06,0,0,0,0,1,0,0,2477,1039,3483,0,0,0,0,0,0,0,0,1659,-1601,0,0,166
1892.78,0,0,0,0,99,2346,1.5426,0.0156357,1.54551,42,0,28,29,29,0,-2,0,0,0,55,3488,4024,992,163,35,538,32837,30881,109,2,65,98,3.4601e+06,0,0,0,0,1,2286,0,336,1037,3511,0,0,0,0,0,0,0,0,1659,-1679,0,0,166
1892.79,0,0,0,0,99,2334,1.54284,0.0156534,1.54512,42,0,28,29,29,0,-2,0,0,0,55,3492,4024,982,163,35,538,32837,30881,109,2,65,98,3.42914e+06,0,0,0,0,1,298,2247,0,999,3496,0,0,0,0,0,0,0,0,1659,-1625,0,0,166
1892.8,0,0,0,0,99,2345,1.54308,0.0156711,1.54473,42,0,28,29,29,0,-2,0,0,0,56,3492,4024,982,163,35,538,32766,30594,110,2,64,98,3.42914e+06,0,0,0,0,1,0,437,2154,982,3490,0,0,0,0,0,0,0,0,1659,-1642,0,0,166
1892.81,0,0,0,0,99,2372,1.54286,0.015634,1.54478,42,0,28,29,29,0,-2,0,0,0,56,3485,4024,996,163,35,538,32766,30594,110,2,64,98,3.47106e+06,0,0,0,0,1,1337,0,1488,998,3503,0,0,0,0,0,0,0,0,1659,-1671,0,0,166
1892.82,0,0,0,0,99,2377,1.54263,0.0155969,1.54483,42,0,28,29,29,0,-2,0,0,0,56,3485,4024,986,163,35,538,32766,30594,110,2,64,98,3.43621e+06,0,0,0,0,1,2500,0,0,1039,3449,0,0,0,0,0,0,0,0,1659,-1727,0,0,166
1892.83,0,0,0,0,100,2377,1.54241,0.0155598,1.54488,42,0,28,29,29,0,-2,0,0,0,56,3485,4024,984,163,35,538,32766,30594,110,2,64,98,3.42924e+06,0,0,0,0,1,2500,0,0,1039,3449,0,0,0,0,0,0,0,0,1659,-1727,0,0,166
1892.84,0,0,0,0,99,2368,1.54218,0.0155227,1.54493,42,0,28,29,29,0,-2,0,0,0,56,3485,4024,984,163,35,538,32766,30594,110,2,64,98,3.42924e+06,0,0,0,0,1,0,2500,0,1033,3511,0,0,0,0,0,0,0,0,1659,-1679,0,0,166
1892.85,0,0,0,0,100,2351,1.54196,0.0154856,1.54498,42,0,28,29,29,0,-2,0,0,0,56,3489,4024,1001,164,35,538,32766,30594,110,2,64,98,3.49249e+06,0,0,0,0,1,0,0,2484,1031,3494,0,0,0,0,0,0,0,0,1659,-1608,0,0,166
1892.86,0,0,0,0,99,2348,1.54173,0.0154485,1.54504,42,0,28,29,29,0,-2,0,0,0,56,3497,4024,1021,164,35,538,32766,30594,110,2,64,98,3.57044e+06,0,0,0,0,1,2292,0,92,995,3518,0,0,0,0,0,0,0,0,1659,-1586,0,0,166
1892.87,0,0,0,0,99,2364,1.54151,0.0154114,1.54509,42,0,28,29,29,0,-2,0,0,0,56,3497,4024,1018,164,35,538,32766,30594,110,2,64,98,3.55995e+06,0,0,0,0,1,815,2007,0,995,3494,0,0,0,0,0,0,0,0,1659,-1696,0,0,166
1892.88,0,0,0,0,100,2384,1.54128,0.0153743,1.54514,42,0,28,29,29,0,-2,0,0,0,56,3497,4024,1018,164,35,538,32766,30594,110,2,64,98,3.55995e+06,0,0,0,0,1,0,2315,0,1017,3509,0,0,0,0,0,0,0,0,1659,-1572,0,0,166
1892.89,0,0,0,0,99,2384,1.54106,0.0153372,1.54519,42,0,28,29,29,0,-2,0,0,0,56,3480,4024,969,164,35,538,32766,30594,110,2,64,98,3.37212e+06,0,0,0,0,1,0,2315,0,1017,3509,0,0,0,0,0,0,0,0,1659,-1572,0,0,166
1892.9,0,0,0,0,99,2389,1.54083,0.0153001,1.54524,42,0,28,29,29,0,-2,0,0,0,56,3483,4024,978,164,35,538,32700,30668,110,2,65,98,3.40637e+06,0,0,0,0,1,0,0,2500,1035,3509,0,0,0,0,0,0,0,0,1659,-1657,0,0,166
1892.91,0,0,0,0,100,2378,1.54082,0.0153195,1.54567,42,0,28,29,29,0,-2,0,0,0,56,3483,4024,973,164,35,538,32700,30668,110,2,65,98,3.38896e+06,0,0,0,0,1,2224,0,511,1048,3516,0,0,0,0,0,0,0,0,1659,-1729,0,0,166
1892.92,0,0,0,0,100,2365,1.54081,0.0153388,1.54611,42,0,28,29,29,0,-2,0,0,0,56,3483,4024,973,164,35,538,32700,30668,110,2,65,98,3.38896e+06,0,0,0,0,1,1454,1401,0,1018,3499,0,0,0,0,0,0,0,0,1659,-1668,0,0,166
1892.93,0,0,0,0,100,2372,1.5408,0.0153581,1.54654,42,0,28,29,29,0,-2,0,0,0,56,3485,4024,1028,164,35,538,32700,30668,110,2,65,98,3.58258e+06,0,0,0,0,1,0,2370,0,993,3511,0,0,0,0,0,0,0,0,1659,-1613,0,0,166
1892.94,0,0,0,0,99,2398,1.54079,0.0153775,1.54697,42,0,28,29,29,0,-2,0,0,0,56,3485,4024,1017,164,35,538,32700,30668,110,2,65,98,3.54424e+06,0,0,0,0,1,0,0,2500,1015,3492,0,0,0,0,0,0,0,0,1659,-1617,0,0,166
1892.95,0,0,0,0,100,2398,1.54079,0.0153968,1.54741,42,0,28,29,29,0,-2,0,0,0,56,3485,4024,1030,164,35,538,32700,30668,110,2,65,98,3.58955e+06,0,0,0,0,1,0,0,2500,1015,3492,0,0,0,0,0,0,0,0,1659,-1617,0,0,166
1892.96,0,0,0,0,99,2404,1.54078,0.0154161,1.54784,42,0,28,29,29,0,-2,0,0,0,56,3485,4024,1030,165,35,538,32700,30668,110,2,65,98,3.58955e+06,0,0,0,0,1,1310,0,1535,1037,3503,0,0,0,0,0,0,0,0,1659,-1567,0,0,166
1892.97,0,0,0,0,99,2399,1.54077,0.0154354,1.54827,42,0,28,29,29,0,-2,0,0,0,56,3480,4021,982,165,35,538,32700,30668,110,2,65,98,3.41736e+06,0,0,0,0,1,2500,0,0,1053,3473,0,0,0,0,0,0,0,0,1659,-1686,0,0,166
1892.98,0,0,0,0,99,2383,1.54076,0.0154548,1.5487,42,0,28,29,29,0,-2,0,0,0,56,3480,4021,978,165,35,538,32700,30668,110,2,65,98,3.40344e+06,0,0,0,0,1,286,2308,0,1047,3470,0,0,0,0,0,0,0,0,1659,-1724,0,0,166
1892.99,0,0,0,0,99,2382,1.54075,0.0154741,1.54914,42,0,28,29,29,0,-2,0,0,0,56,3486,4021,1000,165,35,538,32700,30668,110,2,65,98,3.486e+06,0,0,0,0,1,0,2396,0,1009,3511,0,0,0,0,0,0,0,0,1659,-1570,0,0,166
1893,0,0,0,0,100,2397,1.54074,0.0154934,1.54957,42,0,28,29,29,0,-2,0,0,0,55,3486,4021,1000,165,35,538,32709,30461,109,2,87,98,3.486e+06,0,0,0,0,1,0,0,2500,1011,3481,0,0,0,0,0,0,0,0,1659,-1664,0,0,166
1893.01,0,0,0,0,100,2397,1.54064,0.0154973,1.54894,42,0,28,29,29,0,-2,0,0,0,55,3481,4021,1032,165,35,538,32709,30461,109,2,87,98,3.59239e+06,0,0,0,0,1,0,0,2500,1011,3481,0,0,0,0,0,0,0,0,1659,-1664,0,0,166
1893.02,0,0,0,0,99,2421,1.54055,0.0155011,1.54831,42,0,28,29,29,0,-2,0,0,0,55,3481,4021,1009,165,35,538,32709,30461,109,2,87,98,3.51233e+06,0,0,0,0,1,1440,0,1472,1028,3500,0,0,0,0,0,0,0,0,1659,-1704,0,0,166
1893.03,0,0,0,0,99,2431,1.54045,0.015505,1.54768,42,0,28,29,29,0,-2,0,0,0,55,3476,4021,1008,165,35,538,32709,30461,109,2,87,98,3.50381e+06,0,0,0,0,1,2500,0,0,1059,3500,0,0,0,0,0,0,0,0,1659,-1582,0,0,166
1893.04,0,0,0,0,100,2420,1.54035,0.0155089,1.54704,42,0,28,29,29,0,-2,0,0,0,55,3476,4021,1008,165,35,538,32709,30461,109,2,87,98,3.50381e+06,0,0,0,0,1,2345,171,0,1076,3458,0,0,0,0,0,0,0,0,1659,-1638,0,0,166
1893.05,0,0,0,0,99,2396,1.54025,0.0155127,1.54641,42,0,28,29,29,0,-2,0,0,0,55,3476,4021,1003,165,35,538,32709,30461,109,2,87,98,3.48643e+06,0,0,0,0,1,0,2500,0,1031,3516,0,0,0,0,0,0,0,0,1659,-1578,0,0,166
1893.06,0,0,0,0,99,2398,1.54016,0.0155166,1.54578,42,0,28,29,29,0,-2,0,0,0,55,3476,4021,1021,165,35,538,32709,30461,109,2,87,98,3.549e+06,0,0,0,0,1,0,802,1914,1015,3477,0,0,0,0,0,0,0,0,1659,-1691,0,0,166
1893.07,0,0,0,0,99,2398,1.54006,0.0155205,1.54515,42,0,28,29,29,0,-2,0,0,0,55,3476,4021,1029,165,35,538,32709,30461,109,2,87,98,3.5768e+06,0,0,0,0,1,0,802,1914,1015,3477,0,0,0,0,0,0,0,0,1659,-1691,0,0,166
1893.08,0,0,0,0,100,2417,1.53996,0.0155243,1.54452,42,0,28,29,29,0,-2,0,0,0,55,3476,4021,1029,165,35,538,32709,30461,109,2,87,98,3.5768e+06,0,0,0,0,1,0,0,2500,1023,3458,0,0,0,0,0,0,0,0,1659,-1667,0,0,166
1893.09,0,0,0,0,100,2433,1.53986,0.0155282,1.54389,42,0,28,29,29,0,-2,0,0,0,55,3469,4021,1021,165,35,538,32709,30461,109,2,87,98,3.54185e+06,0,0,0,0,1,1577,0,1346,1042,3490,0,0,0,0,0,0,0,0,1659,-1719,0,0,166
1893.1,0,0,0,0,99,2426,1.53977,0.0155321,1.54325,42,0,28,29,29,0,-2,0,0,0,55,3469,4021,997,165,35,538,32629,30300,110,2,87,98,3.45859e+06,0,0,0,0,1,2500,0,0,1070,3488,0,0,0,0,0,0,0,0,1659,-1675,0,0,166
1893.11,0,0,0,0,99,2417,1.53959,0.0155299,1.54329,42,0,28,29,29,0,-2,0,0,0,55,3469,4021,980,165,35,538,32629,30300,110,2,87,98,3.39962e+06,0,0,0,0,1,1829,823,0,1048,3485,0,0,0,0,0,0,0,0,1659,-1589,0,0,166
1893.12,0,0,0,0,99,2410,1.53941,0.0155277,1.54333,42,0,28,29,29,0,-2,0,0,0,55,3469,4021,980,165,35,538,32629,30300,110,2,87,98,3.39962e+06,0,0,0,0,1,0,2500,0,1030,3503,0,0,0,0,0,0,0,0,1659,-1632,0,0,166
1893.13,0,0,0,0,99,2410,1.53923,0.0155255,1.54336,42,0,28,29,29,0,-2,0,0,0,55,3477,4024,1040,165,35,538,32629,30300,110,2,87,98,3.61608e+06,0,0,0,0,1,0,2500,0,1030,3503,0,0,0,0,0,0,0,0,1659,-1632,0,0,166
1893.14,0,0,0,0,99,2418,1.53906,0.0155233,1.5434,42,0,28,29,29,0,-2,0,0,0,55,3477,4024,1048,165,35,538,32629,30300,110,2,87,98,3.6439e+06,0,0,0,0,1,0,1554,1217,1015,3492,0,0,0,0,0,0,0,0,1659,-1598,0,0,166
1893.15,0,0,0,0,99,2435,1.53888,0.0155211,1.54343,42,0,28,29,29,0,-2,0,0,0,55,3480,4024,1032,165,35,538,32629,30300,110,2,87,98,3.59136e+06,0,0,0,0,1,0,0,2427,1040,3483,0,0,0,0,0,0,0,0,1659,-1574,0,0,166
1893.16,0,0,0,0,100,2440,1.5387,0.0155189,1.54347,42,0,28,29,29,0,-2,0,0,0,55,3480,4024,1032,165,35,538,32629,30300,110,2,87,98,3.59136e+06,0,0,0,0,1,0,0,2500,1059,3440,0,0,0,0,0,0,0,0,1659,-1682,0,0,166
1893.17,0,0,0,0,99,2430,1.53853,0.0155167,1.5435,42,0,28,29,29,0,-2,0,0,0,55,3468,4024,996,165,35,538,32629,30300,110,2,87,98,3.45413e+06,0,0,0,0,1,2063,0,842,1077,3503,0,0,0,0,0,0,0,0,1659,-1787,0,0,166
1893.18,0,0,0,0,99,2411,1.53835,0.0155145,1.54354,42,0,28,29,29,0,-2,0,0,0,55,3468,4024,1003,165,35,538,32629,30300,110,2,87,98,3.4784e+06,0,0,0,0,1,2500,0,0,1051,3453,0,0,0,0,0,0,0,0,1659,-1716,0,0,166
1893.19,0,0,0,0,99,2411,1.53817,0.0155123,1.54357,42,0,28,29,29,0,-2,0,0,0,55,3483,4024,1008,165,35,538,32629,30300,110,2,87,98,3.51086e+06,0,0,0,0,1,2500,0,0,1051,3453,0,0,0,0,0,0,0,0,1659,-1716,0,0,166
1893.2,0,0,0,0,100,2417,1.538,0.0155101,1.54361,42,0,28,29,29,0,-2,0,0,0,56,3483,4024,1008,165,35,538,32550,30248,109,2,64,98,3.51086e+06,0,0,0,0,1,692,2009,0,1018,3485,0,0,0,0,0,0,0,0,1659,-1641,0,0,166
1893.21,0,0,0,0,100,2439,1.53816,0.0154875,1.54404,42,0,28,29,29,0,-2,0,0,0,56,3483,4026,1050,165,35,538,32550,30248,109,2,64,98,3.65715e+06,0,0,0,0,1,0,2500,0,1029,3505,0,0,0,0,0,0,0,0,1659,-1648,0,0,166
1893.22,0,0,0,0,100,2452,1.53832,0.0154648,1.54447,42,0,28,29,29,0,-2,0,0,0,56,3467,4026,1041,165,35,538,32550,30248,109,2,64,98,3.60915e+06,0,0,0,0,1,0,2384,0,1063,3490,0,0,0,0,0,0,0,0,1659,-1585,0,0,166
1893.23,0,0,0,0,99,2449,1.53848,0.0154422,1.5449,42,0,28,29,29,0,-2,0,0,0,56,3467,4026,1032,165,35,538,32550,30248,109,2,64,98,3.57794e+06,0,0,0,0,1,0,874,2008,1075,3462,0,0,0,0,0,0,0,0,1659,-1750,0,0,166
1893.24,0,0,0,0,99,2432,1.53864,0.0154196,1.54533,42,0,28,29,29,0,-2,0,0,0,56,3467,4026,1032,165,35,538,32550,30248,109,2,64,98,3.57794e+06,0,0,0,0,1,0,0,2500,1069,3477,0,0,0,0,0,0,0,0,1659,-1627,0,0,166
1893.25,0,0,0,0,100,2432,1.5388,0.0153969,1.54575,42,0,28,29,29,0,-2,0,0,0,56,3467,4026,1009,165,35,538,32550,30248,109,2,64,98,3.4982e+06,0,0,0,0,1,0,0,2500,1069,3477,0,0,0,0,0,0,0,0,1659,-1627,0,0,166
1893.26,0,0,0,0,100,2427,1.53896,0.0153743,1.54618,42,0,28,29,29,0,-2,0,0,0,56,3480,4026,1035,165,35,538,32550,30248,109,2,64,98,3.6018e+06,0,0,0,0,1,966,0,1740,1037,3477,0,0,0,0,0,0,0,0,1659,-1633,0,0,166
1893.27,0,0,0,0,100,2439,1.53912,0.0153516,1.54661,42,0,28,29,29,0,-2,0,0,0,56,3480,4026,1046,164,35,538,32550,30248,109,2,64,98,3.64008e+06,0,0,0,0,1,2395,0,0,1029,3500,0,0,0,0,0,0,0,0,1659,-1594,0,0,166
1893.28,0,0,0,0,100,2457,1.53928,0.015329,1.54704,42,0,28,29,29,0,-2,0,0,0,56,3480,4026,1046,164,35,538,32550,30248,109,2,64,98,3.64008e+06,0,0,0,0,1,2500,0,0,1038,3466,0,0,0,0,0,0,0,0,1659,-1663,0,0,166
1893.29,0,0,0,0,100,2469,1.53945,0.0153064,1.54747,42,0,28,29,29,0,-2,0,0,0,56,3480,4020,1043,164,35,538,32550,30248,109,2,64,98,3.62964e+06,0,0,0,0,1,2500,0,0,1070,3440,0,0,0,0,0,0,0,0,1659,-1643,0,0,166
1893.3,0,0,0,0,100,2462,1.53961,0.0152837,1.5479,42,0,28,29,29,0,-2,0,0,0,56,3460,4020,1018,164,35,538,32556,30190,109,2,87,98,3.52228e+06,0,0,0,0,1,1609,1275,0,1082,3470,0,0,0,0,0,0,0,0,1659,-1688,0,0,166
1893.31,0,0,0,0,100,2462,1.53961,0.015295,1.54773,42,0,28,29,29,0,-2,0,0,0,56,3460,4020,1026,164,35,538,32556,30190,109,2,87,98,3.54996e+06,0,0,0,0,1,1609,1275,0,1082,3470,0,0,0,0,0,0,0,0,1659,-1688,0,0,166
1893.32,0,0,0,0,100,2450,1.53962,0.0153062,1.54757,42,0,28,29,29,0,-2,0,0,0,56,3460,4020,1026,164,35,538,32556,30190,109,2,87,98,3.54996e+06,0,0,0,0,1,216,2291,0,1063,3475,0,0,0,0,0,0,0,0,1659,-1622,0,0,166
1893.33,0,0,0,0,99,2455,1.53962,0.0153174,1.5474,42,0,28,29,29,0,-2,0,0,0,56,3474,4020,1045,164,35,538,32556,30190,109,2,87,98,3.63033e+06,0,0,0,0,1,0,2500,0,1034,3503,0,0,0,0,0,0,0,0,1659,-1626,0,0,166
1893.34,0,0,0,0,99,2472,1.53962,0.0153287,1.54724,42,0,28,29,29,0,-2,0,0,0,56,3474,4020,1062,164,35,538,32556,30190,109,2,87,98,3.68939e+06,0,0,0,0,1,0,2500,0,1059,3481,0,0,0,0,0,0,0,0,1659,-1672,0,0,166
1893.35,0,0,0,0,99,2479,1.53963,0.0153399,1.54707,42,0,28,29,29,0,-2,0,0,0,56,3474,4020,1072,164,35,538,32556,30190,109,2,87,98,3.72413e+06,0,0,0,0,1,0,2230,166,1065,3492,0,0,0,0,0,0,0,0,1659,-1566,0,0,166
1893.36,0,0,0,0,99,2477,1.53963,0.0153512,1.54691,42,0,28,29,29,0,-2,0,0,0,56,3474,4020,1072,164,35,538,32556,30190,109,2,87,98,3.72413e+06,0,0,0,0,1,0,1524,1332,1087,3470,0,0,0,0,0,0,0,0,1659,-1709,0,0,166
1893.37,0,0,0,0,99,2477,1.53964,0.0153624,1.54674,42,0,28,29,29,0,-2,0,0,0,56,3459,4020,1025,164,35,538,32556,30190,109,2,87,98,3.54548e+06,0,0,0,0,1,0,1524,1332,1087,3470,0,0,0,0,0,0,0,0,1659,-1709,0,0,166
1893.38,0,0,0,0,99,2466,1.53964,0.0153737,1.54658,42,0,28,29,29,0,-2,0,0,0,56,3459,4020,1017,164,35,538,32556,30190,109,2,87,98,3.5178e+06,0,0,0,0,1,0,556,2195,1074,3447,0,0,0,0,0,0,0,0,1659,-1721,0,0,166
1893.39,0,0,0,0,99,2468,1.53964,0.0153849,1.54641,42,0,28,29,29,0,-2,0,0,0,56,3465,4020,1025,164,35,538,32556,30190,109,2,87,98,3.55162e+06,0,0,0,0,1,0,0,2437,1057,3475,0,0,0,0,0,0,0,0,1659,-1551,0,0,166
1893.4,0,0,0,0,99,2479,1.53965,0.0153961,1.54625,42,0,28,29,29,0,-2,0,0,0,56,3465,4020,1025,164,35,538,32563,30395,110,2,64,98,3.55162e+06,0,0,0,0,1,0,0,2500,1049,3458,0,0,0,0,0,0,0,0,1659,-1668,0,0,166
1893.41,0,0,0,0,100,2498,1.53949,0.0153696,1.54611,42,0,28,29,29,0,-2,0,0,0,56,3472,4020,1078,164,35,538,32563,30395,110,2,64,98,3.74282e+06,0,0,0,0,1,0,0,2500,1067,3456,0,0,0,0,0,0,0,0,1659,-1680,0,0,166
1893.42,0,0,0,0,100,2501,1.53934,0.0153431,1.54597,42,0,28,29,29,0,-2,0,0,0,56,3472,4020,1062,164,35,538,32563,30395,110,2,64,98,3.68726e+06,0,0,0,0,1,0,0,2500,1089,3447,0,0,0,0,0,0,0,0,1659,-1719,0,0,166
1893.43,0,0,0,0,100,2501,1.53918,0.0153167,1.54583,42,0,28,29,29,0,-2,0,0,0,56,3472,4020,1047,164,35,538,32563,30395,110,2,64,98,3.63518e+06,0,0,0,0,1,0,0,2500,1089,3447,0,0,0,0,0,0,0,0,1659,-1719,0,0,166
1893.44,0,0,0,0,99,2489,1.53903,0.0152902,1.54569,42,0,28,29,29,0,-2,0,0,0,56,3472,4020,1047,164,35,538,32563,30395,110,2,64,98,3.63518e+06,0,0,0,0,1,0,0,2500,1100,3444,0,0,0,0,0,0,0,0,1659,-1751,0,0,166
1893.45,0,0,0,0,99,2475,1.53887,0.0152637,1.54555,42,0,28,29,29,0,-2,0,0,0,56,3458,4020,1036,164,35,538,32563,30395,110,2,64,98,3.58249e+06,0,0,0,0,1,0,0,2500,1073,3419,0,0,0,0,0,0,0,0,1659,-1680,0,0,166
1893.46,0,0,0,0,99,2485,1.53872,0.0152372,1.54541,42,0,28,29,29,0,-2,0,0,0,56,3458,4020,1043,164,35,538,32563,30395,110,2,64,98,3.60669e+06,0,0,0,0,1,0,0,2349,1056,3449,0,0,0,0,0,0,0,0,1659,-1654,0,0,166
1893.47,0,0,0,0,100,2494,1.53856,0.0152107,1.54527,42,0,28,29,29,0,-2,0,0,0,56,3470,4020,1045,164,35,538,32563,30395,110,2,64,98,3.62615e+06,0,0,0,0,1,69,0,2299,1069,3444,0,0,0,0,0,0,0,0,1659,-1655,0,0,166
1893.48,0,0,0,0,99,2505,1.53841,0.0151842,1.54513,42,0,28,29,29,0,-2,0,0,0,56,3470,4020,1045,164,35,538,32563,30395,110,2,64,98,3.62615e+06,0,0,0,0,1,0,0,2412,1083,3419,0,0,0,0,0,0,0,0,1659,-1688,0,0,166
1893.49,0,0,0,0,100,2505,1.53825,0.0151577,1.54499,42,0,28,29,29,0,-2,0,0,0,56,3461,4020,1056,164,35,538,32563,30395,110,2,64,98,3.65482e+06,0,0,0,0,1,0,0,2412,1083,3419,0,0,0,0,0,0,0,0,1659,-1688,0,0,166
1893.5,0,0,0,0,99,2501,1.5381,0.0151312,1.54485,42,0,28,29,29,0,-2,0,0,0,56,3461,4019,1035,164,35,538,32556,30489,109,2,65,98,3.58214e+06,0,0,0,0,1,0,0,2500,1091,3436,0,0,0,0,0,0,0,0,1659,-1703,0,0,166
1893.51,0,0,0,0,100,2498,1.53817,0.0151496,1.54503,42,0,28,29,29,0,-2,0,0,0,56,3461,4019,1015,164,35,538,32556,30489,109,2,65,98,3.51292e+06,0,0,0,0,1,0,0,2500,1089,3423,0,0,0,0,0,0,0,0,1659,-1704,0,0,166
1893.52,0,0,0,0,100,2494,1.53825,0.015168,1.54521,42,0,28,29,29,0,-2,0,0,0,56,3461,4019,1015,164,35,538,32556,30489,109,2,65,98,3.51292e+06,0,0,0,0,1,0,0,2500,1070,3425,0,0,0,0,0,0,0,0,1659,-1625,0,0,166
1893.53,0,0,0,0,100,2504,1.53833,0.0151864,1.5454,42,0,28,29,29,0,-2,0,0,0,56,3463,4019,1063,164,35,538,32556,30489,109,2,65,98,3.68117e+06,0,0,0,0,1,0,0,2500,1076,3419,0,0,0,0,0,0,0,0,1659,-1657,0,0,166
1893.54,0,0,0,0,100,2510,1.5384,0.0152048,1.54558,42,0,28,29,29,0,-2,0,0,0,56,3469,4019,1075,164,35,538,32556,30489,109,2,65,98,3.72918e+06,0,0,0,0,1,0,0,2500,1081,3427,0,0,0,0,0,0,0,0,1659,-1681,0,0,166
1893.55,0,0,0,0,99,2510,1.53848,0.0152233,1.54576,42,0,28,29,29,0,-2,0,0,0,56,3469,4019,1072,164,35,538,32556,30489,109,2,65,98,3.71877e+06,0,0,0,0,1,0,0,2500,1081,3427,0,0,0,0,0,0,0,0,1659,-1681,0,0,166
1893.56,0,0,0,0,99,2512,1.53855,0.0152417,1.54594,42,0,28,29,29,0,-2,0,0,0,56,3469,4019,1072,164,35,538,32556,30489,109,2,65,98,3.71877e+06,0,0,0,0,1,0,0,2500,1103,3442,0,0,0,0,0,0,0,0,1659,-1736,0,0,166
1893.57,0,0,0,0,100,2499,1.53863,0.0152601,1.54613,42,0,28,29,29,0,-2,0,0,0,56,3451,4019,1031,164,35,538,32556,30489,109,2,65,98,3.55798e+06,0,0,0,0,1,0,0,2500,1081,3442,0,0,0,0,0,0,0,0,1659,-1688,0,0,166
1893.58,0,0,0,0,100,2506,1.53871,0.0152785,1.54631,42,0,28,29,29,0,-2,0,0,0,56,3451,4023,1042,164,35,538,32556,30489,109,2,65,98,3.59594e+06,0,0,0,0,1,0,0,2500,1068,3449,0,0,0,0,0,0,0,0,1659,-1674,0,0,166
1893.59,0,0,0,0,100,2517,1.53878,0.0152969,1.54649,42,0,28,29,29,0,-2,0,0,0,56,3451,4023,1051,164,35,538,32556,30489,109,2,65,98,3.627e+06,0,0,0,0,1,0,0,2500,1070,3481,0,0,0,0,0,0,0,0,1659,-1593,0,0,166
1893.6,0,0,0,0,100,2525,1.53886,0.0153153,1.54668,42,0,28,29,28,0,-2,0,0,0,56,3451,4023,1051,164,35,538,32395,30157,109,2,64,98,3.627e+06,0,0,0,0,1,0,132,2367,1103,3438,0,0,0,0,0,0,0,0,1659,-1684,0,0,166
1893.61,0,0,0,0,100,2525,1.53885,0.0153132,1.54627,42,0,28,29,28,0,-2,0,0,0,56,3458,4023,1085,164,35,538,32395,30157,109,2,64,98,3.75193e+06,0,0,0,0,1,0,132,2367,1103,3438,0,0,0,0,0,0,0,0,1659,-1684,0,0,166
1893.62,0,0,0,0,100,2520,1.53884,0.015311,1.54586,42,0,28,29,28,0,-2,0,0,0,56,3458,4023,1076,164,35,538,32395,30157,109,2,64,98,3.72081e+06,0,0,0,0,1,0,679,2137,1097,3432,0,0,0,0,0,0,0,0,1659,-1692,0,0,166
1893.63,0,0,0,0,100,2514,1.53883,0.0153089,1.54546,42,0,28,29,28,0,-2,0,0,0,56,3448,4023,1062,164,35,538,32395,30157,109,2,64,98,3.66178e+06,0,0,0,0,1,0,1067,1844,1100,3442,0,0,0,0,0,0,0,0,1659,-1743,0,0,166
1893.64,0,0,0,0,100,2511,1.53883,0.0153068,1.54505,42,0,28,29,28,0,-2,0,0,0,56,3448,4023,1062,164,35,538,32395,30157,109,2,64,98,3.66178e+06,0,0,0,0,1,0,1376,1511,1074,3468,0,0,0,0,0,0,0,0,1659,-1675,0,0,166
1893.65,0,0,0,0,100,2522,1.53882,0.0153046,1.54465,42,0,28,29,28,0,-2,0,0,0,56,3453,4023,1062,164,35,538,32395,30157,109,2,64,98,3.66709e+06,0,0,0,0,1,0,2128,361,1081,3479,0,0,0,0,0,0,0,0,1659,-1577,0,0,166
1893.66,0,0,0,0,100,2533,1.53881,0.0153025,1.54424,42,0,28,29,28,0,-2,0,0,0,56,3453,4023,1065,164,35,538,32395,30157,109,2,64,98,3.67744e+06,0,0,0,0,1,0,2500,0,1077,3473,0,0,0,0,0,0,0,0,1659,-1611,0,0,166
1893.67,0,0,0,0,99,2533,1.5388,0.0153003,1.54384,42,0,28,29,28,0,-2,0,0,0,56,3453,4026,1080,164,35,538,32395,30157,109,2,64,98,3.72924e+06,0,0,0,0,1,0,2500,0,1077,3473,0,0,0,0,0,0,0,0,1659,-1611,0,0,166
1893.68,0,0,0,0,100,2542,1.5388,0.0152982,1.54343,42,0,28,29,28,0,-2,0,0,0,56,3453,4026,1080,165,35,538,32395,30157,109,2,64,98,3.72924e+06,0,0,0,0,1,0,2500,0,1099,3466,0,0,0,0,0,0,0,0,1659,-1607,0,0,166
1893.69,0,0,0,0,99,2536,1.53879,0.015296,1.54303,42,0,28,29,28,0,-2,0,0,0,56,3452,4026,1067,165,35,538,32395,30157,109,2,64,98,3.68328e+06,0,0,0,0,1,0,2003,582,1114,3475,0,0,0,0,0,0,0,0,1659,-1604,0,0,166
1893.7,0,0,0,0,99,2532,1.53878,0.0152939,1.54262,42,0,28,29,29,0,-2,0,0,0,56,3449,4026,1057,165,35,538,32464,30169,110,2,87,98,3.64559e+06,0,0,0,0,1,0,1855,707,1089,3477,0,0,0,0,0,0,0,0,1659,-1576,0,0,166
1893.71,0,0,0,0,99,2538,1.53865,0.0152762,1.54245,42,0,28,29,29,0,-2,0,0,0,56,3449,4026,1046,165,35,538,32464,30169,110,2,87,98,3.60765e+06,0,0,0,0,1,0,2500,0,1090,3458,0,0,0,0,0,0,0,0,1659,-1646,0,0,166
1893.72,0,0,0,0,100,2548,1.53852,0.0152586,1.54229,42,0,28,29,29,0,-2,0,0,0,56,3449,4026,1046,165,35,538,32464,30169,110,2,87,98,3.60765e+06,0,0,0,0,1,0,2500,0,1098,3468,0,0,0,0,0,0,0,0,1659,-1584,0,0,166
1893.73,0,0,0,0,100,2549,1.53839,0.0152409,1.54212,42,0,28,29,29,0,-2,0,0,0,56,3454,4026,1081,165,35,538,32464,30169,110,2,87,98,3.73377e+06,0,0,0,0,1,812,2034,0,1105,3449,0,0,0,0,0,0,0,0,1659,-1712,0,0,166
1893.74,0,0,0,0,100,2549,1.53826,0.0152232,1.54195,42,0,28,29,29,0,-2,0,0,0,56,3454,4026,1106,165,35,538,32464,30169,110,2,87,98,3.82012e+06,0,0,0,0,1,812,2034,0,1105,3449,0,0,0,0,0,0,0,0,1659,-1619,0,0,166
1893.75,0,0,0,0,100,2548,1.53813,0.0152055,1.54178,42,0,28,29,29,0,-2,0,0,0,56,3454,4026,1101,165,35,538,32464,30169,110,2,87,98,3.80285e+06,0,0,0,0,1,2429,0,0,1103,3419,0,0,0,0,0,0,0,0,1659,-1619,0,0,166
1893.76,0,0,0,0,99,2543,1.538,0.0151879,1.54162,42,0,28,29,29,0,-2,0,0,0,56,3454,4026,1101,165,35,538,32464,30169,110,2,87,98,3.80285e+06,0,0,0,0,1,2500,0,0,1092,3451,0,0,0,0,0,0,0,0,1659,-1647,0,0,166
1893.77,0,0,0,0,99,2551,1.53787,0.0151702,1.54145,42,0,28,29,29,0,-2,0,0,0,56,3447,4026,1061,165,35,538,32464,30169,110,2,87,98,3.65727e+06,0,0,0,0,1,2266,0,254,1087,3477,0,0,0,0,0,0,0,0,1659,-1623,0,0,166
1893.78,0,0,0,0,99,2562,1.53774,0.0151525,1.54128,42,0,28,29,29,0,-2,0,0,0,56,3445,4026,1064,165,35,538,32464,30169,110,2,87,98,3.66548e+06,0,0,0,0,1,484,0,1994,1089,3444,0,0,0,0,0,0,0,0,1659,-1576,0,0,166
1893.79,0,0,0,0,100,2576,1.53761,0.0151348,1.54111,42,0,28,29,29,0,-2,0,0,0,56,3445,4026,1068,166,35,538,32464,30169,110,2,87,98,3.67926e+06,0,0,0,0,1,0,0,2500,1109,3462,0,0,0,0,0,0,0,0,1659,-1580,0,0,166
1893.8,0,0,0,0,100,2576,1.53748,0.0151172,1.54095,42,0,28,29,30,0,-2,0,0,0,56,3445,4026,1068,166,35,538,32423,30363,109,2,65,98,3.67926e+06,0,0,0,0,1,0,0,2500,1109,3462,0,0,0,0,0,0,0,0,1659,-1580,0,0,166
1893.81,0,0,0,0,100,2571,1.53751,0.0151344,1.54142,42,0,28,29,30,0,-2,0,0,0,56,3450,4026,1091,166,35,538,32423,30363,109,2,65,98,3.76395e+06,0,0,0,0,1,0,1406,1500,1120,3444,0,0,0,0,0,0,0,0,1659,-1580,0,0,166
1893.82,0,0,0,0,100,2559,1.53754,0.0151516,1.54189,42,0,28,29,30,0,-2,0,0,0,56,3450,4026,1087,166,35,538,32423,30363,109,2,65,98,3.75015e+06,0,0,0,0,1,0,2500,0,1125,3453,0,0,0,0,0,0,0,0,1659,-1705,0,0,166
1893.83,0,0,0,0,99,2558,1.53756,0.0151688,1.54237,42,0,28,29,30,0,-2,0,0,0,56,3445,4026,1072,166,35,538,32423,30363,109,2,65,98,3.69304e+06,0,0,0,0,1,57,2302,0,1087,3464,0,0,0,0,0,0,0,0,1659,-1571,0,0,166
1893.84,0,0,0,0,100,2569,1.53759,0.0151861,1.54284,42,0,28,29,30,0,-2,0,0,0,56,3445,4026,1072,166,35,538,32423,30363,109,2,65,98,3.69304e+06,0,0,0,0,1,2028,399,0,1093,3451,0,0,0,0,0,0,0,0,1659,-1520,0,0,166
1893.85,0,0,0,0,100,2577,1.53762,0.0152033,1.54331,42,0,28,29,30,0,-2,0,0,0,56,3447,4026,1074,166,35,538,32423,30363,109,2,65,98,3.70208e+06,0,0,0,0,1,2500,0,0,1101,3466,0,0,0,0,0,0,0,0,1659,-1533,0,0,166
1893.86,0,0,0,0,99,2577,1.53765,0.0152205,1.54379,42,0,28,29,30,0,-2,0,0,0,56,3447,4026,1089,166,35,538,32423,30363,109,2,65,98,3.75378e+06,0,0,0,0,1,2500,0,0,1101,3466,0,0,0,0,0,0,0,0,1659,-1598,0,0,166
1893.87,0,0,0,0,100,2579,1.53768,0.0152377,1.54426,42,0,28,29,30,0,-2,0,0,0,56,3443,4026,1106,166,35,538,32423,30363,109,2,65,98,3.80796e+06,0,0,0,0,1,1056,0,1727,1120,3430,0,0,0,0,0,0,0,0,1659,-1716,0,0,166
1893.88,0,0,0,0,99,2574,1.53771,0.015255,1.54473,42,0,28,29,30,0,-2,0,0,0,56,3443,4026,1106,166,35,538,32423,30363,109,2,65,98,3.80796e+06,0,0,0,0,1,2058,0,736,1119,3479,0,0,0,0,0,0,0,0,1659,-1716,0,0,166
1893.89,0,0,0,0,99,2573,1.53774,0.0152722,1.54521,42,0,28,29,30,0,-2,0,0,0,56,3443,4026,1075,167,35,538,32423,30363,109,2,65,98,3.70122e+06,0,0,0,0,1,0,0,2441,1113,3406,0,0,0,0,0,0,0,0,1659,-1607,0,0,166
1893.9,0,0,0,0,100,2571,1.53777,0.0152894,1.54568,42,0,28,29,29,0,-2,0,0,0,56,3443,4026,1070,167,35,538,32391,30471,110,2,68,98,3.68401e+06,0,0,0,0,1,0,0,2500,1104,3436,0,0,0,0,0,0,0,0,1659,-1575,0,0,166
1893.91,0,0,0,0,99,2580,1.53784,0.0152728,1.54555,42,0,28,29,29,0,-2,0,0,0,56,3448,4026,1091,167,35,538,32391,30471,110,2,68,98,3.76177e+06,0,0,0,0,1,0,1943,531,1101,3462,0,0,0,0,0,0,0,0,1659,-1553,0,0,166
1893.92,0,0,0,0,100,2586,1.5379,0.0152561,1.54542,42,0,28,29,29,0,-2,0,0,0,56,3448,4026,1091,167,35,538,32391,30471,110,2,68,98,3.76177e+06,0,0,0,0,1,0,2500,0,1108,3456,0,0,0,0,0,0,0,0,1659,-1555,0,0,166
1893.93,0,0,0,0,100,2579,1.53797,0.0152395,1.54529,42,0,28,29,29,0,-2,0,0,0,56,3448,4026,1105,167,35,538,32391,30471,110,2,68,98,3.81004e+06,0,0,0,0,1,2011,527,0,1127,3444,0,0,0,0,0,0,0,0,1659,-1564,0,0,166
1893.94,0,0,0,0,100,2579,1.53804,0.0152228,1.54516,42,0,28,29,29,0,-2,0,0,0,56,3440,4026,1100,167,35,538,32391,30471,110,2,68,98,3.784e+06,0,0,0,0,1,2011,527,0,1127,3444,0,0,0,0,0,0,0,0,1659,-1564,0,0,166
1893.95,0,0,0,0,100,2575,1.5381,0.0152062,1.54503,42,0,28,29,29,0,-2,0,0,0,56,3440,4026,1081,167,35,538,32391,30471,110,2,68,98,3.71864e+06,0,0,0,0,1,2500,0,0,1096,3459,0,0,0,0,0,0,0,0,1659,-1551,0,0,166
1893.96,0,0,0,0,99,2585,1.53817,0.0151896,1.5449,42,0,28,29,29,0,-2,0,0,0,56,3440,4026,1081,167,35,538,32391,30471,110,2,68,98,3.71864e+06,0,0,0,0,1,1089,0,1695,1105,3444,0,0,0,0,0,0,0,0,1659,-1680,0,0,166
1893.97,0,0,0,0,99,2594,1.53824,0.0151729,1.54477,42,0,28,29,29,0,-2,0,0,0,56,3440,4026,1094,167,35,538,32391,30471,110,2,68,98,3.76336e+06,0,0,0,0,1,0,0,2494,1116,3432,0,0,0,0,0,0,0,0,1659,-1692,0,0,166
1893.98,0,0,0,0,99,2595,1.5383,0.0151563,1.54464,42,0,28,29,29,0,-2,0,0,0,56,3449,4026,1091,167,35,538,32391,30471,110,2,68,98,3.76286e+06,0,0,0,0,1,0,2452,0,1125,3442,0,0,0,0,0,0,0,0,1659,-1661,0,0,166
1893.99,0,0,0,0,100,2588,1.53837,0.0151396,1.5445,42,0,28,29,29,0,-2,0,0,0,56,3449,4026,1113,167,35,538,32391,30471,110,2,68,98,3.83874e+06,0,0,0,0,1,221,2362,0,1130,3438,0,0,0,0,0,0,0,0,1659,-1735,0,0,166
1894,0,0,0,0,100,2588,1.53843,0.015123,1.54437,42,0,28,29,29,0,-2,0,0,0,56,3449,4026,1113,168,35,538,32363,30443,110,2,67,98,3.83874e+06,0,0,0,0,1,221,2362,0,1130,3438,0,0,0,0,0,0,0,0,1659,-1735,0,0,166
1894.01,0,0,0,0,100,2584,1.53792,0.0151119,1.54416,42,0,28,29,29,0,-2,0,0,0,56,3433,4026,1094,168,35,538,32363,30443,110,2,67,98,3.7557e+06,0,0,0,0,1,2500,0,0,1115,3423,0,0,0,0,0,0,0,0,1659,-1675,0,0,166
1894.02,0,0,0,0,100,2586,1.53741,0.0151009,1.54395,42,0,28,29,29,0,-2,0,0,0,56,3433,4026,1096,168,35,538,32363,30443,110,2,67,98,3.76257e+06,0,0,0,0,1,2081,0,685,1102,3485,0,0,0,0,0,0,0,0,1659,-1699,0,0,166
1894.03,0,0,0,0,100,2600,1.53689,0.0150898,1.54374,42,0,28,29,29,0,-2,0,0,0,56,3433,4028,1080,168,35,538,32363,30443,110,2,67,98,3.70764e+06,0,0,0,0,1,0,0,2500,1110,3436,0,0,0,0,0,0,0,0,1659,-1683,0,0,166
1894.04,0,0,0,0,100,2612,1.53638,0.0150788,1.54353,42,0,28,29,29,0,-2,0,0,0,56,3433,4028,1080,168,35,538,32363,30443,110,2,67,98,3.70764e+06,0,0,0,0,1,0,2080,383,1108,3468,0,0,0,0,0,0,0,0,1659,-1546,0,0,166
1894.05,0,0,0,0,99,2611,1.53586,0.0150677,1.54332,42,0,28,29,29,0,-2,0,0,0,56,3444,4028,1106,168,35,538,32363,30443,110,2,67,98,3.80906e+06,0,0,0,0,1,464,2294,0,1154,3427,0,0,0,0,0,0,0,0,1659,-1728,0,0,166
1894.06,0,0,0,0,100,2611,1.53535,0.0150566,1.5431,42,0,28,29,29,0,-2,0,0,0,56,3444,4028,1114,168,35,538,32363,30443,110,2,67,98,3.83662e+06,0,0,0,0,1,464,2294,0,1154,3427,0,0,0,0,0,0,0,0,1659,-1728,0,0,166
1894.07,0,0,0,0,99,2607,1.53483,0.0150456,1.54289,42,0,28,29,29,0,-2,0,0,0,56,3439,4028,1098,168,35,538,32363,30443,110,2,67,98,3.77602e+06,0,0,0,0,1,2500,0,0,1117,3442,0,0,0,0,0,0,0,0,1659,-1616,0,0,166
1894.08,0,0,0,0,100,2610,1.53432,0.0150345,1.54268,42,0,28,29,29,0,-2,0,0,0,56,3439,4028,1098,168,35,538,32363,30443,110,2,67,98,3.77602e+06,0,0,0,0,1,560,0,2002,1115,3425,0,0,0,0,0,0,0,0,1659,-1585,0,0,166
1894.09,0,0,0,0,100,2619,1.5338,0.0150235,1.54247,42,0,28,29,29,0,-2,0,0,0,56,3439,4028,1109,168,35,538,32363,30443,110,2,67,98,3.81385e+06,0,0,0,0,1,0,489,2199,1134,3406,0,0,0,0,0,0,0,0,1659,-1698,0,0,166
1894.1,0,0,0,0,99,2620,1.53329,0.0150124,1.54226,42,0,28,29,29,0,-2,0,0,0,56,3439,4028,1101,169,35,538,32320,30441,110,2,64,98,3.78634e+06,0,0,0,0,1,0,2500,0,1127,3456,0,0,0,0,0,0,0,0,1659,-1606,0,0,166
1894.11,0,0,0,0,100,2621,1.53345,0.0150161,1.54232,42,0,28,29,29,0,-2,0,0,0,56,3439,4028,1108,169,35,538,32320,30441,110,2,64,98,3.81041e+06,0,0,0,0,1,2500,0,0,1141,3404,0,0,0,0,0,0,0,0,1659,-1652,0,0,166
1894.12,0,0,0,0,99,2621,1.53362,0.0150199,1.54239,42,0,28,29,29,0,-2,0,0,0,56,3439,4028,1108,169,35,538,32320,30441,110,2,64,98,3.81041e+06,0,0,0,0,1,2500,0,0,1141,3404,0,0,0,0,0,0,0,0,1659,-1652,0,0,166
1894.13,0,0,0,0,99,2620,1.53378,0.0150236,1.54246,42,0,28,29,29,0,-2,0,0,0,56,3431,4028,1108,169,35,538,32320,30441,110,2,64,98,3.80155e+06,0,0,0,0,1,596,0,1933,1127,3425,0,0,0,0,0,0,0,0,1659,-1614,0,0,166
1894.14,0,0,0,0,100,2628,1.53394,0.0150274,1.54253,42,0,28,29,29,0,-2,0,0,0,56,3431,4028,1102,169,35,538,32320,30441,110,2,64,98,3.78096e+06,0,0,0,0,1,0,224,2343,1133,3410,0,0,0,0,0,0,0,0,1659,-1683,0,0,166
1894.15,0,0,0,0,99,2637,1.53411,0.0150311,1.54259,42,0,28,29,29,0,-2,0,0,0,56,3425,4028,1101,169,35,538,32320,30441,110,2,64,98,3.77092e+06,0,0,0,0,1,0,2500,0,1125,3459,0,0,0,0,0,0,0,0,1659,-1552,0,0,166
1894.16,0,0,0,0,99,2646,1.53427,0.0150348,1.54266,42,0,28,29,29,0,-2,0,0,0,56,3425,4028,1101,169,35,538,32320,30441,110,2,64,98,3.77092e+06,0,0,0,0,1,2500,0,0,1133,3430,0,0,0,0,0,0,0,0,1659,-1674,0,0,166
1894.17,0,0,0,0,99,2637,1.53444,0.0150386,1.54273,42,0,28,29,29,0,-2,0,0,0,56,3437,4028,1126,169,35,538,32320,30441,110,2,64,98,3.87006e+06,0,0,0,0,1,0,0,2500,1166,3374,0,0,0,0,0,0,0,0,1659,-1673,0,0,166
1894.18,0,0,0,0,99,2637,1.5346,0.0150423,1.5428,42,0,28,29,29,0,-2,0,0,0,56,3437,4028,1137,169,35,538,32320,30441,110,2,64,98,3.90787e+06,0,0,0,0,1,0,0,2500,1166,3374,0,0,0,0,0,0,0,0,1659,-1673,0,0,166
1894.19,0,0,0,0,99,2630,1.53477,0.0150461,1.54287,42,0,28,29,29,0,-2,0,0,0,56,3437,4028,1113,169,35,538,32320,30441,110,2,64,98,3.82538e+06,0,0,0,0,1,0,1757,986,1147,3436,0,0,0,0,0,0,0,0,1659,-1649,0,0,166
1894.2,0,0,0,0,100,2635,1.53493,0.0150498,1.54293,42,0,28,29,29,0,-2,0,0,0,56,3437,4028,1113,170,35,538,32367,30597,110,2,68,4,3.82538e+06,0,0,0,0,1,689,2062,0,1125,3434,0,0,0,0,0,0,0,0,1659,-1673,0,0,166
1894.21,0,0,0,0,100,2645,1.53495,0.0150584,1.54302,42,0,28,29,29,0,-2,0,0,0,56,3429,4028,1103,170,35,538,32367,30597,110,2,68,4,3.78219e+06,0,0,0,0,1,2372,0,187,1151,3453,0,0,0,0,0,0,0,0,1659,-1669,0,0,166
1894.22,0,0,0,0,100,2653,1.53498,0.0150671,1.54311,42,0,28,29,29,0,-2,0,0,0,56,3436,4028,1106,170,35,538,32367,30597,110,2,68,4,3.80022e+06,0,0,0,0,1,0,0,2431,1150,3425,0,0,0,0,0,0,0,0,1659,-1601,0,0,166
1894.23,0,0,0,0,100,2655,1.53501,0.0150757,1.54319,42,0,28,29,29,0,-2,0,0,0,56,3436,4028,1124,170,35,538,32367,30597,110,2,68,4,3.86206e+06,0,0,0,0,1,0,2500,0,1146,3447,0,0,0,0,0,0,0,0,1659,-1555,0,0,166
1894.24,0,0,0,0,100,2655,1.53503,0.0150843,1.54328,42,0,28,29,29,0,-2,0,0,0,56,3436,4028,1124,170,35,538,32367,30597,110,2,68,4,3.86206e+06,0,0,0,0,1,0,2500,0,1146,3447,0,0,0,0,0,0,0,0,1659,-1555,0,0,166
1894.25,0,0,0,0,100,2648,1.53506,0.0150929,1.54336,42,0,28,29,29,0,-2,0,0,0,56,3434,4028,1130,170,35,538,32367,30597,110,2,68,4,3.88042e+06,0,0,0,0,1,2500,0,0,1145,3438,0,0,0,0,0,0,0,0,1659,-1716,0,0,166
1894.26,0,0,0,0,100,2648,1.53508,0.0151016,1.54345,42,0,28,29,29,0,-2,0,0,0,56,3434,4030,1109,170,35,538,32367,30597,110,2,68,4,3.80831e+06,0,0,0,0,1,0,0,2500,1142,3393,0,0,0,0,0,0,0,0,1659,-1688,0,0,166
1894.27,0,0,0,0,100,2651,1.53511,0.0151102,1.54354,42,0,28,29,29,0,-2,0,0,0,56,3434,4030,1111,170,35,538,32367,30597,110,2,68,4,3.81517e+06,0,0,0,0,1,0,2500,0,1133,3440,0,0,0,0,0,0,0,0,1659,-1620,0,0,166
1894.28,0,0,0,0,99,2656,1.53513,0.0151188,1.54362,42,0,28,29,29,0,-2,0,0,0,56,3434,4030,1111,170,35,538,32367,30597,110,2,68,4,3.81517e+06,0,0,0,0,1,2489,0,0,1157,3406,0,0,0,0,0,0,0,0,1659,-1631,0,0,166
1894.29,0,0,0,0,100,2656,1.53516,0.0151275,1.54371,42,0,28,29,29,0,-2,0,0,0,56,3432,4030,1140,170,35,538,32367,30597,110,2,68,4,3.91248e+06,0,0,0,0,1,161,0,2222,1157,3401,0,0,0,0,0,0,0,0,1659,-1613,0,0,166
1894.3,0,0,0,0,99,2656,1.53518,0.0151361,1.5438,42,0,28,29,29,0,-2,0,0,0,57,3432,4030,1128,170,35,538,32223,30668,109,2,68,98,3.8713e+06,0,0,0,0,1,161,0,2222,1157,3401,0,0,0,0,0,0,0,0,1659,-1613,0,0,166
1894.31,0,0,0,0,99,2650,1.53496,0.0151257,1.54356,42,0,28,29,29,0,-2,0,0,0,57,3428,4030,1117,170,35,538,32223,30668,109,2,68,98,3.82908e+06,0,0,0,0,1,0,1650,1086,1141,3438,0,0,0,0,0,0,0,0,1659,-1601,0,0,166
1894.32,0,0,0,0,99,2661,1.53474,0.0151152,1.54333,42,0,28,29,29,0,-2,0,0,0,57,3428,4030,1117,170,35,538,32223,30668,109,2,68,98,3.82908e+06,0,0,0,0,1,1421,1437,0,1123,3436,0,0,0,0,0,0,0,0,1659,-1666,0,0,166
1894.33,0,0,0,0,99,2669,1.53452,0.0151048,1.5431,42,0,28,29,29,0,-2,0,0,0,57,3428,4034,1103,170,35,538,32223,30668,109,2,68,98,3.78108e+06,0,0,0,0,1,1292,0,1557,1146,3427,0,0,0,0,0,0,0,0,1659,-1675,0,0,166
1894.34,0,0,0,0,100,2672,1.5343,0.0150944,1.54287,42,0,28,29,29,0,-2,0,0,0,57,3428,4034,1117,170,35,538,32223,30668,109,2,68,98,3.82908e+06,0,0,0,0,1,0,1763,1004,1160,3438,0,0,0,0,0,0,0,0,1659,-1625,0,0,166
1894.35,0,0,0,0,100,2666,1.53408,0.015084,1.54264,42,0,28,29,29,0,-2,0,0,0,57,3425,4034,1130,170,35,538,32223,30668,109,2,68,98,3.87025e+06,0,0,0,0,1,1817,909,0,1166,3423,0,0,0,0,0,0,0,0,1659,-1624,0,0,166
1894.36,0,0,0,0,99,2666,1.53386,0.0150735,1.54241,42,0,28,29,29,0,-2,0,0,0,57,3425,4034,1130,170,35,538,32223,30668,109,2,68,98,3.87025e+06,0,0,0,0,1,1817,909,0,1166,3423,0,0,0,0,0,0,0,0,1659,-1624,0,0,166
1894.37,0,0,0,0,99,2662,1.53364,0.0150631,1.54218,42,0,28,29,29,0,-2,0,0,0,57,3430,4034,1147,170,35,538,32223,30668,109,2,68,98,3.93421e+06,0,0,0,0,1,1177,0,1576,1145,3430,0,0,0,0,0,0,0,0,1659,-1659,0,0,166
1894.38,0,0,0,0,99,2662,1.53342,0.0150527,1.54194,42,0,28,29,29,0,-2,0,0,0,57,3430,4034,1142,170,35,538,32223,30668,109,2,68,98,3.91706e+06,0,0,0,0,1,0,2058,468,1133,3449,0,0,0,0,0,0,0,0,1659,-1560,0,0,166
1894.39,0,0,0,0,100,2675,1.5332,0.0150423,1.54171,42,0,28,29,29,0,-2,0,0,0,57,3415,4034,1131,170,35,538,32223,30668,109,2,68,98,3.86236e+06,0,0,0,0,1,1661,1126,0,1135,3436,0,0,0,0,0,0,0,0,1659,-1638,0,0,166
1894.4,0,0,0,0,99,2691,1.53298,0.0150318,1.54148,42,0,28,29,29,0,-2,0,0,0,57,3415,4034,1131,170,35,538,32244,30487,109,2,68,4,3.86236e+06,0,0,0,0,1,0,0,2425,1157,3386,0,0,0,0,0,0,0,0,1659,-1614,0,0,166
1894.41,0,0,0,0,99,2689,1.53266,0.0150281,1.54188,42,0,28,29,29,0,-2,0,0,0,57,3415,4035,1139,171,35,538,32244,30487,109,2,68,4,3.88968e+06,0,0,0,0,1,0,2500,0,1181,3427,0,0,0,0,0,0,0,0,1659,-1665,0,0,166
1894.42,0,0,0,0,100,2689,1.53233,0.0150244,1.54228,42,0,28,29,29,0,-2,0,0,0,57,3425,4035,1150,171,35,538,32244,30487,109,2,68,4,3.93875e+06,0,0,0,0,1,0,2500,0,1181,3427,0,0,0,0,0,0,0,0,1659,-1665,0,0,166
1894.43,0,0,0,0,99,2681,1.532,0.0150207,1.54268,42,0,28,29,29,0,-2,0,0,0,57,3425,4035,1119,171,35,538,32244,30487,109,2,68,4,3.83258e+06,0,0,0,0,1,2500,0,0,1176,3412,0,0,0,0,0,0,0,0,1659,-1675,0,0,166
1894.44,0,0,0,0,99,2685,1.53167,0.015017,1.54308,42,0,28,29,29,0,-2,0,0,0,57,3425,4035,1119,171,35,538,32244,30487,109,2,68,4,3.83258e+06,0,0,0,0,1,0,0,2500,1169,3419,0,0,0,0,0,0,0,0,1659,-1625,0,0,166
1894.45,0,0,0,0,100,2690,1.53135,0.0150133,1.54348,42,0,28,29,29,0,-2,0,0,0,57,3419,4035,1137,171,35,538,32244,30487,109,2,68,4,3.8874e+06,0,0,0,0,1,0,2332,0,1153,3434,0,0,0,0,0,0,0,0,1659,-1549,0,0,166
1894.46,0,0,0,0,99,2694,1.53102,0.0150096,1.54388,42,0,28,29,29,0,-2,0,0,0,57,3427,4035,1131,171,35,538,32244,30487,109,2,68,4,3.87594e+06,0,0,0,0,1,2171,0,635,1165,3451,0,0,0,0,0,0,0,0,1659,-1747,0,0,166
1894.47,0,0,0,0,99,2701,1.53069,0.0150058,1.54428,42,0,28,29,29,0,-2,0,0,0,57,3427,4035,1145,171,35,538,32244,30487,109,2,68,4,3.92392e+06,0,0,0,0,1,0,1734,990,1163,3425,0,0,0,0,0,0,0,0,1659,-1579,0,0,166
1894.48,0,0,0,0,100,2701,1.53036,0.0150021,1.54468,42,0,28,29,29,0,-2,0,0,0,57,3427,4035,1145,171,35,538,32244,30487,109,2,68,4,3.92392e+06,0,0,0,0,1,0,1734,990,1163,3425,0,0,0,0,0,0,0,0,1659,-1579,0,0,166
1894.49,0,0,0,0,100,2703,1.53004,0.0149984,1.54507,42,0,28,29,29,0,-2,0,0,0,57,3415,4035,1151,171,35,538,32244,30487,109,2,68,4,3.93066e+06,0,0,0,0,1,2500,0,0,1163,3395,0,0,0,0,0,0,0,0,1659,-1633,0,0,166
1894.5,0,0,0,0,99,2709,1.52971,0.0149947,1.54547,42,0,28,29,30,0,-2,0,0,0,57,3415,4035,1133,171,35,538,32119,30076,109,2,87,98,3.8692e+06,0,0,0,0,1,0,0,2500,1166,3416,0,0,0,0,0,0,0,0,1659,-1578,0,0,166
1894.51,0,0,0,0,99,2714,1.53014,0.0149895,1.54506,42,0,28,29,30,0,-2,0,0,0,57,3415,4035,1124,171,35,538,32119,30076,109,2,87,98,3.83846e+06,0,0,0,0,1,525,2189,0,1166,3410,0,0,0,0,0,0,0,0,1659,-1707,0,0,166
1894.52,0,0,0,0,99,2719,1.53057,0.0149843,1.54465,42,0,28,29,30,0,-2,0,0,0,57,3415,4035,1124,172,35,538,32119,30076,109,2,87,98,3.83846e+06,0,0,0,0,1,265,0,2173,1182,3365,0,0,0,0,0,0,0,0,1659,-1637,0,0,166
1894.53,0,0,0,0,100,2708,1.531,0.0149791,1.54424,42,0,28,29,30,0,-2,0,0,0,57,3419,4035,1148,172,35,538,32119,30076,109,2,87,98,3.92501e+06,0,0,0,0,1,0,2500,0,1168,3440,0,0,0,0,0,0,0,0,1659,-1619,0,0,166
1894.54,0,0,0,0,100,2708,1.53143,0.014974,1.54383,42,0,28,29,30,0,-2,0,0,0,57,3419,4035,1167,172,35,538,32119,30076,109,2,87,98,3.98997e+06,0,0,0,0,1,0,2500,0,1168,3440,0,0,0,0,0,0,0,0,1659,-1619,0,0,166
1894.55,0,0,0,0,99,2709,1.53185,0.0149688,1.54342,42,0,28,29,30,0,-2,0,0,0,57,3419,4035,1157,172,35,538,32119,30076,109,2,87,98,3.95578e+06,0,0,0,0,1,2337,0,250,1174,3447,0,0,0,0,0,0,0,0,1659,-1685,0,0,166
1894.56,0,0,0,0,100,2719,1.53228,0.0149636,1.54301,42,0,28,29,30,0,-2,0,0,0,57,3419,4035,1157,172,35,538,32119,30076,109,2,87,98,3.95578e+06,0,0,0,0,1,0,1708,949,1155,3421,0,0,0,0,0,0,0,0,1659,-1615,0,0,166
1894.57,0,0,0,0,99,2727,1.53271,0.0149584,1.5426,42,0,28,29,30,0,-2,0,0,0,57,3416,4035,1144,172,35,538,32119,30076,109,2,87,98,3.9079e+06,0,0,0,0,1,2500,0,0,1175,3401,0,0,0,0,0,0,0,0,1659,-1689,0,0,166
1894.58,0,0,0,0,100,2730,1.53314,0.0149532,1.54218,42,0,28,29,30,0,-2,0,0,0,57,3416,4035,1144,172,35,538,32119,30076,109,2,87,98,3.9079e+06,0,0,0,0,1,0,448,2252,1180,3397,0,0,0,0,0,0,0,0,1659,-1673,0,0,166
1894.59,0,0,0,0,100,2727,1.53357,0.014948,1.54177,42,0,28,29,30,0,-2,0,0,0,57,3416,4035,1137,172,35,538,32119,30076,109,2,87,98,3.88399e+06,0,0,0,0,1,2392,0,0,1187,3386,0,0,0,0,0,0,0,0,1659,-1604,0,0,166
1894.6,0,0,0,0,100,2727,1.534,0.0149428,1.54136,42,0,28,29,30,0,-2,0,0,0,57,3416,4035,1137,172,35,538,32153,30264,109,2,87,4,3.88399e+06,0,0,0,0,1,2392,0,0,1187,3386,0,0,0,0,0,0,0,0,1659,-1604,0,0,166
1894.61,0,0,0,0,100,2727,1.53378,0.0149509,1.54149,42,0,28,29,30,0,-2,0,0,0,57,3422,4035,1163,172,35,538,32153,30264,109,2,87,4,3.97979e+06,0,0,0,0,1,0,0,2500,1180,3406,0,0,0,0,0,0,0,0,1659,-1627,0,0,166
1894.62,0,0,0,0,99,2727,1.53356,0.0149589,1.54161,42,0,28,29,30,0,-2,0,0,0,57,3409,4035,1144,173,35,538,32153,30264,109,2,87,4,3.8999e+06,0,0,0,0,1,843,2017,0,1183,3406,0,0,0,0,0,0,0,0,1659,-1714,0,0,166
1894.63,0,0,0,0,100,2732,1.53335,0.0149669,1.54173,42,0,28,29,30,0,-2,0,0,0,57,3409,4035,1130,173,35,538,32153,30264,109,2,87,4,3.85217e+06,0,0,0,0,1,0,0,2500,1171,3374,0,0,0,0,0,0,0,0,1659,-1667,0,0,166
1894.64,0,0,0,0,99,2734,1.53313,0.014975,1.54186,42,0,28,29,30,0,-2,0,0,0,57,3409,4035,1130,173,35,538,32153,30264,109,2,87,4,3.85217e+06,0,0,0,0,1,62,2329,0,1183,3412,0,0,0,0,0,0,0,0,1659,-1591,0,0,166
1894.65,0,0,0,0,99,2731,1.53291,0.014983,1.54198,42,0,28,29,30,0,-2,0,0,0,57,3416,4035,1169,173,35,538,32153,30264,109,2,87,4,3.9933e+06,0,0,0,0,1,759,0,1910,1182,3399,0,0,0,0,0,0,0,0,1659,-1633,0,0,166
1894.66,0,0,0,0,100,2731,1.53269,0.014991,1.54211,42,0,28,29,30,0,-2,0,0,0,57,3416,4035,1181,173,35,538,32153,30264,109,2,87,4,4.0343e+06,0,0,0,0,1,759,0,1910,1182,3399,0,0,0,0,0,0,0,0,1659,-1633,0,0,166
1894.67,0,0,0,0,99,2735,1.53248,0.014999,1.54223,42,0,28,29,30,0,-2,0,0,0,57,3416,4035,1157,173,35,538,32153,30264,109,2,87,4,3.95231e+06,0,0,0,0,1,0,2500,0,1157,3453,0,0,0,0,0,0,0,0,1659,-1583,0,0,166
1894.68,0,0,0,0,99,2743,1.53226,0.0150071,1.54235,42,0,28,29,30,0,-2,0,0,0,57,3416,4035,1157,173,35,538,32153,30264,109,2,87,4,3.95231e+06,0,0,0,0,1,1839,0,1111,1187,3442,0,0,0,0,0,0,0,0,1659,-1767,0,0,166
1894.69,0,0,0,0,99,2744,1.53204,0.0150151,1.54248,42,0,28,29,30,0,-2,0,0,0,57,3418,4035,1139,173,35,538,32153,30264,109,2,87,4,3.8931e+06,0,0,0,0,1,0,2500,0,1193,3415,0,0,0,0,0,0,0,0,1659,-1674,0,0,166
1894.7,0,0,0,0,100,2740,1.53182,0.0150231,1.5426,42,0,28,29,30,0,-2,0,0,0,57,3418,4035,1145,173,35,538,32085,30435,109,2,64,98,3.91361e+06,0,0,0,0,1,2137,0,738,1201,3432,0,0,0,0,0,0,0,0,1659,-1769,0,0,166
1894.71,0,0,0,0,100,2735,1.53158,0.0150264,1.54227,42,0,28,29,30,0,-2,0,0,0,57,3417,4035,1162,173,35,538,32085,30435,109,2,64,98,3.97055e+06,0,0,0,0,1,0,2500,0,1172,3419,0,0,0,0,0,0,0,0,1659,-1600,0,0,166
1894.72,0,0,0,0,99,2735,1.53134,0.0150296,1.54193,42,0,28,29,30,0,-2,0,0,0,57,3417,4035,1162,170,35,538,32085,30435,109,2,64,98,3.97055e+06,0,0,0,0,1,0,2500,0,1172,3419,0,0,0,0,0,0,0,0,1659,-1600,0,0,166
1894.73,0,0,0,0,100,2738,1.53109,0.0150328,1.54159,42,0,28,29,30,0,-2,0,0,0,57,3417,4031,1189,170,35,538,32085,30435,109,2,64,98,4.06281e+06,0,0,0,0,1,2366,0,43,1173,3440,0,0,0,0,0,0,0,0,1659,-1611,0,0,166
1894.74,0,0,0,0,99,2753,1.53085,0.015036,1.54125,42,0,28,29,30,0,-2,0,0,0,57,3417,4031,1153,170,35,538,32085,30435,109,2,64,98,3.9398e+06,0,0,0,0,1,0,2472,0,1177,3425,0,0,0,0,0,0,0,0,1659,-1615,0,0,166
1894.75,0,0,0,0,99,2763,1.5306,0.0150392,1.54092,42,0,28,29,30,0,-2,0,0,0,57,3401,4031,1164,170,35,538,32085,30435,109,2,64,98,3.95876e+06,0,0,0,0,1,2296,0,373,1198,3436,0,0,0,0,0,0,0,0,1659,-1717,0,0,166
1894.76,0,0,0,0,100,2760,1.53036,0.0150425,1.54058,42,0,28,29,30,0,-2,0,0,0,57,3401,4031,1164,170,35,538,32085,30435,109,2,64,98,3.95876e+06,0,0,0,0,1,0,2500,0,1212,3404,0,0,0,0,0,0,0,0,1659,-1682,0,0,166
1894.77,0,0,0,0,99,2750,1.53011,0.0150457,1.54024,42,0,28,29,30,0,-2,0,0,0,57,3408,4031,1166,170,35,538,32085,30435,109,2,64,98,3.97373e+06,0,0,0,0,1,2151,0,701,1201,3432,0,0,0,0,0,0,0,0,1659,-1738,0,0,166
1894.78,0,0,0,0,100,2750,1.52987,0.0150489,1.53991,42,0,28,29,30,0,-2,0,0,0,57,3408,4031,1164,170,35,538,32085,30435,109,2,64,98,3.96691e+06,0,0,0,0,1,2151,0,701,1201,3432,0,0,0,0,0,0,0,0,1659,-1738,0,0,166
1894.79,0,0,0,0,99,2757,1.52963,0.0150521,1.53957,42,0,28,29,30,0,-2,0,0,0,57,3408,4031,1178,170,35,538,32085,30435,109,2,64,98,4.01462e+06,0,0,0,0,1,0,2500,0,1182,3421,0,0,0,0,0,0,0,0,1659,-1637,0,0,166
1894.8,0,0,0,0,100,2760,1.52938,0.0150553,1.53923,42,0,28,29,29,0,-2,0,0,0,57,3408,4031,1178,170,35,538,32055,30390,110,2,64,98,4.01462e+06,0,0,0,0,1,1712,0,1177,1182,3416,0,0,0,0,0,0,0,0,1659,-1721,0,0,166
1894.81,0,0,0,0,100,2764,1.52966,0.0150513,1.53941,42,0,28,29,29,0,-2,0,0,0,57,3408,4031,1170,170,35,538,32055,30390,110,2,64,98,3.98736e+06,0,0,0,0,1,0,2500,0,1192,3419,0,0,0,0,0,0,0,0,1659,-1585,0,0,166
1894.82,0,0,0,0,99,2764,1.52994,0.0150472,1.53958,42,0,28,29,29,0,-2,0,0,0,57,3412,4031,1185,170,35,538,32055,30390,110,2,64,98,4.04322e+06,0,0,0,0,1,265,0,2144,1193,3391,0,0,0,0,0,0,0,0,1659,-1575,0,0,166
1894.83,0,0,0,0,100,2771,1.53022,0.0150432,1.53976,42,0,28,29,29,0,-2,0,0,0,57,3412,4031,1178,170,35,538,32055,30390,110,2,64,98,4.01934e+06,0,0,0,0,1,353,2341,0,1203,3393,0,0,0,0,0,0,0,0,1659,-1712,0,0,166
1894.84,0,0,0,0,99,2771,1.5305,0.0150391,1.53993,42,0,28,29,29,0,-2,0,0,0,57,3412,4031,1178,170,35,538,32055,30390,110,2,64,98,4.01934e+06,0,0,0,0,1,353,2341,0,1203,3393,0,0,0,0,0,0,0,0,1659,-1712,0,0,166
1894.85,0,0,0,0,100,2780,1.53078,0.015035,1.5401,42,0,28,29,29,0,-2,0,0,0,57,3401,4031,1184,170,35,538,32055,30390,110,2,64,98,4.02678e+06,0,0,0,0,1,0,0,2500,1198,3374,0,0,0,0,0,0,0,0,1659,-1716,0,0,166
1894.86,0,0,0,0,100,2785,1.53106,0.015031,1.54028,42,0,28,29,29,0,-2,0,0,0,57,3399,4031,1164,170,35,538,32055,30390,110,2,64,98,3.95644e+06,0,0,0,0,1,2204,144,0,1196,3395,0,0,0,0,0,0,0,0,1659,-1533,0,0,166
1894.87,0,0,0,0,100,2786,1.53134,0.0150269,1.54045,42,0,28,29,29,0,-2,0,0,0,57,3399,4031,1175,170,35,538,32055,30390,110,2,64,98,3.99382e+06,0,0,0,0,1,0,792,2109,1219,3378,0,0,0,0,0,0,0,0,1659,-1748,0,0,166
1894.88,0,0,0,0,99,2775,1.53162,0.0150228,1.54062,42,0,28,29,29,0,-2,0,0,0,57,3399,4031,1175,170,35,538,32055,30390,110,2,64,98,3.99382e+06,0,0,0,0,1,2500,0,0,1215,3423,0,0,0,0,0,0,0,0,1659,-1623,0,0,166
1894.89,0,0,0,0,99,2778,1.5319,0.0150188,1.5408,42,0,28,29,29,0,-2,0,0,0,57,3409,4031,1190,170,35,538,32055,30390,110,2,64,98,4.05671e+06,0,0,0,0,1,0,2384,0,1191,3408,0,0,0,0,0,0,0,0,1659,-1582,0,0,166
1894.9,0,0,0,0,100,2778,1.53219,0.0150147,1.54097,42,0,28,29,30,0,-2,0,0,0,57,3409,4031,1207,170,35,529,32078,30338,109,2,65,4,4.11466e+06,0,0,0,0,1,0,2384,0,1191,3408,0,0,0,0,0,0,0,0,1659,-1582,0,0,166
1894.91,0,0,0,0,99,2788,1.53185,0.0150142,1.54086,42,0,28,29,30,0,-2,0,0,0,57,3409,4031,1190,170,35,529,32078,30338,109,2,65,4,4.05671e+06,0,0,0,0,1,1972,0,865,1190,3447,0,0,0,0,0,0,0,0,1659,-1730,0,0,166
1894.92,0,0,0,0,100,2797,1.53151,0.0150137,1.54076,42,0,28,29,30,0,-2,0,0,0,57,3409,4031,1190,170,35,529,32078,30338,109,2,65,4,4.05671e+06,0,0,0,0,1,16,2396,0,1208,3399,0,0,0,0,0,0,0,0,1659,-1621,0,0,166
1894.93,0,0,0,0,99,2798,1.53118,0.0150132,1.54065,42,0,28,29,30,0,-2,0,0,0,57,3403,4031,1184,170,35,529,32078,30338,109,2,65,4,4.02915e+06,0,0,0,0,1,0,0,2500,1208,3391,0,0,0,0,0,0,0,0,1659,-1642,0,0,166
1894.94,0,0,0,0,100,2793,1.53084,0.0150127,1.54055,42,0,28,29,30,0,-2,0,0,0,57,3403,4031,1194,170,35,529,32078,30338,109,2,65,4,4.06318e+06,0,0,0,0,1,2500,0,0,1220,3371,0,0,0,0,0,0,0,0,1659,-1676,0,0,166
1894.95,0,0,0,0,100,2789,1.53051,0.0150123,1.54045,42,0,28,29,30,0,-2,0,0,0,57,3398,4031,1183,170,35,529,32078,30338,109,2,65,4,4.01983e+06,0,0,0,0,1,0,1386,1500,1204,3386,0,0,0,0,0,0,0,0,1659,-1711,0,0,166
1894.96,0,0,0,0,99,2789,1.53017,0.0150118,1.54034,42,0,28,29,30,0,-2,0,0,0,57,3398,4031,1183,170,35,529,32078,30338,109,2,65,4,4.01983e+06,0,0,0,0,1,0,1386,1500,1204,3386,0,0,0,0,0,0,0,0,1659,-1711,0,0,166
1894.97,0,0,0,0,100,2791,1.52984,0.0150113,1.54024,42,0,28,29,30,0,-2,0,0,0,57,3398,4031,1181,170,35,529,32078,30338,109,2,65,4,4.01304e+06,0,0,0,0,1,2249,0,221,1196,3440,0,0,0,0,0,0,0,0,1659,-1627,0,0,166
1894.98,0,0,0,0,99,2801,1.5295,0.0150108,1.54013,42,0,28,29,30,0,-2,0,0,0,57,3398,4031,1189,170,35,529,32078,30338,109,2,65,4,4.04022e+06,0,0,0,0,1,0,2500,0,1191,3423,0,0,0,0,0,0,0,0,1659,-1546,0,0,166
1894.99,0,0,0,0,100,2799,1.52917,0.0150103,1.54003,42,0,28,29,30,0,-2,0,0,0,57,3404,4031,1199,170,35,529,32078,30338,109,2,65,4,4.0814e+06,0,0,0,0,1,0,0,2500,1225,3348,0,0,0,0,0,0,0,0,1659,-1705,0,0,166
1895,0,0,0,0,99,2802,1.52883,0.0150098,1.53992,42,0,28,29,30,0,-2,0,0,0,58,3404,4031,1199,170,35,529,32049,30427,109,2,68,4,4.0814e+06,0,0,0,0,1,2286,117,0,1209,3384,0,0,0,0,0,0,0,0,1659,-1617,0,0,166
1895.01,0,0,0,0,100,2807,1.52889,0.0150056,1.53957,42,0,28,29,30,0,-2,0,0,0,58,3396,4031,1217,170,35,529,32049,30427,109,2,68,4,4.13293e+06,0,0,0,0,1,0,1357,1500,1207,3382,0,0,0,0,0,0,0,0,1659,-1576,0,0,166
1895.02,0,0,0,0,99,2807,1.52895,0.0150013,1.53923,42,0,28,29,30,0,-2,0,0,0,58,3392,4031,1197,170,35,529,32049,30427,109,2,68,4,4.06022e+06,0,0,0,0,1,0,1357,1500,1207,3382,0,0,0,0,0,0,0,0,1659,-1576,0,0,166
1895.03,0,0,0,0,100,2806,1.52901,0.0149971,1.53888,42,0,28,29,30,0,-2,0,0,0,58,3392,4031,1197,170,35,529,32049,30427,109,2,68,4,4.06022e+06,0,0,0,0,1,2189,0,584,1221,3432,0,0,0,0,0,0,0,0,1659,-1758,0,0,166
1895.04,0,0,0,0,99,2803,1.52907,0.0149928,1.53853,42,0,28,29,30,0,-2,0,0,0,58,3392,4031,1197,170,35,529,32049,30427,109,2,68,4,4.06022e+06,0,0,0,0,1,0,2374,0,1213,3391,0,0,0,0,0,0,0,0,1659,-1670,0,0,166
1895.05,0,0,0,0,100,2797,1.52913,0.0149886,1.53819,42,0,28,29,30,0,-2,0,0,0,58,3392,4020,1181,170,35,529,32049,30427,109,2,68,4,4.00595e+06,0,0,0,0,1,0,0,2500,1215,3391,0,0,0,0,0,0,0,0,1659,-1609,0,0,166
1895.06,0,0,0,0,99,2800,1.52919,0.0149844,1.53784,42,0,28,29,30,0,-2,0,0,0,58,3392,4020,1213,170,35,529,32049,30427,109,2,68,4,4.1145e+06,0,0,0,0,1,2500,0,0,1206,3380,0,0,0,0,0,0,0,0,1659,-1696,0,0,166
1895.07,0,0,0,0,99,2808,1.52925,0.0149801,1.53749,42,0,28,29,30,0,-2,0,0,0,58,3397,4020,1212,170,35,529,32049,30427,109,2,68,4,4.11716e+06,0,0,0,0,1,0,2409,0,1203,3408,0,0,0,0,0,0,0,0,1659,-1579,0,0,166
1895.08,0,0,0,0,99,2808,1.52931,0.0149759,1.53715,42,0,28,29,30,0,-2,0,0,0,58,3397,4020,1212,170,35,529,32049,30427,109,2,68,4,4.11716e+06,0,0,0,0,1,0,2409,0,1203,3408,0,0,0,0,0,0,0,0,1659,-1579,0,0,166
1895.09,0,0,0,0,100,2821,1.52937,0.0149716,1.5368,42,0,28,29,30,0,-2,0,0,0,58,3397,4020,1191,170,35,529,32049,30427,109,2,68,4,4.04583e+06,0,0,0,0,1,323,0,2135,1213,3358,0,0,0,0,0,0,0,0,1659,-1586,0,0,166
1895.1,0,0,0,0,99,2822,1.52943,0.0149674,1.53645,42,0,28,29,29,0,-2,0,0,0,57,3391,4020,1185,170,35,529,31958,29853,109,2,87,4,4.01834e+06,0,0,0,0,1,1837,900,0,1223,3395,0,0,0,0,0,0,0,0,1659,-1632,0,0,166
1895.11,0,0,0,0,99,2814,1.52916,0.0149804,1.53636,42,0,28,29,29,0,-2,0,0,0,57,3391,4020,1200,170,35,529,31958,29853,109,2,87,4,4.0692e+06,0,0,0,0,1,0,1155,1769,1228,3375,0,0,0,0,0,0,0,0,1659,-1732,0,0,166
1895.12,0,0,0,0,100,2814,1.52888,0.0149934,1.53627,42,0,28,29,29,0,-2,0,0,0,57,3391,4020,1200,170,35,529,31958,29853,109,2,87,4,4.0692e+06,0,0,0,0,1,2175,0,584,1211,3432,0,0,0,0,0,0,0,0,1659,-1709,0,0,166
1895.13,0,0,0,0,99,2822,1.52861,0.0150064,1.53617,42,0,28,29,29,0,-2,0,0,0,57,3392,4020,1197,170,35,529,31958,29853,109,2,87,4,4.06022e+06,0,0,0,0,1,866,2036,0,1223,3384,0,0,0,0,0,0,0,0,1659,-1739,0,0,166
1895.14,0,0,0,0,99,2822,1.52834,0.0150194,1.53608,42,0,28,29,29,0,-2,0,0,0,57,3392,4020,1211,171,35,529,31958,29853,109,2,87,4,4.10771e+06,0,0,0,0,1,866,2036,0,1223,3384,0,0,0,0,0,0,0,0,1659,-1739,0,0,166
1895.15,0,0,0,0,100,2828,1.52806,0.0150324,1.53599,42,0,28,29,29,0,-2,0,0,0,57,3392,4020,1201,171,35,529,31958,29853,109,2,87,4,4.07379e+06,0,0,0,0,1,0,243,2285,1218,3356,0,0,0,0,0,0,0,0,1659,-1658,0,0,166
1895.16,0,0,0,0,100,2830,1.52779,0.0150454,1.53589,42,0,28,29,29,0,-2,0,0,0,57,3392,4020,1201,171,35,529,31958,29853,109,2,87,4,4.07379e+06,0,0,0,0,1,2362,0,140,1227,3432,0,0,0,0,0,0,0,0,1659,-1653,0,0,166
1895.17,0,0,0,0,100,2834,1.52751,0.0150584,1.5358,42,0,28,29,29,0,-2,0,0,0,57,3393,4020,1217,171,35,529,31958,29853,109,2,87,4,4.12928e+06,0,0,0,0,1,185,2356,0,1226,3391,0,0,0,0,0,0,0,0,1659,-1655,0,0,166
1895.18,0,0,0,0,100,2838,1.52724,0.0150714,1.53571,42,0,28,29,29,0,-2,0,0,0,57,3393,4020,1221,171,35,529,31958,29853,109,2,87,4,4.14285e+06,0,0,0,0,1,0,314,2295,1222,3367,0,0,0,0,0,0,0,0,1659,-1671,0,0,166
1895.19,0,0,0,0,100,2846,1.52696,0.0150844,1.53562,42,0,28,29,29,0,-2,0,0,0,57,3387,4020,1238,171,35,529,31958,29853,109,2,87,4,4.19311e+06,0,0,0,0,1,2241,0,541,1230,3416,0,0,0,0,0,0,0,0,1659,-1735,0,0,166
1895.2,0,0,0,0,99,2846,1.52669,0.0150974,1.53552,42,0,28,29,30,0,-2,0,0,0,58,3387,4020,1238,171,35,529,31963,30024,109,2,65,4,4.19311e+06,0,0,0,0,1,2241,0,541,1230,3416,0,0,0,0,0,0,0,0,1659,-1735,0,0,166
1895.21,0,0,0,0,99,2850,1.52701,0.0150805,1.53536,42,0,28,29,30,0,-2,0,0,0,58,3383,4020,1207,171,35,529,31963,30024,109,2,65,4,4.08328e+06,0,0,0,0,1,1029,1884,0,1231,3386,0,0,0,0,0,0,0,0,1659,-1720,0,0,166
1895.22,0,0,0,0,99,2842,1.52734,0.0150636,1.5352,42,0,28,29,30,0,-2,0,0,0,58,3383,4020,1213,171,35,529,31963,30024,109,2,65,4,4.10358e+06,0,0,0,0,1,0,1453,1472,1245,3363,0,0,0,0,0,0,0,0,1659,-1718,0,0,166
1895.23,0,0,0,0,100,2844,1.52767,0.0150467,1.53504,42,0,28,29,30,0,-2,0,0,0,58,3396,4020,1228,171,35,529,31963,30024,109,2,65,4,4.17029e+06,0,0,0,0,1,1094,0,1652,1213,3391,0,0,0,0,0,0,0,0,1659,-1632,0,0,166
1895.24,0,0,0,0,99,2857,1.52799,0.0150298,1.53488,42,0,28,29,30,0,-2,0,0,0,58,3396,4020,1228,172,35,529,31963,30024,109,2,65,4,4.17029e+06,0,0,0,0,1,2382,0,0,1218,3365,0,0,0,0,0,0,0,0,1659,-1578,0,0,166
1895.25,0,0,0,0,99,2869,1.52832,0.0150129,1.53472,42,0,28,29,30,0,-2,0,0,0,58,3390,4020,1238,172,35,529,31963,30024,109,2,65,4,4.19682e+06,0,0,0,0,1,0,2500,0,1228,3401,0,0,0,0,0,0,0,0,1659,-1622,0,0,166
1895.26,0,0,0,0,100,2869,1.52864,0.014996,1.53456,42,0,28,29,30,0,-2,0,0,0,58,3390,4020,1205,172,35,529,31963,30024,109,2,65,4,4.08495e+06,0,0,0,0,1,0,2500,0,1228,3401,0,0,0,0,0,0,0,0,1659,-1622,0,0,166
1895.27,0,0,0,0,99,2869,1.52897,0.0149791,1.5344,42,0,28,29,30,0,-2,0,0,0,58,3380,4020,1223,172,35,529,31963,30024,109,2,65,4,4.13374e+06,0,0,0,0,1,0,0,2500,1253,3380,0,0,0,0,0,0,0,0,1659,-1597,0,0,166
1895.28,0,0,0,0,100,2864,1.5293,0.0149622,1.53424,42,0,28,29,30,0,-2,0,0,0,58,3380,4020,1223,172,35,529,31963,30024,109,2,65,4,4.13374e+06,0,0,0,0,1,2288,0,486,1259,3415,0,0,0,0,0,0,0,0,1659,-1747,0,0,166
1895.29,0,0,0,0,99,2862,1.52962,0.0149453,1.53408,42,0,28,29,30,0,-2,0,0,0,58,3388,4020,1224,172,35,529,31963,30024,109,2,65,4,4.14691e+06,0,0,0,0,1,1358,1558,0,1234,3384,0,0,0,0,0,0,0,0,1659,-1702,0,0,166
1895.3,0,0,0,0,99,2865,1.52995,0.0149284,1.53392,42,0,28,29,30,0,-2,0,0,0,58,3388,4020,1233,172,35,529,31910,30145,110,2,68,4,4.1774e+06,0,0,0,0,1,0,2353,0,1239,3397,0,0,0,0,0,0,0,0,1659,-1570,0,0,166
1895.31,0,0,0,0,100,2875,1.52985,0.0149183,1.53451,42,0,28,29,30,0,-2,0,0,0,58,3390,4020,1214,172,35,529,31910,30145,110,2,68,4,4.11546e+06,0,0,0,0,1,0,0,2500,1229,3352,0,0,0,0,0,0,0,0,1659,-1652,0,0,166
1895.32,0,0,0,0,100,2875,1.52976,0.0149081,1.53509,42,0,28,29,30,0,-2,0,0,0,58,3390,4020,1214,172,35,529,31910,30145,110,2,68,4,4.11546e+06,0,0,0,0,1,0,0,2500,1229,3352,0,0,0,0,0,0,0,0,1659,-1652,0,0,166
1895.33,0,0,0,0,100,2875,1.52966,0.0148979,1.53568,42,0,28,29,30,0,-2,0,0,0,58,3386,4020,1230,172,35,529,31910,30145,110,2,68,4,4.16478e+06,0,0,0,0,1,2447,0,0,1257,3406,0,0,0,0,0,0,0,0,1659,-1640,0,0,166
1895.34,0,0,0,0,99,2878,1.52957,0.0148877,1.53626,42,0,28,29,30,0,-2,0,0,0,58,3377,4020,1233,172,35,529,31910,30145,110,2,68,4,4.16384e+06,0,0,0,0,1,1135,1773,0,1235,3384,0,0,0,0,0,0,0,0,1659,-1710,0,0,166
1895.35,0,0,0,0,99,2881,1.52947,0.0148775,1.53685,42,0,28,29,30,0,-2,0,0,0,58,3377,4020,1223,172,35,529,31910,30145,110,2,68,4,4.13007e+06,0,0,0,0,1,0,2493,0,1245,3393,0,0,0,0,0,0,0,0,1659,-1615,0,0,166
1895.36,0,0,0,0,99,2880,1.52937,0.0148673,1.53743,42,0,28,29,30,0,-2,0,0,0,58,3377,4020,1223,172,35,529,31910,30145,110,2,68,4,4.13007e+06,0,0,0,0,1,0,0,2500,1251,3374,0,0,0,0,0,0,0,0,1659,-1627,0,0,166
1895.37,0,0,0,0,100,2876,1.52928,0.0148571,1.53802,42,0,28,29,30,0,-2,0,0,0,58,3384,4020,1214,172,35,529,31910,30145,110,2,68,4,4.10818e+06,0,0,0,0,1,2333,0,375,1253,3419,0,0,0,0,0,0,0,0,1659,-1740,0,0,166
1895.38,0,0,0,0,99,2876,1.52918,0.0148469,1.5386,42,0,28,29,30,0,-2,0,0,0,58,3382,4020,1207,172,35,529,31910,30145,110,2,68,4,4.08207e+06,0,0,0,0,1,2333,0,375,1253,3419,0,0,0,0,0,0,0,0,1659,-1740,0,0,166
1895.39,0,0,0,0,99,2875,1.52908,0.0148367,1.53918,42,0,28,29,30,0,-2,0,0,0,58,3382,4020,1218,172,35,529,31910,30145,110,2,68,4,4.11928e+06,0,0,0,0,1,2253,64,0,1243,3358,0,0,0,0,0,0,0,0,1659,-1536,0,0,166
1895.4,0,0,0,0,99,2880,1.52899,0.0148265,1.53977,42,0,28,29,30,0,-2,0,0,0,58,3382,4020,1218,172,35,529,31889,30091,109,2,68,4,4.11928e+06,0,0,0,0,1,0,2500,0,1236,3382,0,0,0,0,0,0,0,0,1659,-1627,0,0,166
1895.41,0,0,0,0,99,2889,1.52891,0.0148301,1.53926,42,0,28,29,30,0,-2,0,0,0,58,3385,4033,1242,172,35,529,31889,30091,109,2,68,4,4.20417e+06,0,0,0,0,1,0,0,2402,1244,3367,0,0,0,0,0,0,0,0,1659,-1605,0,0,166
1895.42,0,0,0,0,100,2898,1.52883,0.0148337,1.53876,42,0,28,29,30,0,-2,0,0,0,58,3385,4033,1246,172,35,529,31889,30091,109,2,68,4,4.21771e+06,0,0,0,0,1,1282,0,1560,1250,3367,0,0,0,0,0,0,0,0,1659,-1701,0,0,166
1895.43,0,0,0,0,100,2891,1.52875,0.0148373,1.53825,42,0,28,29,30,0,-2,0,0,0,58,3385,4033,1223,172,35,529,31889,30091,109,2,68,4,4.13986e+06,0,0,0,0,1,2500,0,0,1267,3354,0,0,0,0,0,0,0,0,1659,-1662,0,0,166
1895.44,0,0,0,0,100,2891,1.52867,0.0148409,1.53774,42,0,28,29,30,0,-2,0,0,0,58,3385,4033,1223,172,35,529,31889,30091,109,2,68,4,4.13986e+06,0,0,0,0,1,2500,0,0,1267,3354,0,0,0,0,0,0,0,0,1659,-1662,0,0,166
1895.45,0,0,0,0,99,2883,1.52859,0.0148445,1.53724,42,0,28,29,30,0,-2,0,0,0,58,3378,4033,1230,172,35,529,31889,30091,109,2,68,4,4.15494e+06,0,0,0,0,1,52,2373,0,1258,3384,0,0,0,0,0,0,0,0,1659,-1616,0,0,166
1895.46,0,0,0,0,99,2886,1.52851,0.0148482,1.53673,42,0,28,29,30,0,-2,0,0,0,58,3383,4033,1236,172,35,529,31889,30091,109,2,68,4,4.18139e+06,0,0,0,0,1,0,1409,1410,1230,3371,0,0,0,0,0,0,0,0,1659,-1654,0,0,166
1895.47,0,0,0,0,99,2890,1.52843,0.0148518,1.53623,42,0,28,29,30,0,-2,0,0,0,58,3383,4033,1244,172,35,529,31889,30091,109,2,68,4,4.20845e+06,0,0,0,0,1,0,0,2500,1251,3333,0,0,0,0,0,0,0,0,1659,-1678,0,0,166
1895.48,0,0,0,0,100,2898,1.52835,0.0148554,1.53572,42,0,28,29,30,0,-2,0,0,0,58,3383,4033,1244,172,35,529,31889,30091,109,2,68,4,4.20845e+06,0,0,0,0,1,2372,0,205,1250,3412,0,0,0,0,0,0,0,0,1659,-1673,0,0,166
1895.49,0,0,0,0,100,2901,1.52827,0.014859,1.53521,42,0,28,29,30,0,-2,0,0,0,58,3380,4033,1240,172,35,529,31889,30091,109,2,68,4,4.1912e+06,0,0,0,0,1,2310,159,0,1255,3352,0,0,0,0,0,0,0,0,1659,-1610,0,0,166
1895.5,0,0,0,0,99,2901,1.52819,0.0148626,1.53471,42,0,28,29,30,0,-2,0,0,0,57,3380,4033,1231,172,35,529,31885,29657,109,2,87,4,4.16078e+06,0,0,0,0,1,2310,159,0,1255,3352,0,0,0,0,0,0,0,0,1659,-1610,0,0,166
1895.51,0,0,0,0,100,2907,1.52838,0.0148652,1.53471,42,0,28,29,30,0,-2,0,0,0,57,3377,4033,1242,172,35,529,31885,29657,109,2,87,4,4.19423e+06,0,0,0,0,1,0,2500,0,1254,3389,0,0,0,0,0,0,0,0,1659,-1635,0,0,166
1895.52,0,0,0,0,100,2910,1.52858,0.0148677,1.53471,42,0,28,29,30,0,-2,0,0,0,57,3377,4033,1242,172,35,529,31885,29657,109,2,87,4,4.19423e+06,0,0,0,0,1,0,1705,1115,1256,3378,0,0,0,0,0,0,0,0,1659,-1584,0,0,166
1895.53,0,0,0,0,100,2916,1.52877,0.0148703,1.53471,42,0,28,29,30,0,-2,0,0,0,57,3369,4033,1252,172,35,529,31885,29657,109,2,87,4,4.21799e+06,0,0,0,0,1,0,0,2500,1259,3363,0,0,0,0,0,0,0,0,1659,-1617,0,0,166
1895.54,0,0,0,0,100,2914,1.52896,0.0148729,1.53472,42,0,28,29,30,0,-2,0,0,0,57,3368,4033,1235,172,35,529,31885,29657,109,2,87,4,4.15948e+06,0,0,0,0,1,1284,0,1590,1273,3356,0,0,0,0,0,0,0,0,1659,-1601,0,0,166
1895.55,0,0,0,0,99,2908,1.52916,0.0148754,1.53472,42,0,28,29,30,0,-2,0,0,0,57,3368,4033,1244,172,35,529,31885,29657,109,2,87,4,4.18979e+06,0,0,0,0,1,2500,0,0,1261,3399,0,0,0,0,0,0,0,0,1659,-1578,0,0,166
1895.56,0,0,0,0,100,2908,1.52935,0.014878,1.53472,42,0,28,29,30,0,-2,0,0,0,57,3368,4033,1244,172,35,529,31885,29657,109,2,87,4,4.18979e+06,0,0,0,0,1,2500,0,0,1261,3399,0,0,0,0,0,0,0,0,1659,-1578,0,0,166
1895.57,0,0,0,0,100,2919,1.52955,0.0148805,1.53472,42,0,28,29,30,0,-2,0,0,0,57,3379,4033,1262,172,35,529,31885,29657,109,2,87,4,4.2643e+06,0,0,0,0,1,2013,464,0,1240,3367,0,0,0,0,0,0,0,0,1659,-1538,0,0,166
1895.58,0,0,0,0,100,2929,1.52974,0.0148831,1.53473,42,0,28,29,30,0,-2,0,0,0,57,3373,4033,1274,172,35,529,31885,29657,109,2,87,4,4.2972e+06,0,0,0,0,1,0,2339,0,1256,3393,0,0,0,0,0,0,0,0,1659,-1563,0,0,166
1895.59,0,0,0,0,99,2935,1.52993,0.0148857,1.53473,42,0,28,29,30,0,-2,0,0,0,57,3373,4033,1268,172,35,529,31885,29657,109,2,87,4,4.27696e+06,0,0,0,0,1,0,2500,0,1273,3374,0,0,0,0,0,0,0,0,1659,-1638,0,0,166
1895.6,0,0,0,0,99,2931,1.53013,0.0148882,1.53473,42,0,28,29,30,0,-2,0,0,0,58,3373,4033,1268,172,35,529,31778,29751,110,2,87,4,4.27696e+06,0,0,0,0,1,0,827,2052,1280,3363,0,0,0,0,0,0,0,0,1659,-1732,0,0,166
1895.61,0,0,0,0,100,2926,1.52969,0.0148927,1.53475,42,0,28,29,30,0,-2,0,0,0,58,3368,4033,1241,172,35,529,31778,29751,110,2,87,4,4.17969e+06,0,0,0,0,1,0,0,2500,1276,3343,0,0,0,0,0,0,0,0,1659,-1665,0,0,166
1895.62,0,0,0,0,99,2926,1.52926,0.0148971,1.53477,42,0,28,29,30,0,-2,0,0,0,58,3368,4033,1241,172,35,529,31778,29751,110,2,87,4,4.17969e+06,0,0,0,0,1,0,0,2500,1276,3343,0,0,0,0,0,0,0,0,1659,-1665,0,0,166
1895.63,0,0,0,0,99,2930,1.52882,0.0149016,1.5348,42,0,28,29,30,0,-2,0,0,0,58,3368,4033,1251,172,35,529,31778,29751,110,2,87,4,4.21337e+06,0,0,0,0,1,1272,0,1558,1261,3365,0,0,0,0,0,0,0,0,1659,-1675,0,0,166
1895.64,0,0,0,0,100,2940,1.52839,0.014906,1.53482,42,0,28,29,30,0,-2,0,0,0,58,3368,4033,1251,172,35,529,31778,29751,110,2,87,4,4.21337e+06,0,0,0,0,1,2300,0,386,1267,3415,0,0,0,0,0,0,0,0,1659,-1716,0,0,166
1895.65,0,0,0,0,100,2949,1.52796,0.0149104,1.53484,42,0,28,29,30,0,-2,0,0,0,58,3365,4033,1258,172,35,529,31778,29751,110,2,87,4,4.23317e+06,0,0,0,0,1,2500,0,0,1286,3339,0,0,0,0,0,0,0,0,1659,-1695,0,0,166
1895.66,0,0,0,0,100,2949,1.52752,0.0149149,1.53486,42,0,28,29,30,0,-2,0,0,0,58,3365,4033,1266,172,35,529,31778,29751,110,2,87,4,4.26009e+06,0,0,0,0,1,1786,882,0,1270,3360,0,0,0,0,0,0,0,0,1659,-1590,0,0,166
1895.67,0,0,0,0,99,2955,1.52709,0.0149193,1.53488,42,0,28,29,30,0,-2,0,0,0,58,3365,4033,1264,172,35,529,31778,29751,110,2,87,4,4.25336e+06,0,0,0,0,1,421,2335,0,1288,3354,0,0,0,0,0,0,0,0,1659,-1736,0,0,166
1895.68,0,0,0,0,100,2955,1.52665,0.0149238,1.5349,42,0,28,29,30,0,-2,0,0,0,58,3365,4033,1264,172,35,529,31778,29751,110,2,87,4,4.25336e+06,0,0,0,0,1,421,2335,0,1288,3354,0,0,0,0,0,0,0,0,1659,-1736,0,0,166
1895.69,0,0,0,0,100,2955,1.52622,0.0149282,1.53493,42,0,28,29,30,0,-2,0,0,0,58,3363,4033,1261,172,35,529,31778,29751,110,2,87,4,4.24074e+06,0,0,0,0,1,0,2500,0,1283,3380,0,0,0,0,0,0,0,0,1659,-1591,0,0,166
1895.7,0,0,0,0,99,2949,1.52578,0.0149327,1.53495,42,0,28,29,30,0,-2,0,0,0,58,3363,4033,1253,172,35,529,31650,29640,110,2,64,98,4.21384e+06,0,0,0,0,1,0,2500,0,1292,3375,0,0,0,0,0,0,0,0,1659,-1630,0,0,166
1895.71,0,0,0,0,100,2945,1.52576,0.0149292,1.53518,42,0,28,29,30,0,-2,0,0,0,58,3365,4033,1242,172,35,529,31650,29640,110,2,64,98,4.17933e+06,0,0,0,0,1,0,892,1970,1288,3350,0,0,0,0,0,0,0,0,1659,-1743,0,0,166
1895.72,0,0,0,0,100,2947,1.52573,0.0149258,1.53542,42,0,28,29,30,0,-2,0,0,0,58,3365,4033,1242,172,35,529,31650,29640,110,2,64,98,4.17933e+06,0,0,0,0,1,0,0,2500,1261,3356,0,0,0,0,0,0,0,0,1659,-1561,0,0,166
1895.73,0,0,0,0,100,2960,1.5257,0.0149223,1.53565,42,0,28,29,30,0,-2,0,0,0,58,3370,4033,1271,172,35,529,31650,29640,110,2,64,98,4.28327e+06,0,0,0,0,1,0,0,2500,1267,3313,0,0,0,0,0,0,0,0,1659,-1637,0,0,166
1895.74,0,0,0,0,99,2960,1.52567,0.0149188,1.53589,42,0,28,29,30,0,-2,0,0,0,58,3370,4033,1284,172,35,529,31650,29640,110,2,64,98,4.32708e+06,0,0,0,0,1,0,0,2500,1267,3313,0,0,0,0,0,0,0,0,1659,-1637,0,0,166
1895.75,0,0,0,0,100,2971,1.52565,0.0149154,1.53612,42,0,28,29,30,0,-2,0,0,0,58,3367,4033,1285,172,35,529,31650,29640,110,2,64,98,4.3266e+06,0,0,0,0,1,110,0,2260,1279,3317,0,0,0,0,0,0,0,0,1659,-1581,0,0,166
1895.76,0,0,0,0,99,2966,1.52562,0.0149119,1.53636,42,0,28,29,30,0,-2,0,0,0,58,3367,4033,1285,172,35,529,31650,29640,110,2,64,98,4.3266e+06,0,0,0,0,1,1729,0,1218,1308,3367,0,0,0,0,0,0,0,0,1659,-1773,0,0,166
1895.77,0,0,0,0,99,2956,1.52559,0.0149085,1.53659,42,0,28,29,30,0,-2,0,0,0,58,3363,4033,1256,172,35,529,31650,29640,110,2,64,98,4.22393e+06,0,0,0,0,1,2395,0,45,1292,3406,0,0,0,0,0,0,0,0,1659,-1650,0,0,166
1895.78,0,0,0,0,99,2955,1.52557,0.014905,1.53682,42,0,28,29,30,0,-2,0,0,0,58,3363,4033,1272,172,35,529,31650,29640,110,2,64,98,4.27774e+06,0,0,0,0,1,2500,0,0,1269,3358,0,0,0,0,0,0,0,0,1659,-1640,0,0,166
1895.79,0,0,0,0,100,2961,1.52554,0.0149016,1.53706,42,0,28,29,30,0,-2,0,0,0,58,3365,4033,1262,172,35,529,31650,29640,110,2,64,98,4.24663e+06,0,0,0,0,1,2409,0,0,1271,3341,0,0,0,0,0,0,0,0,1659,-1590,0,0,166
1895.8,0,0,0,0,100,2961,1.52551,0.0148981,1.53729,42,0,28,29,30,0,-2,0,0,0,58,3365,4033,1262,172,35,529,31627,29865,109,2,64,4,4.24663e+06,0,0,0,0,1,2409,0,0,1271,3341,0,0,0,0,0,0,0,0,1659,-1590,0,0,166
1895.81,0,0,0,0,100,2968,1.52548,0.0148875,1.53665,42,0,28,29,30,0,-2,0,0,0,58,3365,4031,1267,172,35,529,31627,29865,109,2,64,4,4.26346e+06,0,0,0,0,1,1354,1556,0,1267,3358,0,0,0,0,0,0,0,0,1659,-1697,0,0,166
1895.82,0,0,0,0,100,2972,1.52546,0.0148768,1.536,42,0,28,29,30,0,-2,0,0,0,58,3360,4031,1274,172,35,529,31627,29865,109,2,64,4,4.28064e+06,0,0,0,0,1,540,2259,0,1291,3356,0,0,0,0,0,0,0,0,1659,-1736,0,0,166
1895.83,0,0,0,0,100,2974,1.52543,0.0148662,1.53536,42,0,28,29,30,0,-2,0,0,0,58,3360,4031,1271,172,35,529,31627,29865,109,2,64,4,4.27056e+06,0,0,0,0,1,0,2403,0,1288,3371,0,0,0,0,0,0,0,0,1659,-1596,0,0,166
1895.84,0,0,0,0,100,2971,1.5254,0.0148555,1.53471,42,0,28,29,30,0,-2,0,0,0,58,3360,4031,1271,172,35,529,31627,29865,109,2,64,4,4.27056e+06,0,0,0,0,1,0,2500,0,1286,3380,0,0,0,0,0,0,0,0,1659,-1614,0,0,166
1895.85,0,0,0,0,100,2972,1.52537,0.0148449,1.53406,42,0,28,29,30,0,-2,0,0,0,58,3362,4031,1293,172,35,529,31627,29865,109,2,64,4,4.34707e+06,0,0,0,0,1,0,2500,0,1287,3363,0,0,0,0,0,0,0,0,1659,-1652,0,0,166
1895.86,0,0,0,0,100,2972,1.52535,0.0148343,1.53342,42,0,28,29,30,0,-2,0,0,0,58,3360,4031,1285,172,35,529,31627,29865,109,2,64,4,4.3176e+06,0,0,0,0,1,0,2500,0,1287,3363,0,0,0,0,0,0,0,0,1659,-1652,0,0,166
1895.87,0,0,0,0,99,2967,1.52532,0.0148236,1.53277,42,0,28,29,30,0,-2,0,0,0,58,3360,4031,1277,172,35,529,31627,29865,109,2,64,4,4.29072e+06,0,0,0,0,1,0,2238,234,1292,3374,0,0,0,0,0,0,0,0,1659,-1590,0,0,166
1895.88,0,0,0,0,100,2971,1.52529,0.014813,1.53213,42,0,28,29,30,0,-2,0,0,0,58,3360,4031,1277,172,35,529,31627,29865,109,2,64,4,4.29072e+06,0,0,0,0,1,0,1146,1738,1268,3358,0,0,0,0,0,0,0,0,1659,-1699,0,0,166
1895.89,0,0,0,0,99,2989,1.52526,0.0148023,1.53148,42,0,28,29,30,0,-2,0,0,0,58,3360,4031,1284,172,35,529,31627,29865,109,2,64,4,4.31424e+06,0,0,0,0,1,0,1419,1449,1268,3345,0,0,0,0,0,0,0,0,1659,-1663,0,0,166
1895.9,0,0,0,0,100,2995,1.52524,0.0147917,1.53084,42,0,28,29,30,0,-2,0,0,0,58,3357,4031,1294,172,35,529,31685,29495,109,2,87,4,4.34396e+06,0,0,0,0,1,0,718,2132,1295,3328,0,0,0,0,0,0,0,0,1659,-1725,0,0,166
1895.91,0,0,0,0,100,2995,1.52539,0.0147987,1.53107,42,0,28,29,30,0,-2,0,0,0,58,3357,4031,1299,172,35,529,31685,29495,109,2,87,4,4.36074e+06,0,0,0,0,1,0,662,2181,1311,3350,0,0,0,0,0,0,0,0,1659,-1733,0,0,166
1895.92,0,0,0,0,100,2995,1.52555,0.0148057,1.53131,42,0,28,29,30,0,-2,0,0,0,58,3357,4031,1299,172,35,529,31685,29495,109,2,87,4,4.36074e+06,0,0,0,0,1,0,662,2181,1311,3350,0,0,0,0,0,0,0,0,1659,-1733,0,0,166
1895.93,0,0,0,0,99,2988,1.5257,0.0148128,1.53154,42,0,28,29,30,0,-2,0,0,0,58,3352,4031,1285,172,35,529,31685,29495,109,2,87,4,4.30732e+06,0,0,0,0,1,0,399,2318,1313,3341,0,0,0,0,0,0,0,0,1659,-1702,0,0,166
1895.94,0,0,0,0,99,2986,1.52586,0.0148198,1.53178,42,0,28,29,30,0,-2,0,0,0,58,3352,4031,1277,172,35,529,31685,29495,109,2,87,4,4.2805e+06,0,0,0,0,1,0,62,2383,1299,3328,0,0,0,0,0,0,0,0,1659,-1610,0,0,166
1895.95,0,0,0,0,99,2995,1.52601,0.0148268,1.53202,42,0,28,29,30,0,-2,0,0,0,58,3352,4031,1277,172,35,529,31685,29495,109,2,87,4,4.2805e+06,0,0,0,0,1,0,0,2422,1288,3337,0,0,0,0,0,0,0,0,1659,-1599,0,0,166
1895.96,0,0,0,0,99,3008,1.52617,0.0148338,1.53225,42,0,28,29,30,0,-2,0,0,0,58,3352,4031,1277,172,35,529,31685,29495,109,2,87,4,4.2805e+06,0,0,0,0,1,0,87,2378,1297,3333,0,0,0,0,0,0,0,0,1659,-1654,0,0,166
1895.97,0,0,0,0,100,3010,1.52632,0.0148409,1.53249,42,0,28,29,30,0,-2,0,0,0,58,3359,4032,1293,172,35,529,31685,29495,109,2,87,4,4.34319e+06,0,0,0,0,1,0,411,2328,1321,3341,0,0,0,0,0,0,0,0,1659,-1717,0,0,166
1895.98,0,0,0,0,99,3010,1.52647,0.0148479,1.53273,42,0,28,29,30,0,-2,0,0,0,58,3359,4032,1286,172,35,529,31685,29495,109,2,87,4,4.31967e+06,0,0,0,0,1,0,411,2328,1321,3341,0,0,0,0,0,0,0,0,1659,-1717,0,0,166
1895.99,0,0,0,0,100,3010,1.52663,0.0148549,1.53296,42,0,28,29,30,0,-2,0,0,0,58,3351,4032,1297,172,35,529,31685,29495,109,2,87,4,4.34625e+06,0,0,0,0,1,0,603,2199,1312,3341,0,0,0,0,0,0,0,0,1659,-1731,0,0,166
1896,0,0,0,0,99,3011,1.52678,0.0148619,1.5332,42,0,28,29,30,0,-2,0,0,0,58,3351,4032,1297,172,35,529,31637,29566,109,2,68,4,4.34625e+06,0,0,0,0,1,0,943,1974,1313,3319,0,0,0,0,0,0,0,0,1659,-1737,0,0,166
1896.01,0,0,0,0,100,3010,1.5262,0.0148678,1.53299,42,0,28,29,30,0,-2,0,0,0,58,3349,4032,1299,172,35,529,31637,29566,109,2,68,4,4.35035e+06,0,0,0,0,1,0,1193,1744,1304,3354,0,0,0,0,0,0,0,0,1659,-1732,0,0,166
1896.02,0,0,0,0,99,3009,1.52561,0.0148737,1.53278,42,0,28,29,30,0,-2,0,0,0,58,3349,4034,1295,172,35,529,31637,29566,109,2,68,4,4.33696e+06,0,0,0,0,1,0,1527,1326,1300,3343,0,0,0,0,0,0,0,0,1659,-1572,0,0,166
1896.03,0,0,0,0,100,3015,1.52503,0.0148796,1.53257,42,0,28,29,30,0,-2,0,0,0,58,3346,4034,1288,172,35,529,31637,29566,109,2,68,4,4.30965e+06,0,0,0,0,1,0,2087,437,1289,3369,0,0,0,0,0,0,0,0,1659,-1613,0,0,166
1896.04,0,0,0,0,100,3015,1.52444,0.0148855,1.53235,42,0,28,29,30,0,-2,0,0,0,58,3346,4034,1288,172,35,529,31637,29566,109,2,68,4,4.30965e+06,0,0,0,0,1,0,2087,437,1289,3369,0,0,0,0,0,0,0,0,1659,-1613,0,0,166
1896.05,0,0,0,0,100,3024,1.52386,0.0148914,1.53214,42,0,28,29,30,0,-2,0,0,0,58,3346,4034,1291,172,35,529,31637,29566,109,2,68,4,4.31969e+06,0,0,0,0,1,0,2500,0,1291,3356,0,0,0,0,0,0,0,0,1659,-1634,0,0,166
1896.06,0,0,0,0,100,3032,1.52327,0.0148973,1.53193,42,0,28,29,30,0,-2,0,0,0,58,3351,4034,1310,172,35,529,31637,29566,109,2,68,4,4.38981e+06,0,0,0,0,1,0,2500,0,1307,3363,0,0,0,0,0,0,0,0,1659,-1541,0,0,166
1896.07,0,0,0,0,99,3033,1.52268,0.0149032,1.53172,42,0,28,29,30,0,-2,0,0,0,58,3351,4034,1336,172,35,529,31637,29566,109,2,68,4,4.47694e+06,0,0,0,0,1,402,2329,0,1327,3330,0,0,0,0,0,0,0,0,1659,-1725,0,0,166
1896.08,0,0,0,0,99,3018,1.5221,0.0149091,1.53151,42,0,28,29,30,0,-2,0,0,0,58,3351,4034,1336,172,35,529,31637,29566,109,2,68,4,4.47694e+06,0,0,0,0,1,866,2013,0,1324,3334,0,0,0,0,0,0,0,0,1659,-1726,0,0,166
1896.09,0,0,0,0,100,3017,1.52151,0.014915,1.53129,42,0,28,29,30,0,-2,0,0,0,58,3351,4034,1297,172,35,529,31637,29566,109,2,68,4,4.34625e+06,0,0,0,0,1,1313,1564,0,1292,3352,0,0,0,0,0,0,0,0,1659,-1680,0,0,166
1896.1,0,0,0,0,100,3017,1.52093,0.0149209,1.53108,42,0,28,29,30,0,-2,0,0,0,59,3351,4034,1302,172,35,529,31630,29500,109,2,68,4,4.363e+06,0,0,0,0,1,1313,1564,0,1292,3352,0,0,0,0,0,0,0,0,1659,-1680,0,0,166
1896.11,0,0,0,0,99,3023,1.52134,0.0149141,1.53118,42,0,28,29,30,0,-2,0,0,0,59,3351,4034,1299,172,35,529,31630,29500,109,2,68,4,4.35295e+06,0,0,0,0,1,2116,349,0,1292,3348,0,0,0,0,0,0,0,0,1659,-1556,0,0,166
1896.12,0,0,0,0,99,3029,1.52176,0.0149073,1.53127,42,0,28,29,30,0,-2,0,0,0,59,3351,4034,1299,172,35,529,31630,29500,109,2,68,4,4.35295e+06,0,0,0,0,1,2500,0,0,1305,3313,0,0,0,0,0,0,0,0,1659,-1628,0,0,166
1896.13,0,0,0,0,99,3034,1.52218,0.0149006,1.53137,42,0,28,29,30,0,-2,0,0,0,59,3351,4034,1302,172,35,529,31630,29500,109,2,68,4,4.363e+06,0,0,0,0,1,2500,0,0,1307,3356,0,0,0,0,0,0,0,0,1659,-1615,0,0,166
1896.14,0,0,0,0,99,3032,1.5226,0.0148938,1.53146,42,0,28,29,30,0,-2,0,0,0,59,3351,4034,1310,172,35,529,31630,29500,109,2,68,4,4.38981e+06,0,0,0,0,1,2269,0,459,1322,3410,0,0,0,0,0,0,0,0,1659,-1747,0,0,166
1896.15,0,0,0,0,99,3033,1.52302,0.014887,1.53156,42,0,28,29,30,0,-2,0,0,0,59,3351,4034,1311,172,35,529,31630,29500,109,2,68,4,4.39316e+06,0,0,0,0,1,2050,0,822,1319,3382,0,0,0,0,0,0,0,0,1659,-1770,0,0,166
1896.16,0,0,0,0,100,3033,1.52343,0.0148802,1.53165,42,0,28,29,30,0,-2,0,0,0,59,3351,4034,1311,172,35,529,31630,29500,109,2,68,4,4.39316e+06,0,0,0,0,1,2050,0,822,1319,3382,0,0,0,0,0,0,0,0,1659,-1770,0,0,166
1896.17,0,0,0,0,100,3036,1.52385,0.0148734,1.53175,42,0,28,29,30,0,-2,0,0,0,59,3341,4034,1312,172,35,529,31630,29500,109,2,68,4,4.38339e+06,0,0,0,0,1,466,0,2023,1305,3330,0,0,0,0,0,0,0,0,1659,-1580,0,0,166
1896.18,0,0,0,0,100,3036,1.52427,0.0148666,1.53184,42,0,28,29,30,0,-2,0,0,0,59,3341,4034,1301,173,35,529,31630,29500,109,2,68,4,4.34664e+06,0,0,0,0,1,0,0,2500,1335,3283,0,0,0,0,0,0,0,0,1659,-1665,0,0,166
1896.19,0,0,0,0,100,3036,1.52469,0.0148599,1.53194,42,0,28,29,30,0,-2,0,0,0,59,3341,4034,1299,173,35,529,31630,29500,109,2,68,4,4.33996e+06,0,0,0,0,1,0,0,2500,1318,3334,0,0,0,0,0,0,0,0,1659,-1614,0,0,166
1896.2,0,0,0,0,100,3046,1.52511,0.0148531,1.53203,42,0,28,29,30,0,-2,0,0,0,59,3341,4034,1299,173,35,529,31630,29500,109,2,68,4,4.33996e+06,0,0,0,0,1,0,457,2263,1313,3339,0,0,0,0,0,0,0,0,1659,-1732,0,0,166
1896.21,0,0,0,0,100,3053,1.52475,0.0148598,1.53228,42,0,28,29,30,0,-2,0,0,0,59,3352,4035,1316,173,35,529,31630,29500,109,2,68,4,4.41123e+06,0,0,0,0,1,0,2204,256,1322,3343,0,0,0,0,0,0,0,0,1659,-1582,0,0,166
1896.22,0,0,0,0,100,3053,1.5244,0.0148665,1.53253,42,0,28,29,30,0,-2,0,0,0,59,3352,4035,1322,173,35,529,31630,29500,109,2,68,4,4.43134e+06,0,0,0,0,1,0,2204,256,1322,3343,0,0,0,0,0,0,0,0,1659,-1582,0,0,166
1896.23,0,0,0,0,100,3053,1.52404,0.0148732,1.53279,42,0,28,29,30,0,-2,0,0,0,59,3352,4035,1333,173,35,529,31630,29500,109,2,68,4,4.46822e+06,0,0,0,0,1,0,2500,0,1325,3358,0,0,0,0,0,0,0,0,1659,-1629,0,0,166
1896.24,0,0,0,0,100,3044,1.52369,0.0148799,1.53304,42,0,28,29,30,0,-2,0,0,0,59,3352,4035,1333,173,35,529,31630,29500,109,2,68,4,4.46822e+06,0,0,0,0,1,153,2376,0,1340,3341,0,0,0,0,0,0,0,0,1659,-1657,0,0,166
1896.25,0,0,0,0,100,3043,1.52334,0.0148866,1.53329,42,0,28,29,30,0,-2,0,0,0,59,3339,4035,1311,173,35,529,31630,29500,109,2,68,4,4.37743e+06,0,0,0,0,1,1251,1732,0,1318,3343,0,0,0,0,0,0,0,0,1659,-1743,0,0,166
1896.26,0,0,0,0,100,3049,1.52298,0.0148933,1.53354,42,0,28,29,30,0,-2,0,0,0,59,3339,4035,1305,173,35,529,31630,29500,109,2,68,4,4.3574e+06,0,0,0,0,1,2500,0,0,1300,3315,0,0,0,0,0,0,0,0,1659,-1612,0,0,166
1896.27,0,0,0,0,100,3064,1.52263,0.0149,1.53379,42,0,28,29,30,0,-2,0,0,0,59,3339,4035,1302,173,35,529,31630,29500,109,2,68,4,4.34738e+06,0,0,0,0,1,2436,0,0,1311,3386,0,0,0,0,0,0,0,0,1659,-1568,0,0,166
1896.28,0,0,0,0,100,3064,1.52227,0.0149067,1.53404,42,0,28,29,30,0,-2,0,0,0,59,3339,4035,1302,173,35,529,31630,29500,109,2,68,4,4.34738e+06,0,0,0,0,1,2436,0,0,1311,3386,0,0,0,0,0,0,0,0,1659,-1568,0,0,166
1896.29,0,0,0,0,100,3069,1.52192,0.0149134,1.53429,42,0,28,29,30,0,-2,0,0,0,59,3341,4035,1334,173,35,529,31630,29500,109,2,68,4,4.45689e+06,0,0,0,0,1,971,0,1763,1333,3330,0,0,0,0,0,0,0,0,1659,-1656,0,0,166
1896.3,0,0,0,0,99,3071,1.52156,0.0149201,1.53455,42,0,28,29,30,0,-2,0,0,0,59,3341,4035,1318,173,35,529,31506,29584,109,2,68,4,4.40344e+06,0,0,0,0,1,0,0,2500,1327,3333,0,0,0,0,0,0,0,0,1659,-1605,0,0,166
1896.31,0,0,0,0,100,3076,1.52147,0.0149149,1.5343,42,0,28,29,30,0,-2,0,0,0,59,3335,4035,1338,173,35,529,31506,29584,109,2,68,4,4.46223e+06,0,0,0,0,1,0,1166,1816,1338,3326,0,0,0,0,0,0,0,0,1659,-1757,0,0,166
1896.32,0,0,0,0,100,3072,1.52138,0.0149097,1.53406,42,0,28,29,30,0,-2,0,0,0,59,3335,4035,1338,173,35,529,31506,29584,109,2,68,4,4.46223e+06,0,0,0,0,1,0,2500,0,1331,3343,0,0,0,0,0,0,0,0,1659,-1646,0,0,166
1896.33,0,0,0,0,100,3070,1.52129,0.0149046,1.53381,42,0,28,29,30,0,-2,0,0,0,59,3334,4035,1333,173,35,529,31506,29584,109,2,68,4,4.44422e+06,0,0,0,0,1,509,2286,0,1344,3328,0,0,0,0,0,0,0,0,1659,-1741,0,0,166
1896.34,0,0,0,0,100,3070,1.5212,0.0148994,1.53357,42,0,28,29,30,0,-2,0,0,0,59,3334,4035,1318,173,35,529,31506,29584,109,2,68,4,4.39421e+06,0,0,0,0,1,509,2286,0,1344,3328,0,0,0,0,0,0,0,0,1659,-1741,0,0,166
1896.35,0,0,0,0,100,3074,1.52111,0.0148942,1.53333,42,0,28,29,30,0,-2,0,0,0,59,3334,4035,1326,173,35,529,31506,29584,109,2,68,4,4.42088e+06,0,0,0,0,1,2500,0,0,1318,3307,0,0,0,0,0,0,0,0,1659,-1636,0,0,166
1896.36,0,0,0,0,100,3083,1.52102,0.014889,1.53308,42,0,28,29,30,0,-2,0,0,0,59,3334,4035,1326,173,35,529,31506,29584,109,2,68,4,4.42088e+06,0,0,0,0,1,2351,0,254,1330,3419,0,0,0,0,0,0,0,0,1659,-1691,0,0,166
1896.37,0,0,0,0,100,3093,1.52093,0.0148839,1.53284,42,0,28,29,30,0,-2,0,0,0,59,3331,4035,1334,173,35,529,31506,29584,109,2,68,4,4.44355e+06,0,0,0,0,1,0,0,2500,1342,3276,0,0,0,0,0,0,0,0,1659,-1641,0,0,166
1896.38,0,0,0,0,100,3093,1.52084,0.0148787,1.5326,42,0,28,29,30,0,-2,0,0,0,59,3331,4035,1338,173,35,529,31506,29584,109,2,68,4,4.45688e+06,0,0,0,0,1,0,779,2068,1357,3322,0,0,0,0,0,0,0,0,1659,-1743,0,0,166
1896.39,0,0,0,0,100,3081,1.52075,0.0148735,1.53235,42,0,28,29,30,0,-2,0,0,0,59,3338,4035,1362,173,35,529,31506,29584,109,2,68,4,4.54636e+06,0,0,0,0,1,0,2500,0,1353,3343,0,0,0,0,0,0,0,0,1659,-1612,0,0,166
1896.4,0,0,0,0,100,3081,1.52066,0.0148683,1.53211,42,0,28,29,30,0,-2,0,0,0,59,3338,4035,1362,173,35,529,31493,29231,109,2,65,4,4.54636e+06,0,0,0,0,1,0,2500,0,1353,3343,0,0,0,0,0,0,0,0,1659,-1612,0,0,166
1896.41,0,0,0,0,99,3082,1.52068,0.014869,1.53205,42,0,28,29,30,0,-2,0,0,0,59,3329,4035,1327,173,35,529,31493,29231,109,2,65,4,4.41758e+06,0,0,0,0,1,654,2144,0,1332,3337,0,0,0,0,0,0,0,0,1659,-1710,0,0,166
1896.42,0,0,0,0,100,3088,1.52071,0.0148697,1.53199,42,0,28,29,30,0,-2,0,0,0,59,3329,4040,1330,173,35,529,31493,29231,109,2,65,4,4.42757e+06,0,0,0,0,1,2500,0,0,1322,3319,0,0,0,0,0,0,0,0,1659,-1643,0,0,166
1896.43,0,0,0,0,100,3101,1.52073,0.0148705,1.53192,42,0,28,29,30,0,-2,0,0,0,59,3329,4040,1334,173,35,529,31493,29231,109,2,65,4,4.44089e+06,0,0,0,0,1,1702,0,1271,1338,3333,0,0,0,0,0,0,0,0,1659,-1777,0,0,166
1896.44,0,0,0,0,100,3106,1.52075,0.0148712,1.53186,42,0,28,29,30,0,-2,0,0,0,59,3329,4040,1334,173,35,529,31493,29231,109,2,65,4,4.44089e+06,0,0,0,0,1,0,0,2500,1348,3324,0,0,0,0,0,0,0,0,1659,-1593,0,0,166
1896.45,0,0,0,0,100,3103,1.52077,0.0148719,1.5318,42,0,28,29,30,0,-2,0,0,0,59,3329,4040,1354,173,35,529,31493,29231,109,2,65,4,4.50747e+06,0,0,0,0,1,0,2500,0,1354,3333,0,0,0,0,0,0,0,0,1659,-1628,0,0,166
1896.46,0,0,0,0,100,3103,1.52079,0.0148726,1.53174,42,0,28,29,30,0,-2,0,0,0,59,3333,4040,1345,173,35,529,31493,29231,109,2,65,4,4.48288e+06,0,0,0,0,1,0,2500,0,1354,3333,0,0,0,0,0,0,0,0,1659,-1628,0,0,166
1896.47,0,0,0,0,100,3099,1.52081,0.0148733,1.53168,42,0,28,29,30,0,-2,0,0,0,59,3333,4040,1343,173,35,529,31493,29231,109,2,65,4,4.47622e+06,0,0,0,0,1,687,2140,0,1353,3326,0,0,0,0,0,0,0,0,1659,-1723,0,0,166
1896.48,0,0,0,0,100,3099,1.52083,0.014874,1.53162,42,0,28,29,30,0,-2,0,0,0,59,3333,4040,1343,173,35,529,31493,29231,109,2,65,4,4.47622e+06,0,0,0,0,1,2500,0,0,1331,3324,0,0,0,0,0,0,0,0,1659,-1605,0,0,166
1896.49,0,0,0,0,99,3095,1.52085,0.0148748,1.53155,42,0,28,29,30,0,-2,0,0,0,59,3337,4040,1341,173,35,529,31493,29231,109,2,65,4,4.47492e+06,0,0,0,0,1,1343,0,1505,1349,3322,0,0,0,0,0,0,0,0,1659,-1709,0,0,166
1896.5,0,0,0,0,100,3102,1.52087,0.0148755,1.53149,42,0,28,29,30,0,-2,0,0,0,59,3337,4040,1343,173,35,529,31393,29550,110,2,64,4,4.48159e+06,0,0,0,0,1,0,0,2468,1324,3324,0,0,0,0,0,0,0,0,1659,-1579,0,0,166
1896.51,0,0,0,0,100,3114,1.52118,0.014869,1.5314,42,0,28,29,30,0,-2,0,0,0,59,3337,4044,1339,173,35,529,31393,29550,110,2,64,4,4.46824e+06,0,0,0,0,1,0,2500,0,1338,3313,0,0,0,0,0,0,0,0,1659,-1653,0,0,166
1896.52,0,0,0,0,100,3114,1.52149,0.0148625,1.53132,42,0,28,29,30,0,-2,0,0,0,59,3337,4044,1339,173,35,529,31393,29550,110,2,64,4,4.46824e+06,0,0,0,0,1,0,2500,0,1338,3313,0,0,0,0,0,0,0,0,1659,-1653,0,0,166
1896.53,0,0,0,0,100,3118,1.52181,0.014856,1.53123,42,0,28,29,30,0,-2,0,0,0,59,3330,4044,1352,173,35,529,31393,29550,110,2,64,4,4.50216e+06,0,0,0,0,1,1499,1407,0,1355,3326,0,0,0,0,0,0,0,0,1659,-1695,0,0,166
1896.54,0,0,0,0,100,3113,1.52212,0.0148496,1.53114,42,0,28,29,30,0,-2,0,0,0,59,3330,4044,1346,173,35,529,31393,29550,110,2,64,4,4.48218e+06,0,0,0,0,1,2470,0,46,1368,3397,0,0,0,0,0,0,0,0,1659,-1762,0,0,166
1896.55,0,0,0,0,100,3105,1.52243,0.0148431,1.53106,42,0,28,29,30,0,-2,0,0,0,59,3325,4044,1355,173,35,529,31393,29550,110,2,64,4,4.50538e+06,0,0,0,0,1,0,0,2500,1354,3276,0,0,0,0,0,0,0,0,1659,-1622,0,0,166
1896.56,0,0,0,0,100,3111,1.52275,0.0148366,1.53097,42,0,28,29,30,0,-2,0,0,0,59,3325,4044,1355,173,35,529,31393,29550,110,2,64,4,4.50538e+06,0,0,0,0,1,0,1388,1551,1335,3328,0,0,0,0,0,0,0,0,1659,-1572,0,0,166
1896.57,0,0,0,0,100,3125,1.52306,0.0148301,1.53088,42,0,28,29,30,0,-2,0,0,0,59,3321,4044,1323,173,35,529,31393,29550,110,2,64,4,4.39368e+06,0,0,0,0,1,194,2310,0,1327,3326,0,0,0,0,0,0,0,0,1659,-1697,0,0,166
1896.58,0,0,0,0,100,3125,1.52337,0.0148236,1.5308,42,0,28,29,30,0,-2,0,0,0,59,3321,4045,1329,173,35,529,31393,29550,110,2,64,4,4.41361e+06,0,0,0,0,1,194,2310,0,1327,3326,0,0,0,0,0,0,0,0,1659,-1697,0,0,166
1896.59,0,0,0,0,100,3137,1.52368,0.0148172,1.53071,42,0,28,29,30,0,-2,0,0,0,59,3321,4045,1341,173,35,529,31393,29550,110,2,64,4,4.45346e+06,0,0,0,0,1,2441,0,10,1367,3391,0,0,0,0,0,0,0,0,1659,-1659,0,0,166
1896.6,0,0,0,0,100,3135,1.524,0.0148107,1.53062,42,0,28,29,30,0,-2,0,0,0,58,3321,4045,1341,171,35,529,31360,29077,109,2,68,4,4.45346e+06,0,0,0,0,1,0,0,2500,1372,3313,0,0,0,0,0,0,0,0,1659,-1639,0,0,166
1896.61,0,0,0,0,100,3131,1.52343,0.0148136,1.53053,42,0,28,29,30,0,-2,0,0,0,58,3331,4045,1354,171,35,529,31360,29077,109,2,68,4,4.51017e+06,0,0,0,0,1,0,2500,0,1363,3319,0,0,0,0,0,0,0,0,1659,-1649,0,0,166
1896.62,0,0,0,0,100,3128,1.52285,0.0148166,1.53043,42,0,28,29,30,0,-2,0,0,0,58,3319,4045,1355,171,35,529,31360,29077,109,2,68,4,4.49724e+06,0,0,0,0,1,1735,991,0,1362,3317,0,0,0,0,0,0,0,0,1659,-1614,0,0,166
1896.63,0,0,0,0,100,3127,1.52228,0.0148196,1.53033,42,0,28,29,30,0,-2,0,0,0,58,3319,4045,1376,171,35,529,31360,29077,109,2,68,4,4.56694e+06,0,0,0,0,1,2280,0,500,1362,3401,0,0,0,0,0,0,0,0,1659,-1757,0,0,166
1896.64,0,0,0,0,100,3127,1.52171,0.0148225,1.53023,42,0,28,29,30,0,-2,0,0,0,58,3319,4045,1376,171,35,529,31360,29077,109,2,68,4,4.56694e+06,0,0,0,0,1,2280,0,500,1362,3401,0,0,0,0,0,0,0,0,1659,-1757,0,0,166
1896.65,0,0,0,0,100,3131,1.52114,0.0148255,1.53014,42,0,28,29,30,0,-2,0,0,0,58,3317,4045,1355,171,35,529,31360,29077,109,2,68,4,4.49454e+06,0,0,0,0,1,0,235,2343,1353,3313,0,0,0,0,0,0,0,0,1659,-1669,0,0,166
1896.66,0,0,0,0,100,3143,1.52057,0.0148285,1.53004,42,0,28,29,30,0,-2,0,0,0,58,3317,4045,1355,171,35,529,31360,29077,109,2,68,4,4.49454e+06,0,0,0,0,1,0,2500,0,1343,3352,0,0,0,0,0,0,0,0,1659,-1574,0,0,166
1896.67,0,0,0,0,100,3154,1.52,0.0148314,1.52994,42,0,28,29,30,0,-2,0,0,0,58,3317,4045,1360,171,35,529,31360,29077,109,2,68,4,4.51112e+06,0,0,0,0,1,2500,0,0,1348,3324,0,0,0,0,0,0,0,0,1659,-1618,0,0,166
1896.68,0,0,0,0,99,3160,1.51943,0.0148344,1.52984,42,0,28,29,30,0,-2,0,0,0,58,3317,4045,1360,171,35,529,31360,29077,109,2,68,4,4.51112e+06,0,0,0,0,1,0,0,2500,1382,3270,0,0,0,0,0,0,0,0,1659,-1682,0,0,166
1896.69,0,0,0,0,100,3150,1.51885,0.0148374,1.52974,42,0,28,29,30,0,-2,0,0,0,58,3324,4045,1373,171,35,529,31360,29077,109,2,68,4,4.56385e+06,0,0,0,0,1,0,2500,0,1393,3311,0,0,0,0,0,0,0,0,1659,-1655,0,0,166
1896.7,0,0,0,0,100,3150,1.51828,0.0148403,1.52965,42,0,28,29,30,0,-2,0,0,0,59,3324,4045,1378,172,35,529,31404,29086,109,2,87,4,4.58047e+06,0,0,0,0,1,0,2500,0,1393,3311,0,0,0,0,0,0,0,0,1659,-1655,0,0,166
1896.71,0,0,0,0,100,3144,1.51833,0.0148485,1.52922,42,0,28,29,30,0,-2,0,0,0,59,3317,4045,1369,172,35,529,31404,29086,109,2,87,4,4.54097e+06,0,0,0,0,1,2167,284,0,1359,3307,0,0,0,0,0,0,0,0,1659,-1563,0,0,166
1896.72,0,0,0,0,100,3152,1.51838,0.0148566,1.5288,42,0,28,29,30,0,-2,0,0,0,59,3317,4045,1369,172,35,529,31404,29086,109,2,87,4,4.54097e+06,0,0,0,0,1,1179,0,1634,1357,3311,0,0,0,0,0,0,0,0,1659,-1684,0,0,166
1896.73,0,0,0,0,99,3164,1.51842,0.0148648,1.52838,42,0,28,29,30,0,-2,0,0,0,59,3323,4045,1347,172,35,529,31404,29086,109,2,87,4,4.47608e+06,0,0,0,0,1,0,1507,1289,1346,3319,0,0,0,0,0,0,0,0,1659,-1627,0,0,166
1896.74,0,0,0,0,100,3170,1.51847,0.0148729,1.52795,42,0,28,29,30,0,-2,0,0,0,59,3323,4045,1357,172,35,529,31404,29086,109,2,87,4,4.50931e+06,0,0,0,0,1,1718,1013,0,1371,3304,0,0,0,0,0,0,0,0,1659,-1615,0,0,166
1896.75,0,0,0,0,100,3167,1.51852,0.014881,1.52753,42,0,28,29,30,0,-2,0,0,0,59,3323,4045,1377,172,35,529,31404,29086,109,2,87,4,4.57577e+06,0,0,0,0,1,977,0,1765,1387,3290,0,0,0,0,0,0,0,0,1659,-1673,0,0,166
1896.76,0,0,0,0,100,3167,1.51856,0.0148892,1.52711,42,0,28,29,30,0,-2,0,0,0,59,3323,4045,1377,172,35,529,31404,29086,109,2,87,4,4.57577e+06,0,0,0,0,1,977,0,1765,1387,3290,0,0,0,0,0,0,0,0,1659,-1673,0,0,166
1896.77,0,0,0,0,100,3161,1.51861,0.0148973,1.52668,42,0,28,29,30,0,-2,0,0,0,59,3322,4045,1383,172,35,529,31404,29086,109,2,87,4,4.59433e+06,0,0,0,0,1,0,1556,1218,1377,3298,0,0,0,0,0,0,0,0,1659,-1644,0,0,166
1896.78,0,0,0,0,100,3159,1.51866,0.0149055,1.52626,42,0,28,29,30,0,-2,0,0,0,59,3322,4045,1385,172,35,529,31404,29086,109,2,87,4,4.60097e+06,0,0,0,0,1,1241,1776,0,1369,3307,0,0,0,0,0,0,0,0,1659,-1763,0,0,166
1896.79,0,0,0,0,100,3162,1.5187,0.0149136,1.52584,42,0,28,29,30,0,-2,0,0,0,59,3311,4045,1367,172,35,529,31404,29086,109,2,87,4,4.52614e+06,0,0,0,0,1,1964,0,1080,1379,3339,0,0,0,0,0,0,0,0,1659,-1814,0,0,166
1896.8,0,0,0,0,100,3168,1.51875,0.0149218,1.52541,42,0,28,29,30,0,-2,0,0,0,59,3311,4045,1367,173,35,529,31392,29204,109,2,87,4,4.52614e+06,0,0,0,0,1,0,1097,1850,1354,3322,0,0,0,0,0,0,0,0,1659,-1743,0,0,166
1896.81,0,0,0,0,100,3183,1.51865,0.0149034,1.52566,42,0,28,29,30,0,-2,0,0,0,59,3311,4043,1358,173,35,529,31392,29204,109,2,87,4,4.49634e+06,0,0,0,0,1,1735,993,0,1360,3309,0,0,0,0,0,0,0,0,1659,-1615,0,0,166
1896.82,0,0,0,0,100,3183,1.51855,0.0148851,1.52591,42,0,28,29,30,0,-2,0,0,0,59,3315,4043,1368,173,35,529,31392,29204,109,2,87,4,4.53492e+06,0,0,0,0,1,1735,993,0,1360,3309,0,0,0,0,0,0,0,0,1659,-1615,0,0,166
1896.83,0,0,0,0,100,3186,1.51845,0.0148668,1.52616,42,0,28,29,30,0,-2,0,0,0,59,3315,4043,1366,173,35,529,31392,29204,109,2,87,4,4.52829e+06,0,0,0,0,1,0,0,2396,1393,3259,0,0,0,0,0,0,0,0,1659,-1598,0,0,166
1896.84,0,0,0,0,100,3179,1.51835,0.0148484,1.52642,42,0,28,29,30,0,-2,0,0,0,59,3315,4043,1366,173,35,529,31392,29204,109,2,87,4,4.52829e+06,0,0,0,0,1,0,2500,0,1406,3302,0,0,0,0,0,0,0,0,1659,-1661,0,0,166
1896.85,0,0,0,0,100,3168,1.51826,0.0148301,1.52667,42,0,28,29,30,0,-2,0,0,0,59,3316,4043,1398,173,35,529,31392,29204,109,2,87,4,4.63577e+06,0,0,0,0,1,2500,0,0,1388,3283,0,0,0,0,0,0,0,0,1659,-1639,0,0,166
1896.86,0,0,0,0,100,3170,1.51816,0.0148118,1.52692,42,0,28,29,30,0,-2,0,0,0,59,3310,4043,1384,173,35,529,31392,29204,109,2,87,4,4.58104e+06,0,0,0,0,1,0,0,2500,1360,3257,0,0,0,0,0,0,0,0,1659,-1629,0,0,166
1896.87,0,0,0,0,100,3183,1.51806,0.0147934,1.52717,42,0,28,29,30,0,-2,0,0,0,59,3310,4043,1368,173,35,529,31392,29204,109,2,87,4,4.52808e+06,0,0,0,0,1,0,2500,0,1355,3337,0,0,0,0,0,0,0,0,1659,-1603,0,0,166
1896.88,0,0,0,0,100,3183,1.51796,0.0147751,1.52742,42,0,28,29,30,0,-2,0,0,0,59,3310,4043,1368,173,35,529,31392,29204,109,2,87,4,4.52808e+06,0,0,0,0,1,0,2500,0,1355,3337,0,0,0,0,0,0,0,0,1659,-1603,0,0,166
1896.89,0,0,0,0,100,3196,1.51786,0.0147567,1.52767,42,0,28,29,30,0,-2,0,0,0,59,3308,4041,1369,173,35,529,31392,29204,109,2,87,4,4.52865e+06,0,0,0,0,1,2500,0,0,1384,3334,0,0,0,0,0,0,0,0,1659,-1573,0,0,166
1896.9,0,0,0,0,100,3192,1.51776,0.0147384,1.52792,42,0,28,29,30,0,-2,0,0,0,60,3308,4041,1405,173,35,529,31244,29277,109,2,68,4,4.64774e+06,0,0,0,0,1,0,624,2230,1408,3281,0,0,0,0,0,0,0,0,1659,-1779,0,0,166
1896.91,0,0,0,0,100,3189,1.51785,0.0147439,1.52773,42,0,28,29,30,0,-2,0,0,0,60,3308,4041,1400,172,35,529,31244,29277,109,2,68,4,4.6312e+06,0,0,0,0,1,637,2245,0,1401,3309,0,0,0,0,0,0,0,0,1659,-1769,0,0,166
1896.92,0,0,0,0,100,3185,1.51793,0.0147494,1.52754,42,0,28,29,30,0,-2,0,0,0,60,3308,4041,1400,172,35,529,31244,29277,109,2,68,4,4.6312e+06,0,0,0,0,1,1864,0,1162,1395,3319,0,0,0,0,0,0,0,0,1659,-1805,0,0,166
1896.93,0,0,0,0,100,3187,1.51801,0.0147549,1.52736,42,0,28,29,30,0,-2,0,0,0,60,3309,4041,1388,172,35,529,31244,29277,109,2,68,4,4.59289e+06,0,0,0,0,1,0,1925,714,1373,3307,0,0,0,0,0,0,0,0,1659,-1589,0,0,166
1896.94,0,0,0,0,100,3187,1.51809,0.0147603,1.52717,42,0,28,29,30,0,-2,0,0,0,60,3309,4041,1380,172,35,529,31244,29277,109,2,68,4,4.56642e+06,0,0,0,0,1,0,1925,714,1373,3307,0,0,0,0,0,0,0,0,1659,-1589,0,0,166
1896.95,0,0,0,0,100,3195,1.51818,0.0147658,1.52698,42,0,28,29,30,0,-2,0,0,0,60,3309,4041,1384,172,35,529,31244,29277,109,2,68,4,4.57966e+06,0,0,0,0,1,2500,0,0,1374,3285,0,0,0,0,0,0,0,0,1659,-1617,0,0,166
1896.96,0,0,0,0,100,3209,1.51826,0.0147713,1.5268,42,0,28,29,30,0,-2,0,0,0,60,3309,4041,1384,172,35,529,31244,29277,109,2,68,4,4.57966e+06,0,0,0,0,1,0,0,2500,1368,3315,0,0,0,0,0,0,0,0,1659,-1600,0,0,166
1896.97,0,0,0,0,100,3218,1.51834,0.0147768,1.52661,42,0,28,29,30,0,-2,0,0,0,60,3312,4043,1390,172,35,529,31244,29277,109,2,68,4,4.60368e+06,0,0,0,0,1,435,2329,0,1398,3313,0,0,0,0,0,0,0,0,1659,-1737,0,0,166
1896.98,0,0,0,0,100,3218,1.51842,0.0147823,1.52642,42,0,28,29,30,0,-2,0,0,0,60,3312,4043,1394,172,35,529,31244,29277,109,2,68,4,4.61693e+06,0,0,0,0,1,284,0,2242,1416,3250,0,0,0,0,0,0,0,0,1659,-1617,0,0,166
1896.99,0,0,0,0,100,3206,1.5185,0.0147878,1.52624,42,0,28,29,30,0,-2,0,0,0,60,3306,4043,1402,172,35,529,31244,29277,109,2,68,4,4.63501e+06,0,0,0,0,1,0,2500,0,1410,3317,0,0,0,0,0,0,0,0,1659,-1634,0,0,166
1897,0,0,0,0,100,3206,1.51859,0.0147932,1.52605,42,0,28,29,30,0,-2,0,0,0,59,3306,4043,1402,172,35,529,31191,29101,109,2,87,4,4.63501e+06,0,0,0,0,1,0,2500,0,1410,3317,0,0,0,0,0,0,0,0,1659,-1634,0,0,166
1897.01,0,0,0,0,100,3202,1.51912,0.0147952,1.52608,42,0,28,29,30,0,-2,0,0,0,59,3307,4043,1405,173,35,529,31191,29101,109,2,87,4,4.64634e+06,0,0,0,0,1,2500,0,0,1387,3334,0,0,0,0,0,0,0,0,1659,-1571,0,0,166
1897.02,0,0,0,0,100,3213,1.51966,0.0147971,1.52611,42,0,28,29,30,0,-2,0,0,0,59,3307,4043,1378,173,35,529,31191,29101,109,2,87,4,4.55705e+06,0,0,0,0,1,0,644,2193,1385,3274,0,0,0,0,0,0,0,0,1659,-1770,0,0,166
1897.03,0,0,0,0,100,3226,1.52019,0.014799,1.52613,42,0,28,29,30,0,-2,0,0,0,59,3307,4043,1378,173,35,529,31191,29101,109,2,87,4,4.55705e+06,0,0,0,0,1,2403,0,0,1382,3276,0,0,0,0,0,0,0,0,1659,-1557,0,0,166
1897.04,0,0,0,0,100,3228,1.52072,0.0148009,1.52616,42,0,28,29,30,0,-2,0,0,0,59,3307,4043,1378,173,35,529,31191,29101,109,2,87,4,4.55705e+06,0,0,0,0,1,0,0,2500,1413,3293,0,0,0,0,0,0,0,0,1659,-1713,0,0,166
1897.05,0,0,0,0,100,3225,1.52126,0.0148028,1.52619,42,0,28,29,30,0,-2,0,0,0,59,3307,4043,1407,173,35,529,31191,29101,109,2,87,4,4.65295e+06,0,0,0,0,1,1058,1894,0,1412,3300,0,0,0,0,0,0,0,0,1659,-1584,0,0,166
1897.06,0,0,0,0,100,3225,1.52179,0.0148047,1.52622,42,0,28,29,30,0,-2,0,0,0,59,3307,4043,1421,173,35,529,31191,29101,109,2,87,4,4.69925e+06,0,0,0,0,1,1058,1894,0,1412,3300,0,0,0,0,0,0,0,0,1659,-1584,0,0,166
1897.07,0,0,0,0,100,3220,1.52233,0.0148066,1.52625,42,0,28,29,30,0,-2,0,0,0,59,3307,4043,1428,173,35,529,31191,29101,109,2,87,4,4.7224e+06,0,0,0,0,1,0,0,2500,1404,3233,0,0,0,0,0,0,0,0,1659,-1650,0,0,166
1897.08,0,0,0,0,100,3224,1.52286,0.0148085,1.52628,42,0,28,29,30,0,-2,0,0,0,59,3307,4043,1428,173,35,529,31191,29101,109,2,87,4,4.7224e+06,0,0,0,0,1,0,2493,0,1395,3317,0,0,0,0,0,0,0,0,1659,-1678,0,0,166
1897.09,0,0,0,0,100,3227,1.5234,0.0148104,1.5263,42,0,28,29,30,0,-2,0,0,0,59,3295,4043,1391,173,35,529,31191,29101,109,2,87,4,4.58334e+06,0,0,0,0,1,1927,0,1103,1396,3285,0,0,0,0,0,0,0,0,1659,-1604,0,0,166
1897.1,0,0,0,0,100,3239,1.52393,0.0148123,1.52633,42,0,28,29,31,0,-2,0,0,0,60,3295,4043,1402,173,35,508,31150,29193,109,2,64,4,4.61959e+06,0,0,0,0,1,0,2500,0,1376,3333,0,0,0,0,0,0,0,0,1659,-1545,0,0,166
1897.11,0,0,0,0,100,3250,1.52361,0.0148102,1.52654,42,0,28,29,31,0,-2,0,0,0,60,3296,4043,1405,173,35,508,31150,29193,109,2,64,4,4.63088e+06,0,0,0,0,1,1208,0,1598,1408,3278,0,0,0,0,0,0,0,0,1659,-1709,0,0,166
1897.12,0,0,0,0,100,3250,1.52328,0.0148082,1.52675,42,0,28,29,31,0,-2,0,0,0,60,3296,4043,1405,174,35,508,31150,29193,109,2,64,4,4.63088e+06,0,0,0,0,1,1208,0,1598,1408,3278,0,0,0,0,0,0,0,0,1659,-1709,0,0,166
1897.13,0,0,0,0,100,3246,1.52296,0.0148061,1.52695,42,0,28,29,31,0,-2,0,0,0,60,3301,4043,1418,174,35,508,31150,29193,109,2,64,4,4.68082e+06,0,0,0,0,1,0,2500,0,1423,3317,0,0,0,0,0,0,0,0,1659,-1577,0,0,166
1897.14,0,0,0,0,100,3231,1.52264,0.014804,1.52716,42,0,28,29,31,0,-2,0,0,0,60,3301,4043,1431,174,35,508,31150,29193,109,2,64,4,4.72373e+06,0,0,0,0,1,2031,0,902,1426,3358,0,0,0,0,0,0,0,0,1659,-1755,0,0,166
1897.15,0,0,0,0,100,3224,1.52231,0.014802,1.52737,42,0,28,29,31,0,-2,0,0,0,60,3295,4043,1431,174,35,508,31150,29193,109,2,64,4,4.71514e+06,0,0,0,0,1,0,2500,0,1404,3317,0,0,0,0,0,0,0,0,1659,-1626,0,0,166
1897.16,0,0,0,0,100,3232,1.52199,0.0147999,1.52758,42,0,28,29,31,0,-2,0,0,0,60,3295,4043,1431,174,35,508,31150,29193,109,2,64,4,4.71514e+06,0,0,0,0,1,2366,0,0,1373,3391,0,0,0,0,0,0,0,0,1659,-1521,0,0,166
1897.17,0,0,0,0,100,3250,1.52167,0.0147978,1.52778,42,0,28,29,31,0,-2,0,0,0,60,3295,4044,1400,174,35,508,31150,29193,109,2,64,4,4.613e+06,0,0,0,0,1,0,2136,347,1388,3311,0,0,0,0,0,0,0,0,1659,-1591,0,0,166
1897.18,0,0,0,0,100,3250,1.52134,0.0147958,1.52799,42,0,28,29,31,0,-2,0,0,0,60,3295,4044,1393,174,35,508,31150,29193,109,2,64,4,4.58994e+06,0,0,0,0,1,0,2136,347,1388,3311,0,0,0,0,0,0,0,0,1659,-1591,0,0,166
1897.19,0,0,0,0,100,3254,1.52102,0.0147937,1.5282,42,0,28,29,31,0,-2,0,0,0,60,3299,4044,1396,174,35,508,31150,29193,109,2,64,4,4.6054e+06,0,0,0,0,1,2500,0,0,1430,3395,0,0,0,0,0,0,0,0,1659,-1653,0,0,166
1897.2,0,0,0,0,100,3250,1.5207,0.0147916,1.52841,42,0,28,29,30,0,-2,0,0,0,60,3299,4044,1396,174,35,508,31147,28866,109,2,68,4,4.6054e+06,0,0,0,0,1,0,2351,5,1417,3304,0,0,0,0,0,0,0,0,1659,-1574,0,0,166
1897.21,0,0,0,0,100,3247,1.52005,0.0148013,1.52797,42,0,28,29,30,0,-2,0,0,0,60,3298,4044,1422,174,35,508,31147,28866,109,2,68,4,4.68976e+06,0,0,0,0,1,2425,0,0,1420,3382,0,0,0,0,0,0,0,0,1659,-1597,0,0,166
1897.22,0,0,0,0,100,3245,1.51941,0.014811,1.52753,42,0,28,29,30,0,-2,0,0,0,60,3293,4044,1423,175,35,508,31147,28866,109,2,68,4,4.68594e+06,0,0,0,0,1,0,2163,333,1414,3300,0,0,0,0,0,0,0,0,1659,-1604,0,0,166
1897.23,0,0,0,0,100,3250,1.51876,0.0148206,1.5271,42,0,28,29,30,0,-2,0,0,0,60,3293,4044,1420,175,35,508,31147,28866,109,2,68,4,4.67606e+06,0,0,0,0,1,2441,0,0,1392,3375,0,0,0,0,0,0,0,0,1659,-1551,0,0,166
1897.24,0,0,0,0,100,3250,1.51812,0.0148303,1.52666,42,0,28,29,30,0,-2,0,0,0,60,3293,4044,1420,175,35,508,31147,28866,109,2,68,4,4.67606e+06,0,0,0,0,1,2441,0,0,1392,3375,0,0,0,0,0,0,0,0,1659,-1551,0,0,166
1897.25,0,0,0,0,100,3260,1.51747,0.0148399,1.52622,42,0,28,29,30,0,-2,0,0,0,60,3293,4020,1413,175,35,508,31147,28866,109,2,68,4,4.65301e+06,0,0,0,0,1,0,2388,0,1404,3302,0,0,0,0,0,0,0,0,1659,-1563,0,0,166
1897.26,0,0,0,0,100,3272,1.51683,0.0148496,1.52579,42,0,28,29,30,0,-2,0,0,0,60,3293,4020,1413,175,35,508,31147,28866,109,2,68,4,4.65301e+06,0,0,0,0,1,2302,0,465,1419,3397,0,0,0,0,0,0,0,0,1659,-1759,0,0,166
1897.27,0,0,0,0,100,3274,1.51619,0.0148593,1.52535,42,0,28,29,30,0,-2,0,0,0,60,3293,4020,1410,175,35,508,31147,28866,109,2,68,4,4.64313e+06,0,0,0,0,1,0,2500,0,1431,3293,0,0,0,0,0,0,0,0,1659,-1638,0,0,166
1897.28,0,0,0,0,100,3261,1.51554,0.0148689,1.52491,42,0,28,29,30,0,-2,0,0,0,60,3293,4020,1410,175,35,508,31147,28866,109,2,68,4,4.64313e+06,0,0,0,0,1,1024,0,1760,1447,3270,0,0,0,0,0,0,0,0,1659,-1669,0,0,166
1897.29,0,0,0,0,100,3252,1.5149,0.0148786,1.52448,42,0,28,29,30,0,-2,0,0,0,60,3297,4020,1442,175,35,508,31147,28866,109,2,68,4,4.75427e+06,0,0,0,0,1,0,2500,0,1419,3324,0,0,0,0,0,0,0,0,1659,-1544,0,0,166
1897.3,0,0,0,0,100,3252,1.51425,0.0148882,1.52404,42,0,28,29,31,0,-2,0,0,0,61,3289,4020,1448,175,35,508,31178,28867,109,0,87,4,4.76247e+06,0,0,0,0,1,0,2500,0,1419,3324,0,0,0,0,0,0,0,0,1659,-1544,0,0,166
1897.31,0,0,0,0,100,3263,1.51456,0.0148752,1.5242,42,0,28,29,31,0,-2,0,0,0,61,3289,4020,1444,175,35,508,31178,28867,109,0,87,4,4.74932e+06,0,0,0,0,1,286,0,2123,1387,3259,0,0,0,0,0,0,0,0,1659,-1596,0,0,166
1897.32,0,0,0,0,100,3279,1.51487,0.0148621,1.52435,42,0,28,29,31,0,-2,0,0,0,61,3289,4020,1444,175,35,508,31178,28867,109,0,87,4,4.74932e+06,0,0,0,0,1,423,2308,0,1406,3304,0,0,0,0,0,0,0,0,1659,-1719,0,0,166
1897.33,0,0,0,0,100,3289,1.51518,0.0148491,1.52451,42,0,28,29,31,0,-2,0,0,0,61,3282,4020,1416,175,35,508,31178,28867,109,0,87,4,4.64731e+06,0,0,0,0,1,0,0,2500,1422,3293,0,0,0,0,0,0,0,0,1659,-1535,0,0,166
1897.34,0,0,0,0,100,3288,1.51549,0.014836,1.52467,42,0,28,29,31,0,-2,0,0,0,61,3302,4020,1418,175,35,508,31178,28867,109,0,87,4,4.68224e+06,0,0,0,0,1,2500,0,0,1443,3252,0,0,0,0,0,0,0,0,1659,-1638,0,0,166
1897.35,0,0,0,0,99,3281,1.5158,0.014823,1.52482,42,0,28,29,31,0,-2,0,0,0,61,3302,4020,1424,175,35,508,31178,28867,109,0,87,4,4.70205e+06,0,0,0,0,1,0,1175,1765,1446,3285,0,0,0,0,0,0,0,0,1659,-1759,0,0,166
1897.36,0,0,0,0,100,3281,1.51611,0.0148099,1.52498,42,0,28,29,31,0,-2,0,0,0,61,3302,4020,1424,175,35,508,31178,28867,109,0,87,4,4.70205e+06,0,0,0,0,1,0,1175,1765,1446,3285,0,0,0,0,0,0,0,0,1659,-1759,0,0,166
1897.37,0,0,0,0,100,3280,1.51642,0.0147969,1.52514,42,0,28,29,31,0,-2,0,0,0,61,3282,4020,1450,175,35,508,31178,28867,109,0,87,4,4.7589e+06,0,0,0,0,1,2470,0,0,1418,3382,0,0,0,0,0,0,0,0,1659,-1585,0,0,166
1897.38,0,0,0,0,100,3287,1.51673,0.0147839,1.52529,42,0,28,29,31,0,-2,0,0,0,61,3282,4020,1435,175,35,508,31178,28867,109,0,87,4,4.70967e+06,0,0,0,0,1,0,2500,0,1412,3304,0,0,0,0,0,0,0,0,1659,-1591,0,0,166
1897.39,0,0,0,0,100,3297,1.51704,0.0147708,1.52545,42,0,28,29,31,0,-2,0,0,0,61,3287,4020,1423,175,35,508,31178,28867,109,0,87,4,4.6774e+06,0,0,0,0,1,128,0,2271,1423,3235,0,0,0,0,0,0,0,0,1659,-1598,0,0,166
1897.4,0,0,0,0,100,3310,1.51735,0.0147578,1.52561,42,0,28,29,31,0,-2,0,0,0,60,3287,4020,1423,175,35,508,31091,28596,109,0,65,4,4.6774e+06,0,0,0,0,1,2306,146,0,1436,3250,0,0,0,0,0,0,0,0,1659,-1602,0,0,166
1897.41,0,0,0,0,100,3305,1.51675,0.0147613,1.52559,42,0,28,29,31,0,-2,0,0,0,60,3285,4020,1433,175,35,508,31091,28596,109,0,65,4,4.7074e+06,0,0,0,0,1,0,634,2248,1461,3252,0,0,0,0,0,0,0,0,1659,-1790,0,0,166
1897.42,0,0,0,0,100,3305,1.51615,0.0147649,1.52557,42,0,28,29,31,0,-2,0,0,0,60,3285,4020,1445,175,35,508,31091,28596,109,0,65,4,4.74682e+06,0,0,0,0,1,0,634,2248,1461,3252,0,0,0,0,0,0,0,0,1659,-1790,0,0,166
1897.43,0,0,0,0,100,3294,1.51554,0.0147684,1.52556,42,0,28,29,31,0,-2,0,0,0,60,3292,4020,1466,175,35,508,31091,28596,109,0,65,4,4.82607e+06,0,0,0,0,1,2476,0,0,1456,3369,0,0,0,0,0,0,0,0,1659,-1585,0,0,166
1897.44,0,0,0,0,100,3286,1.51494,0.014772,1.52554,42,0,28,29,31,0,-2,0,0,0,60,3292,4020,1466,175,35,508,31091,28596,109,0,65,4,4.82607e+06,0,0,0,0,1,0,2500,0,1434,3281,0,0,0,0,0,0,0,0,1659,-1636,0,0,166
1897.45,0,0,0,0,100,3292,1.51434,0.0147755,1.52553,42,0,28,29,31,0,-2,0,0,0,60,3284,4020,1459,175,35,508,31091,28596,109,0,65,4,4.79136e+06,0,0,0,0,1,782,0,1830,1404,3268,0,0,0,0,0,0,0,0,1659,-1593,0,0,166
1897.46,0,0,0,0,100,3316,1.51374,0.0147791,1.52551,42,0,28,29,31,0,-2,0,0,0,60,3284,4020,1435,175,35,508,31091,28596,109,0,65,4,4.71254e+06,0,0,0,0,1,1165,1787,0,1398,3291,0,0,0,0,0,0,0,0,1659,-1727,0,0,166
1897.47,0,0,0,0,100,3327,1.51313,0.0147827,1.52549,42,0,28,29,31,0,-2,0,0,0,60,3267,4020,1429,175,35,508,31091,28596,109,0,65,4,4.66854e+06,0,0,0,0,1,0,1050,1888,1452,3252,0,0,0,0,0,0,0,0,1659,-1784,0,0,166
1897.48,0,0,0,0,100,3327,1.51253,0.0147862,1.52548,42,0,28,29,31,0,-2,0,0,0,60,3267,4020,1429,175,35,508,31091,28596,109,0,65,4,4.66854e+06,0,0,0,0,1,0,1050,1888,1452,3252,0,0,0,0,0,0,0,0,1659,-1784,0,0,166
1897.49,0,0,0,0,100,3318,1.51193,0.0147898,1.52546,42,0,28,29,31,0,-2,0,0,0,60,3289,4020,1423,175,35,508,31091,28596,109,0,65,4,4.68025e+06,0,0,0,0,1,2298,0,599,1476,3375,0,0,0,0,0,0,0,0,1659,-1801,0,0,166
1897.5,0,0,0,0,100,3311,1.51133,0.0147933,1.52545,42,0,28,29,30,0,-2,0,0,0,60,3298,4020,1456,175,35,508,31007,28859,110,0,87,4,4.80189e+06,0,0,0,0,1,157,2444,0,1465,3300,0,0,0,0,0,0,0,0,1659,-1705,0,0,166
1897.51,0,0,0,0,100,3307,1.51149,0.0148025,1.52529,42,0,28,29,30,0,-2,0,0,0,60,3298,4020,1456,175,35,508,31007,28859,110,0,87,4,4.80189e+06,0,0,0,0,1,0,0,2500,1436,3281,0,0,0,0,0,0,0,0,1659,-1555,0,0,166
1897.52,0,0,0,0,100,3312,1.51165,0.0148117,1.52513,42,0,28,29,30,0,-2,0,0,0,60,3298,4020,1456,175,35,508,31007,28859,110,0,87,4,4.80189e+06,0,0,0,0,1,2500,0,0,1424,3302,0,0,0,0,0,0,0,0,1659,-1620,0,0,166
1897.53,0,0,0,0,100,3324,1.51181,0.0148209,1.52497,42,0,28,29,30,0,-2,0,0,0,60,3274,4020,1446,175,35,508,31007,28859,110,0,87,4,4.7342e+06,0,0,0,0,1,0,2500,0,1422,3302,0,0,0,0,0,0,0,0,1659,-1601,0,0,166
1897.54,0,0,0,0,100,3324,1.51197,0.01483,1.52481,42,0,28,29,30,0,-2,0,0,0,60,3284,4020,1438,175,35,508,31007,28859,110,0,87,4,4.72239e+06,0,0,0,0,1,0,2500,0,1422,3302,0,0,0,0,0,0,0,0,1659,-1601,0,0,166
1897.55,0,0,0,0,100,3333,1.51213,0.0148392,1.52465,42,0,28,29,30,0,-2,0,0,0,60,3284,4020,1434,175,35,508,31007,28859,110,0,87,4,4.70926e+06,0,0,0,0,1,0,0,2500,1444,3229,0,0,0,0,0,0,0,0,1659,-1643,0,0,166
1897.56,0,0,0,0,100,3329,1.51229,0.0148484,1.52449,42,0,28,29,30,0,-2,0,0,0,60,3284,4020,1434,175,35,508,31007,28859,110,0,87,4,4.70926e+06,0,0,0,0,1,2500,0,0,1461,3246,0,0,0,0,0,0,0,0,1659,-1608,0,0,166
1897.57,0,0,0,0,100,3315,1.51245,0.0148576,1.52433,42,0,28,29,30,0,-2,0,0,0,60,3290,4020,1468,175,35,508,31007,28859,110,0,87,4,4.82972e+06,0,0,0,0,1,0,2500,0,1475,3278,0,0,0,0,0,0,0,0,1659,-1627,0,0,166
1897.58,0,0,0,0,100,3309,1.51261,0.0148668,1.52417,42,0,28,29,30,0,-2,0,0,0,60,3285,4020,1454,175,35,508,31007,28859,110,0,87,4,4.77639e+06,0,0,0,0,1,452,0,2008,1428,3264,0,0,0,0,0,0,0,0,1659,-1604,0,0,166
1897.59,0,0,0,0,100,3324,1.51277,0.0148759,1.52401,42,0,28,29,30,0,-2,0,0,0,60,3285,4020,1481,175,35,508,31007,28859,110,0,87,4,4.86508e+06,0,0,0,0,1,1575,1324,0,1412,3266,0,0,0,0,0,0,0,0,1659,-1562,0,0,166
1897.6,0,0,0,0,100,3324,1.51293,0.0148851,1.52385,42,0,28,29,31,0,-2,0,0,0,60,3285,4020,1481,175,35,508,31063,28855,109,0,65,4,4.86508e+06,0,0,0,0,1,1575,1324,0,1412,3266,0,0,0,0,0,0,0,0,1659,-1562,0,0,166
1897.61,0,0,0,0,100,3342,1.51334,0.0148844,1.52381,42,0,28,29,31,0,-2,0,0,0,60,3275,4020,1443,175,35,508,31063,28855,109,0,65,4,4.72582e+06,0,0,0,0,1,0,1899,676,1426,3285,0,0,0,0,0,0,0,0,1659,-1587,0,0,166
1897.62,0,0,0,0,100,3351,1.51376,0.0148836,1.52378,42,0,28,29,31,0,-2,0,0,0,60,3275,4020,1443,175,35,508,31063,28855,109,0,65,4,4.72582e+06,0,0,0,0,1,0,0,2500,1467,3203,0,0,0,0,0,0,0,0,1659,-1676,0,0,166
1897.63,0,0,0,0,100,3341,1.51418,0.0148828,1.52375,42,0,28,29,31,0,-2,0,0,0,60,3275,4018,1435,175,35,508,31063,28855,109,0,65,4,4.69962e+06,0,0,0,0,1,2500,0,0,1481,3274,0,0,0,0,0,0,0,0,1659,-1623,0,0,166
1897.64,0,0,0,0,100,3332,1.5146,0.0148821,1.52371,42,0,28,29,31,0,-2,0,0,0,60,3275,4018,1435,175,35,508,31063,28855,109,0,65,4,4.69962e+06,0,0,0,0,1,0,2500,0,1465,3298,0,0,0,0,0,0,0,0,1659,-1613,0,0,166
1897.65,0,0,0,0,100,3334,1.51502,0.0148813,1.52368,42,0,28,29,31,0,-2,0,0,0,60,3283,4018,1490,175,35,508,31063,28855,109,0,65,4,4.89167e+06,0,0,0,0,1,0,0,2500,1429,3274,0,0,0,0,0,0,0,0,1659,-1532,0,0,166
1897.66,0,0,0,0,100,3334,1.51543,0.0148806,1.52365,42,0,28,29,31,0,-2,0,0,0,60,3283,4018,1495,175,35,508,31063,28855,109,0,65,4,4.90808e+06,0,0,0,0,1,0,0,2500,1429,3274,0,0,0,0,0,0,0,0,1659,-1532,0,0,166
1897.67,0,0,0,0,100,3340,1.51585,0.0148798,1.52362,42,0,28,29,31,0,-2,0,0,0,60,3268,4018,1477,175,35,508,31063,28855,109,0,65,4,4.82684e+06,0,0,0,0,1,2500,0,0,1446,3300,0,0,0,0,0,0,0,0,1659,-1594,0,0,166
1897.68,0,0,0,0,100,3353,1.51627,0.014879,1.52358,42,0,28,29,31,0,-2,0,0,0,60,3268,4018,1477,175,35,508,31063,28855,109,0,65,4,4.82684e+06,0,0,0,0,1,0,2500,0,1437,3298,0,0,0,0,0,0,0,0,1659,-1524,0,0,166
1897.69,0,0,0,0,100,3363,1.51669,0.0148783,1.52355,42,0,28,29,31,0,-2,0,0,0,60,3266,4018,1455,175,35,508,31063,28855,109,0,65,4,4.75203e+06,0,0,0,0,1,0,123,2431,1480,3298,0,0,0,0,0,0,0,0,1659,-1743,0,0,166
1897.7,0,0,0,0,100,3354,1.5171,0.0148775,1.52352,42,0,28,29,31,0,-2,0,0,0,60,3261,4018,1479,175,35,508,30792,28740,109,0,64,4,4.82302e+06,0,0,0,0,1,2271,0,658,1497,3345,0,0,0,0,0,0,0,0,1659,-1810,0,0,166
1897.71,0,0,0,0,100,3343,1.51647,0.0148516,1.5239,42,0,28,29,31,0,-2,0,0,0,60,3261,4018,1459,175,35,508,30792,28740,109,0,64,4,4.7578e+06,0,0,0,0,1,1048,1899,0,1472,3270,0,0,0,0,0,0,0,0,1659,-1743,0,0,166
1897.72,0,0,0,0,100,3343,1.51584,0.0148256,1.52428,42,0,28,29,31,0,-2,0,0,0,60,3261,4018,1459,175,35,508,30792,28740,109,0,64,4,4.7578e+06,0,0,0,0,1,1048,1899,0,1472,3270,0,0,0,0,0,0,0,0,1659,-1743,0,0,166
1897.73,0,0,0,0,100,3342,1.5152,0.0147996,1.52466,42,0,28,29,31,0,-2,0,0,0,60,3282,4018,1495,175,35,508,30792,28740,109,0,64,4,4.90659e+06,0,0,0,0,1,0,1144,1746,1440,3257,0,0,0,0,0,0,0,0,1659,-1745,0,0,166
1897.74,0,0,0,0,100,3357,1.51457,0.0147737,1.52505,42,0,28,29,31,0,-2,0,0,0,60,3257,4018,1490,172,35,508,30792,28740,109,0,64,4,4.85293e+06,0,0,0,0,1,569,0,1921,1423,3264,0,0,0,0,0,0,0,0,1659,-1563,0,0,166
1897.75,0,0,0,0,100,3381,1.51393,0.0147477,1.52543,42,0,28,29,31,0,-2,0,0,0,60,3257,4018,1463,172,35,508,30792,28740,109,0,64,4,4.76499e+06,0,0,0,0,1,2500,0,0,1437,3274,0,0,0,0,0,0,0,0,1659,-1568,0,0,166
1897.76,0,0,0,0,100,3382,1.5133,0.0147217,1.52581,42,0,28,29,31,0,-2,0,0,0,60,3257,4018,1463,172,35,508,30792,28740,109,0,64,4,4.76499e+06,0,0,0,0,1,5,2447,0,1497,3287,0,0,0,0,0,0,0,0,1659,-1651,0,0,166
1897.77,0,0,0,0,100,3371,1.51266,0.0146958,1.52619,42,0,28,29,31,0,-2,0,0,0,60,3266,4018,1443,172,35,508,30792,28740,109,0,64,4,4.71284e+06,0,0,0,0,1,0,1037,1935,1488,3203,0,0,0,0,0,0,0,0,1659,-1772,0,0,166
1897.78,0,0,0,0,100,3371,1.51203,0.0146698,1.52657,42,0,28,29,31,0,-2,0,0,0,60,3273,4018,1477,172,35,508,30792,28740,109,0,64,4,4.83422e+06,0,0,0,0,1,0,1037,1935,1488,3203,0,0,0,0,0,0,0,0,1659,-1772,0,0,166
1897.79,0,0,0,0,100,3363,1.51139,0.0146439,1.52696,42,0,28,29,31,0,-2,0,0,0,60,3273,4018,1499,172,35,508,30792,28740,109,0,64,4,4.90623e+06,0,0,0,0,1,423,0,2062,1481,3231,0,0,0,0,0,0,0,0,1659,-1603,0,0,166
1897.8,0,0,0,0,100,3361,1.51076,0.0146179,1.52734,42,0,28,29,31,0,-2,0,0,0,60,3273,4018,1499,172,35,508,30975,28574,110,0,87,4,4.90623e+06,0,0,0,0,1,2500,0,0,1450,3218,0,0,0,0,0,0,0,0,1659,-1603,0,0,166
1897.81,0,0,0,0,100,3372,1.51141,0.0146026,1.5268,42,0,28,29,31,0,-2,0,0,0,60,3261,4018,1507,172,35,508,30975,28574,110,0,87,4,4.91433e+06,0,0,0,0,1,0,2500,0,1439,3291,0,0,0,0,0,0,0,0,1659,-1576,0,0,166
1897.82,0,0,0,0,100,3386,1.51206,0.0145872,1.52626,42,0,28,29,31,0,-2,0,0,0,60,3261,4018,1487,172,35,508,30975,28574,110,0,87,4,4.84911e+06,0,0,0,0,1,0,419,2301,1463,3307,0,0,0,0,0,0,0,0,1659,-1765,0,0,166
1897.83,0,0,0,0,100,3390,1.51272,0.0145719,1.52572,42,0,28,29,31,0,-2,0,0,0,60,3263,4018,1467,172,35,508,30975,28574,110,0,87,4,4.78682e+06,0,0,0,0,1,89,0,2295,1486,3220,0,0,0,0,0,0,0,0,1659,-1590,0,0,166
1897.84,0,0,0,0,100,3390,1.51337,0.0145566,1.52518,42,0,28,29,31,0,-2,0,0,0,60,3263,4018,1467,172,35,508,30975,28574,110,0,87,4,4.78682e+06,0,0,0,0,1,89,0,2295,1486,3220,0,0,0,0,0,0,0,0,1659,-1590,0,0,166
1897.85,0,0,0,0,100,3385,1.51402,0.0145413,1.52464,42,0,28,29,31,0,-2,0,0,0,60,3266,4018,1476,172,35,508,30975,28574,110,0,87,4,4.82062e+06,0,0,0,0,1,2500,0,0,1502,3293,0,0,0,0,0,0,0,0,1659,-1610,0,0,166
1897.86,0,0,0,0,100,3370,1.51467,0.0145259,1.5241,42,0,28,29,31,0,-2,0,0,0,60,3266,4018,1493,172,35,508,30975,28574,110,0,87,4,4.87614e+06,0,0,0,0,1,71,2415,0,1498,3298,0,0,0,0,0,0,0,0,1659,-1654,0,0,166
1897.87,0,0,0,0,100,3375,1.51533,0.0145106,1.52356,42,0,28,29,31,0,-2,0,0,0,60,3264,4018,1505,172,35,508,30975,28574,110,0,87,4,4.91232e+06,0,0,0,0,1,0,1050,1844,1434,3227,0,0,0,0,0,0,0,0,1659,-1712,0,0,166
1897.88,0,0,0,0,100,3397,1.51598,0.0144953,1.52302,42,0,28,29,31,0,-2,0,0,0,60,3264,4018,1505,172,35,508,30975,28574,110,0,87,4,4.91232e+06,0,0,0,0,1,0,0,2500,1461,3212,0,0,0,0,0,0,0,0,1659,-1647,0,0,166
1897.89,0,0,0,0,100,3409,1.51663,0.0144799,1.52248,42,0,28,29,31,0,-2,0,0,0,60,3255,4018,1479,172,35,508,30975,28574,110,0,87,4,4.81414e+06,0,0,0,0,1,2423,0,318,1500,3244,0,0,0,0,0,0,0,0,1659,-1781,0,0,166
1897.9,0,0,0,0,100,3409,1.51729,0.0144646,1.52194,42,0,28,29,31,0,-2,0,0,0,60,3255,4018,1457,172,35,508,30803,28648,109,0,68,4,4.74254e+06,0,0,0,0,1,2423,0,318,1500,3244,0,0,0,0,0,0,0,0,1659,-1781,0,0,166
1897.91,0,0,0,0,100,3406,1.51728,0.0144927,1.52189,42,0,28,29,31,0,-2,0,0,0,60,3262,4018,1445,172,35,508,30803,28648,109,0,68,4,4.71359e+06,0,0,0,0,1,2500,0,0,1491,3233,0,0,0,0,0,0,0,0,1659,-1607,0,0,166
1897.92,0,0,0,0,100,3392,1.51727,0.0145208,1.52184,42,0,28,29,31,0,-2,0,0,0,60,3262,4018,1445,172,35,508,30803,28648,109,0,68,4,4.71359e+06,0,0,0,0,1,0,2500,0,1516,3285,0,0,0,0,0,0,0,0,1659,-1563,0,0,166
1897.93,0,0,0,0,99,3385,1.51726,0.0145489,1.52179,42,0,28,29,31,0,-2,0,0,0,60,3265,4018,1514,172,35,508,30803,28648,109,0,68,4,4.94321e+06,0,0,0,0,1,0,856,2105,1491,3227,0,0,0,0,0,0,0,0,1659,-1769,0,0,166
1897.94,0,0,0,0,99,3396,1.51725,0.014577,1.52174,42,0,28,29,31,0,-2,0,0,0,60,3265,4018,1511,172,35,508,30803,28648,109,0,68,4,4.93342e+06,0,0,0,0,1,0,0,2500,1461,3214,0,0,0,0,0,0,0,0,1659,-1636,0,0,166
1897.95,0,0,0,0,100,3406,1.51724,0.014605,1.52169,42,0,28,29,31,0,-2,0,0,0,60,3265,4018,1511,173,35,508,30803,28648,109,0,68,4,4.93342e+06,0,0,0,0,1,2407,0,0,1460,3296,0,0,0,0,0,0,0,0,1659,-1632,0,0,166
1897.96,0,0,0,0,100,3406,1.51723,0.0146331,1.52164,42,0,28,29,31,0,-2,0,0,0,60,3265,4018,1511,173,35,508,30803,28648,109,0,68,4,4.93342e+06,0,0,0,0,1,2407,0,0,1460,3296,0,0,0,0,0,0,0,0,1659,-1632,0,0,166
1897.97,0,0,0,0,100,3418,1.51722,0.0146612,1.52158,42,0,28,29,31,0,-2,0,0,0,60,3263,4018,1482,173,35,508,30803,28648,109,0,68,4,4.83577e+06,0,0,0,0,1,2466,0,0,1494,3203,0,0,0,0,0,0,0,0,1659,-1598,0,0,166
1897.98,0,0,0,0,100,3418,1.51721,0.0146893,1.52153,42,0,28,29,31,0,-2,0,0,0,60,3263,4018,1470,173,35,508,30803,28648,109,0,68,4,4.79661e+06,0,0,0,0,1,142,2500,0,1518,3255,0,0,0,0,0,0,0,0,1659,-1745,0,0,166
1897.99,0,0,0,0,99,3404,1.5172,0.0147174,1.52148,42,0,28,29,31,0,-2,0,0,0,60,3263,4018,1498,173,35,508,30803,28648,109,0,68,4,4.88797e+06,0,0,0,0,1,0,2315,111,1516,3264,0,0,0,0,0,0,0,0,1659,-1583,0,0,166
1898,0,0,0,0,99,3397,1.51719,0.0147455,1.52143,42,0,28,29,31,0,-2,0,0,0,60,3263,4018,1498,173,35,508,30839,28792,109,0,64,4,4.88797e+06,0,0,0,0,1,0,0,2500,1475,3259,0,0,0,0,0,0,0,0,1659,-1543,0,0,166
1898.01,0,0,0,0,100,3409,1.51706,0.0147341,1.52116,42,0,28,29,31,0,-2,0,0,0,60,3263,4012,1514,173,35,508,30839,28792,109,0,64,4,4.94018e+06,0,0,0,0,1,1762,0,1195,1447,3313,0,0,0,0,0,0,0,0,1659,-1751,0,0,166
1898.02,0,0,0,0,100,3409,1.51693,0.0147227,1.52088,42,0,28,29,31,0,-2,0,0,0,60,3263,4012,1526,173,35,508,30839,28792,109,0,64,4,4.97934e+06,0,0,0,0,1,1762,0,1195,1447,3313,0,0,0,0,0,0,0,0,1659,-1751,0,0,166
1898.03,0,0,0,0,100,3432,1.5168,0.0147113,1.52061,42,0,28,29,31,0,-2,0,0,0,60,3238,4012,1522,173,35,508,30839,28792,109,0,64,4,4.92824e+06,0,0,0,0,1,2500,0,0,1445,3334,0,0,0,0,0,0,0,0,1659,-1519,0,0,166
1898.04,0,0,0,0,100,3440,1.51667,0.0146999,1.52033,42,0,28,29,31,0,-2,0,0,0,60,3238,4012,1522,173,35,508,30839,28792,109,0,64,4,4.92824e+06,0,0,0,0,1,2500,0,0,1529,3190,0,0,0,0,0,0,0,0,1659,-1612,0,0,166
1898.05,0,0,0,0,100,3428,1.51653,0.0146885,1.52006,42,0,28,29,31,0,-2,0,0,0,60,3258,4012,1488,174,35,508,30839,28792,109,0,64,4,4.8479e+06,0,0,0,0,1,446,2368,0,1530,3235,0,0,0,0,0,0,0,0,1659,-1769,0,0,166
1898.06,0,0,0,0,100,3418,1.5164,0.0146771,1.51979,42,0,28,29,31,0,-2,0,0,0,60,3258,4012,1495,174,35,508,30839,28792,109,0,64,4,4.87071e+06,0,0,0,0,1,0,2500,0,1524,3242,0,0,0,0,0,0,0,0,1659,-1644,0,0,166
1898.07,0,0,0,0,100,3413,1.51627,0.0146657,1.51951,42,0,28,29,31,0,-2,0,0,0,60,3258,4012,1525,174,35,508,30839,28792,109,0,64,4,4.96845e+06,0,0,0,0,1,0,392,2332,1495,3264,0,0,0,0,0,0,0,0,1659,-1771,0,0,166
1898.08,0,0,0,0,100,3413,1.51614,0.0146543,1.51924,42,0,28,29,31,0,-2,0,0,0,60,3258,4012,1525,174,35,508,30839,28792,109,0,64,4,4.96845e+06,0,0,0,0,1,0,392,2332,1495,3264,0,0,0,0,0,0,0,0,1659,-1771,0,0,166
1898.09,0,0,0,0,100,3427,1.51601,0.0146429,1.51897,42,0,28,29,31,0,-2,0,0,0,60,3258,4012,1538,174,35,508,30839,28792,109,0,64,4,5.0108e+06,0,0,0,0,1,0,0,2500,1489,3209,0,0,0,0,0,0,0,0,1659,-1630,0,0,166
1898.1,0,0,0,0,100,3440,1.51587,0.0146315,1.51869,42,0,28,29,31,0,-2,0,0,0,60,3244,4012,1536,174,35,508,30884,28623,110,2,65,4,4.98278e+06,0,0,0,0,1,1755,0,1212,1469,3296,0,0,0,0,0,0,0,0,1659,-1562,0,0,166
1898.11,0,0,0,0,100,3448,1.51546,0.0146136,1.51879,42,0,28,29,31,0,-2,0,0,0,60,3244,4012,1503,174,35,508,30884,28623,110,2,65,4,4.87573e+06,0,0,0,0,1,2389,0,0,1508,3250,0,0,0,0,0,0,0,0,1659,-1757,0,0,166
1898.12,0,0,0,0,100,3443,1.51504,0.0145957,1.51889,42,0,28,29,31,0,-2,0,0,0,60,3244,4012,1503,174,35,508,30884,28623,110,2,65,4,4.87573e+06,0,0,0,0,1,2500,0,0,1551,3287,0,0,0,0,0,0,0,0,1659,-1614,0,0,166
1898.13,0,0,0,0,100,3430,1.51462,0.0145778,1.51898,42,0,28,29,31,0,-2,0,0,0,60,3247,4012,1511,174,35,508,30884,28623,110,2,65,4,4.90622e+06,0,0,0,0,1,1931,706,0,1525,3214,0,0,0,0,0,0,0,0,1659,-1596,0,0,166
1898.14,0,0,0,0,100,3430,1.51421,0.0145599,1.51908,42,0,28,29,31,0,-2,0,0,0,60,3260,4012,1515,174,35,508,30884,28623,110,2,65,4,4.9389e+06,0,0,0,0,1,1931,706,0,1525,3214,0,0,0,0,0,0,0,0,1659,-1596,0,0,166
1898.15,0,0,0,0,100,3433,1.51379,0.014542,1.51918,42,0,28,29,31,0,-2,0,0,0,60,3260,4012,1532,174,35,508,30884,28623,110,2,65,4,4.99432e+06,0,0,0,0,1,0,2406,0,1483,3285,0,0,0,0,0,0,0,0,1659,-1566,0,0,166
1898.16,0,0,0,0,100,3451,1.51337,0.0145241,1.51927,42,0,28,29,31,0,-2,0,0,0,60,3260,4012,1532,175,35,508,30884,28623,110,2,65,4,4.99432e+06,0,0,0,0,1,0,2500,0,1493,3281,0,0,0,0,0,0,0,0,1659,-1541,0,0,166
1898.17,0,0,0,0,100,3466,1.51296,0.0145062,1.51937,42,0,28,29,31,0,-2,0,0,0,60,3247,4012,1505,175,35,508,30884,28623,110,2,65,4,4.88674e+06,0,0,0,0,1,0,2288,82,1505,3246,0,0,0,0,0,0,0,0,1659,-1578,0,0,166
1898.18,0,0,0,0,100,3461,1.51254,0.0144882,1.51947,42,0,28,29,31,0,-2,0,0,0,60,3247,4010,1492,175,35,508,30884,28623,110,2,65,4,4.84452e+06,0,0,0,0,1,0,1087,1912,1557,3203,0,0,0,0,0,0,0,0,1659,-1788,0,0,166
1898.19,0,0,0,0,100,3448,1.51212,0.0144703,1.51957,42,0,28,29,31,0,-2,0,0,0,60,3247,4010,1495,175,35,508,30884,28623,110,2,65,4,4.85426e+06,0,0,0,0,1,0,0,2500,1568,3246,0,0,0,0,0,0,0,0,1659,-1619,0,0,166
1898.2,0,0,0,0,100,3448,1.51171,0.0144524,1.51966,42,0,28,29,30,0,-2,0,0,0,60,3247,4010,1495,175,35,508,30757,28462,109,2,65,4,4.85426e+06,0,0,0,0,1,0,0,2500,1568,3246,0,0,0,0,0,0,0,0,1659,-1619,0,0,166
1898.21,0,0,0,0,100,3439,1.51198,0.0144404,1.52011,42,0,28,29,30,0,-2,0,0,0,60,3256,4010,1547,175,35,508,30757,28462,109,2,65,4,5.03703e+06,0,0,0,0,1,0,0,2500,1509,3177,0,0,0,0,0,0,0,0,1659,-1632,0,0,166
1898.22,0,0,0,0,100,3452,1.51225,0.0144284,1.52056,42,0,28,29,30,0,-2,0,0,0,60,3256,4010,1571,175,35,508,30757,28462,109,2,65,4,5.11518e+06,0,0,0,0,1,1702,0,1166,1486,3304,0,0,0,0,0,0,0,0,1659,-1724,0,0,166
1898.23,0,0,0,0,100,3464,1.51252,0.0144164,1.52101,42,0,28,29,30,0,-2,0,0,0,60,3256,4010,1556,175,35,508,30757,28462,109,2,65,4,5.06634e+06,0,0,0,0,1,2462,0,213,1510,3255,0,0,0,0,0,0,0,0,1659,-1746,0,0,166
1898.24,0,0,0,0,100,3479,1.51279,0.0144043,1.52146,42,0,28,29,30,0,-2,0,0,0,60,3256,4010,1556,175,35,508,30757,28462,109,2,65,4,5.06634e+06,0,0,0,0,1,2483,0,0,1535,3281,0,0,0,0,0,0,0,0,1659,-1584,0,0,166
1898.25,0,0,0,0,100,3475,1.51306,0.0143923,1.52191,42,0,28,29,30,0,-2,0,0,0,60,3235,4013,1520,175,35,508,30757,28462,109,2,65,4,4.9172e+06,0,0,0,0,1,2500,0,0,1568,3266,0,0,0,0,0,0,0,0,1659,-1610,0,0,166
1898.26,0,0,0,0,100,3475,1.51333,0.0143803,1.52235,42,0,28,29,30,0,-2,0,0,0,60,3235,4013,1526,175,35,508,30757,28462,109,2,65,4,4.93661e+06,0,0,0,0,1,2500,0,0,1568,3266,0,0,0,0,0,0,0,0,1659,-1610,0,0,166
1898.27,0,0,0,0,100,3462,1.5136,0.0143683,1.5228,42,0,28,29,30,0,-2,0,0,0,60,3250,4013,1512,175,35,508,30757,28462,109,2,65,4,4.914e+06,0,0,0,0,1,2500,0,0,1546,3177,0,0,0,0,0,0,0,0,1659,-1595,0,0,166
1898.28,0,0,0,0,100,3456,1.51387,0.0143563,1.52325,42,0,28,29,30,0,-2,0,0,0,60,3250,4013,1512,175,35,508,30757,28462,109,2,65,4,4.914e+06,0,0,0,0,1,1440,1442,0,1506,3225,0,0,0,0,0,0,0,0,1659,-1684,0,0,166
1898.29,0,0,0,0,100,3472,1.51414,0.0143443,1.5237,42,0,28,29,30,0,-2,0,0,0,60,3252,4013,1549,175,35,508,30757,28462,109,2,65,4,5.03735e+06,0,0,0,0,1,544,2169,0,1497,3252,0,0,0,0,0,0,0,0,1659,-1679,0,0,166
1898.3,0,0,0,0,100,3495,1.51441,0.0143322,1.52415,42,0,28,29,31,0,-2,0,0,0,60,3252,4013,1571,175,35,508,30776,28757,109,2,64,4,5.10889e+06,0,0,0,0,1,403,2323,0,1522,3205,0,0,0,0,0,0,0,0,1659,-1722,0,0,166
1898.31,0,0,0,0,100,3498,1.514,0.0143276,1.52401,42,0,28,29,31,0,-2,0,0,0,60,3235,4013,1555,175,35,508,30776,28757,109,2,64,4,5.03042e+06,0,0,0,0,1,466,2333,0,1584,3192,0,0,0,0,0,0,0,0,1659,-1755,0,0,166
1898.32,0,0,0,0,100,3498,1.51358,0.0143229,1.52388,42,0,28,29,31,0,-2,0,0,0,60,3235,4013,1555,175,35,508,30776,28757,109,2,64,4,5.03042e+06,0,0,0,0,1,466,2333,0,1584,3192,0,0,0,0,0,0,0,0,1659,-1755,0,0,166
1898.33,0,0,0,0,100,3486,1.51317,0.0143182,1.52374,42,0,28,29,31,0,-2,0,0,0,60,3235,4021,1503,175,35,508,30776,28757,109,2,64,4,4.8622e+06,0,0,0,0,1,192,2421,0,1589,3190,0,0,0,0,0,0,0,0,1659,-1698,0,0,166
1898.34,0,0,0,0,100,3475,1.51275,0.0143135,1.52361,42,0,28,29,31,0,-2,0,0,0,60,3253,4021,1534,175,35,508,30776,28757,109,2,64,4,4.9901e+06,0,0,0,0,1,0,2500,0,1555,3268,0,0,0,0,0,0,0,0,1659,-1539,0,0,166
1898.35,0,0,0,0,100,3476,1.51234,0.0143088,1.52348,42,0,28,29,31,0,-2,0,0,0,60,3253,4021,1567,175,35,508,30776,28757,109,2,64,4,5.09745e+06,0,0,0,0,1,0,2500,0,1528,3268,0,0,0,0,0,0,0,0,1659,-1581,0,0,166
1898.36,0,0,0,0,100,3491,1.51192,0.0143042,1.52334,42,0,28,29,31,0,-2,0,0,0,60,3253,4021,1567,175,35,508,30776,28757,109,2,64,4,5.09745e+06,0,0,0,0,1,0,2500,0,1533,3246,0,0,0,0,0,0,0,0,1659,-1609,0,0,166
1898.37,0,0,0,0,100,3507,1.51151,0.0142995,1.52321,42,0,28,29,31,0,-2,0,0,0,60,3241,4021,1559,175,35,508,30776,28757,109,2,64,4,5.05272e+06,0,0,0,0,1,0,2500,0,1541,3264,0,0,0,0,0,0,0,0,1659,-1568,0,0,166
1898.38,0,0,0,0,100,3507,1.51109,0.0142948,1.52307,42,0,28,29,31,0,-2,0,0,0,60,3226,4021,1544,175,35,508,30776,28757,109,2,64,4,4.98094e+06,0,0,0,0,1,0,2500,0,1541,3264,0,0,0,0,0,0,0,0,1659,-1568,0,0,166
1898.39,0,0,0,0,100,3510,1.51068,0.0142901,1.52294,42,0,28,29,31,0,-2,0,0,0,60,3226,4021,1540,175,35,508,30776,28757,109,2,64,4,4.96804e+06,0,0,0,0,1,0,2500,0,1573,3252,0,0,0,0,0,0,0,0,1659,-1580,0,0,166
1898.4,0,0,0,0,100,3502,1.51026,0.0142855,1.52281,42,0,28,29,31,0,-2,0,0,0,61,3226,4021,1540,175,35,508,30624,28491,110,0,87,4,4.96804e+06,0,0,0,0,1,0,2500,0,1598,3238,0,0,0,0,0,0,0,0,1659,-1584,0,0,166
1898.41,0,0,0,0,100,3487,1.51086,0.014287,1.5227,42,0,28,29,31,0,-2,0,0,0,61,3226,4021,1544,175,35,508,30624,28491,110,0,87,4,4.98094e+06,0,0,0,0,1,0,2500,0,1567,3261,0,0,0,0,0,0,0,0,1659,-1515,0,0,166
1898.42,0,0,0,0,100,3497,1.51145,0.0142885,1.5226,42,0,28,29,31,0,-2,0,0,0,61,3239,4021,1560,175,35,508,30624,28491,110,0,87,4,5.05284e+06,0,0,0,0,1,0,2500,0,1532,3261,0,0,0,0,0,0,0,0,1659,-1557,0,0,166
1898.43,0,0,0,0,100,3517,1.51205,0.01429,1.52249,42,0,28,29,31,0,-2,0,0,0,61,3239,4021,1570,175,35,508,30624,28491,110,0,87,4,5.08523e+06,0,0,0,0,1,0,2500,0,1545,3255,0,0,0,0,0,0,0,0,1659,-1532,0,0,166
1898.44,0,0,0,0,100,3517,1.51265,0.0142915,1.52239,42,0,28,29,31,0,-2,0,0,0,61,3239,4021,1570,175,35,508,30624,28491,110,0,87,4,5.08523e+06,0,0,0,0,1,0,2500,0,1545,3255,0,0,0,0,0,0,0,0,1659,-1532,0,0,166
1898.45,0,0,0,0,100,3527,1.51324,0.014293,1.52228,42,0,28,29,31,0,-2,0,0,0,61,3223,4021,1567,175,35,508,30624,28491,110,0,87,4,5.05044e+06,0,0,0,0,1,0,2472,0,1600,3223,0,0,0,0,0,0,0,0,1659,-1619,0,0,166
1898.46,0,0,0,0,100,3514,1.51384,0.0142946,1.52218,42,0,28,29,31,0,-2,0,0,0,61,3223,4021,1510,175,35,508,30624,28491,110,0,87,4,4.86673e+06,0,0,0,0,1,355,2374,0,1617,3186,0,0,0,0,0,0,0,0,1659,-1727,0,0,166
1898.47,0,0,0,0,100,3497,1.51443,0.0142961,1.52207,42,0,28,29,31,0,-2,0,0,0,61,3223,4021,1547,175,35,508,30624,28491,110,0,87,4,4.98598e+06,0,0,0,0,1,292,2396,0,1601,3188,0,0,0,0,0,0,0,0,1659,-1714,0,0,166
1898.48,0,0,0,0,100,3497,1.51503,0.0142976,1.52197,42,0,28,29,31,0,-2,0,0,0,61,3223,4021,1547,175,35,508,30624,28491,110,0,87,4,4.98598e+06,0,0,0,0,1,185,2384,0,1551,3250,0,0,0,0,0,0,0,0,1659,-1659,0,0,166
1898.49,0,0,0,0,100,3514,1.51562,0.0142991,1.52186,42,0,28,29,31,0,-2,0,0,0,61,3228,4021,1600,175,35,508,30624,28491,110,0,87,4,5.1648e+06,0,0,0,0,1,450,2274,0,1562,3199,0,0,0,0,0,0,0,0,1659,-1705,0,0,166
1898.5,0,0,0,0,100,3514,1.51622,0.0143006,1.52176,42,0,28,29,31,0,-2,0,0,0,60,3228,4021,1601,175,35,508,30578,28157,109,0,65,4,5.16803e+06,0,0,0,0,1,450,2274,0,1562,3199,0,0,0,0,0,0,0,0,1659,-1705,0,0,166
1898.51,0,0,0,0,100,3530,1.51565,0.0142822,1.52179,42,0,28,29,31,0,-2,0,0,0,60,3212,4021,1588,175,35,508,30578,28157,109,0,65,4,5.10066e+06,0,0,0,0,1,1231,1636,0,1562,3231,0,0,0,0,0,0,0,0,1659,-1683,0,0,166
1898.52,0,0,0,0,100,3536,1.51509,0.0142637,1.52183,42,0,28,29,31,0,-2,0,0,0,60,3212,4021,1588,175,35,508,30578,28157,109,0,65,4,5.10066e+06,0,0,0,0,1,2500,0,0,1620,3141,0,0,0,0,0,0,0,0,1659,-1613,0,0,166
1898.53,0,0,0,0,100,3523,1.51453,0.0142453,1.52186,42,0,28,29,31,0,-2,0,0,0,60,3219,4021,1551,175,35,508,30578,28157,109,0,65,4,4.99267e+06,0,0,0,0,1,2500,0,0,1625,3136,0,0,0,0,0,0,0,0,1659,-1668,0,0,166
1898.54,0,0,0,0,100,3508,1.51397,0.0142268,1.5219,42,0,28,29,31,0,-2,0,0,0,60,3219,4021,1544,175,35,508,30578,28157,109,0,65,4,4.97014e+06,0,0,0,0,1,2500,0,0,1593,3203,0,0,0,0,0,0,0,0,1659,-1606,0,0,166
1898.55,0,0,0,0,100,3514,1.51341,0.0142083,1.52193,42,0,28,29,31,0,-2,0,0,0,60,3219,4024,1568,175,35,508,30578,28157,109,0,65,4,5.04739e+06,0,0,0,0,1,2500,0,0,1561,3272,0,0,0,0,0,0,0,0,1659,-1540,0,0,166
1898.56,0,0,0,0,100,3514,1.51285,0.0141899,1.52197,42,0,28,29,31,0,-2,0,0,0,60,3219,4024,1568,175,35,508,30578,28157,109,0,65,4,5.04739e+06,0,0,0,0,1,2500,0,0,1561,3272,0,0,0,0,0,0,0,0,1659,-1540,0,0,166
1898.57,0,0,0,0,100,3538,1.51229,0.0141714,1.522,42,0,28,29,31,0,-2,0,0,0,60,3231,4024,1614,175,35,508,30578,28157,109,0,65,4,5.21483e+06,0,0,0,0,1,2374,0,64,1565,3240,0,0,0,0,0,0,0,0,1659,-1604,0,0,166
1898.58,0,0,0,0,100,3557,1.51173,0.014153,1.52203,42,0,28,29,31,0,-2,0,0,0,60,3206,4024,1601,175,35,508,30578,28157,109,0,65,4,5.13281e+06,0,0,0,0,1,1053,0,1710,1608,3184,0,0,0,0,0,0,0,0,1659,-1609,0,0,166
1898.59,0,0,0,0,100,3541,1.51117,0.0141345,1.52207,42,0,28,29,31,0,-2,0,0,0,60,3206,4024,1560,175,35,508,30578,28157,109,0,65,4,5.00136e+06,0,0,0,0,1,0,0,2500,1658,3134,0,0,0,0,0,0,0,0,1659,-1604,0,0,166
1898.6,0,0,0,0,100,3525,1.51061,0.014116,1.5221,42,0,28,29,31,0,-2,0,0,0,61,3206,4024,1560,175,35,508,30391,28106,109,0,65,4,5.00136e+06,0,0,0,0,1,0,0,2500,1631,3166,0,0,0,0,0,0,0,0,1659,-1585,0,0,166
1898.61,0,0,0,0,100,3519,1.51097,0.0141162,1.52219,42,0,28,29,31,0,-2,0,0,0,61,3220,4024,1555,175,35,508,30391,28106,109,0,65,4,5.0071e+06,0,0,0,0,1,0,0,2484,1590,3203,0,0,0,0,0,0,0,0,1659,-1657,0,0,166
1898.62,0,0,0,0,99,3519,1.51134,0.0141164,1.52227,42,0,28,29,31,0,-2,0,0,0,61,3220,4028,1599,175,35,508,30391,28106,109,0,65,4,5.14878e+06,0,0,0,0,1,0,0,2484,1590,3203,0,0,0,0,0,0,0,0,1659,-1657,0,0,166
1898.63,0,0,0,0,100,3538,1.51171,0.0141165,1.52236,42,0,28,29,31,0,-2,0,0,0,61,3220,4028,1621,175,35,508,30391,28106,109,0,65,4,5.21962e+06,0,0,0,0,1,0,487,2255,1582,3184,0,0,0,0,0,0,0,0,1659,-1712,0,0,166
1898.64,0,0,0,0,100,3557,1.51207,0.0141167,1.52244,42,0,28,29,31,0,-2,0,0,0,61,3220,4028,1621,175,35,508,30391,28106,109,0,65,4,5.21962e+06,0,0,0,0,1,0,2500,0,1594,3208,0,0,0,0,0,0,0,0,1659,-1577,0,0,166
1898.65,0,0,0,0,100,3564,1.51244,0.0141169,1.52253,42,0,28,29,31,0,-2,0,0,0,61,3220,4028,1611,175,35,508,30391,28106,109,0,65,4,5.18742e+06,0,0,0,0,1,5,2474,0,1645,3190,0,0,0,0,0,0,0,0,1659,-1637,0,0,166
1898.66,0,0,0,0,100,3555,1.5128,0.0141171,1.52261,42,0,28,29,31,0,-2,0,0,0,61,3220,4028,1586,175,35,508,30391,28106,109,0,65,4,5.10692e+06,0,0,0,0,1,2454,0,0,1641,3132,0,0,0,0,0,0,0,0,1659,-1583,0,0,166
1898.67,0,0,0,0,100,3539,1.51317,0.0141172,1.5227,42,0,28,29,31,0,-2,0,0,0,61,3206,4028,1575,175,35,508,30391,28106,109,0,65,4,5.04945e+06,0,0,0,0,1,2500,0,0,1634,3145,0,0,0,0,0,0,0,0,1659,-1591,0,0,166
1898.68,0,0,0,0,100,3539,1.51354,0.0141174,1.52278,42,0,28,29,31,0,-2,0,0,0,61,3206,4028,1575,175,35,508,30391,28106,109,0,65,4,5.04945e+06,0,0,0,0,1,2500,0,0,1634,3145,0,0,0,0,0,0,0,0,1659,-1591,0,0,166
1898.69,0,0,0,0,100,3545,1.5139,0.0141176,1.52287,42,0,28,28,31,0,-2,0,0,0,61,3217,4028,1622,175,35,508,30391,28106,109,0,65,4,5.21797e+06,0,0,0,0,1,2500,0,0,1587,3261,0,0,0,0,0,0,0,0,1659,-1487,0,0,166
1898.7,0,0,0,0,100,3570,1.51427,0.0141177,1.52295,42,0,28,28,31,0,-2,0,0,0,60,3217,4028,1617,175,35,508,30306,27824,109,0,87,4,5.20189e+06,0,0,0,0,1,1841,0,1068,1599,3238,0,0,0,0,0,0,0,0,1659,-1746,0,0,166
1898.71,0,0,0,0,100,3587,1.51439,0.014092,1.52295,42,0,28,29,31,0,-2,0,0,0,60,3217,4027,1626,175,35,508,30306,27824,109,0,87,4,5.23084e+06,0,0,0,0,1,0,0,2500,1643,3164,0,0,0,0,0,0,0,0,1659,-1562,0,0,166
1898.72,0,0,0,0,100,3574,1.51452,0.0140663,1.52294,42,0,28,29,31,0,-2,0,0,0,60,3217,4027,1626,175,35,508,30306,27824,109,0,87,4,5.23084e+06,0,0,0,0,1,0,1146,1871,1687,3158,0,0,0,0,0,0,0,0,1659,-1772,0,0,166
1898.73,0,0,0,0,100,3554,1.51464,0.0140406,1.52294,42,0,28,29,31,0,-2,0,0,0,60,3201,4027,1581,175,35,508,30306,27824,109,0,87,4,5.06078e+06,0,0,0,0,1,0,2500,0,1661,3186,0,0,0,0,0,0,0,0,1659,-1617,0,0,166
1898.74,0,0,0,0,100,3554,1.51477,0.0140148,1.52293,42,0,28,29,31,0,-2,0,0,0,60,3207,4027,1601,175,35,508,30306,27824,109,0,87,4,5.13441e+06,0,0,0,0,1,0,2500,0,1661,3186,0,0,0,0,0,0,0,0,1659,-1617,0,0,166
1898.75,0,0,0,0,100,3550,1.51489,0.0139891,1.52293,42,0,28,28,31,0,-2,0,0,0,60,3207,4027,1608,175,35,508,30306,27824,109,0,87,4,5.15686e+06,0,0,0,0,1,0,2466,0,1601,3249,0,0,0,0,0,0,0,0,1659,-1451,0,0,166
1898.76,0,0,0,0,100,3571,1.51501,0.0139634,1.52292,42,0,28,28,31,0,-2,0,0,0,60,3207,4027,1608,175,35,508,30306,27824,109,0,87,4,5.15686e+06,0,0,0,0,1,1270,1507,0,1590,3220,0,0,0,0,0,0,0,0,1659,-1618,0,0,166
1898.77,0,0,0,0,100,3588,1.51514,0.0139377,1.52292,42,0,28,28,31,0,-2,0,0,0,60,3217,4027,1647,175,35,508,30306,27824,109,0,87,4,5.2984e+06,0,0,0,0,1,2500,0,0,1628,3238,0,0,0,0,0,0,0,0,1659,-1520,0,0,166
1898.78,0,0,0,0,100,3594,1.51526,0.0139119,1.52291,42,0,28,28,31,0,-2,0,0,0,60,3217,4027,1632,175,35,508,30306,27824,109,0,87,4,5.25014e+06,0,0,0,0,1,807,0,1932,1663,3162,0,0,0,0,0,0,0,0,1659,-1637,0,0,166
1898.79,0,0,0,0,100,3580,1.51539,0.0138862,1.52291,42,0,28,28,31,0,-2,0,0,0,60,3217,4027,1623,175,35,508,30306,27824,109,0,87,4,5.22119e+06,0,0,0,0,1,0,0,2500,1677,3160,0,0,0,0,0,0,0,0,1659,-1543,0,0,166
1898.8,0,0,0,0,100,3580,1.51551,0.0138605,1.5229,42,0,28,28,31,0,-2,0,0,0,61,3217,4027,1623,175,35,493,30411,28034,109,0,87,4,5.22119e+06,0,0,0,0,1,0,0,2500,1677,3160,0,0,0,0,0,0,0,0,1659,-1543,0,0,166
1898.81,0,0,0,0,100,3561,1.51555,0.0138366,1.52292,42,0,28,28,31,0,-2,0,0,0,61,3194,4027,1626,175,35,493,30411,28034,109,0,87,4,5.19344e+06,0,0,0,0,1,0,1207,1754,1657,3162,0,0,0,0,0,0,0,0,1659,-1718,0,0,166
1898.82,0,0,0,0,100,3569,1.51559,0.0138126,1.52293,42,0,28,28,31,0,-2,0,0,0,61,3219,4027,1643,175,35,493,30411,28034,109,0,87,4,5.28882e+06,0,0,0,0,1,0,2500,0,1614,3199,0,0,0,0,0,0,0,0,1659,-1583,0,0,166
1898.83,0,0,0,0,100,3595,1.51562,0.0137887,1.52295,42,0,28,28,31,0,-2,0,0,0,61,3219,4027,1647,175,35,493,30411,28034,109,0,87,4,5.30169e+06,0,0,0,0,1,995,1804,0,1604,3208,0,0,0,0,0,0,0,0,1659,-1640,0,0,166
1898.84,0,0,0,0,100,3613,1.51566,0.0137648,1.52296,42,0,28,29,31,0,-2,0,0,0,61,3219,4027,1647,175,35,493,30411,28034,109,0,87,4,5.30169e+06,0,0,0,0,1,2479,0,0,1664,3249,0,0,0,0,0,0,0,0,1659,-1485,0,0,166
1898.85,0,0,0,0,100,3597,1.5157,0.0137409,1.52298,42,0,28,29,31,0,-2,0,0,0,61,3209,4027,1638,175,35,493,30411,28034,109,0,87,4,5.25634e+06,0,0,0,0,1,0,0,2500,1711,3108,0,0,0,0,0,0,0,0,1659,-1631,0,0,166
1898.86,0,0,0,0,100,3597,1.51574,0.013717,1.52299,42,0,28,29,31,0,-2,0,0,0,61,3209,4027,1630,175,35,493,30411,28034,109,0,87,4,5.23067e+06,0,0,0,0,1,0,0,2500,1711,3108,0,0,0,0,0,0,0,0,1659,-1631,0,0,166
1898.87,0,0,0,0,100,3572,1.51578,0.013693,1.52301,42,0,28,29,31,0,-2,0,0,0,61,3209,4027,1604,175,35,493,30411,28034,109,0,87,4,5.14724e+06,0,0,0,0,1,0,0,2500,1672,3160,0,0,0,0,0,0,0,0,1659,-1554,0,0,166
1898.88,0,0,0,0,100,3569,1.51581,0.0136691,1.52302,42,0,28,29,31,0,-2,0,0,0,61,3209,4027,1604,175,35,493,30411,28034,109,0,87,4,5.14724e+06,0,0,0,0,1,0,1729,937,1619,3160,0,0,0,0,0,0,0,0,1659,-1597,0,0,166
1898.89,0,0,0,0,100,3588,1.51585,0.0136452,1.52304,42,0,28,29,31,0,-2,0,0,0,61,3202,4027,1667,175,35,493,30411,28034,109,0,87,4,5.33773e+06,0,0,0,0,1,0,2456,0,1604,3244,0,0,0,0,0,0,0,0,1659,-1432,0,0,166
1898.9,0,0,0,0,100,3609,1.51589,0.0136213,1.52305,42,0,28,29,30,0,-2,0,0,0,60,3202,4027,1691,175,35,493,30369,28030,109,0,87,4,5.41458e+06,0,0,0,0,1,2500,0,0,1638,3119,0,0,0,0,0,0,0,0,1659,-1567,0,0,166
1898.91,0,0,0,0,100,3613,1.51591,0.0136137,1.52315,42,0,28,29,30,0,-2,0,0,0,60,3183,4027,1682,175,35,493,30369,28030,109,0,87,4,5.35381e+06,0,0,0,0,1,841,0,1851,1688,3153,0,0,0,0,0,0,0,0,1659,-1599,0,0,166
1898.92,0,0,0,0,100,3613,1.51593,0.013606,1.52324,42,0,28,29,30,0,-2,0,0,0,60,3183,4027,1682,175,35,493,30369,28030,109,0,87,4,5.35381e+06,0,0,0,0,1,841,0,1851,1688,3153,0,0,0,0,0,0,0,0,1659,-1599,0,0,166
1898.93,0,0,0,0,100,3597,1.51594,0.0135984,1.52334,42,0,28,29,30,0,-2,0,0,0,60,3183,4029,1623,175,35,493,30369,28030,109,0,87,4,5.16601e+06,0,0,0,0,1,0,0,2500,1687,3153,0,0,0,0,0,0,0,0,1659,-1565,0,0,166
1898.94,0,0,0,0,100,3583,1.51596,0.0135908,1.52343,42,0,28,29,30,0,-2,0,0,0,60,3183,4029,1622,175,35,493,30369,28030,109,0,87,4,5.16283e+06,0,0,0,0,1,0,1544,1253,1661,3173,0,0,0,0,0,0,0,0,1659,-1660,0,0,166
1898.95,0,0,0,0,100,3591,1.51598,0.0135832,1.52353,42,0,28,29,30,0,-2,0,0,0,60,3200,4029,1631,175,35,493,30369,28030,109,0,87,4,5.2192e+06,0,0,0,0,1,0,2500,0,1611,3233,0,0,0,0,0,0,0,0,1659,-1463,0,0,166
1898.96,0,0,0,0,100,3624,1.516,0.0135756,1.52363,42,0,28,29,30,0,-2,0,0,0,60,3200,4029,1631,175,35,493,30369,28030,109,0,87,4,5.2192e+06,0,0,0,0,1,2500,0,0,1628,3138,0,0,0,0,0,0,0,0,1659,-1524,0,0,166
1898.97,0,0,0,0,100,3640,1.51602,0.013568,1.52372,42,0,28,29,30,0,-2,0,0,0,60,3188,4029,1683,175,35,493,30369,28030,109,0,87,4,5.3654e+06,0,0,0,0,1,407,0,2146,1689,3138,0,0,0,0,0,0,0,0,1659,-1569,0,0,166
1898.98,0,0,0,0,100,3640,1.51603,0.0135603,1.52382,42,0,28,29,30,0,-2,0,0,0,60,3188,4029,1699,175,35,493,30369,28030,109,0,87,4,5.41641e+06,0,0,0,0,1,407,0,2146,1689,3138,0,0,0,0,0,0,0,0,1659,-1569,0,0,166
1898.99,0,0,0,0,100,3623,1.51605,0.0135527,1.52391,42,0,28,29,30,0,-2,0,0,0,60,3179,4029,1664,175,35,493,30369,28030,109,0,87,4,5.28986e+06,0,0,0,0,1,0,944,1984,1719,3184,0,0,0,0,0,0,0,0,1659,-1707,0,0,166
1899,0,0,0,0,100,3599,1.51607,0.0135451,1.52401,42,0,28,29,32,0,-2,0,0,0,60,3179,4029,1664,175,35,493,30098,27739,109,0,68,4,5.28986e+06,0,0,0,0,1,0,2500,0,1683,3201,0,0,0,0,0,0,0,0,1659,-1566,0,0,166
1899.01,0,0,0,0,100,3599,1.51615,0.0135337,1.52462,42,0,28,29,32,0,-2,0,0,0,60,3179,4004,1661,175,35,493,30098,27739,109,0,68,4,5.28032e+06,0,0,0,0,1,1839,732,0,1618,3190,0,0,0,0,0,0,0,0,1659,-1486,0,0,166
1899.02,0,0,0,0,100,3626,1.51623,0.0135222,1.52524,42,0,28,29,32,0,-2,0,0,0,60,3179,4004,1669,175,35,493,30098,27739,109,0,68,4,5.30575e+06,0,0,0,0,1,2222,0,531,1638,3194,0,0,0,0,0,0,0,0,1659,-1686,0,0,166
1899.03,0,0,0,0,100,3649,1.51632,0.0135108,1.52586,42,0,28,29,32,0,-2,0,0,0,60,3201,4004,1705,175,35,493,30098,27739,109,0,68,4,5.4577e+06,0,0,0,0,1,0,83,2386,1682,3171,0,0,0,0,0,0,0,0,1659,-1619,0,0,166
1899.04,0,0,0,0,100,3649,1.5164,0.0134994,1.52647,42,0,28,29,32,0,-2,0,0,0,60,3201,4004,1705,175,35,493,30098,27739,109,0,68,4,5.4577e+06,0,0,0,0,1,0,83,2386,1682,3171,0,0,0,0,0,0,0,0,1659,-1619,0,0,166
1899.05,0,0,0,0,100,3651,1.51648,0.0134879,1.52709,42,0,28,29,32,0,-2,0,0,0,60,3171,4004,1671,175,35,493,30098,27739,109,0,68,4,5.29874e+06,0,0,0,0,1,0,2470,0,1708,3208,0,0,0,0,0,0,0,0,1659,-1493,0,0,166
1899.06,0,0,0,0,100,3627,1.51656,0.0134765,1.52771,42,0,28,29,32,0,-2,0,0,0,60,3171,4004,1643,175,35,493,30098,27739,109,0,68,4,5.20995e+06,0,0,0,0,1,2500,0,0,1713,3147,0,0,0,0,0,0,0,0,1659,-1609,0,0,166
1899.07,0,0,0,0,100,3611,1.51665,0.0134651,1.52832,42,0,28,29,32,0,-2,0,0,0,60,3171,4004,1652,175,35,493,30098,27739,109,0,68,4,5.23849e+06,0,0,0,0,1,714,0,1935,1664,3156,0,0,0,0,0,0,0,0,1659,-1561,0,0,166
1899.08,0,0,0,0,100,3627,1.51673,0.0134536,1.52894,42,0,28,29,32,0,-2,0,0,0,60,3171,4004,1652,175,35,493,30098,27739,109,0,68,4,5.23849e+06,0,0,0,0,1,0,566,2170,1628,3208,0,0,0,0,0,0,0,0,1659,-1672,0,0,166
1899.09,0,0,0,0,100,3662,1.51681,0.0134422,1.52956,42,0,28,29,32,0,-2,0,0,0,60,3173,4004,1695,175,35,493,30098,27739,109,0,68,4,5.37824e+06,0,0,0,0,1,448,2185,0,1647,3160,0,0,0,0,0,0,0,0,1659,-1605,0,0,166
1899.1,0,0,0,0,100,3662,1.51689,0.0134308,1.53017,42,0,28,29,31,0,-2,0,0,0,60,3179,4004,1722,175,35,493,29962,27582,110,0,64,4,5.47424e+06,0,0,0,0,1,448,2185,0,1647,3160,0,0,0,0,0,0,0,0,1659,-1605,0,0,166
1899.11,0,0,0,0,100,3679,1.51746,0.013444,1.53009,42,0,28,29,31,0,-2,0,0,0,60,3179,4004,1710,175,35,493,29962,27582,110,0,64,4,5.43609e+06,0,0,0,0,1,2113,0,766,1721,3162,0,0,0,0,0,0,0,0,1659,-1646,0,0,166
1899.12,0,0,0,0,100,3652,1.51803,0.0134573,1.53,42,0,28,29,31,0,-2,0,0,0,60,3179,4004,1710,175,35,493,29962,27582,110,0,64,4,5.43609e+06,0,0,0,0,1,0,585,2324,1753,3124,0,0,0,0,0,0,0,0,1659,-1715,0,0,166
1899.13,0,0,0,0,100,3625,1.51861,0.0134705,1.52991,42,0,28,29,31,0,-2,0,0,0,60,3164,4004,1648,175,35,493,29962,27582,110,0,64,4,5.21427e+06,0,0,0,0,1,0,2500,0,1686,3201,0,0,0,0,0,0,0,0,1659,-1580,0,0,166
1899.14,0,0,0,0,100,3627,1.51918,0.0134838,1.52982,42,0,28,29,31,0,-2,0,0,0,60,3164,4004,1652,175,35,493,29962,27582,110,0,64,4,5.22693e+06,0,0,0,0,1,2500,0,0,1620,3229,0,0,0,0,0,0,0,0,1659,-1437,0,0,166
1899.15,0,0,0,0,100,3652,1.51975,0.013497,1.52974,42,0,28,29,31,0,-2,0,0,0,60,3195,4004,1672,175,35,493,29962,27582,110,0,64,4,5.34204e+06,0,0,0,0,1,0,0,2500,1636,3132,0,0,0,0,0,0,0,0,1659,-1522,0,0,166
1899.16,0,0,0,0,99,3652,1.52032,0.0135102,1.52965,42,0,28,29,31,0,-2,0,0,0,60,3195,4004,1672,175,35,493,29962,27582,110,0,64,4,5.34204e+06,0,0,0,0,1,0,0,2500,1636,3132,0,0,0,0,0,0,0,0,1659,-1522,0,0,166
1899.17,0,0,0,0,99,3674,1.52089,0.0135235,1.52956,42,0,28,29,31,0,-2,0,0,0,60,3173,4004,1720,175,35,493,29962,27582,110,0,64,4,5.45756e+06,0,0,0,0,1,0,2500,0,1691,3194,0,0,0,0,0,0,0,0,1659,-1481,0,0,166
1899.18,0,0,0,0,100,3667,1.52146,0.0135367,1.52947,42,0,28,29,31,0,-2,0,0,0,60,3173,4004,1699,175,35,493,29962,27582,110,0,64,4,5.39093e+06,0,0,0,0,1,2500,0,0,1723,3141,0,0,0,0,0,0,0,0,1659,-1633,0,0,166
1899.19,0,0,0,0,100,3643,1.52203,0.01355,1.52939,42,0,28,29,31,0,-2,0,0,0,60,3160,4004,1670,175,35,493,29962,27582,110,0,64,4,5.2772e+06,0,0,0,0,1,0,0,2500,1705,3121,0,0,0,0,0,0,0,0,1659,-1583,0,0,166
1899.2,0,0,0,0,100,3629,1.5226,0.0135632,1.5293,42,0,28,29,31,0,-2,0,0,0,59,3160,4004,1670,175,35,493,30026,27297,109,0,65,4,5.2772e+06,0,0,0,0,1,0,1899,755,1663,3153,0,0,0,0,0,0,0,0,1659,-1555,0,0,166
1899.21,0,0,0,0,100,3650,1.52224,0.0135336,1.52924,42,0,28,29,31,0,-2,0,0,0,59,3183,4004,1671,175,35,493,30026,27297,109,0,65,4,5.31879e+06,0,0,0,0,1,1214,1544,0,1614,3201,0,0,0,0,0,0,0,0,1659,-1554,0,0,166
1899.22,0,0,0,0,100,3650,1.52189,0.0135039,1.52918,42,0,28,29,31,0,-2,0,0,0,59,3183,4004,1709,175,35,493,30026,27297,109,0,65,4,5.43975e+06,0,0,0,0,1,1214,1544,0,1614,3201,0,0,0,0,0,0,0,0,1659,-1554,0,0,166
1899.23,0,0,0,0,100,3683,1.52153,0.0134742,1.52912,42,0,28,29,31,0,-2,0,0,0,59,3183,4004,1737,175,35,493,30026,27297,109,0,65,4,5.52887e+06,0,0,0,0,1,982,0,1691,1666,3171,0,0,0,0,0,0,0,0,1659,-1528,0,0,166
1899.24,0,0,0,0,100,3691,1.52118,0.0134446,1.52906,42,0,28,29,31,0,-2,0,0,0,59,3183,4004,1737,175,35,493,30026,27297,109,0,65,4,5.52887e+06,0,0,0,0,1,0,2500,0,1730,3149,0,0,0,0,0,0,0,0,1659,-1542,0,0,166
1899.25,0,0,0,0,100,3663,1.52082,0.0134149,1.529,42,0,28,29,31,0,-2,0,0,0,59,3163,4004,1678,175,35,493,30026,27297,109,0,65,4,5.30751e+06,0,0,0,0,1,2500,0,0,1732,3093,0,0,0,0,0,0,0,0,1659,-1553,0,0,166
1899.26,0,0,0,0,100,3637,1.52047,0.0133853,1.52894,42,0,28,29,31,0,-2,0,0,0,59,3163,4004,1671,175,35,493,30026,27297,109,0,65,4,5.28537e+06,0,0,0,0,1,1130,0,1613,1673,3201,0,0,0,0,0,0,0,0,1659,-1574,0,0,166
1899.27,0,0,0,0,100,3651,1.52011,0.0133556,1.52888,42,0,28,29,31,0,-2,0,0,0,59,3163,4004,1667,175,35,493,30026,27297,109,0,65,4,5.27272e+06,0,0,0,0,1,0,1003,1751,1620,3184,0,0,0,0,0,0,0,0,1659,-1588,0,0,166
1899.28,0,0,0,0,100,3651,1.51976,0.0133259,1.52881,42,0,28,29,31,0,-2,0,0,0,59,3163,4004,1667,175,35,493,30026,27297,109,0,65,4,5.27272e+06,0,0,0,0,1,0,1003,1751,1620,3184,0,0,0,0,0,0,0,0,1659,-1588,0,0,166
1899.29,0,0,0,0,100,3683,1.5194,0.0132963,1.52875,42,0,28,29,31,0,-2,0,0,0,59,3173,4004,1739,175,35,493,30026,27297,109,0,65,4,5.51785e+06,0,0,0,0,1,1442,1277,0,1648,3188,0,0,0,0,0,0,0,0,1659,-1530,0,0,166
1899.3,0,0,0,0,100,3699,1.51904,0.0132666,1.52869,42,0,28,29,35,0,-2,0,0,0,59,3173,4004,1748,175,35,493,30052,27628,109,0,87,4,5.5464e+06,0,0,0,0,1,0,0,2500,1713,3100,0,0,0,0,0,0,0,0,1659,-1513,0,0,166
1899.31,0,0,0,0,100,3687,1.51909,0.0132831,1.529,42,0,28,29,35,0,-2,0,0,0,59,3150,4004,1716,175,35,493,30052,27628,109,0,87,4,5.4054e+06,0,0,0,0,1,0,2500,0,1746,3147,0,0,0,0,0,0,0,0,1659,-1597,0,0,166
1899.32,0,0,0,0,100,3658,1.51914,0.0132996,1.52931,42,0,28,29,35,0,-2,0,0,0,59,3150,4004,1716,175,35,493,30052,27628,109,0,87,4,5.4054e+06,0,0,0,0,1,2500,0,0,1699,3106,0,0,0,0,0,0,0,0,1659,-1564,0,0,166
1899.33,0,0,0,0,100,3651,1.51918,0.0133161,1.52962,42,0,28,29,35,0,-2,0,0,0,59,3160,4004,1663,175,35,493,30052,27628,109,0,87,4,5.25508e+06,0,0,0,0,1,0,0,2472,1645,3141,0,0,0,0,0,0,0,0,1659,-1464,0,0,166
1899.34,0,0,0,0,100,3651,1.51923,0.0133326,1.52993,42,0,28,29,35,0,-2,0,0,0,59,3160,4004,1686,175,35,493,30052,27628,109,0,87,4,5.32776e+06,0,0,0,0,1,0,0,2472,1645,3141,0,0,0,0,0,0,0,0,1659,-1464,0,0,166
1899.35,0,0,0,0,100,3686,1.51927,0.0133491,1.53024,42,0,28,29,35,0,-2,0,0,0,59,3176,4004,1716,175,35,493,30052,27628,109,0,87,4,5.45002e+06,0,0,0,0,1,0,2500,0,1629,3166,0,0,0,0,0,0,0,0,1659,-1485,0,0,166
1899.36,0,0,0,0,100,3723,1.51932,0.0133657,1.53055,42,0,28,29,35,0,-2,0,0,0,59,3176,4004,1716,175,35,493,30052,27628,109,0,87,4,5.45002e+06,0,0,0,0,1,2415,0,0,1686,3205,0,0,0,0,0,0,0,0,1659,-1433,0,0,166
1899.37,0,0,0,0,100,3721,1.51937,0.0133822,1.53086,42,0,28,29,35,0,-2,0,0,0,59,3176,4004,1732,175,35,493,30052,27628,109,0,87,4,5.50083e+06,0,0,0,0,1,0,1523,1426,1767,3119,0,0,0,0,0,0,0,0,1659,-1665,0,0,166
1899.38,0,0,0,0,100,3685,1.51941,0.0133987,1.53117,42,0,28,29,35,0,-2,0,0,0,59,3144,4004,1709,175,35,493,30052,27628,109,0,87,4,5.3731e+06,0,0,0,0,1,2274,351,0,1741,3130,0,0,0,0,0,0,0,0,1659,-1537,0,0,166
1899.39,0,0,0,0,100,3671,1.51946,0.0134152,1.53148,42,0,28,29,35,0,-2,0,0,0,59,3144,4004,1664,175,35,493,30052,27628,109,0,87,4,5.23162e+06,0,0,0,0,1,243,0,2228,1670,3136,0,0,0,0,0,0,0,0,1659,-1488,0,0,166
1899.4,0,0,0,0,100,3671,1.5195,0.0134317,1.53179,42,0,28,29,32,0,-2,0,0,0,59,3144,4004,1664,175,35,493,30123,27718,109,0,87,4,5.23162e+06,0,0,0,0,1,243,0,2228,1670,3136,0,0,0,0,0,0,0,0,1659,-1488,0,0,166
1899.41,0,0,0,0,100,3691,1.51981,0.0133899,1.53123,42,0,28,29,32,0,-2,0,0,0,59,3179,4010,1721,175,35,493,30123,27718,109,0,87,4,5.47106e+06,0,0,0,0,1,0,2500,0,1640,3179,0,0,0,0,0,0,0,0,1659,-1479,0,0,166
1899.42,0,0,0,0,100,3725,1.52011,0.0133482,1.53068,42,0,28,29,32,0,-2,0,0,0,59,3167,4010,1772,175,35,493,30123,27718,109,0,87,4,5.61192e+06,0,0,0,0,1,2284,0,416,1683,3184,0,0,0,0,0,0,0,0,1659,-1571,0,0,166
1899.43,0,0,0,0,100,3732,1.52041,0.0133064,1.53012,42,0,28,29,32,0,-2,0,0,0,59,3167,4010,1780,175,35,493,30123,27718,109,0,87,4,5.63726e+06,0,0,0,0,1,0,1611,1211,1738,3132,0,0,0,0,0,0,0,0,1659,-1620,0,0,166
1899.44,0,0,0,0,100,3707,1.52071,0.0132646,1.52956,42,0,28,29,32,0,-2,0,0,0,59,3167,4010,1780,175,35,493,30123,27718,109,0,87,4,5.63726e+06,0,0,0,0,1,2500,0,0,1742,3089,0,0,0,0,0,0,0,0,1659,-1565,0,0,166
1899.45,0,0,0,0,100,3682,1.52102,0.0132229,1.529,42,0,28,29,32,0,-2,0,0,0,59,3144,4010,1683,175,35,493,30123,27718,109,0,87,4,5.29135e+06,0,0,0,0,1,0,0,2500,1697,3138,0,0,0,0,0,0,0,0,1659,-1598,0,0,166
1899.46,0,0,0,0,100,3682,1.52132,0.0131811,1.52844,42,0,28,29,32,0,-2,0,0,0,59,3153,4010,1667,175,35,493,30123,27718,109,0,87,4,5.25605e+06,0,0,0,0,1,0,0,2500,1697,3138,0,0,0,0,0,0,0,0,1659,-1598,0,0,166
1899.47,0,0,0,0,100,3688,1.52162,0.0131394,1.52788,42,0,28,29,32,0,-2,0,0,0,59,3153,4010,1695,175,35,493,30123,27718,109,0,87,4,5.34434e+06,0,0,0,0,1,0,2500,0,1639,3209,0,0,0,0,0,0,0,0,1659,-1420,0,0,166
1899.48,0,0,0,0,100,3728,1.52193,0.0130976,1.52732,42,0,28,29,32,0,-2,0,0,0,59,3153,4010,1695,175,35,493,30123,27718,109,0,87,4,5.34434e+06,0,0,0,0,1,2017,0,689,1656,3190,0,0,0,0,0,0,0,0,1659,-1579,0,0,166
1899.49,0,0,0,0,100,3750,1.52223,0.0130558,1.52676,42,0,28,29,32,0,-2,0,0,0,59,3174,4010,1760,175,35,493,30123,27718,109,0,87,4,5.58624e+06,0,0,0,0,1,0,2500,0,1728,3138,0,0,0,0,0,0,0,0,1659,-1524,0,0,166
1899.5,0,0,0,0,99,3730,1.52253,0.0130141,1.52621,42,0,28,29,32,0,-2,0,0,0,59,3156,4010,1744,175,35,493,30142,27476,109,0,87,4,5.50406e+06,0,0,0,0,1,2435,0,359,1765,3164,0,0,0,0,0,0,0,0,1659,-1658,0,0,166
1899.51,0,0,0,0,100,3694,1.52217,0.0130315,1.52666,42,0,28,29,32,0,-2,0,0,0,59,3156,4010,1721,175,35,493,30142,27476,109,0,87,4,5.43148e+06,0,0,0,0,1,0,1286,1611,1714,3127,0,0,0,0,0,0,0,0,1659,-1650,0,0,166
1899.52,0,0,0,0,100,3694,1.52182,0.0130489,1.52711,42,0,28,29,32,0,-2,0,0,0,59,3156,4010,1721,175,35,493,30142,27476,109,0,87,4,5.43148e+06,0,0,0,0,1,0,1286,1611,1714,3127,0,0,0,0,0,0,0,0,1659,-1650,0,0,166
1899.53,0,0,0,0,100,3692,1.52146,0.0130663,1.52756,42,0,28,29,32,0,-2,0,0,0,59,3157,4010,1684,175,35,493,30142,27476,109,0,87,4,5.31639e+06,0,0,0,0,1,1913,671,0,1635,3158,0,0,0,0,0,0,0,0,1659,-1439,0,0,166
1899.54,0,0,0,0,100,3726,1.52111,0.0130838,1.52801,42,0,28,29,32,0,-2,0,0,0,59,3157,4010,1722,175,35,493,30142,27476,109,0,87,4,5.43635e+06,0,0,0,0,1,0,0,2500,1647,3175,0,0,0,0,0,0,0,0,1659,-1488,0,0,166
1899.55,0,0,0,0,100,3751,1.52075,0.0131012,1.52846,42,0,28,29,32,0,-2,0,0,0,59,3171,4010,1763,175,35,493,30142,27476,109,0,87,4,5.59047e+06,0,0,0,0,1,1130,1718,0,1711,3153,0,0,0,0,0,0,0,0,1659,-1584,0,0,166
1899.56,0,0,0,0,100,3744,1.52039,0.0131186,1.52891,42,0,28,29,32,0,-2,0,0,0,59,3171,4010,1763,175,35,493,30142,27476,109,0,87,4,5.59047e+06,0,0,0,0,1,0,0,2500,1754,3130,0,0,0,0,0,0,0,0,1659,-1574,0,0,166
1899.57,0,0,0,0,100,3709,1.52004,0.0131361,1.52935,42,0,28,29,32,0,-2,0,0,0,59,3144,4010,1719,175,35,493,30142,27476,109,0,87,4,5.40454e+06,0,0,0,0,1,0,2500,0,1732,3192,0,0,0,0,0,0,0,0,1659,-1530,0,0,166
1899.58,0,0,0,0,100,3709,1.51968,0.0131535,1.5298,42,0,28,29,32,0,-2,0,0,0,59,3144,4010,1681,175,35,493,30142,27476,109,0,87,4,5.28506e+06,0,0,0,0,1,0,2500,0,1732,3192,0,0,0,0,0,0,0,0,1659,-1530,0,0,166
1899.59,0,0,0,0,100,3692,1.51932,0.0131709,1.53025,42,0,28,29,32,0,-2,0,0,0,59,3143,4010,1667,175,35,493,30142,27476,109,0,87,4,5.23938e+06,0,0,0,0,1,2171,0,654,1667,3216,0,0,0,0,0,0,0,0,1659,-1626,0,0,166
1899.6,0,0,0,0,100,3719,1.51897,0.0131883,1.5307,42,0,28,29,31,0,-2,0,0,0,59,3143,4010,1667,175,35,493,29847,27221,110,0,68,4,5.23938e+06,0,0,0,0,1,0,2075,353,1637,3168,0,0,0,0,0,0,0,0,1659,-1403,0,0,166
1899.61,0,0,0,0,100,3761,1.51901,0.0131531,1.53088,42,0,28,29,31,0,-2,0,0,0,59,3171,4010,1760,175,35,493,29847,27221,110,0,68,4,5.58096e+06,0,0,0,0,1,2364,0,0,1686,3164,0,0,0,0,0,0,0,0,1659,-1591,0,0,166
1899.62,0,0,0,0,100,3772,1.51906,0.0131179,1.53106,42,0,28,29,31,0,-2,0,0,0,59,3147,4010,1778,175,35,493,29847,27221,110,0,68,4,5.59537e+06,0,0,0,0,1,0,2500,0,1763,3134,0,0,0,0,0,0,0,0,1659,-1493,0,0,166
1899.63,0,0,0,0,100,3736,1.5191,0.0130827,1.53124,42,0,28,29,31,0,-2,0,0,0,59,3147,4010,1759,175,35,493,29847,27221,110,0,68,4,5.53557e+06,0,0,0,0,1,2380,0,391,1770,3149,0,0,0,0,0,0,0,0,1659,-1677,0,0,166
1899.64,0,0,0,0,99,3736,1.51914,0.0130475,1.53142,42,0,28,29,31,0,-2,0,0,0,59,3147,4010,1759,175,35,493,29847,27221,110,0,68,4,5.53557e+06,0,0,0,0,1,2380,0,391,1770,3149,0,0,0,0,0,0,0,0,1659,-1677,0,0,166
1899.65,0,0,0,0,100,3713,1.51919,0.0130123,1.5316,42,0,28,29,31,0,-2,0,0,0,59,3136,4010,1675,175,35,493,29847,27221,110,0,68,4,5.2528e+06,0,0,0,0,1,0,1729,974,1683,3156,0,0,0,0,0,0,0,0,1659,-1459,0,0,166
1899.66,0,0,0,0,100,3731,1.51923,0.0129771,1.53178,42,0,28,29,31,0,-2,0,0,0,59,3168,4010,1683,175,35,493,29847,27221,110,0,68,4,5.33174e+06,0,0,0,0,1,2500,0,0,1643,3208,0,0,0,0,0,0,0,0,1659,-1340,0,0,166
1899.67,0,0,0,0,100,3770,1.51928,0.0129419,1.53196,42,0,28,29,31,0,-2,0,0,0,59,3168,4010,1725,175,35,493,29847,27221,110,0,68,4,5.4648e+06,0,0,0,0,1,0,2500,0,1687,3156,0,0,0,0,0,0,0,0,1659,-1464,0,0,166
1899.68,0,0,0,0,100,3782,1.51932,0.0129067,1.53214,42,0,28,29,31,0,-2,0,0,0,59,3168,4010,1725,175,35,493,29847,27221,110,0,68,4,5.4648e+06,0,0,0,0,1,2026,0,867,1752,3141,0,0,0,0,0,0,0,0,1659,-1638,0,0,166
1899.69,0,0,0,0,100,3760,1.51937,0.0128715,1.53232,42,0,28,29,31,0,-2,0,0,0,59,3164,4010,1778,175,35,493,29847,27221,110,0,68,4,5.62559e+06,0,0,0,0,1,0,2500,0,1760,3182,0,0,0,0,0,0,0,0,1659,-1535,0,0,166
1899.7,0,0,0,0,100,3760,1.51941,0.0128363,1.5325,42,0,28,29,32,0,-2,0,0,0,59,3135,4010,1739,175,35,493,29981,27711,110,0,64,4,5.45176e+06,0,0,0,0,1,0,2500,0,1760,3182,0,0,0,0,0,0,0,0,1659,-1535,0,0,166
1899.71,0,0,0,0,100,3732,1.51967,0.0128245,1.53226,42,0,28,29,32,0,-2,0,0,0,59,3135,4010,1700,175,35,493,29981,27711,110,0,64,4,5.3295e+06,0,0,0,0,1,2093,0,789,1716,3197,0,0,0,0,0,0,0,0,1659,-1643,0,0,166
1899.72,0,0,0,0,100,3732,1.51993,0.0128127,1.53202,42,0,28,29,32,0,-2,0,0,0,59,3135,4010,1700,175,35,493,29981,27711,110,0,64,4,5.3295e+06,0,0,0,0,1,0,2500,0,1651,3186,0,0,0,0,0,0,0,0,1659,-1430,0,0,166
1899.73,0,0,0,0,100,3773,1.52019,0.0128009,1.53179,42,0,28,29,32,0,-2,0,0,0,59,3165,4010,1741,175,35,493,29981,27711,110,0,64,4,5.51026e+06,0,0,0,0,1,2044,0,705,1668,3162,0,0,0,0,0,0,0,0,1659,-1562,0,0,166
1899.74,0,0,0,0,100,3802,1.52045,0.0127891,1.53155,42,0,28,29,32,0,-2,0,0,0,59,3165,4010,1776,175,35,493,29981,27711,110,0,64,4,5.62104e+06,0,0,0,0,1,0,2438,0,1740,3179,0,0,0,0,0,0,0,0,1659,-1442,0,0,166
1899.75,0,0,0,0,100,3784,1.52071,0.0127773,1.53131,42,0,28,29,32,0,-2,0,0,0,59,3165,4010,1785,175,35,493,29981,27711,110,0,64,4,5.64952e+06,0,0,0,0,1,0,0,2500,1781,3115,0,0,0,0,0,0,0,0,1659,-1597,0,0,166
1899.76,0,0,0,0,100,3784,1.52097,0.0127655,1.53108,42,0,28,29,32,0,-2,0,0,0,59,3165,4010,1785,175,35,493,29981,27711,110,0,64,4,5.64952e+06,0,0,0,0,1,0,0,2500,1781,3115,0,0,0,0,0,0,0,0,1659,-1597,0,0,166
1899.77,0,0,0,0,100,3747,1.52123,0.0127537,1.53084,42,0,28,29,32,0,-2,0,0,0,59,3142,4010,1716,175,35,493,29981,27711,110,0,64,4,5.39167e+06,0,0,0,0,1,997,1933,0,1730,3168,0,0,0,0,0,0,0,0,1659,-1622,0,0,166
1899.78,0,0,0,0,100,3742,1.52149,0.0127419,1.5306,42,0,28,29,32,0,-2,0,0,0,59,3142,4010,1677,175,35,493,29981,27711,110,0,64,4,5.26913e+06,0,0,0,0,1,0,0,2500,1651,3136,0,0,0,0,0,0,0,0,1659,-1431,0,0,166
1899.79,0,0,0,0,100,3782,1.52175,0.0127301,1.53037,42,0,28,29,32,0,-2,0,0,0,59,3151,4010,1697,175,35,493,29981,27711,110,0,64,4,5.34725e+06,0,0,0,0,1,1475,1248,0,1650,3171,0,0,0,0,0,0,0,0,1659,-1478,0,0,166
1899.8,0,0,0,0,100,3809,1.522,0.0127183,1.53013,42,0,28,29,33,0,-2,0,0,0,59,3151,4010,1697,175,35,493,29872,26956,109,0,87,4,5.34725e+06,0,0,0,0,1,0,802,2027,1746,3115,0,0,0,0,0,0,0,0,1659,-1643,0,0,166
1899.81,0,0,0,0,100,3802,1.52159,0.0127387,1.52992,42,0,28,29,33,0,-2,0,0,0,59,3151,4001,1793,175,35,493,29872,26956,109,0,87,4,5.64974e+06,0,0,0,0,1,2500,0,0,1779,3138,0,0,0,0,0,0,0,0,1659,-1519,0,0,166
1899.82,0,0,0,0,100,3802,1.52118,0.0127591,1.52971,42,0,28,29,33,0,-2,0,0,0,59,3144,4001,1782,175,35,493,29872,26956,109,0,87,4,5.60261e+06,0,0,0,0,1,2500,0,0,1779,3138,0,0,0,0,0,0,0,0,1659,-1519,0,0,166
1899.83,0,0,0,0,100,3763,1.52077,0.0127796,1.5295,42,0,28,29,33,0,-2,0,0,0,59,3144,4001,1724,175,35,493,29872,26956,109,0,87,4,5.42026e+06,0,0,0,0,1,0,2500,0,1746,3149,0,0,0,0,0,0,0,0,1659,-1554,0,0,166
1899.84,0,0,0,0,100,3745,1.52036,0.0128,1.52928,42,0,28,29,33,0,-2,0,0,0,59,3144,4001,1724,175,35,493,29872,26956,109,0,87,4,5.42026e+06,0,0,0,0,1,2348,0,309,1672,3235,0,0,0,0,0,0,0,0,1659,-1525,0,0,166
1899.85,0,0,0,0,100,3771,1.51994,0.0128204,1.52907,42,0,28,29,33,0,-2,0,0,0,59,3135,4001,1711,175,35,493,29872,26956,109,0,87,4,5.36398e+06,0,0,0,0,1,0,2500,0,1642,3177,0,0,0,0,0,0,0,0,1659,-1419,0,0,166
1899.86,0,0,0,0,100,3804,1.51953,0.0128409,1.52886,42,0,28,29,33,0,-2,0,0,0,59,3165,4001,1744,175,35,493,29872,26956,109,0,87,4,5.51976e+06,0,0,0,0,1,0,0,2357,1687,3171,0,0,0,0,0,0,0,0,1659,-1369,0,0,166
1899.87,0,0,0,0,100,3824,1.51912,0.0128613,1.52865,42,0,28,29,33,0,-2,0,0,0,59,3165,4001,1774,175,35,493,29872,26956,109,0,87,4,5.61471e+06,0,0,0,0,1,2500,0,0,1760,3074,0,0,0,0,0,0,0,0,1659,-1505,0,0,166
1899.88,0,0,0,0,100,3791,1.51871,0.0128817,1.52843,42,0,28,29,33,0,-2,0,0,0,59,3165,4001,1774,175,35,493,29872,26956,109,0,87,4,5.61471e+06,0,0,0,0,1,0,1970,859,1781,3125,0,0,0,0,0,0,0,0,1659,-1532,0,0,166
1899.89,0,0,0,0,100,3791,1.51829,0.0129022,1.52822,42,0,28,29,33,0,-2,0,0,0,59,3125,4001,1730,175,35,493,29872,26956,109,0,87,4,5.40625e+06,0,0,0,0,1,0,1970,859,1781,3125,0,0,0,0,0,0,0,0,1659,-1565,0,0,166
1899.9,0,0,0,0,100,3758,1.51788,0.0129226,1.52801,42,0,28,29,31,0,-2,0,0,0,59,3125,4001,1699,175,35,493,29688,27100,109,0,87,4,5.30938e+06,0,0,0,0,1,2500,0,0,1707,3240,0,0,0,0,0,0,0,0,1659,-1565,0,0,166
1899.91,0,0,0,0,100,3772,1.51818,0.01287,1.52819,42,0,28,29,31,0,-2,0,0,0,59,3125,4001,1687,175,35,493,29688,27100,109,0,87,4,5.27188e+06,0,0,0,0,1,0,2491,0,1651,3192,0,0,0,0,0,0,0,0,1659,-1431,0,0,166
1899.92,0,0,0,0,100,3813,1.51848,0.0128173,1.52837,42,0,28,29,31,0,-2,0,0,0,59,3125,4001,1687,175,35,493,29688,27100,109,0,87,4,5.27188e+06,0,0,0,0,1,591,0,1898,1683,3141,0,0,0,0,0,0,0,0,1659,-1426,0,0,166
1899.93,0,0,0,0,100,3832,1.51878,0.0127647,1.52855,42,0,28,29,31,0,-2,0,0,0,59,3156,4001,1786,175,35,493,29688,27100,109,0,87,4,5.63662e+06,0,0,0,0,1,1973,572,0,1751,3117,0,0,0,0,0,0,0,0,1659,-1464,0,0,166
1899.94,0,0,0,0,100,3811,1.51909,0.012712,1.52873,42,0,28,29,31,0,-2,0,0,0,59,3156,4001,1815,175,35,493,29688,27100,109,0,87,4,5.72814e+06,0,0,0,0,1,0,1509,1439,1784,3095,0,0,0,0,0,0,0,0,1659,-1503,0,0,166
1899.95,0,0,0,0,100,3811,1.51939,0.0126594,1.52891,42,0,28,29,31,0,-2,0,0,0,59,3156,4001,1783,175,35,493,29688,27100,109,0,87,4,5.62715e+06,0,0,0,0,1,0,1509,1439,1784,3095,0,0,0,0,0,0,0,0,1659,-1619,0,0,166
1899.96,0,0,0,0,100,3780,1.51969,0.0126067,1.52909,42,0,28,29,31,0,-2,0,0,0,59,3156,4001,1783,175,35,493,29688,27100,109,0,87,4,5.62715e+06,0,0,0,0,1,2500,0,0,1734,3244,0,0,0,0,0,0,0,0,1659,-1619,0,0,166
1899.97,0,0,0,0,100,3776,1.51999,0.0125541,1.52927,42,0,28,29,31,0,-2,0,0,0,59,3134,4002,1699,175,35,493,29688,27100,109,0,87,4,5.32467e+06,0,0,0,0,1,0,2500,0,1669,3175,0,0,0,0,0,0,0,0,1659,-1415,0,0,166
1899.98,0,0,0,0,100,3814,1.52029,0.0125014,1.52945,42,0,28,29,31,0,-2,0,0,0,59,3134,4002,1728,175,35,493,29688,27100,109,0,87,4,5.41555e+06,0,0,0,0,1,0,0,2287,1666,3119,0,0,0,0,0,0,0,0,1659,-1437,0,0,166
1899.99,0,0,0,0,100,3848,1.52059,0.0124488,1.52964,42,0,28,29,31,0,-2,0,0,0,59,3163,4002,1763,175,35,493,29688,27100,109,0,87,4,5.57637e+06,0,0,0,0,1,2500,0,0,1734,3080,0,0,0,0,0,0,0,0,1659,-1468,0,0,166
1900,0,0,0,0,100,3836,1.52089,0.0123961,1.52982,42,0,28,29,31,0,-2,0,0,0,59,3163,4002,1763,175,35,493,29693,27260,110,0,68,4,5.57637e+06,0,0,0,0,1,0,2500,0,1797,3121,0,0,0,0,0,0,0,0,1659,-1493,0,0,166
1900.01,0,0,0,0,100,3836,1.52109,0.0124199,1.52993,42,0,28,29,31,0,-2,0,0,0,59,3136,4002,1777,175,35,493,29693,27260,110,0,68,4,5.57267e+06,0,0,0,0,1,0,2500,0,1797,3117,0,0,0,0,0,0,0,0,1659,-1518,0,0,166
1900.02,0,0,0,0,100,3795,1.52128,0.0124437,1.53004,42,0,28,29,31,0,-2,0,0,0,59,3136,4003,1748,175,35,493,29693,27260,110,0,68,4,5.48173e+06,0,0,0,0,1,526,0,2152,1743,3117,0,0,0,0,0,0,0,0,1659,-1518,0,0,166
1900.03,0,0,0,0,100,3789,1.52148,0.0124675,1.53015,42,0,28,29,31,0,-2,0,0,0,59,3136,4003,1704,175,35,493,29693,27260,110,0,68,4,5.34374e+06,0,0,0,0,1,700,2072,0,1667,3186,0,0,0,0,0,0,0,0,1659,-1448,0,0,166
1900.04,0,0,0,0,100,3829,1.52167,0.0124913,1.53026,42,0,28,29,31,0,-2,0,0,0,59,3136,4003,1704,175,35,493,29693,27260,110,0,68,4,5.34374e+06,0,0,0,0,1,0,423,2154,1670,3145,0,0,0,0,0,0,0,0,1659,-1499,0,0,166
1900.05,0,0,0,0,100,3858,1.52187,0.012515,1.53037,42,0,28,29,31,0,-2,0,0,0,59,3147,4003,1769,175,35,493,29693,27260,110,0,68,4,5.56704e+06,0,0,0,0,1,0,0,2500,1726,3130,0,0,0,0,0,0,0,0,1659,-1428,0,0,166
1900.06,0,0,0,0,100,3863,1.52206,0.0125388,1.53048,42,0,28,29,31,0,-2,0,0,0,59,3147,4003,1803,175,35,493,29693,27260,110,0,68,4,5.67404e+06,0,0,0,0,1,2500,0,0,1779,3175,0,0,0,0,0,0,0,0,1659,-1467,0,0,166
1900.07,0,0,0,0,100,3831,1.52225,0.0125626,1.53059,42,0,28,29,31,0,-2,0,0,0,59,3147,4003,1803,175,35,493,29693,27260,110,0,68,4,5.67404e+06,0,0,0,0,1,0,2500,0,1770,3160,0,0,0,0,0,0,0,0,1659,-1467,0,0,166
1900.08,0,0,0,0,100,3801,1.52245,0.0125864,1.5307,42,0,28,29,31,0,-2,0,0,0,59,3147,4003,1803,175,35,493,29693,27260,110,0,68,4,5.67404e+06,0,0,0,0,1,0,0,2500,1709,3124,0,0,0,0,0,0,0,0,1659,-1484,0,0,166
1900.09,0,0,0,0,99,3801,1.52264,0.0126102,1.53081,42,0,28,29,31,0,-2,0,0,0,59,3145,4000,1695,175,35,493,29693,27260,110,0,68,4,5.33078e+06,0,0,0,0,1,0,0,2500,1709,3124,0,0,0,0,0,0,0,0,1659,-1484,0,0,166
1900.1,0,0,0,0,100,3815,1.52284,0.012634,1.53092,42,0,28,29,31,0,-2,0,0,0,59,3148,4000,1697,175,35,493,29707,27320,110,0,68,4,5.34216e+06,0,0,0,0,1,2368,0,0,1650,3136,0,0,0,0,0,0,0,0,1659,-1347,0,0,166
1900.11,0,0,0,0,100,3859,1.52255,0.0125949,1.53067,42,0,28,29,31,0,-2,0,0,0,59,3148,4000,1743,175,35,493,29707,27320,110,0,68,4,5.48696e+06,0,0,0,0,1,0,2500,0,1694,3145,0,0,0,0,0,0,0,0,1659,-1424,0,0,166
1900.12,0,0,0,0,100,3881,1.52226,0.0125557,1.53042,42,0,28,29,31,0,-2,0,0,0,59,3148,4000,1743,175,35,493,29707,27320,110,0,68,4,5.48696e+06,0,0,0,0,1,0,0,2500,1779,3125,0,0,0,0,0,0,0,0,1659,-1586,0,0,166
1900.13,0,0,0,0,100,3848,1.52197,0.0125166,1.53018,42,0,28,29,31,0,-2,0,0,0,59,3137,4000,1796,175,35,493,29707,27320,110,0,68,4,5.63405e+06,0,0,0,0,1,2500,0,271,1799,3134,0,0,0,0,0,0,0,0,1659,-1649,0,0,166
1900.14,0,0,0,0,100,3814,1.52167,0.0124774,1.52993,42,0,28,29,31,0,-2,0,0,0,59,3137,4000,1763,175,35,493,29707,27320,110,0,68,4,5.53053e+06,0,0,0,0,1,0,2500,0,1705,3186,0,0,0,0,0,0,0,0,1659,-1534,0,0,166
1900.15,0,0,0,0,99,3814,1.52138,0.0124383,1.52968,42,0,28,29,31,0,-2,0,0,0,59,3121,4000,1719,175,35,493,29707,27320,110,0,68,4,5.365e+06,0,0,0,0,1,0,2500,0,1705,3186,0,0,0,0,0,0,0,0,1659,-1534,0,0,166
1900.16,0,0,0,0,100,3824,1.52109,0.0123991,1.52944,42,0,28,29,31,0,-2,0,0,0,59,3121,4000,1719,175,35,493,29707,27320,110,0,68,4,5.365e+06,0,0,0,0,1,0,0,2500,1656,3166,0,0,0,0,0,0,0,0,1659,-1368,0,0,166
1900.17,0,0,0,0,100,3865,1.5208,0.01236,1.52919,42,0,28,29,31,0,-2,0,0,0,59,3121,4000,1741,175,35,493,29707,27320,110,0,68,4,5.43366e+06,0,0,0,0,1,2239,0,216,1692,3145,0,0,0,0,0,0,0,0,1659,-1485,0,0,166
1900.18,0,0,0,0,100,3885,1.52051,0.0123208,1.52894,42,0,28,29,31,0,-2,0,0,0,59,3121,4000,1778,175,35,493,29707,27320,110,0,68,4,5.54914e+06,0,0,0,0,1,2500,0,0,1756,3084,0,0,0,0,0,0,0,0,1659,-1397,0,0,166
1900.19,0,0,0,0,100,3865,1.52022,0.0122817,1.5287,42,0,28,29,31,0,-2,0,0,0,59,3154,4000,1822,175,35,493,29707,27320,110,0,68,4,5.74659e+06,0,0,0,0,1,0,2500,0,1786,3156,0,0,0,0,0,0,0,0,1659,-1528,0,0,166
1900.2,0,0,0,0,100,3836,1.51993,0.0122426,1.52845,42,0,28,29,31,0,-2,0,0,0,59,3154,4000,1822,175,35,493,29618,27188,109,0,65,4,5.74659e+06,0,0,0,0,1,0,0,2500,1731,3100,0,0,0,0,0,0,0,0,1659,-1512,0,0,166
1900.21,0,0,0,0,100,3836,1.51991,0.0122387,1.52865,42,0,28,29,31,0,-2,0,0,0,59,3117,4000,1706,175,35,493,29618,27188,109,0,65,4,5.3176e+06,0,0,0,0,1,0,0,2500,1731,3100,0,0,0,0,0,0,0,0,1659,-1512,0,0,166
1900.22,0,0,0,0,100,3830,1.5199,0.0122348,1.52885,42,0,28,29,31,0,-2,0,0,0,59,3140,4000,1706,175,35,493,29618,27188,109,0,65,4,5.35684e+06,0,0,0,0,1,2500,0,0,1671,3164,0,0,0,0,0,0,0,0,1659,-1376,0,0,166
1900.23,0,0,0,0,100,3865,1.51989,0.012231,1.52904,42,0,28,29,31,0,-2,0,0,0,59,3140,4000,1711,175,35,493,29618,27188,109,0,65,4,5.37254e+06,0,0,0,0,1,0,2447,0,1675,3182,0,0,0,0,0,0,0,0,1659,-1290,0,0,166
1900.24,0,0,0,0,100,3892,1.51987,0.0122271,1.52924,42,0,28,29,31,0,-2,0,0,0,59,3140,4000,1711,175,35,493,29618,27188,109,0,65,4,5.37254e+06,0,0,0,0,1,0,1226,1652,1753,3158,0,0,0,0,0,0,0,0,1659,-1566,0,0,166
1900.25,0,0,0,0,100,3877,1.51986,0.0122233,1.52944,42,0,28,29,31,0,-2,0,0,0,59,3140,4000,1813,175,35,493,29618,27188,109,0,65,4,5.69282e+06,0,0,0,0,1,0,0,2500,1792,3069,0,0,0,0,0,0,0,0,1659,-1486,0,0,166
1900.26,0,0,0,0,100,3844,1.51985,0.0122194,1.52964,42,0,28,29,31,0,-2,0,0,0,59,3130,4000,1792,175,35,493,29618,27188,109,0,65,4,5.60896e+06,0,0,0,0,1,2500,0,0,1734,3091,0,0,0,0,0,0,0,0,1659,-1470,0,0,166
1900.27,0,0,0,0,100,3844,1.51984,0.0122155,1.52983,42,0,28,29,31,0,-2,0,0,0,59,3130,4000,1748,175,35,493,29618,27188,109,0,65,4,5.47124e+06,0,0,0,0,1,2500,0,0,1734,3091,0,0,0,0,0,0,0,0,1659,-1470,0,0,166
1900.28,0,0,0,0,100,3842,1.51982,0.0122117,1.53003,42,0,28,29,31,0,-2,0,0,0,59,3130,4000,1748,175,35,493,29618,27188,109,0,65,4,5.47124e+06,0,0,0,0,1,0,2500,0,1680,3171,0,0,0,0,0,0,0,0,1659,-1413,0,0,166
1900.29,0,0,0,0,100,3878,1.51981,0.0122078,1.53023,42,0,28,29,31,0,-2,0,0,0,59,3128,4000,1720,175,35,493,29618,27188,109,0,65,4,5.38016e+06,0,0,0,0,1,0,0,2457,1697,3143,0,0,0,0,0,0,0,0,1659,-1325,0,0,166
1900.3,0,0,0,0,99,3901,1.5198,0.012204,1.53043,42,0,28,29,32,0,-2,0,0,0,59,3149,4000,1769,175,35,493,29664,26942,109,0,87,4,5.57058e+06,0,0,0,0,1,136,0,2302,1752,3098,0,0,0,0,0,0,0,0,1659,-1468,0,0,166
1900.31,0,0,0,0,100,3895,1.5199,0.0122203,1.5303,42,0,28,29,32,0,-2,0,0,0,59,3149,4000,1804,175,35,493,29664,26942,109,0,87,4,5.6808e+06,0,0,0,0,1,2500,0,0,1773,3076,0,0,0,0,0,0,0,0,1659,-1443,0,0,166
1900.32,0,0,0,0,100,3869,1.52001,0.0122366,1.53017,42,0,28,29,32,0,-2,0,0,0,59,3149,4000,1804,175,35,493,29664,26942,109,0,87,4,5.6808e+06,0,0,0,0,1,0,2500,0,1747,3168,0,0,0,0,0,0,0,0,1659,-1402,0,0,166
1900.33,0,0,0,0,100,3869,1.52012,0.012253,1.53004,42,0,28,29,32,0,-2,0,0,0,59,3114,4000,1747,175,35,493,29664,26942,109,0,87,4,5.44016e+06,0,0,0,0,1,0,2500,0,1747,3168,0,0,0,0,0,0,0,0,1659,-1402,0,0,166
1900.34,0,0,0,0,100,3860,1.52022,0.0122693,1.52991,42,0,28,29,32,0,-2,0,0,0,59,3114,4000,1706,175,35,493,29664,26942,109,0,87,4,5.31248e+06,0,0,0,0,1,0,437,2266,1701,3190,0,0,0,0,0,0,0,0,1659,-1446,0,0,166
1900.35,0,0,0,0,100,3885,1.52033,0.0122856,1.52978,42,0,28,29,32,0,-2,0,0,0,59,3139,4000,1705,175,35,493,29664,26942,109,0,87,4,5.352e+06,0,0,0,0,1,731,0,1803,1695,3147,0,0,0,0,0,0,0,0,1659,-1378,0,0,166
1900.36,0,0,0,0,100,3916,1.52044,0.012302,1.52965,42,0,28,29,32,0,-2,0,0,0,59,3139,4000,1705,175,35,493,29664,26942,109,0,87,4,5.352e+06,0,0,0,0,1,2500,0,0,1734,3194,0,0,0,0,0,0,0,0,1659,-1309,0,0,166
1900.37,0,0,0,0,100,3915,1.52054,0.0123183,1.52952,42,0,28,29,32,0,-2,0,0,0,59,3147,4000,1815,175,35,493,29664,26942,109,0,87,4,5.7118e+06,0,0,0,0,1,1989,654,0,1787,3098,0,0,0,0,0,0,0,0,1659,-1405,0,0,166
1900.38,0,0,0,0,100,3885,1.52065,0.0123347,1.52939,42,0,28,29,32,0,-2,0,0,0,59,3147,4000,1824,175,35,493,29664,26942,109,0,87,4,5.74013e+06,0,0,0,0,1,0,2500,0,1753,3160,0,0,0,0,0,0,0,0,1659,-1470,0,0,166
1900.39,0,0,0,0,100,3885,1.52076,0.012351,1.52926,42,0,28,29,32,0,-2,0,0,0,59,3147,3994,1789,175,35,493,29664,26942,109,0,87,4,5.62998e+06,0,0,0,0,1,0,2500,0,1753,3160,0,0,0,0,0,0,0,0,1659,-1470,0,0,166
1900.4,0,0,0,0,100,3881,1.52086,0.0123673,1.52913,42,0,28,29,31,0,-2,0,0,0,59,3147,3994,1789,175,35,493,29845,27450,109,0,87,4,5.62998e+06,0,0,0,0,1,0,0,2404,1715,3124,0,0,0,0,0,0,0,0,1659,-1406,0,0,166
1900.41,0,0,0,0,100,3902,1.52087,0.0123442,1.52903,42,0,28,29,31,0,-2,0,0,0,59,3112,3994,1705,175,35,493,29845,27450,109,0,87,4,5.30596e+06,0,0,0,0,1,695,0,1863,1702,3136,0,0,0,0,0,0,0,0,1659,-1373,0,0,166
1900.42,0,0,0,0,100,3925,1.52087,0.012321,1.52893,42,0,28,29,31,0,-2,0,0,0,59,3112,3994,1742,175,35,493,29845,27450,109,0,87,4,5.4211e+06,0,0,0,0,1,2479,0,0,1746,3216,0,0,0,0,0,0,0,0,1659,-1325,0,0,166
1900.43,0,0,0,0,100,3925,1.52088,0.0122978,1.52883,42,0,28,29,31,0,-2,0,0,0,59,3149,3994,1785,175,35,493,29845,27450,109,0,87,4,5.62096e+06,0,0,0,0,1,2464,0,0,1773,3078,0,0,0,0,0,0,0,0,1659,-1406,0,0,166
1900.44,0,0,0,0,100,3908,1.52088,0.0122746,1.52873,42,0,28,29,31,0,-2,0,0,0,59,3149,3994,1785,175,35,493,29845,27450,109,0,87,4,5.62096e+06,0,0,0,0,1,0,2500,0,1753,3166,0,0,0,0,0,0,0,0,1659,-1392,0,0,166
1900.45,0,0,0,0,100,3908,1.52089,0.0122515,1.52863,42,0,28,29,31,0,-2,0,0,0,59,3120,3994,1777,175,35,493,29845,27450,109,0,87,4,5.54424e+06,0,0,0,0,1,0,2500,0,1753,3166,0,0,0,0,0,0,0,0,1659,-1392,0,0,166
1900.46,0,0,0,0,100,3896,1.52089,0.0122283,1.52853,42,0,28,29,31,0,-2,0,0,0,59,3120,3994,1733,175,35,493,29845,27450,109,0,87,4,5.40696e+06,0,0,0,0,1,0,1671,1121,1724,3115,0,0,0,0,0,0,0,0,1659,-1464,0,0,166
1900.47,0,0,0,0,100,3912,1.5209,0.0122051,1.52843,42,0,28,29,31,0,-2,0,0,0,59,3120,3996,1710,175,35,493,29845,27450,109,0,87,4,5.3352e+06,0,0,0,0,1,0,0,2500,1699,3108,0,0,0,0,0,0,0,0,1659,-1345,0,0,166
1900.48,0,0,0,0,100,3937,1.5209,0.0121819,1.52833,42,0,28,29,31,0,-2,0,0,0,59,3120,3996,1710,175,35,493,29845,27450,109,0,87,4,5.3352e+06,0,0,0,0,1,437,0,2085,1739,3106,0,0,0,0,0,0,0,0,1659,-1385,0,0,166
1900.49,0,0,0,0,100,3937,1.52091,0.0121587,1.52823,42,0,28,29,31,0,-2,0,0,0,59,3142,3996,1797,175,35,493,29845,27450,109,0,87,4,5.64617e+06,0,0,0,0,1,2351,0,330,1781,3136,0,0,0,0,0,0,0,0,1659,-1489,0,0,166
1900.5,0,0,0,0,100,3914,1.52091,0.0121356,1.52813,42,0,28,29,32,0,-2,0,0,0,58,3124,3996,1811,175,35,493,29812,27221,109,0,87,4,5.65756e+06,0,0,0,0,1,2500,0,0,1751,3083,0,0,0,0,0,0,0,0,1659,-1414,0,0,166
1900.51,0,0,0,0,100,3914,1.52096,0.0121541,1.52824,42,0,28,29,32,0,-2,0,0,0,58,3124,3996,1805,175,35,493,29812,27221,109,0,87,4,5.63882e+06,0,0,0,0,1,2500,0,0,1751,3083,0,0,0,0,0,0,0,0,1659,-1414,0,0,166
1900.52,0,0,0,0,100,3907,1.52101,0.0121727,1.52835,42,0,28,29,32,0,-2,0,0,0,58,3124,3996,1805,175,35,493,29812,27221,109,0,87,4,5.63882e+06,0,0,0,0,1,27,2388,0,1710,3186,0,0,0,0,0,0,0,0,1659,-1369,0,0,166
1900.53,0,0,0,0,100,3928,1.52106,0.0121912,1.52845,42,0,28,29,32,0,-2,0,0,0,58,3118,3996,1716,175,35,493,29812,27221,109,0,87,4,5.35049e+06,0,0,0,0,1,0,2500,0,1708,3149,0,0,0,0,0,0,0,0,1659,-1371,0,0,166
1900.54,0,0,0,0,100,3942,1.52111,0.0122097,1.52856,42,0,28,29,32,0,-2,0,0,0,58,3118,3996,1727,175,35,493,29812,27221,109,0,87,4,5.38479e+06,0,0,0,0,1,0,1044,1806,1754,3147,0,0,0,0,0,0,0,0,1659,-1526,0,0,166
1900.55,0,0,0,0,100,3939,1.52116,0.0122283,1.52866,42,0,28,29,32,0,-2,0,0,0,58,3118,3996,1770,175,35,493,29812,27221,109,0,87,4,5.51886e+06,0,0,0,0,1,0,65,2398,1770,3179,0,0,0,0,0,0,0,0,1659,-1542,0,0,166
1900.56,0,0,0,0,100,3924,1.52121,0.0122468,1.52877,42,0,28,29,32,0,-2,0,0,0,58,3118,3996,1770,175,35,493,29812,27221,109,0,87,4,5.51886e+06,0,0,0,0,1,667,0,1998,1742,3115,0,0,0,0,0,0,0,0,1659,-1435,0,0,166
1900.57,0,0,0,0,100,3924,1.52126,0.0122654,1.52887,42,0,28,29,32,0,-2,0,0,0,58,3138,3996,1792,175,35,493,29812,27221,109,0,87,4,5.6233e+06,0,0,0,0,1,667,0,1998,1742,3115,0,0,0,0,0,0,0,0,1659,-1435,0,0,166
1900.58,0,0,0,0,100,3919,1.52131,0.0122839,1.52898,42,0,28,29,32,0,-2,0,0,0,58,3138,3996,1754,175,35,493,29812,27221,109,0,87,4,5.50405e+06,0,0,0,0,1,2500,0,0,1715,3208,0,0,0,0,0,0,0,0,1659,-1335,0,0,166
1900.59,0,0,0,0,100,3934,1.52136,0.0123025,1.52908,42,0,28,29,32,0,-2,0,0,0,58,3111,3996,1721,175,35,493,29812,27221,109,0,87,4,5.35403e+06,0,0,0,0,1,2353,0,0,1702,3112,0,0,0,0,0,0,0,0,1659,-1307,0,0,166
1900.6,0,0,0,0,100,3953,1.52141,0.012321,1.52919,42,0,28,29,32,0,-2,0,0,0,59,3111,3996,1721,175,35,493,29592,26707,109,0,87,4,5.35403e+06,0,0,0,0,1,1065,1770,0,1737,3136,0,0,0,0,0,0,0,0,1659,-1469,0,0,166
1900.61,0,0,0,0,100,3952,1.52119,0.0122907,1.52894,42,0,28,29,32,0,-2,0,0,0,59,3145,3996,1793,175,35,493,29592,26707,109,0,87,4,5.63898e+06,0,0,0,0,1,0,2500,0,1777,3171,0,0,0,0,0,0,0,0,1659,-1383,0,0,166
1900.62,0,0,0,0,100,3932,1.52097,0.0122604,1.5287,42,0,28,29,32,0,-2,0,0,0,59,3145,3996,1818,175,35,493,29592,26707,109,0,87,4,5.71761e+06,0,0,0,0,1,0,2500,0,1746,3143,0,0,0,0,0,0,0,0,1659,-1396,0,0,166
1900.63,0,0,0,0,100,3932,1.52075,0.0122301,1.52845,42,0,28,29,32,0,-2,0,0,0,59,3145,3996,1810,175,35,493,29592,26707,109,0,87,4,5.69245e+06,0,0,0,0,1,0,2500,0,1746,3143,0,0,0,0,0,0,0,0,1659,-1396,0,0,166
1900.64,0,0,0,0,100,3933,1.52053,0.0121998,1.5282,42,0,28,29,32,0,-2,0,0,0,59,3145,3996,1810,175,35,493,29592,26707,109,0,87,4,5.69245e+06,0,0,0,0,1,0,712,2068,1720,3166,0,0,0,0,0,0,0,0,1659,-1440,0,0,166
1900.65,0,0,0,0,100,3951,1.52031,0.0121695,1.52796,42,0,28,29,32,0,-2,0,0,0,59,3114,3996,1735,175,35,493,29592,26707,109,0,87,4,5.40279e+06,0,0,0,0,1,0,0,2500,1724,3124,0,0,0,0,0,0,0,0,1659,-1325,0,0,166
1900.66,0,0,0,0,100,3962,1.52009,0.0121392,1.52771,42,0,28,29,32,0,-2,0,0,0,59,3132,3996,1741,175,35,493,29592,26707,109,0,87,4,5.45281e+06,0,0,0,0,1,0,0,2500,1757,3076,0,0,0,0,0,0,0,0,1659,-1362,0,0,166
1900.67,0,0,0,0,100,3958,1.51987,0.0121088,1.52746,42,0,28,29,32,0,-2,0,0,0,59,3132,3996,1760,175,35,493,29592,26707,109,0,87,4,5.51232e+06,0,0,0,0,1,749,0,1920,1765,3108,0,0,0,0,0,0,0,0,1659,-1412,0,0,166
1900.68,0,0,0,0,100,3950,1.51965,0.0120785,1.52721,42,0,28,29,32,0,-2,0,0,0,59,3132,3996,1760,175,35,493,29592,26707,109,0,87,4,5.51232e+06,0,0,0,0,1,2245,0,1275,1742,3199,0,0,0,0,0,0,0,0,1659,-1483,0,0,166
1900.69,0,0,0,0,100,3950,1.51943,0.0120482,1.52697,42,0,28,29,32,0,-2,0,0,0,59,3133,3994,1805,175,35,493,29592,26707,109,0,87,4,5.65506e+06,0,0,0,0,1,2245,0,1275,1742,3199,0,0,0,0,0,0,0,0,1659,-1483,0,0,166
1900.7,0,0,0,0,100,3953,1.51921,0.0120179,1.52672,42,0,28,29,32,0,-2,0,0,0,59,3133,3994,1775,175,35,493,29654,27342,109,0,65,4,5.56108e+06,0,0,0,0,1,2427,0,0,1735,3212,0,0,0,0,0,0,0,0,1659,-1341,0,0,166
1900.71,0,0,0,0,100,3969,1.51929,0.0120195,1.52689,42,0,28,29,32,0,-2,0,0,0,59,3133,3994,1753,175,35,493,29654,27342,109,0,65,4,5.49215e+06,0,0,0,0,1,2500,0,0,1732,3160,0,0,0,0,0,0,0,0,1659,-1334,0,0,166
1900.72,0,0,0,0,100,3982,1.51937,0.012021,1.52706,42,0,28,29,32,0,-2,0,0,0,59,3133,3994,1753,175,35,493,29654,27342,109,0,65,4,5.49215e+06,0,0,0,0,1,2500,0,0,1761,3063,0,0,0,0,0,0,0,0,1659,-1338,0,0,166
1900.73,0,0,0,0,100,3976,1.51945,0.0120226,1.52723,42,0,28,29,32,0,-2,0,0,0,59,3132,3994,1788,175,35,493,29654,27342,109,0,65,4,5.60002e+06,0,0,0,0,1,2500,0,0,1757,3065,0,0,0,0,0,0,0,0,1659,-1381,0,0,166
1900.74,0,0,0,0,100,3963,1.51953,0.0120242,1.5274,42,0,28,29,32,0,-2,0,0,0,59,3132,3994,1804,175,35,493,29654,27342,109,0,65,4,5.65013e+06,0,0,0,0,1,1638,1081,0,1734,3130,0,0,0,0,0,0,0,0,1659,-1385,0,0,166
1900.75,0,0,0,0,100,3963,1.51961,0.0120257,1.52757,42,0,28,29,32,0,-2,0,0,0,59,3119,3994,1810,175,35,493,29654,27342,109,0,65,4,5.64539e+06,0,0,0,0,1,1638,1081,0,1734,3130,0,0,0,0,0,0,0,0,1659,-1385,0,0,166
1900.76,0,0,0,0,100,3970,1.51969,0.0120273,1.52774,42,0,28,29,32,0,-2,0,0,0,59,3119,3994,1810,175,35,493,29654,27342,109,0,65,4,5.64539e+06,0,0,0,0,1,716,2031,0,1718,3147,0,0,0,0,0,0,0,0,1659,-1433,0,0,166
1900.77,0,0,0,0,100,3995,1.51977,0.0120288,1.52791,42,0,28,29,32,0,-2,0,0,0,59,3119,3998,1747,175,35,493,29654,27342,109,0,65,4,5.44889e+06,0,0,0,0,1,522,2107,0,1733,3125,0,0,0,0,0,0,0,0,1659,-1383,0,0,166
1900.78,0,0,0,0,100,3998,1.51985,0.0120304,1.52808,42,0,28,29,32,0,-2,0,0,0,59,3119,3998,1747,175,35,493,29654,27342,109,0,65,4,5.44889e+06,0,0,0,0,1,513,2181,0,1765,3127,0,0,0,0,0,0,0,0,1659,-1424,0,0,166
1900.79,0,0,0,0,100,3985,1.51993,0.012032,1.52825,42,0,28,29,32,0,-2,0,0,0,59,3124,3998,1761,175,35,493,29654,27342,109,0,65,4,5.50136e+06,0,0,0,0,1,63,2417,0,1758,3168,0,0,0,0,0,0,0,0,1659,-1386,0,0,166
1900.8,0,0,0,0,100,3975,1.52001,0.0120335,1.52841,42,0,28,29,36,0,-2,0,0,0,59,3124,3998,1761,175,35,493,29657,26987,109,0,87,4,5.50136e+06,0,0,0,0,1,169,2347,0,1730,3166,0,0,0,0,0,0,0,0,1659,-1375,0,0,166
1900.81,0,0,0,0,99,3975,1.5201,0.0120271,1.52843,42,0,28,29,36,0,-2,0,0,0,59,3119,3998,1803,175,35,493,29657,26987,109,0,87,4,5.62356e+06,0,0,0,0,1,169,2347,0,1730,3166,0,0,0,0,0,0,0,0,1659,-1375,0,0,166
1900.82,0,0,0,0,100,3984,1.52019,0.0120207,1.52844,42,0,28,29,36,0,-2,0,0,0,59,3119,3998,1769,175,35,493,29657,26987,109,0,87,4,5.51751e+06,0,0,0,0,1,0,2500,0,1716,3168,0,0,0,0,0,0,0,0,1659,-1366,0,0,166
1900.83,0,0,0,0,100,4001,1.52028,0.0120142,1.52845,42,0,28,29,36,0,-2,0,0,0,59,3110,3998,1757,175,35,493,29657,26987,109,0,87,4,5.46427e+06,0,0,0,0,1,0,2500,0,1733,3156,0,0,0,0,0,0,0,0,1659,-1371,0,0,166
1900.84,0,0,0,0,100,4008,1.52037,0.0120078,1.52846,42,0,28,29,36,0,-2,0,0,0,59,3110,3998,1757,175,35,493,29657,26987,109,0,87,4,5.46427e+06,0,0,0,0,1,0,2500,0,1762,3153,0,0,0,0,0,0,0,0,1659,-1362,0,0,166
1900.85,0,0,0,0,100,3995,1.52046,0.0120014,1.52847,42,0,28,29,36,0,-2,0,0,0,59,3110,4000,1783,175,35,493,29657,26987,109,0,87,4,5.54513e+06,0,0,0,0,1,0,2500,0,1766,3149,0,0,0,0,0,0,0,0,1659,-1430,0,0,166
1900.86,0,0,0,0,100,3979,1.52054,0.011995,1.52848,42,0,28,29,36,0,-2,0,0,0,59,3134,4000,1791,175,35,493,29657,26987,109,0,87,4,5.61299e+06,0,0,0,0,1,0,2500,0,1724,3151,0,0,0,0,0,0,0,0,1659,-1385,0,0,166
1900.87,0,0,0,0,100,3979,1.52063,0.0119886,1.52849,42,0,28,29,36,0,-2,0,0,0,59,3134,4000,1798,175,35,493,29657,26987,109,0,87,4,5.63493e+06,0,0,0,0,1,0,2500,0,1724,3151,0,0,0,0,0,0,0,0,1659,-1385,0,0,166
1900.88,0,0,0,0,100,3993,1.52072,0.0119821,1.5285,42,0,28,29,36,0,-2,0,0,0,59,3134,4000,1798,175,35,493,29657,26987,109,0,87,4,5.63493e+06,0,0,0,0,1,0,2500,0,1708,3149,0,0,0,0,0,0,0,0,1659,-1357,0,0,166
1900.89,0,0,0,0,100,4014,1.52081,0.0119757,1.52851,42,0,28,29,36,0,-2,0,0,0,59,3110,4000,1758,175,35,493,29657,26987,109,0,87,4,5.46738e+06,0,0,0,0,1,0,2500,0,1734,3145,0,0,0,0,0,0,0,0,1659,-1366,0,0,166
1900.9,0,0,0,0,100,4013,1.5209,0.0119693,1.52852,42,0,28,29,32,0,-2,0,0,0,59,3124,4000,1749,175,35,493,29537,26631,110,0,65,4,5.46388e+06,0,0,0,0,1,0,2500,0,1764,3147,0,0,0,0,0,0,0,0,1659,-1386,0,0,166
1900.91,0,0,0,0,100,3995,1.52057,0.0119839,1.5283,42,0,28,29,32,0,-2,0,0,0,59,3124,4000,1778,175,35,493,29537,26631,110,0,65,4,5.55447e+06,0,0,0,0,1,0,2500,0,1749,3160,0,0,0,0,0,0,0,0,1659,-1419,0,0,166
1900.92,0,0,0,0,100,3989,1.52025,0.0119985,1.52808,42,0,28,29,32,0,-2,0,0,0,59,3124,4000,1778,175,35,493,29537,26631,110,0,65,4,5.55447e+06,0,0,0,0,1,0,2500,0,1716,3166,0,0,0,0,0,0,0,0,1659,-1367,0,0,166
1900.93,0,0,0,0,100,3989,1.51992,0.0120131,1.52787,42,0,28,29,32,0,-2,0,0,0,59,3111,4000,1804,175,35,493,29537,26631,110,0,65,4,5.61224e+06,0,0,0,0,1,0,2500,0,1716,3166,0,0,0,0,0,0,0,0,1659,-1367,0,0,166
1900.94,0,0,0,0,100,4002,1.51959,0.0120277,1.52765,42,0,28,29,32,0,-2,0,0,0,59,3111,4000,1770,175,35,493,29537,26631,110,0,65,4,5.50647e+06,0,0,0,0,1,0,2500,0,1717,3156,0,0,0,0,0,0,0,0,1659,-1361,0,0,166
1900.95,0,0,0,0,100,4024,1.51926,0.0120423,1.52743,42,0,28,29,32,0,-2,0,0,0,59,3111,4000,1755,175,35,493,29537,26631,110,0,65,4,5.4598e+06,0,0,0,0,1,0,2500,0,1732,3160,0,0,0,0,0,0,0,0,1659,-1312,0,0,166
1900.96,0,0,0,0,100,4026,1.51894,0.0120569,1.52721,42,0,28,29,32,0,-2,0,0,0,59,3111,4000,1755,175,35,493,29537,26631,110,0,65,4,5.4598e+06,0,0,0,0,1,0,2427,0,1768,3171,0,0,0,0,0,0,0,0,1659,-1346,0,0,166
1900.97,0,0,0,0,100,4005,1.51861,0.0120716,1.527,42,0,28,29,32,0,-2,0,0,0,59,3127,4000,1798,175,35,493,29537,26631,110,0,65,4,5.62235e+06,0,0,0,0,1,156,2376,0,1754,3173,0,0,0,0,0,0,0,0,1659,-1393,0,0,166
1900.98,0,0,0,0,100,3996,1.51828,0.0120862,1.52678,42,0,28,29,32,0,-2,0,0,0,59,3127,4000,1800,175,35,493,29537,26631,110,0,65,4,5.6286e+06,0,0,0,0,1,40,2339,0,1710,3184,0,0,0,0,0,0,0,0,1659,-1311,0,0,166
1900.99,0,0,0,0,100,3996,1.51796,0.0121008,1.52656,42,0,28,29,32,0,-2,0,0,0,59,3127,4000,1793,175,35,493,29537,26631,110,0,65,4,5.60671e+06,0,0,0,0,1,40,2339,0,1710,3184,0,0,0,0,0,0,0,0,1659,-1311,0,0,166
1901,0,0,0,0,100,4016,1.51763,0.0121154,1.52634,42,0,28,29,32,0,-2,0,0,0,59,3127,4000,1793,175,35,493,29672,26969,109,0,65,4,5.60671e+06,0,0,0,0,1,454,2109,0,1697,3162,0,0,0,0,0,0,0,0,1659,-1332,0,0,166
1901.01,0,0,0,0,100,4045,1.51777,0.0120961,1.52623,42,0,28,29,32,0,-2,0,0,0,59,3110,4000,1769,175,35,493,29672,26969,109,0,65,4,5.50159e+06,0,0,0,0,1,1735,956,0,1740,3124,0,0,0,0,0,0,0,0,1659,-1368,0,0,166
1901.02,0,0,0,0,100,4039,1.51792,0.0120768,1.52611,42,0,28,29,32,0,-2,0,0,0,59,3110,4000,1780,175,35,493,29672,26969,109,0,65,4,5.5358e+06,0,0,0,0,1,2500,0,0,1770,3069,0,0,0,0,0,0,0,0,1659,-1399,0,0,166
1901.03,0,0,0,0,100,4021,1.51806,0.0120576,1.52599,42,0,28,29,32,0,-2,0,0,0,59,3121,4000,1787,175,35,493,29672,26969,109,0,65,4,5.57723e+06,0,0,0,0,1,2500,0,0,1739,3127,0,0,0,0,0,0,0,0,1659,-1336,0,0,166
1901.04,0,0,0,0,100,4015,1.5182,0.0120383,1.52588,42,0,28,29,32,0,-2,0,0,0,59,3121,4000,1787,175,35,493,29672,26969,109,0,65,4,5.57723e+06,0,0,0,0,1,2500,0,0,1704,3179,0,0,0,0,0,0,0,0,1659,-1265,0,0,166
1901.05,0,0,0,0,100,4015,1.51835,0.012019,1.52576,42,0,28,29,32,0,-2,0,0,0,59,3109,4000,1787,175,35,493,29672,26969,109,0,65,4,5.55578e+06,0,0,0,0,1,2500,0,0,1704,3179,0,0,0,0,0,0,0,0,1659,-1265,0,0,166
1901.06,0,0,0,0,100,4033,1.51849,0.0119998,1.52565,42,0,28,29,32,0,-2,0,0,0,59,3109,4000,1770,175,35,493,29672,26969,109,0,65,4,5.50293e+06,0,0,0,0,1,1849,0,878,1706,3156,0,0,0,0,0,0,0,0,1659,-1352,0,0,166
1901.07,0,0,0,0,100,4055,1.51863,0.0119805,1.52553,42,0,28,29,32,0,-2,0,0,0,59,3109,4000,1757,175,35,493,29672,26969,109,0,65,4,5.46251e+06,0,0,0,0,1,1012,0,1634,1735,3168,0,0,0,0,0,0,0,0,1659,-1387,0,0,166
1901.08,0,0,0,0,99,4057,1.51878,0.0119612,1.52541,42,0,28,29,32,0,-2,0,0,0,59,3109,4000,1757,175,35,493,29672,26969,109,0,65,4,5.46251e+06,0,0,0,0,1,0,0,2500,1760,3095,0,0,0,0,0,0,0,0,1659,-1386,0,0,166
1901.09,0,0,0,0,99,4036,1.51892,0.011942,1.5253,42,0,28,29,32,0,-2,0,0,0,59,3122,3999,1799,175,35,493,29672,26969,109,0,65,4,5.61648e+06,0,0,0,0,1,0,0,2500,1746,3106,0,0,0,0,0,0,0,0,1659,-1329,0,0,166
1901.1,0,0,0,0,100,4027,1.51906,0.0119227,1.52518,42,0,28,29,33,0,-2,0,0,0,60,3122,3999,1796,175,35,493,29541,26940,109,0,87,4,5.60711e+06,0,0,0,0,1,0,548,2115,1700,3175,0,0,0,0,0,0,0,0,1659,-1362,0,0,166
1901.11,0,0,0,0,100,4027,1.51878,0.0119127,1.52514,42,0,28,29,33,0,-2,0,0,0,60,3122,3999,1793,175,35,493,29541,26940,109,0,87,4,5.59775e+06,0,0,0,0,1,0,548,2115,1700,3175,0,0,0,0,0,0,0,0,1659,-1362,0,0,166
1901.12,0,0,0,0,100,4049,1.5185,0.0119027,1.5251,42,0,28,29,33,0,-2,0,0,0,60,3122,3999,1793,175,35,493,29541,26940,109,0,87,4,5.59775e+06,0,0,0,0,1,0,1816,728,1697,3124,0,0,0,0,0,0,0,0,1659,-1320,0,0,166
1901.13,0,0,0,0,99,4069,1.51821,0.0118927,1.52506,42,0,28,29,33,0,-2,0,0,0,60,3109,3999,1763,175,35,493,29541,26940,109,0,87,4,5.48117e+06,0,0,0,0,1,0,2500,0,1736,3160,0,0,0,0,0,0,0,0,1659,-1322,0,0,166
1901.14,0,0,0,0,99,4064,1.51793,0.0118827,1.52502,42,0,28,29,33,0,-2,0,0,0,60,3109,3998,1776,175,35,493,29541,26940,109,0,87,4,5.52158e+06,0,0,0,0,1,993,1796,0,1749,3143,0,0,0,0,0,0,0,0,1659,-1426,0,0,166
1901.15,0,0,0,0,100,4045,1.51765,0.0118728,1.52497,42,0,28,29,33,0,-2,0,0,0,60,3109,3998,1791,175,35,493,29541,26940,109,0,87,4,5.56822e+06,0,0,0,0,1,2294,158,0,1728,3115,0,0,0,0,0,0,0,0,1659,-1339,0,0,166
1901.16,0,0,0,0,100,4046,1.51736,0.0118628,1.52493,42,0,28,29,33,0,-2,0,0,0,60,3109,3998,1791,175,35,493,29541,26940,109,0,87,4,5.56822e+06,0,0,0,0,1,2500,0,0,1699,3141,0,0,0,0,0,0,0,0,1659,-1256,0,0,166
1901.17,0,0,0,0,100,4046,1.51708,0.0118528,1.52489,42,0,28,29,33,0,-2,0,0,0,60,3116,3998,1768,175,35,493,29541,26940,109,0,87,4,5.50909e+06,0,0,0,0,1,2500,0,0,1699,3141,0,0,0,0,0,0,0,0,1659,-1256,0,0,166
1901.18,0,0,0,0,100,4059,1.5168,0.0118428,1.52485,42,0,28,29,33,0,-2,0,0,0,60,3116,3998,1761,175,35,493,29541,26940,109,0,87,4,5.48728e+06,0,0,0,0,1,2149,0,447,1708,3158,0,0,0,0,0,0,0,0,1659,-1387,0,0,166
1901.19,0,0,0,0,100,4077,1.51651,0.0118328,1.52481,42,0,28,29,33,0,-2,0,0,0,60,3108,3998,1749,175,35,493,29541,26940,109,0,87,4,5.43589e+06,0,0,0,0,1,0,0,2490,1734,3106,0,0,0,0,0,0,0,0,1659,-1370,0,0,166
1901.2,0,0,0,0,99,4072,1.51623,0.0118228,1.52476,42,0,28,29,32,0,-2,0,0,0,60,3108,3998,1749,175,35,493,29466,26900,109,0,87,4,5.43589e+06,0,0,0,0,1,0,780,1979,1758,3143,0,0,0,0,0,0,0,0,1659,-1481,0,0,166
1901.21,0,0,0,0,99,4054,1.51652,0.0118215,1.52495,42,0,28,29,32,0,-2,0,0,0.1,60,3124,3998,1799,175,35,493,29466,26900,109,0,87,4,5.62008e+06,0,0,0,0,1,0,2329,25,1727,3141,0,0,0,0,0,0,0,0,1659,-1335,0,0,166
1901.22,0,0,0,0,100,4053,1.51682,0.0118201,1.52514,42,0,28,29,32,0,-2,0,0,0.2,60,3124,3998,1791,175,35,493,29466,26900,109,0,87,4,5.59508e+06,0,0,0,0,1,0,2500,0,1699,3166,0,0,0,0,0,0,0,0,1659,-1318,0,0,166
1901.23,0,0,0,0,99,4053,1.51711,0.0118187,1.52532,42,0,28,29,32,0,-2,0,0,0.3,60,3124,3992,1766,175,35,493,29466,26900,109,0,87,4,5.51698e+06,0,0,0,0,1,0,2500,0,1699,3166,0,0,0,0,0,0,0,0,1659,-1318,0,0,166
1901.24,0,0,0,0,99,4074,1.51741,0.0118174,1.52551,42,0,28,29,32,0,-2,0,0,0.4,60,3124,3992,1766,175,35,493,29466,26900,109,0,87,4,5.51698e+06,0,0,0,0,1,1118,1548,0,1696,3164,0,0,0,0,0,0,0,0,1659,-1342,0,0,166
1901.25,0,0,0,0,100,4085,1.51771,0.011816,1.5257,42,0,28,29,32,0,-2,0,0,0.5,60,3112,3992,1763,175,35,493,29466,26900,109,0,87,4,5.48646e+06,0,0,0,0,1,2500,0,0,1734,3125,0,0,0,0,0,0,0,0,1659,-1279,0,0,166
1901.26,0,0,0,0,100,4077,1.518,0.0118146,1.52589,42,0,28,29,32,0,-2,0,0,0.6,60,3112,3992,1774,175,35,493,29466,26900,109,0,87,4,5.52069e+06,0,0,0,0,1,1683,0,1101,1741,3175,0,0,0,0,0,0,0,0,1659,-1440,0,0,166
1901.27,0,0,0,0,100,4067,1.5183,0.0118132,1.52607,42,0,28,29,32,0,-2,0,0,0.7,60,3125,3992,1793,175,35,493,29466,26900,109,0,87,4,5.60312e+06,0,0,0,0,1,0,0,2500,1716,3112,0,0,0,0,0,0,0,0,1659,-1338,0,0,166
1901.28,0,0,0,0,100,4069,1.51859,0.0118119,1.52626,42,0,28,29,32,0,-2,0,0,0.8,60,3125,3992,1793,175,35,493,29466,26900,109,0,87,4,5.60312e+06,0,0,0,0,1,0,323,2176,1705,3186,0,0,0,0,0,0,0,0,1659,-1298,0,0,166
1901.29,0,0,0,0,100,4069,1.51889,0.0118105,1.52645,42,0,28,29,32,0,-2,0,0,0.9,60,3106,3992,1755,175,35,493,29466,26900,109,0,87,4,5.45103e+06,0,0,0,0,1,0,323,2176,1705,3186,0,0,0,0,0,0,0,0,1659,-1298,0,0,166
1901.3,0,0,0,0,100,4082,1.51918,0.0118091,1.52663,42,0,28,29,34,0,-2,0,0,1,59,3106,3992,1742,175,35,493,29475,26669,109,0,87,4,5.41065e+06,0,0,0,0,1,0,2474,0,1711,3143,0,0,0,0,0,0,0,0,1659,-1298,0,0,166
1901.31,0,0,0,0,100,4093,1.51896,0.0118039,1.52621,42,0,28,29,34,0,-2,0,0,0.9,59,3106,3992,1737,175,35,493,29475,26669,109,0,87,4,5.39512e+06,0,0,0,0,1,1335,1378,0,1718,3141,0,0,0,0,0,0,0,0,1659,-1271,0,0,166
1901.32,0,0,0,0,100,4092,1.51873,0.0117987,1.52578,42,0,28,29,34,0,-2,0,0,0.8,59,3106,3992,1737,175,35,493,29475,26669,109,0,87,4,5.39512e+06,0,0,0,0,1,2500,0,0,1735,3065,0,0,0,0,0,0,0,0,1659,-1343,0,0,166
1901.33,0,0,0,0,100,4081,1.51851,0.0117935,1.52535,42,0,28,29,34,0,-2,0,0,0.7,59,3126,3992,1804,175,35,493,29475,26669,109,0,87,4,5.6393e+06,0,0,0,0,1,2005,0,746,1721,3147,0,0,0,0,0,0,0,0,1659,-1421,0,0,166
1901.34,0,0,0,0,100,4090,1.51828,0.0117883,1.52493,42,0,28,29,34,0,-2,0,0,0.6,59,3114,3992,1794,175,35,493,29475,26669,109,0,87,4,5.58652e+06,0,0,0,0,1,0,0,2500,1701,3108,0,0,0,0,0,0,0,0,1659,-1328,0,0,166
1901.35,0,0,0,0,100,4090,1.51805,0.0117831,1.5245,42,0,28,29,34,0,-2,0,0,0.5,59,3114,3992,1766,175,35,493,29475,26669,109,0,87,4,5.49932e+06,0,0,0,0,1,0,0,2500,1701,3108,0,0,0,0,0,0,0,0,1659,-1328,0,0,166
1901.36,0,0,0,0,100,4102,1.51783,0.0117779,1.52407,42,0,28,29,34,0,-2,0,0,0.4,59,3114,3992,1766,175,35,493,29475,26669,109,0,87,4,5.49932e+06,0,0,0,0,1,0,1394,1285,1721,3078,0,0,0,0,0,0,0,0,1659,-1411,0,0,166
1901.37,0,0,0,0,100,4103,1.5176,0.0117727,1.52365,42,0,28,29,34,0,-2,0,0,0.3,59,3110,3992,1750,175,35,493,29475,26669,109,0,87,4,5.4425e+06,0,0,0,0,1,0,2470,0,1735,3158,0,0,0,0,0,0,0,0,1659,-1267,0,0,166
1901.38,0,0,0,0,100,4098,1.51738,0.0117675,1.52322,42,0,28,29,34,0,-2,0,0,0.2,59,3110,3992,1778,175,35,493,29475,26669,109,0,87,4,5.52958e+06,0,0,0,0,1,2298,0,0,1722,3110,0,0,0,0,0,0,0,0,1659,-1281,0,0,166
1901.39,0,0,0,0,100,4103,1.51715,0.0117623,1.5228,42,0,28,29,34,0,-2,0,0,0.1,59,3110,3992,1788,175,35,493,29475,26669,109,0,87,4,5.56068e+06,0,0,0,0,1,2072,0,596,1708,3143,0,0,0,0,0,0,0,0,1659,-1373,0,0,166
1901.4,0,0,0,0,100,4110,1.51693,0.0117571,1.52237,42,0,28,29,32,0,-2,0,0,0,60,3110,3992,1788,175,35,493,29485,26855,109,0,68,4,5.56068e+06,0,0,0,0,1,0,0,2500,1716,3078,0,0,0,0,0,0,0,0,1659,-1294,0,0,166
1901.41,0,0,0,0,100,4110,1.51681,0.0117611,1.52248,42,0,28,29,32,0,-2,0,0,0,60,3108,3992,1753,175,35,493,29485,26855,109,0,68,4,5.44832e+06,0,0,0,0,1,0,0,2500,1716,3078,0,0,0,0,0,0,0,0,1659,-1294,0,0,166
1901.42,0,0,0,0,100,4114,1.51669,0.0117651,1.5226,42,0,28,29,32,0,-2,0,0,0,60,3108,3992,1730,175,35,493,29485,26855,109,0,68,4,5.37684e+06,0,0,0,0,1,0,2218,183,1720,3130,0,0,0,0,0,0,0,0,1659,-1288,0,0,166
1901.43,0,0,0,0,100,4113,1.51658,0.0117691,1.52272,42,0,28,29,32,0,-2,0,0,0,60,3126,3992,1739,175,35,493,29485,26855,109,0,68,4,5.43611e+06,0,0,0,0,1,760,1948,0,1727,3158,0,0,0,0,0,0,0,0,1659,-1387,0,0,166
1901.44,0,0,0,0,100,4108,1.51646,0.0117731,1.52283,42,0,28,29,32,0,-2,0,0,0,60,3126,3992,1739,175,35,493,29485,26855,109,0,68,4,5.43611e+06,0,0,0,0,1,2500,0,0,1719,3166,0,0,0,0,0,0,0,0,1659,-1280,0,0,166
1901.45,0,0,0,0,100,4114,1.51634,0.011777,1.52295,42,0,28,29,32,0,-2,0,0,0,60,3124,3992,1782,175,35,493,29485,26855,109,0,68,4,5.56697e+06,0,0,0,0,1,116,0,2228,1708,3074,0,0,0,0,0,0,0,0,1659,-1298,0,0,166
1901.46,0,0,0,0,100,4126,1.51623,0.011781,1.52307,42,0,28,29,32,0,-2,0,0,0,60,3124,3992,1781,175,35,493,29485,26855,109,0,68,4,5.56384e+06,0,0,0,0,1,0,1130,1576,1717,3141,0,0,0,0,0,0,0,0,1659,-1399,0,0,166
1901.47,0,0,0,0,100,4126,1.51611,0.011785,1.52318,42,0,28,29,32,0,-2,0,0,0,60,3124,3989,1755,175,35,493,29485,26855,109,0,68,4,5.48262e+06,0,0,0,0,1,0,1130,1576,1717,3141,0,0,0,0,0,0,0,0,1659,-1399,0,0,166
1901.48,0,0,0,0,99,4129,1.51599,0.011789,1.5233,42,0,28,29,32,0,-2,0,0,0,60,3124,3989,1755,175,35,493,29485,26855,109,0,68,4,5.48262e+06,0,0,0,0,1,130,2250,0,1733,3179,0,0,0,0,0,0,0,0,1659,-1281,0,0,166
1901.49,0,0,0,0,100,4114,1.51588,0.011793,1.52341,42,0,28,29,32,0,-2,0,0,0,60,3114,3989,1748,175,35,493,29485,26855,109,0,68,4,5.44327e+06,0,0,0,0,1,2500,0,0,1717,3104,0,0,0,0,0,0,0,0,1659,-1262,0,0,166
1901.5,0,0,0,0,100,4113,1.51576,0.011797,1.52353,42,0,28,29,33,0,-2,0,0,0,60,3125,3989,1772,175,35,493,29632,27167,110,0,87,4,5.5375e+06,0,0,0,0,1,747,0,1803,1697,3138,0,0,0,0,0,0,0,0,1659,-1323,0,0,166
1901.51,0,0,0,0,100,4126,1.51575,0.0117859,1.52345,42,0,28,29,33,0,-2,0,0,0,60,3125,3989,1775,175,35,493,29632,27167,110,0,87,4,5.54688e+06,0,0,0,0,1,0,692,1929,1693,3162,0,0,0,0,0,0,0,0,1659,-1342,0,0,166
1901.52,0,0,0,0,100,4137,1.51575,0.0117748,1.52336,42,0,28,29,33,0,-2,0,0,0,60,3125,3989,1775,175,35,493,29632,27167,110,0,87,4,5.54688e+06,0,0,0,0,1,0,2347,0,1718,3166,0,0,0,0,0,0,0,0,1659,-1245,0,0,166
1901.53,0,0,0,0,100,4137,1.51574,0.0117637,1.52328,42,0,28,29,33,0,-2,0,0,0,60,3116,3989,1741,175,35,493,29632,27167,110,0,87,4,5.42496e+06,0,0,0,0,1,0,2347,0,1718,3166,0,0,0,0,0,0,0,0,1659,-1245,0,0,166
1901.54,0,0,0,0,100,4134,1.51573,0.0117526,1.5232,42,0,28,29,33,0,-2,0,0,0,60,3116,3987,1732,175,35,493,29632,27167,110,0,87,4,5.39691e+06,0,0,0,0,1,2500,0,0,1724,3138,0,0,0,0,0,0,0,0,1659,-1275,0,0,166
1901.55,0,0,0,0,100,4124,1.51572,0.0117415,1.52311,42,0,28,29,33,0,-2,0,0,0,60,3116,3987,1741,175,35,493,29632,27167,110,0,87,4,5.42496e+06,0,0,0,0,1,0,0,2345,1710,3089,0,0,0,0,0,0,0,0,1659,-1292,0,0,166
1901.56,0,0,0,0,100,4119,1.51572,0.0117304,1.52303,42,0,28,29,33,0,-2,0,0,0,60,3116,3987,1741,175,35,493,29632,27167,110,0,87,4,5.42496e+06,0,0,0,0,1,0,1882,656,1695,3098,0,0,0,0,0,0,0,0,1659,-1322,0,0,166
1901.57,0,0,0,0,100,4136,1.51571,0.0117193,1.52295,42,0,28,29,33,0,-2,0,0,0,60,3123,3987,1777,175,35,493,29632,27167,110,0,87,4,5.54957e+06,0,0,0,0,1,153,2142,0,1682,3182,0,0,0,0,0,0,0,0,1659,-1211,0,0,166
1901.58,0,0,0,0,100,4150,1.5157,0.0117082,1.52286,42,0,28,29,33,0,-2,0,0,0,60,3109,3987,1764,175,35,493,29632,27167,110,0,87,4,5.48428e+06,0,0,0,0,1,2388,0,0,1720,3199,0,0,0,0,0,0,0,0,1659,-1204,0,0,166
1901.59,0,0,0,0,100,4150,1.5157,0.0116971,1.52278,42,0,28,29,33,0,-2,0,0,0,60,3109,3987,1744,174,35,493,29632,27167,110,0,87,4,5.4221e+06,0,0,0,0,1,2388,0,0,1720,3199,0,0,0,0,0,0,0,0,1659,-1204,0,0,166
1901.6,0,0,0,0,100,4142,1.51569,0.011686,1.5227,42,0,28,29,32,0,-2,0,0,0,60,3109,3987,1744,174,35,493,29597,26893,109,0,87,4,5.4221e+06,0,0,0,0,1,0,0,2500,1730,3106,0,0,0,0,0,0,0,0,1659,-1295,0,0,166
1901.61,0,0,0,0,100,4126,1.51567,0.0116747,1.52285,42,0,28,29,32,0,-2,0,0,0,60,3114,3986,1755,174,35,493,29597,26893,109,0,87,4,5.46507e+06,0,0,0,0,1,0,2496,0,1707,3156,0,0,0,0,0,0,0,0,1659,-1309,0,0,166
1901.62,0,0,0,0,100,4132,1.51566,0.0116634,1.52301,42,0,28,29,32,0,-2,0,0,0,60,3114,3986,1753,174,35,493,29597,26893,109,0,87,4,5.45884e+06,0,0,0,0,1,1530,1003,0,1669,3147,0,0,0,0,0,0,0,0,1659,-1269,0,0,166
1901.63,0,0,0,0,100,4152,1.51564,0.0116521,1.52316,42,0,28,29,32,0,-2,0,0,0,60,3119,3986,1776,174,35,493,29597,26893,109,0,87,4,5.53934e+06,0,0,0,0,1,1497,0,1168,1699,3166,0,0,0,0,0,0,0,0,1659,-1349,0,0,166
1901.64,0,0,0,0,100,4165,1.51563,0.0116409,1.52332,42,0,28,29,32,0,-2,0,0,0,60,3119,3986,1776,174,35,493,29597,26893,109,0,87,4,5.53934e+06,0,0,0,0,1,0,1144,1582,1730,3141,0,0,0,0,0,0,0,0,1659,-1402,0,0,166
1901.65,0,0,0,0,100,4165,1.51561,0.0116296,1.52347,42,0,28,29,32,0,-2,0,0,0,60,3115,3986,1746,174,35,493,29597,26893,109,0,87,4,5.43879e+06,0,0,0,0,1,0,1144,1582,1730,3141,0,0,0,0,0,0,0,0,1659,-1402,0,0,166
1901.66,0,0,0,0,100,4158,1.5156,0.0116183,1.52363,42,0,28,29,32,0,-2,0,0,0,60,3115,3986,1749,174,35,493,29597,26893,109,0,87,4,5.44814e+06,0,0,0,0,1,954,1751,0,1731,3141,0,0,0,0,0,0,0,0,1659,-1373,0,0,166
1901.67,0,0,0,0,100,4143,1.51558,0.011607,1.52378,42,0,28,29,32,0,-2,0,0,0,60,3120,3986,1753,174,35,493,29597,26893,109,0,87,4,5.46936e+06,0,0,0,0,1,2177,0,336,1710,3197,0,0,0,0,0,0,0,0,1659,-1388,0,0,166
1901.68,0,0,0,0,100,4146,1.51557,0.0115957,1.52394,42,0,28,29,32,0,-2,0,0,0,60,3120,3986,1753,174,35,493,29597,26893,109,0,87,4,5.46936e+06,0,0,0,0,1,0,0,2351,1679,3138,0,0,0,0,0,0,0,0,1659,-1292,0,0,166
1901.69,0,0,0,0,100,4170,1.51555,0.0115844,1.52409,42,0,28,29,32,0,-2,0,0,0,60,3120,3986,1766,173,35,493,29597,26893,109,0,87,4,5.50992e+06,0,0,0,0,1,0,2314,0,1687,3177,0,0,0,0,0,0,0,0,1659,-1282,0,0,166
1901.7,0,0,0,0,100,4184,1.51554,0.0115731,1.52425,42,0,28,29,33,0,-2,0,0,0,60,3120,3986,1757,173,35,493,29597,26780,110,0,87,4,5.48184e+06,0,0,0,0,1,2157,0,285,1732,3121,0,0,0,0,0,0,0,0,1659,-1376,0,0,166
1901.71,0,0,0,0,100,4184,1.51522,0.0115498,1.52398,42,0,28,29,33,0,-2,0,0,0,60,3112,3986,1752,173,35,493,29597,26780,110,0,87,4,5.45222e+06,0,0,0,0,1,2157,0,285,1732,3121,0,0,0,0,0,0,0,0,1659,-1376,0,0,166
1901.72,0,0,0,0,100,4170,1.51491,0.0115266,1.52372,42,0,28,29,33,0,-2,0,0,0,60,3112,3986,1752,173,35,493,29597,26780,110,0,87,4,5.45222e+06,0,0,0,0,1,0,1231,1482,1739,3119,0,0,0,0,0,0,0,0,1659,-1423,0,0,166
1901.73,0,0,0,0,100,4160,1.5146,0.0115033,1.52345,42,0,28,29,33,0,-2,0,0,0,60,3112,3986,1757,173,35,493,29597,26780,110,0,87,4,5.46778e+06,0,0,0,0,1,1032,1634,0,1697,3153,0,0,0,0,0,0,0,0,1659,-1333,0,0,166
1901.74,0,0,0,0,100,4166,1.51429,0.0114801,1.52318,42,0,28,29,33,0,-2,0,0,0,60,3117,3986,1763,173,35,493,29597,26780,110,0,87,4,5.49527e+06,0,0,0,0,1,1700,0,963,1677,3153,0,0,0,0,0,0,0,0,1659,-1339,0,0,166
1901.75,0,0,0,0,100,4181,1.51398,0.0114568,1.52292,42,0,28,29,33,0,-2,0,0,0,60,3117,3986,1758,173,35,493,29597,26780,110,0,87,4,5.47969e+06,0,0,0,0,1,0,1363,1264,1700,3091,0,0,0,0,0,0,0,0,1659,-1327,0,0,166
1901.76,0,0,0,0,100,4188,1.51367,0.0114336,1.52265,42,0,28,29,33,0,-2,0,0,0,60,3117,3986,1758,173,35,493,29597,26780,110,0,87,4,5.47969e+06,0,0,0,0,1,1966,407,0,1707,3119,0,0,0,0,0,0,0,0,1659,-1215,0,0,166
1901.77,0,0,0,0,100,4188,1.51336,0.0114103,1.52238,42,0,28,29,33,0,-2,0,0,0,60,3117,3986,1742,173,35,493,29597,26780,110,0,87,4,5.42981e+06,0,0,0,0,1,1966,407,0,1707,3119,0,0,0,0,0,0,0,0,1659,-1215,0,0,166
1901.78,0,0,0,0,100,4184,1.51305,0.0113871,1.52212,42,0,28,29,33,0,-2,0,0,0,60,3118,3986,1757,173,35,493,29597,26780,110,0,87,4,5.47833e+06,0,0,0,0,1,0,0,2365,1719,3098,0,0,0,0,0,0,0,0,1659,-1278,0,0,166
1901.79,0,0,0,0,100,4172,1.51274,0.0113638,1.52185,42,0,28,29,33,0,-2,0,0,0,60,3118,3986,1769,173,35,493,29597,26780,110,0,87,4,5.51574e+06,0,0,0,0,1,0,2468,0,1700,3149,0,0,0,0,0,0,0,0,1659,-1288,0,0,166
1901.8,0,0,0,0,100,4178,1.51243,0.0113405,1.52158,42,0,28,29,33,0,-2,0,0,0,61,3118,3986,1769,173,35,493,29616,27102,109,0,65,4,5.51574e+06,0,0,0,0,1,2500,0,0,1670,3093,0,0,0,0,0,0,0,0,1659,-1230,0,0,166
1901.81,0,0,0,0,100,4191,1.51248,0.0112978,1.52152,42,0,28,29,33,0,-2,0,0,0,61,3116,3986,1739,173,35,493,29616,27102,109,0,65,4,5.41872e+06,0,0,0,0,1,0,0,2326,1699,3125,0,0,0,0,0,0,0,0,1659,-1282,0,0,166
1901.82,0,0,0,0,100,4192,1.51253,0.0112551,1.52145,42,0,28,29,33,0,-2,0,0,0,61,3114,3986,1732,173,35,493,29616,27102,109,0,65,4,5.39345e+06,0,0,0,0,1,0,2373,0,1708,3162,0,0,0,0,0,0,0,0,1659,-1211,0,0,166
1901.83,0,0,0,0,100,4192,1.51259,0.0112124,1.52139,42,0,28,29,33,0,-2,0,0,0,61,3114,3986,1742,173,35,493,29616,27102,109,0,65,4,5.42459e+06,0,0,0,0,1,0,2373,0,1708,3162,0,0,0,0,0,0,0,0,1659,-1211,0,0,166
1901.84,0,0,0,0,100,4184,1.51264,0.0111697,1.52133,42,0,28,29,33,0,-2,0,0,0,61,3114,3986,1742,173,35,493,29616,27102,109,0,65,4,5.42459e+06,0,0,0,0,1,2165,0,183,1705,3197,0,0,0,0,0,0,0,0,1659,-1241,0,0,166
1901.85,0,0,0,0,100,4185,1.51269,0.011127,1.52126,42,0,28,29,33,0,-2,0,0,0,61,3116,3987,1759,173,35,493,29616,27102,109,0,65,4,5.48104e+06,0,0,0,0,1,0,720,1885,1692,3162,0,0,0,0,0,0,0,0,1659,-1319,0,0,166
1901.86,0,0,0,0,100,4191,1.51274,0.0110843,1.5212,42,0,28,29,33,0,-2,0,0,0,61,3116,3987,1750,173,35,493,29616,27102,109,0,65,4,5.453e+06,0,0,0,0,1,1372,1234,0,1694,3138,0,0,0,0,0,0,0,0,1659,-1284,0,0,166
1901.87,0,0,0,0,100,4194,1.51279,0.0110416,1.52113,42,0,28,29,33,0,-2,0,0,0,61,3115,3987,1738,173,35,493,29616,27102,109,0,65,4,5.41387e+06,0,0,0,0,1,280,0,2052,1692,3102,0,0,0,0,0,0,0,0,1659,-1250,0,0,166
1901.88,0,0,0,0,100,4195,1.51284,0.0109989,1.52107,42,0,28,29,33,0,-2,0,0,0,61,3115,3987,1738,173,35,493,29616,27102,109,0,65,4,5.41387e+06,0,0,0,0,1,0,2500,0,1705,3149,0,0,0,0,0,0,0,0,1659,-1273,0,0,166
1901.89,0,0,0,0,100,4195,1.5129,0.0109561,1.521,42,0,28,29,33,0,-2,0,0,0,61,3122,3987,1746,173,35,493,29616,27102,109,0,65,4,5.45101e+06,0,0,0,0,1,0,2500,0,1705,3149,0,0,0,0,0,0,0,0,1659,-1273,0,0,166
1901.9,0,0,0,0,100,4194,1.51295,0.0109134,1.52094,42,0,28,29,32,0,-2,0,0,0,60,3122,3987,1757,173,35,493,29542,26981,109,2,65,4,5.48535e+06,0,0,0,0,1,2500,0,0,1689,3160,0,0,0,0,0,0,0,0,1659,-1220,0,0,166
1901.91,0,0,0,0,100,4197,1.51278,0.0108853,1.52074,42,0,28,29,32,0,-2,0,0,0,60,3122,3983,1769,173,35,493,29542,26981,109,2,65,4,5.52282e+06,0,0,0,0,1,0,0,2269,1693,3121,0,0,0,0,0,0,0,0,1659,-1219,0,0,166
1901.92,0,0,0,0,100,4205,1.51261,0.0108571,1.52054,42,0,28,29,32,0,-2,0,0,0,60,3122,3983,1769,173,35,493,29542,26981,109,2,65,4,5.52282e+06,0,0,0,0,1,933,1675,0,1699,3153,0,0,0,0,0,0,0,0,1659,-1307,0,0,166
1901.93,0,0,0,0,100,4206,1.51244,0.010829,1.52034,42,0,28,29,32,0,-2,0,0,0,60,3111,3983,1716,173,35,493,29542,26981,109,2,65,4,5.33848e+06,0,0,0,0,1,317,0,2047,1710,3095,0,0,0,0,0,0,0,0,1659,-1259,0,0,166
1901.94,0,0,0,0,100,4200,1.51228,0.0108008,1.52014,42,0,28,29,32,0,-2,0,0,0,60,3111,3983,1733,173,35,493,29542,26981,109,2,65,4,5.39136e+06,0,0,0,0,1,0,2500,0,1698,3153,0,0,0,0,0,0,0,0,1659,-1257,0,0,166
1901.95,0,0,0,0,100,4200,1.51211,0.0107727,1.51993,42,0,28,29,32,0,-2,0,0,0,60,3126,3983,1749,173,35,493,29542,26981,109,2,65,4,5.46737e+06,0,0,0,0,1,0,2500,0,1698,3153,0,0,0,0,0,0,0,0,1659,-1257,0,0,166
1901.96,0,0,0,0,100,4209,1.51194,0.0107445,1.51973,42,0,28,29,32,0,-2,0,0,0,60,3126,3983,1749,173,35,493,29542,26981,109,2,65,4,5.46737e+06,0,0,0,0,1,2380,0,0,1687,3164,0,0,0,0,0,0,0,0,1659,-1161,0,0,166
1901.97,0,0,0,0,100,4221,1.51178,0.0107164,1.51953,42,0,28,29,32,0,-2,0,0,0,60,3119,3983,1761,173,35,493,29542,26981,109,2,65,4,5.49256e+06,0,0,0,0,1,0,1072,1558,1694,3143,0,0,0,0,0,0,0,0,1659,-1339,0,0,166
1901.98,0,0,0,0,99,4221,1.51161,0.0106882,1.51933,42,0,28,29,32,0,-2,0,0,0,60,3119,3983,1743,173,35,493,29542,26981,109,2,65,4,5.43642e+06,0,0,0,0,1,2425,0,0,1709,3078,0,0,0,0,0,0,0,0,1659,-1257,0,0,166
1901.99,0,0,0,0,99,4215,1.51144,0.01066,1.51913,42,0,28,29,32,0,-2,0,0,0,60,3119,3983,1724,173,35,493,29542,26981,109,2,65,4,5.37716e+06,0,0,0,0,1,0,0,2500,1699,3115,0,0,0,0,0,0,0,0,1659,-1234,0,0,166
1902,0,0,0,0,99,4218,1.51127,0.0106319,1.51893,41,0,28,29,33,0,-2,0,0,0,61,3119,3983,1724,173,35,493,29486,27007,109,2,65,4,5.37716e+06,0,0,0,0,1,790,1816,0,1687,3149,0,0,0,0,0,0,0,0,1659,-1308,0,0,166
1902.01,0,0,0,0,100,4218,1.51128,0.0106359,1.51892,41,0,28,29,33,0,-2,0,0,0,61,3122,3983,1752,173,35,493,29486,27007,109,2,65,4,5.46974e+06,0,0,0,0,1,790,1816,0,1687,3149,0,0,0,0,0,0,0,0,1659,-1308,0,0,166
1902.02,0,0,0,0,100,4225,1.51129,0.0106398,1.51891,41,0,28,29,33,0,-2,0,0,0,61,3125,3983,1768,173,35,493,29486,27007,109,2,65,4,5.525e+06,0,0,0,0,1,0,0,2236,1679,3098,0,0,0,0,0,0,0,0,1659,-1220,0,0,166
1902.03,0,0,0,0,100,4239,1.5113,0.0106438,1.5189,41,0,28,29,33,0,-2,0,0,0,61,3125,3983,1761,173,35,493,29486,27007,109,2,65,4,5.50312e+06,0,0,0,0,1,0,2300,0,1694,3173,0,0,0,0,0,0,0,0,1659,-1183,0,0,166
1902.04,0,0,0,0,100,4238,1.51132,0.0106478,1.51889,41,0,28,29,33,0,-2,0,0,0,61,3125,3983,1761,173,35,493,29486,27007,109,2,65,4,5.50312e+06,0,0,0,0,1,753,0,1730,1713,3143,0,0,0,0,0,0,0,0,1659,-1297,0,0,166
1902.05,0,0,0,0,100,4227,1.51133,0.0106518,1.51888,41,0,28,29,33,0,-2,0,0,0,61,3125,3983,1715,173,35,493,29486,27007,109,2,65,4,5.35938e+06,0,0,0,0,1,0,2500,0,1695,3168,0,0,0,0,0,0,0,0,1659,-1271,0,0,166
1902.06,0,0,0,0,100,4226,1.51134,0.0106557,1.51887,41,0,28,29,33,0,-2,0,0,0,61,3112,3983,1731,173,35,493,29486,27007,109,2,65,4,5.38687e+06,0,0,0,0,1,1247,0,1300,1672,3199,0,0,0,0,0,0,0,0,1659,-1211,0,0,166
1902.07,0,0,0,0,100,4226,1.51135,0.0106597,1.51886,41,0,28,29,33,0,-2,0,0,0,61,3112,3983,1739,173,35,493,29486,27007,109,2,65,4,5.41177e+06,0,0,0,0,1,1247,0,1300,1672,3199,0,0,0,0,0,0,0,0,1659,-1211,0,0,166
1902.08,0,0,0,0,100,4245,1.51136,0.0106637,1.51885,41,0,28,29,33,0,-2,0,0,0,61,3112,3983,1739,173,35,493,29486,27007,109,2,65,4,5.41177e+06,0,0,0,0,1,0,2373,0,1676,3151,0,0,0,0,0,0,0,0,1659,-1228,0,0,166
1902.09,0,0,0,0,100,4255,1.51137,0.0106677,1.51884,41,0,28,29,33,0,-2,0,0,0,61,3117,3983,1754,173,35,493,29486,27007,109,2,65,4,5.46722e+06,0,0,0,0,1,1960,0,492,1716,3127,0,0,0,0,0,0,0,0,1659,-1259,0,0,166
1902.1,0,0,0,0,100,4249,1.51138,0.0106716,1.51883,41,0,28,29,34,0,-2,0,0,0,61,3117,3983,1733,173,35,493,29586,27040,109,2,87,4,5.40176e+06,0,0,0,0,1,0,2500,0,1709,3138,0,0,0,0,0,0,0,0,1659,-1262,0,0,166
1902.11,0,0,0,0,100,4237,1.51126,0.0106524,1.51893,41,0,28,29,34,0,-2,0,0,0,61,3119,3983,1714,173,35,493,29586,27040,109,2,87,4,5.34597e+06,0,0,0,0,1,2145,0,215,1691,3197,0,0,0,0,0,0,0,0,1659,-1229,0,0,166
1902.12,0,0,0,0,100,4238,1.51114,0.0106332,1.51903,41,0,28,29,34,0,-2,0,0,0,61,3119,3983,1714,173,35,493,29586,27040,109,2,87,4,5.34597e+06,0,0,0,0,1,0,2056,222,1668,3117,0,0,0,0,0,0,0,0,1659,-1219,0,0,166
1902.13,0,0,0,0,100,4238,1.51103,0.0106139,1.51912,41,0,28,29,34,0,-2,0,0,0,61,3119,3983,1753,173,35,493,29586,27040,109,2,87,4,5.46761e+06,0,0,0,0,1,0,2056,222,1668,3117,0,0,0,0,0,0,0,0,1659,-1219,0,0,166
1902.14,0,0,0,0,100,4254,1.51091,0.0105947,1.51922,41,0,28,29,34,0,-2,0,0,0,61,3125,3983,1749,173,35,493,29586,27040,109,2,87,4,5.46562e+06,0,0,0,0,1,2204,0,0,1667,3227,0,0,0,0,0,0,0,0,1659,-1158,0,0,166
1902.15,0,0,0,0,100,4269,1.51079,0.0105754,1.51931,41,0,28,29,34,0,-2,0,0,0,61,3125,3983,1735,173,35,493,29586,27040,109,2,87,4,5.42188e+06,0,0,0,0,1,0,2438,0,1692,3145,0,0,0,0,0,0,0,0,1659,-1216,0,0,166
1902.16,0,0,0,0,100,4258,1.51067,0.0105562,1.51941,41,0,28,29,34,0,-2,0,0,0,61,3125,3983,1735,173,35,493,29586,27040,109,2,87,4,5.42188e+06,0,0,0,0,1,1927,0,752,1718,3127,0,0,0,0,0,0,0,0,1659,-1361,0,0,166
1902.17,0,0,0,0,100,4245,1.51056,0.010537,1.51951,41,0,28,29,34,0,-2,0,0,0,61,3121,3983,1731,173,35,493,29586,27040,109,2,87,4,5.40245e+06,0,0,0,0,1,0,2500,0,1686,3153,0,0,0,0,0,0,0,0,1659,-1236,0,0,166
1902.18,0,0,0,0,100,4250,1.51044,0.0105177,1.5196,41,0,28,29,34,0,-2,0,0,0,61,3121,3983,1736,173,35,493,29586,27040,109,2,87,4,5.41806e+06,0,0,0,0,1,1899,0,597,1662,3153,0,0,0,0,0,0,0,0,1659,-1254,0,0,166
1902.19,0,0,0,0,100,4250,1.51032,0.0104985,1.5197,41,0,28,29,34,0,-2,0,0,0,61,3121,3983,1736,173,35,493,29586,27040,109,2,87,4,5.41806e+06,0,0,0,0,1,1899,0,597,1662,3153,0,0,0,0,0,0,0,0,1659,-1254,0,0,166
1902.2,0,0,0,0,100,4267,1.5102,0.0104792,1.51979,41,0,28,29,34,0,-2,0,0,0,61,3121,3983,1736,173,35,493,29635,27167,109,2,65,4,5.41806e+06,0,0,0,0,1,0,2500,0,1679,3153,0,0,0,0,0,0,0,0,1659,-1158,0,0,166
1902.21,0,0,0,0,100,4273,1.5104,0.0104846,1.51963,41,0,28,29,34,0,-2,0,0,0,61,3118,3983,1732,173,35,493,29635,27167,109,2,65,4,5.40038e+06,0,0,0,0,1,868,0,1634,1699,3160,0,0,0,0,0,0,0,0,1659,-1219,0,0,166
1902.22,0,0,0,0,100,4266,1.51059,0.01049,1.51946,41,0,28,29,34,0,-2,0,0,0,61,3118,3983,1730,173,35,493,29635,27167,109,2,65,4,5.39414e+06,0,0,0,0,1,0,2271,0,1697,3145,0,0,0,0,0,0,0,0,1659,-1295,0,0,166
1902.23,0,0,0,0,100,4259,1.51078,0.0104953,1.5193,41,0,28,29,34,0,-2,0,0,0,61,3118,3978,1730,173,35,493,29635,27167,109,2,65,4,5.39414e+06,0,0,0,0,1,0,0,2500,1685,3124,0,0,0,0,0,0,0,0,1659,-1249,0,0,166
1902.24,0,0,0,0,100,4264,1.51098,0.0105007,1.51913,41,0,28,29,34,0,-2,0,0,0,61,3118,3978,1730,173,35,493,29635,27167,109,2,65,4,5.39414e+06,0,0,0,0,1,1310,1183,0,1654,3168,0,0,0,0,0,0,0,0,1659,-1206,0,0,166
1902.25,0,0,0,0,100,4264,1.51117,0.010506,1.51897,41,0,28,29,34,0,-2,0,0,0,61,3121,3978,1738,173,35,493,29635,27167,109,2,65,4,5.4243e+06,0,0,0,0,1,1310,1183,0,1654,3168,0,0,0,0,0,0,0,0,1659,-1206,0,0,166
1902.26,0,0,0,0,100,4279,1.51136,0.0105114,1.5188,41,0,28,29,34,0,-2,0,0,0,61,3121,3978,1727,173,35,493,29635,27167,109,2,65,4,5.38997e+06,0,0,0,0,1,0,0,2250,1686,3108,0,0,0,0,0,0,0,0,1659,-1182,0,0,166
1902.27,0,0,0,0,100,4282,1.51155,0.0105168,1.51864,41,0,28,29,34,0,-2,0,0,0,61,3118,3978,1725,173,35,493,29635,27167,109,2,65,4,5.37855e+06,0,0,0,0,1,2500,0,0,1692,3078,0,0,0,0,0,0,0,0,1659,-1207,0,0,166
1902.28,0,0,0,0,100,4275,1.51175,0.0105221,1.51847,41,0,28,29,34,0,-2,0,0,0,61,3118,3978,1725,173,35,493,29635,27167,109,2,65,4,5.37855e+06,0,0,0,0,1,0,1478,1097,1694,3115,0,0,0,0,0,0,0,0,1659,-1269,0,0,166
1902.29,0,0,0,0,99,4278,1.51194,0.0105275,1.51831,41,0,28,29,34,0,-2,0,0,0,61,3119,3978,1746,173,35,493,29635,27167,109,2,65,4,5.44577e+06,0,0,0,0,1,2214,0,0,1677,3212,0,0,0,0,0,0,0,0,1659,-1165,0,0,166
1902.3,0,0,0,0,100,4287,1.51213,0.0105329,1.51814,41,0,28,29,32,0,-2,0,0,0,61,3119,3975,1744,173,35,493,29579,26991,109,2,87,4,5.43954e+06,0,0,0,0,1,0,2500,0,1684,3168,0,0,0,0,0,0,0,0,1659,-1204,0,0,166
1902.31,0,0,0,0,100,4287,1.51177,0.0105292,1.51788,41,0,28,29,32,0,-2,0,0,0,61,3119,3975,1728,173,35,493,29579,26991,109,2,87,4,5.38963e+06,0,0,0,0,1,0,2500,0,1684,3168,0,0,0,0,0,0,0,0,1659,-1204,0,0,166
1902.32,0,0,0,0,100,4288,1.51141,0.0105255,1.51762,41,0,28,29,32,0,-2,0,0,0,61,3119,3975,1728,173,35,493,29579,26991,109,2,87,4,5.38963e+06,0,0,0,0,1,0,0,2472,1694,3104,0,0,0,0,0,0,0,0,1659,-1201,0,0,166
1902.33,0,0,0,0,100,4292,1.51105,0.0105218,1.51736,41,0,28,29,32,0,-2,0,0,0,61,3113,3975,1717,173,35,493,29579,26991,109,2,87,4,5.34502e+06,0,0,0,0,1,909,1693,0,1685,3153,0,0,0,0,0,0,0,0,1659,-1285,0,0,166
1902.34,0,0,0,0,100,4295,1.51068,0.0105181,1.5171,41,0,28,29,32,0,-2,0,0,0,61,3123,3975,1735,173,35,493,29579,26991,109,2,87,4,5.4184e+06,0,0,0,0,1,0,0,2258,1685,3102,0,0,0,0,0,0,0,0,1659,-1177,0,0,166
1902.35,0,0,0,0,100,4297,1.51032,0.0105144,1.51684,41,0,28,29,32,0,-2,0,0,0,61,3123,3975,1743,173,35,493,29579,26991,109,2,87,4,5.44339e+06,0,0,0,0,1,2500,0,0,1681,3108,0,0,0,0,0,0,0,0,1659,-1153,0,0,166
1902.36,0,0,0,0,100,4302,1.50996,0.0105107,1.51658,41,0,28,29,32,0,-2,0,0,0,61,3123,3975,1743,173,35,493,29579,26991,109,2,87,4,5.44339e+06,0,0,0,0,1,0,2339,0,1683,3147,0,0,0,0,0,0,0,0,1659,-1201,0,0,166
1902.37,0,0,0,0,100,4302,1.50959,0.010507,1.51632,41,0,28,29,32,0,-2,0,0,0,61,3119,3975,1719,173,35,493,29579,26991,109,2,87,4,5.36156e+06,0,0,0,0,1,0,2339,0,1683,3147,0,0,0,0,0,0,0,0,1659,-1201,0,0,166
1902.38,0,0,0,0,100,4305,1.50923,0.0105033,1.51606,41,0,28,29,32,0,-2,0,0,0,61,3119,3973,1706,173,35,493,29579,26991,109,2,87,4,5.32101e+06,0,0,0,0,1,673,0,1765,1690,3143,0,0,0,0,0,0,0,0,1659,-1259,0,0,166
1902.39,0,0,0,0,100,4301,1.50887,0.0104996,1.5158,41,0,28,29,32,0,-2,0,0,0,61,3119,3973,1716,173,35,493,29579,26991,109,2,87,4,5.3522e+06,0,0,0,0,1,950,1640,0,1679,3147,0,0,0,0,0,0,0,0,1659,-1272,0,0,166
1902.4,0,0,0,0,99,4311,1.50851,0.0104959,1.51554,41,0,28,29,33,0,-2,0,0,0,61,3119,3973,1716,173,35,493,29593,27010,109,2,87,4,5.3522e+06,0,0,0,0,1,0,392,1957,1669,3162,0,0,0,0,0,0,0,0,1659,-1166,0,0,166
1902.41,0,0,0,0,100,4321,1.50856,0.0104976,1.51567,41,0,28,29,33,0,-2,0,0,0,61,3117,3973,1742,173,35,493,29593,27010,109,2,87,4,5.42981e+06,0,0,0,0,1,2165,0,0,1685,3212,0,0,0,0,0,0,0,0,1659,-1156,0,0,166
1902.42,0,0,0,0,100,4318,1.50861,0.0104992,1.51579,41,0,28,29,33,0,-2,0,0,0,61,3117,3973,1733,173,35,493,29593,27010,109,2,87,4,5.40176e+06,0,0,0,0,1,0,2345,0,1691,3147,0,0,0,0,0,0,0,0,1659,-1167,0,0,166
1902.43,0,0,0,0,100,4318,1.50866,0.0105008,1.51592,41,0,28,29,33,0,-2,0,0,0,61,3117,3973,1714,173,35,493,29593,27010,109,2,87,4,5.34254e+06,0,0,0,0,1,0,2345,0,1691,3147,0,0,0,0,0,0,0,0,1659,-1167,0,0,166
1902.44,0,0,0,0,100,4310,1.50871,0.0105024,1.51604,41,0,28,29,33,0,-2,0,0,0,61,3117,3973,1714,173,35,493,29593,27010,109,2,87,4,5.34254e+06,0,0,0,0,1,0,0,2500,1677,3104,0,0,0,0,0,0,0,0,1659,-1213,0,0,166
1902.45,0,0,0,0,100,4319,1.50876,0.010504,1.51617,41,0,28,29,33,0,-2,0,0,0,61,3115,3973,1715,173,35,493,29593,27010,109,2,87,4,5.34222e+06,0,0,0,0,1,2500,0,0,1658,3093,0,0,0,0,0,0,0,0,1659,-1184,0,0,166
1902.46,0,0,0,0,100,4329,1.50881,0.0105056,1.51629,41,0,28,29,33,0,-2,0,0,0,61,3115,3973,1728,173,35,493,29593,27010,109,2,87,4,5.38272e+06,0,0,0,0,1,0,2488,0,1673,3147,0,0,0,0,0,0,0,0,1659,-1195,0,0,166
1902.47,0,0,0,0,100,4337,1.50886,0.0105073,1.51642,41,0,28,29,33,0,-2,0,0,0,61,3127,3973,1750,173,35,493,29593,27010,109,2,87,4,5.47225e+06,0,0,0,0,1,0,0,2500,1689,3076,0,0,0,0,0,0,0,0,1659,-1190,0,0,166
1902.48,0,0,0,0,100,4332,1.50891,0.0105089,1.51654,41,0,28,29,33,0,-2,0,0,0,61,3127,3973,1750,173,35,493,29593,27010,109,2,87,4,5.47225e+06,0,0,0,0,1,2500,0,0,1688,3078,0,0,0,0,0,0,0,0,1659,-1215,0,0,166
1902.49,0,0,0,0,100,4332,1.50896,0.0105105,1.51666,41,0,28,29,33,0,-2,0,0,0,61,3112,3973,1704,173,35,493,29593,27010,109,2,87,4,5.30285e+06,0,0,0,0,1,2500,0,0,1688,3078,0,0,0,0,0,0,0,0,1659,-1215,0,0,166
1902.5,0,0,0,0,100,4320,1.50901,0.0105121,1.51679,41,0,28,29,33,0,-2,0,0,0,61,3112,3973,1697,173,35,493,29472,26894,110,2,68,4,5.28106e+06,0,0,0,0,1,0,2490,0,1673,3147,0,0,0,0,0,0,0,0,1659,-1233,0,0,166
1902.51,0,0,0,0,100,4325,1.50915,0.0105048,1.51686,41,0,28,29,33,0,-2,0,0,0,61,3128,3973,1714,173,35,493,29472,26894,110,2,68,4,5.36139e+06,0,0,0,0,1,0,0,2285,1650,3095,0,0,0,0,0,0,0,0,1659,-1154,0,0,166
1902.52,0,0,0,0,100,4347,1.50928,0.0104976,1.51694,41,0,28,29,33,0,-2,0,0,0,61,3128,3973,1714,172,35,493,29472,26894,110,2,68,4,5.36139e+06,0,0,0,0,1,2464,0,0,1662,3084,0,0,0,0,0,0,0,0,1659,-1194,0,0,166
1902.53,0,0,0,0,100,4350,1.50942,0.0104903,1.51701,41,0,28,29,33,0,-2,0,0,0,61,3128,3973,1731,172,35,493,29472,26894,110,2,68,4,5.41457e+06,0,0,0,0,1,0,2500,0,1697,3153,0,0,0,0,0,0,0,0,1659,-1216,0,0,166
1902.54,0,0,0,0,100,4337,1.50955,0.010483,1.51708,41,0,28,29,33,0,-2,0,0,0,61,3118,3973,1726,172,35,493,29472,26894,110,2,68,4,5.38167e+06,0,0,0,0,1,0,0,2500,1691,3119,0,0,0,0,0,0,0,0,1659,-1232,0,0,166
1902.55,0,0,0,0,100,4337,1.50969,0.0104757,1.51716,41,0,28,29,33,0,-2,0,0,0,61,3118,3973,1710,172,35,493,29472,26894,110,2,68,4,5.33178e+06,0,0,0,0,1,0,0,2500,1691,3119,0,0,0,0,0,0,0,0,1659,-1232,0,0,166
1902.56,0,0,0,0,100,4329,1.50983,0.0104685,1.51723,41,0,28,29,33,0,-2,0,0,0,61,3118,3973,1710,172,35,493,29472,26894,110,2,68,4,5.33178e+06,0,0,0,0,1,2500,0,0,1657,3138,0,0,0,0,0,0,0,0,1659,-1167,0,0,166
1902.57,0,0,0,0,100,4337,1.50996,0.0104612,1.5173,41,0,28,29,33,0,-2,0,0,0,61,3120,3973,1721,172,35,493,29472,26894,110,2,68,4,5.36952e+06,0,0,0,0,1,0,2187,0,1648,3182,0,0,0,0,0,0,0,0,1659,-1195,0,0,166
1902.58,0,0,0,0,100,4352,1.5101,0.0104539,1.51738,41,0,28,29,33,0,-2,0,0,0,61,3122,3973,1731,172,35,493,29472,26894,110,2,68,4,5.40418e+06,0,0,0,0,1,0,0,2337,1667,3127,0,0,0,0,0,0,0,0,1659,-1145,0,0,166
1902.59,0,0,0,0,100,4361,1.51023,0.0104466,1.51745,41,0,28,29,33,0,-2,0,0,0,61,3122,3973,1730,172,35,493,29472,26894,110,2,68,4,5.40106e+06,0,0,0,0,1,2042,0,301,1690,3168,0,0,0,0,0,0,0,0,1659,-1180,0,0,166
1902.6,0,0,0,0,100,4347,1.51037,0.0104394,1.51752,41,0,28,29,33,0,-2,0,0,0,61,3122,3973,1730,172,35,493,29476,27090,109,2,87,4,5.40106e+06,0,0,0,0,1,695,1810,0,1684,3153,0,0,0,0,0,0,0,0,1659,-1235,0,0,166
1902.61,0,0,0,0,100,4347,1.51027,0.0104348,1.51753,41,0,28,29,33,0,-2,0,0,0,61,3122,3971,1713,172,35,493,29476,27090,109,2,87,4,5.34799e+06,0,0,0,0,1,695,1810,0,1684,3153,0,0,0,0,0,0,0,0,1659,-1235,0,0,166
1902.62,0,0,0,0,100,4341,1.51018,0.0104302,1.51754,41,0,28,29,33,0,-2,0,0,0,61,3122,3971,1721,172,35,493,29476,27090,109,2,87,4,5.37296e+06,0,0,0,0,1,0,853,1677,1657,3166,0,0,0,0,0,0,0,0,1659,-1247,0,0,166
1902.63,0,0,0,0,100,4353,1.51008,0.0104256,1.51754,41,0,28,29,33,0,-2,0,0,0,61,3122,3971,1722,172,35,493,29476,27090,109,2,87,4,5.37608e+06,0,0,0,0,1,1153,0,1320,1652,3182,0,0,0,0,0,0,0,0,1659,-1220,0,0,166
1902.64,0,0,0,0,100,4362,1.50998,0.010421,1.51755,41,0,28,29,33,0,-2,0,0,0,61,3122,3971,1722,172,35,493,29476,27090,109,2,87,4,5.37608e+06,0,0,0,0,1,2046,111,0,1665,3127,0,0,0,0,0,0,0,0,1659,-1114,0,0,166
1902.65,0,0,0,0,100,4363,1.50989,0.0104164,1.51756,41,0,28,29,33,0,-2,0,0,0,61,3122,3971,1715,172,35,493,29476,27090,109,2,87,4,5.35423e+06,0,0,0,0,1,0,2482,0,1682,3149,0,0,0,0,0,0,0,0,1659,-1177,0,0,166
1902.66,0,0,0,0,100,4364,1.50979,0.0104117,1.51756,41,0,28,29,33,0,-2,0,0,0,61,3122,3971,1715,172,35,493,29476,27090,109,2,87,4,5.35423e+06,0,0,0,0,1,0,0,2439,1677,3119,0,0,0,0,0,0,0,0,1659,-1172,0,0,166
1902.67,0,0,0,0,100,4364,1.50969,0.0104071,1.51757,41,0,28,29,33,0,-2,0,0,0,61,3122,3971,1713,172,35,493,29476,27090,109,2,87,4,5.34799e+06,0,0,0,0,1,0,0,2439,1677,3119,0,0,0,0,0,0,0,0,1659,-1172,0,0,166
1902.68,0,0,0,0,100,4362,1.5096,0.0104025,1.51758,41,0,28,29,33,0,-2,0,0,0,61,3122,3971,1713,172,35,493,29476,27090,109,2,87,4,5.34799e+06,0,0,0,0,1,2110,0,68,1674,3212,0,0,0,0,0,0,0,0,1659,-1141,0,0,166
1902.69,0,0,0,0,100,4369,1.5095,0.0103979,1.51758,41,0,28,29,33,0,-2,0,0,0,61,3119,3971,1727,172,35,493,29476,27090,109,2,87,4,5.38651e+06,0,0,0,0,1,1023,1509,0,1663,3149,0,0,0,0,0,0,0,0,1659,-1149,0,0,166
1902.7,0,0,0,0,100,4373,1.5094,0.0103933,1.51759,41,0,28,29,33,0,-2,0,0,0,61,3119,3971,1709,172,35,493,29571,27121,109,2,87,4,5.33037e+06,0,0,0,0,1,0,2001,244,1669,3117,0,0,0,0,0,0,0,0,1659,-1197,0,0,166
1902.71,0,0,0,0,100,4373,1.50914,0.010397,1.51746,41,0,28,29,33,0,-2,0,0,0,61,3121,3971,1704,172,35,493,29571,27121,109,2,87,4,5.31818e+06,0,0,0,0,1,0,0,2500,1672,3098,0,0,0,0,0,0,0,0,1659,-1131,0,0,166
1902.72,0,0,0,0,100,4380,1.50889,0.0104007,1.51734,41,0,28,29,33,0,-2,0,0,0,61,3121,3971,1704,172,35,493,29571,27121,109,2,87,4,5.31818e+06,0,0,0,0,1,2161,0,0,1662,3218,0,0,0,0,0,0,0,0,1659,-1231,0,0,166
1902.73,0,0,0,0,100,4380,1.50863,0.0104044,1.51721,41,0,28,29,33,0,-2,0,0,0,61,3125,3971,1719,171,35,493,29571,27121,109,2,87,4,5.37188e+06,0,0,0,0,1,2161,0,0,1662,3218,0,0,0,0,0,0,0,0,1659,-1231,0,0,166
1902.74,0,0,0,0,100,4390,1.50837,0.010408,1.51709,41,0,28,29,33,0,-2,0,0,0,61,3125,3968,1716,171,35,493,29571,27121,109,2,87,4,5.3625e+06,0,0,0,0,1,1399,1019,0,1662,3124,0,0,0,0,0,0,0,0,1659,-1116,0,0,166
1902.75,0,0,0,0,100,4387,1.50811,0.0104117,1.51696,41,0,28,29,33,0,-2,0,0,0,61,3125,3968,1710,171,35,493,29571,27121,109,2,87,4,5.34375e+06,0,0,0,0,1,0,2456,0,1680,3171,0,0,0,0,0,0,0,0,1659,-1163,0,0,166
1902.76,0,0,0,0,100,4383,1.50785,0.0104154,1.51684,41,0,28,29,33,0,-2,0,0,0,61,3125,3968,1710,171,35,493,29571,27121,109,2,87,4,5.34375e+06,0,0,0,0,1,0,607,1791,1666,3173,0,0,0,0,0,0,0,0,1659,-1193,0,0,166
1902.77,0,0,0,0,100,4388,1.5076,0.0104191,1.51671,41,0,28,29,33,0,-2,0,0,0,61,3119,3968,1708,171,35,493,29571,27121,109,2,87,4,5.32725e+06,0,0,0,0,1,251,0,1957,1656,3108,0,0,0,0,0,0,0,0,1659,-1169,0,0,166
1902.78,0,0,0,0,100,4400,1.50734,0.0104227,1.51658,41,0,28,29,33,0,-2,0,0,0,61,3122,3968,1710,171,35,493,29571,27121,109,2,87,4,5.33862e+06,0,0,0,0,1,2388,0,0,1662,3182,0,0,0,0,0,0,0,0,1659,-1122,0,0,166
1902.79,0,0,0,0,100,4400,1.50708,0.0104264,1.51646,41,0,28,29,33,0,-2,0,0,0,61,3122,3968,1725,171,35,493,29571,27121,109,2,87,4,5.38545e+06,0,0,0,0,1,2388,0,0,1662,3182,0,0,0,0,0,0,0,0,1659,-1122,0,0,166
1902.8,0,0,0,0,100,4405,1.50682,0.0104301,1.51633,41,0,28,29,33,0,-2,0,0,0,61,3122,3968,1725,171,35,493,29606,27124,109,2,87,4,5.38545e+06,0,0,0,0,1,1317,1163,0,1673,3149,0,0,0,0,0,0,0,0,1659,-1185,0,0,166
1902.81,0,0,0,0,100,4401,1.50676,0.0104212,1.51599,41,0,28,29,33,0,-2,0,0,0,61,3119,3968,1689,171,35,493,29606,27124,109,2,87,4,5.26799e+06,0,0,0,0,1,0,2496,0,1674,3156,0,0,0,0,0,0,0,0,1659,-1164,0,0,166
1902.82,0,0,0,0,99,4393,1.50669,0.0104123,1.51564,41,0,28,29,33,0,-2,0,0,0,61,3119,3968,1689,171,35,493,29606,27124,109,2,87,4,5.26799e+06,0,0,0,0,1,0,1095,1439,1666,3151,0,0,0,0,0,0,0,0,1659,-1204,0,0,166
1902.83,0,0,0,0,100,4400,1.50663,0.0104034,1.51529,41,0,28,29,33,0,-2,0,0,0,61,3119,3968,1692,171,35,493,29606,27124,109,2,87,4,5.27735e+06,0,0,0,0,1,270,0,1935,1643,3106,0,0,0,0,0,0,0,0,1659,-1166,0,0,166
1902.84,0,0,0,0,100,4415,1.50656,0.0103945,1.51495,41,0,28,29,33,0,-2,0,0,0,61,3119,3968,1692,171,35,493,29606,27124,109,2,87,4,5.27735e+06,0,0,0,0,1,2169,0,0,1653,3201,0,0,0,0,0,0,0,0,1659,-1069,0,0,166
1902.85,0,0,0,0,99,4415,1.50649,0.0103856,1.5146,41,0,28,29,33,0,-2,0,0,0,61,3117,3968,1722,171,35,493,29606,27124,109,2,87,4,5.36747e+06,0,0,0,0,1,2169,0,0,1653,3201,0,0,0,0,0,0,0,0,1659,-1069,0,0,166
1902.86,0,0,0,0,100,4414,1.50643,0.0103767,1.51426,41,0,28,29,33,0,-2,0,0,0,61,3117,3968,1709,171,35,493,29606,27124,109,2,87,4,5.32695e+06,0,0,0,0,1,1885,347,0,1673,3115,0,0,0,0,0,0,0,0,1659,-1122,0,0,166
1902.87,0,0,0,0,100,4405,1.50636,0.0103678,1.51391,41,0,28,29,33,0,-2,0,0,0,61,3117,3968,1691,171,35,493,29606,27124,109,2,87,4,5.27085e+06,0,0,0,0,1,0,2384,0,1665,3164,0,0,0,0,0,0,0,0,1659,-1137,0,0,166
1902.88,0,0,0,0,100,4406,1.5063,0.0103589,1.51357,41,0,28,29,33,0,-2,0,0,0,61,3117,3968,1691,171,35,493,29606,27124,109,2,87,4,5.27085e+06,0,0,0,0,1,0,1357,1097,1642,3106,0,0,0,0,0,0,0,0,1659,-1196,0,0,166
1902.89,0,0,0,0,100,4414,1.50623,0.01035,1.51322,41,0,28,29,33,0,-2,0,0,0,61,3116,3968,1708,171,35,493,29606,27124,109,2,87,4,5.32213e+06,0,0,0,0,1,0,0,2419,1656,3130,0,0,0,0,0,0,0,0,1659,-1162,0,0,166
1902.9,0,0,0,0,100,4424,1.50616,0.0103411,1.51287,41,0,28,29,34,0,-2,0,0,0,62,3116,3968,1719,171,35,493,29498,27175,109,2,64,4,5.3564e+06,0,0,0,0,1,977,0,1443,1661,3182,0,0,0,0,0,0,0,0,1659,-1183,0,0,166
1902.91,0,0,0,0,100,4424,1.50606,0.0103469,1.51294,41,0,28,29,34,0,-2,0,0,0,62,3128,3968,1733,171,35,493,29498,27175,109,2,64,4,5.42082e+06,0,0,0,0,1,977,0,1443,1661,3182,0,0,0,0,0,0,0,0,1659,-1183,0,0,166
1902.92,0,0,0,0,100,4420,1.50596,0.0103527,1.51301,41,0,28,29,34,0,-2,0,0,0,62,3128,3968,1733,171,35,493,29498,27175,109,2,64,4,5.42082e+06,0,0,0,0,1,2395,0,0,1668,3175,0,0,0,0,0,0,0,0,1659,-1110,0,0,166
1902.93,0,0,0,0,100,4413,1.50586,0.0103585,1.51308,41,0,28,29,34,0,-2,0,0,0,62,3119,3968,1687,171,35,493,29498,27175,109,2,64,4,5.26175e+06,0,0,0,0,1,1469,944,0,1655,3151,0,0,0,0,0,0,0,0,1659,-1162,0,0,166
1902.94,0,0,0,0,100,4416,1.50576,0.0103643,1.51315,41,0,28,29,34,0,-2,0,0,0,62,3119,3968,1683,172,35,493,29498,27175,109,2,64,4,5.24928e+06,0,0,0,0,1,0,2396,0,1641,3179,0,0,0,0,0,0,0,0,1659,-1137,0,0,166
1902.95,0,0,0,0,100,4430,1.50566,0.0103702,1.51322,41,0,28,29,34,0,-2,0,0,0,62,3127,3968,1698,172,35,493,29498,27175,109,2,64,4,5.30965e+06,0,0,0,0,1,0,1691,643,1653,3115,0,0,0,0,0,0,0,0,1659,-1183,0,0,166
1902.96,0,0,0,0,100,4431,1.50555,0.010376,1.51329,41,0,28,29,34,0,-2,0,0,0,62,3127,3968,1698,172,35,493,29498,27175,109,2,64,4,5.30965e+06,0,0,0,0,1,0,0,2132,1684,3125,0,0,0,0,0,0,0,0,1659,-1157,0,0,166
1902.97,0,0,0,0,100,4431,1.50545,0.0103818,1.51336,41,0,28,29,34,0,-2,0,0,0,62,3127,3965,1706,172,35,493,29498,27175,109,2,64,4,5.33466e+06,0,0,0,0,1,0,0,2132,1684,3125,0,0,0,0,0,0,0,0,1659,-1157,0,0,166
1902.98,0,0,0,0,99,4426,1.50535,0.0103876,1.51343,41,0,28,29,34,0,-2,0,0,0,62,3120,3965,1713,172,35,493,29498,27175,109,2,64,4,5.34456e+06,0,0,0,0,1,0,0,2234,1661,3115,0,0,0,0,0,0,0,0,1659,-1139,0,0,166
1902.99,0,0,0,0,100,4427,1.50525,0.0103934,1.5135,41,0,28,29,34,0,-2,0,0,0,62,3120,3965,1702,172,35,493,29498,27175,109,2,64,4,5.31024e+06,0,0,0,0,1,1827,0,568,1648,3160,0,0,0,0,0,0,0,0,1659,-1154,0,0,166
1903,0,0,0,0,99,4433,1.50515,0.0103992,1.51357,41,0,28,29,34,0,-2,0,0,0,62,3120,3965,1702,172,35,493,29551,27026,109,2,65,4,5.31024e+06,0,0,0,0,1,2468,0,0,1650,3076,0,0,0,0,0,0,0,0,1659,-1138,0,0,166
1903.01,0,0,0,0,100,4439,1.50504,0.0103875,1.5135,41,0,28,29,34,0,-2,0,0,0,62,3125,3965,1700,172,35,493,29551,27026,109,2,65,4,5.3125e+06,0,0,0,0,1,1510,873,0,1655,3151,0,0,0,0,0,0,0,0,1659,-1146,0,0,166
1903.02,0,0,0,0,99,4444,1.50492,0.0103757,1.51342,41,0,28,29,34,0,-2,0,0,0,62,3125,3965,1706,172,35,493,29551,27026,109,2,65,4,5.33125e+06,0,0,0,0,1,27,2101,0,1666,3177,0,0,0,0,0,0,0,0,1659,-1125,0,0,166
1903.03,0,0,0,0,100,4444,1.50481,0.010364,1.51334,41,0,28,29,34,0,-2,0,0,0,62,3125,3965,1699,172,35,493,29551,27026,109,2,65,4,5.30938e+06,0,0,0,0,1,27,2101,0,1666,3177,0,0,0,0,0,0,0,0,1659,-1125,0,0,166
1903.04,0,0,0,0,100,4440,1.5047,0.0103523,1.51326,41,0,28,29,34,0,-2,0,0,0,62,3125,3965,1699,172,35,493,29551,27026,109,2,65,4,5.30938e+06,0,0,0,0,1,0,2462,0,1664,3149,0,0,0,0,0,0,0,0,1659,-1172,0,0,166
1903.05,0,0,0,0,100,4446,1.50459,0.0103405,1.51319,41,0,28,29,34,0,-2,0,0,0,62,3125,3963,1703,172,35,493,29551,27026,109,2,65,4,5.32188e+06,0,0,0,0,1,0,1442,953,1647,3117,0,0,0,0,0,0,0,0,1659,-1163,0,0,166
1903.06,0,0,0,0,100,4453,1.50447,0.0103288,1.51311,41,0,28,29,34,0,-2,0,0,0,62,3125,3963,1710,172,35,493,29551,27026,109,2,65,4,5.34375e+06,0,0,0,0,1,0,267,2008,1664,3151,0,0,0,0,0,0,0,0,1659,-1131,0,0,166
1903.07,0,0,0,0,100,4452,1.50436,0.0103171,1.51303,41,0,28,29,34,0,-2,0,0,0,62,3125,3963,1702,172,35,493,29551,27026,109,2,65,4,5.31875e+06,0,0,0,0,1,0,0,2158,1664,3145,0,0,0,0,0,0,0,0,1659,-1162,0,0,166
1903.08,0,0,0,0,100,4450,1.50425,0.0103053,1.51295,41,0,28,29,34,0,-2,0,0,0,62,3125,3963,1702,172,35,493,29551,27026,109,2,65,4,5.31875e+06,0,0,0,0,1,197,0,1965,1659,3104,0,0,0,0,0,0,0,0,1659,-1163,0,0,166
1903.09,0,0,0,0,100,4450,1.50414,0.0102936,1.51288,41,0,28,29,34,0,-2,0,0,0,62,3121,3963,1693,172,35,493,29551,27026,109,2,65,4,5.28385e+06,0,0,0,0,1,197,0,1965,1659,3104,0,0,0,0,0,0,0,0,1659,-1163,0,0,166
1903.1,0,0,0,0,100,4462,1.50403,0.0102819,1.5128,41,0,28,29,34,0,-2,0,0,0,62,3121,3963,1695,172,35,493,29530,27169,109,2,87,4,5.2901e+06,0,0,0,0,1,1507,0,1012,1650,3134,0,0,0,0,0,0,0,0,1659,-1233,0,0,166
1903.11,0,0,0,0,100,4466,1.50401,0.0102678,1.51288,41,0,28,29,34,0,-2,0,0,0,62,3121,3961,1704,172,35,493,29530,27169,109,2,87,4,5.31818e+06,0,0,0,0,1,2066,0,168,1667,3190,0,0,0,0,0,0,0,0,1659,-1145,0,0,166
1903.12,0,0,0,0,100,4467,1.504,0.0102537,1.51297,41,0,28,29,34,0,-2,0,0,0,62,3121,3961,1704,172,35,493,29530,27169,109,2,87,4,5.31818e+06,0,0,0,0,1,2400,0,0,1668,3177,0,0,0,0,0,0,0,0,1659,-1119,0,0,166
1903.13,0,0,0,0,100,4462,1.50398,0.0102396,1.51305,41,0,28,29,34,0,-2,0,0,0,62,3125,3961,1692,172,35,493,29530,27169,109,2,87,4,5.2875e+06,0,0,0,0,1,2378,0,0,1658,3091,0,0,0,0,0,0,0,0,1659,-1162,0,0,166
1903.14,0,0,0,0,100,4463,1.50396,0.0102254,1.51313,41,0,28,29,34,0,-2,0,0,0,62,3122,3961,1673,172,35,493,29530,27169,109,2,87,4,5.22311e+06,0,0,0,0,1,1626,626,0,1634,3151,0,0,0,0,0,0,0,0,1659,-1097,0,0,166
1903.15,0,0,0,0,100,4463,1.50395,0.0102113,1.51322,41,0,28,29,34,0,-2,0,0,0,62,3122,3961,1676,171,35,493,29530,27169,109,2,87,4,5.23247e+06,0,0,0,0,1,1626,626,0,1634,3151,0,0,0,0,0,0,0,0,1659,-1097,0,0,166
1903.16,0,0,0,0,100,4475,1.50393,0.0101972,1.5133,41,0,28,29,34,0,-2,0,0,0,62,3122,3961,1676,171,35,493,29530,27169,109,2,87,4,5.23247e+06,0,0,0,0,1,995,1456,0,1642,3151,0,0,0,0,0,0,0,0,1659,-1184,0,0,166
1903.17,0,0,0,0,100,4486,1.50392,0.0101831,1.51338,41,0,28,29,34,0,-2,0,0,0,62,3130,3961,1706,171,35,493,29530,27169,109,2,87,4,5.33978e+06,0,0,0,0,1,757,1664,0,1660,3141,0,0,0,0,0,0,0,0,1659,-1141,0,0,166
1903.18,0,0,0,0,100,4476,1.5039,0.010169,1.51347,41,0,28,29,34,0,-2,0,0,0,62,3130,3961,1693,171,35,493,29530,27169,109,2,87,4,5.29909e+06,0,0,0,0,1,71,2089,0,1673,3179,0,0,0,0,0,0,0,0,1659,-1130,0,0,166
1903.19,0,0,0,0,100,4470,1.50388,0.0101549,1.51355,41,0,28,29,34,0,-2,0,0,0,62,3130,3961,1677,171,35,493,29530,27169,109,2,87,4,5.24901e+06,0,0,0,0,1,0,2402,0,1646,3173,0,0,0,0,0,0,0,0,1659,-1142,0,0,166
1903.2,0,0,0,0,100,4477,1.50387,0.0101408,1.51364,41,0,28,29,34,0,-2,0,0,0,62,3130,3961,1677,171,35,493,29704,27236,109,2,87,4,5.24901e+06,0,0,0,0,1,0,2443,0,1633,3153,0,0,0,0,0,0,0,0,1659,-1103,0,0,166
1903.21,0,0,0,0,100,4477,1.50393,0.0101355,1.51353,41,0,28,29,34,0,-2,0,0,0,62,3119,3961,1687,171,35,493,29704,27236,109,2,87,4,5.26175e+06,0,0,0,0,1,0,2443,0,1633,3153,0,0,0,0,0,0,0,0,1659,-1103,0,0,166
1903.22,0,0,0,0,100,4487,1.50399,0.0101302,1.51343,41,0,28,29,34,0,-2,0,0,0,62,3129,3961,1704,171,35,493,29704,27236,109,2,87,4,5.33182e+06,0,0,0,0,1,0,2326,0,1649,3160,0,0,0,0,0,0,0,0,1659,-1115,0,0,166
1903.23,0,0,0,0,100,4490,1.50405,0.0101248,1.51333,41,0,28,29,34,0,-2,0,0,0,62,3129,3961,1698,171,35,493,29704,27236,109,2,87,4,5.31304e+06,0,0,0,0,1,0,2203,0,1658,3162,0,0,0,0,0,0,0,0,1659,-1104,0,0,166
1903.24,0,0,0,0,100,4486,1.50411,0.0101195,1.51323,41,0,28,29,34,0,-2,0,0,0,62,3129,3961,1698,171,35,493,29704,27236,109,2,87,4,5.31304e+06,0,0,0,0,1,0,2063,119,1658,3151,0,0,0,0,0,0,0,0,1659,-1162,0,0,166
1903.25,0,0,0,0,100,4481,1.50417,0.0101142,1.51313,41,0,28,29,34,0,-2,0,0,0,62,3120,3961,1680,170,35,493,29704,27236,109,2,87,4,5.2416e+06,0,0,0,0,1,0,2195,0,1642,3175,0,0,0,0,0,0,0,0,1659,-1083,0,0,166
1903.26,0,0,0,0,99,4489,1.50423,0.0101089,1.51303,41,0,28,29,34,0,-2,0,0,0,62,3120,3961,1676,170,35,493,29704,27236,109,2,87,4,5.22912e+06,0,0,0,0,1,0,2093,29,1636,3125,0,0,0,0,0,0,0,0,1659,-1115,0,0,166
1903.27,0,0,0,0,99,4489,1.50429,0.0101035,1.51293,41,0,28,29,34,0,-2,0,0,0,62,3120,3961,1697,170,35,493,29704,27236,109,2,87,4,5.29464e+06,0,0,0,0,1,0,2093,29,1636,3125,0,0,0,0,0,0,0,0,1659,-1115,0,0,166
1903.28,0,0,0,0,100,4496,1.50435,0.0100982,1.51283,41,0,28,29,34,0,-2,0,0,0,62,3120,3961,1697,170,35,493,29704,27236,109,2,87,4,5.29464e+06,0,0,0,0,1,0,1992,213,1658,3108,0,0,0,0,0,0,0,0,1659,-1163,0,0,166
1903.29,0,0,0,0,100,4492,1.50441,0.0100929,1.51273,41,0,28,29,34,0,-2,0,0,0,62,3116,3961,1698,170,35,493,29704,27236,109,2,87,4,5.29097e+06,0,0,0,0,1,0,1788,500,1657,3106,0,0,0,0,0,0,0,0,1659,-1169,0,0,166
1903.3,0,0,0,0,100,4494,1.50447,0.0100876,1.51263,41,0,28,29,33,0,-2,0,0,0,62,3116,3961,1676,170,35,493,29553,27069,109,2,65,4,5.22242e+06,0,0,0,0,1,0,1614,648,1641,3125,0,0,0,0,0,0,0,0,1659,-1146,0,0,166
1903.31,0,0,0,0,100,4502,1.50433,0.0100655,1.51264,41,0,28,29,33,0,-2,0,0,0,62,3121,3961,1681,170,35,493,29553,27069,109,2,65,4,5.2464e+06,0,0,0,0,1,0,1681,574,1650,3124,0,0,0,0,0,0,0,0,1659,-1154,0,0,166
1903.32,0,0,0,0,100,4503,1.50419,0.0100434,1.51266,41,0,28,29,33,0,-2,0,0,0,62,3121,3961,1681,170,35,493,29553,27069,109,2,65,4,5.2464e+06,0,0,0,0,1,0,2321,0,1654,3162,0,0,0,0,0,0,0,0,1659,-1107,0,0,166
1903.33,0,0,0,0,100,4503,1.50404,0.0100213,1.51268,41,0,28,29,33,0,-2,0,0,0,62,3121,3961,1682,170,35,493,29553,27069,109,2,65,4,5.24952e+06,0,0,0,0,1,0,2321,0,1654,3162,0,0,0,0,0,0,0,0,1659,-1107,0,0,166
1903.34,0,0,0,0,100,4502,1.5039,0.00999923,1.51269,41,0,28,29,33,0,-2,0,0,0,62,3121,3961,1693,170,35,493,29553,27069,109,2,65,4,5.28385e+06,0,0,0,0,1,0,1886,391,1656,3115,0,0,0,0,0,0,0,0,1659,-1165,0,0,166
1903.35,0,0,0,0,100,4503,1.50375,0.00997715,1.51271,41,0,28,29,33,0,-2,0,0,0,62,3123,3961,1687,170,35,493,29553,27069,109,2,65,4,5.2685e+06,0,0,0,0,1,0,1929,268,1650,3115,0,0,0,0,0,0,0,0,1659,-1160,0,0,166
1903.36,0,0,0,0,100,4511,1.50361,0.00995506,1.51272,41,0,28,29,33,0,-2,0,0,0,62,3123,3961,1687,170,35,493,29553,27069,109,2,65,4,5.2685e+06,0,0,0,0,1,0,2150,0,1632,3145,0,0,0,0,0,0,0,0,1659,-1084,0,0,166
1903.37,0,0,0,0,99,4521,1.50347,0.00993297,1.51274,41,0,28,29,33,0,-2,0,0,0,62,3127,3961,1691,170,35,493,29553,27069,109,2,65,4,5.28776e+06,0,0,0,0,1,0,2370,0,1653,3138,0,0,0,0,0,0,0,0,1659,-1135,0,0,166
1903.38,0,0,0,0,99,4519,1.50332,0.00991089,1.51276,41,0,28,29,33,0,-2,0,0,0,62,3127,3961,1695,170,35,493,29553,27069,109,2,65,4,5.30026e+06,0,0,0,0,1,0,2378,0,1660,3184,0,0,0,0,0,0,0,0,1659,-1104,0,0,166
1903.39,0,0,0,0,100,4519,1.50318,0.0098888,1.51277,41,0,28,29,33,0,-2,0,0,0,62,3120,3961,1693,170,35,493,29553,27069,109,2,65,4,5.28216e+06,0,0,0,0,1,0,2378,0,1660,3184,0,0,0,0,0,0,0,0,1659,-1104,0,0,166
1903.4,0,0,0,0,100,4511,1.50303,0.00986671,1.51279,41,0,28,29,33,0,-2,0,0,0,62,3120,3961,1693,170,35,493,29628,27055,110,2,87,4,5.28216e+06,0,0,0,0,1,0,2341,0,1645,3171,0,0,0,0,0,0,0,0,1659,-1114,0,0,166
1903.41,0,0,0,0,99,4517,1.50296,0.00984872,1.51266,41,0,28,29,33,0,-2,0,0,0,62,3120,3958,1694,170,35,493,29628,27055,110,2,87,4,5.28528e+06,0,0,0,0,1,0,2116,0,1620,3171,0,0,0,0,0,0,0,0,1659,-1031,0,0,166
1903.42,0,0,0,0,100,4530,1.50288,0.00983072,1.51254,41,0,28,29,33,0,-2,0,0,0,62,3133,3958,1703,170,35,493,29628,27055,110,2,87,4,5.3355e+06,0,0,0,0,1,632,1732,0,1640,3162,0,0,0,0,0,0,0,0,1659,-1104,0,0,166
1903.43,0,0,0,0,99,4533,1.50281,0.00981273,1.51241,41,0,28,29,33,0,-2,0,0,0,62,3133,3958,1688,170,35,493,29628,27055,110,2,87,4,5.2885e+06,0,0,0,0,1,1407,1005,0,1650,3145,0,0,0,0,0,0,0,0,1659,-1149,0,0,166
1903.44,0,0,0,0,99,4530,1.50273,0.00979473,1.51229,41,0,28,29,33,0,-2,0,0,0,62,3133,3958,1688,170,35,493,29628,27055,110,2,87,4,5.2885e+06,0,0,0,0,1,2099,0,0,1645,3119,0,0,0,0,0,0,0,0,1659,-1094,0,0,166
1903.45,0,0,0,0,99,4530,1.50265,0.00977674,1.51216,41,0,28,29,33,0,-2,0,0,0,62,3122,3958,1680,170,35,493,29628,27055,110,2,87,4,5.24496e+06,0,0,0,0,1,2099,0,0,1645,3119,0,0,0,0,0,0,0,0,1659,-1094,0,0,166
1903.46,0,0,0,0,100,4527,1.50258,0.00975874,1.51204,41,0,28,29,33,0,-2,0,0,0,62,3124,3958,1659,171,35,493,29628,27055,110,2,87,4,5.18272e+06,0,0,0,0,1,2421,0,0,1642,3074,0,0,0,0,0,0,0,0,1659,-1123,0,0,166
1903.47,0,0,0,0,100,4534,1.5025,0.00974075,1.51191,41,0,28,29,33,0,-2,0,0,0,62,3124,3958,1681,171,35,493,29628,27055,110,2,87,4,5.25144e+06,0,0,0,0,1,2288,0,0,1626,3186,0,0,0,0,0,0,0,0,1659,-1052,0,0,166
1903.48,0,0,0,0,100,4544,1.50243,0.00972275,1.51179,41,0,28,29,33,0,-2,0,0,0,62,3124,3958,1681,171,35,493,29628,27055,110,2,87,4,5.25144e+06,0,0,0,0,1,1727,0,635,1639,3151,0,0,0,0,0,0,0,0,1659,-1105,0,0,166
1903.49,0,0,0,0,100,4541,1.50235,0.00970476,1.51166,41,0,28,29,33,0,-2,0,0,0,62,3121,3958,1706,171,35,493,29628,27055,110,2,87,4,5.32443e+06,0,0,0,0,1,681,0,1617,1647,3175,0,0,0,0,0,0,0,0,1659,-1128,0,0,166
1903.5,0,0,0,0,100,4538,1.50227,0.00968676,1.51154,41,0,28,29,34,0,-2,0,0,0,62,3121,3958,1677,171,35,493,29590,27329,109,2,64,4,5.23392e+06,0,0,0,0,1,0,0,2287,1639,3102,0,0,0,0,0,0,0,0,1659,-1109,0,0,166
1903.51,0,0,0,0,100,4538,1.50235,0.00970325,1.51156,41,0,28,29,34,0,-2,0,0,0,62,3121,3958,1671,171,35,493,29590,27329,109,2,64,4,5.21519e+06,0,0,0,0,1,0,0,2287,1639,3102,0,0,0,0,0,0,0,0,1659,-1109,0,0,166
1903.52,0,0,0,0,100,4545,1.50242,0.00971973,1.51158,41,0,28,29,34,0,-2,0,0,0,62,3121,3958,1671,171,35,493,29590,27329,109,2,64,4,5.21519e+06,0,0,0,0,1,0,0,2267,1630,3130,0,0,0,0,0,0,0,0,1659,-1069,0,0,166
1903.53,0,0,0,0,100,4549,1.50249,0.00973622,1.5116,41,0,28,29,34,0,-2,0,0,0,62,3138,3958,1688,171,35,493,29590,27329,109,2,64,4,5.29694e+06,0,0,0,0,1,0,806,1560,1645,3162,0,0,0,0,0,0,0,0,1659,-1167,0,0,166
1903.54,0,0,0,0,100,4549,1.50257,0.0097527,1.51162,41,0,28,29,34,0,-2,0,0,0,62,3138,3958,1683,171,35,493,29590,27329,109,2,64,4,5.28125e+06,0,0,0,0,1,0,1945,222,1645,3119,0,0,0,0,0,0,0,0,1659,-1134,0,0,166
1903.55,0,0,0,0,99,4547,1.50264,0.00976919,1.51164,41,0,28,29,34,0,-2,0,0,0,62,3138,3958,1677,171,35,493,29590,27329,109,2,64,4,5.26243e+06,0,0,0,0,1,0,2367,0,1633,3175,0,0,0,0,0,0,0,0,1659,-1088,0,0,166
1903.56,0,0,0,0,100,4550,1.50271,0.00978567,1.51166,41,0,28,29,34,0,-2,0,0,0,62,3138,3958,1677,170,35,493,29590,27329,109,2,64,4,5.26243e+06,0,0,0,0,1,296,1907,0,1636,3184,0,0,0,0,0,0,0,0,1659,-1076,0,0,166
1903.57,0,0,0,0,100,4550,1.50279,0.00980216,1.51168,41,0,28,29,34,0,-2,0,0,0,62,3123,3958,1655,170,35,493,29590,27329,109,2,64,4,5.16856e+06,0,0,0,0,1,296,1907,0,1636,3184,0,0,0,0,0,0,0,0,1659,-1076,0,0,166
1903.58,0,0,0,0,99,4556,1.50286,0.00981864,1.5117,41,0,28,29,34,0,-2,0,0,0,62,3123,3958,1667,170,35,493,29590,27329,109,2,64,4,5.20604e+06,0,0,0,0,1,2225,0,0,1631,3110,0,0,0,0,0,0,0,0,1659,-1015,0,0,166
1903.59,0,0,0,0,99,4562,1.50293,0.00983513,1.51172,41,0,28,29,34,0,-2,0,0,0,62,3133,3958,1683,170,35,493,29590,27329,109,2,64,4,5.27284e+06,0,0,0,0,1,2366,0,0,1645,3121,0,0,0,0,0,0,0,0,1659,-1037,0,0,166
1903.6,0,0,0,0,99,4552,1.50301,0.00985161,1.51174,41,0,28,29,33,0,-2,0,0,0,62,3133,3958,1683,170,35,493,29671,27238,109,2,65,4,5.27284e+06,0,0,0,0,1,1878,0,400,1649,3190,0,0,0,0,0,0,0,0,1659,-1113,0,0,166
1903.61,0,0,0,0,99,4556,1.50283,0.00985145,1.51166,41,0,28,29,33,0,-2,0,0,0,62,3133,3958,1677,170,35,493,29671,27238,109,2,65,4,5.25404e+06,0,0,0,0,1,468,0,1703,1623,3153,0,0,0,0,0,0,0,0,1659,-1091,0,0,166
1903.62,0,0,0,0,99,4566,1.50265,0.00985128,1.51158,41,0,28,29,33,0,-2,0,0,0,62,3124,3958,1681,170,35,493,29671,27238,109,2,65,4,5.25144e+06,0,0,0,0,1,0,0,2289,1626,3125,0,0,0,0,0,0,0,0,1659,-1064,0,0,166
1903.63,0,0,0,0,100,4566,1.50248,0.00985112,1.5115,41,0,28,29,33,0,-2,0,0,0,62,3124,3958,1687,170,35,493,29671,27238,109,2,65,4,5.27019e+06,0,0,0,0,1,0,0,2289,1626,3125,0,0,0,0,0,0,0,0,1659,-1064,0,0,166
1903.64,0,0,0,0,100,4569,1.5023,0.00985095,1.51141,41,0,28,29,33,0,-2,0,0,0,62,3124,3958,1687,170,35,493,29671,27238,109,2,65,4,5.27019e+06,0,0,0,0,1,0,1017,1382,1650,3149,0,0,0,0,0,0,0,0,1659,-1157,0,0,166
1903.65,0,0,0,0,99,4565,1.50212,0.00985079,1.51133,41,0,28,29,33,0,-2,0,0,0,62,3118,3958,1681,170,35,493,29671,27238,109,2,65,4,5.24136e+06,0,0,0,0,1,0,2333,0,1642,3166,0,0,0,0,0,0,0,0,1659,-1090,0,0,166
1903.66,0,0,0,0,100,4566,1.50194,0.00985062,1.51125,41,0,28,29,33,0,-2,0,0,0,62,3118,3958,1680,170,35,493,29671,27238,109,2,65,4,5.23824e+06,0,0,0,0,1,165,1935,0,1634,3192,0,0,0,0,0,0,0,0,1659,-1050,0,0,166
1903.67,0,0,0,0,99,4573,1.50177,0.00985046,1.51117,41,0,28,29,33,0,-2,0,0,0,62,3118,3958,1665,171,35,493,29671,27238,109,2,65,4,5.19147e+06,0,0,0,0,1,1874,167,0,1625,3130,0,0,0,0,0,0,0,0,1659,-1017,0,0,166
1903.68,0,0,0,0,100,4582,1.50159,0.00985029,1.51108,41,0,28,29,33,0,-2,0,0,0,62,3118,3958,1665,171,35,493,29671,27238,109,2,65,4,5.19147e+06,0,0,0,0,1,2069,0,0,1635,3194,0,0,0,0,0,0,0,0,1659,-1004,0,0,166
1903.69,0,0,0,0,100,4582,1.50141,0.00985013,1.511,41,0,28,29,33,0,-2,0,0,0,62,3123,3958,1682,171,35,493,29671,27238,109,2,65,4,5.25289e+06,0,0,0,0,1,2069,0,0,1635,3194,0,0,0,0,0,0,0,0,1659,-1004,0,0,166
1903.7,0,0,0,0,100,4580,1.50123,0.00984996,1.51092,41,0,28,29,34,0,-2,0,0,0,62,3123,3958,1692,171,35,493,29605,27165,109,2,87,4,5.28412e+06,0,0,0,0,1,353,0,1820,1650,3127,0,0,0,0,0,0,0,0,1659,-1111,0,0,166
1903.71,0,0,0,0,100,4572,1.50115,0.00982418,1.51095,41,0,28,29,34,0,-2,0,0,0,62,3119,3958,1681,171,35,493,29605,27165,109,2,87,4,5.24304e+06,0,0,0,0,1,0,0,2275,1638,3121,0,0,0,0,0,0,0,0,1659,-1080,0,0,166
1903.72,0,0,0,0,100,4581,1.50107,0.0097984,1.51098,41,0,28,29,34,0,-2,0,0,0,62,3119,3958,1681,171,35,493,29605,27165,109,2,87,4,5.24304e+06,0,0,0,0,1,0,1523,730,1614,3102,0,0,0,0,0,0,0,0,1659,-1056,0,0,166
1903.73,0,0,0,0,100,4593,1.50098,0.00977263,1.51101,41,0,28,29,34,0,-2,0,0,0,62,3119,3955,1665,171,35,493,29605,27165,109,2,87,4,5.19314e+06,0,0,0,0,1,0,2169,0,1634,3151,0,0,0,0,0,0,0,0,1659,-1082,0,0,166
1903.74,0,0,0,0,100,4594,1.5009,0.00974685,1.51104,41,0,28,29,34,0,-2,0,0,0,62,3119,3955,1686,171,35,493,29605,27165,109,2,87,4,5.25863e+06,0,0,0,0,1,2020,41,0,1639,3125,0,0,0,0,0,0,0,0,1659,-1119,0,0,166
1903.75,0,0,0,0,100,4594,1.50082,0.00972107,1.51107,41,0,28,29,34,0,-2,0,0,0,62,3129,3955,1681,171,35,493,29605,27165,109,2,87,4,5.25985e+06,0,0,0,0,1,2020,41,0,1639,3125,0,0,0,0,0,0,0,0,1659,-1119,0,0,166
1903.76,0,0,0,0,99,4588,1.50073,0.00969529,1.5111,41,0,28,29,34,0,-2,0,0,0,62,3129,3955,1681,171,35,493,29605,27165,109,2,87,4,5.25985e+06,0,0,0,0,1,1950,0,148,1636,3149,0,0,0,0,0,0,0,0,1659,-1146,0,0,166
1903.77,0,0,0,0,100,4587,1.50065,0.00966951,1.51114,41,0,28,29,34,0,-2,0,0,0,62,3119,3955,1659,172,35,493,29605,27165,109,2,87,4,5.17442e+06,0,0,0,0,1,0,0,2378,1624,3134,0,0,0,0,0,0,0,0,1659,-1080,0,0,166
1903.78,0,0,0,0,100,4596,1.50056,0.00964373,1.51117,41,0,28,29,34,0,-2,0,0,0,62,3119,3955,1667,172,35,493,29605,27165,109,2,87,4,5.19937e+06,0,0,0,0,1,0,1363,996,1629,3098,0,0,0,0,0,0,0,0,1659,-1149,0,0,166
1903.79,0,0,0,0,100,4607,1.50048,0.00961795,1.5112,41,0,28,29,34,0,-2,0,0,0,62,3123,3955,1673,172,35,493,29605,27165,109,2,87,4,5.22478e+06,0,0,0,0,1,0,2081,0,1625,3168,0,0,0,0,0,0,0,0,1659,-1020,0,0,166
1903.8,0,0,0,0,100,4603,1.5004,0.00959217,1.51123,41,0,28,29,34,0,-2,0,0,0,63,3123,3955,1673,172,35,493,29568,26933,109,2,87,4,5.22478e+06,0,0,0,0,1,2233,0,0,1642,3108,0,0,0,0,0,0,0,0,1659,-1074,0,0,166
1903.81,0,0,0,0,99,4603,1.50026,0.00957876,1.51108,41,0,28,29,34,0,-2,0,0,0,63,3123,3954,1665,172,35,493,29568,26933,109,2,87,4,5.1998e+06,0,0,0,0,1,2233,0,0,1642,3108,0,0,0,0,0,0,0,0,1659,-1074,0,0,166
1903.82,0,0,0,0,99,4602,1.50011,0.00956534,1.51094,41,0,28,29,34,0,-2,0,0,0,63,3120,3954,1661,172,35,493,29568,26933,109,2,87,4,5.18232e+06,0,0,0,0,1,1595,0,820,1628,3160,0,0,0,0,0,0,0,0,1659,-1145,0,0,166
1903.83,0,0,0,0,100,4606,1.49997,0.00955193,1.51079,41,0,28,29,34,0,-2,0,0,0,63,3120,3954,1664,172,35,493,29568,26933,109,2,87,4,5.19168e+06,0,0,0,0,1,0,109,1967,1620,3134,0,0,0,0,0,0,0,0,1659,-1124,0,0,166
1903.84,0,0,0,0,100,4609,1.49983,0.00953852,1.51064,41,0,28,29,34,0,-2,0,0,0,63,3120,3954,1664,172,35,493,29568,26933,109,2,87,4,5.19168e+06,0,0,0,0,1,0,1902,189,1639,3125,0,0,0,0,0,0,0,0,1659,-1094,0,0,166
1903.85,0,0,0,0,100,4609,1.49969,0.0095251,1.51049,41,0,28,29,34,0,-2,0,0,0,63,3133,3954,1676,172,35,493,29568,26933,109,2,87,4,5.25091e+06,0,0,0,0,1,665,1705,0,1631,3164,0,0,0,0,0,0,0,0,1659,-1096,0,0,166
1903.86,0,0,0,0,100,4614,1.49955,0.00951169,1.51035,41,0,28,29,34,0,-2,0,0,0,63,3127,3954,1673,172,35,493,29568,26933,109,2,87,4,5.23147e+06,0,0,0,0,1,2278,0,0,1621,3168,0,0,0,0,0,0,0,0,1659,-999,0,0,166
1903.87,0,0,0,0,100,4614,1.49941,0.00949827,1.5102,41,0,28,29,34,0,-2,0,0,0,63,3127,3954,1671,172,35,493,29568,26933,109,2,87,4,5.22522e+06,0,0,0,0,1,2278,0,0,1621,3168,0,0,0,0,0,0,0,0,1659,-999,0,0,166
1903.88,0,0,0,0,100,4618,1.49926,0.00948486,1.51005,41,0,28,29,34,0,-2,0,0,0,63,3127,3954,1671,171,35,493,29568,26933,109,2,87,4,5.22522e+06,0,0,0,0,1,0,0,2080,1633,3095,0,0,0,0,0,0,0,0,1659,-1086,0,0,166
1903.89,0,0,0,0,99,4621,1.49912,0.00947145,1.50991,41,0,28,29,34,0,-2,0,0,0,63,3130,3952,1658,171,35,493,29568,26933,109,2,87,4,5.18954e+06,0,0,0,0,1,0,1095,1314,1636,3158,0,0,0,0,0,0,0,0,1659,-1123,0,0,166
1903.9,0,0,0,0,99,4617,1.49898,0.00945803,1.50976,41,0,28,29,35,0,-2,0,0,0,63,3130,3952,1666,171,35,493,29618,27400,109,2,64,4,5.21458e+06,0,0,0,0,1,0,2066,0,1629,3168,0,0,0,0,0,0,0,0,1659,-1016,0,0,166
1903.91,0,0,0,0,100,4614,1.49911,0.00946625,1.50968,41,0,28,29,35,0,-2,0,0,0,63,3130,3952,1671,171,35,493,29618,27400,109,2,64,4,5.23023e+06,0,0,0,0,1,2318,0,0,1620,3106,0,0,0,0,0,0,0,0,1659,-1072,0,0,166
1903.92,0,0,0,0,100,4624,1.49923,0.00947447,1.5096,41,0,28,29,35,0,-2,0,0,0,63,3130,3952,1671,171,35,493,29618,27400,109,2,64,4,5.23023e+06,0,0,0,0,1,698,0,1505,1611,3190,0,0,0,0,0,0,0,0,1659,-1078,0,0,166
1903.93,0,0,0,0,100,4624,1.49936,0.00948269,1.50952,41,0,28,29,35,0,-2,0,0,0,63,3126,3952,1664,171,35,493,29618,27400,109,2,64,4,5.20166e+06,0,0,0,0,1,698,0,1505,1611,3190,0,0,0,0,0,0,0,0,1659,-1078,0,0,166
1903.94,0,0,0,0,100,4638,1.49948,0.00949091,1.50944,41,0,28,29,35,0,-2,0,0,0,63,3126,3952,1661,171,35,493,29618,27400,109,2,64,4,5.19229e+06,0,0,0,0,1,0,897,1457,1644,3102,0,0,0,0,0,0,0,0,1659,-1149,0,0,166
1903.95,0,0,0,0,100,4634,1.49961,0.00949912,1.50936,41,0,28,29,35,0,-2,0,0,0,63,3126,3952,1677,171,35,493,29618,27400,109,2,64,4,5.2423e+06,0,0,0,0,1,130,1989,0,1646,3186,0,0,0,0,0,0,0,0,1659,-1050,0,0,166
1903.96,0,0,0,0,100,4625,1.49974,0.00950734,1.50928,41,0,28,29,35,0,-2,0,0,0,63,3126,3952,1677,171,35,493,29618,27400,109,2,64,4,5.2423e+06,0,0,0,0,1,2337,0,0,1625,3136,0,0,0,0,0,0,0,0,1659,-1034,0,0,166
1903.97,0,0,0,0,100,4626,1.49986,0.00951556,1.5092,41,0,28,29,35,0,-2,0,0,0,63,3121,3952,1667,171,35,493,29618,27400,109,2,64,4,5.20271e+06,0,0,0,0,1,0,0,2062,1614,3098,0,0,0,0,0,0,0,0,1659,-1068,0,0,166
1903.98,0,0,0,0,100,4639,1.49999,0.00952378,1.50912,41,0,28,29,35,0,-2,0,0,0,63,3121,3952,1658,170,35,493,29618,27400,109,2,64,4,5.17462e+06,0,0,0,0,1,0,1489,812,1610,3119,0,0,0,0,0,0,0,0,1659,-1087,0,0,166
1903.99,0,0,0,0,100,4639,1.50011,0.009532,1.50904,41,0,28,29,35,0,-2,0,0,0,63,3126,3952,1658,170,35,493,29618,27400,109,2,64,4,5.18291e+06,0,0,0,0,1,0,1489,812,1610,3119,0,0,0,0,0,0,0,0,1659,-1087,0,0,166
1904,0,0,0,0,100,4650,1.50024,0.00954022,1.50896,41,0,28,29,34,0,-2,0,0,0,63,3126,3952,1658,170,35,493,29591,27260,109,2,87,4,5.18291e+06,0,0,0,0,1,1108,1207,0,1626,3158,0,0,0,0,0,0,0,0,1659,-1066,0,0,166
1904.01,0,0,0,0,100,4645,1.50011,0.00952913,1.50883,41,0,28,29,34,0,-2,0,0,0,63,3126,3952,1671,170,35,493,29591,27260,109,2,87,4,5.22355e+06,0,0,0,0,1,1702,0,667,1652,3141,0,0,0,0,0,0,0,0,1659,-1104,0,0,166
1904.02,0,0,0,0,100,4638,1.49998,0.00951804,1.50871,41,0,28,29,34,0,-2,0,0,0,63,3125,3952,1667,170,35,493,29591,27260,109,2,87,4,5.20938e+06,0,0,0,0,1,0,0,2052,1616,3134,0,0,0,0,0,0,0,0,1659,-1000,0,0,166
1904.03,0,0,0,0,100,4644,1.49985,0.00950696,1.50858,41,0,28,29,34,0,-2,0,0,0,63,3125,3952,1644,170,35,493,29591,27260,109,2,87,4,5.1375e+06,0,0,0,0,1,0,2269,0,1614,3188,0,0,0,0,0,0,0,0,1659,-1040,0,0,166
1904.04,0,0,0,0,100,4651,1.49972,0.00949587,1.50845,41,0,28,29,34,0,-2,0,0,0,63,3125,3952,1644,170,35,493,29591,27260,109,2,87,4,5.1375e+06,0,0,0,0,1,2395,0,0,1618,3086,0,0,0,0,0,0,0,0,1659,-1064,0,0,166
1904.05,0,0,0,0,100,4651,1.4996,0.00948479,1.50833,41,0,28,29,34,0,-2,0,0,0,63,3126,3952,1671,170,35,493,29591,27260,109,2,87,4,5.22355e+06,0,0,0,0,1,2395,0,0,1618,3086,0,0,0,0,0,0,0,0,1659,-1064,0,0,166
1904.06,0,0,0,0,100,4653,1.49947,0.0094737,1.5082,41,0,28,29,34,0,-2,0,0,0,63,3126,3952,1681,170,35,493,29591,27260,109,2,87,4,5.25481e+06,0,0,0,0,1,0,0,2316,1628,3112,0,0,0,0,0,0,0,0,1659,-1054,0,0,166
1904.07,0,0,0,0,100,4659,1.49934,0.00946262,1.50807,41,0,28,29,34,0,-2,0,0,0,63,3126,3952,1663,170,35,493,29591,27260,109,2,87,4,5.19854e+06,0,0,0,0,1,0,2236,0,1625,3160,0,0,0,0,0,0,0,0,1659,-1060,0,0,166
1904.08,0,0,0,0,100,4660,1.49921,0.00945153,1.50794,41,0,28,29,34,0,-2,0,0,0,63,3126,3952,1663,170,35,493,29591,27260,109,2,87,4,5.19854e+06,0,0,0,0,1,2325,0,0,1615,3115,0,0,0,0,0,0,0,0,1659,-981,0,0,166
1904.09,0,0,0,0,100,4660,1.49908,0.00944044,1.50782,41,0,28,29,34,0,-2,0,0,0,63,3127,3952,1650,170,35,493,29591,27260,109,2,87,4,5.15955e+06,0,0,0,0,1,0,0,2119,1625,3089,0,0,0,0,0,0,0,0,1659,-1057,0,0,166
1904.1,0,0,0,0,100,4659,1.49895,0.00942936,1.50769,41,0,28,29,35,0,-2,0,0,0,63,3127,3952,1650,170,35,493,29677,27348,109,2,87,4,5.15955e+06,0,0,0,0,1,0,1960,60,1626,3130,0,0,0,0,0,0,0,0,1659,-1065,0,0,166
1904.11,0,0,0,0,99,4659,1.49892,0.0094238,1.50769,41,0,28,29,35,0,-2,0,0,0,63,3137,3952,1663,170,35,493,29677,27348,109,2,87,4,5.21683e+06,0,0,0,0,1,0,1960,60,1626,3130,0,0,0,0,0,0,0,0,1659,-1065,0,0,166
1904.12,0,0,0,0,99,4662,1.49888,0.00941824,1.50769,41,0,28,29,35,0,-2,0,0,0,63,3137,3952,1663,170,35,493,29677,27348,109,2,87,4,5.21683e+06,0,0,0,0,1,1844,169,0,1611,3136,0,0,0,0,0,0,0,0,1659,-989,0,0,166
1904.13,0,0,0,0,100,4673,1.49885,0.00941269,1.50769,41,0,28,29,35,0,-2,0,0,0,63,3137,3952,1647,170,35,493,29677,27348,109,2,87,4,5.16664e+06,0,0,0,0,1,52,0,1914,1617,3112,0,0,0,0,0,0,0,0,1659,-1044,0,0,166
1904.14,0,0,0,0,99,4681,1.49881,0.00940713,1.50768,41,0,28,29,35,0,-2,0,0,0,63,3121,3952,1649,170,35,493,29677,27348,109,2,87,4,5.14653e+06,0,0,0,0,1,0,2214,0,1636,3151,0,0,0,0,0,0,0,0,1659,-1066,0,0,166
1904.15,0,0,0,0,99,4672,1.49878,0.00940157,1.50768,41,0,28,29,35,0,-2,0,0,0,63,3121,3952,1664,170,35,493,29677,27348,109,2,87,4,5.19334e+06,0,0,0,0,1,2318,0,0,1633,3089,0,0,0,0,0,0,0,0,1659,-1071,0,0,166
1904.16,0,0,0,0,99,4666,1.49874,0.00939602,1.50768,41,0,28,29,35,0,-2,0,0,0,63,3121,3952,1664,170,35,493,29677,27348,109,2,87,4,5.19334e+06,0,0,0,0,1,0,0,2279,1614,3117,0,0,0,0,0,0,0,0,1659,-1051,0,0,166
1904.17,0,0,0,0,100,4666,1.49871,0.00939046,1.50768,41,0,28,29,35,0,-2,0,0,0,63,3130,3952,1641,170,35,493,29677,27348,109,2,87,4,5.13633e+06,0,0,0,0,1,0,0,2279,1614,3117,0,0,0,0,0,0,0,0,1659,-1051,0,0,166
1904.18,0,0,0,0,100,4675,1.49868,0.0093849,1.50768,41,0,28,29,35,0,-2,0,0,0,63,3131,3952,1660,170,35,493,29677,27348,109,2,87,4,5.19746e+06,0,0,0,0,1,0,2291,0,1606,3184,0,0,0,0,0,0,0,0,1659,-1042,0,0,166
1904.19,0,0,0,0,100,4686,1.49864,0.00937934,1.50768,41,0,28,29,35,0,-2,0,0,0,63,3131,3952,1658,170,35,493,29677,27348,109,2,87,4,5.1912e+06,0,0,0,0,1,2243,0,0,1606,3124,0,0,0,0,0,0,0,0,1659,-968,0,0,166
1904.2,0,0,0,0,100,4691,1.49861,0.00937379,1.50768,41,0,28,29,33,0,-2,0,0,0,63,3131,3952,1658,170,35,493,29680,27171,109,2,68,4,5.1912e+06,0,0,0,0,1,0,0,2117,1626,3112,0,0,0,0,0,0,0,0,1659,-1016,0,0,166
1904.21,0,0,0,0,100,4682,1.49846,0.00936228,1.50752,41,0,28,29,33,0,-2,0,0,0,63,3131,3950,1658,170,35,493,29680,27171,109,2,68,4,5.1912e+06,0,0,0,0,1,229,1894,0,1638,3179,0,0,0,0,0,0,0,0,1659,-1035,0,0,166
1904.22,0,0,0,0,100,4680,1.49832,0.00935076,1.50737,41,0,28,29,33,0,-2,0,0,0,63,3125,3950,1648,170,35,493,29680,27171,109,2,68,4,5.15e+06,0,0,0,0,1,1714,0,564,1609,3182,0,0,0,0,0,0,0,0,1659,-1061,0,0,166
1904.23,0,0,0,0,100,4680,1.49818,0.00933925,1.50721,41,0,28,29,33,0,-2,0,0,0,63,3125,3950,1649,170,35,493,29680,27171,109,2,68,4,5.15312e+06,0,0,0,0,1,1714,0,564,1609,3182,0,0,0,0,0,0,0,0,1659,-1061,0,0,166
1904.24,0,0,0,0,100,4688,1.49803,0.00932774,1.50706,41,0,28,29,33,0,-2,0,0,0,63,3125,3950,1649,170,35,493,29680,27171,109,2,68,4,5.15312e+06,0,0,0,0,1,0,1058,1300,1604,3166,0,0,0,0,0,0,0,0,1659,-1051,0,0,166
1904.25,0,0,0,0,99,4694,1.49789,0.00931623,1.5069,41,0,28,29,33,0,-2,0,0,0,63,3127,3950,1677,170,35,493,29680,27171,109,2,68,4,5.24398e+06,0,0,0,0,1,1691,448,0,1616,3136,0,0,0,0,0,0,0,0,1659,-1029,0,0,166
1904.26,0,0,0,0,100,4695,1.49775,0.00930472,1.50674,41,0,28,29,33,0,-2,0,0,0,63,3127,3950,1664,170,35,493,29680,27171,109,2,68,4,5.20333e+06,0,0,0,0,1,0,0,2148,1617,3125,0,0,0,0,0,0,0,0,1659,-1041,0,0,166
1904.27,0,0,0,0,100,4698,1.4976,0.00929321,1.50659,41,0,28,29,33,0,-2,0,0,0,63,3130,3950,1659,170,35,493,29680,27171,109,2,68,4,5.19267e+06,0,0,0,0,1,0,2302,0,1612,3166,0,0,0,0,0,0,0,0,1659,-987,0,0,166
1904.28,0,0,0,0,100,4699,1.49746,0.0092817,1.50643,41,0,28,29,33,0,-2,0,0,0,63,3130,3950,1659,170,35,493,29680,27171,109,2,68,4,5.19267e+06,0,0,0,0,1,1568,0,744,1615,3153,0,0,0,0,0,0,0,0,1659,-1055,0,0,166
1904.29,0,0,0,0,100,4699,1.49731,0.00927019,1.50628,41,0,28,29,33,0,-2,0,0,0,63,3129,3946,1647,170,35,493,29680,27171,109,2,68,4,5.15346e+06,0,0,0,0,1,1568,0,744,1615,3153,0,0,0,0,0,0,0,0,1659,-1055,0,0,166
1904.3,0,0,0,0,100,4699,1.49717,0.00925868,1.50612,41,0,28,29,33,0,-2,0,0,0,63,3129,3946,1648,170,35,493,29607,27354,109,2,65,4,5.15659e+06,0,0,0,0,1,0,1501,777,1614,3115,0,0,0,0,0,0,0,0,1659,-1096,0,0,166
1904.31,0,0,0,0,100,4699,1.4973,0.00926237,1.50628,41,0,28,29,33,0,-2,0,0,0,63,3129,3946,1654,170,35,493,29607,27354,109,2,65,4,5.17537e+06,0,0,0,0,1,2143,0,0,1609,3124,0,0,0,0,0,0,0,0,1659,-1015,0,0,166
1904.32,0,0,0,0,100,4702,1.49742,0.00926606,1.50643,41,0,28,29,33,0,-2,0,0,0,63,3129,3946,1654,170,35,493,29607,27354,109,2,65,4,5.17537e+06,0,0,0,0,1,0,0,2291,1598,3132,0,0,0,0,0,0,0,0,1659,-1018,0,0,166
1904.33,0,0,0,0,100,4715,1.49755,0.00926975,1.50658,41,0,28,29,33,0,-2,0,0,0,63,3133,3946,1643,170,35,493,29607,27354,109,2,65,4,5.14752e+06,0,0,0,0,1,1042,1261,0,1610,3173,0,0,0,0,0,0,0,0,1659,-978,0,0,166
1904.34,0,0,0,0,100,4718,1.49768,0.00927345,1.50674,41,0,28,29,33,0,-2,0,0,0,63,3124,3946,1637,170,35,493,29607,27354,109,2,65,4,5.11399e+06,0,0,0,0,1,739,0,1510,1625,3168,0,0,0,0,0,0,0,0,1659,-1078,0,0,166
1904.35,0,0,0,0,100,4718,1.4978,0.00927714,1.50689,41,0,28,29,33,0,-2,0,0,0,63,3124,3946,1639,170,35,493,29607,27354,109,2,65,4,5.12024e+06,0,0,0,0,1,739,0,1510,1625,3168,0,0,0,0,0,0,0,0,1659,-1078,0,0,166
1904.36,0,0,0,0,100,4708,1.49793,0.00928083,1.50704,41,0,28,29,33,0,-2,0,0,0,63,3124,3946,1639,170,35,493,29607,27354,109,2,65,4,5.12024e+06,0,0,0,0,1,0,2255,0,1622,3164,0,0,0,0,0,0,0,0,1659,-1053,0,0,166
1904.37,0,0,0,0,100,4707,1.49806,0.00928452,1.5072,41,0,28,29,33,0,-2,0,0,0,63,3135,3946,1644,170,35,493,29607,27354,109,2,65,4,5.15394e+06,0,0,0,0,1,2187,0,0,1604,3190,0,0,0,0,0,0,0,0,1659,-969,0,0,166
1904.38,0,0,0,0,100,4720,1.49818,0.00928821,1.50735,41,0,28,29,33,0,-2,0,0,0,63,3127,3946,1652,170,35,493,29607,27354,109,2,65,4,5.1658e+06,0,0,0,0,1,0,769,1467,1598,3164,0,0,0,0,0,0,0,0,1659,-1075,0,0,166
1904.39,0,0,0,0,100,4731,1.49831,0.00929191,1.5075,41,0,28,29,33,0,-2,0,0,0,63,3127,3946,1653,170,35,493,29607,27354,109,2,65,4,5.16893e+06,0,0,0,0,1,2124,0,0,1609,3121,0,0,0,0,0,0,0,0,1659,-1009,0,0,166
1904.4,0,0,0,0,100,4731,1.49844,0.0092956,1.50766,41,0,28,29,34,0,-2,0,0,0,63,3127,3946,1653,170,35,493,29638,27134,109,2,87,4,5.16893e+06,0,0,0,0,1,0,0,2070,1622,3119,0,0,0,0,0,0,0,0,1659,-1005,0,0,166
