Time,Car.DigitalInput.MSS.PDOC.Pin,Car.DigitalInput.MSS.BMS.Pin,Car.DigitalInput.MSS.BSPD.Pin,Car.DigitalInput.MSS.IMD.Pin,Car.Data.Driver.ThrottlePressure,Car.Data.Motor.MotorRPM,Car.AnalogInput.BMS.CellTempASensor,Car.AnalogInput.BMS.CellTempBSensor,Car.AnalogInput.BMS.CellTempCSensor,Car.Data.Battery.PackSOC,Car.Data.PDM.LVBatteryVoltage,Car.Data.Battery.BMSInternalTemp,Car.Data.Inverter.InverterTemp,Car.Data.Motor.MotorTemp,Car.Data.Inverter.InverterLock,Car.Data.Driver.SteeringAngle,Car.Data.Driver.FrontBrakePressure,Car.Data.Driver.RearBrakePressure,Car.Data.Driver.ThrottleDifference,Car.Data.Battery.HotSpotTemp,Car.Data.Battery.PackInstantaneousVoltage,Car.Data.Battery.PackOpenVoltage,Car.Data.Battery.PackCurrent,Car.Data.Battery.PackDCL,Car.Data.Battery.PackCCL,Car.Data.Battery.PackResistance,Car.Data.Battery.HighCellVoltage,Car.Data.Battery.LowCellVoltage,Car.Data.Battery.InputSupplyVoltage,Car.Data.Battery.CurrentLimitsStatus,Car.Data.Battery.HighCellVoltageID,Car.Data.Battery.LowCellVoltageID,Car.Data.Battery.BatteryPower,Car.Data.PDM.CoolingFanCurrent,Car.Data.PDM.CoolingPumpCurrent,Car.Data.PDM.FanState,Car.Data.PDM.PumpState,Car.Data.Inverter.InverterRelay.Relay2,Car.Data.Inverter.PhaseA,Car.Data.Inverter.PhaseB,Car.Data.Inverter.PhaseC,Car.Data.Inverter.InverterDCCurrent,Car.Data.Inverter.InverterDCVoltage,Car.Data.Inverter.InverterFault.Byte0,Car.Data.Inverter.InverterFault.Byte1,Car.Data.Inverter.InverterFault.Byte2,Car.Data.Inverter.InverterFault.Byte3,Car.Data.Inverter.InverterFault.Byte4,Car.Data.Inverter.InverterFault.Byte5,Car.Data.Inverter.InverterFault.Byte6,Car.Data.Inverter.InverterFault.Byte7,Car.Data.Inverter.InverterCMDTorque,Car.Data.Inverter.InverterFDBTorque,Car.DigitalInput.WheelSpeed.WheelSpeedFrontLeft,Car.DigitalInput.WheelSpeed.WheelSpeedFrontRight,Car.Data.Inverter.InverterCalculatedTorque
2459.81,0,0,0,0,0,0,1.53948,0.00599883,1.53838,39,0,29,23,30,0,-2,0,0,1,56,3803,3803,0,141,35,614,35266,35086,108,2,65,98,0,0,0,0,0,1,0,0,5,0,3861,0,0,0,0,0,0,0,0,0,-1,0,0,0
2459.82,0,0,0,0,0,0,1.53933,0.00600191,1.53853,39,0,29,23,30,0,-2,0,0,1,56,3803,3803,0,141,35,614,35266,35086,108,2,65,98,0,0,0,0,0,1,7,8,15,0,3854,0,0,0,0,0,0,0,0,0,2,0,0,0
2459.83,0,0,0,0,0,0,1.53919,0.00600499,1.53869,39,0,29,23,30,0,-2,0,0,1,56,3803,3803,0,141,35,614,35266,35086,108,2,65,98,0,0,0,0,0,1,0,0,0,0,3861,0,0,0,0,0,0,0,0,0,1,0,0,0
2459.84,0,0,0,0,0,0,1.53904,0.00600807,1.53884,39,0,29,23,30,0,-2,0,0,1,56,3803,3803,0,141,35,614,35266,35086,108,2,65,98,0,0,0,0,0,1,0,0,7,0,3858,0,0,0,0,0,0,0,0,0,0,0,0,0
2459.85,0,0,0,0,0,0,1.5389,0.00601115,1.539,39,0,29,23,30,0,-2,0,0,1,56,3803,3803,0,141,35,614,35266,35086,108,2,65,98,0,0,0,0,0,1,0,0,7,0,3858,0,0,0,0,0,0,0,0,0,0,0,0,0
2459.86,0,0,0,0,0,0,1.53876,0.00601423,1.53915,39,0,29,23,30,0,-2,0,0,1,56,3803,3803,0,141,35,614,35266,35086,108,2,65,98,0,0,0,0,0,1,0,0,5,0,3856,0,0,0,0,0,0,0,0,0,-1,0,0,0
2459.87,0,0,0,0,0,0,1.53861,0.00601731,1.53931,39,0,29,23,30,0,-2,0,0,1,56,3803,3803,0,141,35,614,35266,35086,108,2,65,98,0,0,0,0,0,1,0,0,0,0,3854,0,0,0,0,0,0,0,0,0,-1,0,0,0
2459.88,0,0,0,0,0,0,1.53847,0.00602039,1.53946,39,0,29,23,30,0,-2,0,0,1,56,3803,3803,0,141,35,614,35266,35086,108,2,65,98,0,0,0,0,0,1,0,0,7,0,3863,0,0,0,0,0,0,0,0,0,-1,0,0,0
2459.89,0,0,0,0,0,0,1.53832,0.00602348,1.53961,39,0,29,23,30,0,-2,0,0,1,56,3803,3803,0,141,35,614,35266,35086,108,2,65,98,0,0,0,0,0,1,0,0,1,0,3861,0,0,0,0,0,0,0,0,0,-2,0,0,0
2459.9,0,0,0,0,0,0,1.53818,0.00602656,1.53977,39,0,29,23,30,0,-2,0,0,1,56,3803,3803,0,141,35,614,35265,35087,109,2,20,98,0,0,0,0,0,1,0,0,5,0,3858,0,0,0,0,0,0,0,0,0,0,0,0,0
2459.91,0,0,0,0,0,0,1.5378,0.00602991,1.53925,39,0,29,23,30,0,-2,0,0,1,56,3803,3803,0,141,35,614,35265,35087,109,2,20,98,0,0,0,0,0,1,0,0,5,0,3858,0,0,0,0,0,0,0,0,0,0,0,0,0
2459.92,0,0,0,0,0,0,1.53742,0.00603327,1.53873,39,0,29,23,30,0,-2,0,0,1,56,3803,3803,0,141,35,614,35265,35087,109,2,20,98,0,0,0,0,0,1,1,6,13,0,3850,0,0,0,0,0,0,0,0,0,2,0,0,0
2459.93,0,0,0,0,0,0,1.53704,0.00603662,1.53821,39,0,29,23,30,0,-2,0,0,1,56,3803,3803,0,141,35,614,35265,35087,109,2,20,98,0,0,0,0,0,1,0,0,7,0,3861,0,0,0,0,0,0,0,0,0,-1,0,0,0
2459.94,0,0,0,0,0,0,1.53666,0.00603997,1.53769,39,0,29,23,30,0,-2,0,0,1,56,3803,3803,0,141,35,614,35265,35087,109,2,20,98,0,0,0,0,0,1,0,0,7,0,3850,0,0,0,0,0,0,0,0,0,0,0,0,0
2459.95,0,0,0,0,0,0,1.53628,0.00604333,1.53718,39,0,29,23,30,0,-2,0,0,1,56,3803,3803,0,141,35,614,35265,35087,109,2,20,98,0,0,0,0,0,1,3,6,13,0,3858,0,0,0,0,0,0,0,0,0,0,0,0,0
2459.96,0,0,0,0,0,0,1.5359,0.00604668,1.53666,39,0,29,23,30,0,-2,0,0,1,56,3803,3803,0,141,35,614,35265,35087,109,2,20,98,0,0,0,0,0,1,0,0,9,0,3856,0,0,0,0,0,0,0,0,0,0,0,0,0
2459.97,0,0,0,0,0,0,1.53551,0.00605004,1.53614,39,0,29,23,30,0,-2,0,0,1,56,3803,3803,0,141,35,614,35265,35087,109,2,20,98,0,0,0,0,0,1,0,5,0,0,3852,0,0,0,0,0,0,0,0,0,-1,0,0,0
2459.98,0,0,0,0,0,0,1.53513,0.00605339,1.53562,39,0,29,23,30,0,-2,0,0,1,56,3803,3803,0,141,35,614,35265,35087,109,2,20,98,0,0,0,0,0,1,1,5,7,0,3865,0,0,0,0,0,0,0,0,0,0,0,0,0
2459.99,0,0,0,0,0,0,1.53475,0.00605675,1.5351,39,0,29,23,30,0,-2,0,0,1,56,3803,3803,0,141,35,614,35265,35087,109,2,20,98,0,0,0,0,0,1,1,5,7,0,3865,0,0,0,0,0,0,0,0,0,0,0,0,0
2460,0,0,0,0,0,0,1.53437,0.0060601,1.53458,39,0,29,23,30,0,-2,0,0,1,56,3803,3803,0,141,35,614,35266,35089,108,2,68,98,0,0,0,0,0,1,0,0,0,0,3852,0,0,0,0,0,0,0,0,0,0,0,0,0
2460.01,0,0,0,0,0,0,1.53475,0.00605872,1.53478,39,0,29,23,30,0,-2,0,0,1,56,3803,3803,0,141,35,614,35266,35089,108,2,68,98,0,0,0,0,0,1,11,10,11,0,3861,0,0,0,0,0,0,0,0,0,1,0,0,0
2460.02,0,0,0,0,0,0,1.53514,0.00605734,1.53497,39,0,29,23,30,0,-2,0,0,1,56,3803,3803,0,141,35,614,35266,35089,108,2,68,98,0,0,0,0,0,1,0,0,0,0,3856,0,0,0,0,0,0,0,0,0,-2,0,0,0
2460.03,0,0,0,0,0,0,1.53552,0.00605596,1.53516,39,0,29,24,30,0,-2,0,0,1,56,3803,3803,0,141,35,614,35266,35089,108,2,68,98,0,0,0,0,0,1,0,0,0,0,3854,0,0,0,0,0,0,0,0,0,-1,0,0,0
2460.04,0,0,0,0,0,0,1.5359,0.00605458,1.53536,39,0,29,24,30,0,-2,0,0,1,56,3803,3803,0,141,35,614,35266,35089,108,2,68,98,0,0,0,0,0,1,11,14,32,0,3848,0,0,0,0,0,0,0,0,0,3,0,0,0
2460.05,0,0,0,0,0,0,1.53628,0.00605321,1.53555,39,0,29,24,30,0,-2,0,0,1,56,3803,3803,0,141,35,614,35266,35089,108,2,68,98,0,0,0,0,0,1,11,14,32,0,3848,0,0,0,0,0,0,0,0,0,3,0,0,0
2460.06,0,0,0,0,0,0,1.53666,0.00605183,1.53575,39,0,29,24,30,0,-2,0,0,1,56,3803,3803,0,141,35,614,35266,35089,108,2,68,98,0,0,0,0,0,1,0,0,0,0,3854,0,0,0,0,0,0,0,0,0,1,0,0,0
2460.07,0,0,0,0,0,0,1.53704,0.00605045,1.53594,39,0,29,24,30,0,-2,0,0,1,56,3803,3803,0,141,35,614,35266,35089,108,2,68,98,0,0,0,0,0,1,13,0,42,0,3856,0,0,0,0,0,0,0,0,0,-4,0,0,0
2460.08,0,0,0,0,0,0,1.53742,0.00604907,1.53614,39,0,29,24,30,0,-2,0,0,1,56,3803,3803,0,141,35,614,35266,35089,108,2,68,98,0,0,0,0,0,1,0,0,3,0,3856,0,0,0,0,0,0,0,0,0,-1,0,0,0
2460.09,0,0,0,0,0,0,1.5378,0.00604769,1.53633,39,0,29,24,30,0,-2,0,0,1,56,3803,3803,0,141,35,614,35266,35089,108,2,68,98,0,0,0,0,0,1,1,0,7,0,3858,0,0,0,0,0,0,0,0,0,-1,0,0,0
2460.1,0,0,0,0,0,0,1.53818,0.00604631,1.53652,39,0,29,24,30,0,-2,0,0,1,56,3803,3803,0,141,35,614,35268,35087,108,2,65,98,0,0,0,0,0,1,0,0,0,0,3854,0,0,0,0,0,0,0,0,0,1,0,0,0
2460.11,0,0,0,0,0,0,1.53821,0.00604258,1.53672,39,0,29,24,30,0,-2,0,0,1,56,3803,3803,0,141,35,614,35268,35087,108,2,65,98,0,0,0,0,0,1,0,0,0,0,3854,0,0,0,0,0,0,0,0,0,1,0,0,0
2460.12,0,0,0,0,0,0,1.53824,0.00603885,1.53691,39,0,29,24,30,0,-2,0,0,1,56,3803,3803,0,141,35,614,35268,35087,108,2,65,98,0,0,0,0,0,1,7,6,15,0,3854,0,0,0,0,0,0,0,0,0,-2,0,0,0
2460.13,0,0,0,0,0,0,1.53827,0.00603512,1.5371,39,0,29,24,30,0,-2,0,0,1,56,3803,3803,0,141,35,614,35268,35087,108,2,65,98,0,0,0,0,0,1,0,0,0,0,3858,0,0,0,0,0,0,0,0,0,0,0,0,0
2460.14,0,0,0,0,0,0,1.53829,0.00603139,1.53729,39,0,29,24,30,0,-2,0,0,1,56,3803,3803,0,141,35,614,35268,35087,108,2,65,98,0,0,0,0,0,1,0,0,11,0,3854,0,0,0,0,0,0,0,0,0,1,0,0,0
2460.15,0,0,0,0,0,0,1.53832,0.00602766,1.53748,39,0,29,24,30,0,-2,0,0,1,56,3803,3803,0,141,35,614,35268,35087,108,2,65,98,0,0,0,0,0,1,0,0,11,0,3854,0,0,0,0,0,0,0,0,0,0,0,0,0
2460.16,0,0,0,0,0,0,1.53835,0.00602393,1.53767,39,0,29,24,30,0,-2,0,0,1,56,3803,3803,0,141,35,614,35268,35087,108,2,65,98,0,0,0,0,0,1,0,0,3,0,3858,0,0,0,0,0,0,0,0,0,0,0,0,0
2460.17,0,0,0,0,0,0,1.53837,0.0060202,1.53787,39,0,29,24,30,0,-2,0,0,1,56,3803,3803,0,141,35,614,35268,35087,108,2,65,98,0,0,0,0,0,1,0,0,3,0,3858,0,0,0,0,0,0,0,0,0,0,0,0,0
2460.18,0,0,0,0,0,0,1.5384,0.00601647,1.53806,39,0,29,24,30,0,-2,0,0,1,56,3803,3803,0,141,35,614,35268,35087,108,2,65,98,0,0,0,0,0,1,5,0,15,0,3856,0,0,0,0,0,0,0,0,0,0,0,0,0
2460.19,0,0,0,0,0,0,1.53843,0.00601275,1.53825,39,0,29,24,30,0,-2,0,0,1,56,3803,3803,0,141,35,614,35268,35087,108,2,65,98,0,0,0,0,0,1,0,0,13,0,3856,0,0,0,0,0,0,0,0,0,0,0,0,0
2460.2,0,0,0,0,0,0,1.53845,0.00600902,1.53844,39,0,29,24,30,0,-2,0,0,1,56,3803,3803,0,141,35,614,35267,35089,108,2,65,98,0,0,0,0,0,1,0,0,19,0,3863,0,0,0,0,0,0,0,0,0,0,0,0,0
2460.21,0,0,0,0,0,0,1.53849,0.00601122,1.53857,39,0,29,23,30,0,-2,0,0,1,56,3803,3803,0,141,35,614,35267,35089,108,2,65,98,0,0,0,0,0,1,0,0,7,0,3852,0,0,0,0,0,0,0,0,0,-1,0,0,0
2460.22,0,0,0,0,0,0,1.53853,0.00601342,1.5387,39,0,29,23,30,0,-2,0,0,1,56,3803,3803,0,141,35,614,35267,35089,108,2,65,98,0,0,0,0,0,1,0,0,3,0,3856,0,0,0,0,0,0,0,0,0,0,0,0,0
2460.23,0,0,0,0,0,0,1.53857,0.00601562,1.53883,39,0,29,23,30,0,-2,0,0,1,56,3803,3803,0,141,35,614,35267,35089,108,2,65,98,0,0,0,0,0,1,0,0,3,0,3856,0,0,0,0,0,0,0,0,0,0,0,0,0
2460.24,0,0,0,0,0,0,1.53861,0.00601783,1.53896,39,0,29,23,30,0,-2,0,0,1,56,3803,3803,0,141,35,614,35267,35089,108,2,65,98,0,0,0,0,0,1,0,0,1,0,3854,0,0,0,0,0,0,0,0,0,1,0,0,0
2460.25,0,0,0,0,0,0,1.53865,0.00602003,1.53909,39,0,29,23,30,0,-2,0,0,1,56,3803,3803,0,141,35,614,35267,35089,108,2,65,98,0,0,0,0,0,1,0,0,5,0,3861,0,0,0,0,0,0,0,0,0,-1,0,0,0
2460.26,0,0,0,0,0,0,1.53868,0.00602223,1.53922,39,0,29,23,30,0,-2,0,0,1,56,3803,3803,0,141,35,614,35267,35089,108,2,65,98,0,0,0,0,0,1,0,0,7,0,3865,0,0,0,0,0,0,0,0,0,0,0,0,0
2460.27,0,0,0,0,0,0,1.53872,0.00602443,1.53935,39,0,29,23,30,0,-2,0,0,1,56,3803,3803,0,141,35,614,35267,35089,108,2,65,98,0,0,0,0,0,1,7,12,7,0,3861,0,0,0,0,0,0,0,0,0,-1,0,0,0
2460.28,0,0,0,0,0,0,1.53876,0.00602664,1.53948,39,0,29,23,30,0,-2,0,0,1,56,3803,3803,0,141,35,614,35267,35089,108,2,65,98,0,0,0,0,0,1,7,8,3,0,3858,0,0,0,0,0,0,0,0,0,0,0,0,0
2460.29,0,0,0,0,0,0,1.5388,0.00602884,1.53961,39,0,29,23,30,0,-2,0,0,1,56,3803,3803,0,141,35,614,35267,35089,108,2,65,98,0,0,0,0,0,1,7,8,3,0,3858,0,0,0,0,0,0,0,0,0,0,0,0,0
2460.3,0,0,0,0,0,0,1.53884,0.00603104,1.53974,39,0,29,24,30,0,-2,0,0,1,56,3803,3803,0,141,35,614,35268,35090,108,2,65,98,0,0,0,0,0,1,0,0,5,0,3856,0,0,0,0,0,0,0,0,0,0,0,0,0
2460.31,0,0,0,0,0,0,1.53896,0.00603355,1.53971,39,0,29,24,30,0,-2,0,0,1,56,3803,3803,0,141,35,614,35268,35090,108,2,65,98,0,0,0,0,0,1,0,0,9,0,3852,0,0,0,0,0,0,0,0,0,0,0,0,0
2460.32,0,0,0,0,0,0,1.53907,0.00603605,1.53967,39,0,29,24,30,0,-2,0,0,1,56,3803,3803,0,141,35,614,35268,35090,108,2,65,98,0,0,0,0,0,1,9,12,0,0,3858,0,0,0,0,0,0,0,0,0,-5,0,0,0
2460.33,0,0,0,0,0,0,1.53919,0.00603855,1.53964,39,0,29,24,30,0,-2,0,0,1,56,3803,3803,0,141,35,614,35268,35090,108,2,65,98,0,0,0,0,0,1,0,0,5,0,3858,0,0,0,0,0,0,0,0,0,0,0,0,0
2460.34,0,0,0,0,0,0,1.53931,0.00604105,1.5396,39,0,29,24,30,0,-2,0,0,1,56,3803,3803,0,141,35,614,35268,35090,108,2,65,98,0,0,0,0,0,1,3,2,15,0,3852,0,0,0,0,0,0,0,0,0,1,0,0,0
2460.35,0,0,0,0,0,0,1.53943,0.00604356,1.53957,39,0,29,24,30,0,-2,0,0,1,56,3803,3803,0,141,35,614,35268,35090,108,2,65,98,0,0,0,0,0,1,3,2,15,0,3852,0,0,0,0,0,0,0,0,0,1,0,0,0
2460.36,0,0,0,0,0,0,1.53954,0.00604606,1.53953,39,0,29,24,30,0,-2,0,0,1,56,3803,3803,0,141,35,614,35268,35090,108,2,65,98,0,0,0,0,0,1,0,0,3,0,3856,0,0,0,0,0,0,0,0,0,0,0,0,0
2460.37,0,0,0,0,0,0,1.53966,0.00604856,1.5395,39,0,29,24,30,0,-2,0,0,1,56,3803,3803,0,141,35,614,35268,35090,108,2,65,98,0,0,0,0,0,1,3,0,11,0,3858,0,0,0,0,0,0,0,0,0,1,0,0,0
2460.38,0,0,0,0,0,0,1.53978,0.00605107,1.53946,39,0,29,24,30,0,-2,0,0,1,56,3803,3803,0,141,35,614,35268,35090,108,2,65,98,0,0,0,0,0,1,1,0,11,0,3858,0,0,0,0,0,0,0,0,0,0,0,0,0
2460.39,0,0,0,0,0,0,1.53989,0.00605357,1.53943,39,0,29,24,30,0,-2,0,0,1,56,3803,3803,0,141,35,614,35268,35090,108,2,65,98,0,0,0,0,0,1,0,0,7,0,3856,0,0,0,0,0,0,0,0,0,0,0,0,0
2460.4,0,0,0,0,0,0,1.54001,0.00605607,1.5394,39,0,29,24,30,0,-2,0,0,1,56,3803,3803,0,141,35,614,35268,35090,108,2,65,98,0,0,0,0,0,1,0,0,5,0,3858,0,0,0,0,0,0,0,0,0,0,0,0,0
2460.41,0,0,0,0,0,0,1.53981,0.00605719,1.53927,39,0,29,24,30,0,-2,0,0,1,56,3803,3803,0,141,35,614,35268,35090,108,2,65,98,0,0,0,0,0,1,0,0,5,0,3858,0,0,0,0,0,0,0,0,0,0,0,0,0
2460.42,0,0,0,0,0,0,1.53961,0.00605831,1.53915,39,0,29,24,30,0,-2,0,0,1,56,3803,3803,0,141,35,614,35268,35090,108,2,65,98,0,0,0,0,0,1,1,0,0,0,3858,0,0,0,0,0,0,0,0,0,0,0,0,0
2460.43,0,0,0,0,0,0,1.53941,0.00605943,1.53902,39,0,29,24,30,0,-2,0,0,1,56,3803,3803,0,141,35,614,35268,35090,108,2,65,98,0,0,0,0,0,1,0,0,0,0,3856,0,0,0,0,0,0,0,0,0,-2,0,0,0
2460.44,0,0,0,0,0,0,1.5392,0.00606055,1.53889,39,0,29,24,30,0,-2,0,0,1,56,3803,3803,0,141,35,614,35268,35090,108,2,65,98,0,0,0,0,0,1,1,0,13,0,3865,0,0,0,0,0,0,0,0,0,1,0,0,0
2460.45,0,0,0,0,0,0,1.539,0.00606167,1.53877,39,0,29,24,30,0,-2,0,0,1,56,3803,3803,0,141,35,614,35268,35090,108,2,65,98,0,0,0,0,0,1,0,0,3,0,3852,0,0,0,0,0,0,0,0,0,4,0,0,0
2460.46,0,0,0,0,0,0,1.5388,0.00606279,1.53864,39,0,29,24,30,0,-2,0,0,1,56,3803,3803,0,141,35,614,35268,35090,108,2,65,98,0,0,0,0,0,1,0,0,1,0,3854,0,0,0,0,0,0,0,0,0,0,0,0,0
2460.47,0,0,0,0,0,0,1.5386,0.00606391,1.53852,39,0,29,24,30,0,-2,0,0,1,56,3803,3803,0,141,35,614,35268,35090,108,2,65,98,0,0,0,0,0,1,0,0,1,0,3854,0,0,0,0,0,0,0,0,0,0,0,0,0
2460.48,0,0,0,0,0,0,1.5384,0.00606502,1.53839,39,0,29,24,30,0,-2,0,0,1,56,3803,3803,0,141,35,614,35268,35090,108,2,65,98,0,0,0,0,0,1,5,6,7,0,3865,0,0,0,0,0,0,0,0,0,0,0,0,0
2460.49,0,0,0,0,0,0,1.53819,0.00606614,1.53827,39,0,29,24,30,0,-2,0,0,1,56,3803,3803,0,141,35,614,35268,35090,108,2,65,98,0,0,0,0,0,1,0,0,0,0,3858,0,0,0,0,0,0,0,0,0,0,0,0,0
2460.5,0,0,0,0,0,0,1.53799,0.00606726,1.53814,39,0,29,24,30,0,-2,0,0,1,56,3803,3803,0,141,35,614,35268,35091,108,2,20,98,0,0,0,0,0,1,0,0,13,0,3854,0,0,0,0,0,0,0,0,0,0,0,0,0
2460.51,0,0,0,0,0,0,1.53774,0.00607255,1.53833,39,0,29,24,30,0,-2,0,0,1,56,3803,3803,0,141,35,614,35268,35091,108,2,20,98,0,0,0,0,0,1,0,0,5,0,3854,0,0,0,0,0,0,0,0,0,-2,0,0,0
2460.52,0,0,0,0,0,0,1.53748,0.00607784,1.53851,39,0,29,24,30,0,-2,0,0,1,56,3803,3803,0,141,35,614,35268,35091,108,2,20,98,0,0,0,0,0,1,0,0,1,0,3850,0,0,0,0,0,0,0,0,0,0,0,0,0
2460.53,0,0,0,0,0,0,1.53722,0.00608312,1.53869,39,0,29,24,30,0,-2,0,0,1,56,3803,3803,0,141,35,614,35268,35091,108,2,20,98,0,0,0,0,0,1,0,0,1,0,3850,0,0,0,0,0,0,0,0,0,0,0,0,0
2460.54,0,0,0,0,0,0,1.53697,0.00608841,1.53888,39,0,29,24,30,0,-2,0,0,1,56,3803,3803,0,141,35,614,35268,35091,108,2,20,98,0,0,0,0,0,1,9,10,19,0,3854,0,0,0,0,0,0,0,0,0,2,0,0,0
2460.55,0,0,0,0,0,0,1.53671,0.0060937,1.53906,39,0,29,24,30,0,-2,0,0,1,56,3803,3803,0,141,35,614,35268,35091,108,2,20,98,0,0,0,0,0,1,0,0,0,0,3858,0,0,0,0,0,0,0,0,0,-4,0,0,0
2460.56,0,0,0,0,0,0,1.53645,0.00609899,1.53925,39,0,29,24,30,0,-2,0,0,1,56,3803,3803,0,141,35,614,35268,35091,108,2,20,98,0,0,0,0,0,1,0,0,0,0,3863,0,0,0,0,0,0,0,0,0,-1,0,0,0
2460.57,0,0,0,0,0,0,1.5362,0.00610428,1.53943,39,0,29,24,30,0,-2,0,0,1,56,3803,3803,0,141,35,614,35268,35091,108,2,20,98,0,0,0,0,0,1,1,6,13,0,3850,0,0,0,0,0,0,0,0,0,2,0,0,0
2460.58,0,0,0,0,0,0,1.53594,0.00610956,1.53961,39,0,29,24,30,0,-2,0,0,1,56,3803,3803,0,141,35,614,35268,35091,108,2,20,98,0,0,0,0,0,1,3,2,7,0,3852,0,0,0,0,0,0,0,0,0,0,0,0,0
2460.59,0,0,0,0,0,0,1.53569,0.00611485,1.5398,39,0,29,24,30,0,-2,0,0,1,56,3803,3803,0,141,35,614,35268,35091,108,2,20,98,0,0,0,0,0,1,3,2,7,0,3852,0,0,0,0,0,0,0,0,0,0,0,0,0
2460.6,0,0,0,0,0,0,1.53543,0.00612014,1.53998,39,0,29,24,30,0,-2,0,0,1,56,3803,3803,0,141,35,614,35269,35092,109,2,65,98,0,0,0,0,0,1,0,0,0,0,3858,0,0,0,0,0,0,0,0,0,1,0,0,0
2460.61,0,0,0,0,0,0,1.53554,0.00610545,1.54,39,0,29,24,30,0,-2,0,0,1,56,3803,3803,0,141,35,614,35269,35092,109,2,65,98,0,0,0,0,0,1,0,0,0,0,3858,0,0,0,0,0,0,0,0,0,-3,0,0,0
2460.62,0,0,0,0,0,0,1.53564,0.00609076,1.54003,39,0,29,24,30,0,-2,0,0,1,56,3803,3803,0,141,35,614,35269,35092,109,2,65,98,0,0,0,0,0,1,11,8,15,0,3856,0,0,0,0,0,0,0,0,0,0,0,0,0
2460.63,0,0,0,0,0,0,1.53575,0.00607607,1.54005,39,0,29,24,30,0,-2,0,0,1,56,3803,3803,0,141,35,614,35269,35092,109,2,65,98,0,0,0,0,0,1,0,0,5,0,3856,0,0,0,0,0,0,0,0,0,-1,0,0,0
2460.64,0,0,0,0,0,0,1.53586,0.00606138,1.54007,39,0,29,24,30,0,-2,0,0,1,56,3803,3803,0,141,35,614,35269,35092,109,2,65,98,0,0,0,0,0,1,5,5,1,0,3861,0,0,0,0,0,0,0,0,0,-2,0,0,0
2460.65,0,0,0,0,0,0,1.53597,0.00604669,1.54009,39,0,29,24,30,0,-2,0,0,1,56,3803,3803,0,141,35,614,35269,35092,109,2,65,98,0,0,0,0,0,1,5,5,1,0,3861,0,0,0,0,0,0,0,0,0,-2,0,0,0
2460.66,0,0,0,0,0,0,1.53608,0.00603199,1.54011,39,0,29,24,30,0,-2,0,0,1,56,3803,3803,0,141,35,614,35269,35092,109,2,65,98,0,0,0,0,0,1,1,2,9,0,3858,0,0,0,0,0,0,0,0,0,1,0,0,0
2460.67,0,0,0,0,0,0,1.53619,0.0060173,1.54013,39,0,29,23,30,0,-2,0,0,1,56,3803,3803,0,141,35,614,35269,35092,109,2,65,98,0,0,0,0,0,1,0,0,5,0,3856,0,0,0,0,0,0,0,0,0,-1,0,0,0
2460.68,0,0,0,0,0,0,1.53629,0.00600261,1.54016,39,0,29,23,30,0,-2,0,0,1,56,3803,3803,0,141,35,614,35269,35092,109,2,65,98,0,0,0,0,0,1,0,0,3,0,3863,0,0,0,0,0,0,0,0,0,0,0,0,0
2460.69,0,0,0,0,0,0,1.5364,0.00598792,1.54018,39,0,29,23,30,0,-2,0,0,1,56,3803,3803,0,141,35,614,35269,35092,109,2,65,98,0,0,0,0,0,1,7,5,7,0,3856,0,0,0,0,0,0,0,0,0,-1,0,0,0
2460.7,0,0,0,0,0,0,1.53651,0.00597323,1.5402,39,0,29,23,30,0,-2,0,0,1,56,3803,3803,0,141,35,614,35270,35093,108,2,65,98,0,0,0,0,0,1,0,0,0,0,3856,0,0,0,0,0,0,0,0,0,-3,0,0,0
2460.71,0,0,0,0,0,0,1.53652,0.00598212,1.5405,39,0,29,24,30,0,-2,0,0,1,56,3803,3803,0,141,35,614,35270,35093,108,2,65,98,0,0,0,0,0,1,0,0,0,0,3856,0,0,0,0,0,0,0,0,0,-3,0,0,0
2460.72,0,0,0,0,0,0,1.53654,0.005991,1.54079,39,0,29,24,30,0,-2,0,0,1,56,3803,3803,0,141,35,614,35270,35093,108,2,65,98,0,0,0,0,0,1,0,0,0,0,3863,0,0,0,0,0,0,0,0,0,-2,0,0,0
2460.73,0,0,0,0,0,0,1.53655,0.00599989,1.54109,39,0,29,24,30,0,-2,0,0,1,56,3803,3803,0,141,35,614,35270,35093,108,2,65,98,0,0,0,0,0,1,0,0,9,0,3854,0,0,0,0,0,0,0,0,0,0,0,0,0
2460.74,0,0,0,0,0,0,1.53656,0.00600877,1.54139,39,0,29,24,30,0,-2,0,0,1,56,3803,3803,0,141,35,614,35270,35093,108,2,65,98,0,0,0,0,0,1,11,8,17,0,3856,0,0,0,0,0,0,0,0,0,0,0,0,0
2460.75,0,0,0,0,0,0,1.53657,0.00601766,1.54169,39,0,29,24,30,0,-2,0,0,1,56,3803,3803,0,141,35,614,35270,35093,108,2,65,98,0,0,0,0,0,1,0,0,9,0,3856,0,0,0,0,0,0,0,0,0,1,0,0,0
2460.76,0,0,0,0,0,0,1.53659,0.00602654,1.54199,39,0,29,24,30,0,-2,0,0,1,56,3803,3803,0,141,35,614,35270,35093,108,2,65,98,0,0,0,0,0,1,3,0,9,0,3861,0,0,0,0,0,0,0,0,0,0,0,0,0
2460.77,0,0,0,0,0,0,1.5366,0.00603543,1.54228,39,0,29,24,30,0,-2,0,0,1,56,3803,3803,0,141,35,614,35270,35093,108,2,65,98,0,0,0,0,0,1,3,0,9,0,3861,0,0,0,0,0,0,0,0,0,0,0,0,0
2460.78,0,0,0,0,0,0,1.53661,0.00604431,1.54258,39,0,29,24,30,0,-2,0,0,1,56,3803,3803,0,141,35,614,35270,35093,108,2,65,98,0,0,0,0,0,1,1,0,7,0,3856,0,0,0,0,0,0,0,0,0,0,0,0,0
2460.79,0,0,0,0,0,0,1.53662,0.0060532,1.54288,39,0,29,24,30,0,-2,0,0,1,56,3803,3803,0,141,35,614,35270,35093,108,2,65,98,0,0,0,0,0,1,0,0,1,0,3861,0,0,0,0,0,0,0,0,0,0,0,0,0
2460.8,0,0,0,0,0,0,1.53664,0.00606208,1.54318,39,0,29,24,30,0,-2,0,0,1,56,3803,3803,0,141,35,614,35269,35093,108,2,65,98,0,0,0,0,0,1,3,2,13,0,3854,0,0,0,0,0,0,0,0,0,0,0,0,0
2460.81,0,0,0,0,0,0,1.53672,0.00605937,1.54256,39,0,29,24,30,0,-2,0,0,1,56,3803,3803,0,141,35,614,35269,35093,108,2,65,98,0,0,0,0,0,1,11,10,0,0,3861,0,0,0,0,0,0,0,0,0,-1,0,0,0
2460.82,0,0,0,0,0,0,1.53681,0.00605667,1.54194,39,0,29,24,30,0,-2,0,0,1,56,3803,3803,0,141,35,614,35269,35093,108,2,65,98,0,0,0,0,0,1,7,5,3,0,3858,0,0,0,0,0,0,0,0,0,0,0,0,0
2460.83,0,0,0,0,0,0,1.53689,0.00605396,1.54132,39,0,29,24,30,0,-2,0,0,1,56,3803,3803,0,141,35,614,35269,35093,108,2,65,98,0,0,0,0,0,1,7,5,3,0,3858,0,0,0,0,0,0,0,0,0,0,0,0,0
2460.84,0,0,0,0,0,0,1.53698,0.00605125,1.54071,39,0,29,24,30,0,-2,0,0,1,56,3803,3803,0,141,35,614,35269,35093,108,2,65,98,0,0,0,0,0,1,0,0,7,0,3854,0,0,0,0,0,0,0,0,0,1,0,0,0
2460.85,0,0,0,0,0,0,1.53706,0.00604855,1.54009,39,0,29,24,30,0,-2,0,0,1,56,3803,3803,0,141,35,614,35269,35093,108,2,65,98,0,0,0,0,0,1,0,0,11,0,3856,0,0,0,0,0,0,0,0,0,1,0,0,0
2460.86,0,0,0,0,0,0,1.53715,0.00604584,1.53947,39,0,29,24,30,0,-2,0,0,1,56,3803,3803,0,141,35,614,35269,35093,108,2,65,98,0,0,0,0,0,1,3,0,0,0,3854,0,0,0,0,0,0,0,0,0,-3,0,0,0
2460.87,0,0,0,0,0,0,1.53724,0.00604313,1.53885,39,0,29,24,30,0,-2,0,0,1,56,3803,3803,0,141,35,614,35269,35093,108,2,65,98,0,0,0,0,0,1,0,0,11,0,3861,0,0,0,0,0,0,0,0,0,0,0,0,0
2460.88,0,0,0,0,0,0,1.53732,0.00604043,1.53823,39,0,29,24,30,0,-2,0,0,1,56,3804,3803,0,141,35,614,35269,35093,108,2,65,98,0,0,0,0,0,1,0,0,23,0,3858,0,0,0,0,0,0,0,0,0,0,0,0,0
2460.89,0,0,0,0,0,0,1.53741,0.00603772,1.53762,39,0,29,24,30,0,-2,0,0,1,56,3804,3803,0,141,35,614,35269,35093,108,2,65,98,0,0,0,0,0,1,0,0,23,0,3858,0,0,0,0,0,0,0,0,0,0,0,0,0
2460.9,0,0,0,0,0,0,1.53749,0.00603501,1.537,39,0,29,24,30,0,-2,0,0,1,56,3804,3803,0,141,35,614,35270,35094,108,2,68,98,0,0,0,0,0,1,0,2,7,0,3865,0,0,0,0,0,0,0,0,0,0,0,0,0
2460.91,0,0,0,0,0,0,1.53736,0.0060488,1.53697,39,0,29,24,30,0,-2,0,0,1,56,3804,3803,0,141,35,614,35270,35094,108,2,68,98,0,0,0,0,0,1,9,10,7,0,3861,0,0,0,0,0,0,0,0,0,0,0,0,0
2460.92,0,0,0,0,0,0,1.53722,0.0060626,1.53694,39,0,29,24,30,0,-2,0,0,1,56,3804,3803,0,141,35,614,35270,35094,108,2,68,98,0,0,0,0,0,1,0,0,9,0,3858,0,0,0,0,0,0,0,0,0,1,0,0,0
2460.93,0,0,0,0,0,0,1.53709,0.00607639,1.53691,39,0,29,24,30,0,-2,0,0,1,56,3804,3803,0,141,35,614,35270,35094,108,2,68,98,0,0,0,0,0,1,0,0,11,0,3856,0,0,0,0,0,0,0,0,0,0,0,0,0
2460.94,0,0,0,0,0,0,1.53695,0.00609018,1.53688,39,0,29,24,30,0,-2,0,0,1,56,3804,3803,0,141,35,614,35270,35094,108,2,68,98,0,0,0,0,0,1,9,10,11,0,3856,0,0,0,0,0,0,0,0,0,0,0,0,0
2460.95,0,0,0,0,0,0,1.53682,0.00610398,1.53685,39,0,29,24,30,0,-2,0,0,1,56,3804,3803,0,141,35,614,35270,35094,108,2,68,98,0,0,0,0,0,1,9,10,11,0,3856,0,0,0,0,0,0,0,0,0,0,0,0,0
2460.96,0,0,0,0,0,0,1.53669,0.00611777,1.53682,39,0,29,24,30,0,-2,0,0,1,56,3804,3804,0,141,35,614,35270,35094,108,2,68,98,0,0,0,0,0,1,0,0,23,0,3861,0,0,0,0,0,0,0,0,0,2,0,0,0
2460.97,0,0,0,0,0,0,1.53655,0.00613156,1.53679,39,0,29,24,30,0,-2,0,0,1,56,3804,3804,0,141,35,614,35270,35094,108,2,68,98,0,0,0,0,0,1,9,8,17,0,3863,0,0,0,0,0,0,0,0,0,-1,0,0,0
2460.98,0,0,0,0,0,0,1.53642,0.00614536,1.53676,39,0,29,24,30,0,-2,0,0,1,56,3804,3804,0,141,35,614,35270,35094,108,2,68,98,0,0,0,0,0,1,0,0,0,0,3861,0,0,0,0,0,0,0,0,0,-3,0,0,0
2460.99,0,0,0,0,0,0,1.53628,0.00615915,1.53673,39,0,29,24,30,0,-2,0,0,1,56,3804,3804,0,141,35,614,35270,35094,108,2,68,98,0,0,0,0,0,1,1,5,7,0,3854,0,0,0,0,0,0,0,0,0,-1,0,0,0
2461,0,0,0,0,0,0,1.53615,0.00617294,1.5367,39,0,29,24,30,0,-2,0,0,1,56,3804,3804,0,141,35,614,35270,35095,108,2,65,98,0,0,0,0,0,1,0,0,15,0,3861,0,0,0,0,0,0,0,0,0,3,0,0,0
2461.01,0,0,0,0,0,0,1.53622,0.00614932,1.53702,39,0,29,24,30,0,-2,0,0,1,56,3804,3804,0,141,35,614,35270,35095,108,2,65,98,0,0,0,0,0,1,0,0,15,0,3861,0,0,0,0,0,0,0,0,0,3,0,0,0
2461.02,0,0,0,0,0,0,1.53629,0.0061257,1.53735,39,0,29,24,30,0,-2,0,0,1,56,3804,3804,0,141,35,614,35270,35095,108,2,65,98,0,0,0,0,0,1,17,10,19,0,3863,0,0,0,0,0,0,0,0,0,-2,0,0,0
2461.03,0,0,0,0,0,0,1.53635,0.00610208,1.53768,39,0,29,24,30,0,-2,0,0,1,56,3804,3804,0,141,35,614,35270,35095,108,2,65,98,0,0,0,0,0,1,7,0,11,0,3852,0,0,0,0,0,0,0,0,0,0,0,0,0
2461.04,0,0,0,0,0,0,1.53642,0.00607845,1.538,39,0,29,24,30,0,-2,0,0,1,56,3804,3804,0,141,35,614,35270,35095,108,2,65,98,0,0,0,0,0,1,5,6,7,0,3850,0,0,0,0,0,0,0,0,0,1,0,0,0
2461.05,0,0,0,0,0,0,1.53649,0.00605483,1.53833,39,0,29,24,30,0,-2,0,0,1,56,3804,3804,0,141,35,614,35270,35095,108,2,65,98,0,0,0,0,0,1,13,8,15,0,3858,0,0,0,0,0,0,0,0,0,0,0,0,0
2461.06,0,0,0,0,0,0,1.53656,0.00603121,1.53866,39,0,29,24,30,0,-2,0,0,1,56,3804,3804,0,141,35,614,35270,35095,108,2,65,98,0,0,0,0,0,1,5,10,15,0,3856,0,0,0,0,0,0,0,0,0,3,0,0,0
2461.07,0,0,0,0,0,0,1.53663,0.00600758,1.53898,39,0,29,24,30,0,-2,0,0,1,56,3804,3804,0,141,35,614,35270,35095,108,2,65,98,0,0,0,0,0,1,5,10,15,0,3856,0,0,0,0,0,0,0,0,0,3,0,0,0
2461.08,0,0,0,0,0,0,1.5367,0.00598396,1.53931,39,0,29,24,30,0,-2,0,0,1,56,3804,3804,0,141,35,614,35270,35095,108,2,65,98,0,0,0,0,0,1,0,0,0,0,3852,0,0,0,0,0,0,0,0,0,0,0,0,0
2461.09,0,0,0,0,0,0,1.53676,0.00596034,1.53964,39,0,29,24,30,0,-2,0,0,1,56,3804,3804,0,141,35,614,35270,35095,108,2,65,98,0,0,0,0,0,1,9,5,15,0,3861,0,0,0,0,0,0,0,0,0,0,0,0,0
2461.1,0,0,0,0,0,0,1.53683,0.00593672,1.53996,39,0,29,24,31,0,-2,0,0,1,56,3804,3804,0,141,35,614,35270,35094,108,2,65,98,0,0,0,0,0,1,5,5,19,0,3861,0,0,0,0,0,0,0,0,0,0,0,0,0
2461.11,0,0,0,0,0,0,1.53688,0.00595154,1.53977,39,0,29,24,31,0,-2,0,0,1,56,3804,3804,0,141,35,614,35270,35094,108,2,65,98,0,0,0,0,0,1,3,5,17,0,3854,0,0,0,0,0,0,0,0,0,-2,0,0,0
2461.12,0,0,0,0,0,0,1.53692,0.00596637,1.53958,39,0,29,24,31,0,-2,0,0,1,56,3804,3804,0,141,35,614,35270,35094,108,2,65,98,0,0,0,0,0,1,0,0,7,0,3858,0,0,0,0,0,0,0,0,0,1,0,0,0
2461.13,0,0,0,0,0,0,1.53696,0.00598119,1.53938,39,0,29,24,31,0,-2,0,0,1,56,3804,3804,0,141,35,614,35270,35094,108,2,65,98,0,0,0,0,0,1,0,0,7,0,3858,0,0,0,0,0,0,0,0,0,1,0,0,0
2461.14,0,0,0,0,0,0,1.53701,0.00599602,1.53919,39,0,29,24,31,0,-2,0,0,1,56,3804,3804,0,141,35,614,35270,35094,108,2,65,98,0,0,0,0,0,1,0,0,3,0,3865,0,0,0,0,0,0,0,0,0,-1,0,0,0
2461.15,0,0,0,0,0,0,1.53705,0.00601085,1.539,39,0,29,24,31,0,-2,0,0,1,56,3804,3804,0,141,35,614,35270,35094,108,2,65,98,0,0,0,0,0,1,3,2,3,0,3858,0,0,0,0,0,0,0,0,0,0,0,0,0
2461.16,0,0,0,0,0,0,1.53709,0.00602567,1.5388,39,0,29,24,31,0,-2,0,0,1,56,3804,3804,0,141,35,614,35270,35094,108,2,65,98,0,0,0,0,0,1,5,5,13,0,3861,0,0,0,0,0,0,0,0,0,0,0,0,0
2461.17,0,0,0,0,0,0,1.53713,0.0060405,1.53861,39,0,29,24,31,0,-2,0,0,1,56,3804,3804,0,141,35,614,35270,35094,108,2,65,98,0,0,0,0,0,1,0,2,3,0,3858,0,0,0,0,0,0,0,0,0,1,0,0,0
2461.18,0,0,0,0,0,0,1.53718,0.00605532,1.53842,39,0,29,24,31,0,-2,0,0,1,56,3804,3804,0,141,35,614,35270,35094,108,2,65,98,0,0,0,0,0,1,0,2,3,0,3865,0,0,0,0,0,0,0,0,0,-2,0,0,0
2461.19,0,0,0,0,0,0,1.53722,0.00607015,1.53822,39,0,29,24,31,0,-2,0,0,1,56,3804,3804,0,141,35,614,35270,35094,108,2,65,98,0,0,0,0,0,1,0,0,0,0,3865,0,0,0,0,0,0,0,0,0,-2,0,0,0
2461.2,0,0,0,0,0,0,1.53726,0.00608497,1.53803,39,0,29,24,30,0,-2,0,0,1,56,3804,3804,0,141,35,614,35272,35096,108,2,65,98,0,0,0,0,0,1,0,0,0,0,3856,0,0,0,0,0,0,0,0,0,1,0,0,0
2461.21,0,0,0,0,0,0,1.53717,0.00608139,1.53817,39,0,29,24,30,0,-2,0,0,1,56,3804,3804,0,141,35,614,35272,35096,108,2,65,98,0,0,0,0,0,1,1,5,9,0,3861,0,0,0,0,0,0,0,0,0,1,0,0,0
2461.22,0,0,0,0,0,0,1.53708,0.00607781,1.53831,39,0,29,24,30,0,-2,0,0,1,56,3804,3804,0,141,35,614,35272,35096,108,2,65,98,0,0,0,0,0,1,9,8,15,0,3861,0,0,0,0,0,0,0,0,0,1,0,0,0
2461.23,0,0,0,0,0,0,1.53699,0.00607423,1.53845,39,0,29,24,30,0,-2,0,0,1,56,3804,3804,0,141,35,614,35272,35096,108,2,65,98,0,0,0,0,0,1,5,6,13,0,3861,0,0,0,0,0,0,0,0,0,1,0,0,0
2461.24,0,0,0,0,0,0,1.5369,0.00607064,1.53859,39,0,29,24,30,0,-2,0,0,1,56,3804,3804,0,141,35,614,35272,35096,108,2,65,98,0,0,0,0,0,1,3,5,11,0,3856,0,0,0,0,0,0,0,0,0,0,0,0,0
2461.25,0,0,0,0,0,0,1.53681,0.00606706,1.53873,39,0,29,24,30,0,-2,0,0,1,56,3804,3804,0,141,35,614,35272,35096,108,2,65,98,0,0,0,0,0,1,3,5,11,0,3856,0,0,0,0,0,0,0,0,0,0,0,0,0
2461.26,0,0,0,0,0,0,1.53672,0.00606348,1.53887,39,0,29,24,30,0,-2,0,0,1,56,3804,3804,0,141,35,614,35272,35096,108,2,65,98,0,0,0,0,0,1,7,5,13,0,3856,0,0,0,0,0,0,0,0,0,0,0,0,0
2461.27,0,0,0,0,0,0,1.53663,0.0060599,1.53901,39,0,29,24,30,0,-2,0,0,1,56,3804,3804,0,141,35,614,35272,35096,108,2,65,98,0,0,0,0,0,1,0,0,1,0,3861,0,0,0,0,0,0,0,0,0,0,0,0,0
2461.28,0,0,0,0,0,0,1.53654,0.00605631,1.53915,39,0,29,23,30,0,-2,0,0,1,56,3804,3804,0,141,35,614,35272,35096,108,2,65,98,0,0,0,0,0,1,0,0,1,0,3854,0,0,0,0,0,0,0,0,0,-2,0,0,0
2461.29,0,0,0,0,0,0,1.53645,0.00605273,1.53929,39,0,29,24,30,0,-2,0,0,1,56,3804,3804,0,141,35,614,35272,35096,108,2,65,98,0,0,0,0,0,1,0,0,0,0,3861,0,0,0,0,0,0,0,0,0,0,0,0,0
2461.3,0,0,0,0,0,0,1.53635,0.00604915,1.53943,39,0,29,24,30,0,-2,0,0,1,56,3804,3804,0,141,35,614,35271,35097,108,2,65,98,0,0,0,0,0,1,5,5,9,0,3856,0,0,0,0,0,0,0,0,0,0,0,0,0
2461.31,0,0,0,0,0,0,1.53651,0.00606156,1.53955,39,0,29,24,30,0,-2,0,0,1,56,3804,3804,0,141,35,614,35271,35097,108,2,65,98,0,0,0,0,0,1,5,5,9,0,3856,0,0,0,0,0,0,0,0,0,0,0,0,0
2461.32,0,0,0,0,0,0,1.53666,0.00607398,1.53967,39,0,29,24,30,0,-2,0,0,1,56,3804,3804,0,141,35,614,35271,35097,108,2,65,98,0,0,0,0,0,1,0,0,1,0,3863,0,0,0,0,0,0,0,0,0,0,0,0,0
2461.33,0,0,0,0,0,0,1.53682,0.00608639,1.53979,39,0,29,24,30,0,-2,0,0,1,56,3804,3804,0,141,35,614,35271,35097,108,2,65,98,0,0,0,0,0,1,3,0,11,0,3852,0,0,0,0,0,0,0,0,0,-1,0,0,0
2461.34,0,0,0,0,0,0,1.53697,0.0060988,1.53991,39,0,29,24,30,0,-2,0,0,1,56,3804,3804,0,141,35,614,35271,35097,108,2,65,98,0,0,0,0,0,1,0,5,13,0,3858,0,0,0,0,0,0,0,0,0,2,0,0,0
2461.35,0,0,0,0,0,0,1.53713,0.00611122,1.54003,39,0,29,24,30,0,-2,0,0,1,56,3804,3804,0,141,35,614,35271,35097,108,2,65,98,0,0,0,0,0,1,0,0,5,0,3858,0,0,0,0,0,0,0,0,0,-1,0,0,0
2461.36,0,0,0,0,0,0,1.53728,0.00612363,1.54016,39,0,29,24,30,0,-2,0,0,1,56,3804,3804,0,141,35,614,35271,35097,108,2,65,98,0,0,0,0,0,1,0,0,0,0,3861,0,0,0,0,0,0,0,0,0,0,0,0,0
2461.37,0,0,0,0,0,0,1.53744,0.00613604,1.54028,39,0,29,24,30,0,-2,0,0,1,56,3804,3804,0,141,35,614,35271,35097,108,2,65,98,0,0,0,0,0,1,0,0,0,0,3861,0,0,0,0,0,0,0,0,0,0,0,0,0
2461.38,0,0,0,0,0,0,1.53759,0.00614846,1.5404,39,0,29,24,30,0,-2,0,0,1,56,3804,3804,0,141,35,614,35271,35097,108,2,65,98,0,0,0,0,0,1,11,12,17,0,3856,0,0,0,0,0,0,0,0,0,3,0,0,0
2461.39,0,0,0,0,0,0,1.53775,0.00616087,1.54052,39,0,29,24,30,0,-2,0,0,1,56,3804,3804,0,141,35,614,35271,35097,108,2,65,98,0,0,0,0,0,1,0,5,9,0,3865,0,0,0,0,0,0,0,0,0,2,0,0,0
2461.4,0,0,0,0,0,0,1.5379,0.00617329,1.54064,39,0,29,24,30,0,-2,0,0,1,56,3804,3804,0,141,35,614,35271,35097,108,2,65,98,0,0,0,0,0,1,0,0,5,0,3861,0,0,0,0,0,0,0,0,0,1,0,0,0
2461.41,0,0,0,0,0,0,1.53776,0.00618914,1.54048,39,0,29,24,30,0,-2,0,0,1,56,3804,3804,0,141,35,614,35271,35097,108,2,65,98,0,0,0,0,0,1,3,5,11,0,3858,0,0,0,0,0,0,0,0,0,1,0,0,0
2461.42,0,0,0,0,0,0,1.53762,0.00620499,1.54031,39,0,29,24,30,0,-2,0,0,1,56,3804,3804,0,141,35,614,35271,35097,108,2,65,98,0,0,0,0,0,1,7,6,11,0,3852,0,0,0,0,0,0,0,0,0,1,0,0,0
2461.43,0,0,0,0,0,0,1.53748,0.00622084,1.54015,39,0,29,24,30,0,-2,0,0,1,56,3804,3804,0,141,35,614,35271,35097,108,2,65,98,0,0,0,0,0,1,7,6,11,0,3852,0,0,0,0,0,0,0,0,0,1,0,0,0
2461.44,0,0,0,0,0,0,1.53734,0.00623669,1.53999,39,0,29,24,30,0,-2,0,0,1,56,3804,3804,0,141,35,614,35271,35097,108,2,65,98,0,0,0,0,0,1,1,2,3,0,3869,0,0,0,0,0,0,0,0,0,0,0,0,0
2461.45,0,0,0,0,0,0,1.5372,0.00625255,1.53982,39,0,29,24,30,0,-2,0,0,1,56,3804,3804,0,141,35,614,35271,35097,108,2,65,98,0,0,0,0,0,1,0,5,7,0,3869,0,0,0,0,0,0,0,0,0,2,0,0,0
2461.46,0,0,0,0,0,0,1.53706,0.0062684,1.53966,39,0,29,24,30,0,-2,0,0,1,56,3804,3804,0,141,35,614,35271,35097,108,2,65,98,0,0,0,0,0,1,5,5,11,0,3858,0,0,0,0,0,0,0,0,0,-3,0,0,0
2461.47,0,0,0,0,0,0,1.53692,0.00628425,1.5395,39,0,29,24,30,0,-2,0,0,1,56,3804,3804,0,141,35,614,35271,35097,108,2,65,98,0,0,0,0,0,1,0,0,3,0,3856,0,0,0,0,0,0,0,0,0,-4,0,0,0
2461.48,0,0,0,0,0,0,1.53678,0.0063001,1.53933,39,0,29,24,30,0,-2,0,0,1,56,3804,3804,0,141,35,614,35271,35097,108,2,65,98,0,0,0,0,0,1,0,0,5,0,3848,0,0,0,0,0,0,0,0,0,-2,0,0,0
2461.49,0,0,0,0,0,0,1.53664,0.00631595,1.53917,39,0,29,24,30,0,-2,0,0,1,56,3804,3804,0,141,35,614,35271,35097,108,2,65,98,0,0,0,0,0,1,0,0,5,0,3848,0,0,0,0,0,0,0,0,0,-2,0,0,0
2461.5,0,0,0,0,0,0,1.5365,0.00633181,1.53901,39,0,29,24,30,0,-2,0,0,1,56,3804,3804,0,141,35,614,35272,35098,109,2,65,98,0,0,0,0,0,1,0,0,3,0,3856,0,0,0,0,0,0,0,0,0,2,0,0,0
2461.51,0,0,0,0,0,0,1.53644,0.00632007,1.53937,39,0,29,24,30,0,-2,0,0,1,56,3804,3804,0,141,35,614,35272,35098,109,2,65,98,0,0,0,0,0,1,0,0,3,0,3861,0,0,0,0,0,0,0,0,0,0,0,0,0
2461.52,0,0,0,0,0,0,1.53638,0.00630834,1.53973,39,0,29,24,30,0,-2,0,0,1,56,3804,3804,0,141,35,614,35272,35098,109,2,65,98,0,0,0,0,0,1,0,0,13,0,3856,0,0,0,0,0,0,0,0,0,0,0,0,0
2461.53,0,0,0,0,0,0,1.53632,0.0062966,1.54009,39,0,29,24,30,0,-2,0,0,1,56,3804,3804,0,141,35,614,35272,35098,109,2,65,98,0,0,0,0,0,1,0,0,1,0,3854,0,0,0,0,0,0,0,0,0,0,0,0,0
2461.54,0,0,0,0,0,0,1.53626,0.00628486,1.54045,39,0,29,24,30,0,-2,0,0,1,56,3804,3804,0,141,35,614,35272,35098,109,2,65,98,0,0,0,0,0,1,3,0,5,0,3858,0,0,0,0,0,0,0,0,0,-1,0,0,0
2461.55,0,0,0,0,0,0,1.5362,0.00627313,1.54081,39,0,29,24,30,0,-2,0,0,1,56,3804,3804,0,141,35,614,35272,35098,109,2,65,98,0,0,0,0,0,1,3,0,5,0,3858,0,0,0,0,0,0,0,0,0,-1,0,0,0
2461.56,0,0,0,0,0,0,1.53614,0.00626139,1.54118,39,0,29,24,30,0,-2,0,0,1,56,3804,3804,0,141,35,614,35272,35098,109,2,65,98,0,0,0,0,0,1,0,0,11,0,3856,0,0,0,0,0,0,0,0,0,0,0,0,0
2461.57,0,0,0,0,0,0,1.53608,0.00624966,1.54154,39,0,29,24,30,0,-2,0,0,1,56,3804,3804,0,141,35,614,35272,35098,109,2,65,98,0,0,0,0,0,1,0,0,3,0,3856,0,0,0,0,0,0,0,0,0,0,0,0,0
2461.58,0,0,0,0,0,0,1.53602,0.00623792,1.5419,39,0,29,24,30,0,-2,0,0,1,56,3804,3804,0,141,35,614,35272,35098,109,2,65,98,0,0,0,0,0,1,3,0,11,0,3858,0,0,0,0,0,0,0,0,0,-1,0,0,0
2461.59,0,0,0,0,0,0,1.53596,0.00622619,1.54226,39,0,29,24,30,0,-2,0,0,1,56,3804,3804,0,141,35,614,35272,35098,109,2,65,98,0,0,0,0,0,1,0,0,3,0,3861,0,0,0,0,0,0,0,0,0,-1,0,0,0
2461.6,0,0,0,0,0,0,1.53589,0.00621445,1.54262,39,0,29,24,30,0,-2,0,0,1,56,3804,3804,0,141,35,614,35273,35098,108,2,65,98,0,0,0,0,0,1,0,0,7,0,3858,0,0,0,0,0,0,0,0,0,0,0,0,0
2461.61,0,0,0,0,0,0,1.5361,0.00622279,1.54241,39,0,29,24,30,0,-2,0,0,1,56,3804,3804,0,141,35,614,35273,35098,108,2,65,98,0,0,0,0,0,1,0,0,7,0,3858,0,0,0,0,0,0,0,0,0,0,0,0,0
2461.62,0,0,0,0,0,0,1.53631,0.00623113,1.54219,39,0,29,24,30,0,-2,0,0,1,56,3804,3804,0,141,35,614,35273,35098,108,2,65,98,0,0,0,0,0,1,0,0,3,0,3854,0,0,0,0,0,0,0,0,0,0,0,0,0
2461.63,0,0,0,0,0,0,1.53652,0.00623948,1.54197,39,0,29,24,30,0,-2,0,0,1,56,3804,3804,0,141,35,614,35273,35098,108,2,65,98,0,0,0,0,0,1,0,0,5,0,3858,0,0,0,0,0,0,0,0,0,0,0,0,0
2461.64,0,0,0,0,0,0,1.53673,0.00624782,1.54175,39,0,29,24,30,0,-2,0,0,1,56,3804,3804,0,141,35,614,35273,35098,108,2,65,98,0,0,0,0,0,1,1,2,5,0,3858,0,0,0,0,0,0,0,0,0,0,0,0,0
2461.65,0,0,0,0,0,0,1.53694,0.00625616,1.54153,39,0,29,24,30,0,-2,0,0,1,56,3804,3804,0,141,35,614,35273,35098,108,2,65,98,0,0,0,0,0,1,1,0,7,0,3858,0,0,0,0,0,0,0,0,0,-2,0,0,0
2461.66,0,0,0,0,0,0,1.53715,0.0062645,1.54132,39,0,29,24,30,0,-2,0,0,1,56,3804,3804,0,141,35,614,35273,35098,108,2,65,98,0,0,0,0,0,1,0,0,3,0,3861,0,0,0,0,0,0,0,0,0,-3,0,0,0
2461.67,0,0,0,0,0,0,1.53736,0.00627284,1.5411,39,0,29,24,30,0,-2,0,0,1,56,3804,3804,0,141,35,614,35273,35098,108,2,65,98,0,0,0,0,0,1,0,0,3,0,3861,0,0,0,0,0,0,0,0,0,-3,0,0,0
2461.68,0,0,0,0,0,0,1.53757,0.00628119,1.54088,39,0,29,24,30,0,-2,0,0,1,56,3804,3804,0,141,35,614,35273,35098,108,2,65,98,0,0,0,0,0,1,1,0,5,0,3858,0,0,0,0,0,0,0,0,0,0,0,0,0
2461.69,0,0,0,0,0,0,1.53778,0.00628953,1.54066,39,0,29,24,30,0,-2,0,0,1,56,3804,3804,0,141,35,614,35273,35098,108,2,65,98,0,0,0,0,0,1,0,0,0,0,3856,0,0,0,0,0,0,0,0,0,-5,0,0,0
2461.7,0,0,0,0,0,0,1.53798,0.00629787,1.54045,39,0,29,24,30,0,-2,0,0,1,56,3804,3804,0,141,35,614,35273,35100,108,2,65,98,0,0,0,0,0,1,0,0,0,0,3854,0,0,0,0,0,0,0,0,0,0,0,0,0
2461.71,0,0,0,0,0,0,1.53799,0.00627561,1.5402,39,0,29,24,30,0,-2,0,0,1,56,3804,3804,0,141,35,614,35273,35100,108,2,65,98,0,0,0,0,0,1,0,0,5,0,3861,0,0,0,0,0,0,0,0,0,0,0,0,0
2461.72,0,0,0,0,0,0,1.53799,0.00625334,1.53995,39,0,29,24,30,0,-2,0,0,1,56,3804,3804,0,141,35,614,35273,35100,108,2,65,98,0,0,0,0,0,1,0,0,5,0,3856,0,0,0,0,0,0,0,0,0,0,0,0,0
2461.73,0,0,0,0,0,0,1.538,0.00623108,1.53969,39,0,29,24,30,0,-2,0,0,1,56,3804,3804,0,141,35,614,35273,35100,108,2,65,98,0,0,0,0,0,1,0,0,5,0,3856,0,0,0,0,0,0,0,0,0,0,0,0,0
2461.74,0,0,0,0,0,0,1.538,0.00620881,1.53944,39,0,29,24,30,0,-2,0,0,1,56,3804,3804,0,141,35,614,35273,35100,108,2,65,98,0,0,0,0,0,1,5,12,1,0,3861,0,0,0,0,0,0,0,0,0,4,0,0,0
2461.75,0,0,0,0,0,0,1.538,0.00618655,1.53919,39,0,29,24,30,0,-2,0,0,1,56,3804,3804,0,141,35,614,35273,35100,108,2,65,98,0,0,0,0,0,1,1,8,13,0,3861,0,0,0,0,0,0,0,0,0,-1,0,0,0
2461.76,0,0,0,0,0,0,1.53801,0.00616429,1.53894,39,0,29,24,30,0,-2,0,0,1,56,3804,3804,0,141,35,614,35273,35100,108,2,65,98,0,0,0,0,0,1,0,0,0,0,3861,0,0,0,0,0,0,0,0,0,-3,0,0,0
2461.77,0,0,0,0,0,0,1.53801,0.00614202,1.53869,39,0,29,24,30,0,-2,0,0,1,56,3804,3804,0,141,35,614,35273,35100,108,2,65,98,0,0,0,0,0,1,0,5,0,0,3865,0,0,0,0,0,0,0,0,0,3,0,0,0
2461.78,0,0,0,0,0,0,1.53802,0.00611976,1.53844,39,0,29,24,30,0,-2,0,0,1,56,3804,3804,0,141,35,614,35273,35100,108,2,65,98,0,0,0,0,0,1,0,0,11,0,3861,0,0,0,0,0,0,0,0,0,-1,0,0,0
2461.79,0,0,0,0,0,0,1.53802,0.00609749,1.53819,39,0,29,24,30,0,-2,0,0,1,56,3804,3804,0,141,35,614,35273,35100,108,2,65,98,0,0,0,0,0,1,0,0,11,0,3861,0,0,0,0,0,0,0,0,0,-1,0,0,0
2461.8,0,0,0,0,0,0,1.53802,0.00607523,1.53794,39,0,29,24,30,0,-2,0,0,1,56,3804,3804,0,141,35,614,35274,35099,108,2,65,98,0,0,0,0,0,1,11,8,15,0,3861,0,0,0,0,0,0,0,0,0,1,0,0,0
2461.81,0,0,0,0,0,0,1.53788,0.00607465,1.53818,39,0,29,24,30,0,-2,0,0,1,56,3804,3804,0,141,35,614,35274,35099,108,2,65,98,0,0,0,0,0,1,1,6,11,0,3854,0,0,0,0,0,0,0,0,0,0,0,0,0
2461.82,0,0,0,0,0,0,1.53773,0.00607406,1.53843,39,0,29,24,30,0,-2,0,0,1,56,3804,3804,0,141,35,614,35274,35099,108,2,65,98,0,0,0,0,0,1,0,0,9,0,3865,0,0,0,0,0,0,0,0,0,0,0,0,0
2461.83,0,0,0,0,0,0,1.53758,0.00607348,1.53867,39,0,29,24,30,0,-2,0,0,1,56,3804,3804,0,141,35,614,35274,35099,108,2,65,98,0,0,0,0,0,1,1,0,7,0,3858,0,0,0,0,0,0,0,0,0,0,0,0,0
2461.84,0,0,0,0,0,0,1.53743,0.0060729,1.53892,39,0,29,24,30,0,-2,0,0,1,56,3804,3804,0,141,35,614,35274,35099,108,2,65,98,0,0,0,0,0,1,15,8,23,0,3856,0,0,0,0,0,0,0,0,0,0,0,0,0
2461.85,0,0,0,0,0,0,1.53728,0.00607232,1.53916,39,0,29,24,30,0,-2,0,0,1,56,3804,3804,0,141,35,614,35274,35099,108,2,65,98,0,0,0,0,0,1,15,8,23,0,3856,0,0,0,0,0,0,0,0,0,0,0,0,0
2461.86,0,0,0,0,0,0,1.53714,0.00607173,1.53941,39,0,29,24,30,0,-2,0,0,1,56,3804,3804,0,141,35,614,35274,35099,108,2,65,98,0,0,0,0,0,1,0,0,1,0,3856,0,0,0,0,0,0,0,0,0,0,0,0,0
2461.87,0,0,0,0,0,0,1.53699,0.00607115,1.53965,39,0,29,24,30,0,-2,0,0,1,56,3804,3804,0,141,35,614,35274,35099,108,2,65,98,0,0,0,0,0,1,0,0,0,0,3856,0,0,0,0,0,0,0,0,0,0,0,0,0
2461.88,0,0,0,0,0,0,1.53684,0.00607057,1.5399,39,0,29,24,30,0,-2,0,0,1,56,3804,3804,0,141,35,614,35274,35099,108,2,65,98,0,0,0,0,0,1,11,10,15,0,3852,0,0,0,0,0,0,0,0,0,2,0,0,0
2461.89,0,0,0,0,0,0,1.53669,0.00606999,1.54014,39,0,29,24,30,0,-2,0,0,1,56,3804,3804,0,141,35,614,35274,35099,108,2,65,98,0,0,0,0,0,1,0,0,0,0,3861,0,0,0,0,0,0,0,0,0,0,0,0,0
2461.9,0,0,0,0,0,0,1.53655,0.0060694,1.54039,39,0,29,24,30,0,-2,0,0,1,56,3804,3804,0,141,35,614,35274,35101,108,2,65,98,0,0,0,0,0,1,0,0,0,0,3858,0,0,0,0,0,0,0,0,0,0,0,0,0
2461.91,0,0,0,0,0,0,1.53674,0.00606779,1.54026,39,0,29,24,30,0,-2,0,0,1,56,3804,3804,0,141,35,614,35274,35101,108,2,65,98,0,0,0,0,0,1,0,0,0,0,3858,0,0,0,0,0,0,0,0,0,0,0,0,0
2461.92,0,0,0,0,0,0,1.53692,0.00606617,1.54013,39,0,29,24,30,0,-2,0,0,1,56,3804,3804,0,141,35,614,35274,35101,108,2,65,98,0,0,0,0,0,1,3,0,13,0,3861,0,0,0,0,0,0,0,0,0,0,0,0,0
2461.93,0,0,0,0,0,0,1.53711,0.00606456,1.54001,39,0,29,24,30,0,-2,0,0,1,56,3804,3804,0,141,35,614,35274,35101,108,2,65,98,0,0,0,0,0,1,3,8,15,0,3858,0,0,0,0,0,0,0,0,0,3,0,0,0
2461.94,0,0,0,0,0,0,1.5373,0.00606294,1.53988,39,0,29,24,30,0,-2,0,0,1,56,3804,3804,0,141,35,614,35274,35101,108,2,65,98,0,0,0,0,0,1,0,0,0,0,3854,0,0,0,0,0,0,0,0,0,-1,0,0,0
2461.95,0,0,0,0,0,0,1.53749,0.00606132,1.53975,39,0,29,24,30,0,-2,0,0,1,56,3804,3804,0,141,35,614,35274,35101,108,2,65,98,0,0,0,0,0,1,0,0,1,0,3863,0,0,0,0,0,0,0,0,0,0,0,0,0
2461.96,0,0,0,0,0,0,1.53768,0.00605971,1.53963,39,0,29,24,30,0,-2,0,0,1,56,3804,3804,0,141,35,614,35274,35101,108,2,65,98,0,0,0,0,0,1,0,0,0,0,3861,0,0,0,0,0,0,0,0,0,-2,0,0,0
2461.97,0,0,0,0,0,0,1.53787,0.00605809,1.5395,39,0,29,24,30,0,-2,0,0,1,56,3804,3804,0,141,35,614,35274,35101,108,2,65,98,0,0,0,0,0,1,0,0,0,0,3861,0,0,0,0,0,0,0,0,0,-2,0,0,0
2461.98,0,0,0,0,0,0,1.53806,0.00605648,1.53937,39,0,29,24,30,0,-2,0,0,1,56,3804,3804,0,141,35,614,35274,35101,108,2,65,98,0,0,0,0,0,1,0,0,5,0,3856,0,0,0,0,0,0,0,0,0,0,0,0,0
2461.99,0,0,0,0,0,0,1.53825,0.00605486,1.53924,39,0,29,24,30,0,-2,0,0,1,56,3804,3804,0,141,35,614,35274,35101,108,2,65,98,0,0,0,0,0,1,0,0,0,0,3858,0,0,0,0,0,0,0,0,0,-1,0,0,0
2462,0,0,0,0,0,0,1.53844,0.00605324,1.53912,39,0,29,24,30,0,-2,0,0,1,57,3804,3804,0,141,35,614,35275,35101,108,2,65,98,0,0,0,0,0,1,0,0,5,0,3856,0,0,0,0,0,0,0,0,0,0,0,0,0
2462.01,0,0,0,0,0,0,1.53812,0.00606877,1.53902,39,0,29,24,30,0,-2,0,0,1,57,3804,3804,0,141,35,614,35275,35101,108,2,65,98,0,0,0,0,0,1,0,0,5,0,3856,0,0,0,0,0,0,0,0,0,-1,0,0,0
2462.02,0,0,0,0,0,0,1.5378,0.0060843,1.53891,39,0,29,24,30,0,-2,0,0,1,57,3804,3804,0,141,35,614,35275,35101,108,2,65,98,0,0,0,0,0,1,3,0,1,0,3863,0,0,0,0,0,0,0,0,0,-1,0,0,0
2462.03,0,0,0,0,0,0,1.53748,0.00609983,1.53881,39,0,29,24,30,0,-2,0,0,1,57,3804,3804,0,141,35,614,35275,35101,108,2,65,98,0,0,0,0,0,1,3,0,1,0,3863,0,0,0,0,0,0,0,0,0,-1,0,0,0
2462.04,0,0,0,0,0,0,1.53716,0.00611537,1.53871,39,0,29,24,30,0,-2,0,0,1,57,3804,3804,0,141,35,614,35275,35101,108,2,65,98,0,0,0,0,0,1,15,16,19,0,3856,0,0,0,0,0,0,0,0,0,4,0,0,0
2462.05,0,0,0,0,0,0,1.53684,0.0061309,1.53861,39,0,29,24,30,0,-2,0,0,1,57,3804,3804,0,141,35,614,35275,35101,108,2,65,98,0,0,0,0,0,1,0,0,0,0,3867,0,0,0,0,0,0,0,0,0,-1,0,0,0
2462.06,0,0,0,0,0,0,1.53652,0.00614643,1.5385,39,0,29,24,30,0,-2,0,0,1,57,3804,3804,0,141,35,614,35275,35101,108,2,65,98,0,0,0,0,0,1,0,0,0,0,3861,0,0,0,0,0,0,0,0,0,0,0,0,0
2462.07,0,0,0,0,0,0,1.53621,0.00616196,1.5384,39,0,29,24,30,0,-2,0,0,1,57,3804,3804,0,141,35,614,35275,35101,108,2,65,98,0,0,0,0,0,1,0,0,0,0,3861,0,0,0,0,0,0,0,0,0,-1,0,0,0
2462.08,0,0,0,0,0,0,1.53589,0.00617749,1.5383,39,0,29,24,30,0,-2,0,0,1,57,3804,3804,0,141,35,614,35275,35101,108,2,65,98,0,0,0,0,0,1,0,0,1,0,3863,0,0,0,0,0,0,0,0,0,-1,0,0,0
2462.09,0,0,0,0,0,0,1.53557,0.00619302,1.5382,39,0,29,24,30,0,-2,0,0,1,57,3804,3804,0,141,35,614,35275,35101,108,2,65,98,0,0,0,0,0,1,0,0,1,0,3863,0,0,0,0,0,0,0,0,0,-1,0,0,0
2462.1,0,0,0,0,0,0,1.53525,0.00620855,1.5381,39,0,29,24,30,0,-2,0,0,1,56,3804,3804,0,141,35,614,35274,35101,108,2,65,98,0,0,0,0,0,1,0,0,0,0,3861,0,0,0,0,0,0,0,0,0,-2,0,0,0
2462.11,0,0,0,0,0,0,1.53545,0.00620072,1.53834,39,0,29,24,30,0,-2,0,0,1,56,3804,3804,0,141,35,614,35274,35101,108,2,65,98,0,0,0,0,0,1,1,0,5,0,3852,0,0,0,0,0,0,0,0,0,0,0,0,0
2462.12,0,0,0,0,0,0,1.53565,0.00619288,1.53859,39,0,29,24,30,0,-2,0,0,1,56,3804,3804,0,141,35,614,35274,35101,108,2,65,98,0,0,0,0,0,1,3,2,7,0,3861,0,0,0,0,0,0,0,0,0,0,0,0,0
2462.13,0,0,0,0,0,0,1.53585,0.00618505,1.53883,39,0,29,24,30,0,-2,0,0,1,56,3804,3804,0,141,35,614,35274,35101,108,2,65,98,0,0,0,0,0,1,0,0,9,0,3856,0,0,0,0,0,0,0,0,0,0,0,0,0
2462.14,0,0,0,0,0,0,1.53605,0.00617722,1.53908,39,0,29,24,30,0,-2,0,0,1,56,3804,3804,0,141,35,614,35274,35101,108,2,65,98,0,0,0,0,0,1,0,0,1,0,3858,0,0,0,0,0,0,0,0,0,0,0,0,0
2462.15,0,0,0,0,0,0,1.53625,0.00616939,1.53933,39,0,29,24,30,0,-2,0,0,1,56,3804,3804,0,141,35,614,35274,35101,108,2,65,98,0,0,0,0,0,1,0,0,1,0,3858,0,0,0,0,0,0,0,0,0,0,0,0,0
2462.16,0,0,0,0,0,0,1.53645,0.00616156,1.53957,39,0,29,24,30,0,-2,0,0,1,56,3804,3804,0,141,35,614,35274,35101,108,2,65,98,0,0,0,0,0,1,3,0,7,0,3852,0,0,0,0,0,0,0,0,0,0,0,0,0
2462.17,0,0,0,0,0,0,1.53665,0.00615373,1.53982,39,0,29,24,30,0,-2,0,0,1,56,3804,3804,0,141,35,614,35274,35101,108,2,65,98,0,0,0,0,0,1,1,0,1,0,3863,0,0,0,0,0,0,0,0,0,-1,0,0,0
2462.18,0,0,0,0,0,0,1.53685,0.0061459,1.54007,39,0,29,24,30,0,-2,0,0,1,56,3804,3804,0,141,35,614,35274,35101,108,2,65,98,0,0,0,0,0,1,0,2,3,0,3856,0,0,0,0,0,0,0,0,0,1,0,0,0
2462.19,0,0,0,0,0,0,1.53705,0.00613807,1.54031,39,0,29,24,30,0,-2,0,0,1,56,3804,3804,0,141,35,614,35274,35101,108,2,65,98,0,0,0,0,0,1,0,0,0,0,3856,0,0,0,0,0,0,0,0,0,0,0,0,0
2462.2,0,0,0,0,0,0,1.53725,0.00613023,1.54056,39,0,29,24,30,0,-2,0,0,1,57,3804,3804,0,141,35,614,35276,35102,108,2,65,98,0,0,0,0,0,1,0,0,3,0,3861,0,0,0,0,0,0,0,0,0,0,0,0,0
2462.21,0,0,0,0,0,0,1.53717,0.00612961,1.54044,39,0,29,24,30,0,-2,0,0,1,57,3804,3804,0,141,35,614,35276,35102,108,2,65,98,0,0,0,0,0,1,0,0,3,0,3861,0,0,0,0,0,0,0,0,0,0,0,0,0
2462.22,0,0,0,0,0,0,1.5371,0.00612899,1.54032,39,0,29,24,30,0,-2,0,0,1,57,3804,3804,0,141,35,614,35276,35102,108,2,65,98,0,0,0,0,0,1,0,0,7,0,3856,0,0,0,0,0,0,0,0,0,1,0,0,0
2462.23,0,0,0,0,0,0,1.53702,0.00612837,1.5402,39,0,29,24,30,0,-2,0,0,1,57,3804,3804,0,141,35,614,35276,35102,108,2,65,98,0,0,0,0,0,1,0,0,5,0,3861,0,0,0,0,0,0,0,0,0,-1,0,0,0
2462.24,0,0,0,0,0,0,1.53694,0.00612774,1.54007,39,0,29,24,30,0,-2,0,0,1,57,3804,3804,0,141,35,614,35276,35102,108,2,65,98,0,0,0,0,0,1,1,0,11,0,3865,0,0,0,0,0,0,0,0,0,0,0,0,0
2462.25,0,0,0,0,0,0,1.53686,0.00612712,1.53995,39,0,29,24,30,0,-2,0,0,1,57,3804,3804,0,141,35,614,35276,35102,108,2,65,98,0,0,0,0,0,1,0,0,0,0,3854,0,0,0,0,0,0,0,0,0,1,0,0,0
2462.26,0,0,0,0,0,0,1.53679,0.0061265,1.53983,39,0,29,24,30,0,-2,0,0,1,57,3804,3804,0,141,35,614,35276,35102,108,2,65,98,0,0,0,0,0,1,0,0,3,0,3858,0,0,0,0,0,0,0,0,0,0,0,0,0
2462.27,0,0,0,0,0,0,1.53671,0.00612587,1.53971,39,0,29,24,30,0,-2,0,0,1,57,3804,3804,0,141,35,614,35276,35102,108,2,65,98,0,0,0,0,0,1,0,0,3,0,3858,0,0,0,0,0,0,0,0,0,0,0,0,0
2462.28,0,0,0,0,0,0,1.53663,0.00612525,1.53959,39,0,29,24,30,0,-2,0,0,1,57,3804,3804,0,141,35,614,35276,35102,108,2,65,98,0,0,0,0,0,1,11,8,23,0,3861,0,0,0,0,0,0,0,0,0,1,0,0,0
2462.29,0,0,0,0,0,0,1.53655,0.00612463,1.53947,39,0,29,24,30,0,-2,0,0,1,57,3804,3804,0,141,35,614,35276,35102,108,2,65,98,0,0,0,0,0,1,0,2,11,0,3856,0,0,0,0,0,0,0,0,0,2,0,0,0
2462.3,0,0,0,0,0,0,1.53648,0.00612401,1.53935,39,0,29,24,30,0,-2,0,0,1,56,3804,3804,0,141,35,614,35276,35104,108,2,65,98,0,0,0,0,0,1,0,0,5,0,3861,0,0,0,0,0,0,0,0,0,0,0,0,0
2462.31,0,0,0,0,0,0,1.5368,0.00611599,1.53921,39,0,29,24,30,0,-2,0,0,1,56,3804,3804,0,141,35,614,35276,35104,108,2,65,98,0,0,0,0,0,1,1,6,0,0,3858,0,0,0,0,0,0,0,0,0,2,0,0,0
2462.32,0,0,0,0,0,0,1.53712,0.00610798,1.53908,39,0,29,24,30,0,-2,0,0,1,56,3804,3804,0,141,35,614,35276,35104,108,2,65,98,0,0,0,0,0,1,1,0,17,0,3861,0,0,0,0,0,0,0,0,0,0,0,0,0
2462.33,0,0,0,0,0,0,1.53745,0.00609997,1.53895,39,0,29,24,30,0,-2,0,0,1,56,3804,3804,0,141,35,614,35276,35104,108,2,65,98,0,0,0,0,0,1,1,0,17,0,3861,0,0,0,0,0,0,0,0,0,0,0,0,0
2462.34,0,0,0,0,0,0,1.53777,0.00609195,1.53881,39,0,29,24,30,0,-2,0,0,1,56,3804,3804,0,141,35,614,35276,35104,108,2,65,98,0,0,0,0,0,1,3,0,9,0,3863,0,0,0,0,0,0,0,0,0,0,0,0,0
2462.35,0,0,0,0,0,0,1.53809,0.00608394,1.53868,39,0,29,24,30,0,-2,0,0,1,56,3804,3804,0,141,35,614,35276,35104,108,2,65,98,0,0,0,0,0,1,0,0,21,0,3863,0,0,0,0,0,0,0,0,0,2,0,0,0
2462.36,0,0,0,0,0,0,1.53842,0.00607593,1.53854,39,0,29,24,30,0,-2,0,0,1,56,3804,3804,0,141,35,614,35276,35104,108,2,65,98,0,0,0,0,0,1,0,0,0,0,3861,0,0,0,0,0,0,0,0,0,-1,0,0,0
2462.37,0,0,0,0,0,0,1.53874,0.00606791,1.53841,39,0,29,24,30,0,-2,0,0,1,56,3804,3804,0,141,35,614,35276,35104,108,2,65,98,0,0,0,0,0,1,0,2,15,0,3848,0,0,0,0,0,0,0,0,0,3,0,0,0
2462.38,0,0,0,0,0,0,1.53906,0.0060599,1.53827,39,0,29,24,30,0,-2,0,0,1,56,3804,3804,0,141,35,614,35276,35104,108,2,65,98,0,0,0,0,0,1,9,8,30,0,3861,0,0,0,0,0,0,0,0,0,1,0,0,0
2462.39,0,0,0,0,0,0,1.53939,0.00605188,1.53814,39,0,29,24,30,0,-2,0,0,1,56,3804,3804,0,141,35,614,35276,35104,108,2,65,98,0,0,0,0,0,1,9,8,30,0,3861,0,0,0,0,0,0,0,0,0,1,0,0,0
2462.4,0,0,0,0,0,0,1.53971,0.00604387,1.53801,39,0,29,24,30,0,-2,0,0,1,56,3804,3804,0,141,35,614,35276,35104,108,2,65,98,0,0,0,0,0,1,1,0,7,0,3856,0,0,0,0,0,0,0,0,0,-2,0,0,0
2462.41,0,0,0,0,0,0,1.53954,0.00604593,1.53798,39,0,29,24,30,0,-2,0,0,1,56,3804,3804,0,141,35,614,35276,35104,108,2,65,98,0,0,0,0,0,1,0,0,3,0,3856,0,0,0,0,0,0,0,0,0,0,0,0,0
2462.42,0,0,0,0,0,0,1.53937,0.006048,1.53795,39,0,29,24,30,0,-2,0,0,1,56,3804,3804,0,141,35,614,35276,35104,108,2,65,98,0,0,0,0,0,1,0,0,0,0,3858,0,0,0,0,0,0,0,0,0,0,0,0,0
2462.43,0,0,0,0,0,0,1.5392,0.00605006,1.53792,39,0,29,24,30,0,-2,0,0,1,56,3804,3804,0,141,35,614,35276,35104,108,2,65,98,0,0,0,0,0,1,5,5,7,0,3863,0,0,0,0,0,0,0,0,0,1,0,0,0
2462.44,0,0,0,0,0,0,1.53903,0.00605212,1.53789,39,0,29,24,30,0,-2,0,0,1,56,3804,3804,0,141,35,614,35276,35104,108,2,65,98,0,0,0,0,0,1,5,5,7,0,3856,0,0,0,0,0,0,0,0,0,0,0,0,0
2462.45,0,0,0,0,0,0,1.53886,0.00605418,1.53786,39,0,29,24,30,0,-2,0,0,1,56,3804,3804,0,141,35,614,35276,35104,108,2,65,98,0,0,0,0,0,1,9,2,11,0,3856,0,0,0,0,0,0,0,0,0,0,0,0,0
2462.46,0,0,0,0,0,0,1.53869,0.00605624,1.53783,39,0,29,24,30,0,-2,0,0,1,56,3804,3804,0,141,35,614,35276,35104,108,2,65,98,0,0,0,0,0,1,1,0,7,0,3856,0,0,0,0,0,0,0,0,0,0,0,0,0
2462.47,0,0,0,0,0,0,1.53852,0.00605831,1.5378,39,0,29,24,30,0,-2,0,0,1,56,3804,3804,0,141,35,614,35276,35104,108,2,65,98,0,0,0,0,0,1,0,0,0,0,3863,0,0,0,0,0,0,0,0,0,-1,0,0,0
2462.48,0,0,0,0,0,0,1.53835,0.00606037,1.53778,39,0,29,24,30,0,-2,0,0,1,56,3804,3804,0,141,35,614,35276,35104,108,2,65,98,0,0,0,0,0,1,3,2,15,0,3858,0,0,0,0,0,0,0,0,0,0,0,0,0
2462.49,0,0,0,0,0,0,1.53817,0.00606243,1.53775,39,0,29,24,30,0,-2,0,0,1,56,3804,3804,0,141,35,614,35276,35104,108,2,65,98,0,0,0,0,0,1,0,0,5,0,3861,0,0,0,0,0,0,0,0,0,-1,0,0,0
2462.5,0,0,0,0,0,0,1.538,0.00606449,1.53772,39,0,29,24,30,0,-2,0,0,1,56,3804,3804,0,141,35,614,35276,35104,109,2,65,98,0,0,0,0,0,1,1,0,9,0,3863,0,0,0,0,0,0,0,0,0,-2,0,0,0
2462.51,0,0,0,0,0,0,1.53812,0.00606458,1.53792,39,0,29,24,30,0,-2,0,0,1,56,3804,3804,0,141,35,614,35276,35104,109,2,65,98,0,0,0,0,0,1,1,0,9,0,3863,0,0,0,0,0,0,0,0,0,-2,0,0,0
2462.52,0,0,0,0,0,0,1.53823,0.00606467,1.53812,39,0,29,24,30,0,-2,0,0,1,56,3804,3804,0,141,35,614,35276,35104,109,2,65,98,0,0,0,0,0,1,0,0,7,0,3858,0,0,0,0,0,0,0,0,0,-1,0,0,0
2462.53,0,0,0,0,0,0,1.53834,0.00606476,1.53833,39,0,29,24,30,0,-2,0,0,1,56,3804,3804,0,141,35,614,35276,35104,109,2,65,98,0,0,0,0,0,1,7,8,13,0,3854,0,0,0,0,0,0,0,0,0,0,0,0,0
2462.54,0,0,0,0,0,0,1.53845,0.00606485,1.53853,39,0,29,24,30,0,-2,0,0,1,56,3804,3804,0,141,35,614,35276,35104,109,2,65,98,0,0,0,0,0,1,1,0,7,0,3850,0,0,0,0,0,0,0,0,0,0,0,0,0
2462.55,0,0,0,0,0,0,1.53856,0.00606494,1.53873,39,0,29,24,30,0,-2,0,0,1,56,3804,3804,0,141,35,614,35276,35104,109,2,65,98,0,0,0,0,0,1,0,0,0,0,3861,0,0,0,0,0,0,0,0,0,-1,0,0,0
2462.56,0,0,0,0,0,0,1.53867,0.00606503,1.53894,39,0,29,24,30,0,-2,0,0,1,56,3804,3804,0,141,35,614,35276,35104,109,2,65,98,0,0,0,0,0,1,3,0,13,0,3858,0,0,0,0,0,0,0,0,0,-1,0,0,0
2462.57,0,0,0,0,0,0,1.53878,0.00606512,1.53914,39,0,29,24,30,0,-2,0,0,1,56,3804,3804,0,141,35,614,35276,35104,109,2,65,98,0,0,0,0,0,1,3,0,13,0,3858,0,0,0,0,0,0,0,0,0,-1,0,0,0
2462.58,0,0,0,0,0,0,1.53889,0.00606521,1.53934,39,0,29,24,30,0,-2,0,0,1,56,3804,3804,0,141,35,614,35276,35104,109,2,65,98,0,0,0,0,0,1,3,5,13,0,3872,0,0,0,0,0,0,0,0,0,1,0,0,0
2462.59,0,0,0,0,0,0,1.53901,0.0060653,1.53954,39,0,29,24,30,0,-2,0,0,1,56,3804,3804,0,141,35,614,35276,35104,109,2,65,98,0,0,0,0,0,1,0,0,5,0,3856,0,0,0,0,0,0,0,0,0,-1,0,0,0
2462.6,0,0,0,0,0,0,1.53912,0.00606539,1.53975,39,0,29,24,30,0,-2,0,0,1,56,3804,3804,0,141,35,614,35277,35104,108,2,65,98,0,0,0,0,0,1,0,0,7,0,3858,0,0,0,0,0,0,0,0,0,0,0,0,0
2462.61,0,0,0,0,0,0,1.53922,0.0060558,1.53974,39,0,29,24,30,0,-2,0,0,1,56,3804,3804,0,141,35,614,35277,35104,108,2,65,98,0,0,0,0,0,1,0,0,3,0,3863,0,0,0,0,0,0,0,0,0,-1,0,0,0
2462.62,0,0,0,0,0,0,1.53933,0.0060462,1.53973,39,0,29,24,30,0,-2,0,0,1,56,3804,3804,0,141,35,614,35277,35104,108,2,65,98,0,0,0,0,0,1,5,5,7,0,3867,0,0,0,0,0,0,0,0,0,0,0,0,0
2462.63,0,0,0,0,0,0,1.53944,0.0060366,1.53973,39,0,29,24,30,0,-2,0,0,1,56,3804,3804,0,141,35,614,35277,35104,108,2,65,98,0,0,0,0,0,1,5,5,7,0,3867,0,0,0,0,0,0,0,0,0,0,0,0,0
2462.64,0,0,0,0,0,0,1.53955,0.00602701,1.53972,39,0,29,24,30,0,-2,0,0,1,56,3804,3804,0,141,35,614,35277,35104,108,2,65,98,0,0,0,0,0,1,1,0,5,0,3863,0,0,0,0,0,0,0,0,0,0,0,0,0
2462.65,0,0,0,0,0,0,1.53965,0.00601741,1.53971,39,0,29,24,30,0,-2,0,0,1,56,3804,3804,0,141,35,614,35277,35104,108,2,65,98,0,0,0,0,0,1,1,0,5,0,3865,0,0,0,0,0,0,0,0,0,-1,0,0,0
2462.66,0,0,0,0,0,0,1.53976,0.00600781,1.53971,39,0,29,24,30,0,-2,0,0,1,56,3804,3804,0,141,35,614,35277,35104,108,2,65,98,0,0,0,0,0,1,9,8,11,0,3854,0,0,0,0,0,0,0,0,0,1,0,0,0
2462.67,0,0,0,0,0,0,1.53987,0.00599822,1.5397,39,0,29,24,30,0,-2,0,0,1,56,3804,3804,0,141,35,614,35277,35104,108,2,65,98,0,0,0,0,0,1,3,0,9,0,3856,0,0,0,0,0,0,0,0,0,1,0,0,0
2462.68,0,0,0,0,0,0,1.53998,0.00598862,1.53969,39,0,29,24,30,0,-2,0,0,1,56,3804,3804,0,141,35,614,35277,35104,108,2,65,98,0,0,0,0,0,1,3,0,19,0,3874,0,0,0,0,0,0,0,0,0,0,0,0,0
2462.69,0,0,0,0,0,0,1.54008,0.00597903,1.53969,39,0,29,24,30,0,-2,0,0,1,56,3804,3804,0,141,35,614,35277,35104,108,2,65,98,0,0,0,0,0,1,3,0,19,0,3874,0,0,0,0,0,0,0,0,0,0,0,0,0
2462.7,0,0,0,0,0,0,1.54019,0.00596943,1.53968,39,0,29,24,30,0,-2,0,0,1,56,3804,3804,0,141,35,614,35276,35107,108,2,65,98,0,0,0,0,0,1,0,0,3,0,3863,0,0,0,0,0,0,0,0,0,0,0,0,0
2462.71,0,0,0,0,0,0,1.54016,0.0059832,1.53971,39,0,29,24,30,0,-2,0,0,1,56,3804,3804,0,141,35,614,35276,35107,108,2,65,98,0,0,0,0,0,1,0,0,1,0,3858,0,0,0,0,0,0,0,0,0,0,0,0,0
2462.72,0,0,0,0,0,0,1.54014,0.00599698,1.53973,39,0,29,24,30,0,-2,0,0,1,56,3804,3804,0,141,35,614,35276,35107,108,2,65,98,0,0,0,0,0,1,5,0,9,0,3867,0,0,0,0,0,0,0,0,0,0,0,0,0
2462.73,0,0,0,0,0,0,1.54011,0.00601075,1.53976,39,0,29,24,30,0,-2,0,0,1,56,3804,3805,0,141,35,614,35276,35107,108,2,65,98,0,0,0,0,0,1,0,0,5,0,3856,0,0,0,0,0,0,0,0,0,0,0,0,0
2462.74,0,0,0,0,0,0,1.54008,0.00602452,1.53979,39,0,29,24,30,0,-2,0,0,1,56,3804,3805,0,141,35,614,35276,35107,108,2,65,98,0,0,0,0,0,1,0,0,5,0,3856,0,0,0,0,0,0,0,0,0,0,0,0,0
2462.75,0,0,0,0,0,0,1.54005,0.0060383,1.53981,39,0,29,24,30,0,-2,0,0,1,56,3804,3805,0,141,35,614,35276,35107,108,2,65,98,0,0,0,0,0,1,0,0,5,0,3856,0,0,0,0,0,0,0,0,0,0,0,0,0
2462.76,0,0,0,0,0,0,1.54003,0.00605207,1.53984,39,0,29,24,30,0,-2,0,0,1,56,3804,3805,0,141,35,614,35276,35107,108,2,65,98,0,0,0,0,0,1,0,0,0,0,3856,0,0,0,0,0,0,0,0,0,0,0,0,0
2462.77,0,0,0,0,0,0,1.54,0.00606584,1.53986,39,0,29,24,30,0,-2,0,0,1,56,3804,3805,0,141,35,614,35276,35107,108,2,65,98,0,0,0,0,0,1,5,5,13,0,3858,0,0,0,0,0,0,0,0,0,1,0,0,0
2462.78,0,0,0,0,0,0,1.53997,0.00607962,1.53989,39,0,29,24,30,0,-2,0,0,1,56,3804,3805,0,141,35,614,35276,35107,108,2,65,98,0,0,0,0,0,1,5,2,11,0,3854,0,0,0,0,0,0,0,0,0,0,0,0,0
2462.79,0,0,0,0,0,0,1.53994,0.00609339,1.53992,39,0,29,24,30,0,-2,0,0,1,56,3804,3805,0,141,35,614,35276,35107,108,2,65,98,0,0,0,0,0,1,7,10,17,0,3858,0,0,0,0,0,0,0,0,0,3,0,0,0
2462.8,0,0,0,0,0,0,1.53992,0.00610717,1.53994,39,0,29,24,30,0,-2,0,0,1,56,3804,3805,0,141,35,614,35276,35106,108,2,65,98,0,0,0,0,0,1,0,0,9,0,3861,0,0,0,0,0,0,0,0,0,-1,0,0,0
2462.81,0,0,0,0,0,0,1.53989,0.00611962,1.53977,39,0,29,24,30,0,-2,0,0,1,56,3804,3805,0,141,35,614,35276,35106,108,2,65,98,0,0,0,0,0,1,0,0,9,0,3861,0,0,0,0,0,0,0,0,0,-1,0,0,0
2462.82,0,0,0,0,0,0,1.53985,0.00613207,1.5396,39,0,29,24,30,0,-2,0,0,1,56,3804,3805,0,141,35,614,35276,35106,108,2,65,98,0,0,0,0,0,1,0,0,5,0,3858,0,0,0,0,0,0,0,0,0,0,0,0,0
2462.83,0,0,0,0,0,0,1.53982,0.00614452,1.53943,39,0,29,24,30,0,-2,0,0,1,56,3804,3805,0,141,35,614,35276,35106,108,2,65,98,0,0,0,0,0,1,0,0,17,0,3858,0,0,0,0,0,0,0,0,0,-3,0,0,0
2462.84,0,0,0,0,0,0,1.53979,0.00615697,1.53926,39,0,29,24,30,0,-2,0,0,1,56,3804,3805,0,141,35,614,35276,35106,108,2,65,98,0,0,0,0,0,1,0,0,0,0,3865,0,0,0,0,0,0,0,0,0,2,0,0,0
2462.85,0,0,0,0,0,0,1.53976,0.00616942,1.53909,39,0,29,24,30,0,-2,0,0,1,56,3804,3805,0,141,35,614,35276,35106,108,2,65,98,0,0,0,0,0,1,0,10,0,0,3863,0,0,0,0,0,0,0,0,0,3,0,0,0
2462.86,0,0,0,0,0,0,1.53973,0.00618187,1.53891,39,0,29,24,30,0,-2,0,0,1,56,3804,3805,0,141,35,614,35276,35106,108,2,65,98,0,0,0,0,0,1,0,2,1,0,3861,0,0,0,0,0,0,0,0,0,1,0,0,0
2462.87,0,0,0,0,0,0,1.5397,0.00619432,1.53874,39,0,29,24,30,0,-2,0,0,1,56,3804,3805,0,141,35,614,35276,35106,108,2,65,98,0,0,0,0,0,1,0,2,1,0,3861,0,0,0,0,0,0,0,0,0,1,0,0,0
2462.88,0,0,0,0,0,0,1.53967,0.00620677,1.53857,39,0,29,24,30,0,-2,0,0,1,56,3804,3805,0,141,35,614,35276,35106,108,2,65,98,0,0,0,0,0,1,0,0,11,0,3858,0,0,0,0,0,0,0,0,0,0,0,0,0
2462.89,0,0,0,0,0,0,1.53964,0.00621922,1.5384,39,0,29,24,30,0,-2,0,0,1,56,3804,3805,0,141,35,614,35276,35106,108,2,65,98,0,0,0,0,0,1,0,0,5,0,3856,0,0,0,0,0,0,0,0,0,-2,0,0,0
2462.9,0,0,0,0,0,0,1.53961,0.00623167,1.53823,39,0,29,24,30,0,-2,0,0,1,56,3804,3805,0,141,35,614,35277,35107,108,2,65,98,0,0,0,0,0,1,0,0,0,0,3861,0,0,0,0,0,0,0,0,0,0,0,0,0
2462.91,0,0,0,0,0,0,1.5394,0.00621715,1.5383,39,0,29,24,30,0,-2,0,0,1,56,3804,3805,0,141,35,614,35277,35107,108,2,65,98,0,0,0,0,0,1,0,0,1,0,3863,0,0,0,0,0,0,0,0,0,0,0,0,0
2462.92,0,0,0,0,0,0,1.5392,0.00620264,1.53838,39,0,29,24,30,0,-2,0,0,1,56,3804,3805,0,141,35,614,35277,35107,108,2,65,98,0,0,0,0,0,1,1,5,15,0,3856,0,0,0,0,0,0,0,0,0,1,0,0,0
2462.93,0,0,0,0,0,0,1.53899,0.00618812,1.53845,39,0,29,24,30,0,-2,0,0,1,56,3804,3805,0,141,35,614,35277,35107,108,2,65,98,0,0,0,0,0,1,1,5,15,0,3856,0,0,0,0,0,0,0,0,0,1,0,0,0
2462.94,0,0,0,0,0,0,1.53879,0.00617361,1.53853,39,0,29,24,30,0,-2,0,0,1,56,3804,3805,0,141,35,614,35277,35107,108,2,65,98,0,0,0,0,0,1,0,0,3,0,3861,0,0,0,0,0,0,0,0,0,-2,0,0,0
2462.95,0,0,0,0,0,0,1.53858,0.0061591,1.5386,39,0,29,24,30,0,-2,0,0,1,56,3804,3805,0,141,35,614,35277,35107,108,2,65,98,0,0,0,0,0,1,0,2,3,0,3856,0,0,0,0,0,0,0,0,0,1,0,0,0
2462.96,0,0,0,0,0,0,1.53838,0.00614458,1.53868,39,0,29,24,30,0,-2,0,0,1,56,3804,3805,0,141,35,614,35277,35107,108,2,65,98,0,0,0,0,0,1,0,0,9,0,3865,0,0,0,0,0,0,0,0,0,-2,0,0,0
2462.97,0,0,0,0,0,0,1.53817,0.00613007,1.53875,39,0,29,24,30,0,-2,0,0,1,56,3804,3805,0,141,35,614,35277,35107,108,2,65,98,0,0,0,0,0,1,1,0,5,0,3854,0,0,0,0,0,0,0,0,0,0,0,0,0
2462.98,0,0,0,0,0,0,1.53797,0.00611556,1.53883,39,0,29,24,30,0,-2,0,0,1,56,3804,3805,0,141,35,614,35277,35107,108,2,65,98,0,0,0,0,0,1,0,0,0,0,3861,0,0,0,0,0,0,0,0,0,-1,0,0,0
2462.99,0,0,0,0,0,0,1.53777,0.00610104,1.5389,39,0,29,24,30,0,-2,0,0,1,56,3804,3805,0,141,35,614,35277,35107,108,2,65,98,0,0,0,0,0,1,0,0,0,0,3861,0,0,0,0,0,0,0,0,0,-1,0,0,0
2463,0,0,0,0,0,0,1.53756,0.00608653,1.53898,39,0,29,24,30,0,-2,0,0,1,56,3805,3805,0,141,35,614,35277,35107,107,2,65,98,0,0,0,0,0,1,0,0,7,0,3863,0,0,0,0,0,0,0,0,0,-2,0,0,0
2463.01,0,0,0,0,0,0,1.53741,0.00607667,1.53889,39,0,29,24,30,0,-2,0,0,1,56,3805,3805,0,141,35,614,35277,35107,107,2,65,98,0,0,0,0,0,1,7,10,13,0,3856,0,0,0,0,0,0,0,0,0,0,0,0,0
2463.02,0,0,0,0,0,0,1.53726,0.00606681,1.53881,39,0,29,24,30,0,-2,0,0,1,56,3805,3805,0,141,35,614,35277,35107,107,2,65,98,0,0,0,0,0,1,0,0,17,0,3854,0,0,0,0,0,0,0,0,0,0,0,0,0
2463.03,0,0,0,0,0,0,1.5371,0.00605695,1.53873,39,0,29,24,30,0,-2,0,0,1,56,3805,3805,0,141,35,614,35277,35107,107,2,65,98,0,0,0,0,0,1,1,0,1,0,3863,0,0,0,0,0,0,0,0,0,-1,0,0,0
2463.04,0,0,0,0,0,0,1.53695,0.00604709,1.53865,39,0,29,24,30,0,-2,0,0,1,56,3805,3805,0,141,35,614,35277,35107,107,2,65,98,0,0,0,0,0,1,0,0,5,0,3856,0,0,0,0,0,0,0,0,0,0,0,0,0
2463.05,0,0,0,0,0,0,1.5368,0.00603723,1.53857,39,0,29,24,30,0,-2,0,0,1,56,3805,3805,0,141,35,614,35277,35107,107,2,65,98,0,0,0,0,0,1,0,0,5,0,3856,0,0,0,0,0,0,0,0,0,0,0,0,0
2463.06,0,0,0,0,0,0,1.53664,0.00602737,1.53849,39,0,29,24,30,0,-2,0,0,1,56,3805,3805,0,141,35,614,35277,35107,107,2,65,98,0,0,0,0,0,1,1,0,5,0,3861,0,0,0,0,0,0,0,0,0,-1,0,0,0
2463.07,0,0,0,0,0,0,1.53649,0.00601751,1.5384,39,0,29,24,30,0,-2,0,0,1,56,3805,3805,0,141,35,614,35277,35107,107,2,65,98,0,0,0,0,0,1,11,14,15,0,3856,0,0,0,0,0,0,0,0,0,3,0,0,0
2463.08,0,0,0,0,0,0,1.53634,0.00600765,1.53832,39,0,29,24,30,0,-2,0,0,1,56,3805,3805,0,141,35,614,35277,35107,107,2,65,98,0,0,0,0,0,1,0,0,3,0,3858,0,0,0,0,0,0,0,0,0,0,0,0,0
2463.09,0,0,0,0,0,0,1.53619,0.00599779,1.53824,39,0,29,24,30,0,-2,0,0,1,56,3805,3805,0,141,35,614,35277,35107,107,2,65,98,0,0,0,0,0,1,0,0,0,0,3861,0,0,0,0,0,0,0,0,0,-1,0,0,0
2463.1,0,0,0,0,0,0,1.53603,0.00598792,1.53816,39,0,29,24,30,0,-2,0,0,1,56,3805,3805,0,141,35,614,35279,35108,108,2,65,98,0,0,0,0,0,1,9,8,23,0,3861,0,0,0,0,0,0,0,0,0,1,0,0,0
2463.11,0,0,0,0,0,0,1.53631,0.00598422,1.53826,39,0,29,24,30,0,-2,0,0,1,56,3805,3805,0,141,35,614,35279,35108,108,2,65,98,0,0,0,0,0,1,9,8,23,0,3861,0,0,0,0,0,0,0,0,0,1,0,0,0
2463.12,0,0,0,0,0,0,1.53658,0.00598051,1.53836,39,0,29,24,30,0,-2,0,0,1,56,3805,3805,0,141,35,614,35279,35108,108,2,65,98,0,0,0,0,0,1,0,0,1,0,3863,0,0,0,0,0,0,0,0,0,-1,0,0,0
2463.13,0,0,0,0,0,0,1.53686,0.0059768,1.53846,39,0,29,24,30,0,-2,0,0,1,56,3805,3805,0,141,35,614,35279,35108,108,2,65,98,0,0,0,0,0,1,0,0,3,0,3856,0,0,0,0,0,0,0,0,0,-2,0,0,0
2463.14,0,0,0,0,0,0,1.53713,0.00597309,1.53856,39,0,29,24,30,0,-2,0,0,1,56,3805,3805,0,141,35,614,35279,35108,108,2,65,98,0,0,0,0,0,1,5,12,7,0,3856,0,0,0,0,0,0,0,0,0,4,0,0,0
2463.15,0,0,0,0,0,0,1.5374,0.00596938,1.53866,39,0,29,24,30,0,-2,0,0,1,56,3805,3805,0,141,35,614,35279,35108,108,2,65,98,0,0,0,0,0,1,0,5,11,0,3863,0,0,0,0,0,0,0,0,0,0,0,0,0
2463.16,0,0,0,0,0,0,1.53768,0.00596567,1.53876,39,0,29,24,30,0,-2,0,0,1,56,3805,3805,0,141,35,614,35279,35108,108,2,65,98,0,0,0,0,0,1,1,0,7,0,3858,0,0,0,0,0,0,0,0,0,-2,0,0,0
2463.17,0,0,0,0,0,0,1.53795,0.00596196,1.53885,39,0,29,24,30,0,-2,0,0,1,56,3805,3805,0,141,35,614,35279,35108,108,2,65,98,0,0,0,0,0,1,1,0,7,0,3858,0,0,0,0,0,0,0,0,0,-2,0,0,0
2463.18,0,0,0,0,0,0,1.53823,0.00595825,1.53895,39,0,29,24,30,0,-2,0,0,1,56,3805,3805,0,141,35,614,35279,35108,108,2,65,98,0,0,0,0,0,1,0,0,0,0,3856,0,0,0,0,0,0,0,0,0,-2,0,0,0
2463.19,0,0,0,0,0,0,1.5385,0.00595454,1.53905,39,0,29,24,30,0,-2,0,0,1,56,3805,3805,0,141,35,614,35279,35108,108,2,65,98,0,0,0,0,0,1,1,0,9,0,3856,0,0,0,0,0,0,0,0,0,-2,0,0,0
2463.2,0,0,0,0,0,0,1.53878,0.00595083,1.53915,39,0,29,24,30,0,-2,0,0,1,56,3805,3805,0,141,35,614,35279,35107,108,2,65,98,0,0,0,0,0,1,5,0,5,0,3861,0,0,0,0,0,0,0,0,0,0,0,0,0
2463.21,0,0,0,0,0,0,1.53898,0.00596177,1.53943,39,0,29,24,30,0,-2,0,0,1,56,3805,3805,0,141,35,614,35279,35107,108,2,65,98,0,0,0,0,0,1,0,0,0,0,3861,0,0,0,0,0,0,0,0,0,0,0,0,0
2463.22,0,0,0,0,0,0,1.53918,0.00597271,1.53971,39,0,29,24,30,0,-2,0,0,1,56,3805,3805,0,141,35,614,35279,35107,108,2,65,98,0,0,0,0,0,1,0,0,5,0,3854,0,0,0,0,0,0,0,0,0,-1,0,0,0
2463.23,0,0,0,0,0,0,1.53939,0.00598365,1.53998,39,0,29,24,30,0,-2,0,0,1,56,3805,3805,0,141,35,614,35279,35107,108,2,65,98,0,0,0,0,0,1,0,0,5,0,3854,0,0,0,0,0,0,0,0,0,-1,0,0,0
2463.24,0,0,0,0,0,0,1.53959,0.00599459,1.54026,39,0,29,24,30,0,-2,0,0,1,56,3805,3805,0,141,35,614,35279,35107,108,2,65,98,0,0,0,0,0,1,3,0,7,0,3858,0,0,0,0,0,0,0,0,0,0,0,0,0
2463.25,0,0,0,0,0,0,1.53979,0.00600554,1.54054,39,0,29,24,30,0,-2,0,0,1,56,3805,3805,0,141,35,614,35279,35107,108,2,65,98,0,0,0,0,0,1,7,5,11,0,3856,0,0,0,0,0,0,0,0,0,0,0,0,0
2463.26,0,0,0,0,0,0,1.54,0.00601648,1.54081,39,0,29,24,30,0,-2,0,0,1,56,3805,3805,0,141,35,614,35279,35107,108,2,65,98,0,0,0,0,0,1,0,0,0,0,3863,0,0,0,0,0,0,0,0,0,-3,0,0,0
2463.27,0,0,0,0,0,0,1.5402,0.00602742,1.54109,39,0,29,24,30,0,-2,0,0,1,56,3805,3805,0,141,35,614,35279,35107,108,2,65,98,0,0,0,0,0,1,11,8,29,0,3854,0,0,0,0,0,0,0,0,0,1,0,0,0
2463.28,0,0,0,0,0,0,1.54041,0.00603836,1.54136,39,0,29,24,30,0,-2,0,0,1,56,3805,3805,0,141,35,614,35279,35107,108,2,65,98,0,0,0,0,0,1,0,0,1,0,3856,0,0,0,0,0,0,0,0,0,-2,0,0,0
2463.29,0,0,0,0,0,0,1.54061,0.0060493,1.54164,39,0,29,24,30,0,-2,0,0,1,56,3805,3805,0,141,35,614,35279,35107,108,2,65,98,0,0,0,0,0,1,0,0,1,0,3856,0,0,0,0,0,0,0,0,0,-2,0,0,0
2463.3,0,0,0,0,0,0,1.54081,0.00606024,1.54192,39,0,29,24,30,0,-2,0,0,1,56,3805,3805,0,141,35,614,35279,35109,108,2,65,98,0,0,0,0,0,1,7,0,9,0,3869,0,0,0,0,0,0,0,0,0,-1,0,0,0
2463.31,0,0,0,0,0,0,1.54057,0.00607122,1.54162,39,0,29,24,30,0,-2,0,0,1,56,3805,3805,0,141,35,614,35279,35109,108,2,65,98,0,0,0,0,0,1,7,8,15,0,3858,0,0,0,0,0,0,0,0,0,2,0,0,0
2463.32,0,0,0,0,0,0,1.54033,0.0060822,1.54132,39,0,29,24,30,0,-2,0,0,1,56,3805,3805,0,141,35,614,35279,35109,108,2,65,98,0,0,0,0,0,1,5,0,9,0,3854,0,0,0,0,0,0,0,0,0,0,0,0,0
2463.33,0,0,0,0,0,0,1.54009,0.00609317,1.54103,39,0,29,24,30,0,-2,0,0,1,56,3805,3805,0,141,35,614,35279,35109,108,2,65,98,0,0,0,0,0,1,0,0,3,0,3856,0,0,0,0,0,0,0,0,0,-1,0,0,0
2463.34,0,0,0,0,0,0,1.53985,0.00610415,1.54073,39,0,29,24,30,0,-2,0,0,1,56,3805,3805,0,141,35,614,35279,35109,108,2,65,98,0,0,0,0,0,1,9,5,15,0,3861,0,0,0,0,0,0,0,0,0,0,0,0,0
2463.35,0,0,0,0,0,0,1.53961,0.00611513,1.54043,39,0,29,24,30,0,-2,0,0,1,56,3805,3805,0,141,35,614,35279,35109,108,2,65,98,0,0,0,0,0,1,9,5,15,0,3861,0,0,0,0,0,0,0,0,0,0,0,0,0
2463.36,0,0,0,0,0,0,1.53936,0.0061261,1.54013,39,0,29,24,30,0,-2,0,0,1,56,3805,3805,0,141,35,614,35279,35109,108,2,65,98,0,0,0,0,0,1,0,0,1,0,3869,0,0,0,0,0,0,0,0,0,0,0,0,0
2463.37,0,0,0,0,0,0,1.53912,0.00613708,1.53984,39,0,29,24,30,0,-2,0,0,1,56,3805,3805,0,141,35,614,35279,35109,108,2,65,98,0,0,0,0,0,1,0,0,0,0,3858,0,0,0,0,0,0,0,0,0,0,0,0,0
2463.38,0,0,0,0,0,0,1.53888,0.00614806,1.53954,39,0,29,24,30,0,-2,0,0,1,56,3805,3805,0,141,35,614,35279,35109,108,2,65,98,0,0,0,0,0,1,0,0,3,0,3856,0,0,0,0,0,0,0,0,0,0,0,0,0
2463.39,0,0,0,0,0,0,1.53864,0.00615903,1.53924,39,0,29,24,30,0,-2,0,0,1,56,3805,3805,0,141,35,614,35279,35109,108,2,65,98,0,0,0,0,0,1,5,2,11,0,3863,0,0,0,0,0,0,0,0,0,0,0,0,0
2463.4,0,0,0,0,0,0,1.5384,0.00617001,1.53895,39,0,29,24,30,0,-2,0,0,1,56,3805,3805,0,141,35,614,35279,35109,108,2,65,98,0,0,0,0,0,1,0,0,5,0,3852,0,0,0,0,0,0,0,0,0,0,0,0,0
2463.41,0,0,0,0,0,0,1.53834,0.00616292,1.53923,39,0,29,24,30,0,-2,0,0,1,56,3805,3805,0,141,35,614,35279,35109,108,2,65,98,0,0,0,0,0,1,0,0,5,0,3852,0,0,0,0,0,0,0,0,0,0,0,0,0
2463.42,0,0,0,0,0,0,1.53828,0.00615582,1.53951,39,0,29,24,30,0,-2,0,0,1,56,3805,3805,0,141,35,614,35279,35109,108,2,65,98,0,0,0,0,0,1,0,0,7,0,3856,0,0,0,0,0,0,0,0,0,0,0,0,0
2463.43,0,0,0,0,0,0,1.53822,0.00614873,1.53979,39,0,29,24,30,0,-2,0,0,1,56,3805,3805,0,141,35,614,35279,35109,108,2,65,98,0,0,0,0,0,1,0,0,5,0,3865,0,0,0,0,0,0,0,0,0,0,0,0,0
2463.44,0,0,0,0,0,0,1.53816,0.00614164,1.54007,39,0,29,24,30,0,-2,0,0,1,56,3805,3805,0,141,35,614,35279,35109,108,2,65,98,0,0,0,0,0,1,0,0,0,0,3854,0,0,0,0,0,0,0,0,0,0,0,0,0
2463.45,0,0,0,0,0,0,1.5381,0.00613454,1.54035,39,0,29,24,30,0,-2,0,0,1,56,3805,3805,0,141,35,614,35279,35109,108,2,65,98,0,0,0,0,0,1,5,5,11,0,3858,0,0,0,0,0,0,0,0,0,0,0,0,0
2463.46,0,0,0,0,0,0,1.53804,0.00612745,1.54063,39,0,29,24,30,0,-2,0,0,1,56,3805,3805,0,141,35,614,35279,35109,108,2,65,98,0,0,0,0,0,1,0,0,0,0,3856,0,0,0,0,0,0,0,0,0,-2,0,0,0
2463.47,0,0,0,0,0,0,1.53798,0.00612036,1.54091,39,0,29,24,30,0,-2,0,0,1,56,3805,3805,0,141,35,614,35279,35109,108,2,65,98,0,0,0,0,0,1,0,0,0,0,3856,0,0,0,0,0,0,0,0,0,-2,0,0,0
2463.48,0,0,0,0,0,0,1.53792,0.00611326,1.54119,39,0,29,24,30,0,-2,0,0,1,56,3805,3805,0,141,35,614,35279,35109,108,2,65,98,0,0,0,0,0,1,1,2,9,0,3863,0,0,0,0,0,0,0,0,0,0,0,0,0
2463.49,0,0,0,0,0,0,1.53786,0.00610617,1.54147,39,0,29,24,30,0,-2,0,0,1,56,3805,3805,0,141,35,614,35279,35109,108,2,65,98,0,0,0,0,0,1,3,6,13,0,3863,0,0,0,0,0,0,0,0,0,2,0,0,0
2463.5,0,0,0,0,0,0,1.5378,0.00609908,1.54175,39,0,29,24,30,0,-2,0,0,1,56,3805,3805,0,141,35,614,35278,35109,108,2,20,98,0,0,0,0,0,1,3,0,5,0,3858,0,0,0,0,0,0,0,0,0,0,0,0,0
2463.51,0,0,0,0,0,0,1.53811,0.00609757,1.5415,39,0,29,24,30,0,-2,0,0,1,56,3805,3805,0,141,35,614,35278,35109,108,2,20,98,0,0,0,0,0,1,9,8,17,0,3863,0,0,0,0,0,0,0,0,0,-4,0,0,0
2463.52,0,0,0,0,0,0,1.53842,0.00609607,1.54125,39,0,29,24,30,0,-2,0,0,1,56,3805,3805,0,141,35,614,35278,35109,108,2,20,98,0,0,0,0,0,1,0,0,0,0,3856,0,0,0,0,0,0,0,0,0,-2,0,0,0
2463.53,0,0,0,0,0,0,1.53873,0.00609456,1.541,39,0,29,24,30,0,-2,0,0,1,56,3805,3805,0,141,35,614,35278,35109,108,2,20,98,0,0,0,0,0,1,0,0,0,0,3856,0,0,0,0,0,0,0,0,0,-2,0,0,0
2463.54,0,0,0,0,0,0,1.53904,0.00609305,1.54075,39,0,29,24,30,0,-2,0,0,1,56,3805,3805,0,141,35,614,35278,35109,108,2,20,98,0,0,0,0,0,1,3,8,9,0,3856,0,0,0,0,0,0,0,0,0,3,0,0,0
2463.55,0,0,0,0,0,0,1.53935,0.00609155,1.5405,39,0,29,24,30,0,-2,0,0,1,56,3805,3805,0,141,35,614,35278,35109,108,2,20,98,0,0,0,0,0,1,1,0,9,0,3856,0,0,0,0,0,0,0,0,0,0,0,0,0
2463.56,0,0,0,0,0,0,1.53967,0.00609004,1.54025,39,0,29,24,30,0,-2,0,0,1,56,3805,3805,0,141,35,614,35278,35109,108,2,20,98,0,0,0,0,0,1,0,0,0,0,3858,0,0,0,0,0,0,0,0,0,-2,0,0,0
2463.57,0,0,0,0,0,0,1.53998,0.00608854,1.54,39,0,29,24,30,0,-2,0,0,1,56,3805,3805,0,141,35,614,35278,35109,108,2,20,98,0,0,0,0,0,1,7,6,15,0,3858,0,0,0,0,0,0,0,0,0,1,0,0,0
2463.58,0,0,0,0,0,0,1.54029,0.00608703,1.53975,39,0,29,24,30,0,-2,0,0,1,56,3805,3805,0,141,35,614,35278,35109,108,2,20,98,0,0,0,0,0,1,1,2,17,0,3858,0,0,0,0,0,0,0,0,0,0,0,0,0
2463.59,0,0,0,0,0,0,1.5406,0.00608552,1.5395,39,0,29,24,30,0,-2,0,0,1,56,3805,3805,0,141,35,614,35278,35109,108,2,20,98,0,0,0,0,0,1,1,2,17,0,3858,0,0,0,0,0,0,0,0,0,0,0,0,0
2463.6,0,0,0,0,0,0,1.54091,0.00608402,1.53925,39,0,29,24,30,0,-2,0,0,1,56,3805,3805,0,141,35,614,35279,35110,108,2,65,98,0,0,0,0,0,1,0,0,0,0,3863,0,0,0,0,0,0,0,0,0,-1,0,0,0
2463.61,0,0,0,0,0,0,1.54068,0.00609307,1.53945,39,0,29,24,30,0,-2,0,0,1,56,3805,3805,0,141,35,614,35279,35110,108,2,65,98,0,0,0,0,0,1,0,0,0,0,3858,0,0,0,0,0,0,0,0,0,-2,0,0,0
2463.62,0,0,0,0,0,0,1.54045,0.00610212,1.53965,39,0,29,24,30,0,-2,0,0,1,56,3805,3805,0,141,35,614,35279,35110,108,2,65,98,0,0,0,0,0,1,0,0,5,0,3852,0,0,0,0,0,0,0,0,0,-1,0,0,0
2463.63,0,0,0,0,0,0,1.54023,0.00611118,1.53984,39,0,29,24,30,0,-2,0,0,1,56,3805,3805,0,141,35,614,35279,35110,108,2,65,98,0,0,0,0,0,1,13,6,17,0,3858,0,0,0,0,0,0,0,0,0,0,0,0,0
2463.64,0,0,0,0,0,0,1.54,0.00612023,1.54004,39,0,29,24,30,0,-2,0,0,1,56,3805,3805,0,141,35,614,35279,35110,108,2,65,98,0,0,0,0,0,1,3,6,5,0,3863,0,0,0,0,0,0,0,0,0,2,0,0,0
2463.65,0,0,0,0,0,0,1.53977,0.00612928,1.54024,39,0,29,24,30,0,-2,0,0,1,56,3805,3805,0,141,35,614,35279,35110,108,2,65,98,0,0,0,0,0,1,3,6,5,0,3863,0,0,0,0,0,0,0,0,0,2,0,0,0
2463.66,0,0,0,0,0,0,1.53954,0.00613834,1.54043,39,0,29,24,30,0,-2,0,0,1,56,3805,3805,0,141,35,614,35279,35110,108,2,65,98,0,0,0,0,0,1,11,8,19,0,3856,0,0,0,0,0,0,0,0,0,1,0,0,0
2463.67,0,0,0,0,0,0,1.53932,0.00614739,1.54063,39,0,29,24,30,0,-2,0,0,1,56,3805,3805,0,141,35,614,35279,35110,108,2,65,98,0,0,0,0,0,1,1,2,11,0,3858,0,0,0,0,0,0,0,0,0,0,0,0,0
2463.68,0,0,0,0,0,0,1.53909,0.00615644,1.54083,39,0,29,24,30,0,-2,0,0,1,56,3805,3805,0,141,35,614,35279,35110,108,2,65,98,0,0,0,0,0,1,7,5,17,0,3852,0,0,0,0,0,0,0,0,0,0,0,0,0
2463.69,0,0,0,0,0,0,1.53886,0.0061655,1.54102,39,0,29,24,30,0,-2,0,0,1,56,3805,3805,0,141,35,614,35279,35110,108,2,65,98,0,0,0,0,0,1,5,5,17,0,3850,0,0,0,0,0,0,0,0,0,0,0,0,0
2463.7,0,0,0,0,0,0,1.53864,0.00617455,1.54122,39,0,29,24,30,0,-2,0,0,1,56,3805,3805,0,141,35,614,35280,35110,108,2,65,98,0,0,0,0,0,1,5,5,17,0,3854,0,0,0,0,0,0,0,0,0,0,0,0,0
2463.71,0,0,0,0,0,0,1.53854,0.00617024,1.54104,39,0,29,24,30,0,-2,0,0,1,56,3805,3805,0,141,35,614,35280,35110,108,2,65,98,0,0,0,0,0,1,9,2,11,0,3854,0,0,0,0,0,0,0,0,0,0,0,0,0
2463.72,0,0,0,0,0,0,1.53844,0.00616593,1.54085,39,0,29,24,30,0,-2,0,0,1,56,3805,3805,0,141,35,614,35280,35110,108,2,65,98,0,0,0,0,0,1,0,0,0,0,3854,0,0,0,0,0,0,0,0,0,0,0,0,0
2463.73,0,0,0,0,0,0,1.53834,0.00616162,1.54067,39,0,29,24,30,0,-2,0,0,1,56,3805,3805,0,141,35,614,35280,35110,108,2,65,98,0,0,0,0,0,1,5,5,13,0,3852,0,0,0,0,0,0,0,0,0,1,0,0,0
2463.74,0,0,0,0,0,0,1.53825,0.00615732,1.54049,39,0,29,24,30,0,-2,0,0,1,56,3805,3805,0,141,35,614,35280,35110,108,2,65,98,0,0,0,0,0,1,0,0,0,0,3856,0,0,0,0,0,0,0,0,0,-2,0,0,0
2463.75,0,0,0,0,0,0,1.53815,0.00615301,1.5403,39,0,29,24,30,0,-2,0,0,1,56,3805,3805,0,141,35,614,35280,35110,108,2,65,98,0,0,0,0,0,1,7,6,11,0,3856,0,0,0,0,0,0,0,0,0,1,0,0,0
2463.76,0,0,0,0,0,0,1.53805,0.0061487,1.54012,39,0,29,24,30,0,-2,0,0,1,56,3805,3805,0,141,35,614,35280,35110,108,2,65,98,0,0,0,0,0,1,0,0,0,0,3863,0,0,0,0,0,0,0,0,0,-1,0,0,0
2463.77,0,0,0,0,0,0,1.53796,0.00614439,1.53993,39,0,29,24,30,0,-2,0,0,1,56,3805,3805,0,141,35,614,35280,35110,108,2,65,98,0,0,0,0,0,1,0,0,0,0,3863,0,0,0,0,0,0,0,0,0,-1,0,0,0
2463.78,0,0,0,0,0,0,1.53786,0.00614008,1.53975,39,0,29,24,30,0,-2,0,0,1,56,3805,3805,0,141,35,614,35280,35110,108,2,65,98,0,0,0,0,0,1,0,0,0,0,3865,0,0,0,0,0,0,0,0,0,-2,0,0,0
2463.79,0,0,0,0,0,0,1.53776,0.00613577,1.53957,39,0,29,24,30,0,-2,0,0,1,56,3805,3805,0,141,35,614,35280,35110,108,2,65,98,0,0,0,0,0,1,5,10,5,0,3861,0,0,0,0,0,0,0,0,0,3,0,0,0
2463.8,0,0,0,0,0,0,1.53767,0.00613147,1.53938,39,0,29,24,30,0,-2,0,0,1,56,3805,3805,0,141,35,614,35280,35111,108,2,65,98,0,0,0,0,0,1,11,8,27,0,3861,0,0,0,0,0,0,0,0,0,1,0,0,0
2463.81,0,0,0,0,0,0,1.53761,0.00612673,1.53943,39,0,29,24,30,0,-2,0,0,1,56,3805,3805,0,141,35,614,35280,35111,108,2,65,98,0,0,0,0,0,1,0,0,0,0,3861,0,0,0,0,0,0,0,0,0,-2,0,0,0
2463.82,0,0,0,0,0,0,1.53755,0.006122,1.53949,39,0,29,24,30,0,-2,0,0,1,56,3805,3805,0,141,35,614,35280,35111,108,2,65,98,0,0,0,0,0,1,0,0,1,0,3863,0,0,0,0,0,0,0,0,0,-3,0,0,0
2463.83,0,0,0,0,0,0,1.53749,0.00611726,1.53954,39,0,29,24,30,0,-2,0,0,1,56,3805,3805,0,141,35,614,35280,35111,108,2,65,98,0,0,0,0,0,1,0,0,1,0,3863,0,0,0,0,0,0,0,0,0,-3,0,0,0
2463.84,0,0,0,0,0,0,1.53743,0.00611253,1.53959,39,0,29,24,30,0,-2,0,0,1,56,3805,3805,0,141,35,614,35280,35111,108,2,65,98,0,0,0,0,0,1,1,2,13,0,3863,0,0,0,0,0,0,0,0,0,0,0,0,0
2463.85,0,0,0,0,0,0,1.53737,0.0061078,1.53964,39,0,29,24,30,0,-2,0,0,1,56,3805,3805,0,141,35,614,35280,35111,108,2,65,98,0,0,0,0,0,1,0,0,7,0,3861,0,0,0,0,0,0,0,0,0,0,0,0,0
2463.86,0,0,0,0,0,0,1.53731,0.00610306,1.5397,39,0,29,24,30,0,-2,0,0,1,56,3805,3805,0,141,35,614,35280,35111,108,2,65,98,0,0,0,0,0,1,3,5,11,0,3848,0,0,0,0,0,0,0,0,0,1,0,0,0
2463.87,0,0,0,0,0,0,1.53724,0.00609833,1.53975,39,0,29,24,30,0,-2,0,0,1,56,3805,3805,0,141,35,614,35280,35111,108,2,65,98,0,0,0,0,0,1,1,2,11,0,3872,0,0,0,0,0,0,0,0,0,0,0,0,0
2463.88,0,0,0,0,0,0,1.53718,0.00609359,1.5398,39,0,29,24,30,0,-2,0,0,1,56,3805,3805,0,141,35,614,35280,35111,108,2,65,98,0,0,0,0,0,1,1,2,3,0,3854,0,0,0,0,0,0,0,0,0,0,0,0,0
2463.89,0,0,0,0,0,0,1.53712,0.00608886,1.53985,39,0,29,24,30,0,-2,0,0,1,56,3805,3805,0,141,35,614,35280,35111,108,2,65,98,0,0,0,0,0,1,1,2,3,0,3854,0,0,0,0,0,0,0,0,0,0,0,0,0
2463.9,0,0,0,0,0,0,1.53706,0.00608412,1.5399,39,0,29,24,30,0,-2,0,0,1,56,3805,3805,0,141,35,614,35281,35112,108,2,65,98,0,0,0,0,0,1,0,0,7,0,3861,0,0,0,0,0,0,0,0,0,0,0,0,0
2463.91,0,0,0,0,0,0,1.53748,0.00608695,1.54005,39,0,29,24,30,0,-2,0,0,1,56,3805,3805,0,141,35,614,35281,35112,108,2,65,98,0,0,0,0,0,1,0,0,9,0,3861,0,0,0,0,0,0,0,0,0,0,0,0,0
2463.92,0,0,0,0,0,0,1.53789,0.00608978,1.54019,39,0,29,24,30,0,-2,0,0,1,56,3805,3805,0,141,35,614,35281,35112,108,2,65,98,0,0,0,0,0,1,0,0,5,0,3863,0,0,0,0,0,0,0,0,0,-1,0,0,0
2463.93,0,0,0,0,0,0,1.5383,0.0060926,1.54034,39,0,29,24,30,0,-2,0,0,1,56,3805,3805,0,141,35,614,35281,35112,108,2,65,98,0,0,0,0,0,1,0,0,3,0,3863,0,0,0,0,0,0,0,0,0,0,0,0,0
2463.94,0,0,0,0,0,0,1.53872,0.00609543,1.54048,39,0,29,24,30,0,-2,0,0,1,56,3805,3805,0,141,35,614,35281,35112,108,2,65,98,0,0,0,0,0,1,1,0,9,0,3858,0,0,0,0,0,0,0,0,0,0,0,0,0
2463.95,0,0,0,0,0,0,1.53913,0.00609826,1.54063,39,0,29,24,30,0,-2,0,0,1,56,3805,3805,0,141,35,614,35281,35112,108,2,65,98,0,0,0,0,0,1,1,0,9,0,3858,0,0,0,0,0,0,0,0,0,0,0,0,0
2463.96,0,0,0,0,0,0,1.53954,0.00610109,1.54077,39,0,29,24,30,0,-2,0,0,1,56,3805,3805,0,141,35,614,35281,35112,108,2,65,98,0,0,0,0,0,1,0,0,0,0,3863,0,0,0,0,0,0,0,0,0,-2,0,0,0
2463.97,0,0,0,0,0,0,1.53996,0.00610391,1.54092,39,0,29,24,30,0,-2,0,0,1,56,3805,3805,0,141,35,614,35281,35112,108,2,65,98,0,0,0,0,0,1,5,5,9,0,3854,0,0,0,0,0,0,0,0,0,1,0,0,0
2463.98,0,0,0,0,0,0,1.54037,0.00610674,1.54106,39,0,29,24,30,0,-2,0,0,1,56,3805,3805,0,141,35,614,35281,35112,108,2,65,98,0,0,0,0,0,1,3,5,7,0,3863,0,0,0,0,0,0,0,0,0,1,0,0,0
2463.99,0,0,0,0,0,0,1.54078,0.00610957,1.54121,39,0,29,24,30,0,-2,0,0,1,56,3805,3805,0,141,35,614,35281,35112,108,2,65,98,0,0,0,0,0,1,0,0,0,0,3858,0,0,0,0,0,0,0,0,0,-3,0,0,0
2464,0,0,0,0,0,0,1.5412,0.00611239,1.54135,39,0,29,24,30,0,-2,0,0,1,56,3805,3805,0,141,35,614,35281,35111,109,2,65,98,0,0,0,0,0,1,0,0,5,0,3863,0,0,0,0,0,0,0,0,0,0,0,0,0
2464.01,0,0,0,0,0,0,1.54096,0.00611917,1.54088,39,0,29,24,30,0,-2,0,0,1,56,3805,3805,0,141,35,614,35281,35111,109,2,65,98,0,0,0,0,0,1,0,0,5,0,3863,0,0,0,0,0,0,0,0,0,0,0,0,0
2464.02,0,0,0,0,0,0,1.54073,0.00612596,1.54041,39,0,29,24,30,0,-2,0,0,1,56,3805,3805,0,141,35,614,35281,35111,109,2,65,98,0,0,0,0,0,1,0,0,7,0,3856,0,0,0,0,0,0,0,0,0,0,0,0,0
2464.03,0,0,0,0,0,0,1.54049,0.00613274,1.53993,39,0,29,24,30,0,-2,0,0,1,56,3805,3805,0,141,35,614,35281,35111,109,2,65,98,0,0,0,0,0,1,3,2,5,0,3854,0,0,0,0,0,0,0,0,0,0,0,0,0
2464.04,0,0,0,0,0,0,1.54026,0.00613952,1.53946,39,0,29,24,30,0,-2,0,0,1,56,3805,3805,0,141,35,614,35281,35111,109,2,65,98,0,0,0,0,0,1,0,0,19,0,3863,0,0,0,0,0,0,0,0,0,0,0,0,0
2464.05,0,0,0,0,0,0,1.54002,0.00614631,1.53899,39,0,29,24,30,0,-2,0,0,1,56,3805,3805,0,141,35,614,35281,35111,109,2,65,98,0,0,0,0,0,1,13,12,24,0,3858,0,0,0,0,0,0,0,0,0,2,0,0,0
2464.06,0,0,0,0,0,0,1.53979,0.00615309,1.53852,39,0,29,24,30,0,-2,0,0,1,56,3805,3805,0,141,35,614,35281,35111,109,2,65,98,0,0,0,0,0,1,13,10,24,0,3856,0,0,0,0,0,0,0,0,0,1,0,0,0
2464.07,0,0,0,0,0,0,1.53955,0.00615987,1.53805,39,0,29,24,30,0,-2,0,0,1,56,3805,3805,0,141,35,614,35281,35111,109,2,65,98,0,0,0,0,0,1,13,10,24,0,3856,0,0,0,0,0,0,0,0,0,1,0,0,0
2464.08,0,0,0,0,0,0,1.53932,0.00616665,1.53757,39,0,29,24,30,0,-2,0,0,1,56,3805,3805,0,141,35,614,35281,35111,109,2,65,98,0,0,0,0,0,1,0,0,5,0,3863,0,0,0,0,0,0,0,0,0,0,0,0,0
2464.09,0,0,0,0,0,0,1.53908,0.00617344,1.5371,39,0,29,24,30,0,-2,0,0,1,56,3805,3805,0,141,35,614,35281,35111,109,2,65,98,0,0,0,0,0,1,5,2,11,0,3858,0,0,0,0,0,0,0,0,0,0,0,0,0
2464.1,0,0,0,0,0,0,1.53885,0.00618022,1.53663,39,0,29,24,32,0,-2,0,0,1,56,3805,3805,0,141,35,614,35282,35113,109,2,65,98,0,0,0,0,0,1,7,5,1,0,3863,0,0,0,0,0,0,0,0,0,0,0,0,0
2464.11,0,0,0,0,0,0,1.53895,0.0061761,1.53695,39,0,29,24,32,0,-2,0,0,1,56,3805,3805,0,141,35,614,35282,35113,109,2,65,98,0,0,0,0,0,1,7,2,9,0,3858,0,0,0,0,0,0,0,0,0,0,0,0,0
2464.12,0,0,0,0,0,0,1.53905,0.00617198,1.53728,39,0,29,24,32,0,-2,0,0,1,56,3805,3805,0,141,35,614,35282,35113,109,2,65,98,0,0,0,0,0,1,5,0,9,0,3854,0,0,0,0,0,0,0,0,0,0,0,0,0
2464.13,0,0,0,0,0,0,1.53915,0.00616787,1.5376,39,0,29,24,32,0,-2,0,0,1,56,3805,3805,0,141,35,614,35282,35113,109,2,65,98,0,0,0,0,0,1,5,0,9,0,3854,0,0,0,0,0,0,0,0,0,0,0,0,0
2464.14,0,0,0,0,0,0,1.53925,0.00616375,1.53792,39,0,29,24,32,0,-2,0,0,1,56,3805,3805,0,141,35,614,35282,35113,109,2,65,98,0,0,0,0,0,1,3,0,9,0,3863,0,0,0,0,0,0,0,0,0,-1,0,0,0
2464.15,0,0,0,0,0,0,1.53935,0.00615963,1.53824,39,0,29,24,32,0,-2,0,0,1,56,3805,3805,0,141,35,614,35282,35113,109,2,65,98,0,0,0,0,0,1,0,0,3,0,3858,0,0,0,0,0,0,0,0,0,0,0,0,0
2464.16,0,0,0,0,0,0,1.53945,0.00615551,1.53857,39,0,29,24,32,0,-2,0,0,1,56,3805,3805,0,141,35,614,35282,35113,109,2,65,98,0,0,0,0,0,1,11,10,13,0,3863,0,0,0,0,0,0,0,0,0,2,0,0,0
2464.17,0,0,0,0,0,0,1.53955,0.00615139,1.53889,39,0,29,24,32,0,-2,0,0,1,56,3805,3805,0,141,35,614,35282,35113,109,2,65,98,0,0,0,0,0,1,0,0,5,0,3874,0,0,0,0,0,0,0,0,0,0,0,0,0
2464.18,0,0,0,0,0,0,1.53965,0.00614728,1.53921,39,0,29,24,32,0,-2,0,0,1,56,3805,3805,0,141,35,614,35282,35113,109,2,65,98,0,0,0,0,0,1,0,0,5,0,3856,0,0,0,0,0,0,0,0,0,1,0,0,0
2464.19,0,0,0,0,0,0,1.53975,0.00614316,1.53954,39,0,29,24,32,0,-2,0,0,1,56,3805,3805,0,141,35,614,35282,35113,109,2,65,98,0,0,0,0,0,1,0,0,5,0,3856,0,0,0,0,0,0,0,0,0,1,0,0,0
2464.2,0,0,0,0,0,0,1.53985,0.00613904,1.53986,39,0,29,24,30,0,-2,0,0,1,56,3805,3805,0,141,35,614,35281,35114,108,2,65,98,0,0,0,0,0,1,0,0,1,0,3863,0,0,0,0,0,0,0,0,0,0,0,0,0
2464.21,0,0,0,0,0,0,1.53954,0.0061252,1.53965,39,0,29,24,30,0,-2,0,0,1,56,3805,3805,0,141,35,614,35281,35114,108,2,65,98,0,0,0,0,0,1,11,6,17,0,3858,0,0,0,0,0,0,0,0,0,0,0,0,0
2464.22,0,0,0,0,0,0,1.53923,0.00611136,1.53944,39,0,29,24,30,0,-2,0,0,1,56,3805,3805,0,141,35,614,35281,35114,108,2,65,98,0,0,0,0,0,1,0,0,0,0,3861,0,0,0,0,0,0,0,0,0,0,0,0,0
2464.23,0,0,0,0,0,0,1.53892,0.00609751,1.53924,39,0,29,24,30,0,-2,0,0,1,56,3805,3805,0,141,35,614,35281,35114,108,2,65,98,0,0,0,0,0,1,0,0,0,0,3861,0,0,0,0,0,0,0,0,0,-2,0,0,0
2464.24,0,0,0,0,0,0,1.53861,0.00608367,1.53903,39,0,29,24,30,0,-2,0,0,1,56,3805,3805,0,141,35,614,35281,35114,108,2,65,98,0,0,0,0,0,1,0,0,0,0,3856,0,0,0,0,0,0,0,0,0,-3,0,0,0
2464.25,0,0,0,0,0,0,1.5383,0.00606983,1.53882,39,0,29,24,30,0,-2,0,0,1,56,3805,3805,0,141,35,614,35281,35114,108,2,65,98,0,0,0,0,0,1,0,0,0,0,3856,0,0,0,0,0,0,0,0,0,-3,0,0,0
2464.26,0,0,0,0,0,0,1.53799,0.00605599,1.53861,39,0,29,24,30,0,-2,0,0,1,56,3805,3805,0,141,35,614,35281,35114,108,2,65,98,0,0,0,0,0,1,9,10,15,0,3858,0,0,0,0,0,0,0,0,0,2,0,0,0
2464.27,0,0,0,0,0,0,1.53768,0.00604215,1.53841,39,0,29,24,30,0,-2,0,0,1,56,3805,3805,0,141,35,614,35281,35114,108,2,65,98,0,0,0,0,0,1,0,0,0,0,3858,0,0,0,0,0,0,0,0,0,0,0,0,0
2464.28,0,0,0,0,0,0,1.53737,0.0060283,1.5382,39,0,29,24,30,0,-2,0,0,1,56,3805,3805,0,141,35,614,35281,35114,108,2,65,98,0,0,0,0,0,1,0,0,0,0,3856,0,0,0,0,0,0,0,0,0,-4,0,0,0
2464.29,0,0,0,0,0,0,1.53706,0.00601446,1.53799,39,0,29,24,30,0,-2,0,0,1,56,3805,3805,0,141,35,614,35281,35114,108,2,65,98,0,0,0,0,0,1,0,0,5,0,3861,0,0,0,0,0,0,0,0,0,-1,0,0,0
2464.3,0,0,0,0,0,0,1.53675,0.00600062,1.53778,39,0,29,24,30,0,-2,0,0,1,56,3805,3805,0,141,35,614,35283,35115,108,2,65,98,0,0,0,0,0,1,0,0,0,0,3852,0,0,0,0,0,0,0,0,0,0,0,0,0
2464.31,0,0,0,0,0,0,1.53682,0.00600551,1.53768,39,0,29,24,30,0,-2,0,0,1,56,3805,3805,0,141,35,614,35283,35115,108,2,65,98,0,0,0,0,0,1,0,0,0,0,3852,0,0,0,0,0,0,0,0,0,0,0,0,0
2464.32,0,0,0,0,0,0,1.53688,0.00601039,1.53757,39,0,29,24,30,0,-2,0,0,1,56,3805,3805,0,141,35,614,35283,35115,108,2,65,98,0,0,0,0,0,1,0,0,1,0,3858,0,0,0,0,0,0,0,0,0,-1,0,0,0
2464.33,0,0,0,0,0,0,1.53695,0.00601528,1.53746,39,0,29,24,30,0,-2,0,0,1,56,3805,3805,0,141,35,614,35283,35115,108,2,65,98,0,0,0,0,0,1,7,6,15,0,3854,0,0,0,0,0,0,0,0,0,1,0,0,0
2464.34,0,0,0,0,0,0,1.53701,0.00602016,1.53735,39,0,29,24,30,0,-2,0,0,1,56,3805,3805,0,141,35,614,35283,35115,108,2,65,98,0,0,0,0,0,1,3,0,11,0,3863,0,0,0,0,0,0,0,0,0,0,0,0,0
2464.35,0,0,0,0,0,0,1.53708,0.00602505,1.53725,39,0,29,24,30,0,-2,0,0,1,56,3805,3805,0,141,35,614,35283,35115,108,2,65,98,0,0,0,0,0,1,11,12,15,0,3861,0,0,0,0,0,0,0,0,0,-2,0,0,0
2464.36,0,0,0,0,0,0,1.53715,0.00602993,1.53714,39,0,29,24,30,0,-2,0,0,1,56,3805,3805,0,141,35,614,35283,35115,108,2,65,98,0,0,0,0,0,1,0,2,0,0,3856,0,0,0,0,0,0,0,0,0,1,0,0,0
2464.37,0,0,0,0,0,0,1.53721,0.00603482,1.53703,39,0,29,24,30,0,-2,0,0,1,56,3805,3805,0,141,35,614,35283,35115,108,2,65,98,0,0,0,0,0,1,0,2,0,0,3856,0,0,0,0,0,0,0,0,0,1,0,0,0
2464.38,0,0,0,0,0,0,1.53728,0.0060397,1.53693,39,0,29,24,30,0,-2,0,0,1,56,3805,3805,0,141,35,614,35283,35115,108,2,65,98,0,0,0,0,0,1,11,10,15,0,3865,0,0,0,0,0,0,0,0,0,2,0,0,0
2464.39,0,0,0,0,0,0,1.53734,0.00604459,1.53682,39,0,29,24,30,0,-2,0,0,1,56,3805,3805,0,141,35,614,35283,35115,108,2,65,98,0,0,0,0,0,1,0,0,0,0,3861,0,0,0,0,0,0,0,0,0,-1,0,0,0
2464.4,0,0,0,0,0,0,1.53741,0.00604948,1.53671,39,0,29,24,30,0,-2,0,0,1,56,3805,3805,0,141,35,614,35282,35115,108,2,65,98,0,0,0,0,0,1,0,0,5,0,3856,0,0,0,0,0,0,0,0,0,0,0,0,0
2464.41,0,0,0,0,0,0,1.53766,0.00604119,1.5368,39,0,29,24,30,0,-2,0,0,1,56,3805,3805,0,141,35,614,35282,35115,108,2,65,98,0,0,0,0,0,1,3,2,5,0,3856,0,0,0,0,0,0,0,0,0,0,0,0,0
2464.42,0,0,0,0,0,0,1.53792,0.0060329,1.53689,39,0,29,24,30,0,-2,0,0,1,56,3805,3805,0,141,35,614,35282,35115,108,2,65,98,0,0,0,0,0,1,5,6,11,0,3861,0,0,0,0,0,0,0,0,0,1,0,0,0
2464.43,0,0,0,0,0,0,1.53817,0.00602461,1.53698,39,0,29,24,30,0,-2,0,0,1,56,3805,3805,0,141,35,614,35282,35115,108,2,65,98,0,0,0,0,0,1,5,6,11,0,3861,0,0,0,0,0,0,0,0,0,1,0,0,0
2464.44,0,0,0,0,0,0,1.53843,0.00601632,1.53707,39,0,29,24,30,0,-2,0,0,1,56,3805,3805,0,141,35,614,35282,35115,108,2,65,98,0,0,0,0,0,1,7,5,15,0,3852,0,0,0,0,0,0,0,0,0,0,0,0,0
2464.45,0,0,0,0,0,0,1.53868,0.00600803,1.53716,39,0,29,24,30,0,-2,0,0,1,56,3805,3805,0,141,35,614,35282,35115,108,2,65,98,0,0,0,0,0,1,0,0,5,0,3865,0,0,0,0,0,0,0,0,0,-1,0,0,0
2464.46,0,0,0,0,0,0,1.53894,0.00599974,1.53725,39,0,29,24,30,0,-2,0,0,1,56,3805,3805,0,141,35,614,35282,35115,108,2,65,98,0,0,0,0,0,1,5,0,24,0,3854,0,0,0,0,0,0,0,0,0,0,0,0,0
2464.47,0,0,0,0,0,0,1.53919,0.00599146,1.53734,39,0,29,24,30,0,-2,0,0,1,56,3805,3805,0,141,35,614,35282,35115,108,2,65,98,0,0,0,0,0,1,9,5,11,0,3856,0,0,0,0,0,0,0,0,0,0,0,0,0
2464.48,0,0,0,0,0,0,1.53945,0.00598317,1.53743,39,0,29,24,30,0,-2,0,0,1,56,3805,3805,0,141,35,614,35282,35115,108,2,65,98,0,0,0,0,0,1,0,0,5,0,3869,0,0,0,0,0,0,0,0,0,1,0,0,0
2464.49,0,0,0,0,0,0,1.5397,0.00597488,1.53752,39,0,29,24,30,0,-2,0,0,1,56,3805,3805,0,141,35,614,35282,35115,108,2,65,98,0,0,0,0,0,1,0,0,5,0,3869,0,0,0,0,0,0,0,0,0,1,0,0,0
2464.5,0,0,0,0,0,0,1.53996,0.00596659,1.53761,39,0,29,24,30,0,-2,0,0,1,56,3805,3805,0,141,35,614,35282,35115,108,2,68,98,0,0,0,0,0,1,3,0,1,0,3858,0,0,0,0,0,0,0,0,0,0,0,0,0
2464.51,0,0,0,0,0,0,1.53965,0.00597412,1.53739,39,0,29,24,30,0,-2,0,0,1,56,3805,3805,0,141,35,614,35282,35115,108,2,68,98,0,0,0,0,0,1,9,12,11,0,3854,0,0,0,0,0,0,0,0,0,2,0,0,0
2464.52,0,0,0,0,0,0,1.53935,0.00598164,1.53718,39,0,29,24,30,0,-2,0,0,1,56,3805,3805,0,141,35,614,35282,35115,108,2,68,98,0,0,0,0,0,1,7,0,23,0,3856,0,0,0,0,0,0,0,0,0,0,0,0,0
2464.53,0,0,0,0,0,0,1.53905,0.00598917,1.53697,39,0,29,24,30,0,-2,0,0,1,56,3805,3805,0,141,35,614,35282,35115,108,2,68,98,0,0,0,0,0,1,0,2,7,0,3863,0,0,0,0,0,0,0,0,0,2,0,0,0
2464.54,0,0,0,0,0,0,1.53875,0.0059967,1.53675,39,0,29,24,30,0,-2,0,0,1,56,3805,3805,0,141,35,614,35282,35115,108,2,68,98,0,0,0,0,0,1,1,2,13,0,3863,0,0,0,0,0,0,0,0,0,0,0,0,0
2464.55,0,0,0,0,0,0,1.53844,0.00600422,1.53654,39,0,29,24,30,0,-2,0,0,1,56,3805,3805,0,141,35,614,35282,35115,108,2,68,98,0,0,0,0,0,1,1,2,13,0,3863,0,0,0,0,0,0,0,0,0,0,0,0,0
2464.56,0,0,0,0,0,0,1.53814,0.00601175,1.53632,39,0,29,24,30,0,-2,0,0,1,56,3805,3805,0,141,35,614,35282,35115,108,2,68,98,0,0,0,0,0,1,11,12,3,0,3861,0,0,0,0,0,0,0,0,0,0,0,0,0
2464.57,0,0,0,0,0,0,1.53784,0.00601928,1.53611,39,0,29,24,30,0,-2,0,0,1,56,3805,3805,0,141,35,614,35282,35115,108,2,68,98,0,0,0,0,0,1,7,2,15,0,3863,0,0,0,0,0,0,0,0,0,0,0,0,0
2464.58,0,0,0,0,0,0,1.53753,0.0060268,1.53589,39,0,29,24,30,0,-2,0,0,1,56,3805,3805,0,141,35,614,35282,35115,108,2,68,98,0,0,0,0,0,1,5,5,0,0,3856,0,0,0,0,0,0,0,0,0,0,0,0,0
2464.59,0,0,0,0,0,0,1.53723,0.00603433,1.53568,39,0,29,24,30,0,-2,0,0,1,56,3805,3805,0,141,35,614,35282,35115,108,2,68,98,0,0,0,0,0,1,11,8,13,0,3858,0,0,0,0,0,0,0,0,0,-1,0,0,0
2464.6,0,0,0,0,0,0,1.53693,0.00604186,1.53547,39,0,29,24,30,0,-2,0,0,1,56,3805,3805,0,141,35,614,35283,35116,108,2,68,98,0,0,0,0,0,1,0,0,0,0,3861,0,0,0,0,0,0,0,0,0,-3,0,0,0
2464.61,0,0,0,0,0,0,1.53681,0.00603387,1.53587,39,0,29,24,30,0,-2,0,0,1,56,3805,3805,0,141,35,614,35283,35116,108,2,68,98,0,0,0,0,0,1,0,0,0,0,3861,0,0,0,0,0,0,0,0,0,-3,0,0,0
2464.62,0,0,0,0,0,0,1.5367,0.00602589,1.53628,39,0,29,24,30,0,-2,0,0,1,56,3805,3805,0,141,35,614,35283,35116,108,2,68,98,0,0,0,0,0,1,0,0,5,0,3858,0,0,0,0,0,0,0,0,0,0,0,0,0
2464.63,0,0,0,0,0,0,1.53658,0.00601791,1.53668,39,0,29,24,30,0,-2,0,0,1,56,3805,3805,0,141,35,614,35283,35116,108,2,68,98,0,0,0,0,0,1,0,0,3,0,3861,0,0,0,0,0,0,0,0,0,-2,0,0,0
2464.64,0,0,0,0,0,0,1.53646,0.00600993,1.53708,39,0,29,24,30,0,-2,0,0,1,56,3805,3805,0,141,35,614,35283,35116,108,2,68,98,0,0,0,0,0,1,0,0,1,0,3863,0,0,0,0,0,0,0,0,0,-4,0,0,0
2464.65,0,0,0,0,0,0,1.53634,0.00600194,1.53749,39,0,29,24,30,0,-2,0,0,1,56,3805,3805,0,141,35,614,35283,35116,108,2,68,98,0,0,0,0,0,1,0,0,0,0,3852,0,0,0,0,0,0,0,0,0,-1,0,0,0
2464.66,0,0,0,0,0,0,1.53623,0.00599396,1.53789,39,0,29,24,30,0,-2,0,0,1,56,3805,3805,0,141,35,614,35283,35116,108,2,68,98,0,0,0,0,0,1,3,0,7,0,3854,0,0,0,0,0,0,0,0,0,-1,0,0,0
2464.67,0,0,0,0,0,0,1.53611,0.00598598,1.5383,39,0,29,24,30,0,-2,0,0,1,56,3805,3805,0,141,35,614,35283,35116,108,2,68,98,0,0,0,0,0,1,3,0,7,0,3854,0,0,0,0,0,0,0,0,0,-1,0,0,0
2464.68,0,0,0,0,0,0,1.53599,0.005978,1.5387,39,0,29,24,30,0,-2,0,0,1,56,3805,3805,0,141,35,614,35283,35116,108,2,68,98,0,0,0,0,0,1,0,0,7,0,3861,0,0,0,0,0,0,0,0,0,0,0,0,0
2464.69,0,0,0,0,0,0,1.53588,0.00597001,1.53911,39,0,29,24,30,0,-2,0,0,1,56,3805,3805,0,141,35,614,35283,35116,108,2,68,98,0,0,0,0,0,1,0,8,0,0,3854,0,0,0,0,0,0,0,0,0,3,0,0,0
2464.7,0,0,0,0,0,0,1.53576,0.00596203,1.53951,39,0,29,24,29,0,-2,0,0,1,56,3805,3805,0,141,35,614,35283,35116,108,2,68,98,0,0,0,0,0,1,1,0,11,0,3861,0,0,0,0,0,0,0,0,0,0,0,0,0
2464.71,0,0,0,0,0,0,1.53611,0.00596555,1.53988,39,0,29,24,29,0,-2,0,0,1,56,3805,3805,0,141,35,614,35283,35116,108,2,68,98,0,0,0,0,0,1,5,6,19,0,3863,0,0,0,0,0,0,0,0,0,1,0,0,0
2464.72,0,0,0,0,0,0,1.53646,0.00596908,1.54025,39,0,29,24,29,0,-2,0,0,1,56,3805,3805,0,141,35,614,35283,35116,108,2,68,98,0,0,0,0,0,1,0,0,3,0,3858,0,0,0,0,0,0,0,0,0,2,0,0,0
2464.73,0,0,0,0,0,0,1.53681,0.0059726,1.54062,39,0,29,24,29,0,-2,0,0,1,56,3805,3805,0,141,35,614,35283,35116,108,2,68,98,0,0,0,0,0,1,0,0,3,0,3858,0,0,0,0,0,0,0,0,0,2,0,0,0
2464.74,0,0,0,0,0,0,1.53716,0.00597612,1.54099,39,0,29,24,29,0,-2,0,0,1,56,3805,3805,0,141,35,614,35283,35116,108,2,68,98,0,0,0,0,0,1,7,5,13,0,3856,0,0,0,0,0,0,0,0,0,-1,0,0,0
2464.75,0,0,0,0,0,0,1.5375,0.00597964,1.54135,39,0,29,24,29,0,-2,0,0,1,56,3805,3805,0,141,35,614,35283,35116,108,2,68,98,0,0,0,0,0,1,3,0,7,0,3861,0,0,0,0,0,0,0,0,0,-1,0,0,0
2464.76,0,0,0,0,0,0,1.53785,0.00598317,1.54172,39,0,29,24,29,0,-2,0,0,1,56,3805,3805,0,141,35,614,35283,35116,108,2,68,98,0,0,0,0,0,1,0,0,0,0,3854,0,0,0,0,0,0,0,0,0,-4,0,0,0
2464.77,0,0,0,0,0,0,1.5382,0.00598669,1.54209,39,0,29,24,29,0,-2,0,0,1,56,3805,3805,0,141,35,614,35283,35116,108,2,68,98,0,0,0,0,0,1,0,5,7,0,3854,0,0,0,0,0,0,0,0,0,-2,0,0,0
2464.78,0,0,0,0,0,0,1.53855,0.00599021,1.54246,39,0,29,24,29,0,-2,0,0,1,56,3805,3805,0,141,35,614,35283,35116,108,2,68,98,0,0,0,0,0,1,0,0,3,0,3863,0,0,0,0,0,0,0,0,0,0,0,0,0
2464.79,0,0,0,0,0,0,1.5389,0.00599373,1.54283,39,0,29,24,29,0,-2,0,0,1,56,3805,3805,0,141,35,614,35283,35116,108,2,68,98,0,0,0,0,0,1,0,0,3,0,3863,0,0,0,0,0,0,0,0,0,0,0,0,0
2464.8,0,0,0,0,0,0,1.53925,0.00599726,1.54319,39,0,29,24,30,0,-2,0,0,1,56,3805,3805,0,141,35,614,35283,35118,108,2,65,98,0,0,0,0,0,1,0,0,0,0,3861,0,0,0,0,0,0,0,0,0,-2,0,0,0
2464.81,0,0,0,0,0,0,1.53901,0.00601009,1.54315,39,0,29,24,30,0,-2,0,0,1,56,3805,3805,0,141,35,614,35283,35118,108,2,65,98,0,0,0,0,0,1,0,0,7,0,3854,0,0,0,0,0,0,0,0,0,-2,0,0,0
2464.82,0,0,0,0,0,0,1.53878,0.00602292,1.5431,39,0,29,24,30,0,-2,0,0,1,56,3805,3805,0,141,35,614,35283,35118,108,2,65,98,0,0,0,0,0,1,0,0,5,0,3854,0,0,0,0,0,0,0,0,0,0,0,0,0
2464.83,0,0,0,0,0,0,1.53854,0.00603575,1.54306,39,0,29,24,30,0,-2,0,0,1,56,3805,3805,0,141,35,614,35283,35118,108,2,65,98,0,0,0,0,0,1,3,0,3,0,3856,0,0,0,0,0,0,0,0,0,0,0,0,0
2464.84,0,0,0,0,0,0,1.5383,0.00604858,1.54302,39,0,29,24,30,0,-2,0,0,1,56,3805,3805,0,141,35,614,35283,35118,108,2,65,98,0,0,0,0,0,1,0,0,29,0,3861,0,0,0,0,0,0,0,0,0,0,0,0,0
2464.85,0,0,0,0,0,0,1.53807,0.00606141,1.54297,39,0,29,24,30,0,-2,0,0,1,56,3805,3805,0,141,35,614,35283,35118,108,2,65,98,0,0,0,0,0,1,0,0,29,0,3861,0,0,0,0,0,0,0,0,0,0,0,0,0
2464.86,0,0,0,0,0,0,1.53783,0.00607425,1.54293,39,0,29,24,30,0,-2,0,0,1,56,3805,3805,0,141,35,614,35283,35118,108,2,65,98,0,0,0,0,0,1,0,0,19,0,3856,0,0,0,0,0,0,0,0,0,1,0,0,0
2464.87,0,0,0,0,0,0,1.53759,0.00608708,1.54288,39,0,29,24,30,0,-2,0,0,1,56,3805,3805,0,141,35,614,35283,35118,108,2,65,98,0,0,0,0,0,1,0,0,3,0,3861,0,0,0,0,0,0,0,0,0,0,0,0,0
2464.88,0,0,0,0,0,0,1.53736,0.00609991,1.54284,39,0,29,24,30,0,-2,0,0,1,56,3805,3805,0,141,35,614,35283,35118,108,2,65,98,0,0,0,0,0,1,0,0,3,0,3856,0,0,0,0,0,0,0,0,0,0,0,0,0
2464.89,0,0,0,0,0,0,1.53712,0.00611274,1.54279,39,0,29,24,30,0,-2,0,0,1,56,3805,3805,0,141,35,614,35283,35118,108,2,65,98,0,0,0,0,0,1,0,0,0,0,3867,0,0,0,0,0,0,0,0,0,-2,0,0,0
2464.9,0,0,0,0,0,0,1.53689,0.00612557,1.54275,39,0,29,24,30,0,-2,0,0,1,56,3805,3805,0,141,35,614,35284,35117,108,2,65,98,0,0,0,0,0,1,0,0,5,0,3865,0,0,0,0,0,0,0,0,0,-1,0,0,0
2464.91,0,0,0,0,0,0,1.53675,0.00611029,1.54259,39,0,29,24,30,0,-2,0,0,1,56,3805,3805,0,141,35,614,35284,35117,108,2,65,98,0,0,0,0,0,1,0,0,5,0,3865,0,0,0,0,0,0,0,0,0,-1,0,0,0
2464.92,0,0,0,0,0,0,1.53662,0.00609501,1.54244,39,0,29,24,30,0,-2,0,0,1,56,3805,3805,0,141,35,614,35284,35117,108,2,65,98,0,0,0,0,0,1,0,2,9,0,3858,0,0,0,0,0,0,0,0,0,1,0,0,0
2464.93,0,0,0,0,0,0,1.53649,0.00607972,1.54228,39,0,29,24,30,0,-2,0,0,1,56,3805,3805,0,141,35,614,35284,35117,108,2,65,98,0,0,0,0,0,1,11,8,13,0,3856,0,0,0,0,0,0,0,0,0,1,0,0,0
2464.94,0,0,0,0,0,0,1.53635,0.00606444,1.54213,39,0,29,24,30,0,-2,0,0,1,56,3805,3805,0,141,35,614,35284,35117,108,2,65,98,0,0,0,0,0,1,0,0,5,0,3867,0,0,0,0,0,0,0,0,0,0,0,0,0
2464.95,0,0,0,0,0,0,1.53622,0.00604916,1.54197,39,0,29,24,30,0,-2,0,0,1,56,3805,3805,0,141,35,614,35284,35117,108,2,65,98,0,0,0,0,0,1,0,0,0,0,3858,0,0,0,0,0,0,0,0,0,0,0,0,0
2464.96,0,0,0,0,0,0,1.53609,0.00603387,1.54182,39,0,29,24,30,0,-2,0,0,1,56,3805,3805,0,141,35,614,35284,35117,108,2,65,98,0,0,0,0,0,1,0,0,5,0,3852,0,0,0,0,0,0,0,0,0,-1,0,0,0
2464.97,0,0,0,0,0,0,1.53595,0.00601859,1.54166,39,0,29,24,30,0,-2,0,0,1,56,3805,3805,0,141,35,614,35284,35117,108,2,65,98,0,0,0,0,0,1,0,0,5,0,3852,0,0,0,0,0,0,0,0,0,-1,0,0,0
2464.98,0,0,0,0,0,0,1.53582,0.0060033,1.54151,39,0,29,24,30,0,-2,0,0,1,56,3805,3805,0,141,35,614,35284,35117,108,2,65,98,0,0,0,0,0,1,13,12,21,0,3861,0,0,0,0,0,0,0,0,0,2,0,0,0
2464.99,0,0,0,0,0,0,1.53569,0.00598802,1.54135,39,0,29,24,30,0,-2,0,0,1,56,3805,3805,0,141,35,614,35284,35117,108,2,65,98,0,0,0,0,0,1,0,0,0,0,3856,0,0,0,0,0,0,0,0,0,0,0,0,0
2465,0,0,0,0,0,0,1.53555,0.00597274,1.5412,39,0,29,24,31,0,-2,0,0,1,56,3805,3805,0,141,35,614,35284,35119,108,2,68,98,0,0,0,0,0,1,5,0,11,0,3863,0,0,0,0,0,0,0,0,0,0,0,0,0
2465.01,0,0,0,0,0,0,1.5356,0.00597646,1.54098,39,0,29,24,31,0,-2,0,0,1,56,3805,3805,0,141,35,614,35284,35119,108,2,68,98,0,0,0,0,0,1,0,0,0,0,3865,0,0,0,0,0,0,0,0,0,0,0,0,0
2465.02,0,0,0,0,0,0,1.53565,0.00598018,1.54077,39,0,29,24,31,0,-2,0,0,1,56,3805,3805,0,141,35,614,35284,35119,108,2,68,98,0,0,0,0,0,1,1,0,9,0,3861,0,0,0,0,0,0,0,0,0,0,0,0,0
2465.03,0,0,0,0,0,0,1.5357,0.00598391,1.54056,39,0,29,24,31,0,-2,0,0,1,56,3805,3805,0,141,35,614,35284,35119,108,2,68,98,0,0,0,0,0,1,1,0,9,0,3861,0,0,0,0,0,0,0,0,0,0,0,0,0
2465.04,0,0,0,0,0,0,1.53575,0.00598763,1.54034,39,0,29,24,31,0,-2,0,0,1,56,3805,3805,0,141,35,614,35284,35119,108,2,68,98,0,0,0,0,0,1,0,0,9,0,3861,0,0,0,0,0,0,0,0,0,0,0,0,0
2465.05,0,0,0,0,0,0,1.5358,0.00599135,1.54013,39,0,29,24,31,0,-2,0,0,1,56,3805,3805,0,141,35,614,35284,35119,108,2,68,98,0,0,0,0,0,1,3,5,11,0,3858,0,0,0,0,0,0,0,0,0,1,0,0,0
2465.06,0,0,0,0,0,0,1.53585,0.00599507,1.53992,39,0,29,24,31,0,-2,0,0,1,56,3805,3805,0,141,35,614,35284,35119,108,2,68,98,0,0,0,0,0,1,0,0,5,0,3863,0,0,0,0,0,0,0,0,0,0,0,0,0
2465.07,0,0,0,0,0,0,1.53589,0.0059988,1.5397,39,0,29,24,31,0,-2,0,0,1,56,3805,3805,0,141,35,614,35284,35119,108,2,68,98,0,0,0,0,0,1,0,0,7,0,3861,0,0,0,0,0,0,0,0,0,0,0,0,0
2465.08,0,0,0,0,0,0,1.53594,0.00600252,1.53949,39,0,29,24,31,0,-2,0,0,1,56,3805,3805,0,141,35,614,35284,35119,108,2,68,98,0,0,0,0,0,1,0,0,1,0,3867,0,0,0,0,0,0,0,0,0,-1,0,0,0
2465.09,0,0,0,0,0,0,1.53599,0.00600624,1.53928,39,0,29,24,31,0,-2,0,0,1,56,3805,3805,0,141,35,614,35284,35119,108,2,68,98,0,0,0,0,0,1,0,0,1,0,3867,0,0,0,0,0,0,0,0,0,-1,0,0,0
2465.1,0,0,0,0,0,0,1.53604,0.00600997,1.53906,39,0,29,24,30,0,-2,0,0,1,56,3805,3805,0,141,35,614,35284,35119,108,2,65,98,0,0,0,0,0,1,7,5,15,0,3861,0,0,0,0,0,0,0,0,0,0,0,0,0
2465.11,0,0,0,0,0,0,1.53628,0.00600421,1.53924,39,0,29,24,30,0,-2,0,0,1,56,3805,3805,0,141,35,614,35284,35119,108,2,65,98,0,0,0,0,0,1,5,5,9,0,3858,0,0,0,0,0,0,0,0,0,0,0,0,0
2465.12,0,0,0,0,0,0,1.53653,0.00599845,1.53941,39,0,29,24,30,0,-2,0,0,1,56,3805,3805,0,141,35,614,35284,35119,108,2,65,98,0,0,0,0,0,1,0,0,9,0,3863,0,0,0,0,0,0,0,0,0,0,0,0,0
2465.13,0,0,0,0,0,0,1.53677,0.0059927,1.53958,39,0,29,24,30,0,-2,0,0,1,56,3805,3805,0,141,35,614,35284,35119,108,2,65,98,0,0,0,0,0,1,5,2,9,0,3854,0,0,0,0,0,0,0,0,0,0,0,0,0
2465.14,0,0,0,0,0,0,1.53701,0.00598694,1.53975,39,0,29,24,30,0,-2,0,0,1,56,3805,3805,0,141,35,614,35284,35119,108,2,65,98,0,0,0,0,0,1,5,0,13,0,3863,0,0,0,0,0,0,0,0,0,0,0,0,0
2465.15,0,0,0,0,0,0,1.53726,0.00598119,1.53992,39,0,29,24,30,0,-2,0,0,1,56,3805,3805,0,141,35,614,35284,35119,108,2,65,98,0,0,0,0,0,1,5,0,13,0,3863,0,0,0,0,0,0,0,0,0,0,0,0,0
2465.16,0,0,0,0,0,0,1.5375,0.00597543,1.5401,39,0,29,24,30,0,-2,0,0,1,56,3805,3805,0,141,35,614,35284,35119,108,2,65,98,0,0,0,0,0,1,0,0,5,0,3861,0,0,0,0,0,0,0,0,0,0,0,0,0
2465.17,0,0,0,0,0,0,1.53774,0.00596968,1.54027,39,0,29,24,30,0,-2,0,0,1,56,3805,3805,0,141,35,614,35284,35119,108,2,65,98,0,0,0,0,0,1,32,28,36,0,3869,0,0,0,0,0,0,0,0,0,5,0,0,0
2465.18,0,0,0,0,0,0,1.53798,0.00596392,1.54044,39,0,29,24,30,0,-2,0,0,1,56,3805,3805,0,141,35,614,35284,35119,108,2,65,98,0,0,0,0,0,1,0,0,0,0,3865,0,0,0,0,0,0,0,0,0,0,0,0,0
2465.19,0,0,0,0,0,0,1.53823,0.00595817,1.54061,39,0,29,24,30,0,-2,0,0,1,56,3805,3805,0,141,35,614,35284,35119,108,2,65,98,0,0,0,0,0,1,1,2,13,0,3856,0,0,0,0,0,0,0,0,0,0,0,0,0
2465.2,0,0,0,0,0,0,1.53847,0.00595241,1.54078,39,0,29,24,30,0,-2,0,0,1,56,3805,3805,0,141,35,614,35284,35119,109,2,65,98,0,0,0,0,0,1,5,5,11,0,3861,0,0,0,0,0,0,0,0,0,0,0,0,0
2465.21,0,0,0,0,0,0,1.53856,0.00595388,1.54022,39,0,29,24,30,0,-2,0,0,1,56,3805,3805,0,141,35,614,35284,35119,109,2,65,98,0,0,0,0,0,1,5,5,11,0,3861,0,0,0,0,0,0,0,0,0,0,0,0,0
2465.22,0,0,0,0,0,0,1.53865,0.00595534,1.53966,39,0,29,24,30,0,-2,0,0,1,56,3805,3805,0,141,35,614,35284,35119,109,2,65,98,0,0,0,0,0,1,5,6,13,0,3863,0,0,0,0,0,0,0,0,0,1,0,0,0
2465.23,0,0,0,0,0,0,1.53874,0.00595681,1.5391,39,0,29,24,30,0,-2,0,0,1,56,3805,3805,0,141,35,614,35284,35119,109,2,65,98,0,0,0,0,0,1,0,0,3,0,3863,0,0,0,0,0,0,0,0,0,0,0,0,0
2465.24,0,0,0,0,0,0,1.53883,0.00595827,1.53854,39,0,29,24,30,0,-2,0,0,1,56,3805,3805,0,141,35,614,35284,35119,109,2,65,98,0,0,0,0,0,1,0,0,0,0,3856,0,0,0,0,0,0,0,0,0,3,0,0,0
2465.25,0,0,0,0,0,0,1.53891,0.00595974,1.53798,39,0,29,24,30,0,-2,0,0,1,56,3805,3805,0,141,35,614,35284,35119,109,2,65,98,0,0,0,0,0,1,5,5,11,0,3863,0,0,0,0,0,0,0,0,0,-1,0,0,0
2465.26,0,0,0,0,0,0,1.539,0.00596121,1.53742,39,0,29,24,30,0,-2,0,0,1,56,3805,3805,0,141,35,614,35284,35119,109,2,65,98,0,0,0,0,0,1,0,0,1,0,3863,0,0,0,0,0,0,0,0,0,0,0,0,0
2465.27,0,0,0,0,0,0,1.53909,0.00596267,1.53685,39,0,29,24,30,0,-2,0,0,1,56,3805,3805,0,141,35,614,35284,35119,109,2,65,98,0,0,0,0,0,1,0,0,1,0,3863,0,0,0,0,0,0,0,0,0,0,0,0,0
2465.28,0,0,0,0,0,0,1.53918,0.00596414,1.53629,39,0,29,24,30,0,-2,0,0,1,56,3805,3805,0,141,35,614,35284,35119,109,2,65,98,0,0,0,0,0,1,0,0,3,0,3852,0,0,0,0,0,0,0,0,0,2,0,0,0
2465.29,0,0,0,0,0,0,1.53927,0.0059656,1.53573,39,0,29,24,30,0,-2,0,0,1,56,3805,3805,0,141,35,614,35284,35119,109,2,65,98,0,0,0,0,0,1,15,8,21,0,3863,0,0,0,0,0,0,0,0,0,0,0,0,0
2465.3,0,0,0,0,0,0,1.53936,0.00596707,1.53517,39,0,29,24,30,0,-2,0,0,1,56,3805,3805,0,141,35,614,35285,35120,107,2,65,98,0,0,0,0,0,1,0,0,0,0,3856,0,0,0,0,0,0,0,0,0,-1,0,0,0
2465.31,0,0,0,0,0,0,1.53931,0.00597649,1.53564,39,0,29,24,30,0,-2,0,0,1,56,3805,3805,0,141,35,614,35285,35120,107,2,65,98,0,0,0,0,0,1,5,6,13,0,3856,0,0,0,0,0,0,0,0,0,1,0,0,0
2465.32,0,0,0,0,0,0,1.53926,0.00598591,1.53612,39,0,29,24,30,0,-2,0,0,1,56,3805,3805,0,141,35,614,35285,35120,107,2,65,98,0,0,0,0,0,1,1,2,9,0,3863,0,0,0,0,0,0,0,0,0,0,0,0,0
2465.33,0,0,0,0,0,0,1.53921,0.00599534,1.53659,39,0,29,24,30,0,-2,0,0,1,56,3805,3805,0,141,35,614,35285,35120,107,2,65,98,0,0,0,0,0,1,1,2,9,0,3863,0,0,0,0,0,0,0,0,0,0,0,0,0
2465.34,0,0,0,0,0,0,1.53916,0.00600476,1.53706,39,0,29,24,30,0,-2,0,0,1,56,3805,3805,0,141,35,614,35285,35120,107,2,65,98,0,0,0,0,0,1,0,0,0,0,3861,0,0,0,0,0,0,0,0,0,-2,0,0,0
2465.35,0,0,0,0,0,0,1.53911,0.00601418,1.53754,39,0,29,24,30,0,-2,0,0,1,56,3805,3805,0,141,35,614,35285,35120,107,2,65,98,0,0,0,0,0,1,7,2,9,0,3856,0,0,0,0,0,0,0,0,0,0,0,0,0
2465.36,0,0,0,0,0,0,1.53907,0.0060236,1.53801,39,0,29,24,30,0,-2,0,0,1,56,3805,3805,0,141,35,614,35285,35120,107,2,65,98,0,0,0,0,0,1,1,0,13,0,3856,0,0,0,0,0,0,0,0,0,-3,0,0,0
2465.37,0,0,0,0,0,0,1.53902,0.00603303,1.53849,39,0,29,24,30,0,-2,0,0,1,56,3805,3805,0,141,35,614,35285,35120,107,2,65,98,0,0,0,0,0,1,0,0,0,0,3854,0,0,0,0,0,0,0,0,0,-2,0,0,0
2465.38,0,0,0,0,0,0,1.53897,0.00604245,1.53896,39,0,29,24,30,0,-2,0,0,1,56,3805,3805,0,141,35,614,35285,35120,107,2,65,98,0,0,0,0,0,1,0,0,3,0,3858,0,0,0,0,0,0,0,0,0,0,0,0,0
2465.39,0,0,0,0,0,0,1.53892,0.00605187,1.53944,39,0,29,24,30,0,-2,0,0,1,56,3805,3805,0,141,35,614,35285,35120,107,2,65,98,0,0,0,0,0,1,0,0,3,0,3858,0,0,0,0,0,0,0,0,0,0,0,0,0
2465.4,0,0,0,0,0,0,1.53887,0.00606129,1.53991,39,0,29,24,30,0,-2,0,0,1,56,3805,3805,0,141,35,614,35285,35120,108,2,65,98,0,0,0,0,0,1,0,0,5,0,3861,0,0,0,0,0,0,0,0,0,0,0,0,0
2465.41,0,0,0,0,0,0,1.53883,0.00606042,1.53991,39,0,29,24,30,0,-2,0,0,1,56,3805,3805,0,141,35,614,35285,35120,108,2,65,98,0,0,0,0,0,1,0,0,1,0,3863,0,0,0,0,0,0,0,0,0,0,0,0,0
2465.42,0,0,0,0,0,0,1.53878,0.00605954,1.53991,39,0,29,24,30,0,-2,0,0,1,56,3805,3805,0,141,35,614,35285,35120,108,2,65,98,0,0,0,0,0,1,0,0,0,0,3863,0,0,0,0,0,0,0,0,0,-1,0,0,0
2465.43,0,0,0,0,0,0,1.53874,0.00605867,1.53991,39,0,29,24,30,0,-2,0,0,1,56,3805,3805,0,141,35,614,35285,35120,108,2,65,98,0,0,0,0,0,1,1,0,3,0,3861,0,0,0,0,0,0,0,0,0,0,0,0,0
2465.44,0,0,0,0,0,0,1.53869,0.00605779,1.53991,39,0,29,24,30,0,-2,0,0,1,56,3806,3805,0,141,35,614,35285,35120,108,2,65,98,0,0,0,0,0,1,0,0,5,0,3858,0,0,0,0,0,0,0,0,0,0,0,0,0
2465.45,0,0,0,0,0,0,1.53865,0.00605692,1.53991,39,0,29,24,30,0,-2,0,0,1,56,3806,3805,0,141,35,614,35285,35120,108,2,65,98,0,0,0,0,0,1,0,0,5,0,3858,0,0,0,0,0,0,0,0,0,0,0,0,0
2465.46,0,0,0,0,0,0,1.53861,0.00605604,1.53991,39,0,29,24,30,0,-2,0,0,1,56,3806,3805,0,141,35,614,35285,35120,108,2,65,98,0,0,0,0,0,1,0,0,1,0,3861,0,0,0,0,0,0,0,0,0,-1,0,0,0
2465.47,0,0,0,0,0,0,1.53856,0.00605516,1.53991,39,0,29,24,30,0,-2,0,0,1,56,3806,3805,0,141,35,614,35285,35120,108,2,65,98,0,0,0,0,0,1,0,0,0,0,3854,0,0,0,0,0,0,0,0,0,-3,0,0,0
2465.48,0,0,0,0,0,0,1.53852,0.00605429,1.53991,39,0,29,24,30,0,-2,0,0,1,56,3806,3805,0,141,35,614,35285,35120,108,2,65,98,0,0,0,0,0,1,0,0,3,0,3861,0,0,0,0,0,0,0,0,0,-2,0,0,0
2465.49,0,0,0,0,0,0,1.53847,0.00605341,1.53991,39,0,29,24,30,0,-2,0,0,1,56,3806,3805,0,141,35,614,35285,35120,108,2,65,98,0,0,0,0,0,1,0,0,0,0,3863,0,0,0,0,0,0,0,0,0,0,0,0,0
2465.5,0,0,0,0,0,0,1.53843,0.00605254,1.53991,39,0,29,24,30,0,-2,0,0,1,56,3806,3805,0,141,35,614,35286,35120,108,2,65,98,0,0,0,0,0,1,0,0,0,0,3861,0,0,0,0,0,0,0,0,0,-2,0,0,0
2465.51,0,0,0,0,0,0,1.5383,0.00605718,1.53967,39,0,29,24,30,0,-2,0,0,1,56,3806,3805,0,141,35,614,35286,35120,108,2,65,98,0,0,0,0,0,1,0,0,0,0,3861,0,0,0,0,0,0,0,0,0,-2,0,0,0
2465.52,0,0,0,0,0,0,1.53817,0.00606183,1.53943,39,0,29,24,30,0,-2,0,0,1,56,3806,3805,0,141,35,614,35286,35120,108,2,65,98,0,0,0,0,0,1,0,0,0,0,3854,0,0,0,0,0,0,0,0,0,0,0,0,0
2465.53,0,0,0,0,0,0,1.53804,0.00606647,1.53919,39,0,29,24,30,0,-2,0,0,1,56,3806,3805,0,141,35,614,35286,35120,108,2,65,98,0,0,0,0,0,1,1,6,3,0,3856,0,0,0,0,0,0,0,0,0,0,0,0,0
2465.54,0,0,0,0,0,0,1.53791,0.00607111,1.53895,39,0,29,24,30,0,-2,0,0,1,56,3806,3805,0,141,35,614,35286,35120,108,2,65,98,0,0,0,0,0,1,0,0,0,0,3865,0,0,0,0,0,0,0,0,0,-2,0,0,0
2465.55,0,0,0,0,0,0,1.53778,0.00607576,1.53871,39,0,29,24,30,0,-2,0,0,1,56,3806,3805,0,141,35,614,35286,35120,108,2,65,98,0,0,0,0,0,1,1,5,15,0,3856,0,0,0,0,0,0,0,0,0,1,0,0,0
2465.56,0,0,0,0,0,0,1.53765,0.0060804,1.53847,39,0,29,24,30,0,-2,0,0,1,56,3806,3805,0,141,35,614,35286,35120,108,2,65,98,0,0,0,0,0,1,0,0,7,0,3858,0,0,0,0,0,0,0,0,0,-1,0,0,0
2465.57,0,0,0,0,0,0,1.53752,0.00608505,1.53823,39,0,29,24,30,0,-2,0,0,1,56,3806,3805,0,141,35,614,35286,35120,108,2,65,98,0,0,0,0,0,1,0,0,7,0,3858,0,0,0,0,0,0,0,0,0,-1,0,0,0
2465.58,0,0,0,0,0,0,1.53739,0.00608969,1.53799,39,0,29,24,30,0,-2,0,0,1,56,3806,3805,0,141,35,614,35286,35120,108,2,65,98,0,0,0,0,0,1,0,0,0,0,3861,0,0,0,0,0,0,0,0,0,-2,0,0,0
2465.59,0,0,0,0,0,0,1.53726,0.00609433,1.53775,39,0,29,24,30,0,-2,0,0,1,56,3806,3805,0,141,35,614,35286,35120,108,2,65,98,0,0,0,0,0,1,11,10,21,0,3867,0,0,0,0,0,0,0,0,0,2,0,0,0
2465.6,0,0,0,0,0,0,1.53712,0.00609898,1.53751,39,0,29,24,29,0,-2,0,0,1,56,3806,3805,0,141,35,614,35286,35121,108,2,65,98,0,0,0,0,0,1,0,2,13,0,3858,0,0,0,0,0,0,0,0,0,0,0,0,0
2465.61,0,0,0,0,0,0,1.5372,0.00608755,1.5377,39,0,29,24,29,0,-2,0,0,1,56,3806,3805,0,141,35,614,35286,35121,108,2,65,98,0,0,0,0,0,1,0,0,5,0,3852,0,0,0,0,0,0,0,0,0,2,0,0,0
2465.62,0,0,0,0,0,0,1.53728,0.00607613,1.5379,39,0,29,24,29,0,-2,0,0,1,56,3806,3805,0,141,35,614,35286,35121,108,2,65,98,0,0,0,0,0,1,3,0,5,0,3854,0,0,0,0,0,0,0,0,0,-1,0,0,0
2465.63,0,0,0,0,0,0,1.53735,0.00606471,1.53809,39,0,29,24,29,0,-2,0,0,1,56,3806,3805,0,141,35,614,35286,35121,108,2,65,98,0,0,0,0,0,1,3,0,5,0,3854,0,0,0,0,0,0,0,0,0,-1,0,0,0
2465.64,0,0,0,0,0,0,1.53743,0.00605328,1.53828,39,0,29,24,29,0,-2,0,0,1,56,3806,3805,0,141,35,614,35286,35121,108,2,65,98,0,0,0,0,0,1,1,2,1,0,3856,0,0,0,0,0,0,0,0,0,-2,0,0,0
2465.65,0,0,0,0,0,0,1.53751,0.00604186,1.53848,39,0,29,24,29,0,-2,0,0,1,56,3806,3805,0,141,35,614,35286,35121,108,2,65,98,0,0,0,0,0,1,5,0,1,0,3858,0,0,0,0,0,0,0,0,0,-3,0,0,0
2465.66,0,0,0,0,0,0,1.53758,0.00603043,1.53867,39,0,29,24,29,0,-2,0,0,1,56,3806,3805,0,141,35,614,35286,35121,108,2,65,98,0,0,0,0,0,1,1,0,5,0,3863,0,0,0,0,0,0,0,0,0,-1,0,0,0
2465.67,0,0,0,0,0,0,1.53766,0.00601901,1.53886,39,0,29,24,29,0,-2,0,0,1,56,3806,3805,0,141,35,614,35286,35121,108,2,65,98,0,0,0,0,0,1,1,0,9,0,3856,0,0,0,0,0,0,0,0,0,0,0,0,0
2465.68,0,0,0,0,0,0,1.53773,0.00600759,1.53906,39,0,29,24,29,0,-2,0,0,1,56,3806,3805,0,141,35,614,35286,35121,108,2,65,98,0,0,0,0,0,1,0,0,0,0,3869,0,0,0,0,0,0,0,0,0,0,0,0,0
2465.69,0,0,0,0,0,0,1.53781,0.00599616,1.53925,39,0,29,24,29,0,-2,0,0,1,56,3806,3805,0,141,35,614,35286,35121,108,2,65,98,0,0,0,0,0,1,0,0,0,0,3869,0,0,0,0,0,0,0,0,0,0,0,0,0
2465.7,0,0,0,0,0,0,1.53789,0.00598474,1.53944,39,0,29,24,30,0,-2,0,0,1,56,3806,3805,0,141,35,614,35286,35122,108,2,66,98,0,0,0,0,0,1,0,0,21,0,3863,0,0,0,0,0,0,0,0,0,0,0,0,0
2465.71,0,0,0,0,0,0,1.53832,0.00598887,1.53924,39,0,29,24,30,0,-2,0,0,1,56,3806,3805,0,141,35,614,35286,35122,108,2,66,98,0,0,0,0,0,1,0,0,5,0,3858,0,0,0,0,0,0,0,0,0,-5,0,0,0
2465.72,0,0,0,0,0,0,1.53876,0.005993,1.53904,39,0,29,24,30,0,-2,0,0,1,56,3806,3805,0,141,35,614,35286,35122,108,2,66,98,0,0,0,0,0,1,0,0,9,0,3856,0,0,0,0,0,0,0,0,0,2,0,0,0
2465.73,0,0,0,0,0,0,1.5392,0.00599712,1.53884,39,0,29,24,30,0,-2,0,0,1,56,3806,3805,0,141,35,614,35286,35122,108,2,66,98,0,0,0,0,0,1,0,0,0,0,3861,0,0,0,0,0,0,0,0,0,0,0,0,0
2465.74,0,0,0,0,0,0,1.53963,0.00600125,1.53864,39,0,29,24,30,0,-2,0,0,1,56,3806,3805,0,141,35,614,35286,35122,108,2,66,98,0,0,0,0,0,1,0,0,9,0,3867,0,0,0,0,0,0,0,0,0,2,0,0,0
2465.75,0,0,0,0,0,0,1.54007,0.00600538,1.53844,39,0,29,24,30,0,-2,0,0,1,56,3806,3805,0,141,35,614,35286,35122,108,2,66,98,0,0,0,0,0,1,0,0,9,0,3867,0,0,0,0,0,0,0,0,0,2,0,0,0
2465.76,0,0,0,0,0,0,1.54051,0.00600951,1.53824,39,0,29,24,30,0,-2,0,0,1,56,3806,3805,0,141,35,614,35286,35122,108,2,66,98,0,0,0,0,0,1,0,0,0,0,3863,0,0,0,0,0,0,0,0,0,-1,0,0,0
2465.77,0,0,0,0,0,0,1.54095,0.00601364,1.53804,39,0,29,24,30,0,-2,0,0,1,56,3806,3805,0,141,35,614,35286,35122,108,2,66,98,0,0,0,0,0,1,0,0,0,0,3856,0,0,0,0,0,0,0,0,0,0,0,0,0
2465.78,0,0,0,0,0,0,1.54138,0.00601777,1.53784,39,0,29,24,30,0,-2,0,0,1,56,3806,3805,0,141,35,614,35286,35122,108,2,66,98,0,0,0,0,0,1,0,0,3,0,3856,0,0,0,0,0,0,0,0,0,0,0,0,0
2465.79,0,0,0,0,0,0,1.54182,0.0060219,1.53764,39,0,29,24,30,0,-2,0,0,1,56,3806,3805,0,141,35,614,35286,35122,108,2,66,98,0,0,0,0,0,1,5,6,9,0,3865,0,0,0,0,0,0,0,0,0,1,0,0,0
2465.8,0,0,0,0,0,0,1.54226,0.00602603,1.53744,39,0,29,24,30,0,-2,0,0,1,56,3806,3806,0,141,35,614,35287,35122,108,2,65,98,0,0,0,0,0,1,0,0,5,0,3874,0,0,0,0,0,0,0,0,0,0,0,0,0
2465.81,0,0,0,0,0,0,1.54202,0.0060232,1.53778,39,0,29,24,30,0,-2,0,0,1,56,3806,3806,0,141,35,614,35287,35122,108,2,65,98,0,0,0,0,0,1,0,0,5,0,3874,0,0,0,0,0,0,0,0,0,0,0,0,0
2465.82,0,0,0,0,0,0,1.54179,0.00602038,1.53812,39,0,29,24,30,0,-2,0,0,1,56,3806,3806,0,141,35,614,35287,35122,108,2,65,98,0,0,0,0,0,1,0,0,5,0,3865,0,0,0,0,0,0,0,0,0,0,0,0,0
2465.83,0,0,0,0,0,0,1.54155,0.00601755,1.53846,39,0,29,24,30,0,-2,0,0,1,56,3806,3806,0,141,35,614,35287,35122,108,2,65,98,0,0,0,0,0,1,0,0,3,0,3867,0,0,0,0,0,0,0,0,0,0,0,0,0
2465.84,0,0,0,0,0,0,1.54132,0.00601473,1.5388,39,0,29,24,30,0,-2,0,0,1,56,3806,3806,0,141,35,614,35287,35122,108,2,65,98,0,0,0,0,0,1,1,0,9,0,3861,0,0,0,0,0,0,0,0,0,0,0,0,0
2465.85,0,0,0,0,0,0,1.54108,0.00601191,1.53914,39,0,29,24,30,0,-2,0,0,1,56,3806,3806,0,141,35,614,35287,35122,108,2,65,98,0,0,0,0,0,1,0,0,7,0,3865,0,0,0,0,0,0,0,0,0,-1,0,0,0
2465.86,0,0,0,0,0,0,1.54085,0.00600908,1.53948,39,0,29,24,30,0,-2,0,0,1,56,3806,3806,0,141,35,614,35287,35122,108,2,65,98,0,0,0,0,0,1,0,0,9,0,3858,0,0,0,0,0,0,0,0,0,0,0,0,0
2465.87,0,0,0,0,0,0,1.54061,0.00600626,1.53981,39,0,29,24,30,0,-2,0,0,1,56,3806,3806,0,141,35,614,35287,35122,108,2,65,98,0,0,0,0,0,1,0,0,9,0,3858,0,0,0,0,0,0,0,0,0,0,0,0,0
2465.88,0,0,0,0,0,0,1.54038,0.00600343,1.54015,39,0,29,24,30,0,-2,0,0,1,56,3806,3806,0,141,35,614,35287,35122,108,2,65,98,0,0,0,0,0,1,0,0,3,0,3854,0,0,0,0,0,0,0,0,0,0,0,0,0
2465.89,0,0,0,0,0,0,1.54014,0.00600061,1.54049,39,0,29,24,30,0,-2,0,0,1,56,3806,3806,0,141,35,614,35287,35122,108,2,65,98,0,0,0,0,0,1,0,2,1,0,3852,0,0,0,0,0,0,0,0,0,1,0,0,0
2465.9,0,0,0,0,0,0,1.53991,0.00599779,1.54083,39,0,29,24,30,0,-2,0,0,1,56,3806,3806,0,141,35,614,35287,35123,109,2,65,98,0,0,0,0,0,1,0,0,3,0,3856,0,0,0,0,0,0,0,0,0,-2,0,0,0
2465.91,0,0,0,0,0,0,1.53974,0.006001,1.54058,39,0,29,24,30,0,-2,0,0,1,56,3806,3806,0,141,35,614,35287,35123,109,2,65,98,0,0,0,0,0,1,0,0,0,0,3856,0,0,0,0,0,0,0,0,0,-1,0,0,0
2465.92,0,0,0,0,0,0,1.53957,0.00600422,1.54033,39,0,29,24,30,0,-2,0,0,1,56,3806,3806,0,141,35,614,35287,35123,109,2,65,98,0,0,0,0,0,1,5,6,13,0,3863,0,0,0,0,0,0,0,0,0,1,0,0,0
2465.93,0,0,0,0,0,0,1.5394,0.00600744,1.54008,39,0,29,24,30,0,-2,0,0,1,56,3806,3806,0,141,35,614,35287,35123,109,2,65,98,0,0,0,0,0,1,0,0,7,0,3867,0,0,0,0,0,0,0,0,0,0,0,0,0
2465.94,0,0,0,0,0,0,1.53923,0.00601065,1.53984,39,0,29,24,30,0,-2,0,0,1,56,3806,3806,0,141,35,614,35287,35123,109,2,65,98,0,0,0,0,0,1,0,0,7,0,3867,0,0,0,0,0,0,0,0,0,0,0,0,0
2465.95,0,0,0,0,0,0,1.53906,0.00601387,1.53959,39,0,29,24,30,0,-2,0,0,1,56,3806,3806,0,141,35,614,35287,35123,109,2,65,98,0,0,0,0,0,1,3,6,7,0,3858,0,0,0,0,0,0,0,0,0,2,0,0,0
2465.96,0,0,0,0,0,0,1.53889,0.00601709,1.53934,39,0,29,24,30,0,-2,0,0,1,56,3806,3806,0,141,35,614,35287,35123,109,2,65,98,0,0,0,0,0,1,0,0,5,0,3861,0,0,0,0,0,0,0,0,0,0,0,0,0
2465.97,0,0,0,0,0,0,1.53872,0.0060203,1.53909,39,0,29,24,30,0,-2,0,0,1,56,3806,3806,0,141,35,614,35287,35123,109,2,65,98,0,0,0,0,0,1,7,8,17,0,3863,0,0,0,0,0,0,0,0,0,2,0,0,0
2465.98,0,0,0,0,0,0,1.53855,0.00602352,1.53884,39,0,29,24,30,0,-2,0,0,1,56,3806,3806,0,141,35,614,35287,35123,109,2,65,98,0,0,0,0,0,1,0,0,0,0,3858,0,0,0,0,0,0,0,0,0,-3,0,0,0
2465.99,0,0,0,0,0,0,1.53838,0.00602674,1.53859,39,0,29,24,30,0,-2,0,0,1,56,3806,3806,0,141,35,614,35287,35123,109,2,65,98,0,0,0,0,0,1,5,5,9,0,3854,0,0,0,0,0,0,0,0,0,0,0,0,0
2466,0,0,0,0,0,0,1.53821,0.00602995,1.53834,39,0,29,24,30,0,-2,0,0,1,56,3806,3806,0,141,35,614,35287,35123,108,2,68,98,0,0,0,0,0,1,5,5,9,0,3854,0,0,0,0,0,0,0,0,0,0,0,0,0
2466.01,0,0,0,0,0,0,1.53823,0.00602322,1.53837,39,0,29,24,30,0,-2,0,0,1,56,3806,3806,0,141,35,614,35287,35123,108,2,68,98,0,0,0,0,0,1,0,0,0,0,3863,0,0,0,0,0,0,0,0,0,1,0,0,0
2466.02,0,0,0,0,0,0,1.53824,0.00601649,1.5384,39,0,29,24,30,0,-2,0,0,1,56,3806,3806,0,141,35,614,35287,35123,108,2,68,98,0,0,0,0,0,1,0,0,3,0,3856,0,0,0,0,0,0,0,0,0,-1,0,0,0
2466.03,0,0,0,0,0,0,1.53825,0.00600976,1.53843,39,0,29,24,30,0,-2,0,0,1,56,3806,3806,0,141,35,614,35287,35123,108,2,68,98,0,0,0,0,0,1,1,0,1,0,3861,0,0,0,0,0,0,0,0,0,0,0,0,0
2466.04,0,0,0,0,0,0,1.53826,0.00600303,1.53846,39,0,29,24,30,0,-2,0,0,1,56,3806,3806,0,141,35,614,35287,35123,108,2,68,98,0,0,0,0,0,1,0,0,0,0,3858,0,0,0,0,0,0,0,0,0,-1,0,0,0
2466.05,0,0,0,0,0,0,1.53827,0.0059963,1.53848,39,0,29,24,30,0,-2,0,0,1,56,3806,3806,0,141,35,614,35287,35123,108,2,68,98,0,0,0,0,0,1,0,0,5,0,3858,0,0,0,0,0,0,0,0,0,0,0,0,0
2466.06,0,0,0,0,0,0,1.53828,0.00598956,1.53851,39,0,29,24,30,0,-2,0,0,1,56,3806,3806,0,141,35,614,35287,35123,108,2,68,98,0,0,0,0,0,1,0,0,5,0,3858,0,0,0,0,0,0,0,0,0,0,0,0,0
2466.07,0,0,0,0,0,0,1.53829,0.00598283,1.53854,39,0,29,24,30,0,-2,0,0,1,56,3806,3806,0,141,35,614,35287,35123,108,2,68,98,0,0,0,0,0,1,3,5,7,0,3858,0,0,0,0,0,0,0,0,0,1,0,0,0
2466.08,0,0,0,0,0,0,1.5383,0.0059761,1.53857,39,0,29,24,30,0,-2,0,0,1,56,3806,3806,0,141,35,614,35287,35123,108,2,68,98,0,0,0,0,0,1,0,0,1,0,3861,0,0,0,0,0,0,0,0,0,0,0,0,0
2466.09,0,0,0,0,0,0,1.53831,0.00596937,1.5386,39,0,29,24,30,0,-2,0,0,1,56,3806,3806,0,141,35,614,35287,35123,108,2,68,98,0,0,0,0,0,1,0,0,0,0,3858,0,0,0,0,0,0,0,0,0,-2,0,0,0
2466.1,0,0,0,0,0,0,1.53833,0.00596264,1.53862,39,0,29,24,30,0,-2,0,0,1,56,3806,3806,0,141,35,614,35288,35124,108,2,65,98,0,0,0,0,0,1,0,0,3,0,3861,0,0,0,0,0,0,0,0,0,-2,0,0,0
2466.11,0,0,0,0,0,0,1.53814,0.00596911,1.53872,39,0,29,24,30,0,-2,0,0,1,56,3806,3806,0,141,35,614,35288,35124,108,2,65,98,0,0,0,0,0,1,0,0,1,0,3852,0,0,0,0,0,0,0,0,0,0,0,0,0
2466.12,0,0,0,0,0,0,1.53795,0.00597559,1.53883,39,0,29,24,30,0,-2,0,0,1,56,3806,3806,0,141,35,614,35288,35124,108,2,65,98,0,0,0,0,0,1,0,0,1,0,3856,0,0,0,0,0,0,0,0,0,-4,0,0,0
2466.13,0,0,0,0,0,0,1.53776,0.00598206,1.53893,39,0,29,24,30,0,-2,0,0,1,56,3806,3806,0,141,35,614,35288,35124,108,2,65,98,0,0,0,0,0,1,0,0,1,0,3863,0,0,0,0,0,0,0,0,0,0,0,0,0
2466.14,0,0,0,0,0,0,1.53758,0.00598854,1.53903,39,0,29,24,30,0,-2,0,0,1,56,3806,3806,0,141,35,614,35288,35124,108,2,65,98,0,0,0,0,0,1,0,0,1,0,3863,0,0,0,0,0,0,0,0,0,0,0,0,0
2466.15,0,0,0,0,0,0,1.53739,0.00599501,1.53913,39,0,29,24,30,0,-2,0,0,1,56,3806,3806,0,141,35,614,35288,35124,108,2,65,98,0,0,0,0,0,1,0,0,5,0,3861,0,0,0,0,0,0,0,0,0,0,0,0,0
2466.16,0,0,0,0,0,0,1.5372,0.00600148,1.53923,39,0,29,24,30,0,-2,0,0,1,56,3806,3806,0,141,35,614,35288,35124,108,2,65,98,0,0,0,0,0,1,5,2,7,0,3865,0,0,0,0,0,0,0,0,0,0,0,0,0
2466.17,0,0,0,0,0,0,1.53702,0.00600796,1.53933,39,0,29,24,30,0,-2,0,0,1,56,3806,3806,0,141,35,614,35288,35124,108,2,65,98,0,0,0,0,0,1,5,0,11,0,3861,0,0,0,0,0,0,0,0,0,0,0,0,0
2466.18,0,0,0,0,0,0,1.53683,0.00601443,1.53943,39,0,29,24,30,0,-2,0,0,1,56,3806,3806,0,141,35,614,35288,35124,108,2,65,98,0,0,0,0,0,1,0,0,0,0,3858,0,0,0,0,0,0,0,0,0,-4,0,0,0
2466.19,0,0,0,0,0,0,1.53664,0.00602091,1.53953,39,0,29,24,30,0,-2,0,0,1,56,3806,3806,0,141,35,614,35288,35124,108,2,65,98,0,0,0,0,0,1,0,0,3,0,3865,0,0,0,0,0,0,0,0,0,-1,0,0,0
2466.2,0,0,0,0,0,0,1.53645,0.00602738,1.53964,39,0,29,24,30,0,-2,0,0,1,56,3806,3806,0,141,35,614,35288,35124,108,2,65,98,0,0,0,0,0,1,0,0,3,0,3865,0,0,0,0,0,0,0,0,0,-1,0,0,0
2466.21,0,0,0,0,0,0,1.53656,0.00602622,1.5397,39,0,29,24,30,0,-2,0,0,1,56,3806,3806,0,141,35,614,35288,35124,108,2,65,98,0,0,0,0,0,1,0,0,1,0,3858,0,0,0,0,0,0,0,0,0,-1,0,0,0
2466.22,0,0,0,0,0,0,1.53666,0.00602505,1.53976,39,0,29,23,30,0,-2,0,0,1,56,3806,3806,0,141,35,614,35288,35124,108,2,65,98,0,0,0,0,0,1,5,5,11,0,3854,0,0,0,0,0,0,0,0,0,1,0,0,0
2466.23,0,0,0,0,0,0,1.53677,0.00602388,1.53982,39,0,29,23,30,0,-2,0,0,1,56,3806,3806,0,141,35,614,35288,35124,108,2,65,98,0,0,0,0,0,1,0,0,0,0,3865,0,0,0,0,0,0,0,0,0,-1,0,0,0
2466.24,0,0,0,0,0,0,1.53687,0.00602271,1.53989,39,0,29,23,30,0,-2,0,0,1,56,3806,3806,0,141,35,614,35288,35124,108,2,65,98,0,0,0,0,0,1,3,2,9,0,3863,0,0,0,0,0,0,0,0,0,0,0,0,0
2466.25,0,0,0,0,0,0,1.53697,0.00602154,1.53995,39,0,29,23,30,0,-2,0,0,1,56,3806,3806,0,141,35,614,35288,35124,108,2,65,98,0,0,0,0,0,1,3,2,19,0,3854,0,0,0,0,0,0,0,0,0,0,0,0,0
2466.26,0,0,0,0,0,0,1.53708,0.00602037,1.54001,39,0,29,23,30,0,-2,0,0,1,56,3806,3806,0,141,35,614,35288,35124,108,2,65,98,0,0,0,0,0,1,3,2,19,0,3854,0,0,0,0,0,0,0,0,0,0,0,0,0
2466.27,0,0,0,0,0,0,1.53718,0.0060192,1.54008,39,0,29,24,30,0,-2,0,0,1,56,3806,3806,0,141,35,614,35288,35124,108,2,65,98,0,0,0,0,0,1,15,14,27,0,3856,0,0,0,0,0,0,0,0,0,-8,0,0,0
2466.28,0,0,0,0,0,0,1.53729,0.00601803,1.54014,39,0,29,24,30,0,-2,0,0,1,56,3806,3806,0,141,35,614,35288,35124,108,2,65,98,0,0,0,0,0,1,0,0,1,0,3863,0,0,0,0,0,0,0,0,0,0,0,0,0
2466.29,0,0,0,0,0,0,1.53739,0.00601686,1.5402,39,0,29,24,30,0,-2,0,0,1,56,3806,3806,0,141,35,614,35288,35124,108,2,65,98,0,0,0,0,0,1,0,0,0,0,3861,0,0,0,0,0,0,0,0,0,-1,0,0,0
2466.3,0,0,0,0,0,0,1.5375,0.00601569,1.54026,39,0,29,24,30,0,-2,0,0,1,56,3806,3806,0,141,35,614,35289,35124,108,2,68,98,0,0,0,0,0,1,0,0,7,0,3861,0,0,0,0,0,0,0,0,0,0,0,0,0
2466.31,0,0,0,0,0,0,1.53774,0.00602238,1.54027,39,0,29,24,30,0,-2,0,0,1,56,3806,3806,0,141,35,614,35289,35124,108,2,68,98,0,0,0,0,0,1,1,0,0,0,3856,0,0,0,0,0,0,0,0,0,0,0,0,0
2466.32,0,0,0,0,0,0,1.53799,0.00602906,1.54027,39,0,29,24,30,0,-2,0,0,1,56,3806,3806,0,141,35,614,35289,35124,108,2,68,98,0,0,0,0,0,1,1,0,0,0,3856,0,0,0,0,0,0,0,0,0,0,0,0,0
2466.33,0,0,0,0,0,0,1.53824,0.00603575,1.54027,39,0,29,24,30,0,-2,0,0,1,56,3806,3806,0,141,35,614,35289,35124,108,2,68,98,0,0,0,0,0,1,0,0,3,0,3858,0,0,0,0,0,0,0,0,0,1,0,0,0
2466.34,0,0,0,0,0,0,1.53849,0.00604243,1.54027,39,0,29,24,30,0,-2,0,0,1,56,3806,3806,0,141,35,614,35289,35124,108,2,68,98,0,0,0,0,0,1,0,2,19,0,3863,0,0,0,0,0,0,0,0,0,-1,0,0,0
2466.35,0,0,0,0,0,0,1.53874,0.00604912,1.54027,39,0,29,24,30,0,-2,0,0,1,56,3806,3806,0,141,35,614,35289,35124,108,2,68,98,0,0,0,0,0,1,0,0,11,0,3858,0,0,0,0,0,0,0,0,0,-1,0,0,0
2466.36,0,0,0,0,0,0,1.53899,0.0060558,1.54027,39,0,29,24,30,0,-2,0,0,1,56,3806,3806,0,141,35,614,35289,35124,108,2,68,98,0,0,0,0,0,1,0,0,15,0,3865,0,0,0,0,0,0,0,0,0,0,0,0,0
2466.37,0,0,0,0,0,0,1.53924,0.00606249,1.54028,39,0,29,24,30,0,-2,0,0,1,56,3806,3806,0,141,35,614,35289,35124,108,2,68,98,0,0,0,0,0,1,0,0,7,0,3863,0,0,0,0,0,0,0,0,0,-1,0,0,0
2466.38,0,0,0,0,0,0,1.53949,0.00606917,1.54028,39,0,29,24,30,0,-2,0,0,1,56,3806,3806,0,141,35,614,35289,35124,108,2,68,98,0,0,0,0,0,1,0,0,7,0,3863,0,0,0,0,0,0,0,0,0,-1,0,0,0
2466.39,0,0,0,0,0,0,1.53974,0.00607586,1.54028,39,0,29,24,30,0,-2,0,0,1,56,3806,3806,0,141,35,614,35289,35124,108,2,68,98,0,0,0,0,0,1,0,0,9,0,3858,0,0,0,0,0,0,0,0,0,1,0,0,0
2466.4,0,0,0,0,0,0,1.53998,0.00608254,1.54028,39,0,29,24,30,0,-2,0,0,1,56,3806,3806,0,141,35,614,35289,35125,108,2,68,98,0,0,0,0,0,1,7,0,0,0,3861,0,0,0,0,0,0,0,0,0,-3,0,0,0
2466.41,0,0,0,0,0,0,1.53998,0.00606275,1.5404,39,0,29,24,30,0,-2,0,0,1,56,3806,3806,0,141,35,614,35289,35125,108,2,68,98,0,0,0,0,0,1,1,0,30,0,3858,0,0,0,0,0,0,0,0,0,-3,0,0,0
2466.42,0,0,0,0,0,0,1.53997,0.00604296,1.54052,39,0,29,24,30,0,-2,0,0,1,56,3806,3806,0,141,35,614,35289,35125,108,2,68,98,0,0,0,0,0,1,0,0,5,0,3863,0,0,0,0,0,0,0,0,0,0,0,0,0
2466.43,0,0,0,0,0,0,1.53997,0.00602317,1.54064,39,0,29,24,30,0,-2,0,0,1,56,3806,3806,0,141,35,614,35289,35125,108,2,68,98,0,0,0,0,0,1,0,0,0,0,3856,0,0,0,0,0,0,0,0,0,0,0,0,0
2466.44,0,0,0,0,0,0,1.53996,0.00600337,1.54076,39,0,29,24,30,0,-2,0,0,1,56,3806,3806,0,141,35,614,35289,35125,108,2,68,98,0,0,0,0,0,1,0,0,0,0,3856,0,0,0,0,0,0,0,0,0,0,0,0,0
2466.45,0,0,0,0,0,0,1.53996,0.00598358,1.54088,39,0,29,24,30,0,-2,0,0,1,56,3806,3806,0,141,35,614,35289,35125,108,2,68,98,0,0,0,0,0,1,0,0,3,0,3865,0,0,0,0,0,0,0,0,0,2,0,0,0
2466.46,0,0,0,0,0,0,1.53995,0.00596379,1.541,39,0,29,24,30,0,-2,0,0,1,56,3806,3806,0,141,35,614,35289,35125,108,2,68,98,0,0,0,0,0,1,1,0,9,0,3861,0,0,0,0,0,0,0,0,0,0,0,0,0
2466.47,0,0,0,0,0,0,1.53995,0.005944,1.54112,39,0,29,24,30,0,-2,0,0,1,56,3806,3806,0,141,35,614,35289,35125,108,2,68,98,0,0,0,0,0,1,7,8,5,0,3858,0,0,0,0,0,0,0,0,0,-1,0,0,0
2466.48,0,0,0,0,0,0,1.53994,0.00592421,1.54123,39,0,29,24,30,0,-2,0,0,1,56,3806,3806,0,141,35,614,35289,35125,108,2,68,98,0,0,0,0,0,1,0,0,11,0,3858,0,0,0,0,0,0,0,0,0,1,0,0,0
2466.49,0,0,0,0,0,0,1.53994,0.00590442,1.54135,39,0,29,24,30,0,-2,0,0,1,56,3806,3806,0,141,35,614,35289,35125,108,2,68,98,0,0,0,0,0,1,0,0,13,0,3858,0,0,0,0,0,0,0,0,0,1,0,0,0
2466.5,0,0,0,0,0,0,1.53993,0.00588462,1.54147,39,0,29,24,30,0,-2,0,0,1,56,3806,3806,0,141,35,614,35289,35126,109,2,65,98,0,0,0,0,0,1,0,0,13,0,3858,0,0,0,0,0,0,0,0,0,1,0,0,0
2466.51,0,0,0,0,0,0,1.53987,0.00589529,1.54136,39,0,29,24,30,0,-2,0,0,1,56,3806,3806,0,141,35,614,35289,35126,109,2,65,98,0,0,0,0,0,1,3,0,19,0,3861,0,0,0,0,0,0,0,0,0,-1,0,0,0
2466.52,0,0,0,0,0,0,1.53982,0.00590596,1.54125,39,0,29,24,30,0,-2,0,0,1,56,3806,3806,0,141,35,614,35289,35126,109,2,65,98,0,0,0,0,0,1,0,5,0,0,3861,0,0,0,0,0,0,0,0,0,2,0,0,0
2466.53,0,0,0,0,0,0,1.53976,0.00591663,1.54114,39,0,29,24,30,0,-2,0,0,1,56,3806,3806,0,141,35,614,35289,35126,109,2,65,98,0,0,0,0,0,1,0,0,7,0,3863,0,0,0,0,0,0,0,0,0,0,0,0,0
2466.54,0,0,0,0,0,0,1.5397,0.0059273,1.54103,39,0,29,24,30,0,-2,0,0,1,56,3806,3806,0,141,35,614,35289,35126,109,2,65,98,0,0,0,0,0,1,0,0,9,0,3858,0,0,0,0,0,0,0,0,0,1,0,0,0
2466.55,0,0,0,0,0,0,1.53964,0.00593796,1.54091,39,0,29,24,30,0,-2,0,0,1,56,3806,3806,0,141,35,614,35289,35126,109,2,65,98,0,0,0,0,0,1,1,2,0,0,3865,0,0,0,0,0,0,0,0,0,-1,0,0,0
2466.56,0,0,0,0,0,0,1.53958,0.00594863,1.5408,39,0,29,24,30,0,-2,0,0,1,56,3806,3806,0,141,35,614,35289,35126,109,2,65,98,0,0,0,0,0,1,1,2,0,0,3865,0,0,0,0,0,0,0,0,0,-1,0,0,0
2466.57,0,0,0,0,0,0,1.53952,0.0059593,1.54069,39,0,29,24,30,0,-2,0,0,1,56,3806,3806,0,141,35,614,35289,35126,109,2,65,98,0,0,0,0,0,1,0,0,5,0,3858,0,0,0,0,0,0,0,0,0,0,0,0,0
2466.58,0,0,0,0,0,0,1.53946,0.00596997,1.54058,39,0,29,24,30,0,-2,0,0,1,56,3806,3806,0,141,35,614,35289,35126,109,2,65,98,0,0,0,0,0,1,0,0,15,0,3854,0,0,0,0,0,0,0,0,0,-1,0,0,0
2466.59,0,0,0,0,0,0,1.5394,0.00598064,1.54047,39,0,29,24,30,0,-2,0,0,1,56,3806,3806,0,141,35,614,35289,35126,109,2,65,98,0,0,0,0,0,1,0,0,7,0,3867,0,0,0,0,0,0,0,0,0,2,0,0,0
2466.6,0,0,0,0,0,0,1.53935,0.00599131,1.54036,39,0,29,24,30,0,-2,0,0,1,56,3806,3806,0,141,35,614,35289,35126,108,2,65,98,0,0,0,0,0,1,9,8,17,0,3865,0,0,0,0,0,0,0,0,0,1,0,0,0
2466.61,0,0,0,0,0,0,1.53956,0.00600064,1.54034,39,0,29,24,30,0,-2,0,0,1,56,3806,3806,0,141,35,614,35289,35126,108,2,65,98,0,0,0,0,0,1,0,0,17,0,3856,0,0,0,0,0,0,0,0,0,1,0,0,0
2466.62,0,0,0,0,0,0,1.53977,0.00600998,1.54033,39,0,29,24,30,0,-2,0,0,1,56,3806,3806,0,141,35,614,35289,35126,108,2,65,98,0,0,0,0,0,1,0,0,17,0,3856,0,0,0,0,0,0,0,0,0,1,0,0,0
2466.63,0,0,0,0,0,0,1.53999,0.00601932,1.54032,39,0,29,24,30,0,-2,0,0,1,56,3806,3806,0,141,35,614,35289,35126,108,2,65,98,0,0,0,0,0,1,0,0,11,0,3858,0,0,0,0,0,0,0,0,0,1,0,0,0
2466.64,0,0,0,0,0,0,1.5402,0.00602866,1.54031,39,0,29,24,30,0,-2,0,0,1,56,3806,3806,0,141,35,614,35289,35126,108,2,65,98,0,0,0,0,0,1,9,6,3,0,3861,0,0,0,0,0,0,0,0,0,0,0,0,0
2466.65,0,0,0,0,0,0,1.54042,0.00603799,1.5403,39,0,29,24,30,0,-2,0,0,1,56,3806,3806,0,141,35,614,35289,35126,108,2,65,98,0,0,0,0,0,1,5,2,1,0,3861,0,0,0,0,0,0,0,0,0,-1,0,0,0
2466.66,0,0,0,0,0,0,1.54063,0.00604733,1.54029,39,0,29,24,30,0,-2,0,0,1,56,3806,3806,0,141,35,614,35289,35126,108,2,65,98,0,0,0,0,0,1,0,0,0,0,3861,0,0,0,0,0,0,0,0,0,0,0,0,0
2466.67,0,0,0,0,0,0,1.54085,0.00605667,1.54028,39,0,29,24,30,0,-2,0,0,1,56,3806,3806,0,141,35,614,35289,35126,108,2,65,98,0,0,0,0,0,1,0,0,1,0,3867,0,0,0,0,0,0,0,0,0,0,0,0,0
2466.68,0,0,0,0,0,0,1.54106,0.00606601,1.54027,39,0,29,24,30,0,-2,0,0,1,56,3806,3806,0,141,35,614,35289,35126,108,2,65,98,0,0,0,0,0,1,0,0,1,0,3867,0,0,0,0,0,0,0,0,0,0,0,0,0
2466.69,0,0,0,0,0,0,1.54127,0.00607534,1.54026,39,0,29,24,30,0,-2,0,0,1,56,3806,3806,0,141,35,614,35289,35126,108,2,65,98,0,0,0,0,0,1,1,0,11,0,3858,0,0,0,0,0,0,0,0,0,0,0,0,0
2466.7,0,0,0,0,0,0,1.54149,0.00608468,1.54025,39,0,29,24,30,0,-2,0,0,1,56,3806,3806,0,141,35,614,35290,35126,108,2,65,98,0,0,0,0,0,1,15,14,23,0,3867,0,0,0,0,0,0,0,0,0,3,0,0,0
2466.71,0,0,0,0,0,0,1.54103,0.00608423,1.54034,39,0,29,24,30,0,-2,0,0,1,56,3806,3806,0,141,35,614,35290,35126,108,2,65,98,0,0,0,0,0,1,7,8,15,0,3863,0,0,0,0,0,0,0,0,0,2,0,0,0
2466.72,0,0,0,0,0,0,1.54057,0.00608377,1.54043,39,0,29,24,30,0,-2,0,0,1,56,3806,3806,0,141,35,614,35290,35126,108,2,65,98,0,0,0,0,0,1,5,8,11,0,3865,0,0,0,0,0,0,0,0,0,2,0,0,0
2466.73,0,0,0,0,0,0,1.54011,0.00608332,1.54052,39,0,29,24,30,0,-2,0,0,1,56,3806,3806,0,141,35,614,35290,35126,108,2,65,98,0,0,0,0,0,1,13,12,19,0,3856,0,0,0,0,0,0,0,0,0,2,0,0,0
2466.74,0,0,0,0,0,0,1.53966,0.00608286,1.54062,39,0,29,24,30,0,-2,0,0,1,56,3806,3806,0,141,35,614,35290,35126,108,2,65,98,0,0,0,0,0,1,13,12,19,0,3856,0,0,0,0,0,0,0,0,0,2,0,0,0
2466.75,0,0,0,0,0,0,1.5392,0.00608241,1.54071,39,0,29,24,30,0,-2,0,0,1,56,3806,3806,0,141,35,614,35290,35126,108,2,65,98,0,0,0,0,0,1,0,0,3,0,3858,0,0,0,0,0,0,0,0,0,-1,0,0,0
2466.76,0,0,0,0,0,0,1.53874,0.00608195,1.5408,39,0,29,24,30,0,-2,0,0,1,56,3806,3806,0,141,35,614,35290,35126,108,2,65,98,0,0,0,0,0,1,0,0,3,0,3869,0,0,0,0,0,0,0,0,0,0,0,0,0
2466.77,0,0,0,0,0,0,1.53828,0.0060815,1.54089,39,0,29,24,30,0,-2,0,0,1,56,3806,3806,0,141,35,614,35290,35126,108,2,65,98,0,0,0,0,0,1,1,0,11,0,3856,0,0,0,0,0,0,0,0,0,0,0,0,0
2466.78,0,0,0,0,0,0,1.53782,0.00608104,1.54099,39,0,29,24,30,0,-2,0,0,1,56,3806,3806,0,141,35,614,35290,35126,108,2,65,98,0,0,0,0,0,1,3,0,7,0,3858,0,0,0,0,0,0,0,0,0,-1,0,0,0
2466.79,0,0,0,0,0,0,1.53736,0.00608059,1.54108,39,0,29,24,30,0,-2,0,0,1,56,3806,3806,0,141,35,614,35290,35126,108,2,65,98,0,0,0,0,0,1,1,0,3,0,3865,0,0,0,0,0,0,0,0,0,0,0,0,0
2466.8,0,0,0,0,0,0,1.53691,0.00608013,1.54117,39,0,29,24,30,0,-2,0,0,1,56,3806,3806,0,141,35,614,35290,35127,108,2,65,98,0,0,0,0,0,1,1,0,3,0,3865,0,0,0,0,0,0,0,0,0,0,0,0,0
2466.81,0,0,0,0,0,0,1.53721,0.006071,1.54127,39,0,29,24,30,0,-2,0,0,1.2,56,3806,3806,0,141,35,614,35290,35127,108,2,65,98,0,0,0,0,0,1,7,6,0,0,3861,0,0,0,0,0,0,0,0,0,-2,0,0,0
2466.82,0,0,0,0,0,0,1.53752,0.00606188,1.54136,39,0,29,24,30,0,-2,0,0,1.4,56,3806,3806,0,141,35,614,35290,35127,108,2,65,98,0,0,0,0,0,1,0,0,3,0,3861,0,0,0,0,0,0,0,0,0,-2,0,0,0
2466.83,0,0,0,0,0,0,1.53783,0.00605275,1.54146,39,0,29,24,30,0,-2,0,0,1.6,56,3806,3806,0,141,35,614,35290,35127,108,2,65,98,0,0,0,0,0,1,0,0,1,0,3863,0,0,0,0,0,0,0,0,0,0,0,0,0
2466.84,0,0,0,0,0,0,1.53814,0.00604363,1.54155,39,0,29,24,30,0,-2,0,0,1.8,56,3806,3806,0,141,35,614,35290,35127,108,2,65,98,0,0,0,0,0,1,0,0,1,0,3867,0,0,0,0,0,0,0,0,0,-2,0,0,0
2466.85,0,0,0,0,1,0,1.53845,0.0060345,1.54165,39,0,29,24,30,0,-2,0,0,2,56,3806,3806,0,141,35,614,35290,35127,108,2,65,98,0,0,0,0,0,1,0,0,1,0,3856,0,0,0,0,0,0,0,0,0,-1,0,0,0
2466.86,0,0,0,0,2,0,1.53876,0.00602538,1.54174,39,0,29,24,30,0,-2,0,0,2.2,56,3806,3806,0,141,35,614,35290,35127,108,2,65,98,0,0,0,0,0,1,0,0,1,0,3856,0,0,0,0,0,0,0,0,0,-1,0,0,0
2466.87,0,0,0,0,4,0,1.53906,0.00601625,1.54183,39,0,29,24,30,0,-2,0,0,2.4,56,3806,3806,0,141,35,614,35290,35127,108,2,65,98,0,0,0,0,0,1,0,0,0,0,3861,0,0,0,0,0,0,0,0,0,-1,0,0,0
2466.88,0,0,0,0,5,0,1.53937,0.00600713,1.54193,39,0,29,24,30,0,-2,0,0,2.6,56,3806,3806,0,141,35,614,35290,35127,108,2,65,98,0,0,0,0,0,1,3,0,9,0,3865,0,0,0,0,0,0,0,0,0,-1,0,0,0
2466.89,0,0,0,0,7,0,1.53968,0.005998,1.54202,39,0,29,24,30,0,-2,0,0,2.8,56,3806,3806,0,141,35,614,35290,35127,108,2,65,98,0,0,0,0,0,1,3,0,11,0,3861,0,0,0,0,0,0,0,0,0,0,0,0,2
2466.9,0,0,0,0,8,0,1.53999,0.00598888,1.54212,39,0,29,24,30,0,-2,0,0,3,56,3806,3806,0,141,35,614,35290,35129,108,2,68,98,0,0,0,0,0,1,0,0,5,0,3865,0,0,0,0,0,0,0,0,19,-1,0,0,3
2466.91,0,0,0,0,10,0,1.54046,0.00583666,1.54228,39,0,29,24,30,0,-2,0,0,3,56,3806,3806,0,141,35,614,35290,35129,108,2,68,98,0,0,0,0,0,1,5,0,9,0,3856,0,0,0,0,0,0,0,0,29,-1,0,0,3
2466.92,0,0,0,0,12,0,1.54093,0.00568444,1.54244,39,0,29,24,30,0,-2,0,0,3,56,3806,3806,0,141,35,614,35290,35129,108,2,68,98,0,0,0,0,0,1,5,0,9,0,3856,0,0,0,0,0,0,0,0,29,-1,0,0,4
2466.93,0,0,0,0,14,0,1.5414,0.00553222,1.5426,39,0,29,24,30,0,-2,0,0,3,56,3806,3806,0,141,35,614,35290,35129,108,2,68,98,0,0,0,0,0,1,0,0,0,0,3863,0,0,0,0,0,0,0,0,29,-5,0,0,5
2466.94,0,0,0,0,16,0,1.54188,0.00538,1.54276,39,0,29,24,30,0,-2,0,0,3,56,3806,3806,0,141,35,614,35290,35129,108,2,68,98,0,0,0,0,0,1,3,0,9,0,3863,0,0,0,0,0,0,0,0,39,-4,0,0,5
2466.95,0,0,0,0,18,1,1.54235,0.00522778,1.54292,39,0,29,24,30,0,-2,0,0,3,56,3806,3806,0,141,35,614,35290,35129,108,2,68,98,0,0,0,0,0,1,5,0,3,0,3856,0,0,0,0,0,0,0,0,49,-7,0,0,6
2466.96,0,0,0,0,20,1,1.54282,0.00507556,1.54308,39,0,29,24,30,0,-2,0,0,3,56,3806,3806,0,141,35,614,35290,35129,108,2,68,98,0,0,0,0,0,1,5,0,5,0,3861,0,0,0,0,0,0,0,0,59,-4,0,0,7
2466.97,0,0,0,0,22,1,1.54329,0.00492334,1.54325,39,0,29,24,30,0,-2,0,0,3,56,3806,3806,0,141,35,614,35290,35129,108,2,68,98,0,0,0,0,0,1,7,0,1,0,3861,0,0,0,0,0,0,0,0,69,-8,0,0,7
2466.98,0,0,0,0,24,1,1.54376,0.00477112,1.54341,39,0,29,24,30,0,-2,0,0,3,56,3806,3806,0,141,35,614,35290,35129,108,2,68,98,0,0,0,0,0,1,7,0,1,0,3861,0,0,0,0,0,0,0,0,69,-8,0,0,8
2466.99,0,0,0,0,27,0,1.54423,0.0046189,1.54357,39,0,29,24,30,0,-2,0,0,3,56,3806,3806,0,141,35,614,35290,35129,108,2,68,98,0,0,0,0,0,1,5,0,3,0,3856,0,0,0,0,0,0,0,0,69,-10,0,0,9
2467,0,0,0,0,29,0,1.5447,0.00446668,1.54373,39,0,29,24,30,0,-2,0,0,3,55,3806,3806,0,141,35,614,35291,35127,108,2,65,98,0,0,0,0,0,1,9,0,7,0,3863,0,0,0,0,0,0,0,0,80,-12,0,0,10
2467.01,0,0,0,0,31,1,1.54409,0.00436014,1.54341,39,0,29,24,30,0,-2,0,0,2.9,55,3806,3806,0,141,35,614,35291,35127,108,2,65,98,0,0,0,0,0,1,19,0,19,0,3861,0,0,0,0,0,0,0,0,100,-16,0,0,10
2467.02,0,0,0,0,33,2,1.54347,0.00425359,1.5431,39,0,29,24,30,0,-2,0,0,2.8,55,3806,3806,0,141,35,614,35291,35127,108,2,65,98,0,0,0,0,0,1,19,0,19,0,3856,0,0,0,0,0,0,0,0,100,-23,0,0,11
2467.03,0,0,0,0,35,2,1.54285,0.00414704,1.54278,39,0,29,24,30,0,-2,0,0,2.7,55,3806,3806,0,141,35,614,35291,35127,108,2,65,98,0,0,0,0,0,1,38,0,24,1,3854,0,0,0,0,0,0,0,0,110,-34,0,0,12
2467.04,0,0,0,0,38,4,1.54223,0.00404049,1.54247,39,0,29,24,30,0,-2,0,0,2.6,55,3806,3806,0,141,35,614,35291,35127,108,2,65,98,0,0,0,0,0,1,38,0,24,1,3854,0,0,0,0,0,0,0,0,110,-34,0,0,13
2467.05,0,0,0,0,39,10,1.54162,0.00393394,1.54215,39,0,29,24,30,0,-2,0,0,2.5,55,3806,3806,0,141,35,614,35291,35127,108,2,65,98,0,0,0,0,0,1,38,0,30,2,3854,0,0,0,0,0,0,0,0,120,-45,0,0,13
2467.06,0,0,0,0,41,22,1.541,0.0038274,1.54184,39,0,29,24,30,0,-2,0,0,2.4,55,3806,3806,0,141,35,614,35291,35127,108,2,65,98,0,0,0,0,0,1,21,0,150,6,3858,0,0,0,0,0,0,0,0,130,-85,0,0,14
2467.07,0,0,0,0,43,48,1.54038,0.00372085,1.54152,39,0,29,24,30,0,-2,0,0,2.3,55,3806,3806,0,141,35,614,35291,35127,108,2,65,98,0,0,0,0,0,1,3,0,142,7,3861,0,0,0,0,0,0,0,0,140,-76,0,0,14
2467.08,0,0,0,0,45,63,1.53976,0.0036143,1.54121,39,0,29,24,30,0,-2,0,0,2.2,55,3806,3806,0,141,35,614,35291,35127,108,2,65,98,0,0,0,0,0,1,0,22,229,11,3854,0,0,0,0,0,0,0,0,140,-145,0,0,15
2467.09,0,0,0,0,47,63,1.53914,0.00350775,1.54089,39,0,29,24,30,0,-2,0,0,2.1,55,3806,3806,0,141,35,614,35291,35127,108,2,65,98,0,0,0,0,0,1,0,233,15,10,3850,0,0,0,0,0,0,0,0,150,-156,0,0,16
2467.1,0,0,0,0,49,59,1.53853,0.0034012,1.54058,39,0,29,24,30,0,-2,0,0,2,56,3806,3806,0,141,35,614,35290,35128,109,2,65,98,0,0,0,0,0,1,0,233,15,10,3850,0,0,0,0,0,0,0,0,150,-156,0,0,16
2467.11,0,0,0,0,50,41,1.53833,0.00336522,1.54066,39,0,29,24,30,0,-2,0,0,2,56,3806,3806,0,141,35,614,35290,35128,109,2,65,98,0,0,0,0,0,1,0,278,5,15,3852,0,0,0,0,0,0,0,0,159,-179,0,0,17
2467.12,0,0,0,0,52,21,1.53812,0.00332924,1.54074,39,0,29,24,30,0,-2,0,0,2,56,3806,3806,0,141,35,614,35290,35128,109,2,65,98,0,0,0,0,0,1,0,287,0,11,3858,0,0,0,0,0,0,0,0,159,-167,0,0,17
2467.13,0,0,0,0,53,13,1.53792,0.00329326,1.54082,39,0,29,24,30,0,-2,0,0,2,56,3806,3806,0,141,35,614,35290,35128,109,2,65,98,0,0,0,0,0,1,0,235,0,10,3861,0,0,0,0,0,0,0,0,169,-159,0,0,18
2467.14,0,0,0,0,55,39,1.53772,0.00325727,1.5409,39,0,29,24,30,0,-2,0,0,2,56,3806,3806,0,141,35,614,35290,35128,109,2,65,98,0,0,0,0,0,1,5,225,0,10,3861,0,0,0,0,0,0,0,0,179,-150,0,0,18
2467.15,0,0,0,0,57,39,1.53752,0.00322129,1.54098,39,0,29,24,30,0,-2,0,0,2,56,3806,3806,0,141,35,614,35290,35128,109,2,65,98,0,0,0,0,0,1,220,0,0,10,3861,0,0,0,0,0,0,0,0,179,-172,0,0,19
2467.16,0,0,0,0,58,70,1.53732,0.00318531,1.54106,39,0,29,24,30,0,-2,0,0,2,56,3806,3806,0,141,35,614,35290,35128,109,2,65,98,0,0,0,0,0,1,220,0,0,10,3861,0,0,0,0,0,0,0,0,179,-172,0,0,19
2467.17,0,0,0,0,60,87,1.53712,0.00314933,1.54115,39,0,29,24,30,0,-2,0,0,2,56,3806,3806,0,141,35,614,35290,35128,109,2,65,98,0,0,0,0,0,1,251,0,11,10,3856,0,0,0,0,0,0,0,0,189,-172,0,0,20
2467.18,0,0,0,0,62,87,1.53692,0.00311335,1.54123,39,0,29,24,30,0,-2,0,0,2,56,3806,3806,0,141,35,614,35290,35128,109,2,65,98,0,0,0,0,0,1,3,0,287,13,3856,0,0,0,0,0,0,0,0,189,-189,0,0,21
2467.19,0,0,0,0,63,84,1.53672,0.00307736,1.54131,39,0,29,24,30,0,-2,0,0,2,56,3806,3806,0,141,35,614,35290,35128,109,2,65,98,0,0,0,0,0,1,0,6,355,16,3858,0,0,0,0,0,0,0,0,209,-248,0,0,21
2467.2,0,0,0,0,65,94,1.53652,0.00304138,1.54139,39,0,29,24,30,0,-2,0,0,2,56,3806,3806,0,141,35,614,35290,35129,108,2,65,98,0,0,0,0,0,1,0,260,0,12,3858,0,0,0,0,0,0,0,0,209,-175,0,0,22
2467.21,0,0,0,0,66,99,1.53688,0.00302567,1.54151,39,0,29,24,30,0,-2,0,0,1.9,56,3806,3806,0,141,35,614,35290,35129,108,2,65,98,0,0,0,0,0,1,23,157,0,9,3852,0,0,0,0,0,0,0,0,219,-108,0,0,22
2467.22,0,0,0,0,68,99,1.53725,0.00300997,1.54163,39,0,29,24,30,0,-2,0,0,1.8,56,3806,3806,0,141,35,614,35290,35129,108,2,65,98,0,0,0,0,0,1,23,157,0,9,3852,0,0,0,0,0,0,0,0,219,-108,0,0,23
2467.23,0,0,0,0,70,106,1.53761,0.00299426,1.54175,39,0,29,24,30,0,-2,0,0,1.7,56,3806,3806,0,141,35,614,35290,35129,108,2,65,98,0,0,0,0,0,1,169,0,0,7,3858,0,0,0,0,0,0,0,0,219,-111,0,0,23
2467.24,0,0,0,0,71,113,1.53798,0.00297855,1.54187,39,0,29,24,30,0,-2,0,0,1.6,56,3806,3806,0,141,35,614,35290,35129,108,2,65,98,0,0,0,0,0,1,0,0,257,10,3856,0,0,0,0,0,0,0,0,229,-182,0,0,24
2467.25,0,0,0,0,73,121,1.53835,0.00296285,1.54199,39,0,29,24,30,0,-2,0,0,1.5,56,3806,3806,0,141,35,614,35290,35129,108,2,65,98,0,0,0,0,0,1,0,75,83,8,3861,0,0,0,0,0,0,0,0,240,-84,0,0,24
2467.26,0,0,0,0,74,129,1.53871,0.00294714,1.54211,39,0,29,24,30,0,-2,0,0,1.4,56,3806,3806,0,141,35,614,35290,35129,108,2,65,98,0,0,0,0,0,1,11,229,0,9,3858,0,0,0,0,0,0,0,0,240,-159,0,0,25
2467.27,0,0,0,0,75,129,1.53908,0.00293143,1.54223,39,0,29,24,30,0,-2,0,0,1.3,56,3806,3806,0,141,35,614,35290,35129,108,2,65,98,0,0,0,0,0,1,150,0,0,7,3863,0,0,0,0,0,0,0,0,250,-96,0,0,25
2467.28,0,0,0,0,77,136,1.53945,0.00291572,1.54235,39,0,29,24,30,0,-2,0,0,1.2,56,3806,3806,0,141,35,614,35290,35129,108,2,65,98,0,0,0,0,0,1,150,0,0,7,3863,0,0,0,0,0,0,0,0,250,-96,0,0,26
2467.29,0,0,0,0,78,144,1.53981,0.00290002,1.54247,39,0,29,24,30,0,-2,0,0,1.1,56,3806,3806,0,141,35,614,35290,35129,108,2,65,98,0,0,0,0,0,1,0,0,158,9,3858,0,0,0,0,0,0,0,0,250,-96,0,0,26
2467.3,0,0,0,0,80,151,1.54018,0.00288431,1.54259,39,0,29,24,31,0,-2,0,0,1,56,3806,3806,0,141,35,614,35291,35129,108,2,65,98,0,0,0,0,0,1,0,194,1,9,3861,0,0,0,0,0,0,0,0,260,-126,0,0,27
2467.31,0,0,0,0,81,158,1.54012,0.00289024,1.54282,39,0,29,24,31,0,-2,0,0,1,56,3806,3806,0,141,35,614,35291,35129,108,2,65,98,0,0,0,0,0,1,246,2,0,10,3858,0,0,0,0,0,0,0,0,270,-165,0,0,27
2467.32,0,0,0,0,83,166,1.54006,0.00289618,1.54305,39,0,29,24,31,0,-2,0,0,1,56,3806,3806,0,141,35,614,35291,35129,108,2,65,98,0,0,0,0,0,1,5,0,246,10,3856,0,0,0,0,0,0,0,0,270,-150,0,0,28
2467.33,0,0,0,0,84,166,1.54001,0.00290211,1.54328,39,0,29,24,31,0,-2,0,0,1,56,3806,3806,0,141,35,614,35291,35129,108,2,65,98,0,0,0,0,0,1,0,233,13,10,3861,0,0,0,0,0,0,0,0,280,-151,0,0,28
2467.34,0,0,0,0,85,172,1.53995,0.00290805,1.54352,39,0,29,24,31,0,-2,0,0,1,56,3806,3806,0,141,35,614,35291,35129,108,2,65,98,0,0,0,0,0,1,0,233,13,10,3861,0,0,0,0,0,0,0,0,280,-151,0,0,28
2467.35,0,0,0,0,87,175,1.53989,0.00291398,1.54375,39,0,29,24,31,0,-2,0,0,1,56,3806,3806,0,141,35,614,35291,35129,108,2,65,98,0,0,0,0,0,1,265,0,0,13,3858,0,0,0,0,0,0,0,0,280,-171,0,0,29
2467.36,0,0,0,0,88,185,1.53983,0.00291992,1.54398,39,0,29,24,31,0,-2,0,0,1,56,3806,3806,1,141,35,614,35291,35129,108,2,65,98,3806,0,0,0,0,1,0,0,146,10,3856,0,0,0,0,0,0,0,0,280,-106,0,0,29
2467.37,0,0,0,0,90,185,1.53977,0.00292585,1.54421,39,0,29,24,31,0,-2,0,0,1,56,3806,3806,2,141,35,614,35291,35129,108,2,65,98,7612,0,0,0,0,1,0,231,0,11,3856,0,0,0,0,0,0,0,0,290,-144,0,0,30
2467.38,0,0,0,0,91,200,1.53972,0.00293179,1.54445,39,0,29,24,31,0,-2,0,0,1,56,3806,3806,4,141,35,614,35291,35129,108,2,65,98,15224,0,0,0,0,1,235,0,11,12,3861,0,0,0,0,0,0,0,0,300,-154,0,0,30
2467.39,0,0,0,0,93,200,1.53966,0.00293772,1.54468,39,0,29,24,31,0,-2,0,0,1,56,3806,3806,4,141,35,614,35291,35129,108,2,65,98,15224,0,0,0,0,1,0,175,13,10,3854,0,0,0,0,0,0,0,0,300,-109,0,0,30
2467.4,0,0,0,0,94,209,1.5396,0.00294365,1.54491,39,0,29,24,30,0,-2,0,0,1,56,3805,3806,3,142,35,614,35279,35112,108,2,65,98,11415,0,0,0,0,1,0,175,13,10,3854,0,0,0,0,0,0,0,0,300,-109,0,0,30
2467.41,0,0,0,0,95,213,1.53931,0.00294213,1.54456,39,0,29,24,30,0,-2,0,0,0.9,56,3805,3806,7,142,35,614,35279,35112,108,2,65,98,26635,0,0,0,0,1,310,5,0,16,3850,0,0,0,0,0,0,0,0,300,-206,0,0,30
2467.42,0,0,0,0,97,227,1.53901,0.0029406,1.5442,39,0,29,24,30,0,-2,0,0,0.8,56,3805,3806,7,142,35,614,35279,35112,108,2,65,98,26635,0,0,0,0,1,0,0,202,11,3863,0,0,0,0,0,0,0,0,300,-153,0,0,30
2467.43,0,0,0,0,98,226,1.53871,0.00293907,1.54385,39,0,29,24,30,0,-2,0,0,0.7,56,3805,3806,7,142,35,614,35279,35112,108,2,65,98,26635,0,0,0,0,1,214,43,0,16,3852,0,0,0,0,0,0,0,0,300,-157,0,0,30
2467.44,0,0,0,0,99,247,1.53841,0.00293755,1.5435,39,0,29,24,30,0,-2,0,0,0.6,56,3805,3806,5,142,35,614,35279,35112,108,2,65,98,19025,0,0,0,0,1,0,0,191,10,3858,0,0,0,0,0,0,0,0,300,-101,0,0,30
2467.45,0,0,0,0,99,247,1.53812,0.00293602,1.54314,39,0,29,24,30,0,-2,0,0,0.5,56,3805,3806,5,142,35,614,35279,35112,108,2,65,98,19025,0,0,0,0,1,161,108,0,16,3843,0,0,0,0,0,0,0,0,300,-159,0,0,30
2467.46,0,0,0,0,99,246,1.53782,0.00293449,1.54279,39,0,29,24,30,0,-2,0,0,0.4,56,3805,3806,5,142,35,614,35279,35112,108,2,65,98,19025,0,0,0,0,1,161,108,0,16,3843,0,0,0,0,0,0,0,0,300,-159,0,0,30
2467.47,0,0,0,0,99,262,1.53752,0.00293296,1.54244,39,0,29,24,30,0,-2,0,0,0.3,56,3805,3806,5,142,35,614,35279,35112,108,2,65,98,19025,0,0,0,0,1,0,0,173,13,3856,0,0,0,0,0,0,0,0,300,-141,0,0,30
2467.48,0,0,0,0,100,259,1.53723,0.00293144,1.54208,39,0,29,24,30,0,-2,0,0,0.2,56,3805,3806,8,142,35,614,35279,35112,108,2,65,98,30440,0,0,0,0,1,304,0,0,18,3850,0,0,0,0,0,0,0,0,300,-201,0,0,30
2467.49,0,0,0,0,99,279,1.53693,0.00292991,1.54173,39,0,29,24,30,0,-2,0,0,0.1,56,3805,3806,8,142,35,614,35279,35112,108,2,65,98,30440,0,0,0,0,1,0,18,259,14,3854,0,0,0,0,0,0,0,0,300,-158,0,0,30
2467.5,0,0,0,0,99,277,1.53663,0.00292838,1.54138,39,0,29,24,30,0,-2,0,0,0,56,3805,3806,6,142,35,614,35277,35109,108,2,65,98,22830,0,0,0,0,1,306,0,0,19,3852,0,0,0,0,0,0,0,0,300,-180,0,0,30
2467.51,0,0,0,0,99,277,1.53679,0.00292217,1.54146,39,0,29,24,30,0,-2,0,0,0.1,56,3805,3806,6,142,35,614,35277,35109,108,2,65,98,22830,0,0,0,0,1,0,225,5,13,3854,0,0,0,0,0,0,0,0,300,-147,0,0,30
2467.52,0,0,0,0,100,292,1.53694,0.00291595,1.54155,39,0,29,24,30,0,-2,0,0,0.2,56,3803,3806,8,142,35,614,35277,35109,108,2,65,98,30424,0,0,0,0,1,0,225,5,13,3854,0,0,0,0,0,0,0,0,300,-147,0,0,30
2467.53,0,0,0,0,99,294,1.53709,0.00290974,1.54163,39,0,29,24,30,0,-2,0,0,0.3,56,3803,3806,6,142,35,614,35277,35109,108,2,65,98,22818,0,0,0,0,1,156,0,120,16,3856,0,0,0,0,0,0,0,0,300,-166,0,0,30
2467.54,0,0,0,0,100,304,1.53725,0.00290352,1.54172,39,0,29,24,30,0,-2,0,0,0.4,56,3803,3806,6,142,35,614,35277,35109,108,2,65,98,22818,0,0,0,0,1,9,225,0,13,3856,0,0,0,0,0,0,0,0,300,-141,0,0,30
2467.55,0,0,0,0,100,307,1.5374,0.00289731,1.5418,39,0,29,24,30,0,-2,0,0,0.5,56,3803,3806,6,142,35,614,35277,35109,108,2,65,98,22818,0,0,0,0,1,0,0,240,15,3846,0,0,0,0,0,0,0,0,300,-160,0,0,30
2467.56,0,0,0,0,100,317,1.53756,0.00289109,1.54189,39,0,29,24,30,0,-2,0,0,0.6,56,3803,3807,8,142,35,614,35277,35109,108,2,65,98,30424,0,0,0,0,1,153,0,0,13,3856,0,0,0,0,0,0,0,0,300,-99,0,0,30
2467.57,0,0,0,0,100,328,1.53771,0.00288488,1.54198,39,0,29,24,30,0,-2,0,0,0.7,56,3804,3807,8,142,35,614,35277,35109,108,2,65,98,30432,0,0,0,0,1,0,155,0,13,3861,0,0,0,0,0,0,0,0,300,-92,0,0,30
2467.58,0,0,0,0,100,328,1.53787,0.00287866,1.54206,39,0,29,24,30,0,-2,0,0,0.8,56,3804,3807,7,142,35,614,35277,35109,108,2,65,98,26628,0,0,0,0,1,0,155,0,13,3861,0,0,0,0,0,0,0,0,300,-92,0,0,30
2467.59,0,0,0,0,100,337,1.53802,0.00287245,1.54215,39,0,29,24,30,0,-2,0,0,0.9,56,3804,3807,7,142,35,614,35277,35109,108,2,65,98,26628,0,0,0,0,1,0,0,158,13,3856,0,0,0,0,0,0,0,0,300,-108,0,0,30
2467.6,0,0,0,0,100,343,1.53817,0.00286624,1.54223,39,0,29,24,30,0,-2,0,0,1,56,3804,3807,6,142,35,614,35277,35106,108,2,65,98,22824,0,0,0,0,1,177,0,1,13,3854,0,0,0,0,0,0,0,0,300,-124,0,0,30
2467.61,0,0,0,0,100,351,1.53794,0.00285908,1.54229,39,0,29,24,30,0,-2,0,0,1,56,3804,3807,8,142,35,614,35277,35106,108,2,65,98,30432,0,0,0,0,1,1,204,0,14,3854,0,0,0,0,0,0,0,0,300,-138,0,0,30
2467.62,0,0,0,0,100,357,1.5377,0.00285192,1.54235,39,0,29,24,30,0,-2,0,0,1,56,3804,3807,10,142,35,614,35277,35106,108,2,65,98,38040,0,0,0,0,1,0,0,240,20,3848,0,0,0,0,0,0,0,0,300,-193,0,0,30
2467.63,0,0,0,0,99,362,1.53746,0.00284477,1.54241,39,0,29,24,30,0,-2,0,0,1,56,3804,3807,10,142,35,614,35277,35106,108,2,65,98,38040,0,0,0,0,1,87,0,132,15,3856,0,0,0,0,0,0,0,0,300,-111,0,0,30
2467.64,0,0,0,0,100,362,1.53722,0.00283761,1.54247,39,0,29,24,30,0,-2,0,0,1,56,3804,3808,11,142,35,614,35277,35106,108,2,65,98,41844,0,0,0,0,1,87,0,132,15,3856,0,0,0,0,0,0,0,0,300,-111,0,0,30
2467.65,0,0,0,0,100,364,1.53698,0.00283045,1.54253,39,0,29,24,30,0,-2,0,0,1,56,3804,3808,7,142,35,614,35277,35106,108,2,65,98,26628,0,0,0,0,1,241,0,0,17,3841,0,0,0,0,0,0,0,0,300,-162,0,0,30
2467.66,0,0,0,0,100,375,1.53674,0.0028233,1.54259,39,0,29,24,30,0,-2,0,0,1,56,3804,3808,13,142,35,614,35277,35106,108,2,65,98,49452,0,0,0,0,1,0,190,0,16,3856,0,0,0,0,0,0,0,0,300,-113,0,0,30
2467.67,0,0,0,0,99,381,1.53651,0.00281614,1.54265,39,0,29,24,30,0,-2,0,0,1,56,3804,3808,13,142,35,614,35277,35106,108,2,65,98,49452,0,0,0,0,1,0,14,240,16,3856,0,0,0,0,0,0,0,0,300,-167,0,0,30
2467.68,0,0,0,0,99,386,1.53627,0.00280899,1.54271,39,0,29,24,30,0,-2,0,0,1,56,3803,3808,11,142,35,614,35277,35106,108,2,65,98,41833,0,0,0,0,1,36,0,153,18,3848,0,0,0,0,0,0,0,0,300,-139,0,0,30
2467.69,0,0,0,0,99,394,1.53603,0.00280183,1.54277,39,0,29,24,30,0,-2,0,0,1,56,3803,3808,15,142,35,614,35277,35106,108,2,65,98,57045,0,0,0,0,1,199,0,0,15,3850,0,0,0,0,0,0,0,0,300,-122,0,0,30
2467.7,0,0,0,0,99,394,1.53579,0.00279467,1.54283,39,0,29,24,30,0,-2,0,0,1,56,3802,3808,8,142,35,614,35267,35096,108,2,68,98,30416,0,0,0,0,1,199,0,0,15,3850,0,0,0,0,0,0,0,0,300,-122,0,0,30
2467.71,0,0,0,0,100,398,1.53582,0.00279253,1.54257,39,0,29,24,30,0,-2,0,0,1,56,3802,3808,8,142,35,614,35267,35096,108,2,68,98,30416,0,0,0,0,1,5,217,0,17,3852,0,0,0,0,0,0,0,0,300,-148,0,0,30
2467.72,0,0,0,0,99,407,1.53586,0.00279038,1.54231,39,0,29,24,30,0,-2,0,0,1,56,3802,3808,12,142,35,614,35267,35096,108,2,68,98,45624,0,0,0,0,1,0,211,0,17,3854,0,0,0,0,0,0,0,0,300,-139,0,0,30
2467.73,0,0,0,0,100,414,1.53589,0.00278823,1.54205,39,0,29,24,30,0,-2,0,0,1,56,3803,3808,10,142,35,614,35267,35096,108,2,68,98,38030,0,0,0,0,1,0,6,235,17,3854,0,0,0,0,0,0,0,0,300,-153,0,0,30
2467.74,0,0,0,0,100,418,1.53592,0.00278609,1.54179,39,0,29,24,30,0,-2,0,0,1,56,3803,3808,13,142,35,614,35267,35096,108,2,68,98,49439,0,0,0,0,1,0,0,224,19,3846,0,0,0,0,0,0,0,0,300,-165,0,0,30
2467.75,0,0,0,0,99,426,1.53595,0.00278394,1.54153,39,0,29,24,30,0,-2,0,0,1,56,3803,3808,13,142,35,614,35267,35096,108,2,68,98,49439,0,0,0,0,1,197,0,11,16,3841,0,0,0,0,0,0,0,0,300,-138,0,0,30
2467.76,0,0,0,0,99,426,1.53599,0.0027818,1.54128,39,0,29,24,30,0,-2,0,0,1,56,3803,3808,14,142,35,614,35267,35096,108,2,68,98,53242,0,0,0,0,1,197,0,11,16,3841,0,0,0,0,0,0,0,0,300,-138,0,0,30
2467.77,0,0,0,0,99,430,1.53602,0.00277965,1.54102,39,0,29,24,30,0,-2,0,0,1,56,3803,3808,21,142,35,614,35267,35096,108,2,68,98,79863,0,0,0,0,1,229,0,0,18,3843,0,0,0,0,0,0,0,0,300,-146,0,0,30
2467.78,0,0,0,0,99,440,1.53605,0.0027775,1.54076,39,0,29,24,30,0,-2,0,0,1,56,3802,3808,16,142,35,614,35267,35096,108,2,68,98,60832,0,0,0,0,1,118,67,0,16,3854,0,0,0,0,0,0,0,0,300,-110,0,0,30
2467.79,0,0,0,0,100,445,1.53608,0.00277536,1.5405,39,0,29,24,30,0,-2,0,0,1,56,3802,3808,16,142,35,614,35267,35096,108,2,68,98,60832,0,0,0,0,1,0,205,0,18,3850,0,0,0,0,0,0,0,0,300,-150,0,0,30
2467.8,0,0,0,0,100,453,1.53612,0.00277321,1.54024,39,0,29,24,30,0,-2,0,0,1,56,3802,3808,13,142,35,614,35260,35079,108,2,65,98,49426,0,0,0,0,1,0,225,0,21,3848,0,0,0,0,0,0,0,0,300,-128,0,0,30
2467.81,0,0,0,0,100,453,1.53609,0.00278934,1.53998,39,0,29,24,30,0,-2,0,0,1,56,3802,3808,14,142,35,614,35260,35079,108,2,65,98,53228,0,0,0,0,1,0,227,7,19,3852,0,0,0,0,0,0,0,0,300,-145,0,0,30
2467.82,0,0,0,0,100,462,1.53606,0.00280547,1.53972,39,0,29,24,30,0,-2,0,0,1,56,3802,3808,23,142,35,614,35260,35079,108,2,65,98,87446,0,0,0,0,1,0,227,7,19,3852,0,0,0,0,0,0,0,0,300,-145,0,0,30
2467.83,0,0,0,0,99,465,1.53604,0.00282159,1.53946,39,0,29,24,30,0,-2,0,0,1,56,3802,3808,23,142,35,614,35260,35079,108,2,65,98,87446,0,0,0,0,1,0,102,183,29,3854,0,0,0,0,0,0,0,0,300,-182,0,0,30
2467.84,0,0,0,0,99,476,1.53601,0.00283772,1.53921,39,0,29,24,30,0,-2,0,0,1,56,3800,3808,21,142,35,614,35260,35079,108,2,65,98,79800,0,0,0,0,1,0,30,238,19,3854,0,0,0,0,0,0,0,0,300,-152,0,0,30
2467.85,0,0,0,0,100,475,1.53599,0.00285385,1.53895,39,0,29,24,30,0,-2,0,0,1,56,3800,3808,12,142,35,614,35260,35079,108,2,65,98,45600,0,0,0,0,1,0,0,302,32,3848,0,0,0,0,0,0,0,0,300,-235,0,0,30
2467.86,0,0,0,0,100,491,1.53596,0.00286997,1.53869,39,0,29,24,30,0,-2,0,0,1,56,3800,3808,15,142,35,614,35260,35079,108,2,65,98,57000,0,0,0,0,1,0,0,214,19,3856,0,0,0,0,0,0,0,0,300,-135,0,0,30
2467.87,0,0,0,0,100,491,1.53593,0.0028861,1.53843,39,0,29,24,30,0,-2,0,0,1,56,3800,3808,15,142,35,614,35260,35079,108,2,65,98,57000,0,0,0,0,1,0,0,335,31,3850,0,0,0,0,0,0,0,0,300,-182,0,0,30
2467.88,0,0,0,0,100,489,1.53591,0.00290223,1.53817,39,0,29,24,30,0,-2,0,0,1,56,3800,3808,13,142,35,614,35260,35079,108,2,65,98,49400,0,0,0,0,1,0,0,335,31,3850,0,0,0,0,0,0,0,0,300,-182,0,0,30
2467.89,0,0,0,0,100,506,1.53588,0.00291835,1.53791,39,0,29,24,30,0,-2,0,0,1,56,3800,3808,15,142,35,614,35260,35079,108,2,65,98,57000,0,0,0,0,1,0,0,194,20,3852,0,0,0,0,0,0,0,0,300,-122,0,0,30
2467.9,0,0,0,0,100,507,1.53586,0.00293448,1.53766,39,0,29,24,30,0,-2,0,0,1,57,3800,3808,15,142,35,614,35244,35062,108,2,68,98,57000,0,0,0,0,1,0,0,287,29,3848,0,0,0,0,0,0,0,0,300,-189,0,0,30
2467.91,0,0,0,0,100,521,1.53566,0.00293959,1.53741,39,0,29,24,30,0,-2,0,0,0.9,57,3800,3808,15,142,35,614,35244,35062,108,2,68,98,57000,0,0,0,0,1,0,22,240,22,3848,0,0,0,0,0,0,0,0,300,-146,0,0,30
2467.92,0,0,0,0,100,525,1.53546,0.00294469,1.53716,39,0,29,24,30,0,-2,0,0,0.8,57,3802,3808,16,142,35,614,35244,35062,108,2,68,98,60832,0,0,0,0,1,0,41,251,29,3850,0,0,0,0,0,0,0,0,300,-202,0,0,30
2467.93,0,0,0,0,99,525,1.53526,0.0029498,1.53691,39,0,29,24,30,0,-2,0,0,0.7,57,3802,3808,19,142,35,614,35244,35062,108,2,68,98,72238,0,0,0,0,1,0,235,50,28,3850,0,0,0,0,0,0,0,0,300,-153,0,0,30
2467.94,0,0,0,0,100,536,1.53506,0.00295491,1.53666,39,0,29,24,30,0,-2,0,0,0.6,57,3800,3808,17,142,35,614,35244,35062,108,2,68,98,64600,0,0,0,0,1,0,235,50,28,3850,0,0,0,0,0,0,0,0,300,-153,0,0,30
2467.95,0,0,0,0,100,539,1.53486,0.00296001,1.53642,39,0,29,23,30,0,-2,0,0,0.5,57,3800,3808,17,142,35,614,35244,35062,108,2,68,98,64600,0,0,0,0,1,0,252,0,24,3846,0,0,0,0,0,0,0,0,300,-166,0,0,30
2467.96,0,0,0,0,99,548,1.53466,0.00296512,1.53617,39,0,29,24,30,0,-2,0,0,0.4,57,3800,3809,18,142,35,614,35244,35062,108,2,68,98,68400,0,0,0,0,1,0,260,0,32,3852,0,0,0,0,0,0,0,0,300,-164,0,0,30
2467.97,0,0,0,0,99,551,1.53447,0.00297023,1.53592,39,0,29,24,30,0,-2,0,0,0.3,57,3800,3809,16,142,35,614,35244,35062,108,2,68,98,60800,0,0,0,0,1,48,223,0,24,3846,0,0,0,0,0,0,0,0,300,-151,0,0,30
2467.98,0,0,0,0,99,561,1.53427,0.00297533,1.53567,39,0,29,24,30,0,-2,0,0,0.2,57,3800,3809,16,142,35,614,35244,35062,108,2,68,98,60800,0,0,0,0,1,294,0,0,32,3850,0,0,0,0,0,0,0,0,300,-194,0,0,30
2467.99,0,0,0,0,99,561,1.53407,0.00298044,1.53542,39,0,29,24,30,0,-2,0,0,0.1,57,3800,3809,16,142,35,614,35244,35062,108,2,68,98,60800,0,0,0,0,1,234,0,3,24,3846,0,0,0,0,0,0,0,0,300,-161,0,0,30
2468,0,0,0,0,99,567,1.53387,0.00298555,1.53517,39,0,29,24,30,0,-2,0,0,0,57,3800,3809,17,142,35,614,35240,35053,108,2,65,98,64600,0,0,0,0,1,234,0,3,24,3846,0,0,0,0,0,0,0,0,300,-161,0,0,30
2468.01,0,0,0,0,100,576,1.53387,0.00299512,1.53558,39,0,29,24,30,0,-2,0,0,0.1,57,3800,3809,17,142,35,614,35240,35053,108,2,65,98,64600,0,0,0,0,1,0,0,241,28,3843,0,0,0,0,0,0,0,0,300,-173,0,0,30
2468.02,0,0,0,0,100,582,1.53386,0.0030047,1.53599,39,0,29,24,30,0,-2,0,0,0.2,57,3799,3809,17,142,35,614,35240,35053,108,2,65,98,64583,0,0,0,0,1,0,0,253,24,3854,0,0,0,0,0,0,0,0,300,-166,0,0,30
2468.03,0,0,0,0,99,588,1.53386,0.00301428,1.5364,39,0,29,24,30,0,-2,0,0,0.3,57,3799,3809,17,142,35,614,35240,35053,108,2,65,98,64583,0,0,0,0,1,0,229,7,26,3856,0,0,0,0,0,0,0,0,300,-151,0,0,30
2468.04,0,0,0,0,99,595,1.53386,0.00302385,1.53681,39,0,29,24,30,0,-2,0,0,0.4,57,3799,3810,20,142,35,614,35240,35053,108,2,65,98,75980,0,0,0,0,1,17,237,0,27,3846,0,0,0,0,0,0,0,0,300,-156,0,0,30
2468.05,0,0,0,0,100,595,1.53385,0.00303343,1.53721,39,0,29,24,30,0,-2,0,0,0.5,57,3798,3810,16,142,35,614,35240,35053,108,2,65,98,60768,0,0,0,0,1,287,0,0,28,3843,0,0,0,0,0,0,0,0,300,-186,0,0,30
2468.06,0,0,0,0,100,592,1.53385,0.003043,1.53762,39,0,29,24,30,0,-2,0,0,0.6,57,3798,3810,20,142,35,614,35240,35053,108,2,65,98,75960,0,0,0,0,1,287,0,0,28,3843,0,0,0,0,0,0,0,0,300,-186,0,0,30
2468.07,0,0,0,0,100,609,1.53385,0.00305258,1.53803,39,0,29,24,30,0,-2,0,0,0.7,57,3798,3810,20,142,35,614,35240,35053,108,2,65,98,75960,0,0,0,0,1,165,0,56,24,3846,0,0,0,0,0,0,0,0,300,-133,0,0,30
2468.08,0,0,0,0,100,610,1.53385,0.00306216,1.53844,39,0,29,24,30,0,-2,0,0,0.8,57,3799,3810,22,142,35,614,35240,35053,108,2,65,98,83578,0,0,0,0,1,0,0,316,31,3854,0,0,0,0,0,0,0,0,300,-171,0,0,30
2468.09,0,0,0,0,100,618,1.53384,0.00307173,1.53885,39,0,29,24,30,0,-2,0,0,0.9,57,3799,3810,18,142,35,614,35240,35053,108,2,65,98,68382,0,0,0,0,1,0,257,0,31,3848,0,0,0,0,0,0,0,0,300,-175,0,0,30
2468.1,0,0,0,0,100,621,1.53384,0.00308131,1.53926,39,0,29,24,30,0,-2,0,0,1,57,3799,3810,19,142,35,614,35223,35035,108,2,65,98,72181,0,0,0,0,1,158,120,0,30,3841,0,0,0,0,0,0,0,0,300,-163,0,0,30
2468.11,0,0,0,0,99,621,1.53379,0.00308175,1.53883,39,0,29,24,30,0,-2,0,0,1,57,3799,3810,19,142,35,614,35223,35035,108,2,65,98,72181,0,0,0,0,1,294,0,32,34,3833,0,0,0,0,0,0,0,0,300,-203,0,0,30
2468.12,0,0,0,0,99,621,1.53374,0.00308219,1.5384,39,0,29,24,30,0,-2,0,0,1,57,3800,3810,19,142,35,614,35223,35035,108,2,65,98,72200,0,0,0,0,1,294,0,32,34,3833,0,0,0,0,0,0,0,0,300,-203,0,0,30
2468.13,0,0,0,0,99,634,1.53369,0.00308263,1.53797,39,0,29,24,30,0,-2,0,0,1,57,3800,3810,20,142,35,614,35223,35035,108,2,65,98,76000,0,0,0,0,1,0,0,238,27,3852,0,0,0,0,0,0,0,0,300,-145,0,0,30
2468.14,0,0,0,0,100,633,1.53364,0.00308307,1.53754,39,0,29,24,30,0,-2,0,0,1,57,3800,3810,28,142,35,614,35223,35035,108,2,65,98,106400,0,0,0,0,1,0,442,0,46,3843,0,0,0,0,0,0,0,0,300,-271,0,0,30
2468.15,0,0,0,0,100,640,1.53358,0.00308351,1.53711,39,0,29,24,30,0,-2,0,0,1,57,3800,3810,28,142,35,614,35223,35035,108,2,65,98,106400,0,0,0,0,1,238,0,0,27,3846,0,0,0,0,0,0,0,0,300,-161,0,0,30
2468.16,0,0,0,0,100,636,1.53353,0.00308395,1.53668,39,0,29,24,30,0,-2,0,0,1,57,3801,3810,31,142,35,614,35223,35035,108,2,65,98,117831,0,0,0,0,1,220,0,235,51,3835,0,0,0,0,0,0,0,0,300,-273,0,0,30
2468.17,0,0,0,0,100,651,1.53348,0.00308439,1.53626,39,0,29,24,30,0,-2,0,0,1,57,3799,3810,24,142,35,614,35223,35035,108,2,65,98,91176,0,0,0,0,1,0,82,240,32,3850,0,0,0,0,0,0,0,0,300,-185,0,0,30
2468.18,0,0,0,0,100,651,1.53343,0.00308483,1.53583,39,0,29,24,30,0,-2,0,0,1,57,3799,3810,21,142,35,614,35223,35035,108,2,65,98,79779,0,0,0,0,1,0,82,240,32,3850,0,0,0,0,0,0,0,0,300,-185,0,0,30
2468.19,0,0,0,0,99,636,1.53338,0.00308528,1.5354,39,0,29,24,30,0,-2,0,0,1,57,3799,3810,21,142,35,614,35223,35035,108,2,65,98,79779,0,0,0,0,1,21,477,0,55,3835,0,0,0,0,0,0,0,0,300,-330,0,0,30
2468.2,0,0,0,0,100,664,1.53333,0.00308572,1.53497,39,0,29,24,30,0,-2,0,0,1,57,3798,3810,21,142,35,614,35228,35029,108,2,65,98,79758,0,0,0,0,1,269,0,11,37,3839,0,0,0,0,0,0,0,0,300,-184,0,0,30
2468.21,0,0,0,0,100,649,1.53326,0.00315666,1.53477,39,0,29,24,30,0,-2,0,0,1,57,3798,3810,28,142,35,614,35228,35029,108,2,65,98,106344,0,0,0,0,1,0,0,542,59,3843,0,0,0,0,0,0,0,0,300,-344,0,0,30
2468.22,0,0,0,0,100,668,1.53319,0.00322761,1.53457,39,0,29,24,30,0,-2,0,0,1,57,3798,3810,31,142,35,614,35228,35029,108,2,65,98,117738,0,0,0,0,1,0,325,0,49,3850,0,0,0,0,0,0,0,0,300,-209,0,0,30
2468.23,0,0,0,0,99,647,1.53312,0.00329856,1.53437,39,0,29,24,30,0,-2,0,0,1,57,3798,3810,31,142,35,614,35228,35029,108,2,65,98,117738,0,0,0,0,1,601,0,0,61,3829,0,0,0,0,0,0,0,0,300,-352,0,0,30
2468.24,0,0,0,0,100,647,1.53305,0.00336951,1.53418,39,0,29,24,30,0,-2,0,0,1,57,3798,3810,33,142,35,614,35228,35029,108,2,65,98,125334,0,0,0,0,1,601,0,0,61,3829,0,0,0,0,0,0,0,0,300,-352,0,0,30
2468.25,0,0,0,0,100,653,1.53298,0.00344045,1.53398,39,0,29,24,30,0,-2,0,0,1,57,3799,3810,26,142,35,614,35228,35029,108,2,65,98,98774,0,0,0,0,1,0,0,616,69,3839,0,0,0,0,0,0,0,0,300,-363,0,0,30
2468.26,0,0,0,0,99,644,1.53291,0.0035114,1.53378,39,0,29,24,30,0,-2,0,0,1,57,3799,3810,27,142,35,614,35228,35029,108,2,65,98,102573,0,0,0,0,1,0,509,0,52,3837,0,0,0,0,0,0,0,0,300,-321,0,0,30
2468.27,0,0,0,0,99,644,1.53284,0.00358235,1.53358,39,0,29,24,30,0,-2,0,0,1,57,3799,3810,27,142,35,614,35228,35029,108,2,65,98,102573,0,0,0,0,1,503,0,0,68,3831,0,0,0,0,0,0,0,0,300,-332,0,0,30
2468.28,0,0,0,0,100,635,1.53277,0.00365329,1.53338,39,0,29,24,30,0,-2,0,0,1,57,3799,3810,26,142,35,614,35228,35029,108,2,65,98,98774,0,0,0,0,1,243,0,255,44,3839,0,0,0,0,0,0,0,0,300,-262,0,0,30
2468.29,0,0,0,0,100,635,1.5327,0.00372424,1.53319,39,0,29,24,30,0,-2,0,0,1,57,3798,3810,42,142,35,614,35228,35029,108,2,65,98,159516,0,0,0,0,1,0,43,528,73,3833,0,0,0,0,0,0,0,0,300,-384,0,0,30
2468.3,0,0,0,0,100,635,1.53263,0.00379519,1.53299,39,0,29,24,30,0,-2,0,0,1,57,3798,3810,28,142,35,614,35221,35030,108,2,68,98,106344,0,0,0,0,1,0,43,528,73,3833,0,0,0,0,0,0,0,0,300,-384,0,0,30
2468.31,0,0,0,0,99,631,1.53262,0.00386037,1.53341,39,0,29,24,30,0,-2,0,0,1,57,3798,3810,28,142,35,614,35221,35030,108,2,68,98,106344,0,0,0,0,1,0,380,0,41,3839,0,0,0,0,0,0,0,0,300,-241,0,0,30
2468.32,0,0,0,0,100,606,1.53262,0.00392554,1.53383,39,0,29,24,30,0,-2,0,0,1,57,3791,3810,28,142,35,614,35221,35030,108,2,68,98,106148,0,0,0,0,1,638,0,0,75,3826,0,0,0,0,0,0,0,0,300,-427,0,0,30
2468.33,0,0,0,0,100,612,1.53262,0.00399072,1.53426,39,0,29,24,30,0,-2,0,0,1,57,3794,3810,26,142,35,614,35221,35030,108,2,68,98,98644,0,0,0,0,1,298,0,138,43,3852,0,0,0,0,0,0,0,0,300,-260,0,0,30
2468.34,0,0,0,0,100,581,1.53262,0.0040559,1.53468,39,0,29,24,30,0,-2,0,0,1,57,3794,3810,27,142,35,614,35221,35030,108,2,68,98,102438,0,0,0,0,1,0,0,769,75,3835,0,0,0,0,0,0,0,0,300,-445,0,0,30
2468.35,0,0,0,0,100,581,1.53261,0.00412107,1.5351,39,0,29,24,30,0,-2,0,0,1,57,3794,3810,27,142,35,614,35221,35030,108,2,68,98,102438,0,0,0,0,1,0,170,398,58,3839,0,0,0,0,0,0,0,0,300,-364,0,0,30
2468.36,0,0,0,0,100,581,1.53261,0.00418625,1.53552,39,0,29,24,30,0,-2,0,0,1,57,3794,3812,26,142,35,614,35221,35030,108,2,68,98,98644,0,0,0,0,1,0,170,398,58,3839,0,0,0,0,0,0,0,0,300,-364,0,0,30
2468.37,0,0,0,0,99,566,1.53261,0.00425143,1.53595,39,0,29,24,30,0,-2,0,0,1,57,3797,3812,36,142,35,614,35221,35030,108,2,68,98,136692,0,0,0,0,1,0,770,0,78,3824,0,0,0,0,0,0,0,0,300,-477,0,0,30
2468.38,0,0,0,0,99,564,1.5326,0.0043166,1.53637,39,0,29,24,30,0,-2,0,0,1,57,3797,3812,29,142,35,614,35221,35030,108,2,68,98,110113,0,0,0,0,1,1,526,0,59,3833,0,0,0,0,0,0,0,0,300,-355,0,0,30
2468.39,0,0,0,0,99,549,1.5326,0.00438178,1.53679,39,0,29,24,30,0,-2,0,0,1,57,3797,3812,29,142,35,614,35221,35030,108,2,68,98,110113,0,0,0,0,1,351,465,0,79,3826,0,0,0,0,0,0,0,0,300,-477,0,0,30
2468.4,0,0,0,0,100,547,1.5326,0.00444696,1.53722,39,0,29,24,31,0,-2,0,0,1,57,3792,3812,34,142,35,614,35174,34958,108,2,68,98,128928,0,0,0,0,1,654,0,0,65,3829,0,0,0,0,0,0,0,0,300,-426,0,0,30
2468.41,0,0,0,0,100,547,1.53221,0.00447603,1.53711,39,0,29,24,31,0,-2,0,0,1,57,3792,3812,32,142,35,614,35174,34958,108,2,68,98,121344,0,0,0,0,1,841,0,0,79,3824,0,0,0,0,0,0,0,0,300,-492,0,0,30
2468.42,0,0,0,0,100,532,1.53182,0.0045051,1.537,39,0,29,24,31,0,-2,0,0,1,57,3794,3812,32,142,35,614,35174,34958,108,2,68,98,121408,0,0,0,0,1,841,0,0,79,3824,0,0,0,0,0,0,0,0,300,-492,0,0,30
2468.43,0,0,0,0,100,525,1.53144,0.00453417,1.53689,39,0,29,24,31,0,-2,0,0,1,57,3794,3812,32,142,35,614,35174,34958,108,2,68,98,121408,0,0,0,0,1,683,0,0,71,3824,0,0,0,0,0,0,0,0,300,-443,0,0,30
2468.44,0,0,0,0,99,517,1.53105,0.00456324,1.53678,39,0,29,24,31,0,-2,0,0,1,57,3794,3814,32,142,35,614,35174,34958,108,2,68,98,121408,0,0,0,0,1,683,0,24,73,3837,0,0,0,0,0,0,0,0,300,-481,0,0,30
2468.45,0,0,0,0,99,509,1.53066,0.00459232,1.53668,39,0,29,24,31,0,-2,0,0,1,57,3793,3814,49,142,35,614,35174,34958,108,2,68,98,185857,0,0,0,0,1,656,0,101,71,3824,0,0,0,0,0,0,0,0,300,-483,0,0,30
2468.46,0,0,0,0,99,505,1.53027,0.00462139,1.53657,39,0,29,24,31,0,-2,0,0,1,57,3793,3814,36,142,35,614,35174,34958,108,2,68,98,136548,0,0,0,0,1,587,0,136,66,3826,0,0,0,0,0,0,0,0,300,-463,0,0,30
2468.47,0,0,0,0,99,505,1.52988,0.00465046,1.53646,39,0,29,24,31,0,-2,0,0,1,57,3793,3814,36,142,35,614,35174,34958,108,2,68,98,136548,0,0,0,0,1,634,0,120,70,3829,0,0,0,0,0,0,0,0,300,-474,0,0,30
2468.48,0,0,0,0,100,499,1.5295,0.00467953,1.53635,39,0,29,24,31,0,-2,0,0,1,57,3789,3814,45,142,35,614,35174,34958,108,2,68,98,170505,0,0,0,0,1,634,0,120,70,3829,0,0,0,0,0,0,0,0,300,-474,0,0,30
2468.49,0,0,0,0,100,496,1.52911,0.0047086,1.53625,39,0,29,24,31,0,-2,0,0,1,57,3789,3814,33,142,35,614,35174,34958,108,2,68,98,125037,0,0,0,0,1,507,0,89,53,3835,0,0,0,0,0,0,0,0,300,-390,0,0,30
2468.5,0,0,0,0,100,484,1.52872,0.00473768,1.53614,39,0,29,24,30,0,-2,0,0,1,58,3787,3814,57,142,35,614,35153,34927,108,2,68,98,215859,0,0,0,0,1,662,0,41,65,3822,0,0,0,0,0,0,0,0,300,-452,0,0,30
2468.51,0,0,0,0,100,485,1.52922,0.00467534,1.5364,39,0,29,24,30,0,-2,0,0,1,58,3787,3814,57,142,35,614,35153,34927,108,2,68,98,215859,0,0,0,0,1,443,0,3,41,3839,0,0,0,0,0,0,0,0,300,-306,0,0,30
2468.52,0,0,0,0,100,470,1.52971,0.00461301,1.53665,39,0,29,24,30,0,-2,0,0,1,58,3787,3818,57,142,35,614,35153,34927,108,2,68,98,215859,0,0,0,0,1,704,0,0,62,3835,0,0,0,0,0,0,0,0,300,-411,0,0,30
2468.53,0,0,0,0,100,470,1.53021,0.00455068,1.53691,39,0,29,24,30,0,-2,0,0,1,58,3787,3818,78,142,35,614,35153,34927,108,2,68,98,295386,0,0,0,0,1,413,0,0,33,3841,0,0,0,0,0,0,0,0,300,-254,0,0,30
2468.54,0,0,0,0,100,473,1.53071,0.00448834,1.53717,39,0,29,24,30,0,-2,0,0,1,58,3787,3818,42,142,35,614,35153,34927,108,2,68,98,159054,0,0,0,0,1,413,0,0,33,3841,0,0,0,0,0,0,0,0,300,-254,0,0,30
2468.55,0,0,0,0,100,449,1.53121,0.00442601,1.53742,39,0,29,24,30,0,-2,0,0,1,58,3787,3818,42,143,35,614,35153,34927,108,2,68,98,159054,0,0,0,0,1,425,219,0,57,3839,0,0,0,0,0,0,0,0,300,-383,0,0,30
2468.56,0,0,0,0,100,460,1.5317,0.00436367,1.53768,39,0,29,24,30,0,-2,0,0,1,58,3782,3818,56,143,35,614,35153,34927,108,2,68,98,211792,0,0,0,0,1,30,311,0,28,3846,0,0,0,0,0,0,0,0,300,-219,0,0,30
2468.57,0,0,0,0,99,435,1.5322,0.00430134,1.53794,39,0,29,24,30,0,-2,0,0,1,58,3782,3818,54,143,35,614,35153,34927,108,2,68,98,204228,0,0,0,0,1,0,703,0,57,3848,0,0,0,0,0,0,0,0,300,-418,0,0,30
2468.58,0,0,0,0,99,453,1.5327,0.00423901,1.5382,39,0,29,24,30,0,-2,0,0,1,58,3776,3818,82,143,35,614,35153,34927,108,2,68,98,309632,0,0,0,0,1,0,327,0,26,3846,0,0,0,0,0,0,0,0,300,-212,0,0,30
2468.59,0,0,0,0,100,453,1.53319,0.00417667,1.53845,39,0,29,24,30,0,-2,0,0,1,58,3776,3818,82,143,35,614,35153,34927,108,2,68,98,309632,0,0,0,0,1,0,12,642,57,3829,0,0,0,0,0,0,0,0,300,-442,0,0,30
2468.6,0,0,0,0,100,422,1.53369,0.00411434,1.53871,39,0,29,24,30,0,-2,0,0,1,57,3776,3818,85,143,35,614,35043,34752,108,2,65,98,320960,0,0,0,0,1,0,12,642,57,3829,0,0,0,0,0,0,0,0,300,-442,0,0,30
2468.61,0,0,0,0,99,440,1.53345,0.00407327,1.53856,39,0,29,24,30,0,-2,0,0,1,57,3789,3818,58,143,35,614,35043,34752,108,2,65,98,219762,0,0,0,0,1,0,0,372,28,3848,0,0,0,0,0,0,0,0,300,-225,0,0,30
2468.62,0,0,0,0,99,410,1.53321,0.00403219,1.53841,39,0,29,24,30,0,-2,0,0,1,57,3789,3818,42,143,35,614,35043,34752,108,2,65,98,159138,0,0,0,0,1,621,0,85,52,3837,0,0,0,0,0,0,0,0,300,-440,0,0,30
2468.63,0,0,0,0,99,430,1.53297,0.00399112,1.53826,39,0,29,24,30,0,-2,0,0,1,57,3789,3818,42,143,35,614,35043,34752,108,2,65,98,159138,0,0,0,0,1,304,0,0,24,3846,0,0,0,0,0,0,0,0,300,-187,0,0,30
2468.64,0,0,0,0,99,404,1.53273,0.00395005,1.53811,39,0,29,23,30,0,-2,0,0,1,57,3787,3818,47,143,35,614,35043,34752,108,2,65,98,177989,0,0,0,0,1,83,594,0,48,3831,0,0,0,0,0,0,0,0,300,-429,0,0,30
2468.65,0,0,0,0,100,426,1.53249,0.00390898,1.53796,39,0,29,23,30,0,-2,0,0,1,57,3787,3818,82,143,35,614,35043,34752,108,2,65,98,310534,0,0,0,0,1,0,315,0,27,3848,0,0,0,0,0,0,0,0,300,-196,0,0,30
2468.66,0,0,0,0,100,426,1.53225,0.0038679,1.5378,39,0,29,23,30,0,-2,0,0,1,57,3780,3818,75,143,35,614,35043,34752,108,2,65,98,283500,0,0,0,0,1,0,315,0,27,3848,0,0,0,0,0,0,0,0,300,-196,0,0,30
2468.67,0,0,0,0,100,404,1.53201,0.00382683,1.53765,39,0,29,23,30,0,-2,0,0,1,57,3780,3818,75,143,35,614,35043,34752,108,2,65,98,283500,0,0,0,0,1,0,69,650,49,3833,0,0,0,0,0,0,0,0,300,-453,0,0,30
2468.68,0,0,0,0,100,423,1.53177,0.00378576,1.5375,39,0,29,23,30,0,-2,0,0,1,57,3780,3818,78,143,35,614,35043,34752,108,2,65,98,294840,0,0,0,0,1,0,0,380,33,3846,0,0,0,0,0,0,0,0,300,-272,0,0,30
2468.69,0,0,0,0,99,396,1.53153,0.00374468,1.53735,39,0,29,23,30,0,-2,0,0,1,57,3784,3818,64,143,35,614,35043,34752,108,2,65,98,242176,0,0,0,0,1,636,0,11,47,3835,0,0,0,0,0,0,0,0,300,-438,0,0,30
2468.7,0,0,0,0,100,410,1.53129,0.00370361,1.5372,39,0,29,23,30,0,-2,0,0,1,57,3784,3818,82,143,35,614,35109,34866,109,2,68,98,310288,0,0,0,0,1,392,0,0,33,3841,0,0,0,0,0,0,0,0,300,-263,0,0,30
2468.71,0,0,0,0,100,386,1.53163,0.00371641,1.53771,39,0,29,23,30,0,-2,0,0,1,57,3784,3818,82,143,35,614,35109,34866,109,2,68,98,310288,0,0,0,0,1,0,624,0,42,3841,0,0,0,0,0,0,0,0,300,-369,0,0,30
2468.72,0,0,0,0,99,386,1.53198,0.00372922,1.53822,39,0,29,24,30,0,-2,0,0,1,57,3784,3818,82,143,35,614,35109,34866,109,2,68,98,310288,0,0,0,0,1,0,624,0,42,3841,0,0,0,0,0,0,0,0,300,-369,0,0,30
2468.73,0,0,0,0,100,407,1.53232,0.00374202,1.53872,39,0,29,24,30,0,-2,0,0,1,57,3784,3818,78,143,35,614,35109,34866,109,2,68,98,295152,0,0,0,0,1,0,116,232,28,3850,0,0,0,0,0,0,0,0,300,-195,0,0,30
2468.74,0,0,0,0,100,388,1.53266,0.00375483,1.53923,39,0,29,24,30,0,-2,0,0,1,57,3782,3818,76,143,35,614,35109,34866,109,2,68,98,287432,0,0,0,0,1,0,0,609,40,3846,0,0,0,0,0,0,0,0,300,-403,0,0,30
2468.75,0,0,0,0,100,407,1.533,0.00376763,1.53974,39,0,29,24,30,0,-2,0,0,1,57,3782,3818,76,143,35,614,35109,34866,109,2,68,98,287432,0,0,0,0,1,355,0,5,31,3841,0,0,0,0,0,0,0,0,300,-238,0,0,30
2468.76,0,0,0,0,100,394,1.53335,0.00378044,1.54024,39,0,29,24,30,0,-2,0,0,1,57,3779,3821,78,143,35,614,35109,34866,109,2,68,98,294762,0,0,0,0,1,493,0,0,35,3841,0,0,0,0,0,0,0,0,300,-325,0,0,30
2468.77,0,0,0,0,100,402,1.53369,0.00379324,1.54075,39,0,29,24,30,0,-2,0,0,1,57,3779,3821,73,143,35,614,35109,34866,109,2,68,98,275867,0,0,0,0,1,0,462,0,38,3841,0,0,0,0,0,0,0,0,300,-270,0,0,30
2468.78,0,0,0,0,100,402,1.53403,0.00380605,1.54126,39,0,29,24,30,0,-2,0,0,1,57,3779,3821,75,143,35,614,35109,34866,109,2,68,98,283425,0,0,0,0,1,0,462,0,38,3841,0,0,0,0,0,0,0,0,300,-270,0,0,30
2468.79,0,0,0,0,100,394,1.53437,0.00381885,1.54176,39,0,29,24,30,0,-2,0,0,1,57,3779,3821,75,143,35,614,35109,34866,109,2,68,98,283425,0,0,0,0,1,0,110,378,28,3843,0,0,0,0,0,0,0,0,300,-280,0,0,30
2468.8,0,0,0,0,100,394,1.53472,0.00383166,1.54227,39,0,29,24,30,0,-2,0,0,1,56,3781,3821,66,143,35,614,35084,34824,108,2,68,98,249546,0,0,0,0,1,0,0,515,43,3841,0,0,0,0,0,0,0,0,300,-353,0,0,30
2468.81,0,0,0,0,100,394,1.53469,0.00380889,1.54211,39,0,29,24,30,0,-2,0,0,1,56,3781,3821,73,143,35,614,35084,34824,108,2,68,98,276013,0,0,0,0,1,366,0,0,24,3841,0,0,0,0,0,0,0,0,300,-245,0,0,30
2468.82,0,0,0,0,100,397,1.53466,0.00378612,1.54195,39,0,29,24,30,0,-2,0,0,1,56,3786,3821,54,143,35,614,35084,34824,108,2,68,98,204444,0,0,0,0,1,243,313,0,46,3846,0,0,0,0,0,0,0,0,300,-347,0,0,30
2468.83,0,0,0,0,100,397,1.53464,0.00376335,1.54179,39,0,29,24,30,0,-2,0,0,1,56,3786,3821,54,143,35,614,35084,34824,108,2,68,98,204444,0,0,0,0,1,0,397,0,26,3848,0,0,0,0,0,0,0,0,300,-232,0,0,30
2468.84,0,0,0,0,100,399,1.53461,0.00374058,1.54162,39,0,29,24,30,0,-2,0,0,1,56,3786,3823,45,143,35,614,35084,34824,108,2,68,98,170370,0,0,0,0,1,0,397,0,26,3848,0,0,0,0,0,0,0,0,300,-232,0,0,30
2468.85,0,0,0,0,100,396,1.53459,0.0037178,1.54146,39,0,29,24,30,0,-2,0,0,1,56,3784,3823,50,143,35,614,35084,34824,108,2,68,98,189200,0,0,0,0,1,0,20,556,46,3841,0,0,0,0,0,0,0,0,300,-375,0,0,30
2468.86,0,0,0,0,100,397,1.53456,0.00369503,1.5413,39,0,29,24,30,0,-2,0,0,1,56,3784,3823,64,143,35,614,35084,34824,108,2,68,98,242176,0,0,0,0,1,0,0,388,25,3846,0,0,0,0,0,0,0,0,300,-269,0,0,30
2468.87,0,0,0,0,100,391,1.53454,0.00367226,1.54114,39,0,29,24,30,0,-2,0,0,1,56,3784,3823,64,143,35,614,35084,34824,108,2,68,98,242176,0,0,0,0,1,563,0,0,44,3839,0,0,0,0,0,0,0,0,300,-329,0,0,30
2468.88,0,0,0,0,99,404,1.53451,0.00364949,1.54098,39,0,29,24,30,0,-2,0,0,1,56,3787,3823,61,143,35,614,35084,34824,108,2,68,98,231007,0,0,0,0,1,144,190,0,23,3843,0,0,0,0,0,0,0,0,300,-196,0,0,30
2468.89,0,0,0,0,99,404,1.53448,0.00362672,1.54082,39,0,29,24,30,0,-2,0,0,1,56,3787,3823,45,143,35,614,35084,34824,108,2,68,98,170415,0,0,0,0,1,0,608,0,49,3839,0,0,0,0,0,0,0,0,300,-394,0,0,30
2468.9,0,0,0,0,99,396,1.53446,0.00360395,1.54066,39,0,29,24,30,0,-2,0,0,1,56,3791,3823,32,143,35,614,35136,34904,108,2,68,98,121312,0,0,0,0,1,0,608,0,49,3839,0,0,0,0,0,0,0,0,300,-394,0,0,30
2468.91,0,0,0,0,99,409,1.5348,0.0035933,1.54055,39,0,29,24,30,0,-2,0,0,1,56,3791,3823,32,143,35,614,35136,34904,108,2,68,98,121312,0,0,0,0,1,0,26,345,22,3850,0,0,0,0,0,0,0,0,300,-217,0,0,30
2468.92,0,0,0,0,99,390,1.53514,0.00358265,1.54045,39,0,29,24,30,0,-2,0,0,1,56,3791,3822,32,143,35,614,35136,34904,108,2,68,98,121312,0,0,0,0,1,17,0,542,50,3843,0,0,0,0,0,0,0,0,300,-368,0,0,30
2468.93,0,0,0,0,99,409,1.53548,0.003572,1.54035,39,0,29,24,30,0,-2,0,0,1,56,3785,3822,56,143,35,614,35136,34904,108,2,68,98,211960,0,0,0,0,1,235,0,0,19,3843,0,0,0,0,0,0,0,0,300,-157,0,0,30
2468.94,0,0,0,0,99,394,1.53582,0.00356135,1.54024,39,0,29,24,30,0,-2,0,0,1,56,3785,3822,47,143,35,614,35136,34904,108,2,68,98,177895,0,0,0,0,1,212,471,0,49,3839,0,0,0,0,0,0,0,0,300,-405,0,0,30
2468.95,0,0,0,0,99,394,1.53616,0.0035507,1.54014,39,0,29,24,30,0,-2,0,0,1,56,3785,3822,47,143,35,614,35136,34904,108,2,68,98,177895,0,0,0,0,1,0,276,0,21,3848,0,0,0,0,0,0,0,0,300,-161,0,0,30
2468.96,0,0,0,0,99,422,1.5365,0.00354005,1.54004,39,0,29,24,30,0,-2,0,0,1,56,3785,3822,52,143,35,614,35136,34904,108,2,68,98,196820,0,0,0,0,1,0,276,0,21,3848,0,0,0,0,0,0,0,0,300,-161,0,0,30
2468.97,0,0,0,0,99,405,1.53684,0.0035294,1.53993,39,0,29,24,30,0,-2,0,0,1,56,3785,3822,27,143,35,614,35136,34904,108,2,68,98,102195,0,0,0,0,1,0,169,580,52,3846,0,0,0,0,0,0,0,0,300,-444,0,0,30
2468.98,0,0,0,0,99,427,1.53718,0.00351875,1.53983,39,0,29,24,30,0,-2,0,0,1,56,3785,3822,50,143,35,614,35136,34904,108,2,68,98,189250,0,0,0,0,1,0,0,328,25,3854,0,0,0,0,0,0,0,0,300,-182,0,0,30
2468.99,0,0,0,0,99,398,1.53752,0.0035081,1.53973,39,0,29,24,30,0,-2,0,0,1,56,3785,3822,50,143,35,614,35136,34904,108,2,68,98,189250,0,0,0,0,1,601,0,91,52,3837,0,0,0,0,0,0,0,0,300,-440,0,0,30
2469,0,0,0,0,99,422,1.53786,0.00349745,1.53962,39,0,29,24,31,0,-2,0,0,1,57,3786,3822,51,143,35,614,35122,34883,108,2,68,98,193086,0,0,0,0,1,288,0,0,22,3856,0,0,0,0,0,0,0,0,300,-176,0,0,30
2469.01,0,0,0,0,99,422,1.5376,0.00349583,1.53984,39,0,29,24,31,0,-2,0,0,1,57,3786,3822,55,143,35,614,35122,34883,108,2,68,98,208230,0,0,0,0,1,32,594,0,46,3833,0,0,0,0,0,0,0,0,300,-412,0,0,30
2469.02,0,0,0,0,99,397,1.53734,0.00349421,1.54006,39,0,29,24,31,0,-2,0,0,1,57,3796,3822,28,143,35,614,35122,34883,108,2,68,98,106288,0,0,0,0,1,32,594,0,46,3833,0,0,0,0,0,0,0,0,300,-412,0,0,30
2469.03,0,0,0,0,99,430,1.53708,0.00349258,1.54027,39,0,29,24,31,0,-2,0,0,1,57,3796,3822,28,143,35,614,35122,34883,108,2,68,98,106288,0,0,0,0,1,0,293,0,22,3872,0,0,0,0,0,0,0,0,300,-181,0,0,30
2469.04,0,0,0,0,99,412,1.53682,0.00349096,1.54049,39,0,29,24,31,0,-2,0,0,1,57,3795,3822,25,143,35,614,35122,34883,108,2,68,98,94875,0,0,0,0,1,0,76,568,49,3839,0,0,0,0,0,0,0,0,300,-428,0,0,30
2469.05,0,0,0,0,99,441,1.53657,0.00348934,1.5407,39,0,29,24,31,0,-2,0,0,1,57,3795,3822,39,143,35,614,35122,34883,108,2,68,98,148005,0,0,0,0,1,0,0,323,25,3850,0,0,0,0,0,0,0,0,300,-168,0,0,30
2469.06,0,0,0,0,100,419,1.53631,0.00348772,1.54092,39,0,29,24,31,0,-2,0,0,1,57,3795,3822,51,143,35,614,35122,34883,108,2,68,98,193545,0,0,0,0,1,306,0,337,47,3826,0,0,0,0,0,0,0,0,300,-392,0,0,30
2469.07,0,0,0,0,100,419,1.53605,0.00348609,1.54114,39,0,29,24,31,0,-2,0,0,1,57,3795,3822,51,142,35,614,35122,34883,108,2,68,98,193545,0,0,0,0,1,302,0,0,30,3846,0,0,0,0,0,0,0,0,300,-198,0,0,30
2469.08,0,0,0,0,100,440,1.53579,0.00348447,1.54135,39,0,29,24,31,0,-2,0,0,1,57,3797,3822,58,142,35,614,35122,34883,108,2,68,98,220226,0,0,0,0,1,302,0,0,30,3846,0,0,0,0,0,0,0,0,300,-198,0,0,30
2469.09,0,0,0,0,99,422,1.53553,0.00348285,1.54157,39,0,29,24,31,0,-2,0,0,1,57,3797,3822,30,142,35,614,35122,34883,108,2,68,98,113910,0,0,0,0,1,560,0,0,41,3841,0,0,0,0,0,0,0,0,300,-374,0,0,30
2469.1,0,0,0,0,99,437,1.53527,0.00348122,1.54179,39,0,29,24,30,0,-2,0,0,1,57,3797,3822,29,142,35,614,35217,35026,108,2,68,98,110113,0,0,0,0,1,9,339,0,32,3850,0,0,0,0,0,0,0,0,300,-231,0,0,30
2469.11,0,0,0,0,99,430,1.53531,0.0034808,1.54141,39,0,29,24,30,0,-2,0,0,0.9,57,3797,3822,29,142,35,614,35217,35026,108,2,68,98,110113,0,0,0,0,1,0,446,0,30,3848,0,0,0,0,0,0,0,0,300,-268,0,0,30
2469.12,0,0,0,0,99,441,1.53536,0.00348037,1.54103,39,0,29,24,30,0,-2,0,0,0.8,57,3792,3822,29,142,35,614,35217,35026,108,2,68,98,109968,0,0,0,0,1,0,245,150,41,3848,0,0,0,0,0,0,0,0,300,-257,0,0,30
2469.13,0,0,0,0,100,445,1.5354,0.00347994,1.54065,39,0,29,24,30,0,-2,0,0,0.7,57,3785,3822,58,142,35,614,35217,35026,108,2,68,98,219530,0,0,0,0,1,0,8,363,25,3854,0,0,0,0,0,0,0,0,300,-241,0,0,30
2469.14,0,0,0,0,100,445,1.53544,0.00347951,1.54027,39,0,29,24,30,0,-2,0,0,0.6,57,3785,3822,38,142,35,614,35217,35026,108,2,68,98,143830,0,0,0,0,1,0,8,363,25,3854,0,0,0,0,0,0,0,0,300,-241,0,0,30
2469.15,0,0,0,0,100,442,1.53548,0.00347908,1.53989,39,0,29,24,30,0,-2,0,0,0.5,57,3785,3822,38,142,35,614,35217,35026,108,2,68,98,143830,0,0,0,0,1,0,0,610,52,3839,0,0,0,0,0,0,0,0,300,-399,0,0,30
2469.16,0,0,0,0,100,451,1.53553,0.00347866,1.53951,39,0,29,24,30,0,-2,0,0,0.4,57,3787,3822,37,142,35,614,35217,35026,108,2,68,98,140119,0,0,0,0,1,35,0,261,24,3852,0,0,0,0,0,0,0,0,300,-195,0,0,30
2469.17,0,0,0,0,100,439,1.53557,0.00347823,1.53914,39,0,29,24,30,0,-2,0,0,0.3,57,3787,3822,28,142,35,614,35217,35026,108,2,68,98,106036,0,0,0,0,1,572,0,0,54,3829,0,0,0,0,0,0,0,0,300,-390,0,0,30
2469.18,0,0,0,0,100,456,1.53561,0.0034778,1.53876,39,0,29,24,30,0,-2,0,0,0.2,57,3787,3821,54,142,35,614,35217,35026,108,2,68,98,204498,0,0,0,0,1,308,0,0,23,3848,0,0,0,0,0,0,0,0,300,-183,0,0,30
2469.19,0,0,0,0,99,442,1.53565,0.00347737,1.53838,39,0,29,24,30,0,-2,0,0,0.1,57,3787,3821,54,142,35,614,35217,35026,108,2,68,98,204498,0,0,0,0,1,487,137,0,56,3824,0,0,0,0,0,0,0,0,300,-382,0,0,30
2469.2,0,0,0,0,99,442,1.5357,0.00347695,1.538,39,0,29,24,30,0,-2,0,0,0,56,3795,3821,52,142,35,614,35202,34987,108,2,65,98,197340,0,0,0,0,1,487,137,0,56,3824,0,0,0,0,0,0,0,0,300,-382,0,0,30
2469.21,0,0,0,0,100,466,1.53512,0.00348727,1.53798,39,0,29,24,30,0,-2,0,0,0.1,56,3794,3821,44,142,35,614,35202,34987,108,2,65,98,166936,0,0,0,0,1,52,251,0,23,3846,0,0,0,0,0,0,0,0,300,-187,0,0,30
2469.22,0,0,0,0,99,453,1.53455,0.0034976,1.53796,39,0,29,24,30,0,-2,0,0,0.2,56,3794,3821,26,142,35,614,35202,34987,108,2,65,98,98644,0,0,0,0,1,0,588,0,54,3839,0,0,0,0,0,0,0,0,300,-374,0,0,30
2469.23,0,0,0,0,100,477,1.53397,0.00350792,1.53795,39,0,29,24,30,0,-2,0,0,0.3,56,3794,3821,26,142,35,614,35202,34987,108,2,65,98,98644,0,0,0,0,1,0,292,0,24,3848,0,0,0,0,0,0,0,0,300,-171,0,0,30
2469.24,0,0,0,0,99,462,1.5334,0.00351825,1.53793,39,0,29,24,30,0,-2,0,0,0.4,56,3793,3821,24,142,35,614,35202,34987,108,2,65,98,91032,0,0,0,0,1,0,661,0,59,3835,0,0,0,0,0,0,0,0,300,-435,0,0,30
2469.25,0,0,0,0,99,483,1.53282,0.00352857,1.53791,39,0,29,24,30,0,-2,0,0,0.5,56,3793,3819,41,142,35,614,35202,34987,108,2,65,98,155513,0,0,0,0,1,0,290,0,27,3843,0,0,0,0,0,0,0,0,300,-195,0,0,30
2469.26,0,0,0,0,99,483,1.53225,0.0035389,1.53789,39,0,29,24,30,0,-2,0,0,0.6,56,3797,3819,53,142,35,614,35202,34987,108,2,65,98,201241,0,0,0,0,1,0,290,0,27,3843,0,0,0,0,0,0,0,0,300,-195,0,0,30
2469.27,0,0,0,0,99,465,1.53168,0.00354922,1.53787,39,0,29,24,30,0,-2,0,0,0.7,56,3797,3819,53,142,35,614,35202,34987,108,2,65,98,201241,0,0,0,0,1,0,164,533,60,3837,0,0,0,0,0,0,0,0,300,-459,0,0,30
2469.28,0,0,0,0,99,485,1.5311,0.00355955,1.53786,39,0,29,24,30,0,-2,0,0,0.8,56,3797,3819,58,142,35,614,35202,34987,108,2,65,98,220226,0,0,0,0,1,0,24,290,27,3843,0,0,0,0,0,0,0,0,300,-224,0,0,30
2469.29,0,0,0,0,99,465,1.53053,0.00356987,1.53784,39,0,29,24,30,0,-2,0,0,0.9,56,3796,3819,28,142,35,614,35202,34987,108,2,65,98,106288,0,0,0,0,1,0,0,645,57,3841,0,0,0,0,0,0,0,0,300,-381,0,0,30
2469.3,0,0,0,0,99,485,1.52995,0.0035802,1.53782,39,0,29,24,30,0,-2,0,0,1,56,3796,3819,38,142,35,614,35207,35008,108,2,65,98,144248,0,0,0,0,1,0,0,284,25,3846,0,0,0,0,0,0,0,0,300,-180,0,0,30
2469.31,0,0,0,0,100,485,1.53028,0.0035566,1.53807,39,0,29,24,30,0,-2,0,0,1,56,3796,3819,38,142,35,614,35207,35008,108,2,65,98,144248,0,0,0,0,1,0,0,656,55,3839,0,0,0,0,0,0,0,0,300,-409,0,0,30
2469.32,0,0,0,0,100,473,1.53062,0.00353301,1.53832,39,0,29,24,30,0,-2,0,0,1,56,3795,3819,33,142,35,614,35207,35008,108,2,65,98,125235,0,0,0,0,1,0,0,656,55,3839,0,0,0,0,0,0,0,0,300,-409,0,0,30
2469.33,0,0,0,0,100,496,1.53095,0.00350942,1.53857,39,0,29,24,30,0,-2,0,0,1,56,3795,3818,56,142,35,614,35207,35008,108,2,65,98,212520,0,0,0,0,1,0,0,316,26,3846,0,0,0,0,0,0,0,0,300,-205,0,0,30
2469.34,0,0,0,0,100,482,1.53128,0.00348583,1.53882,39,0,29,24,30,0,-2,0,0,1,56,3795,3818,25,142,35,614,35207,35008,108,2,65,98,94875,0,0,0,0,1,0,0,601,57,3829,0,0,0,0,0,0,0,0,300,-409,0,0,30
2469.35,0,0,0,0,99,500,1.53161,0.00346224,1.53907,39,0,29,24,30,0,-2,0,0,1,56,3795,3818,25,142,35,614,35207,35008,108,2,65,98,94875,0,0,0,0,1,0,0,314,27,3846,0,0,0,0,0,0,0,0,300,-217,0,0,30
2469.36,0,0,0,0,100,485,1.53194,0.00343864,1.53932,39,0,29,24,30,0,-2,0,0,1,56,3791,3818,30,142,35,614,35207,35008,108,2,65,98,113730,0,0,0,0,1,0,0,560,56,3837,0,0,0,0,0,0,0,0,300,-364,0,0,30
2469.37,0,0,0,0,100,485,1.53228,0.00341505,1.53956,39,0,29,24,30,0,-2,0,0,1,56,3792,3818,31,142,35,614,35207,35008,108,2,65,98,117552,0,0,0,0,1,0,0,560,56,3843,0,0,0,0,0,0,0,0,300,-209,0,0,30
2469.38,0,0,0,0,99,505,1.53261,0.00339146,1.53981,39,0,29,24,30,0,-2,0,0,1,56,3792,3818,59,142,35,614,35207,35008,108,2,65,98,223728,0,0,0,0,1,0,0,296,25,3843,0,0,0,0,0,0,0,0,300,-209,0,0,30
2469.39,0,0,0,0,99,488,1.53294,0.00336787,1.54006,39,0,29,24,30,0,-2,0,0,1,56,3792,3818,59,142,35,614,35207,35008,108,2,65,98,223728,0,0,0,0,1,24,0,544,57,3837,0,0,0,0,0,0,0,0,300,-354,0,0,30
2469.4,0,0,0,0,100,509,1.53327,0.00334428,1.54031,39,0,29,24,30,0,-2,0,0,1,57,3794,3818,55,142,35,614,35185,34980,108,2,68,98,208670,0,0,0,0,1,0,0,300,25,3839,0,0,0,0,0,0,0,0,300,-189,0,0,30
2469.41,0,0,0,0,99,491,1.53323,0.00334784,1.53988,39,0,29,24,30,0,-2,0,0,0.9,57,3794,3818,41,142,35,614,35185,34980,108,2,68,98,155554,0,0,0,0,1,11,0,556,57,3837,0,0,0,0,0,0,0,0,300,-352,0,0,30
2469.42,0,0,0,0,99,515,1.53319,0.0033514,1.53945,39,0,29,24,30,0,-2,0,0,0.8,57,3794,3818,24,142,35,614,35185,34980,108,2,68,98,91056,0,0,0,0,1,0,0,296,25,3850,0,0,0,0,0,0,0,0,300,-210,0,0,30
2469.43,0,0,0,0,100,515,1.53315,0.00335496,1.53902,39,0,29,24,30,0,-2,0,0,0.7,57,3794,3818,24,142,35,614,35185,34980,108,2,68,98,91056,0,0,0,0,1,0,0,609,58,3835,0,0,0,0,0,0,0,0,300,-391,0,0,30
2469.44,0,0,0,0,99,499,1.53311,0.00335852,1.53858,39,0,29,24,30,0,-2,0,0,0.6,57,3785,3818,25,142,35,614,35185,34980,108,2,68,98,94625,0,0,0,0,1,0,0,609,58,3835,0,0,0,0,0,0,0,0,300,-391,0,0,30
2469.45,0,0,0,0,99,522,1.53307,0.00336208,1.53815,39,0,29,24,30,0,-2,0,0,0.5,57,3788,3818,39,142,35,614,35185,34980,108,2,68,98,147732,0,0,0,0,1,0,0,328,27,3850,0,0,0,0,0,0,0,0,300,-199,0,0,30
2469.46,0,0,0,0,99,508,1.53303,0.00336565,1.53772,39,0,29,24,30,0,-2,0,0,0.4,57,3788,3818,57,142,35,614,35185,34980,108,2,68,98,215916,0,0,0,0,1,0,0,689,61,3833,0,0,0,0,0,0,0,0,300,-430,0,0,30
2469.47,0,0,0,0,99,528,1.53299,0.00336921,1.53729,39,0,29,24,30,0,-2,0,0,0.3,57,3788,3818,57,142,35,614,35185,34980,108,2,68,98,215916,0,0,0,0,1,0,0,279,27,3848,0,0,0,0,0,0,0,0,300,-166,0,0,30
2469.48,0,0,0,0,99,511,1.53295,0.00337277,1.53685,39,0,29,24,30,0,-2,0,0,0.2,57,3790,3818,62,142,35,614,35185,34980,108,2,68,98,234980,0,0,0,0,1,0,0,585,60,3831,0,0,0,0,0,0,0,0,300,-382,0,0,30
2469.49,0,0,0,0,99,511,1.53292,0.00337633,1.53642,39,0,29,24,30,0,-2,0,0,0.1,57,3790,3818,30,142,35,614,35185,34980,108,2,68,98,113700,0,0,0,0,1,0,34,255,27,3852,0,0,0,0,0,0,0,0,300,-209,0,0,30
2469.5,0,0,0,0,99,532,1.53288,0.00337989,1.53599,39,0,29,24,30,0,-2,0,0,0,57,3790,3818,34,142,35,614,35155,34934,108,2,68,98,128860,0,0,0,0,1,0,34,255,27,3852,0,0,0,0,0,0,0,0,300,-209,0,0,30
2469.51,0,0,0,0,99,518,1.53295,0.00339569,1.5361,39,0,29,24,30,0,-2,0,0,0.1,57,3790,3818,34,142,35,614,35155,34934,108,2,68,98,128860,0,0,0,0,1,0,219,503,62,3824,0,0,0,0,0,0,0,0,300,-414,0,0,30
2469.52,0,0,0,0,99,538,1.53303,0.00341148,1.5362,39,0,29,24,30,0,-2,0,0,0.2,57,3786,3818,33,142,35,614,35155,34934,108,2,68,98,124938,0,0,0,0,1,0,292,0,28,3846,0,0,0,0,0,0,0,0,300,-195,0,0,30
2469.53,0,0,0,0,100,525,1.53311,0.00342727,1.53631,39,0,29,24,30,0,-2,0,0,0.3,57,3784,3818,59,142,35,614,35155,34934,108,2,68,98,223256,0,0,0,0,1,0,668,0,64,3837,0,0,0,0,0,0,0,0,300,-422,0,0,30
2469.54,0,0,0,0,99,542,1.53319,0.00344306,1.53642,39,0,29,24,30,0,-2,0,0,0.4,57,3784,3818,39,142,35,614,35155,34934,108,2,68,98,147576,0,0,0,0,1,0,251,0,27,3850,0,0,0,0,0,0,0,0,300,-155,0,0,30
2469.55,0,0,0,0,99,542,1.53327,0.00345886,1.53653,39,0,29,24,30,0,-2,0,0,0.5,57,3784,3818,39,142,35,614,35155,34934,108,2,68,98,147576,0,0,0,0,1,30,598,0,65,3829,0,0,0,0,0,0,0,0,300,-415,0,0,30
2469.56,0,0,0,0,99,530,1.53334,0.00347465,1.53664,39,0,29,24,30,0,-2,0,0,0.6,57,3785,3818,44,142,35,614,35155,34934,108,2,68,98,166540,0,0,0,0,1,30,598,0,65,3829,0,0,0,0,0,0,0,0,300,-415,0,0,30
2469.57,0,0,0,0,99,551,1.53342,0.00349044,1.53674,39,0,29,24,30,0,-2,0,0,0.7,57,3785,3818,32,142,35,614,35155,34934,108,2,68,98,121120,0,0,0,0,1,212,52,0,27,3850,0,0,0,0,0,0,0,0,300,-161,0,0,30
2469.58,0,0,0,0,99,538,1.5335,0.00350623,1.53685,39,0,29,24,30,0,-2,0,0,0.8,57,3785,3818,63,142,35,614,35155,34934,108,2,68,98,238455,0,0,0,0,1,656,0,0,65,3831,0,0,0,0,0,0,0,0,300,-430,0,0,30
2469.59,0,0,0,0,100,560,1.53358,0.00352203,1.53696,39,0,29,24,30,0,-2,0,0,0.9,57,3785,3818,63,142,35,614,35155,34934,108,2,68,98,238455,0,0,0,0,1,259,0,0,27,3850,0,0,0,0,0,0,0,0,300,-171,0,0,30
2469.6,0,0,0,0,100,540,1.53366,0.00353782,1.53707,39,0,29,24,30,0,-2,0,0,1,57,3794,3818,62,142,35,614,35188,34965,108,2,65,98,235228,0,0,0,0,1,507,0,158,62,3826,0,0,0,0,0,0,0,0,300,-411,0,0,30
2469.61,0,0,0,0,100,567,1.5339,0.00352642,1.53735,39,0,29,24,30,0,-2,0,0,1,57,3793,3818,34,142,35,614,35188,34965,108,2,65,98,128962,0,0,0,0,1,0,0,306,30,3843,0,0,0,0,0,0,0,0,300,-175,0,0,30
2469.62,0,0,0,0,100,567,1.53413,0.00351503,1.53764,39,0,29,24,30,0,-2,0,0,1,57,3793,3818,31,142,35,614,35188,34965,108,2,65,98,117583,0,0,0,0,1,0,0,306,30,3843,0,0,0,0,0,0,0,0,300,-175,0,0,30
2469.63,0,0,0,0,99,545,1.53437,0.00350363,1.53793,39,0,29,24,30,0,-2,0,0,1,57,3793,3818,31,142,35,614,35188,34965,108,2,65,98,117583,0,0,0,0,1,0,0,595,60,3831,0,0,0,0,0,0,0,0,300,-393,0,0,30
2469.64,0,0,0,0,99,573,1.53461,0.00349223,1.53821,39,0,29,24,30,0,-2,0,0,1,57,3795,3818,35,142,35,614,35188,34965,108,2,65,98,132825,0,0,0,0,1,0,151,181,37,3843,0,0,0,0,0,0,0,0,300,-191,0,0,30
2469.65,0,0,0,0,99,554,1.53484,0.00348084,1.5385,39,0,29,24,30,0,-2,0,0,1,57,3795,3816,63,142,35,614,35188,34965,108,2,65,98,239085,0,0,0,0,1,0,606,0,54,3829,0,0,0,0,0,0,0,0,300,-379,0,0,30
2469.66,0,0,0,0,99,577,1.53508,0.00346944,1.53879,39,0,29,24,30,0,-2,0,0,1,57,3795,3816,35,142,35,614,35188,34965,108,2,65,98,132825,0,0,0,0,1,17,303,0,40,3839,0,0,0,0,0,0,0,0,300,-211,0,0,30
2469.67,0,0,0,0,99,557,1.53532,0.00345805,1.53907,39,0,29,24,30,0,-2,0,0,1,57,3795,3816,35,142,35,614,35188,34965,108,2,65,98,132825,0,0,0,0,1,489,0,0,49,3837,0,0,0,0,0,0,0,0,300,-321,0,0,30
2469.68,0,0,0,0,99,557,1.53556,0.00344665,1.53936,39,0,29,24,30,0,-2,0,0,1,57,3792,3816,33,142,35,614,35188,34965,108,2,65,98,125136,0,0,0,0,1,489,0,0,49,3837,0,0,0,0,0,0,0,0,300,-321,0,0,30
2469.69,0,0,0,0,100,578,1.53579,0.00343525,1.53965,39,0,29,24,30,0,-2,0,0,1,57,3792,3816,36,142,35,614,35188,34965,108,2,65,98,136512,0,0,0,0,1,279,0,0,38,3841,0,0,0,0,0,0,0,0,300,-176,0,0,30
2469.7,0,0,0,0,100,566,1.53603,0.00342386,1.53993,39,0,29,24,30,0,-2,0,0,1,57,3792,3816,62,142,35,614,35174,34962,107,2,68,98,235104,0,0,0,0,1,257,0,270,47,3833,0,0,0,0,0,0,0,0,300,-312,0,0,30
2469.71,0,0,0,0,99,588,1.53601,0.00342616,1.53979,39,0,29,24,30,0,-2,0,0,1,57,3792,3816,62,142,35,614,35174,34962,107,2,68,98,235104,0,0,0,0,1,0,0,349,42,3846,0,0,0,0,0,0,0,0,300,-205,0,0,30
2469.72,0,0,0,0,99,575,1.536,0.00342846,1.53965,39,0,29,24,30,0,-2,0,0,1,57,3792,3816,61,142,35,614,35174,34962,107,2,68,98,231312,0,0,0,0,1,0,268,331,51,3833,0,0,0,0,0,0,0,0,300,-345,0,0,30
2469.73,0,0,0,0,100,588,1.53598,0.00343076,1.53951,39,0,29,24,30,0,-2,0,0,1,57,3792,3817,33,142,35,614,35174,34962,107,2,68,98,125136,0,0,0,0,1,0,450,0,53,3839,0,0,0,0,0,0,0,0,300,-263,0,0,30
2469.74,0,0,0,0,100,588,1.53596,0.00343306,1.53936,39,0,29,24,30,0,-2,0,0,1,57,3792,3817,36,142,35,614,35174,34962,107,2,68,98,136512,0,0,0,0,1,0,450,0,53,3839,0,0,0,0,0,0,0,0,300,-263,0,0,30
2469.75,0,0,0,0,100,572,1.53594,0.00343536,1.53922,39,0,29,24,30,0,-2,0,0,1,57,3792,3817,36,142,35,614,35174,34962,107,2,68,98,136512,0,0,0,0,1,220,325,0,46,3839,0,0,0,0,0,0,0,0,300,-320,0,0,30
2469.76,0,0,0,0,100,573,1.53593,0.00343766,1.53908,39,0,29,24,30,0,-2,0,0,1,57,3784,3817,35,142,35,614,35174,34962,107,2,68,98,132440,0,0,0,0,1,580,0,0,61,3833,0,0,0,0,0,0,0,0,300,-362,0,0,30
2469.77,0,0,0,0,100,579,1.53591,0.00343996,1.53894,39,0,29,24,30,0,-2,0,0,1,57,3784,3817,65,142,35,614,35174,34962,107,2,68,98,245960,0,0,0,0,1,304,0,79,36,3835,0,0,0,0,0,0,0,0,300,-255,0,0,30
2469.78,0,0,0,0,99,580,1.53589,0.00344226,1.53879,39,0,29,24,30,0,-2,0,0,1,57,3784,3817,34,142,35,614,35174,34962,107,2,68,98,128656,0,0,0,0,1,0,0,587,62,3839,0,0,0,0,0,0,0,0,300,-369,0,0,30
2469.79,0,0,0,0,99,590,1.53587,0.00344456,1.53865,39,0,29,24,30,0,-2,0,0,1,57,3784,3817,34,142,35,614,35174,34962,107,2,68,98,128656,0,0,0,0,1,0,82,298,37,3841,0,0,0,0,0,0,0,0,300,-254,0,0,30
2469.8,0,0,0,0,100,590,1.53586,0.00344686,1.53851,39,0,29,24,30,0,-2,0,0,1,57,3782,3817,38,142,35,614,35106,34845,108,2,65,73,143716,0,0,0,0,1,0,82,298,37,3841,0,0,0,0,0,0,0,0,300,-254,0,0,30
2469.81,0,0,0,0,100,584,1.53548,0.0034721,1.53818,39,0,29,24,30,0,-2,0,0,0.9,57,3782,3817,34,142,35,614,35106,34845,108,2,65,73,128588,0,0,0,0,1,0,604,0,65,3837,0,0,0,0,0,0,0,0,300,-373,0,0,30
2469.82,0,0,0,0,100,583,1.5351,0.00349735,1.53785,39,0,29,24,30,0,-2,0,0,0.8,57,3782,3817,66,142,35,614,35106,34845,108,2,65,73,249612,0,0,0,0,1,91,286,0,34,3837,0,0,0,0,0,0,0,0,300,-228,0,0,30
2469.83,0,0,0,0,100,579,1.53472,0.00352259,1.53752,39,0,29,24,30,0,-2,0,0,0.7,57,3782,3817,66,142,35,614,35106,34845,108,2,65,73,249612,0,0,0,0,1,613,0,0,67,3835,0,0,0,0,0,0,0,0,300,-374,0,0,30
2469.84,0,0,0,0,99,582,1.53434,0.00354784,1.53718,39,0,29,24,30,0,-2,0,0,0.6,57,3795,3817,71,142,35,614,35106,34845,108,2,65,73,269445,0,0,0,0,1,320,0,85,36,3846,0,0,0,0,0,0,0,0,300,-249,0,0,30
2469.85,0,0,0,0,99,582,1.53396,0.00357309,1.53685,39,0,29,24,30,0,-2,0,0,0.5,57,3794,3817,39,142,35,614,35106,34845,108,2,65,73,147966,0,0,0,0,1,0,0,657,70,3826,0,0,0,0,0,0,0,0,300,-430,0,0,30
2469.86,0,0,0,0,99,575,1.53359,0.00359833,1.53652,39,0,29,24,30,0,-2,0,0,0.4,57,3794,3817,37,142,35,614,35106,34845,108,2,65,73,140378,0,0,0,0,1,0,0,657,70,3826,0,0,0,0,0,0,0,0,300,-430,0,0,30
2469.87,0,0,0,0,99,581,1.53321,0.00362358,1.53619,39,0,29,24,30,0,-2,0,0,0.3,57,3794,3817,37,142,35,614,35106,34845,108,2,65,73,140378,0,0,0,0,1,0,57,366,35,3848,0,0,0,0,0,0,0,0,300,-256,0,0,30
2469.88,0,0,0,0,99,563,1.53283,0.00364883,1.53586,39,0,29,24,30,0,-2,0,0,0.2,57,3792,3817,36,142,35,614,35106,34845,108,2,65,73,136512,0,0,0,0,1,0,598,0,69,3837,0,0,0,0,0,0,0,0,300,-408,0,0,30
2469.89,0,0,0,0,99,582,1.53245,0.00367407,1.53553,39,0,29,24,30,0,-2,0,0,0.1,57,3792,3817,69,142,35,614,35106,34845,108,2,65,73,261648,0,0,0,0,1,17,303,0,30,3843,0,0,0,0,0,0,0,0,300,-210,0,0,30
2469.9,0,0,0,0,99,564,1.53207,0.00369932,1.5352,39,0,29,24,30,0,-2,0,0,0,57,3792,3817,47,142,35,614,35173,34957,108,2,65,98,178224,0,0,0,0,1,452,178,0,68,3824,0,0,0,0,0,0,0,0,300,-380,0,0,30
2469.91,0,0,0,0,100,564,1.53166,0.00368788,1.53523,39,0,29,24,30,0,-2,0,0,0.1,57,3792,3817,47,142,35,614,35173,34957,108,2,65,98,178224,0,0,0,0,1,292,0,0,32,3843,0,0,0,0,0,0,0,0,300,-192,0,0,30
2469.92,0,0,0,0,100,589,1.53125,0.00367644,1.53526,39,0,29,24,30,0,-2,0,0,0.2,57,3791,3817,55,142,35,614,35173,34957,108,2,65,98,208505,0,0,0,0,1,292,0,0,32,3843,0,0,0,0,0,0,0,0,300,-192,0,0,30
2469.93,0,0,0,0,100,561,1.53083,0.00366499,1.53529,39,0,29,24,30,0,-2,0,0,0.3,57,3792,3817,33,142,35,614,35173,34957,108,2,65,98,125136,0,0,0,0,1,398,0,314,71,3826,0,0,0,0,0,0,0,0,300,-410,0,0,30
2469.94,0,0,0,0,100,581,1.53042,0.00365355,1.53532,39,0,29,24,30,0,-2,0,0,0.4,57,3792,3817,57,142,35,614,35173,34957,108,2,65,98,216144,0,0,0,0,1,0,0,312,34,3846,0,0,0,0,0,0,0,0,300,-211,0,0,30
2469.95,0,0,0,0,100,551,1.53001,0.00364211,1.53536,39,0,29,24,30,0,-2,0,0,0.5,57,3792,3817,57,142,35,614,35173,34957,108,2,65,98,216144,0,0,0,0,1,0,67,628,68,3826,0,0,0,0,0,0,0,0,300,-451,0,0,30
2469.96,0,0,0,0,99,570,1.52959,0.00363067,1.53539,39,0,29,24,30,0,-2,0,0,0.6,57,3793,3817,56,142,35,614,35173,34957,108,2,65,98,212408,0,0,0,0,1,0,309,0,34,3839,0,0,0,0,0,0,0,0,300,-204,0,0,30
2469.97,0,0,0,0,100,570,1.52918,0.00361923,1.53542,39,0,29,24,30,0,-2,0,0,0.7,57,3793,3815,68,142,35,614,35173,34957,108,2,65,98,257924,0,0,0,0,1,0,694,0,65,3826,0,0,0,0,0,0,0,0,300,-405,0,0,30
2469.98,0,0,0,0,99,548,1.52877,0.00360779,1.53545,39,0,29,24,30,0,-2,0,0,0.8,57,3793,3815,34,142,35,614,35173,34957,108,2,65,98,128962,0,0,0,0,1,0,694,0,65,3826,0,0,0,0,0,0,0,0,300,-405,0,0,30
2469.99,0,0,0,0,99,575,1.52835,0.00359635,1.53548,39,0,29,24,30,0,-2,0,0,0.9,57,3793,3815,34,142,35,614,35173,34957,108,2,65,98,128962,0,0,0,0,1,97,192,0,30,3839,0,0,0,0,0,0,0,0,300,-171,0,0,30
2470,0,0,0,0,100,552,1.52794,0.00358491,1.53551,39,0,29,24,30,0,-2,0,0,1,58,3784,3815,32,142,35,614,35111,34870,107,2,68,98,121088,0,0,0,0,1,656,0,0,62,3833,0,0,0,0,0,0,0,0,300,-426,0,0,30
2470.01,0,0,0,0,100,570,1.52849,0.0035939,1.53548,39,0,29,24,30,0,-2,0,0,1,58,3785,3815,46,142,35,614,35111,34870,107,2,68,98,174110,0,0,0,0,1,308,0,5,38,3848,0,0,0,0,0,0,0,0,300,-209,0,0,30
2470.02,0,0,0,0,100,546,1.52903,0.0036029,1.53546,39,0,29,24,30,0,-2,0,0,1,58,3785,3815,70,142,35,614,35111,34870,107,2,68,98,264950,0,0,0,0,1,322,0,310,57,3835,0,0,0,0,0,0,0,0,300,-403,0,0,30
2470.03,0,0,0,0,100,546,1.52958,0.0036119,1.53543,39,0,29,24,30,0,-2,0,0,1,58,3785,3815,70,142,35,614,35111,34870,107,2,68,98,264950,0,0,0,0,1,0,0,486,50,3846,0,0,0,0,0,0,0,0,300,-301,0,0,30
2470.04,0,0,0,0,100,561,1.53012,0.00362089,1.5354,39,0,29,24,30,0,-2,0,0,1,58,3785,3815,76,142,35,614,35111,34870,107,2,68,98,287660,0,0,0,0,1,0,0,486,50,3846,0,0,0,0,0,0,0,0,300,-301,0,0,30
2470.05,0,0,0,0,100,547,1.53067,0.00362989,1.53537,39,0,29,24,30,0,-2,0,0,1,58,3785,3814,40,142,35,614,35111,34870,107,2,68,98,151400,0,0,0,0,1,0,2,542,54,3843,0,0,0,0,0,0,0,0,300,-382,0,0,30
2470.06,0,0,0,0,100,556,1.53122,0.00363888,1.53534,39,0,29,24,30,0,-2,0,0,1,58,3785,3814,46,142,35,614,35111,34870,107,2,68,98,174110,0,0,0,0,1,0,205,351,54,3850,0,0,0,0,0,0,0,0,300,-306,0,0,30
2470.07,0,0,0,0,100,542,1.53176,0.00364788,1.53531,39,0,29,24,30,0,-2,0,0,1,58,3785,3814,46,142,35,614,35111,34870,107,2,68,98,174110,0,0,0,0,1,0,520,0,46,3841,0,0,0,0,0,0,0,0,300,-345,0,0,30
2470.08,0,0,0,0,100,548,1.53231,0.00365688,1.53528,39,0,29,24,30,0,-2,0,0,1,58,3781,3814,39,142,35,614,35111,34870,107,2,68,98,147459,0,0,0,0,1,0,489,0,53,3833,0,0,0,0,0,0,0,0,300,-286,0,0,30
2470.09,0,0,0,0,99,539,1.53285,0.00366587,1.53526,39,0,29,24,30,0,-2,0,0,1,58,3781,3814,71,142,35,614,35111,34870,107,2,68,98,268451,0,0,0,0,1,15,401,0,35,3841,0,0,0,0,0,0,0,0,300,-276,0,0,30
2470.1,0,0,0,0,100,539,1.5334,0.00367487,1.53523,39,0,29,24,30,0,-2,0,0,1,57,3781,3814,47,142,35,614,35075,34815,108,2,87,98,177707,0,0,0,0,1,15,401,0,35,3841,0,0,0,0,0,0,0,0,300,-276,0,0,30
2470.11,0,0,0,0,99,548,1.53345,0.00366815,1.53537,39,0,29,24,30,0,-2,0,0,1,57,3781,3814,47,142,35,614,35075,34815,108,2,87,98,177707,0,0,0,0,1,240,180,0,48,3829,0,0,0,0,0,0,0,0,300,-247,0,0,30
2470.12,0,0,0,0,100,540,1.53351,0.00366143,1.53551,39,0,29,24,30,0,-2,0,0,1,57,3780,3814,52,142,35,614,35075,34815,108,2,87,98,196560,0,0,0,0,1,435,0,0,36,3835,0,0,0,0,0,0,0,0,300,-283,0,0,30
2470.13,0,0,0,0,100,548,1.53356,0.00365471,1.53564,39,0,29,24,30,0,-2,0,0,1,57,3780,3814,37,142,35,614,35075,34815,108,2,87,98,139860,0,0,0,0,1,433,0,0,52,3841,0,0,0,0,0,0,0,0,300,-268,0,0,30
2470.14,0,0,0,0,100,538,1.53362,0.00364799,1.53578,39,0,29,24,30,0,-2,0,0,1,57,3780,3818,74,142,35,614,35075,34815,108,2,87,98,279720,0,0,0,0,1,458,0,76,43,3837,0,0,0,0,0,0,0,0,300,-328,0,0,30
2470.15,0,0,0,0,99,538,1.53368,0.00364128,1.53592,39,0,29,24,30,0,-2,0,0,1,57,3780,3818,74,142,35,614,35075,34815,108,2,87,98,279720,0,0,0,0,1,152,0,396,62,3833,0,0,0,0,0,0,0,0,300,-349,0,0,30
2470.16,0,0,0,0,100,542,1.53373,0.00363456,1.53606,39,0,29,24,30,0,-2,0,0,1,57,3780,3818,75,142,35,614,35075,34815,108,2,87,98,283500,0,0,0,0,1,152,0,396,62,3833,0,0,0,0,0,0,0,0,300,-349,0,0,30
2470.17,0,0,0,0,100,537,1.53379,0.00362784,1.5362,39,0,29,24,30,0,-2,0,0,1,57,3787,3818,61,142,35,614,35075,34815,108,2,87,98,231007,0,0,0,0,1,0,0,509,40,3835,0,0,0,0,0,0,0,0,300,-306,0,0,30
2470.18,0,0,0,0,100,532,1.53384,0.00362112,1.53634,39,0,29,24,30,0,-2,0,0,1,57,3787,3818,37,142,35,614,35075,34815,108,2,87,98,140119,0,0,0,0,1,0,0,636,62,3835,0,0,0,0,0,0,0,0,300,-383,0,0,30
2470.19,0,0,0,0,99,533,1.5339,0.0036144,1.53648,39,0,29,24,30,0,-2,0,0,1,57,3787,3818,37,142,35,614,35075,34815,108,2,87,98,140119,0,0,0,0,1,0,16,378,31,3843,0,0,0,0,0,0,0,0,300,-253,0,0,30
2470.2,0,0,0,0,100,525,1.53395,0.00360769,1.53662,39,0,29,24,30,0,-2,0,0,1,57,3786,3818,33,142,35,614,35135,34878,108,2,65,98,124938,0,0,0,0,1,0,69,513,62,3837,0,0,0,0,0,0,0,0,300,-397,0,0,30
2470.21,0,0,0,0,99,543,1.5341,0.00362074,1.53635,39,0,29,24,30,0,-2,0,0,1,57,3786,3818,60,142,35,614,35135,34878,108,2,65,98,227160,0,0,0,0,1,0,262,17,25,3848,0,0,0,0,0,0,0,0,300,-166,0,0,30
2470.22,0,0,0,0,100,543,1.53425,0.00363379,1.53608,39,0,29,24,30,0,-2,0,0,1,57,3786,3818,68,142,35,614,35135,34878,108,2,65,98,257448,0,0,0,0,1,0,262,17,25,3848,0,0,0,0,0,0,0,0,300,-166,0,0,30
2470.23,0,0,0,0,100,528,1.5344,0.00364685,1.53581,39,0,29,24,30,0,-2,0,0,1,57,3786,3818,68,142,35,614,35135,34878,108,2,65,98,257448,0,0,0,0,1,0,606,0,62,3835,0,0,0,0,0,0,0,0,300,-403,0,0,30
2470.24,0,0,0,0,99,554,1.53455,0.0036599,1.53555,39,0,29,24,30,0,-2,0,0,1,57,3794,3818,74,142,35,614,35135,34878,108,2,65,98,280756,0,0,0,0,1,0,287,0,29,3846,0,0,0,0,0,0,0,0,300,-182,0,0,30
2470.25,0,0,0,0,99,527,1.5347,0.00367295,1.53528,39,0,29,24,30,0,-2,0,0,1,57,3792,3818,38,142,35,614,35135,34878,108,2,65,98,144096,0,0,0,0,1,19,632,0,67,3824,0,0,0,0,0,0,0,0,300,-433,0,0,30
2470.26,0,0,0,0,100,550,1.53485,0.00368601,1.53501,39,0,29,24,30,0,-2,0,0,1,57,3792,3818,54,142,35,614,35135,34878,108,2,65,98,204768,0,0,0,0,1,240,79,0,32,3848,0,0,0,0,0,0,0,0,300,-192,0,0,30
2470.27,0,0,0,0,99,518,1.535,0.00369906,1.53474,39,0,29,24,30,0,-2,0,0,1,57,3792,3818,54,142,35,614,35135,34878,108,2,65,98,204768,0,0,0,0,1,621,0,0,66,3829,0,0,0,0,0,0,0,0,300,-409,0,0,30
2470.28,0,0,0,0,99,518,1.53515,0.00371212,1.53447,39,0,29,24,30,0,-2,0,0,1,57,3792,3818,44,142,35,614,35135,34878,108,2,65,98,166848,0,0,0,0,1,621,0,0,66,3829,0,0,0,0,0,0,0,0,300,-409,0,0,30
2470.29,0,0,0,0,99,538,1.5353,0.00372517,1.5342,39,0,29,24,30,0,-2,0,0,1,57,3792,3818,71,142,35,614,35135,34878,108,2,65,98,269232,0,0,0,0,1,328,0,0,32,3841,0,0,0,0,0,0,0,0,300,-199,0,0,30
2470.3,0,0,0,0,99,512,1.53545,0.00373822,1.53394,39,0,29,24,30,0,-2,0,0,1,56,3792,3818,37,142,35,614,35167,34953,108,2,65,98,140304,0,0,0,0,1,692,0,0,61,3826,0,0,0,0,0,0,0,0,300,-405,0,0,30
2470.31,0,0,0,0,100,542,1.53506,0.00373904,1.53454,39,0,29,24,30,0,-2,0,0,1,56,3792,3818,37,142,35,614,35167,34953,108,2,65,98,140304,0,0,0,0,1,269,0,15,27,3839,0,0,0,0,0,0,0,0,300,-182,0,0,30
2470.32,0,0,0,0,99,521,1.53466,0.00373985,1.53515,39,0,29,24,30,0,-2,0,0,1,56,3786,3818,47,142,35,614,35167,34953,108,2,65,98,177942,0,0,0,0,1,517,0,126,54,3826,0,0,0,0,0,0,0,0,300,-393,0,0,30
2470.33,0,0,0,0,100,521,1.53427,0.00374067,1.53575,39,0,29,24,30,0,-2,0,0,1,56,3789,3818,36,142,35,614,35167,34953,108,2,65,98,136404,0,0,0,0,1,0,0,269,27,3850,0,0,0,0,0,0,0,0,300,-180,0,0,30
2470.34,0,0,0,0,100,550,1.53388,0.00374148,1.53636,39,0,29,24,30,0,-2,0,0,1,56,3789,3818,72,142,35,614,35167,34953,108,2,65,98,272808,0,0,0,0,1,0,0,269,27,3850,0,0,0,0,0,0,0,0,300,-180,0,0,30
2470.35,0,0,0,0,100,527,1.53348,0.0037423,1.53696,39,0,29,24,30,0,-2,0,0,1,56,3789,3818,72,142,35,614,35167,34953,108,2,65,98,272808,0,0,0,0,1,0,0,704,59,3826,0,0,0,0,0,0,0,0,300,-422,0,0,30
2470.36,0,0,0,0,99,551,1.53309,0.00374311,1.53757,39,0,29,24,30,0,-2,0,0,1,56,3790,3818,72,142,35,614,35167,34953,108,2,65,98,272880,0,0,0,0,1,0,0,287,34,3843,0,0,0,0,0,0,0,0,300,-214,0,0,30
2470.37,0,0,0,0,100,525,1.5327,0.00374393,1.53817,39,0,29,24,30,0,-2,0,0,1,56,3790,3818,64,142,35,614,35167,34953,108,2,65,98,242560,0,0,0,0,1,0,93,645,65,3824,0,0,0,0,0,0,0,0,300,-467,0,0,30
2470.38,0,0,0,0,100,546,1.5323,0.00374475,1.53878,39,0,29,24,30,0,-2,0,0,1,56,3790,3818,34,142,35,614,35167,34953,108,2,65,98,128860,0,0,0,0,1,0,301,0,38,3841,0,0,0,0,0,0,0,0,300,-201,0,0,30
2470.39,0,0,0,0,100,546,1.53191,0.00374556,1.53938,39,0,29,24,30,0,-2,0,0,1,56,3790,3818,34,142,35,614,35167,34953,108,2,65,98,128860,0,0,0,0,1,0,665,0,63,3833,0,0,0,0,0,0,0,0,300,-435,0,0,30
2470.4,0,0,0,0,100,523,1.53152,0.00374638,1.53999,39,0,29,24,30,0,-2,0,0,1,57,3780,3818,32,142,35,614,35072,34804,108,2,65,98,120960,0,0,0,0,1,0,665,0,63,3833,0,0,0,0,0,0,0,0,300,-435,0,0,30
2470.41,0,0,0,0,100,547,1.53172,0.00371549,1.53948,39,0,29,24,30,0,-2,0,0,1,57,3781,3818,59,142,35,614,35072,34804,108,2,65,98,223079,0,0,0,0,1,0,292,0,35,3854,0,0,0,0,0,0,0,0,300,-170,0,0,30
2470.42,0,0,0,0,100,527,1.53192,0.00368461,1.53897,39,0,29,24,30,0,-2,0,0,1,57,3781,3818,55,142,35,614,35072,34804,108,2,65,98,207955,0,0,0,0,1,11,545,0,54,3839,0,0,0,0,0,0,0,0,300,-369,0,0,30
2470.43,0,0,0,0,99,548,1.53212,0.00365372,1.53847,39,0,29,24,30,0,-2,0,0,1,57,3781,3818,55,142,35,614,35072,34804,108,2,65,98,207955,0,0,0,0,1,85,233,0,37,3846,0,0,0,0,0,0,0,0,300,-191,0,0,30
2470.44,0,0,0,0,100,534,1.53232,0.00362284,1.53796,39,0,29,24,30,0,-2,0,0,1,57,3783,3818,59,142,35,614,35072,34804,108,2,65,98,223197,0,0,0,0,1,476,0,0,43,3835,0,0,0,0,0,0,0,0,300,-318,0,0,30
2470.45,0,0,0,0,100,534,1.53252,0.00359195,1.53745,39,0,29,24,30,0,-2,0,0,1,57,3783,3818,35,142,35,614,35072,34804,108,2,65,98,132405,0,0,0,0,1,451,0,0,48,3831,0,0,0,0,0,0,0,0,300,-277,0,0,30
2470.46,0,0,0,0,100,542,1.53273,0.00356107,1.53695,39,0,29,24,30,0,-2,0,0,1,57,3782,3818,66,142,35,614,35072,34804,108,2,65,98,249612,0,0,0,0,1,451,0,0,48,3831,0,0,0,0,0,0,0,0,300,-277,0,0,30
2470.47,0,0,0,0,100,538,1.53293,0.00353019,1.53644,39,0,29,24,30,0,-2,0,0,1,57,3782,3818,66,142,35,614,35072,34804,108,2,65,98,249612,0,0,0,0,1,396,0,3,37,3835,0,0,0,0,0,0,0,0,300,-264,0,0,30
2470.48,0,0,0,0,100,543,1.53313,0.0034993,1.53594,39,0,29,24,30,0,-2,0,0,1,57,3782,3818,65,142,35,614,35072,34804,108,2,65,98,245830,0,0,0,0,1,437,0,101,57,3831,0,0,0,0,0,0,0,0,300,-349,0,0,30
2470.49,0,0,0,0,99,546,1.53333,0.00346842,1.53543,39,0,29,24,30,0,-2,0,0,1,57,3779,3818,66,142,35,614,35072,34804,108,2,65,98,249414,0,0,0,0,1,0,0,451,39,3850,0,0,0,0,0,0,0,0,300,-286,0,0,30
2470.5,0,0,0,0,100,541,1.53353,0.00343753,1.53492,39,0,29,24,30,0,-2,0,0,1,57,3779,3818,33,142,35,614,35072,34812,108,2,68,98,124707,0,0,0,0,1,0,0,650,62,3837,0,0,0,0,0,0,0,0,300,-378,0,0,30
2470.51,0,0,0,0,100,541,1.53354,0.00344747,1.53534,39,0,29,24,30,0,-2,0,0,1,57,3779,3818,33,142,35,614,35072,34812,108,2,68,98,124707,0,0,0,0,1,0,10,399,36,3841,0,0,0,0,0,0,0,0,300,-274,0,0,30
2470.52,0,0,0,0,100,540,1.53355,0.00345741,1.53575,39,0,29,24,30,0,-2,0,0,1,57,3781,3818,29,143,35,614,35072,34812,108,2,68,98,109649,0,0,0,0,1,0,10,399,36,3841,0,0,0,0,0,0,0,0,300,-274,0,0,30
2470.53,0,0,0,0,99,539,1.53356,0.00346735,1.53616,39,0,29,24,30,0,-2,0,0,1,57,3781,3818,35,143,35,614,35072,34812,108,2,68,98,132335,0,0,0,0,1,0,123,452,57,3835,0,0,0,0,0,0,0,0,300,-353,0,0,30
2470.54,0,0,0,0,100,544,1.53357,0.00347729,1.53657,39,0,29,24,30,0,-2,0,0,1,57,3783,3818,69,143,35,614,35072,34812,108,2,68,98,261027,0,0,0,0,1,0,346,0,31,3841,0,0,0,0,0,0,0,0,300,-226,0,0,30
2470.55,0,0,0,0,99,545,1.53358,0.00348723,1.53698,39,0,29,24,30,0,-2,0,0,1,57,3783,3818,69,143,35,614,35072,34812,108,2,68,98,261027,0,0,0,0,1,0,565,0,56,3839,0,0,0,0,0,0,0,0,300,-338,0,0,30
2470.56,0,0,0,0,99,551,1.53359,0.00349717,1.5374,39,0,29,24,30,0,-2,0,0,1,57,3782,3818,73,143,35,614,35072,34812,108,2,68,98,276086,0,0,0,0,1,7,313,0,29,3841,0,0,0,0,0,0,0,0,300,-214,0,0,30
2470.57,0,0,0,0,99,549,1.5336,0.00350711,1.53781,39,0,29,24,30,0,-2,0,0,1,57,3782,3818,59,143,35,614,35072,34812,108,2,68,98,223138,0,0,0,0,1,298,257,0,60,3835,0,0,0,0,0,0,0,0,300,-325,0,0,30
2470.58,0,0,0,0,100,549,1.53361,0.00351705,1.53822,39,0,29,24,30,0,-2,0,0,1,57,3782,3818,37,143,35,614,35072,34812,108,2,68,98,139934,0,0,0,0,1,298,257,0,60,3835,0,0,0,0,0,0,0,0,300,-325,0,0,30
2470.59,0,0,0,0,99,553,1.53362,0.00352699,1.53863,39,0,29,24,30,0,-2,0,0,1,57,3782,3818,37,143,35,614,35072,34812,108,2,68,98,139934,0,0,0,0,1,419,0,0,35,3846,0,0,0,0,0,0,0,0,300,-258,0,0,30
2470.6,0,0,0,0,100,547,1.53363,0.00353693,1.53905,39,0,29,24,30,0,-2,0,0,1,57,3780,3818,33,143,35,614,35076,34780,107,2,65,73,124740,0,0,0,0,1,572,0,0,67,3826,0,0,0,0,0,0,0,0,300,-373,0,0,30
2470.61,0,0,0,0,100,553,1.53354,0.00352303,1.53899,39,0,29,24,30,0,-2,0,0,1,57,3780,3818,65,143,35,614,35076,34780,107,2,65,73,245700,0,0,0,0,1,197,0,208,34,3843,0,0,0,0,0,0,0,0,300,-225,0,0,30
2470.62,0,0,0,0,100,541,1.53345,0.00350913,1.53893,39,0,29,24,30,0,-2,0,0,1,57,3780,3818,51,143,35,614,35076,34780,107,2,65,73,192780,0,0,0,0,1,0,0,622,68,3826,0,0,0,0,0,0,0,0,300,-422,0,0,30
2470.63,0,0,0,0,100,541,1.53335,0.00349522,1.53887,39,0,29,24,30,0,-2,0,0,1,57,3780,3818,51,143,35,614,35076,34780,107,2,65,73,192780,0,0,0,0,1,0,0,622,68,3843,0,0,0,0,0,0,0,0,300,-181,0,0,30
2470.64,0,0,0,0,100,555,1.53326,0.00348132,1.53882,39,0,29,24,30,0,-2,0,0,1,57,3780,3818,53,143,35,614,35076,34780,107,2,65,73,200340,0,0,0,0,1,0,0,302,27,3843,0,0,0,0,0,0,0,0,300,-181,0,0,30
2470.65,0,0,0,0,100,537,1.53317,0.00346742,1.53876,39,0,29,24,30,0,-2,0,0,1,57,3780,3818,32,143,35,614,35076,34780,107,2,65,73,120960,0,0,0,0,1,0,43,581,65,3826,0,0,0,0,0,0,0,0,300,-414,0,0,30
2470.66,0,0,0,0,99,565,1.53308,0.00345351,1.5387,39,0,29,24,30,0,-2,0,0,1,57,3783,3818,61,143,35,614,35076,34780,107,2,65,73,230763,0,0,0,0,1,0,276,1,26,3846,0,0,0,0,0,0,0,0,300,-179,0,0,30
2470.67,0,0,0,0,99,545,1.53298,0.00343961,1.53864,39,0,29,24,30,0,-2,0,0,1,57,3783,3818,61,143,35,614,35076,34780,107,2,65,73,230763,0,0,0,0,1,0,678,0,62,3835,0,0,0,0,0,0,0,0,300,-403,0,0,30
2470.68,0,0,0,0,99,578,1.53289,0.00342571,1.53858,39,0,29,24,30,0,-2,0,0,1,57,3782,3818,69,143,35,614,35076,34780,107,2,65,73,260958,0,0,0,0,1,76,233,0,31,3837,0,0,0,0,0,0,0,0,300,-187,0,0,30
2470.69,0,0,0,0,99,551,1.5328,0.00341181,1.53853,39,0,29,24,30,0,-2,0,0,1,57,3782,3818,65,143,35,614,35076,34780,107,2,65,73,245830,0,0,0,0,1,644,0,0,65,3822,0,0,0,0,0,0,0,0,300,-425,0,0,30
2470.7,0,0,0,0,100,551,1.5327,0.0033979,1.53847,39,0,29,24,30,0,-2,0,0,1,57,3782,3818,33,143,35,614,35092,34821,108,2,68,73,124806,0,0,0,0,1,644,0,0,65,3822,0,0,0,0,0,0,0,0,300,-425,0,0,30
2470.71,0,0,0,0,100,570,1.53268,0.00339686,1.53863,39,0,29,24,30,0,-2,0,0,1,57,3782,3818,33,143,35,614,35092,34821,108,2,68,73,124806,0,0,0,0,1,294,0,0,36,3837,0,0,0,0,0,0,0,0,300,-197,0,0,30
2470.72,0,0,0,0,100,537,1.53265,0.00339582,1.5388,39,0,29,24,30,0,-2,0,0,1,57,3780,3818,30,143,35,614,35092,34821,108,2,68,73,113400,0,0,0,0,1,546,0,161,65,3829,0,0,0,0,0,0,0,0,300,-432,0,0,30
2470.73,0,0,0,0,100,559,1.53262,0.00339478,1.53896,39,0,29,24,30,0,-2,0,0,1,57,3781,3818,56,143,35,614,35092,34821,108,2,68,73,211736,0,0,0,0,1,0,0,298,32,3839,0,0,0,0,0,0,0,0,300,-195,0,0,30
2470.74,0,0,0,0,99,539,1.5326,0.00339374,1.53913,39,0,29,24,30,0,-2,0,0,1,57,3781,3822,70,143,35,614,35092,34821,108,2,68,73,264670,0,0,0,0,1,0,0,679,57,3835,0,0,0,0,0,0,0,0,300,-377,0,0,30
2470.75,0,0,0,0,99,570,1.53257,0.00339269,1.53929,39,0,29,24,30,0,-2,0,0,1,57,3781,3822,70,143,35,614,35092,34821,108,2,68,73,264670,0,0,0,0,1,0,35,199,28,3850,0,0,0,0,0,0,0,0,300,-189,0,0,30
2470.76,0,0,0,0,100,570,1.53254,0.00339165,1.53945,39,0,29,24,30,0,-2,0,0,1,57,3784,3822,71,143,35,614,35092,34821,108,2,68,73,268664,0,0,0,0,1,0,35,199,28,3850,0,0,0,0,0,0,0,0,300,-189,0,0,30
2470.77,0,0,0,0,99,556,1.53252,0.00339061,1.53962,39,0,29,24,30,0,-2,0,0,1,57,3784,3822,35,143,35,614,35092,34821,108,2,68,73,132440,0,0,0,0,1,0,563,0,55,3833,0,0,0,0,0,0,0,0,300,-371,0,0,30
2470.78,0,0,0,0,100,576,1.53249,0.00338957,1.53978,39,0,29,24,30,0,-2,0,0,1,57,3784,3822,38,143,35,614,35092,34821,108,2,68,73,143792,0,0,0,0,1,0,286,0,34,3843,0,0,0,0,0,0,0,0,300,-190,0,0,30
2470.79,0,0,0,0,99,554,1.53246,0.00338852,1.53995,39,0,29,24,30,0,-2,0,0,1,57,3784,3822,38,143,35,614,35092,34821,108,2,68,73,143792,0,0,0,0,1,349,311,0,59,3831,0,0,0,0,0,0,0,0,300,-386,0,0,30
2470.8,0,0,0,0,99,571,1.53244,0.00338748,1.54011,39,0,29,24,30,0,-2,0,0,1,57,3783,3822,39,143,35,614,35095,34827,108,2,68,73,147537,0,0,0,0,1,392,0,0,42,3837,0,0,0,0,0,0,0,0,300,-236,0,0,30
2470.81,0,0,0,0,100,547,1.53235,0.00339464,1.53995,39,0,29,24,30,0,-2,0,0,1,57,3781,3822,75,143,35,614,35095,34827,108,2,68,73,283575,0,0,0,0,1,581,0,32,56,3829,0,0,0,0,0,0,0,0,300,-406,0,0,30
2470.82,0,0,0,0,100,547,1.53226,0.00340179,1.53979,39,0,29,24,30,0,-2,0,0,1,57,3781,3822,51,143,35,614,35095,34827,108,2,68,73,192831,0,0,0,0,1,581,0,32,56,3829,0,0,0,0,0,0,0,0,300,-406,0,0,30
2470.83,0,0,0,0,100,561,1.53217,0.00340895,1.53964,39,0,29,24,30,0,-2,0,0,1,57,3781,3822,51,142,35,614,35095,34827,108,2,68,73,192831,0,0,0,0,1,54,0,357,49,3841,0,0,0,0,0,0,0,0,300,-245,0,0,30
2470.84,0,0,0,0,100,554,1.53209,0.0034161,1.53948,39,0,29,24,30,0,-2,0,0,1,57,3780,3822,41,142,35,614,35095,34827,108,2,68,73,154980,0,0,0,0,1,0,0,539,44,3839,0,0,0,0,0,0,0,0,300,-316,0,0,30
2470.85,0,0,0,0,99,569,1.532,0.00342326,1.53932,39,0,29,24,30,0,-2,0,0,1,57,3791,3822,33,142,35,614,35095,34827,108,2,68,73,125103,0,0,0,0,1,0,61,437,52,3837,0,0,0,0,0,0,0,0,300,-305,0,0,30
2470.86,0,0,0,0,100,567,1.53191,0.00343041,1.53916,39,0,29,24,30,0,-2,0,0,1,57,3791,3822,66,142,35,614,35095,34827,108,2,68,73,250206,0,0,0,0,1,0,407,0,38,3839,0,0,0,0,0,0,0,0,300,-281,0,0,30
2470.87,0,0,0,0,100,567,1.53182,0.00343757,1.539,39,0,29,24,30,0,-2,0,0,1,57,3791,3822,66,142,35,614,35095,34827,108,2,68,73,250206,0,0,0,0,1,0,479,0,59,3837,0,0,0,0,0,0,0,0,300,-325,0,0,30
2470.88,0,0,0,0,100,569,1.53173,0.00344472,1.53884,39,0,29,24,30,0,-2,0,0,1,57,3793,3822,68,142,35,614,35095,34827,108,2,68,73,257924,0,0,0,0,1,0,479,0,59,3837,0,0,0,0,0,0,0,0,300,-325,0,0,30
2470.89,0,0,0,0,99,563,1.53165,0.00345188,1.53868,39,0,29,24,30,0,-2,0,0,1,57,3793,3822,49,142,35,614,35095,34827,108,2,68,73,185857,0,0,0,0,1,341,2,0,35,3829,0,0,0,0,0,0,0,0,300,-225,0,0,30
2470.9,0,0,0,0,99,565,1.53156,0.00345903,1.53853,39,0,29,24,30,0,-2,0,0,1,58,3793,3822,37,142,35,614,35177,34960,108,2,65,98,140341,0,0,0,0,1,597,0,0,62,3829,0,0,0,0,0,0,0,0,300,-347,0,0,30
2470.91,0,0,0,0,99,567,1.53168,0.00346902,1.53771,39,0,29,24,30,0,-2,0,0,1,58,3793,3822,37,142,35,614,35177,34960,108,2,65,98,140341,0,0,0,0,1,333,0,89,37,3841,0,0,0,0,0,0,0,0,300,-263,0,0,30
2470.92,0,0,0,0,99,565,1.5318,0.00347901,1.53689,39,0,29,24,30,0,-2,0,0,1,58,3790,3822,35,142,35,614,35177,34960,108,2,65,98,132650,0,0,0,0,1,0,0,616,68,3829,0,0,0,0,0,0,0,0,300,-399,0,0,30
2470.93,0,0,0,0,99,565,1.53192,0.00348899,1.53607,39,0,29,24,30,0,-2,0,0,1,58,3790,3822,72,142,35,614,35177,34960,108,2,65,98,272880,0,0,0,0,1,0,22,378,34,3837,0,0,0,0,0,0,0,0,300,-241,0,0,30
2470.94,0,0,0,0,99,570,1.53204,0.00349898,1.53526,39,0,29,24,30,0,-2,0,0,1,58,3790,3822,64,142,35,614,35177,34960,108,2,65,98,242560,0,0,0,0,1,0,22,378,34,3837,0,0,0,0,0,0,0,0,300,-241,0,0,30
2470.95,0,0,0,0,99,554,1.53215,0.00350897,1.53444,39,0,29,24,30,0,-2,0,0,1,58,3790,3822,64,142,35,614,35177,34960,108,2,65,98,242560,0,0,0,0,1,0,287,376,70,3835,0,0,0,0,0,0,0,0,300,-407,0,0,30
2470.96,0,0,0,0,99,571,1.53227,0.00351895,1.53362,39,0,29,24,30,0,-2,0,0,1,58,3790,3822,61,142,35,614,35177,34960,108,2,65,98,231190,0,0,0,0,1,0,331,0,30,3848,0,0,0,0,0,0,0,0,300,-195,0,0,30
2470.97,0,0,0,0,99,552,1.53239,0.00352894,1.5328,39,0,29,24,30,0,-2,0,0,1,58,3793,3822,29,142,35,614,35177,34960,108,2,65,98,109997,0,0,0,0,1,21,579,0,65,3826,0,0,0,0,0,0,0,0,300,-398,0,0,30
2470.98,0,0,0,0,99,581,1.53251,0.00353893,1.53199,39,0,29,24,30,0,-2,0,0,1,58,3793,3822,45,142,35,614,35177,34960,108,2,65,98,170685,0,0,0,0,1,316,0,0,30,3833,0,0,0,0,0,0,0,0,300,-209,0,0,30
2470.99,0,0,0,0,100,581,1.53263,0.00354891,1.53117,39,0,29,24,30,0,-2,0,0,1,58,3793,3822,45,142,35,614,35177,34960,108,2,65,98,170685,0,0,0,0,1,648,0,0,68,3824,0,0,0,0,0,0,0,0,300,-388,0,0,30
2471,0,0,0,0,100,559,1.53275,0.0035589,1.53035,39,0,29,24,30,0,-2,0,0,1,57,3794,3822,46,142,35,614,35191,34978,108,2,65,98,174524,0,0,0,0,1,648,0,0,68,3824,0,0,0,0,0,0,0,0,300,-388,0,0,30
2471.01,0,0,0,0,100,581,1.53281,0.00356158,1.53079,39,0,29,24,30,0,-2,0,0,0.9,57,3794,3822,75,142,35,614,35191,34978,108,2,65,98,284550,0,0,0,0,1,3,0,263,31,3852,0,0,0,0,0,0,0,0,300,-173,0,0,30
2471.02,0,0,0,0,99,549,1.53288,0.00356427,1.53123,39,0,29,24,30,0,-2,0,0,0.8,57,3793,3822,42,142,35,614,35191,34978,108,2,65,98,159306,0,0,0,0,1,0,0,745,68,3829,0,0,0,0,0,0,0,0,300,-434,0,0,30
2471.03,0,0,0,0,100,568,1.53294,0.00356696,1.53167,39,0,29,24,30,0,-2,0,0,0.7,57,3793,3822,42,142,35,614,35191,34978,108,2,65,98,159306,0,0,0,0,1,0,14,306,37,3850,0,0,0,0,0,0,0,0,300,-235,0,0,30
2471.04,0,0,0,0,100,543,1.533,0.00356964,1.53211,39,0,29,24,30,0,-2,0,0,0.6,57,3792,3822,38,142,35,614,35191,34978,108,2,65,98,144096,0,0,0,0,1,0,413,294,66,3837,0,0,0,0,0,0,0,0,300,-402,0,0,30
2471.05,0,0,0,0,99,543,1.53306,0.00357233,1.53255,39,0,29,24,30,0,-2,0,0,0.5,57,3792,3822,37,142,35,614,35191,34978,108,2,65,98,140304,0,0,0,0,1,0,293,0,32,3848,0,0,0,0,0,0,0,0,300,-175,0,0,30
2471.06,0,0,0,0,100,567,1.53312,0.00357502,1.53299,39,0,29,24,30,0,-2,0,0,0.4,57,3792,3822,66,142,35,614,35191,34978,108,2,65,98,250272,0,0,0,0,1,0,293,0,32,3848,0,0,0,0,0,0,0,0,300,-175,0,0,30
2471.07,0,0,0,0,100,546,1.53319,0.00357771,1.53343,39,0,29,24,30,0,-2,0,0,0.3,57,3792,3822,66,142,35,614,35191,34978,108,2,65,98,250272,0,0,0,0,1,30,610,0,63,3835,0,0,0,0,0,0,0,0,300,-422,0,0,30
2471.08,0,0,0,0,100,570,1.53325,0.00358039,1.53387,39,0,29,24,30,0,-2,0,0,0.2,57,3794,3822,67,142,35,614,35191,34978,108,2,65,98,254198,0,0,0,0,1,261,0,0,32,3848,0,0,0,0,0,0,0,0,300,-167,0,0,30
2471.09,0,0,0,0,100,549,1.53331,0.00358308,1.53431,39,0,29,24,30,0,-2,0,0,0.1,57,3794,3822,41,142,35,614,35191,34978,108,2,65,98,155554,0,0,0,0,1,632,0,0,54,3829,0,0,0,0,0,0,0,0,300,-373,0,0,30
2471.1,0,0,0,0,99,567,1.53337,0.00358577,1.53475,39,0,29,24,30,0,-2,0,0,0,57,3794,3822,41,142,35,614,35192,34992,108,2,68,98,155554,0,0,0,0,1,333,0,41,43,3843,0,0,0,0,0,0,0,0,300,-250,0,0,30
2471.11,0,0,0,0,100,567,1.53327,0.00358341,1.53447,39,0,29,24,30,0,-2,0,0,0.1,57,3794,3822,41,142,35,614,35192,34992,108,2,68,98,155554,0,0,0,0,1,0,0,558,53,3829,0,0,0,0,0,0,0,0,300,-368,0,0,30
2471.12,0,0,0,0,100,550,1.53317,0.00358106,1.53419,39,0,29,24,30,0,-2,0,0,0.2,57,3787,3822,36,142,35,614,35192,34992,108,2,68,98,136332,0,0,0,0,1,0,0,558,53,3829,0,0,0,0,0,0,0,0,300,-368,0,0,30
2471.13,0,0,0,0,100,562,1.53307,0.0035787,1.53391,39,0,29,24,30,0,-2,0,0,0.3,57,3787,3822,74,142,35,614,35192,34992,108,2,68,98,280238,0,0,0,0,1,0,0,505,53,3846,0,0,0,0,0,0,0,0,300,-293,0,0,30
2471.14,0,0,0,0,99,549,1.53296,0.00357635,1.53362,39,0,29,24,30,0,-2,0,0,0.4,57,3787,3814,56,142,35,614,35192,34992,108,2,68,98,212072,0,0,0,0,1,0,128,489,52,3839,0,0,0,0,0,0,0,0,300,-377,0,0,30
2471.15,0,0,0,0,99,556,1.53286,0.00357399,1.53334,39,0,29,24,30,0,-2,0,0,0.5,57,3787,3814,56,142,35,614,35192,34992,108,2,68,98,212072,0,0,0,0,1,0,475,0,57,3841,0,0,0,0,0,0,0,0,300,-307,0,0,30
2471.16,0,0,0,0,100,544,1.53276,0.00357164,1.53306,39,0,29,24,30,0,-2,0,0,0.6,57,3779,3814,62,142,35,614,35192,34992,108,2,68,98,234298,0,0,0,0,1,0,477,0,41,3843,0,0,0,0,0,0,0,0,300,-281,0,0,30
2471.17,0,0,0,0,100,550,1.53266,0.00356928,1.53278,39,0,29,24,30,0,-2,0,0,0.7,57,3779,3814,33,142,35,614,35192,34992,108,2,68,98,124707,0,0,0,0,1,11,418,0,51,3835,0,0,0,0,0,0,0,0,300,-286,0,0,30
2471.18,0,0,0,0,100,550,1.53256,0.00356693,1.5325,39,0,29,24,30,0,-2,0,0,0.8,57,3779,3814,60,142,35,614,35192,34992,108,2,68,98,226740,0,0,0,0,1,11,418,0,51,3835,0,0,0,0,0,0,0,0,300,-286,0,0,30
2471.19,0,0,0,0,99,547,1.53246,0.00356457,1.53221,39,0,29,24,30,0,-2,0,0,0.9,57,3779,3814,60,142,35,614,35192,34992,108,2,68,98,226740,0,0,0,0,1,235,129,0,32,3839,0,0,0,0,0,0,0,0,300,-217,0,0,30
2471.2,0,0,0,0,100,553,1.53235,0.00356222,1.53193,39,0,29,24,30,0,-2,0,0,1,57,3780,3814,58,142,35,614,35068,34771,108,2,65,73,219240,0,0,0,0,1,513,0,0,54,3831,0,0,0,0,0,0,0,0,300,-331,0,0,30
2471.21,0,0,0,0,100,555,1.53259,0.00353484,1.53247,39,0,29,24,30,0,-2,0,0,0.9,57,3783,3814,70,142,35,614,35068,34771,108,2,65,73,264810,0,0,0,0,1,382,0,17,35,3846,0,0,0,0,0,0,0,0,300,-258,0,0,30
2471.22,0,0,0,0,100,558,1.53283,0.00350746,1.53301,39,0,29,24,30,0,-2,0,0,0.8,57,3783,3814,36,142,35,614,35068,34771,108,2,65,73,136188,0,0,0,0,1,288,0,270,65,3831,0,0,0,0,0,0,0,0,300,-354,0,0,30
2471.23,0,0,0,0,100,557,1.53307,0.00348008,1.53354,39,0,29,24,30,0,-2,0,0,0.7,57,3783,3814,36,142,35,614,35068,34771,108,2,65,73,136188,0,0,0,0,1,0,0,481,38,3835,0,0,0,0,0,0,0,0,300,-285,0,0,30
2471.24,0,0,0,0,100,557,1.53331,0.0034527,1.53408,39,0,29,24,30,0,-2,0,0,0.6,57,3793,3814,36,142,35,614,35068,34771,108,2,65,73,136548,0,0,0,0,1,0,0,481,38,3835,0,0,0,0,0,0,0,0,300,-285,0,0,30
2471.25,0,0,0,0,100,545,1.53355,0.00342532,1.53462,39,0,29,24,30,0,-2,0,0,0.5,57,3793,3814,52,142,35,614,35068,34771,108,2,65,73,197236,0,0,0,0,1,0,0,575,68,3829,0,0,0,0,0,0,0,0,300,-398,0,0,30
2471.26,0,0,0,0,100,551,1.53378,0.00339795,1.53516,39,0,29,24,30,0,-2,0,0,0.4,57,3793,3814,74,142,35,614,35068,34771,108,2,65,73,280682,0,0,0,0,1,0,151,220,32,3846,0,0,0,0,0,0,0,0,300,-225,0,0,30
2471.27,0,0,0,0,100,533,1.53402,0.00337057,1.53569,39,0,29,24,30,0,-2,0,0,0.3,57,3793,3814,74,142,35,614,35068,34771,108,2,65,73,280682,0,0,0,0,1,0,553,0,65,3831,0,0,0,0,0,0,0,0,300,-377,0,0,30
2471.28,0,0,0,0,100,556,1.53426,0.00334319,1.53623,39,0,29,24,30,0,-2,0,0,0.2,57,3792,3814,71,142,35,614,35068,34771,108,2,65,73,269232,0,0,0,0,1,0,301,0,28,3850,0,0,0,0,0,0,0,0,300,-176,0,0,30
2471.29,0,0,0,0,100,539,1.5345,0.00331581,1.53677,39,0,29,24,30,0,-2,0,0,0.1,57,3793,3814,43,142,35,614,35068,34771,108,2,65,73,163099,0,0,0,0,1,11,588,0,64,3831,0,0,0,0,0,0,0,0,300,-401,0,0,30
2471.3,0,0,0,0,99,539,1.53474,0.00328843,1.53731,39,0,29,24,30,0,-2,0,0,0,57,3793,3816,40,142,35,614,35179,34973,108,2,65,98,151720,0,0,0,0,1,11,588,0,64,3831,0,0,0,0,0,0,0,0,300,-401,0,0,30
2471.31,0,0,0,0,100,570,1.53465,0.00329131,1.53747,39,0,29,24,30,0,-2,0,0,0,57,3793,3816,40,142,35,614,35179,34973,108,2,65,98,151720,0,0,0,0,1,298,5,0,30,3848,0,0,0,0,0,0,0,0,300,-200,0,0,30
2471.32,0,0,0,0,99,544,1.53456,0.00329419,1.53762,39,0,29,24,30,0,-2,0,0,0,57,3790,3816,40,142,35,614,35179,34973,108,2,65,98,151600,0,0,0,0,1,706,0,0,66,3829,0,0,0,0,0,0,0,0,300,-427,0,0,30
2471.33,0,0,0,0,99,565,1.53447,0.00329707,1.53778,39,0,29,24,30,0,-2,0,0,0,57,3790,3816,74,142,35,614,35179,34973,108,2,65,98,280460,0,0,0,0,1,290,0,32,32,3841,0,0,0,0,0,0,0,0,300,-209,0,0,30
2471.34,0,0,0,0,99,533,1.53437,0.00329996,1.53794,39,0,29,24,30,0,-2,0,0,0,57,3790,3816,60,142,35,614,35179,34973,108,2,65,98,227400,0,0,0,0,1,353,0,329,65,3835,0,0,0,0,0,0,0,0,300,-410,0,0,30
2471.35,0,0,0,0,100,533,1.53428,0.00330284,1.5381,39,0,29,24,30,0,-2,0,0,0,57,3790,3816,60,142,35,614,35179,34973,108,2,65,98,227400,0,0,0,0,1,0,0,320,32,3841,0,0,0,0,0,0,0,0,300,-209,0,0,30
2471.36,0,0,0,0,99,554,1.53419,0.00330572,1.53826,39,0,29,24,30,0,-2,0,0,0,57,3790,3816,58,142,35,614,35179,34973,108,2,65,98,219820,0,0,0,0,1,0,0,320,32,3841,0,0,0,0,0,0,0,0,300,-209,0,0,30
2471.37,0,0,0,0,100,530,1.5341,0.0033086,1.53842,39,0,29,24,30,0,-2,0,0,0,57,3792,3816,31,142,35,614,35179,34973,108,2,65,98,117552,0,0,0,0,1,0,0,708,62,3824,0,0,0,0,0,0,0,0,300,-396,0,0,30
2471.38,0,0,0,0,100,554,1.53401,0.00331148,1.53858,39,0,29,24,30,0,-2,0,0,0,57,3792,3816,65,142,35,614,35179,34973,108,2,65,98,246480,0,0,0,0,1,0,24,246,29,3848,0,0,0,0,0,0,0,0,300,-191,0,0,30
2471.39,0,0,0,0,100,538,1.53392,0.00331436,1.53874,39,0,29,24,30,0,-2,0,0,0,57,3792,3816,65,142,35,614,35179,34973,108,2,65,98,246480,0,0,0,0,1,0,516,91,61,3833,0,0,0,0,0,0,0,0,300,-379,0,0,30
2471.4,0,0,0,0,99,562,1.53383,0.00331724,1.5389,39,0,29,24,30,0,-2,0,0,0,57,3781,3816,53,142,35,614,35081,34789,108,2,65,73,200393,0,0,0,0,1,0,290,0,29,3843,0,0,0,0,0,0,0,0,300,-161,0,0,30
2471.41,0,0,0,0,99,562,1.5339,0.00332327,1.53832,39,0,29,24,30,0,-2,0,0,0.1,57,3781,3816,70,142,35,614,35081,34789,108,2,65,73,264670,0,0,0,0,1,23,621,0,64,3831,0,0,0,0,0,0,0,0,300,-425,0,0,30
2471.42,0,0,0,0,99,543,1.53398,0.0033293,1.53774,39,0,29,24,30,0,-2,0,0,0.2,57,3781,3816,37,142,35,614,35081,34789,108,2,65,73,139897,0,0,0,0,1,23,621,0,64,3831,0,0,0,0,0,0,0,0,300,-425,0,0,30
2471.43,0,0,0,0,100,565,1.53406,0.00333533,1.53717,39,0,29,24,30,0,-2,0,0,0.3,57,3781,3816,37,142,35,614,35081,34789,108,2,65,73,139897,0,0,0,0,1,284,0,0,33,3846,0,0,0,0,0,0,0,0,300,-186,0,0,30
2471.44,0,0,0,0,99,536,1.53413,0.00334136,1.53659,39,0,29,24,30,0,-2,0,0,0.4,57,3784,3816,43,142,35,614,35081,34789,108,2,65,73,162712,0,0,0,0,1,744,0,0,66,3822,0,0,0,0,0,0,0,0,300,-462,0,0,30
2471.45,0,0,0,0,100,553,1.53421,0.00334738,1.53602,39,0,29,24,30,0,-2,0,0,0.5,57,3784,3816,51,142,35,614,35081,34789,108,2,65,73,192984,0,0,0,0,1,325,0,0,37,3843,0,0,0,0,0,0,0,0,300,-213,0,0,30
2471.46,0,0,0,0,100,528,1.53428,0.00335341,1.53544,39,0,29,24,30,0,-2,0,0,0.6,57,3784,3816,72,142,35,614,35081,34789,108,2,65,73,272448,0,0,0,0,1,515,0,134,56,3831,0,0,0,0,0,0,0,0,300,-409,0,0,30
2471.47,0,0,0,0,99,528,1.53436,0.00335944,1.53487,39,0,29,24,30,0,-2,0,0,0.7,57,3784,3816,72,142,35,614,35081,34789,108,2,65,73,272448,0,0,0,0,1,1,0,320,36,3837,0,0,0,0,0,0,0,0,300,-185,0,0,30
2471.48,0,0,0,0,99,550,1.53443,0.00336547,1.53429,39,0,29,24,30,0,-2,0,0,0.8,57,3784,3816,67,142,35,614,35081,34789,108,2,65,73,253528,0,0,0,0,1,1,0,320,36,3837,0,0,0,0,0,0,0,0,300,-185,0,0,30
2471.49,0,0,0,0,100,538,1.53451,0.0033715,1.53372,39,0,29,24,30,0,-2,0,0,0.9,57,3779,3816,38,142,35,614,35081,34789,108,2,65,73,143602,0,0,0,0,1,0,0,615,49,3835,0,0,0,0,0,0,0,0,300,-360,0,0,30
2471.5,0,0,0,0,100,559,1.53459,0.00337753,1.53314,39,0,29,24,30,0,-2,0,0,1,57,3779,3816,33,142,35,614,35059,34758,108,2,65,73,124707,0,0,0,0,1,0,20,390,45,3841,0,0,0,0,0,0,0,0,300,-260,0,0,30
2471.51,0,0,0,0,99,547,1.53434,0.00336923,1.53357,39,0,29,24,30,0,-2,0,0,1,57,3779,3816,33,142,35,614,35059,34758,108,2,65,73,124707,0,0,0,0,1,0,322,199,48,3841,0,0,0,0,0,0,0,0,300,-323,0,0,30
2471.52,0,0,0,0,99,556,1.53409,0.00336093,1.53399,39,0,29,24,30,0,-2,0,0,1,57,3793,3816,38,142,35,614,35059,34758,108,2,65,73,144134,0,0,0,0,1,0,524,0,55,3837,0,0,0,0,0,0,0,0,300,-325,0,0,30
2471.53,0,0,0,0,99,556,1.53384,0.00335263,1.53442,39,0,29,24,30,0,-2,0,0,1,57,3792,3816,74,142,35,614,35059,34758,108,2,65,73,280608,0,0,0,0,1,0,434,0,41,3839,0,0,0,0,0,0,0,0,300,-283,0,0,30
2471.54,0,0,0,0,99,543,1.5336,0.00334433,1.53485,39,0,29,24,30,0,-2,0,0,1,57,3792,3816,54,142,35,614,35059,34758,108,2,65,73,204768,0,0,0,0,1,0,434,0,41,3839,0,0,0,0,0,0,0,0,300,-283,0,0,30
2471.55,0,0,0,0,100,549,1.53335,0.00333603,1.53527,39,0,29,24,30,0,-2,0,0,1,57,3792,3816,54,142,35,614,35059,34758,108,2,65,73,204768,0,0,0,0,1,111,387,0,52,3837,0,0,0,0,0,0,0,0,300,-305,0,0,30
2471.56,0,0,0,0,99,540,1.5331,0.00332773,1.5357,39,0,29,24,30,0,-2,0,0,1,57,3792,3816,61,142,35,614,35059,34758,108,2,65,73,231312,0,0,0,0,1,410,0,0,35,3839,0,0,0,0,0,0,0,0,300,-272,0,0,30
2471.57,0,0,0,0,100,547,1.53285,0.00331943,1.53612,39,0,29,24,30,0,-2,0,0,1,57,3788,3816,36,142,35,614,35059,34758,108,2,65,73,136368,0,0,0,0,1,481,0,0,52,3841,0,0,0,0,0,0,0,0,300,-291,0,0,30
2471.58,0,0,0,0,99,545,1.53261,0.00331113,1.53655,39,0,29,24,30,0,-2,0,0,1,57,3788,3816,65,142,35,614,35059,34758,108,2,65,73,246220,0,0,0,0,1,390,0,5,34,3837,0,0,0,0,0,0,0,0,300,-263,0,0,30
2471.59,0,0,0,0,99,545,1.53236,0.00330283,1.53698,39,0,29,24,30,0,-2,0,0,1,57,3788,3816,65,142,35,614,35059,34758,108,2,65,73,246220,0,0,0,0,1,337,0,257,62,3839,0,0,0,0,0,0,0,0,300,-359,0,0,30
2471.6,0,0,0,0,100,548,1.53211,0.00329453,1.5374,39,0,29,24,30,0,-2,0,0,1,57,3791,3816,52,142,35,614,35157,34942,108,2,68,98,197132,0,0,0,0,1,337,0,257,62,3839,0,0,0,0,0,0,0,0,300,-359,0,0,30
2471.61,0,0,0,0,100,551,1.53236,0.00330476,1.53736,39,0,29,24,30,0,-2,0,0,1,57,3791,3816,66,142,35,614,35157,34942,108,2,68,98,250206,0,0,0,0,1,0,0,437,35,3839,0,0,0,0,0,0,0,0,300,-276,0,0,30
2471.62,0,0,0,0,99,543,1.53262,0.003315,1.53731,39,0,29,24,30,0,-2,0,0,1,57,3793,3816,33,142,35,614,35157,34942,108,2,68,98,125169,0,0,0,0,1,0,0,595,65,3835,0,0,0,0,0,0,0,0,300,-391,0,0,30
2471.63,0,0,0,0,100,551,1.53287,0.00332523,1.53726,39,0,29,24,30,0,-2,0,0,1,57,3793,3816,33,142,35,614,35157,34942,108,2,68,98,125169,0,0,0,0,1,0,67,282,30,3848,0,0,0,0,0,0,0,0,300,-230,0,0,30
2471.64,0,0,0,0,100,536,1.53313,0.00333547,1.53722,39,0,29,24,30,0,-2,0,0,1,57,3793,3816,39,142,35,614,35157,34942,108,2,68,98,147927,0,0,0,0,1,0,459,109,65,3837,0,0,0,0,0,0,0,0,300,-363,0,0,30
2471.65,0,0,0,0,100,556,1.53338,0.0033457,1.53717,39,0,29,24,30,0,-2,0,0,1,57,3784,3816,51,142,35,614,35157,34942,108,2,68,98,192984,0,0,0,0,1,0,315,0,28,3850,0,0,0,0,0,0,0,0,300,-188,0,0,30
2471.66,0,0,0,0,99,556,1.53363,0.00335593,1.53712,39,0,29,24,30,0,-2,0,0,1,57,3784,3816,71,142,35,614,35157,34942,108,2,68,98,268664,0,0,0,0,1,0,315,0,28,3850,0,0,0,0,0,0,0,0,300,-188,0,0,30
2471.67,0,0,0,0,100,539,1.53389,0.00336617,1.53707,39,0,29,24,30,0,-2,0,0,1,57,3784,3816,71,142,35,614,35157,34942,108,2,68,98,268664,0,0,0,0,1,0,567,0,63,3837,0,0,0,0,0,0,0,0,300,-369,0,0,30
2471.68,0,0,0,0,99,569,1.53414,0.0033764,1.53703,39,0,29,24,30,0,-2,0,0,1,57,3782,3816,65,142,35,614,35157,34942,108,2,68,98,245830,0,0,0,0,1,243,38,0,30,3846,0,0,0,0,0,0,0,0,300,-175,0,0,30
2471.69,0,0,0,0,100,542,1.53439,0.00338664,1.53698,39,0,29,24,30,0,-2,0,0,1,57,3782,3816,31,142,35,614,35157,34942,108,2,68,98,117242,0,0,0,0,1,716,0,0,70,3817,0,0,0,0,0,0,0,0,300,-454,0,0,30
2471.7,0,0,0,0,100,562,1.53465,0.00339687,1.53693,39,0,29,24,30,0,-2,0,0,1,57,3784,3816,41,142,35,614,35085,34835,108,2,68,98,155144,0,0,0,0,1,306,0,3,32,3843,0,0,0,0,0,0,0,0,300,-208,0,0,30
2471.71,0,0,0,0,100,531,1.53458,0.00339961,1.53716,39,0,29,24,30,0,-2,0,0,1,57,3784,3816,41,142,35,614,35085,34835,108,2,68,98,155144,0,0,0,0,1,528,0,164,65,3826,0,0,0,0,0,0,0,0,300,-426,0,0,30
2471.72,0,0,0,0,100,531,1.5345,0.00340234,1.53739,39,0,29,24,30,0,-2,0,0,1,57,3784,3813,44,142,35,614,35085,34835,108,2,68,98,166496,0,0,0,0,1,528,0,164,65,3826,0,0,0,0,0,0,0,0,300,-426,0,0,30
2471.73,0,0,0,0,100,555,1.53443,0.00340508,1.53762,39,0,29,24,30,0,-2,0,0,1,57,3783,3813,76,142,35,614,35085,34835,108,2,68,98,287508,0,0,0,0,1,0,0,294,28,3843,0,0,0,0,0,0,0,0,300,-185,0,0,30
2471.74,0,0,0,0,100,535,1.53436,0.00340781,1.53784,39,0,29,24,30,0,-2,0,0,1,57,3783,3813,39,142,35,614,35085,34835,108,2,68,98,147537,0,0,0,0,1,0,0,659,59,3839,0,0,0,0,0,0,0,0,300,-405,0,0,30
2471.75,0,0,0,0,99,565,1.53428,0.00341055,1.53807,39,0,29,24,30,0,-2,0,0,1,57,3783,3813,39,142,35,614,35085,34835,108,2,68,98,147537,0,0,0,0,1,0,22,240,27,3848,0,0,0,0,0,0,0,0,300,-192,0,0,30
2471.76,0,0,0,0,100,552,1.53421,0.00341328,1.5383,39,0,29,24,30,0,-2,0,0,1,57,3780,3813,45,142,35,614,35085,34835,108,2,68,98,170100,0,0,0,0,1,0,538,21,60,3833,0,0,0,0,0,0,0,0,300,-363,0,0,30
2471.77,0,0,0,0,99,569,1.53414,0.00341602,1.53853,39,0,29,24,30,0,-2,0,0,1,57,3780,3813,36,142,35,614,35085,34835,108,2,68,98,136080,0,0,0,0,1,0,276,0,31,3846,0,0,0,0,0,0,0,0,300,-169,0,0,30
2471.78,0,0,0,0,100,569,1.53406,0.00341876,1.53875,39,0,29,24,30,0,-2,0,0,1,57,3779,3813,70,142,35,614,35085,34835,108,2,68,98,264530,0,0,0,0,1,0,276,0,31,3846,0,0,0,0,0,0,0,0,300,-169,0,0,30
2471.79,0,0,0,0,100,550,1.53399,0.00342149,1.53898,39,0,29,24,30,0,-2,0,0,1,57,3779,3813,70,142,35,614,35085,34835,108,2,68,98,264530,0,0,0,0,1,134,594,0,71,3826,0,0,0,0,0,0,0,0,300,-452,0,0,30
2471.8,0,0,0,0,100,567,1.53392,0.00342423,1.53921,39,0,29,24,29,0,-2,0,0,1,57,3779,3817,67,142,35,614,35060,34796,108,2,68,98,253193,0,0,0,0,1,328,0,0,35,3839,0,0,0,0,0,0,0,0,300,-215,0,0,30
2471.81,0,0,0,0,100,538,1.53355,0.00342754,1.53863,39,0,29,24,29,0,-2,0,0,1,57,3791,3817,54,142,35,614,35060,34796,108,2,68,98,204714,0,0,0,0,1,736,0,0,70,3826,0,0,0,0,0,0,0,0,300,-429,0,0,30
2471.82,0,0,0,0,99,556,1.53319,0.00343085,1.53804,39,0,29,24,29,0,-2,0,0,1,57,3791,3817,34,142,35,614,35060,34796,108,2,68,98,128894,0,0,0,0,1,294,0,50,35,3839,0,0,0,0,0,0,0,0,300,-209,0,0,30
2471.83,0,0,0,0,100,536,1.53283,0.00343416,1.53746,39,0,29,24,29,0,-2,0,0,1,57,3791,3817,34,142,35,614,35060,34796,108,2,68,98,128894,0,0,0,0,1,111,0,429,51,3831,0,0,0,0,0,0,0,0,300,-337,0,0,30
2471.84,0,0,0,0,100,536,1.53246,0.00343747,1.53687,39,0,29,24,29,0,-2,0,0,1,57,3788,3817,33,142,35,614,35060,34796,108,2,68,98,125004,0,0,0,0,1,111,0,429,51,3831,0,0,0,0,0,0,0,0,300,-337,0,0,30
2471.85,0,0,0,0,100,565,1.5321,0.00344077,1.53629,39,0,29,24,29,0,-2,0,0,1,57,3788,3817,64,142,35,614,35060,34796,108,2,68,98,242432,0,0,0,0,1,0,0,292,32,3843,0,0,0,0,0,0,0,0,300,-166,0,0,30
2471.86,0,0,0,0,100,559,1.53174,0.00344408,1.53571,39,0,29,24,29,0,-2,0,0,1,57,3785,3817,61,142,35,614,35060,34796,108,2,68,98,230885,0,0,0,0,1,0,41,445,46,3839,0,0,0,0,0,0,0,0,300,-339,0,0,30
2471.87,0,0,0,0,99,576,1.53137,0.00344739,1.53512,39,0,29,24,29,0,-2,0,0,1,57,3785,3817,61,143,35,614,35060,34796,108,2,68,98,230885,0,0,0,0,1,0,409,9,49,3843,0,0,0,0,0,0,0,0,300,-274,0,0,30
2471.88,0,0,0,0,99,560,1.53101,0.0034507,1.53454,39,0,29,24,29,0,-2,0,0,1,57,3785,3820,60,143,35,614,35060,34796,108,2,68,98,227100,0,0,0,0,1,0,463,0,47,3835,0,0,0,0,0,0,0,0,300,-319,0,0,30
2471.89,0,0,0,0,99,560,1.53064,0.00345401,1.53395,39,0,29,24,29,0,-2,0,0,1,57,3793,3820,30,143,35,614,35060,34796,108,2,68,98,113790,0,0,0,0,1,317,184,0,57,3837,0,0,0,0,0,0,0,0,300,-297,0,0,30
2471.9,0,0,0,0,99,564,1.53028,0.00345732,1.53337,39,0,29,24,30,0,-2,0,0,1,57,3793,3820,59,143,35,614,35180,34960,108,2,65,73,223787,0,0,0,0,1,317,184,0,57,3837,0,0,0,0,0,0,0,0,300,-297,0,0,30
2471.91,0,0,0,0,99,547,1.53006,0.00344127,1.53356,39,0,29,24,30,0,-2,0,0,0.9,57,3793,3820,59,143,35,614,35180,34960,108,2,65,73,223787,0,0,0,0,1,533,0,0,45,3835,0,0,0,0,0,0,0,0,300,-334,0,0,30
2471.92,0,0,0,0,99,553,1.52984,0.00342522,1.53375,39,0,29,24,30,0,-2,0,0,0.8,57,3793,3820,58,143,35,614,35180,34960,108,2,65,73,219994,0,0,0,0,1,429,0,0,53,3837,0,0,0,0,0,0,0,0,300,-279,0,0,30
2471.93,0,0,0,0,99,550,1.52963,0.00340916,1.53395,39,0,29,24,30,0,-2,0,0,0.7,57,3793,3820,69,143,35,614,35180,34960,108,2,65,73,261717,0,0,0,0,1,290,0,158,34,3846,0,0,0,0,0,0,0,0,300,-236,0,0,30
2471.94,0,0,0,0,100,560,1.52941,0.00339311,1.53414,39,0,29,24,30,0,-2,0,0,0.6,57,3793,3820,35,143,35,614,35180,34960,108,2,65,73,132755,0,0,0,0,1,0,0,484,54,3837,0,0,0,0,0,0,0,0,300,-324,0,0,30
2471.95,0,0,0,0,100,560,1.52919,0.00337706,1.53433,39,0,29,24,30,0,-2,0,0,0.5,57,3793,3820,35,143,35,614,35180,34960,108,2,65,73,132755,0,0,0,0,1,0,24,351,30,3846,0,0,0,0,0,0,0,0,300,-225,0,0,30
2471.96,0,0,0,0,100,568,1.52897,0.003361,1.53453,39,0,29,24,30,0,-2,0,0,0.4,57,3786,3820,36,143,35,614,35180,34960,108,2,65,73,136296,0,0,0,0,1,0,24,351,30,3846,0,0,0,0,0,0,0,0,300,-225,0,0,30
2471.97,0,0,0,0,100,562,1.52876,0.00334495,1.53472,39,0,29,24,30,0,-2,0,0,0.3,57,3786,3820,35,143,35,614,35180,34960,108,2,65,73,132510,0,0,0,0,1,0,415,159,65,3831,0,0,0,0,0,0,0,0,300,-360,0,0,30
2471.98,0,0,0,0,100,575,1.52854,0.0033289,1.53491,39,0,29,24,30,0,-2,0,0,0.2,57,3786,3820,68,142,35,614,35180,34960,108,2,65,73,257448,0,0,0,0,1,0,309,0,31,3850,0,0,0,0,0,0,0,0,300,-186,0,0,30
2471.99,0,0,0,0,100,553,1.52832,0.00331285,1.5351,39,0,29,24,30,0,-2,0,0,0.1,57,3786,3820,68,142,35,614,35180,34960,108,2,65,73,257448,0,0,0,0,1,106,569,0,70,3826,0,0,0,0,0,0,0,0,300,-424,0,0,30
2472,0,0,0,0,99,572,1.5281,0.00329679,1.5353,39,0,29,24,30,0,-2,0,0,0,57,3790,3820,76,142,35,614,35153,34931,108,2,68,73,288040,0,0,0,0,1,345,0,0,34,3841,0,0,0,0,0,0,0,0,300,-225,0,0,30
2472.01,0,0,0,0,99,547,1.52851,0.00330186,1.53523,39,0,29,24,30,0,-2,0,0,0.1,57,3790,3820,60,142,35,614,35153,34931,108,2,68,73,227400,0,0,0,0,1,628,0,0,68,3829,0,0,0,0,0,0,0,0,300,-379,0,0,30
2472.02,0,0,0,0,99,547,1.52893,0.00330693,1.53515,39,0,29,24,30,0,-2,0,0,0.2,57,3790,3820,40,142,35,614,35153,34931,108,2,68,73,151600,0,0,0,0,1,628,0,0,68,3829,0,0,0,0,0,0,0,0,300,-379,0,0,30
2472.03,0,0,0,0,100,566,1.52934,0.00331199,1.53508,39,0,29,24,30,0,-2,0,0,0.3,57,3790,3820,40,142,35,614,35153,34931,108,2,68,73,151600,0,0,0,0,1,130,0,158,30,3841,0,0,0,0,0,0,0,0,300,-177,0,0,30
2472.04,0,0,0,0,100,543,1.52975,0.00331706,1.53501,39,0,29,24,30,0,-2,0,0,0.4,57,3790,3820,32,142,35,614,35153,34931,108,2,68,73,121280,0,0,0,0,1,0,0,622,63,3833,0,0,0,0,0,0,0,0,300,-397,0,0,30
2472.05,0,0,0,0,100,567,1.53016,0.00332212,1.53494,39,0,29,24,30,0,-2,0,0,0.5,57,3779,3820,61,142,35,614,35153,34931,108,2,68,73,230519,0,0,0,0,1,0,0,255,27,3848,0,0,0,0,0,0,0,0,300,-181,0,0,30
2472.06,0,0,0,0,100,550,1.53057,0.00332719,1.53487,39,0,29,24,30,0,-2,0,0,0.6,57,3779,3820,44,142,35,614,35153,34931,108,2,68,73,166276,0,0,0,0,1,0,210,480,64,3837,0,0,0,0,0,0,0,0,300,-415,0,0,30
2472.07,0,0,0,0,100,550,1.53099,0.00333226,1.5348,39,0,29,24,30,0,-2,0,0,0.7,57,3779,3820,44,142,35,614,35153,34931,108,2,68,73,166276,0,0,0,0,1,0,290,0,29,3850,0,0,0,0,0,0,0,0,300,-177,0,0,30
2472.08,0,0,0,0,100,576,1.5314,0.00333732,1.53473,39,0,29,24,30,0,-2,0,0,0.8,57,3781,3820,52,142,35,614,35153,34931,108,2,68,73,196612,0,0,0,0,1,0,194,484,58,3831,0,0,0,0,0,0,0,0,300,-412,0,0,30
2472.09,0,0,0,0,100,558,1.53181,0.00334239,1.53466,39,0,29,24,30,0,-2,0,0,0.9,57,3781,3820,36,142,35,614,35153,34931,108,2,68,73,136116,0,0,0,0,1,0,194,484,58,3831,0,0,0,0,0,0,0,0,300,-412,0,0,30
2472.1,0,0,0,0,100,577,1.53222,0.00334745,1.53459,39,0,29,24,30,0,-2,0,0,1,57,3781,3820,76,142,35,614,35076,34788,108,2,68,73,287356,0,0,0,0,1,0,393,0,47,3843,0,0,0,0,0,0,0,0,300,-256,0,0,30
2472.11,0,0,0,0,100,554,1.53252,0.0033707,1.5346,39,0,29,24,30,0,-2,0,0,0.9,57,3781,3820,76,142,35,614,35076,34788,108,2,68,73,287356,0,0,0,0,1,17,594,0,59,3833,0,0,0,0,0,0,0,0,300,-415,0,0,30
2472.12,0,0,0,0,100,561,1.53282,0.00339394,1.53461,39,0,29,24,30,0,-2,0,0,0.8,57,3789,3824,72,142,35,614,35076,34788,108,2,68,73,272808,0,0,0,0,1,243,216,0,50,3831,0,0,0,0,0,0,0,0,300,-254,0,0,30
2472.13,0,0,0,0,100,544,1.53312,0.00341718,1.53463,39,0,29,24,30,0,-2,0,0,0.7,57,3789,3824,63,142,35,614,35076,34788,108,2,68,73,238707,0,0,0,0,1,544,0,0,46,3833,0,0,0,0,0,0,0,0,300,-348,0,0,30
2472.14,0,0,0,0,99,551,1.53343,0.00344042,1.53464,39,0,29,24,30,0,-2,0,0,0.6,57,3790,3824,32,142,35,614,35076,34788,108,2,68,73,121280,0,0,0,0,1,445,0,0,52,3839,0,0,0,0,0,0,0,0,300,-271,0,0,30
2472.15,0,0,0,0,99,551,1.53373,0.00346367,1.53465,39,0,29,24,30,0,-2,0,0,0.5,57,3790,3824,32,142,35,614,35076,34788,108,2,68,73,121280,0,0,0,0,1,445,0,0,52,3839,0,0,0,0,0,0,0,0,300,-271,0,0,30
2472.16,0,0,0,0,100,555,1.53403,0.00348691,1.53467,39,0,29,24,30,0,-2,0,0,0.4,57,3792,3824,28,142,35,614,35076,34788,108,2,68,73,106176,0,0,0,0,1,241,0,146,34,3837,0,0,0,0,0,0,0,0,300,-242,0,0,30
2472.17,0,0,0,0,100,559,1.53433,0.00351015,1.53468,39,0,29,24,30,0,-2,0,0,0.3,57,3792,3824,46,142,35,614,35076,34788,108,2,68,73,174432,0,0,0,0,1,0,0,550,59,3839,0,0,0,0,0,0,0,0,300,-350,0,0,30
2472.18,0,0,0,0,99,566,1.53463,0.00353339,1.53469,39,0,29,24,30,0,-2,0,0,0.2,57,3792,3824,69,142,35,614,35076,34788,108,2,68,73,261648,0,0,0,0,1,0,0,364,37,3841,0,0,0,0,0,0,0,0,300,-272,0,0,30
2472.19,0,0,0,0,99,561,1.53493,0.00355664,1.53471,39,0,29,24,30,0,-2,0,0,0.1,57,3792,3824,69,142,35,614,35076,34788,108,2,68,73,261648,0,0,0,0,1,0,360,247,62,3841,0,0,0,0,0,0,0,0,300,-341,0,0,30
2472.2,0,0,0,0,99,558,1.53523,0.00357988,1.53472,39,0,29,24,30,0,-2,0,0,0,57,3793,3819,75,142,35,614,35184,34974,108,2,65,98,284475,0,0,0,0,1,0,416,0,35,3846,0,0,0,0,0,0,0,0,300,-236,0,0,30
2472.21,0,0,0,0,99,558,1.53489,0.00356928,1.53485,39,0,29,24,30,0,-2,0,0,0.1,57,3793,3819,46,142,35,614,35184,34974,108,2,65,98,174478,0,0,0,0,1,0,416,0,35,3846,0,0,0,0,0,0,0,0,300,-236,0,0,30
2472.22,0,0,0,0,99,548,1.53456,0.00355868,1.53498,39,0,29,24,30,0,-2,0,0,0.2,57,3785,3819,46,142,35,614,35184,34974,108,2,65,98,174110,0,0,0,0,1,27,551,0,62,3831,0,0,0,0,0,0,0,0,300,-371,0,0,30
2472.23,0,0,0,0,99,551,1.53422,0.00354808,1.53511,39,0,29,24,30,0,-2,0,0,0.3,57,3785,3819,46,142,35,614,35184,34974,108,2,65,98,174110,0,0,0,0,1,197,135,0,30,3839,0,0,0,0,0,0,0,0,300,-185,0,0,30
2472.24,0,0,0,0,100,549,1.53388,0.00353747,1.53524,39,0,29,24,30,0,-2,0,0,0.4,57,3786,3819,36,142,35,614,35184,34974,108,2,65,98,136296,0,0,0,0,1,581,0,0,62,3829,0,0,0,0,0,0,0,0,300,-375,0,0,30
2472.25,0,0,0,0,99,559,1.53354,0.00352687,1.53536,39,0,29,24,30,0,-2,0,0,0.5,57,3786,3819,65,142,35,614,35184,34974,108,2,65,98,246090,0,0,0,0,1,317,0,5,30,3831,0,0,0,0,0,0,0,0,300,-219,0,0,30
2472.26,0,0,0,0,100,552,1.53321,0.00351627,1.53549,39,0,29,24,30,0,-2,0,0,0.6,57,3786,3819,40,142,35,614,35184,34974,108,2,65,98,151440,0,0,0,0,1,416,0,255,68,3829,0,0,0,0,0,0,0,0,300,-401,0,0,30
2472.27,0,0,0,0,99,570,1.53287,0.00350567,1.53562,39,0,29,24,30,0,-2,0,0,0.7,57,3786,3819,40,142,35,614,35184,34974,108,2,65,98,151440,0,0,0,0,1,261,0,0,29,3846,0,0,0,0,0,0,0,0,300,-165,0,0,30
2472.28,0,0,0,0,99,544,1.53253,0.00349507,1.53575,39,0,29,24,30,0,-2,0,0,0.8,57,3789,3819,57,142,35,614,35184,34974,108,2,65,98,215973,0,0,0,0,1,554,0,153,65,3824,0,0,0,0,0,0,0,0,300,-432,0,0,30
2472.29,0,0,0,0,99,544,1.5322,0.00348447,1.53588,39,0,29,24,30,0,-2,0,0,0.9,57,3789,3814,34,142,35,614,35184,34974,108,2,65,98,128826,0,0,0,0,1,554,0,153,65,3824,0,0,0,0,0,0,0,0,300,-432,0,0,30
2472.3,0,0,0,0,99,566,1.53186,0.00347387,1.53601,39,0,29,24,30,0,-2,0,0,1,57,3780,3814,69,142,35,614,35073,34776,108,2,68,73,260820,0,0,0,0,1,0,0,320,33,3848,0,0,0,0,0,0,0,0,300,-203,0,0,30
2472.31,0,0,0,0,99,544,1.53212,0.0034699,1.53618,39,0,29,24,30,0,-2,0,0,1,57,3780,3814,69,142,35,614,35073,34776,108,2,68,73,260820,0,0,0,0,1,0,0,654,58,3831,0,0,0,0,0,0,0,0,300,-375,0,0,30
2472.32,0,0,0,0,99,570,1.53237,0.00346593,1.53636,39,0,29,24,30,0,-2,0,0,1,57,3779,3814,66,142,35,614,35073,34776,108,2,68,73,249414,0,0,0,0,1,0,102,253,38,3846,0,0,0,0,0,0,0,0,300,-205,0,0,30
2472.33,0,0,0,0,99,550,1.53263,0.00346196,1.53653,39,0,29,24,30,0,-2,0,0,1,57,3779,3814,68,142,35,614,35073,34776,108,2,68,73,256972,0,0,0,0,1,0,588,0,55,3833,0,0,0,0,0,0,0,0,300,-392,0,0,30
2472.34,0,0,0,0,99,567,1.53288,0.00345799,1.5367,39,0,29,24,30,0,-2,0,0,1,57,3779,3814,34,142,35,614,35073,34776,108,2,68,73,128486,0,0,0,0,1,0,327,0,43,3848,0,0,0,0,0,0,0,0,300,-212,0,0,30
2472.35,0,0,0,0,99,567,1.53314,0.00345402,1.53688,39,0,29,24,30,0,-2,0,0,1,57,3779,3814,34,142,35,614,35073,34776,108,2,68,73,128486,0,0,0,0,1,0,327,0,43,3848,0,0,0,0,0,0,0,0,300,-212,0,0,30
2472.36,0,0,0,0,100,546,1.53339,0.00345005,1.53705,39,0,29,24,30,0,-2,0,0,1,57,3778,3814,29,142,35,614,35073,34776,108,2,68,73,109562,0,0,0,0,1,191,410,0,49,3831,0,0,0,0,0,0,0,0,300,-357,0,0,30
2472.37,0,0,0,0,100,564,1.53365,0.00344608,1.53723,39,0,29,24,30,0,-2,0,0,1,57,3778,3814,46,142,35,614,35073,34776,108,2,68,73,173788,0,0,0,0,1,358,0,0,41,3850,0,0,0,0,0,0,0,0,300,-235,0,0,30
2472.38,0,0,0,0,100,548,1.5339,0.00344211,1.5374,39,0,29,24,30,0,-2,0,0,1,57,3778,3814,64,142,35,614,35073,34776,108,2,68,73,241792,0,0,0,0,1,478,0,0,44,3831,0,0,0,0,0,0,0,0,300,-300,0,0,30
2472.39,0,0,0,0,100,570,1.53416,0.00343814,1.53758,39,0,29,24,30,0,-2,0,0,1,57,3778,3814,64,142,35,614,35073,34776,108,2,68,73,241792,0,0,0,0,1,134,0,175,38,3854,0,0,0,0,0,0,0,0,300,-186,0,0,30
2472.4,0,0,0,0,100,559,1.53441,0.00343417,1.53775,39,0,29,24,30,0,-2,0,0,1,57,3784,3814,77,142,35,614,35101,34821,108,2,65,73,291368,0,0,0,0,1,0,0,580,48,3833,0,0,0,0,0,0,0,0,300,-345,0,0,30
2472.41,0,0,0,0,100,559,1.53423,0.00344815,1.53773,39,0,29,24,30,0,-2,0,0,1,57,3793,3814,40,142,35,614,35101,34821,108,2,65,73,151720,0,0,0,0,1,0,0,580,48,3833,0,0,0,0,0,0,0,0,300,-345,0,0,30
2472.42,0,0,0,0,100,578,1.53405,0.00346213,1.53772,39,0,29,24,30,0,-2,0,0,1,57,3793,3814,53,142,35,614,35101,34821,108,2,65,73,201029,0,0,0,0,1,0,57,376,49,3837,0,0,0,0,0,0,0,0,300,-289,0,0,30
2472.43,0,0,0,0,99,563,1.53387,0.00347611,1.5377,39,0,29,24,30,0,-2,0,0,1,57,3793,3814,53,142,35,614,35101,34821,108,2,65,73,201029,0,0,0,0,1,0,561,0,51,3841,0,0,0,0,0,0,0,0,300,-368,0,0,30
2472.44,0,0,0,0,100,567,1.53369,0.00349009,1.53769,39,0,29,24,30,0,-2,0,0,1,57,3792,3814,39,142,35,614,35101,34821,108,2,65,73,147888,0,0,0,0,1,0,457,0,57,3841,0,0,0,0,0,0,0,0,300,-286,0,0,30
2472.45,0,0,0,0,100,559,1.53351,0.00350407,1.53767,39,0,29,24,30,0,-2,0,0,1,57,3792,3814,73,142,35,614,35101,34821,108,2,65,73,276816,0,0,0,0,1,238,184,0,36,3833,0,0,0,0,0,0,0,0,300,-248,0,0,30
2472.46,0,0,0,0,99,559,1.53333,0.00351805,1.53766,39,0,29,24,30,0,-2,0,0,1,57,3792,3814,44,142,35,614,35101,34821,108,2,65,73,166848,0,0,0,0,1,539,0,0,58,3829,0,0,0,0,0,0,0,0,300,-345,0,0,30
2472.47,0,0,0,0,99,557,1.53315,0.00353203,1.53764,39,0,29,24,30,0,-2,0,0,1,57,3792,3814,44,142,35,614,35101,34821,108,2,65,73,166848,0,0,0,0,1,539,0,0,58,3829,0,0,0,0,0,0,0,0,300,-345,0,0,30
2472.48,0,0,0,0,100,573,1.53297,0.00354601,1.53763,39,0,29,24,30,0,-2,0,0,1,57,3787,3814,52,142,35,614,35101,34821,108,2,65,73,196924,0,0,0,0,1,310,0,30,31,3841,0,0,0,0,0,0,0,0,300,-219,0,0,30
2472.49,0,0,0,0,100,569,1.53279,0.00355999,1.53761,39,0,29,24,30,0,-2,0,0,1,57,3791,3814,34,142,35,614,35101,34821,108,2,65,73,128894,0,0,0,0,1,0,0,568,64,3833,0,0,0,0,0,0,0,0,300,-363,0,0,30
2472.5,0,0,0,0,99,590,1.53261,0.00357397,1.5376,39,0,29,24,30,0,-2,0,0,1,57,3791,3814,68,142,35,614,35166,34952,108,2,65,73,257788,0,0,0,0,1,0,14,298,32,3841,0,0,0,0,0,0,0,0,300,-221,0,0,30
2472.51,0,0,0,0,99,575,1.5325,0.00356949,1.53762,39,0,29,24,30,0,-2,0,0,1,57,3791,3814,68,142,35,614,35166,34952,108,2,65,73,257788,0,0,0,0,1,0,618,0,70,3831,0,0,0,0,0,0,0,0,300,-402,0,0,30
2472.52,0,0,0,0,99,575,1.53238,0.00356501,1.53764,39,0,29,24,30,0,-2,0,0,1,57,3790,3814,70,142,35,614,35166,34952,108,2,65,73,265300,0,0,0,0,1,0,618,0,70,3837,0,0,0,0,0,0,0,0,300,-205,0,0,30
2472.53,0,0,0,0,100,588,1.53226,0.00356053,1.53767,39,0,29,24,30,0,-2,0,0,1,57,3790,3811,57,142,35,614,35166,34952,108,2,65,73,216030,0,0,0,0,1,15,295,0,31,3837,0,0,0,0,0,0,0,0,300,-205,0,0,30
2472.54,0,0,0,0,99,573,1.53215,0.00355605,1.53769,39,0,29,24,30,0,-2,0,0,1,57,3790,3811,33,142,35,614,35166,34952,108,2,65,73,125070,0,0,0,0,1,616,8,0,73,3826,0,0,0,0,0,0,0,0,300,-414,0,0,30
2472.55,0,0,0,0,100,591,1.53203,0.00355157,1.53771,39,0,29,24,30,0,-2,0,0,1,57,3790,3811,33,142,35,614,35166,34952,108,2,65,73,125070,0,0,0,0,1,267,0,5,30,3848,0,0,0,0,0,0,0,0,300,-189,0,0,30
2472.56,0,0,0,0,100,571,1.53191,0.00354709,1.53774,39,0,29,24,30,0,-2,0,0,1,57,3780,3811,32,142,35,614,35166,34952,108,2,65,73,120960,0,0,0,0,1,0,0,587,69,3833,0,0,0,0,0,0,0,0,300,-396,0,0,30
2472.57,0,0,0,0,100,597,1.53179,0.00354261,1.53776,39,0,29,24,30,0,-2,0,0,1,57,3779,3811,63,142,35,614,35166,34952,108,2,65,73,238077,0,0,0,0,1,0,14,288,29,3846,0,0,0,0,0,0,0,0,300,-194,0,0,30
2472.58,0,0,0,0,99,576,1.53168,0.00353813,1.53778,39,0,29,24,30,0,-2,0,0,1,57,3779,3811,68,142,35,614,35166,34952,108,2,65,73,256972,0,0,0,0,1,0,580,0,65,3829,0,0,0,0,0,0,0,0,300,-392,0,0,30
2472.59,0,0,0,0,100,576,1.53156,0.00353365,1.53781,39,0,29,24,30,0,-2,0,0,1,57,3779,3811,68,142,35,614,35166,34952,108,2,65,73,256972,0,0,0,0,1,0,580,0,65,3829,0,0,0,0,0,0,0,0,300,-392,0,0,30
2472.6,0,0,0,0,100,611,1.53144,0.00352917,1.53783,39,0,29,24,30,0,-2,0,0,1,57,3780,3814,67,142,35,614,35075,34771,108,2,65,73,253260,0,0,0,0,1,36,274,0,32,3848,0,0,0,0,0,0,0,0,300,-198,0,0,30
2472.61,0,0,0,0,100,589,1.53143,0.00353088,1.538,39,0,29,24,30,0,-2,0,0,1,57,3780,3814,36,142,35,614,35075,34771,108,2,65,73,136080,0,0,0,0,1,683,0,0,64,3824,0,0,0,0,0,0,0,0,300,-421,0,0,30
2472.62,0,0,0,0,100,613,1.53141,0.00353259,1.53816,39,0,29,24,30,0,-2,0,0,1,57,3780,3814,45,142,35,614,35075,34771,108,2,65,73,170100,0,0,0,0,1,54,0,222,35,3846,0,0,0,0,0,0,0,0,300,-164,0,0,30
2472.63,0,0,0,0,100,590,1.5314,0.0035343,1.53833,39,0,29,24,30,0,-2,0,0,1,57,3780,3814,45,142,35,614,35075,34771,108,2,65,73,170100,0,0,0,0,1,0,0,634,66,3833,0,0,0,0,0,0,0,0,300,-388,0,0,30
2472.64,0,0,0,0,100,612,1.53138,0.00353601,1.5385,39,0,29,24,30,0,-2,0,0,1,57,3781,3814,44,142,35,614,35075,34771,108,2,65,73,166364,0,0,0,0,1,0,315,0,40,3839,0,0,0,0,0,0,0,0,300,-212,0,0,30
2472.65,0,0,0,0,99,612,1.53137,0.00353772,1.53866,39,0,29,24,30,0,-2,0,0,1,57,3780,3814,73,142,35,614,35075,34771,108,2,65,73,275940,0,0,0,0,1,0,315,0,40,3839,0,0,0,0,0,0,0,0,300,-212,0,0,30
2472.66,0,0,0,0,100,591,1.53135,0.00353943,1.53883,39,0,29,24,30,0,-2,0,0,1,57,3780,3814,41,142,35,614,35075,34771,108,2,65,73,154980,0,0,0,0,1,112,571,0,66,3829,0,0,0,0,0,0,0,0,300,-428,0,0,30
2472.67,0,0,0,0,100,614,1.53134,0.00354114,1.539,39,0,29,24,30,0,-2,0,0,1,57,3780,3814,41,142,35,614,35075,34771,108,2,65,73,154980,0,0,0,0,1,296,0,0,36,3846,0,0,0,0,0,0,0,0,300,-173,0,0,30
2472.68,0,0,0,0,99,597,1.53132,0.00354285,1.53916,39,0,29,24,30,0,-2,0,0,1,57,3779,3814,39,142,35,614,35075,34771,108,2,65,73,147381,0,0,0,0,1,27,0,448,52,3833,0,0,0,0,0,0,0,0,300,-331,0,0,30
2472.69,0,0,0,0,99,621,1.5313,0.00354456,1.53933,39,0,29,24,30,0,-2,0,0,1,57,3779,3818,35,142,35,614,35075,34771,108,2,65,73,132265,0,0,0,0,1,0,46,355,46,3835,0,0,0,0,0,0,0,0,300,-235,0,0,30
2472.7,0,0,0,0,100,617,1.53129,0.00354627,1.53949,39,0,29,24,30,0,-2,0,0,1,57,3779,3818,71,142,35,614,35070,34785,108,2,68,73,268309,0,0,0,0,1,0,418,0,42,3839,0,0,0,0,0,0,0,0,300,-246,0,0,30
2472.71,0,0,0,0,99,617,1.53116,0.00354221,1.53923,39,0,29,24,30,0,-2,0,0,1,57,3779,3818,71,142,35,614,35070,34785,108,2,68,73,268309,0,0,0,0,1,0,418,0,42,3839,0,0,0,0,0,0,0,0,300,-246,0,0,30
2472.72,0,0,0,0,99,622,1.53104,0.00353815,1.53896,39,0,29,24,30,0,-2,0,0,1,57,3792,3818,70,142,35,614,35070,34785,108,2,68,73,265440,0,0,0,0,1,484,0,0,61,3841,0,0,0,0,0,0,0,0,300,-319,0,0,30
2472.73,0,0,0,0,100,616,1.53092,0.00353409,1.5387,39,0,29,24,30,0,-2,0,0,1,57,3792,3818,48,142,35,614,35070,34785,108,2,68,73,182016,0,0,0,0,1,288,0,197,43,3837,0,0,0,0,0,0,0,0,300,-273,0,0,30
2472.74,0,0,0,0,100,623,1.53079,0.00353003,1.53843,39,0,29,24,30,0,-2,0,0,1,57,3792,3818,40,142,35,614,35070,34785,108,2,68,73,151680,0,0,0,0,1,0,0,478,67,3839,0,0,0,0,0,0,0,0,300,-360,0,0,30
2472.75,0,0,0,0,100,622,1.53067,0.00352597,1.53816,39,0,29,24,30,0,-2,0,0,1,57,3792,3818,40,142,35,614,35070,34785,108,2,68,73,151680,0,0,0,0,1,0,427,0,40,3839,0,0,0,0,0,0,0,0,300,-252,0,0,30
2472.76,0,0,0,0,100,612,1.53055,0.00352191,1.5379,39,0,29,24,30,0,-2,0,0,1,57,3789,3818,35,142,35,614,35070,34785,108,2,68,73,132615,0,0,0,0,1,413,135,0,67,3822,0,0,0,0,0,0,0,0,300,-334,0,0,30
2472.77,0,0,0,0,99,612,1.53042,0.00351784,1.53763,39,0,29,24,30,0,-2,0,0,1,57,3789,3818,67,142,35,614,35070,34785,108,2,68,73,253863,0,0,0,0,1,413,135,0,67,3822,0,0,0,0,0,0,0,0,300,-334,0,0,30
2472.78,0,0,0,0,100,635,1.5303,0.00351378,1.53736,39,0,29,24,30,0,-2,0,0,1,57,3789,3818,60,142,35,614,35070,34785,108,2,68,73,227340,0,0,0,0,1,197,0,111,32,3841,0,0,0,0,0,0,0,0,300,-183,0,0,30
2472.79,0,0,0,0,100,627,1.53017,0.00350972,1.5371,39,0,29,24,30,0,-2,0,0,1,57,3789,3818,60,142,35,614,35070,34785,108,2,68,73,227340,0,0,0,0,1,0,0,566,69,3829,0,0,0,0,0,0,0,0,300,-360,0,0,30
2472.8,0,0,0,0,99,647,1.53005,0.00350566,1.53683,39,0,29,24,30,0,-2,0,0,1,57,3791,3818,70,142,35,614,35164,34955,108,2,68,98,265370,0,0,0,0,1,0,272,0,32,3843,0,0,0,0,0,0,0,0,300,-167,0,0,30
2472.81,0,0,0,0,100,635,1.53022,0.00350067,1.53687,39,0,29,24,30,0,-2,0,0,1,57,3793,3818,32,142,35,614,35164,34955,108,2,68,98,121376,0,0,0,0,1,689,0,0,76,3817,0,0,0,0,0,0,0,0,300,-426,0,0,30
2472.82,0,0,0,0,99,654,1.53039,0.00349567,1.53691,39,0,29,24,30,0,-2,0,0,1,57,3793,3818,51,142,35,614,35164,34955,108,2,68,98,193443,0,0,0,0,1,0,0,341,33,3839,0,0,0,0,0,0,0,0,300,-183,0,0,30
2472.83,0,0,0,0,100,654,1.53056,0.00349068,1.53696,39,0,29,24,30,0,-2,0,0,1,57,3793,3818,51,142,35,614,35164,34955,108,2,68,98,193443,0,0,0,0,1,0,0,341,33,3839,0,0,0,0,0,0,0,0,300,-183,0,0,30
2472.84,0,0,0,0,99,629,1.53073,0.00348569,1.537,39,0,29,24,30,0,-2,0,0,1,57,3792,3818,57,142,35,614,35164,34955,108,2,68,98,216144,0,0,0,0,1,0,471,167,77,3831,0,0,0,0,0,0,0,0,300,-402,0,0,30
2472.85,0,0,0,0,100,656,1.53091,0.00348069,1.53704,39,0,29,24,30,0,-2,0,0,1,57,3792,3818,77,142,35,614,35164,34955,108,2,68,98,291984,0,0,0,0,1,183,134,0,39,3835,0,0,0,0,0,0,0,0,300,-186,0,0,30
2472.86,0,0,0,0,100,632,1.53108,0.0034757,1.53708,39,0,29,24,30,0,-2,0,0,1,57,3792,3818,38,142,35,614,35164,34955,108,2,68,98,144096,0,0,0,0,1,546,0,77,68,3824,0,0,0,0,0,0,0,0,300,-401,0,0,30
2472.87,0,0,0,0,100,660,1.53125,0.00347071,1.53712,39,0,29,24,30,0,-2,0,0,1,57,3792,3818,38,142,35,614,35164,34955,108,2,68,98,144096,0,0,0,0,1,0,20,235,37,3846,0,0,0,0,0,0,0,0,300,-201,0,0,30
2472.88,0,0,0,0,100,647,1.53142,0.00346571,1.53717,39,0,29,24,30,0,-2,0,0,1,57,3781,3818,37,142,35,614,35164,34955,108,2,68,98,139897,0,0,0,0,1,0,477,0,57,3835,0,0,0,0,0,0,0,0,300,-318,0,0,30
2472.89,0,0,0,0,100,647,1.53159,0.00346072,1.53721,39,0,29,24,30,0,-2,0,0,1,57,3785,3818,38,142,35,614,35164,34955,108,2,68,98,143830,0,0,0,0,1,0,477,0,57,3835,0,0,0,0,0,0,0,0,300,-318,0,0,30
2472.9,0,0,0,0,100,667,1.53176,0.00345573,1.53725,39,0,29,24,30,0,-2,0,0,1,57,3785,3818,73,142,35,614,35112,34873,108,2,68,73,276305,0,0,0,0,1,249,0,0,36,3841,0,0,0,0,0,0,0,0,300,-161,0,0,30
2472.91,0,0,0,0,100,655,1.53186,0.00344536,1.53692,39,0,29,24,30,0,-2,0,0,1,57,3785,3818,73,142,35,614,35112,34873,108,2,68,73,276305,0,0,0,0,1,0,0,476,52,3839,0,0,0,0,0,0,0,0,300,-312,0,0,30
2472.92,0,0,0,0,100,677,1.53196,0.003435,1.53659,39,0,29,24,30,0,-2,0,0,1,57,3788,3818,74,142,35,614,35112,34873,108,2,68,73,280312,0,0,0,0,1,0,344,0,51,3848,0,0,0,0,0,0,0,0,300,-229,0,0,30
2472.93,0,0,0,0,99,663,1.53206,0.00342464,1.53625,39,0,29,24,30,0,-2,0,0,1,57,3788,3819,51,142,35,614,35112,34873,108,2,68,73,193188,0,0,0,0,1,458,0,0,52,3829,0,0,0,0,0,0,0,0,300,-300,0,0,30
2472.94,0,0,0,0,99,663,1.53216,0.00341428,1.53592,39,0,29,24,30,0,-2,0,0,1,57,3788,3819,40,142,35,614,35112,34873,108,2,68,73,151520,0,0,0,0,1,0,0,466,68,3835,0,0,0,0,0,0,0,0,300,-328,0,0,30
2472.95,0,0,0,0,100,673,1.53226,0.00340392,1.53559,39,0,29,24,30,0,-2,0,0,1,57,3788,3819,40,142,35,614,35112,34873,108,2,68,73,151520,0,0,0,0,1,0,0,466,68,3835,0,0,0,0,0,0,0,0,300,-328,0,0,30
2472.96,0,0,0,0,99,667,1.53236,0.00339356,1.53526,39,0,29,24,30,0,-2,0,0,1,57,3777,3819,37,142,35,614,35112,34873,108,2,68,73,139749,0,0,0,0,1,13,397,0,46,3829,0,0,0,0,0,0,0,0,300,-284,0,0,30
2472.97,0,0,0,0,100,668,1.53246,0.0033832,1.53492,39,0,29,24,30,0,-2,0,0,1,57,3777,3819,76,142,35,614,35112,34873,108,2,68,73,287052,0,0,0,0,1,462,0,21,67,3826,0,0,0,0,0,0,0,0,300,-313,0,0,30
2472.98,0,0,0,0,100,684,1.53256,0.00337284,1.53459,39,0,29,24,30,0,-2,0,0,1,57,3777,3819,57,142,35,614,35112,34873,108,2,68,73,215289,0,0,0,0,1,0,35,302,40,3837,0,0,0,0,0,0,0,0,300,-244,0,0,30
2472.99,0,0,0,0,100,681,1.53266,0.00336247,1.53426,39,0,29,24,30,0,-2,0,0,1,57,3777,3819,57,142,35,614,35112,34873,108,2,68,73,215289,0,0,0,0,1,150,436,0,71,3824,0,0,0,0,0,0,0,0,300,-355,0,0,30
2473,0,0,0,0,100,694,1.53276,0.00335211,1.53393,39,0,29,24,30,0,-2,0,0,1,57,3777,3819,67,142,35,614,35049,34714,108,2,65,73,253059,0,0,0,0,1,73,0,255,36,3839,0,0,0,0,0,0,0,0,300,-180,0,0,30
2473.01,0,0,0,0,99,694,1.53249,0.00335819,1.534,39,0,29,24,30,0,-2,0,0,1,57,3777,3820,35,142,35,614,35049,34714,108,2,65,73,132195,0,0,0,0,1,73,0,255,36,3839,0,0,0,0,0,0,0,0,300,-180,0,0,30
2473.02,0,0,0,0,100,686,1.53223,0.00336427,1.53407,39,0,29,24,30,0,-2,0,0,1,57,3777,3820,49,142,35,614,35049,34714,108,2,65,73,185073,0,0,0,0,1,0,557,0,76,3835,0,0,0,0,0,0,0,0,300,-376,0,0,30
2473.03,0,0,0,0,100,705,1.53196,0.00337034,1.53414,39,0,29,24,30,0,-2,0,0,1,57,3777,3820,49,142,35,614,35049,34714,108,2,65,73,185073,0,0,0,0,1,341,0,0,40,3829,0,0,0,0,0,0,0,0,300,-201,0,0,30
2473.04,0,0,0,0,99,687,1.53169,0.00337642,1.53421,39,0,29,24,30,0,-2,0,0,1,57,3782,3820,50,142,35,614,35049,34714,108,2,65,73,189100,0,0,0,0,1,0,0,679,78,3829,0,0,0,0,0,0,0,0,300,-394,0,0,30
2473.05,0,0,0,0,99,707,1.53142,0.00338249,1.53427,39,0,29,24,30,0,-2,0,0,1,57,3778,3820,79,142,35,614,35049,34714,108,2,65,73,298462,0,0,0,0,1,27,278,0,37,3848,0,0,0,0,0,0,0,0,300,-197,0,0,30
2473.06,0,0,0,0,99,707,1.53115,0.00338857,1.53434,39,0,29,24,30,0,-2,0,0,1,57,3778,3820,39,142,35,614,35049,34714,108,2,65,73,147342,0,0,0,0,1,416,0,224,75,3835,0,0,0,0,0,0,0,0,300,-389,0,0,30
2473.07,0,0,0,0,99,692,1.53088,0.00339465,1.53441,39,0,29,24,30,0,-2,0,0,1,57,3778,3820,39,142,35,614,35049,34714,108,2,65,73,147342,0,0,0,0,1,416,0,224,75,3835,0,0,0,0,0,0,0,0,300,-389,0,0,30
2473.08,0,0,0,0,99,723,1.53061,0.00340072,1.53448,39,0,29,24,30,0,-2,0,0,1,57,3776,3820,45,142,35,614,35049,34714,108,2,65,73,169920,0,0,0,0,1,0,311,0,35,3835,0,0,0,0,0,0,0,0,300,-194,0,0,30
2473.09,0,0,0,0,100,702,1.53035,0.0034068,1.53455,39,0,29,24,30,0,-2,0,0,1,57,3776,3820,35,142,35,614,35049,34714,108,2,65,73,132160,0,0,0,0,1,642,0,0,73,3822,0,0,0,0,0,0,0,0,300,-374,0,0,30
2473.1,0,0,0,0,99,729,1.53008,0.00341288,1.53462,39,0,29,24,30,0,-2,0,0,1,58,3776,3820,68,142,35,614,35057,34710,108,2,65,73,256768,0,0,0,0,1,0,63,251,43,3839,0,0,0,0,0,0,0,0,300,-215,0,0,30
2473.11,0,0,0,0,99,708,1.53016,0.00340694,1.53468,39,0,29,24,30,0,-2,0,0,1,58,3776,3820,68,142,35,614,35057,34710,108,2,65,73,256768,0,0,0,0,1,562,55,0,80,3826,0,0,0,0,0,0,0,0,300,-397,0,0,30
2473.12,0,0,0,0,99,732,1.53025,0.003401,1.53474,39,0,29,24,30,0,-2,0,0,1,58,3778,3820,76,142,35,614,35057,34710,108,2,65,73,287128,0,0,0,0,1,0,0,339,43,3846,0,0,0,0,0,0,0,0,300,-193,0,0,30
2473.13,0,0,0,0,99,732,1.53033,0.00339507,1.5348,39,0,29,24,30,0,-2,0,0,1,58,3778,3820,63,142,35,614,35057,34710,108,2,65,73,238014,0,0,0,0,1,0,0,339,43,3846,0,0,0,0,0,0,0,0,300,-193,0,0,30
2473.14,0,0,0,0,99,710,1.53042,0.00338913,1.53487,39,0,29,24,30,0,-2,0,0,1,58,3778,3820,39,142,35,614,35057,34710,108,2,65,73,147342,0,0,0,0,1,70,547,0,73,3820,0,0,0,0,0,0,0,0,300,-395,0,0,30
2473.15,0,0,0,0,99,738,1.5305,0.0033832,1.53493,39,0,29,24,30,0,-2,0,0,1,58,3778,3820,39,142,35,614,35057,34710,108,2,65,73,147342,0,0,0,0,1,0,0,287,43,3846,0,0,0,0,0,0,0,0,300,-197,0,0,30
2473.16,0,0,0,0,99,727,1.53059,0.00337726,1.53499,39,0,29,24,30,0,-2,0,0,1,58,3777,3820,39,142,35,614,35057,34710,108,2,65,73,147303,0,0,0,0,1,0,510,0,61,3835,0,0,0,0,0,0,0,0,300,-309,0,0,30
2473.17,0,0,0,0,99,744,1.53067,0.00337133,1.53505,39,0,29,24,30,0,-2,0,0,1,58,3776,3820,57,142,35,614,35057,34710,108,2,65,73,215232,0,0,0,0,1,183,0,187,51,3839,0,0,0,0,0,0,0,0,300,-202,0,0,30
2473.18,0,0,0,0,100,736,1.53076,0.00336539,1.53511,39,0,29,24,30,0,-2,0,0,1,58,3776,3820,75,142,35,614,35057,34710,108,2,65,73,283200,0,0,0,0,1,0,547,0,60,3831,0,0,0,0,0,0,0,0,300,-321,0,0,30
2473.19,0,0,0,0,100,736,1.53084,0.00335946,1.53517,39,0,29,24,30,0,-2,0,0,1,58,3776,3820,75,142,35,614,35057,34710,108,2,65,73,283200,0,0,0,0,1,0,547,0,60,3831,0,0,0,0,0,0,0,0,300,-321,0,0,30
2473.2,0,0,0,0,100,746,1.53093,0.00335352,1.53523,39,0,29,24,30,0,-2,0,0,1,57,3781,3820,67,142,35,614,35081,34762,108,2,65,73,253327,0,0,0,0,1,306,0,138,63,3820,0,0,0,0,0,0,0,0,300,-272,0,0,30
2473.21,0,0,0,0,100,739,1.53108,0.00333041,1.53536,39,0,29,24,30,0,-2,0,0,0.9,57,3781,3820,36,142,35,614,35081,34762,108,2,65,73,136116,0,0,0,0,1,0,516,0,57,3835,0,0,0,0,0,0,0,0,300,-313,0,0,30
2473.22,0,0,0,0,99,745,1.53123,0.00330729,1.5355,39,0,29,24,30,0,-2,0,0,0.8,57,3781,3820,44,142,35,614,35081,34762,108,2,65,73,166364,0,0,0,0,1,410,0,71,70,3824,0,0,0,0,0,0,0,0,300,-311,0,0,30
2473.23,0,0,0,0,100,756,1.53139,0.00328418,1.53563,39,0,29,24,30,0,-2,0,0,0.7,57,3781,3820,44,142,35,614,35081,34762,108,2,65,73,166364,0,0,0,0,1,0,369,0,43,3839,0,0,0,0,0,0,0,0,300,-223,0,0,30
2473.24,0,0,0,0,100,755,1.53154,0.00326106,1.53576,39,0,29,24,30,0,-2,0,0,0.6,57,3780,3820,45,142,35,614,35081,34762,108,2,65,73,170100,0,0,0,0,1,376,0,117,71,3826,0,0,0,0,0,0,0,0,300,-321,0,0,30
2473.25,0,0,0,0,99,755,1.53169,0.00323795,1.53589,39,0,29,24,30,0,-2,0,0,0.5,57,3776,3820,83,142,35,614,35081,34762,108,2,65,73,313408,0,0,0,0,1,376,0,117,71,3826,0,0,0,0,0,0,0,0,300,-321,0,0,30
2473.26,0,0,0,0,99,768,1.53185,0.00321483,1.53602,39,0,29,24,30,0,-2,0,0,0.4,57,3776,3820,68,142,35,614,35081,34762,108,2,65,73,256768,0,0,0,0,1,0,334,0,41,3843,0,0,0,0,0,0,0,0,300,-198,0,0,30
2473.27,0,0,0,0,100,752,1.532,0.00319172,1.53616,39,0,29,24,30,0,-2,0,0,0.3,57,3776,3820,68,142,35,614,35081,34762,108,2,65,73,256768,0,0,0,0,1,296,0,345,82,3824,0,0,0,0,0,0,0,0,300,-369,0,0,30
2473.28,0,0,0,0,100,774,1.53215,0.0031686,1.53629,39,0,29,24,30,0,-2,0,0,0.2,57,3776,3820,68,142,35,614,35081,34762,108,2,65,73,256768,0,0,0,0,1,13,284,0,41,3837,0,0,0,0,0,0,0,0,300,-196,0,0,30
2473.29,0,0,0,0,100,757,1.53231,0.00314549,1.53642,39,0,29,24,30,0,-2,0,0,0.1,57,3785,3820,39,142,35,614,35081,34762,108,2,65,73,147615,0,0,0,0,1,0,0,589,84,3817,0,0,0,0,0,0,0,0,300,-401,0,0,30
2473.3,0,0,0,0,99,784,1.53246,0.00312237,1.53655,39,0,29,24,30,0,-2,0,0,0,57,3785,3820,61,142,35,614,35113,34843,108,2,65,73,230885,0,0,0,0,1,114,240,0,45,3843,0,0,0,0,0,0,0,0,300,-212,0,0,30
2473.31,0,0,0,0,99,784,1.53237,0.0031413,1.53668,39,0,29,24,30,0,-2,0,0,0.1,57,3785,3820,61,142,35,614,35113,34843,108,2,65,73,230885,0,0,0,0,1,114,240,0,45,3843,0,0,0,0,0,0,0,0,300,-212,0,0,30
2473.32,0,0,0,0,100,765,1.53227,0.00316023,1.53681,39,0,29,24,30,0,-2,0,0,0.2,57,3790,3820,58,142,35,614,35113,34843,108,2,65,73,219820,0,0,0,0,1,0,0,642,75,3829,0,0,0,0,0,0,0,0,300,-368,0,0,30
2473.33,0,0,0,0,99,789,1.53218,0.00317915,1.53693,39,0,29,24,30,0,-2,0,0,0.3,57,3790,3820,81,142,35,614,35113,34843,108,2,65,73,306990,0,0,0,0,1,310,0,0,45,3837,0,0,0,0,0,0,0,0,300,-198,0,0,30
2473.34,0,0,0,0,100,773,1.53208,0.00319808,1.53706,39,0,29,24,30,0,-2,0,0,0.4,57,3790,3820,47,142,35,614,35113,34843,108,2,65,73,178130,0,0,0,0,1,0,164,407,68,3831,0,0,0,0,0,0,0,0,300,-357,0,0,30
2473.35,0,0,0,0,100,793,1.53199,0.00321701,1.53719,39,0,29,24,30,0,-2,0,0,0.5,57,3790,3820,47,142,35,614,35113,34843,108,2,65,73,178130,0,0,0,0,1,302,0,0,55,3841,0,0,0,0,0,0,0,0,300,-199,0,0,30
2473.36,0,0,0,0,99,785,1.53189,0.00323594,1.53731,39,0,29,24,30,0,-2,0,0,0.6,57,3790,3821,46,142,35,614,35113,34843,108,2,65,73,174340,0,0,0,0,1,0,541,0,63,3835,0,0,0,0,0,0,0,0,300,-327,0,0,30
2473.37,0,0,0,0,99,785,1.5318,0.00325487,1.53744,39,0,29,24,30,0,-2,0,0,0.7,57,3782,3821,51,142,35,614,35113,34843,108,2,65,73,192882,0,0,0,0,1,0,541,0,63,3835,0,0,0,0,0,0,0,0,300,-327,0,0,30
2473.38,0,0,0,0,99,797,1.5317,0.00327379,1.53757,39,0,29,24,30,0,-2,0,0,0.8,57,3782,3821,80,142,35,614,35113,34843,108,2,65,73,302560,0,0,0,0,1,9,0,402,68,3835,0,0,0,0,0,0,0,0,300,-260,0,0,30
2473.39,0,0,0,0,100,796,1.53161,0.00329272,1.53769,39,0,29,24,30,0,-2,0,0,0.9,57,3782,3821,80,142,35,614,35113,34843,108,2,65,73,302560,0,0,0,0,1,156,287,0,53,3837,0,0,0,0,0,0,0,0,300,-262,0,0,30
2473.4,0,0,0,0,100,803,1.53151,0.00331165,1.53782,39,0,29,24,30,0,-2,0,0,1,57,3784,3821,80,142,35,614,35102,34815,108,2,68,73,302720,0,0,0,0,1,0,34,457,78,3829,0,0,0,0,0,0,0,0,300,-336,0,0,30
2473.41,0,0,0,0,100,808,1.53161,0.00331024,1.53719,39,0,29,24,30,0,-2,0,0,1,57,3784,3821,54,142,35,614,35102,34815,108,2,68,73,204336,0,0,0,0,1,331,0,0,47,3831,0,0,0,0,0,0,0,0,300,-209,0,0,30
2473.42,0,0,0,0,100,808,1.5317,0.00330883,1.53657,39,0,29,24,30,0,-2,0,0,1,57,3787,3821,49,142,35,614,35102,34815,108,2,68,73,185563,0,0,0,0,1,0,633,0,85,3820,0,0,0,0,0,0,0,0,300,-379,0,0,30
2473.43,0,0,0,0,100,802,1.5318,0.00330742,1.53594,39,0,29,24,30,0,-2,0,0,1,57,3787,3821,49,142,35,614,35102,34815,108,2,68,73,185563,0,0,0,0,1,0,633,0,85,3820,0,0,0,0,0,0,0,0,300,-379,0,0,30
2473.44,0,0,0,0,100,814,1.53189,0.003306,1.53532,39,0,29,24,30,0,-2,0,0,1,57,3787,3818,45,142,35,614,35102,34815,108,2,68,73,170415,0,0,0,0,1,0,0,357,43,3843,0,0,0,0,0,0,0,0,300,-210,0,0,30
2473.45,0,0,0,0,99,803,1.53199,0.00330459,1.53469,39,0,29,24,30,0,-2,0,0,1,57,3774,3818,85,142,35,614,35102,34815,108,2,68,73,320790,0,0,0,0,1,445,93,0,81,3817,0,0,0,0,0,0,0,0,300,-330,0,0,30
2473.46,0,0,0,0,100,832,1.53208,0.00330318,1.53407,39,0,29,24,30,0,-2,0,0,1,57,3774,3818,63,142,35,614,35102,34815,108,2,68,73,237762,0,0,0,0,1,0,251,11,46,3839,0,0,0,0,0,0,0,0,300,-190,0,0,30
2473.47,0,0,0,0,100,818,1.53218,0.00330177,1.53345,39,0,29,24,30,0,-2,0,0,1,57,3774,3818,63,142,35,614,35102,34815,108,2,68,73,237762,0,0,0,0,1,212,0,323,74,3831,0,0,0,0,0,0,0,0,300,-315,0,0,30
2473.48,0,0,0,0,100,818,1.53227,0.00330036,1.53282,39,0,29,24,30,0,-2,0,0,1,57,3773,3818,72,142,35,614,35102,34815,108,2,68,73,271656,0,0,0,0,1,243,98,0,54,3829,0,0,0,0,0,0,0,0,300,-206,0,0,30
2473.49,0,0,0,0,100,837,1.53237,0.00329895,1.5322,39,0,29,24,30,0,-2,0,0,1,57,3773,3818,44,142,35,614,35102,34815,108,2,68,73,166012,0,0,0,0,1,243,98,0,54,3829,0,0,0,0,0,0,0,0,300,-206,0,0,30
2473.5,0,0,0,0,99,821,1.53246,0.00329754,1.53157,39,0,29,24,30,0,-2,0,0,1,57,3777,3818,68,142,35,614,35018,34688,108,2,68,73,256836,0,0,0,0,1,0,293,337,76,3826,0,0,0,0,0,0,0,0,300,-361,0,0,30
2473.51,0,0,0,0,99,838,1.53234,0.00329391,1.53167,39,0,29,24,30,0,-2,0,0,1,57,3777,3818,68,142,35,614,35018,34688,108,2,68,73,256836,0,0,0,0,1,206,0,210,64,3829,0,0,0,0,0,0,0,0,300,-234,0,0,30
2473.52,0,0,0,0,99,830,1.53222,0.00329029,1.53177,39,0,29,24,30,0,-2,0,0,1,57,3777,3817,65,142,35,614,35018,34688,108,2,68,73,245505,0,0,0,0,1,270,237,0,64,3826,0,0,0,0,0,0,0,0,300,-297,0,0,30
2473.53,0,0,0,0,100,844,1.5321,0.00328667,1.53187,39,0,29,24,30,0,-2,0,0,1,57,3776,3817,86,142,35,614,35018,34688,108,2,68,73,324736,0,0,0,0,1,0,336,95,73,3843,0,0,0,0,0,0,0,0,300,-260,0,0,30
2473.54,0,0,0,0,99,843,1.53198,0.00328304,1.53197,39,0,29,24,30,0,-2,0,0,1,57,3776,3817,47,143,35,614,35018,34688,108,2,68,73,177472,0,0,0,0,1,1,0,314,51,3835,0,0,0,0,0,0,0,0,300,-222,0,0,30
2473.55,0,0,0,0,99,843,1.53186,0.00327942,1.53207,39,0,29,24,30,0,-2,0,0,1,57,3776,3817,47,143,35,614,35018,34688,108,2,68,73,177472,0,0,0,0,1,1,0,314,51,3835,0,0,0,0,0,0,0,0,300,-222,0,0,30
2473.56,0,0,0,0,99,844,1.53174,0.00327579,1.53217,39,0,29,24,30,0,-2,0,0,1,57,3774,3817,53,143,35,614,35018,34688,108,2,68,73,200022,0,0,0,0,1,468,0,0,82,3822,0,0,0,0,0,0,0,0,300,-298,0,0,30
2473.57,0,0,0,0,100,855,1.53162,0.00327217,1.53227,39,0,29,24,30,0,-2,0,0,1,57,3774,3817,45,143,35,614,35018,34688,108,2,68,73,169830,0,0,0,0,1,0,374,0,49,3833,0,0,0,0,0,0,0,0,300,-231,0,0,30
2473.58,0,0,0,0,100,841,1.53149,0.00326854,1.53237,39,0,29,24,30,0,-2,0,0,1,57,3775,3817,81,143,35,614,35018,34688,108,2,68,73,305775,0,0,0,0,1,0,0,644,88,3822,0,0,0,0,0,0,0,0,300,-388,0,0,30
2473.59,0,0,0,0,100,860,1.53137,0.00326492,1.53247,39,0,29,24,30,0,-2,0,0,1,57,3775,3817,81,143,35,614,35018,34688,108,2,68,73,305775,0,0,0,0,1,322,0,0,47,3835,0,0,0,0,0,0,0,0,300,-189,0,0,30
2473.6,0,0,0,0,100,847,1.53125,0.00326129,1.53257,39,0,29,24,29,0,-2,0,0,1,57,3775,3817,81,143,35,614,35032,34692,108,2,65,73,305775,0,0,0,0,1,0,506,0,79,3826,0,0,0,0,0,0,0,0,300,-324,0,0,30
2473.61,0,0,0,0,99,847,1.5313,0.0032577,1.53289,39,0,29,24,29,0,-2,0,0,1,57,3783,3817,79,143,35,614,35032,34692,108,2,65,73,298857,0,0,0,0,1,0,506,0,79,3826,0,0,0,0,0,0,0,0,300,-324,0,0,30
2473.62,0,0,0,0,99,871,1.53134,0.0032541,1.5332,39,0,29,24,29,0,-2,0,0,1,57,3783,3817,47,143,35,614,35032,34692,108,2,65,73,177801,0,0,0,0,1,0,63,275,53,3833,0,0,0,0,0,0,0,0,300,-224,0,0,30
2473.63,0,0,0,0,100,860,1.53138,0.0032505,1.53351,39,0,29,24,29,0,-2,0,0,1,57,3783,3817,47,143,35,614,35032,34692,108,2,65,73,177801,0,0,0,0,1,263,0,261,71,3820,0,0,0,0,0,0,0,0,300,-296,0,0,30
2473.64,0,0,0,0,99,873,1.53142,0.00324691,1.53382,39,0,29,24,29,0,-2,0,0,1,57,3779,3817,47,143,35,614,35032,34692,108,2,65,73,177613,0,0,0,0,1,405,0,0,67,3826,0,0,0,0,0,0,0,0,300,-262,0,0,30
2473.65,0,0,0,0,99,864,1.53147,0.00324331,1.53413,39,0,29,24,29,0,-2,0,0,1,57,3779,3817,56,143,35,614,35032,34692,108,2,65,73,211624,0,0,0,0,1,0,533,0,67,3829,0,0,0,0,0,0,0,0,300,-315,0,0,30
2473.66,0,0,0,0,100,874,1.53151,0.00323972,1.53444,39,0,29,24,29,0,-2,0,0,1,57,3777,3817,89,143,35,614,35032,34692,108,2,65,73,336153,0,0,0,0,1,0,0,431,74,3829,0,0,0,0,0,0,0,0,300,-295,0,0,30
2473.67,0,0,0,0,100,874,1.53155,0.00323612,1.53476,39,0,29,24,29,0,-2,0,0,1,57,3777,3817,89,143,35,614,35032,34692,108,2,65,73,336153,0,0,0,0,1,0,0,431,74,3829,0,0,0,0,0,0,0,0,300,-295,0,0,30
2473.68,0,0,0,0,100,874,1.53159,0.00323252,1.53507,39,0,29,24,29,0,-2,0,0,1,57,3777,3817,87,143,35,614,35032,34692,108,2,65,73,328599,0,0,0,0,1,273,0,130,53,3829,0,0,0,0,0,0,0,0,300,-230,0,0,30
2473.69,0,0,0,0,100,874,1.53164,0.00322893,1.53538,39,0,29,24,29,0,-2,0,0,1,57,3787,3817,68,143,35,614,35032,34692,108,2,65,73,257516,0,0,0,0,1,460,0,0,83,3822,0,0,0,0,0,0,0,0,300,-306,0,0,30
2473.7,0,0,0,0,100,887,1.53168,0.00322533,1.53569,39,0,29,24,30,0,-2,0,0,1,57,3787,3817,51,143,35,614,35135,34911,108,2,68,98,193137,0,0,0,0,1,0,344,0,52,3835,0,0,0,0,0,0,0,0,300,-200,0,0,30
2473.71,0,0,0,0,100,877,1.53175,0.00322348,1.53545,39,0,29,24,30,0,-2,0,0,0.9,57,3787,3817,51,143,35,614,35135,34911,108,2,68,98,193137,0,0,0,0,1,0,57,533,93,3820,0,0,0,0,0,0,0,0,300,-397,0,0,30
2473.72,0,0,0,0,100,896,1.53183,0.00322163,1.5352,39,0,29,24,30,0,-2,0,0,0.8,57,3783,3817,47,143,35,614,35135,34911,108,2,68,98,177801,0,0,0,0,1,1,0,294,53,3835,0,0,0,0,0,0,0,0,300,-205,0,0,30
2473.73,0,0,0,0,100,896,1.53191,0.00321977,1.53496,39,0,29,24,30,0,-2,0,0,0.7,57,3783,3817,77,143,35,614,35135,34911,108,2,68,98,291291,0,0,0,0,1,1,0,294,53,3835,0,0,0,0,0,0,0,0,300,-205,0,0,30
2473.74,0,0,0,0,99,882,1.53198,0.00321792,1.53472,39,0,29,24,30,0,-2,0,0,0.6,57,3780,3817,88,143,35,614,35135,34911,108,2,68,98,332640,0,0,0,0,1,603,0,0,84,3815,0,0,0,0,0,0,0,0,300,-358,0,0,30
2473.75,0,0,0,0,99,904,1.53206,0.00321607,1.53447,39,0,29,24,30,0,-2,0,0,0.5,57,3780,3817,88,143,35,614,35135,34911,108,2,68,98,332640,0,0,0,0,1,85,293,0,57,3829,0,0,0,0,0,0,0,0,300,-233,0,0,30
2473.76,0,0,0,0,100,891,1.53213,0.00321422,1.53423,39,0,29,24,30,0,-2,0,0,0.4,57,3787,3821,87,143,35,614,35135,34911,108,2,68,98,329469,0,0,0,0,1,0,512,0,76,3817,0,0,0,0,0,0,0,0,300,-330,0,0,30
2473.77,0,0,0,0,100,905,1.53221,0.00321236,1.53399,39,0,29,24,30,0,-2,0,0,0.3,57,3787,3821,53,143,35,614,35135,34911,108,2,68,98,200711,0,0,0,0,1,0,0,402,68,3833,0,0,0,0,0,0,0,0,300,-254,0,0,30
2473.78,0,0,0,0,99,905,1.53228,0.00321051,1.53374,39,0,29,24,30,0,-2,0,0,0.2,57,3787,3821,52,143,35,614,35135,34911,108,2,68,98,196924,0,0,0,0,1,214,0,255,67,3831,0,0,0,0,0,0,0,0,300,-283,0,0,30
2473.79,0,0,0,0,99,894,1.53236,0.00320866,1.5335,39,0,29,24,30,0,-2,0,0,0.1,57,3787,3821,52,143,35,614,35135,34911,108,2,68,98,196924,0,0,0,0,1,214,0,255,67,3831,0,0,0,0,0,0,0,0,300,-283,0,0,30
2473.8,0,0,0,0,99,905,1.53244,0.00320681,1.53326,39,0,29,24,30,0,-2,0,0,0,58,3787,3821,53,143,35,614,35130,34880,108,2,65,73,200711,0,0,0,0,1,495,0,0,80,3831,0,0,0,0,0,0,0,0,300,-296,0,0,30
2473.81,0,0,0,0,100,912,1.53249,0.00322875,1.53338,39,0,29,24,30,0,-2,0,0,0,58,3787,3821,86,143,35,614,35130,34880,108,2,65,73,325682,0,0,0,0,1,126,280,0,57,3824,0,0,0,0,0,0,0,0,300,-242,0,0,30
2473.82,0,0,0,0,99,912,1.53254,0.00325069,1.5335,39,0,29,24,30,0,-2,0,0,0,58,3780,3821,86,143,35,614,35130,34880,108,2,65,73,325080,0,0,0,0,1,0,559,0,88,3826,0,0,0,0,0,0,0,0,300,-340,0,0,30
2473.83,0,0,0,0,100,925,1.5326,0.00327263,1.53363,39,0,29,24,30,0,-2,0,0,0,58,3780,3821,86,143,35,614,35130,34880,108,2,65,73,325080,0,0,0,0,1,0,134,240,57,3831,0,0,0,0,0,0,0,0,300,-230,0,0,30
2473.84,0,0,0,0,100,912,1.53265,0.00329456,1.53375,39,0,29,24,30,0,-2,0,0,0,58,3780,3824,91,143,35,614,35130,34880,108,2,65,73,343980,0,0,0,0,1,0,0,669,97,3809,0,0,0,0,0,0,0,0,300,-383,0,0,30
2473.85,0,0,0,0,100,912,1.5327,0.0033165,1.53388,39,0,29,24,30,0,-2,0,0,0,58,3785,3824,50,143,35,614,35130,34880,108,2,65,73,189250,0,0,0,0,1,0,0,669,97,3809,0,0,0,0,0,0,0,0,300,-383,0,0,30
2473.86,0,0,0,0,100,932,1.53276,0.00333844,1.534,39,0,29,24,30,0,-2,0,0,0,58,3785,3824,56,143,35,614,35130,34880,108,2,65,73,211960,0,0,0,0,1,193,0,183,60,3829,0,0,0,0,0,0,0,0,300,-228,0,0,30
2473.87,0,0,0,0,100,916,1.53281,0.00336038,1.53412,39,0,29,24,30,0,-2,0,0,0,58,3785,3824,56,143,35,614,35130,34880,108,2,65,73,211960,0,0,0,0,1,621,0,0,90,3820,0,0,0,0,0,0,0,0,300,-362,0,0,30
2473.88,0,0,0,0,100,939,1.53287,0.00338232,1.53425,39,0,29,24,30,0,-2,0,0,0,58,3787,3824,54,143,35,614,35130,34880,108,2,65,73,204498,0,0,0,0,1,317,30,0,62,3824,0,0,0,0,0,0,0,0,300,-223,0,0,30
2473.89,0,0,0,0,99,927,1.53292,0.00340426,1.53437,39,0,29,24,30,0,-2,0,0,0,58,3787,3824,88,143,35,614,35130,34880,108,2,65,73,333256,0,0,0,0,1,13,483,0,78,3820,0,0,0,0,0,0,0,0,300,-329,0,0,30
2473.9,0,0,0,0,99,940,1.53297,0.0034262,1.53449,39,0,29,24,30,0,-2,0,0,0,57,3785,3824,78,143,35,614,35125,34898,108,2,68,98,295230,0,0,0,0,1,0,473,0,77,3833,0,0,0,0,0,0,0,0,300,-295,0,0,30
2473.91,0,0,0,0,99,940,1.53287,0.003403,1.53412,39,0,29,24,30,0,-2,0,0,0.1,57,3785,3824,78,143,35,614,35125,34898,108,2,68,98,295230,0,0,0,0,1,0,473,0,77,3833,0,0,0,0,0,0,0,0,300,-295,0,0,30
2473.92,0,0,0,0,99,935,1.53276,0.0033798,1.53375,39,0,29,24,30,0,-2,0,0,0.2,57,3785,3824,84,143,35,614,35125,34898,108,2,68,98,317940,0,0,0,0,1,0,182,341,67,3833,0,0,0,0,0,0,0,0,300,-292,0,0,30
2473.93,0,0,0,0,99,937,1.53265,0.00335661,1.53338,39,0,29,24,30,0,-2,0,0,0.3,57,3785,3824,53,143,35,614,35125,34898,108,2,68,98,200605,0,0,0,0,1,0,0,572,90,3817,0,0,0,0,0,0,0,0,300,-306,0,0,30
2473.94,0,0,0,0,99,944,1.53255,0.00333341,1.53301,39,0,29,24,30,0,-2,0,0,0.4,57,3785,3824,67,143,35,614,35125,34898,108,2,68,98,253595,0,0,0,0,1,0,0,372,57,3835,0,0,0,0,0,0,0,0,300,-235,0,0,30
2473.95,0,0,0,0,100,937,1.53244,0.00331021,1.53263,39,0,29,24,30,0,-2,0,0,0.5,57,3785,3824,67,143,35,614,35125,34898,108,2,68,98,253595,0,0,0,0,1,451,0,118,92,3815,0,0,0,0,0,0,0,0,300,-353,0,0,30
2473.96,0,0,0,0,100,937,1.53234,0.00328702,1.53226,39,0,29,24,30,0,-2,0,0,0.6,57,3785,3824,58,143,35,614,35125,34898,108,2,68,98,219530,0,0,0,0,1,329,0,0,56,3822,0,0,0,0,0,0,0,0,300,-195,0,0,30
2473.97,0,0,0,0,100,952,1.53223,0.00326382,1.53189,39,0,29,24,30,0,-2,0,0,0.7,57,3785,3824,89,143,35,614,35125,34898,108,2,68,98,336865,0,0,0,0,1,329,0,0,56,3822,0,0,0,0,0,0,0,0,300,-195,0,0,30
2473.98,0,0,0,0,100,940,1.53212,0.00324062,1.53152,39,0,29,24,30,0,-2,0,0,0.8,57,3785,3824,77,143,35,614,35125,34898,108,2,68,98,291445,0,0,0,0,1,527,0,0,87,3811,0,0,0,0,0,0,0,0,300,-348,0,0,30
2473.99,0,0,0,0,100,960,1.53202,0.00321742,1.53115,39,0,29,24,30,0,-2,0,0,0.9,57,3785,3824,77,143,35,614,35125,34898,108,2,68,98,291445,0,0,0,0,1,188,145,0,59,3833,0,0,0,0,0,0,0,0,300,-196,0,0,30
2474,0,0,0,0,100,948,1.53191,0.00319423,1.53077,39,0,29,24,30,0,-2,0,0,1,57,3783,3824,86,143,35,614,35088,34844,108,2,65,98,325338,0,0,0,0,1,38,434,0,76,3824,0,0,0,0,0,0,0,0,300,-307,0,0,30
2474.01,0,0,0,0,99,964,1.53188,0.0032086,1.53078,39,0,29,24,30,0,-2,0,0,0.9,57,3783,3824,56,143,35,614,35088,34844,108,2,65,98,211848,0,0,0,0,1,0,397,0,69,3835,0,0,0,0,0,0,0,0,300,-231,0,0,30
2474.02,0,0,0,0,100,964,1.53185,0.00322297,1.53078,39,0,29,24,30,0,-2,0,0,0.8,57,3773,3824,71,143,35,614,35088,34844,108,2,65,98,267883,0,0,0,0,1,0,430,0,68,3835,0,0,0,0,0,0,0,0,300,-280,0,0,30
2474.03,0,0,0,0,100,957,1.53182,0.00323734,1.53079,39,0,29,24,30,0,-2,0,0,0.7,57,3773,3824,71,143,35,614,35088,34844,108,2,65,98,267883,0,0,0,0,1,0,430,0,68,3835,0,0,0,0,0,0,0,0,300,-280,0,0,30
2474.04,0,0,0,0,99,959,1.5318,0.00325171,1.53079,39,0,29,24,30,0,-2,0,0,0.6,57,3775,3824,59,143,35,614,35088,34844,108,2,65,98,222725,0,0,0,0,1,0,293,229,93,3826,0,0,0,0,0,0,0,0,300,-333,0,0,30
2474.05,0,0,0,0,100,965,1.53177,0.00326608,1.53079,39,0,29,24,30,0,-2,0,0,0.5,57,3775,3824,90,143,35,614,35088,34844,108,2,65,98,339750,0,0,0,0,1,0,49,316,61,3826,0,0,0,0,0,0,0,0,300,-257,0,0,30
2474.06,0,0,0,0,100,957,1.53174,0.00328045,1.5308,39,0,29,24,30,0,-2,0,0,0.4,57,3775,3824,70,143,35,614,35088,34844,108,2,65,98,264250,0,0,0,0,1,0,0,603,98,3820,0,0,0,0,0,0,0,0,300,-374,0,0,30
2474.07,0,0,0,0,99,977,1.53171,0.00329482,1.5308,39,0,29,24,30,0,-2,0,0,0.3,57,3775,3824,70,143,35,614,35088,34844,108,2,65,98,264250,0,0,0,0,1,0,0,361,57,3835,0,0,0,0,0,0,0,0,300,-235,0,0,30
2474.08,0,0,0,0,99,964,1.53168,0.0033092,1.53081,39,0,29,24,30,0,-2,0,0,0.2,57,3782,3824,86,143,35,614,35088,34844,108,2,65,98,325252,0,0,0,0,1,0,0,509,93,3826,0,0,0,0,0,0,0,0,300,-352,0,0,30
2474.09,0,0,0,0,100,964,1.53165,0.00332357,1.53081,39,0,29,24,30,0,-2,0,0,0.1,57,3782,3824,57,143,35,614,35088,34844,108,2,65,98,215574,0,0,0,0,1,0,0,509,93,3826,0,0,0,0,0,0,0,0,300,-352,0,0,30
2474.1,0,0,0,0,99,979,1.53162,0.00333794,1.53081,39,0,29,24,31,0,-2,0,0,0,57,3782,3824,74,143,35,614,35087,34819,108,2,65,73,279868,0,0,0,0,1,146,0,235,71,3833,0,0,0,0,0,0,0,0,300,-242,0,0,30
2474.11,0,0,0,0,99,964,1.5315,0.00333612,1.5303,39,0,29,24,31,0,-2,0,0,0.1,57,3782,3824,74,143,35,614,35087,34819,108,2,65,73,279868,0,0,0,0,1,439,0,114,87,3813,0,0,0,0,0,0,0,0,300,-356,0,0,30
2474.12,0,0,0,0,99,980,1.53139,0.00333431,1.52978,39,0,29,24,31,0,-2,0,0,0.2,57,3771,3824,64,143,35,614,35087,34819,108,2,65,73,241344,0,0,0,0,1,382,0,0,79,3820,0,0,0,0,0,0,0,0,300,-259,0,0,30
2474.13,0,0,0,0,100,978,1.53127,0.00333249,1.52926,39,0,29,24,31,0,-2,0,0,0.3,57,3771,3824,95,143,35,614,35087,34819,108,2,65,73,358245,0,0,0,0,1,425,0,0,68,3822,0,0,0,0,0,0,0,0,300,-253,0,0,30
2474.14,0,0,0,0,99,979,1.53116,0.00333068,1.52875,39,0,29,24,31,0,-2,0,0,0.4,57,3771,3824,66,143,35,614,35087,34819,108,2,65,73,248886,0,0,0,0,1,542,0,0,89,3822,0,0,0,0,0,0,0,0,300,-322,0,0,30
2474.15,0,0,0,0,99,979,1.53104,0.00332886,1.52823,39,0,29,24,31,0,-2,0,0,0.5,57,3771,3824,66,143,35,614,35087,34819,108,2,65,73,248886,0,0,0,0,1,542,0,0,89,3822,0,0,0,0,0,0,0,0,300,-322,0,0,30
2474.16,0,0,0,0,99,986,1.53092,0.00332704,1.52771,39,0,29,24,31,0,-2,0,0,0.6,57,3772,3824,90,143,35,614,35087,34819,108,2,65,73,339480,0,0,0,0,1,382,0,0,58,3826,0,0,0,0,0,0,0,0,300,-236,0,0,30
2474.17,0,0,0,0,99,975,1.53081,0.00332523,1.5272,39,0,29,24,31,0,-2,0,0,0.7,57,3772,3824,61,143,35,614,35087,34819,108,2,65,73,230092,0,0,0,0,1,558,0,0,98,3800,0,0,0,0,0,0,0,0,300,-363,0,0,30
2474.18,0,0,0,0,100,997,1.53069,0.00332341,1.52668,39,0,29,24,31,0,-2,0,0,0.8,57,3772,3825,82,143,35,614,35087,34819,108,2,65,73,309304,0,0,0,0,1,333,0,0,58,3831,0,0,0,0,0,0,0,0,300,-220,0,0,30
2474.19,0,0,0,0,100,983,1.53057,0.0033216,1.52616,39,0,29,24,31,0,-2,0,0,0.9,57,3772,3825,82,143,35,614,35087,34819,108,2,65,73,309304,0,0,0,0,1,404,158,0,90,3809,0,0,0,0,0,0,0,0,300,-339,0,0,30
2474.2,0,0,0,0,100,1000,1.53046,0.00331978,1.52565,39,0,29,24,30,0,-2,0,0,1,58,3775,3825,66,143,35,614,35028,34732,108,2,65,73,249150,0,0,0,0,1,267,129,0,70,3826,0,0,0,0,0,0,0,0,300,-237,0,0,30
2474.21,0,0,0,0,100,1000,1.53041,0.00331635,1.52622,39,0,29,24,30,0,-2,0,0,1,58,3771,3825,97,143,35,614,35028,34732,108,2,65,73,365787,0,0,0,0,1,267,129,0,70,3826,0,0,0,0,0,0,0,0,300,-237,0,0,30
2474.22,0,0,0,0,99,986,1.53037,0.00331292,1.52679,39,0,29,24,30,0,-2,0,0,1,58,3771,3825,78,143,35,614,35028,34732,108,2,65,73,294138,0,0,0,0,1,281,301,0,85,3817,0,0,0,0,0,0,0,0,300,-340,0,0,30
2474.23,0,0,0,0,100,998,1.53033,0.00330949,1.52736,39,0,29,24,30,0,-2,0,0,1,58,3771,3825,78,143,35,614,35028,34732,108,2,65,73,294138,0,0,0,0,1,216,317,0,90,3817,0,0,0,0,0,0,0,0,300,-314,0,0,30
2474.24,0,0,0,0,100,996,1.53029,0.00330606,1.52792,39,0,29,24,30,0,-2,0,0,1,58,3770,3825,92,143,35,614,35028,34732,108,2,65,73,346840,0,0,0,0,1,194,298,0,71,3820,0,0,0,0,0,0,0,0,300,-289,0,0,30
2474.25,0,0,0,0,100,994,1.53024,0.00330263,1.52849,39,0,29,24,30,0,-2,0,0,1,58,3770,3827,59,143,35,614,35028,34732,108,2,65,73,222430,0,0,0,0,1,188,416,0,98,3809,0,0,0,0,0,0,0,0,300,-363,0,0,30
2474.26,0,0,0,0,99,1003,1.5302,0.0032992,1.52906,39,0,29,24,30,0,-2,0,0,1,58,3774,3827,83,143,35,614,35028,34732,108,2,65,73,313242,0,0,0,0,1,124,264,0,60,3829,0,0,0,0,0,0,0,0,300,-231,0,0,30
2474.27,0,0,0,0,99,1003,1.53016,0.00329577,1.52963,39,0,29,24,30,0,-2,0,0,1,58,3774,3827,83,143,35,614,35028,34732,108,2,65,73,313242,0,0,0,0,1,124,264,0,60,3829,0,0,0,0,0,0,0,0,300,-231,0,0,30
2474.28,0,0,0,0,99,991,1.53011,0.00329234,1.5302,39,0,29,24,30,0,-2,0,0,1,58,3774,3827,71,143,35,614,35028,34732,108,2,65,73,267954,0,0,0,0,1,147,462,0,100,3815,0,0,0,0,0,0,0,0,300,-372,0,0,30
2474.29,0,0,0,0,100,1009,1.53007,0.00328891,1.53077,39,0,29,24,30,0,-2,0,0,1,58,3771,3827,95,143,35,614,35028,34732,108,2,65,73,358245,0,0,0,0,1,158,237,0,60,3822,0,0,0,0,0,0,0,0,300,-232,0,0,30
2474.3,0,0,0,0,100,997,1.53003,0.00328548,1.53134,39,0,29,24,30,0,-2,0,0,1,57,3771,3827,72,143,35,614,34998,34654,108,2,65,73,271512,0,0,0,0,1,169,416,0,87,3813,0,0,0,0,0,0,0,0,300,-353,0,0,30
2474.31,0,0,0,0,100,1016,1.53015,0.00327941,1.53174,39,0,29,24,30,0,-2,0,0,1,57,3771,3827,72,143,35,614,34998,34654,108,2,65,73,271512,0,0,0,0,1,173,211,0,64,3831,0,0,0,0,0,0,0,0,300,-226,0,0,30
2474.32,0,0,0,0,100,1006,1.53027,0.00327334,1.53214,39,0,29,24,30,0,-2,0,0,1,57,3771,3827,86,143,35,614,34998,34654,108,2,65,73,324306,0,0,0,0,1,261,257,0,79,3809,0,0,0,0,0,0,0,0,300,-302,0,0,30
2474.33,0,0,0,0,100,1006,1.53039,0.00326727,1.53255,39,0,29,24,30,0,-2,0,0,1,57,3771,3830,57,143,35,614,34998,34654,108,2,65,73,214947,0,0,0,0,1,261,257,0,79,3809,0,0,0,0,0,0,0,0,300,-302,0,0,30
2474.34,0,0,0,0,100,1013,1.53051,0.0032612,1.53295,39,0,29,24,30,0,-2,0,0,1,57,3771,3830,75,143,35,614,34998,34654,108,2,65,73,282825,0,0,0,0,1,357,155,0,90,3817,0,0,0,0,0,0,0,0,300,-307,0,0,30
2474.35,0,0,0,0,99,1009,1.53063,0.00325513,1.53335,39,0,29,24,30,0,-2,0,0,1,57,3771,3830,75,143,35,614,34998,34654,108,2,65,73,282825,0,0,0,0,1,417,8,0,76,3817,0,0,0,0,0,0,0,0,300,-282,0,0,30
2474.36,0,0,0,0,99,1006,1.53075,0.00324906,1.53375,39,0,29,24,30,0,-2,0,0,1,57,3776,3830,65,143,35,614,34998,34654,108,2,65,73,245440,0,0,0,0,1,501,6,0,100,3800,0,0,0,0,0,0,0,0,300,-338,0,0,30
2474.37,0,0,0,0,100,1018,1.53087,0.00324299,1.53415,39,0,29,24,30,0,-2,0,0,1,57,3769,3830,98,143,35,614,34998,34654,108,2,65,73,369362,0,0,0,0,1,369,0,0,60,3822,0,0,0,0,0,0,0,0,300,-233,0,0,30
2474.38,0,0,0,0,100,1004,1.53099,0.00323692,1.53456,39,0,29,24,30,0,-2,0,0,1,57,3769,3830,81,143,35,614,34998,34654,108,2,65,73,305289,0,0,0,0,1,593,0,0,101,3813,0,0,0,0,0,0,0,0,300,-372,0,0,30
2474.39,0,0,0,0,100,1004,1.53111,0.00323085,1.53496,39,0,29,24,30,0,-2,0,0,1,57,3769,3830,81,143,35,614,34998,34654,108,2,65,73,305289,0,0,0,0,1,593,0,0,101,3813,0,0,0,0,0,0,0,0,300,-372,0,0,30
2474.4,0,0,0,0,100,1027,1.53123,0.00322478,1.53536,39,0,29,24,30,0,-2,0,0,1,57,3767,3830,97,143,35,614,34964,34614,108,2,68,73,365399,0,0,0,0,1,378,0,0,63,3829,0,0,0,0,0,0,0,0,300,-223,0,0,30
2474.41,0,0,0,0,99,1012,1.53111,0.00323289,1.53493,39,0,29,24,30,0,-2,0,0,1,57,3767,3830,70,143,35,614,34964,34614,108,2,68,73,263690,0,0,0,0,1,589,0,0,92,3811,0,0,0,0,0,0,0,0,300,-344,0,0,30
2474.42,0,0,0,0,99,1028,1.53099,0.003241,1.53451,39,0,29,24,30,0,-2,0,0,1,57,3767,3830,78,143,35,614,34964,34614,108,2,68,73,293826,0,0,0,0,1,370,0,0,79,3820,0,0,0,0,0,0,0,0,300,-250,0,0,30
2474.43,0,0,0,0,99,1022,1.53087,0.00324911,1.53408,39,0,29,24,30,0,-2,0,0,1,57,3767,3830,78,143,35,614,34964,34614,108,2,68,73,293826,0,0,0,0,1,366,0,91,76,3824,0,0,0,0,0,0,0,0,300,-287,0,0,30
2474.44,0,0,0,0,99,1022,1.53075,0.00325721,1.53365,39,0,29,24,30,0,-2,0,0,1,57,3772,3830,64,143,35,614,34964,34614,108,2,68,73,241408,0,0,0,0,1,304,0,216,95,3813,0,0,0,0,0,0,0,0,300,-329,0,0,30
2474.45,0,0,0,0,99,1026,1.53063,0.00326532,1.53323,39,0,29,24,30,0,-2,0,0,1,57,3767,3830,86,143,35,614,34964,34614,108,2,68,73,323962,0,0,0,0,1,304,0,216,95,3813,0,0,0,0,0,0,0,0,300,-329,0,0,30
2474.46,0,0,0,0,99,1030,1.53051,0.00327343,1.5328,39,0,29,24,30,0,-2,0,0,1,57,3767,3830,90,143,35,614,34964,34614,108,2,68,73,339030,0,0,0,0,1,0,0,355,65,3829,0,0,0,0,0,0,0,0,300,-237,0,0,30
2474.47,0,0,0,0,99,1019,1.53039,0.00328154,1.53237,39,0,29,24,30,0,-2,0,0,1,57,3767,3830,90,142,35,614,34964,34614,108,2,68,73,339030,0,0,0,0,1,0,0,558,103,3824,0,0,0,0,0,0,0,0,300,-371,0,0,30
2474.48,0,0,0,0,99,1040,1.53027,0.00328965,1.53195,39,0,29,24,30,0,-2,0,0,1,57,3772,3830,104,142,35,614,34964,34614,108,2,68,73,392288,0,0,0,0,1,0,0,366,62,3835,0,0,0,0,0,0,0,0,300,-212,0,0,30
2474.49,0,0,0,0,99,1030,1.53015,0.00329775,1.53152,39,0,29,24,30,0,-2,0,0,1,57,3772,3830,65,142,35,614,34964,34614,108,2,68,73,245180,0,0,0,0,1,0,2,470,89,3824,0,0,0,0,0,0,0,0,300,-334,0,0,30
2474.5,0,0,0,0,99,1044,1.53002,0.00330586,1.53109,39,0,29,24,30,0,-2,0,0,1,57,3772,3830,65,142,35,614,35003,34681,108,2,87,73,245180,0,0,0,0,1,0,178,214,73,3831,0,0,0,0,0,0,0,0,300,-246,0,0,30
2474.51,0,0,0,0,99,1044,1.52997,0.0033409,1.53107,39,0,29,24,30,0,-2,0,0,1,57,3772,3830,65,142,35,614,35003,34681,108,2,87,73,245180,0,0,0,0,1,0,178,214,73,3831,0,0,0,0,0,0,0,0,300,-246,0,0,30
2474.52,0,0,0,0,99,1032,1.52992,0.00337594,1.53104,39,0,29,24,30,0,-2,0,0,1,57,3768,3830,65,142,35,614,35003,34681,108,2,87,73,244920,0,0,0,0,1,0,446,0,87,3820,0,0,0,0,0,0,0,0,300,-310,0,0,30
2474.53,0,0,0,0,100,1041,1.52988,0.00341099,1.53102,39,0,29,24,30,0,-2,0,0,1,57,3768,3830,95,142,35,614,35003,34681,108,2,87,73,357960,0,0,0,0,1,0,503,0,90,3824,0,0,0,0,0,0,0,0,300,-300,0,0,30
2474.54,0,0,0,0,100,1038,1.52983,0.00344603,1.53099,39,0,29,24,30,0,-2,0,0,1,57,3768,3830,104,142,35,614,35003,34681,108,2,87,73,391872,0,0,0,0,1,11,362,0,70,3829,0,0,0,0,0,0,0,0,300,-248,0,0,30
2474.55,0,0,0,0,100,1036,1.52978,0.00348107,1.53096,39,0,29,24,30,0,-2,0,0,1,57,3768,3830,104,142,35,614,35003,34681,108,2,87,73,391872,0,0,0,0,1,126,403,0,95,3826,0,0,0,0,0,0,0,0,300,-323,0,0,30
2474.56,0,0,0,0,100,1047,1.52973,0.00351611,1.53094,39,0,29,24,30,0,-2,0,0,1,57,3768,3828,102,142,35,614,35003,34681,108,2,87,73,384336,0,0,0,0,1,317,0,0,63,3829,0,0,0,0,0,0,0,0,300,-213,0,0,30
2474.57,0,0,0,0,99,1047,1.52968,0.00355115,1.53091,39,0,29,24,30,0,-2,0,0,1,57,3768,3828,76,142,35,614,35003,34681,108,2,87,73,286368,0,0,0,0,1,317,0,0,63,3829,0,0,0,0,0,0,0,0,300,-213,0,0,30
2474.58,0,0,0,0,100,1033,1.52963,0.00358619,1.53088,39,0,29,24,30,0,-2,0,0,1,57,3768,3828,65,142,35,614,35003,34681,108,2,87,73,244920,0,0,0,0,1,628,0,0,102,3809,0,0,0,0,0,0,0,0,300,-383,0,0,30
2474.59,0,0,0,0,99,1052,1.52958,0.00362123,1.53086,39,0,29,24,30,0,-2,0,0,1,57,3768,3828,65,142,35,614,35003,34681,108,2,87,73,244920,0,0,0,0,1,322,0,0,68,3824,0,0,0,0,0,0,0,0,300,-217,0,0,30
2474.6,0,0,0,0,99,1038,1.52953,0.00365628,1.53083,39,0,29,24,30,0,-2,0,0,1,57,3767,3828,62,142,35,614,34967,34603,108,2,65,73,233554,0,0,0,0,1,337,0,185,84,3817,0,0,0,0,0,0,0,0,300,-298,0,0,30
2474.61,0,0,0,0,99,1055,1.52922,0.0036286,1.53092,39,0,29,24,30,0,-2,0,0,1,57,3768,3828,78,142,35,614,34967,34603,108,2,65,73,293904,0,0,0,0,1,0,0,363,71,3829,0,0,0,0,0,0,0,0,300,-210,0,0,30
2474.62,0,0,0,0,99,1051,1.52892,0.00360093,1.53101,39,0,29,24,30,0,-2,0,0,1,57,3768,3828,91,142,35,614,34967,34603,108,2,65,73,342888,0,0,0,0,1,0,0,454,74,3829,0,0,0,0,0,0,0,0,300,-270,0,0,30
2474.63,0,0,0,0,99,1051,1.52862,0.00357326,1.5311,39,0,29,24,30,0,-2,0,0,1,57,3768,3828,91,142,35,614,34967,34603,108,2,65,73,342888,0,0,0,0,1,0,0,454,74,3829,0,0,0,0,0,0,0,0,300,-270,0,0,30
2474.64,0,0,0,0,99,1056,1.52832,0.00354559,1.53119,39,0,29,24,30,0,-2,0,0,1,57,3774,3828,97,142,35,614,34967,34603,108,2,65,73,366078,0,0,0,0,1,0,190,376,93,3817,0,0,0,0,0,0,0,0,300,-329,0,0,30
2474.65,0,0,0,0,99,1060,1.52802,0.00351792,1.53128,39,0,29,24,30,0,-2,0,0,1,57,3774,3826,92,142,35,614,34967,34603,108,2,65,73,347208,0,0,0,0,1,0,421,0,68,3829,0,0,0,0,0,0,0,0,300,-261,0,0,30
2474.66,0,0,0,0,99,1053,1.52771,0.00349025,1.53137,39,0,29,24,30,0,-2,0,0,1,57,3774,3826,72,142,35,614,34967,34603,108,2,65,73,271728,0,0,0,0,1,0,555,0,101,3813,0,0,0,0,0,0,0,0,300,-341,0,0,30
2474.67,0,0,0,0,99,1069,1.52741,0.00346258,1.53147,39,0,29,24,30,0,-2,0,0,1,57,3774,3826,72,142,35,614,34967,34603,108,2,65,73,271728,0,0,0,0,1,199,190,0,66,3822,0,0,0,0,0,0,0,0,300,-227,0,0,30
2474.68,0,0,0,0,100,1052,1.52711,0.0034349,1.53156,39,0,29,24,30,0,-2,0,0,1,57,3769,3826,61,142,35,614,34967,34603,108,2,65,73,229909,0,0,0,0,1,593,0,0,99,3811,0,0,0,0,0,0,0,0,300,-366,0,0,30
2474.69,0,0,0,0,99,1052,1.52681,0.00340723,1.53165,39,0,29,24,30,0,-2,0,0,1,57,3767,3826,76,142,35,614,34967,34603,108,2,65,73,286292,0,0,0,0,1,593,0,0,99,3811,0,0,0,0,0,0,0,0,300,-366,0,0,30
2474.7,0,0,0,0,99,1071,1.5265,0.00337956,1.53174,39,0,29,24,30,0,-2,0,0,1,58,3767,3826,107,142,35,614,34966,34638,108,2,68,73,403069,0,0,0,0,1,343,0,41,77,3817,0,0,0,0,0,0,0,0,300,-249,0,0,30
2474.71,0,0,0,0,99,1063,1.52667,0.00337759,1.5319,39,0,29,24,30,0,-2,0,0,0.9,58,3767,3826,107,142,35,614,34966,34638,108,2,68,73,403069,0,0,0,0,1,17,0,386,79,3820,0,0,0,0,0,0,0,0,300,-271,0,0,30
2474.72,0,0,0,0,99,1070,1.52683,0.00337562,1.53206,39,0,29,24,30,0,-2,0,0,0.8,58,3774,3826,100,142,35,614,34966,34638,108,2,68,73,377400,0,0,0,0,1,0,0,481,93,3824,0,0,0,0,0,0,0,0,300,-303,0,0,30
2474.73,0,0,0,0,99,1075,1.52699,0.00337365,1.53223,39,0,29,24,30,0,-2,0,0,0.7,58,3774,3823,94,142,35,614,34966,34638,108,2,68,73,354756,0,0,0,0,1,0,180,210,69,3831,0,0,0,0,0,0,0,0,300,-248,0,0,30
2474.74,0,0,0,0,99,1066,1.52716,0.00337168,1.53239,39,0,29,24,30,0,-2,0,0,0.6,58,3774,3823,67,142,35,614,34966,34638,108,2,68,73,252858,0,0,0,0,1,0,594,0,104,3813,0,0,0,0,0,0,0,0,300,-358,0,0,30
2474.75,0,0,0,0,99,1066,1.52732,0.00336972,1.53256,39,0,29,24,30,0,-2,0,0,0.5,58,3774,3823,67,142,35,614,34966,34638,108,2,68,73,252858,0,0,0,0,1,0,594,0,104,3813,0,0,0,0,0,0,0,0,300,-358,0,0,30
2474.76,0,0,0,0,99,1082,1.52748,0.00336775,1.53272,39,0,29,24,30,0,-2,0,0,0.4,58,3767,3823,76,142,35,614,34966,34638,108,2,68,73,286292,0,0,0,0,1,89,287,0,67,3826,0,0,0,0,0,0,0,0,300,-230,0,0,30
2474.77,0,0,0,0,99,1068,1.52764,0.00336578,1.53288,39,0,29,24,30,0,-2,0,0,0.3,58,3772,3823,69,142,35,614,34966,34638,108,2,68,73,260268,0,0,0,0,1,525,0,0,91,3800,0,0,0,0,0,0,0,0,300,-331,0,0,30
2474.78,0,0,0,0,99,1085,1.52781,0.00336381,1.53305,39,0,29,24,30,0,-2,0,0,0.2,58,3772,3823,104,142,35,614,34966,34638,108,2,68,73,392288,0,0,0,0,1,310,0,95,71,3817,0,0,0,0,0,0,0,0,300,-224,0,0,30
2474.79,0,0,0,0,99,1076,1.52797,0.00336184,1.53321,39,0,29,24,30,0,-2,0,0,0.1,58,3772,3823,104,142,35,614,34966,34638,108,2,68,73,392288,0,0,0,0,1,0,0,499,79,3820,0,0,0,0,0,0,0,0,300,-295,0,0,30
2474.8,0,0,0,0,99,1084,1.52813,0.00335987,1.53337,39,0,29,24,30,0,-2,0,0,0,58,3775,3823,85,142,35,614,35002,34704,108,2,65,73,320875,0,0,0,0,1,0,76,425,93,3826,0,0,0,0,0,0,0,0,300,-309,0,0,30
2474.81,0,0,0,0,100,1084,1.52812,0.00337694,1.53307,39,0,29,24,30,0,-2,0,0,0.1,58,3775,3823,91,142,35,614,35002,34704,108,2,65,73,343525,0,0,0,0,1,0,76,425,93,3826,0,0,0,0,0,0,0,0,300,-309,0,0,30
2474.82,0,0,0,0,100,1088,1.52811,0.00339401,1.53277,39,0,29,24,30,0,-2,0,0,0.2,58,3775,3823,71,142,35,614,35002,34704,108,2,65,73,268025,0,0,0,0,1,0,436,0,70,3826,0,0,0,0,0,0,0,0,300,-263,0,0,30
2474.83,0,0,0,0,100,1084,1.5281,0.00341108,1.53246,39,0,29,24,30,0,-2,0,0,0.3,58,3775,3823,71,142,35,614,35002,34704,108,2,65,73,268025,0,0,0,0,1,123,446,0,99,3809,0,0,0,0,0,0,0,0,300,-350,0,0,30
2474.84,0,0,0,0,100,1097,1.52809,0.00342815,1.53216,39,0,29,24,30,0,-2,0,0,0.4,58,3770,3823,88,142,35,614,35002,34704,108,2,65,73,331760,0,0,0,0,1,380,0,0,67,3817,0,0,0,0,0,0,0,0,300,-228,0,0,30
2474.85,0,0,0,0,100,1083,1.52808,0.00344522,1.53185,39,0,29,24,30,0,-2,0,0,0.5,58,3774,3823,69,142,35,614,35002,34704,108,2,65,73,260406,0,0,0,0,1,392,0,169,97,3813,0,0,0,0,0,0,0,0,300,-341,0,0,30
2474.86,0,0,0,0,99,1098,1.52807,0.00346229,1.53155,39,0,29,24,30,0,-2,0,0,0.6,58,3774,3823,92,142,35,614,35002,34704,108,2,65,73,347208,0,0,0,0,1,0,0,445,84,3822,0,0,0,0,0,0,0,0,300,-272,0,0,30
2474.87,0,0,0,0,99,1098,1.52806,0.00347936,1.53125,39,0,29,24,30,0,-2,0,0,0.7,58,3774,3823,92,142,35,614,35002,34704,108,2,65,73,347208,0,0,0,0,1,0,0,445,84,3822,0,0,0,0,0,0,0,0,300,-272,0,0,30
2474.88,0,0,0,0,99,1090,1.52805,0.00349643,1.53094,39,0,29,24,30,0,-2,0,0,0.8,58,3779,3823,82,142,35,614,35002,34704,108,2,65,73,309878,0,0,0,0,1,0,221,224,82,3824,0,0,0,0,0,0,0,0,300,-283,0,0,30
2474.89,0,0,0,0,99,1097,1.52804,0.0035135,1.53064,39,0,29,24,30,0,-2,0,0,0.9,58,3779,3823,108,143,35,614,35002,34704,108,2,65,73,408132,0,0,0,0,1,0,442,0,89,3824,0,0,0,0,0,0,0,0,300,-264,0,0,30
2474.9,0,0,0,0,99,1101,1.52803,0.00353057,1.53034,39,0,29,24,30,0,-2,0,0,1,58,3779,3823,84,143,35,614,35063,34807,108,2,68,98,317436,0,0,0,0,1,347,0,0,66,3822,0,0,0,0,0,0,0,0,300,-228,0,0,30
2474.91,0,0,0,0,100,1095,1.52776,0.0035058,1.5302,39,0,29,24,30,0,-2,0,0,1,58,3779,3823,84,143,35,614,35063,34807,108,2,68,98,317436,0,0,0,0,1,427,0,65,93,3813,0,0,0,0,0,0,0,0,300,-310,0,0,30
2474.92,0,0,0,0,100,1108,1.52749,0.00348102,1.53006,39,0,29,24,30,0,-2,0,0,1,58,3771,3823,92,143,35,614,35063,34807,108,2,68,98,346932,0,0,0,0,1,0,0,407,69,3826,0,0,0,0,0,0,0,0,300,-216,0,0,30
2474.93,0,0,0,0,100,1108,1.52722,0.00345625,1.52992,39,0,29,24,30,0,-2,0,0,1,58,3777,3823,65,143,35,614,35063,34807,108,2,68,98,245505,0,0,0,0,1,0,0,407,69,3826,0,0,0,0,0,0,0,0,300,-216,0,0,30
2474.94,0,0,0,0,100,1099,1.52695,0.00343148,1.52979,39,0,29,24,30,0,-2,0,0,1,58,3777,3823,84,143,35,614,35063,34807,108,2,68,98,317268,0,0,0,0,1,0,280,259,86,3822,0,0,0,0,0,0,0,0,300,-301,0,0,30
2474.95,0,0,0,0,100,1112,1.52668,0.00340671,1.52965,39,0,29,24,30,0,-2,0,0,1,58,3777,3823,84,143,35,614,35063,34807,108,2,68,98,317268,0,0,0,0,1,3,389,0,82,3815,0,0,0,0,0,0,0,0,300,-263,0,0,30
2474.96,0,0,0,0,100,1105,1.5264,0.00338193,1.52951,39,0,29,24,30,0,-2,0,0,1,58,3780,3823,75,143,35,614,35063,34807,108,2,68,98,283500,0,0,0,0,1,464,0,0,80,3815,0,0,0,0,0,0,0,0,300,-295,0,0,30
2474.97,0,0,0,0,100,1106,1.52613,0.00335716,1.52937,39,0,29,24,30,0,-2,0,0,1,58,3780,3821,100,143,35,614,35063,34807,108,2,68,98,378000,0,0,0,0,1,331,0,183,100,3807,0,0,0,0,0,0,0,0,300,-323,0,0,30
2474.98,0,0,0,0,99,1115,1.52586,0.00333239,1.52924,39,0,29,24,30,0,-2,0,0,1,58,3780,3821,94,143,35,614,35063,34807,108,2,68,98,355320,0,0,0,0,1,0,0,353,69,3822,0,0,0,0,0,0,0,0,300,-237,0,0,30
2474.99,0,0,0,0,99,1115,1.52559,0.00330761,1.5291,39,0,29,24,30,0,-2,0,0,1,58,3780,3821,94,143,35,614,35063,34807,108,2,68,98,355320,0,0,0,0,1,0,0,353,69,3822,0,0,0,0,0,0,0,0,300,-237,0,0,30
2475,0,0,0,0,99,1107,1.52532,0.00328284,1.52896,39,0,29,24,30,0,-2,0,0,1,58,3774,3821,107,143,35,614,35016,34730,107,2,65,98,403818,0,0,0,0,1,0,495,0,94,3820,0,0,0,0,0,0,0,0,300,-321,0,0,30
2475.01,0,0,0,0,100,1119,1.52575,0.0032956,1.5292,39,0,29,24,30,0,-2,0,0,1,58,3779,3821,76,143,35,614,35016,34730,107,2,65,98,287204,0,0,0,0,1,179,204,0,71,3817,0,0,0,0,0,0,0,0,300,-219,0,0,30
2475.02,0,0,0,0,100,1108,1.52619,0.00330837,1.52944,39,0,29,24,30,0,-2,0,0,1,58,3779,3821,72,143,35,614,35016,34730,107,2,65,98,272088,0,0,0,0,1,419,0,11,84,3815,0,0,0,0,0,0,0,0,300,-280,0,0,30
2475.03,0,0,0,0,99,1119,1.52662,0.00332113,1.52968,39,0,29,24,30,0,-2,0,0,1,58,3779,3821,72,143,35,614,35016,34730,107,2,65,98,272088,0,0,0,0,1,0,0,446,84,3826,0,0,0,0,0,0,0,0,300,-276,0,0,30
2475.04,0,0,0,0,99,1119,1.52705,0.0033339,1.52992,39,0,29,24,30,0,-2,0,0,1,58,3777,3821,68,143,35,614,35016,34730,107,2,65,98,256836,0,0,0,0,1,0,0,446,84,3824,0,0,0,0,0,0,0,0,300,-243,0,0,30
2475.05,0,0,0,0,99,1123,1.52749,0.00334666,1.53015,39,0,29,24,30,0,-2,0,0,1,58,3777,3822,86,143,35,614,35016,34730,107,2,65,98,324822,0,0,0,0,1,0,381,0,71,3824,0,0,0,0,0,0,0,0,300,-243,0,0,30
2475.06,0,0,0,0,99,1121,1.52792,0.00335942,1.53039,39,0,29,24,30,0,-2,0,0,1,58,3777,3822,106,143,35,614,35016,34730,107,2,65,98,400362,0,0,0,0,1,156,368,0,93,3809,0,0,0,0,0,0,0,0,300,-314,0,0,30
2475.07,0,0,0,0,99,1131,1.52835,0.00337219,1.53063,39,0,29,24,30,0,-2,0,0,1,58,3777,3822,106,143,35,614,35016,34730,107,2,65,98,400362,0,0,0,0,1,322,0,0,70,3824,0,0,0,0,0,0,0,0,300,-217,0,0,30
2475.08,0,0,0,0,100,1122,1.52879,0.00338495,1.53087,39,0,29,24,30,0,-2,0,0,1,58,3779,3822,98,143,35,614,35016,34730,107,2,65,98,370342,0,0,0,0,1,0,0,546,98,3820,0,0,0,0,0,0,0,0,300,-335,0,0,30
2475.09,0,0,0,0,100,1137,1.52922,0.00339772,1.53111,39,0,29,24,30,0,-2,0,0,1,58,3779,3822,89,143,35,614,35016,34730,107,2,65,98,336331,0,0,0,0,1,0,344,0,76,3822,0,0,0,0,0,0,0,0,300,-225,0,0,30
2475.1,0,0,0,0,100,1130,1.52965,0.00341048,1.53135,39,0,29,24,30,0,-2,0,0,1,58,3779,3822,67,143,35,614,35061,34788,108,2,65,98,253193,0,0,0,0,1,224,211,0,80,3822,0,0,0,0,0,0,0,0,300,-255,0,0,30
2475.11,0,0,0,0,100,1130,1.52956,0.0033879,1.53129,39,0,29,24,30,0,-2,0,0,1,58,3779,3822,67,143,35,614,35061,34788,108,2,65,98,253193,0,0,0,0,1,224,211,0,80,3822,0,0,0,0,0,0,0,0,300,-255,0,0,30
2475.12,0,0,0,0,100,1133,1.52946,0.00336531,1.53123,39,0,29,24,30,0,-2,0,0,1,58,3777,3822,79,143,35,614,35061,34788,108,2,65,98,298383,0,0,0,0,1,349,0,71,88,3820,0,0,0,0,0,0,0,0,300,-276,0,0,30
2475.13,0,0,0,0,100,1137,1.52937,0.00334273,1.53117,39,0,29,24,30,0,-2,0,0,1,58,3777,3822,76,143,35,614,35061,34788,108,2,65,98,287052,0,0,0,0,1,0,0,388,74,3833,0,0,0,0,0,0,0,0,300,-240,0,0,30
2475.14,0,0,0,0,100,1133,1.52927,0.00332014,1.53111,39,0,29,24,30,0,-2,0,0,1,58,3777,3823,99,143,35,614,35061,34788,108,2,65,98,373923,0,0,0,0,1,0,557,0,98,3817,0,0,0,0,0,0,0,0,300,-328,0,0,30
2475.15,0,0,0,0,100,1145,1.52918,0.00329755,1.53105,39,0,29,24,30,0,-2,0,0,1,58,3777,3823,99,143,35,614,35061,34788,108,2,65,98,373923,0,0,0,0,1,417,0,0,76,3820,0,0,0,0,0,0,0,0,300,-263,0,0,30
2475.16,0,0,0,0,100,1137,1.52908,0.00327497,1.53099,39,0,29,24,30,0,-2,0,0,1,58,3766,3823,91,143,35,614,35061,34788,108,2,65,98,342706,0,0,0,0,1,44,0,375,88,3820,0,0,0,0,0,0,0,0,300,-276,0,0,30
2475.17,0,0,0,0,100,1137,1.52899,0.00325238,1.53093,39,0,29,24,30,0,-2,0,0,1,58,3774,3823,104,143,35,614,35061,34788,108,2,65,98,392496,0,0,0,0,1,44,0,375,88,3820,0,0,0,0,0,0,0,0,300,-276,0,0,30
2475.18,0,0,0,0,99,1145,1.52889,0.0032298,1.53088,39,0,29,24,30,0,-2,0,0,1,58,3774,3823,81,143,35,614,35061,34788,108,2,65,98,305694,0,0,0,0,1,0,199,273,90,3833,0,0,0,0,0,0,0,0,300,-284,0,0,30
2475.19,0,0,0,0,99,1146,1.5288,0.00320721,1.53082,39,0,29,24,30,0,-2,0,0,1,58,3774,3823,81,143,35,614,35061,34788,108,2,65,98,305694,0,0,0,0,1,106,307,0,74,3820,0,0,0,0,0,0,0,0,300,-251,0,0,30
2475.2,0,0,0,0,99,1145,1.5287,0.00318463,1.53076,39,0,29,24,30,0,-2,0,0,1,57,3767,3823,89,143,35,614,35016,34722,108,2,87,73,335263,0,0,0,0,1,353,0,24,84,3815,0,0,0,0,0,0,0,0,300,-257,0,0,30
2475.21,0,0,0,0,99,1154,1.52888,0.00319074,1.53108,39,0,29,24,30,0,-2,0,0,0.9,57,3767,3823,68,143,35,614,35016,34722,108,2,87,73,256156,0,0,0,0,1,0,0,341,68,3824,0,0,0,0,0,0,0,0,300,-219,0,0,30
2475.22,0,0,0,0,99,1149,1.52906,0.00319684,1.5314,39,0,29,24,30,0,-2,0,0,0.8,57,3767,3823,83,143,35,614,35016,34722,108,2,87,73,312661,0,0,0,0,1,0,479,0,90,3815,0,0,0,0,0,0,0,0,300,-288,0,0,30
2475.23,0,0,0,0,100,1149,1.52924,0.00320295,1.53173,39,0,29,24,30,0,-2,0,0,0.7,57,3767,3823,83,143,35,614,35016,34722,108,2,87,73,312661,0,0,0,0,1,0,479,0,90,3815,0,0,0,0,0,0,0,0,300,-288,0,0,30
2475.24,0,0,0,0,100,1156,1.52942,0.00320906,1.53205,39,0,29,24,30,0,-2,0,0,0.6,57,3773,3823,74,143,35,614,35016,34722,108,2,87,73,279202,0,0,0,0,1,476,0,0,87,3811,0,0,0,0,0,0,0,0,300,-278,0,0,30
2475.25,0,0,0,0,100,1155,1.5296,0.00321517,1.53237,39,0,29,24,30,0,-2,0,0,0.5,57,3769,3823,94,143,35,614,35016,34722,108,2,87,73,354286,0,0,0,0,1,0,0,457,85,3826,0,0,0,0,0,0,0,0,300,-294,0,0,30
2475.26,0,0,0,0,100,1158,1.52978,0.00322128,1.53269,39,0,29,24,30,0,-2,0,0,0.4,57,3769,3823,91,143,35,614,35016,34722,108,2,87,73,342979,0,0,0,0,1,0,477,0,90,3822,0,0,0,0,0,0,0,0,300,-289,0,0,30
2475.27,0,0,0,0,100,1160,1.52996,0.00322739,1.53302,39,0,29,24,30,0,-2,0,0,0.3,57,3769,3823,91,143,35,614,35016,34722,108,2,87,73,342979,0,0,0,0,1,404,0,0,75,3817,0,0,0,0,0,0,0,0,300,-249,0,0,30
2475.28,0,0,0,0,100,1156,1.53014,0.0032335,1.53334,39,0,29,24,30,0,-2,0,0,0.2,57,3769,3823,106,143,35,614,35016,34722,108,2,87,73,399514,0,0,0,0,1,0,0,476,92,3817,0,0,0,0,0,0,0,0,300,-296,0,0,30
2475.29,0,0,0,0,100,1156,1.53032,0.0032396,1.53366,39,0,29,24,30,0,-2,0,0,0.1,57,3769,3823,86,143,35,614,35016,34722,108,2,87,73,324134,0,0,0,0,1,0,0,476,92,3817,0,0,0,0,0,0,0,0,300,-296,0,0,30
2475.3,0,0,0,0,99,1169,1.5305,0.00324571,1.53398,39,0,29,24,30,0,-2,0,0,0,58,3769,3823,71,143,35,614,34980,34671,108,2,68,73,267599,0,0,0,0,1,0,416,0,75,3824,0,0,0,0,0,0,0,0,300,-248,0,0,30
2475.31,0,0,0,0,100,1165,1.53038,0.00324259,1.53366,39,0,29,24,30,0,-2,0,0,0.1,58,3769,3823,71,143,35,614,34980,34671,108,2,68,73,267599,0,0,0,0,1,470,0,0,84,3807,0,0,0,0,0,0,0,0,300,-294,0,0,30
2475.32,0,0,0,0,100,1173,1.53025,0.00323946,1.53334,39,0,29,24,30,0,-2,0,0,0.2,58,3766,3823,72,143,35,614,34980,34671,108,2,68,73,271152,0,0,0,0,1,0,0,417,84,3829,0,0,0,0,0,0,0,0,300,-283,0,0,30
2475.33,0,0,0,0,100,1173,1.53013,0.00323634,1.53302,39,0,29,24,30,0,-2,0,0,0.3,58,3770,3823,82,143,35,614,34980,34671,108,2,68,73,309140,0,0,0,0,1,0,403,0,79,3831,0,0,0,0,0,0,0,0,300,-248,0,0,30
2475.34,0,0,0,0,99,1170,1.53,0.00323322,1.5327,39,0,29,24,30,0,-2,0,0,0.4,58,3770,3823,100,143,35,614,34980,34671,108,2,68,73,377000,0,0,0,0,1,470,0,0,91,3813,0,0,0,0,0,0,0,0,300,-282,0,0,30
2475.35,0,0,0,0,100,1170,1.52988,0.00323009,1.53238,39,0,29,24,30,0,-2,0,0,0.5,58,3770,3823,100,143,35,614,34980,34671,108,2,68,73,377000,0,0,0,0,1,470,0,0,91,3813,0,0,0,0,0,0,0,0,300,-282,0,0,30
2475.36,0,0,0,0,100,1180,1.52976,0.00322697,1.53206,39,0,29,24,30,0,-2,0,0,0.6,58,3773,3823,86,143,35,614,34980,34671,108,2,68,73,324478,0,0,0,0,1,0,0,375,70,3826,0,0,0,0,0,0,0,0,300,-217,0,0,30
2475.37,0,0,0,0,99,1177,1.52963,0.00322385,1.53174,39,0,29,24,30,0,-2,0,0,0.7,58,3773,3824,97,143,35,614,34980,34671,108,2,68,73,365981,0,0,0,0,1,0,473,0,85,3822,0,0,0,0,0,0,0,0,300,-278,0,0,30
2475.38,0,0,0,0,100,1184,1.52951,0.00322072,1.53142,39,0,29,24,30,0,-2,0,0,0.8,58,3773,3824,74,143,35,614,34980,34671,108,2,68,73,279202,0,0,0,0,1,396,0,0,86,3817,0,0,0,0,0,0,0,0,300,-252,0,0,30
2475.39,0,0,0,0,100,1182,1.52939,0.0032176,1.5311,39,0,29,24,30,0,-2,0,0,0.9,58,3773,3824,74,143,35,614,34980,34671,108,2,68,73,279202,0,0,0,0,1,0,41,388,92,3822,0,0,0,0,0,0,0,0,300,-300,0,0,30
2475.4,0,0,0,0,100,1185,1.52926,0.00321447,1.53078,39,0,29,24,30,0,-2,0,0,1,57,3770,3824,88,143,35,614,34986,34671,108,2,65,73,331760,0,0,0,0,1,95,348,0,91,3817,0,0,0,0,0,0,0,0,300,-273,0,0,30
2475.41,0,0,0,0,99,1185,1.52905,0.0032165,1.5303,39,0,29,24,30,0,-2,0,0,1,57,3774,3824,70,143,35,614,34986,34671,108,2,65,73,264180,0,0,0,0,1,95,348,0,91,3817,0,0,0,0,0,0,0,0,300,-273,0,0,30
2475.42,0,0,0,0,99,1186,1.52883,0.00321853,1.52982,39,0,29,24,30,0,-2,0,0,1,57,3774,3824,86,143,35,614,34986,34671,108,2,65,73,324564,0,0,0,0,1,257,0,158,76,3829,0,0,0,0,0,0,0,0,300,-228,0,0,30
2475.43,0,0,0,0,100,1184,1.52861,0.00322056,1.52935,39,0,29,24,30,0,-2,0,0,1,57,3774,3824,86,143,35,614,34986,34671,108,2,65,73,324564,0,0,0,0,1,0,328,185,94,3820,0,0,0,0,0,0,0,0,300,-287,0,0,30
2475.44,0,0,0,0,100,1194,1.5284,0.00322259,1.52887,39,0,29,24,30,0,-2,0,0,1,57,3776,3824,81,143,35,614,34986,34671,108,2,65,73,305856,0,0,0,0,1,417,0,0,84,3815,0,0,0,0,0,0,0,0,300,-266,0,0,30
2475.45,0,0,0,0,100,1193,1.52818,0.00322462,1.52839,39,0,29,24,30,0,-2,0,0,1,57,3776,3823,100,143,35,614,34986,34671,108,2,65,73,377600,0,0,0,0,1,0,0,464,87,3822,0,0,0,0,0,0,0,0,300,-286,0,0,30
2475.46,0,0,0,0,100,1200,1.52796,0.00322665,1.52791,39,0,29,24,30,0,-2,0,0,1,57,3776,3823,95,143,35,614,34986,34671,108,2,65,73,358720,0,0,0,0,1,0,366,0,79,3831,0,0,0,0,0,0,0,0,300,-217,0,0,30
2475.47,0,0,0,0,100,1200,1.52775,0.00322868,1.52743,39,0,29,24,30,0,-2,0,0,1,57,3776,3823,95,143,35,614,34986,34671,108,2,65,73,358720,0,0,0,0,1,0,366,0,79,3831,0,0,0,0,0,0,0,0,300,-217,0,0,30
2475.48,0,0,0,0,100,1198,1.52753,0.00323071,1.52695,39,0,29,24,30,0,-2,0,0,1,57,3773,3823,96,143,35,614,34986,34671,108,2,65,73,362208,0,0,0,0,1,314,0,56,76,3815,0,0,0,0,0,0,0,0,300,-237,0,0,30
2475.49,0,0,0,0,99,1200,1.52731,0.00323274,1.52647,39,0,29,24,30,0,-2,0,0,1,57,3776,3823,89,143,35,614,34986,34671,108,2,65,73,336064,0,0,0,0,1,0,225,275,90,3822,0,0,0,0,0,0,0,0,300,-273,0,0,30
2475.5,0,0,0,0,100,1206,1.5271,0.00323477,1.52599,39,0,29,24,30,0,-2,0,0,1,58,3776,3823,78,143,35,614,35042,34748,108,2,65,98,294528,0,0,0,0,1,399,0,0,83,3813,0,0,0,0,0,0,0,0,300,-271,0,0,30
2475.51,0,0,0,0,99,1207,1.52712,0.00324232,1.52635,39,0,29,24,30,0,-2,0,0,1,58,3776,3823,78,143,35,614,35042,34748,108,2,65,98,294528,0,0,0,0,1,0,0,462,89,3815,0,0,0,0,0,0,0,0,300,-290,0,0,30
2475.52,0,0,0,0,100,1210,1.52714,0.00324987,1.5267,39,0,29,24,30,0,-2,0,0,1,58,3774,3823,77,143,35,614,35042,34748,108,2,65,98,290598,0,0,0,0,1,38,366,0,86,3822,0,0,0,0,0,0,0,0,300,-257,0,0,30
2475.53,0,0,0,0,100,1210,1.52717,0.00325742,1.52706,39,0,29,24,30,0,-2,0,0,1,58,3774,3824,79,143,35,614,35042,34748,108,2,65,98,298146,0,0,0,0,1,38,366,0,86,3822,0,0,0,0,0,0,0,0,300,-257,0,0,30
2475.54,0,0,0,0,100,1207,1.52719,0.00326497,1.52741,39,0,29,24,30,0,-2,0,0,1,58,3774,3824,96,143,35,614,35042,34748,108,2,65,98,362304,0,0,0,0,1,232,0,208,89,3820,0,0,0,0,0,0,0,0,300,-262,0,0,30
2475.55,0,0,0,0,99,1213,1.52721,0.00327252,1.52777,39,0,29,24,30,0,-2,0,0,1,58,3774,3824,96,143,35,614,35042,34748,108,2,65,98,362304,0,0,0,0,1,0,473,0,90,3820,0,0,0,0,0,0,0,0,300,-286,0,0,30
2475.56,0,0,0,0,99,1218,1.52723,0.00328007,1.52812,39,0,29,24,30,0,-2,0,0,1,58,3776,3824,87,143,35,614,35042,34748,108,2,65,98,328512,0,0,0,0,1,380,0,0,82,3813,0,0,0,0,0,0,0,0,300,-234,0,0,30
2475.57,0,0,0,0,99,1217,1.52726,0.00328762,1.52848,39,0,29,24,30,0,-2,0,0,1,58,3769,3824,95,143,35,614,35042,34748,108,2,65,98,358055,0,0,0,0,1,0,131,322,90,3815,0,0,0,0,0,0,0,0,300,-291,0,0,30
2475.58,0,0,0,0,99,1219,1.52728,0.00329517,1.52883,39,0,29,24,30,0,-2,0,0,1,58,3769,3824,81,143,35,614,35042,34748,108,2,65,98,305289,0,0,0,0,1,404,0,0,87,3815,0,0,0,0,0,0,0,0,300,-256,0,0,30
2475.59,0,0,0,0,99,1219,1.5273,0.00330272,1.52919,39,0,29,24,30,0,-2,0,0,1,58,3769,3824,81,143,35,614,35042,34748,108,2,65,98,305289,0,0,0,0,1,404,0,0,87,3815,0,0,0,0,0,0,0,0,300,-256,0,0,30
2475.6,0,0,0,0,100,1222,1.52732,0.00331027,1.52954,39,0,29,24,30,0,-2,0,0,1,58,3769,3824,97,143,35,614,34980,34671,108,2,65,98,365593,0,0,0,0,1,0,0,423,82,3822,0,0,0,0,0,0,0,0,300,-235,0,0,30
2475.61,0,0,0,0,99,1227,1.5274,0.00330794,1.52995,39,0,29,24,30,0,-2,0,0,1,58,3769,3824,78,143,35,614,34980,34671,108,2,65,98,293982,0,0,0,0,1,124,284,0,84,3813,0,0,0,0,0,0,0,0,300,-265,0,0,30
2475.62,0,0,0,0,100,1232,1.52749,0.00330562,1.53036,39,0,29,24,30,0,-2,0,0,1,58,3769,3824,78,143,35,614,34980,34671,108,2,65,98,293982,0,0,0,0,1,0,0,411,82,3831,0,0,0,0,0,0,0,0,300,-261,0,0,30
2475.63,0,0,0,0,100,1230,1.52757,0.0033033,1.53077,39,0,29,24,30,0,-2,0,0,1,58,3769,3824,78,143,35,614,34980,34671,108,2,65,98,293982,0,0,0,0,1,0,389,0,90,3824,0,0,0,0,0,0,0,0,300,-262,0,0,30
2475.64,0,0,0,0,100,1232,1.52765,0.00330097,1.53118,39,0,29,24,30,0,-2,0,0,1,58,3769,3824,77,143,35,614,34980,34671,108,2,65,98,290213,0,0,0,0,1,128,0,276,89,3820,0,0,0,0,0,0,0,0,300,-245,0,0,30
2475.65,0,0,0,0,100,1232,1.52773,0.00329865,1.53159,39,0,29,24,30,0,-2,0,0,1,58,3770,3824,88,143,35,614,34980,34671,108,2,65,98,331760,0,0,0,0,1,128,0,276,89,3820,0,0,0,0,0,0,0,0,300,-245,0,0,30
2475.66,0,0,0,0,100,1237,1.52782,0.00329633,1.532,39,0,29,24,30,0,-2,0,0,1,58,3770,3824,92,143,35,614,34980,34671,108,2,65,98,346840,0,0,0,0,1,0,451,0,85,3824,0,0,0,0,0,0,0,0,300,-264,0,0,30
2475.67,0,0,0,0,99,1238,1.5279,0.003294,1.53241,39,0,29,24,30,0,-2,0,0,1,58,3770,3824,92,143,35,614,34980,34671,108,2,65,98,346840,0,0,0,0,1,288,0,171,90,3803,0,0,0,0,0,0,0,0,300,-275,0,0,30
2475.68,0,0,0,0,99,1239,1.52798,0.00329168,1.53282,39,0,29,24,30,0,-2,0,0,1,58,3770,3824,92,143,35,614,34980,34671,108,2,65,98,346840,0,0,0,0,1,0,462,0,96,3820,0,0,0,0,0,0,0,0,300,-282,0,0,30
2475.69,0,0,0,0,99,1239,1.52806,0.00328935,1.53323,39,0,29,24,30,0,-2,0,0,1,58,3770,3824,90,143,35,614,34980,34671,108,2,65,98,339300,0,0,0,0,1,363,0,85,93,3813,0,0,0,0,0,0,0,0,300,-274,0,0,30
2475.7,0,0,0,0,100,1246,1.52815,0.00328703,1.53364,39,0,29,24,30,0,-2,0,0,1,58,3774,3824,85,143,35,614,34983,34675,108,2,65,98,320790,0,0,0,0,1,0,410,0,82,3829,0,0,0,0,0,0,0,0,300,-255,0,0,30
2475.71,0,0,0,0,99,1246,1.52773,0.00328911,1.53341,39,0,29,24,30,0,-2,0,0,1,58,3774,3824,85,143,35,614,34983,34675,108,2,65,98,320790,0,0,0,0,1,0,410,0,82,3829,0,0,0,0,0,0,0,0,300,-255,0,0,30
2475.72,0,0,0,0,99,1250,1.52731,0.00329119,1.53317,39,0,29,24,30,0,-2,0,0,1,58,3773,3824,84,143,35,614,34983,34675,108,2,65,98,316932,0,0,0,0,1,331,0,64,83,3805,0,0,0,0,0,0,0,0,300,-250,0,0,30
2475.73,0,0,0,0,100,1253,1.5269,0.00329327,1.53294,39,0,29,24,30,0,-2,0,0,1,58,3773,3824,77,143,35,614,34983,34675,108,2,65,98,290521,0,0,0,0,1,0,409,0,88,3822,0,0,0,0,0,0,0,0,300,-259,0,0,30
2475.74,0,0,0,0,100,1251,1.52648,0.00329535,1.5327,39,0,29,24,30,0,-2,0,0,1,58,3773,3824,97,143,35,614,34983,34675,108,2,65,98,365981,0,0,0,0,1,341,0,85,88,3809,0,0,0,0,0,0,0,0,300,-258,0,0,30
2475.75,0,0,0,0,100,1259,1.52606,0.00329744,1.53246,39,0,29,24,30,0,-2,0,0,1,58,3773,3824,97,143,35,614,34983,34675,108,2,65,98,365981,0,0,0,0,1,0,430,0,83,3829,0,0,0,0,0,0,0,0,300,-259,0,0,30
2475.76,0,0,0,0,99,1260,1.52565,0.00329952,1.53223,39,0,29,24,30,0,-2,0,0,1,58,3772,3824,83,143,35,614,34983,34675,108,2,65,98,313076,0,0,0,0,1,276,0,173,90,3811,0,0,0,0,0,0,0,0,300,-274,0,0,30
2475.77,0,0,0,0,99,1260,1.52523,0.0033016,1.53199,39,0,29,24,30,0,-2,0,0,1,58,3768,3824,85,143,35,614,34983,34675,108,2,65,98,320280,0,0,0,0,1,276,0,173,90,3811,0,0,0,0,0,0,0,0,300,-274,0,0,30
2475.78,0,0,0,0,99,1260,1.52481,0.00330368,1.53176,39,0,29,24,30,0,-2,0,0,1,58,3768,3824,79,143,35,614,34983,34675,108,2,65,98,297672,0,0,0,0,1,0,465,0,100,3817,0,0,0,0,0,0,0,0,300,-271,0,0,30
2475.79,0,0,0,0,99,1261,1.5244,0.00330576,1.53152,39,0,29,24,30,0,-2,0,0,1,58,3768,3824,79,143,35,614,34983,34675,108,2,65,98,297672,0,0,0,0,1,159,0,263,90,3820,0,0,0,0,0,0,0,0,300,-238,0,0,30
2475.8,0,0,0,0,100,1265,1.52398,0.00330784,1.53128,39,0,29,24,30,0,-2,0,0,1,58,3772,3824,93,143,35,614,35008,34710,108,2,65,73,350796,0,0,0,0,1,35,380,0,90,3817,0,0,0,0,0,0,0,0,300,-268,0,0,30
2475.81,0,0,0,0,100,1269,1.52434,0.00330881,1.53127,39,0,29,24,30,0,-2,0,0,0.9,58,3772,3824,85,143,35,614,35008,34710,108,2,65,73,320620,0,0,0,0,1,0,0,427,91,3820,0,0,0,0,0,0,0,0,300,-274,0,0,30
2475.82,0,0,0,0,100,1269,1.5247,0.00330978,1.53125,39,0,29,24,30,0,-2,0,0,0.8,58,3770,3824,88,143,35,614,35008,34710,108,2,65,73,331760,0,0,0,0,1,132,301,0,90,3809,0,0,0,0,0,0,0,0,300,-260,0,0,30
2475.83,0,0,0,0,100,1269,1.52506,0.00331076,1.53123,39,0,29,24,30,0,-2,0,0,0.7,58,3770,3824,88,143,35,614,35008,34710,108,2,65,73,331760,0,0,0,0,1,132,301,0,90,3809,0,0,0,0,0,0,0,0,300,-260,0,0,30
2475.84,0,0,0,0,100,1272,1.52543,0.00331173,1.53121,39,0,29,24,30,0,-2,0,0,0.6,58,3771,3824,87,143,35,614,35008,34710,108,2,65,73,328077,0,0,0,0,1,0,0,446,89,3820,0,0,0,0,0,0,0,0,300,-230,0,0,30
2475.85,0,0,0,0,99,1281,1.52579,0.0033127,1.53119,39,0,29,24,30,0,-2,0,0,0.5,58,3771,3824,90,143,35,614,35008,34710,108,2,65,73,339390,0,0,0,0,1,394,0,0,82,3809,0,0,0,0,0,0,0,0,300,-257,0,0,30
2475.86,0,0,0,0,100,1282,1.52615,0.00331367,1.53117,39,0,29,24,30,0,-2,0,0,0.4,58,3771,3824,96,143,35,614,35008,34710,108,2,65,73,362016,0,0,0,0,1,0,137,310,90,3815,0,0,0,0,0,0,0,0,300,-267,0,0,30
2475.87,0,0,0,0,100,1283,1.52651,0.00331464,1.53115,39,0,29,24,30,0,-2,0,0,0.3,58,3771,3824,96,143,35,614,35008,34710,108,2,65,73,362016,0,0,0,0,1,396,0,0,88,3815,0,0,0,0,0,0,0,0,300,-241,0,0,30
2475.88,0,0,0,0,99,1288,1.52687,0.00331562,1.53113,39,0,29,24,30,0,-2,0,0,0.2,58,3770,3824,87,143,35,614,35008,34710,108,2,65,73,327990,0,0,0,0,1,0,424,0,87,3822,0,0,0,0,0,0,0,0,300,-259,0,0,30
2475.89,0,0,0,0,99,1288,1.52723,0.00331659,1.53111,39,0,29,24,30,0,-2,0,0,0.1,58,3771,3824,92,143,35,614,35008,34710,108,2,65,73,346932,0,0,0,0,1,0,424,0,87,3822,0,0,0,0,0,0,0,0,300,-259,0,0,30
2475.9,0,0,0,0,99,1291,1.52759,0.00331756,1.5311,39,0,29,24,30,0,-2,0,0,0,57,3771,3824,91,143,35,614,34996,34699,108,2,65,98,343161,0,0,0,0,1,123,0,269,91,3817,0,0,0,0,0,0,0,0,300,-251,0,0,30
2475.91,0,0,0,0,99,1292,1.5275,0.00331009,1.53061,39,0,29,24,30,0,-2,0,0,0.1,57,3771,3824,91,143,35,614,34996,34699,108,2,65,98,343161,0,0,0,0,1,97,350,0,94,3811,0,0,0,0,0,0,0,0,300,-276,0,0,30
2475.92,0,0,0,0,99,1291,1.5274,0.00330262,1.53013,39,0,29,24,30,0,-2,0,0,0.2,57,3769,3824,89,143,35,614,34996,34699,108,2,65,98,335441,0,0,0,0,1,0,0,437,93,3820,0,0,0,0,0,0,0,0,300,-258,0,0,30
2475.93,0,0,0,0,100,1295,1.52731,0.00329515,1.52965,39,0,29,24,30,0,-2,0,0,0.3,57,3769,3824,82,143,35,614,34996,34699,108,2,65,98,309058,0,0,0,0,1,492,0,0,99,3805,0,0,0,0,0,0,0,0,300,-299,0,0,30
2475.94,0,0,0,0,100,1301,1.52721,0.00328768,1.52916,39,0,29,24,30,0,-2,0,0,0.4,57,3770,3824,84,143,35,614,34996,34699,108,2,65,98,316680,0,0,0,0,1,0,356,17,93,3815,0,0,0,0,0,0,0,0,300,-256,0,0,30
2475.95,0,0,0,0,99,1301,1.52711,0.00328021,1.52868,39,0,29,24,30,0,-2,0,0,0.5,57,3770,3824,84,143,35,614,34996,34699,108,2,65,98,316680,0,0,0,0,1,0,356,17,93,3815,0,0,0,0,0,0,0,0,300,-256,0,0,30
2475.96,0,0,0,0,99,1298,1.52702,0.00327274,1.5282,39,0,29,24,30,0,-2,0,0,0.6,57,3771,3824,92,143,35,614,34996,34699,108,2,65,98,346932,0,0,0,0,1,253,0,158,91,3820,0,0,0,0,0,0,0,0,300,-261,0,0,30
2475.97,0,0,0,0,99,1306,1.52692,0.00326527,1.52771,39,0,29,24,30,0,-2,0,0,0.7,57,3771,3824,89,143,35,614,34996,34699,108,2,65,98,335619,0,0,0,0,1,83,356,0,90,3815,0,0,0,0,0,0,0,0,300,-273,0,0,30
2475.98,0,0,0,0,99,1309,1.52683,0.0032578,1.52723,39,0,29,24,30,0,-2,0,0,0.8,57,3771,3826,89,143,35,614,34996,34699,108,2,65,98,335619,0,0,0,0,1,0,0,386,91,3817,0,0,0,0,0,0,0,0,300,-254,0,0,30
2475.99,0,0,0,0,99,1310,1.52673,0.00325033,1.52675,39,0,29,24,30,0,-2,0,0,0.9,57,3771,3826,89,143,35,614,34996,34699,108,2,65,98,335619,0,0,0,0,1,431,0,0,90,3800,0,0,0,0,0,0,0,0,300,-238,0,0,30
2476,0,0,0,0,99,1313,1.52664,0.00324285,1.52626,39,0,29,24,30,0,-2,0,0,1,58,3769,3826,102,143,35,614,34978,34680,108,2,68,73,384438,0,0,0,0,1,0,465,0,93,3831,0,0,0,0,0,0,0,0,300,-273,0,0,30
2476.01,0,0,0,0,99,1313,1.52676,0.00323008,1.52666,39,0,29,24,30,0,-2,0,0,1,58,3767,3826,95,143,35,614,34978,34680,108,2,68,73,357865,0,0,0,0,1,0,465,0,93,3831,0,0,0,0,0,0,0,0,300,-273,0,0,30
2476.02,0,0,0,0,99,1315,1.52688,0.00321731,1.52706,39,0,29,24,30,0,-2,0,0,1,58,3767,3826,86,143,35,614,34978,34680,108,2,68,73,323962,0,0,0,0,1,0,0,454,101,3817,0,0,0,0,0,0,0,0,300,-297,0,0,30
2476.03,0,0,0,0,100,1318,1.52701,0.00320454,1.52746,39,0,29,24,30,0,-2,0,0,1,58,3767,3826,86,143,35,614,34978,34680,108,2,68,73,323962,0,0,0,0,1,380,0,0,93,3807,0,0,0,0,0,0,0,0,300,-265,0,0,30
2476.04,0,0,0,0,99,1323,1.52713,0.00319177,1.52786,39,0,29,24,30,0,-2,0,0,1,58,3771,3826,89,143,35,614,34978,34680,108,2,68,73,335619,0,0,0,0,1,0,377,19,87,3820,0,0,0,0,0,0,0,0,300,-247,0,0,30
2476.05,0,0,0,0,99,1323,1.52725,0.003179,1.52826,39,0,29,24,30,0,-2,0,0,1,58,3771,3826,95,143,35,614,34978,34680,108,2,68,73,358245,0,0,0,0,1,0,0,399,98,3811,0,0,0,0,0,0,0,0,300,-267,0,0,30
2476.06,0,0,0,0,100,1326,1.52737,0.00316623,1.52866,39,0,29,24,30,0,-2,0,0,1,58,3771,3826,95,143,35,614,34978,34680,108,2,68,73,358245,0,0,0,0,1,292,149,0,96,3809,0,0,0,0,0,0,0,0,300,-263,0,0,30
2476.07,0,0,0,0,100,1326,1.5275,0.00315346,1.52905,39,0,29,24,30,0,-2,0,0,1,58,3771,3826,95,143,35,614,34978,34680,108,2,68,73,358245,0,0,0,0,1,292,149,0,96,3809,0,0,0,0,0,0,0,0,300,-263,0,0,30
2476.08,0,0,0,0,100,1330,1.52762,0.00314069,1.52945,39,0,29,24,30,0,-2,0,0,1,58,3770,3826,94,143,35,614,34978,34680,108,2,68,73,354380,0,0,0,0,1,0,251,177,88,3811,0,0,0,0,0,0,0,0,300,-243,0,0,30
2476.09,0,0,0,0,100,1335,1.52774,0.00312792,1.52985,39,0,29,24,30,0,-2,0,0,1,58,3770,3826,99,143,35,614,34978,34680,108,2,68,73,373230,0,0,0,0,1,132,0,279,91,3813,0,0,0,0,0,0,0,0,300,-245,0,0,30
2476.1,0,0,0,0,100,1336,1.52787,0.00311515,1.53025,39,0,29,24,30,0,-2,0,0,1,58,3770,3826,100,143,35,614,34988,34687,108,2,65,98,377000,0,0,0,0,1,290,98,0,93,3817,0,0,0,0,0,0,0,0,300,-237,0,0,30
2476.11,0,0,0,0,100,1340,1.52805,0.00311057,1.52999,39,0,29,24,30,0,-2,0,0,1,58,3770,3826,100,143,35,614,34988,34687,108,2,65,98,377000,0,0,0,0,1,0,322,71,90,3824,0,0,0,0,0,0,0,0,300,-232,0,0,30
2476.12,0,0,0,0,100,1345,1.52824,0.00310598,1.52973,39,0,29,24,30,0,-2,0,0,1,58,3768,3826,94,143,35,614,34988,34687,108,2,65,98,354192,0,0,0,0,1,0,0,369,91,3817,0,0,0,0,0,0,0,0,300,-236,0,0,30
2476.13,0,0,0,0,100,1345,1.52842,0.0031014,1.52946,39,0,29,24,30,0,-2,0,0,1,58,3768,3826,87,143,35,614,34988,34687,108,2,65,98,327816,0,0,0,0,1,0,0,369,91,3817,0,0,0,0,0,0,0,0,300,-236,0,0,30
2476.14,0,0,0,0,99,1344,1.52861,0.00309681,1.5292,39,0,29,24,30,0,-2,0,0,1,58,3768,3826,93,143,35,614,34988,34687,108,2,65,98,350424,0,0,0,0,1,427,0,0,97,3805,0,0,0,0,0,0,0,0,300,-272,0,0,30
2476.15,0,0,0,0,99,1346,1.5288,0.00309223,1.52894,39,0,29,24,30,0,-2,0,0,1,58,3768,3826,93,143,35,614,34988,34687,108,2,65,98,350424,0,0,0,0,1,0,465,0,101,3820,0,0,0,0,0,0,0,0,300,-284,0,0,30
2476.16,0,0,0,0,99,1350,1.52898,0.00308764,1.52868,39,0,29,24,30,0,-2,0,0,1,58,3768,3826,88,143,35,614,34988,34687,108,2,65,98,331584,0,0,0,0,1,0,0,480,102,3815,0,0,0,0,0,0,0,0,300,-286,0,0,30
2476.17,0,0,0,0,100,1350,1.52917,0.00308305,1.52842,39,0,29,24,30,0,-2,0,0,1,58,3768,3826,87,143,35,614,34988,34687,108,2,65,98,327816,0,0,0,0,1,446,0,0,99,3800,0,0,0,0,0,0,0,0,300,-261,0,0,30
2476.18,0,0,0,0,100,1354,1.52936,0.00307847,1.52815,39,0,29,24,30,0,-2,0,0,1,58,3768,3826,90,143,35,614,34988,34687,108,2,65,98,339120,0,0,0,0,1,0,399,0,98,3820,0,0,0,0,0,0,0,0,300,-267,0,0,30
2476.19,0,0,0,0,100,1354,1.52954,0.00307388,1.52789,39,0,29,24,30,0,-2,0,0,1,58,3768,3826,90,143,35,614,34988,34687,108,2,65,98,339120,0,0,0,0,1,0,399,0,98,3820,0,0,0,0,0,0,0,0,300,-267,0,0,30
2476.2,0,0,0,0,100,1357,1.52973,0.0030693,1.52763,39,0,29,24,30,0,-2,0,0,1,57,3770,3826,93,143,35,614,34984,34683,108,2,87,73,350610,0,0,0,0,1,0,81,337,103,3822,0,0,0,0,0,0,0,0,300,-295,0,0,30
2476.21,0,0,0,0,100,1363,1.52931,0.00306632,1.52797,39,0,29,24,30,0,-2,0,0,0.9,57,3770,3826,92,143,35,614,34984,34683,108,2,87,73,346840,0,0,0,0,1,206,0,167,86,3813,0,0,0,0,0,0,0,0,300,-219,0,0,30
2476.22,0,0,0,0,100,1366,1.52889,0.00306335,1.52831,39,0,29,24,30,0,-2,0,0,0.8,57,3770,3826,95,143,35,614,34984,34683,108,2,87,73,358150,0,0,0,0,1,386,0,0,91,3809,0,0,0,0,0,0,0,0,300,-257,0,0,30
2476.23,0,0,0,0,100,1369,1.52847,0.00306037,1.52865,39,0,29,24,30,0,-2,0,0,0.7,57,3770,3826,95,143,35,614,34984,34683,108,2,87,73,358150,0,0,0,0,1,0,442,0,100,3815,0,0,0,0,0,0,0,0,300,-265,0,0,30
2476.24,0,0,0,0,100,1369,1.52804,0.00305739,1.52899,39,0,29,24,30,0,-2,0,0,0.6,57,3768,3826,100,143,35,614,34984,34683,108,2,87,73,376800,0,0,0,0,1,0,0,405,97,3817,0,0,0,0,0,0,0,0,300,-231,0,0,30
2476.25,0,0,0,0,100,1369,1.52762,0.00305442,1.52933,39,0,29,24,30,0,-2,0,0,0.5,57,3768,3826,100,143,35,614,34984,34683,108,2,87,73,376800,0,0,0,0,1,0,0,405,97,3817,0,0,0,0,0,0,0,0,300,-231,0,0,30
2476.26,0,0,0,0,99,1375,1.5272,0.00305144,1.52967,39,0,29,24,30,0,-2,0,0,0.4,57,3768,3826,95,143,35,614,34984,34683,108,2,87,73,357960,0,0,0,0,1,322,0,118,99,3811,0,0,0,0,0,0,0,0,300,-276,0,0,30
2476.27,0,0,0,0,100,1376,1.52678,0.00304847,1.53001,39,0,29,24,30,0,-2,0,0,0.3,57,3768,3826,95,143,35,614,34984,34683,108,2,87,73,357960,0,0,0,0,1,349,61,0,99,3807,0,0,0,0,0,0,0,0,300,-259,0,0,30
2476.28,0,0,0,0,99,1377,1.52636,0.00304549,1.53035,39,0,29,24,30,0,-2,0,0,0.2,57,3767,3826,93,143,35,614,34984,34683,108,2,87,73,350331,0,0,0,0,1,0,491,0,104,3817,0,0,0,0,0,0,0,0,300,-292,0,0,30
2476.29,0,0,0,0,99,1382,1.52594,0.00304252,1.53069,39,0,29,24,30,0,-2,0,0,0.1,57,3767,3826,88,143,35,614,34984,34683,108,2,87,73,331496,0,0,0,0,1,0,0,392,103,3817,0,0,0,0,0,0,0,0,300,-274,0,0,30
2476.3,0,0,0,0,99,1382,1.52552,0.00303954,1.53103,39,0,29,24,30,0,-2,0,0,0,58,3767,3826,88,143,35,614,34966,34651,108,2,87,73,331496,0,0,0,0,1,194,0,234,94,3813,0,0,0,0,0,0,0,0,300,-227,0,0,30
2476.31,0,0,0,0,99,1383,1.52557,0.00305785,1.53091,39,0,29,24,30,0,-2,0,0,0,58,3767,3826,88,143,35,614,34966,34651,108,2,87,73,331496,0,0,0,0,1,194,0,234,94,3813,0,0,0,0,0,0,0,0,300,-227,0,0,30
2476.32,0,0,0,0,99,1387,1.52563,0.00307615,1.5308,39,0,29,24,30,0,-2,0,0,0,58,3769,3826,102,143,35,614,34966,34651,108,2,87,73,384438,0,0,0,0,1,462,0,0,101,3809,0,0,0,0,0,0,0,0,300,-287,0,0,30
2476.33,0,0,0,0,99,1390,1.52568,0.00309445,1.53068,39,0,29,24,30,0,-2,0,0,0,58,3769,3826,104,143,35,614,34966,34651,108,2,87,73,391976,0,0,0,0,1,0,387,0,101,3813,0,0,0,0,0,0,0,0,300,-245,0,0,30
2476.34,0,0,0,0,100,1395,1.52574,0.00311276,1.53056,39,0,29,24,30,0,-2,0,0,0,58,3770,3826,97,143,35,614,34966,34651,108,2,87,73,365690,0,0,0,0,1,0,219,218,93,3826,0,0,0,0,0,0,0,0,300,-241,0,0,30
2476.35,0,0,0,0,100,1399,1.52579,0.00313106,1.53045,39,0,29,24,30,0,-2,0,0,0,58,3770,3826,97,143,35,614,34966,34651,108,2,87,73,365690,0,0,0,0,1,0,0,448,97,3817,0,0,0,0,0,0,0,0,300,-266,0,0,30
2476.36,0,0,0,0,99,1398,1.52585,0.00314936,1.53033,39,0,29,24,30,0,-2,0,0,0,58,3770,3827,97,143,35,614,34966,34651,108,2,87,73,365690,0,0,0,0,1,363,0,82,101,3809,0,0,0,0,0,0,0,0,300,-266,0,0,30
2476.37,0,0,0,0,100,1398,1.52591,0.00316766,1.53022,39,0,29,24,30,0,-2,0,0,0,58,3769,3827,99,143,35,614,34966,34651,108,2,87,73,373131,0,0,0,0,1,363,0,82,101,3809,0,0,0,0,0,0,0,0,300,-266,0,0,30
2476.38,0,0,0,0,99,1403,1.52596,0.00318597,1.5301,39,0,29,24,30,0,-2,0,0,0,58,3769,3827,98,143,35,614,34966,34651,108,2,87,73,369362,0,0,0,0,1,425,0,0,102,3800,0,0,0,0,0,0,0,0,300,-272,0,0,30
2476.39,0,0,0,0,100,1407,1.52602,0.00320427,1.52999,39,0,29,24,30,0,-2,0,0,0,58,3769,3827,98,143,35,614,34966,34651,108,2,87,73,369362,0,0,0,0,1,0,383,0,100,3813,0,0,0,0,0,0,0,0,300,-246,0,0,30
2476.4,0,0,0,0,99,1407,1.52607,0.00322257,1.52987,39,0,29,24,30,0,-2,0,0,0,58,3767,3827,94,143,35,614,34959,34646,108,2,65,98,354098,0,0,0,0,1,0,333,106,102,3815,0,0,0,0,0,0,0,0,300,-270,0,0,30
2476.41,0,0,0,0,100,1409,1.52613,0.0032114,1.53003,39,0,29,24,30,0,-2,0,0,0.1,58,3767,3827,95,143,35,614,34959,34646,108,2,65,98,357865,0,0,0,0,1,0,0,470,109,3813,0,0,0,0,0,0,0,0,300,-286,0,0,30
2476.42,0,0,0,0,100,1413,1.52618,0.00320023,1.53019,39,0,29,24,30,0,-2,0,0,0.2,58,3768,3827,94,143,35,614,34959,34646,108,2,65,98,354192,0,0,0,0,1,197,0,261,97,3822,0,0,0,0,0,0,0,0,300,-231,0,0,30
2476.43,0,0,0,0,100,1413,1.52623,0.00318905,1.53035,39,0,29,24,30,0,-2,0,0,0.3,58,3768,3827,94,143,35,614,34959,34646,108,2,65,98,354192,0,0,0,0,1,197,0,261,97,3822,0,0,0,0,0,0,0,0,300,-231,0,0,30
2476.44,0,0,0,0,100,1419,1.52628,0.00317788,1.53052,39,0,29,24,30,0,-2,0,0,0.4,58,3768,3827,92,143,35,614,34959,34646,108,2,65,98,346656,0,0,0,0,1,419,0,0,95,3805,0,0,0,0,0,0,0,0,300,-247,0,0,30
2476.45,0,0,0,0,99,1419,1.52634,0.00316671,1.53068,39,0,29,24,30,0,-2,0,0,0.5,58,3768,3827,100,143,35,614,34959,34646,108,2,65,98,376800,0,0,0,0,1,294,125,0,102,3813,0,0,0,0,0,0,0,0,300,-252,0,0,30
2476.46,0,0,0,0,99,1423,1.52639,0.00315554,1.53084,39,0,29,24,30,0,-2,0,0,0.6,58,3768,3827,105,143,35,614,34959,34646,108,2,65,98,395640,0,0,0,0,1,0,413,0,103,3822,0,0,0,0,0,0,0,0,300,-258,0,0,30
2476.47,0,0,0,0,100,1427,1.52644,0.00314436,1.531,39,0,29,24,30,0,-2,0,0,0.7,58,3768,3827,105,143,35,614,34959,34646,108,2,65,98,395640,0,0,0,0,1,0,354,29,103,3817,0,0,0,0,0,0,0,0,300,-255,0,0,30
2476.48,0,0,0,0,100,1428,1.52649,0.00313319,1.53116,39,0,29,24,30,0,-2,0,0,0.8,58,3768,3827,102,143,35,614,34959,34646,108,2,65,98,384336,0,0,0,0,1,0,52,404,102,3817,0,0,0,0,0,0,0,0,300,-260,0,0,30
2476.49,0,0,0,0,99,1428,1.52655,0.00312202,1.53133,39,0,29,24,30,0,-2,0,0,0.9,58,3768,3827,103,143,35,614,34959,34646,108,2,65,98,388104,0,0,0,0,1,0,52,404,102,3817,0,0,0,0,0,0,0,0,300,-260,0,0,30
2476.5,0,0,0,0,99,1428,1.5266,0.00311084,1.53149,39,0,29,24,30,0,-2,0,0,1,58,3767,3827,101,143,35,614,34963,34653,108,2,65,98,380467,0,0,0,0,1,0,0,478,112,3809,0,0,0,0,0,0,0,0,300,-313,0,0,30
2476.51,0,0,0,0,99,1431,1.52675,0.00311584,1.53156,39,0,29,24,30,0,-2,0,0,1,58,3767,3827,101,143,35,614,34963,34653,108,2,65,98,380467,0,0,0,0,1,306,0,140,104,3809,0,0,0,0,0,0,0,0,300,-264,0,0,30
2476.52,0,0,0,0,99,1437,1.52689,0.00312084,1.53164,39,0,29,24,30,0,-2,0,0,1,58,3767,3828,84,143,35,614,34963,34653,108,2,65,98,316428,0,0,0,0,1,439,0,0,102,3809,0,0,0,0,0,0,0,0,300,-251,0,0,30
2476.53,0,0,0,0,99,1437,1.52704,0.00312584,1.53172,39,0,29,24,30,0,-2,0,0,1,58,3766,3828,91,143,35,614,34963,34653,108,2,65,98,342706,0,0,0,0,1,376,22,0,106,3800,0,0,0,0,0,0,0,0,300,-270,0,0,30
2476.54,0,0,0,0,100,1443,1.52719,0.00313084,1.53179,39,0,29,24,30,0,-2,0,0,1,58,3766,3828,100,143,35,614,34963,34653,108,2,65,98,376600,0,0,0,0,1,99,358,0,103,3815,0,0,0,0,0,0,0,0,300,-277,0,0,30
2476.55,0,0,0,0,100,1443,1.52733,0.00313584,1.53187,39,0,29,24,30,0,-2,0,0,1,58,3766,3828,100,143,35,614,34963,34653,108,2,65,98,376600,0,0,0,0,1,99,358,0,103,3815,0,0,0,0,0,0,0,0,300,-277,0,0,30
2476.56,0,0,0,0,99,1449,1.52748,0.00314084,1.53194,39,0,29,24,30,0,-2,0,0,1,58,3772,3828,105,143,35,614,34963,34653,108,2,65,98,396060,0,0,0,0,1,0,395,0,98,3824,0,0,0,0,0,0,0,0,300,-246,0,0,30
2476.57,0,0,0,0,99,1451,1.52763,0.00314584,1.53202,39,0,29,24,30,0,-2,0,0,1,58,3772,3828,102,143,35,614,34963,34653,108,2,65,98,384744,0,0,0,0,1,0,410,0,98,3820,0,0,0,0,0,0,0,0,300,-256,0,0,30
2476.58,0,0,0,0,100,1452,1.52777,0.00315084,1.5321,39,0,29,24,30,0,-2,0,0,1,58,3765,3828,99,143,35,614,34963,34653,108,2,65,98,372735,0,0,0,0,1,0,204,249,111,3813,0,0,0,0,0,0,0,0,300,-295,0,0,30
2476.59,0,0,0,0,99,1457,1.52792,0.00315584,1.53217,39,0,29,24,30,0,-2,0,0,1,58,3765,3828,99,143,35,614,34963,34653,108,2,65,98,372735,0,0,0,0,1,0,16,390,101,3817,0,0,0,0,0,0,0,0,300,-244,0,0,30
2476.6,0,0,0,0,100,1460,1.52807,0.00316084,1.53225,39,0,29,24,30,0,-2,0,0,1,58,3765,3830,101,143,35,614,34947,34616,108,2,68,73,380265,0,0,0,0,1,0,0,470,106,3811,0,0,0,0,0,0,0,0,300,-276,0,0,30
2476.61,0,0,0,0,100,1460,1.52802,0.00315701,1.53251,39,0,29,24,30,0,-2,0,0,0.9,58,3765,3830,94,143,35,614,34947,34616,108,2,68,73,353910,0,0,0,0,1,0,0,470,106,3811,0,0,0,0,0,0,0,0,300,-276,0,0,30
2476.62,0,0,0,0,100,1457,1.52798,0.00315319,1.53277,39,0,29,24,30,0,-2,0,0,0.8,58,3765,3830,94,143,35,614,34947,34616,108,2,68,73,353910,0,0,0,0,1,0,0,431,110,3811,0,0,0,0,0,0,0,0,300,-266,0,0,30
2476.63,0,0,0,0,100,1461,1.52793,0.00314937,1.53304,39,0,29,24,30,0,-2,0,0,0.7,58,3765,3830,94,143,35,614,34947,34616,108,2,68,73,353910,0,0,0,0,1,255,0,234,113,3807,0,0,0,0,0,0,0,0,300,-291,0,0,30
2476.64,0,0,0,0,100,1465,1.52788,0.00314555,1.5333,39,0,29,24,30,0,-2,0,0,0.6,58,3768,3830,102,143,35,614,34947,34616,108,2,68,73,384336,0,0,0,0,1,349,0,76,104,3805,0,0,0,0,0,0,0,0,300,-260,0,0,30
2476.65,0,0,0,0,100,1469,1.52784,0.00314173,1.53356,39,0,29,24,30,0,-2,0,0,0.5,58,3768,3830,98,143,35,614,34947,34616,108,2,68,73,369264,0,0,0,0,1,425,0,0,105,3811,0,0,0,0,0,0,0,0,300,-255,0,0,30
2476.66,0,0,0,0,100,1469,1.52779,0.0031379,1.53383,39,0,29,24,30,0,-2,0,0,0.4,58,3766,3830,97,143,35,614,34947,34616,108,2,68,73,365302,0,0,0,0,1,470,0,0,109,3803,0,0,0,0,0,0,0,0,300,-280,0,0,30
2476.67,0,0,0,0,100,1469,1.52775,0.00313408,1.53409,39,0,29,24,30,0,-2,0,0,0.3,58,3766,3830,97,143,35,614,34947,34616,108,2,68,73,365302,0,0,0,0,1,470,0,0,109,3803,0,0,0,0,0,0,0,0,300,-280,0,0,30
2476.68,0,0,0,0,100,1477,1.5277,0.00313026,1.53435,39,0,29,24,30,0,-2,0,0,0.2,58,3766,3830,108,143,35,614,34947,34616,108,2,68,73,406728,0,0,0,0,1,448,0,0,104,3800,0,0,0,0,0,0,0,0,300,-283,0,0,30
2476.69,0,0,0,0,100,1477,1.52766,0.00312644,1.53462,39,0,29,24,30,0,-2,0,0,0.1,58,3766,3830,107,143,35,614,34947,34616,108,2,68,73,402962,0,0,0,0,1,358,34,0,107,3796,0,0,0,0,0,0,0,0,300,-254,0,0,30
2476.7,0,0,0,0,99,1478,1.52761,0.00312262,1.53488,39,0,29,24,30,0,-2,0,0,0,58,3766,3830,101,143,35,614,34956,34621,108,2,68,73,380366,0,0,0,0,1,261,225,0,113,3803,0,0,0,0,0,0,0,0,300,-285,0,0,30
2476.71,0,0,0,0,99,1483,1.52767,0.00311624,1.53453,39,0,29,24,30,0,-2,0,0,0.1,58,3766,3830,101,143,35,614,34956,34621,108,2,68,73,380366,0,0,0,0,1,147,293,0,106,3811,0,0,0,0,0,0,0,0,300,-263,0,0,30
2476.72,0,0,0,0,100,1488,1.52773,0.00310986,1.53417,39,0,29,24,30,0,-2,0,0,0.2,58,3764,3830,110,143,35,614,34956,34621,108,2,68,73,414040,0,0,0,0,1,117,348,0,105,3791,0,0,0,0,0,0,0,0,300,-283,0,0,30
2476.73,0,0,0,0,100,1488,1.52779,0.00310349,1.53382,39,0,29,24,30,0,-2,0,0,0.3,58,3764,3830,107,143,35,614,34956,34621,108,2,68,73,402748,0,0,0,0,1,117,348,0,105,3791,0,0,0,0,0,0,0,0,300,-283,0,0,30
2476.74,0,0,0,0,99,1487,1.52785,0.00309711,1.53346,39,0,29,24,30,0,-2,0,0,0.4,58,3763,3830,96,143,35,614,34956,34621,108,2,68,73,361248,0,0,0,0,1,58,364,0,114,3805,0,0,0,0,0,0,0,0,300,-267,0,0,30
2476.75,0,0,0,0,99,1492,1.52792,0.00309073,1.53311,39,0,29,24,30,0,-2,0,0,0.5,58,3763,3830,96,143,35,614,34956,34621,108,2,68,73,361248,0,0,0,0,1,17,401,0,108,3809,0,0,0,0,0,0,0,0,300,-276,0,0,30
2476.76,0,0,0,0,99,1497,1.52798,0.00308436,1.53276,39,0,29,24,30,0,-2,0,0,0.6,58,3763,3830,105,143,35,614,34956,34621,108,2,68,73,395115,0,0,0,0,1,0,372,0,104,3811,0,0,0,0,0,0,0,0,300,-245,0,0,30
2476.77,0,0,0,0,99,1500,1.52804,0.00307798,1.5324,39,0,29,24,30,0,-2,0,0,0.7,58,3770,3830,107,143,35,614,34956,34621,108,2,68,73,403390,0,0,0,0,1,0,399,0,106,3807,0,0,0,0,0,0,0,0,300,-268,0,0,30
2476.78,0,0,0,0,100,1500,1.5281,0.0030716,1.53205,39,0,29,24,30,0,-2,0,0,0.8,58,3770,3830,102,143,35,614,34956,34621,108,2,68,73,384540,0,0,0,0,1,0,399,0,113,3805,0,0,0,0,0,0,0,0,300,-264,0,0,30
2476.79,0,0,0,0,99,1500,1.52816,0.00306523,1.5317,39,0,29,24,30,0,-2,0,0,0.9,58,3770,3830,102,143,35,614,34956,34621,108,2,68,73,384540,0,0,0,0,1,0,399,0,113,3805,0,0,0,0,0,0,0,0,300,-264,0,0,30
2476.8,0,0,0,0,100,1506,1.52822,0.00305885,1.53134,39,0,29,24,30,0,-2,0,0,1,58,3764,3830,111,143,35,614,34935,34546,108,2,87,73,417804,0,0,0,0,1,27,375,0,106,3815,0,0,0,0,0,0,0,0,300,-263,0,0,30
2476.81,0,0,0,0,99,1507,1.52837,0.00306409,1.53134,39,0,29,24,30,0,-2,0,0,1,58,3764,3830,113,143,35,614,34935,34546,108,2,87,73,425332,0,0,0,0,1,114,368,0,113,3800,0,0,0,0,0,0,0,0,300,-295,0,0,30
2476.82,0,0,0,0,99,1506,1.52852,0.00306932,1.53135,39,0,29,24,30,0,-2,0,0,1,58,3763,3830,110,143,35,614,34935,34546,108,2,87,73,413930,0,0,0,0,1,99,381,0,119,3803,0,0,0,0,0,0,0,0,300,-297,0,0,30
2476.83,0,0,0,0,99,1508,1.52867,0.00307456,1.53135,39,0,29,24,30,0,-2,0,0,1,58,3763,3830,110,143,35,614,34935,34546,108,2,87,73,413930,0,0,0,0,1,126,360,0,118,3803,0,0,0,0,0,0,0,0,300,-296,0,0,30
2476.84,0,0,0,0,99,1514,1.52882,0.0030798,1.53135,39,0,29,24,30,0,-2,0,0,1,58,3763,3830,108,143,35,614,34935,34546,108,2,87,73,406404,0,0,0,0,1,167,293,0,109,3803,0,0,0,0,0,0,0,0,300,-273,0,0,30
2476.85,0,0,0,0,99,1514,1.52898,0.00308503,1.53135,39,0,29,24,30,0,-2,0,0,1,58,3765,3830,106,143,35,614,34935,34546,108,2,87,73,399090,0,0,0,0,1,167,293,0,109,3803,0,0,0,0,0,0,0,0,300,-273,0,0,30
2476.86,0,0,0,0,99,1514,1.52913,0.00309027,1.53135,39,0,29,24,30,0,-2,0,0,1,58,3765,3830,105,143,35,614,34935,34546,108,2,87,73,395325,0,0,0,0,1,251,210,0,114,3803,0,0,0,0,0,0,0,0,300,-270,0,0,30
2476.87,0,0,0,0,99,1521,1.52928,0.00309551,1.53135,39,0,29,24,30,0,-2,0,0,1,58,3765,3830,105,143,35,614,34935,34546,108,2,87,73,395325,0,0,0,0,1,351,47,0,106,3807,0,0,0,0,0,0,0,0,300,-254,0,0,30
2476.88,0,0,0,0,99,1525,1.52943,0.00310074,1.53135,39,0,29,24,30,0,-2,0,0,1,58,3763,3830,101,143,35,614,34935,34546,108,2,87,73,380063,0,0,0,0,1,425,0,0,105,3800,0,0,0,0,0,0,0,0,300,-265,0,0,30
2476.89,0,0,0,0,99,1527,1.52958,0.00310598,1.53136,39,0,29,24,30,0,-2,0,0,1,58,3763,3830,109,143,35,614,34935,34546,108,2,87,73,410167,0,0,0,0,1,480,0,0,112,3798,0,0,0,0,0,0,0,0,300,-281,0,0,30
2476.9,0,0,0,0,99,1526,1.52973,0.00311122,1.53136,39,0,29,24,30,0,-2,0,0,1,58,3766,3830,106,143,35,614,34925,34526,108,2,65,73,399196,0,0,0,0,1,433,0,0,117,3798,0,0,0,0,0,0,0,0,300,-266,0,0,30
2476.91,0,0,0,0,99,1526,1.52974,0.00312144,1.53143,39,0,29,24,30,0,-2,0,0,0.9,58,3766,3830,106,143,35,614,34925,34526,108,2,65,73,399196,0,0,0,0,1,433,0,0,117,3798,0,0,0,0,0,0,0,0,300,-266,0,0,30
2476.92,0,0,0,0,99,1532,1.52975,0.00313165,1.53151,39,0,29,24,30,0,-2,0,0,0.8,58,3766,3829,106,143,35,614,34925,34526,108,2,65,73,399196,0,0,0,0,1,351,0,87,114,3803,0,0,0,0,0,0,0,0,300,-288,0,0,30
2476.93,0,0,0,0,99,1533,1.52975,0.00314187,1.53158,39,0,29,24,30,0,-2,0,0,0.7,58,3766,3829,112,143,35,614,34925,34526,108,2,65,73,421792,0,0,0,0,1,197,0,235,110,3807,0,0,0,0,0,0,0,0,300,-261,0,0,30
2476.94,0,0,0,0,100,1534,1.52976,0.00315209,1.53165,39,0,29,24,30,0,-2,0,0,0.6,58,3766,3829,115,143,35,614,34925,34526,108,2,65,73,433090,0,0,0,0,1,0,0,451,120,3817,0,0,0,0,0,0,0,0,300,-300,0,0,30
2476.95,0,0,0,0,100,1536,1.52977,0.00316231,1.53173,39,0,29,24,30,0,-2,0,0,0.5,58,3766,3829,115,143,35,614,34925,34526,108,2,65,73,433090,0,0,0,0,1,0,0,487,112,3805,0,0,0,0,0,0,0,0,300,-251,0,0,30
2476.96,0,0,0,0,99,1544,1.52977,0.00317253,1.5318,39,0,29,24,30,0,-2,0,0,0.4,58,3760,3829,102,143,35,614,34925,34526,108,2,65,73,383520,0,0,0,0,1,0,0,378,112,3811,0,0,0,0,0,0,0,0,300,-276,0,0,30
2476.97,0,0,0,0,99,1544,1.52978,0.00318275,1.53188,39,0,29,24,30,0,-2,0,0,0.3,58,3760,3829,110,143,35,614,34925,34526,108,2,65,73,413600,0,0,0,0,1,0,0,378,112,3811,0,0,0,0,0,0,0,0,300,-276,0,0,30
2476.98,0,0,0,0,99,1543,1.52979,0.00319297,1.53195,39,0,29,24,30,0,-2,0,0,0.2,58,3765,3829,110,143,35,614,34925,34526,108,2,65,73,414150,0,0,0,0,1,0,219,273,112,3805,0,0,0,0,0,0,0,0,300,-286,0,0,30
2476.99,0,0,0,0,99,1548,1.5298,0.00320319,1.53203,39,0,29,24,30,0,-2,0,0,0.1,58,3765,3829,110,143,35,614,34925,34526,108,2,65,73,414150,0,0,0,0,1,0,418,0,116,3820,0,0,0,0,0,0,0,0,300,-264,0,0,30
2477,0,0,0,0,99,1553,1.5298,0.00321341,1.5321,39,0,29,24,30,0,-2,0,0,0,57,3765,3828,112,143,35,614,34944,34524,107,2,87,73,421680,0,0,0,0,1,0,444,0,109,3813,0,0,0,0,0,0,0,0,300,-269,0,0,30
2477.01,0,0,0,0,99,1552,1.52978,0.00321536,1.53176,39,0,29,24,30,0,-2,0,0,0.1,57,3764,3828,115,143,35,614,34944,34524,107,2,87,73,432860,0,0,0,0,1,183,325,0,119,3800,0,0,0,0,0,0,0,0,300,-301,0,0,30
2477.02,0,0,0,0,99,1556,1.52976,0.00321731,1.53143,39,0,29,24,30,0,-2,0,0,0.2,57,3764,3828,113,143,35,614,34944,34524,107,2,87,73,425332,0,0,0,0,1,445,0,0,118,3794,0,0,0,0,0,0,0,0,300,-301,0,0,30
2477.03,0,0,0,0,99,1556,1.52974,0.00321926,1.53109,39,0,29,24,30,0,-2,0,0,0.3,57,3764,3828,113,143,35,614,34944,34524,107,2,87,73,425332,0,0,0,0,1,445,0,0,118,3794,0,0,0,0,0,0,0,0,300,-301,0,0,30
2477.04,0,0,0,0,100,1559,1.52971,0.00322121,1.53075,39,0,29,24,30,0,-2,0,0,0.4,57,3762,3828,112,143,35,614,34944,34524,107,2,87,73,421344,0,0,0,0,1,443,0,0,115,3796,0,0,0,0,0,0,0,0,300,-262,0,0,30
2477.05,0,0,0,0,100,1560,1.52969,0.00322316,1.53042,39,0,29,24,30,0,-2,0,0,0.5,57,3762,3828,115,143,35,614,34944,34524,107,2,87,73,432630,0,0,0,0,1,275,0,197,118,3807,0,0,0,0,0,0,0,0,300,-279,0,0,30
2477.06,0,0,0,0,100,1560,1.52967,0.0032251,1.53008,39,0,29,24,30,0,-2,0,0,0.6,57,3764,3828,113,143,35,614,34944,34524,107,2,87,73,425332,0,0,0,0,1,0,0,503,118,3811,0,0,0,0,0,0,0,0,300,-277,0,0,30
2477.07,0,0,0,0,100,1571,1.52965,0.00322705,1.52974,39,0,29,24,30,0,-2,0,0,0.7,57,3764,3828,113,143,35,614,34944,34524,107,2,87,73,425332,0,0,0,0,1,0,93,341,111,3813,0,0,0,0,0,0,0,0,300,-272,0,0,30
2477.08,0,0,0,0,100,1573,1.52962,0.003229,1.5294,39,0,29,24,30,0,-2,0,0,0.8,57,3764,3828,109,143,35,614,34944,34524,107,2,87,73,410276,0,0,0,0,1,0,403,0,109,3815,0,0,0,0,0,0,0,0,300,-256,0,0,30
2477.09,0,0,0,0,100,1573,1.5296,0.00323095,1.52907,39,0,29,24,30,0,-2,0,0,0.9,57,3764,3828,112,143,35,614,34944,34524,107,2,87,73,421568,0,0,0,0,1,0,403,0,109,3815,0,0,0,0,0,0,0,0,300,-256,0,0,30
2477.1,0,0,0,0,100,1570,1.52958,0.0032329,1.52873,39,0,29,24,30,0,-2,0,0,1,58,3762,3828,115,143,35,614,34934,34441,108,2,87,73,432630,0,0,0,0,1,0,444,0,126,3807,0,0,0,0,0,0,0,0,300,-289,0,0,30
2477.11,0,0,0,0,99,1575,1.52937,0.00321793,1.52906,39,0,29,24,30,0,-2,0,0,1,58,3762,3828,115,143,35,614,34934,34441,108,2,87,73,432630,0,0,0,0,1,375,73,0,119,3800,0,0,0,0,0,0,0,0,300,-280,0,0,30
2477.12,0,0,0,0,99,1577,1.52916,0.00320296,1.52938,39,0,29,24,30,0,-2,0,0,1,58,3762,3828,116,143,35,614,34934,34441,108,2,87,73,436392,0,0,0,0,1,448,0,0,117,3796,0,0,0,0,0,0,0,0,300,-265,0,0,30
2477.13,0,0,0,0,99,1576,1.52896,0.00318799,1.52971,39,0,29,24,30,0,-2,0,0,1,58,3762,3828,119,143,35,614,34934,34441,108,2,87,73,447678,0,0,0,0,1,208,0,279,124,3807,0,0,0,0,0,0,0,0,300,-304,0,0,30
2477.14,0,0,0,0,99,1580,1.52875,0.00317302,1.53004,39,0,29,24,30,0,-2,0,0,1,58,3762,3828,121,143,35,614,34934,34441,108,2,87,73,455202,0,0,0,0,1,0,0,480,117,3809,0,0,0,0,0,0,0,0,300,-271,0,0,30
2477.15,0,0,0,0,99,1580,1.52854,0.00315805,1.53036,39,0,29,24,30,0,-2,0,0,1,58,3762,3828,121,143,35,614,34934,34441,108,2,87,73,455202,0,0,0,0,1,0,0,480,117,3809,0,0,0,0,0,0,0,0,300,-271,0,0,30
2477.16,0,0,0,0,99,1587,1.52834,0.00314308,1.53069,39,0,29,24,30,0,-2,0,0,1,58,3762,3828,116,143,35,614,34934,34441,108,2,87,73,436392,0,0,0,0,1,0,252,185,115,3807,0,0,0,0,0,0,0,0,300,-266,0,0,30
2477.17,0,0,0,0,99,1587,1.52813,0.00312811,1.53102,39,0,29,24,30,0,-2,0,0,1,58,3762,3828,116,143,35,614,34934,34441,108,2,87,73,436392,0,0,0,0,1,0,459,0,118,3809,0,0,0,0,0,0,0,0,300,-271,0,0,30
2477.18,0,0,0,0,100,1591,1.52792,0.00311313,1.53134,39,0,29,24,30,0,-2,0,0,1,58,3762,3828,111,143,35,614,34934,34441,108,2,87,73,417582,0,0,0,0,1,343,102,0,117,3800,0,0,0,0,0,0,0,0,300,-273,0,0,30
2477.19,0,0,0,0,100,1598,1.52771,0.00309816,1.53167,39,0,29,24,30,0,-2,0,0,1,58,3762,3828,111,143,35,614,34934,34441,108,2,87,73,417582,0,0,0,0,1,376,0,0,112,3798,0,0,0,0,0,0,0,0,300,-255,0,0,30
2477.2,0,0,0,0,99,1597,1.52751,0.00308319,1.532,39,0,29,24,30,0,-2,0,0,1,58,3763,3828,109,143,35,614,34913,34402,108,2,65,73,410167,0,0,0,0,1,0,0,439,115,3809,0,0,0,0,0,0,0,0,300,-259,0,0,30
2477.21,0,0,0,0,99,1597,1.52738,0.00309991,1.53179,39,0,29,24,30,0,-2,0,0,1,58,3763,3828,118,143,35,614,34913,34402,108,2,65,73,444034,0,0,0,0,1,0,0,439,115,3809,0,0,0,0,0,0,0,0,300,-259,0,0,30
2477.22,0,0,0,0,99,1600,1.52725,0.00311663,1.53158,39,0,29,24,30,0,-2,0,0,1,58,3763,3828,117,143,35,614,34913,34402,108,2,65,73,440271,0,0,0,0,1,0,141,351,127,3809,0,0,0,0,0,0,0,0,300,-304,0,0,30
2477.23,0,0,0,0,99,1604,1.52712,0.00313335,1.53138,39,0,29,24,30,0,-2,0,0,1,58,3763,3828,117,143,35,614,34913,34402,108,2,65,73,440271,0,0,0,0,1,0,489,0,118,3811,0,0,0,0,0,0,0,0,300,-286,0,0,30
2477.24,0,0,0,0,99,1601,1.52699,0.00315008,1.53117,39,0,29,24,30,0,-2,0,0,1,58,3764,3828,109,143,35,614,34913,34402,108,2,65,73,410276,0,0,0,0,1,382,71,0,128,3794,0,0,0,0,0,0,0,0,300,-285,0,0,30
2477.25,0,0,0,0,99,1602,1.52686,0.0031668,1.53097,39,0,29,24,30,0,-2,0,0,1,58,3764,3828,117,143,35,614,34913,34402,108,2,65,73,440388,0,0,0,0,1,416,0,29,129,3791,0,0,0,0,0,0,0,0,300,-297,0,0,30
2477.26,0,0,0,0,99,1608,1.52674,0.00318352,1.53076,39,0,29,24,30,0,-2,0,0,1,58,3762,3828,120,143,35,614,34913,34402,108,2,65,73,451440,0,0,0,0,1,0,0,440,115,3824,0,0,0,0,0,0,0,0,300,-267,0,0,30
2477.27,0,0,0,0,99,1608,1.52661,0.00320024,1.53055,39,0,29,24,30,0,-2,0,0,1,58,3762,3828,120,143,35,614,34913,34402,108,2,65,73,451440,0,0,0,0,1,0,0,440,115,3824,0,0,0,0,0,0,0,0,300,-267,0,0,30
2477.28,0,0,0,0,99,1614,1.52648,0.00321696,1.53035,39,0,29,24,30,0,-2,0,0,1,58,3759,3828,111,143,35,614,34913,34402,108,2,65,73,417249,0,0,0,0,1,0,290,171,120,3807,0,0,0,0,0,0,0,0,300,-281,0,0,30
2477.29,0,0,0,0,99,1613,1.52635,0.00323368,1.53014,39,0,29,24,30,0,-2,0,0,1,58,3759,3828,115,143,35,614,34913,34402,108,2,65,73,432285,0,0,0,0,1,64,383,0,122,3807,0,0,0,0,0,0,0,0,300,-282,0,0,30
2477.3,0,0,0,0,99,1617,1.52622,0.0032504,1.52994,39,0,29,24,30,0,-2,0,0,1,58,3759,3828,114,143,35,614,34897,34367,108,2,87,73,428526,0,0,0,0,1,493,0,0,122,3794,0,0,0,0,0,0,0,0,300,-290,0,0,30
2477.31,0,0,0,0,99,1621,1.52654,0.00324418,1.53017,39,0,29,24,30,0,-2,0,0,1,58,3759,3828,114,143,35,614,34897,34367,108,2,87,73,428526,0,0,0,0,1,0,0,431,120,3807,0,0,0,0,0,0,0,0,300,-283,0,0,30
2477.32,0,0,0,0,100,1620,1.52686,0.00323796,1.5304,39,0,29,24,30,0,-2,0,0,1,58,3760,3829,116,143,35,614,34897,34367,108,2,87,73,436160,0,0,0,0,1,0,170,339,122,3809,0,0,0,0,0,0,0,0,300,-276,0,0,30
2477.33,0,0,0,0,99,1620,1.52718,0.00323174,1.53064,39,0,29,24,30,0,-2,0,0,1,58,3760,3829,119,143,35,614,34897,34367,108,2,87,73,447440,0,0,0,0,1,0,170,339,122,3809,0,0,0,0,0,0,0,0,300,-276,0,0,30
2477.34,0,0,0,0,100,1626,1.5275,0.00322552,1.53087,39,0,29,24,30,0,-2,0,0,1,58,3761,3829,120,143,35,614,34897,34367,108,2,87,73,451320,0,0,0,0,1,0,413,0,123,3800,0,0,0,0,0,0,0,0,300,-261,0,0,30
2477.35,0,0,0,0,99,1629,1.52782,0.0032193,1.5311,39,0,29,24,30,0,-2,0,0,1,58,3761,3829,120,143,35,614,34897,34367,108,2,87,73,451320,0,0,0,0,1,503,0,0,123,3794,0,0,0,0,0,0,0,0,300,-298,0,0,30
2477.36,0,0,0,0,100,1627,1.52814,0.00321308,1.53134,39,0,29,24,30,0,-2,0,0,1,58,3757,3829,119,143,35,614,34897,34367,108,2,87,73,447083,0,0,0,0,1,13,0,413,123,3811,0,0,0,0,0,0,0,0,300,-256,0,0,30
2477.37,0,0,0,0,99,1636,1.52846,0.00320686,1.53157,39,0,29,24,30,0,-2,0,0,1,58,3757,3829,124,143,35,614,34897,34367,108,2,87,73,465868,0,0,0,0,1,0,225,224,122,3809,0,0,0,0,0,0,0,0,300,-287,0,0,30
2477.38,0,0,0,0,99,1639,1.52878,0.00320064,1.5318,39,0,29,24,30,0,-2,0,0,1,58,3757,3829,119,143,35,614,34897,34367,108,2,87,73,447083,0,0,0,0,1,130,342,0,118,3803,0,0,0,0,0,0,0,0,300,-286,0,0,30
2477.39,0,0,0,0,99,1639,1.5291,0.00319442,1.53204,39,0,29,24,30,0,-2,0,0,1,58,3757,3829,119,143,35,614,34897,34367,108,2,87,73,447083,0,0,0,0,1,130,342,0,118,3803,0,0,0,0,0,0,0,0,300,-286,0,0,30
2477.4,0,0,0,0,99,1636,1.52942,0.0031882,1.53227,39,0,29,24,30,0,-2,0,0,1,58,3756,3829,119,143,35,614,34870,34343,108,2,65,73,446964,0,0,0,0,1,439,0,0,128,3796,0,0,0,0,0,0,0,0,300,-274,0,0,30
2477.41,0,0,0,0,100,1641,1.5293,0.00319435,1.53211,39,0,29,24,30,0,-2,0,0,0.9,58,3756,3829,127,143,35,614,34870,34343,108,2,65,73,477012,0,0,0,0,1,0,0,505,127,3796,0,0,0,0,0,0,0,0,300,-277,0,0,30
2477.42,0,0,0,0,99,1643,1.52919,0.0032005,1.53195,39,0,29,24,30,0,-2,0,0,0.8,58,3756,3829,125,143,35,614,34870,34343,108,2,65,73,469500,0,0,0,0,1,0,475,0,123,3809,0,0,0,0,0,0,0,0,300,-286,0,0,30
2477.43,0,0,0,0,100,1640,1.52907,0.00320664,1.5318,39,0,29,24,30,0,-2,0,0,0.7,58,3756,3829,125,143,35,614,34870,34343,108,2,65,73,469500,0,0,0,0,1,443,0,0,135,3790,0,0,0,0,0,0,0,0,300,-294,0,0,30
2477.44,0,0,0,0,100,1646,1.52895,0.00321279,1.53164,39,0,29,24,30,0,-2,0,0,0.6,58,3758,3829,121,143,35,614,34870,34343,108,2,65,73,454718,0,0,0,0,1,152,0,304,128,3809,0,0,0,0,0,0,0,0,300,-290,0,0,30
2477.45,0,0,0,0,99,1646,1.52884,0.00321894,1.53148,39,0,29,24,30,0,-2,0,0,0.5,58,3760,3829,126,143,35,614,34870,34343,108,2,65,73,473760,0,0,0,0,1,152,0,304,128,3809,0,0,0,0,0,0,0,0,300,-290,0,0,30
2477.46,0,0,0,0,99,1651,1.52872,0.00322509,1.53132,39,0,29,24,30,0,-2,0,0,0.4,58,3760,3829,119,143,35,614,34870,34343,108,2,65,73,447440,0,0,0,0,1,0,192,273,117,3807,0,0,0,0,0,0,0,0,300,-259,0,0,30
2477.47,0,0,0,0,99,1653,1.52861,0.00323124,1.53116,39,0,29,24,30,0,-2,0,0,0.3,58,3760,3829,119,143,35,614,34870,34343,108,2,65,73,447440,0,0,0,0,1,165,325,0,125,3803,0,0,0,0,0,0,0,0,300,-292,0,0,30
2477.48,0,0,0,0,99,1659,1.52849,0.00323739,1.531,39,0,29,24,30,0,-2,0,0,0.2,58,3757,3829,119,143,35,614,34870,34343,108,2,65,73,447083,0,0,0,0,1,333,0,117,122,3791,0,0,0,0,0,0,0,0,300,-286,0,0,30
2477.49,0,0,0,0,99,1661,1.52838,0.00324354,1.53084,39,0,29,24,30,0,-2,0,0,0.1,58,3757,3831,118,143,35,614,34870,34343,108,2,65,73,443326,0,0,0,0,1,0,93,369,120,3805,0,0,0,0,0,0,0,0,300,-283,0,0,30
2477.5,0,0,0,0,99,1658,1.52826,0.00324969,1.53068,39,0,29,24,30,0,-2,0,0,0,58,3757,3831,115,143,35,614,34875,34342,108,2,65,73,432055,0,0,0,0,1,73,403,0,136,3796,0,0,0,0,0,0,0,0,300,-300,0,0,30
2477.51,0,0,0,0,99,1658,1.52819,0.00324765,1.53043,39,0,29,24,30,0,-2,0,0,0.1,58,3757,3831,115,143,35,614,34875,34342,108,2,65,73,432055,0,0,0,0,1,73,403,0,136,3796,0,0,0,0,0,0,0,0,300,-300,0,0,30
2477.52,0,0,0,0,100,1663,1.52811,0.00324561,1.53019,39,0,29,24,30,0,-2,0,0,0.2,58,3758,3831,123,143,35,614,34875,34342,108,2,65,73,462234,0,0,0,0,1,402,0,46,128,3791,0,0,0,0,0,0,0,0,300,-290,0,0,30
2477.53,0,0,0,0,99,1666,1.52804,0.00324357,1.52994,39,0,29,24,30,0,-2,0,0,0.3,58,3760,3831,125,143,35,614,34875,34342,108,2,65,73,470000,0,0,0,0,1,0,43,416,123,3805,0,0,0,0,0,0,0,0,300,-287,0,0,30
2477.54,0,0,0,0,99,1664,1.52796,0.00324153,1.52969,39,0,29,24,30,0,-2,0,0,0.4,58,3760,3831,122,143,35,614,34875,34342,108,2,65,73,458720,0,0,0,0,1,32,409,0,135,3796,0,0,0,0,0,0,0,0,300,-298,0,0,30
2477.55,0,0,0,0,100,1669,1.52789,0.00323949,1.52944,39,0,29,24,30,0,-2,0,0,0.5,58,3760,3831,122,143,35,614,34875,34342,108,2,65,73,458720,0,0,0,0,1,396,0,30,128,3794,0,0,0,0,0,0,0,0,300,-296,0,0,30
2477.56,0,0,0,0,99,1669,1.52781,0.00323745,1.52919,39,0,29,24,30,0,-2,0,0,0.6,58,3757,3831,130,143,35,614,34875,34342,108,2,65,73,488410,0,0,0,0,1,0,161,314,120,3805,0,0,0,0,0,0,0,0,300,-272,0,0,30
2477.57,0,0,0,0,100,1674,1.52774,0.00323541,1.52895,39,0,29,24,30,0,-2,0,0,0.7,58,3757,3831,124,143,35,614,34875,34342,108,2,65,73,465868,0,0,0,0,1,0,161,314,120,3805,0,0,0,0,0,0,0,0,300,-272,0,0,30
2477.58,0,0,0,0,100,1674,1.52767,0.00323337,1.5287,39,0,29,24,30,0,-2,0,0,0.8,58,3757,3831,113,143,35,614,34875,34342,108,2,65,73,424541,0,0,0,0,1,109,358,0,130,3798,0,0,0,0,0,0,0,0,300,-292,0,0,30
2477.59,0,0,0,0,100,1680,1.52759,0.00323133,1.52845,39,0,29,24,30,0,-2,0,0,0.9,58,3757,3831,113,143,35,614,34875,34342,108,2,65,73,424541,0,0,0,0,1,253,0,206,125,3796,0,0,0,0,0,0,0,0,300,-288,0,0,30
2477.6,0,0,0,0,100,1682,1.52752,0.00322929,1.5282,39,0,29,24,30,0,-2,0,0,1,58,3754,3831,123,143,35,614,34855,34317,108,2,65,73,461742,0,0,0,0,1,0,307,171,124,3798,0,0,0,0,0,0,0,0,300,-263,0,0,30
2477.61,0,0,0,0,100,1681,1.52753,0.00323557,1.52861,39,0,29,24,30,0,-2,0,0,1,58,3759,3831,123,143,35,614,34855,34317,108,2,65,73,462357,0,0,0,0,1,394,20,0,134,3788,0,0,0,0,0,0,0,0,300,-273,0,0,30
2477.62,0,0,0,0,100,1685,1.52754,0.00324185,1.52901,39,0,29,24,30,0,-2,0,0,1,58,3759,3831,120,143,35,614,34855,34317,108,2,65,73,451080,0,0,0,0,1,0,0,458,132,3803,0,0,0,0,0,0,0,0,300,-306,0,0,30
2477.63,0,0,0,0,100,1685,1.52755,0.00324813,1.52941,39,0,29,24,30,0,-2,0,0,1,58,3759,3831,120,143,35,614,34855,34317,108,2,65,73,451080,0,0,0,0,1,0,0,458,132,3803,0,0,0,0,0,0,0,0,300,-306,0,0,30
2477.64,0,0,0,0,99,1688,1.52756,0.00325441,1.52981,39,0,29,24,30,0,-2,0,0,1,58,3757,3831,125,143,35,614,34855,34317,108,2,65,73,469625,0,0,0,0,1,0,510,0,127,3807,0,0,0,0,0,0,0,0,300,-299,0,0,30
2477.65,0,0,0,0,99,1688,1.52757,0.00326068,1.53021,39,0,29,24,30,0,-2,0,0,1,58,3757,3831,122,143,35,614,34855,34317,108,2,65,73,458354,0,0,0,0,1,478,0,0,130,3788,0,0,0,0,0,0,0,0,300,-279,0,0,30
2477.66,0,0,0,0,99,1697,1.52758,0.00326696,1.53062,39,0,29,24,30,0,-2,0,0,1,58,3757,3831,124,143,35,614,34855,34317,108,2,65,73,465868,0,0,0,0,1,0,0,380,125,3805,0,0,0,0,0,0,0,0,300,-291,0,0,30
2477.67,0,0,0,0,100,1698,1.52759,0.00327324,1.53102,39,0,29,24,30,0,-2,0,0,1,58,3757,3831,124,143,35,614,34855,34317,108,2,65,73,465868,0,0,0,0,1,175,315,0,127,3794,0,0,0,0,0,0,0,0,300,-291,0,0,30
2477.68,0,0,0,0,99,1693,1.5276,0.00327952,1.53142,39,0,29,24,30,0,-2,0,0,1,58,3755,3831,121,143,35,614,34855,34317,108,2,65,73,454355,0,0,0,0,1,185,0,310,135,3807,0,0,0,0,0,0,0,0,300,-277,0,0,30
2477.69,0,0,0,0,100,1693,1.52762,0.0032858,1.53182,39,0,29,24,30,0,-2,0,0,1,58,3757,3831,115,143,35,614,34855,34317,108,2,65,73,432055,0,0,0,0,1,185,0,310,135,3807,0,0,0,0,0,0,0,0,300,-277,0,0,30
2477.7,0,0,0,0,100,1698,1.52763,0.00329207,1.53223,39,0,29,24,30,0,-2,0,0,1,57,3757,3831,121,143,35,614,34874,34360,108,2,87,73,454597,0,0,0,0,1,0,456,0,136,3796,0,0,0,0,0,0,0,0,300,-294,0,0,30
2477.71,0,0,0,0,99,1702,1.52788,0.00328508,1.53228,39,0,29,24,30,0,-2,0,0,0.9,57,3757,3831,121,143,35,614,34874,34360,108,2,87,73,454597,0,0,0,0,1,509,0,0,132,3790,0,0,0,0,0,0,0,0,300,-298,0,0,30
2477.72,0,0,0,0,99,1699,1.52813,0.00327808,1.53234,39,0,29,24,30,0,-2,0,0,0.8,57,3758,3831,128,143,35,614,34874,34360,108,2,87,73,481024,0,0,0,0,1,0,0,451,131,3803,0,0,0,0,0,0,0,0,300,-272,0,0,30
2477.73,0,0,0,0,99,1705,1.52838,0.00327108,1.5324,39,0,29,24,30,0,-2,0,0,0.7,57,3758,3831,127,143,35,614,34874,34360,108,2,87,73,477266,0,0,0,0,1,156,334,0,131,3794,0,0,0,0,0,0,0,0,300,-293,0,0,30
2477.74,0,0,0,0,100,1710,1.52863,0.00326408,1.53246,39,0,29,24,30,0,-2,0,0,0.6,57,3758,3831,133,143,35,614,34874,34360,108,2,87,73,499814,0,0,0,0,1,17,0,369,127,3809,0,0,0,0,0,0,0,0,300,-271,0,0,30
2477.75,0,0,0,0,100,1710,1.52888,0.00325708,1.53251,39,0,29,24,30,0,-2,0,0,0.5,57,3758,3831,133,143,35,614,34874,34360,108,2,87,73,499814,0,0,0,0,1,17,0,369,127,3809,0,0,0,0,0,0,0,0,300,-271,0,0,30
2477.76,0,0,0,0,100,1712,1.52913,0.00325008,1.53257,39,0,29,24,30,0,-2,0,0,0.4,57,3755,3831,120,143,35,614,34874,34360,108,2,87,73,450600,0,0,0,0,1,0,477,0,127,3796,0,0,0,0,0,0,0,0,300,-282,0,0,30
2477.77,0,0,0,0,99,1717,1.52938,0.00324308,1.53263,39,0,29,24,30,0,-2,0,0,0.3,57,3754,3831,115,143,35,614,34874,34360,108,2,87,73,431710,0,0,0,0,1,392,0,0,126,3796,0,0,0,0,0,0,0,0,300,-264,0,0,30
2477.78,0,0,0,0,99,1721,1.52963,0.00323608,1.53269,39,0,29,24,30,0,-2,0,0,0.2,57,3754,3831,119,143,35,614,34874,34360,108,2,87,73,446726,0,0,0,0,1,0,293,188,134,3803,0,0,0,0,0,0,0,0,300,-293,0,0,30
2477.79,0,0,0,0,99,1719,1.52988,0.00322908,1.53274,39,0,29,24,30,0,-2,0,0,0.1,57,3754,3831,119,143,35,614,34874,34360,108,2,87,73,446726,0,0,0,0,1,503,0,0,136,3791,0,0,0,0,0,0,0,0,300,-302,0,0,30
2477.8,0,0,0,0,99,1720,1.53013,0.00322208,1.5328,39,0,29,24,30,0,-2,0,0,0,57,3758,3831,124,143,35,614,34884,34414,108,2,65,73,465992,0,0,0,0,1,0,0,421,131,3798,0,0,0,0,0,0,0,0,300,-260,0,0,30
2477.81,0,0,0,0,99,1720,1.52986,0.00320453,1.5329,39,0,29,24,30,0,-2,0,0,0.1,57,3758,3831,132,143,35,614,34884,34414,108,2,65,73,496056,0,0,0,0,1,0,0,421,131,3798,0,0,0,0,0,0,0,0,300,-260,0,0,30
2477.82,0,0,0,0,99,1719,1.52959,0.00318698,1.53299,39,0,29,24,30,0,-2,0,0,0.2,57,3758,3831,138,143,35,614,34884,34414,108,2,65,73,518604,0,0,0,0,1,343,134,0,140,3788,0,0,0,0,0,0,0,0,300,-288,0,0,30
2477.83,0,0,0,0,100,1720,1.52933,0.00316942,1.53309,39,0,29,24,30,0,-2,0,0,0.3,57,3758,3831,138,143,35,614,34884,34414,108,2,65,73,518604,0,0,0,0,1,0,0,499,139,3798,0,0,0,0,0,0,0,0,300,-327,0,0,30
2477.84,0,0,0,0,100,1730,1.52906,0.00315187,1.53318,39,0,29,24,30,0,-2,0,0,0.4,57,3755,3831,124,143,35,614,34884,34414,108,2,65,73,465620,0,0,0,0,1,5,407,0,124,3798,0,0,0,0,0,0,0,0,300,-276,0,0,30
2477.85,0,0,0,0,100,1731,1.52879,0.00313432,1.53328,39,0,29,24,30,0,-2,0,0,0.5,57,3756,3831,130,143,35,614,34884,34414,108,2,65,73,488280,0,0,0,0,1,126,0,310,128,3803,0,0,0,0,0,0,0,0,300,-245,0,0,30
2477.86,0,0,0,0,100,1732,1.52852,0.00311677,1.53338,39,0,29,24,30,0,-2,0,0,0.6,57,3756,3831,130,143,35,614,34884,34414,108,2,65,73,488280,0,0,0,0,1,0,503,0,139,3805,0,0,0,0,0,0,0,0,300,-294,0,0,30
2477.87,0,0,0,0,99,1732,1.52826,0.00309921,1.53347,39,0,29,24,30,0,-2,0,0,0.7,57,3756,3831,130,143,35,614,34884,34414,108,2,65,73,488280,0,0,0,0,1,0,503,0,139,3805,0,0,0,0,0,0,0,0,300,-294,0,0,30
2477.88,0,0,0,0,99,1735,1.52799,0.00308166,1.53357,39,0,29,24,30,0,-2,0,0,0.8,57,3753,3831,129,143,35,614,34884,34414,108,2,65,73,484137,0,0,0,0,1,312,0,167,134,3790,0,0,0,0,0,0,0,0,300,-308,0,0,30
2477.89,0,0,0,0,99,1738,1.52772,0.00306411,1.53367,39,0,29,24,30,0,-2,0,0,0.9,57,3753,3830,130,143,35,614,34884,34414,108,2,65,73,487890,0,0,0,0,1,0,475,0,131,3803,0,0,0,0,0,0,0,0,300,-287,0,0,30
2477.9,0,0,0,0,99,1736,1.52746,0.00304656,1.53376,39,0,29,24,30,0,-2,0,0,1,57,3753,3830,127,143,35,614,34843,34368,108,2,65,73,476631,0,0,0,0,1,407,0,41,138,3781,0,0,0,0,0,0,0,0,300,-282,0,0,30
2477.91,0,0,0,0,99,1743,1.52732,0.00305199,1.53324,39,0,29,24,30,0,-2,0,0,1,57,3753,3830,127,143,35,614,34843,34368,108,2,65,73,476631,0,0,0,0,1,0,432,0,136,3803,0,0,0,0,0,0,0,0,300,-287,0,0,30
2477.92,0,0,0,0,99,1744,1.52718,0.00305742,1.53271,39,0,29,24,30,0,-2,0,0,1,57,3754,3830,130,143,35,614,34843,34368,108,2,65,73,488020,0,0,0,0,1,440,0,0,135,3788,0,0,0,0,0,0,0,0,300,-288,0,0,30
2477.93,0,0,0,0,99,1744,1.52705,0.00306286,1.53219,39,0,29,24,30,0,-2,0,0,1,57,3756,3830,131,143,35,614,34843,34368,108,2,65,73,492036,0,0,0,0,1,440,0,0,135,3788,0,0,0,0,0,0,0,0,300,-288,0,0,30
2477.94,0,0,0,0,99,1747,1.52691,0.00306829,1.53167,39,0,29,24,30,0,-2,0,0,1,57,3756,3830,133,143,35,614,34843,34368,108,2,65,73,499548,0,0,0,0,1,0,342,71,128,3805,0,0,0,0,0,0,0,0,300,-250,0,0,30
2477.95,0,0,0,0,100,1751,1.52678,0.00307372,1.53114,39,0,29,24,30,0,-2,0,0,1,57,3756,3830,133,143,35,614,34843,34368,108,2,65,73,499548,0,0,0,0,1,429,0,0,134,3800,0,0,0,0,0,0,0,0,300,-263,0,0,30
2477.96,0,0,0,0,100,1752,1.52664,0.00307915,1.53062,39,0,29,24,30,0,-2,0,0,1,57,3752,3830,129,143,35,614,34843,34368,108,2,65,73,484008,0,0,0,0,1,0,432,7,142,3794,0,0,0,0,0,0,0,0,300,-304,0,0,30
2477.97,0,0,0,0,99,1752,1.52651,0.00308459,1.53009,39,0,29,24,30,0,-2,0,0,1,57,3752,3830,122,143,35,614,34843,34368,108,2,65,73,457744,0,0,0,0,1,433,0,0,136,3785,0,0,0,0,0,0,0,0,300,-289,0,0,30
2477.98,0,0,0,0,99,1755,1.52637,0.00309002,1.52957,39,0,29,24,30,0,-2,0,0,1,57,3752,3830,120,143,35,614,34843,34368,108,2,65,73,450240,0,0,0,0,1,0,421,0,134,3805,0,0,0,0,0,0,0,0,300,-273,0,0,30
2477.99,0,0,0,0,100,1755,1.52623,0.00309545,1.52905,39,0,29,24,30,0,-2,0,0,1,57,3752,3830,120,143,35,614,34843,34368,108,2,65,73,450240,0,0,0,0,1,0,421,0,134,3805,0,0,0,0,0,0,0,0,300,-273,0,0,30
2478,0,0,0,0,100,1751,1.5261,0.00310088,1.52852,39,0,29,24,30,0,-2,0,0,1,58,3755,3830,141,143,35,614,34866,34396,108,2,65,73,529455,0,0,0,0,1,416,0,0,142,3785,0,0,0,0,0,0,0,0,300,-286,0,0,30
2478.01,0,0,0,0,100,1758,1.52646,0.00309284,1.52922,39,0,29,24,30,0,-2,0,0,1,58,3755,3830,135,143,35,614,34866,34396,108,2,65,73,506925,0,0,0,0,1,0,469,0,139,3798,0,0,0,0,0,0,0,0,300,-296,0,0,30
2478.02,0,0,0,0,100,1766,1.52682,0.0030848,1.52992,39,0,29,24,30,0,-2,0,0,1,58,3755,3830,134,143,35,614,34866,34396,108,2,65,73,503170,0,0,0,0,1,317,0,132,130,3794,0,0,0,0,0,0,0,0,300,-281,0,0,30
2478.03,0,0,0,0,100,1767,1.52718,0.00307676,1.53063,39,0,29,24,30,0,-2,0,0,1,58,3755,3830,134,143,35,614,34866,34396,108,2,65,73,503170,0,0,0,0,1,0,473,0,131,3807,0,0,0,0,0,0,0,0,300,-277,0,0,30
2478.04,0,0,0,0,100,1768,1.52755,0.00306872,1.53133,39,0,29,24,30,0,-2,0,0,1,58,3753,3830,127,143,35,614,34866,34396,108,2,65,73,476631,0,0,0,0,1,153,0,306,138,3800,0,0,0,0,0,0,0,0,300,-256,0,0,30
2478.05,0,0,0,0,100,1768,1.52791,0.00306067,1.53203,39,0,29,24,30,0,-2,0,0,1,58,3753,3830,127,143,35,614,34866,34396,108,2,65,73,476631,0,0,0,0,1,153,0,306,138,3800,0,0,0,0,0,0,0,0,300,-256,0,0,30
2478.06,0,0,0,0,100,1770,1.52827,0.00305263,1.53273,39,0,29,24,30,0,-2,0,0,1,58,3753,3830,128,143,35,614,34866,34396,108,2,65,73,480384,0,0,0,0,1,7,424,0,145,3790,0,0,0,0,0,0,0,0,300,-300,0,0,30
2478.07,0,0,0,0,99,1770,1.52863,0.00304459,1.53343,39,0,29,24,30,0,-2,0,0,1,58,3753,3830,128,143,35,614,34866,34396,108,2,65,73,480384,0,0,0,0,1,0,0,531,144,3794,0,0,0,0,0,0,0,0,300,-337,0,0,30
2478.08,0,0,0,0,99,1773,1.52899,0.00303655,1.53413,39,0,29,24,30,0,-2,0,0,1,58,3752,3830,126,143,35,614,34866,34396,108,2,65,73,472752,0,0,0,0,1,212,274,0,136,3783,0,0,0,0,0,0,0,0,300,-285,0,0,30
2478.09,0,0,0,0,99,1772,1.52936,0.00302851,1.53484,39,0,29,24,30,0,-2,0,0,1,58,3752,3830,126,143,35,614,34866,34396,108,2,65,73,472752,0,0,0,0,1,0,0,431,137,3791,0,0,0,0,0,0,0,0,300,-272,0,0,30
2478.1,0,0,0,0,99,1773,1.52972,0.00302046,1.53554,39,0,29,24,30,0,-2,0,0,1,57,3754,3830,132,143,35,614,34854,34382,108,2,65,73,495528,0,0,0,0,1,492,0,0,142,3785,0,0,0,0,0,0,0,0,300,-300,0,0,30
2478.11,0,0,0,0,99,1773,1.52985,0.00302364,1.53547,39,0,29,24,30,0,-2,0,0,1,57,3754,3830,132,143,35,614,34854,34382,108,2,65,73,495528,0,0,0,0,1,492,0,0,142,3785,0,0,0,0,0,0,0,0,300,-300,0,0,30
2478.12,0,0,0,0,99,1782,1.52998,0.00302682,1.53541,39,0,29,24,30,0,-2,0,0,1,57,3751,3830,139,143,35,614,34854,34382,108,2,65,73,521389,0,0,0,0,1,0,246,214,135,3803,0,0,0,0,0,0,0,0,300,-291,0,0,30
2478.13,0,0,0,0,99,1785,1.53011,0.00302999,1.53534,39,0,29,24,30,0,-2,0,0,1,57,3751,3830,141,143,35,614,34854,34382,108,2,65,73,528891,0,0,0,0,1,443,0,7,134,3785,0,0,0,0,0,0,0,0,300,-280,0,0,30
2478.14,0,0,0,0,99,1788,1.53024,0.00303317,1.53528,39,0,29,24,30,0,-2,0,0,1,57,3751,3832,137,143,35,614,34854,34382,108,2,65,73,513887,0,0,0,0,1,0,477,0,134,3809,0,0,0,0,0,0,0,0,300,-280,0,0,30
2478.15,0,0,0,0,100,1789,1.53036,0.00303635,1.53521,39,0,29,24,30,0,-2,0,0,1,57,3751,3832,137,143,35,614,34854,34382,108,2,65,73,513887,0,0,0,0,1,1,0,405,136,3807,0,0,0,0,0,0,0,0,300,-263,0,0,30
2478.16,0,0,0,0,99,1789,1.53049,0.00303952,1.53515,39,0,29,24,30,0,-2,0,0,1,57,3752,3832,128,143,35,614,34854,34382,108,2,65,73,480256,0,0,0,0,1,206,317,0,147,3785,0,0,0,0,0,0,0,0,300,-308,0,0,30
2478.17,0,0,0,0,99,1789,1.53062,0.0030427,1.53508,39,0,29,24,30,0,-2,0,0,1,57,3752,3832,135,143,35,614,34854,34382,108,2,65,73,506520,0,0,0,0,1,206,317,0,147,3785,0,0,0,0,0,0,0,0,300,-308,0,0,30
2478.18,0,0,0,0,100,1790,1.53075,0.00304587,1.53502,39,0,29,24,30,0,-2,0,0,1,57,3752,3832,136,143,35,614,34854,34382,108,2,65,73,510272,0,0,0,0,1,0,0,437,144,3798,0,0,0,0,0,0,0,0,300,-303,0,0,30
2478.19,0,0,0,0,100,1794,1.53088,0.00304905,1.53495,39,0,29,24,30,0,-2,0,0,1,57,3752,3832,136,143,35,614,34854,34382,108,2,65,73,510272,0,0,0,0,1,511,0,0,139,3783,0,0,0,0,0,0,0,0,300,-302,0,0,30
2478.2,0,0,0,0,100,1798,1.53101,0.00305223,1.53489,39,0,29,24,30,0,-2,0,0,1,58,3755,3832,130,143,35,614,34858,34403,108,2,87,73,488150,0,0,0,0,1,0,415,0,134,3805,0,0,0,0,0,0,0,0,300,-267,0,0,30
2478.21,0,0,0,0,100,1801,1.53078,0.00305607,1.53485,39,0,29,24,30,0,-2,0,0,1,58,3754,3832,136,143,35,614,34858,34403,108,2,87,73,510544,0,0,0,0,1,229,0,247,137,3798,0,0,0,0,0,0,0,0,300,-276,0,0,30
2478.22,0,0,0,0,100,1803,1.53055,0.00305991,1.53482,39,0,29,24,30,0,-2,0,0,1,58,3754,3832,135,143,35,614,34858,34403,108,2,87,73,506790,0,0,0,0,1,161,360,0,145,3788,0,0,0,0,0,0,0,0,300,-313,0,0,30
2478.23,0,0,0,0,99,1803,1.53033,0.00306375,1.53478,39,0,29,24,30,0,-2,0,0,1,58,3754,3832,135,143,35,614,34858,34403,108,2,87,73,506790,0,0,0,0,1,161,360,0,145,3788,0,0,0,0,0,0,0,0,300,-313,0,0,30
2478.24,0,0,0,0,99,1800,1.5301,0.00306759,1.53474,39,0,29,24,30,0,-2,0,0,1,58,3751,3834,133,143,35,614,34858,34403,108,2,87,73,498883,0,0,0,0,1,0,0,468,149,3800,0,0,0,0,0,0,0,0,300,-311,0,0,30
2478.25,0,0,0,0,99,1804,1.52987,0.00307143,1.53471,39,0,29,24,30,0,-2,0,0,1,58,3751,3834,124,143,35,614,34858,34403,108,2,87,73,465124,0,0,0,0,1,519,0,0,142,3791,0,0,0,0,0,0,0,0,300,-303,0,0,30
2478.26,0,0,0,0,100,1806,1.52964,0.00307527,1.53467,39,0,29,24,30,0,-2,0,0,1,58,3751,3834,130,143,35,614,34858,34403,108,2,87,73,487630,0,0,0,0,1,0,451,0,145,3798,0,0,0,0,0,0,0,0,300,-288,0,0,30
2478.27,0,0,0,0,99,1808,1.52941,0.00307911,1.53463,39,0,29,24,30,0,-2,0,0,1,58,3751,3834,130,143,35,614,34858,34403,108,2,87,73,487630,0,0,0,0,1,0,0,521,142,3805,0,0,0,0,0,0,0,0,300,-321,0,0,30
2478.28,0,0,0,0,100,1814,1.52919,0.00308295,1.5346,39,0,29,24,30,0,-2,0,0,1,58,3754,3834,144,143,35,614,34858,34403,108,2,87,73,540576,0,0,0,0,1,457,0,0,136,3785,0,0,0,0,0,0,0,0,300,-290,0,0,30
2478.29,0,0,0,0,99,1819,1.52896,0.0030868,1.53456,39,0,29,24,30,0,-2,0,0,1,58,3749,3834,134,143,35,614,34858,34403,108,2,87,73,502366,0,0,0,0,1,0,391,48,135,3798,0,0,0,0,0,0,0,0,300,-283,0,0,30
2478.3,0,0,0,0,99,1819,1.52873,0.00309064,1.53453,39,0,29,24,30,0,-2,0,0,1,58,3749,3834,132,143,35,614,34851,34402,108,2,87,73,494868,0,0,0,0,1,0,391,48,135,3798,0,0,0,0,0,0,0,0,300,-283,0,0,30
2478.31,0,0,0,0,99,1819,1.52886,0.0030996,1.53435,39,0,29,24,30,0,-2,0,0,1,58,3749,3834,132,143,35,614,34851,34402,108,2,87,73,494868,0,0,0,0,1,132,0,328,139,3796,0,0,0,0,0,0,0,0,300,-256,0,0,30
2478.32,0,0,0,0,99,1823,1.529,0.00310856,1.53418,39,0,29,24,30,0,-2,0,0,1,58,3751,3834,137,143,35,614,34851,34402,108,2,87,73,513887,0,0,0,0,1,281,217,0,143,3788,0,0,0,0,0,0,0,0,300,-292,0,0,30
2478.33,0,0,0,0,100,1824,1.52913,0.00311752,1.53401,39,0,29,24,30,0,-2,0,0,1,58,3751,3834,131,143,35,614,34851,34402,108,2,87,73,491381,0,0,0,0,1,0,246,282,149,3791,0,0,0,0,0,0,0,0,300,-304,0,0,30
2478.34,0,0,0,0,100,1822,1.52927,0.00312649,1.53384,39,0,29,24,30,0,-2,0,0,1,58,3751,3834,126,143,35,614,34851,34402,108,2,87,73,472626,0,0,0,0,1,351,0,175,147,3785,0,0,0,0,0,0,0,0,300,-311,0,0,30
2478.35,0,0,0,0,99,1824,1.5294,0.00313545,1.53366,39,0,29,24,30,0,-2,0,0,1,58,3751,3834,126,143,35,614,34851,34402,108,2,87,73,472626,0,0,0,0,1,159,350,0,145,3785,0,0,0,0,0,0,0,0,300,-305,0,0,30
2478.36,0,0,0,0,99,1824,1.52953,0.00314441,1.53349,39,0,29,24,30,0,-2,0,0,1,58,3752,3834,139,143,35,614,34851,34402,108,2,87,73,521528,0,0,0,0,1,159,350,0,145,3785,0,0,0,0,0,0,0,0,300,-305,0,0,30
2478.37,0,0,0,0,99,1824,1.52967,0.00315338,1.53332,39,0,29,24,30,0,-2,0,0,1,58,3752,3834,145,143,35,614,34851,34402,108,2,87,73,544040,0,0,0,0,1,0,90,376,141,3794,0,0,0,0,0,0,0,0,300,-285,0,0,30
2478.38,0,0,0,0,99,1832,1.5298,0.00316234,1.53315,39,0,29,24,30,0,-2,0,0,1,58,3752,3834,141,143,35,614,34851,34402,108,2,87,73,529032,0,0,0,0,1,369,0,91,137,3790,0,0,0,0,0,0,0,0,300,-278,0,0,30
2478.39,0,0,0,0,100,1839,1.52994,0.0031713,1.53297,39,0,29,24,30,0,-2,0,0,1,58,3752,3834,141,143,35,614,34851,34402,108,2,87,73,529032,0,0,0,0,1,136,350,0,143,3788,0,0,0,0,0,0,0,0,300,-294,0,0,30
2478.4,0,0,0,0,100,1837,1.53007,0.00318026,1.5328,39,0,29,24,30,0,-2,0,0,1,57,3751,3834,138,143,35,614,34824,34371,108,2,65,73,517638,0,0,0,0,1,0,151,376,150,3794,0,0,0,0,0,0,0,0,300,-318,0,0,30
2478.41,0,0,0,0,99,1841,1.53002,0.0031723,1.53294,39,0,29,24,30,0,-2,0,0,0.9,57,3751,3834,146,143,35,614,34824,34371,108,2,65,73,547646,0,0,0,0,1,323,0,169,143,3788,0,0,0,0,0,0,0,0,300,-300,0,0,30
2478.42,0,0,0,0,100,1841,1.52997,0.00316433,1.53308,39,0,29,24,30,0,-2,0,0,0.8,57,3751,3834,141,143,35,614,34824,34371,108,2,65,73,528891,0,0,0,0,1,323,0,169,143,3788,0,0,0,0,0,0,0,0,300,-300,0,0,30
2478.43,0,0,0,0,99,1842,1.52992,0.00315636,1.53322,39,0,29,24,30,0,-2,0,0,0.7,57,3751,3834,141,143,35,614,34824,34371,108,2,65,73,528891,0,0,0,0,1,222,287,0,145,3791,0,0,0,0,0,0,0,0,300,-299,0,0,30
2478.44,0,0,0,0,99,1842,1.52987,0.0031484,1.53336,39,0,29,24,30,0,-2,0,0,0.6,57,3748,3834,136,143,35,614,34824,34371,108,2,65,73,509728,0,0,0,0,1,0,260,279,143,3798,0,0,0,0,0,0,0,0,300,-278,0,0,30
2478.45,0,0,0,0,100,1847,1.52982,0.00314043,1.5335,39,0,29,24,30,0,-2,0,0,0.5,57,3753,3834,138,143,35,614,34824,34371,108,2,65,73,517914,0,0,0,0,1,0,0,522,145,3794,0,0,0,0,0,0,0,0,300,-298,0,0,30
2478.46,0,0,0,0,100,1849,1.52977,0.00313246,1.53364,39,0,29,24,30,0,-2,0,0,0.4,57,3753,3834,138,143,35,614,34824,34371,108,2,65,73,517914,0,0,0,0,1,513,0,0,143,3783,0,0,0,0,0,0,0,0,300,-300,0,0,30
2478.47,0,0,0,0,100,1853,1.52972,0.0031245,1.53379,39,0,29,24,30,0,-2,0,0,0.3,57,3753,3834,138,143,35,614,34824,34371,108,2,65,73,517914,0,0,0,0,1,0,424,0,139,3796,0,0,0,0,0,0,0,0,300,-262,0,0,30
2478.48,0,0,0,0,99,1856,1.52967,0.00311653,1.53393,39,0,29,24,30,0,-2,0,0,0.2,57,3753,3834,144,143,35,614,34824,34371,108,2,65,73,540432,0,0,0,0,1,0,35,419,142,3798,0,0,0,0,0,0,0,0,300,-274,0,0,30
2478.49,0,0,0,0,100,1854,1.52962,0.00310856,1.53407,39,0,29,24,30,0,-2,0,0,0.1,57,3752,3834,144,143,35,614,34824,34371,108,2,65,73,540288,0,0,0,0,1,347,0,164,152,3779,0,0,0,0,0,0,0,0,300,-307,0,0,30
2478.5,0,0,0,0,99,1854,1.52957,0.0031006,1.53421,39,0,29,24,30,0,-2,0,0,0,57,3752,3834,144,143,35,614,34838,34384,108,2,65,73,540288,0,0,0,0,1,347,0,164,152,3779,0,0,0,0,0,0,0,0,300,-307,0,0,30
2478.51,0,0,0,0,99,1856,1.52974,0.00310241,1.53394,39,0,29,24,30,0,-2,0,0,0.1,57,3752,3834,144,143,35,614,34838,34384,108,2,65,73,540288,0,0,0,0,1,284,211,0,150,3779,0,0,0,0,0,0,0,0,300,-291,0,0,30
2478.52,0,0,0,0,100,1858,1.52991,0.00310421,1.53368,39,0,29,24,30,0,-2,0,0,0.2,57,3749,3834,137,143,35,614,34838,34384,108,2,65,73,513613,0,0,0,0,1,0,434,32,154,3791,0,0,0,0,0,0,0,0,300,-301,0,0,30
2478.53,0,0,0,0,100,1859,1.53007,0.00310602,1.53342,39,0,29,24,30,0,-2,0,0,0.3,57,3749,3834,138,143,35,614,34838,34384,108,2,65,73,517362,0,0,0,0,1,0,0,513,149,3796,0,0,0,0,0,0,0,0,300,-317,0,0,30
2478.54,0,0,0,0,100,1869,1.53024,0.00310783,1.53315,39,0,29,24,30,0,-2,0,0,0.4,57,3751,3834,146,143,35,614,34838,34384,108,2,65,73,547646,0,0,0,0,1,464,0,0,139,3785,0,0,0,0,0,0,0,0,300,-273,0,0,30
2478.55,0,0,0,0,99,1876,1.5304,0.00310963,1.53289,39,0,29,24,30,0,-2,0,0,0.5,57,3751,3834,146,143,35,614,34838,34384,108,2,65,73,547646,0,0,0,0,1,99,377,0,142,3796,0,0,0,0,0,0,0,0,300,-294,0,0,30
2478.56,0,0,0,0,99,1876,1.53057,0.00311144,1.53262,39,0,29,24,30,0,-2,0,0,0.6,57,3751,3834,142,143,35,614,34838,34384,108,2,65,73,532642,0,0,0,0,1,99,377,0,142,3796,0,0,0,0,0,0,0,0,300,-294,0,0,30
2478.57,0,0,0,0,99,1875,1.53074,0.00311325,1.53236,39,0,29,24,30,0,-2,0,0,0.7,57,3749,3834,145,143,35,614,34838,34384,108,2,65,73,543605,0,0,0,0,1,0,290,234,149,3794,0,0,0,0,0,0,0,0,300,-284,0,0,30
2478.58,0,0,0,0,99,1874,1.5309,0.00311505,1.53209,39,0,29,24,30,0,-2,0,0,0.8,57,3749,3834,143,143,35,614,34838,34384,108,2,65,73,536107,0,0,0,0,1,0,0,478,150,3796,0,0,0,0,0,0,0,0,300,-292,0,0,30
2478.59,0,0,0,0,99,1872,1.53107,0.00311686,1.53183,39,0,29,24,30,0,-2,0,0,0.9,57,3749,3834,143,143,35,614,34838,34384,108,2,65,73,536107,0,0,0,0,1,519,0,0,156,3777,0,0,0,0,0,0,0,0,300,-292,0,0,30
2478.6,0,0,0,0,100,1875,1.53124,0.00311867,1.53157,39,0,29,24,30,0,-2,0,0,1,57,3748,3834,136,143,35,614,34807,34346,108,2,68,73,509728,0,0,0,0,1,91,381,0,150,3783,0,0,0,0,0,0,0,0,300,-300,0,0,30
2478.61,0,0,0,0,100,1879,1.53117,0.00311456,1.53164,39,0,29,24,30,0,-2,0,0,0.9,57,3748,3834,142,143,35,614,34807,34346,108,2,68,73,532216,0,0,0,0,1,0,374,70,150,3794,0,0,0,0,0,0,0,0,300,-287,0,0,30
2478.62,0,0,0,0,99,1879,1.5311,0.00311046,1.53171,39,0,29,24,30,0,-2,0,0,0.8,57,3751,3834,142,143,35,614,34807,34346,108,2,68,73,532642,0,0,0,0,1,0,374,70,150,3794,0,0,0,0,0,0,0,0,300,-287,0,0,30
2478.63,0,0,0,0,99,1882,1.53104,0.00310636,1.53178,39,0,29,24,30,0,-2,0,0,0.7,57,3751,3834,142,143,35,614,34807,34346,108,2,68,73,532642,0,0,0,0,1,0,0,517,147,3796,0,0,0,0,0,0,0,0,300,-315,0,0,30
2478.64,0,0,0,0,99,1890,1.53097,0.00310226,1.53186,39,0,29,24,30,0,-2,0,0,0.6,57,3751,3833,145,143,35,614,34807,34346,108,2,68,73,543895,0,0,0,0,1,366,0,62,142,3788,0,0,0,0,0,0,0,0,300,-285,0,0,30
2478.65,0,0,0,0,99,1894,1.5309,0.00309816,1.53193,39,0,29,24,30,0,-2,0,0,0.5,57,3750,3833,146,143,35,614,34807,34346,108,2,68,73,547500,0,0,0,0,1,384,57,0,147,3781,0,0,0,0,0,0,0,0,300,-280,0,0,30
2478.66,0,0,0,0,99,1895,1.53084,0.00309405,1.532,39,0,29,24,30,0,-2,0,0,0.4,57,3750,3833,147,143,35,614,34807,34346,108,2,68,73,551250,0,0,0,0,1,0,503,0,149,3800,0,0,0,0,0,0,0,0,300,-293,0,0,30
2478.67,0,0,0,0,99,1895,1.53077,0.00308995,1.53207,39,0,29,24,30,0,-2,0,0,0.3,57,3750,3833,147,143,35,614,34807,34346,108,2,68,73,551250,0,0,0,0,1,0,153,366,150,3794,0,0,0,0,0,0,0,0,300,-308,0,0,30
2478.68,0,0,0,0,99,1895,1.5307,0.00308585,1.53215,39,0,29,24,30,0,-2,0,0,0.2,57,3747,3833,143,143,35,614,34807,34346,108,2,68,73,535821,0,0,0,0,1,0,153,366,150,3794,0,0,0,0,0,0,0,0,300,-308,0,0,30
2478.69,0,0,0,0,100,1892,1.53063,0.00308175,1.53222,39,0,29,24,30,0,-2,0,0,0.1,57,3747,3833,137,143,35,614,34807,34346,108,2,68,73,513339,0,0,0,0,1,0,0,478,154,3800,0,0,0,0,0,0,0,0,300,-293,0,0,30
2478.7,0,0,0,0,99,1895,1.53057,0.00307765,1.53229,39,0,29,24,30,0,-2,0,0,0,57,3748,3833,135,143,35,614,34805,34332,108,2,65,73,505980,0,0,0,0,1,425,0,0,149,3781,0,0,0,0,0,0,0,0,300,-282,0,0,30
2478.71,0,0,0,0,99,1904,1.53064,0.00309041,1.53236,39,0,29,24,30,0,-2,0,0,0.1,57,3748,3833,135,143,35,614,34805,34332,108,2,65,73,505980,0,0,0,0,1,300,186,0,147,3781,0,0,0,0,0,0,0,0,300,-287,0,0,30
2478.72,0,0,0,0,99,1909,1.53072,0.00310317,1.53242,39,0,29,24,30,0,-2,0,0,0.2,57,3748,3834,147,143,35,614,34805,34332,108,2,65,73,550956,0,0,0,0,1,0,487,0,150,3800,0,0,0,0,0,0,0,0,300,-284,0,0,30
2478.73,0,0,0,0,100,1912,1.5308,0.00311594,1.53248,39,0,29,24,30,0,-2,0,0,0.3,57,3748,3834,143,143,35,614,34805,34332,108,2,65,73,535964,0,0,0,0,1,0,221,281,154,3798,0,0,0,0,0,0,0,0,300,-316,0,0,30
2478.74,0,0,0,0,100,1912,1.53087,0.0031287,1.53254,39,0,29,24,30,0,-2,0,0,0.4,57,3748,3834,144,143,35,614,34805,34332,108,2,65,73,539712,0,0,0,0,1,0,221,281,154,3798,0,0,0,0,0,0,0,0,300,-316,0,0,30
2478.75,0,0,0,0,99,1909,1.53095,0.00314146,1.53261,39,0,29,24,30,0,-2,0,0,0.5,57,3748,3834,144,143,35,614,34805,34332,108,2,65,73,539712,0,0,0,0,1,0,0,546,159,3788,0,0,0,0,0,0,0,0,300,-312,0,0,30
2478.76,0,0,0,0,99,1909,1.53102,0.00315423,1.53267,39,0,29,24,30,0,-2,0,0,0.6,57,3749,3834,147,143,35,614,34805,34332,108,2,65,73,551103,0,0,0,0,1,353,0,147,153,3783,0,0,0,0,0,0,0,0,300,-310,0,0,30
2478.77,0,0,0,0,99,1913,1.5311,0.00316699,1.53273,39,0,29,24,30,0,-2,0,0,0.7,57,3749,3834,141,143,35,614,34805,34332,108,2,65,73,528609,0,0,0,0,1,513,0,0,151,3781,0,0,0,0,0,0,0,0,300,-310,0,0,30
2478.78,0,0,0,0,100,1916,1.53117,0.00317975,1.53279,39,0,29,24,30,0,-2,0,0,0.8,57,3747,3834,141,143,35,614,34805,34332,108,2,65,73,528327,0,0,0,0,1,144,356,0,148,3779,0,0,0,0,0,0,0,0,300,-301,0,0,30
2478.79,0,0,0,0,99,1923,1.53125,0.00319252,1.53286,39,0,29,24,30,0,-2,0,0,0.9,57,3747,3834,141,143,35,614,34805,34332,108,2,65,73,528327,0,0,0,0,1,0,489,0,144,3800,0,0,0,0,0,0,0,0,300,-292,0,0,30
2478.8,0,0,0,0,99,1923,1.53133,0.00320528,1.53292,39,0,29,24,30,0,-2,0,0,1,57,3747,3834,143,143,35,614,34796,34367,108,2,65,73,535821,0,0,0,0,1,0,489,0,144,3800,0,0,0,0,0,0,0,0,300,-292,0,0,30
2478.81,0,0,0,0,99,1929,1.53131,0.00320088,1.5332,39,0,29,24,30,0,-2,0,0,1,57,3748,3834,146,143,35,614,34796,34367,108,2,65,73,547208,0,0,0,0,1,0,217,306,150,3794,0,0,0,0,0,0,0,0,300,-302,0,0,30
2478.82,0,0,0,0,99,1930,1.5313,0.00319647,1.53348,39,0,29,24,30,0,-2,0,0,1,57,3748,3834,150,143,35,614,34796,34367,108,2,65,73,562200,0,0,0,0,1,0,0,503,153,3781,0,0,0,0,0,0,0,0,300,-286,0,0,30
2478.83,0,0,0,0,99,1931,1.53128,0.00319207,1.53377,39,0,29,24,30,0,-2,0,0,1,57,3748,3834,150,143,35,614,34796,34367,108,2,65,73,562200,0,0,0,0,1,56,0,386,156,3794,0,0,0,0,0,0,0,0,300,-272,0,0,30
2478.84,0,0,0,0,100,1928,1.53127,0.00318766,1.53405,39,0,29,24,30,0,-2,0,0,1,57,3747,3834,145,143,35,614,34796,34367,108,2,65,73,543315,0,0,0,0,1,457,0,15,161,3781,0,0,0,0,0,0,0,0,300,-300,0,0,30
2478.85,0,0,0,0,99,1927,1.53125,0.00318326,1.53433,39,0,29,24,30,0,-2,0,0,1,57,3747,3834,138,143,35,614,34796,34367,108,2,65,73,517086,0,0,0,0,1,476,0,0,155,3777,0,0,0,0,0,0,0,0,300,-294,0,0,30
2478.86,0,0,0,0,100,1927,1.53124,0.00317886,1.53461,39,0,29,24,30,0,-2,0,0,1,57,3747,3834,140,143,35,614,34796,34367,108,2,65,73,524580,0,0,0,0,1,476,0,0,155,3777,0,0,0,0,0,0,0,0,300,-294,0,0,30
2478.87,0,0,0,0,100,1931,1.53122,0.00317445,1.53489,39,0,29,24,30,0,-2,0,0,1,57,3747,3834,140,143,35,614,34796,34367,108,2,65,73,524580,0,0,0,0,1,177,339,0,153,3785,0,0,0,0,0,0,0,0,300,-307,0,0,30
2478.88,0,0,0,0,100,1939,1.53121,0.00317005,1.53518,39,0,29,24,30,0,-2,0,0,1,57,3747,3834,149,143,35,614,34796,34367,108,2,65,73,558303,0,0,0,0,1,0,469,0,149,3798,0,0,0,0,0,0,0,0,300,-274,0,0,30
2478.89,0,0,0,0,99,1949,1.53119,0.00316564,1.53546,39,0,29,24,30,0,-2,0,0,1,57,3749,3834,152,143,35,614,34796,34367,108,2,65,73,569848,0,0,0,0,1,0,410,0,152,3790,0,0,0,0,0,0,0,0,300,-283,0,0,30
2478.9,0,0,0,0,99,1951,1.53118,0.00316124,1.53574,39,0,29,24,30,0,-2,0,0,1,57,3749,3834,149,143,35,614,34804,34377,108,2,65,73,558601,0,0,0,0,1,0,182,339,163,3785,0,0,0,0,0,0,0,0,300,-327,0,0,30
2478.91,0,0,0,0,100,1950,1.53091,0.00316773,1.53552,39,0,29,24,30,0,-2,0,0,1,57,3749,3834,149,143,35,614,34804,34377,108,2,65,73,558601,0,0,0,0,1,0,0,492,161,3779,0,0,0,0,0,0,0,0,300,-292,0,0,30
2478.92,0,0,0,0,99,1950,1.53065,0.00317422,1.53531,39,0,29,24,30,0,-2,0,0,1,57,3746,3834,148,143,35,614,34804,34377,108,2,65,73,554408,0,0,0,0,1,0,0,492,161,3779,0,0,0,0,0,0,0,0,300,-292,0,0,30
2478.93,0,0,0,0,99,1949,1.53038,0.0031807,1.53509,39,0,29,24,30,0,-2,0,0,1,57,3746,3834,144,143,35,614,34804,34377,108,2,65,73,539424,0,0,0,0,1,0,0,517,161,3791,0,0,0,0,0,0,0,0,300,-316,0,0,30
2478.94,0,0,0,0,99,1949,1.53012,0.00318719,1.53487,39,0,29,24,30,0,-2,0,0,1,57,3746,3834,140,143,35,614,34804,34377,108,2,65,73,524440,0,0,0,0,1,253,0,246,156,3794,0,0,0,0,0,0,0,0,300,-299,0,0,30
2478.95,0,0,0,0,99,1954,1.52985,0.00319368,1.53466,39,0,29,24,30,0,-2,0,0,1,57,3746,3834,140,143,35,614,34804,34377,108,2,65,73,524440,0,0,0,0,1,369,0,99,150,3777,0,0,0,0,0,0,0,0,300,-296,0,0,30
2478.96,0,0,0,0,99,1961,1.52958,0.00320017,1.53444,39,0,29,24,30,0,-2,0,0,1,57,3746,3835,143,143,35,614,34804,34377,108,2,65,73,535678,0,0,0,0,1,515,0,0,152,3774,0,0,0,0,0,0,0,0,300,-301,0,0,30
2478.97,0,0,0,0,99,1966,1.52932,0.00320666,1.53422,39,0,29,24,30,0,-2,0,0,1,57,3747,3835,147,143,35,614,34804,34377,108,2,65,73,550809,0,0,0,0,1,484,0,0,153,3772,0,0,0,0,0,0,0,0,300,-300,0,0,30
2478.98,0,0,0,0,100,1966,1.52905,0.00321315,1.53401,39,0,29,24,30,0,-2,0,0,1,57,3747,3835,151,143,35,614,34804,34377,108,2,65,73,565797,0,0,0,0,1,484,0,0,153,3772,0,0,0,0,0,0,0,0,300,-300,0,0,30
2478.99,0,0,0,0,100,1970,1.52879,0.00321963,1.53379,39,0,29,24,30,0,-2,0,0,1,57,3747,3835,151,143,35,614,34804,34377,108,2,65,73,565797,0,0,0,0,1,382,123,0,158,3772,0,0,0,0,0,0,0,0,300,-309,0,0,30
2479,0,0,0,0,100,1967,1.52852,0.00322612,1.53358,39,0,29,24,30,0,-2,0,0,1,57,3747,3835,151,143,35,614,34789,34365,108,2,68,73,565797,0,0,0,0,1,188,350,0,161,3779,0,0,0,0,0,0,0,0,300,-320,0,0,30
2479.01,0,0,0,0,100,1966,1.52863,0.0032159,1.53329,39,0,29,24,30,0,-2,0,0,1,57,3747,3835,151,143,35,614,34789,34365,108,2,68,73,565797,0,0,0,0,1,3,444,0,157,3790,0,0,0,0,0,0,0,0,300,-300,0,0,30
2479.02,0,0,0,0,100,1966,1.52874,0.00320568,1.533,39,0,29,24,30,0,-2,0,0,1,57,3744,3835,144,143,35,614,34789,34365,108,2,68,73,539136,0,0,0,0,1,0,512,0,156,3796,0,0,0,0,0,0,0,0,300,-299,0,0,30
2479.03,0,0,0,0,99,1973,1.52885,0.00319546,1.53271,39,0,29,24,30,0,-2,0,0,1,57,3744,3835,144,143,35,614,34789,34365,108,2,68,73,539136,0,0,0,0,1,0,450,0,145,3798,0,0,0,0,0,0,0,0,300,-276,0,0,30
2479.04,0,0,0,0,99,1973,1.52896,0.00318523,1.53242,39,0,29,24,30,0,-2,0,0,1,57,3744,3836,149,143,35,614,34789,34365,108,2,68,73,557856,0,0,0,0,1,0,450,0,145,3798,0,0,0,0,0,0,0,0,300,-276,0,0,30
2479.05,0,0,0,0,99,1986,1.52907,0.00317501,1.53213,39,0,29,24,30,0,-2,0,0,1,57,3747,3836,152,144,35,614,34789,34365,108,2,68,73,569544,0,0,0,0,1,0,442,0,150,3803,0,0,0,0,0,0,0,0,300,-277,0,0,30
2479.06,0,0,0,0,99,1990,1.52918,0.00316479,1.53185,39,0,29,24,30,0,-2,0,0,1,57,3747,3836,155,144,35,614,34789,34365,108,2,68,73,580785,0,0,0,0,1,0,401,30,160,3790,0,0,0,0,0,0,0,0,300,-284,0,0,30
2479.07,0,0,0,0,99,1989,1.52929,0.00315457,1.53156,39,0,29,24,30,0,-2,0,0,1,57,3747,3836,155,144,35,614,34789,34365,108,2,68,73,580785,0,0,0,0,1,0,387,103,164,3785,0,0,0,0,0,0,0,0,300,-301,0,0,30
2479.08,0,0,0,0,100,1983,1.5294,0.00314434,1.53127,39,0,29,24,30,0,-2,0,0,1,57,3745,3836,149,144,35,614,34789,34365,108,2,68,73,558005,0,0,0,0,1,0,307,232,166,3783,0,0,0,0,0,0,0,0,300,-307,0,0,30
2479.09,0,0,0,0,99,1978,1.52951,0.00313412,1.53098,39,0,29,24,30,0,-2,0,0,1,57,3745,3836,149,144,35,614,34789,34365,108,2,68,73,558005,0,0,0,0,1,0,184,358,159,3788,0,0,0,0,0,0,0,0,300,-305,0,0,30
2479.1,0,0,0,0,99,1978,1.52961,0.0031239,1.53069,39,0,29,24,30,0,-2,0,0,1,57,3745,3836,148,144,35,614,34786,34326,108,2,65,73,554260,0,0,0,0,1,0,184,358,159,3788,0,0,0,0,0,0,0,0,300,-305,0,0,30
2479.11,0,0,0,0,99,1983,1.52975,0.00312999,1.53106,39,0,29,24,30,0,-2,0,0,1,57,3745,3836,148,144,35,614,34786,34326,108,2,65,73,554260,0,0,0,0,1,0,90,376,150,3790,0,0,0,0,0,0,0,0,300,-291,0,0,30
2479.12,0,0,0,0,99,1991,1.52988,0.00313608,1.53143,39,0,29,24,30,0,-2,0,0,1,57,3747,3837,152,144,35,614,34786,34326,108,2,65,73,569544,0,0,0,0,1,0,104,369,148,3798,0,0,0,0,0,0,0,0,300,-289,0,0,30
2479.13,0,0,0,0,99,2004,1.53001,0.00314217,1.5318,39,0,29,24,30,0,-2,0,0,1,57,3747,3837,155,144,35,614,34786,34326,108,2,65,73,580785,0,0,0,0,1,0,125,351,151,3796,0,0,0,0,0,0,0,0,300,-288,0,0,30
2479.14,0,0,0,0,99,2012,1.53014,0.00314826,1.53216,39,0,29,24,30,0,-2,0,0,1,57,3745,3837,149,144,35,614,34786,34326,108,2,65,73,558005,0,0,0,0,1,0,216,343,165,3781,0,0,0,0,0,0,0,0,300,-318,0,0,30
2479.15,0,0,0,0,99,2009,1.53027,0.00315436,1.53253,39,0,29,24,30,0,-2,0,0,1,57,3745,3837,149,144,35,614,34786,34326,108,2,65,73,558005,0,0,0,0,1,0,258,316,171,3783,0,0,0,0,0,0,0,0,300,-321,0,0,30
2479.16,0,0,0,0,100,2009,1.53041,0.00316045,1.5329,39,0,29,24,30,0,-2,0,0,1,57,3745,3837,158,144,35,614,34786,34326,108,2,65,73,591710,0,0,0,0,1,0,258,316,171,3783,0,0,0,0,0,0,0,0,300,-321,0,0,30
2479.17,0,0,0,0,99,2003,1.53054,0.00316654,1.53327,39,0,29,24,30,0,-2,0,0,1,57,3745,3837,148,144,35,614,34786,34326,108,2,65,73,554260,0,0,0,0,1,0,281,275,167,3790,0,0,0,0,0,0,0,0,300,-304,0,0,30
2479.18,0,0,0,0,99,1996,1.53067,0.00317263,1.53364,39,0,29,24,30,0,-2,0,0,1,57,3745,3837,150,144,35,614,34786,34326,108,2,65,73,561750,0,0,0,0,1,0,237,243,159,3796,0,0,0,0,0,0,0,0,300,-297,0,0,30
2479.19,0,0,0,0,99,2002,1.5308,0.00317872,1.53401,39,0,29,24,30,0,-2,0,0,1,57,3745,3837,150,144,35,614,34786,34326,108,2,65,73,561750,0,0,0,0,1,0,245,238,145,3791,0,0,0,0,0,0,0,0,300,-265,0,0,30
2479.2,0,0,0,0,99,2017,1.53093,0.00318481,1.53437,39,0,29,24,31,0,-2,0,0,1,57,3743,3837,147,144,35,614,34754,34313,108,2,87,73,550221,0,0,0,0,1,0,399,21,149,3790,0,0,0,0,0,0,0,0,300,-276,0,0,30
2479.21,0,0,0,0,100,2026,1.53124,0.00317778,1.53406,39,0,29,24,31,0,-2,0,0,1,57,3743,3837,157,144,35,614,34754,34313,108,2,87,73,587651,0,0,0,0,1,0,473,0,161,3791,0,0,0,0,0,0,0,0,300,-294,0,0,30
2479.22,0,0,0,0,100,2026,1.53154,0.00317075,1.53375,39,0,29,24,31,0,-2,0,0,1,57,3749,3837,158,144,35,614,34754,34313,108,2,87,73,592342,0,0,0,0,1,0,473,0,161,3791,0,0,0,0,0,0,0,0,300,-294,0,0,30
2479.23,0,0,0,0,99,2028,1.53184,0.00316372,1.53343,39,0,29,24,31,0,-2,0,0,1,57,3749,3837,158,144,35,614,34754,34313,108,2,87,73,592342,0,0,0,0,1,0,550,0,169,3791,0,0,0,0,0,0,0,0,300,-322,0,0,30
2479.24,0,0,0,0,100,2019,1.53215,0.00315669,1.53312,39,0,29,24,31,0,-2,0,0,1,57,3743,3837,162,144,35,614,34754,34313,108,2,87,73,606366,0,0,0,0,1,0,524,0,173,3791,0,0,0,0,0,0,0,0,300,-312,0,0,30
2479.25,0,0,0,0,99,2014,1.53245,0.00314966,1.53281,39,0,29,24,31,0,-2,0,0,1,57,3743,3837,151,144,35,614,34754,34313,108,2,87,73,565193,0,0,0,0,1,0,462,0,161,3798,0,0,0,0,0,0,0,0,300,-291,0,0,30
2479.26,0,0,0,0,99,2016,1.53276,0.00314263,1.5325,39,0,29,24,31,0,-2,0,0,1,57,3743,3837,150,144,35,614,34754,34313,108,2,87,73,561450,0,0,0,0,1,46,397,0,155,3790,0,0,0,0,0,0,0,0,300,-285,0,0,30
2479.27,0,0,0,0,99,2027,1.53306,0.0031356,1.53218,39,0,29,24,31,0,-2,0,0,1,57,3743,3837,150,144,35,614,34754,34313,108,2,87,73,561450,0,0,0,0,1,177,301,0,149,3777,0,0,0,0,0,0,0,0,300,-283,0,0,30
2479.28,0,0,0,0,100,2027,1.53336,0.00312857,1.53187,39,0,29,24,31,0,-2,0,0,1,57,3745,3837,151,144,35,614,34754,34313,108,2,87,73,565495,0,0,0,0,1,177,301,0,149,3777,0,0,0,0,0,0,0,0,300,-283,0,0,30
2479.29,0,0,0,0,100,2042,1.53367,0.00312154,1.53156,39,0,29,24,31,0,-2,0,0,1,57,3745,3837,153,144,35,614,34754,34313,108,2,87,73,572985,0,0,0,0,1,392,41,0,155,3777,0,0,0,0,0,0,0,0,300,-279,0,0,30
2479.3,0,0,0,0,99,2048,1.53397,0.0031145,1.53125,39,0,29,24,30,0,-2,0,0,1,57,3746,3837,155,144,35,614,34782,34337,108,2,87,73,580630,0,0,0,0,1,540,0,0,169,3774,0,0,0,0,0,0,0,0,300,-319,0,0,30
2479.31,0,0,0,0,99,2045,1.53386,0.00312076,1.53151,39,0,29,24,30,0,-2,0,0,0.9,57,3746,3837,155,144,35,614,34782,34337,108,2,87,73,580630,0,0,0,0,1,452,0,1,175,3770,0,0,0,0,0,0,0,0,300,-315,0,0,30
2479.32,0,0,0,0,99,2034,1.53375,0.00312701,1.53177,39,0,29,24,30,0,-2,0,0,0.8,57,3744,3837,158,144,35,614,34782,34337,108,2,87,73,591552,0,0,0,0,1,343,0,212,177,3777,0,0,0,0,0,0,0,0,300,-337,0,0,30
2479.33,0,0,0,0,99,2025,1.53364,0.00313327,1.53203,39,0,29,24,30,0,-2,0,0,0.7,57,3744,3837,154,144,35,614,34782,34337,108,2,87,73,576576,0,0,0,0,1,161,0,310,161,3791,0,0,0,0,0,0,0,0,300,-286,0,0,30
2479.34,0,0,0,0,99,2025,1.53352,0.00313952,1.5323,39,0,29,24,30,0,-2,0,0,0.6,57,3744,3837,155,144,35,614,34782,34337,108,2,87,73,580320,0,0,0,0,1,161,0,310,161,3791,0,0,0,0,0,0,0,0,300,-286,0,0,30
2479.35,0,0,0,0,99,2032,1.53341,0.00314578,1.53256,39,0,29,24,30,0,-2,0,0,0.5,57,3744,3837,155,144,35,614,34782,34337,108,2,87,73,580320,0,0,0,0,1,0,0,431,148,3798,0,0,0,0,0,0,0,0,300,-264,0,0,30
2479.36,0,0,0,0,99,2048,1.5333,0.00315203,1.53282,39,0,29,24,30,0,-2,0,0,0.4,57,3744,3839,154,144,35,614,34782,34337,108,2,87,73,576576,0,0,0,0,1,0,0,474,150,3785,0,0,0,0,0,0,0,0,300,-296,0,0,30
2479.37,0,0,0,0,99,2064,1.53319,0.00315829,1.53308,39,0,29,24,30,0,-2,0,0,0.3,57,3744,3839,163,144,35,614,34782,34337,108,2,87,73,610272,0,0,0,0,1,0,176,337,164,3790,0,0,0,0,0,0,0,0,300,-311,0,0,30
2479.38,0,0,0,0,99,2067,1.53307,0.00316454,1.53335,39,0,29,24,30,0,-2,0,0,0.2,57,3744,3839,160,144,35,614,34782,34337,108,2,87,73,599040,0,0,0,0,1,0,553,0,181,3785,0,0,0,0,0,0,0,0,300,-339,0,0,30
2479.39,0,0,0,0,99,2057,1.53296,0.0031708,1.53361,39,0,29,24,30,0,-2,0,0,0.1,57,3744,3839,160,144,35,614,34782,34337,108,2,87,73,599040,0,0,0,0,1,0,483,0,181,3783,0,0,0,0,0,0,0,0,300,-308,0,0,30
2479.4,0,0,0,0,99,2057,1.53285,0.00317705,1.53387,39,0,29,24,30,0,-2,0,0,0,57,3746,3839,159,144,35,614,34781,34352,108,2,65,73,595614,0,0,0,0,1,0,483,0,181,3783,0,0,0,0,0,0,0,0,300,-308,0,0,30
2479.41,0,0,0,0,99,2046,1.53292,0.00317497,1.53366,39,0,29,24,30,0,-2,0,0,0.1,57,3739,3839,154,144,35,614,34781,34352,108,2,65,73,575806,0,0,0,0,1,249,292,0,176,3774,0,0,0,0,0,0,0,0,300,-317,0,0,30
2479.42,0,0,0,0,99,2042,1.53299,0.00317288,1.53344,39,0,29,24,30,0,-2,0,0,0.2,57,3739,3839,154,144,35,614,34781,34352,108,2,65,73,575806,0,0,0,0,1,435,0,0,159,3779,0,0,0,0,0,0,0,0,300,-292,0,0,30
2479.43,0,0,0,0,99,2053,1.53306,0.00317079,1.53322,39,0,29,24,30,0,-2,0,0,0.3,57,3739,3839,154,144,35,614,34781,34352,108,2,65,73,575806,0,0,0,0,1,468,0,0,150,3777,0,0,0,0,0,0,0,0,300,-272,0,0,30
2479.44,0,0,0,0,100,2067,1.53313,0.0031687,1.533,39,0,29,24,30,0,-2,0,0,0.4,57,3743,3839,152,144,35,614,34781,34352,108,2,65,73,568936,0,0,0,0,1,320,0,169,157,3783,0,0,0,0,0,0,0,0,300,-290,0,0,30
2479.45,0,0,0,0,99,2067,1.5332,0.00316661,1.53279,39,0,29,24,30,0,-2,0,0,0.5,57,3743,3839,155,144,35,614,34781,34352,108,2,65,73,580165,0,0,0,0,1,0,0,531,165,3781,0,0,0,0,0,0,0,0,300,-292,0,0,30
2479.46,0,0,0,0,99,2078,1.53327,0.00316453,1.53257,39,0,29,24,30,0,-2,0,0,0.6,57,3743,3839,168,144,35,614,34781,34352,108,2,65,73,628824,0,0,0,0,1,0,0,531,165,3781,0,0,0,0,0,0,0,0,300,-292,0,0,30
2479.47,0,0,0,0,100,2077,1.53334,0.00316244,1.53235,39,0,29,24,30,0,-2,0,0,0.7,57,3743,3839,168,144,35,614,34781,34352,108,2,65,73,628824,0,0,0,0,1,0,170,386,179,3779,0,0,0,0,0,0,0,0,300,-341,0,0,30
2479.48,0,0,0,0,100,2067,1.53341,0.00316035,1.53214,39,0,29,24,30,0,-2,0,0,0.8,57,3745,3839,166,144,35,614,34781,34352,108,2,65,73,621670,0,0,0,0,1,0,504,0,177,3785,0,0,0,0,0,0,0,0,300,-312,0,0,30
2479.49,0,0,0,0,99,2060,1.53347,0.00315826,1.53192,39,0,29,24,30,0,-2,0,0,0.9,57,3739,3839,163,144,35,614,34781,34352,108,2,65,73,609457,0,0,0,0,1,0,463,0,164,3790,0,0,0,0,0,0,0,0,300,-291,0,0,30
2479.5,0,0,0,0,99,2062,1.53354,0.00315617,1.5317,39,0,29,24,30,0,-2,0,0,1,57,3739,3839,150,144,35,614,34728,34250,108,2,87,73,560850,0,0,0,0,1,235,243,0,153,3783,0,0,0,0,0,0,0,0,300,-280,0,0,30
2479.51,0,0,0,0,99,2078,1.53342,0.00315382,1.53187,39,0,29,24,30,0,-2,0,0,0.9,57,3739,3839,150,144,35,614,34728,34250,108,2,87,73,560850,0,0,0,0,1,476,0,0,147,3777,0,0,0,0,0,0,0,0,300,-279,0,0,30
2479.52,0,0,0,0,99,2078,1.5333,0.00315146,1.53204,39,0,29,24,30,0,-2,0,0,0.8,57,3743,3839,152,144,35,614,34728,34250,108,2,87,73,568936,0,0,0,0,1,476,0,0,147,3777,0,0,0,0,0,0,0,0,300,-279,0,0,30
2479.53,0,0,0,0,99,2092,1.53317,0.00314911,1.5322,39,0,29,24,30,0,-2,0,0,0.7,57,3743,3841,162,144,35,614,34728,34250,108,2,87,73,606366,0,0,0,0,1,267,0,251,164,3785,0,0,0,0,0,0,0,0,300,-302,0,0,30
2479.54,0,0,0,0,99,2095,1.53305,0.00314675,1.53237,39,0,29,24,30,0,-2,0,0,0.6,57,3743,3841,169,144,35,614,34728,34250,108,2,87,73,632567,0,0,0,0,1,0,0,522,179,3777,0,0,0,0,0,0,0,0,300,-320,0,0,30
2479.55,0,0,0,0,99,2087,1.53292,0.00314439,1.53254,39,0,29,24,30,0,-2,0,0,0.5,57,3743,3841,169,144,35,614,34728,34250,108,2,87,73,632567,0,0,0,0,1,0,399,117,191,3770,0,0,0,0,0,0,0,0,300,-343,0,0,30
2479.56,0,0,0,0,99,2073,1.5328,0.00314204,1.5327,39,0,29,24,30,0,-2,0,0,0.4,57,3742,3841,163,144,35,614,34728,34250,108,2,87,73,609946,0,0,0,0,1,0,514,0,177,3791,0,0,0,0,0,0,0,0,300,-305,0,0,30
2479.57,0,0,0,0,99,2070,1.53268,0.00313968,1.53287,39,0,29,24,30,0,-2,0,0,0.3,57,3736,3841,153,144,35,614,34728,34250,108,2,87,73,571608,0,0,0,0,1,240,278,0,161,3772,0,0,0,0,0,0,0,0,300,-303,0,0,30
2479.58,0,0,0,0,99,2070,1.53255,0.00313733,1.53304,39,0,29,24,30,0,-2,0,0,0.2,57,3736,3841,152,144,35,614,34728,34250,108,2,87,73,567872,0,0,0,0,1,240,278,0,161,3772,0,0,0,0,0,0,0,0,300,-303,0,0,30
2479.59,0,0,0,0,99,2079,1.53243,0.00313497,1.53321,39,0,29,24,30,0,-2,0,0,0.1,57,3736,3841,152,144,35,614,34728,34250,108,2,87,73,567872,0,0,0,0,1,478,0,0,154,3781,0,0,0,0,0,0,0,0,300,-270,0,0,30
2479.6,0,0,0,0,99,2097,1.5323,0.00313262,1.53337,39,0,29,24,30,0,-2,0,0,0,57,3743,3841,160,144,35,614,34762,34290,108,2,65,73,598880,0,0,0,0,1,240,0,226,153,3791,0,0,0,0,0,0,0,0,300,-246,0,0,30
2479.61,0,0,0,0,99,2112,1.53228,0.00313237,1.53295,39,0,29,24,30,0,-2,0,0,0.1,57,3743,3841,165,144,35,614,34762,34290,108,2,65,73,617595,0,0,0,0,1,0,0,460,169,3783,0,0,0,0,0,0,0,0,300,-307,0,0,30
2479.62,0,0,0,0,99,2109,1.53226,0.00313212,1.53252,39,0,29,24,30,0,-2,0,0,0.2,57,3743,3841,172,144,35,614,34762,34290,108,2,65,73,643796,0,0,0,0,1,0,536,0,180,3783,0,0,0,0,0,0,0,0,300,-317,0,0,30
2479.63,0,0,0,0,100,2097,1.53224,0.00313187,1.5321,39,0,29,24,30,0,-2,0,0,0.3,57,3743,3841,172,144,35,614,34762,34290,108,2,65,73,643796,0,0,0,0,1,279,208,0,184,3766,0,0,0,0,0,0,0,0,300,-342,0,0,30
2479.64,0,0,0,0,100,2097,1.53221,0.00313163,1.53168,39,0,29,24,30,0,-2,0,0,0.4,57,3740,3841,166,144,35,614,34762,34290,108,2,65,73,620840,0,0,0,0,1,279,208,0,184,3766,0,0,0,0,0,0,0,0,300,-342,0,0,30
2479.65,0,0,0,0,100,2085,1.53219,0.00313138,1.53125,39,0,29,24,30,0,-2,0,0,0.5,57,3738,3841,158,144,35,614,34762,34290,108,2,65,73,590604,0,0,0,0,1,505,0,0,173,3770,0,0,0,0,0,0,0,0,300,-297,0,0,30
2479.66,0,0,0,0,100,2090,1.53217,0.00313113,1.53083,39,0,29,24,30,0,-2,0,0,0.6,57,3738,3841,144,144,35,614,34762,34290,108,2,65,73,538272,0,0,0,0,1,123,0,308,154,3798,0,0,0,0,0,0,0,0,300,-271,0,0,30
2479.67,0,0,0,0,100,2102,1.53215,0.00313088,1.53041,39,0,29,24,30,0,-2,0,0,0.7,57,3738,3841,144,143,35,614,34762,34290,108,2,65,73,538272,0,0,0,0,1,0,0,410,157,3785,0,0,0,0,0,0,0,0,300,-290,0,0,30
2479.68,0,0,0,0,100,2115,1.53212,0.00313064,1.52998,39,0,29,24,30,0,-2,0,0,0.8,57,3744,3841,155,143,35,614,34762,34290,108,2,65,73,580320,0,0,0,0,1,0,498,0,164,3788,0,0,0,0,0,0,0,0,300,-299,0,0,30
2479.69,0,0,0,0,100,2120,1.5321,0.00313039,1.52956,39,0,29,24,30,0,-2,0,0,0.9,57,3744,3841,172,143,35,614,34762,34290,108,2,65,73,643968,0,0,0,0,1,370,129,0,177,3768,0,0,0,0,0,0,0,0,300,-304,0,0,30
2479.7,0,0,0,0,100,2120,1.53208,0.00313014,1.52913,39,0,29,24,30,0,-2,0,0,1,57,3744,3841,174,143,35,614,34767,34318,108,2,87,73,651456,0,0,0,0,1,370,129,0,177,3768,0,0,0,0,0,0,0,0,300,-304,0,0,30
2479.71,0,0,0,0,99,2113,1.53183,0.003139,1.52991,39,0,29,24,30,0,-2,0,0,1,57,3744,3841,174,143,35,614,34767,34318,108,2,87,73,651456,0,0,0,0,1,376,0,171,183,3766,0,0,0,0,0,0,0,0,300,-322,0,0,30
2479.72,0,0,0,0,100,2106,1.53158,0.00314786,1.53068,39,0,29,24,30,0,-2,0,0,1,57,3740,3841,164,143,35,614,34767,34318,108,2,87,73,613360,0,0,0,0,1,0,0,546,177,3774,0,0,0,0,0,0,0,0,300,-314,0,0,30
2479.73,0,0,0,0,99,2103,1.53133,0.00315672,1.53145,39,0,29,24,30,0,-2,0,0,1,57,3735,3841,158,143,35,614,34767,34318,108,2,87,73,590130,0,0,0,0,1,0,303,193,164,3779,0,0,0,0,0,0,0,0,300,-285,0,0,30
2479.74,0,0,0,0,100,2113,1.53108,0.00316558,1.53223,39,0,29,24,30,0,-2,0,0,1,57,3735,3841,148,143,35,614,34767,34318,108,2,87,73,552780,0,0,0,0,1,1,397,0,154,3785,0,0,0,0,0,0,0,0,300,-269,0,0,30
2479.75,0,0,0,0,100,2125,1.53083,0.00317443,1.533,39,0,29,24,30,0,-2,0,0,1,57,3735,3841,148,143,35,614,34767,34318,108,2,87,73,552780,0,0,0,0,1,501,0,0,162,3770,0,0,0,0,0,0,0,0,300,-293,0,0,30
2479.76,0,0,0,0,100,2125,1.53058,0.00318329,1.53377,39,0,29,24,30,0,-2,0,0,1,57,3743,3841,158,143,35,614,34767,34318,108,2,87,73,591394,0,0,0,0,1,501,0,0,162,3770,0,0,0,0,0,0,0,0,300,-293,0,0,30
2479.77,0,0,0,0,100,2132,1.53034,0.00319215,1.53455,39,0,29,24,30,0,-2,0,0,1,57,3743,3841,166,143,35,614,34767,34318,108,2,87,73,621338,0,0,0,0,1,0,0,474,172,3788,0,0,0,0,0,0,0,0,300,-307,0,0,30
2479.78,0,0,0,0,100,2129,1.53009,0.00320101,1.53532,39,0,29,24,30,0,-2,0,0,1,57,3743,3840,180,143,35,614,34767,34318,108,2,87,73,673740,0,0,0,0,1,0,313,241,189,3770,0,0,0,0,0,0,0,0,300,-345,0,0,30
2479.79,0,0,0,0,100,2118,1.52984,0.00320987,1.53609,39,0,29,24,30,0,-2,0,0,1,57,3743,3840,180,143,35,614,34767,34318,108,2,87,73,673740,0,0,0,0,1,76,421,0,181,3783,0,0,0,0,0,0,0,0,300,-312,0,0,30
2479.8,0,0,0,0,100,2115,1.52959,0.00321873,1.53687,39,0,29,24,30,0,-2,0,0,1,57,3733,3840,165,143,35,614,34763,34308,108,2,65,73,615945,0,0,0,0,1,503,0,0,165,3764,0,0,0,0,0,0,0,0,300,-296,0,0,30
2479.81,0,0,0,0,99,2122,1.52987,0.00321139,1.53656,39,0,29,24,30,0,-2,0,0,1,57,3733,3840,156,143,35,614,34763,34308,108,2,65,73,582348,0,0,0,0,1,36,0,378,158,3794,0,0,0,0,0,0,0,0,300,-264,0,0,30
2479.82,0,0,0,0,99,2122,1.53014,0.00320405,1.53626,39,0,29,24,30,0,-2,0,0,1,57,3733,3840,149,143,35,614,34763,34308,108,2,65,73,556217,0,0,0,0,1,36,0,378,158,3794,0,0,0,0,0,0,0,0,300,-264,0,0,30
2479.83,0,0,0,0,99,2135,1.53042,0.00319671,1.53595,39,0,29,24,30,0,-2,0,0,1,57,3733,3840,149,143,35,614,34763,34308,108,2,65,73,556217,0,0,0,0,1,0,237,281,158,3785,0,0,0,0,0,0,0,0,300,-277,0,0,30
2479.84,0,0,0,0,99,2144,1.5307,0.00318937,1.53564,39,0,29,24,30,0,-2,0,0,1,57,3742,3840,166,143,35,614,34763,34308,108,2,65,73,621172,0,0,0,0,1,130,372,0,172,3777,0,0,0,0,0,0,0,0,300,-305,0,0,30
2479.85,0,0,0,0,100,2144,1.53098,0.00318204,1.53534,39,0,29,24,30,0,-2,0,0,1,57,3742,3841,170,143,35,614,34763,34308,108,2,65,73,636140,0,0,0,0,1,462,0,0,179,3770,0,0,0,0,0,0,0,0,300,-312,0,0,30
2479.86,0,0,0,0,100,2138,1.53126,0.0031747,1.53503,39,0,29,24,30,0,-2,0,0,1,57,3742,3841,178,143,35,614,34763,34308,108,2,65,73,666076,0,0,0,0,1,0,0,525,183,3772,0,0,0,0,0,0,0,0,300,-341,0,0,30
2479.87,0,0,0,0,100,2130,1.53154,0.00316736,1.53472,39,0,29,24,30,0,-2,0,0,1,57,3742,3841,178,143,35,614,34763,34308,108,2,65,73,666076,0,0,0,0,1,0,498,0,178,3779,0,0,0,0,0,0,0,0,300,-309,0,0,30
2479.88,0,0,0,0,99,2130,1.53182,0.00316002,1.53442,39,0,29,24,30,0,-2,0,0,1,57,3739,3841,162,143,35,614,34763,34308,108,2,65,73,605718,0,0,0,0,1,0,498,0,178,3779,0,0,0,0,0,0,0,0,300,-309,0,0,30
2479.89,0,0,0,0,99,2132,1.53209,0.00315268,1.53411,39,0,29,24,30,0,-2,0,0,1,57,3734,3841,151,143,35,614,34763,34308,108,2,65,73,563834,0,0,0,0,1,357,106,0,165,3766,0,0,0,0,0,0,0,0,300,-284,0,0,30
2479.9,0,0,0,0,99,2140,1.53237,0.00314534,1.5338,39,0,29,24,30,0,-2,0,0,1,57,3734,3841,151,143,35,614,34691,34185,108,2,65,73,563834,0,0,0,0,1,298,0,206,164,3777,0,0,0,0,0,0,0,0,300,-288,0,0,30
2479.91,0,0,0,0,99,2151,1.5323,0.00314689,1.53389,39,0,29,24,30,0,-2,0,0,1,57,3734,3841,151,143,35,614,34691,34185,108,2,65,73,563834,0,0,0,0,1,0,158,314,165,3790,0,0,0,0,0,0,0,0,300,-289,0,0,30
2479.92,0,0,0,0,100,2156,1.53222,0.00314844,1.53399,39,0,29,24,30,0,-2,0,0,1,57,3743,3841,167,143,35,614,34691,34185,108,2,65,73,625081,0,0,0,0,1,124,393,0,177,3777,0,0,0,0,0,0,0,0,300,-316,0,0,30
2479.93,0,0,0,0,100,2153,1.53215,0.00314999,1.53408,39,0,29,24,30,0,-2,0,0,1,57,3743,3838,175,143,35,614,34691,34185,108,2,65,73,655025,0,0,0,0,1,446,0,7,179,3768,0,0,0,0,0,0,0,0,300,-307,0,0,30
2479.94,0,0,0,0,99,2153,1.53208,0.00315154,1.53417,39,0,29,24,30,0,-2,0,0,1,57,3743,3838,181,143,35,614,34691,34185,108,2,65,73,677483,0,0,0,0,1,446,0,7,179,3768,0,0,0,0,0,0,0,0,300,-307,0,0,30
2479.95,0,0,0,0,99,2149,1.532,0.00315309,1.53426,39,0,29,24,30,0,-2,0,0,1,57,3743,3838,181,143,35,614,34691,34185,108,2,65,73,677483,0,0,0,0,1,0,0,501,178,3770,0,0,0,0,0,0,0,0,300,-315,0,0,30
2479.96,0,0,0,0,99,2149,1.53193,0.00315463,1.53435,39,0,29,24,30,0,-2,0,0,1,57,3738,3838,163,143,35,614,34691,34185,108,2,65,73,609294,0,0,0,0,1,0,451,0,170,3788,0,0,0,0,0,0,0,0,300,-275,0,0,30
2479.97,0,0,0,0,100,2156,1.53185,0.00315618,1.53444,39,0,29,24,30,0,-2,0,0,1,57,3735,3838,148,143,35,614,34691,34185,108,2,65,73,552780,0,0,0,0,1,517,0,0,169,3768,0,0,0,0,0,0,0,0,300,-304,0,0,30
2479.98,0,0,0,0,100,2161,1.53178,0.00315773,1.53453,39,0,29,24,30,0,-2,0,0,1,57,3735,3838,149,143,35,614,34691,34185,108,2,65,73,556515,0,0,0,0,1,0,0,544,174,3779,0,0,0,0,0,0,0,0,300,-297,0,0,30
2479.99,0,0,0,0,100,2164,1.53171,0.00315928,1.53463,39,0,29,24,30,0,-2,0,0,1,57,3735,3838,149,143,35,614,34691,34185,108,2,65,73,556515,0,0,0,0,1,0,522,0,173,3794,0,0,0,0,0,0,0,0,300,-308,0,0,30
2480,0,0,0,0,100,2164,1.53163,0.00316083,1.53472,39,0,29,24,30,0,-2,0,0,1,57,3744,3838,168,143,35,614,34689,34187,108,2,87,73,628992,0,0,0,0,1,0,522,0,173,3794,0,0,0,0,0,0,0,0,300,-308,0,0,30
2480.01,0,0,0,0,100,2161,1.53159,0.00316212,1.5345,39,0,29,24,30,0,-2,0,0,1,57,3744,3838,177,143,35,614,34689,34187,108,2,87,73,662688,0,0,0,0,1,527,0,0,177,3770,0,0,0,0,0,0,0,0,300,-312,0,0,30
2480.02,0,0,0,0,100,2159,1.53156,0.00316341,1.53428,39,0,29,24,30,0,-2,0,0,1,57,3738,3838,184,143,35,614,34689,34187,108,2,87,73,687792,0,0,0,0,1,0,0,509,174,3785,0,0,0,0,0,0,0,0,300,-307,0,0,30
2480.03,0,0,0,0,100,2163,1.53152,0.0031647,1.53405,39,0,29,24,30,0,-2,0,0,1,57,3738,3838,184,143,35,614,34689,34187,108,2,87,73,687792,0,0,0,0,1,0,489,0,172,3781,0,0,0,0,0,0,0,0,300,-302,0,0,30
2480.04,0,0,0,0,99,2169,1.53148,0.00316599,1.53383,39,0,29,24,30,0,-2,0,0,1,57,3738,3838,166,143,35,614,34689,34187,108,2,87,73,620508,0,0,0,0,1,493,0,0,170,3766,0,0,0,0,0,0,0,0,300,-302,0,0,30
2480.05,0,0,0,0,100,2178,1.53144,0.00316729,1.53361,39,0,29,24,30,0,-2,0,0,1,57,3736,3838,151,143,35,614,34689,34187,108,2,87,73,564136,0,0,0,0,1,0,0,509,170,3783,0,0,0,0,0,0,0,0,300,-290,0,0,30
2480.06,0,0,0,0,99,2178,1.5314,0.00316858,1.53339,39,0,29,24,30,0,-2,0,0,1,57,3736,3838,154,143,35,614,34689,34187,108,2,87,73,575344,0,0,0,0,1,0,0,509,170,3783,0,0,0,0,0,0,0,0,300,-290,0,0,30
2480.07,0,0,0,0,99,2182,1.53136,0.00316987,1.53317,39,0,29,24,30,0,-2,0,0,1,57,3736,3838,154,143,35,614,34689,34187,108,2,87,73,575344,0,0,0,0,1,0,533,0,176,3794,0,0,0,0,0,0,0,0,300,-313,0,0,30
2480.08,0,0,0,0,99,2178,1.53133,0.00317116,1.53295,39,0,29,24,30,0,-2,0,0,1,57,3741,3838,172,143,35,614,34689,34187,108,2,87,73,643452,0,0,0,0,1,498,0,0,179,3762,0,0,0,0,0,0,0,0,300,-296,0,0,30
2480.09,0,0,0,0,99,2173,1.53129,0.00317245,1.53273,39,0,29,24,30,0,-2,0,0,1,57,3741,3838,177,143,35,614,34689,34187,108,2,87,73,662157,0,0,0,0,1,0,0,480,183,3774,0,0,0,0,0,0,0,0,300,-317,0,0,30
2480.1,0,0,0,0,99,2176,1.53125,0.00317374,1.5325,39,0,29,24,30,0,-2,0,0,1,57,3741,3838,185,143,35,614,34702,34227,108,2,68,73,692085,0,0,0,0,1,0,421,0,169,3783,0,0,0,0,0,0,0,0,300,-292,0,0,30
2480.11,0,0,0,0,100,2181,1.53121,0.00317721,1.53263,39,0,29,24,30,0,-2,0,0,0.9,57,3741,3838,185,143,35,614,34702,34227,108,2,68,73,692085,0,0,0,0,1,421,0,9,170,3770,0,0,0,0,0,0,0,0,300,-290,0,0,30
2480.12,0,0,0,0,100,2181,1.53118,0.00318067,1.53275,39,0,29,24,30,0,-2,0,0,0.8,57,3741,3838,159,143,35,614,34702,34227,108,2,68,73,594819,0,0,0,0,1,421,0,9,170,3770,0,0,0,0,0,0,0,0,300,-290,0,0,30
2480.13,0,0,0,0,100,2186,1.53114,0.00318413,1.53287,39,0,29,24,30,0,-2,0,0,0.7,57,3741,3838,155,143,35,614,34702,34227,108,2,68,73,579855,0,0,0,0,1,0,155,361,171,3781,0,0,0,0,0,0,0,0,300,-304,0,0,30
2480.14,0,0,0,0,100,2193,1.53111,0.00318759,1.53299,39,0,29,24,30,0,-2,0,0,0.6,57,3741,3838,158,143,35,614,34702,34227,108,2,68,73,591078,0,0,0,0,1,304,227,0,175,3762,0,0,0,0,0,0,0,0,300,-300,0,0,30
2480.15,0,0,0,0,100,2192,1.53107,0.00319105,1.53311,39,0,29,24,30,0,-2,0,0,0.5,57,3741,3838,158,143,35,614,34702,34227,108,2,68,73,591078,0,0,0,0,1,0,0,503,181,3781,0,0,0,0,0,0,0,0,300,-310,0,0,30
2480.16,0,0,0,0,100,2193,1.53104,0.00319452,1.53323,39,0,29,24,30,0,-2,0,0,0.4,57,3741,3838,173,143,35,614,34702,34227,108,2,68,73,647193,0,0,0,0,1,0,532,0,181,3785,0,0,0,0,0,0,0,0,300,-313,0,0,30
2480.17,0,0,0,0,100,2192,1.531,0.00319798,1.53335,39,0,29,24,30,0,-2,0,0,0.3,57,3741,3838,180,143,35,614,34702,34227,108,2,68,73,673380,0,0,0,0,1,480,0,0,175,3766,0,0,0,0,0,0,0,0,300,-286,0,0,30
2480.18,0,0,0,0,100,2192,1.53097,0.00320144,1.53347,39,0,29,24,30,0,-2,0,0,0.2,57,3741,3838,182,143,35,614,34702,34227,108,2,68,73,680862,0,0,0,0,1,480,0,0,175,3766,0,0,0,0,0,0,0,0,300,-286,0,0,30
2480.19,0,0,0,0,100,2198,1.53093,0.0032049,1.53359,39,0,29,24,30,0,-2,0,0,0.1,57,3741,3838,182,143,35,614,34702,34227,108,2,68,73,680862,0,0,0,0,1,0,82,392,166,3779,0,0,0,0,0,0,0,0,300,-270,0,0,30
2480.2,0,0,0,0,99,2204,1.5309,0.00320836,1.53371,39,0,29,24,30,0,-2,0,0,0,57,3741,3838,155,143,35,614,34740,34303,108,2,65,73,579855,0,0,0,0,1,261,239,0,175,3770,0,0,0,0,0,0,0,0,300,-293,0,0,30
2480.21,0,0,0,0,100,2206,1.53076,0.00320021,1.53377,39,0,29,24,30,0,-2,0,0,0.1,57,3741,3838,162,143,35,614,34740,34303,108,2,65,73,606042,0,0,0,0,1,0,0,489,180,3779,0,0,0,0,0,0,0,0,300,-327,0,0,30
2480.22,0,0,0,0,100,2204,1.53062,0.00319206,1.53383,39,0,29,24,30,0,-2,0,0,0.2,57,3740,3838,157,143,35,614,34740,34303,108,2,65,73,587180,0,0,0,0,1,0,538,0,186,3791,0,0,0,0,0,0,0,0,300,-315,0,0,30
2480.23,0,0,0,0,100,2199,1.53048,0.00318391,1.53389,39,0,29,24,30,0,-2,0,0,0.3,57,3740,3838,157,143,35,614,34740,34303,108,2,65,73,587180,0,0,0,0,1,468,0,0,178,3766,0,0,0,0,0,0,0,0,300,-285,0,0,30
2480.24,0,0,0,0,100,2199,1.53034,0.00317576,1.53395,39,0,29,24,30,0,-2,0,0,0.4,57,3740,3838,175,143,35,614,34740,34303,108,2,65,73,654500,0,0,0,0,1,468,0,0,178,3766,0,0,0,0,0,0,0,0,300,-285,0,0,30
2480.25,0,0,0,0,100,2207,1.5302,0.00316761,1.53401,39,0,29,24,30,0,-2,0,0,0.5,57,3740,3838,181,143,35,614,34740,34303,108,2,65,73,676940,0,0,0,0,1,0,170,337,169,3788,0,0,0,0,0,0,0,0,300,-294,0,0,30
2480.26,0,0,0,0,100,2216,1.53006,0.00315946,1.53407,39,0,29,24,30,0,-2,0,0,0.6,57,3740,3838,168,143,35,614,34740,34303,108,2,65,73,628320,0,0,0,0,1,429,12,0,172,3768,0,0,0,0,0,0,0,0,300,-294,0,0,30
2480.27,0,0,0,0,100,2224,1.52992,0.00315131,1.53413,39,0,29,24,30,0,-2,0,0,0.7,57,3740,3838,168,143,35,614,34740,34303,108,2,65,73,628320,0,0,0,0,1,0,0,499,180,3774,0,0,0,0,0,0,0,0,300,-327,0,0,30
2480.28,0,0,0,0,99,2223,1.52978,0.00314315,1.53419,39,0,29,24,30,0,-2,0,0,0.8,57,3735,3838,162,143,35,614,34740,34303,108,2,65,73,605070,0,0,0,0,1,197,369,0,188,3764,0,0,0,0,0,0,0,0,300,-337,0,0,30
2480.29,0,0,0,0,99,2219,1.52964,0.003135,1.53424,39,0,29,24,30,0,-2,0,0,0.9,57,3737,3838,163,143,35,614,34740,34303,108,2,65,73,609131,0,0,0,0,1,3,0,443,182,3788,0,0,0,0,0,0,0,0,300,-286,0,0,30
2480.3,0,0,0,0,100,2219,1.52949,0.00312685,1.5343,39,0,29,24,30,0,-2,0,0,1,57,3737,3838,169,143,35,614,34707,34204,108,2,65,73,631553,0,0,0,0,1,3,0,443,182,3788,0,0,0,0,0,0,0,0,300,-286,0,0,30
2480.31,0,0,0,0,100,2217,1.52978,0.00313068,1.53416,39,0,29,24,30,0,-2,0,0,1,57,3737,3838,169,143,35,614,34707,34204,108,2,65,73,631553,0,0,0,0,1,0,541,0,178,3783,0,0,0,0,0,0,0,0,300,-319,0,0,30
2480.32,0,0,0,0,100,2218,1.53007,0.00313451,1.53401,39,0,29,24,30,0,-2,0,0,1,57,3738,3838,179,143,35,614,34707,34204,108,2,65,73,669102,0,0,0,0,1,375,0,120,173,3772,0,0,0,0,0,0,0,0,300,-300,0,0,30
2480.33,0,0,0,0,100,2228,1.53036,0.00313834,1.53386,39,0,29,24,30,0,-2,0,0,1,57,3738,3838,165,143,35,614,34707,34204,108,2,65,73,616770,0,0,0,0,1,0,395,44,174,3772,0,0,0,0,0,0,0,0,300,-285,0,0,30
2480.34,0,0,0,0,100,2235,1.53065,0.00314216,1.53371,39,0,29,24,30,0,-2,0,0,1,57,3738,3838,167,143,35,614,34707,34204,108,2,65,73,624246,0,0,0,0,1,487,0,0,176,3762,0,0,0,0,0,0,0,0,300,-286,0,0,30
2480.35,0,0,0,0,99,2240,1.53093,0.00314599,1.53357,39,0,29,24,30,0,-2,0,0,1,57,3738,3838,167,143,35,614,34707,34204,108,2,65,73,624246,0,0,0,0,1,0,278,240,182,3766,0,0,0,0,0,0,0,0,300,-300,0,0,30
2480.36,0,0,0,0,99,2240,1.53122,0.00314982,1.53342,39,0,29,24,30,0,-2,0,0,1,57,3734,3838,161,143,35,614,34707,34204,108,2,65,73,601174,0,0,0,0,1,0,278,240,182,3766,0,0,0,0,0,0,0,0,300,-300,0,0,30
2480.37,0,0,0,0,99,2237,1.53151,0.00315365,1.53327,39,0,29,24,30,0,-2,0,0,1,57,3739,3838,172,143,35,614,34707,34204,108,2,65,73,643108,0,0,0,0,1,539,0,0,188,3766,0,0,0,0,0,0,0,0,300,-315,0,0,30
2480.38,0,0,0,0,99,2236,1.5318,0.00315747,1.53312,39,0,29,24,30,0,-2,0,0,1,57,3739,3838,177,143,35,614,34707,34204,108,2,65,73,661803,0,0,0,0,1,0,163,339,181,3783,0,0,0,0,0,0,0,0,300,-318,0,0,30
2480.39,0,0,0,0,99,2238,1.53209,0.0031613,1.53298,39,0,29,24,30,0,-2,0,0,1,57,3739,3838,177,143,35,614,34707,34204,108,2,65,73,661803,0,0,0,0,1,487,0,0,178,3768,0,0,0,0,0,0,0,0,300,-302,0,0,30
2480.4,0,0,0,0,100,2244,1.53237,0.00316513,1.53283,39,0,29,24,30,0,-2,0,0,1,57,3734,3838,175,143,35,614,34725,34246,108,2,87,73,653450,0,0,0,0,1,0,67,386,173,3777,0,0,0,0,0,0,0,0,300,-284,0,0,30
2480.41,0,0,0,0,100,2249,1.53223,0.00316694,1.53313,39,0,29,24,30,0,-2,0,0,1,57,3734,3839,167,143,35,614,34725,34246,108,2,87,73,623578,0,0,0,0,1,495,0,0,180,3772,0,0,0,0,0,0,0,0,300,-307,0,0,30
2480.42,0,0,0,0,100,2249,1.53208,0.00316874,1.53343,39,0,29,24,30,0,-2,0,0,1,57,3734,3839,162,143,35,614,34725,34246,108,2,87,73,604908,0,0,0,0,1,495,0,0,180,3772,0,0,0,0,0,0,0,0,300,-307,0,0,30
2480.43,0,0,0,0,100,2250,1.53194,0.00317054,1.53373,39,0,29,24,30,0,-2,0,0,1,57,3734,3839,162,143,35,614,34725,34246,108,2,87,73,604908,0,0,0,0,1,0,73,404,184,3764,0,0,0,0,0,0,0,0,300,-322,0,0,30
2480.44,0,0,0,0,100,2248,1.53179,0.00317235,1.53403,39,0,29,24,30,0,-2,0,0,1,57,3733,3839,169,143,35,614,34725,34246,108,2,87,73,630877,0,0,0,0,1,517,0,0,187,3755,0,0,0,0,0,0,0,0,300,-324,0,0,30
2480.45,0,0,0,0,100,2248,1.53165,0.00317415,1.53433,39,0,29,24,30,0,-2,0,0,1,57,3737,3839,168,143,35,614,34725,34246,108,2,87,73,627816,0,0,0,0,1,0,34,427,178,3774,0,0,0,0,0,0,0,0,300,-301,0,0,30
2480.46,0,0,0,0,100,2255,1.5315,0.00317596,1.53463,39,0,29,24,30,0,-2,0,0,1,57,3737,3839,180,143,35,614,34725,34246,108,2,87,73,672660,0,0,0,0,1,511,0,0,175,3764,0,0,0,0,0,0,0,0,300,-306,0,0,30
2480.47,0,0,0,0,100,2263,1.53136,0.00317776,1.53493,39,0,29,24,30,0,-2,0,0,1,57,3737,3839,180,143,35,614,34725,34246,108,2,87,73,672660,0,0,0,0,1,0,137,386,179,3779,0,0,0,0,0,0,0,0,300,-309,0,0,30
2480.48,0,0,0,0,100,2263,1.53121,0.00317957,1.53523,39,0,29,24,30,0,-2,0,0,1,57,3737,3839,177,143,35,614,34725,34246,108,2,87,73,661449,0,0,0,0,1,0,137,386,179,3779,0,0,0,0,0,0,0,0,300,-309,0,0,30
2480.49,0,0,0,0,99,2269,1.53107,0.00318137,1.53553,39,0,29,24,30,0,-2,0,0,1,57,3737,3839,167,143,35,614,34725,34246,108,2,87,73,624079,0,0,0,0,1,527,0,0,183,3762,0,0,0,0,0,0,0,0,300,-309,0,0,30
2480.5,0,0,0,0,100,2269,1.53092,0.00318318,1.53583,39,0,29,24,30,0,-2,0,0,1,57,3737,3839,166,143,35,614,34703,34224,108,2,87,73,620342,0,0,0,0,1,0,352,153,186,3764,0,0,0,0,0,0,0,0,300,-297,0,0,30
2480.51,0,0,0,0,99,2266,1.53082,0.00319172,1.53573,39,0,29,24,30,0,-2,0,0,1,57,3737,3839,166,143,35,614,34703,34224,108,2,87,73,620342,0,0,0,0,1,446,0,0,186,3770,0,0,0,0,0,0,0,0,300,-296,0,0,30
2480.52,0,0,0,0,99,2263,1.53072,0.00320026,1.53562,39,0,29,24,30,0,-2,0,0,1,57,3737,3839,171,143,35,614,34703,34224,108,2,87,73,639027,0,0,0,0,1,0,481,0,185,3777,0,0,0,0,0,0,0,0,300,-305,0,0,30
2480.53,0,0,0,0,100,2266,1.53063,0.00320881,1.53551,39,0,29,24,30,0,-2,0,0,1,57,3736,3839,174,143,35,614,34703,34224,108,2,87,73,650064,0,0,0,0,1,361,0,130,175,3768,0,0,0,0,0,0,0,0,300,-290,0,0,30
2480.54,0,0,0,0,100,2266,1.53053,0.00321735,1.53541,39,0,29,24,30,0,-2,0,0,1,57,3736,3839,175,143,35,614,34703,34224,108,2,87,73,653800,0,0,0,0,1,361,0,130,175,3768,0,0,0,0,0,0,0,0,300,-290,0,0,30
2480.55,0,0,0,0,99,2275,1.53043,0.00322589,1.5353,39,0,29,24,30,0,-2,0,0,1,57,3736,3839,175,143,35,614,34703,34224,108,2,87,73,653800,0,0,0,0,1,0,514,0,178,3788,0,0,0,0,0,0,0,0,300,-300,0,0,30
2480.56,0,0,0,0,100,2280,1.53033,0.00323444,1.53519,39,0,29,24,30,0,-2,0,0,1,57,3731,3839,165,143,35,614,34703,34224,108,2,87,73,615615,0,0,0,0,1,5,0,410,180,3783,0,0,0,0,0,0,0,0,300,-292,0,0,30
2480.57,0,0,0,0,100,2285,1.53023,0.00324298,1.53508,39,0,29,24,30,0,-2,0,0,1,57,3731,3839,169,143,35,614,34703,34224,108,2,87,73,630539,0,0,0,0,1,202,313,0,187,3768,0,0,0,0,0,0,0,0,300,-304,0,0,30
2480.58,0,0,0,0,99,2282,1.53013,0.00325152,1.53498,39,0,29,24,30,0,-2,0,0,1,57,3731,3839,167,143,35,614,34703,34224,108,2,87,73,623077,0,0,0,0,1,0,0,499,186,3770,0,0,0,0,0,0,0,0,300,-285,0,0,30
2480.59,0,0,0,0,100,2283,1.53003,0.00326007,1.53487,39,0,29,24,30,0,-2,0,0,1,57,3731,3839,167,143,35,614,34703,34224,108,2,87,73,623077,0,0,0,0,1,511,0,0,183,3766,0,0,0,0,0,0,0,0,300,-317,0,0,30
2480.6,0,0,0,0,100,2283,1.52994,0.00326861,1.53476,39,0,29,24,30,0,-2,0,0,1,57,3738,3839,181,143,35,614,34728,34239,108,2,65,73,676578,0,0,0,0,1,511,0,0,183,3766,0,0,0,0,0,0,0,0,300,-317,0,0,30
2480.61,0,0,0,0,99,2286,1.52996,0.00325796,1.53446,39,0,29,24,30,0,-2,0,0,1,57,3734,3839,177,143,35,614,34728,34239,108,2,65,73,660918,0,0,0,0,1,0,264,259,183,3772,0,0,0,0,0,0,0,0,300,-291,0,0,30
2480.62,0,0,0,0,99,2291,1.52999,0.00324731,1.53416,39,0,29,24,30,0,-2,0,0,1,57,3734,3839,177,143,35,614,34728,34239,108,2,65,73,660918,0,0,0,0,1,398,0,36,180,3770,0,0,0,0,0,0,0,0,300,-290,0,0,30
2480.63,0,0,0,0,99,2295,1.53001,0.00323666,1.53385,39,0,29,24,30,0,-2,0,0,1,57,3734,3839,177,143,35,614,34728,34239,108,2,65,73,660918,0,0,0,0,1,0,497,0,183,3785,0,0,0,0,0,0,0,0,300,-297,0,0,30
2480.64,0,0,0,0,99,2296,1.53004,0.00322602,1.53355,39,0,29,24,30,0,-2,0,0,1,57,3732,3839,166,143,35,614,34728,34239,108,2,65,73,619512,0,0,0,0,1,0,0,517,189,3772,0,0,0,0,0,0,0,0,300,-323,0,0,30
2480.65,0,0,0,0,99,2292,1.53006,0.00321537,1.53324,39,0,29,24,30,0,-2,0,0,1,57,3732,3840,171,143,35,614,34728,34239,108,2,65,73,638172,0,0,0,0,1,337,151,0,190,3766,0,0,0,0,0,0,0,0,300,-299,0,0,30
2480.66,0,0,0,0,99,2292,1.53009,0.00320472,1.53294,39,0,29,24,30,0,-2,0,0,1,57,3732,3840,168,143,35,614,34728,34239,108,2,65,73,626976,0,0,0,0,1,337,151,0,190,3766,0,0,0,0,0,0,0,0,300,-299,0,0,30
2480.67,0,0,0,0,99,2297,1.53012,0.00319407,1.53264,39,0,29,24,30,0,-2,0,0,1,57,3732,3840,168,143,35,614,34728,34239,108,2,65,73,626976,0,0,0,0,1,0,208,298,175,3779,0,0,0,0,0,0,0,0,300,-287,0,0,30
2480.68,0,0,0,0,99,2307,1.53014,0.00318342,1.53233,39,0,29,24,30,0,-2,0,0,1,57,3733,3840,182,143,35,614,34728,34239,108,2,65,73,679406,0,0,0,0,1,388,0,101,180,3757,0,0,0,0,0,0,0,0,300,-296,0,0,30
2480.69,0,0,0,0,99,2313,1.53017,0.00317277,1.53203,39,0,29,24,30,0,-2,0,0,1,57,3733,3840,174,143,35,614,34728,34239,108,2,65,73,649542,0,0,0,0,1,0,448,0,185,3779,0,0,0,0,0,0,0,0,300,-281,0,0,30
2480.7,0,0,0,0,100,2314,1.53019,0.00316213,1.53172,39,0,29,24,30,0,-2,0,0,1,57,3733,3840,173,143,35,614,34673,34204,108,2,87,73,645809,0,0,0,0,1,0,0,517,187,3759,0,0,0,0,0,0,0,0,300,-285,0,0,30
2480.71,0,0,0,0,100,2314,1.52998,0.003151,1.53172,39,0,29,24,30,0,-2,0,0,1,57,3733,3840,173,143,35,614,34673,34204,108,2,87,73,645809,0,0,0,0,1,542,0,0,191,3764,0,0,0,0,0,0,0,0,300,-317,0,0,30
2480.72,0,0,0,0,100,2311,1.52977,0.00313987,1.53171,39,0,29,24,30,0,-2,0,0,1,57,3734,3840,167,143,35,614,34673,34204,108,2,87,73,623578,0,0,0,0,1,542,0,0,191,3764,0,0,0,0,0,0,0,0,300,-317,0,0,30
2480.73,0,0,0,0,100,2309,1.52956,0.00312874,1.5317,39,0,29,24,30,0,-2,0,0,1,57,3734,3841,182,143,35,614,34673,34204,108,2,87,73,679588,0,0,0,0,1,0,487,0,191,3772,0,0,0,0,0,0,0,0,300,-310,0,0,30
2480.74,0,0,0,0,99,2308,1.52935,0.00311761,1.5317,39,0,29,24,30,0,-2,0,0,1,57,3734,3841,171,143,35,614,34673,34204,108,2,87,73,638514,0,0,0,0,1,60,0,357,180,3781,0,0,0,0,0,0,0,0,300,-276,0,0,30
2480.75,0,0,0,0,99,2318,1.52914,0.00310649,1.53169,39,0,29,24,30,0,-2,0,0,1,57,3734,3841,171,143,35,614,34673,34204,108,2,87,73,638514,0,0,0,0,1,290,205,0,176,3759,0,0,0,0,0,0,0,0,300,-292,0,0,30
2480.76,0,0,0,0,99,2326,1.52893,0.00309536,1.53168,39,0,29,24,30,0,-2,0,0,1,57,3735,3841,174,143,35,614,34673,34204,108,2,87,73,649890,0,0,0,0,1,0,225,281,184,3768,0,0,0,0,0,0,0,0,300,-309,0,0,30
2480.77,0,0,0,0,99,2331,1.52871,0.00308423,1.53168,39,0,29,24,30,0,-2,0,0,1,57,3733,3841,166,143,35,614,34673,34204,108,2,87,73,619678,0,0,0,0,1,306,0,238,189,3774,0,0,0,0,0,0,0,0,300,-299,0,0,30
2480.78,0,0,0,0,99,2331,1.5285,0.0030731,1.53167,39,0,29,24,30,0,-2,0,0,1,57,3733,3841,173,143,35,614,34673,34204,108,2,87,73,645809,0,0,0,0,1,306,0,238,189,3774,0,0,0,0,0,0,0,0,300,-299,0,0,30
2480.79,0,0,0,0,100,2329,1.52829,0.00306198,1.53166,39,0,29,24,30,0,-2,0,0,1,57,3733,3841,173,143,35,614,34673,34204,108,2,87,73,645809,0,0,0,0,1,251,313,0,194,3757,0,0,0,0,0,0,0,0,300,-331,0,0,30
2480.8,0,0,0,0,100,2329,1.52808,0.00305085,1.53166,39,0,29,24,30,0,-2,0,0,1,58,3735,3841,176,143,35,614,34673,34141,108,2,65,73,657360,0,0,0,0,1,0,202,302,188,3768,0,0,0,0,0,0,0,0,300,-319,0,0,30
2480.81,0,0,0,0,99,2330,1.52846,0.00305786,1.53142,39,0,29,24,30,0,-2,0,0,1,58,3735,3840,187,143,35,614,34673,34141,108,2,65,73,698445,0,0,0,0,1,316,0,191,185,3770,0,0,0,0,0,0,0,0,300,-297,0,0,30
2480.82,0,0,0,0,99,2336,1.52883,0.00306487,1.53118,39,0,29,24,30,0,-2,0,0,1,58,3735,3840,181,143,35,614,34673,34141,108,2,65,73,676035,0,0,0,0,1,206,313,0,183,3759,0,0,0,0,0,0,0,0,300,-306,0,0,30
2480.83,0,0,0,0,99,2338,1.5292,0.00307188,1.53094,39,0,29,24,30,0,-2,0,0,1,58,3735,3840,181,143,35,614,34673,34141,108,2,65,73,676035,0,0,0,0,1,0,227,298,191,3768,0,0,0,0,0,0,0,0,300,-317,0,0,30
2480.84,0,0,0,0,99,2338,1.52958,0.00307889,1.5307,39,0,29,24,30,0,-2,0,0,1,58,3733,3840,177,143,35,614,34673,34141,108,2,65,73,660741,0,0,0,0,1,0,227,298,191,3768,0,0,0,0,0,0,0,0,300,-317,0,0,30
2480.85,0,0,0,0,99,2338,1.52995,0.0030859,1.53045,39,0,29,24,30,0,-2,0,0,1,58,3733,3840,165,143,35,614,34673,34141,108,2,65,73,615945,0,0,0,0,1,282,0,238,188,3777,0,0,0,0,0,0,0,0,300,-301,0,0,30
2480.86,0,0,0,0,99,2340,1.53033,0.00309291,1.53021,39,0,29,24,30,0,-2,0,0,1,58,3733,3840,177,143,35,614,34673,34141,108,2,65,73,660741,0,0,0,0,1,306,204,0,186,3768,0,0,0,0,0,0,0,0,300,-300,0,0,30
2480.87,0,0,0,0,99,2345,1.5307,0.00309992,1.52997,39,0,29,24,30,0,-2,0,0,1,58,3733,3840,177,143,35,614,34673,34141,108,2,65,73,660741,0,0,0,0,1,0,334,112,185,3770,0,0,0,0,0,0,0,0,300,-291,0,0,30
2480.88,0,0,0,0,99,2351,1.53107,0.00310693,1.52973,39,0,29,24,30,0,-2,0,0,1,58,3735,3840,182,143,35,614,34673,34141,108,2,65,73,679770,0,0,0,0,1,5,0,407,184,3791,0,0,0,0,0,0,0,0,300,-270,0,0,30
2480.89,0,0,0,0,100,2357,1.53145,0.00311394,1.52949,39,0,29,24,30,0,-2,0,0,1,58,3735,3840,184,143,35,614,34673,34141,108,2,65,73,687240,0,0,0,0,1,522,0,0,186,3759,0,0,0,0,0,0,0,0,300,-317,0,0,30
2480.9,0,0,0,0,100,2357,1.53182,0.00312095,1.52925,39,0,29,24,30,0,-2,0,0,1,57,3730,3840,178,143,35,614,34688,34237,108,2,65,73,663940,0,0,0,0,1,522,0,0,186,3759,0,0,0,0,0,0,0,0,300,-317,0,0,30
2480.91,0,0,0,0,100,2360,1.53207,0.00311962,1.52958,39,0,29,24,30,0,-2,0,0,1,57,3730,3840,178,143,35,614,34688,34237,108,2,65,73,663940,0,0,0,0,1,0,522,0,198,3777,0,0,0,0,0,0,0,0,300,-303,0,0,30
2480.92,0,0,0,0,100,2354,1.53232,0.00311829,1.52991,39,0,29,24,30,0,-2,0,0,1,57,3730,3840,171,143,35,614,34688,34237,108,2,65,73,637830,0,0,0,0,1,0,0,501,194,3764,0,0,0,0,0,0,0,0,300,-280,0,0,30
2480.93,0,0,0,0,100,2354,1.53257,0.00311696,1.53024,39,0,29,24,30,0,-2,0,0,1,57,3735,3840,176,143,35,614,34688,34237,108,2,65,73,657360,0,0,0,0,1,402,0,52,189,3766,0,0,0,0,0,0,0,0,300,-297,0,0,30
2480.94,0,0,0,0,100,2357,1.53282,0.00311564,1.53057,39,0,29,24,30,0,-2,0,0,1,57,3735,3840,174,143,35,614,34688,34237,108,2,65,73,649890,0,0,0,0,1,200,307,0,184,3762,0,0,0,0,0,0,0,0,300,-300,0,0,30
2480.95,0,0,0,0,100,2364,1.53306,0.00311431,1.5309,39,0,29,24,30,0,-2,0,0,1,57,3735,3840,174,143,35,614,34688,34237,108,2,65,73,649890,0,0,0,0,1,0,321,161,183,3772,0,0,0,0,0,0,0,0,300,-274,0,0,30
2480.96,0,0,0,0,99,2364,1.53331,0.00311298,1.53123,39,0,29,24,30,0,-2,0,0,1,57,3733,3840,187,143,35,614,34688,34237,108,2,65,73,698071,0,0,0,0,1,0,321,161,183,3772,0,0,0,0,0,0,0,0,300,-274,0,0,30
2480.97,0,0,0,0,99,2371,1.53356,0.00311165,1.53156,39,0,29,24,30,0,-2,0,0,1,57,3733,3840,175,143,35,614,34688,34237,108,2,65,73,653275,0,0,0,0,1,0,0,531,189,3762,0,0,0,0,0,0,0,0,300,-322,0,0,30
2480.98,0,0,0,0,99,2375,1.53381,0.00311032,1.53189,39,0,29,24,30,0,-2,0,0,1,57,3733,3840,173,143,35,614,34688,34237,108,2,65,73,645809,0,0,0,0,1,511,0,0,196,3757,0,0,0,0,0,0,0,0,300,-300,0,0,30
2480.99,0,0,0,0,99,2375,1.53406,0.00310899,1.53222,39,0,29,24,30,0,-2,0,0,1,57,3733,3840,173,143,35,614,34688,34237,108,2,65,73,645809,0,0,0,0,1,136,375,0,194,3764,0,0,0,0,0,0,0,0,300,-310,0,0,30
2481,0,0,0,0,99,2375,1.53431,0.00310767,1.53255,39,0,29,24,30,0,-2,0,0,1,57,3729,3840,177,143,35,614,34638,34136,108,2,65,73,660033,0,0,0,0,1,0,322,159,194,3768,0,0,0,0,0,0,0,0,300,-295,0,0,30
2481.01,0,0,0,0,100,2375,1.53382,0.00314675,1.53278,39,0,29,24,30,0,-2,0,0,0.9,57,3735,3840,181,143,35,614,34638,34136,108,2,65,73,676035,0,0,0,0,1,0,0,509,189,3762,0,0,0,0,0,0,0,0,300,-298,0,0,30
2481.02,0,0,0,0,100,2375,1.53334,0.00318583,1.53301,39,0,29,24,30,0,-2,0,0,0.8,57,3735,3840,188,143,35,614,34638,34136,108,2,65,73,702180,0,0,0,0,1,0,0,509,189,3762,0,0,0,0,0,0,0,0,300,-298,0,0,30
2481.03,0,0,0,0,99,2381,1.53285,0.00322491,1.53325,39,0,29,24,30,0,-2,0,0,0.7,57,3735,3840,188,143,35,614,34638,34136,108,2,65,73,702180,0,0,0,0,1,470,0,0,185,3755,0,0,0,0,0,0,0,0,300,-285,0,0,30
2481.04,0,0,0,0,99,2383,1.53237,0.00326398,1.53348,39,0,29,24,30,0,-2,0,0,0.6,57,3732,3840,182,143,35,614,34638,34136,108,2,65,73,679224,0,0,0,0,1,199,325,0,194,3766,0,0,0,0,0,0,0,0,300,-309,0,0,30
2481.05,0,0,0,0,99,2384,1.53189,0.00330306,1.53371,39,0,29,24,30,0,-2,0,0,0.5,57,3732,3840,178,143,35,614,34638,34136,108,2,65,73,664296,0,0,0,0,1,0,459,0,188,3766,0,0,0,0,0,0,0,0,300,-288,0,0,30
2481.06,0,0,0,0,100,2386,1.5314,0.00334214,1.53394,39,0,29,24,30,0,-2,0,0,0.4,57,3730,3840,169,143,35,614,34638,34136,108,2,65,73,630370,0,0,0,0,1,0,0,495,191,3770,0,0,0,0,0,0,0,0,300,-314,0,0,30
2481.07,0,0,0,0,100,2392,1.53092,0.00338122,1.53418,39,0,29,24,30,0,-2,0,0,0.3,57,3730,3840,169,143,35,614,34638,34136,108,2,65,73,630370,0,0,0,0,1,345,0,165,188,3762,0,0,0,0,0,0,0,0,300,-297,0,0,30
2481.08,0,0,0,0,100,2392,1.53044,0.0034203,1.53441,39,0,29,24,30,0,-2,0,0,0.2,57,3735,3840,180,143,35,614,34638,34136,108,2,65,73,672300,0,0,0,0,1,345,0,165,188,3762,0,0,0,0,0,0,0,0,300,-297,0,0,30
2481.09,0,0,0,0,99,2400,1.52995,0.00345938,1.53464,39,0,29,24,30,0,-2,0,0,0.1,57,3735,3840,187,143,35,614,34638,34136,108,2,65,73,698445,0,0,0,0,1,507,0,0,194,3757,0,0,0,0,0,0,0,0,300,-312,0,0,30
2481.1,0,0,0,0,99,2401,1.52947,0.00349846,1.53488,39,0,29,24,30,0,-2,0,0,0,57,3735,3840,191,143,35,614,34693,34236,108,2,68,73,713385,0,0,0,0,1,5,446,0,197,3772,0,0,0,0,0,0,0,0,300,-303,0,0,30
2481.11,0,0,0,0,99,2400,1.52971,0.00348235,1.53494,39,0,29,24,30,0,-2,0,0,0.1,57,3735,3840,191,143,35,614,34693,34236,108,2,68,73,713385,0,0,0,0,1,0,372,144,197,3774,0,0,0,0,0,0,0,0,300,-299,0,0,30
2481.12,0,0,0,0,99,2397,1.52996,0.00346624,1.53501,39,0,29,24,30,0,-2,0,0,0.2,57,3733,3840,181,143,35,614,34693,34236,108,2,68,73,675673,0,0,0,0,1,0,0,534,195,3764,0,0,0,0,0,0,0,0,300,-302,0,0,30
2481.13,0,0,0,0,99,2397,1.5302,0.00345013,1.53508,39,0,29,24,30,0,-2,0,0,0.3,57,3730,3840,178,144,35,614,34693,34236,108,2,68,73,663940,0,0,0,0,1,382,0,147,193,3755,0,0,0,0,0,0,0,0,300,-295,0,0,30
2481.14,0,0,0,0,99,2397,1.53044,0.00343402,1.53515,39,0,29,24,30,0,-2,0,0,0.4,57,3730,3840,179,144,35,614,34693,34236,108,2,68,73,667670,0,0,0,0,1,382,0,147,193,3755,0,0,0,0,0,0,0,0,300,-295,0,0,30
2481.15,0,0,0,0,99,2403,1.53069,0.00341791,1.53522,39,0,29,24,30,0,-2,0,0,0.5,57,3730,3840,179,144,35,614,34693,34236,108,2,68,73,667670,0,0,0,0,1,484,0,0,183,3759,0,0,0,0,0,0,0,0,300,-300,0,0,30
2481.16,0,0,0,0,99,2414,1.53093,0.0034018,1.53529,39,0,29,24,30,0,-2,0,0,0.6,57,3731,3840,180,144,35,614,34693,34236,108,2,68,73,671580,0,0,0,0,1,77,380,0,188,3764,0,0,0,0,0,0,0,0,300,-308,0,0,30
2481.17,0,0,0,0,99,2419,1.53117,0.00338569,1.53536,39,0,29,24,30,0,-2,0,0,0.7,57,3731,3840,182,144,35,614,34693,34236,108,2,68,73,679042,0,0,0,0,1,0,485,0,192,3781,0,0,0,0,0,0,0,0,300,-299,0,0,30
2481.18,0,0,0,0,99,2419,1.53142,0.00336958,1.53542,39,0,29,24,30,0,-2,0,0,0.8,57,3731,3840,180,144,35,614,34693,34236,108,2,68,73,671580,0,0,0,0,1,0,208,341,204,3759,0,0,0,0,0,0,0,0,300,-337,0,0,30
2481.19,0,0,0,0,99,2413,1.53166,0.00335347,1.53549,39,0,29,24,30,0,-2,0,0,0.9,57,3731,3840,180,144,35,614,34693,34236,108,2,68,73,671580,0,0,0,0,1,0,0,513,194,3766,0,0,0,0,0,0,0,0,300,-289,0,0,30
2481.2,0,0,0,0,100,2413,1.5319,0.00333736,1.53556,39,0,29,24,30,0,-2,0,0,1,57,3731,3840,177,144,35,614,34667,34186,108,2,68,73,660387,0,0,0,0,1,0,0,513,194,3766,0,0,0,0,0,0,0,0,300,-289,0,0,30
2481.21,0,0,0,0,100,2418,1.532,0.00331757,1.53524,39,0,29,24,30,0,-2,0,0,1,57,3733,3840,182,144,35,614,34667,34186,108,2,68,73,679406,0,0,0,0,1,329,0,161,191,3770,0,0,0,0,0,0,0,0,300,-303,0,0,30
2481.22,0,0,0,0,100,2420,1.5321,0.00329778,1.53492,39,0,29,24,30,0,-2,0,0,1,57,3733,3840,188,144,35,614,34667,34186,108,2,68,73,701804,0,0,0,0,1,522,0,0,195,3751,0,0,0,0,0,0,0,0,300,-304,0,0,30
2481.23,0,0,0,0,99,2425,1.5322,0.003278,1.5346,39,0,29,24,30,0,-2,0,0,1,57,3733,3840,188,144,35,614,34667,34186,108,2,68,73,701804,0,0,0,0,1,246,274,0,192,3757,0,0,0,0,0,0,0,0,300,-304,0,0,30
2481.24,0,0,0,0,99,2427,1.5323,0.00325821,1.53428,39,0,29,24,30,0,-2,0,0,1,57,3731,3840,181,144,35,614,34667,34186,108,2,68,73,675311,0,0,0,0,1,0,500,0,198,3783,0,0,0,0,0,0,0,0,300,-292,0,0,30
2481.25,0,0,0,0,99,2428,1.5324,0.00323842,1.53396,39,0,29,24,30,0,-2,0,0,1,57,3731,3840,181,144,35,614,34667,34186,108,2,68,73,675311,0,0,0,0,1,0,334,158,194,3764,0,0,0,0,0,0,0,0,300,-288,0,0,30
2481.26,0,0,0,0,99,2428,1.5325,0.00321863,1.53364,39,0,29,24,30,0,-2,0,0,1,57,3728,3840,171,144,35,614,34667,34186,108,2,68,73,637488,0,0,0,0,1,0,334,158,194,3764,0,0,0,0,0,0,0,0,300,-288,0,0,30
2481.27,0,0,0,0,100,2430,1.5326,0.00319884,1.53332,39,0,29,24,30,0,-2,0,0,1,57,3728,3840,171,144,35,614,34667,34186,108,2,68,73,637488,0,0,0,0,1,0,0,457,194,3768,0,0,0,0,0,0,0,0,300,-307,0,0,30
2481.28,0,0,0,0,100,2435,1.5327,0.00317906,1.533,39,0,29,24,30,0,-2,0,0,1,57,3728,3840,181,144,35,614,34667,34186,108,2,68,73,674768,0,0,0,0,1,0,0,481,188,3779,0,0,0,0,0,0,0,0,300,-277,0,0,30
2481.29,0,0,0,0,99,2440,1.5328,0.00315927,1.53268,39,0,29,24,30,0,-2,0,0,1,57,3733,3840,188,144,35,614,34667,34186,108,2,68,73,701804,0,0,0,0,1,302,0,216,194,3764,0,0,0,0,0,0,0,0,300,-300,0,0,30
2481.3,0,0,0,0,100,2443,1.5329,0.00313948,1.53236,39,0,29,24,30,0,-2,0,0,1,57,3733,3840,189,144,35,614,34664,34202,108,2,65,73,705537,0,0,0,0,1,493,0,0,197,3755,0,0,0,0,0,0,0,0,300,-293,0,0,30
2481.31,0,0,0,0,100,2440,1.53275,0.00315455,1.53256,39,0,29,24,30,0,-2,0,0,0.9,57,3733,3840,189,144,35,614,34664,34202,108,2,65,73,705537,0,0,0,0,1,478,0,0,202,3766,0,0,0,0,0,0,0,0,300,-304,0,0,30
2481.32,0,0,0,0,99,2440,1.5326,0.00316962,1.53276,39,0,29,24,30,0,-2,0,0,0.8,57,3728,3840,187,144,35,614,34664,34202,108,2,65,73,697136,0,0,0,0,1,478,0,0,202,3766,0,0,0,0,0,0,0,0,300,-304,0,0,30
2481.33,0,0,0,0,100,2438,1.53245,0.00318469,1.53296,39,0,29,24,30,0,-2,0,0,0.7,57,3728,3840,180,144,35,614,34664,34202,108,2,65,73,671040,0,0,0,0,1,179,356,0,195,3755,0,0,0,0,0,0,0,0,300,-319,0,0,30
2481.34,0,0,0,0,100,2442,1.53231,0.00319976,1.53316,39,0,29,24,30,0,-2,0,0,0.6,57,3728,3840,179,144,35,614,34664,34202,108,2,65,73,667312,0,0,0,0,1,0,498,0,189,3788,0,0,0,0,0,0,0,0,300,-293,0,0,30
2481.35,0,0,0,0,99,2449,1.53216,0.00321483,1.53336,39,0,29,24,30,0,-2,0,0,0.5,57,3728,3840,179,144,35,614,34664,34202,108,2,65,73,667312,0,0,0,0,1,0,427,0,194,3764,0,0,0,0,0,0,0,0,300,-292,0,0,30
2481.36,0,0,0,0,99,2453,1.53201,0.00322991,1.53356,39,0,29,24,30,0,-2,0,0,0.4,57,3728,3845,187,144,35,614,34664,34202,108,2,65,73,697136,0,0,0,0,1,0,213,329,195,3772,0,0,0,0,0,0,0,0,300,-288,0,0,30
2481.37,0,0,0,0,99,2458,1.53187,0.00324498,1.53376,39,0,29,24,30,0,-2,0,0,0.3,57,3727,3845,190,144,35,614,34664,34202,108,2,65,73,708130,0,0,0,0,1,0,0,451,200,3766,0,0,0,0,0,0,0,0,300,-306,0,0,30
2481.38,0,0,0,0,100,2458,1.53172,0.00326005,1.53396,39,0,29,24,30,0,-2,0,0,0.2,57,3727,3845,181,144,35,614,34664,34202,108,2,65,73,674587,0,0,0,0,1,0,0,451,200,3766,0,0,0,0,0,0,0,0,300,-306,0,0,30
2481.39,0,0,0,0,99,2455,1.53157,0.00327512,1.53415,39,0,29,24,30,0,-2,0,0,0.1,57,3727,3845,181,144,35,614,34664,34202,108,2,65,73,674587,0,0,0,0,1,0,0,536,202,3751,0,0,0,0,0,0,0,0,300,-311,0,0,30
2481.4,0,0,0,0,99,2457,1.53142,0.00329019,1.53435,39,0,29,24,30,0,-2,0,0,0,57,3728,3845,192,144,35,614,34624,34141,108,2,68,73,715776,0,0,0,0,1,29,0,396,196,3785,0,0,0,0,0,0,0,0,300,-298,0,0,30
2481.41,0,0,0,0,100,2457,1.53143,0.00328426,1.53436,39,0,29,24,30,0,-2,0,0,0.1,57,3728,3845,190,144,35,614,34624,34141,108,2,68,73,708320,0,0,0,0,1,331,0,197,198,3764,0,0,0,0,0,0,0,0,300,-304,0,0,30
2481.42,0,0,0,0,99,2461,1.53143,0.00327833,1.53437,39,0,29,24,30,0,-2,0,0,0.2,57,3729,3845,188,144,35,614,34624,34141,108,2,68,73,701052,0,0,0,0,1,427,0,0,192,3759,0,0,0,0,0,0,0,0,300,-280,0,0,30
2481.43,0,0,0,0,100,2463,1.53143,0.0032724,1.53438,39,0,29,24,30,0,-2,0,0,0.3,57,3729,3845,188,144,35,614,34624,34141,108,2,68,73,701052,0,0,0,0,1,531,0,0,201,3755,0,0,0,0,0,0,0,0,300,-311,0,0,30
2481.44,0,0,0,0,100,2463,1.53144,0.00326647,1.53438,39,0,29,24,30,0,-2,0,0,0.4,57,3729,3845,187,143,35,614,34624,34141,108,2,68,73,697323,0,0,0,0,1,531,0,0,201,3755,0,0,0,0,0,0,0,0,300,-311,0,0,30
2481.45,0,0,0,0,100,2464,1.53144,0.00326054,1.53439,39,0,29,24,30,0,-2,0,0,0.5,57,3729,3845,182,143,35,614,34624,34141,108,2,68,73,678678,0,0,0,0,1,480,0,0,195,3753,0,0,0,0,0,0,0,0,300,-305,0,0,30
2481.46,0,0,0,0,100,2468,1.53144,0.00325461,1.5344,39,0,29,24,30,0,-2,0,0,0.6,57,3729,3845,177,143,35,614,34624,34141,108,2,68,73,660033,0,0,0,0,1,287,202,0,197,3751,0,0,0,0,0,0,0,0,300,-287,0,0,30
2481.47,0,0,0,0,100,2476,1.53145,0.00324868,1.5344,39,0,29,24,30,0,-2,0,0,0.7,57,3729,3845,177,143,35,614,34624,34141,108,2,68,73,660033,0,0,0,0,1,255,239,0,188,3759,0,0,0,0,0,0,0,0,300,-289,0,0,30
2481.48,0,0,0,0,100,2479,1.53145,0.00324275,1.53441,39,0,29,24,30,0,-2,0,0,0.8,57,3731,3845,192,143,35,614,34624,34141,108,2,68,73,716352,0,0,0,0,1,82,397,0,202,3766,0,0,0,0,0,0,0,0,300,-299,0,0,30
2481.49,0,0,0,0,99,2478,1.53146,0.00323682,1.53442,39,0,29,24,30,0,-2,0,0,0.9,57,3731,3845,192,143,35,614,34624,34141,108,2,68,73,716352,0,0,0,0,1,0,475,0,200,3766,0,0,0,0,0,0,0,0,300,-296,0,0,30
2481.5,0,0,0,0,99,2478,1.53146,0.00323089,1.53443,39,0,29,24,30,0,-2,0,0,1,57,3731,3845,194,143,35,614,34651,34205,108,2,68,73,723814,0,0,0,0,1,0,475,0,200,3766,0,0,0,0,0,0,0,0,300,-296,0,0,30
2481.51,0,0,0,0,99,2475,1.53154,0.00324071,1.53427,39,0,29,24,30,0,-2,0,0,1,57,3731,3845,194,143,35,614,34651,34205,108,2,68,73,723814,0,0,0,0,1,0,539,0,210,3779,0,0,0,0,0,0,0,0,300,-315,0,0,30
2481.52,0,0,0,0,99,2472,1.53162,0.00325054,1.53411,39,0,29,24,30,0,-2,0,0,1,57,3726,3845,187,143,35,614,34651,34205,108,2,68,73,696762,0,0,0,0,1,0,500,0,194,3772,0,0,0,0,0,0,0,0,300,-302,0,0,30
2481.53,0,0,0,0,99,2477,1.5317,0.00326036,1.53395,39,0,29,24,30,0,-2,0,0,1,57,3726,3845,187,143,35,614,34651,34205,108,2,68,73,696762,0,0,0,0,1,0,405,21,196,3762,0,0,0,0,0,0,0,0,300,-289,0,0,30
2481.54,0,0,0,0,99,2485,1.53177,0.00327018,1.53379,39,0,29,24,30,0,-2,0,0,1,57,3730,3845,179,143,35,614,34651,34205,108,2,68,73,667670,0,0,0,0,1,0,303,150,186,3768,0,0,0,0,0,0,0,0,300,-269,0,0,30
2481.55,0,0,0,0,99,2494,1.53185,0.00328,1.53363,39,0,29,24,30,0,-2,0,0,1,57,3730,3845,179,143,35,614,34651,34205,108,2,68,73,667670,0,0,0,0,1,0,322,185,200,3759,0,0,0,0,0,0,0,0,300,-311,0,0,30
2481.56,0,0,0,0,100,2494,1.53193,0.00328982,1.53347,39,0,29,24,30,0,-2,0,0,1,57,3729,3845,188,143,35,614,34651,34205,108,2,68,73,701052,0,0,0,0,1,0,322,185,200,3759,0,0,0,0,0,0,0,0,300,-311,0,0,30
2481.57,0,0,0,0,100,2494,1.53201,0.00329965,1.53331,39,0,29,24,30,0,-2,0,0,1,57,3729,3845,192,143,35,614,34651,34205,108,2,68,73,715968,0,0,0,0,1,0,298,243,202,3762,0,0,0,0,0,0,0,0,300,-305,0,0,30
2481.58,0,0,0,0,100,2491,1.53209,0.00330947,1.53315,39,0,29,24,30,0,-2,0,0,1,57,3729,3845,184,143,35,614,34651,34205,108,2,68,73,686136,0,0,0,0,1,0,243,290,212,3762,0,0,0,0,0,0,0,0,300,-328,0,0,30
2481.59,0,0,0,0,99,2490,1.53217,0.00331929,1.53299,39,0,29,24,30,0,-2,0,0,1,57,3729,3845,184,143,35,614,34651,34205,108,2,68,73,686136,0,0,0,0,1,0,196,320,196,3755,0,0,0,0,0,0,0,0,300,-303,0,0,30
2481.6,0,0,0,0,99,2492,1.53225,0.00332911,1.53283,39,0,29,24,30,0,-2,0,0,1,57,3729,3845,186,143,35,614,34637,34164,108,2,87,73,693594,0,0,0,0,1,0,145,369,203,3762,0,0,0,0,0,0,0,0,300,-319,0,0,30
2481.61,0,0,0,0,99,2493,1.53202,0.00331517,1.53287,39,0,29,24,30,0,-2,0,0,1,57,3731,3845,188,143,35,614,34637,34164,108,2,87,73,701428,0,0,0,0,1,0,117,361,192,3768,0,0,0,0,0,0,0,0,300,-295,0,0,30
2481.62,0,0,0,0,99,2493,1.5318,0.00330122,1.5329,39,0,29,24,30,0,-2,0,0,1,57,3731,3845,190,143,35,614,34637,34164,108,2,87,73,708890,0,0,0,0,1,0,117,361,192,3768,0,0,0,0,0,0,0,0,300,-295,0,0,30
2481.63,0,0,0,0,100,2498,1.53158,0.00328727,1.53293,39,0,29,24,30,0,-2,0,0,1,57,3731,3845,190,143,35,614,34637,34164,108,2,87,73,708890,0,0,0,0,1,0,120,366,199,3764,0,0,0,0,0,0,0,0,300,-311,0,0,30
2481.64,0,0,0,0,100,2501,1.53135,0.00327333,1.53297,39,0,29,24,30,0,-2,0,0,1,57,3727,3845,182,143,35,614,34637,34164,108,2,87,73,678314,0,0,0,0,1,0,123,370,196,3766,0,0,0,0,0,0,0,0,300,-296,0,0,30
2481.65,0,0,0,0,99,2506,1.53113,0.00325938,1.533,39,0,29,24,30,0,-2,0,0,1,57,3727,3845,186,143,35,614,34637,34164,108,2,87,73,693222,0,0,0,0,1,0,143,366,201,3766,0,0,0,0,0,0,0,0,300,-321,0,0,30
2481.66,0,0,0,0,99,2508,1.5309,0.00324544,1.53303,39,0,29,24,30,0,-2,0,0,1,57,3726,3845,181,143,35,614,34637,34164,108,2,87,73,674406,0,0,0,0,1,0,175,337,197,3759,0,0,0,0,0,0,0,0,300,-299,0,0,30
2481.67,0,0,0,0,100,2512,1.53068,0.00323149,1.53306,39,0,29,24,30,0,-2,0,0,1,57,3726,3845,181,143,35,614,34637,34164,108,2,87,73,674406,0,0,0,0,1,0,225,284,205,3757,0,0,0,0,0,0,0,0,300,-301,0,0,30
2481.68,0,0,0,0,100,2512,1.53046,0.00321755,1.5331,39,0,29,24,30,0,-2,0,0,1,57,3727,3845,189,143,35,614,34637,34164,108,2,87,73,704403,0,0,0,0,1,0,225,284,205,3757,0,0,0,0,0,0,0,0,300,-301,0,0,30
2481.69,0,0,0,0,99,2511,1.53023,0.0032036,1.53313,39,0,29,24,30,0,-2,0,0,1,57,3727,3845,192,143,35,614,34637,34164,108,2,87,73,715584,0,0,0,0,1,0,397,68,201,3755,0,0,0,0,0,0,0,0,300,-287,0,0,30
2481.7,0,0,0,0,99,2508,1.53001,0.00318966,1.53316,39,0,29,24,30,0,-2,0,0,1,57,3727,3845,196,143,35,614,34620,34133,107,2,87,73,730492,0,0,0,0,1,0,450,13,210,3764,0,0,0,0,0,0,0,0,300,-308,0,0,30
2481.71,0,0,0,0,100,2506,1.53033,0.00320184,1.53295,39,0,29,24,30,0,-2,0,0,1,57,3727,3845,196,143,35,614,34620,34133,107,2,87,73,730492,0,0,0,0,1,0,442,0,192,3772,0,0,0,0,0,0,0,0,300,-281,0,0,30
2481.72,0,0,0,0,100,2514,1.53065,0.00321402,1.53273,39,0,29,24,30,0,-2,0,0,1,57,3726,3841,191,143,35,614,34620,34133,107,2,87,73,711666,0,0,0,0,1,0,509,0,197,3779,0,0,0,0,0,0,0,0,300,-302,0,0,30
2481.73,0,0,0,0,100,2520,1.53097,0.00322621,1.53252,39,0,29,24,30,0,-2,0,0,1,57,3726,3841,184,143,35,614,34620,34133,107,2,87,73,685584,0,0,0,0,1,0,504,0,193,3785,0,0,0,0,0,0,0,0,300,-297,0,0,30
2481.74,0,0,0,0,100,2520,1.53129,0.00323839,1.53231,39,0,29,24,30,0,-2,0,0,1,57,3728,3841,189,143,35,614,34620,34133,107,2,87,73,704592,0,0,0,0,1,0,504,0,193,3785,0,0,0,0,0,0,0,0,300,-297,0,0,30
2481.75,0,0,0,0,100,2527,1.53161,0.00325058,1.53209,39,0,29,24,30,0,-2,0,0,1,57,3728,3841,189,143,35,614,34620,34133,107,2,87,73,704592,0,0,0,0,1,0,485,0,205,3774,0,0,0,0,0,0,0,0,300,-293,0,0,30
2481.76,0,0,0,0,99,2528,1.53193,0.00326276,1.53188,39,0,29,24,30,0,-2,0,0,1,57,3728,3841,193,143,35,614,34620,34133,107,2,87,73,719504,0,0,0,0,1,54,413,0,205,3768,0,0,0,0,0,0,0,0,300,-299,0,0,30
2481.77,0,0,0,0,99,2525,1.53224,0.00327494,1.53167,39,0,29,24,30,0,-2,0,0,1,57,3728,3841,185,143,35,614,34620,34133,107,2,87,73,689680,0,0,0,0,1,212,322,0,210,3749,0,0,0,0,0,0,0,0,300,-316,0,0,30
2481.78,0,0,0,0,100,2523,1.53256,0.00328713,1.53145,39,0,29,24,30,0,-2,0,0,1,57,3728,3841,184,143,35,614,34620,34133,107,2,87,73,685952,0,0,0,0,1,304,186,0,200,3759,0,0,0,0,0,0,0,0,300,-290,0,0,30
2481.79,0,0,0,0,100,2524,1.53288,0.00329931,1.53124,39,0,29,24,30,0,-2,0,0,1,57,3728,3841,184,143,35,614,34620,34133,107,2,87,73,685952,0,0,0,0,1,407,24,0,201,3755,0,0,0,0,0,0,0,0,300,-284,0,0,30
2481.8,0,0,0,0,100,2524,1.5332,0.0033115,1.53103,39,0,29,24,30,0,-2,0,0,1,57,3728,3841,190,143,35,614,34632,34166,108,2,87,73,708320,0,0,0,0,1,407,24,0,201,3755,0,0,0,0,0,0,0,0,300,-284,0,0,30
2481.81,0,0,0,0,100,2530,1.53323,0.00329041,1.53143,39,0,29,24,30,0,-2,0,0,1,57,3728,3841,198,143,35,614,34632,34166,108,2,87,73,738144,0,0,0,0,1,493,0,0,195,3753,0,0,0,0,0,0,0,0,300,-294,0,0,30
2481.82,0,0,0,0,100,2532,1.53325,0.00326932,1.53183,39,0,29,24,30,0,-2,0,0,1,57,3725,3841,198,143,35,614,34632,34166,108,2,87,73,737550,0,0,0,0,1,499,0,0,207,3751,0,0,0,0,0,0,0,0,300,-298,0,0,30
2481.83,0,0,0,0,100,2536,1.53328,0.00324823,1.53223,39,0,29,24,30,0,-2,0,0,1,57,3725,3841,198,143,35,614,34632,34166,108,2,87,73,737550,0,0,0,0,1,376,0,82,200,3757,0,0,0,0,0,0,0,0,300,-303,0,0,30
2481.84,0,0,0,0,99,2540,1.53331,0.00322714,1.53263,39,0,29,24,30,0,-2,0,0,1,57,3723,3841,181,143,35,614,34632,34166,108,2,87,73,673863,0,0,0,0,1,226,0,300,201,3774,0,0,0,0,0,0,0,0,300,-284,0,0,30
2481.85,0,0,0,0,99,2546,1.53333,0.00320605,1.53303,39,0,29,24,30,0,-2,0,0,1,57,3723,3841,182,143,35,614,34632,34166,108,2,87,73,677586,0,0,0,0,1,0,0,499,204,3755,0,0,0,0,0,0,0,0,300,-314,0,0,30
2481.86,0,0,0,0,99,2546,1.53336,0.00318496,1.53343,39,0,29,24,30,0,-2,0,0,1,57,3723,3841,185,143,35,614,34632,34166,108,2,87,73,688755,0,0,0,0,1,0,0,499,204,3755,0,0,0,0,0,0,0,0,300,-314,0,0,30
2481.87,0,0,0,0,99,2544,1.53338,0.00316387,1.53383,39,0,29,24,30,0,-2,0,0,1,57,3723,3841,185,143,35,614,34632,34166,108,2,87,73,688755,0,0,0,0,1,0,0,513,210,3749,0,0,0,0,0,0,0,0,300,-303,0,0,30
2481.88,0,0,0,0,99,2542,1.53341,0.00314279,1.53423,39,0,29,24,30,0,-2,0,0,1,57,3728,3840,200,143,35,614,34632,34166,108,2,87,73,745600,0,0,0,0,1,0,135,376,211,3755,0,0,0,0,0,0,0,0,300,-322,0,0,30
2481.89,0,0,0,0,99,2538,1.53344,0.0031217,1.53463,39,0,29,24,30,0,-2,0,0,1,57,3728,3840,196,143,35,614,34632,34166,108,2,87,73,730688,0,0,0,0,1,0,311,187,203,3757,0,0,0,0,0,0,0,0,300,-289,0,0,30
2481.9,0,0,0,0,100,2543,1.53346,0.00310061,1.53503,39,0,29,24,30,0,-2,0,0,1,57,3726,3840,197,143,35,614,34628,34149,108,2,87,73,734022,0,0,0,0,1,0,454,0,195,3772,0,0,0,0,0,0,0,0,300,-284,0,0,30
2481.91,0,0,0,0,100,2550,1.53355,0.00310738,1.53492,39,0,29,24,30,0,-2,0,0,1,57,3726,3840,197,143,35,614,34628,34149,108,2,87,73,734022,0,0,0,0,1,0,457,0,193,3777,0,0,0,0,0,0,0,0,300,-279,0,0,30
2481.92,0,0,0,0,100,2550,1.53364,0.00311416,1.53481,39,0,29,24,30,0,-2,0,0,1,57,3726,3840,193,143,35,614,34628,34149,108,2,87,73,719118,0,0,0,0,1,0,457,0,193,3777,0,0,0,0,0,0,0,0,300,-279,0,0,30
2481.93,0,0,0,0,100,2561,1.53373,0.00312093,1.53469,39,0,29,24,30,0,-2,0,0,1,57,3726,3840,190,143,35,614,34628,34149,108,2,87,73,707940,0,0,0,0,1,229,298,0,200,3757,0,0,0,0,0,0,0,0,300,-309,0,0,30
2481.94,0,0,0,0,99,2564,1.53382,0.0031277,1.53458,39,0,29,24,30,0,-2,0,0,1,57,3726,3840,187,143,35,614,34628,34149,108,2,87,73,696762,0,0,0,0,1,550,0,0,210,3751,0,0,0,0,0,0,0,0,300,-334,0,0,30
2481.95,0,0,0,0,99,2560,1.53391,0.00313448,1.53447,39,0,29,24,30,0,-2,0,0,1,57,3726,3840,187,143,35,614,34628,34149,108,2,87,73,696762,0,0,0,0,1,446,0,17,216,3751,0,0,0,0,0,0,0,0,300,-302,0,0,30
2481.96,0,0,0,0,99,2557,1.534,0.00314125,1.53436,39,0,29,24,30,0,-2,0,0,1,57,3728,3843,189,143,35,614,34628,34149,108,2,87,73,704592,0,0,0,0,1,153,0,329,206,3772,0,0,0,0,0,0,0,0,300,-288,0,0,30
2481.97,0,0,0,0,99,2557,1.53409,0.00314803,1.53425,39,0,29,24,30,0,-2,0,0,1,57,3728,3843,191,143,35,614,34628,34149,108,2,87,73,712048,0,0,0,0,1,0,0,503,198,3757,0,0,0,0,0,0,0,0,300,-283,0,0,30
2481.98,0,0,0,0,99,2557,1.53418,0.0031548,1.53414,39,0,29,24,30,0,-2,0,0,1,57,3725,3843,192,143,35,614,34628,34149,108,2,87,73,715200,0,0,0,0,1,0,0,503,198,3757,0,0,0,0,0,0,0,0,300,-283,0,0,30
2481.99,0,0,0,0,99,2560,1.53426,0.00316158,1.53402,39,0,29,24,30,0,-2,0,0,1,57,3725,3843,192,143,35,614,34628,34149,108,2,87,73,715200,0,0,0,0,1,0,53,411,205,3757,0,0,0,0,0,0,0,0,300,-326,0,0,30
2482,0,0,0,0,99,2565,1.53435,0.00316835,1.53391,39,0,29,24,30,0,-2,0,0,1,57,3724,3843,201,143,35,614,34607,34133,108,2,68,73,748524,0,0,0,0,1,0,389,65,197,3762,0,0,0,0,0,0,0,0,300,-273,0,0,30
2482.01,0,0,0,0,100,2570,1.53387,0.00316753,1.53333,39,0,29,24,30,0,-2,0,0,1,57,3724,3843,195,143,35,614,34607,34133,108,2,68,73,726180,0,0,0,0,1,0,468,0,205,3768,0,0,0,0,0,0,0,0,300,-281,0,0,30
2482.02,0,0,0,0,100,2575,1.53338,0.0031667,1.53275,39,0,29,24,30,0,-2,0,0,1,57,3724,3843,196,143,35,614,34607,34133,108,2,68,73,729904,0,0,0,0,1,316,217,0,202,3744,0,0,0,0,0,0,0,0,300,-314,0,0,30
2482.03,0,0,0,0,100,2577,1.53289,0.00316588,1.53217,39,0,29,24,30,0,-2,0,0,1,57,3724,3843,196,143,35,614,34607,34133,108,2,68,73,729904,0,0,0,0,1,533,0,0,209,3749,0,0,0,0,0,0,0,0,300,-310,0,0,30
2482.04,0,0,0,0,99,2577,1.53241,0.00316505,1.53159,39,0,29,24,30,0,-2,0,0,1,57,3722,3844,187,143,35,614,34607,34133,108,2,68,73,696014,0,0,0,0,1,533,0,0,209,3749,0,0,0,0,0,0,0,0,300,-310,0,0,30
2482.05,0,0,0,0,99,2581,1.53192,0.00316423,1.53101,39,0,29,24,30,0,-2,0,0,1,57,3722,3844,187,143,35,614,34607,34133,108,2,68,73,696014,0,0,0,0,1,284,0,232,210,3768,0,0,0,0,0,0,0,0,300,-301,0,0,30
2482.06,0,0,0,0,100,2578,1.53144,0.0031634,1.53043,39,0,29,24,30,0,-2,0,0,1,57,3728,3844,193,143,35,614,34607,34133,108,2,68,73,719504,0,0,0,0,1,0,0,546,209,3755,0,0,0,0,0,0,0,0,300,-305,0,0,30
2482.07,0,0,0,0,99,2576,1.53095,0.00316258,1.52985,39,0,29,24,30,0,-2,0,0,1,57,3728,3844,193,143,35,614,34607,34133,108,2,68,73,719504,0,0,0,0,1,0,225,349,213,3753,0,0,0,0,0,0,0,0,300,-329,0,0,30
2482.08,0,0,0,0,99,2575,1.53046,0.00316175,1.52927,39,0,29,24,30,0,-2,0,0,1,57,3723,3844,198,143,35,614,34607,34133,108,2,68,73,737154,0,0,0,0,1,0,477,0,199,3768,0,0,0,0,0,0,0,0,300,-289,0,0,30
2482.09,0,0,0,0,99,2585,1.52998,0.00316093,1.52868,39,0,29,24,30,0,-2,0,0,1,57,3723,3844,198,143,35,614,34607,34133,108,2,68,73,737154,0,0,0,0,1,159,339,0,199,3757,0,0,0,0,0,0,0,0,300,-298,0,0,30
2482.1,0,0,0,0,99,2585,1.52949,0.0031601,1.5281,39,0,29,24,30,0,-2,0,0,1,57,3723,3844,196,143,35,614,34593,34098,108,2,65,73,729708,0,0,0,0,1,159,339,0,199,3757,0,0,0,0,0,0,0,0,300,-298,0,0,30
2482.11,0,0,0,0,100,2592,1.52967,0.00316606,1.52871,39,0,29,24,30,0,-2,0,0,1,57,3723,3844,196,143,35,614,34593,34098,108,2,65,73,729708,0,0,0,0,1,517,0,0,199,3749,0,0,0,0,0,0,0,0,300,-306,0,0,30
2482.12,0,0,0,0,100,2597,1.52985,0.00317202,1.52931,39,0,29,24,30,0,-2,0,0,1,57,3722,3844,194,143,35,614,34593,34098,108,2,65,73,722068,0,0,0,0,1,300,0,224,213,3764,0,0,0,0,0,0,0,0,300,-298,0,0,30
2482.13,0,0,0,0,100,2598,1.53003,0.00317797,1.52992,39,0,29,24,30,0,-2,0,0,1,57,3722,3844,196,143,35,614,34593,34098,108,2,65,73,729512,0,0,0,0,1,0,0,487,216,3744,0,0,0,0,0,0,0,0,300,-317,0,0,30
2482.14,0,0,0,0,100,2594,1.53021,0.00318393,1.53053,39,0,29,24,30,0,-2,0,0,1,57,3727,3844,189,143,35,614,34593,34098,108,2,65,73,704403,0,0,0,0,1,0,432,70,213,3749,0,0,0,0,0,0,0,0,300,-302,0,0,30
2482.15,0,0,0,0,100,2592,1.53039,0.00318988,1.53113,39,0,29,24,30,0,-2,0,0,1,57,3727,3844,189,143,35,614,34593,34098,108,2,65,73,704403,0,0,0,0,1,0,407,0,208,3766,0,0,0,0,0,0,0,0,300,-297,0,0,30
2482.16,0,0,0,0,100,2592,1.53056,0.00319584,1.53174,39,0,29,24,30,0,-2,0,0,1,57,3723,3844,187,143,35,614,34593,34098,108,2,65,73,696201,0,0,0,0,1,0,407,0,208,3766,0,0,0,0,0,0,0,0,300,-297,0,0,30
2482.17,0,0,0,0,100,2596,1.53074,0.0032018,1.53234,39,0,29,24,30,0,-2,0,0,1,57,3723,3844,198,143,35,614,34593,34098,108,2,65,73,737154,0,0,0,0,1,495,0,0,201,3753,0,0,0,0,0,0,0,0,300,-310,0,0,30
2482.18,0,0,0,0,100,2601,1.53092,0.00320775,1.53295,39,0,29,24,30,0,-2,0,0,1,57,3723,3844,203,143,35,614,34593,34098,108,2,65,73,755769,0,0,0,0,1,357,0,164,205,3762,0,0,0,0,0,0,0,0,300,-300,0,0,30
2482.19,0,0,0,0,99,2606,1.5311,0.00321371,1.53356,39,0,29,24,30,0,-2,0,0,1,57,3723,3844,203,143,35,614,34593,34098,108,2,65,73,755769,0,0,0,0,1,0,0,509,212,3753,0,0,0,0,0,0,0,0,300,-312,0,0,30
2482.2,0,0,0,0,100,2609,1.53128,0.00321967,1.53416,39,0,29,24,30,0,-2,0,0,1,58,3725,3844,200,143,35,614,34607,34128,108,2,87,73,745000,0,0,0,0,1,0,481,0,202,3764,0,0,0,0,0,0,0,0,300,-294,0,0,30
2482.21,0,0,0,0,99,2616,1.53092,0.00322615,1.53365,39,0,29,24,30,0,-2,0,0,1,58,3725,3844,188,143,35,614,34607,34128,108,2,87,73,700300,0,0,0,0,1,255,276,0,212,3749,0,0,0,0,0,0,0,0,300,-310,0,0,30
2482.22,0,0,0,0,99,2616,1.53055,0.00323264,1.53313,39,0,29,24,30,0,-2,0,0,1,58,3725,3844,182,143,35,614,34607,34128,108,2,87,73,677950,0,0,0,0,1,255,276,0,212,3749,0,0,0,0,0,0,0,0,300,-310,0,0,30
2482.23,0,0,0,0,99,2617,1.53019,0.00323913,1.53262,39,0,29,24,30,0,-2,0,0,1,58,3725,3844,182,143,35,614,34607,34128,108,2,87,73,677950,0,0,0,0,1,378,0,128,211,3740,0,0,0,0,0,0,0,0,300,-315,0,0,30
2482.24,0,0,0,0,100,2614,1.52982,0.00324562,1.53211,39,0,29,24,30,0,-2,0,0,1,58,3726,3844,188,143,35,614,34607,34128,108,2,87,73,700488,0,0,0,0,1,0,0,534,216,3749,0,0,0,0,0,0,0,0,300,-329,0,0,30
2482.25,0,0,0,0,99,2612,1.52946,0.00325211,1.53159,39,0,29,24,30,0,-2,0,0,1,58,3726,3844,202,143,35,614,34607,34128,108,2,87,73,752652,0,0,0,0,1,0,334,153,213,3751,0,0,0,0,0,0,0,0,300,-301,0,0,30
2482.26,0,0,0,0,100,2612,1.5291,0.0032586,1.53108,39,0,29,24,30,0,-2,0,0,1,58,3726,3844,207,143,35,614,34607,34128,108,2,87,73,771282,0,0,0,0,1,58,421,0,205,3766,0,0,0,0,0,0,0,0,300,-305,0,0,30
2482.27,0,0,0,0,100,2618,1.52873,0.00326508,1.53057,39,0,29,24,30,0,-2,0,0,1,58,3726,3844,207,143,35,614,34607,34128,108,2,87,73,771282,0,0,0,0,1,498,0,0,202,3749,0,0,0,0,0,0,0,0,300,-293,0,0,30
2482.28,0,0,0,0,100,2618,1.52837,0.00327157,1.53005,39,0,29,24,30,0,-2,0,0,1,58,3723,3844,197,143,35,614,34607,34128,108,2,87,73,733431,0,0,0,0,1,498,0,0,202,3749,0,0,0,0,0,0,0,0,300,-293,0,0,30
2482.29,0,0,0,0,99,2629,1.52801,0.00327806,1.52954,39,0,29,24,30,0,-2,0,0,1,58,3723,3844,194,143,35,614,34607,34128,108,2,87,73,722262,0,0,0,0,1,0,0,452,201,3770,0,0,0,0,0,0,0,0,300,-290,0,0,30
2482.3,0,0,0,0,100,2637,1.52764,0.00328455,1.52902,39,0,29,24,30,0,-2,0,0,1,58,3722,3844,188,143,35,614,34577,34105,108,2,68,98,699736,0,0,0,0,1,0,286,243,209,3749,0,0,0,0,0,0,0,0,300,-297,0,0,30
2482.31,0,0,0,0,100,2637,1.52784,0.00327628,1.52885,39,0,29,24,30,0,-2,0,0,0.9,58,3722,3844,188,143,35,614,34577,34105,108,2,68,98,699736,0,0,0,0,1,179,348,0,221,3747,0,0,0,0,0,0,0,0,300,-314,0,0,30
2482.32,0,0,0,0,99,2632,1.52804,0.00326802,1.52867,39,0,29,24,30,0,-2,0,0,0.8,58,3726,3844,195,143,35,614,34577,34105,108,2,68,98,726570,0,0,0,0,1,486,0,0,221,3751,0,0,0,0,0,0,0,0,300,-300,0,0,30
2482.33,0,0,0,0,100,2628,1.52824,0.00325976,1.52849,39,0,29,24,30,0,-2,0,0,0.7,58,3726,3844,191,143,35,614,34577,34105,108,2,68,98,711666,0,0,0,0,1,0,0,509,210,3759,0,0,0,0,0,0,0,0,300,-303,0,0,30
2482.34,0,0,0,0,100,2628,1.52844,0.00325149,1.52831,39,0,29,24,30,0,-2,0,0,0.6,58,3726,3844,199,143,35,614,34577,34105,108,2,68,98,741474,0,0,0,0,1,0,0,509,210,3759,0,0,0,0,0,0,0,0,300,-303,0,0,30
2482.35,0,0,0,0,99,2632,1.52864,0.00324323,1.52813,39,0,29,24,30,0,-2,0,0,0.5,58,3726,3844,199,143,35,614,34577,34105,108,2,68,98,741474,0,0,0,0,1,0,459,0,212,3747,0,0,0,0,0,0,0,0,300,-298,0,0,30
2482.36,0,0,0,0,99,2637,1.52884,0.00323497,1.52795,39,0,29,24,30,0,-2,0,0,0.4,58,3724,3843,208,143,35,614,34577,34105,108,2,68,98,774592,0,0,0,0,1,312,172,0,203,3747,0,0,0,0,0,0,0,0,300,-288,0,0,30
2482.37,0,0,0,0,99,2643,1.52904,0.0032267,1.52778,39,0,29,24,30,0,-2,0,0,0.3,58,3724,3843,205,143,35,614,34577,34105,108,2,68,98,763420,0,0,0,0,1,366,0,161,212,3759,0,0,0,0,0,0,0,0,300,-296,0,0,30
2482.38,0,0,0,0,99,2649,1.52924,0.00321844,1.5276,39,0,29,24,30,0,-2,0,0,0.2,58,3724,3843,196,143,35,614,34577,34105,108,2,68,98,729904,0,0,0,0,1,0,114,366,212,3759,0,0,0,0,0,0,0,0,300,-318,0,0,30
2482.39,0,0,0,0,99,2653,1.52944,0.00321018,1.52742,39,0,29,24,30,0,-2,0,0,0.1,58,3724,3843,196,143,35,614,34577,34105,108,2,68,98,729904,0,0,0,0,1,11,422,0,213,3764,0,0,0,0,0,0,0,0,300,-289,0,0,30
2482.4,0,0,0,0,99,2653,1.52964,0.00320191,1.52724,39,0,29,24,30,0,-2,0,0,0,57,3724,3843,188,143,35,614,34592,34117,109,2,87,73,700112,0,0,0,0,1,11,422,0,213,3764,0,0,0,0,0,0,0,0,300,-289,0,0,30
2482.41,0,0,0,0,99,2655,1.52959,0.0031908,1.52783,39,0,29,24,30,0,-2,0,0,0.1,57,3723,3843,187,143,35,614,34592,34117,109,2,87,73,696201,0,0,0,0,1,462,0,0,210,3751,0,0,0,0,0,0,0,0,300,-287,0,0,30
2482.42,0,0,0,0,100,2654,1.52953,0.00317969,1.52843,39,0,29,24,30,0,-2,0,0,0.2,57,3723,3843,190,143,35,614,34592,34117,109,2,87,73,707370,0,0,0,0,1,0,0,498,225,3749,0,0,0,0,0,0,0,0,300,-317,0,0,30
2482.43,0,0,0,0,99,2649,1.52948,0.00316857,1.52902,39,0,29,24,30,0,-2,0,0,0.3,57,3723,3843,190,143,35,614,34592,34117,109,2,87,73,707370,0,0,0,0,1,0,551,0,219,3774,0,0,0,0,0,0,0,0,300,-322,0,0,30
2482.44,0,0,0,0,99,2648,1.52943,0.00315746,1.52961,39,0,29,24,30,0,-2,0,0,0.4,57,3726,3843,203,143,35,614,34592,34117,109,2,87,73,756378,0,0,0,0,1,509,0,0,213,3747,0,0,0,0,0,0,0,0,300,-304,0,0,30
2482.45,0,0,0,0,99,2658,1.52938,0.00314635,1.5302,39,0,29,24,30,0,-2,0,0,0.5,57,3726,3841,206,143,35,614,34592,34117,109,2,87,73,767556,0,0,0,0,1,0,0,486,199,3764,0,0,0,0,0,0,0,0,300,-283,0,0,30
2482.46,0,0,0,0,99,2658,1.52932,0.00313524,1.5308,39,0,29,24,30,0,-2,0,0,0.6,57,3726,3841,202,143,35,614,34592,34117,109,2,87,73,752652,0,0,0,0,1,0,0,486,199,3764,0,0,0,0,0,0,0,0,300,-283,0,0,30
2482.47,0,0,0,0,99,2668,1.52927,0.00312412,1.53139,39,0,29,24,30,0,-2,0,0,0.7,57,3726,3841,202,143,35,614,34592,34117,109,2,87,73,752652,0,0,0,0,1,0,489,0,205,3762,0,0,0,0,0,0,0,0,300,-294,0,0,30
2482.48,0,0,0,0,99,2674,1.52922,0.00311301,1.53198,39,0,29,24,30,0,-2,0,0,0.8,57,3720,3841,199,143,35,614,34592,34117,109,2,87,73,740280,0,0,0,0,1,533,0,0,218,3744,0,0,0,0,0,0,0,0,300,-311,0,0,30
2482.49,0,0,0,0,99,2675,1.52917,0.0031019,1.53258,39,0,29,24,30,0,-2,0,0,0.9,57,3724,3841,193,143,35,614,34592,34117,109,2,87,73,718732,0,0,0,0,1,0,0,552,222,3747,0,0,0,0,0,0,0,0,300,-326,0,0,30
2482.5,0,0,0,0,99,2669,1.52911,0.00309078,1.53317,39,0,29,24,29,0,-2,0,0,1,58,3724,3841,198,143,35,614,34590,34119,108,2,87,98,737352,0,0,0,0,1,0,528,0,219,3774,0,0,0,0,0,0,0,0,300,-310,0,0,30
2482.51,0,0,0,0,100,2664,1.52928,0.00309035,1.53302,39,0,29,24,29,0,-2,0,0,1,58,3724,3841,198,143,35,614,34590,34119,108,2,87,98,737352,0,0,0,0,1,546,0,0,216,3744,0,0,0,0,0,0,0,0,300,-322,0,0,30
2482.52,0,0,0,0,99,2664,1.52944,0.00308991,1.53286,39,0,29,24,29,0,-2,0,0,1,58,3723,3841,197,143,35,614,34590,34119,108,2,87,98,733431,0,0,0,0,1,546,0,0,216,3744,0,0,0,0,0,0,0,0,300,-322,0,0,30
2482.53,0,0,0,0,99,2670,1.52961,0.00308947,1.53271,39,0,29,24,29,0,-2,0,0,1,58,3723,3841,199,143,35,614,34590,34119,108,2,87,98,740877,0,0,0,0,1,0,0,499,206,3757,0,0,0,0,0,0,0,0,300,-297,0,0,30
2482.54,0,0,0,0,99,2678,1.52978,0.00308903,1.53256,39,0,29,24,29,0,-2,0,0,1,58,3723,3841,199,143,35,614,34590,34119,108,2,87,98,740877,0,0,0,0,1,0,475,0,205,3779,0,0,0,0,0,0,0,0,300,-277,0,0,30
2482.55,0,0,0,0,99,2685,1.52994,0.0030886,1.53241,39,0,29,24,29,0,-2,0,0,1,58,3723,3841,199,143,35,614,34590,34119,108,2,87,98,740877,0,0,0,0,1,509,0,0,217,3740,0,0,0,0,0,0,0,0,300,-301,0,0,30
2482.56,0,0,0,0,99,2689,1.53011,0.00308816,1.53226,39,0,29,24,29,0,-2,0,0,1,58,3723,3841,202,143,35,614,34590,34119,108,2,87,98,752046,0,0,0,0,1,0,53,402,216,3755,0,0,0,0,0,0,0,0,300,-314,0,0,30
2482.57,0,0,0,0,99,2693,1.53027,0.00308772,1.53211,39,0,29,24,29,0,-2,0,0,1,58,3722,3841,201,143,35,614,34590,34119,108,2,87,98,748122,0,0,0,0,1,234,327,0,217,3742,0,0,0,0,0,0,0,0,300,-330,0,0,30
2482.58,0,0,0,0,99,2693,1.53044,0.00308728,1.53195,39,0,29,24,29,0,-2,0,0,1,58,3722,3841,198,143,35,614,34590,34119,108,2,87,98,736956,0,0,0,0,1,234,327,0,217,3742,0,0,0,0,0,0,0,0,300,-330,0,0,30
2482.59,0,0,0,0,99,2691,1.5306,0.00308685,1.5318,39,0,29,24,29,0,-2,0,0,1,58,3722,3841,198,144,35,614,34590,34119,108,2,87,98,736956,0,0,0,0,1,187,0,310,223,3766,0,0,0,0,0,0,0,0,300,-295,0,0,30
2482.6,0,0,0,0,100,2689,1.53077,0.00308641,1.53165,39,0,29,24,30,0,-2,0,0,1,57,3724,3841,193,144,35,614,34579,34073,108,2,65,73,718732,0,0,0,0,1,0,459,0,223,3751,0,0,0,0,0,0,0,0,300,-304,0,0,30
2482.61,0,0,0,0,99,2686,1.53071,0.00309401,1.53166,39,0,29,24,30,0,-2,0,0,1,57,3724,3841,201,144,35,614,34579,34073,108,2,65,73,748524,0,0,0,0,1,480,0,0,210,3749,0,0,0,0,0,0,0,0,300,-294,0,0,30
2482.62,0,0,0,0,99,2689,1.53066,0.00310161,1.53166,39,0,29,24,30,0,-2,0,0,1,57,3724,3841,210,144,35,614,34579,34073,108,2,65,73,782040,0,0,0,0,1,0,0,511,207,3759,0,0,0,0,0,0,0,0,300,-290,0,0,30
2482.63,0,0,0,0,99,2700,1.5306,0.00310921,1.53167,39,0,29,24,30,0,-2,0,0,1,57,3724,3841,210,144,35,614,34579,34073,108,2,65,73,782040,0,0,0,0,1,0,424,0,205,3768,0,0,0,0,0,0,0,0,300,-266,0,0,30
2482.64,0,0,0,0,99,2700,1.53055,0.00311681,1.53168,39,0,29,24,30,0,-2,0,0,1,57,3725,3841,205,144,35,614,34579,34073,108,2,65,73,763625,0,0,0,0,1,0,424,0,205,3768,0,0,0,0,0,0,0,0,300,-266,0,0,30
2482.65,0,0,0,0,100,2711,1.53049,0.00312441,1.53168,39,0,29,24,30,0,-2,0,0,1,57,3717,3841,198,144,35,614,34579,34073,108,2,65,73,735966,0,0,0,0,1,314,0,212,210,3762,0,0,0,0,0,0,0,0,300,-291,0,0,30
2482.66,0,0,0,0,99,2717,1.53044,0.003132,1.53169,39,0,29,24,30,0,-2,0,0,1,57,3717,3841,198,144,35,614,34579,34073,108,2,65,73,735966,0,0,0,0,1,0,432,0,216,3757,0,0,0,0,0,0,0,0,300,-296,0,0,30
2482.67,0,0,0,0,100,2711,1.53038,0.0031396,1.5317,39,0,29,24,30,0,-2,0,0,1,57,3717,3841,198,144,35,614,34579,34073,108,2,65,73,735966,0,0,0,0,1,585,0,0,235,3738,0,0,0,0,0,0,0,0,300,-312,0,0,30
2482.68,0,0,0,0,100,2707,1.53033,0.0031472,1.5317,39,0,29,24,30,0,-2,0,0,1,57,3721,3841,200,144,35,614,34579,34073,108,2,65,73,744200,0,0,0,0,1,0,24,439,225,3744,0,0,0,0,0,0,0,0,300,-344,0,0,30
2482.69,0,0,0,0,100,2706,1.53027,0.0031548,1.53171,39,0,29,24,30,0,-2,0,0,1,57,3721,3843,200,144,35,614,34579,34073,108,2,65,73,744200,0,0,0,0,1,259,268,0,212,3753,0,0,0,0,0,0,0,0,300,-275,0,0,30
2482.7,0,0,0,0,99,2706,1.53022,0.0031624,1.53171,39,0,29,24,30,0,-2,0,0,1,57,3721,3843,195,144,35,614,34572,34082,108,2,82,73,725595,0,0,0,0,1,259,268,0,212,3753,0,0,0,0,0,0,0,0,300,-275,0,0,30
2482.71,0,0,0,0,100,2709,1.53021,0.00316184,1.53194,39,0,29,24,30,0,-2,0,0,1,57,3721,3843,195,144,35,614,34572,34082,108,2,82,73,725595,0,0,0,0,1,0,0,416,208,3757,0,0,0,0,0,0,0,0,300,-281,0,0,30
2482.72,0,0,0,0,100,2718,1.53019,0.00316128,1.53217,39,0,29,24,30,0,-2,0,0,1,57,3721,3843,203,144,35,614,34572,34082,108,2,82,73,755363,0,0,0,0,1,0,438,0,208,3770,0,0,0,0,0,0,0,0,300,-269,0,0,30
2482.73,0,0,0,0,99,2726,1.53018,0.00316072,1.5324,39,0,29,24,30,0,-2,0,0,1,57,3721,3843,212,144,35,614,34572,34082,108,2,82,73,788852,0,0,0,0,1,103,0,343,212,3779,0,0,0,0,0,0,0,0,300,-278,0,0,30
2482.74,0,0,0,0,99,2731,1.53017,0.00316016,1.53263,39,0,29,24,30,0,-2,0,0,1,57,3721,3843,210,144,35,614,34572,34082,108,2,82,73,781410,0,0,0,0,1,0,524,0,217,3766,0,0,0,0,0,0,0,0,300,-313,0,0,30
2482.75,0,0,0,0,100,2732,1.53016,0.00315961,1.53286,39,0,29,24,30,0,-2,0,0,1,57,3721,3843,210,144,35,614,34572,34082,108,2,82,73,781410,0,0,0,0,1,398,0,89,223,3749,0,0,0,0,0,0,0,0,300,-301,0,0,30
2482.76,0,0,0,0,99,2732,1.53015,0.00315905,1.53309,39,0,29,24,30,0,-2,0,0,1,57,3716,3843,183,144,35,614,34572,34082,108,2,82,73,680028,0,0,0,0,1,398,0,89,223,3749,0,0,0,0,0,0,0,0,300,-301,0,0,30
2482.77,0,0,0,0,100,2731,1.53014,0.00315849,1.53332,39,0,29,24,30,0,-2,0,0,1,57,3716,3843,190,144,35,614,34572,34082,108,2,82,73,706040,0,0,0,0,1,0,403,41,228,3744,0,0,0,0,0,0,0,0,300,-302,0,0,30
2482.78,0,0,0,0,99,2726,1.53013,0.00315793,1.53355,39,0,29,24,30,0,-2,0,0,1,57,3716,3844,199,144,35,614,34572,34082,108,2,82,73,739484,0,0,0,0,1,517,0,0,227,3740,0,0,0,0,0,0,0,0,300,-303,0,0,30
2482.79,0,0,0,0,99,2724,1.53012,0.00315737,1.53378,39,0,29,24,30,0,-2,0,0,1,57,3716,3844,199,144,35,614,34572,34082,108,2,82,73,739484,0,0,0,0,1,0,157,369,213,3762,0,0,0,0,0,0,0,0,300,-300,0,0,30
2482.8,0,0,0,0,99,2733,1.53011,0.00315681,1.53401,39,0,29,24,30,0,-2,0,0,1,57,3725,3844,210,144,35,614,34627,34097,108,2,65,73,782250,0,0,0,0,1,468,0,0,207,3747,0,0,0,0,0,0,0,0,300,-298,0,0,30
2482.81,0,0,0,0,99,2746,1.53008,0.00314533,1.53346,39,0,29,24,30,0,-2,0,0,1,57,3720,3844,214,144,35,614,34627,34097,108,2,65,73,796080,0,0,0,0,1,0,26,425,212,3744,0,0,0,0,0,0,0,0,300,-302,0,0,30
2482.82,0,0,0,0,100,2746,1.53005,0.00313385,1.53291,39,0,29,24,30,0,-2,0,0,1,57,3720,3844,212,144,35,614,34627,34097,108,2,65,73,788640,0,0,0,0,1,0,26,425,212,3744,0,0,0,0,0,0,0,0,300,-302,0,0,30
2482.83,0,0,0,0,100,2753,1.53002,0.00312237,1.53236,39,0,29,24,30,0,-2,0,0,1,57,3720,3844,212,144,35,614,34627,34097,108,2,65,73,788640,0,0,0,0,1,489,0,0,218,3742,0,0,0,0,0,0,0,0,300,-307,0,0,30
2482.84,0,0,0,0,100,2753,1.53,0.00311089,1.53181,39,0,29,24,30,0,-2,0,0,1,57,3719,3844,194,144,35,614,34627,34097,108,2,65,73,721486,0,0,0,0,1,0,112,396,229,3742,0,0,0,0,0,0,0,0,300,-309,0,0,30
2482.85,0,0,0,0,99,2746,1.52997,0.00309942,1.53126,39,0,29,24,30,0,-2,0,0,1,57,3719,3847,201,144,35,614,34627,34097,108,2,65,73,747519,0,0,0,0,1,519,0,0,232,3736,0,0,0,0,0,0,0,0,300,-325,0,0,30
2482.86,0,0,0,0,99,2742,1.52994,0.00308794,1.53071,39,0,29,24,30,0,-2,0,0,1,57,3719,3847,199,144,35,614,34627,34097,108,2,65,73,740081,0,0,0,0,1,0,10,437,227,3744,0,0,0,0,0,0,0,0,300,-311,0,0,30
2482.87,0,0,0,0,100,2745,1.52991,0.00307646,1.53016,39,0,29,24,30,0,-2,0,0,1,57,3719,3847,199,144,35,614,34627,34097,108,2,65,73,740081,0,0,0,0,1,394,32,0,206,3740,0,0,0,0,0,0,0,0,300,-278,0,0,30
2482.88,0,0,0,0,99,2745,1.52988,0.00306498,1.52961,39,0,29,24,30,0,-2,0,0,1,57,3723,3847,208,144,35,614,34627,34097,108,2,65,73,774384,0,0,0,0,1,394,32,0,206,3740,0,0,0,0,0,0,0,0,300,-278,0,0,30
2482.89,0,0,0,0,99,2753,1.52986,0.0030535,1.52906,39,0,29,24,30,0,-2,0,0,1,57,3719,3847,216,144,35,614,34627,34097,108,2,65,73,803304,0,0,0,0,1,0,0,421,209,3759,0,0,0,0,0,0,0,0,300,-279,0,0,30
2482.9,0,0,0,0,99,2764,1.52983,0.00304202,1.5285,39,0,29,24,30,0,-2,0,0,1,57,3719,3847,215,144,35,614,34564,34067,108,2,68,73,799585,0,0,0,0,1,499,0,0,216,3753,0,0,0,0,0,0,0,0,300,-315,0,0,30
2482.91,0,0,0,0,99,2769,1.53003,0.00304359,1.52903,39,0,29,24,30,0,-2,0,0,1,57,3719,3847,215,144,35,614,34564,34067,108,2,68,73,799585,0,0,0,0,1,0,170,337,224,3751,0,0,0,0,0,0,0,0,300,-319,0,0,30
2482.92,0,0,0,0,99,2772,1.53023,0.00304515,1.52955,39,0,29,24,30,0,-2,0,0,1,57,3718,3847,206,144,35,614,34564,34067,108,2,68,73,765908,0,0,0,0,1,533,0,0,225,3733,0,0,0,0,0,0,0,0,300,-311,0,0,30
2482.93,0,0,0,0,100,2768,1.53043,0.00304672,1.53007,39,0,29,24,30,0,-2,0,0,1,57,3718,3847,203,144,35,614,34564,34067,108,2,68,73,754754,0,0,0,0,1,0,401,109,229,3738,0,0,0,0,0,0,0,0,300,-297,0,0,30
2482.94,0,0,0,0,99,2768,1.53064,0.00304829,1.5306,39,0,29,24,30,0,-2,0,0,1,57,3718,3847,202,144,35,614,34564,34067,108,2,68,73,751036,0,0,0,0,1,0,401,109,229,3738,0,0,0,0,0,0,0,0,300,-297,0,0,30
2482.95,0,0,0,0,100,2763,1.53084,0.00304985,1.53112,39,0,29,24,30,0,-2,0,0,1,57,3718,3847,202,144,35,614,34564,34067,108,2,68,73,751036,0,0,0,0,1,462,0,1,232,3747,0,0,0,0,0,0,0,0,300,-315,0,0,30
2482.96,0,0,0,0,100,2761,1.53104,0.00305142,1.53164,39,0,29,24,30,0,-2,0,0,1,57,3722,3847,202,144,35,614,34564,34067,108,2,68,73,751844,0,0,0,0,1,0,497,0,221,3751,0,0,0,0,0,0,0,0,300,-307,0,0,30
2482.97,0,0,0,0,100,2767,1.53124,0.00305298,1.53217,39,0,29,24,30,0,-2,0,0,1,57,3722,3847,213,144,35,614,34564,34067,108,2,68,73,792786,0,0,0,0,1,331,0,164,210,3751,0,0,0,0,0,0,0,0,300,-299,0,0,30
2482.98,0,0,0,0,99,2780,1.53145,0.00305455,1.53269,39,0,29,24,30,0,-2,0,0,1,57,3722,3847,227,144,35,614,34564,34067,108,2,68,73,844894,0,0,0,0,1,0,410,0,205,3757,0,0,0,0,0,0,0,0,300,-268,0,0,30
2482.99,0,0,0,0,100,2791,1.53165,0.00305612,1.53321,39,0,29,24,30,0,-2,0,0,1,57,3722,3847,227,144,35,614,34564,34067,108,2,68,73,844894,0,0,0,0,1,0,0,503,218,3747,0,0,0,0,0,0,0,0,300,-292,0,0,30
2483,0,0,0,0,99,2791,1.53185,0.00305768,1.53374,38,0,29,24,30,0,-2,0,0,1,57,3719,3847,208,144,35,614,34554,34068,108,2,87,98,773552,0,0,0,0,1,0,0,503,218,3747,0,0,0,0,0,0,0,0,300,-292,0,0,30
2483.01,0,0,0,0,99,2794,1.53203,0.00306969,1.53373,38,0,29,24,30,0,-2,0,0,1,57,3719,3847,199,144,35,614,34554,34068,108,2,87,98,740081,0,0,0,0,1,355,164,0,234,3736,0,0,0,0,0,0,0,0,300,-311,0,0,30
2483.02,0,0,0,0,99,2786,1.5322,0.0030817,1.53373,38,0,29,24,30,0,-2,0,0,1,57,3719,3847,204,144,35,614,34554,34068,108,2,87,98,758676,0,0,0,0,1,0,134,396,240,3740,0,0,0,0,0,0,0,0,300,-338,0,0,30
2483.03,0,0,0,0,100,2781,1.53238,0.00309371,1.53373,38,0,29,24,30,0,-2,0,0,1,57,3719,3847,204,144,35,614,34554,34068,108,2,87,98,758676,0,0,0,0,1,542,0,0,229,3736,0,0,0,0,0,0,0,0,300,-317,0,0,30
2483.04,0,0,0,0,99,2779,1.53255,0.00310572,1.53373,38,0,29,24,30,0,-2,0,0,1,57,3720,3847,201,144,35,614,34554,34068,108,2,87,98,747720,0,0,0,0,1,0,393,79,216,3749,0,0,0,0,0,0,0,0,300,-280,0,0,30
2483.05,0,0,0,0,99,2786,1.53273,0.00311772,1.53372,38,0,29,24,30,0,-2,0,0,1,57,3722,3847,211,144,35,614,34554,34068,108,2,87,98,785342,0,0,0,0,1,349,0,153,214,3753,0,0,0,0,0,0,0,0,300,-291,0,0,30
2483.06,0,0,0,0,100,2786,1.53291,0.00312973,1.53372,38,0,29,24,30,0,-2,0,0,1,57,3722,3847,206,144,35,614,34554,34068,108,2,87,98,766732,0,0,0,0,1,349,0,153,214,3753,0,0,0,0,0,0,0,0,300,-291,0,0,30
2483.07,0,0,0,0,99,2797,1.53308,0.00314174,1.53372,38,0,29,24,30,0,-2,0,0,1,57,3722,3847,206,144,35,614,34554,34068,108,2,87,98,766732,0,0,0,0,1,0,438,0,213,3768,0,0,0,0,0,0,0,0,300,-278,0,0,30
2483.08,0,0,0,0,99,2806,1.53326,0.00315375,1.53371,38,0,29,24,30,0,-2,0,0,1,57,3720,3847,208,144,35,614,34554,34068,108,2,87,98,773760,0,0,0,0,1,0,0,511,223,3738,0,0,0,0,0,0,0,0,300,-312,0,0,30
2483.09,0,0,0,0,99,2810,1.53343,0.00316576,1.53371,38,0,29,24,30,0,-2,0,0,1,57,3720,3847,218,144,35,614,34554,34068,108,2,87,98,810960,0,0,0,0,1,525,0,0,227,3742,0,0,0,0,0,0,0,0,300,-315,0,0,30
2483.1,0,0,0,0,99,2807,1.53361,0.00317777,1.53371,38,0,29,24,30,0,-2,0,0,1,57,3720,3847,211,144,35,614,34590,34077,108,2,65,73,784920,0,0,0,0,1,0,451,0,235,3749,0,0,0,0,0,0,0,0,300,-301,0,0,30
2483.11,0,0,0,0,100,2801,1.53329,0.00317028,1.53375,38,0,29,24,30,0,-2,0,0,0.9,57,3720,3847,211,144,35,614,34590,34077,108,2,65,73,784920,0,0,0,0,1,214,0,302,233,3764,0,0,0,0,0,0,0,0,300,-297,0,0,30
2483.12,0,0,0,0,100,2801,1.53297,0.00316279,1.53378,38,0,29,24,30,0,-2,0,0,0.8,57,3719,3849,191,144,35,614,34590,34077,108,2,65,73,710329,0,0,0,0,1,214,0,302,233,3764,0,0,0,0,0,0,0,0,300,-297,0,0,30
2483.13,0,0,0,0,99,2796,1.53266,0.00315531,1.53382,38,0,29,24,30,0,-2,0,0,0.7,57,3719,3849,200,144,35,614,34590,34077,108,2,65,73,743800,0,0,0,0,1,150,356,0,226,3749,0,0,0,0,0,0,0,0,300,-302,0,0,30
2483.14,0,0,0,0,100,2801,1.53234,0.00314782,1.53386,38,0,29,24,30,0,-2,0,0,0.6,57,3719,3849,210,144,35,614,34590,34077,108,2,65,73,780990,0,0,0,0,1,0,0,458,211,3744,0,0,0,0,0,0,0,0,300,-294,0,0,30
2483.15,0,0,0,0,99,2815,1.53202,0.00314033,1.53389,38,0,29,24,30,0,-2,0,0,0.5,57,3719,3849,210,144,35,614,34590,34077,108,2,65,73,780990,0,0,0,0,1,481,0,0,207,3751,0,0,0,0,0,0,0,0,300,-281,0,0,30
2483.16,0,0,0,0,99,2828,1.5317,0.00313285,1.53393,38,0,29,24,30,0,-2,0,0,0.4,57,3723,3849,222,144,35,614,34590,34077,108,2,65,73,826506,0,0,0,0,1,0,526,0,219,3766,0,0,0,0,0,0,0,0,300,-308,0,0,30
2483.17,0,0,0,0,99,2829,1.53139,0.00312536,1.53397,38,0,29,24,30,0,-2,0,0,0.3,57,3717,3849,215,144,35,614,34590,34077,108,2,65,73,799155,0,0,0,0,1,0,0,550,233,3729,0,0,0,0,0,0,0,0,300,-280,0,0,30
2483.18,0,0,0,0,99,2829,1.53107,0.00311787,1.534,38,0,29,24,30,0,-2,0,0,0.2,57,3717,3849,207,144,35,614,34590,34077,108,2,65,73,769419,0,0,0,0,1,0,0,550,233,3729,0,0,0,0,0,0,0,0,300,-280,0,0,30
2483.19,0,0,0,0,100,2822,1.53075,0.00311039,1.53404,38,0,29,24,30,0,-2,0,0,0.1,57,3717,3849,207,144,35,614,34590,34077,108,2,65,73,769419,0,0,0,0,1,585,0,0,246,3729,0,0,0,0,0,0,0,0,300,-338,0,0,30
2483.2,0,0,0,0,99,2814,1.53043,0.0031029,1.53408,38,0,29,24,30,0,-2,0,0,0,57,3717,3851,200,144,35,614,34540,34051,108,2,87,98,743400,0,0,0,0,1,0,485,0,234,3749,0,0,0,0,0,0,0,0,300,-313,0,0,30
2483.21,0,0,0,0,100,2812,1.53053,0.0031077,1.53398,38,0,29,24,30,0,-2,0,0,0.1,57,3717,3851,202,144,35,614,34540,34051,108,2,87,98,750834,0,0,0,0,1,44,0,366,218,3764,0,0,0,0,0,0,0,0,300,-287,0,0,30
2483.22,0,0,0,0,100,2823,1.53063,0.0031125,1.53387,38,0,29,24,30,0,-2,0,0,0.2,57,3717,3851,207,144,35,614,34540,34051,108,2,87,98,769419,0,0,0,0,1,328,134,0,207,3744,0,0,0,0,0,0,0,0,300,-277,0,0,30
2483.23,0,0,0,0,99,2823,1.53073,0.0031173,1.53377,38,0,29,24,30,0,-2,0,0,0.3,57,3717,3851,207,144,35,614,34540,34051,108,2,87,98,769419,0,0,0,0,1,0,473,0,213,3757,0,0,0,0,0,0,0,0,300,-290,0,0,30
2483.24,0,0,0,0,99,2835,1.53083,0.0031221,1.53367,38,0,29,24,30,0,-2,0,0,0.4,57,3720,3851,225,144,35,614,34540,34051,108,2,87,98,837000,0,0,0,0,1,0,473,0,213,3757,0,0,0,0,0,0,0,0,300,-290,0,0,30
2483.25,0,0,0,0,100,2842,1.53093,0.0031269,1.53357,38,0,29,24,30,0,-2,0,0,0.5,57,3717,3851,219,144,35,614,34540,34051,108,2,87,98,814023,0,0,0,0,1,0,0,454,226,3766,0,0,0,0,0,0,0,0,300,-280,0,0,30
2483.26,0,0,0,0,100,2845,1.53103,0.00313169,1.53346,38,0,29,24,30,0,-2,0,0,0.6,57,3717,3851,218,144,35,614,34540,34051,108,2,87,98,810306,0,0,0,0,1,531,0,0,234,3731,0,0,0,0,0,0,0,0,300,-327,0,0,30
2483.27,0,0,0,0,99,2841,1.53113,0.00313649,1.53336,38,0,29,24,30,0,-2,0,0,0.7,57,3717,3851,218,144,35,614,34540,34051,108,2,87,98,810306,0,0,0,0,1,0,565,0,246,3762,0,0,0,0,0,0,0,0,300,-335,0,0,30
2483.28,0,0,0,0,99,2832,1.53123,0.00314129,1.53326,38,0,29,24,30,0,-2,0,0,0.8,57,3715,3849,197,144,35,614,34540,34051,108,2,87,98,731855,0,0,0,0,1,0,0,546,235,3742,0,0,0,0,0,0,0,0,300,-331,0,0,30
2483.29,0,0,0,0,100,2828,1.53133,0.00314609,1.53316,38,0,29,24,30,0,-2,0,0,0.9,57,3715,3849,197,144,35,614,34540,34051,108,2,87,98,731855,0,0,0,0,1,495,0,0,224,3747,0,0,0,0,0,0,0,0,300,-298,0,0,30
2483.3,0,0,0,0,100,2828,1.53143,0.00315089,1.53305,38,0,29,24,30,0,-2,0,0,1,57,3715,3849,195,144,35,614,34523,34024,108,2,82,98,724425,0,0,0,0,1,495,0,0,224,3747,0,0,0,0,0,0,0,0,300,-298,0,0,30
2483.31,0,0,0,0,99,2835,1.53137,0.0031576,1.53296,38,0,29,24,30,0,-2,0,0,1,57,3715,3849,195,144,35,614,34523,34024,108,2,82,98,724425,0,0,0,0,1,0,457,0,208,3768,0,0,0,0,0,0,0,0,300,-274,0,0,30
2483.32,0,0,0,0,99,2849,1.53131,0.00316432,1.53286,38,0,29,24,30,0,-2,0,0,1,57,3721,3849,227,144,35,614,34523,34024,108,2,82,98,844667,0,0,0,0,1,0,0,498,208,3744,0,0,0,0,0,0,0,0,300,-267,0,0,30
2483.33,0,0,0,0,99,2863,1.53125,0.00317103,1.53277,38,0,29,24,30,0,-2,0,0,1,57,3717,3849,222,144,35,614,34523,34024,108,2,82,98,825174,0,0,0,0,1,489,0,0,228,3740,0,0,0,0,0,0,0,0,300,-293,0,0,30
2483.34,0,0,0,0,100,2866,1.53119,0.00317774,1.53267,38,0,29,24,30,0,-2,0,0,1,57,3717,3849,220,144,35,614,34523,34024,108,2,82,98,817740,0,0,0,0,1,161,369,0,239,3736,0,0,0,0,0,0,0,0,300,-318,0,0,30
2483.35,0,0,0,0,100,2856,1.53113,0.00318445,1.53258,38,0,29,24,30,0,-2,0,0,1,57,3717,3849,220,144,35,614,34523,34024,108,2,82,98,817740,0,0,0,0,1,0,260,288,255,3729,0,0,0,0,0,0,0,0,300,-353,0,0,30
2483.36,0,0,0,0,99,2856,1.53107,0.00319117,1.53248,38,0,29,24,30,0,-2,0,0,1,57,3715,3849,203,144,35,614,34523,34024,108,2,82,98,754145,0,0,0,0,1,0,260,288,255,3729,0,0,0,0,0,0,0,0,300,-353,0,0,30
2483.37,0,0,0,0,99,2845,1.53101,0.00319788,1.53238,38,0,29,24,30,0,-2,0,0,1,57,3715,3849,198,144,35,614,34523,34024,108,2,82,98,735570,0,0,0,0,1,158,0,337,232,3762,0,0,0,0,0,0,0,0,300,-309,0,0,30
2483.38,0,0,0,0,99,2845,1.53095,0.00320459,1.53229,38,0,29,24,30,0,-2,0,0,1,57,3715,3849,198,144,35,614,34523,34024,108,2,82,98,735570,0,0,0,0,1,363,81,0,222,3733,0,0,0,0,0,0,0,0,300,-276,0,0,30
2483.39,0,0,0,0,99,2855,1.53089,0.0032113,1.53219,38,0,29,24,30,0,-2,0,0,1,57,3715,3849,198,144,35,614,34523,34024,108,2,82,98,735570,0,0,0,0,1,0,410,0,208,3753,0,0,0,0,0,0,0,0,300,-265,0,0,30
2483.4,0,0,0,0,99,2867,1.53084,0.00321802,1.5321,38,0,29,24,30,0,-2,0,0,1,57,3719,3849,217,144,35,614,34542,34061,108,2,66,98,807023,0,0,0,0,1,0,0,513,213,3744,0,0,0,0,0,0,0,0,300,-287,0,0,30
2483.41,0,0,0,0,99,2877,1.53085,0.0032212,1.53228,38,0,29,24,30,0,-2,0,0,1,57,3716,3849,224,144,35,614,34542,34061,108,2,66,98,832384,0,0,0,0,1,446,0,7,229,3740,0,0,0,0,0,0,0,0,300,-298,0,0,30
2483.42,0,0,0,0,99,2877,1.53086,0.00322439,1.53246,38,0,29,24,30,0,-2,0,0,1,57,3716,3849,224,144,35,614,34542,34061,108,2,66,98,832384,0,0,0,0,1,446,0,7,229,3740,0,0,0,0,0,0,0,0,300,-298,0,0,30
2483.43,0,0,0,0,99,2878,1.53087,0.00322758,1.53264,38,0,29,24,30,0,-2,0,0,1,57,3716,3849,224,144,35,614,34542,34061,108,2,66,98,832384,0,0,0,0,1,255,281,0,238,3738,0,0,0,0,0,0,0,0,300,-314,0,0,30
2483.44,0,0,0,0,99,2873,1.53088,0.00323077,1.53282,38,0,29,24,30,0,-2,0,0,1,57,3712,3849,205,144,35,614,34542,34061,108,2,66,98,760960,0,0,0,0,1,0,495,0,249,3742,0,0,0,0,0,0,0,0,300,-315,0,0,30
2483.45,0,0,0,0,99,2865,1.53089,0.00323395,1.533,38,0,29,24,30,0,-2,0,0,1,57,3712,3849,198,144,35,614,34542,34061,108,2,66,98,734976,0,0,0,0,1,0,0,550,238,3729,0,0,0,0,0,0,0,0,300,-331,0,0,30
2483.46,0,0,0,0,99,2860,1.5309,0.00323714,1.53318,38,0,29,24,30,0,-2,0,0,1,57,3712,3849,195,144,35,614,34542,34061,108,2,66,98,723840,0,0,0,0,1,464,0,0,227,3740,0,0,0,0,0,0,0,0,300,-278,0,0,30
2483.47,0,0,0,0,99,2869,1.53091,0.00324033,1.53336,38,0,29,24,30,0,-2,0,0,1,57,3712,3849,195,144,35,614,34542,34061,108,2,66,98,723840,0,0,0,0,1,126,344,0,208,3757,0,0,0,0,0,0,0,0,300,-283,0,0,30
2483.48,0,0,0,0,100,2869,1.53093,0.00324352,1.53354,38,0,29,24,30,0,-2,0,0,1,57,3719,3849,221,144,35,614,34542,34061,108,2,66,98,821899,0,0,0,0,1,126,344,0,208,3757,0,0,0,0,0,0,0,0,300,-283,0,0,30
2483.49,0,0,0,0,99,2885,1.53094,0.0032467,1.53372,38,0,29,24,30,0,-2,0,0,1,57,3722,3849,226,144,35,614,34542,34061,108,2,66,98,841172,0,0,0,0,1,0,401,27,211,3747,0,0,0,0,0,0,0,0,300,-268,0,0,30
2483.5,0,0,0,0,99,2896,1.53095,0.00324989,1.53391,38,0,29,24,30,0,-2,0,0,1,57,3722,3847,232,144,35,614,34587,34123,108,2,68,73,863504,0,0,0,0,1,0,0,517,230,3725,0,0,0,0,0,0,0,0,300,-293,0,0,30
2483.51,0,0,0,0,99,2895,1.53104,0.00323538,1.53409,38,0,29,24,30,0,-2,0,0,1,57,3722,3847,232,144,35,614,34587,34123,108,2,68,73,863504,0,0,0,0,1,392,0,164,249,3733,0,0,0,0,0,0,0,0,300,-333,0,0,30
2483.52,0,0,0,0,100,2885,1.53113,0.00322087,1.53428,38,0,29,24,30,0,-2,0,0,1,57,3709,3847,209,144,35,614,34587,34123,108,2,68,73,775181,0,0,0,0,1,470,8,0,252,3731,0,0,0,0,0,0,0,0,300,-320,0,0,30
2483.53,0,0,0,0,99,2875,1.53123,0.00320635,1.53446,38,0,29,24,30,0,-2,0,0,1,57,3709,3847,200,144,35,614,34587,34123,108,2,68,73,741800,0,0,0,0,1,0,528,0,236,3772,0,0,0,0,0,0,0,0,300,-311,0,0,30
2483.54,0,0,0,0,99,2875,1.53132,0.00319184,1.53465,38,0,29,24,30,0,-2,0,0,1,57,3709,3847,205,144,35,614,34587,34123,108,2,68,73,760345,0,0,0,0,1,0,528,0,236,3772,0,0,0,0,0,0,0,0,300,-311,0,0,30
2483.55,0,0,0,0,99,2878,1.53141,0.00317733,1.53484,38,0,29,24,30,0,-2,0,0,1,57,3709,3847,205,144,35,614,34587,34123,108,2,68,73,760345,0,0,0,0,1,0,0,425,218,3742,0,0,0,0,0,0,0,0,300,-276,0,0,30
2483.56,0,0,0,0,99,2891,1.53151,0.00316282,1.53502,38,0,29,24,30,0,-2,0,0,1,57,3718,3847,218,144,35,614,34587,34123,108,2,68,73,810524,0,0,0,0,1,197,0,251,213,3766,0,0,0,0,0,0,0,0,300,-281,0,0,30
2483.57,0,0,0,0,100,2903,1.5316,0.0031483,1.53521,38,0,29,24,30,0,-2,0,0,1,57,3719,3847,220,144,35,614,34587,34123,108,2,68,73,818180,0,0,0,0,1,533,0,0,220,3738,0,0,0,0,0,0,0,0,300,-312,0,0,30
2483.58,0,0,0,0,100,2912,1.53169,0.00313379,1.53539,38,0,29,24,30,0,-2,0,0,1,57,3719,3847,227,144,35,614,34587,34123,108,2,68,73,844213,0,0,0,0,1,232,313,0,234,3736,0,0,0,0,0,0,0,0,300,-320,0,0,30
2483.59,0,0,0,0,99,2912,1.53179,0.00311928,1.53558,38,0,29,24,30,0,-2,0,0,1,57,3719,3847,227,144,35,614,34587,34123,108,2,68,73,844213,0,0,0,0,1,0,544,0,243,3759,0,0,0,0,0,0,0,0,300,-322,0,0,30
2483.6,0,0,0,0,100,2912,1.53188,0.00310477,1.53577,38,0,29,24,30,0,-2,0,0,1,57,3709,3844,222,144,35,614,34483,33966,108,2,68,73,823398,0,0,0,0,1,0,544,0,243,3759,0,0,0,0,0,0,0,0,300,-322,0,0,30
2483.61,0,0,0,0,100,2901,1.53174,0.00310184,1.53543,38,0,29,24,30,0,-2,0,0,0.9,57,3709,3844,212,144,35,614,34483,33966,108,2,68,73,786308,0,0,0,0,1,0,141,407,251,3740,0,0,0,0,0,0,0,0,300,-321,0,0,30
2483.62,0,0,0,0,100,2892,1.5316,0.00309892,1.53509,38,0,29,24,30,0,-2,0,0,0.8,57,3709,3844,203,144,35,614,34483,33966,108,2,68,73,752927,0,0,0,0,1,35,0,433,236,3764,0,0,0,0,0,0,0,0,300,-274,0,0,30
2483.63,0,0,0,0,100,2891,1.53147,0.003096,1.53475,38,0,29,24,30,0,-2,0,0,0.7,57,3709,3844,203,143,35,614,34483,33966,108,2,68,73,752927,0,0,0,0,1,493,0,0,224,3736,0,0,0,0,0,0,0,0,300,-287,0,0,30
2483.64,0,0,0,0,100,2905,1.53133,0.00309307,1.53441,38,0,29,24,30,0,-2,0,0,0.6,57,3719,3844,210,143,35,614,34483,33966,108,2,68,73,780990,0,0,0,0,1,226,272,0,213,3740,0,0,0,0,0,0,0,0,300,-292,0,0,30
2483.65,0,0,0,0,100,2923,1.53119,0.00309015,1.53407,38,0,29,24,30,0,-2,0,0,0.5,57,3719,3844,221,143,35,614,34483,33966,108,2,68,73,821899,0,0,0,0,1,0,487,0,216,3766,0,0,0,0,0,0,0,0,300,-285,0,0,30
2483.66,0,0,0,0,100,2923,1.53106,0.00308723,1.53373,38,0,29,24,30,0,-2,0,0,0.4,57,3719,3844,228,143,35,614,34483,33966,108,2,68,73,847932,0,0,0,0,1,0,487,0,216,3766,0,0,0,0,0,0,0,0,300,-285,0,0,30
2483.67,0,0,0,0,99,2933,1.53092,0.0030843,1.5334,38,0,29,24,30,0,-2,0,0,0.3,57,3719,3844,228,143,35,614,34483,33966,108,2,68,73,847932,0,0,0,0,1,0,342,156,239,3736,0,0,0,0,0,0,0,0,300,-310,0,0,30
2483.68,0,0,0,0,99,2928,1.53078,0.00308138,1.53306,38,0,29,24,30,0,-2,0,0,0.2,57,3719,3844,217,143,35,614,34483,33966,108,2,68,73,807023,0,0,0,0,1,0,0,503,256,3725,0,0,0,0,0,0,0,0,300,-330,0,0,30
2483.69,0,0,0,0,99,2913,1.53064,0.00307846,1.53272,38,0,29,24,30,0,-2,0,0,0.1,57,3707,3844,213,143,35,614,34483,33966,108,2,68,73,789591,0,0,0,0,1,54,0,416,254,3757,0,0,0,0,0,0,0,0,300,-321,0,0,30
2483.7,0,0,0,0,99,2907,1.53051,0.00307553,1.53238,38,0,29,24,30,0,-2,0,0,0,57,3707,3844,202,143,35,614,34458,33910,108,2,68,73,748814,0,0,0,0,1,501,0,0,232,3738,0,0,0,0,0,0,0,0,300,-286,0,0,30
2483.71,0,0,0,0,99,2912,1.53038,0.00308006,1.53286,38,0,29,24,30,0,-2,0,0,0.1,57,3707,3844,202,143,35,614,34458,33910,108,2,68,73,748814,0,0,0,0,1,290,182,0,216,3744,0,0,0,0,0,0,0,0,300,-272,0,0,30
2483.72,0,0,0,0,99,2912,1.53025,0.00308459,1.53333,38,0,29,24,30,0,-2,0,0,0.2,57,3717,3844,209,143,35,614,34458,33910,108,2,68,73,776853,0,0,0,0,1,290,182,0,216,3744,0,0,0,0,0,0,0,0,300,-272,0,0,30
2483.73,0,0,0,0,99,2926,1.53012,0.00308912,1.53381,38,0,29,24,30,0,-2,0,0,0.3,57,3717,3844,221,143,35,614,34458,33910,108,2,68,73,821457,0,0,0,0,1,0,457,0,214,3768,0,0,0,0,0,0,0,0,300,-275,0,0,30
2483.74,0,0,0,0,100,2939,1.52999,0.00309366,1.53428,38,0,29,24,30,0,-2,0,0,0.4,57,3718,3844,225,143,35,614,34458,33910,108,2,68,73,836550,0,0,0,0,1,0,522,0,222,3770,0,0,0,0,0,0,0,0,300,-306,0,0,30
2483.75,0,0,0,0,100,2945,1.52986,0.00309819,1.53476,38,0,29,24,30,0,-2,0,0,0.5,57,3718,3844,225,143,35,614,34458,33910,108,2,68,73,836550,0,0,0,0,1,0,264,270,239,3738,0,0,0,0,0,0,0,0,300,-301,0,0,30
2483.76,0,0,0,0,99,2941,1.52973,0.00310272,1.53523,38,0,29,24,30,0,-2,0,0,0.6,57,3718,3844,224,143,35,614,34458,33910,108,2,68,73,832832,0,0,0,0,1,0,0,511,248,3729,0,0,0,0,0,0,0,0,300,-299,0,0,30
2483.77,0,0,0,0,99,2930,1.5296,0.00310725,1.53571,38,0,29,24,30,0,-2,0,0,0.7,57,3708,3844,223,143,35,614,34458,33910,108,2,68,73,826884,0,0,0,0,1,0,0,511,251,3755,0,0,0,0,0,0,0,0,300,-286,0,0,30
2483.78,0,0,0,0,99,2930,1.52947,0.00311178,1.53618,38,0,29,24,30,0,-2,0,0,0.8,57,3708,3844,211,143,35,614,34458,33910,108,2,68,73,782388,0,0,0,0,1,0,0,511,251,3755,0,0,0,0,0,0,0,0,300,-286,0,0,30
2483.79,0,0,0,0,99,2923,1.52934,0.00311631,1.53666,38,0,29,24,30,0,-2,0,0,0.9,57,3708,3844,211,143,35,614,34458,33910,108,2,68,73,782388,0,0,0,0,1,413,0,99,240,3733,0,0,0,0,0,0,0,0,300,-303,0,0,30
2483.8,0,0,0,0,99,2927,1.52921,0.00312084,1.53714,38,0,29,24,30,0,-2,0,0,1,58,3713,3844,201,143,35,614,34498,33975,108,2,65,98,746313,0,0,0,0,1,472,0,0,216,3747,0,0,0,0,0,0,0,0,300,-285,0,0,30
2483.81,0,0,0,0,99,2945,1.52919,0.00311541,1.53673,38,0,29,24,30,0,-2,0,0,1,58,3713,3844,221,143,35,614,34498,33975,108,2,65,98,820573,0,0,0,0,1,243,223,0,216,3736,0,0,0,0,0,0,0,0,300,-272,0,0,30
2483.82,0,0,0,0,100,2960,1.52917,0.00310998,1.53632,38,0,29,24,30,0,-2,0,0,1,58,3721,3844,228,143,35,614,34498,33975,108,2,65,98,848388,0,0,0,0,1,97,368,0,227,3751,0,0,0,0,0,0,0,0,300,-286,0,0,30
2483.83,0,0,0,0,99,2963,1.52916,0.00310455,1.53591,38,0,29,24,30,0,-2,0,0,1,58,3721,3844,228,143,35,614,34498,33975,108,2,65,98,848388,0,0,0,0,1,0,491,0,251,3757,0,0,0,0,0,0,0,0,300,-291,0,0,30
2483.84,0,0,0,0,100,2963,1.52914,0.00309913,1.5355,38,0,29,24,30,0,-2,0,0,1,58,3721,3844,229,143,35,614,34498,33975,108,2,65,98,852109,0,0,0,0,1,0,491,0,251,3757,0,0,0,0,0,0,0,0,300,-291,0,0,30
2483.85,0,0,0,0,100,2953,1.52912,0.0030937,1.53509,38,0,29,24,30,0,-2,0,0,1,58,3706,3844,219,143,35,614,34498,33975,108,2,65,98,811614,0,0,0,0,1,0,551,0,262,3733,0,0,0,0,0,0,0,0,300,-337,0,0,30
2483.86,0,0,0,0,100,2940,1.5291,0.00308827,1.53468,38,0,29,24,30,0,-2,0,0,1,58,3706,3844,203,143,35,614,34498,33975,108,2,65,98,752318,0,0,0,0,1,0,239,304,248,3731,0,0,0,0,0,0,0,0,300,-331,0,0,30
2483.87,0,0,0,0,99,2939,1.52908,0.00308284,1.53427,38,0,29,24,30,0,-2,0,0,1,58,3706,3844,203,143,35,614,34498,33975,108,2,65,98,752318,0,0,0,0,1,0,0,484,229,3731,0,0,0,0,0,0,0,0,300,-280,0,0,30
2483.88,0,0,0,0,99,2952,1.52907,0.00307742,1.53386,38,0,29,24,30,0,-2,0,0,1,58,3713,3844,210,143,35,614,34498,33975,108,2,65,98,779730,0,0,0,0,1,0,0,423,210,3762,0,0,0,0,0,0,0,0,300,-264,0,0,30
2483.89,0,0,0,0,99,2966,1.52905,0.00307199,1.53345,38,0,29,24,30,0,-2,0,0,1,58,3713,3844,217,143,35,614,34498,33975,108,2,65,98,805721,0,0,0,0,1,164,0,298,225,3759,0,0,0,0,0,0,0,0,300,-276,0,0,30
2483.9,0,0,0,0,99,2966,1.52903,0.00306656,1.53304,38,0,29,24,30,0,-2,0,0,1,57,3719,3844,227,143,35,614,34509,33952,108,2,65,73,844213,0,0,0,0,1,164,0,298,225,3759,0,0,0,0,0,0,0,0,300,-276,0,0,30
2483.91,0,0,0,0,99,2977,1.52984,0.00307591,1.53334,38,0,29,24,30,0,-2,0,0,1,57,3719,3844,227,143,35,614,34509,33952,108,2,65,73,844213,0,0,0,0,1,320,0,175,236,3749,0,0,0,0,0,0,0,0,300,-309,0,0,30
2483.92,0,0,0,0,99,2978,1.53065,0.00308526,1.53364,38,0,29,24,30,0,-2,0,0,1,57,3719,3843,237,143,35,614,34509,33952,108,2,65,73,881403,0,0,0,0,1,416,0,106,254,3725,0,0,0,0,0,0,0,0,300,-326,0,0,30
2483.93,0,0,0,0,99,2967,1.53147,0.0030946,1.53394,38,0,29,24,30,0,-2,0,0,1,57,3709,3843,229,143,35,614,34509,33952,108,2,65,73,849361,0,0,0,0,1,527,0,0,259,3727,0,0,0,0,0,0,0,0,300,-322,0,0,30
2483.94,0,0,0,0,99,2956,1.53228,0.00310395,1.53424,38,0,29,24,30,0,-2,0,0,1,57,3709,3843,220,143,35,614,34509,33952,108,2,65,73,815980,0,0,0,0,1,528,0,0,243,3733,0,0,0,0,0,0,0,0,300,-318,0,0,30
2483.95,0,0,0,0,99,2955,1.53309,0.0031133,1.53454,38,0,29,24,30,0,-2,0,0,1,57,3709,3843,220,143,35,614,34509,33952,108,2,65,73,815980,0,0,0,0,1,335,139,0,224,3738,0,0,0,0,0,0,0,0,300,-286,0,0,30
2483.96,0,0,0,0,99,2955,1.5339,0.00312265,1.53484,38,0,29,24,30,0,-2,0,0,1,57,3710,3843,202,143,35,614,34509,33952,108,2,65,73,749420,0,0,0,0,1,335,139,0,224,3738,0,0,0,0,0,0,0,0,300,-286,0,0,30
2483.97,0,0,0,0,99,2970,1.53471,0.00313199,1.53514,38,0,29,24,30,0,-2,0,0,1,57,3710,3843,203,143,35,614,34509,33952,108,2,65,73,753130,0,0,0,0,1,171,305,0,208,3751,0,0,0,0,0,0,0,0,300,-283,0,0,30
2483.98,0,0,0,0,100,2988,1.53552,0.00314134,1.53543,38,0,29,24,30,0,-2,0,0,1,57,3718,3843,219,143,35,614,34509,33952,108,2,65,73,814242,0,0,0,0,1,142,336,0,219,3749,0,0,0,0,0,0,0,0,300,-286,0,0,30
2483.99,0,0,0,0,100,2999,1.53633,0.00315069,1.53573,38,0,29,24,30,0,-2,0,0,1,57,3718,3843,219,143,35,614,34509,33952,108,2,65,73,814242,0,0,0,0,1,235,317,0,244,3731,0,0,0,0,0,0,0,0,300,-325,0,0,30
2484,0,0,0,0,100,2992,1.53715,0.00316004,1.53603,38,0,29,24,30,0,-2,0,0,1,57,3718,3842,242,143,35,614,34538,34059,108,2,68,98,899756,0,0,0,0,1,97,430,0,260,3740,0,0,0,0,0,0,0,0,300,-328,0,0,30
2484.01,0,0,0,0,99,2977,1.53674,0.00315483,1.53578,38,0,29,24,30,0,-2,0,0,1,57,3706,3842,227,143,35,614,34538,34059,108,2,68,98,841262,0,0,0,0,1,0,483,0,256,3747,0,0,0,0,0,0,0,0,300,-312,0,0,30
2484.02,0,0,0,0,99,2977,1.53633,0.00314962,1.53553,38,0,29,24,30,0,-2,0,0,1,57,3706,3842,218,143,35,614,34538,34059,108,2,68,98,807908,0,0,0,0,1,0,483,0,256,3747,0,0,0,0,0,0,0,0,300,-312,0,0,30
2484.03,0,0,0,0,99,2972,1.53592,0.00314441,1.53527,38,0,29,24,30,0,-2,0,0,1,57,3706,3842,218,143,35,614,34538,34059,108,2,68,98,807908,0,0,0,0,1,0,500,0,233,3768,0,0,0,0,0,0,0,0,300,-293,0,0,30
2484.04,0,0,0,0,100,2977,1.53552,0.0031392,1.53502,38,0,29,24,30,0,-2,0,0,1,57,3711,3842,205,143,35,614,34538,34059,108,2,68,98,760755,0,0,0,0,1,0,457,0,218,3753,0,0,0,0,0,0,0,0,300,-278,0,0,30
2484.05,0,0,0,0,100,2994,1.53511,0.00313399,1.53477,38,0,29,24,30,0,-2,0,0,1,57,3711,3842,209,143,35,614,34538,34059,108,2,68,98,775599,0,0,0,0,1,0,448,0,216,3753,0,0,0,0,0,0,0,0,300,-275,0,0,30
2484.06,0,0,0,0,100,3006,1.5347,0.00312878,1.53452,38,0,29,24,30,0,-2,0,0,1,57,3720,3842,221,143,35,614,34538,34059,108,2,68,98,822120,0,0,0,0,1,0,491,0,228,3753,0,0,0,0,0,0,0,0,300,-296,0,0,30
2484.07,0,0,0,0,100,3011,1.5343,0.00312357,1.53426,38,0,29,24,30,0,-2,0,0,1,57,3720,3842,221,143,35,614,34538,34059,108,2,68,98,822120,0,0,0,0,1,0,551,0,249,3762,0,0,0,0,0,0,0,0,300,-323,0,0,30
2484.08,0,0,0,0,100,3011,1.53389,0.00311836,1.53401,38,0,29,24,30,0,-2,0,0,1,57,3720,3842,241,143,35,614,34538,34059,108,2,68,98,896520,0,0,0,0,1,0,551,0,249,3762,0,0,0,0,0,0,0,0,300,-323,0,0,30
2484.09,0,0,0,0,99,3005,1.53348,0.00311315,1.53376,38,0,29,24,30,0,-2,0,0,1,57,3720,3843,234,143,35,614,34538,34059,108,2,68,98,870480,0,0,0,0,1,0,544,0,257,3755,0,0,0,0,0,0,0,0,300,-320,0,0,30
2484.1,0,0,0,0,100,2993,1.53307,0.00310794,1.53351,38,0,29,24,30,0,-2,0,0,1,57,3707,3843,228,143,35,614,34564,34094,108,2,68,98,845196,0,0,0,0,1,0,538,0,252,3749,0,0,0,0,0,0,0,0,300,-318,0,0,30
2484.11,0,0,0,0,100,2988,1.5327,0.00311777,1.5336,38,0,29,24,30,0,-2,0,0,1,57,3707,3843,228,143,35,614,34564,34094,108,2,68,98,845196,0,0,0,0,1,0,510,0,239,3744,0,0,0,0,0,0,0,0,300,-309,0,0,30
2484.12,0,0,0,0,100,2998,1.53232,0.0031276,1.53368,38,0,29,24,30,0,-2,0,0,1,57,3711,3843,202,143,35,614,34564,34094,108,2,68,98,749622,0,0,0,0,1,0,440,0,210,3757,0,0,0,0,0,0,0,0,300,-268,0,0,30
2484.13,0,0,0,0,99,3016,1.53195,0.00313743,1.53377,38,0,29,24,30,0,-2,0,0,1,57,3711,3843,202,143,35,614,34564,34094,108,2,68,98,749622,0,0,0,0,1,0,473,0,219,3766,0,0,0,0,0,0,0,0,300,-280,0,0,30
2484.14,0,0,0,0,99,3016,1.53157,0.00314726,1.53386,38,0,29,24,30,0,-2,0,0,1,57,3711,3843,214,143,35,614,34564,34094,108,2,68,98,794154,0,0,0,0,1,0,473,0,219,3766,0,0,0,0,0,0,0,0,300,-280,0,0,30
2484.15,0,0,0,0,99,3029,1.53119,0.00315709,1.53395,38,0,29,24,30,0,-2,0,0,1,57,3711,3843,214,144,35,614,34564,34094,108,2,68,98,794154,0,0,0,0,1,0,481,0,235,3755,0,0,0,0,0,0,0,0,300,-289,0,0,30
2484.16,0,0,0,0,99,3025,1.53082,0.00316692,1.53404,38,0,29,24,30,0,-2,0,0,1,57,3718,3843,242,144,35,614,34564,34094,108,2,68,98,899756,0,0,0,0,1,30,427,0,258,3742,0,0,0,0,0,0,0,0,300,-299,0,0,30
2484.17,0,0,0,0,99,3013,1.53044,0.00317674,1.53413,38,0,29,24,30,0,-2,0,0,1,57,3718,3843,231,144,35,614,34564,34094,108,2,68,98,858858,0,0,0,0,1,165,405,0,263,3729,0,0,0,0,0,0,0,0,300,-342,0,0,30
2484.18,0,0,0,0,99,3005,1.53007,0.00318657,1.53422,38,0,29,24,30,0,-2,0,0,1,57,3718,3843,219,144,35,614,34564,34094,108,2,68,98,814242,0,0,0,0,1,153,342,0,240,3747,0,0,0,0,0,0,0,0,300,-297,0,0,30
2484.19,0,0,0,0,99,3011,1.52969,0.0031964,1.53431,38,0,29,24,30,0,-2,0,0,1,57,3718,3843,219,144,35,614,34564,34094,108,2,68,98,814242,0,0,0,0,1,212,303,0,224,3740,0,0,0,0,0,0,0,0,300,-303,0,0,30
2484.2,0,0,0,0,99,3011,1.52931,0.00320623,1.5344,38,0,29,24,30,0,-2,0,0,1,57,3703,3843,203,144,35,614,34410,33854,108,2,87,98,751709,0,0,0,0,1,212,303,0,224,3740,0,0,0,0,0,0,0,0,300,-303,0,0,30
2484.21,0,0,0,0,99,3025,1.5294,0.0031959,1.53413,38,0,29,24,30,0,-2,0,0,0.9,57,3715,3843,208,144,35,614,34410,33854,108,2,87,98,772720,0,0,0,0,1,320,164,0,218,3738,0,0,0,0,0,0,0,0,300,-277,0,0,30
2484.22,0,0,0,0,99,3037,1.52949,0.00318556,1.53386,38,0,29,24,30,0,-2,0,0,0.8,57,3715,3843,222,144,35,614,34410,33854,108,2,87,98,824730,0,0,0,0,1,472,0,0,231,3742,0,0,0,0,0,0,0,0,300,-299,0,0,30
2484.23,0,0,0,0,100,3044,1.52958,0.00317523,1.53359,38,0,29,24,30,0,-2,0,0,0.7,57,3715,3843,222,144,35,614,34410,33854,108,2,87,98,824730,0,0,0,0,1,528,0,0,246,3727,0,0,0,0,0,0,0,0,300,-298,0,0,30
2484.24,0,0,0,0,100,3038,1.52967,0.00316489,1.53333,38,0,29,24,30,0,-2,0,0,0.6,57,3716,3843,250,144,35,614,34410,33854,108,2,87,98,929000,0,0,0,0,1,240,0,312,260,3740,0,0,0,0,0,0,0,0,300,-329,0,0,30
2484.25,0,0,0,0,100,3026,1.52976,0.00315456,1.53306,38,0,29,24,30,0,-2,0,0,0.5,57,3716,3843,244,144,35,614,34410,33854,108,2,87,98,906704,0,0,0,0,1,298,0,226,260,3744,0,0,0,0,0,0,0,0,300,-315,0,0,30
2484.26,0,0,0,0,100,3026,1.52985,0.00314422,1.53279,38,0,29,24,30,0,-2,0,0,0.4,57,3716,3843,233,144,35,614,34410,33854,108,2,87,98,865828,0,0,0,0,1,298,0,226,260,3744,0,0,0,0,0,0,0,0,300,-315,0,0,30
2484.27,0,0,0,0,99,3022,1.52994,0.00313389,1.53252,38,0,29,24,30,0,-2,0,0,0.3,57,3716,3843,233,144,35,614,34410,33854,108,2,87,98,865828,0,0,0,0,1,1,0,399,239,3759,0,0,0,0,0,0,0,0,300,-285,0,0,30
2484.28,0,0,0,0,100,3029,1.53003,0.00312356,1.53225,38,0,29,24,30,0,-2,0,0,0.2,57,3716,3843,204,144,35,614,34410,33854,108,2,87,98,758064,0,0,0,0,1,0,0,443,222,3740,0,0,0,0,0,0,0,0,300,-278,0,0,30
2484.29,0,0,0,0,100,3047,1.53012,0.00311322,1.53199,38,0,29,24,30,0,-2,0,0,0.1,57,3716,3843,213,144,35,614,34410,33854,108,2,87,98,791508,0,0,0,0,1,0,0,446,224,3733,0,0,0,0,0,0,0,0,300,-264,0,0,30
2484.3,0,0,0,0,99,3061,1.53021,0.00310289,1.53172,38,0,29,24,30,0,-2,0,0,0,58,3716,3843,221,144,35,614,34536,34009,108,2,65,98,821236,0,0,0,0,1,0,243,257,240,3723,0,0,0,0,0,0,0,0,300,-305,0,0,30
2484.31,0,0,0,0,99,3059,1.52988,0.00309958,1.53224,38,0,29,24,30,0,-2,0,0,0.1,58,3716,3843,221,144,35,614,34536,34009,108,2,65,98,821236,0,0,0,0,1,0,536,0,269,3749,0,0,0,0,0,0,0,0,300,-325,0,0,30
2484.32,0,0,0,0,99,3059,1.52955,0.00309628,1.53276,38,0,29,24,30,0,-2,0,0,0.2,58,3718,3843,251,144,35,614,34536,34009,108,2,65,98,933218,0,0,0,0,1,0,536,0,269,3749,0,0,0,0,0,0,0,0,300,-325,0,0,30
2484.33,0,0,0,0,99,3048,1.52922,0.00309298,1.53329,38,0,29,24,30,0,-2,0,0,0.3,58,3718,3845,239,144,35,614,34536,34009,108,2,65,98,888602,0,0,0,0,1,0,483,0,268,3747,0,0,0,0,0,0,0,0,300,-307,0,0,30
2484.34,0,0,0,0,99,3039,1.52889,0.00308968,1.53381,38,0,29,24,30,0,-2,0,0,0.4,58,3718,3845,224,144,35,614,34536,34009,108,2,65,98,832832,0,0,0,0,1,179,336,0,249,3733,0,0,0,0,0,0,0,0,300,-307,0,0,30
2484.35,0,0,0,0,100,3042,1.52856,0.00308637,1.53433,38,0,29,24,30,0,-2,0,0,0.5,58,3718,3845,224,144,35,614,34536,34009,108,2,65,98,832832,0,0,0,0,1,353,90,0,234,3733,0,0,0,0,0,0,0,0,300,-274,0,0,30
2484.36,0,0,0,0,99,3054,1.52823,0.00308307,1.53485,38,0,29,24,30,0,-2,0,0,0.6,58,3703,3845,203,144,35,614,34536,34009,108,2,65,98,751709,0,0,0,0,1,492,0,0,224,3731,0,0,0,0,0,0,0,0,300,-289,0,0,30
2484.37,0,0,0,0,100,3067,1.5279,0.00307977,1.53538,38,0,29,24,30,0,-2,0,0,0.7,58,3714,3845,213,144,35,614,34536,34009,108,2,65,98,791082,0,0,0,0,1,329,0,146,238,3740,0,0,0,0,0,0,0,0,300,-285,0,0,30
2484.38,0,0,0,0,99,3067,1.52757,0.00307647,1.5359,38,0,29,24,30,0,-2,0,0,0.8,58,3714,3845,219,144,35,614,34536,34009,108,2,65,98,813366,0,0,0,0,1,329,0,146,238,3740,0,0,0,0,0,0,0,0,300,-285,0,0,30
2484.39,0,0,0,0,99,3075,1.52724,0.00307316,1.53642,38,0,29,24,30,0,-2,0,0,0.9,58,3714,3845,219,144,35,614,34536,34009,108,2,65,98,813366,0,0,0,0,1,0,0,513,247,3729,0,0,0,0,0,0,0,0,300,-284,0,0,30
2484.4,0,0,0,0,99,3070,1.52691,0.00306986,1.53694,38,0,29,24,31,0,-2,0,0,1,57,3716,3845,249,144,35,614,34514,33994,108,2,87,98,925284,0,0,0,0,1,0,49,439,259,3731,0,0,0,0,0,0,0,0,300,-299,0,0,30
2484.41,0,0,0,0,100,3061,1.52736,0.00306842,1.53671,38,0,29,24,31,0,-2,0,0,1,57,3716,3847,243,144,35,614,34514,33994,108,2,87,98,902988,0,0,0,0,1,0,401,112,260,3712,0,0,0,0,0,0,0,0,300,-302,0,0,30
2484.42,0,0,0,0,100,3056,1.52781,0.00306699,1.53647,38,0,29,24,31,0,-2,0,0,1,57,3716,3847,233,144,35,614,34514,33994,108,2,87,98,865828,0,0,0,0,1,0,524,0,243,3759,0,0,0,0,0,0,0,0,300,-307,0,0,30
2484.43,0,0,0,0,100,3060,1.52826,0.00306555,1.53623,38,0,29,24,31,0,-2,0,0,1,57,3716,3847,233,144,35,614,34514,33994,108,2,87,98,865828,0,0,0,0,1,0,0,487,235,3733,0,0,0,0,0,0,0,0,300,-296,0,0,30
2484.44,0,0,0,0,100,3075,1.52871,0.00306411,1.536,38,0,29,24,31,0,-2,0,0,1,57,3705,3847,204,144,35,614,34514,33994,108,2,87,98,755820,0,0,0,0,1,0,0,454,222,3731,0,0,0,0,0,0,0,0,300,-278,0,0,30
2484.45,0,0,0,0,100,3075,1.52916,0.00306267,1.53576,38,0,29,24,31,0,-2,0,0,1,57,3713,3847,211,144,35,614,34514,33994,108,2,87,98,783443,0,0,0,0,1,0,0,454,222,3731,0,0,0,0,0,0,0,0,300,-278,0,0,30
2484.46,0,0,0,0,100,3088,1.5296,0.00306123,1.53552,38,0,29,24,31,0,-2,0,0,1,57,3713,3847,221,143,35,614,34514,33994,108,2,87,98,820573,0,0,0,0,1,0,309,161,238,3725,0,0,0,0,0,0,0,0,300,-286,0,0,30
2484.47,0,0,0,0,100,3090,1.53005,0.00305979,1.53529,38,0,29,24,31,0,-2,0,0,1,57,3713,3847,221,143,35,614,34514,33994,108,2,87,98,820573,0,0,0,0,1,0,500,0,263,3744,0,0,0,0,0,0,0,0,300,-317,0,0,30
2484.48,0,0,0,0,100,3080,1.5305,0.00305835,1.53505,38,0,29,24,31,0,-2,0,0,1,57,3715,3847,256,143,35,614,34514,33994,108,2,87,98,951040,0,0,0,0,1,390,104,0,266,3718,0,0,0,0,0,0,0,0,300,-327,0,0,30
2484.49,0,0,0,0,100,3072,1.53095,0.00305692,1.53481,38,0,29,24,31,0,-2,0,0,1,57,3715,3847,242,143,35,614,34514,33994,108,2,87,98,899030,0,0,0,0,1,513,0,0,257,3716,0,0,0,0,0,0,0,0,300,-302,0,0,30
2484.5,0,0,0,0,100,3075,1.5314,0.00305548,1.53458,38,0,29,24,30,0,-2,0,0,1,57,3704,3847,225,143,35,614,34531,34002,108,2,87,73,833400,0,0,0,0,1,267,0,210,235,3753,0,0,0,0,0,0,0,0,300,-286,0,0,30
2484.51,0,0,0,0,100,3075,1.53151,0.00305818,1.53485,38,0,29,24,30,0,-2,0,0,1,57,3704,3847,225,143,35,614,34531,34002,108,2,87,73,833400,0,0,0,0,1,267,0,210,235,3753,0,0,0,0,0,0,0,0,300,-286,0,0,30
2484.52,0,0,0,0,100,3087,1.53161,0.00306088,1.53512,38,0,29,24,30,0,-2,0,0,1,57,3704,3847,220,143,35,614,34531,34002,108,2,87,73,814880,0,0,0,0,1,0,0,462,227,3727,0,0,0,0,0,0,0,0,300,-252,0,0,30
2484.53,0,0,0,0,100,3099,1.53172,0.00306358,1.53539,38,0,29,24,30,0,-2,0,0,1,57,3716,3847,220,143,35,614,34531,34002,108,2,87,73,817520,0,0,0,0,1,0,354,134,238,3727,0,0,0,0,0,0,0,0,300,-282,0,0,30
2484.54,0,0,0,0,100,3106,1.53183,0.00306628,1.53567,38,0,29,24,30,0,-2,0,0,1,57,3716,3847,223,143,35,614,34531,34002,108,2,87,73,828668,0,0,0,0,1,46,421,0,245,3749,0,0,0,0,0,0,0,0,300,-301,0,0,30
2484.55,0,0,0,0,99,3101,1.53194,0.00306898,1.53594,38,0,29,24,30,0,-2,0,0,1,57,3716,3847,223,143,35,614,34531,34002,108,2,87,73,828668,0,0,0,0,1,597,0,0,267,3714,0,0,0,0,0,0,0,0,300,-361,0,0,30
2484.56,0,0,0,0,99,3092,1.53205,0.00307168,1.53621,38,0,29,24,30,0,-2,0,0,1,57,3712,3847,250,143,35,614,34531,34002,108,2,87,73,928000,0,0,0,0,1,333,0,205,264,3729,0,0,0,0,0,0,0,0,300,-335,0,0,30
2484.57,0,0,0,0,100,3092,1.53216,0.00307438,1.53648,38,0,29,24,30,0,-2,0,0,1,57,3712,3847,240,143,35,614,34531,34002,108,2,87,73,890880,0,0,0,0,1,333,0,205,264,3729,0,0,0,0,0,0,0,0,300,-335,0,0,30
2484.58,0,0,0,0,99,3088,1.53227,0.00307708,1.53675,38,0,29,24,30,0,-2,0,0,1,57,3712,3847,224,143,35,614,34531,34002,108,2,87,73,831488,0,0,0,0,1,0,0,505,246,3721,0,0,0,0,0,0,0,0,300,-333,0,0,30
2484.59,0,0,0,0,99,3095,1.53237,0.00307978,1.53702,38,0,29,24,30,0,-2,0,0,1,57,3712,3847,224,143,35,614,34531,34002,108,2,87,73,831488,0,0,0,0,1,0,223,255,238,3723,0,0,0,0,0,0,0,0,300,-267,0,0,30
2484.6,0,0,0,0,99,3111,1.53248,0.00308248,1.5373,38,0,29,24,30,0,-2,0,0,1,57,3705,3847,210,143,35,614,34430,33864,108,2,87,98,778050,0,0,0,0,1,0,397,0,227,3755,0,0,0,0,0,0,0,0,300,-261,0,0,30
2484.61,0,0,0,0,99,3123,1.53255,0.00308138,1.5369,38,0,29,24,30,0,-2,0,0,1,57,3713,3847,212,143,35,614,34430,33864,108,2,87,98,787156,0,0,0,0,1,519,0,0,246,3721,0,0,0,0,0,0,0,0,300,-306,0,0,30
2484.62,0,0,0,0,99,3122,1.53261,0.00308029,1.53651,38,0,29,24,30,0,-2,0,0,1,57,3713,3847,225,143,35,614,34430,33864,108,2,87,98,835425,0,0,0,0,1,23,438,0,262,3738,0,0,0,0,0,0,0,0,300,-304,0,0,30
2484.63,0,0,0,0,99,3112,1.53268,0.00307919,1.53611,38,0,29,24,30,0,-2,0,0,1,57,3713,3847,225,143,35,614,34430,33864,108,2,87,98,835425,0,0,0,0,1,503,0,0,264,3729,0,0,0,0,0,0,0,0,300,-319,0,0,30
2484.64,0,0,0,0,99,3106,1.53274,0.0030781,1.53572,38,0,29,24,30,0,-2,0,0,1,57,3710,3847,247,143,35,614,34430,33864,108,2,87,98,916370,0,0,0,0,1,306,0,199,257,3740,0,0,0,0,0,0,0,0,300,-315,0,0,30
2484.65,0,0,0,0,99,3106,1.53281,0.00307701,1.53533,38,0,29,24,30,0,-2,0,0,1,57,3710,3847,233,143,35,614,34430,33864,108,2,87,98,864430,0,0,0,0,1,306,0,199,257,3740,0,0,0,0,0,0,0,0,300,-315,0,0,30
2484.66,0,0,0,0,99,3108,1.53288,0.00307591,1.53493,38,0,29,24,30,0,-2,0,0,1,57,3710,3847,221,143,35,614,34430,33864,108,2,87,98,819910,0,0,0,0,1,0,0,460,237,3721,0,0,0,0,0,0,0,0,300,-277,0,0,30
2484.67,0,0,0,0,99,3119,1.53294,0.00307482,1.53454,38,0,29,24,30,0,-2,0,0,1,57,3710,3847,221,144,35,614,34430,33864,108,2,87,98,819910,0,0,0,0,1,0,421,0,235,3738,0,0,0,0,0,0,0,0,300,-277,0,0,30
2484.68,0,0,0,0,99,3130,1.53301,0.00307372,1.53414,38,0,29,24,30,0,-2,0,0,1,57,3702,3847,214,144,35,614,34430,33864,108,2,87,98,792228,0,0,0,0,1,273,233,0,244,3729,0,0,0,0,0,0,0,0,300,-295,0,0,30
2484.69,0,0,0,0,99,3134,1.53307,0.00307263,1.53375,38,0,29,24,30,0,-2,0,0,1,57,3712,3847,224,144,35,614,34430,33864,108,2,87,98,831488,0,0,0,0,1,351,0,169,253,3733,0,0,0,0,0,0,0,0,300,-304,0,0,30
2484.7,0,0,0,0,99,3132,1.53314,0.00307153,1.53336,38,0,29,24,31,0,-2,0,0,1,57,3712,3847,235,144,35,614,34513,33972,108,2,65,73,872320,0,0,0,0,1,0,0,495,265,3708,0,0,0,0,0,0,0,0,300,-308,0,0,30
2484.71,0,0,0,0,99,3132,1.53318,0.00306379,1.53347,38,0,29,24,31,0,-2,0,0,1,57,3712,3847,235,144,35,614,34513,33972,108,2,65,73,872320,0,0,0,0,1,0,0,495,265,3708,0,0,0,0,0,0,0,0,300,-308,0,0,30
2484.72,0,0,0,0,99,3126,1.53323,0.00305605,1.53358,38,0,29,24,31,0,-2,0,0,1,57,3709,3847,250,144,35,614,34513,33972,108,2,65,73,927250,0,0,0,0,1,0,536,0,260,3755,0,0,0,0,0,0,0,0,300,-305,0,0,30
2484.73,0,0,0,0,99,3122,1.53327,0.00304832,1.53369,38,0,29,24,31,0,-2,0,0,1,57,3709,3846,240,144,35,614,34513,33972,108,2,65,73,890160,0,0,0,0,1,370,87,0,248,3727,0,0,0,0,0,0,0,0,300,-290,0,0,30
2484.74,0,0,0,0,99,3130,1.53331,0.00304058,1.5338,38,0,29,24,31,0,-2,0,0,1,57,3709,3846,223,144,35,614,34513,33972,108,2,65,73,827107,0,0,0,0,1,290,0,159,231,3744,0,0,0,0,0,0,0,0,300,-270,0,0,30
2484.75,0,0,0,0,99,3145,1.53336,0.00303284,1.53391,38,0,29,24,31,0,-2,0,0,1,57,3709,3846,223,144,35,614,34513,33972,108,2,65,73,827107,0,0,0,0,1,0,75,405,238,3727,0,0,0,0,0,0,0,0,300,-311,0,0,30
2484.76,0,0,0,0,99,3152,1.5334,0.0030251,1.53402,38,0,29,24,31,0,-2,0,0,1,57,3701,3846,219,144,35,614,34513,33972,108,2,65,73,810519,0,0,0,0,1,0,424,0,254,3742,0,0,0,0,0,0,0,0,300,-296,0,0,30
2484.77,0,0,0,0,99,3152,1.53345,0.00301736,1.53413,38,0,29,24,31,0,-2,0,0,1,57,3715,3846,226,144,35,614,34513,33972,108,2,65,73,839590,0,0,0,0,1,0,424,0,254,3742,0,0,0,0,0,0,0,0,300,-296,0,0,30
2484.78,0,0,0,0,99,3147,1.53349,0.00300962,1.53424,38,0,29,24,31,0,-2,0,0,1,57,3715,3846,243,144,35,614,34513,33972,108,2,65,73,902745,0,0,0,0,1,462,0,23,270,3714,0,0,0,0,0,0,0,0,300,-311,0,0,30
2484.79,0,0,0,0,100,3139,1.53354,0.00300188,1.53435,38,0,29,24,31,0,-2,0,0,1,57,3715,3846,243,144,35,614,34513,33972,108,2,65,73,902745,0,0,0,0,1,0,0,513,260,3714,0,0,0,0,0,0,0,0,300,-299,0,0,30
2484.8,0,0,0,0,100,3137,1.53358,0.00299414,1.53447,38,0,29,24,30,0,-2,0,0,1,57,3709,3847,242,144,35,614,34483,33958,108,2,68,73,897578,0,0,0,0,1,0,497,0,244,3751,0,0,0,0,0,0,0,0,300,-295,0,0,30
2484.81,0,0,0,0,100,3146,1.53316,0.0030003,1.53438,38,0,29,24,30,0,-2,0,0,1,57,3709,3847,223,144,35,614,34483,33958,108,2,68,73,827107,0,0,0,0,1,468,0,0,234,3731,0,0,0,0,0,0,0,0,300,-296,0,0,30
2484.82,0,0,0,0,100,3157,1.53273,0.00300646,1.53429,38,0,29,24,30,0,-2,0,0,1,57,3709,3847,215,144,35,614,34483,33958,108,2,68,73,797435,0,0,0,0,1,17,0,398,236,3751,0,0,0,0,0,0,0,0,300,-271,0,0,30
2484.83,0,0,0,0,100,3157,1.53231,0.00301262,1.5342,38,0,29,24,30,0,-2,0,0,1,57,3709,3847,215,144,35,614,34483,33958,108,2,68,73,797435,0,0,0,0,1,17,0,398,236,3751,0,0,0,0,0,0,0,0,300,-271,0,0,30
2484.84,0,0,0,0,100,3166,1.53189,0.00301878,1.53411,38,0,29,24,30,0,-2,0,0,1,57,3702,3847,226,144,35,614,34483,33958,108,2,68,73,836652,0,0,0,0,1,0,383,62,253,3723,0,0,0,0,0,0,0,0,300,-286,0,0,30
2484.85,0,0,0,0,99,3166,1.53146,0.00302494,1.53402,38,0,29,24,30,0,-2,0,0,1,57,3713,3847,233,144,35,614,34483,33958,108,2,68,73,865129,0,0,0,0,1,470,2,0,265,3718,0,0,0,0,0,0,0,0,300,-318,0,0,30
2484.86,0,0,0,0,99,3157,1.53104,0.00303111,1.53393,38,0,29,24,30,0,-2,0,0,1,57,3713,3847,249,144,35,614,34483,33958,108,2,68,73,924537,0,0,0,0,1,77,0,396,268,3747,0,0,0,0,0,0,0,0,300,-295,0,0,30
2484.87,0,0,0,0,99,3153,1.53061,0.00303727,1.53384,38,0,29,24,30,0,-2,0,0,1,57,3713,3847,249,144,35,614,34483,33958,108,2,68,73,924537,0,0,0,0,1,0,442,35,257,3721,0,0,0,0,0,0,0,0,300,-308,0,0,30
2484.88,0,0,0,0,99,3157,1.53019,0.00304343,1.53375,38,0,29,24,30,0,-2,0,0,1,57,3706,3847,245,144,35,614,34483,33958,108,2,68,73,907970,0,0,0,0,1,261,237,0,239,3729,0,0,0,0,0,0,0,0,300,-292,0,0,30
2484.89,0,0,0,0,100,3157,1.52976,0.00304959,1.53366,38,0,29,24,30,0,-2,0,0,1,57,3706,3848,227,144,35,614,34483,33958,108,2,68,73,841262,0,0,0,0,1,261,237,0,239,3729,0,0,0,0,0,0,0,0,300,-292,0,0,30
2484.9,0,0,0,0,100,3169,1.52934,0.00305575,1.53357,38,0,29,24,30,0,-2,0,0,1,57,3706,3848,221,144,35,614,34440,33896,108,2,65,98,819026,0,0,0,0,1,253,0,222,238,3753,0,0,0,0,0,0,0,0,300,-281,0,0,30
2484.91,0,0,0,0,99,3182,1.52937,0.00305253,1.53352,38,0,29,24,30,0,-2,0,0,1,57,3706,3848,221,144,35,614,34440,33896,108,2,65,98,819026,0,0,0,0,1,0,366,99,247,3710,0,0,0,0,0,0,0,0,300,-296,0,0,30
2484.92,0,0,0,0,99,3183,1.5294,0.00304931,1.53347,38,0,29,24,30,0,-2,0,0,1,57,3705,3848,225,144,35,614,34440,33896,108,2,65,98,833625,0,0,0,0,1,484,0,0,270,3714,0,0,0,0,0,0,0,0,300,-323,0,0,30
2484.93,0,0,0,0,99,3174,1.52944,0.00304609,1.53342,38,0,29,24,30,0,-2,0,0,1,57,3714,3848,239,144,35,614,34440,33896,108,2,65,98,887646,0,0,0,0,1,0,0,533,275,3729,0,0,0,0,0,0,0,0,300,-302,0,0,30
2484.94,0,0,0,0,99,3170,1.52947,0.00304287,1.53337,38,0,29,24,30,0,-2,0,0,1,57,3714,3848,258,144,35,614,34440,33896,108,2,65,98,958212,0,0,0,0,1,0,471,0,254,3729,0,0,0,0,0,0,0,0,300,-291,0,0,30
2484.95,0,0,0,0,99,3170,1.5295,0.00303965,1.53332,38,0,29,24,30,0,-2,0,0,1,57,3714,3848,258,144,35,614,34440,33896,108,2,65,98,958212,0,0,0,0,1,0,471,0,254,3729,0,0,0,0,0,0,0,0,300,-291,0,0,30
2484.96,0,0,0,0,99,3173,1.52953,0.00303643,1.53327,38,0,29,24,30,0,-2,0,0,1,57,3702,3848,234,144,35,614,34440,33896,108,2,65,98,866268,0,0,0,0,1,476,0,0,241,3731,0,0,0,0,0,0,0,0,300,-290,0,0,30
2484.97,0,0,0,0,99,3184,1.52956,0.00303321,1.53322,38,0,29,24,30,0,-2,0,0,1,57,3702,3848,223,144,35,614,34440,33896,108,2,65,98,825546,0,0,0,0,1,0,0,501,240,3718,0,0,0,0,0,0,0,0,300,-303,0,0,30
2484.98,0,0,0,0,99,3194,1.5296,0.00302999,1.53317,38,0,29,24,30,0,-2,0,0,1,57,3702,3848,224,144,35,614,34440,33896,108,2,65,98,829248,0,0,0,0,1,0,446,0,246,3762,0,0,0,0,0,0,0,0,300,-263,0,0,30
2484.99,0,0,0,0,99,3196,1.52963,0.00302677,1.53312,38,0,29,24,30,0,-2,0,0,1,57,3702,3848,224,144,35,614,34440,33896,108,2,65,98,829248,0,0,0,0,1,423,0,70,263,3721,0,0,0,0,0,0,0,0,300,-311,0,0,30
2485,0,0,0,0,100,3193,1.52966,0.00302355,1.53307,38,0,29,24,30,0,-2,0,0,1,57,3707,3848,238,144,35,614,34468,33938,108,2,68,73,882266,0,0,0,0,1,0,227,339,268,3706,0,0,0,0,0,0,0,0,300,-322,0,0,30
2485.01,0,0,0,0,100,3193,1.52964,0.00303371,1.53353,38,0,29,24,30,0,-2,0,0,1,57,3713,3848,245,144,35,614,34468,33938,108,2,68,73,909685,0,0,0,0,1,0,227,339,268,3706,0,0,0,0,0,0,0,0,300,-322,0,0,30
2485.02,0,0,0,0,100,3189,1.52963,0.00304386,1.53399,38,0,29,24,30,0,-2,0,0,1,57,3713,3848,252,144,35,614,34468,33938,108,2,68,73,935676,0,0,0,0,1,386,145,0,263,3712,0,0,0,0,0,0,0,0,300,-321,0,0,30
2485.03,0,0,0,0,100,3187,1.52961,0.00305402,1.53446,38,0,29,24,30,0,-2,0,0,1,57,3713,3848,252,144,35,614,34468,33938,108,2,68,73,935676,0,0,0,0,1,13,0,394,251,3749,0,0,0,0,0,0,0,0,300,-274,0,0,30
2485.04,0,0,0,0,99,3197,1.5296,0.00306417,1.53492,38,0,29,24,30,0,-2,0,0,1,57,3702,3848,231,144,35,614,34468,33938,108,2,68,73,855162,0,0,0,0,1,0,504,0,239,3749,0,0,0,0,0,0,0,0,300,-301,0,0,30
2485.05,0,0,0,0,100,3209,1.52958,0.00307433,1.53538,38,0,29,24,30,0,-2,0,0,1,57,3702,3848,221,144,35,614,34468,33938,108,2,68,73,818142,0,0,0,0,1,484,0,0,244,3725,0,0,0,0,0,0,0,0,300,-281,0,0,30
2485.06,0,0,0,0,99,3214,1.52956,0.00308448,1.53584,38,0,29,24,30,0,-2,0,0,1,57,3702,3848,213,144,35,614,34468,33938,108,2,68,73,788526,0,0,0,0,1,0,202,380,262,3703,0,0,0,0,0,0,0,0,300,-329,0,0,30
2485.07,0,0,0,0,99,3214,1.52955,0.00309464,1.53631,38,0,29,24,30,0,-2,0,0,1,57,3702,3848,213,144,35,614,34468,33938,108,2,68,73,788526,0,0,0,0,1,0,202,380,262,3703,0,0,0,0,0,0,0,0,300,-329,0,0,30
2485.08,0,0,0,0,99,3209,1.52953,0.00310479,1.53677,38,0,29,24,30,0,-2,0,0,1,57,3706,3848,246,143,35,614,34468,33938,108,2,68,73,911676,0,0,0,0,1,419,49,0,272,3721,0,0,0,0,0,0,0,0,300,-302,0,0,30
2485.09,0,0,0,0,99,3202,1.52952,0.00311495,1.53723,38,0,29,24,30,0,-2,0,0,1,57,3706,3848,258,143,35,614,34468,33938,108,2,68,73,956148,0,0,0,0,1,0,0,536,268,3708,0,0,0,0,0,0,0,0,300,-347,0,0,30
2485.1,0,0,0,0,99,3204,1.5295,0.0031251,1.53769,38,0,29,24,30,0,-2,0,0,1,57,3708,3848,250,143,35,614,34444,33898,108,2,65,73,927000,0,0,0,0,1,0,469,0,251,3749,0,0,0,0,0,0,0,0,300,-286,0,0,30
2485.11,0,0,0,0,99,3213,1.52968,0.00311372,1.53739,38,0,29,24,30,0,-2,0,0,0.9,57,3708,3848,250,143,35,614,34444,33898,108,2,65,73,927000,0,0,0,0,1,335,0,147,241,3733,0,0,0,0,0,0,0,0,300,-289,0,0,30
2485.12,0,0,0,0,99,3213,1.52987,0.00310235,1.53708,38,0,29,24,30,0,-2,0,0,0.8,57,3708,3848,220,143,35,614,34444,33898,108,2,65,73,815760,0,0,0,0,1,0,487,0,245,3742,0,0,0,0,0,0,0,0,300,-288,0,0,30
2485.13,0,0,0,0,99,3223,1.53005,0.00309097,1.53677,38,0,29,24,30,0,-2,0,0,0.7,57,3708,3848,218,143,35,614,34444,33898,108,2,65,73,808344,0,0,0,0,1,0,487,0,245,3742,0,0,0,0,0,0,0,0,300,-288,0,0,30
2485.14,0,0,0,0,100,3229,1.53023,0.0030796,1.53647,38,0,29,24,30,0,-2,0,0,0.6,57,3701,3848,223,143,35,614,34444,33898,108,2,65,73,825323,0,0,0,0,1,495,0,0,259,3725,0,0,0,0,0,0,0,0,300,-295,0,0,30
2485.15,0,0,0,0,99,3227,1.53042,0.00306822,1.53616,38,0,29,24,30,0,-2,0,0,0.5,57,3701,3848,223,143,35,614,34444,33898,108,2,65,73,825323,0,0,0,0,1,0,266,288,271,3703,0,0,0,0,0,0,0,0,300,-351,0,0,30
2485.16,0,0,0,0,99,3220,1.5306,0.00305685,1.53585,38,0,29,24,30,0,-2,0,0,0.4,57,3701,3851,254,143,35,614,34444,33898,108,2,65,73,940054,0,0,0,0,1,503,0,0,270,3721,0,0,0,0,0,0,0,0,300,-310,0,0,30
2485.17,0,0,0,0,100,3218,1.53078,0.00304547,1.53554,38,0,29,24,30,0,-2,0,0,0.3,57,3705,3851,256,143,35,614,34444,33898,108,2,65,73,948480,0,0,0,0,1,0,0,484,256,3714,0,0,0,0,0,0,0,0,300,-279,0,0,30
2485.18,0,0,0,0,100,3224,1.53096,0.0030341,1.53524,38,0,29,24,30,0,-2,0,0,0.2,57,3705,3851,244,143,35,614,34444,33898,108,2,65,73,904020,0,0,0,0,1,240,274,0,241,3725,0,0,0,0,0,0,0,0,300,-301,0,0,30
2485.19,0,0,0,0,99,3224,1.53115,0.00302272,1.53493,38,0,29,24,30,0,-2,0,0,0.1,57,3705,3851,244,143,35,614,34444,33898,108,2,65,73,904020,0,0,0,0,1,240,274,0,241,3725,0,0,0,0,0,0,0,0,300,-301,0,0,30
2485.2,0,0,0,0,99,3237,1.53133,0.00301135,1.53462,38,0,29,24,31,0,-2,0,0,0,57,3701,3851,222,143,35,614,34408,33849,108,2,87,98,821622,0,0,0,0,1,0,0,470,243,3721,0,0,0,0,0,0,0,0,300,-293,0,0,30
2485.21,0,0,0,0,99,3247,1.53134,0.00302372,1.53457,38,0,29,24,31,0,-2,0,0,0.1,57,3701,3851,222,143,35,614,34408,33849,108,2,87,98,821622,0,0,0,0,1,161,352,0,253,3721,0,0,0,0,0,0,0,0,300,-307,0,0,30
2485.22,0,0,0,0,100,3243,1.53135,0.0030361,1.53451,38,0,29,24,31,0,-2,0,0,0.2,57,3707,3851,223,143,35,614,34408,33849,108,2,87,98,826661,0,0,0,0,1,0,0,513,274,3718,0,0,0,0,0,0,0,0,300,-287,0,0,30
2485.23,0,0,0,0,100,3235,1.53137,0.00304847,1.53446,38,0,29,24,31,0,-2,0,0,0.3,57,3707,3851,223,143,35,614,34408,33849,108,2,87,98,826661,0,0,0,0,1,44,413,0,268,3740,0,0,0,0,0,0,0,0,300,-307,0,0,30
2485.24,0,0,0,0,100,3235,1.53138,0.00306085,1.5344,38,0,29,24,31,0,-2,0,0,0.4,57,3707,3850,262,143,35,614,34408,33849,108,2,87,98,971234,0,0,0,0,1,82,0,369,253,3753,0,0,0,0,0,0,0,0,300,-293,0,0,30
2485.25,0,0,0,0,100,3235,1.53139,0.00307322,1.53434,38,0,29,24,31,0,-2,0,0,0.5,57,3704,3850,246,143,35,614,34408,33849,108,2,87,98,911184,0,0,0,0,1,82,0,369,253,3753,0,0,0,0,0,0,0,0,300,-293,0,0,30
2485.26,0,0,0,0,99,3242,1.5314,0.00308559,1.53429,38,0,29,24,31,0,-2,0,0,0.6,57,3704,3850,235,143,35,614,34408,33849,108,2,87,98,870440,0,0,0,0,1,0,454,0,245,3753,0,0,0,0,0,0,0,0,300,-278,0,0,30
2485.27,0,0,0,0,99,3251,1.53141,0.00309797,1.53423,38,0,29,24,31,0,-2,0,0,0.7,57,3704,3850,235,143,35,614,34408,33849,108,2,87,98,870440,0,0,0,0,1,144,0,310,246,3762,0,0,0,0,0,0,0,0,300,-251,0,0,30
2485.28,0,0,0,0,99,3258,1.53143,0.00311034,1.53418,38,0,29,24,31,0,-2,0,0,0.8,57,3701,3850,227,143,35,614,34408,33849,108,2,87,98,840127,0,0,0,0,1,0,477,0,258,3736,0,0,0,0,0,0,0,0,300,-297,0,0,30
2485.29,0,0,0,0,100,3258,1.53144,0.00312272,1.53412,38,0,29,24,31,0,-2,0,0,0.9,57,3701,3850,229,143,35,614,34408,33849,108,2,87,98,847529,0,0,0,0,1,0,0,513,268,3714,0,0,0,0,0,0,0,0,300,-314,0,0,30
2485.3,0,0,0,0,100,3255,1.53145,0.00313509,1.53406,38,0,29,24,30,0,-2,0,0,1,57,3708,3850,245,143,35,614,34409,33830,108,2,65,98,908460,0,0,0,0,1,194,344,0,268,3727,0,0,0,0,0,0,0,0,300,-319,0,0,30
2485.31,0,0,0,0,99,3255,1.53152,0.0031265,1.53437,38,0,29,24,30,0,-2,0,0,1,57,3708,3850,245,143,35,614,34409,33830,108,2,65,98,908460,0,0,0,0,1,194,344,0,268,3727,0,0,0,0,0,0,0,0,300,-319,0,0,30
2485.32,0,0,0,0,100,3251,1.53159,0.0031179,1.53467,38,0,29,24,30,0,-2,0,0,1,57,3708,3847,248,143,35,614,34409,33830,108,2,65,98,919584,0,0,0,0,1,0,0,513,260,3712,0,0,0,0,0,0,0,0,300,-294,0,0,30
2485.33,0,0,0,0,100,3256,1.53166,0.0031093,1.53497,38,0,29,24,30,0,-2,0,0,1,57,3701,3847,250,143,35,614,34409,33830,108,2,65,98,925250,0,0,0,0,1,164,317,0,246,3733,0,0,0,0,0,0,0,0,300,-286,0,0,30
2485.34,0,0,0,0,100,3267,1.53172,0.00310071,1.53527,38,0,29,24,30,0,-2,0,0,1,57,3701,3847,240,143,35,614,34409,33830,108,2,65,98,888240,0,0,0,0,1,0,0,511,249,3701,0,0,0,0,0,0,0,0,300,-312,0,0,30
2485.35,0,0,0,0,100,3274,1.53179,0.00309211,1.53557,38,0,29,24,30,0,-2,0,0,1,57,3701,3847,240,143,35,614,34409,33830,108,2,65,98,888240,0,0,0,0,1,390,82,0,258,3723,0,0,0,0,0,0,0,0,300,-296,0,0,30
2485.36,0,0,0,0,99,3272,1.53186,0.00308351,1.53587,38,0,29,24,30,0,-2,0,0,1,57,3697,3847,230,143,35,614,34409,33830,108,2,65,98,850310,0,0,0,0,1,0,79,407,272,3723,0,0,0,0,0,0,0,0,300,-307,0,0,30
2485.37,0,0,0,0,99,3272,1.53193,0.00307491,1.53617,38,0,29,24,30,0,-2,0,0,1,57,3697,3847,233,143,35,614,34409,33830,108,2,65,98,861401,0,0,0,0,1,0,79,407,272,3723,0,0,0,0,0,0,0,0,300,-307,0,0,30
2485.38,0,0,0,0,100,3266,1.53199,0.00306632,1.53647,38,0,29,24,30,0,-2,0,0,1,57,3697,3847,249,143,35,614,34409,33830,108,2,65,98,920553,0,0,0,0,1,552,0,0,276,3699,0,0,0,0,0,0,0,0,300,-323,0,0,30
2485.39,0,0,0,0,100,3267,1.53206,0.00305772,1.53677,38,0,29,24,30,0,-2,0,0,1,57,3697,3847,249,143,35,614,34409,33830,108,2,65,98,920553,0,0,0,0,1,0,240,276,261,3703,0,0,0,0,0,0,0,0,300,-328,0,0,30
2485.4,0,0,0,0,100,3274,1.53213,0.00304912,1.53707,38,0,29,24,30,0,-2,0,0,1,57,3710,3847,251,143,35,614,34476,33952,108,2,87,98,931210,0,0,0,0,1,462,0,0,247,3725,0,0,0,0,0,0,0,0,300,-274,0,0,30
2485.41,0,0,0,0,100,3283,1.53172,0.00305223,1.53673,38,0,29,24,30,0,-2,0,0,1,57,3710,3847,242,143,35,614,34476,33952,108,2,87,98,897820,0,0,0,0,1,0,459,0,250,3744,0,0,0,0,0,0,0,0,300,-278,0,0,30
2485.42,0,0,0,0,100,3288,1.5313,0.00305534,1.5364,38,0,29,24,30,0,-2,0,0,1,57,3697,3847,228,143,35,614,34476,33952,108,2,87,98,842916,0,0,0,0,1,208,0,269,262,3744,0,0,0,0,0,0,0,0,300,-278,0,0,30
2485.43,0,0,0,0,99,3288,1.53088,0.00305845,1.53606,38,0,29,24,30,0,-2,0,0,1,57,3697,3847,228,143,35,614,34476,33952,108,2,87,98,842916,0,0,0,0,1,208,0,269,262,3744,0,0,0,0,0,0,0,0,300,-278,0,0,30
2485.44,0,0,0,0,100,3288,1.53047,0.00306156,1.53572,38,0,29,24,30,0,-2,0,0,1,57,3709,3847,237,143,35,614,34476,33952,108,2,87,98,879033,0,0,0,0,1,91,424,0,276,3731,0,0,0,0,0,0,0,0,300,-322,0,0,30
2485.45,0,0,0,0,99,3282,1.53005,0.00306467,1.53538,38,0,29,24,30,0,-2,0,0,1,57,3709,3847,246,143,35,614,34476,33952,108,2,87,98,912414,0,0,0,0,1,0,0,542,270,3710,0,0,0,0,0,0,0,0,300,-307,0,0,30
2485.46,0,0,0,0,99,3282,1.52964,0.00306778,1.53504,38,0,29,24,30,0,-2,0,0,1,57,3709,3847,256,143,35,614,34476,33952,108,2,87,98,949504,0,0,0,0,1,398,63,0,260,3716,0,0,0,0,0,0,0,0,300,-293,0,0,30
2485.47,0,0,0,0,100,3287,1.52922,0.00307089,1.5347,38,0,29,24,30,0,-2,0,0,1,57,3709,3847,256,143,35,614,34476,33952,108,2,87,98,949504,0,0,0,0,1,0,184,317,253,3725,0,0,0,0,0,0,0,0,300,-300,0,0,30
2485.48,0,0,0,0,99,3297,1.52881,0.003074,1.53436,38,0,29,24,30,0,-2,0,0,1,57,3703,3847,244,143,35,614,34476,33952,108,2,87,98,903532,0,0,0,0,1,454,0,0,252,3723,0,0,0,0,0,0,0,0,300,-284,0,0,30
2485.49,0,0,0,0,99,3297,1.52839,0.00307711,1.53402,38,0,29,24,30,0,-2,0,0,1,57,3703,3847,232,143,35,614,34476,33952,108,2,87,98,859096,0,0,0,0,1,454,0,0,252,3723,0,0,0,0,0,0,0,0,300,-284,0,0,30
2485.5,0,0,0,0,100,3306,1.52798,0.00308021,1.53368,38,0,29,24,29,0,-2,0,0,1,57,3702,3847,228,144,35,614,34411,33825,108,2,65,98,844056,0,0,0,0,1,0,487,0,257,3757,0,0,0,0,0,0,0,0,300,-284,0,0,30
2485.51,0,0,0,0,99,3303,1.52855,0.00307043,1.53396,38,0,29,24,29,0,-2,0,0,0.9,57,3702,3847,228,144,35,614,34411,33825,108,2,65,98,844056,0,0,0,0,1,0,0,501,279,3716,0,0,0,0,0,0,0,0,300,-311,0,0,30
2485.52,0,0,0,0,100,3297,1.52913,0.00306065,1.53425,38,0,29,24,29,0,-2,0,0,0.8,57,3705,3847,246,144,35,614,34411,33825,108,2,65,98,911430,0,0,0,0,1,410,98,0,276,3721,0,0,0,0,0,0,0,0,300,-315,0,0,30
2485.53,0,0,0,0,99,3297,1.52971,0.00305087,1.53454,38,0,29,24,29,0,-2,0,0,0.7,57,3705,3847,259,144,35,614,34411,33825,108,2,65,98,959595,0,0,0,0,1,0,178,345,258,3716,0,0,0,0,0,0,0,0,300,-291,0,0,30
2485.54,0,0,0,0,100,3304,1.53029,0.00304108,1.53482,38,0,29,24,29,0,-2,0,0,0.6,57,3705,3847,263,144,35,614,34411,33825,108,2,65,98,974415,0,0,0,0,1,416,0,0,247,3723,0,0,0,0,0,0,0,0,300,-281,0,0,30
2485.55,0,0,0,0,100,3304,1.53086,0.0030313,1.53511,38,0,29,24,29,0,-2,0,0,0.5,57,3705,3847,263,144,35,614,34411,33825,108,2,65,98,974415,0,0,0,0,1,416,0,0,247,3723,0,0,0,0,0,0,0,0,300,-281,0,0,30
2485.56,0,0,0,0,100,3314,1.53144,0.00302152,1.53539,38,0,29,24,29,0,-2,0,0,0.4,57,3702,3847,240,144,35,614,34411,33825,108,2,65,98,888480,0,0,0,0,1,0,456,0,253,3755,0,0,0,0,0,0,0,0,300,-276,0,0,30
2485.57,0,0,0,0,99,3317,1.53202,0.00301174,1.53568,38,0,29,24,29,0,-2,0,0,0.3,57,3702,3847,229,144,35,614,34411,33825,108,2,65,98,847758,0,0,0,0,1,0,0,548,267,3688,0,0,0,0,0,0,0,0,300,-299,0,0,30
2485.58,0,0,0,0,100,3316,1.53259,0.00300195,1.53596,38,0,29,24,29,0,-2,0,0,0.2,57,3702,3847,231,144,35,614,34411,33825,108,2,65,98,855162,0,0,0,0,1,554,0,0,273,3701,0,0,0,0,0,0,0,0,300,-326,0,0,30
2485.59,0,0,0,0,99,3315,1.53317,0.00299217,1.53625,38,0,29,24,29,0,-2,0,0,0.1,57,3702,3847,231,144,35,614,34411,33825,108,2,65,98,855162,0,0,0,0,1,0,497,0,270,3723,0,0,0,0,0,0,0,0,300,-307,0,0,30
2485.6,0,0,0,0,99,3314,1.53375,0.00298239,1.53654,38,0,29,24,30,0,-2,0,0,0,57,3701,3847,252,144,35,614,34410,33859,108,2,68,98,932652,0,0,0,0,1,27,0,388,265,3755,0,0,0,0,0,0,0,0,300,-266,0,0,30
2485.61,0,0,0,0,100,3314,1.53369,0.00299826,1.53606,38,0,29,24,30,0,-2,0,0,0,57,3704,3847,257,144,35,614,34410,33859,108,2,68,98,951928,0,0,0,0,1,27,0,388,265,3755,0,0,0,0,0,0,0,0,300,-266,0,0,30
2485.62,0,0,0,0,100,3319,1.53363,0.00301414,1.53558,38,0,29,24,30,0,-2,0,0,0,57,3704,3847,254,144,35,614,34410,33859,108,2,68,98,940816,0,0,0,0,1,369,114,0,254,3725,0,0,0,0,0,0,0,0,300,-295,0,0,30
2485.63,0,0,0,0,100,3330,1.53357,0.00303001,1.53511,38,0,29,24,30,0,-2,0,0,0,57,3704,3847,254,144,35,614,34410,33859,108,2,68,98,940816,0,0,0,0,1,0,401,0,257,3718,0,0,0,0,0,0,0,0,300,-303,0,0,30
2485.64,0,0,0,0,100,3333,1.53351,0.00304588,1.53463,38,0,29,24,30,0,-2,0,0,0,57,3698,3850,227,144,35,614,34410,33859,108,2,68,98,839446,0,0,0,0,1,177,0,314,270,3755,0,0,0,0,0,0,0,0,300,-277,0,0,30
2485.65,0,0,0,0,99,3330,1.53345,0.00306175,1.53415,38,0,29,24,30,0,-2,0,0,0,57,3698,3850,228,144,35,614,34410,33859,108,2,68,98,843144,0,0,0,0,1,339,164,0,276,3721,0,0,0,0,0,0,0,0,300,-301,0,0,30
2485.66,0,0,0,0,99,3325,1.53339,0.00307763,1.53368,38,0,29,24,30,0,-2,0,0,0,57,3698,3850,236,144,35,614,34410,33859,108,2,68,98,872728,0,0,0,0,1,0,280,238,274,3699,0,0,0,0,0,0,0,0,300,-312,0,0,30
2485.67,0,0,0,0,99,3325,1.53333,0.0030935,1.5332,38,0,29,24,30,0,-2,0,0,0,57,3698,3850,236,144,35,614,34410,33859,108,2,68,98,872728,0,0,0,0,1,0,280,238,274,3699,0,0,0,0,0,0,0,0,300,-312,0,0,30
2485.68,0,0,0,0,99,3327,1.53327,0.00310937,1.53272,38,0,29,24,30,0,-2,0,0,0,57,3704,3850,251,144,35,614,34410,33859,108,2,68,98,929704,0,0,0,0,1,251,0,238,257,3747,0,0,0,0,0,0,0,0,300,-299,0,0,30
2485.69,0,0,0,0,100,3338,1.53321,0.00312525,1.53225,38,0,29,24,30,0,-2,0,0,0,57,3702,3850,261,144,35,614,34410,33859,108,2,68,98,966222,0,0,0,0,1,257,229,0,247,3729,0,0,0,0,0,0,0,0,300,-285,0,0,30
2485.7,0,0,0,0,99,3346,1.53315,0.00314112,1.53177,38,0,29,24,30,0,-2,0,0,0,57,3702,3850,243,144,35,614,34414,33854,108,2,65,98,899586,0,0,0,0,1,0,307,152,264,3710,0,0,0,0,0,0,0,0,300,-293,0,0,30
2485.71,0,0,0,0,99,3347,1.53295,0.00313981,1.53153,38,0,29,24,30,0,-2,0,0,0.1,57,3702,3850,243,144,35,614,34414,33854,108,2,65,98,899586,0,0,0,0,1,62,0,394,268,3747,0,0,0,0,0,0,0,0,300,-278,0,0,30
2485.72,0,0,0,0,99,3346,1.53276,0.00313851,1.53129,38,0,29,24,30,0,-2,0,0,0.2,57,3698,3850,233,144,35,614,34414,33854,108,2,65,98,861634,0,0,0,0,1,521,0,0,279,3706,0,0,0,0,0,0,0,0,300,-328,0,0,30
2485.73,0,0,0,0,99,3346,1.53256,0.0031372,1.53104,38,0,29,24,30,0,-2,0,0,0.3,57,3698,3856,237,144,35,614,34414,33854,108,2,65,98,876426,0,0,0,0,1,521,0,0,279,3706,0,0,0,0,0,0,0,0,300,-328,0,0,30
2485.74,0,0,0,0,100,3342,1.53236,0.00313589,1.5308,38,0,29,24,30,0,-2,0,0,0.4,57,3698,3856,242,144,35,614,34414,33854,108,2,65,98,894916,0,0,0,0,1,0,489,0,274,3718,0,0,0,0,0,0,0,0,300,-321,0,0,30
2485.75,0,0,0,0,99,3341,1.53216,0.00313459,1.53056,38,0,29,24,30,0,-2,0,0,0.5,57,3698,3856,242,144,35,614,34414,33854,108,2,65,98,894916,0,0,0,0,1,0,0,492,262,3712,0,0,0,0,0,0,0,0,300,-274,0,0,30
2485.76,0,0,0,0,100,3349,1.53196,0.00313328,1.53032,38,0,29,24,30,0,-2,0,0,0.6,57,3700,3856,253,144,35,614,34414,33854,108,2,65,98,936100,0,0,0,0,1,522,0,0,251,3721,0,0,0,0,0,0,0,0,300,-282,0,0,30
2485.77,0,0,0,0,100,3360,1.53176,0.00313197,1.53008,38,0,29,24,30,0,-2,0,0,0.7,57,3697,3856,243,144,35,614,34414,33854,108,2,65,98,898371,0,0,0,0,1,0,446,0,255,3749,0,0,0,0,0,0,0,0,300,-293,0,0,30
2485.78,0,0,0,0,99,3364,1.53156,0.00313067,1.52983,38,0,29,24,30,0,-2,0,0,0.8,57,3697,3856,241,144,35,614,34414,33854,108,2,65,98,890977,0,0,0,0,1,0,98,394,267,3706,0,0,0,0,0,0,0,0,300,-302,0,0,30
2485.79,0,0,0,0,100,3364,1.53136,0.00312936,1.52959,38,0,29,24,30,0,-2,0,0,0.9,57,3697,3856,241,144,35,614,34414,33854,108,2,65,98,890977,0,0,0,0,1,0,98,394,267,3706,0,0,0,0,0,0,0,0,300,-302,0,0,30
2485.8,0,0,0,0,100,3359,1.53116,0.00312805,1.52935,38,0,29,24,31,0,-2,0,0,1,57,3698,3856,238,144,35,614,34373,33802,108,2,68,73,880124,0,0,0,0,1,144,0,329,287,3738,0,0,0,0,0,0,0,0,300,-315,0,0,30
2485.81,0,0,0,0,99,3355,1.53133,0.00312276,1.52965,38,0,29,24,31,0,-2,0,0,1,57,3698,3856,240,144,35,614,34373,33802,108,2,68,73,887520,0,0,0,0,1,458,0,0,275,3714,0,0,0,0,0,0,0,0,300,-308,0,0,30
2485.82,0,0,0,0,99,3358,1.53149,0.00311748,1.52996,38,0,29,24,31,0,-2,0,0,1,57,3698,3856,260,144,35,614,34373,33802,108,2,68,73,961480,0,0,0,0,1,0,481,0,259,3744,0,0,0,0,0,0,0,0,300,-289,0,0,30
2485.83,0,0,0,0,99,3367,1.53166,0.00311219,1.53026,38,0,29,24,31,0,-2,0,0,1,57,3698,3856,260,144,35,614,34373,33802,108,2,68,73,961480,0,0,0,0,1,0,0,484,257,3695,0,0,0,0,0,0,0,0,300,-290,0,0,30
2485.84,0,0,0,0,100,3373,1.53182,0.0031069,1.53056,38,0,29,24,31,0,-2,0,0,1,57,3704,3856,243,144,35,614,34373,33802,108,2,68,73,900072,0,0,0,0,1,363,0,112,268,3727,0,0,0,0,0,0,0,0,300,-297,0,0,30
2485.85,0,0,0,0,99,3373,1.53198,0.00310161,1.53087,38,0,29,24,31,0,-2,0,0,1,57,3694,3856,235,144,35,614,34373,33802,108,2,68,73,868090,0,0,0,0,1,363,0,112,268,3727,0,0,0,0,0,0,0,0,300,-297,0,0,30
2485.86,0,0,0,0,99,3374,1.53215,0.00309632,1.53117,38,0,29,24,31,0,-2,0,0,1,57,3694,3856,234,144,35,614,34373,33802,108,2,68,73,864396,0,0,0,0,1,335,180,0,273,3714,0,0,0,0,0,0,0,0,300,-306,0,0,30
2485.87,0,0,0,0,99,3372,1.53231,0.00309103,1.53147,38,0,29,24,31,0,-2,0,0,1,57,3694,3856,234,144,35,614,34373,33802,108,2,68,73,864396,0,0,0,0,1,0,509,0,279,3716,0,0,0,0,0,0,0,0,300,-318,0,0,30
2485.88,0,0,0,0,100,3370,1.53247,0.00308574,1.53178,38,0,29,24,31,0,-2,0,0,1,57,3701,3856,253,144,35,614,34373,33802,108,2,68,73,936353,0,0,0,0,1,0,0,460,269,3710,0,0,0,0,0,0,0,0,300,-275,0,0,30
2485.89,0,0,0,0,99,3373,1.53264,0.00308045,1.53208,38,0,29,24,31,0,-2,0,0,1,57,3701,3856,252,144,35,614,34373,33802,108,2,68,73,932652,0,0,0,0,1,413,0,41,260,3721,0,0,0,0,0,0,0,0,300,-289,0,0,30
2485.9,0,0,0,0,99,3381,1.5328,0.00307516,1.53238,38,0,29,24,30,0,-2,0,0,1,58,3701,3856,250,144,35,614,34401,33846,108,2,65,98,925250,0,0,0,0,1,275,219,0,254,3718,0,0,0,0,0,0,0,0,300,-289,0,0,30
2485.91,0,0,0,0,99,3381,1.53255,0.00306811,1.53248,38,0,29,24,30,0,-2,0,0,1,58,3701,3856,250,144,35,614,34401,33846,108,2,65,98,925250,0,0,0,0,1,275,219,0,254,3718,0,0,0,0,0,0,0,0,300,-289,0,0,30
2485.92,0,0,0,0,99,3388,1.5323,0.00306106,1.53258,38,0,29,24,30,0,-2,0,0,1,58,3697,3856,248,144,35,614,34401,33846,108,2,65,98,916856,0,0,0,0,1,0,516,0,268,3753,0,0,0,0,0,0,0,0,300,-305,0,0,30
2485.93,0,0,0,0,99,3388,1.53205,0.00305401,1.53268,38,0,29,24,30,0,-2,0,0,1,58,3697,3856,239,144,35,614,34401,33846,108,2,65,98,883583,0,0,0,0,1,0,18,433,282,3701,0,0,0,0,0,0,0,0,300,-319,0,0,30
2485.94,0,0,0,0,99,3382,1.5318,0.00304696,1.53278,38,0,29,24,30,0,-2,0,0,1,58,3697,3856,240,144,35,614,34401,33846,108,2,65,98,887280,0,0,0,0,1,288,0,275,281,3725,0,0,0,0,0,0,0,0,300,-326,0,0,30
2485.95,0,0,0,0,99,3381,1.53155,0.00303991,1.53288,38,0,29,24,30,0,-2,0,0,1,58,3697,3856,240,144,35,614,34401,33846,108,2,65,98,887280,0,0,0,0,1,501,0,0,270,3712,0,0,0,0,0,0,0,0,300,-318,0,0,30
2485.96,0,0,0,0,99,3389,1.5313,0.00303286,1.53298,38,0,29,24,30,0,-2,0,0,1,58,3704,3856,265,144,35,614,34401,33846,108,2,65,98,981560,0,0,0,0,1,0,442,0,253,3749,0,0,0,0,0,0,0,0,300,-266,0,0,30
2485.97,0,0,0,0,99,3389,1.53105,0.00302581,1.53308,38,0,29,24,30,0,-2,0,0,1,58,3704,3856,261,144,35,614,34401,33846,108,2,65,98,966744,0,0,0,0,1,0,442,0,253,3749,0,0,0,0,0,0,0,0,300,-266,0,0,30
2485.98,0,0,0,0,99,3399,1.53081,0.00301876,1.53318,38,0,29,24,30,0,-2,0,0,1,58,3704,3855,255,144,35,614,34401,33846,108,2,65,98,944520,0,0,0,0,1,0,264,263,260,3703,0,0,0,0,0,0,0,0,300,-304,0,0,30
2485.99,0,0,0,0,100,3402,1.53056,0.00301171,1.53328,38,0,29,24,30,0,-2,0,0,1,58,3704,3855,255,144,35,614,34401,33846,108,2,65,98,944520,0,0,0,0,1,0,0,554,282,3688,0,0,0,0,0,0,0,0,300,-345,0,0,30
2486,0,0,0,0,99,3400,1.53031,0.00300466,1.53338,38,0,29,24,30,0,-2,0,0,1,57,3699,3855,232,144,35,614,34352,33776,108,2,87,98,858168,0,0,0,0,1,425,0,138,289,3721,0,0,0,0,0,0,0,0,300,-319,0,0,30
2486.01,0,0,0,0,99,3396,1.53013,0.00300703,1.53342,38,0,29,24,30,0,-2,0,0,1,57,3699,3855,248,144,35,614,34352,33776,108,2,87,98,917352,0,0,0,0,1,451,10,0,279,3710,0,0,0,0,0,0,0,0,300,-308,0,0,30
2486.02,0,0,0,0,100,3396,1.52994,0.00300939,1.53345,38,0,29,24,30,0,-2,0,0,1,57,3699,3855,253,144,35,614,34352,33776,108,2,87,98,935847,0,0,0,0,1,0,495,0,271,3749,0,0,0,0,0,0,0,0,300,-295,0,0,30
2486.03,0,0,0,0,100,3396,1.52976,0.00301175,1.53348,38,0,29,24,30,0,-2,0,0,1,57,3699,3855,253,144,35,614,34352,33776,108,2,87,98,935847,0,0,0,0,1,0,495,0,271,3749,0,0,0,0,0,0,0,0,300,-295,0,0,30
2486.04,0,0,0,0,100,3400,1.52958,0.00301412,1.53351,38,0,29,24,30,0,-2,0,0,1,57,3701,3855,262,144,35,614,34352,33776,108,2,87,98,969662,0,0,0,0,1,0,252,284,260,3703,0,0,0,0,0,0,0,0,300,-300,0,0,30
2486.05,0,0,0,0,100,3410,1.5294,0.00301648,1.53354,38,0,29,24,30,0,-2,0,0,1,57,3701,3854,259,144,35,614,34352,33776,108,2,87,98,958559,0,0,0,0,1,0,0,515,260,3697,0,0,0,0,0,0,0,0,300,-316,0,0,30
2486.06,0,0,0,0,100,3417,1.52922,0.00301885,1.53357,38,0,29,24,30,0,-2,0,0,1,57,3701,3854,255,144,35,614,34352,33776,108,2,87,98,943755,0,0,0,0,1,343,0,185,272,3725,0,0,0,0,0,0,0,0,300,-310,0,0,30
2486.07,0,0,0,0,100,3413,1.52904,0.00302121,1.5336,38,0,29,24,30,0,-2,0,0,1,57,3701,3854,255,144,35,614,34352,33776,108,2,87,98,943755,0,0,0,0,1,577,0,0,296,3708,0,0,0,0,0,0,0,0,300,-339,0,0,30
2486.08,0,0,0,0,100,3408,1.52886,0.00302358,1.53363,38,0,29,24,30,0,-2,0,0,1,57,3695,3854,242,144,35,614,34352,33776,108,2,87,98,894190,0,0,0,0,1,179,346,0,278,3712,0,0,0,0,0,0,0,0,300,-313,0,0,30
2486.09,0,0,0,0,99,3408,1.52868,0.00302594,1.53367,38,0,29,24,30,0,-2,0,0,1,57,3695,3854,248,144,35,614,34352,33776,108,2,87,98,916360,0,0,0,0,1,179,346,0,278,3712,0,0,0,0,0,0,0,0,300,-313,0,0,30
2486.1,0,0,0,0,99,3411,1.5285,0.0030283,1.5337,38,0,29,24,30,0,-2,0,0,1,57,3700,3854,250,144,35,614,34387,33827,108,2,68,98,925000,0,0,0,0,1,0,492,0,257,3738,0,0,0,0,0,0,0,0,300,-292,0,0,30
2486.11,0,0,0,0,99,3419,1.52881,0.00303352,1.53373,38,0,29,24,30,0,-2,0,0,1,57,3700,3854,250,144,35,614,34387,33827,108,2,68,98,925000,0,0,0,0,1,0,166,323,264,3703,0,0,0,0,0,0,0,0,300,-309,0,0,30
2486.12,0,0,0,0,99,3425,1.52912,0.00303873,1.53376,38,0,29,24,30,0,-2,0,0,1,57,3696,3854,256,144,35,614,34387,33827,108,2,68,98,946176,0,0,0,0,1,0,0,534,269,3699,0,0,0,0,0,0,0,0,300,-292,0,0,30
2486.13,0,0,0,0,99,3425,1.52943,0.00304395,1.53379,38,0,29,24,30,0,-2,0,0,1,57,3696,3854,243,144,35,614,34387,33827,108,2,68,98,898128,0,0,0,0,1,144,0,345,283,3740,0,0,0,0,0,0,0,0,300,-287,0,0,30
2486.14,0,0,0,0,99,3422,1.52974,0.00304916,1.53382,38,0,29,24,30,0,-2,0,0,1,57,3696,3851,243,144,35,614,34387,33827,108,2,68,98,898128,0,0,0,0,1,534,0,0,277,3708,0,0,0,0,0,0,0,0,300,-312,0,0,30
2486.15,0,0,0,0,100,3422,1.53005,0.00305438,1.53385,38,0,29,24,30,0,-2,0,0,1,57,3696,3851,243,144,35,614,34387,33827,108,2,68,98,898128,0,0,0,0,1,534,0,0,277,3708,0,0,0,0,0,0,0,0,300,-312,0,0,30
2486.16,0,0,0,0,99,3422,1.53036,0.00305959,1.53388,38,0,29,24,30,0,-2,0,0,1,57,3700,3851,260,144,35,614,34387,33827,108,2,68,98,962000,0,0,0,0,1,276,225,0,267,3712,0,0,0,0,0,0,0,0,300,-294,0,0,30
2486.17,0,0,0,0,99,3427,1.53067,0.0030648,1.53391,38,0,29,24,30,0,-2,0,0,1,57,3700,3851,255,144,35,614,34387,33827,108,2,68,98,943500,0,0,0,0,1,0,462,0,268,3751,0,0,0,0,0,0,0,0,300,-273,0,0,30
2486.18,0,0,0,0,99,3435,1.53098,0.00307002,1.53394,38,0,29,24,30,0,-2,0,0,1,57,3700,3851,271,144,35,614,34387,33827,108,2,68,98,1.0027e+06,0,0,0,0,1,0,366,46,255,3714,0,0,0,0,0,0,0,0,300,-259,0,0,30
2486.19,0,0,0,0,99,3441,1.53129,0.00307523,1.53397,38,0,29,24,30,0,-2,0,0,1,57,3700,3851,271,144,35,614,34387,33827,108,2,68,98,1.0027e+06,0,0,0,0,1,0,176,370,284,3695,0,0,0,0,0,0,0,0,300,-339,0,0,30
2486.2,0,0,0,0,100,3439,1.53161,0.00308045,1.534,38,0,29,24,30,0,-2,0,0,1,57,3700,3851,251,144,35,614,34390,33828,108,2,65,98,928700,0,0,0,0,1,0,0,539,279,3697,0,0,0,0,0,0,0,0,300,-310,0,0,30
2486.21,0,0,0,0,99,3439,1.5316,0.00307945,1.53377,38,0,29,24,30,0,-2,0,0,0.9,57,3694,3851,242,144,35,614,34390,33828,108,2,65,98,893948,0,0,0,0,1,0,0,539,279,3697,0,0,0,0,0,0,0,0,300,-310,0,0,30
2486.22,0,0,0,0,99,3432,1.5316,0.00307845,1.53354,38,0,29,24,30,0,-2,0,0,0.8,57,3694,3851,240,144,35,614,34390,33828,108,2,65,98,886560,0,0,0,0,1,140,0,333,287,3742,0,0,0,0,0,0,0,0,300,-304,0,0,30
2486.23,0,0,0,0,99,3430,1.5316,0.00307745,1.53331,38,0,29,24,30,0,-2,0,0,0.7,57,3694,3851,240,144,35,614,34390,33828,108,2,65,98,886560,0,0,0,0,1,437,0,0,271,3712,0,0,0,0,0,0,0,0,300,-281,0,0,30
2486.24,0,0,0,0,99,3441,1.5316,0.00307646,1.53308,38,0,29,24,30,0,-2,0,0,0.6,57,3702,3851,271,144,35,614,34390,33828,108,2,65,98,1.00324e+06,0,0,0,0,1,439,0,0,256,3716,0,0,0,0,0,0,0,0,300,-272,0,0,30
2486.25,0,0,0,0,99,3453,1.53159,0.00307546,1.53285,38,0,29,24,30,0,-2,0,0,0.5,57,3702,3851,273,144,35,614,34390,33828,108,2,65,98,1.01065e+06,0,0,0,0,1,275,237,0,268,3716,0,0,0,0,0,0,0,0,300,-294,0,0,30
2486.26,0,0,0,0,100,3456,1.53159,0.00307446,1.53262,38,0,29,24,30,0,-2,0,0,0.4,57,3702,3851,252,144,35,614,34390,33828,108,2,65,98,932904,0,0,0,0,1,83,399,0,281,3733,0,0,0,0,0,0,0,0,300,-307,0,0,30
2486.27,0,0,0,0,99,3456,1.53159,0.00307346,1.53239,38,0,29,24,30,0,-2,0,0,0.3,57,3702,3851,252,144,35,614,34390,33828,108,2,65,98,932904,0,0,0,0,1,83,399,0,281,3733,0,0,0,0,0,0,0,0,300,-307,0,0,30
2486.28,0,0,0,0,100,3452,1.53158,0.00307247,1.53216,38,0,29,24,30,0,-2,0,0,0.2,57,3691,3851,242,144,35,614,34390,33828,108,2,65,98,893222,0,0,0,0,1,0,538,0,288,3749,0,0,0,0,0,0,0,0,300,-283,0,0,30
2486.29,0,0,0,0,99,3446,1.53158,0.00307147,1.53193,38,0,29,24,30,0,-2,0,0,0.1,57,3696,3851,248,144,35,614,34390,33828,108,2,65,98,916608,0,0,0,0,1,0,395,111,288,3686,0,0,0,0,0,0,0,0,300,-302,0,0,30
2486.3,0,0,0,0,99,3447,1.53158,0.00307047,1.5317,38,0,29,24,30,0,-2,0,0,0,57,3696,3851,250,144,35,614,34381,33741,108,2,65,98,924000,0,0,0,0,1,0,145,282,274,3701,0,0,0,0,0,0,0,0,300,-318,0,0,30
2486.31,0,0,0,0,99,3453,1.53202,0.00308989,1.53204,38,0,29,24,30,0,-2,0,0,0.1,57,3696,3851,250,144,35,614,34381,33741,108,2,65,98,924000,0,0,0,0,1,0,0,437,260,3706,0,0,0,0,0,0,0,0,300,-264,0,0,30
2486.32,0,0,0,0,99,3463,1.53245,0.00310932,1.53237,38,0,29,24,30,0,-2,0,0,0.2,57,3695,3851,270,144,35,614,34381,33741,108,2,65,98,997650,0,0,0,0,1,0,0,489,265,3699,0,0,0,0,0,0,0,0,300,-315,0,0,30
2486.33,0,0,0,0,100,3463,1.53289,0.00312874,1.5327,38,0,29,24,30,0,-2,0,0,0.3,57,3695,3851,263,144,35,614,34381,33741,108,2,65,98,971785,0,0,0,0,1,0,0,489,265,3699,0,0,0,0,0,0,0,0,300,-315,0,0,30
2486.34,0,0,0,0,100,3468,1.53332,0.00314817,1.53303,38,0,29,24,30,0,-2,0,0,0.4,57,3693,3851,257,144,35,614,34381,33741,108,2,65,98,949101,0,0,0,0,1,0,0,517,280,3725,0,0,0,0,0,0,0,0,300,-285,0,0,30
2486.35,0,0,0,0,99,3467,1.53376,0.00316759,1.53336,38,0,29,24,30,0,-2,0,0,0.5,57,3693,3851,257,144,35,614,34381,33741,108,2,65,98,949101,0,0,0,0,1,147,0,353,287,3740,0,0,0,0,0,0,0,0,300,-305,0,0,30
2486.36,0,0,0,0,99,3460,1.5342,0.00318702,1.53369,38,0,29,24,30,0,-2,0,0,0.6,57,3697,3851,247,144,35,614,34381,33741,108,2,65,98,913159,0,0,0,0,1,378,0,181,292,3718,0,0,0,0,0,0,0,0,300,-323,0,0,30
2486.37,0,0,0,0,99,3464,1.53463,0.00320644,1.53402,38,0,29,24,30,0,-2,0,0,0.7,57,3697,3851,256,144,35,614,34381,33741,108,2,65,98,946432,0,0,0,0,1,429,0,0,267,3714,0,0,0,0,0,0,0,0,300,-266,0,0,30
2486.38,0,0,0,0,99,3464,1.53507,0.00322587,1.53435,38,0,29,24,30,0,-2,0,0,0.8,57,3697,3851,254,144,35,614,34381,33741,108,2,65,98,939038,0,0,0,0,1,486,0,0,270,3712,0,0,0,0,0,0,0,0,300,-290,0,0,30
2486.39,0,0,0,0,99,3470,1.53551,0.00324529,1.53469,38,0,29,24,30,0,-2,0,0,0.9,57,3697,3851,254,144,35,614,34381,33741,108,2,65,98,939038,0,0,0,0,1,486,0,0,270,3712,0,0,0,0,0,0,0,0,300,-290,0,0,30
2486.4,0,0,0,0,99,3476,1.53594,0.00326472,1.53502,38,0,29,24,30,0,-2,0,0,1,57,3698,3851,260,144,35,614,34396,33768,108,2,65,98,961480,0,0,0,0,1,472,0,0,276,3712,0,0,0,0,0,0,0,0,300,-292,0,0,30
2486.41,0,0,0,0,100,3476,1.5353,0.00326185,1.5349,38,0,29,24,30,0,-2,0,0,1,57,3685,3851,240,144,35,614,34396,33768,108,2,65,98,884400,0,0,0,0,1,386,61,0,285,3706,0,0,0,0,0,0,0,0,300,-284,0,0,30
2486.42,0,0,0,0,99,3476,1.53466,0.00325898,1.53478,38,0,29,24,30,0,-2,0,0,1,57,3685,3851,247,144,35,614,34396,33768,108,2,65,98,910195,0,0,0,0,1,300,221,0,281,3714,0,0,0,0,0,0,0,0,300,-306,0,0,30
2486.43,0,0,0,0,99,3479,1.53403,0.00325611,1.53465,38,0,29,24,30,0,-2,0,0,1,57,3685,3851,247,144,35,614,34396,33768,108,2,65,98,910195,0,0,0,0,1,197,352,0,277,3718,0,0,0,0,0,0,0,0,300,-326,0,0,30
2486.44,0,0,0,0,99,3481,1.53339,0.00325324,1.53453,38,0,29,24,30,0,-2,0,0,1,57,3699,3851,265,144,35,614,34396,33768,108,2,65,98,980235,0,0,0,0,1,126,352,0,267,3725,0,0,0,0,0,0,0,0,300,-288,0,0,30
2486.45,0,0,0,0,99,3481,1.53275,0.00325037,1.53441,38,0,29,24,30,0,-2,0,0,1,57,3699,3851,266,144,35,614,34396,33768,108,2,65,98,983934,0,0,0,0,1,126,352,0,267,3725,0,0,0,0,0,0,0,0,300,-288,0,0,30
2486.46,0,0,0,0,99,3488,1.53211,0.0032475,1.53429,38,0,29,24,30,0,-2,0,0,1,57,3694,3851,261,144,35,614,34396,33768,108,2,65,98,964134,0,0,0,0,1,19,413,0,275,3727,0,0,0,0,0,0,0,0,300,-285,0,0,30
2486.47,0,0,0,0,99,3490,1.53147,0.00324463,1.53417,38,0,29,24,30,0,-2,0,0,1,57,3694,3851,261,144,35,614,34396,33768,108,2,65,98,964134,0,0,0,0,1,0,418,0,274,3738,0,0,0,0,0,0,0,0,300,-273,0,0,30
2486.48,0,0,0,0,99,3489,1.53083,0.00324176,1.53405,38,0,29,24,30,0,-2,0,0,1,57,3697,3851,251,144,35,614,34396,33768,108,2,65,98,927947,0,0,0,0,1,0,510,0,292,3744,0,0,0,0,0,0,0,0,300,-306,0,0,30
2486.49,0,0,0,0,99,3486,1.53019,0.00323889,1.53393,38,0,29,24,30,0,-2,0,0,1,57,3697,3851,243,144,35,614,34396,33768,108,2,65,98,898371,0,0,0,0,1,0,492,0,277,3744,0,0,0,0,0,0,0,0,300,-290,0,0,30
2486.5,0,0,0,0,99,3489,1.52956,0.00323602,1.53381,38,0,29,24,30,0,-2,0,0,1,57,3697,3851,247,144,35,614,34375,33813,107,2,68,98,913159,0,0,0,0,1,0,512,0,274,3742,0,0,0,0,0,0,0,0,300,-302,0,0,30
2486.51,0,0,0,0,100,3489,1.52986,0.00322089,1.53369,38,0,29,24,30,0,-2,0,0,1,57,3697,3851,247,144,35,614,34375,33813,107,2,68,98,913159,0,0,0,0,1,0,512,0,274,3742,0,0,0,0,0,0,0,0,300,-302,0,0,30
2486.52,0,0,0,0,100,3498,1.53017,0.00320577,1.53357,38,0,29,24,30,0,-2,0,0,1,57,3700,3851,265,144,35,614,34375,33813,107,2,68,98,980500,0,0,0,0,1,0,509,0,263,3744,0,0,0,0,0,0,0,0,300,-299,0,0,30
2486.53,0,0,0,0,99,3507,1.53048,0.00319064,1.53345,38,0,29,24,30,0,-2,0,0,1,57,3691,3851,271,144,35,614,34375,33813,107,2,68,98,1.00026e+06,0,0,0,0,1,0,526,0,281,3740,0,0,0,0,0,0,0,0,300,-308,0,0,30
2486.54,0,0,0,0,99,3505,1.53079,0.00317552,1.53334,38,0,29,24,30,0,-2,0,0,1,57,3691,3851,261,144,35,614,34375,33813,107,2,68,98,963351,0,0,0,0,1,0,503,0,290,3742,0,0,0,0,0,0,0,0,300,-293,0,0,30
2486.55,0,0,0,0,99,3503,1.5311,0.00316039,1.53322,38,0,29,24,30,0,-2,0,0,1,57,3691,3851,261,144,35,614,34375,33813,107,2,68,98,963351,0,0,0,0,1,0,522,0,286,3742,0,0,0,0,0,0,0,0,300,-308,0,0,30
2486.56,0,0,0,0,99,3501,1.53141,0.00314527,1.5331,38,0,29,24,30,0,-2,0,0,1,57,3689,3851,245,144,35,614,34375,33813,107,2,68,98,903805,0,0,0,0,1,0,485,0,274,3747,0,0,0,0,0,0,0,0,300,-284,0,0,30
2486.57,0,0,0,0,99,3501,1.53172,0.00313014,1.53298,38,0,29,24,30,0,-2,0,0,1,57,3689,3851,254,144,35,614,34375,33813,107,2,68,98,937006,0,0,0,0,1,0,485,0,274,3747,0,0,0,0,0,0,0,0,300,-284,0,0,30
2486.58,0,0,0,0,99,3505,1.53203,0.00311502,1.53286,38,0,29,24,30,0,-2,0,0,1,57,3689,3851,261,144,35,614,34375,33813,107,2,68,98,962829,0,0,0,0,1,0,487,0,270,3736,0,0,0,0,0,0,0,0,300,-289,0,0,30
2486.59,0,0,0,0,99,3512,1.53234,0.00309989,1.53275,38,0,29,24,30,0,-2,0,0,1,57,3689,3851,261,144,35,614,34375,33813,107,2,68,98,962829,0,0,0,0,1,0,424,0,268,3749,0,0,0,0,0,0,0,0,300,-262,0,0,30
2486.6,0,0,0,0,99,3519,1.53265,0.00308477,1.53263,38,0,29,24,31,0,-2,0,0,1,57,3699,3852,266,144,35,614,34397,33818,108,2,87,98,983934,0,0,0,0,1,24,413,0,279,3721,0,0,0,0,0,0,0,0,300,-288,0,0,30
2486.61,0,0,0,0,99,3521,1.53239,0.00310019,1.5328,38,0,29,24,31,0,-2,0,0,1,57,3699,3852,253,144,35,614,34397,33818,108,2,87,98,935847,0,0,0,0,1,210,372,0,286,3718,0,0,0,0,0,0,0,0,300,-344,0,0,30
2486.62,0,0,0,0,99,3517,1.53214,0.00311561,1.53297,38,0,29,24,31,0,-2,0,0,1,57,3690,3852,256,144,35,614,34397,33818,108,2,87,98,944640,0,0,0,0,1,276,268,0,291,3703,0,0,0,0,0,0,0,0,300,-319,0,0,30
2486.63,0,0,0,0,99,3517,1.53188,0.00313103,1.53315,38,0,29,24,31,0,-2,0,0,1,57,3690,3852,256,144,35,614,34397,33818,108,2,87,98,944640,0,0,0,0,1,276,268,0,291,3703,0,0,0,0,0,0,0,0,300,-319,0,0,30
2486.64,0,0,0,0,99,3517,1.53163,0.00314646,1.53332,38,0,29,24,31,0,-2,0,0,1,57,3698,3852,256,144,35,614,34397,33818,108,2,87,98,946688,0,0,0,0,1,399,30,0,273,3708,0,0,0,0,0,0,0,0,300,-281,0,0,30
2486.65,0,0,0,0,99,3523,1.53138,0.00316188,1.53349,38,0,29,24,31,0,-2,0,0,1,57,3698,3852,267,144,35,614,34397,33818,108,2,87,98,987366,0,0,0,0,1,396,30,0,273,3706,0,0,0,0,0,0,0,0,300,-278,0,0,30
2486.66,0,0,0,0,99,3530,1.53112,0.0031773,1.53366,38,0,29,24,31,0,-2,0,0,1,57,3698,3852,275,144,35,614,34397,33818,108,2,87,98,1.01695e+06,0,0,0,0,1,536,0,0,273,3712,0,0,0,0,0,0,0,0,300,-321,0,0,30
2486.67,0,0,0,0,99,3530,1.53087,0.00319273,1.53383,38,0,29,24,31,0,-2,0,0,1,57,3698,3852,275,144,35,614,34397,33818,108,2,87,98,1.01695e+06,0,0,0,0,1,515,0,0,292,3703,0,0,0,0,0,0,0,0,300,-303,0,0,30
2486.68,0,0,0,0,100,3529,1.53061,0.00320815,1.53401,38,0,29,24,31,0,-2,0,0,1,57,3693,3852,253,144,35,614,34397,33818,108,2,87,98,934329,0,0,0,0,1,448,0,29,289,3708,0,0,0,0,0,0,0,0,300,-306,0,0,30
2486.69,0,0,0,0,100,3529,1.53036,0.00322357,1.53418,38,0,29,24,31,0,-2,0,0,1,57,3688,3852,258,144,35,614,34397,33818,108,2,87,98,951504,0,0,0,0,1,448,0,29,289,3708,0,0,0,0,0,0,0,0,300,-306,0,0,30
2486.7,0,0,0,0,99,3530,1.53011,0.00323899,1.53435,38,0,29,24,30,0,-2,0,0,1,57,3688,3852,256,144,35,614,34303,33669,108,2,65,98,944128,0,0,0,0,1,339,0,188,281,3725,0,0,0,0,0,0,0,0,300,-303,0,0,30
2486.71,0,0,0,0,99,3537,1.53056,0.00322311,1.53461,38,0,29,24,30,0,-2,0,0,1,57,3688,3852,256,144,35,614,34303,33669,108,2,65,98,944128,0,0,0,0,1,89,0,376,275,3740,0,0,0,0,0,0,0,0,300,-281,0,0,30
2486.72,0,0,0,0,99,3540,1.53102,0.00320724,1.53486,38,0,29,24,30,0,-2,0,0,1,57,3694,3852,269,144,35,614,34303,33669,108,2,65,98,993686,0,0,0,0,1,0,0,498,273,3695,0,0,0,0,0,0,0,0,300,-291,0,0,30
2486.73,0,0,0,0,99,3547,1.53148,0.00319136,1.53511,38,0,29,24,30,0,-2,0,0,1,57,3694,3852,255,144,35,614,34303,33669,108,2,65,98,941970,0,0,0,0,1,0,0,421,280,3690,0,0,0,0,0,0,0,0,300,-300,0,0,30
2486.74,0,0,0,0,99,3545,1.53194,0.00317548,1.53537,38,0,29,24,30,0,-2,0,0,1,57,3689,3852,269,144,35,614,34303,33669,108,2,65,98,992341,0,0,0,0,1,0,240,314,289,3697,0,0,0,0,0,0,0,0,300,-311,0,0,30
2486.75,0,0,0,0,99,3545,1.5324,0.0031596,1.53562,38,0,29,24,30,0,-2,0,0,1,57,3689,3852,269,143,35,614,34303,33669,108,2,65,98,992341,0,0,0,0,1,0,240,314,289,3697,0,0,0,0,0,0,0,0,300,-311,0,0,30
2486.76,0,0,0,0,99,3542,1.53285,0.00314372,1.53588,38,0,29,24,30,0,-2,0,0,1,57,3689,3852,253,143,35,614,34303,33669,108,2,65,98,933317,0,0,0,0,1,0,395,36,291,3697,0,0,0,0,0,0,0,0,300,-282,0,0,30
2486.77,0,0,0,0,99,3542,1.53331,0.00312784,1.53613,38,0,29,24,30,0,-2,0,0,1,57,3689,3852,264,143,35,614,34303,33669,108,2,65,98,973896,0,0,0,0,1,0,495,0,279,3751,0,0,0,0,0,0,0,0,300,-284,0,0,30
2486.78,0,0,0,0,99,3551,1.53377,0.00311196,1.53639,38,0,29,24,30,0,-2,0,0,1,57,3689,3852,259,143,35,614,34303,33669,108,2,65,98,955451,0,0,0,0,1,42,397,0,269,3721,0,0,0,0,0,0,0,0,300,-299,0,0,30
2486.79,0,0,0,0,99,3560,1.53423,0.00309609,1.53664,38,0,29,24,30,0,-2,0,0,1,57,3689,3852,259,143,35,614,34303,33669,108,2,65,98,955451,0,0,0,0,1,351,106,0,268,3708,0,0,0,0,0,0,0,0,300,-289,0,0,30
2486.8,0,0,0,0,100,3561,1.53469,0.00308021,1.5369,38,0,29,24,30,0,-2,0,0,1,57,3695,3852,265,143,35,614,34359,33779,108,2,87,98,979175,0,0,0,0,1,536,0,0,294,3706,0,0,0,0,0,0,0,0,300,-291,0,0,30
2486.81,0,0,0,0,99,3561,1.5343,0.00307883,1.53642,38,0,29,24,30,0,-2,0,0,0.9,57,3688,3852,255,143,35,614,34359,33779,108,2,87,98,940440,0,0,0,0,1,536,0,0,294,3706,0,0,0,0,0,0,0,0,300,-291,0,0,30
2486.82,0,0,0,0,99,3559,1.53392,0.00307746,1.53594,38,0,29,24,30,0,-2,0,0,0.8,57,3688,3852,257,143,35,614,34359,33779,108,2,87,98,947816,0,0,0,0,1,364,0,259,292,3727,0,0,0,0,0,0,0,0,300,-329,0,0,30
2486.83,0,0,0,0,100,3558,1.53354,0.00307609,1.53547,38,0,29,24,30,0,-2,0,0,0.7,57,3688,3852,257,143,35,614,34359,33779,108,2,87,98,947816,0,0,0,0,1,0,0,495,287,3692,0,0,0,0,0,0,0,0,300,-271,0,0,30
2486.84,0,0,0,0,100,3561,1.53316,0.00307471,1.53499,38,0,29,24,30,0,-2,0,0,0.6,57,3693,3852,268,143,35,614,34359,33779,108,2,87,98,989724,0,0,0,0,1,0,12,421,280,3703,0,0,0,0,0,0,0,0,300,-306,0,0,30
2486.85,0,0,0,0,99,3566,1.53277,0.00307334,1.53451,38,0,29,24,30,0,-2,0,0,0.5,57,3693,3852,264,144,35,614,34359,33779,108,2,87,98,974952,0,0,0,0,1,0,342,142,273,3697,0,0,0,0,0,0,0,0,300,-276,0,0,30
2486.86,0,0,0,0,99,3573,1.53239,0.00307197,1.53404,38,0,29,24,30,0,-2,0,0,0.4,57,3697,3852,268,144,35,614,34359,33779,108,2,87,98,990796,0,0,0,0,1,0,483,0,278,3736,0,0,0,0,0,0,0,0,300,-288,0,0,30
2486.87,0,0,0,0,100,3573,1.53201,0.00307059,1.53356,38,0,29,24,30,0,-2,0,0,0.3,57,3697,3852,268,144,35,614,34359,33779,108,2,87,98,990796,0,0,0,0,1,0,483,0,278,3736,0,0,0,0,0,0,0,0,300,-288,0,0,30
2486.88,0,0,0,0,100,3575,1.53162,0.00306922,1.53308,38,0,29,24,30,0,-2,0,0,0.2,57,3686,3852,257,144,35,614,34359,33779,108,2,87,98,947302,0,0,0,0,1,298,240,0,284,3701,0,0,0,0,0,0,0,0,300,-316,0,0,30
2486.89,0,0,0,0,100,3574,1.53124,0.00306785,1.53261,38,0,29,24,30,0,-2,0,0,0.1,57,3686,3852,260,144,35,614,34359,33779,108,2,87,98,958360,0,0,0,0,1,521,0,0,301,3695,0,0,0,0,0,0,0,0,300,-313,0,0,30
2486.9,0,0,0,0,99,3575,1.53086,0.00306647,1.53213,38,0,29,24,30,0,-2,0,0,0,58,3686,3852,255,144,35,614,34293,33673,107,2,68,73,939930,0,0,0,0,1,316,0,179,285,3725,0,0,0,0,0,0,0,0,300,-302,0,0,30
2486.91,0,0,0,0,99,3580,1.53099,0.0030655,1.53237,38,0,29,24,30,0,-2,0,0,0.1,58,3686,3852,255,144,35,614,34293,33673,107,2,68,73,939930,0,0,0,0,1,0,0,517,273,3706,0,0,0,0,0,0,0,0,300,-270,0,0,30
2486.92,0,0,0,0,100,3587,1.53112,0.00306452,1.53262,38,0,29,24,30,0,-2,0,0,0.2,58,3690,3852,261,144,35,614,34293,33673,107,2,68,73,963090,0,0,0,0,1,0,176,337,284,3699,0,0,0,0,0,0,0,0,300,-313,0,0,30
2486.93,0,0,0,0,99,3587,1.53125,0.00306355,1.53286,38,0,29,24,30,0,-2,0,0,0.3,58,3691,3852,273,144,35,614,34293,33673,107,2,68,73,1.00764e+06,0,0,0,0,1,0,176,337,284,3699,0,0,0,0,0,0,0,0,300,-313,0,0,30
2486.94,0,0,0,0,99,3587,1.53138,0.00306257,1.5331,38,0,29,24,30,0,-2,0,0,0.4,58,3691,3852,279,144,35,614,34293,33673,107,2,68,73,1.02979e+06,0,0,0,0,1,0,563,0,292,3731,0,0,0,0,0,0,0,0,300,-331,0,0,30
2486.95,0,0,0,0,99,3585,1.53151,0.0030616,1.53335,38,0,29,24,30,0,-2,0,0,0.5,58,3691,3852,279,144,35,614,34293,33673,107,2,68,73,1.02979e+06,0,0,0,0,1,229,299,0,292,3703,0,0,0,0,0,0,0,0,300,-311,0,0,30
2486.96,0,0,0,0,99,3588,1.53164,0.00306062,1.53359,38,0,29,24,30,0,-2,0,0,0.6,58,3686,3852,256,144,35,614,34293,33673,107,2,68,73,943616,0,0,0,0,1,540,0,0,280,3703,0,0,0,0,0,0,0,0,300,-316,0,0,30
2486.97,0,0,0,0,99,3595,1.53177,0.00305965,1.53383,38,0,29,24,30,0,-2,0,0,0.7,58,3686,3851,254,144,35,614,34293,33673,107,2,68,73,936244,0,0,0,0,1,257,0,276,282,3736,0,0,0,0,0,0,0,0,300,-295,0,0,30
2486.98,0,0,0,0,100,3601,1.53191,0.00305867,1.53408,38,0,29,24,30,0,-2,0,0,0.8,58,3686,3851,274,144,35,614,34293,33673,107,2,68,73,1.00996e+06,0,0,0,0,1,0,0,460,283,3692,0,0,0,0,0,0,0,0,300,-288,0,0,30
2486.99,0,0,0,0,100,3601,1.53204,0.0030577,1.53432,38,0,29,24,30,0,-2,0,0,0.9,58,3686,3851,274,144,35,614,34293,33673,107,2,68,73,1.00996e+06,0,0,0,0,1,0,0,460,283,3692,0,0,0,0,0,0,0,0,300,-288,0,0,30
2487,0,0,0,0,99,3603,1.53217,0.00305672,1.53457,38,0,29,24,30,0,-2,0,0,1,57,3696,3851,264,144,35,614,34372,33750,107,2,65,98,975744,0,0,0,0,1,0,479,0,282,3699,0,0,0,0,0,0,0,0,300,-297,0,0,30
2487.01,0,0,0,0,99,3602,1.5321,0.00307121,1.53492,38,0,29,24,30,0,-2,0,0,1,57,3690,3851,260,144,35,614,34372,33750,107,2,65,98,959400,0,0,0,0,1,188,366,0,302,3703,0,0,0,0,0,0,0,0,300,-330,0,0,30
2487.02,0,0,0,0,100,3600,1.53203,0.0030857,1.53527,38,0,29,24,30,0,-2,0,0,1,57,3690,3851,253,144,35,614,34372,33750,107,2,65,98,933570,0,0,0,0,1,546,0,0,295,3701,0,0,0,0,0,0,0,0,300,-319,0,0,30
2487.03,0,0,0,0,99,3601,1.53197,0.00310018,1.53562,38,0,29,24,30,0,-2,0,0,1,57,3690,3851,253,144,35,614,34372,33750,107,2,65,98,933570,0,0,0,0,1,165,0,308,281,3738,0,0,0,0,0,0,0,0,300,-272,0,0,30
2487.04,0,0,0,0,99,3611,1.5319,0.00311467,1.53597,38,0,29,24,30,0,-2,0,0,1,57,3691,3851,262,144,35,614,34372,33750,107,2,65,98,967042,0,0,0,0,1,0,49,417,274,3697,0,0,0,0,0,0,0,0,300,-299,0,0,30
2487.05,0,0,0,0,99,3611,1.53183,0.00312916,1.53632,38,0,29,24,30,0,-2,0,0,1,57,3691,3851,270,144,35,614,34372,33750,107,2,65,98,996570,0,0,0,0,1,0,49,417,274,3697,0,0,0,0,0,0,0,0,300,-299,0,0,30
2487.06,0,0,0,0,99,3620,1.53177,0.00314365,1.53667,38,0,29,24,30,0,-2,0,0,1,57,3691,3851,267,144,35,614,34372,33750,107,2,65,98,985497,0,0,0,0,1,0,545,0,279,3740,0,0,0,0,0,0,0,0,300,-319,0,0,30
2487.07,0,0,0,0,99,3619,1.5317,0.00315813,1.53703,38,0,29,24,30,0,-2,0,0,1,57,3691,3851,267,144,35,614,34372,33750,107,2,65,98,985497,0,0,0,0,1,425,65,0,303,3695,0,0,0,0,0,0,0,0,300,-311,0,0,30
2487.08,0,0,0,0,100,3616,1.53163,0.00317262,1.53738,38,0,29,24,30,0,-2,0,0,1,57,3693,3851,259,144,35,614,34372,33750,107,2,65,98,956487,0,0,0,0,1,372,0,193,296,3703,0,0,0,0,0,0,0,0,300,-331,0,0,30
2487.09,0,0,0,0,99,3615,1.53157,0.00318711,1.53773,38,0,29,24,30,0,-2,0,0,1,57,3693,3851,250,144,35,614,34372,33750,107,2,65,98,923250,0,0,0,0,1,0,0,522,284,3686,0,0,0,0,0,0,0,0,300,-282,0,0,30
2487.1,0,0,0,0,99,3621,1.5315,0.00320159,1.53808,38,0,29,24,30,0,-2,0,0,1,57,3687,3851,255,144,35,614,34285,33660,108,2,87,98,940185,0,0,0,0,1,0,500,0,285,3706,0,0,0,0,0,0,0,0,300,-310,0,0,30
2487.11,0,0,0,0,99,3621,1.53175,0.00318934,1.53763,38,0,29,24,30,0,-2,0,0,1,57,3687,3851,255,144,35,614,34285,33660,108,2,87,98,940185,0,0,0,0,1,0,500,0,285,3706,0,0,0,0,0,0,0,0,300,-310,0,0,30
2487.12,0,0,0,0,99,3628,1.53201,0.00317709,1.53719,38,0,29,24,30,0,-2,0,0,1,57,3696,3851,279,144,35,614,34285,33660,108,2,87,98,1.03118e+06,0,0,0,0,1,294,216,0,280,3706,0,0,0,0,0,0,0,0,300,-298,0,0,30
2487.13,0,0,0,0,100,3631,1.53226,0.00316484,1.53674,38,0,29,24,30,0,-2,0,0,1,57,3696,3851,280,144,35,614,34285,33660,108,2,87,98,1.03488e+06,0,0,0,0,1,390,0,179,292,3706,0,0,0,0,0,0,0,0,300,-325,0,0,30
2487.14,0,0,0,0,99,3634,1.53252,0.00315258,1.5363,38,0,29,24,30,0,-2,0,0,1,57,3696,3851,273,144,35,614,34285,33660,108,2,87,98,1.00901e+06,0,0,0,0,1,0,120,343,293,3697,0,0,0,0,0,0,0,0,300,-319,0,0,30
2487.15,0,0,0,0,99,3632,1.53277,0.00314033,1.53585,38,0,29,24,30,0,-2,0,0,1,57,3696,3851,273,144,35,614,34285,33660,108,2,87,98,1.00901e+06,0,0,0,0,1,0,550,0,300,3729,0,0,0,0,0,0,0,0,300,-322,0,0,30
2487.16,0,0,0,0,99,3633,1.53303,0.00312808,1.53541,38,0,29,24,30,0,-2,0,0,1,57,3687,3851,260,144,35,614,34285,33660,108,2,87,98,958620,0,0,0,0,1,458,0,0,287,3701,0,0,0,0,0,0,0,0,300,-291,0,0,30
2487.17,0,0,0,0,100,3633,1.53328,0.00311582,1.53496,38,0,29,24,30,0,-2,0,0,1,57,3687,3851,257,144,35,614,34285,33660,108,2,87,98,947559,0,0,0,0,1,458,0,0,287,3701,0,0,0,0,0,0,0,0,300,-291,0,0,30
2487.18,0,0,0,0,99,3640,1.53354,0.00310357,1.53452,38,0,29,24,30,0,-2,0,0,1,57,3687,3851,269,144,35,614,34285,33660,108,2,87,98,991803,0,0,0,0,1,118,0,300,279,3736,0,0,0,0,0,0,0,0,300,-280,0,0,30
2487.19,0,0,0,0,99,3645,1.53379,0.00309132,1.53407,38,0,29,24,30,0,-2,0,0,1,57,3687,3851,269,144,35,614,34285,33660,108,2,87,98,991803,0,0,0,0,1,0,223,281,284,3690,0,0,0,0,0,0,0,0,300,-306,0,0,30
2487.2,0,0,0,0,100,3645,1.53405,0.00307906,1.53363,38,0,29,24,30,0,-2,0,0,1,57,3695,3851,286,144,35,614,34363,33737,108,2,65,98,1.05677e+06,0,0,0,0,1,210,322,0,297,3710,0,0,0,0,0,0,0,0,300,-311,0,0,30
2487.21,0,0,0,0,100,3643,1.53359,0.00307905,1.53395,38,0,29,24,30,0,-2,0,0,1,57,3690,3851,270,144,35,614,34363,33737,108,2,65,98,996300,0,0,0,0,1,425,0,38,294,3701,0,0,0,0,0,0,0,0,300,-294,0,0,30
2487.22,0,0,0,0,100,3647,1.53313,0.00307903,1.53427,38,0,29,24,30,0,-2,0,0,1,57,3690,3851,262,144,35,614,34363,33737,108,2,65,98,966780,0,0,0,0,1,0,0,489,278,3684,0,0,0,0,0,0,0,0,300,-281,0,0,30
2487.23,0,0,0,0,100,3647,1.53266,0.00307901,1.5346,38,0,29,24,30,0,-2,0,0,1,57,3690,3851,262,144,35,614,34363,33737,108,2,65,98,966780,0,0,0,0,1,0,0,489,278,3684,0,0,0,0,0,0,0,0,300,-281,0,0,30
2487.24,0,0,0,0,100,3656,1.5322,0.00307899,1.53492,38,0,29,24,30,0,-2,0,0,1,57,3689,3854,274,144,35,614,34363,33737,108,2,65,98,1.01079e+06,0,0,0,0,1,0,487,0,285,3740,0,0,0,0,0,0,0,0,300,-284,0,0,30
2487.25,0,0,0,0,99,3659,1.53174,0.00307897,1.53524,38,0,29,24,30,0,-2,0,0,1,57,3689,3854,277,144,35,614,34363,33737,108,2,65,98,1.02185e+06,0,0,0,0,1,554,0,0,292,3699,0,0,0,0,0,0,0,0,300,-324,0,0,30
2487.26,0,0,0,0,99,3660,1.53128,0.00307896,1.53557,38,0,29,24,30,0,-2,0,0,1,57,3689,3854,278,144,35,614,34363,33737,108,2,65,98,1.02554e+06,0,0,0,0,1,0,0,539,291,3680,0,0,0,0,0,0,0,0,300,-303,0,0,30
2487.27,0,0,0,0,99,3659,1.53082,0.00307894,1.53589,38,0,29,24,30,0,-2,0,0,1,57,3689,3854,278,144,35,614,34363,33737,108,2,65,98,1.02554e+06,0,0,0,0,1,0,492,0,300,3740,0,0,0,0,0,0,0,0,300,-295,0,0,30
2487.28,0,0,0,0,99,3658,1.53036,0.00307892,1.53622,38,0,29,24,30,0,-2,0,0,1,57,3688,3854,266,144,35,614,34363,33737,108,2,65,98,981008,0,0,0,0,1,525,0,0,292,3699,0,0,0,0,0,0,0,0,300,-307,0,0,30
2487.29,0,0,0,0,99,3658,1.5299,0.0030789,1.53654,38,0,29,24,30,0,-2,0,0,1,57,3691,3854,257,144,35,614,34363,33737,108,2,65,98,948587,0,0,0,0,1,525,0,0,292,3699,0,0,0,0,0,0,0,0,300,-307,0,0,30
2487.3,0,0,0,0,99,3661,1.52943,0.00307888,1.53686,38,0,29,24,31,0,-2,0,0,1,57,3691,3854,264,144,35,614,34293,33662,108,2,66,98,974424,0,0,0,0,1,0,0,499,281,3690,0,0,0,0,0,0,0,0,300,-301,0,0,30
2487.31,0,0,0,0,99,3672,1.53008,0.00309507,1.5368,38,0,29,24,31,0,-2,0,0,1,57,3691,3854,264,144,35,614,34293,33662,108,2,66,98,974424,0,0,0,0,1,0,479,0,281,3727,0,0,0,0,0,0,0,0,300,-298,0,0,30
2487.32,0,0,0,0,99,3677,1.53072,0.00311126,1.53673,38,0,29,24,31,0,-2,0,0,1,57,3686,3855,285,144,35,614,34293,33662,108,2,66,98,1.05051e+06,0,0,0,0,1,511,0,0,292,3699,0,0,0,0,0,0,0,0,300,-290,0,0,30
2487.33,0,0,0,0,99,3673,1.53136,0.00312744,1.53666,38,0,29,24,31,0,-2,0,0,1,57,3686,3855,277,144,35,614,34293,33662,108,2,66,98,1.02102e+06,0,0,0,0,1,0,0,519,305,3677,0,0,0,0,0,0,0,0,300,-301,0,0,30
2487.34,0,0,0,0,99,3672,1.53201,0.00314363,1.53659,38,0,29,24,31,0,-2,0,0,1,57,3686,3855,269,144,35,614,34293,33662,108,2,66,98,991534,0,0,0,0,1,0,487,0,297,3725,0,0,0,0,0,0,0,0,300,-301,0,0,30
2487.35,0,0,0,0,99,3672,1.53265,0.00315981,1.53652,38,0,29,24,31,0,-2,0,0,1,57,3686,3855,269,144,35,614,34293,33662,108,2,66,98,991534,0,0,0,0,1,0,487,0,297,3725,0,0,0,0,0,0,0,0,300,-301,0,0,30
2487.36,0,0,0,0,99,3676,1.53329,0.003176,1.53645,38,0,29,24,31,0,-2,0,0,1,57,3686,3855,259,144,35,614,34293,33662,108,2,66,98,954674,0,0,0,0,1,440,0,0,284,3706,0,0,0,0,0,0,0,0,300,-278,0,0,30
2487.37,0,0,0,0,99,3681,1.53394,0.00319219,1.53638,38,0,29,24,31,0,-2,0,0,1,57,3691,3855,265,144,35,614,34293,33662,108,2,66,98,978115,0,0,0,0,1,0,81,411,281,3703,0,0,0,0,0,0,0,0,300,-277,0,0,30
2487.38,0,0,0,0,99,3686,1.53458,0.00320837,1.53632,38,0,29,24,31,0,-2,0,0,1,57,3691,3855,279,144,35,614,34293,33662,108,2,66,98,1.02979e+06,0,0,0,0,1,199,317,0,293,3706,0,0,0,0,0,0,0,0,300,-304,0,0,30
2487.39,0,0,0,0,99,3688,1.53522,0.00322456,1.53625,38,0,29,24,31,0,-2,0,0,1,57,3691,3855,279,144,35,614,34293,33662,108,2,66,98,1.02979e+06,0,0,0,0,1,54,0,402,299,3723,0,0,0,0,0,0,0,0,300,-301,0,0,30
2487.4,0,0,0,0,99,3688,1.53586,0.00324075,1.53618,38,0,29,24,30,0,-2,0,0,1,57,3686,3855,278,144,35,614,34291,33568,108,2,65,73,1.02471e+06,0,0,0,0,1,0,374,136,293,3686,0,0,0,0,0,0,0,0,300,-282,0,0,30
2487.41,0,0,0,0,99,3688,1.53562,0.00321818,1.53581,38,0,29,24,30,0,-2,0,0,1,57,3686,3855,261,144,35,614,34291,33568,108,2,65,73,962046,0,0,0,0,1,0,374,136,293,3686,0,0,0,0,0,0,0,0,300,-282,0,0,30
2487.42,0,0,0,0,100,3688,1.53537,0.00319562,1.53544,38,0,29,24,30,0,-2,0,0,1,57,3686,3855,268,144,35,614,34291,33568,108,2,65,73,987848,0,0,0,0,1,509,0,0,297,3701,0,0,0,0,0,0,0,0,300,-319,0,0,30
2487.43,0,0,0,0,100,3694,1.53512,0.00317306,1.53508,38,0,29,24,30,0,-2,0,0,1,57,3686,3855,268,144,35,614,34291,33568,108,2,65,73,987848,0,0,0,0,1,0,0,522,281,3677,0,0,0,0,0,0,0,0,300,-317,0,0,30
2487.44,0,0,0,0,100,3700,1.53488,0.0031505,1.53471,38,0,29,24,30,0,-2,0,0,1,57,3686,3855,280,144,35,614,34291,33568,108,2,65,73,1.03208e+06,0,0,0,0,1,0,473,0,290,3727,0,0,0,0,0,0,0,0,300,-298,0,0,30
2487.45,0,0,0,0,100,3700,1.53463,0.00312793,1.53434,38,0,29,24,30,0,-2,0,0,1,57,3689,3855,277,144,35,614,34291,33568,108,2,65,73,1.02185e+06,0,0,0,0,1,341,0,169,302,3718,0,0,0,0,0,0,0,0,300,-305,0,0,30
2487.46,0,0,0,0,100,3698,1.53438,0.00310537,1.53398,38,0,29,24,30,0,-2,0,0,1,57,3689,3855,285,144,35,614,34291,33568,108,2,65,73,1.05136e+06,0,0,0,0,1,0,313,240,305,3680,0,0,0,0,0,0,0,0,300,-329,0,0,30
2487.47,0,0,0,0,100,3698,1.53413,0.00308281,1.53361,38,0,29,24,30,0,-2,0,0,1,57,3689,3855,285,144,35,614,34291,33568,108,2,65,73,1.05136e+06,0,0,0,0,1,0,313,240,305,3680,0,0,0,0,0,0,0,0,300,-329,0,0,30
2487.48,0,0,0,0,100,3699,1.53389,0.00306025,1.53324,38,0,29,24,30,0,-2,0,0,1,57,3686,3855,261,144,35,614,34291,33568,108,2,65,73,962046,0,0,0,0,1,421,12,0,292,3692,0,0,0,0,0,0,0,0,300,-289,0,0,30
2487.49,0,0,0,0,100,3705,1.53364,0.00303768,1.53287,38,0,29,24,30,0,-2,0,0,1,57,3686,3855,264,144,35,614,34291,33568,108,2,65,73,973104,0,0,0,0,1,0,0,493,278,3695,0,0,0,0,0,0,0,0,300,-285,0,0,30
2487.5,0,0,0,0,100,3713,1.53339,0.00301512,1.53251,38,0,29,24,30,0,-2,0,0,1,57,3686,3855,266,144,35,614,34282,33612,107,2,65,98,980476,0,0,0,0,1,52,405,0,287,3718,0,0,0,0,0,0,0,0,300,-291,0,0,30
2487.51,0,0,0,0,99,3716,1.53349,0.00302479,1.53293,38,0,29,24,30,0,-2,0,0,1,57,3686,3855,266,144,35,614,34282,33612,107,2,65,98,980476,0,0,0,0,1,249,0,261,299,3729,0,0,0,0,0,0,0,0,300,-314,0,0,30
2487.52,0,0,0,0,99,3714,1.53358,0.00303445,1.53336,38,0,29,24,30,0,-2,0,0,1,57,3693,3855,275,144,35,614,34282,33612,107,2,65,98,1.01558e+06,0,0,0,0,1,0,528,0,305,3710,0,0,0,0,0,0,0,0,300,-315,0,0,30
2487.53,0,0,0,0,99,3714,1.53368,0.00304412,1.53379,38,0,29,24,30,0,-2,0,0,1,57,3686,3855,278,144,35,614,34282,33612,107,2,65,98,1.02471e+06,0,0,0,0,1,0,528,0,305,3710,0,0,0,0,0,0,0,0,300,-315,0,0,30
2487.54,0,0,0,0,100,3710,1.53378,0.00305379,1.53421,38,0,29,24,30,0,-2,0,0,1,57,3686,3855,262,144,35,614,34282,33612,107,2,65,98,965732,0,0,0,0,1,511,0,0,306,3695,0,0,0,0,0,0,0,0,300,-305,0,0,30
2487.55,0,0,0,0,100,3713,1.53387,0.00306345,1.53464,38,0,29,24,30,0,-2,0,0,1,57,3686,3855,262,144,35,614,34282,33612,107,2,65,98,965732,0,0,0,0,1,0,180,335,292,3688,0,0,0,0,0,0,0,0,300,-307,0,0,30
2487.56,0,0,0,0,100,3720,1.53397,0.00307312,1.53506,38,0,29,24,30,0,-2,0,0,1,57,3688,3857,276,144,35,614,34282,33612,107,2,65,98,1.01789e+06,0,0,0,0,1,404,35,0,281,3706,0,0,0,0,0,0,0,0,300,-286,0,0,30
2487.57,0,0,0,0,100,3728,1.53407,0.00308278,1.53549,38,0,29,24,30,0,-2,0,0,1,57,3688,3857,278,144,35,614,34282,33612,107,2,65,98,1.02526e+06,0,0,0,0,1,0,0,495,287,3677,0,0,0,0,0,0,0,0,300,-269,0,0,30
2487.58,0,0,0,0,99,3728,1.53416,0.00309245,1.53592,38,0,29,24,30,0,-2,0,0,1,57,3688,3857,282,144,35,614,34282,33612,107,2,65,98,1.04002e+06,0,0,0,0,1,210,313,0,308,3699,0,0,0,0,0,0,0,0,300,-308,0,0,30
2487.59,0,0,0,0,100,3728,1.53426,0.00310212,1.53634,38,0,29,24,30,0,-2,0,0,1,57,3688,3857,282,144,35,614,34282,33612,107,2,65,98,1.04002e+06,0,0,0,0,1,210,313,0,308,3699,0,0,0,0,0,0,0,0,300,-308,0,0,30
2487.6,0,0,0,0,100,3725,1.53435,0.00311178,1.53677,38,0,29,24,30,0,-2,0,0,1,57,3684,3857,269,144,35,614,34268,33647,107,2,68,98,990996,0,0,0,0,1,0,0,487,301,3697,0,0,0,0,0,0,0,0,300,-298,0,0,30
2487.61,0,0,0,0,99,3727,1.53435,0.00311277,1.53693,38,0,29,24,30,0,-2,0,0,1,57,3688,3857,264,144,35,614,34268,33647,107,2,68,98,973632,0,0,0,0,1,0,442,0,292,3723,0,0,0,0,0,0,0,0,300,-275,0,0,30
2487.62,0,0,0,0,100,3731,1.53434,0.00311376,1.5371,38,0,29,24,30,0,-2,0,0,1,57,3688,3858,259,144,35,614,34268,33647,107,2,68,98,955192,0,0,0,0,1,241,0,282,290,3731,0,0,0,0,0,0,0,0,300,-295,0,0,30
2487.63,0,0,0,0,100,3736,1.53434,0.00311475,1.53726,38,0,29,24,30,0,-2,0,0,1,57,3688,3858,259,144,35,614,34268,33647,107,2,68,98,955192,0,0,0,0,1,0,509,0,299,3738,0,0,0,0,0,0,0,0,300,-300,0,0,30
2487.64,0,0,0,0,100,3736,1.53433,0.00311574,1.53743,38,0,29,24,30,0,-2,0,0,1,57,3690,3858,291,144,35,614,34268,33647,107,2,68,98,1.07379e+06,0,0,0,0,1,224,0,287,301,3725,0,0,0,0,0,0,0,0,300,-328,0,0,30
2487.65,0,0,0,0,100,3736,1.53432,0.00311673,1.53759,38,0,29,24,30,0,-2,0,0,1,57,3690,3858,286,144,35,614,34268,33647,107,2,68,98,1.05534e+06,0,0,0,0,1,224,0,287,301,3725,0,0,0,0,0,0,0,0,300,-328,0,0,30
2487.66,0,0,0,0,99,3737,1.53432,0.00311772,1.53775,38,0,29,24,30,0,-2,0,0,1,57,3690,3858,282,144,35,614,34268,33647,107,2,68,98,1.04058e+06,0,0,0,0,1,0,456,0,297,3695,0,0,0,0,0,0,0,0,300,-282,0,0,30
2487.67,0,0,0,0,100,3738,1.53431,0.00311871,1.53792,38,0,29,24,30,0,-2,0,0,1,57,3690,3858,282,144,35,614,34268,33647,107,2,68,98,1.04058e+06,0,0,0,0,1,399,0,19,299,3692,0,0,0,0,0,0,0,0,300,-278,0,0,30
2487.68,0,0,0,0,99,3743,1.5343,0.00311971,1.53808,38,0,29,24,30,0,-2,0,0,1,57,3684,3858,264,144,35,614,34268,33647,107,2,68,98,972576,0,0,0,0,1,0,356,101,290,3686,0,0,0,0,0,0,0,0,300,-291,0,0,30
2487.69,0,0,0,0,100,3749,1.5343,0.0031207,1.53825,38,0,29,24,30,0,-2,0,0,1,57,3686,3858,270,144,35,614,34268,33647,107,2,68,98,995220,0,0,0,0,1,443,0,0,292,3701,0,0,0,0,0,0,0,0,300,-281,0,0,30
2487.7,0,0,0,0,100,3749,1.53429,0.00312169,1.53841,38,0,29,24,30,0,-2,0,0,1,56,3686,3858,276,144,35,614,34278,33598,108,2,65,73,1.01734e+06,0,0,0,0,1,0,387,134,307,3673,0,0,0,0,0,0,0,0,300,-297,0,0,30
2487.71,0,0,0,0,99,3749,1.53425,0.00317062,1.53835,38,0,29,24,30,0,-2,0,0,1,56,3686,3858,276,144,35,614,34278,33598,108,2,65,73,1.01734e+06,0,0,0,0,1,0,387,134,307,3673,0,0,0,0,0,0,0,0,300,-297,0,0,30
2487.72,0,0,0,0,100,3744,1.53422,0.00321956,1.53829,38,0,29,24,30,0,-2,0,0,1,56,3685,3858,282,144,35,614,34278,33598,108,2,65,73,1.03917e+06,0,0,0,0,1,511,0,0,313,3695,0,0,0,0,0,0,0,0,300,-312,0,0,30
2487.73,0,0,0,0,100,3745,1.53418,0.00326849,1.53823,38,0,29,24,30,0,-2,0,0,1,56,3685,3858,283,144,35,614,34278,33598,108,2,65,73,1.04286e+06,0,0,0,0,1,0,303,183,299,3682,0,0,0,0,0,0,0,0,300,-301,0,0,30
2487.74,0,0,0,0,100,3752,1.53414,0.00331743,1.53817,38,0,29,24,30,0,-2,0,0,1,56,3685,3858,266,144,35,614,34278,33598,108,2,65,73,980210,0,0,0,0,1,460,0,0,283,3706,0,0,0,0,0,0,0,0,300,-277,0,0,30
2487.75,0,0,0,0,100,3759,1.5341,0.00336636,1.53812,38,0,29,24,30,0,-2,0,0,1,56,3685,3858,266,144,35,614,34278,33598,108,2,65,73,980210,0,0,0,0,1,0,372,112,291,3688,0,0,0,0,0,0,0,0,300,-288,0,0,30
2487.76,0,0,0,0,99,3761,1.53407,0.0034153,1.53806,38,0,29,24,30,0,-2,0,0,1,56,3684,3858,288,144,35,614,34278,33598,108,2,65,73,1.06099e+06,0,0,0,0,1,423,0,58,303,3706,0,0,0,0,0,0,0,0,300,-298,0,0,30
2487.77,0,0,0,0,99,3761,1.53403,0.00346423,1.538,38,0,29,24,30,0,-2,0,0,1,56,3689,3858,284,144,35,614,34278,33598,108,2,65,73,1.04768e+06,0,0,0,0,1,423,0,58,303,3706,0,0,0,0,0,0,0,0,300,-298,0,0,30
2487.78,0,0,0,0,99,3761,1.53399,0.00351316,1.53794,38,0,29,24,30,0,-2,0,0,1,56,3689,3858,289,144,35,614,34278,33598,108,2,65,73,1.06612e+06,0,0,0,0,1,0,509,0,315,3712,0,0,0,0,0,0,0,0,300,-316,0,0,30
2487.79,0,0,0,0,99,3758,1.53395,0.0035621,1.53788,38,0,29,24,30,0,-2,0,0,1,56,3689,3858,289,144,35,614,34278,33598,108,2,65,73,1.06612e+06,0,0,0,0,1,328,0,222,308,3699,0,0,0,0,0,0,0,0,300,-315,0,0,30
2487.8,0,0,0,0,100,3758,1.53392,0.00361103,1.53782,38,0,29,24,31,0,-2,0,0,1,57,3680,3858,261,144,35,614,34309,33708,108,2,68,98,960480,0,0,0,0,1,0,516,0,295,3742,0,0,0,0,0,0,0,0,300,-266,0,0,30
2487.81,0,0,0,0,99,3764,1.53406,0.0035906,1.53779,38,0,29,24,31,0,-2,0,0,1,57,3680,3858,271,144,35,614,34309,33708,108,2,68,98,997280,0,0,0,0,1,288,0,232,287,3727,0,0,0,0,0,0,0,0,300,-264,0,0,30
2487.82,0,0,0,0,99,3772,1.53421,0.00357016,1.53775,38,0,29,24,31,0,-2,0,0,1,57,3680,3858,278,144,35,614,34309,33708,108,2,68,98,1.02304e+06,0,0,0,0,1,0,427,0,294,3740,0,0,0,0,0,0,0,0,300,-280,0,0,30
2487.83,0,0,0,0,99,3772,1.53435,0.00354972,1.53772,38,0,29,24,31,0,-2,0,0,1,57,3680,3858,278,144,35,614,34309,33708,108,2,68,98,1.02304e+06,0,0,0,0,1,0,427,0,294,3740,0,0,0,0,0,0,0,0,300,-280,0,0,30
2487.84,0,0,0,0,99,3772,1.5345,0.00352928,1.53769,38,0,29,24,31,0,-2,0,0,1,57,3688,3858,293,144,35,614,34309,33708,108,2,68,98,1.08058e+06,0,0,0,0,1,0,0,486,309,3666,0,0,0,0,0,0,0,0,300,-322,0,0,30
2487.85,0,0,0,0,99,3770,1.53465,0.00350885,1.53766,38,0,29,24,31,0,-2,0,0,1,57,3683,3858,291,144,35,614,34309,33708,108,2,68,98,1.07175e+06,0,0,0,0,1,296,198,0,301,3699,0,0,0,0,0,0,0,0,300,-291,0,0,30
2487.86,0,0,0,0,100,3772,1.53479,0.00348841,1.53762,38,0,29,24,31,0,-2,0,0,1,57,3683,3858,282,144,35,614,34309,33708,108,2,68,98,1.03861e+06,0,0,0,0,1,0,0,466,297,3682,0,0,0,0,0,0,0,0,300,-265,0,0,30
2487.87,0,0,0,0,100,3776,1.53494,0.00346797,1.53759,38,0,29,24,31,0,-2,0,0,1,57,3683,3858,282,144,35,614,34309,33708,108,2,68,98,1.03861e+06,0,0,0,0,1,499,0,0,298,3690,0,0,0,0,0,0,0,0,300,-299,0,0,30
2487.88,0,0,0,0,100,3778,1.53508,0.00344753,1.53756,38,0,29,24,31,0,-2,0,0,1,57,3685,3858,273,144,35,614,34309,33708,108,2,68,98,1.006e+06,0,0,0,0,1,0,258,267,304,3680,0,0,0,0,0,0,0,0,300,-314,0,0,30
2487.89,0,0,0,0,99,3778,1.53523,0.0034271,1.53752,38,0,29,24,31,0,-2,0,0,1,57,3685,3858,279,144,35,614,34309,33708,108,2,68,98,1.02812e+06,0,0,0,0,1,0,258,267,304,3680,0,0,0,0,0,0,0,0,300,-314,0,0,30
2487.9,0,0,0,0,100,3778,1.53537,0.00340666,1.53749,38,0,29,24,30,0,-2,0,0,1,57,3685,3858,295,144,35,614,34269,33637,108,2,65,98,1.08708e+06,0,0,0,0,1,388,0,136,303,3699,0,0,0,0,0,0,0,0,300,-315,0,0,30
2487.91,0,0,0,0,100,3780,1.53524,0.0033935,1.5376,38,0,29,24,30,0,-2,0,0,1,57,3685,3858,295,144,35,614,34269,33637,108,2,65,98,1.08708e+06,0,0,0,0,1,0,492,0,295,3721,0,0,0,0,0,0,0,0,300,-294,0,0,30
2487.92,0,0,0,0,100,3783,1.53511,0.00338035,1.53771,38,0,29,24,30,0,-2,0,0,1,57,3687,3858,278,144,35,614,34269,33637,108,2,65,98,1.02499e+06,0,0,0,0,1,246,0,284,301,3731,0,0,0,0,0,0,0,0,300,-291,0,0,30
2487.93,0,0,0,0,100,3788,1.53497,0.00336719,1.53782,38,0,29,24,30,0,-2,0,0,1,57,3680,3858,274,144,35,614,34269,33637,108,2,65,98,1.00832e+06,0,0,0,0,1,114,374,0,294,3712,0,0,0,0,0,0,0,0,300,-296,0,0,30
2487.94,0,0,0,0,100,3792,1.53484,0.00335403,1.53793,38,0,29,24,30,0,-2,0,0,1,57,3680,3858,277,144,35,614,34269,33637,108,2,65,98,1.01936e+06,0,0,0,0,1,0,0,493,306,3671,0,0,0,0,0,0,0,0,300,-313,0,0,30
2487.95,0,0,0,0,100,3792,1.5347,0.00334088,1.53804,38,0,29,24,30,0,-2,0,0,1,57,3680,3858,277,144,35,614,34269,33637,108,2,65,98,1.01936e+06,0,0,0,0,1,0,0,493,306,3671,0,0,0,0,0,0,0,0,300,-313,0,0,30
2487.96,0,0,0,0,100,3790,1.53457,0.00332772,1.53815,38,0,29,24,30,0,-2,0,0,1,57,3685,3858,291,144,35,614,34269,33637,108,2,65,98,1.07234e+06,0,0,0,0,1,507,0,0,314,3706,0,0,0,0,0,0,0,0,300,-323,0,0,30
2487.97,0,0,0,0,99,3785,1.53443,0.00331456,1.53826,38,0,29,24,30,0,-2,0,0,1,57,3685,3858,274,144,35,614,34269,33637,108,2,65,98,1.00969e+06,0,0,0,0,1,0,257,317,310,3686,0,0,0,0,0,0,0,0,300,-307,0,0,30
2487.98,0,0,0,0,100,3787,1.5343,0.00330141,1.53837,38,0,29,24,30,0,-2,0,0,1,57,3685,3858,284,144,35,614,34269,33637,108,2,65,98,1.04654e+06,0,0,0,0,1,394,0,1,291,3714,0,0,0,0,0,0,0,0,300,-265,0,0,30
2487.99,0,0,0,0,99,3797,1.53417,0.00328825,1.53848,38,0,29,24,30,0,-2,0,0,1,57,3685,3858,284,144,35,614,34269,33637,108,2,65,98,1.04654e+06,0,0,0,0,1,0,497,0,286,3744,0,0,0,0,0,0,0,0,300,-290,0,0,30
2488,0,0,0,0,100,3803,1.53403,0.00327509,1.53859,38,0,29,24,30,0,-2,0,0,1,57,3683,3858,275,144,35,614,34249,33618,107,2,68,98,1.01282e+06,0,0,0,0,1,0,0,481,296,3684,0,0,0,0,0,0,0,0,300,-291,0,0,30
2488.01,0,0,0,0,100,3803,1.53401,0.00328177,1.53839,38,0,29,24,30,0,-2,0,0,1,57,3685,3858,285,144,35,614,34249,33618,107,2,68,98,1.05022e+06,0,0,0,0,1,0,0,481,296,3684,0,0,0,0,0,0,0,0,300,-291,0,0,30
2488.02,0,0,0,0,100,3804,1.53399,0.00328845,1.53819,38,0,29,24,30,0,-2,0,0,1,57,3685,3858,290,144,35,614,34249,33618,107,2,68,98,1.06865e+06,0,0,0,0,1,363,114,0,311,3699,0,0,0,0,0,0,0,0,300,-291,0,0,30
2488.03,0,0,0,0,99,3800,1.53397,0.00329513,1.53799,38,0,29,24,30,0,-2,0,0,1,57,3685,3858,290,144,35,614,34249,33618,107,2,68,98,1.06865e+06,0,0,0,0,1,0,205,355,314,3671,0,0,0,0,0,0,0,0,300,-325,0,0,30
2488.04,0,0,0,0,99,3798,1.53395,0.00330181,1.53779,38,0,29,24,30,0,-2,0,0,1,57,3677,3856,279,144,35,614,34249,33618,107,2,68,98,1.02588e+06,0,0,0,0,1,429,0,44,308,3690,0,0,0,0,0,0,0,0,300,-299,0,0,30
2488.05,0,0,0,0,99,3802,1.53393,0.00330848,1.53759,38,0,29,24,30,0,-2,0,0,1,57,3677,3856,266,144,35,614,34249,33618,107,2,68,98,978082,0,0,0,0,1,0,456,0,297,3733,0,0,0,0,0,0,0,0,300,-267,0,0,30
2488.06,0,0,0,0,99,3808,1.53391,0.00331516,1.53739,38,0,29,24,30,0,-2,0,0,1,57,3677,3856,270,144,35,614,34249,33618,107,2,68,98,992790,0,0,0,0,1,0,0,489,292,3684,0,0,0,0,0,0,0,0,300,-296,0,0,30
2488.07,0,0,0,0,99,3808,1.5339,0.00332184,1.53719,38,0,29,24,30,0,-2,0,0,1,57,3677,3856,270,144,35,614,34249,33618,107,2,68,98,992790,0,0,0,0,1,0,0,489,292,3684,0,0,0,0,0,0,0,0,300,-296,0,0,30
2488.08,0,0,0,0,99,3814,1.53388,0.00332852,1.53699,38,0,29,24,30,0,-2,0,0,1,57,3687,3856,283,144,35,614,34249,33618,107,2,68,98,1.04342e+06,0,0,0,0,1,478,0,0,300,3699,0,0,0,0,0,0,0,0,300,-302,0,0,30
2488.09,0,0,0,0,99,3813,1.53386,0.0033352,1.53679,38,0,29,24,30,0,-2,0,0,1,57,3687,3856,301,144,35,614,34249,33618,107,2,68,98,1.10979e+06,0,0,0,0,1,0,377,124,311,3675,0,0,0,0,0,0,0,0,300,-294,0,0,30
2488.1,0,0,0,0,99,3812,1.53384,0.00334188,1.53659,38,0,29,24,31,0,-2,0,0,1,56,3684,3856,291,143,35,614,34314,33657,107,2,87,98,1.07204e+06,0,0,0,0,1,235,0,267,304,3725,0,0,0,0,0,0,0,0,300,-303,0,0,30
2488.11,0,0,0,0,100,3815,1.53383,0.00333006,1.5365,38,0,29,24,31,0,-2,0,0,1,56,3684,3856,291,143,35,614,34314,33657,107,2,87,98,1.07204e+06,0,0,0,0,1,185,327,0,306,3699,0,0,0,0,0,0,0,0,300,-303,0,0,30
2488.12,0,0,0,0,99,3819,1.53383,0.00331824,1.53641,38,0,29,24,31,0,-2,0,0,1,56,3684,3856,273,143,35,614,34314,33657,107,2,87,98,1.00573e+06,0,0,0,0,1,0,157,380,303,3669,0,0,0,0,0,0,0,0,300,-327,0,0,30
2488.13,0,0,0,0,99,3819,1.53383,0.00330642,1.53632,38,0,29,24,31,0,-2,0,0,1,56,3684,3856,268,143,35,614,34314,33657,107,2,87,98,987312,0,0,0,0,1,0,157,380,303,3669,0,0,0,0,0,0,0,0,300,-327,0,0,30
2488.14,0,0,0,0,100,3819,1.53383,0.0032946,1.53623,38,0,29,24,31,0,-2,0,0,1,56,3684,3856,281,143,35,614,34314,33657,107,2,87,98,1.0352e+06,0,0,0,0,1,399,0,87,308,3697,0,0,0,0,0,0,0,0,300,-301,0,0,30
2488.15,0,0,0,0,100,3819,1.53383,0.00328278,1.53614,38,0,29,24,31,0,-2,0,0,1,56,3684,3856,281,143,35,614,34314,33657,107,2,87,98,1.0352e+06,0,0,0,0,1,167,362,0,309,3701,0,0,0,0,0,0,0,0,300,-320,0,0,30
2488.16,0,0,0,0,100,3823,1.53382,0.00327097,1.53605,38,0,29,24,31,0,-2,0,0,1,56,3686,3856,285,143,35,614,34314,33657,107,2,87,98,1.05051e+06,0,0,0,0,1,0,0,474,295,3680,0,0,0,0,0,0,0,0,300,-276,0,0,30
2488.17,0,0,0,0,100,3827,1.53382,0.00325915,1.53596,38,0,29,24,31,0,-2,0,0,1,56,3679,3856,292,143,35,614,34314,33657,107,2,87,98,1.07427e+06,0,0,0,0,1,484,0,0,301,3699,0,0,0,0,0,0,0,0,300,-286,0,0,30
2488.18,0,0,0,0,100,3833,1.53382,0.00324733,1.53587,38,0,29,24,31,0,-2,0,0,1,56,3679,3856,276,143,35,614,34314,33657,107,2,87,98,1.0154e+06,0,0,0,0,1,0,450,0,295,3733,0,0,0,0,0,0,0,0,300,-266,0,0,30
2488.19,0,0,0,0,100,3833,1.53382,0.00323551,1.53578,38,0,29,24,31,0,-2,0,0,1,56,3679,3856,276,143,35,614,34314,33657,107,2,87,98,1.0154e+06,0,0,0,0,1,0,450,0,295,3733,0,0,0,0,0,0,0,0,300,-266,0,0,30
2488.2,0,0,0,0,100,3834,1.53381,0.00322369,1.53569,38,0,29,24,31,0,-2,0,0,1,57,3679,3856,291,143,35,614,34230,33590,107,2,68,98,1.07059e+06,0,0,0,0,1,0,0,487,312,3677,0,0,0,0,0,0,0,0,300,-291,0,0,30
2488.21,0,0,0,0,99,3831,1.53395,0.00322853,1.53563,38,0,29,24,31,0,-2,0,0,1,57,3685,3856,287,143,35,614,34230,33590,107,2,68,98,1.0576e+06,0,0,0,0,1,509,0,0,314,3695,0,0,0,0,0,0,0,0,300,-302,0,0,30
2488.22,0,0,0,0,99,3828,1.53409,0.00323337,1.53558,38,0,29,24,31,0,-2,0,0,1,57,3685,3856,286,143,35,614,34230,33590,107,2,68,98,1.05391e+06,0,0,0,0,1,0,522,0,309,3729,0,0,0,0,0,0,0,0,300,-306,0,0,30
2488.23,0,0,0,0,99,3832,1.53423,0.00323822,1.53552,38,0,29,24,31,0,-2,0,0,1,57,3685,3856,286,143,35,614,34230,33590,107,2,68,98,1.05391e+06,0,0,0,0,1,0,0,533,291,3671,0,0,0,0,0,0,0,0,300,-281,0,0,30
2488.24,0,0,0,0,99,3843,1.53436,0.00324306,1.53546,38,0,29,24,31,0,-2,0,0,1,57,3679,3856,283,143,35,614,34230,33590,107,2,68,98,1.04116e+06,0,0,0,0,1,454,0,0,290,3697,0,0,0,0,0,0,0,0,300,-271,0,0,30
2488.25,0,0,0,0,99,3843,1.5345,0.0032479,1.5354,38,0,29,24,31,0,-2,0,0,1,57,3679,3856,278,143,35,614,34230,33590,107,2,68,98,1.02276e+06,0,0,0,0,1,454,0,0,290,3697,0,0,0,0,0,0,0,0,300,-271,0,0,30
2488.26,0,0,0,0,99,3847,1.53464,0.00325274,1.53534,38,0,29,24,31,0,-2,0,0,1,57,3683,3856,293,143,35,614,34230,33590,107,2,68,98,1.07912e+06,0,0,0,0,1,0,446,0,313,3712,0,0,0,0,0,0,0,0,300,-289,0,0,30
2488.27,0,0,0,0,99,3847,1.53478,0.00325758,1.53528,38,0,29,24,31,0,-2,0,0,1,57,3683,3856,293,143,35,614,34230,33590,107,2,68,98,1.07912e+06,0,0,0,0,1,0,55,410,314,3684,0,0,0,0,0,0,0,0,300,-301,0,0,30
2488.28,0,0,0,0,99,3843,1.53492,0.00326242,1.53522,38,0,29,24,31,0,-2,0,0,1,57,3683,3856,291,143,35,614,34230,33590,107,2,68,98,1.07175e+06,0,0,0,0,1,402,0,117,314,3690,0,0,0,0,0,0,0,0,300,-310,0,0,30
2488.29,0,0,0,0,100,3844,1.53505,0.00326726,1.53516,38,0,29,24,31,0,-2,0,0,1,57,3678,3856,284,143,35,614,34230,33590,107,2,68,98,1.04455e+06,0,0,0,0,1,205,336,0,303,3703,0,0,0,0,0,0,0,0,300,-319,0,0,30
2488.3,0,0,0,0,100,3848,1.53519,0.0032721,1.5351,38,0,29,24,30,0,-2,0,0,1,57,3678,3856,271,143,35,614,34219,33493,108,2,65,98,996738,0,0,0,0,1,0,217,347,294,3677,0,0,0,0,0,0,0,0,300,-278,0,0,30
2488.31,0,0,0,0,100,3848,1.53511,0.00326627,1.5354,38,0,29,24,30,0,-2,0,0,1,57,3678,3856,271,143,35,614,34219,33493,108,2,65,98,996738,0,0,0,0,1,0,217,347,294,3677,0,0,0,0,0,0,0,0,300,-278,0,0,30
2488.32,0,0,0,0,99,3855,1.53503,0.00326045,1.5357,38,0,29,24,30,0,-2,0,0,1,57,3683,3856,292,143,35,614,34219,33493,108,2,65,98,1.07544e+06,0,0,0,0,1,214,0,308,298,3727,0,0,0,0,0,0,0,0,300,-272,0,0,30
2488.33,0,0,0,0,99,3858,1.53495,0.00325462,1.53601,38,0,29,24,30,0,-2,0,0,1,57,3683,3856,298,143,35,614,34219,33493,108,2,65,98,1.09753e+06,0,0,0,0,1,451,0,0,309,3690,0,0,0,0,0,0,0,0,300,-327,0,0,30
2488.34,0,0,0,0,99,3857,1.53488,0.00324879,1.53631,38,0,29,24,30,0,-2,0,0,1,57,3683,3856,306,143,35,614,34219,33493,108,2,65,98,1.127e+06,0,0,0,0,1,0,512,0,316,3727,0,0,0,0,0,0,0,0,300,-283,0,0,30
2488.35,0,0,0,0,99,3860,1.5348,0.00324296,1.53661,38,0,29,24,30,0,-2,0,0,1,57,3683,3856,306,143,35,614,34219,33493,108,2,65,98,1.127e+06,0,0,0,0,1,0,0,498,301,3680,0,0,0,0,0,0,0,0,300,-286,0,0,30
2488.36,0,0,0,0,100,3864,1.53472,0.00323713,1.53692,38,0,29,24,30,0,-2,0,0,1,57,3683,3854,280,143,35,614,34219,33493,108,2,65,98,1.03124e+06,0,0,0,0,1,302,0,197,297,3714,0,0,0,0,0,0,0,0,300,-309,0,0,30
2488.37,0,0,0,0,99,3864,1.53464,0.0032313,1.53722,38,0,29,24,30,0,-2,0,0,1,57,3678,3854,275,143,35,614,34219,33493,108,2,65,98,1.01145e+06,0,0,0,0,1,302,0,197,297,3714,0,0,0,0,0,0,0,0,300,-309,0,0,30
2488.38,0,0,0,0,100,3866,1.53456,0.00322547,1.53752,38,0,29,24,30,0,-2,0,0,1,57,3678,3854,275,143,35,614,34219,33493,108,2,65,98,1.01145e+06,0,0,0,0,1,300,194,0,310,3695,0,0,0,0,0,0,0,0,300,-290,0,0,30
2488.39,0,0,0,0,99,3864,1.53448,0.00321964,1.53782,38,0,29,24,30,0,-2,0,0,1,57,3678,3854,275,143,35,614,34219,33493,108,2,65,98,1.01145e+06,0,0,0,0,1,0,444,0,311,3695,0,0,0,0,0,0,0,0,300,-284,0,0,30
2488.4,0,0,0,0,100,3865,1.5344,0.00321381,1.53813,38,0,29,24,30,0,-2,0,0,1,57,3685,3854,296,143,35,614,34276,33634,107,2,65,98,1.09076e+06,0,0,0,0,1,0,0,480,306,3677,0,0,0,0,0,0,0,0,300,-290,0,0,30
2488.41,0,0,0,0,100,3871,1.5342,0.00320765,1.5379,38,0,29,24,30,0,-2,0,0,1,57,3685,3854,295,143,35,614,34276,33634,107,2,65,98,1.08708e+06,0,0,0,0,1,446,0,0,303,3692,0,0,0,0,0,0,0,0,300,-286,0,0,30
2488.42,0,0,0,0,100,3878,1.534,0.00320148,1.53766,38,0,29,24,30,0,-2,0,0,1,57,3676,3854,284,143,35,614,34276,33634,107,2,65,98,1.04398e+06,0,0,0,0,1,202,325,0,301,3697,0,0,0,0,0,0,0,0,300,-311,0,0,30
2488.43,0,0,0,0,99,3878,1.5338,0.00319532,1.53743,38,0,29,24,30,0,-2,0,0,1,57,3676,3854,284,143,35,614,34276,33634,107,2,65,98,1.04398e+06,0,0,0,0,1,202,325,0,301,3697,0,0,0,0,0,0,0,0,300,-311,0,0,30
2488.44,0,0,0,0,99,3883,1.53361,0.00318916,1.5372,38,0,29,24,30,0,-2,0,0,1,57,3676,3854,288,143,35,614,34276,33634,107,2,65,98,1.05869e+06,0,0,0,0,1,0,448,0,314,3677,0,0,0,0,0,0,0,0,300,-296,0,0,30
2488.45,0,0,0,0,99,3880,1.53341,0.00318299,1.53697,38,0,29,24,30,0,-2,0,0,1,57,3682,3854,292,143,35,614,34276,33634,107,2,65,98,1.07514e+06,0,0,0,0,1,0,0,517,319,3663,0,0,0,0,0,0,0,0,300,-329,0,0,30
2488.46,0,0,0,0,99,3876,1.53321,0.00317683,1.53674,38,0,29,24,30,0,-2,0,0,1,57,3682,3854,291,143,35,614,34276,33634,107,2,65,98,1.07146e+06,0,0,0,0,1,386,0,99,319,3692,0,0,0,0,0,0,0,0,300,-311,0,0,30
2488.47,0,0,0,0,99,3879,1.53301,0.00317066,1.5365,38,0,29,24,30,0,-2,0,0,1,57,3682,3854,291,143,35,614,34276,33634,107,2,65,98,1.07146e+06,0,0,0,0,1,298,211,0,295,3703,0,0,0,0,0,0,0,0,300,-299,0,0,30
2488.48,0,0,0,0,99,3888,1.53281,0.0031645,1.53627,38,0,29,24,30,0,-2,0,0,1,57,3675,3854,286,143,35,614,34276,33634,107,2,65,98,1.05105e+06,0,0,0,0,1,0,489,0,290,3731,0,0,0,0,0,0,0,0,300,-293,0,0,30
2488.49,0,0,0,0,99,3888,1.53261,0.00315834,1.53604,38,0,29,24,30,0,-2,0,0,1,57,3675,3854,280,143,35,614,34276,33634,107,2,65,98,1.029e+06,0,0,0,0,1,0,489,0,290,3731,0,0,0,0,0,0,0,0,300,-293,0,0,30
2488.5,0,0,0,0,99,3894,1.53241,0.00315217,1.53581,38,0,29,24,30,0,-2,0,0,1,57,3680,3854,282,143,35,614,34191,33529,108,2,68,98,1.03776e+06,0,0,0,0,1,0,69,421,308,3675,0,0,0,0,0,0,0,0,300,-300,0,0,30
2488.51,0,0,0,0,99,3894,1.53288,0.00315758,1.53619,38,0,29,24,30,0,-2,0,0,1,57,3680,3854,282,143,35,614,34191,33529,108,2,68,98,1.03776e+06,0,0,0,0,1,136,0,353,320,3727,0,0,0,0,0,0,0,0,300,-288,0,0,30
2488.52,0,0,0,0,100,3894,1.53336,0.00316299,1.53658,38,0,29,24,30,0,-2,0,0,1,57,3680,3853,302,143,35,614,34191,33529,108,2,68,98,1.11136e+06,0,0,0,0,1,554,0,0,322,3686,0,0,0,0,0,0,0,0,300,-323,0,0,30
2488.53,0,0,0,0,100,3895,1.53383,0.00316839,1.53697,38,0,29,24,30,0,-2,0,0,1,57,3675,3853,296,143,35,614,34191,33529,108,2,68,98,1.0878e+06,0,0,0,0,1,194,344,0,313,3692,0,0,0,0,0,0,0,0,300,-319,0,0,30
2488.54,0,0,0,0,99,3897,1.5343,0.0031738,1.53735,38,0,29,24,30,0,-2,0,0,1,57,3675,3853,283,143,35,614,34191,33529,108,2,68,98,1.04002e+06,0,0,0,0,1,0,424,3,306,3684,0,0,0,0,0,0,0,0,300,-283,0,0,30
2488.55,0,0,0,0,100,3897,1.53477,0.0031792,1.53774,38,0,29,24,30,0,-2,0,0,1,57,3675,3853,283,143,35,614,34191,33529,108,2,68,98,1.04002e+06,0,0,0,0,1,0,424,3,306,3684,0,0,0,0,0,0,0,0,300,-283,0,0,30
2488.56,0,0,0,0,100,3902,1.53525,0.00318461,1.53812,38,0,29,24,30,0,-2,0,0,1,57,3676,3853,282,143,35,614,34191,33529,108,2,68,98,1.03663e+06,0,0,0,0,1,0,0,443,303,3675,0,0,0,0,0,0,0,0,300,-288,0,0,30
2488.57,0,0,0,0,100,3907,1.53572,0.00319002,1.53851,38,0,29,24,30,0,-2,0,0,1,57,3676,3853,302,143,35,614,34191,33529,108,2,68,98,1.11015e+06,0,0,0,0,1,177,0,284,306,3725,0,0,0,0,0,0,0,0,300,-272,0,0,30
2488.58,0,0,0,0,100,3907,1.53619,0.00319542,1.53889,38,0,29,24,30,0,-2,0,0,1,57,3686,3853,293,143,35,614,34191,33529,108,2,68,98,1.08e+06,0,0,0,0,1,480,0,0,314,3692,0,0,0,0,0,0,0,0,300,-284,0,0,30
2488.59,0,0,0,0,100,3910,1.53666,0.00320083,1.53928,38,0,29,24,30,0,-2,0,0,1,57,3686,3853,293,143,35,614,34191,33529,108,2,68,98,1.08e+06,0,0,0,0,1,255,268,0,306,3692,0,0,0,0,0,0,0,0,300,-306,0,0,30
2488.6,0,0,0,0,100,3915,1.53714,0.00320623,1.53967,38,0,29,24,30,0,-2,0,0,1,57,3686,3853,289,143,35,614,34301,33576,108,2,87,73,1.06525e+06,0,0,0,0,1,0,492,0,303,3733,0,0,0,0,0,0,0,0,300,-288,0,0,30
2488.61,0,0,0,0,100,3915,1.53702,0.00321589,1.53932,38,0,29,24,30,0,-2,0,0,1,57,3673,3853,287,143,35,614,34301,33576,108,2,87,73,1.05415e+06,0,0,0,0,1,0,492,0,303,3733,0,0,0,0,0,0,0,0,300,-288,0,0,30
2488.62,0,0,0,0,100,3918,1.5369,0.00322554,1.53897,38,0,29,24,30,0,-2,0,0,1,57,3673,3853,276,144,35,614,34301,33576,108,2,87,73,1.01375e+06,0,0,0,0,1,0,264,284,312,3671,0,0,0,0,0,0,0,0,300,-314,0,0,30
2488.63,0,0,0,0,100,3915,1.53679,0.00323519,1.53861,38,0,29,24,30,0,-2,0,0,1,57,3673,3853,276,144,35,614,34301,33576,108,2,87,73,1.01375e+06,0,0,0,0,1,0,0,522,317,3665,0,0,0,0,0,0,0,0,300,-291,0,0,30
2488.64,0,0,0,0,99,3915,1.53667,0.00324485,1.53826,38,0,29,24,30,0,-2,0,0,1,57,3680,3853,299,144,35,614,34301,33576,108,2,87,73,1.10032e+06,0,0,0,0,1,288,0,234,314,3716,0,0,0,0,0,0,0,0,300,-316,0,0,30
2488.65,0,0,0,0,99,3922,1.53656,0.0032545,1.53791,38,0,29,24,30,0,-2,0,0,1,57,3680,3853,296,144,35,614,34301,33576,108,2,87,73,1.08928e+06,0,0,0,0,1,439,0,0,301,3692,0,0,0,0,0,0,0,0,300,-283,0,0,30
2488.66,0,0,0,0,99,3929,1.53644,0.00326415,1.53756,38,0,29,24,30,0,-2,0,0,1,57,3680,3853,290,144,35,614,34301,33576,108,2,87,73,1.0672e+06,0,0,0,0,1,333,170,0,306,3690,0,0,0,0,0,0,0,0,300,-299,0,0,30
2488.67,0,0,0,0,100,3929,1.53632,0.00327381,1.53721,38,0,29,24,30,0,-2,0,0,1,57,3680,3853,290,144,35,614,34301,33576,108,2,87,73,1.0672e+06,0,0,0,0,1,333,170,0,306,3690,0,0,0,0,0,0,0,0,300,-299,0,0,30
2488.68,0,0,0,0,100,3935,1.53621,0.00328346,1.53686,38,0,29,24,30,0,-2,0,0,1,57,3680,3853,296,144,35,614,34301,33576,108,2,87,73,1.08928e+06,0,0,0,0,1,32,383,0,306,3708,0,0,0,0,0,0,0,0,300,-270,0,0,30
2488.69,0,0,0,0,100,3934,1.53609,0.00329311,1.53651,38,0,29,24,30,0,-2,0,0,1,57,3679,3853,291,144,35,614,34301,33576,108,2,87,73,1.07059e+06,0,0,0,0,1,0,481,0,322,3710,0,0,0,0,0,0,0,0,300,-298,0,0,30
2488.7,0,0,0,0,100,3930,1.53597,0.00330277,1.53616,38,0,29,24,30,0,-2,0,0,1,57,3679,3853,303,144,35,614,34253,33506,108,2,65,98,1.11474e+06,0,0,0,0,1,0,210,310,323,3673,0,0,0,0,0,0,0,0,300,-322,0,0,30
2488.71,0,0,0,0,99,3931,1.5359,0.00330022,1.53623,38,0,29,24,30,0,-2,0,0,1,57,3679,3853,303,144,35,614,34253,33506,108,2,65,98,1.11474e+06,0,0,0,0,1,0,0,519,310,3669,0,0,0,0,0,0,0,0,300,-299,0,0,30
2488.72,0,0,0,0,99,3939,1.53583,0.00329767,1.53631,38,0,29,24,30,0,-2,0,0,1,57,3674,3853,286,144,35,614,34253,33506,108,2,65,98,1.05076e+06,0,0,0,0,1,118,0,316,296,3725,0,0,0,0,0,0,0,0,300,-285,0,0,30
2488.73,0,0,0,0,100,3939,1.53576,0.00329512,1.53638,38,0,29,24,30,0,-2,0,0,1,57,3674,3853,282,144,35,614,34253,33506,108,2,65,98,1.03607e+06,0,0,0,0,1,118,0,316,296,3725,0,0,0,0,0,0,0,0,300,-285,0,0,30
2488.74,0,0,0,0,99,3947,1.53568,0.00329257,1.53645,38,0,29,24,30,0,-2,0,0,1,57,3680,3853,286,144,35,614,34253,33506,108,2,65,98,1.05248e+06,0,0,0,0,1,396,0,112,312,3697,0,0,0,0,0,0,0,0,300,-307,0,0,30
2488.75,0,0,0,0,99,3948,1.53561,0.00329002,1.53652,38,0,29,24,30,0,-2,0,0,1,57,3680,3853,286,144,35,614,34253,33506,108,2,65,98,1.05248e+06,0,0,0,0,1,548,0,0,321,3688,0,0,0,0,0,0,0,0,300,-320,0,0,30
2488.76,0,0,0,0,99,3949,1.53554,0.00328747,1.5366,38,0,29,24,30,0,-2,0,0,1,57,3680,3855,306,144,35,614,34253,33506,108,2,65,98,1.12608e+06,0,0,0,0,1,421,32,0,322,3680,0,0,0,0,0,0,0,0,300,-296,0,0,30
2488.77,0,0,0,0,99,3950,1.53547,0.00328492,1.53667,38,0,29,24,30,0,-2,0,0,1,57,3680,3855,304,144,35,614,34253,33506,108,2,65,98,1.11872e+06,0,0,0,0,1,238,313,0,311,3692,0,0,0,0,0,0,0,0,300,-321,0,0,30
2488.78,0,0,0,0,99,3952,1.53539,0.00328237,1.53674,38,0,29,24,30,0,-2,0,0,1,57,3680,3855,299,144,35,614,34253,33506,108,2,65,98,1.10032e+06,0,0,0,0,1,0,462,0,308,3723,0,0,0,0,0,0,0,0,300,-278,0,0,30
2488.79,0,0,0,0,99,3952,1.53532,0.00327982,1.53681,38,0,29,24,30,0,-2,0,0,1,57,3680,3855,299,144,35,614,34253,33506,108,2,65,98,1.10032e+06,0,0,0,0,1,0,462,0,308,3723,0,0,0,0,0,0,0,0,300,-278,0,0,30
2488.8,0,0,0,0,99,3955,1.53525,0.00327727,1.53689,38,0,29,24,30,0,-2,0,0,1,57,3673,3855,282,144,35,614,34169,33463,108,2,68,73,1.03579e+06,0,0,0,0,1,0,492,0,309,3706,0,0,0,0,0,0,0,0,300,-301,0,0,30
2488.81,0,0,0,0,99,3959,1.53507,0.00327543,1.53671,38,0,29,24,30,0,-2,0,0,1,57,3673,3855,293,144,35,614,34169,33463,108,2,68,73,1.07619e+06,0,0,0,0,1,0,284,210,306,3675,0,0,0,0,0,0,0,0,300,-285,0,0,30
2488.82,0,0,0,0,99,3961,1.53489,0.00327359,1.53654,38,0,29,24,30,0,-2,0,0,1,57,3682,3855,306,144,35,614,34169,33463,108,2,68,73,1.12669e+06,0,0,0,0,1,0,204,351,317,3669,0,0,0,0,0,0,0,0,300,-313,0,0,30
2488.83,0,0,0,0,99,3965,1.53471,0.00327175,1.53636,38,0,29,24,30,0,-2,0,0,1,57,3682,3855,306,144,35,614,34169,33463,108,2,68,73,1.12669e+06,0,0,0,0,1,0,0,439,303,3675,0,0,0,0,0,0,0,0,300,-292,0,0,30
2488.84,0,0,0,0,99,3971,1.53453,0.00326991,1.53619,38,0,29,24,30,0,-2,0,0,1,57,3682,3855,295,144,35,614,34169,33463,108,2,68,73,1.08619e+06,0,0,0,0,1,0,0,522,313,3671,0,0,0,0,0,0,0,0,300,-268,0,0,30
2488.85,0,0,0,0,99,3971,1.53435,0.00326807,1.53601,38,0,29,24,30,0,-2,0,0,1,57,3672,3855,293,144,35,614,34169,33463,108,2,68,73,1.0759e+06,0,0,0,0,1,0,0,522,313,3671,0,0,0,0,0,0,0,0,300,-268,0,0,30
2488.86,0,0,0,0,99,3972,1.53417,0.00326623,1.53583,38,0,29,24,30,0,-2,0,0,1,57,3672,3855,287,144,35,614,34169,33463,108,2,68,73,1.05386e+06,0,0,0,0,1,0,0,498,321,3671,0,0,0,0,0,0,0,0,300,-303,0,0,30
2488.87,0,0,0,0,99,3968,1.53399,0.00326439,1.53566,38,0,29,24,30,0,-2,0,0,1,57,3672,3855,287,144,35,614,34169,33463,108,2,68,73,1.05386e+06,0,0,0,0,1,124,0,370,325,3666,0,0,0,0,0,0,0,0,300,-290,0,0,30
2488.88,0,0,0,0,99,3969,1.53381,0.00326255,1.53548,38,0,29,24,30,0,-2,0,0,1,57,3678,3855,289,144,35,614,34169,33463,108,2,68,73,1.06294e+06,0,0,0,0,1,169,0,292,317,3727,0,0,0,0,0,0,0,0,300,-270,0,0,30
2488.89,0,0,0,0,100,3978,1.53364,0.00326072,1.53531,38,0,29,24,30,0,-2,0,0,1,57,3678,3855,304,144,35,614,34169,33463,108,2,68,73,1.11811e+06,0,0,0,0,1,294,0,202,300,3723,0,0,0,0,0,0,0,0,300,-293,0,0,30
2488.9,0,0,0,0,99,3978,1.53346,0.00325888,1.53513,38,0,29,24,30,0,-2,0,0,1,57,3679,3855,304,144,35,614,34251,33480,108,2,65,98,1.11842e+06,0,0,0,0,1,228,0,263,309,3723,0,0,0,0,0,0,0,0,300,-303,0,0,30
2488.91,0,0,0,0,99,3985,1.53337,0.00324647,1.53554,38,0,29,24,30,0,-2,0,0,1,57,3679,3855,304,144,35,614,34251,33480,108,2,65,98,1.11842e+06,0,0,0,0,1,228,0,263,309,3723,0,0,0,0,0,0,0,0,300,-303,0,0,30
2488.92,0,0,0,0,99,3990,1.53329,0.00323407,1.53594,38,0,29,24,30,0,-2,0,0,1,57,3679,3857,294,144,35,614,34251,33480,108,2,65,98,1.08163e+06,0,0,0,0,1,369,0,132,319,3699,0,0,0,0,0,0,0,0,300,-308,0,0,30
2488.93,0,0,0,0,99,3989,1.53321,0.00322167,1.53634,38,0,29,24,30,0,-2,0,0,1,57,3678,3857,303,144,35,614,34251,33480,108,2,65,98,1.11443e+06,0,0,0,0,1,402,0,106,331,3684,0,0,0,0,0,0,0,0,300,-314,0,0,30
2488.94,0,0,0,0,99,3984,1.53313,0.00320927,1.53675,38,0,29,24,30,0,-2,0,0,1,57,3678,3857,309,144,35,614,34251,33480,108,2,65,98,1.1365e+06,0,0,0,0,1,464,0,0,336,3684,0,0,0,0,0,0,0,0,300,-301,0,0,30
2488.95,0,0,0,0,99,3987,1.53305,0.00319686,1.53715,38,0,29,24,30,0,-2,0,0,1,57,3678,3857,309,144,35,614,34251,33480,108,2,65,98,1.1365e+06,0,0,0,0,1,464,0,0,312,3692,0,0,0,0,0,0,0,0,300,-280,0,0,30
2488.96,0,0,0,0,99,3995,1.53297,0.00318446,1.53755,38,0,29,24,30,0,-2,0,0,1,57,3671,3857,284,144,35,614,34251,33480,108,2,65,98,1.04256e+06,0,0,0,0,1,484,0,0,301,3690,0,0,0,0,0,0,0,0,300,-287,0,0,30
2488.97,0,0,0,0,99,3995,1.53289,0.00317206,1.53795,38,0,29,24,30,0,-2,0,0,1,57,3671,3857,290,144,35,614,34251,33480,108,2,65,98,1.06459e+06,0,0,0,0,1,484,0,0,301,3690,0,0,0,0,0,0,0,0,300,-287,0,0,30
2488.98,0,0,0,0,100,4001,1.5328,0.00315966,1.53836,38,0,29,24,30,0,-2,0,0,1,57,3676,3857,291,144,35,614,34251,33480,108,2,65,98,1.06972e+06,0,0,0,0,1,515,0,0,320,3684,0,0,0,0,0,0,0,0,300,-305,0,0,30
2488.99,0,0,0,0,99,4002,1.53272,0.00314725,1.53876,38,0,29,24,30,0,-2,0,0,1,57,3676,3857,291,144,35,614,34251,33480,108,2,65,98,1.06972e+06,0,0,0,0,1,487,0,0,327,3690,0,0,0,0,0,0,0,0,300,-296,0,0,30
2489,0,0,0,0,100,4005,1.53264,0.00313485,1.53916,38,0,29,24,30,0,-2,0,0,1,57,3676,3857,310,144,35,614,34192,33519,108,2,65,98,1.13956e+06,0,0,0,0,1,478,0,0,329,3684,0,0,0,0,0,0,0,0,300,-296,0,0,30
2489.01,0,0,0,0,100,4007,1.53294,0.00314095,1.53871,38,0,29,24,30,0,-2,0,0,1,57,3675,3857,308,144,35,614,34192,33519,108,2,65,98,1.1319e+06,0,0,0,0,1,423,0,0,317,3690,0,0,0,0,0,0,0,0,300,-277,0,0,30
2489.02,0,0,0,0,100,4009,1.53324,0.00314705,1.53825,38,0,29,24,30,0,-2,0,0,1,57,3675,3857,301,144,35,614,34192,33519,108,2,65,98,1.10618e+06,0,0,0,0,1,396,0,70,317,3688,0,0,0,0,0,0,0,0,300,-298,0,0,30
2489.03,0,0,0,0,99,4009,1.53354,0.00315315,1.53779,38,0,29,24,30,0,-2,0,0,1,57,3675,3857,301,143,35,614,34192,33519,108,2,65,98,1.10618e+06,0,0,0,0,1,396,0,70,317,3688,0,0,0,0,0,0,0,0,300,-298,0,0,30
2489.04,0,0,0,0,99,4009,1.53384,0.00315925,1.53733,38,0,29,24,30,0,-2,0,0,1,57,3668,3857,290,143,35,614,34192,33519,108,2,65,98,1.06372e+06,0,0,0,0,1,378,0,118,325,3695,0,0,0,0,0,0,0,0,300,-299,0,0,30
2489.05,0,0,0,0,99,4013,1.53414,0.00316535,1.53688,38,0,29,24,30,0,-2,0,0,1,57,3668,3857,299,143,35,614,34192,33519,108,2,65,98,1.09673e+06,0,0,0,0,1,314,0,224,318,3706,0,0,0,0,0,0,0,0,300,-306,0,0,30
2489.06,0,0,0,0,99,4016,1.53444,0.00317145,1.53642,38,0,29,24,30,0,-2,0,0,1,57,3679,3857,299,143,35,614,34192,33519,108,2,65,98,1.10002e+06,0,0,0,0,1,335,0,210,322,3712,0,0,0,0,0,0,0,0,300,-311,0,0,30
2489.07,0,0,0,0,99,4023,1.53474,0.00317755,1.53596,38,0,29,24,30,0,-2,0,0,1,57,3679,3857,299,143,35,614,34192,33519,108,2,65,98,1.10002e+06,0,0,0,0,1,136,0,320,308,3718,0,0,0,0,0,0,0,0,300,-265,0,0,30
2489.08,0,0,0,0,99,4029,1.53504,0.00318365,1.5355,38,0,29,24,30,0,-2,0,0,1,57,3679,3857,302,143,35,614,34192,33519,108,2,65,98,1.11106e+06,0,0,0,0,1,0,0,495,317,3673,0,0,0,0,0,0,0,0,300,-277,0,0,30
2489.09,0,0,0,0,99,4029,1.53534,0.00318975,1.53504,38,0,29,24,30,0,-2,0,0,1,57,3679,3857,301,143,35,614,34192,33519,108,2,65,98,1.10738e+06,0,0,0,0,1,0,0,495,317,3673,0,0,0,0,0,0,0,0,300,-277,0,0,30
2489.1,0,0,0,0,99,4027,1.53564,0.00319585,1.53459,38,0,29,24,30,0,-2,0,0,1,56,3673,3857,292,143,35,614,34216,33514,108,2,82,73,1.07252e+06,0,0,0,0,1,0,0,528,333,3654,0,0,0,0,0,0,0,0,300,-302,0,0,30
2489.11,0,0,0,0,99,4023,1.53559,0.00318041,1.53527,38,0,29,24,30,0,-2,0,0,1,56,3673,3857,292,143,35,614,34216,33514,108,2,82,73,1.07252e+06,0,0,0,0,1,0,0,487,330,3665,0,0,0,0,0,0,0,0,300,-296,0,0,30
2489.12,0,0,0,0,99,4025,1.53553,0.00316498,1.53596,38,0,29,24,30,0,-2,0,0,1,56,3675,3857,289,143,35,614,34216,33514,108,2,82,73,1.06208e+06,0,0,0,0,1,0,108,369,308,3669,0,0,0,0,0,0,0,0,300,-290,0,0,30
2489.13,0,0,0,0,99,4035,1.53547,0.00314954,1.53665,38,0,29,24,30,0,-2,0,0,1,56,3675,3857,307,143,35,614,34216,33514,108,2,82,73,1.12822e+06,0,0,0,0,1,0,216,333,306,3673,0,0,0,0,0,0,0,0,300,-300,0,0,30
2489.14,0,0,0,0,99,4042,1.53542,0.0031341,1.53733,38,0,29,24,30,0,-2,0,0,1,56,3675,3857,300,144,35,614,34216,33514,108,2,82,73,1.1025e+06,0,0,0,0,1,0,416,0,312,3675,0,0,0,0,0,0,0,0,300,-285,0,0,30
2489.15,0,0,0,0,99,4042,1.53536,0.00311866,1.53802,38,0,29,24,30,0,-2,0,0,1,56,3675,3857,300,144,35,614,34216,33514,108,2,82,73,1.1025e+06,0,0,0,0,1,0,416,0,312,3675,0,0,0,0,0,0,0,0,300,-285,0,0,30
2489.16,0,0,0,0,99,4045,1.53531,0.00310322,1.53871,38,0,29,24,30,0,-2,0,0,1,56,3673,3854,296,144,35,614,34216,33514,108,2,82,73,1.08721e+06,0,0,0,0,1,0,424,0,326,3697,0,0,0,0,0,0,0,0,300,-316,0,0,30
2489.17,0,0,0,0,99,4042,1.53525,0.00308778,1.5394,38,0,29,24,30,0,-2,0,0,1,56,3673,3854,308,144,35,614,34216,33514,108,2,82,73,1.13128e+06,0,0,0,0,1,117,385,0,328,3697,0,0,0,0,0,0,0,0,300,-304,0,0,30
2489.18,0,0,0,0,99,4040,1.53519,0.00307234,1.54008,38,0,29,24,30,0,-2,0,0,1,56,3673,3854,317,144,35,614,34216,33514,108,2,82,73,1.16434e+06,0,0,0,0,1,251,287,0,325,3673,0,0,0,0,0,0,0,0,300,-314,0,0,30
2489.19,0,0,0,0,99,4044,1.53514,0.00305691,1.54077,38,0,29,24,30,0,-2,0,0,1,56,3673,3854,317,144,35,614,34216,33514,108,2,82,73,1.16434e+06,0,0,0,0,1,451,0,0,308,3690,0,0,0,0,0,0,0,0,300,-285,0,0,30
2489.2,0,0,0,0,99,4053,1.53508,0.00304147,1.54146,38,0,29,24,31,0,-2,0,0,1,56,3675,3854,287,144,35,614,34183,33490,108,2,65,73,1.05472e+06,0,0,0,0,1,460,0,0,306,3690,0,0,0,0,0,0,0,0,300,-274,0,0,30
2489.21,0,0,0,0,99,4053,1.53513,0.00306365,1.54097,38,0,29,24,31,0,-2,0,0,1,56,3670,3854,291,144,35,614,34183,33490,108,2,65,73,1.06797e+06,0,0,0,0,1,460,0,0,306,3690,0,0,0,0,0,0,0,0,300,-274,0,0,30
2489.22,0,0,0,0,99,4055,1.53517,0.00308583,1.54049,38,0,29,24,31,0,-2,0,0,1,56,3670,3854,299,144,35,614,34183,33490,108,2,65,73,1.09733e+06,0,0,0,0,1,347,0,187,326,3703,0,0,0,0,0,0,0,0,300,-319,0,0,30
2489.23,0,0,0,0,99,4056,1.53522,0.00310801,1.54001,38,0,29,24,31,0,-2,0,0,1,56,3670,3854,299,144,35,614,34183,33490,108,2,65,73,1.09733e+06,0,0,0,0,1,0,0,427,322,3675,0,0,0,0,0,0,0,0,300,-304,0,0,30
2489.24,0,0,0,0,99,4060,1.53526,0.00313018,1.53953,38,0,29,24,31,0,-2,0,0,1,56,3676,3854,316,144,35,614,34183,33490,108,2,65,73,1.16162e+06,0,0,0,0,1,0,0,474,320,3660,0,0,0,0,0,0,0,0,300,-272,0,0,30
2489.25,0,0,0,0,99,4063,1.53531,0.00315236,1.53905,38,0,29,24,31,0,-2,0,0,1,56,3676,3855,320,144,35,614,34183,33490,108,2,65,73,1.17632e+06,0,0,0,0,1,0,251,317,328,3660,0,0,0,0,0,0,0,0,300,-336,0,0,30
2489.26,0,0,0,0,99,4062,1.53535,0.00317454,1.53857,38,0,29,24,31,0,-2,0,0,1,56,3676,3855,309,144,35,614,34183,33490,108,2,65,73,1.13588e+06,0,0,0,0,1,0,492,0,325,3714,0,0,0,0,0,0,0,0,300,-299,0,0,30
2489.27,0,0,0,0,99,4062,1.5354,0.00319672,1.53809,38,0,29,24,31,0,-2,0,0,1,56,3676,3855,309,144,35,614,34183,33490,108,2,65,73,1.13588e+06,0,0,0,0,1,0,492,0,325,3714,0,0,0,0,0,0,0,0,300,-299,0,0,30
2489.28,0,0,0,0,99,4064,1.53544,0.0032189,1.53761,38,0,29,24,31,0,-2,0,0,1,56,3678,3855,284,144,35,614,34183,33490,108,2,65,73,1.04455e+06,0,0,0,0,1,64,385,0,325,3703,0,0,0,0,0,0,0,0,300,-283,0,0,30
2489.29,0,0,0,0,99,4067,1.53549,0.00324108,1.53713,38,0,29,24,31,0,-2,0,0,1,56,3678,3855,308,144,35,614,34183,33490,108,2,65,73,1.13282e+06,0,0,0,0,1,384,139,0,327,3666,0,0,0,0,0,0,0,0,300,-316,0,0,30
2489.3,0,0,0,0,99,4071,1.53554,0.00326326,1.53664,38,0,29,24,31,0,-2,0,0,1,57,3678,3855,310,144,35,614,34218,33586,108,2,68,98,1.14018e+06,0,0,0,0,1,480,0,0,318,3686,0,0,0,0,0,0,0,0,300,-284,0,0,30
2489.31,0,0,0,0,99,4079,1.53549,0.00325689,1.5369,38,0,29,24,31,0,-2,0,0,0.9,57,3678,3855,310,144,35,614,34218,33586,108,2,68,98,1.14018e+06,0,0,0,0,1,265,0,246,321,3714,0,0,0,0,0,0,0,0,300,-290,0,0,30
2489.32,0,0,0,0,99,4080,1.53544,0.00325051,1.53716,38,0,29,24,31,0,-2,0,0,0.8,57,3674,3855,306,144,35,614,34218,33586,108,2,68,98,1.12424e+06,0,0,0,0,1,0,0,522,328,3660,0,0,0,0,0,0,0,0,300,-284,0,0,30
2489.33,0,0,0,0,99,4080,1.53539,0.00324414,1.53741,38,0,29,24,31,0,-2,0,0,0.7,57,3674,3856,305,144,35,614,34218,33586,108,2,68,98,1.12057e+06,0,0,0,0,1,0,0,522,328,3660,0,0,0,0,0,0,0,0,300,-284,0,0,30
2489.34,0,0,0,0,99,4076,1.53534,0.00323776,1.53767,38,0,29,24,31,0,-2,0,0,0.6,57,3674,3856,303,144,35,614,34218,33586,108,2,68,98,1.11322e+06,0,0,0,0,1,0,264,310,344,3656,0,0,0,0,0,0,0,0,300,-301,0,0,30
2489.35,0,0,0,0,99,4075,1.53529,0.00323139,1.53793,38,0,29,24,31,0,-2,0,0,0.5,57,3674,3856,303,143,35,614,34218,33586,108,2,68,98,1.11322e+06,0,0,0,0,1,0,510,0,321,3729,0,0,0,0,0,0,0,0,300,-271,0,0,30
2489.36,0,0,0,0,99,4082,1.53524,0.00322501,1.53819,38,0,29,24,31,0,-2,0,0,0.4,57,3672,3856,306,143,35,614,34218,33586,108,2,68,98,1.12363e+06,0,0,0,0,1,193,319,0,304,3692,0,0,0,0,0,0,0,0,300,-263,0,0,30
2489.37,0,0,0,0,99,4090,1.53519,0.00321864,1.53844,38,0,29,24,31,0,-2,0,0,0.3,57,3671,3856,309,143,35,614,34218,33586,108,2,68,98,1.13434e+06,0,0,0,0,1,517,0,0,314,3684,0,0,0,0,0,0,0,0,300,-279,0,0,30
2489.38,0,0,0,0,99,4094,1.53514,0.00321226,1.5387,38,0,29,24,31,0,-2,0,0,0.2,57,3671,3856,298,143,35,614,34218,33586,108,2,68,98,1.09396e+06,0,0,0,0,1,0,0,388,321,3690,0,0,0,0,0,0,0,0,300,-296,0,0,30
2489.39,0,0,0,0,99,4094,1.53509,0.00320589,1.53896,38,0,29,24,31,0,-2,0,0,0.1,57,3671,3856,298,143,35,614,34218,33586,108,2,68,98,1.09396e+06,0,0,0,0,1,0,0,388,321,3690,0,0,0,0,0,0,0,0,300,-296,0,0,30
2489.4,0,0,0,0,99,4094,1.53504,0.00319952,1.53921,38,0,29,24,30,0,-2,0,0,0,56,3671,3856,310,143,35,614,34153,33384,108,2,82,73,1.13801e+06,0,0,0,0,1,0,106,375,336,3660,0,0,0,0,0,0,0,0,300,-318,0,0,30
2489.41,0,0,0,0,99,4094,1.53486,0.00319171,1.53916,38,0,29,24,30,0,-2,0,0,0.1,56,3671,3856,323,143,35,614,34153,33384,108,2,82,73,1.18573e+06,0,0,0,0,1,0,514,0,338,3708,0,0,0,0,0,0,0,0,300,-300,0,0,30
2489.42,0,0,0,0,100,4095,1.53468,0.0031839,1.53911,38,0,29,24,30,0,-2,0,0,0.2,56,3671,3856,315,143,35,614,34153,33384,108,2,82,73,1.15636e+06,0,0,0,0,1,208,313,0,320,3695,0,0,0,0,0,0,0,0,300,-307,0,0,30
2489.43,0,0,0,0,99,4100,1.53449,0.0031761,1.53906,38,0,29,24,30,0,-2,0,0,0.3,56,3671,3856,315,143,35,614,34153,33384,108,2,82,73,1.15636e+06,0,0,0,0,1,519,0,0,321,3686,0,0,0,0,0,0,0,0,300,-303,0,0,30
2489.44,0,0,0,0,100,4102,1.53431,0.00316829,1.53901,38,0,29,24,30,0,-2,0,0,0.4,56,3667,3856,290,143,35,614,34153,33384,108,2,82,73,1.06343e+06,0,0,0,0,1,164,0,331,331,3718,0,0,0,0,0,0,0,0,300,-279,0,0,30
2489.45,0,0,0,0,100,4102,1.53413,0.00316049,1.53896,38,0,29,24,30,0,-2,0,0,0.5,56,3669,3856,300,143,35,614,34153,33384,108,2,82,73,1.1007e+06,0,0,0,0,1,164,0,331,331,3718,0,0,0,0,0,0,0,0,300,-279,0,0,30
2489.46,0,0,0,0,99,4102,1.53395,0.00315268,1.53892,38,0,29,24,30,0,-2,0,0,0.6,56,3669,3856,301,143,35,614,34153,33384,108,2,82,73,1.10437e+06,0,0,0,0,1,0,65,417,329,3660,0,0,0,0,0,0,0,0,300,-289,0,0,30
2489.47,0,0,0,0,99,4108,1.53377,0.00314487,1.53887,38,0,29,24,30,0,-2,0,0,0.7,56,3669,3856,301,143,35,614,34153,33384,108,2,82,73,1.10437e+06,0,0,0,0,1,0,512,0,320,3714,0,0,0,0,0,0,0,0,300,-307,0,0,30
2489.48,0,0,0,0,100,4113,1.53359,0.00313707,1.53882,38,0,29,24,30,0,-2,0,0,0.8,56,3676,3856,314,143,35,614,34153,33384,108,2,82,73,1.15426e+06,0,0,0,0,1,317,182,0,317,3680,0,0,0,0,0,0,0,0,300,-296,0,0,30
2489.49,0,0,0,0,100,4114,1.5334,0.00312926,1.53877,38,0,29,24,30,0,-2,0,0,0.9,56,3676,3856,310,143,35,614,34153,33384,108,2,82,73,1.13956e+06,0,0,0,0,1,396,0,83,330,3684,0,0,0,0,0,0,0,0,300,-287,0,0,30
2489.5,0,0,0,0,99,4112,1.53322,0.00312146,1.53872,38,0,29,24,31,0,-2,0,0,1,57,3676,3856,300,143,35,614,34200,33448,108,2,65,73,1.1028e+06,0,0,0,0,1,0,0,542,336,3651,0,0,0,0,0,0,0,0,300,-313,0,0,30
2489.51,0,0,0,0,99,4112,1.53319,0.00313336,1.53856,38,0,29,24,31,0,-2,0,0,1,57,3676,3856,300,143,35,614,34200,33448,108,2,65,73,1.1028e+06,0,0,0,0,1,0,0,542,336,3651,0,0,0,0,0,0,0,0,300,-313,0,0,30
2489.52,0,0,0,0,100,4115,1.53315,0.00314526,1.53841,38,0,29,24,31,0,-2,0,0,1,57,3664,3856,310,143,35,614,34200,33448,108,2,65,73,1.13584e+06,0,0,0,0,1,0,284,193,327,3658,0,0,0,0,0,0,0,0,300,-297,0,0,30
2489.53,0,0,0,0,100,4118,1.53312,0.00315716,1.53825,38,0,29,24,31,0,-2,0,0,1,57,3673,3856,310,143,35,614,34200,33448,108,2,65,73,1.13863e+06,0,0,0,0,1,179,348,0,325,3692,0,0,0,0,0,0,0,0,300,-311,0,0,30
2489.54,0,0,0,0,99,4126,1.53308,0.00316906,1.5381,38,0,29,24,31,0,-2,0,0,1,57,3673,3856,313,143,35,614,34200,33448,108,2,65,73,1.14965e+06,0,0,0,0,1,487,0,0,315,3675,0,0,0,0,0,0,0,0,300,-291,0,0,30
2489.55,0,0,0,0,99,4129,1.53304,0.00318096,1.53794,38,0,29,24,31,0,-2,0,0,1,57,3673,3856,313,143,35,614,34200,33448,108,2,65,73,1.14965e+06,0,0,0,0,1,0,0,511,328,3660,0,0,0,0,0,0,0,0,300,-284,0,0,30
2489.56,0,0,0,0,99,4126,1.53301,0.00319286,1.53779,38,0,29,24,31,0,-2,0,0,1,57,3666,3856,307,143,35,614,34200,33448,108,2,65,73,1.12546e+06,0,0,0,0,1,0,307,181,336,3663,0,0,0,0,0,0,0,0,300,-287,0,0,30
2489.57,0,0,0,0,99,4126,1.53297,0.00320476,1.53763,38,0,29,24,31,0,-2,0,0,1,57,3666,3856,307,143,35,614,34200,33448,108,2,65,73,1.12546e+06,0,0,0,0,1,0,307,181,336,3663,0,0,0,0,0,0,0,0,300,-287,0,0,30
2489.58,0,0,0,0,99,4124,1.53294,0.00321666,1.53748,38,0,29,24,31,0,-2,0,0,1,57,3666,3858,312,143,35,614,34200,33448,108,2,65,73,1.14379e+06,0,0,0,0,1,199,328,0,333,3686,0,0,0,0,0,0,0,0,300,-310,0,0,30
2489.59,0,0,0,0,99,4130,1.5329,0.00322856,1.53732,38,0,29,24,31,0,-2,0,0,1,57,3666,3858,312,143,35,614,34200,33448,108,2,65,73,1.14379e+06,0,0,0,0,1,445,0,0,314,3688,0,0,0,0,0,0,0,0,300,-273,0,0,30
2489.6,0,0,0,0,99,4138,1.53287,0.00324046,1.53717,38,0,29,24,31,0,-2,0,0,1,57,3668,3858,319,143,35,614,34125,33306,108,2,65,73,1.17009e+06,0,0,0,0,1,0,0,539,322,3658,0,0,0,0,0,0,0,0,300,-308,0,0,30
2489.61,0,0,0,0,99,4141,1.53301,0.0032326,1.53713,38,0,29,24,31,0,-2,0,0,0.9,57,3664,3858,306,143,35,614,34125,33306,108,2,65,73,1.12118e+06,0,0,0,0,1,0,468,0,331,3692,0,0,0,0,0,0,0,0,300,-299,0,0,30
2489.62,0,0,0,0,99,4140,1.53316,0.00322474,1.53709,38,0,29,24,31,0,-2,0,0,0.8,57,3664,3858,292,143,35,614,34125,33306,108,2,65,73,1.06989e+06,0,0,0,0,1,390,106,0,340,3665,0,0,0,0,0,0,0,0,300,-306,0,0,30
2489.63,0,0,0,0,99,4140,1.5333,0.00321687,1.53705,38,0,29,24,31,0,-2,0,0,0.7,57,3664,3858,292,143,35,614,34125,33306,108,2,65,73,1.06989e+06,0,0,0,0,1,390,106,0,340,3665,0,0,0,0,0,0,0,0,300,-306,0,0,30
2489.64,0,0,0,0,100,4138,1.53345,0.00320901,1.53701,38,0,29,24,31,0,-2,0,0,0.6,57,3670,3858,323,143,35,614,34125,33306,108,2,65,73,1.18541e+06,0,0,0,0,1,337,0,210,334,3708,0,0,0,0,0,0,0,0,300,-314,0,0,30
2489.65,0,0,0,0,99,4140,1.53359,0.00320115,1.53697,38,0,29,24,31,0,-2,0,0,0.5,57,3670,3859,328,143,35,614,34125,33306,108,2,65,73,1.20376e+06,0,0,0,0,1,0,192,349,322,3669,0,0,0,0,0,0,0,0,300,-303,0,0,30
2489.66,0,0,0,0,99,4147,1.53374,0.00319329,1.53693,38,0,29,24,31,0,-2,0,0,0.4,57,3670,3859,324,143,35,614,34125,33306,108,2,65,73,1.18908e+06,0,0,0,0,1,232,293,0,321,3680,0,0,0,0,0,0,0,0,300,-299,0,0,30
2489.67,0,0,0,0,99,4152,1.53388,0.00318542,1.53689,38,0,29,24,31,0,-2,0,0,0.3,57,3670,3859,324,143,35,614,34125,33306,108,2,65,73,1.18908e+06,0,0,0,0,1,448,0,0,328,3682,0,0,0,0,0,0,0,0,300,-283,0,0,30
2489.68,0,0,0,0,99,4151,1.53403,0.00317756,1.53685,38,0,29,24,31,0,-2,0,0,0.2,57,3662,3859,300,143,35,614,34125,33306,108,2,65,73,1.0986e+06,0,0,0,0,1,0,0,492,337,3651,0,0,0,0,0,0,0,0,300,-298,0,0,30
2489.69,0,0,0,0,99,4151,1.53418,0.0031697,1.53681,38,0,29,24,31,0,-2,0,0,0.1,57,3671,3859,312,143,35,614,34125,33306,108,2,65,73,1.14535e+06,0,0,0,0,1,0,0,492,337,3651,0,0,0,0,0,0,0,0,300,-298,0,0,30
2489.7,0,0,0,0,99,4154,1.53432,0.00316184,1.53677,38,0,29,24,30,0,-2,0,0,0,57,3671,3859,310,143,35,614,34165,33278,108,2,82,73,1.13801e+06,0,0,0,0,1,0,500,0,327,3725,0,0,0,0,0,0,0,0,300,-293,0,0,30
2489.71,0,0,0,0,99,4158,1.5342,0.00317044,1.53665,38,0,29,24,30,0,-2,0,0,0,57,3671,3859,310,143,35,614,34165,33278,108,2,82,73,1.13801e+06,0,0,0,0,1,548,0,0,327,3673,0,0,0,0,0,0,0,0,300,-328,0,0,30
2489.72,0,0,0,0,99,4158,1.53407,0.00317904,1.53652,38,0,29,24,30,0,-2,0,0,0,57,3673,3859,329,143,35,614,34165,33278,108,2,82,73,1.20842e+06,0,0,0,0,1,0,0,509,334,3660,0,0,0,0,0,0,0,0,300,-292,0,0,30
2489.73,0,0,0,0,99,4158,1.53395,0.00318763,1.53639,38,0,29,24,30,0,-2,0,0,0,57,3673,3860,311,143,35,614,34165,33278,108,2,82,73,1.1423e+06,0,0,0,0,1,0,475,0,332,3695,0,0,0,0,0,0,0,0,300,-290,0,0,30
2489.74,0,0,0,0,99,4161,1.53382,0.00319623,1.53626,38,0,29,24,30,0,-2,0,0,0,57,3673,3860,300,143,35,614,34165,33278,108,2,82,73,1.1019e+06,0,0,0,0,1,439,0,0,323,3686,0,0,0,0,0,0,0,0,300,-283,0,0,30
2489.75,0,0,0,0,99,4161,1.5337,0.00320483,1.53614,38,0,29,24,30,0,-2,0,0,0,57,3673,3860,300,143,35,614,34165,33278,108,2,82,73,1.1019e+06,0,0,0,0,1,439,0,0,323,3686,0,0,0,0,0,0,0,0,300,-283,0,0,30
2489.76,0,0,0,0,99,4165,1.53357,0.00321343,1.53601,38,0,29,24,30,0,-2,0,0,0,57,3666,3860,319,143,35,614,34165,33278,108,2,82,73,1.16945e+06,0,0,0,0,1,0,0,425,326,3663,0,0,0,0,0,0,0,0,300,-292,0,0,30
2489.77,0,0,0,0,99,4172,1.53345,0.00322203,1.53588,38,0,29,24,30,0,-2,0,0,0,57,3671,3860,315,143,35,614,34165,33278,108,2,82,73,1.15636e+06,0,0,0,0,1,0,427,0,318,3686,0,0,0,0,0,0,0,0,300,-271,0,0,30
2489.78,0,0,0,0,100,4174,1.53332,0.00323063,1.53575,38,0,29,24,30,0,-2,0,0,0,57,3671,3860,310,143,35,614,34165,33278,108,2,82,73,1.13801e+06,0,0,0,0,1,525,0,0,339,3669,0,0,0,0,0,0,0,0,300,-319,0,0,30
2489.79,0,0,0,0,100,4170,1.5332,0.00323923,1.53563,38,0,29,24,30,0,-2,0,0,0,57,3671,3860,310,143,35,614,34165,33278,108,2,82,73,1.13801e+06,0,0,0,0,1,0,0,522,347,3658,0,0,0,0,0,0,0,0,300,-296,0,0,30
2489.8,0,0,0,0,99,4168,1.53307,0.00324783,1.5355,38,0,29,24,31,0,-2,0,0,0,57,3668,3860,317,143,35,614,34144,33297,108,2,82,73,1.16276e+06,0,0,0,0,1,0,516,0,333,3725,0,0,0,0,0,0,0,0,300,-309,0,0,30
2489.81,0,0,0,0,100,4168,1.53337,0.00326011,1.53571,38,0,29,24,31,0,-2,0,0,0.1,57,3668,3860,327,143,35,614,34144,33297,108,2,82,73,1.19944e+06,0,0,0,0,1,0,516,0,333,3725,0,0,0,0,0,0,0,0,300,-309,0,0,30
2489.82,0,0,0,0,100,4175,1.53367,0.00327239,1.53592,38,0,29,24,31,0,-2,0,0,0.2,57,3668,3860,321,143,35,614,34144,33297,108,2,82,73,1.17743e+06,0,0,0,0,1,534,0,0,316,3682,0,0,0,0,0,0,0,0,300,-317,0,0,30
2489.83,0,0,0,0,99,4182,1.53397,0.00328467,1.53614,38,0,29,24,31,0,-2,0,0,0.3,57,3668,3860,321,143,35,614,34144,33297,108,2,82,73,1.17743e+06,0,0,0,0,1,0,0,487,323,3663,0,0,0,0,0,0,0,0,300,-301,0,0,30
2489.84,0,0,0,0,99,4185,1.53427,0.00329695,1.53635,38,0,29,24,31,0,-2,0,0,0.4,57,3666,3860,315,143,35,614,34144,33297,108,2,82,73,1.15479e+06,0,0,0,0,1,0,407,0,330,3712,0,0,0,0,0,0,0,0,300,-302,0,0,30
2489.85,0,0,0,0,99,4184,1.53457,0.00330924,1.53656,38,0,29,24,31,0,-2,0,0,0.5,57,3669,3860,300,143,35,614,34144,33297,108,2,82,73,1.1007e+06,0,0,0,0,1,402,0,87,347,3673,0,0,0,0,0,0,0,0,300,-321,0,0,30
2489.86,0,0,0,0,99,4185,1.53487,0.00332152,1.53678,38,0,29,24,31,0,-2,0,0,0.6,57,3669,3860,314,143,35,614,34144,33297,108,2,82,73,1.15207e+06,0,0,0,0,1,0,219,355,334,3654,0,0,0,0,0,0,0,0,300,-318,0,0,30
2489.87,0,0,0,0,99,4185,1.53517,0.0033338,1.53699,38,0,29,24,31,0,-2,0,0,0.7,57,3669,3860,314,143,35,614,34144,33297,108,2,82,73,1.15207e+06,0,0,0,0,1,0,219,355,334,3654,0,0,0,0,0,0,0,0,300,-318,0,0,30
2489.88,0,0,0,0,99,4186,1.53547,0.00334608,1.5372,38,0,29,24,31,0,-2,0,0,0.8,57,3670,3860,328,143,35,614,34144,33297,108,2,82,73,1.20376e+06,0,0,0,0,1,263,295,0,331,3673,0,0,0,0,0,0,0,0,300,-292,0,0,30
2489.89,0,0,0,0,99,4190,1.53577,0.00335836,1.53742,38,0,29,24,31,0,-2,0,0,0.9,57,3670,3860,320,143,35,614,34144,33297,108,2,82,73,1.1744e+06,0,0,0,0,1,169,0,298,325,3665,0,0,0,0,0,0,0,0,300,-282,0,0,30
2489.9,0,0,0,0,99,4193,1.53607,0.00337064,1.53763,38,0,29,24,30,0,-2,0,0,1,57,3670,3860,305,143,35,614,34172,33278,108,2,65,73,1.11935e+06,0,0,0,0,1,0,533,0,333,3718,0,0,0,0,0,0,0,0,300,-313,0,0,30
2489.91,0,0,0,0,99,4193,1.53571,0.00334746,1.53733,38,0,29,24,30,0,-2,0,0,1,57,3670,3860,305,143,35,614,34172,33278,108,2,65,73,1.11935e+06,0,0,0,0,1,382,0,91,335,3673,0,0,0,0,0,0,0,0,300,-296,0,0,30
2489.92,0,0,0,0,100,4199,1.53534,0.00332428,1.53703,38,0,29,24,30,0,-2,0,0,1,57,3665,3860,316,143,35,614,34172,33278,108,2,65,73,1.15814e+06,0,0,0,0,1,0,128,372,325,3665,0,0,0,0,0,0,0,0,300,-294,0,0,30
2489.93,0,0,0,0,100,4199,1.53498,0.0033011,1.53672,38,0,29,24,30,0,-2,0,0,1,57,3675,3860,319,143,35,614,34172,33278,108,2,65,73,1.17232e+06,0,0,0,0,1,0,128,372,325,3665,0,0,0,0,0,0,0,0,300,-294,0,0,30
2489.94,0,0,0,0,99,4203,1.53462,0.00327792,1.53642,38,0,29,24,30,0,-2,0,0,1,57,3675,3860,331,143,35,614,34172,33278,108,2,65,73,1.21642e+06,0,0,0,0,1,275,274,0,333,3671,0,0,0,0,0,0,0,0,300,-320,0,0,30
2489.95,0,0,0,0,100,4202,1.53425,0.00325474,1.53612,38,0,29,24,30,0,-2,0,0,1,57,3675,3860,331,143,35,614,34172,33278,108,2,65,73,1.21642e+06,0,0,0,0,1,0,0,431,344,3660,0,0,0,0,0,0,0,0,300,-306,0,0,30
2489.96,0,0,0,0,100,4200,1.53389,0.00323156,1.53581,38,0,29,24,30,0,-2,0,0,1,57,3663,3861,312,143,35,614,34172,33278,108,2,65,73,1.14286e+06,0,0,0,0,1,0,538,0,342,3721,0,0,0,0,0,0,0,0,300,-315,0,0,30
2489.97,0,0,0,0,99,4203,1.53352,0.00320838,1.53551,38,0,29,24,30,0,-2,0,0,1,57,3663,3861,309,143,35,614,34172,33278,108,2,65,73,1.13187e+06,0,0,0,0,1,431,0,0,326,3682,0,0,0,0,0,0,0,0,300,-277,0,0,30
2489.98,0,0,0,0,99,4208,1.53316,0.0031852,1.53521,38,0,29,24,30,0,-2,0,0,1,57,3663,3861,311,143,35,614,34172,33278,108,2,65,73,1.13919e+06,0,0,0,0,1,0,235,325,322,3656,0,0,0,0,0,0,0,0,300,-300,0,0,30
2489.99,0,0,0,0,100,4208,1.53279,0.00316202,1.53491,38,0,29,24,30,0,-2,0,0,1,57,3663,3861,311,143,35,614,34172,33278,108,2,65,73,1.13919e+06,0,0,0,0,1,0,235,325,322,3656,0,0,0,0,0,0,0,0,300,-300,0,0,30
2490,0,0,0,0,100,4216,1.53243,0.00313884,1.5346,38,0,29,24,31,0,-2,0,0,1,57,3668,3861,319,143,35,614,34126,33338,107,2,87,73,1.17009e+06,0,0,0,0,1,380,73,0,324,3682,0,0,0,0,0,0,0,0,300,-284,0,0,30
2490.01,0,0,0,0,100,4217,1.53294,0.00313539,1.5347,38,0,29,24,31,0,-2,0,0,1,57,3661,3861,314,143,35,614,34126,33338,107,2,87,73,1.14955e+06,0,0,0,0,1,0,0,544,347,3641,0,0,0,0,0,0,0,0,300,-318,0,0,30
2490.02,0,0,0,0,100,4213,1.53346,0.00313194,1.5348,38,0,29,24,31,0,-2,0,0,1,57,3661,3861,315,143,35,614,34126,33338,107,2,87,73,1.15322e+06,0,0,0,0,1,114,375,0,347,3680,0,0,0,0,0,0,0,0,300,-298,0,0,30
2490.03,0,0,0,0,99,4211,1.53397,0.00312848,1.53489,38,0,29,24,31,0,-2,0,0,1,57,3661,3861,315,143,35,614,34126,33338,107,2,87,73,1.15322e+06,0,0,0,0,1,270,0,275,336,3718,0,0,0,0,0,0,0,0,300,-298,0,0,30
2490.04,0,0,0,0,100,4218,1.53449,0.00312503,1.53499,38,0,29,24,31,0,-2,0,0,1,57,3669,3861,329,143,35,614,34126,33338,107,2,87,73,1.2071e+06,0,0,0,0,1,0,477,0,316,3710,0,0,0,0,0,0,0,0,300,-288,0,0,30
2490.05,0,0,0,0,99,4218,1.535,0.00312158,1.53508,38,0,29,24,31,0,-2,0,0,1,57,3669,3862,318,143,35,614,34126,33338,107,2,87,73,1.16674e+06,0,0,0,0,1,0,477,0,316,3710,0,0,0,0,0,0,0,0,300,-288,0,0,30
2490.06,0,0,0,0,99,4224,1.53552,0.00311813,1.53518,38,0,29,24,31,0,-2,0,0,1,57,3669,3862,310,143,35,614,34126,33338,107,2,87,73,1.13739e+06,0,0,0,0,1,421,0,0,328,3673,0,0,0,0,0,0,0,0,300,-289,0,0,30
2490.07,0,0,0,0,99,4226,1.53603,0.00311468,1.53528,38,0,29,24,31,0,-2,0,0,1,57,3669,3862,310,143,35,614,34126,33338,107,2,87,73,1.13739e+06,0,0,0,0,1,0,258,270,336,3654,0,0,0,0,0,0,0,0,300,-316,0,0,30
2490.08,0,0,0,0,99,4226,1.53655,0.00311123,1.53537,38,0,29,24,31,0,-2,0,0,1,57,3665,3862,305,143,35,614,34126,33338,107,2,87,73,1.11782e+06,0,0,0,0,1,552,0,0,342,3671,0,0,0,0,0,0,0,0,300,-328,0,0,30
2490.09,0,0,0,0,100,4227,1.53706,0.00310778,1.53547,38,0,29,24,31,0,-2,0,0,1,57,3665,3862,324,143,35,614,34126,33338,107,2,87,73,1.18746e+06,0,0,0,0,1,0,108,394,336,3665,0,0,0,0,0,0,0,0,300,-293,0,0,30
2490.1,0,0,0,0,100,4229,1.53758,0.00310433,1.53556,38,0,29,24,30,0,-2,0,0,1,56,3667,3862,332,143,35,614,34087,33371,108,2,68,73,1.21744e+06,0,0,0,0,1,366,143,0,334,3671,0,0,0,0,0,0,0,0,300,-306,0,0,30
2490.11,0,0,0,0,100,4229,1.53707,0.00312156,1.53546,38,0,29,24,30,0,-2,0,0,0.9,56,3667,3862,332,143,35,614,34087,33371,108,2,68,73,1.21744e+06,0,0,0,0,1,366,143,0,334,3671,0,0,0,0,0,0,0,0,300,-306,0,0,30
2490.12,0,0,0,0,100,4232,1.53656,0.0031388,1.53536,38,0,29,24,30,0,-2,0,0,0.8,56,3667,3862,312,143,35,614,34087,33371,108,2,68,73,1.1441e+06,0,0,0,0,1,0,0,499,333,3654,0,0,0,0,0,0,0,0,300,-292,0,0,30
2490.13,0,0,0,0,100,4233,1.53606,0.00315604,1.53526,38,0,29,24,30,0,-2,0,0,0.7,56,3667,3862,306,143,35,614,34087,33371,108,2,68,73,1.1221e+06,0,0,0,0,1,187,346,0,344,3673,0,0,0,0,0,0,0,0,300,-316,0,0,30
2490.14,0,0,0,0,99,4234,1.53555,0.00317328,1.53516,38,0,29,24,30,0,-2,0,0,0.6,56,3659,3862,307,143,35,614,34087,33371,108,2,68,73,1.12331e+06,0,0,0,0,1,0,0,492,328,3654,0,0,0,0,0,0,0,0,300,-280,0,0,30
2490.15,0,0,0,0,99,4241,1.53504,0.00319052,1.53505,38,0,29,24,30,0,-2,0,0,0.5,56,3659,3862,307,143,35,614,34087,33371,108,2,68,73,1.12331e+06,0,0,0,0,1,147,362,0,329,3686,0,0,0,0,0,0,0,0,300,-304,0,0,30
2490.16,0,0,0,0,99,4241,1.53453,0.00320776,1.53495,38,0,29,24,30,0,-2,0,0,0.4,56,3659,3861,334,143,35,614,34087,33371,108,2,68,73,1.22211e+06,0,0,0,0,1,0,0,542,342,3651,0,0,0,0,0,0,0,0,300,-293,0,0,30
2490.17,0,0,0,0,99,4244,1.53403,0.003225,1.53485,38,0,29,24,30,0,-2,0,0,0.3,56,3664,3861,327,143,35,614,34087,33371,108,2,68,73,1.19813e+06,0,0,0,0,1,0,0,542,342,3651,0,0,0,0,0,0,0,0,300,-293,0,0,30
2490.18,0,0,0,0,100,4242,1.53352,0.00324223,1.53475,38,0,29,24,30,0,-2,0,0,0.2,56,3664,3861,324,143,35,614,34087,33371,108,2,68,73,1.18714e+06,0,0,0,0,1,50,405,0,350,3692,0,0,0,0,0,0,0,0,300,-290,0,0,30
2490.19,0,0,0,0,99,4240,1.53301,0.00325947,1.53464,38,0,29,24,30,0,-2,0,0,0.1,56,3664,3861,324,143,35,614,34087,33371,108,2,68,73,1.18714e+06,0,0,0,0,1,114,0,366,337,3703,0,0,0,0,0,0,0,0,300,-265,0,0,30
2490.2,0,0,0,0,99,4245,1.53251,0.00327671,1.53454,38,0,29,24,30,0,-2,0,0,0,57,3661,3861,314,143,35,614,34080,33253,108,2,65,73,1.14955e+06,0,0,0,0,1,0,442,0,325,3703,0,0,0,0,0,0,0,0,300,-281,0,0,30
2490.21,0,0,0,0,99,4251,1.53282,0.00326871,1.53482,38,0,29,24,30,0,-2,0,0,0.1,57,3661,3861,319,143,35,614,34080,33253,108,2,65,73,1.16786e+06,0,0,0,0,1,158,0,308,328,3712,0,0,0,0,0,0,0,0,300,-265,0,0,30
2490.22,0,0,0,0,99,4256,1.53313,0.00326071,1.53511,38,0,29,24,30,0,-2,0,0,0.2,57,3669,3861,327,143,35,614,34080,33253,108,2,65,73,1.19976e+06,0,0,0,0,1,15,399,0,336,3697,0,0,0,0,0,0,0,0,300,-272,0,0,30
2490.23,0,0,0,0,99,4256,1.53344,0.0032527,1.53539,38,0,29,24,30,0,-2,0,0,0.3,57,3669,3861,327,143,35,614,34080,33253,108,2,65,73,1.19976e+06,0,0,0,0,1,15,399,0,336,3697,0,0,0,0,0,0,0,0,300,-272,0,0,30
2490.24,0,0,0,0,99,4255,1.53376,0.0032447,1.53567,38,0,29,24,30,0,-2,0,0,0.4,57,3669,3861,319,143,35,614,34080,33253,108,2,65,73,1.17041e+06,0,0,0,0,1,41,0,443,351,3660,0,0,0,0,0,0,0,0,300,-288,0,0,30
2490.25,0,0,0,0,99,4253,1.53407,0.0032367,1.53595,38,0,29,24,30,0,-2,0,0,0.5,57,3663,3861,323,143,35,614,34080,33253,108,2,65,73,1.18315e+06,0,0,0,0,1,62,395,0,344,3695,0,0,0,0,0,0,0,0,300,-288,0,0,30
2490.26,0,0,0,0,99,4256,1.53438,0.0032287,1.53624,38,0,29,24,30,0,-2,0,0,0.6,57,3663,3861,327,143,35,614,34080,33253,108,2,65,73,1.1978e+06,0,0,0,0,1,0,0,445,335,3654,0,0,0,0,0,0,0,0,300,-289,0,0,30
2490.27,0,0,0,0,99,4263,1.53469,0.0032207,1.53652,38,0,29,24,30,0,-2,0,0,0.7,57,3663,3861,327,143,35,614,34080,33253,108,2,65,73,1.1978e+06,0,0,0,0,1,197,313,0,329,3684,0,0,0,0,0,0,0,0,300,-297,0,0,30
2490.28,0,0,0,0,100,4263,1.53501,0.0032127,1.5368,38,0,29,24,30,0,-2,0,0,0.8,57,3664,3861,321,143,35,614,34080,33253,108,2,65,73,1.17614e+06,0,0,0,0,1,0,0,540,340,3641,0,0,0,0,0,0,0,0,300,-305,0,0,30
2490.29,0,0,0,0,99,4263,1.53532,0.00320469,1.53708,38,0,29,24,30,0,-2,0,0,0.9,57,3664,3861,324,143,35,614,34080,33253,108,2,65,73,1.18714e+06,0,0,0,0,1,0,0,540,340,3641,0,0,0,0,0,0,0,0,300,-305,0,0,30
2490.3,0,0,0,0,99,4266,1.53563,0.00319669,1.53737,38,0,29,24,30,0,-2,0,0,1,56,3664,3861,311,143,35,614,34113,33247,108,2,87,73,1.1395e+06,0,0,0,0,1,314,270,0,338,3677,0,0,0,0,0,0,0,0,300,-342,0,0,30
2490.31,0,0,0,0,99,4268,1.53575,0.00318566,1.53743,38,0,29,24,30,0,-2,0,0,0.9,56,3664,3861,311,143,35,614,34113,33247,108,2,87,73,1.1395e+06,0,0,0,0,1,0,0,460,338,3649,0,0,0,0,0,0,0,0,300,-315,0,0,30
2490.32,0,0,0,0,99,4271,1.53588,0.00317464,1.53748,38,0,29,24,30,0,-2,0,0,0.8,56,3664,3861,339,143,35,614,34113,33247,108,2,87,73,1.2421e+06,0,0,0,0,1,446,0,0,339,3669,0,0,0,0,0,0,0,0,300,-293,0,0,30
2490.33,0,0,0,0,99,4272,1.536,0.00316361,1.53754,38,0,29,24,30,0,-2,0,0,0.7,56,3666,3861,340,143,35,614,34113,33247,108,2,87,73,1.24644e+06,0,0,0,0,1,0,227,323,339,3651,0,0,0,0,0,0,0,0,300,-327,0,0,30
2490.34,0,0,0,0,99,4274,1.53612,0.00315258,1.5376,38,0,29,24,30,0,-2,0,0,0.6,56,3666,3861,326,143,35,614,34113,33247,108,2,87,73,1.19512e+06,0,0,0,0,1,509,0,0,342,3671,0,0,0,0,0,0,0,0,300,-298,0,0,30
2490.35,0,0,0,0,99,4274,1.53625,0.00314155,1.53766,38,0,29,24,30,0,-2,0,0,0.5,56,3666,3861,326,143,35,614,34113,33247,108,2,87,73,1.19512e+06,0,0,0,0,1,509,0,0,342,3671,0,0,0,0,0,0,0,0,300,-298,0,0,30
2490.36,0,0,0,0,99,4274,1.53637,0.00313052,1.53772,38,0,29,24,30,0,-2,0,0,0.4,56,3657,3861,312,143,35,614,34113,33247,108,2,87,73,1.14098e+06,0,0,0,0,1,0,368,109,347,3651,0,0,0,0,0,0,0,0,300,-305,0,0,30
2490.37,0,0,0,0,99,4278,1.53649,0.00311949,1.53778,38,0,29,24,30,0,-2,0,0,0.3,56,3657,3861,321,143,35,614,34113,33247,108,2,87,73,1.1739e+06,0,0,0,0,1,337,0,185,325,3688,0,0,0,0,0,0,0,0,300,-297,0,0,30
2490.38,0,0,0,0,99,4285,1.53661,0.00310847,1.53784,38,0,29,24,30,0,-2,0,0,0.2,56,3657,3861,322,143,35,614,34113,33247,108,2,87,73,1.17755e+06,0,0,0,0,1,0,463,0,331,3716,0,0,0,0,0,0,0,0,300,-269,0,0,30
2490.39,0,0,0,0,99,4286,1.53674,0.00309744,1.5379,38,0,29,24,30,0,-2,0,0,0.1,56,3657,3861,322,143,35,614,34113,33247,108,2,87,73,1.17755e+06,0,0,0,0,1,0,0,472,345,3651,0,0,0,0,0,0,0,0,300,-330,0,0,30
2490.4,0,0,0,0,99,4283,1.53686,0.00308641,1.53795,38,0,29,24,30,0,-2,0,0,0,57,3668,3860,327,143,35,614,34152,33292,108,2,65,73,1.19944e+06,0,0,0,0,1,222,344,0,353,3666,0,0,0,0,0,0,0,0,300,-293,0,0,30
2490.41,0,0,0,0,100,4283,1.53659,0.00310631,1.53823,38,0,29,24,30,0,-2,0,0,0,57,3668,3860,329,143,35,614,34152,33292,108,2,65,73,1.20677e+06,0,0,0,0,1,222,344,0,353,3666,0,0,0,0,0,0,0,0,300,-293,0,0,30
2490.42,0,0,0,0,100,4286,1.53633,0.00312622,1.53851,38,0,29,24,30,0,-2,0,0,0,57,3661,3860,324,143,35,614,34152,33292,108,2,65,73,1.18616e+06,0,0,0,0,1,0,292,267,339,3658,0,0,0,0,0,0,0,0,300,-310,0,0,30
2490.43,0,0,0,0,100,4292,1.53606,0.00314612,1.53879,38,0,29,24,30,0,-2,0,0,0,57,3661,3860,324,143,35,614,34152,33292,108,2,65,73,1.18616e+06,0,0,0,0,1,457,0,0,336,3671,0,0,0,0,0,0,0,0,300,-281,0,0,30
2490.44,0,0,0,0,100,4297,1.53579,0.00316602,1.53906,38,0,29,24,30,0,-2,0,0,0,57,3663,3860,330,143,35,614,34152,33292,108,2,65,73,1.20879e+06,0,0,0,0,1,0,516,0,336,3718,0,0,0,0,0,0,0,0,300,-309,0,0,30
2490.45,0,0,0,0,99,4297,1.53553,0.00318593,1.53934,38,0,29,24,30,0,-2,0,0,0,57,3663,3860,331,143,35,614,34152,33292,108,2,65,73,1.21245e+06,0,0,0,0,1,87,0,398,350,3673,0,0,0,0,0,0,0,0,300,-285,0,0,30
2490.46,0,0,0,0,99,4296,1.53526,0.00320583,1.53962,38,0,29,24,30,0,-2,0,0,0,57,3663,3860,318,143,35,614,34152,33292,108,2,65,73,1.16483e+06,0,0,0,0,1,226,313,0,345,3665,0,0,0,0,0,0,0,0,300,-316,0,0,30
2490.47,0,0,0,0,100,4296,1.53499,0.00322573,1.53989,38,0,29,24,30,0,-2,0,0,0,57,3663,3860,318,143,35,614,34152,33292,108,2,65,73,1.16483e+06,0,0,0,0,1,226,313,0,345,3665,0,0,0,0,0,0,0,0,300,-316,0,0,30
2490.48,0,0,0,0,99,4297,1.53473,0.00324564,1.54017,38,0,29,24,30,0,-2,0,0,0,57,3661,3860,332,143,35,614,34152,33292,108,2,65,73,1.21545e+06,0,0,0,0,1,0,57,396,338,3654,0,0,0,0,0,0,0,0,300,-311,0,0,30
2490.49,0,0,0,0,100,4304,1.53446,0.00326554,1.54045,38,0,29,24,30,0,-2,0,0,0,57,3661,3861,344,143,35,614,34152,33292,108,2,65,73,1.25938e+06,0,0,0,0,1,480,0,0,330,3675,0,0,0,0,0,0,0,0,300,-283,0,0,30
2490.5,0,0,0,0,99,4308,1.53419,0.00328544,1.54072,38,0,29,24,31,0,-2,0,0,0,56,3659,3861,336,143,35,614,34074,33071,108,2,87,73,1.22942e+06,0,0,0,0,1,0,555,0,344,3706,0,0,0,0,0,0,0,0,300,-328,0,0,30
2490.51,0,0,0,0,99,4308,1.53411,0.00328263,1.54063,38,0,29,24,31,0,-2,0,0,0.1,56,3659,3861,336,143,35,614,34074,33071,108,2,87,73,1.22942e+06,0,0,0,0,1,0,0,464,345,3654,0,0,0,0,0,0,0,0,300,-284,0,0,30
2490.52,0,0,0,0,99,4310,1.53403,0.00327981,1.54053,38,0,29,24,31,0,-2,0,0,0.2,56,3658,3861,310,143,35,614,34074,33071,108,2,87,73,1.13398e+06,0,0,0,0,1,341,161,0,350,3660,0,0,0,0,0,0,0,0,300,-298,0,0,30
2490.53,0,0,0,0,99,4310,1.53396,0.003277,1.54043,38,0,29,24,31,0,-2,0,0,0.3,56,3658,3861,315,143,35,614,34074,33071,108,2,87,73,1.15227e+06,0,0,0,0,1,341,161,0,350,3660,0,0,0,0,0,0,0,0,300,-298,0,0,30
2490.54,0,0,0,0,99,4313,1.53388,0.00327418,1.54034,38,0,29,24,31,0,-2,0,0,0.4,56,3658,3861,333,143,35,614,34074,33071,108,2,87,73,1.21811e+06,0,0,0,0,1,0,272,304,338,3658,0,0,0,0,0,0,0,0,300,-309,0,0,30
2490.55,0,0,0,0,100,4316,1.5338,0.00327137,1.54024,38,0,29,24,31,0,-2,0,0,0.5,56,3658,3861,333,143,35,614,34074,33071,108,2,87,73,1.21811e+06,0,0,0,0,1,328,0,200,339,3695,0,0,0,0,0,0,0,0,300,-327,0,0,30
2490.56,0,0,0,0,99,4318,1.53372,0.00326855,1.54014,38,0,29,24,31,0,-2,0,0,0.6,56,3666,3859,331,143,35,614,34074,33071,108,2,87,73,1.21345e+06,0,0,0,0,1,175,334,0,342,3682,0,0,0,0,0,0,0,0,300,-299,0,0,30
2490.57,0,0,0,0,100,4318,1.53364,0.00326574,1.54004,38,0,29,24,31,0,-2,0,0,0.7,56,3666,3859,322,143,35,614,34074,33071,108,2,87,73,1.18045e+06,0,0,0,0,1,0,61,399,348,3654,0,0,0,0,0,0,0,0,300,-273,0,0,30
2490.58,0,0,0,0,100,4322,1.53356,0.00326292,1.53995,38,0,29,24,31,0,-2,0,0,0.8,56,3666,3859,317,143,35,614,34074,33071,108,2,87,73,1.16212e+06,0,0,0,0,1,421,0,0,335,3677,0,0,0,0,0,0,0,0,300,-275,0,0,30
2490.59,0,0,0,0,100,4322,1.53348,0.00326011,1.53985,38,0,29,24,31,0,-2,0,0,0.9,56,3666,3859,317,144,35,614,34074,33071,108,2,87,73,1.16212e+06,0,0,0,0,1,421,0,0,335,3677,0,0,0,0,0,0,0,0,300,-275,0,0,30
2490.6,0,0,0,0,100,4329,1.5334,0.00325729,1.53975,38,0,29,24,31,0,-2,0,0,1,56,3653,3859,333,144,35,614,33997,33112,108,2,68,73,1.21645e+06,0,0,0,0,1,0,421,0,339,3699,0,0,0,0,0,0,0,0,300,-267,0,0,30
2490.61,0,0,0,0,99,4330,1.53364,0.00324822,1.53926,38,0,29,24,31,0,-2,0,0,0.9,56,3662,3859,331,144,35,614,33997,33112,108,2,68,73,1.21212e+06,0,0,0,0,1,0,0,472,345,3649,0,0,0,0,0,0,0,0,300,-262,0,0,30
2490.62,0,0,0,0,99,4328,1.53387,0.00323915,1.53877,38,0,29,24,31,0,-2,0,0,0.8,56,3662,3859,326,144,35,614,33997,33112,108,2,68,73,1.19381e+06,0,0,0,0,1,208,295,0,353,3675,0,0,0,0,0,0,0,0,300,-301,0,0,30
2490.63,0,0,0,0,99,4329,1.5341,0.00323007,1.53828,38,0,29,24,31,0,-2,0,0,0.7,56,3662,3859,326,144,35,614,33997,33112,108,2,68,73,1.19381e+06,0,0,0,0,1,0,210,328,345,3647,0,0,0,0,0,0,0,0,300,-308,0,0,30
2490.64,0,0,0,0,100,4334,1.53433,0.003221,1.53779,38,0,29,24,31,0,-2,0,0,0.6,56,3658,3859,338,144,35,614,33997,33112,108,2,68,73,1.2364e+06,0,0,0,0,1,317,0,218,333,3697,0,0,0,0,0,0,0,0,300,-284,0,0,30
2490.65,0,0,0,0,100,4340,1.53457,0.00321193,1.53729,38,0,29,24,31,0,-2,0,0,0.5,56,3658,3859,331,144,35,614,33997,33112,108,2,68,73,1.2108e+06,0,0,0,0,1,185,331,0,336,3675,0,0,0,0,0,0,0,0,300,-268,0,0,30
2490.66,0,0,0,0,99,4340,1.5348,0.00320285,1.5368,38,0,29,24,31,0,-2,0,0,0.4,56,3658,3859,332,144,35,614,33997,33112,108,2,68,73,1.21446e+06,0,0,0,0,1,185,331,0,336,3675,0,0,0,0,0,0,0,0,300,-268,0,0,30
2490.67,0,0,0,0,100,4345,1.53503,0.00319378,1.53631,38,0,29,24,31,0,-2,0,0,0.3,56,3658,3859,332,144,35,614,33997,33112,108,2,68,73,1.21446e+06,0,0,0,0,1,0,246,325,354,3641,0,0,0,0,0,0,0,0,300,-352,0,0,30
2490.68,0,0,0,0,99,4342,1.53526,0.00318471,1.53582,38,0,29,24,31,0,-2,0,0,0.2,56,3661,3859,314,144,35,614,33997,33112,108,2,68,73,1.14955e+06,0,0,0,0,1,226,0,302,356,3708,0,0,0,0,0,0,0,0,300,-288,0,0,30
2490.69,0,0,0,0,99,4343,1.53549,0.00317564,1.53533,38,0,29,24,31,0,-2,0,0,0.1,56,3658,3859,324,144,35,614,33997,33112,108,2,68,73,1.18519e+06,0,0,0,0,1,294,182,0,347,3671,0,0,0,0,0,0,0,0,300,-284,0,0,30
2490.7,0,0,0,0,99,4347,1.53573,0.00316656,1.53483,38,0,29,24,31,0,-2,0,0,0,56,3658,3859,331,144,35,614,34049,32967,108,2,65,73,1.2108e+06,0,0,0,0,1,0,383,52,337,3651,0,0,0,0,0,0,0,0,300,-312,0,0,30
2490.71,0,0,0,0,99,4353,1.53591,0.00317104,1.53512,38,0,29,24,31,0,-2,0,0,0.1,56,3658,3859,331,144,35,614,34049,32967,108,2,65,73,1.2108e+06,0,0,0,0,1,0,0,464,333,3654,0,0,0,0,0,0,0,0,300,-282,0,0,30
2490.72,0,0,0,0,99,4353,1.53609,0.00317552,1.53541,38,0,29,24,31,0,-2,0,0,0.2,56,3664,3859,334,144,35,614,34049,32967,108,2,65,73,1.22378e+06,0,0,0,0,1,0,0,464,333,3654,0,0,0,0,0,0,0,0,300,-282,0,0,30
2490.73,0,0,0,0,99,4354,1.53628,0.00317999,1.5357,38,0,29,24,31,0,-2,0,0,0.3,56,3664,3859,328,144,35,614,34049,32967,108,2,65,73,1.20179e+06,0,0,0,0,1,548,0,0,348,3673,0,0,0,0,0,0,0,0,300,-281,0,0,30
2490.74,0,0,0,0,99,4357,1.53646,0.00318447,1.53599,38,0,29,24,31,0,-2,0,0,0.4,56,3664,3859,323,144,35,614,34049,32967,108,2,65,73,1.18347e+06,0,0,0,0,1,0,492,0,352,3690,0,0,0,0,0,0,0,0,300,-302,0,0,30
2490.75,0,0,0,0,99,4360,1.53664,0.00318895,1.53628,38,0,29,24,31,0,-2,0,0,0.5,56,3664,3859,323,144,35,614,34049,32967,108,2,65,73,1.18347e+06,0,0,0,0,1,0,98,398,341,3656,0,0,0,0,0,0,0,0,300,-322,0,0,30
2490.76,0,0,0,0,99,4363,1.53682,0.00319342,1.53657,38,0,29,24,31,0,-2,0,0,0.6,56,3658,3859,339,144,35,614,34049,32967,108,2,65,73,1.24006e+06,0,0,0,0,1,337,0,165,353,3699,0,0,0,0,0,0,0,0,300,-274,0,0,30
2490.77,0,0,0,0,100,4364,1.53701,0.0031979,1.53685,38,0,29,24,31,0,-2,0,0,0.7,56,3662,3859,343,144,35,614,34049,32967,108,2,65,73,1.25607e+06,0,0,0,0,1,325,163,0,353,3654,0,0,0,0,0,0,0,0,300,-305,0,0,30
2490.78,0,0,0,0,99,4364,1.53719,0.00320238,1.53714,38,0,29,24,31,0,-2,0,0,0.8,56,3662,3859,333,144,35,614,34049,32967,108,2,65,73,1.21945e+06,0,0,0,0,1,325,163,0,353,3654,0,0,0,0,0,0,0,0,300,-305,0,0,30
2490.79,0,0,0,0,99,4366,1.53737,0.00320686,1.53743,38,0,29,24,31,0,-2,0,0,0.9,56,3662,3859,333,144,35,614,34049,32967,108,2,65,73,1.21945e+06,0,0,0,0,1,0,469,0,343,3688,0,0,0,0,0,0,0,0,300,-291,0,0,30
2490.8,0,0,0,0,100,4368,1.53756,0.00321133,1.53772,38,0,29,24,30,0,-2,0,0,1,57,3654,3859,320,144,35,614,34091,33222,108,2,68,73,1.16928e+06,0,0,0,0,1,0,0,484,347,3643,0,0,0,0,0,0,0,0,300,-301,0,0,30
2490.81,0,0,0,0,100,4375,1.5374,0.00319965,1.53769,38,0,29,24,30,0,-2,0,0,1,57,3654,3862,341,144,35,614,34091,33222,108,2,68,73,1.24601e+06,0,0,0,0,1,528,0,0,334,3663,0,0,0,0,0,0,0,0,300,-314,0,0,30
2490.82,0,0,0,0,99,4380,1.53723,0.00318796,1.53765,38,0,29,24,30,0,-2,0,0,1,57,3654,3862,339,144,35,614,34091,33222,108,2,68,73,1.23871e+06,0,0,0,0,1,42,395,0,342,3690,0,0,0,0,0,0,0,0,300,-279,0,0,30
2490.83,0,0,0,0,99,4379,1.53707,0.00317627,1.53762,38,0,29,24,30,0,-2,0,0,1,57,3654,3862,339,144,35,614,34091,33222,108,2,68,73,1.23871e+06,0,0,0,0,1,0,216,366,365,3634,0,0,0,0,0,0,0,0,300,-353,0,0,30
2490.84,0,0,0,0,99,4376,1.53691,0.00316459,1.53758,38,0,29,24,30,0,-2,0,0,1,57,3665,3862,324,144,35,614,34091,33222,108,2,68,73,1.18746e+06,0,0,0,0,1,3,0,464,354,3656,0,0,0,0,0,0,0,0,300,-277,0,0,30
2490.85,0,0,0,0,99,4382,1.53675,0.0031529,1.53755,38,0,29,24,30,0,-2,0,0,1,57,3656,3862,330,144,35,614,34091,33222,108,2,68,73,1.20648e+06,0,0,0,0,1,460,0,0,334,3675,0,0,0,0,0,0,0,0,300,-271,0,0,30
2490.86,0,0,0,0,99,4382,1.53659,0.00314122,1.53751,38,0,29,24,30,0,-2,0,0,1,57,3656,3862,325,144,35,614,34091,33222,108,2,68,73,1.1882e+06,0,0,0,0,1,460,0,0,334,3675,0,0,0,0,0,0,0,0,300,-271,0,0,30
2490.87,0,0,0,0,99,4389,1.53643,0.00312953,1.53748,38,0,29,24,30,0,-2,0,0,1,57,3656,3862,325,144,35,614,34091,33222,108,2,68,73,1.1882e+06,0,0,0,0,1,229,307,0,339,3671,0,0,0,0,0,0,0,0,300,-310,0,0,30
2490.88,0,0,0,0,100,4393,1.53627,0.00311784,1.53744,38,0,29,24,30,0,-2,0,0,1,57,3657,3862,338,144,35,614,34091,33222,108,2,68,73,1.23607e+06,0,0,0,0,1,0,385,85,342,3647,0,0,0,0,0,0,0,0,300,-302,0,0,30
2490.89,0,0,0,0,99,4394,1.53611,0.00310616,1.53741,38,0,29,24,30,0,-2,0,0,1,57,3657,3861,332,144,35,614,34091,33222,108,2,68,73,1.21412e+06,0,0,0,0,1,0,0,525,361,3632,0,0,0,0,0,0,0,0,300,-323,0,0,30
2490.9,0,0,0,0,99,4393,1.53595,0.00309447,1.53737,38,0,29,24,31,0,-2,0,0,1,56,3657,3861,324,144,35,614,34042,33002,108,2,65,73,1.18487e+06,0,0,0,0,1,361,0,183,354,3703,0,0,0,0,0,0,0,0,300,-276,0,0,30
2490.91,0,0,0,0,99,4396,1.53611,0.00309411,1.53739,38,0,29,24,31,0,-2,0,0,0.9,56,3657,3861,324,144,35,614,34042,33002,108,2,65,73,1.18487e+06,0,0,0,0,1,454,0,0,337,3682,0,0,0,0,0,0,0,0,300,-286,0,0,30
2490.92,0,0,0,0,99,4396,1.53627,0.00309374,1.5374,38,0,29,24,31,0,-2,0,0,0.8,56,3655,3861,343,144,35,614,34042,33002,108,2,65,73,1.25366e+06,0,0,0,0,1,454,0,0,337,3682,0,0,0,0,0,0,0,0,300,-286,0,0,30
2490.93,0,0,0,0,99,4403,1.53643,0.00309338,1.53742,38,0,29,24,31,0,-2,0,0,0.7,56,3657,3861,347,144,35,614,34042,33002,108,2,65,73,1.26898e+06,0,0,0,0,1,77,346,0,342,3675,0,0,0,0,0,0,0,0,300,-300,0,0,30
2490.94,0,0,0,0,99,4404,1.53659,0.00309301,1.53743,38,0,29,24,31,0,-2,0,0,0.6,56,3657,3861,350,144,35,614,34042,33002,108,2,65,73,1.27995e+06,0,0,0,0,1,0,483,0,354,3690,0,0,0,0,0,0,0,0,300,-293,0,0,30
2490.95,0,0,0,0,99,4407,1.53675,0.00309265,1.53744,38,0,29,24,31,0,-2,0,0,0.5,56,3657,3861,350,144,35,614,34042,33002,108,2,65,73,1.27995e+06,0,0,0,0,1,0,102,398,353,3647,0,0,0,0,0,0,0,0,300,-310,0,0,30
2490.96,0,0,0,0,99,4410,1.53691,0.00309229,1.53746,38,0,29,24,31,0,-2,0,0,0.4,56,3656,3861,333,144,35,614,34042,33002,108,2,65,73,1.21745e+06,0,0,0,0,1,0,0,454,347,3639,0,0,0,0,0,0,0,0,300,-290,0,0,30
2490.97,0,0,0,0,99,4414,1.53707,0.00309192,1.53747,38,0,29,24,31,0,-2,0,0,0.3,56,3656,3861,325,144,35,614,34042,33002,108,2,65,73,1.1882e+06,0,0,0,0,1,394,0,83,345,3675,0,0,0,0,0,0,0,0,300,-274,0,0,30
2490.98,0,0,0,0,99,4414,1.53723,0.00309156,1.53749,38,0,29,24,31,0,-2,0,0,0.2,56,3656,3865,340,144,35,614,34042,33002,108,2,65,73,1.24304e+06,0,0,0,0,1,394,0,83,345,3675,0,0,0,0,0,0,0,0,300,-274,0,0,30
2490.99,0,0,0,0,99,4415,1.53739,0.00309119,1.5375,38,0,29,24,31,0,-2,0,0,0.1,56,3656,3865,340,144,35,614,34042,33002,108,2,65,73,1.24304e+06,0,0,0,0,1,460,0,0,355,3656,0,0,0,0,0,0,0,0,300,-311,0,0,30
2491,0,0,0,0,99,4416,1.53755,0.00309083,1.53751,38,0,29,24,30,0,-2,0,0,0,57,3658,3865,340,144,35,614,34082,33029,108,2,65,73,1.24372e+06,0,0,0,0,1,95,364,0,345,3688,0,0,0,0,0,0,0,0,300,-277,0,0,30
2491.01,0,0,0,0,99,4419,1.53714,0.00309135,1.53774,38,0,29,24,30,0,-2,0,0,0.1,57,3655,3865,330,144,35,614,34082,33029,108,2,65,73,1.20615e+06,0,0,0,0,1,0,436,0,352,3645,0,0,0,0,0,0,0,0,300,-303,0,0,30
2491.02,0,0,0,0,99,4425,1.53673,0.00309187,1.53796,38,0,29,24,30,0,-2,0,0,0.2,57,3655,3865,328,144,35,614,34082,33029,108,2,65,73,1.19884e+06,0,0,0,0,1,0,114,372,335,3651,0,0,0,0,0,0,0,0,300,-281,0,0,30
2491.03,0,0,0,0,99,4430,1.53631,0.00309239,1.53818,38,0,29,24,30,0,-2,0,0,0.3,57,3655,3865,328,144,35,614,34082,33029,108,2,65,73,1.19884e+06,0,0,0,0,1,0,0,492,353,3645,0,0,0,0,0,0,0,0,300,-302,0,0,30
2491.04,0,0,0,0,100,4430,1.5359,0.0030929,1.5384,38,0,29,24,30,0,-2,0,0,0.4,57,3660,3865,345,144,35,614,34082,33029,108,2,65,73,1.2627e+06,0,0,0,0,1,0,0,492,353,3645,0,0,0,0,0,0,0,0,300,-302,0,0,30
2491.05,0,0,0,0,100,4428,1.53549,0.00309342,1.53862,38,0,29,24,30,0,-2,0,0,0.5,57,3660,3865,339,144,35,614,34082,33029,108,2,65,73,1.24074e+06,0,0,0,0,1,152,0,329,365,3697,0,0,0,0,0,0,0,0,300,-275,0,0,30
2491.06,0,0,0,0,100,4428,1.53508,0.00309394,1.53884,38,0,29,24,30,0,-2,0,0,0.6,57,3660,3865,336,144,35,614,34082,33029,108,2,65,73,1.22976e+06,0,0,0,0,1,478,0,0,349,3671,0,0,0,0,0,0,0,0,300,-281,0,0,30
2491.07,0,0,0,0,99,4434,1.53466,0.00309446,1.53907,38,0,29,24,30,0,-2,0,0,0.7,57,3660,3865,336,144,35,614,34082,33029,108,2,65,73,1.22976e+06,0,0,0,0,1,288,170,0,335,3677,0,0,0,0,0,0,0,0,300,-269,0,0,30
2491.08,0,0,0,0,100,4440,1.53425,0.00309498,1.53929,38,0,29,24,30,0,-2,0,0,0.8,57,3654,3865,337,144,35,614,34082,33029,108,2,65,73,1.2314e+06,0,0,0,0,1,93,340,0,344,3695,0,0,0,0,0,0,0,0,300,-265,0,0,30
2491.09,0,0,0,0,100,4444,1.53384,0.0030955,1.53951,38,0,29,24,30,0,-2,0,0,0.9,57,3656,3865,343,144,35,614,34082,33029,108,2,65,73,1.25401e+06,0,0,0,0,1,0,539,0,353,3710,0,0,0,0,0,0,0,0,300,-320,0,0,30
2491.1,0,0,0,0,100,4444,1.53343,0.00309601,1.53973,38,0,29,24,30,0,-2,0,0,1,57,3656,3865,339,144,35,614,34010,33243,108,2,65,73,1.23938e+06,0,0,0,0,1,0,539,0,353,3710,0,0,0,0,0,0,0,0,300,-320,0,0,30
2491.11,0,0,0,0,100,4443,1.53358,0.00310571,1.53956,38,0,29,24,30,0,-2,0,0,0.9,57,3656,3865,339,144,35,614,34010,33243,108,2,65,73,1.23938e+06,0,0,0,0,1,0,319,226,355,3643,0,0,0,0,0,0,0,0,300,-298,0,0,30
2491.12,0,0,0,0,100,4444,1.53373,0.00311541,1.53939,38,0,29,24,30,0,-2,0,0,0.8,57,3657,3865,322,144,35,614,34010,33243,108,2,65,73,1.17755e+06,0,0,0,0,1,0,84,355,355,3663,0,0,0,0,0,0,0,0,300,-286,0,0,30
2491.13,0,0,0,0,100,4448,1.53388,0.00312511,1.53922,38,0,29,24,30,0,-2,0,0,0.7,57,3657,3865,342,144,35,614,34010,33243,108,2,65,73,1.25069e+06,0,0,0,0,1,0,0,572,343,3637,0,0,0,0,0,0,0,0,300,-305,0,0,30
2491.14,0,0,0,0,100,4453,1.53403,0.00313481,1.53905,38,0,29,24,30,0,-2,0,0,0.6,57,3657,3865,345,144,35,614,34010,33243,108,2,65,73,1.26166e+06,0,0,0,0,1,147,0,300,349,3682,0,0,0,0,0,0,0,0,300,-270,0,0,30
2491.15,0,0,0,0,100,4453,1.53418,0.0031445,1.53888,38,0,29,24,30,0,-2,0,0,0.5,57,3657,3865,345,144,35,614,34010,33243,108,2,65,73,1.26166e+06,0,0,0,0,1,314,0,243,361,3695,0,0,0,0,0,0,0,0,300,-320,0,0,30
2491.16,0,0,0,0,99,4453,1.53433,0.0031542,1.53871,38,0,29,24,30,0,-2,0,0,0.4,57,3656,3865,328,144,35,614,34010,33243,108,2,65,73,1.19917e+06,0,0,0,0,1,314,0,243,361,3695,0,0,0,0,0,0,0,0,300,-320,0,0,30
2491.17,0,0,0,0,100,4457,1.53448,0.0031639,1.53854,38,0,29,24,30,0,-2,0,0,0.3,57,3656,3865,326,144,35,614,34010,33243,108,2,65,73,1.19186e+06,0,0,0,0,1,478,0,0,346,3665,0,0,0,0,0,0,0,0,300,-288,0,0,30
2491.18,0,0,0,0,100,4462,1.53463,0.0031736,1.53837,38,0,29,24,30,0,-2,0,0,0.2,57,3651,3865,333,144,35,614,34010,33243,108,2,65,73,1.21578e+06,0,0,0,0,1,501,0,0,347,3669,0,0,0,0,0,0,0,0,300,-305,0,0,30
2491.19,0,0,0,0,100,4465,1.53479,0.0031833,1.5382,38,0,29,24,30,0,-2,0,0,0.1,57,3651,3865,333,144,35,614,34010,33243,108,2,65,73,1.21578e+06,0,0,0,0,1,355,114,0,355,3663,0,0,0,0,0,0,0,0,300,-284,0,0,30
2491.2,0,0,0,0,99,4464,1.53494,0.00319299,1.53803,38,0,29,24,30,0,-2,0,0,0,56,3658,3865,352,144,35,614,33975,33074,108,2,65,73,1.28762e+06,0,0,0,0,1,206,334,0,364,3666,0,0,0,0,0,0,0,0,300,-318,0,0,30
2491.21,0,0,0,0,100,4466,1.53495,0.00317743,1.5382,38,0,29,24,30,0,-2,0,0,0.1,56,3658,3865,344,144,35,614,33975,33074,108,2,65,73,1.25835e+06,0,0,0,0,1,99,350,0,347,3686,0,0,0,0,0,0,0,0,300,-273,0,0,30
2491.22,0,0,0,0,100,4466,1.53497,0.00316186,1.53837,38,0,29,24,30,0,-2,0,0,0.2,56,3658,3864,349,144,35,614,33975,33074,108,2,65,73,1.27664e+06,0,0,0,0,1,99,350,0,347,3686,0,0,0,0,0,0,0,0,300,-273,0,0,30
2491.23,0,0,0,0,100,4469,1.53499,0.00314629,1.53854,38,0,29,24,30,0,-2,0,0,0.3,56,3658,3864,349,144,35,614,33975,33074,108,2,65,73,1.27664e+06,0,0,0,0,1,0,446,0,347,3701,0,0,0,0,0,0,0,0,300,-262,0,0,30
2491.24,0,0,0,0,99,4476,1.535,0.00313072,1.53871,38,0,29,24,30,0,-2,0,0,0.4,56,3654,3864,332,144,35,614,33975,33074,108,2,65,73,1.21313e+06,0,0,0,0,1,0,551,0,347,3701,0,0,0,0,0,0,0,0,300,-327,0,0,30
2491.25,0,0,0,0,99,4480,1.53502,0.00311515,1.53888,38,0,29,24,30,0,-2,0,0,0.5,56,3654,3864,344,144,35,614,33975,33074,108,2,65,73,1.25698e+06,0,0,0,0,1,0,463,0,357,3673,0,0,0,0,0,0,0,0,300,-290,0,0,30
2491.26,0,0,0,0,99,4477,1.53504,0.00309958,1.53904,38,0,29,24,30,0,-2,0,0,0.6,56,3657,3864,339,144,35,614,33975,33074,108,2,65,73,1.23972e+06,0,0,0,0,1,0,317,179,368,3654,0,0,0,0,0,0,0,0,300,-282,0,0,30
2491.27,0,0,0,0,99,4479,1.53505,0.00308401,1.53921,38,0,29,24,30,0,-2,0,0,0.7,56,3657,3864,339,144,35,614,33975,33074,108,2,65,73,1.23972e+06,0,0,0,0,1,0,258,273,357,3634,0,0,0,0,0,0,0,0,300,-333,0,0,30
2491.28,0,0,0,0,100,4479,1.53507,0.00306844,1.53938,38,0,29,24,30,0,-2,0,0,0.8,56,3656,3864,335,144,35,614,33975,33074,108,2,65,73,1.22476e+06,0,0,0,0,1,0,258,273,357,3634,0,0,0,0,0,0,0,0,300,-333,0,0,30
2491.29,0,0,0,0,99,4485,1.53509,0.00305287,1.53955,38,0,29,24,30,0,-2,0,0,0.9,56,3656,3864,340,144,35,614,33975,33074,108,2,65,73,1.24304e+06,0,0,0,0,1,0,205,339,337,3656,0,0,0,0,0,0,0,0,300,-272,0,0,30
2491.3,0,0,0,0,99,4489,1.5351,0.0030373,1.53972,38,0,29,24,31,0,-2,0,0,1,56,3656,3866,347,144,35,614,34021,33038,108,2,87,73,1.26863e+06,0,0,0,0,1,0,321,238,355,3634,0,0,0,0,0,0,0,0,300,-325,0,0,30
2491.31,0,0,0,0,99,4490,1.53516,0.00304368,1.53962,38,0,29,24,31,0,-2,0,0,1,56,3656,3866,347,144,35,614,34021,33038,108,2,87,73,1.26863e+06,0,0,0,0,1,0,175,388,358,3637,0,0,0,0,0,0,0,0,300,-329,0,0,30
2491.32,0,0,0,0,100,4492,1.53521,0.00305007,1.53951,38,0,29,24,31,0,-2,0,0,1,56,3652,3866,348,144,35,614,34021,33038,108,2,87,73,1.2709e+06,0,0,0,0,1,0,108,390,363,3637,0,0,0,0,0,0,0,0,300,-308,0,0,30
2491.33,0,0,0,0,100,4493,1.53526,0.00305645,1.53941,38,0,29,24,31,0,-2,0,0,1,56,3652,3866,333,144,35,614,34021,33038,108,2,87,73,1.21612e+06,0,0,0,0,1,0,94,364,351,3663,0,0,0,0,0,0,0,0,300,-261,0,0,30
2491.34,0,0,0,0,99,4493,1.53532,0.00306284,1.53931,38,0,29,24,31,0,-2,0,0,1,56,3652,3866,337,144,35,614,34021,33038,108,2,87,73,1.23072e+06,0,0,0,0,1,0,94,364,351,3663,0,0,0,0,0,0,0,0,300,-261,0,0,30
2491.35,0,0,0,0,100,4498,1.53537,0.00306922,1.53921,38,0,29,24,31,0,-2,0,0,1,56,3652,3866,337,144,35,614,34021,33038,108,2,87,73,1.23072e+06,0,0,0,0,1,0,93,351,352,3660,0,0,0,0,0,0,0,0,300,-278,0,0,30
2491.36,0,0,0,0,100,4501,1.53543,0.00307561,1.53911,38,0,29,24,31,0,-2,0,0,1,56,3655,3866,360,144,35,614,34021,33038,108,2,87,73,1.3158e+06,0,0,0,0,1,0,117,370,362,3647,0,0,0,0,0,0,0,0,300,-268,0,0,30
2491.37,0,0,0,0,99,4501,1.53548,0.00308199,1.539,38,0,29,24,31,0,-2,0,0,1,56,3655,3866,348,144,35,614,34021,33038,108,2,87,73,1.27194e+06,0,0,0,0,1,0,98,361,364,3645,0,0,0,0,0,0,0,0,300,-294,0,0,30
2491.38,0,0,0,0,99,4505,1.53554,0.00308838,1.5389,38,0,29,24,31,0,-2,0,0,1,56,3655,3866,343,144,35,614,34021,33038,108,2,87,73,1.25366e+06,0,0,0,0,1,0,112,386,350,3645,0,0,0,0,0,0,0,0,300,-282,0,0,30
2491.39,0,0,0,0,99,4511,1.53559,0.00309476,1.5388,38,0,29,24,31,0,-2,0,0,1,56,3655,3866,343,144,35,614,34021,33038,108,2,87,73,1.25366e+06,0,0,0,0,1,0,188,355,356,3641,0,0,0,0,0,0,0,0,300,-326,0,0,30
2491.4,0,0,0,0,99,4511,1.53564,0.00310115,1.5387,38,0,29,24,31,0,-2,0,0,1,56,3655,3864,351,144,35,614,34063,32959,108,2,87,73,1.2829e+06,0,0,0,0,1,0,188,355,356,3641,0,0,0,0,0,0,0,0,300,-326,0,0,30
2491.41,0,0,0,0,99,4511,1.53547,0.00311877,1.53822,38,0,29,24,31,0,-2,0,0,1,56,3655,3864,349,144,35,614,34063,32959,108,2,87,73,1.2756e+06,0,0,0,0,1,0,237,320,361,3643,0,0,0,0,0,0,0,0,300,-293,0,0,30
2491.42,0,0,0,0,99,4512,1.53529,0.00313639,1.53774,38,0,29,24,31,0,-2,0,0,1,56,3655,3864,356,144,35,614,34063,32959,108,2,87,73,1.30118e+06,0,0,0,0,1,0,204,333,364,3641,0,0,0,0,0,0,0,0,300,-286,0,0,30
2491.43,0,0,0,0,100,4515,1.53512,0.00315402,1.53726,38,0,29,24,31,0,-2,0,0,1,56,3655,3864,356,144,35,614,34063,32959,108,2,87,73,1.30118e+06,0,0,0,0,1,0,303,249,358,3643,0,0,0,0,0,0,0,0,300,-305,0,0,30
2491.44,0,0,0,0,100,4520,1.53495,0.00317164,1.53678,38,0,29,24,31,0,-2,0,0,1,56,3653,3864,333,144,35,614,34063,32959,108,2,87,73,1.21645e+06,0,0,0,0,1,0,468,0,351,3710,0,0,0,0,0,0,0,0,300,-285,0,0,30
2491.45,0,0,0,0,99,4524,1.53477,0.00318926,1.53631,38,0,29,24,31,0,-2,0,0,1,56,3646,3864,332,144,35,614,34063,32959,108,2,87,73,1.21047e+06,0,0,0,0,1,0,463,0,353,3708,0,0,0,0,0,0,0,0,300,-275,0,0,30
2491.46,0,0,0,0,99,4524,1.5346,0.00320688,1.53583,38,0,29,24,31,0,-2,0,0,1,56,3646,3864,342,144,35,614,34063,32959,108,2,87,73,1.24693e+06,0,0,0,0,1,0,463,0,353,3708,0,0,0,0,0,0,0,0,300,-275,0,0,30
2491.47,0,0,0,0,99,4524,1.53442,0.0032245,1.53535,38,0,29,24,31,0,-2,0,0,1,56,3646,3864,342,144,35,614,34063,32959,108,2,87,73,1.24693e+06,0,0,0,0,1,24,440,0,373,3666,0,0,0,0,0,0,0,0,300,-302,0,0,30
2491.48,0,0,0,0,99,4522,1.53425,0.00324213,1.53487,38,0,29,24,31,0,-2,0,0,1,56,3646,3864,347,144,35,614,34063,32959,108,2,87,73,1.26516e+06,0,0,0,0,1,138,369,0,368,3673,0,0,0,0,0,0,0,0,300,-306,0,0,30
2491.49,0,0,0,0,99,4528,1.53407,0.00325975,1.53439,38,0,29,24,31,0,-2,0,0,1,56,3648,3864,333,144,35,614,34063,32959,108,2,87,73,1.21478e+06,0,0,0,0,1,206,315,0,347,3673,0,0,0,0,0,0,0,0,300,-306,0,0,30
2491.5,0,0,0,0,99,4533,1.5339,0.00327737,1.53392,38,0,29,24,31,0,-2,0,0,1,57,3648,3864,341,144,35,614,33971,32861,108,2,65,73,1.24397e+06,0,0,0,0,1,353,96,0,356,3660,0,0,0,0,0,0,0,0,300,-276,0,0,30
2491.51,0,0,0,0,99,4536,1.53413,0.00328269,1.5344,38,0,29,24,31,0,-2,0,0,0.9,57,3648,3864,341,144,35,614,33971,32861,108,2,65,73,1.24397e+06,0,0,0,0,1,513,0,0,368,3660,0,0,0,0,0,0,0,0,300,-310,0,0,30
2491.52,0,0,0,0,99,4536,1.53435,0.00328802,1.53488,38,0,29,24,31,0,-2,0,0,0.8,57,3656,3864,347,144,35,614,33971,32861,108,2,65,73,1.26863e+06,0,0,0,0,1,513,0,0,368,3660,0,0,0,0,0,0,0,0,300,-310,0,0,30
2491.53,0,0,0,0,99,4537,1.53458,0.00329334,1.53537,38,0,29,24,31,0,-2,0,0,0.7,57,3656,3864,347,144,35,614,33971,32861,108,2,65,73,1.26863e+06,0,0,0,0,1,472,0,0,369,3671,0,0,0,0,0,0,0,0,300,-286,0,0,30
2491.54,0,0,0,0,99,4537,1.53481,0.00329866,1.53585,38,0,29,24,31,0,-2,0,0,0.6,57,3648,3864,345,144,35,614,33971,32861,108,2,65,73,1.25856e+06,0,0,0,0,1,376,0,173,364,3673,0,0,0,0,0,0,0,0,300,-321,0,0,30
2491.55,0,0,0,0,100,4541,1.53504,0.00330398,1.53634,38,0,29,24,31,0,-2,0,0,0.5,57,3648,3864,345,144,35,614,33971,32861,108,2,65,73,1.25856e+06,0,0,0,0,1,0,0,466,355,3634,0,0,0,0,0,0,0,0,300,-289,0,0,30
2491.56,0,0,0,0,100,4544,1.53526,0.00330931,1.53682,38,0,29,24,31,0,-2,0,0,0.4,57,3648,3864,352,144,35,614,33971,32861,108,2,65,73,1.2841e+06,0,0,0,0,1,0,0,478,350,3651,0,0,0,0,0,0,0,0,300,-270,0,0,30
2491.57,0,0,0,0,100,4545,1.53549,0.00331463,1.5373,38,0,29,24,31,0,-2,0,0,0.3,57,3654,3864,360,144,35,614,33971,32861,108,2,65,73,1.31544e+06,0,0,0,0,1,0,0,481,369,3624,0,0,0,0,0,0,0,0,300,-307,0,0,30
2491.58,0,0,0,0,100,4545,1.53572,0.00331995,1.53779,38,0,29,24,31,0,-2,0,0,0.2,57,3654,3864,362,144,35,614,33971,32861,108,2,65,73,1.32275e+06,0,0,0,0,1,0,0,481,369,3624,0,0,0,0,0,0,0,0,300,-307,0,0,30
2491.59,0,0,0,0,99,4548,1.53595,0.00332527,1.53827,38,0,29,24,31,0,-2,0,0,0.1,57,3654,3864,362,144,35,614,33971,32861,108,2,65,73,1.32275e+06,0,0,0,0,1,0,246,323,350,3637,0,0,0,0,0,0,0,0,300,-306,0,0,30
2491.6,0,0,0,0,99,4555,1.53618,0.0033306,1.53876,38,0,29,24,30,0,-2,0,0,0,56,3651,3864,357,144,35,614,33991,32969,108,2,65,73,1.30341e+06,0,0,0,0,1,0,413,29,359,3647,0,0,0,0,0,0,0,0,300,-291,0,0,30
2491.61,0,0,0,0,99,4555,1.53599,0.00332204,1.53884,38,0,29,24,30,0,-2,0,0,0.1,56,3651,3864,346,144,35,614,33991,32969,108,2,65,73,1.26325e+06,0,0,0,0,1,0,473,0,366,3703,0,0,0,0,0,0,0,0,300,-283,0,0,30
2491.62,0,0,0,0,99,4553,1.53581,0.00331349,1.53893,38,0,29,24,30,0,-2,0,0,0.2,56,3658,3864,348,144,35,614,33991,32969,108,2,65,73,1.27298e+06,0,0,0,0,1,259,303,0,372,3654,0,0,0,0,0,0,0,0,300,-326,0,0,30
2491.63,0,0,0,0,100,4555,1.53562,0.00330494,1.53901,38,0,29,24,30,0,-2,0,0,0.3,56,3658,3864,348,143,35,614,33991,32969,108,2,65,73,1.27298e+06,0,0,0,0,1,402,41,0,355,3663,0,0,0,0,0,0,0,0,300,-286,0,0,30
2491.64,0,0,0,0,99,4555,1.53544,0.00329639,1.5391,38,0,29,24,30,0,-2,0,0,0.4,56,3655,3864,359,143,35,614,33991,32969,108,2,65,73,1.31214e+06,0,0,0,0,1,402,41,0,355,3663,0,0,0,0,0,0,0,0,300,-286,0,0,30
2491.65,0,0,0,0,100,4559,1.53525,0.00328783,1.53918,38,0,29,24,30,0,-2,0,0,0.5,56,3655,3864,351,143,35,614,33991,32969,108,2,65,73,1.2829e+06,0,0,0,0,1,466,0,0,353,3673,0,0,0,0,0,0,0,0,300,-272,0,0,30
2491.66,0,0,0,0,100,4567,1.53507,0.00327928,1.53927,38,0,29,24,30,0,-2,0,0,0.6,56,3655,3864,359,143,35,614,33991,32969,108,2,65,73,1.31214e+06,0,0,0,0,1,314,0,205,353,3699,0,0,0,0,0,0,0,0,300,-307,0,0,30
2491.67,0,0,0,0,99,4568,1.53488,0.00327073,1.53936,38,0,29,24,30,0,-2,0,0,0.7,56,3655,3864,359,143,35,614,33991,32969,108,2,65,73,1.31214e+06,0,0,0,0,1,0,0,515,372,3634,0,0,0,0,0,0,0,0,300,-294,0,0,30
2491.68,0,0,0,0,99,4566,1.5347,0.00326218,1.53944,38,0,29,24,30,0,-2,0,0,0.8,56,3649,3864,366,143,35,614,33991,32969,108,2,65,73,1.33553e+06,0,0,0,0,1,0,145,351,376,3649,0,0,0,0,0,0,0,0,300,-298,0,0,30
2491.69,0,0,0,0,99,4567,1.53451,0.00325362,1.53953,38,0,29,24,30,0,-2,0,0,0.9,56,3648,3864,347,143,35,614,33991,32969,108,2,65,73,1.26586e+06,0,0,0,0,1,0,321,158,355,3651,0,0,0,0,0,0,0,0,300,-271,0,0,30
2491.7,0,0,0,0,99,4567,1.53433,0.00324507,1.53961,38,0,29,24,30,0,-2,0,0,1,56,3648,3864,353,143,35,614,33971,33115,108,2,61,73,1.28774e+06,0,0,0,0,1,0,321,158,355,3651,0,0,0,0,0,0,0,0,300,-271,0,0,30
2491.71,0,0,0,0,100,4574,1.53464,0.00323619,1.53965,38,0,29,24,30,0,-2,0,0,0.9,56,3648,3864,353,143,35,614,33971,33115,108,2,61,73,1.28774e+06,0,0,0,0,1,0,428,0,357,3688,0,0,0,0,0,0,0,0,300,-267,0,0,30
2491.72,0,0,0,0,100,4574,1.53494,0.0032273,1.53968,38,0,29,24,30,0,-2,0,0,0.8,56,3653,3864,369,143,35,614,33971,33115,108,2,61,73,1.34796e+06,0,0,0,0,1,329,249,0,369,3639,0,0,0,0,0,0,0,0,300,-337,0,0,30
2491.73,0,0,0,0,99,4576,1.53525,0.00321842,1.53971,38,0,29,24,30,0,-2,0,0,0.7,56,3653,3864,361,143,35,614,33971,33115,108,2,61,73,1.31873e+06,0,0,0,0,1,492,0,0,367,3656,0,0,0,0,0,0,0,0,300,-291,0,0,30
2491.74,0,0,0,0,100,4579,1.53555,0.00320953,1.53974,38,0,29,24,30,0,-2,0,0,0.6,56,3647,3864,351,143,35,614,33971,33115,108,2,61,73,1.2801e+06,0,0,0,0,1,328,0,191,361,3701,0,0,0,0,0,0,0,0,300,-314,0,0,30
2491.75,0,0,0,0,100,4581,1.53586,0.00320065,1.53977,38,0,29,24,30,0,-2,0,0,0.5,56,3647,3864,351,143,35,614,33971,33115,108,2,61,73,1.2801e+06,0,0,0,0,1,0,0,527,358,3634,0,0,0,0,0,0,0,0,300,-284,0,0,30
2491.76,0,0,0,0,100,4581,1.53616,0.00319177,1.53981,38,0,29,24,30,0,-2,0,0,0.4,56,3654,3864,344,143,35,614,33971,33115,108,2,61,73,1.25698e+06,0,0,0,0,1,0,0,527,358,3634,0,0,0,0,0,0,0,0,300,-284,0,0,30
2491.77,0,0,0,0,99,4585,1.53647,0.00318288,1.53984,38,0,29,24,30,0,-2,0,0,0.3,56,3654,3864,357,143,35,614,33971,33115,108,2,61,73,1.30448e+06,0,0,0,0,1,0,225,335,369,3632,0,0,0,0,0,0,0,0,300,-335,0,0,30
2491.78,0,0,0,0,99,4584,1.53677,0.003174,1.53987,38,0,29,24,30,0,-2,0,0,0.2,56,3654,3864,359,143,35,614,33971,33115,108,2,61,73,1.31179e+06,0,0,0,0,1,0,481,0,372,3706,0,0,0,0,0,0,0,0,300,-285,0,0,30
2491.79,0,0,0,0,99,4586,1.53708,0.00316511,1.5399,38,0,29,24,30,0,-2,0,0,0.1,56,3654,3864,359,143,35,614,33971,33115,108,2,61,73,1.31179e+06,0,0,0,0,1,251,307,0,369,3651,0,0,0,0,0,0,0,0,300,-323,0,0,30
2491.8,0,0,0,0,99,4592,1.53738,0.00315623,1.53993,38,0,29,24,30,0,-2,0,0,0,56,3651,3864,347,143,35,614,34026,32958,107,2,65,73,1.2669e+06,0,0,0,0,1,339,0,130,355,3673,0,0,0,0,0,0,0,0,300,-284,0,0,30
2491.81,0,0,0,0,99,4595,1.53699,0.0031611,1.54028,38,0,29,24,30,0,-2,0,0,0.1,56,3642,3864,329,143,35,614,34026,32958,107,2,65,73,1.19822e+06,0,0,0,0,1,153,0,333,366,3675,0,0,0,0,0,0,0,0,300,-271,0,0,30
2491.82,0,0,0,0,99,4595,1.53659,0.00316598,1.54063,38,0,29,24,30,0,-2,0,0,0.2,56,3642,3864,354,143,35,614,34026,32958,107,2,65,73,1.28927e+06,0,0,0,0,1,153,0,333,366,3675,0,0,0,0,0,0,0,0,300,-271,0,0,30
2491.83,0,0,0,0,99,4593,1.53619,0.00317085,1.54098,38,0,29,24,30,0,-2,0,0,0.3,56,3642,3864,354,143,35,614,34026,32958,107,2,65,73,1.28927e+06,0,0,0,0,1,0,102,380,373,3637,0,0,0,0,0,0,0,0,300,-304,0,0,30
2491.84,0,0,0,0,99,4594,1.5358,0.00317573,1.54132,38,0,29,24,30,0,-2,0,0,0.4,56,3648,3864,347,143,35,614,34026,32958,107,2,65,73,1.26586e+06,0,0,0,0,1,0,463,0,357,3647,0,0,0,0,0,0,0,0,300,-294,0,0,30
2491.85,0,0,0,0,99,4599,1.5354,0.0031806,1.54167,38,0,29,24,30,0,-2,0,0,0.5,56,3648,3864,351,143,35,614,34026,32958,107,2,65,73,1.28045e+06,0,0,0,0,1,265,298,0,359,3663,0,0,0,0,0,0,0,0,300,-324,0,0,30
2491.86,0,0,0,0,99,4604,1.53501,0.00318547,1.54202,38,0,29,24,30,0,-2,0,0,0.6,56,3640,3864,356,143,35,614,34026,32958,107,2,65,73,1.29584e+06,0,0,0,0,1,503,0,0,356,3656,0,0,0,0,0,0,0,0,300,-295,0,0,30
2491.87,0,0,0,0,99,4604,1.53461,0.00319035,1.54237,38,0,29,24,30,0,-2,0,0,0.7,56,3640,3864,356,143,35,614,34026,32958,107,2,65,73,1.29584e+06,0,0,0,0,1,175,0,331,366,3680,0,0,0,0,0,0,0,0,300,-276,0,0,30
2491.88,0,0,0,0,99,4604,1.53422,0.00319522,1.54271,38,0,29,24,30,0,-2,0,0,0.8,56,3640,3864,363,143,35,614,34026,32958,107,2,65,73,1.32132e+06,0,0,0,0,1,175,0,331,366,3680,0,0,0,0,0,0,0,0,300,-276,0,0,30
2491.89,0,0,0,0,99,4603,1.53382,0.0032001,1.54306,38,0,29,24,30,0,-2,0,0,0.9,56,3648,3864,348,143,35,614,34026,32958,107,2,65,73,1.2695e+06,0,0,0,0,1,0,120,369,372,3639,0,0,0,0,0,0,0,0,300,-288,0,0,30
2491.9,0,0,0,0,99,4605,1.53343,0.00320497,1.54341,38,0,29,24,31,0,-2,0,0,1,57,3648,3864,343,143,35,614,33970,33091,108,2,68,73,1.25126e+06,0,0,0,0,1,0,481,0,360,3699,0,0,0,0,0,0,0,0,300,-290,0,0,30
2491.91,0,0,0,0,99,4612,1.53367,0.00322973,1.54305,38,0,29,24,31,0,-2,0,0,1,57,3648,3864,343,143,35,614,33970,33091,108,2,68,73,1.25126e+06,0,0,0,0,1,290,246,0,359,3639,0,0,0,0,0,0,0,0,300,-295,0,0,30
2491.92,0,0,0,0,99,4614,1.53392,0.00325448,1.5427,38,0,29,24,31,0,-2,0,0,1,57,3644,3864,363,143,35,614,33970,33091,108,2,68,73,1.32277e+06,0,0,0,0,1,363,0,99,373,3663,0,0,0,0,0,0,0,0,300,-315,0,0,30
2491.93,0,0,0,0,99,4614,1.53416,0.00327923,1.54234,38,0,29,24,31,0,-2,0,0,1,57,3644,3863,374,143,35,614,33970,33091,108,2,68,73,1.36286e+06,0,0,0,0,1,0,0,560,373,3632,0,0,0,0,0,0,0,0,300,-281,0,0,30
2491.94,0,0,0,0,99,4614,1.53441,0.00330399,1.54198,38,0,29,24,31,0,-2,0,0,1,57,3644,3863,366,143,35,614,33970,33091,108,2,68,73,1.3337e+06,0,0,0,0,1,0,0,560,373,3632,0,0,0,0,0,0,0,0,300,-281,0,0,30
2491.95,0,0,0,0,99,4617,1.53465,0.00332874,1.54163,38,0,29,24,31,0,-2,0,0,1,57,3644,3863,366,143,35,614,33970,33091,108,2,68,73,1.3337e+06,0,0,0,0,1,0,307,161,364,3666,0,0,0,0,0,0,0,0,300,-295,0,0,30
2491.96,0,0,0,0,100,4619,1.5349,0.0033535,1.54127,38,0,29,24,31,0,-2,0,0,1,57,3640,3863,339,143,35,614,33970,33091,108,2,68,73,1.23396e+06,0,0,0,0,1,229,303,0,367,3654,0,0,0,0,0,0,0,0,300,-308,0,0,30
2491.97,0,0,0,0,99,4620,1.53514,0.00337825,1.54091,38,0,29,24,31,0,-2,0,0,1,57,3650,3863,345,143,35,614,33970,33091,108,2,68,73,1.25925e+06,0,0,0,0,1,375,0,105,362,3660,0,0,0,0,0,0,0,0,300,-284,0,0,30
2491.98,0,0,0,0,99,4623,1.53539,0.00340301,1.54056,38,0,29,24,31,0,-2,0,0,1,57,3650,3863,366,143,35,614,33970,33091,108,2,68,73,1.3359e+06,0,0,0,0,1,0,0,531,369,3639,0,0,0,0,0,0,0,0,300,-322,0,0,30
2491.99,0,0,0,0,99,4625,1.53563,0.00342776,1.5402,38,0,29,24,31,0,-2,0,0,1,57,3650,3863,366,143,35,614,33970,33091,108,2,68,73,1.3359e+06,0,0,0,0,1,0,416,71,369,3639,0,0,0,0,0,0,0,0,300,-285,0,0,30
2492,0,0,0,0,99,4625,1.53588,0.00345251,1.53985,38,0,29,24,30,0,-2,0,0,1,56,3646,3863,368,143,35,614,33926,32986,108,2,68,73,1.34173e+06,0,0,0,0,1,0,416,71,369,3639,0,0,0,0,0,0,0,0,300,-285,0,0,30
2492.01,0,0,0,0,99,4631,1.53584,0.00343266,1.53979,38,0,29,24,30,0,-2,0,0,0.9,56,3646,3863,344,143,35,614,33926,32986,108,2,68,73,1.25422e+06,0,0,0,0,1,249,284,0,365,3656,0,0,0,0,0,0,0,0,300,-310,0,0,30
2492.02,0,0,0,0,99,4632,1.53581,0.00341281,1.53974,38,0,29,24,30,0,-2,0,0,0.8,56,3639,3863,352,143,35,614,33926,32986,108,2,68,73,1.28093e+06,0,0,0,0,1,349,0,193,374,3675,0,0,0,0,0,0,0,0,300,-297,0,0,30
2492.03,0,0,0,0,99,4628,1.53578,0.00339296,1.53968,38,0,29,24,30,0,-2,0,0,0.7,56,3639,3863,352,143,35,614,33926,32986,108,2,68,73,1.28093e+06,0,0,0,0,1,0,0,481,381,3628,0,0,0,0,0,0,0,0,300,-289,0,0,30
2492.04,0,0,0,0,99,4630,1.53574,0.0033731,1.53963,38,0,29,24,30,0,-2,0,0,0.6,56,3648,3863,353,143,35,614,33926,32986,108,2,68,73,1.28774e+06,0,0,0,0,1,0,477,0,361,3692,0,0,0,0,0,0,0,0,300,-290,0,0,30
2492.05,0,0,0,0,99,4630,1.53571,0.00335325,1.53957,38,0,29,24,30,0,-2,0,0,0.5,56,3648,3863,360,142,35,614,33926,32986,108,2,68,73,1.31328e+06,0,0,0,0,1,474,0,0,355,3663,0,0,0,0,0,0,0,0,300,-284,0,0,30
2492.06,0,0,0,0,99,4634,1.53568,0.0033334,1.53952,38,0,29,24,30,0,-2,0,0,0.4,56,3648,3863,347,142,35,614,33926,32986,108,2,68,73,1.26586e+06,0,0,0,0,1,474,0,0,355,3663,0,0,0,0,0,0,0,0,300,-284,0,0,30
2492.07,0,0,0,0,99,4639,1.53564,0.00331355,1.53946,38,0,29,24,30,0,-2,0,0,0.3,56,3648,3863,347,142,35,614,33926,32986,108,2,68,73,1.26586e+06,0,0,0,0,1,335,0,191,366,3690,0,0,0,0,0,0,0,0,300,-303,0,0,30
2492.08,0,0,0,0,99,4641,1.53561,0.00329369,1.53941,38,0,29,24,30,0,-2,0,0,0.2,56,3642,3863,354,142,35,614,33926,32986,108,2,68,73,1.28927e+06,0,0,0,0,1,0,233,351,385,3615,0,0,0,0,0,0,0,0,300,-355,0,0,30
2492.09,0,0,0,0,100,4639,1.53558,0.00327384,1.53935,38,0,29,24,30,0,-2,0,0,0.1,56,3642,3863,373,142,35,614,33926,32986,108,2,68,73,1.35847e+06,0,0,0,0,1,93,385,0,373,3660,0,0,0,0,0,0,0,0,300,-289,0,0,30
2492.1,0,0,0,0,99,4639,1.53554,0.00325399,1.5393,38,0,29,24,30,0,-2,0,0,0,57,3646,3863,371,142,35,614,33968,32892,108,2,65,73,1.35267e+06,0,0,0,0,1,480,0,0,365,3656,0,0,0,0,0,0,0,0,300,-284,0,0,30
2492.11,0,0,0,0,99,4643,1.5354,0.00326157,1.53914,38,0,29,24,30,0,-2,0,0,0,57,3646,3863,371,142,35,614,33968,32892,108,2,65,73,1.35267e+06,0,0,0,0,1,0,0,517,365,3628,0,0,0,0,0,0,0,0,300,-305,0,0,30
2492.12,0,0,0,0,99,4643,1.53525,0.00326916,1.53898,38,0,29,24,30,0,-2,0,0,0,57,3647,3863,353,142,35,614,33968,32892,108,2,65,73,1.28739e+06,0,0,0,0,1,0,0,517,365,3628,0,0,0,0,0,0,0,0,300,-305,0,0,30
2492.13,0,0,0,0,99,4643,1.5351,0.00327674,1.53883,38,0,29,24,30,0,-2,0,0,0,57,3647,3863,363,142,35,614,33968,32892,108,2,65,73,1.32386e+06,0,0,0,0,1,0,462,0,375,3632,0,0,0,0,0,0,0,0,300,-299,0,0,30
2492.14,0,0,0,0,99,4644,1.53495,0.00328433,1.53867,38,0,29,24,30,0,-2,0,0,0,57,3647,3863,370,142,35,614,33968,32892,108,2,65,73,1.34939e+06,0,0,0,0,1,329,169,0,364,3643,0,0,0,0,0,0,0,0,300,-295,0,0,30
2492.15,0,0,0,0,99,4647,1.5348,0.00329191,1.53851,38,0,29,24,30,0,-2,0,0,0,57,3647,3863,370,142,35,614,33968,32892,108,2,65,73,1.34939e+06,0,0,0,0,1,335,0,179,364,3690,0,0,0,0,0,0,0,0,300,-326,0,0,30
2492.16,0,0,0,0,99,4648,1.53465,0.0032995,1.53836,38,0,29,24,30,0,-2,0,0,0,57,3645,3863,362,142,35,614,33968,32892,108,2,65,73,1.31949e+06,0,0,0,0,1,0,245,351,372,3625,0,0,0,0,0,0,0,0,300,-337,0,0,30
2492.17,0,0,0,0,99,4648,1.5345,0.00330708,1.5382,38,0,29,24,30,0,-2,0,0,0,57,3649,3863,362,142,35,614,33968,32892,108,2,65,73,1.32094e+06,0,0,0,0,1,150,340,0,374,3665,0,0,0,0,0,0,0,0,300,-288,0,0,30
2492.18,0,0,0,0,99,4648,1.53435,0.00331467,1.53804,38,0,29,24,30,0,-2,0,0,0,57,3649,3863,354,142,35,614,33968,32892,108,2,65,73,1.29175e+06,0,0,0,0,1,150,340,0,374,3665,0,0,0,0,0,0,0,0,300,-288,0,0,30
2492.19,0,0,0,0,99,4645,1.5342,0.00332225,1.53788,38,0,29,24,30,0,-2,0,0,0,57,3649,3863,354,142,35,614,33968,32892,108,2,65,73,1.29175e+06,0,0,0,0,1,452,0,0,383,3654,0,0,0,0,0,0,0,0,300,-288,0,0,30
2492.2,0,0,0,0,99,4644,1.53405,0.00332984,1.53773,38,0,29,24,31,0,-2,0,0,0,56,3649,3863,357,142,35,614,33987,32986,108,2,87,73,1.30269e+06,0,0,0,0,1,0,0,513,363,3630,0,0,0,0,0,0,0,0,300,-283,0,0,30
2492.21,0,0,0,0,99,4649,1.53417,0.00333631,1.53822,38,0,29,24,31,0,-2,0,0,0.1,56,3638,3863,352,142,35,614,33987,32986,108,2,87,73,1.28058e+06,0,0,0,0,1,0,512,0,365,3708,0,0,0,0,0,0,0,0,300,-304,0,0,30
2492.22,0,0,0,0,100,4649,1.53429,0.00334278,1.53871,38,0,29,24,31,0,-2,0,0,0.2,56,3638,3863,347,142,35,614,33987,32986,108,2,87,73,1.26239e+06,0,0,0,0,1,515,0,0,372,3654,0,0,0,0,0,0,0,0,300,-317,0,0,30
2492.23,0,0,0,0,99,4644,1.53442,0.00334926,1.53921,38,0,29,24,31,0,-2,0,0,0.3,56,3638,3863,347,142,35,614,33987,32986,108,2,87,73,1.26239e+06,0,0,0,0,1,120,0,345,381,3658,0,0,0,0,0,0,0,0,300,-276,0,0,30
2492.24,0,0,0,0,100,4644,1.53454,0.00335573,1.5397,38,0,29,24,31,0,-2,0,0,0.4,56,3647,3863,362,142,35,614,33987,32986,108,2,87,73,1.32021e+06,0,0,0,0,1,120,0,345,381,3658,0,0,0,0,0,0,0,0,300,-276,0,0,30
2492.25,0,0,0,0,99,4644,1.53466,0.0033622,1.54019,38,0,29,24,31,0,-2,0,0,0.5,56,3647,3863,376,142,35,614,33987,32986,108,2,87,73,1.37127e+06,0,0,0,0,1,0,237,316,371,3632,0,0,0,0,0,0,0,0,300,-325,0,0,30
2492.26,0,0,0,0,99,4646,1.53478,0.00336867,1.54068,38,0,29,24,31,0,-2,0,0,0.6,56,3647,3863,365,142,35,614,33987,32986,108,2,87,73,1.33116e+06,0,0,0,0,1,255,299,0,361,3656,0,0,0,0,0,0,0,0,300,-324,0,0,30
2492.27,0,0,0,0,99,4647,1.5349,0.00337515,1.54118,38,0,29,24,31,0,-2,0,0,0.7,56,3647,3863,365,142,35,614,33987,32986,108,2,87,73,1.33116e+06,0,0,0,0,1,361,0,165,375,3669,0,0,0,0,0,0,0,0,300,-294,0,0,30
2492.28,0,0,0,0,99,4644,1.53503,0.00338162,1.54167,38,0,29,24,31,0,-2,0,0,0.8,56,3641,3863,351,142,35,614,33987,32986,108,2,87,73,1.27799e+06,0,0,0,0,1,0,0,443,383,3628,0,0,0,0,0,0,0,0,300,-318,0,0,30
2492.29,0,0,0,0,99,4639,1.53515,0.00338809,1.54216,38,0,29,24,31,0,-2,0,0,0.9,56,3643,3863,360,142,35,614,33987,32986,108,2,87,73,1.31148e+06,0,0,0,0,1,0,530,0,370,3684,0,0,0,0,0,0,0,0,300,-312,0,0,30
2492.3,0,0,0,0,99,4639,1.53527,0.00339456,1.54266,38,0,29,24,30,0,-2,0,0,1,56,3643,3863,369,142,35,614,33929,32861,108,2,65,73,1.34427e+06,0,0,0,0,1,0,530,0,370,3684,0,0,0,0,0,0,0,0,300,-312,0,0,30
2492.31,0,0,0,0,99,4638,1.53545,0.00337609,1.54244,38,0,29,24,30,0,-2,0,0,1,56,3643,3863,369,142,35,614,33929,32861,108,2,65,73,1.34427e+06,0,0,0,0,1,489,0,0,356,3658,0,0,0,0,0,0,0,0,300,-289,0,0,30
2492.32,0,0,0,0,99,4641,1.53563,0.00335762,1.54222,38,0,29,24,30,0,-2,0,0,1,56,3642,3861,366,142,35,614,33929,32861,108,2,65,73,1.33297e+06,0,0,0,0,1,93,0,329,358,3665,0,0,0,0,0,0,0,0,300,-277,0,0,30
2492.33,0,0,0,0,99,4637,1.5358,0.00333915,1.542,38,0,29,24,30,0,-2,0,0,1,56,3642,3861,365,142,35,614,33929,32861,108,2,65,73,1.32933e+06,0,0,0,0,1,0,235,325,377,3643,0,0,0,0,0,0,0,0,300,-324,0,0,30
2492.34,0,0,0,0,99,4636,1.53598,0.00332068,1.54178,38,0,29,24,30,0,-2,0,0,1,56,3642,3861,386,142,35,614,33929,32861,108,2,65,73,1.40581e+06,0,0,0,0,1,194,315,0,367,3658,0,0,0,0,0,0,0,0,300,-296,0,0,30
2492.35,0,0,0,0,99,4635,1.53616,0.00330221,1.54156,38,0,29,24,30,0,-2,0,0,1,56,3642,3861,386,142,35,614,33929,32861,108,2,65,73,1.40581e+06,0,0,0,0,1,437,0,0,367,3665,0,0,0,0,0,0,0,0,300,-273,0,0,30
2492.36,0,0,0,0,99,4635,1.53634,0.00328374,1.54135,38,0,29,24,30,0,-2,0,0,1,56,3647,3861,358,143,35,614,33929,32861,108,2,65,73,1.30563e+06,0,0,0,0,1,437,0,0,367,3665,0,0,0,0,0,0,0,0,300,-273,0,0,30
2492.37,0,0,0,0,99,4632,1.53651,0.00326527,1.54113,38,0,29,24,30,0,-2,0,0,1,56,3641,3861,351,143,35,614,33929,32861,108,2,65,73,1.27799e+06,0,0,0,0,1,0,0,546,371,3637,0,0,0,0,0,0,0,0,300,-306,0,0,30
2492.38,0,0,0,0,100,4629,1.53669,0.0032468,1.54091,38,0,29,24,30,0,-2,0,0,1,56,3641,3861,352,143,35,614,33929,32861,108,2,65,73,1.28163e+06,0,0,0,0,1,0,395,41,380,3639,0,0,0,0,0,0,0,0,300,-286,0,0,30
2492.39,0,0,0,0,100,4626,1.53687,0.00322833,1.54069,38,0,29,24,30,0,-2,0,0,1,56,3641,3861,352,143,35,614,33929,32861,108,2,65,73,1.28163e+06,0,0,0,0,1,214,313,0,371,3656,0,0,0,0,0,0,0,0,300,-309,0,0,30
2492.4,0,0,0,0,99,4625,1.53705,0.00320985,1.54047,38,0,29,24,31,0,-2,0,0,1,56,3639,3861,386,143,35,614,33896,32976,108,2,66,73,1.40465e+06,0,0,0,0,1,386,0,85,361,3656,0,0,0,0,0,0,0,0,300,-287,0,0,30
2492.41,0,0,0,0,99,4628,1.53685,0.0032184,1.54039,38,0,29,24,31,0,-2,0,0,1,56,3639,3861,367,143,35,614,33896,32976,108,2,66,73,1.33551e+06,0,0,0,0,1,0,0,519,360,3625,0,0,0,0,0,0,0,0,300,-316,0,0,30
2492.42,0,0,0,0,99,4628,1.53665,0.00322695,1.54031,38,0,29,24,31,0,-2,0,0,1,56,3639,3861,356,143,35,614,33896,32976,108,2,66,73,1.29548e+06,0,0,0,0,1,0,0,519,360,3625,0,0,0,0,0,0,0,0,300,-316,0,0,30
2492.43,0,0,0,0,99,4626,1.53646,0.0032355,1.54023,38,0,29,24,31,0,-2,0,0,1,56,3639,3861,356,143,35,614,33896,32976,108,2,66,73,1.29548e+06,0,0,0,0,1,0,451,29,375,3639,0,0,0,0,0,0,0,0,300,-316,0,0,30
2492.44,0,0,0,0,99,4619,1.53626,0.00324405,1.54015,38,0,29,24,31,0,-2,0,0,1,56,3642,3861,378,143,35,614,33896,32976,108,2,66,73,1.37668e+06,0,0,0,0,1,232,317,0,380,3643,0,0,0,0,0,0,0,0,300,-294,0,0,30
2492.45,0,0,0,0,99,4617,1.53606,0.00325259,1.54006,38,0,29,24,31,0,-2,0,0,1,56,3642,3861,371,143,35,614,33896,32976,108,2,66,73,1.35118e+06,0,0,0,0,1,421,0,0,361,3660,0,0,0,0,0,0,0,0,300,-324,0,0,30
2492.46,0,0,0,0,99,4618,1.53587,0.00326114,1.53998,38,0,29,24,31,0,-2,0,0,1,56,3642,3861,367,143,35,614,33896,32976,108,2,66,73,1.33661e+06,0,0,0,0,1,0,0,492,358,3645,0,0,0,0,0,0,0,0,300,-268,0,0,30
2492.47,0,0,0,0,99,4618,1.53567,0.00326969,1.5399,38,0,29,24,31,0,-2,0,0,1,56,3642,3861,367,143,35,614,33896,32976,108,2,66,73,1.33661e+06,0,0,0,0,1,0,473,0,364,3647,0,0,0,0,0,0,0,0,300,-304,0,0,30
2492.48,0,0,0,0,99,4618,1.53547,0.00327824,1.53982,38,0,29,24,31,0,-2,0,0,1,56,3648,3861,377,143,35,614,33896,32976,108,2,66,73,1.3753e+06,0,0,0,0,1,0,473,0,364,3647,0,0,0,0,0,0,0,0,300,-304,0,0,30
2492.49,0,0,0,0,99,4615,1.53528,0.00328678,1.53974,38,0,29,24,31,0,-2,0,0,1,56,3648,3861,375,143,35,614,33896,32976,108,2,66,73,1.368e+06,0,0,0,0,1,235,311,0,373,3654,0,0,0,0,0,0,0,0,300,-320,0,0,30
2492.5,0,0,0,0,99,4611,1.53508,0.00329533,1.53966,38,0,29,24,31,0,-2,0,0,1,56,3648,3861,372,143,35,614,33973,32995,107,2,65,73,1.35706e+06,0,0,0,0,1,476,0,0,376,3654,0,0,0,0,0,0,0,0,300,-299,0,0,30
2492.51,0,0,0,0,99,4610,1.53533,0.00328403,1.53955,38,0,29,24,31,0,-2,0,0,1,56,3648,3861,372,143,35,614,33973,32995,107,2,65,73,1.35706e+06,0,0,0,0,1,0,0,495,358,3632,0,0,0,0,0,0,0,0,300,-281,0,0,30
2492.52,0,0,0,0,99,4611,1.53559,0.00327273,1.53945,38,0,29,24,31,0,-2,0,0,1,56,3645,3861,354,143,35,614,33973,32995,107,2,65,73,1.29033e+06,0,0,0,0,1,0,192,351,357,3649,0,0,0,0,0,0,0,0,300,-303,0,0,30
2492.53,0,0,0,0,99,4608,1.53584,0.00326143,1.53935,38,0,29,24,31,0,-2,0,0,1,56,3637,3861,355,143,35,614,33973,32995,107,2,65,73,1.29114e+06,0,0,0,0,1,0,454,0,377,3673,0,0,0,0,0,0,0,0,300,-288,0,0,30
2492.54,0,0,0,0,99,4608,1.5361,0.00325012,1.53925,38,0,29,24,31,0,-2,0,0,1,56,3637,3861,363,143,35,614,33973,32995,107,2,65,73,1.32023e+06,0,0,0,0,1,0,454,0,377,3673,0,0,0,0,0,0,0,0,300,-288,0,0,30
2492.55,0,0,0,0,99,4606,1.53635,0.00323882,1.53914,38,0,29,24,31,0,-2,0,0,1,56,3637,3861,363,143,35,614,33973,32995,107,2,65,73,1.32023e+06,0,0,0,0,1,492,0,0,365,3651,0,0,0,0,0,0,0,0,300,-311,0,0,30
2492.56,0,0,0,0,99,4607,1.53661,0.00322752,1.53904,38,0,29,24,31,0,-2,0,0,1,56,3637,3862,366,143,35,614,33973,32995,107,2,65,73,1.33114e+06,0,0,0,0,1,164,0,282,355,3697,0,0,0,0,0,0,0,0,300,-285,0,0,30
2492.57,0,0,0,0,99,4608,1.53686,0.00321622,1.53894,38,0,29,24,31,0,-2,0,0,1,56,3637,3862,371,143,35,614,33973,32995,107,2,65,73,1.34933e+06,0,0,0,0,1,0,0,468,371,3632,0,0,0,0,0,0,0,0,300,-296,0,0,30
2492.58,0,0,0,0,99,4603,1.53712,0.00320491,1.53883,38,0,29,24,31,0,-2,0,0,1,56,3637,3862,370,143,35,614,33973,32995,107,2,65,73,1.34569e+06,0,0,0,0,1,0,366,118,373,3645,0,0,0,0,0,0,0,0,300,-280,0,0,30
2492.59,0,0,0,0,99,4601,1.53737,0.00319361,1.53873,38,0,29,24,31,0,-2,0,0,1,56,3637,3862,370,143,35,614,33973,32995,107,2,65,73,1.34569e+06,0,0,0,0,1,179,333,0,370,3656,0,0,0,0,0,0,0,0,300,-299,0,0,30
2492.6,0,0,0,0,99,4601,1.53763,0.00318231,1.53863,38,0,29,24,31,0,-2,0,0,1,56,3646,3862,373,143,35,614,33975,33061,108,2,65,73,1.35996e+06,0,0,0,0,1,179,333,0,370,3656,0,0,0,0,0,0,0,0,300,-299,0,0,30
2492.61,0,0,0,0,99,4601,1.5373,0.00318495,1.5385,38,0,29,24,31,0,-2,0,0,0.9,56,3646,3862,370,143,35,614,33975,33061,108,2,65,73,1.34902e+06,0,0,0,0,1,521,0,0,364,3658,0,0,0,0,0,0,0,0,300,-310,0,0,30
2492.62,0,0,0,0,99,4605,1.53698,0.00318759,1.53836,38,0,29,24,31,0,-2,0,0,0.8,56,3646,3866,365,143,35,614,33975,33061,108,2,65,73,1.33079e+06,0,0,0,0,1,329,0,222,361,3690,0,0,0,0,0,0,0,0,300,-318,0,0,30
2492.63,0,0,0,0,99,4605,1.53666,0.00319023,1.53823,38,0,29,24,31,0,-2,0,0,0.7,56,3646,3866,365,143,35,614,33975,33061,108,2,65,73,1.33079e+06,0,0,0,0,1,0,14,427,372,3628,0,0,0,0,0,0,0,0,300,-315,0,0,30
2492.64,0,0,0,0,99,4598,1.53634,0.00319287,1.5381,38,0,29,24,31,0,-2,0,0,0.6,56,3646,3866,365,143,35,614,33975,33061,108,2,65,73,1.33079e+06,0,0,0,0,1,0,479,0,380,3634,0,0,0,0,0,0,0,0,300,-316,0,0,30
2492.65,0,0,0,0,99,4598,1.53601,0.00319551,1.53797,38,0,29,24,31,0,-2,0,0,0.5,56,3646,3866,374,143,35,614,33975,33061,108,2,65,73,1.3636e+06,0,0,0,0,1,224,317,0,362,3663,0,0,0,0,0,0,0,0,300,-314,0,0,30
2492.66,0,0,0,0,99,4598,1.53569,0.00319815,1.53784,38,0,29,24,31,0,-2,0,0,0.4,56,3646,3866,370,143,35,614,33975,33061,108,2,65,73,1.34902e+06,0,0,0,0,1,224,317,0,362,3663,0,0,0,0,0,0,0,0,300,-314,0,0,30
2492.67,0,0,0,0,99,4601,1.53537,0.00320078,1.5377,38,0,29,24,31,0,-2,0,0,0.3,56,3646,3866,370,143,35,614,33975,33061,108,2,65,73,1.34902e+06,0,0,0,0,1,560,0,0,365,3645,0,0,0,0,0,0,0,0,300,-328,0,0,30
2492.68,0,0,0,0,99,4601,1.53505,0.00320342,1.53757,38,0,29,24,31,0,-2,0,0,0.2,56,3635,3866,376,143,35,614,33975,33061,108,2,65,73,1.36676e+06,0,0,0,0,1,247,0,276,369,3688,0,0,0,0,0,0,0,0,300,-310,0,0,30
2492.69,0,0,0,0,99,4601,1.53472,0.00320606,1.53744,38,0,29,24,31,0,-2,0,0,0.1,56,3642,3866,370,143,35,614,33975,33061,108,2,65,73,1.34754e+06,0,0,0,0,1,0,30,411,374,3630,0,0,0,0,0,0,0,0,300,-309,0,0,30
2492.7,0,0,0,0,99,4598,1.5344,0.0032087,1.53731,38,0,29,24,30,0,-2,0,0,0,56,3642,3866,375,143,35,614,33855,32960,108,2,68,73,1.36575e+06,0,0,0,0,1,0,492,0,372,3630,0,0,0,0,0,0,0,0,300,-317,0,0,30
2492.71,0,0,0,0,100,4599,1.5347,0.00321425,1.53735,38,0,29,24,30,0,-2,0,0,0.1,56,3642,3866,375,143,35,614,33855,32960,108,2,68,73,1.36575e+06,0,0,0,0,1,232,315,0,368,3660,0,0,0,0,0,0,0,0,300,-318,0,0,30
2492.72,0,0,0,0,99,4599,1.535,0.00321981,1.5374,38,0,29,24,30,0,-2,0,0,0.2,56,3641,3866,344,143,35,614,33855,32960,108,2,68,73,1.2525e+06,0,0,0,0,1,232,315,0,368,3660,0,0,0,0,0,0,0,0,300,-318,0,0,30
2492.73,0,0,0,0,99,4600,1.53529,0.00322536,1.53744,38,0,29,24,30,0,-2,0,0,0.3,56,3641,3866,361,143,35,614,33855,32960,108,2,68,73,1.3144e+06,0,0,0,0,1,568,0,0,361,3641,0,0,0,0,0,0,0,0,300,-333,0,0,30
2492.74,0,0,0,0,99,4598,1.53559,0.00323091,1.53748,38,0,29,24,30,0,-2,0,0,0.4,56,3641,3866,375,143,35,614,33855,32960,108,2,68,73,1.36538e+06,0,0,0,0,1,263,0,276,375,3686,0,0,0,0,0,0,0,0,300,-314,0,0,30
2492.75,0,0,0,0,99,4598,1.53589,0.00323646,1.53753,38,0,29,24,30,0,-2,0,0,0.5,56,3641,3866,375,143,35,614,33855,32960,108,2,68,73,1.36538e+06,0,0,0,0,1,0,0,457,365,3643,0,0,0,0,0,0,0,0,300,-283,0,0,30
2492.76,0,0,0,0,99,4601,1.53618,0.00324201,1.53757,38,0,29,24,30,0,-2,0,0,0.6,56,3637,3866,362,143,35,614,33855,32960,108,2,68,73,1.31659e+06,0,0,0,0,1,0,442,3,357,3634,0,0,0,0,0,0,0,0,300,-291,0,0,30
2492.77,0,0,0,0,99,4603,1.53648,0.00324756,1.53761,38,0,29,24,30,0,-2,0,0,0.7,56,3637,3866,349,143,35,614,33855,32960,108,2,68,73,1.26931e+06,0,0,0,0,1,229,331,0,367,3656,0,0,0,0,0,0,0,0,300,-328,0,0,30
2492.78,0,0,0,0,100,4603,1.53678,0.00325311,1.53766,38,0,29,24,30,0,-2,0,0,0.8,56,3637,3866,358,143,35,614,33855,32960,108,2,68,73,1.30205e+06,0,0,0,0,1,229,331,0,367,3656,0,0,0,0,0,0,0,0,300,-328,0,0,30
2492.79,0,0,0,0,99,4600,1.53707,0.00325866,1.5377,38,0,29,24,30,0,-2,0,0,0.9,56,3637,3866,358,143,35,614,33855,32960,108,2,68,73,1.30205e+06,0,0,0,0,1,572,0,0,373,3641,0,0,0,0,0,0,0,0,300,-334,0,0,30
2492.8,0,0,0,0,99,4598,1.53737,0.00326422,1.53774,38,0,29,24,30,0,-2,0,0,1,56,3640,3866,364,143,35,614,33918,32811,108,2,65,73,1.32496e+06,0,0,0,0,1,267,0,270,365,3699,0,0,0,0,0,0,0,0,300,-300,0,0,30
2492.81,0,0,0,0,99,4600,1.537,0.00325664,1.53779,38,0,29,24,30,0,-2,0,0,0.9,56,3640,3866,366,143,35,614,33918,32811,108,2,65,73,1.33224e+06,0,0,0,0,1,0,186,353,364,3624,0,0,0,0,0,0,0,0,300,-343,0,0,30
2492.82,0,0,0,0,99,4604,1.53663,0.00324907,1.53785,38,0,29,24,30,0,-2,0,0,0.8,56,3640,3866,371,143,35,614,33918,32811,108,2,65,73,1.35044e+06,0,0,0,0,1,0,475,0,351,3647,0,0,0,0,0,0,0,0,300,-294,0,0,30
2492.83,0,0,0,0,99,4604,1.53626,0.00324149,1.5379,38,0,29,24,30,0,-2,0,0,0.7,56,3640,3866,371,143,35,614,33918,32811,108,2,65,73,1.35044e+06,0,0,0,0,1,224,307,0,370,3656,0,0,0,0,0,0,0,0,300,-312,0,0,30
2492.84,0,0,0,0,99,4604,1.5359,0.00323392,1.53795,38,0,29,24,30,0,-2,0,0,0.6,56,3636,3866,377,143,35,614,33918,32811,108,2,65,73,1.37077e+06,0,0,0,0,1,224,307,0,370,3656,0,0,0,0,0,0,0,0,300,-312,0,0,30
2492.85,0,0,0,0,99,4600,1.53553,0.00322634,1.538,38,0,29,24,30,0,-2,0,0,0.5,56,3645,3866,373,143,35,614,33918,32811,108,2,65,73,1.35958e+06,0,0,0,0,1,515,0,0,373,3649,0,0,0,0,0,0,0,0,300,-304,0,0,30
2492.86,0,0,0,0,99,4599,1.53516,0.00321877,1.53805,38,0,29,24,30,0,-2,0,0,0.4,56,3645,3866,372,143,35,614,33918,32811,108,2,65,73,1.35594e+06,0,0,0,0,1,177,0,306,355,3692,0,0,0,0,0,0,0,0,300,-268,0,0,30
2492.87,0,0,0,0,99,4605,1.53479,0.00321119,1.5381,38,0,29,24,30,0,-2,0,0,0.3,56,3645,3866,372,143,35,614,33918,32811,108,2,65,73,1.35594e+06,0,0,0,0,1,0,96,361,353,3643,0,0,0,0,0,0,0,0,300,-289,0,0,30
2492.88,0,0,0,0,99,4606,1.53442,0.00320362,1.53815,38,0,29,24,30,0,-2,0,0,0.2,56,3646,3867,364,143,35,614,33918,32811,108,2,65,73,1.32714e+06,0,0,0,0,1,0,475,0,364,3703,0,0,0,0,0,0,0,0,300,-288,0,0,30
2492.89,0,0,0,0,100,4605,1.53405,0.00319604,1.5382,38,0,29,24,30,0,-2,0,0,0.1,56,3646,3867,365,143,35,614,33918,32811,108,2,65,73,1.33079e+06,0,0,0,0,1,251,317,0,380,3649,0,0,0,0,0,0,0,0,300,-330,0,0,30
2492.9,0,0,0,0,99,4605,1.53368,0.00318847,1.53825,38,0,29,24,31,0,-2,0,0,0,57,3646,3867,369,143,35,614,33959,32892,108,2,87,73,1.34537e+06,0,0,0,0,1,251,317,0,380,3649,0,0,0,0,0,0,0,0,300,-330,0,0,30
2492.91,0,0,0,0,99,4604,1.53388,0.00317366,1.53774,38,0,29,24,31,0,-2,0,0,0,57,3646,3867,369,143,35,614,33959,32892,108,2,87,73,1.34537e+06,0,0,0,0,1,446,0,0,372,3660,0,0,0,0,0,0,0,0,300,-286,0,0,30
2492.92,0,0,0,0,99,4605,1.53407,0.00315886,1.53723,38,0,29,24,31,0,-2,0,0,0,57,3638,3867,351,143,35,614,33959,32892,108,2,87,73,1.27694e+06,0,0,0,0,1,0,0,470,363,3625,0,0,0,0,0,0,0,0,300,-288,0,0,30
2492.93,0,0,0,0,99,4607,1.53426,0.00314405,1.53673,38,0,29,24,31,0,-2,0,0,0,57,3638,3867,347,143,35,614,33959,32892,108,2,87,73,1.26239e+06,0,0,0,0,1,0,221,298,361,3634,0,0,0,0,0,0,0,0,300,-302,0,0,30
2492.94,0,0,0,0,99,4608,1.53445,0.00312924,1.53622,38,0,29,24,31,0,-2,0,0,0,57,3638,3867,363,143,35,614,33959,32892,108,2,87,73,1.32059e+06,0,0,0,0,1,0,473,0,372,3695,0,0,0,0,0,0,0,0,300,-290,0,0,30
2492.95,0,0,0,0,99,4607,1.53464,0.00311444,1.53571,38,0,29,24,31,0,-2,0,0,0,57,3638,3867,363,143,35,614,33959,32892,108,2,87,73,1.32059e+06,0,0,0,0,1,390,46,0,366,3649,0,0,0,0,0,0,0,0,300,-315,0,0,30
2492.96,0,0,0,0,99,4607,1.53483,0.00309963,1.5352,38,0,29,24,31,0,-2,0,0,0,57,3646,3865,369,143,35,614,33959,32892,108,2,87,73,1.34537e+06,0,0,0,0,1,390,46,0,366,3649,0,0,0,0,0,0,0,0,300,-315,0,0,30
2492.97,0,0,0,0,100,4610,1.53502,0.00308482,1.5347,38,0,29,24,31,0,-2,0,0,0,57,3646,3865,354,143,35,614,33959,32892,108,2,87,73,1.29068e+06,0,0,0,0,1,322,0,216,361,3673,0,0,0,0,0,0,0,0,300,-311,0,0,30
2492.98,0,0,0,0,100,4611,1.53521,0.00307002,1.53419,38,0,29,24,31,0,-2,0,0,0,57,3646,3865,362,143,35,614,33959,32892,108,2,87,73,1.31985e+06,0,0,0,0,1,0,0,480,366,3641,0,0,0,0,0,0,0,0,300,-273,0,0,30
2492.99,0,0,0,0,99,4608,1.53541,0.00305521,1.53368,38,0,29,24,31,0,-2,0,0,0,57,3646,3865,362,144,35,614,33959,32892,108,2,87,73,1.31985e+06,0,0,0,0,1,0,512,0,380,3690,0,0,0,0,0,0,0,0,300,-308,0,0,30
2493,0,0,0,0,99,4608,1.5356,0.0030404,1.53317,38,0,29,24,31,0,-2,0,0,0,56,3644,3865,380,144,35,614,33952,32982,107,2,65,73,1.38472e+06,0,0,0,0,1,240,292,0,366,3656,0,0,0,0,0,0,0,0,300,-307,0,0,30
2493.01,0,0,0,0,100,4610,1.53531,0.00305825,1.53407,38,0,29,24,31,0,-2,0,0,0.1,56,3647,3865,377,144,35,614,33952,32982,107,2,65,73,1.37492e+06,0,0,0,0,1,402,0,38,356,3649,0,0,0,0,0,0,0,0,300,-284,0,0,30
2493.02,0,0,0,0,99,4610,1.53502,0.0030761,1.53497,38,0,29,24,31,0,-2,0,0,0.2,56,3647,3865,370,144,35,614,33952,32982,107,2,65,73,1.34939e+06,0,0,0,0,1,402,0,38,356,3649,0,0,0,0,0,0,0,0,300,-284,0,0,30
2493.03,0,0,0,0,99,4616,1.53473,0.00309395,1.53586,38,0,29,24,31,0,-2,0,0,0.3,56,3647,3865,370,144,35,614,33952,32982,107,2,65,73,1.34939e+06,0,0,0,0,1,0,0,498,360,3632,0,0,0,0,0,0,0,0,300,-291,0,0,30
2493.04,0,0,0,0,99,4617,1.53445,0.00311179,1.53676,38,0,29,24,31,0,-2,0,0,0.4,56,3647,3865,358,144,35,614,33952,32982,107,2,65,73,1.30563e+06,0,0,0,0,1,0,305,229,369,3630,0,0,0,0,0,0,0,0,300,-299,0,0,30
2493.05,0,0,0,0,99,4612,1.53416,0.00312964,1.53766,38,0,29,24,31,0,-2,0,0,0.5,56,3647,3865,377,144,35,614,33952,32982,107,2,65,73,1.37492e+06,0,0,0,0,1,150,342,0,380,3666,0,0,0,0,0,0,0,0,300,-290,0,0,30
2493.06,0,0,0,0,99,4610,1.53387,0.00314749,1.53855,38,0,29,24,31,0,-2,0,0,0.6,56,3647,3865,372,144,35,614,33952,32982,107,2,65,73,1.35668e+06,0,0,0,0,1,440,0,0,366,3673,0,0,0,0,0,0,0,0,300,-277,0,0,30
2493.07,0,0,0,0,99,4615,1.53358,0.00316534,1.53945,38,0,29,24,31,0,-2,0,0,0.7,56,3647,3865,372,144,35,614,33952,32982,107,2,65,73,1.35668e+06,0,0,0,0,1,179,0,292,343,3690,0,0,0,0,0,0,0,0,300,-267,0,0,30
2493.08,0,0,0,0,99,4615,1.53329,0.00318319,1.54035,38,0,29,24,31,0,-2,0,0,0.8,56,3646,3865,365,144,35,614,33952,32982,107,2,65,73,1.33079e+06,0,0,0,0,1,179,0,292,343,3690,0,0,0,0,0,0,0,0,300,-267,0,0,30
2493.09,0,0,0,0,99,4617,1.53301,0.00320103,1.54124,38,0,29,24,31,0,-2,0,0,0.9,56,3646,3865,376,144,35,614,33952,32982,107,2,65,73,1.3709e+06,0,0,0,0,1,0,199,339,368,3637,0,0,0,0,0,0,0,0,300,-317,0,0,30
2493.1,0,0,0,0,99,4619,1.53272,0.00321888,1.54214,38,0,29,24,30,0,-2,0,0,1,56,3643,3865,375,144,35,614,33945,32980,108,2,68,73,1.36612e+06,0,0,0,0,1,0,465,0,367,3699,0,0,0,0,0,0,0,0,300,-278,0,0,30
2493.11,0,0,0,0,100,4618,1.53275,0.00323638,1.54189,38,0,29,24,30,0,-2,0,0,1,56,3643,3865,375,144,35,614,33945,32980,108,2,68,73,1.36612e+06,0,0,0,0,1,498,0,0,372,3634,0,0,0,0,0,0,0,0,300,-328,0,0,30
2493.12,0,0,0,0,100,4617,1.53279,0.00325388,1.54163,38,0,29,24,30,0,-2,0,0,1,56,3643,3865,365,144,35,614,33945,32980,108,2,68,73,1.3297e+06,0,0,0,0,1,310,0,177,366,3695,0,0,0,0,0,0,0,0,300,-309,0,0,30
2493.13,0,0,0,0,99,4617,1.53282,0.00327137,1.54138,38,0,29,24,30,0,-2,0,0,1,56,3646,3865,364,144,35,614,33945,32980,108,2,68,73,1.32714e+06,0,0,0,0,1,0,0,452,364,3625,0,0,0,0,0,0,0,0,300,-291,0,0,30
2493.14,0,0,0,0,99,4617,1.53285,0.00328887,1.54113,38,0,29,24,30,0,-2,0,0,1,56,3646,3865,357,144,35,614,33945,32980,108,2,68,73,1.30162e+06,0,0,0,0,1,0,0,452,364,3625,0,0,0,0,0,0,0,0,300,-291,0,0,30
2493.15,0,0,0,0,99,4617,1.53289,0.00330637,1.54088,38,0,29,24,30,0,-2,0,0,1,56,3646,3865,357,144,35,614,33945,32980,108,2,68,73,1.30162e+06,0,0,0,0,1,0,514,0,380,3690,0,0,0,0,0,0,0,0,300,-308,0,0,30
2493.16,0,0,0,0,99,4617,1.53292,0.00332387,1.54062,38,0,29,24,30,0,-2,0,0,1,56,3648,3865,366,144,35,614,33945,32980,108,2,68,73,1.33517e+06,0,0,0,0,1,316,229,0,366,3647,0,0,0,0,0,0,0,0,300,-318,0,0,30
2493.17,0,0,0,0,99,4622,1.53296,0.00334136,1.54037,38,0,29,24,30,0,-2,0,0,1,56,3648,3865,355,144,35,614,33945,32980,108,2,68,73,1.29504e+06,0,0,0,0,1,361,0,153,364,3673,0,0,0,0,0,0,0,0,300,-295,0,0,30
2493.18,0,0,0,0,99,4624,1.53299,0.00335886,1.54012,38,0,29,24,30,0,-2,0,0,1,56,3648,3865,347,144,35,614,33945,32980,108,2,68,73,1.26586e+06,0,0,0,0,1,0,0,481,367,3630,0,0,0,0,0,0,0,0,300,-288,0,0,30
2493.19,0,0,0,0,99,4620,1.53303,0.00337636,1.53987,38,0,29,24,30,0,-2,0,0,1,56,3648,3865,347,144,35,614,33945,32980,108,2,68,73,1.26586e+06,0,0,0,0,1,0,498,0,381,3641,0,0,0,0,0,0,0,0,300,-312,0,0,30
2493.2,0,0,0,0,99,4620,1.53306,0.00339386,1.53961,38,0,29,24,31,0,-2,0,0,1,57,3638,3865,362,144,35,614,33899,32793,108,2,65,73,1.31696e+06,0,0,0,0,1,0,498,0,381,3641,0,0,0,0,0,0,0,0,300,-312,0,0,30
2493.21,0,0,0,0,99,4618,1.53337,0.00340286,1.53964,38,0,29,24,31,0,-2,0,0,1,57,3638,3865,373,144,35,614,33899,32793,108,2,65,73,1.35697e+06,0,0,0,0,1,228,315,0,372,3647,0,0,0,0,0,0,0,0,300,-317,0,0,30
2493.22,0,0,0,0,99,4619,1.53367,0.00341186,1.53966,38,0,29,24,31,0,-2,0,0,1,57,3638,3865,373,144,35,614,33899,32793,108,2,65,73,1.35697e+06,0,0,0,0,1,384,0,71,358,3651,0,0,0,0,0,0,0,0,300,-284,0,0,30
2493.23,0,0,0,0,99,4623,1.53398,0.00342086,1.53968,38,0,29,24,31,0,-2,0,0,1,57,3638,3865,373,144,35,614,33899,32793,108,2,65,73,1.35697e+06,0,0,0,0,1,0,0,539,360,3625,0,0,0,0,0,0,0,0,300,-292,0,0,30
2493.24,0,0,0,0,99,4625,1.53429,0.00342987,1.53971,38,0,29,24,31,0,-2,0,0,1,57,3642,3865,361,144,35,614,33899,32793,108,2,65,73,1.31476e+06,0,0,0,0,1,0,368,76,373,3639,0,0,0,0,0,0,0,0,300,-290,0,0,30
2493.25,0,0,0,0,99,4621,1.53459,0.00343887,1.53973,38,0,29,24,31,0,-2,0,0,1,57,3642,3865,360,144,35,614,33899,32793,108,2,65,73,1.31112e+06,0,0,0,0,1,261,301,0,372,3654,0,0,0,0,0,0,0,0,300,-329,0,0,30
2493.26,0,0,0,0,99,4621,1.5349,0.00344787,1.53975,38,0,29,24,31,0,-2,0,0,1,57,3642,3865,366,144,35,614,33899,32793,108,2,65,73,1.33297e+06,0,0,0,0,1,261,301,0,372,3654,0,0,0,0,0,0,0,0,300,-329,0,0,30
2493.27,0,0,0,0,99,4619,1.53521,0.00345687,1.53977,38,0,29,24,31,0,-2,0,0,1,57,3642,3865,366,144,35,614,33899,32793,108,2,65,73,1.33297e+06,0,0,0,0,1,457,0,0,369,3656,0,0,0,0,0,0,0,0,300,-284,0,0,30
2493.28,0,0,0,0,100,4623,1.53551,0.00346587,1.5398,38,0,29,24,31,0,-2,0,0,1,57,3647,3865,361,144,35,614,33899,32793,108,2,65,73,1.31657e+06,0,0,0,0,1,0,0,493,357,3625,0,0,0,0,0,0,0,0,300,-293,0,0,30
2493.29,0,0,0,0,100,4621,1.53582,0.00347488,1.53982,38,0,29,24,31,0,-2,0,0,1,57,3647,3867,362,144,35,614,33899,32793,108,2,65,73,1.32021e+06,0,0,0,0,1,0,309,210,367,3630,0,0,0,0,0,0,0,0,300,-296,0,0,30
2493.3,0,0,0,0,99,4620,1.53613,0.00348388,1.53984,38,0,29,24,30,0,-2,0,0,1,56,3643,3867,368,144,35,614,33963,32989,108,2,68,73,1.34062e+06,0,0,0,0,1,187,346,0,373,3665,0,0,0,0,0,0,0,0,300,-314,0,0,30
2493.31,0,0,0,0,99,4620,1.53625,0.0034582,1.53983,38,0,29,24,30,0,-2,0,0,1,56,3643,3867,368,144,35,614,33963,32989,108,2,68,73,1.34062e+06,0,0,0,0,1,357,0,95,360,3658,0,0,0,0,0,0,0,0,300,-282,0,0,30
2493.32,0,0,0,0,99,4620,1.53637,0.00343252,1.53982,38,0,29,24,30,0,-2,0,0,1,56,3632,3867,368,144,35,614,33963,32989,108,2,68,73,1.33658e+06,0,0,0,0,1,357,0,95,360,3658,0,0,0,0,0,0,0,0,300,-282,0,0,30
2493.33,0,0,0,0,99,4620,1.53649,0.00340684,1.53981,38,0,29,24,30,0,-2,0,0,1,56,3632,3867,355,144,35,614,33963,32989,108,2,68,73,1.28936e+06,0,0,0,0,1,0,0,460,366,3628,0,0,0,0,0,0,0,0,300,-284,0,0,30
2493.34,0,0,0,0,99,4621,1.53661,0.00338116,1.5398,38,0,29,24,30,0,-2,0,0,1,56,3632,3867,355,144,35,614,33963,32989,108,2,68,73,1.28936e+06,0,0,0,0,1,0,235,331,376,3630,0,0,0,0,0,0,0,0,300,-329,0,0,30
2493.35,0,0,0,0,99,4620,1.53673,0.00335547,1.53979,38,0,29,24,30,0,-2,0,0,1,56,3632,3867,355,144,35,614,33963,32989,108,2,68,73,1.28936e+06,0,0,0,0,1,130,368,0,368,3666,0,0,0,0,0,0,0,0,300,-293,0,0,30
2493.36,0,0,0,0,99,4617,1.53686,0.00332979,1.53978,38,0,29,24,30,0,-2,0,0,1,56,3646,3871,368,144,35,614,33963,32989,108,2,68,73,1.34173e+06,0,0,0,0,1,554,0,0,378,3643,0,0,0,0,0,0,0,0,300,-328,0,0,30
2493.37,0,0,0,0,99,4621,1.53698,0.00330411,1.53976,38,0,29,24,30,0,-2,0,0,1,56,3646,3871,362,144,35,614,33963,32989,108,2,68,73,1.31985e+06,0,0,0,0,1,128,0,328,355,3677,0,0,0,0,0,0,0,0,300,-283,0,0,30
2493.38,0,0,0,0,99,4621,1.5371,0.00327843,1.53975,38,0,29,24,30,0,-2,0,0,1,56,3637,3871,362,144,35,614,33963,32989,108,2,68,73,1.31659e+06,0,0,0,0,1,128,0,328,355,3677,0,0,0,0,0,0,0,0,300,-283,0,0,30
2493.39,0,0,0,0,99,4620,1.53722,0.00325275,1.53974,38,0,29,24,30,0,-2,0,0,1,56,3637,3871,362,144,35,614,33963,32989,108,2,68,73,1.31659e+06,0,0,0,0,1,0,246,357,366,3625,0,0,0,0,0,0,0,0,300,-321,0,0,30
2493.4,0,0,0,0,99,4617,1.53734,0.00322707,1.53973,38,0,29,24,30,0,-2,0,0,1,56,3647,3871,373,144,35,614,33959,32968,108,2,68,73,1.36033e+06,0,0,0,0,1,0,462,0,376,3684,0,0,0,0,0,0,0,0,300,-277,0,0,30
2493.41,0,0,0,0,100,4615,1.53726,0.0032114,1.54008,38,0,29,24,30,0,-2,0,0,1,56,3647,3871,365,144,35,614,33959,32968,108,2,68,73,1.33116e+06,0,0,0,0,1,492,0,0,366,3645,0,0,0,0,0,0,0,0,300,-315,0,0,30
2493.42,0,0,0,0,99,4616,1.53719,0.00319573,1.54042,38,0,29,24,30,0,-2,0,0,1,56,3647,3871,371,144,35,614,33959,32968,108,2,68,73,1.35304e+06,0,0,0,0,1,335,0,175,363,3692,0,0,0,0,0,0,0,0,300,-299,0,0,30
2493.43,0,0,0,0,99,4619,1.53711,0.00318007,1.54077,38,0,29,24,30,0,-2,0,0,1,56,3647,3871,371,144,35,614,33959,32968,108,2,68,73,1.35304e+06,0,0,0,0,1,0,6,429,364,3632,0,0,0,0,0,0,0,0,300,-318,0,0,30
2493.44,0,0,0,0,99,4619,1.53703,0.0031644,1.54112,38,0,29,24,30,0,-2,0,0,1,56,3642,3871,367,144,35,614,33959,32968,108,2,68,73,1.33661e+06,0,0,0,0,1,0,6,429,364,3632,0,0,0,0,0,0,0,0,300,-318,0,0,30
2493.45,0,0,0,0,99,4617,1.53695,0.00314873,1.54146,38,0,29,24,30,0,-2,0,0,1,56,3642,3871,364,144,35,614,33959,32968,108,2,68,73,1.32569e+06,0,0,0,0,1,0,509,0,376,3714,0,0,0,0,0,0,0,0,300,-279,0,0,30
2493.46,0,0,0,0,99,4612,1.53687,0.00313306,1.54181,38,0,29,24,30,0,-2,0,0,1,56,3640,3871,361,144,35,614,33959,32968,108,2,68,73,1.31404e+06,0,0,0,0,1,323,266,0,382,3639,0,0,0,0,0,0,0,0,300,-318,0,0,30
2493.47,0,0,0,0,99,4610,1.53679,0.00311739,1.54216,38,0,29,24,30,0,-2,0,0,1,56,3640,3871,361,144,35,614,33959,32968,108,2,68,73,1.31404e+06,0,0,0,0,1,372,0,97,359,3656,0,0,0,0,0,0,0,0,300,-313,0,0,30
2493.48,0,0,0,0,99,4613,1.53671,0.00310172,1.5425,38,0,29,24,30,0,-2,0,0,1,56,3633,3871,347,144,35,614,33959,32968,108,2,68,73,1.26065e+06,0,0,0,0,1,0,0,495,353,3639,0,0,0,0,0,0,0,0,300,-252,0,0,30
2493.49,0,0,0,0,99,4615,1.53664,0.00308606,1.54285,38,0,29,24,30,0,-2,0,0,1,56,3633,3871,365,144,35,614,33959,32968,108,2,68,73,1.32604e+06,0,0,0,0,1,0,477,0,370,3645,0,0,0,0,0,0,0,0,300,-304,0,0,30
2493.5,0,0,0,0,99,4615,1.53656,0.00307039,1.54319,38,0,29,24,30,0,-2,0,0,1,56,3633,3871,367,144,35,614,33832,32851,107,2,68,73,1.33331e+06,0,0,0,0,1,0,477,0,370,3645,0,0,0,0,0,0,0,0,300,-304,0,0,30
2493.51,0,0,0,0,99,4613,1.53629,0.00307768,1.54293,38,0,29,24,30,0,-2,0,0,1,56,3633,3871,367,145,35,614,33832,32851,107,2,68,73,1.33331e+06,0,0,0,0,1,226,284,0,366,3660,0,0,0,0,0,0,0,0,300,-299,0,0,30
2493.52,0,0,0,0,99,4612,1.53603,0.00308497,1.54266,38,0,29,24,30,0,-2,0,0,1,56,3638,3871,365,145,35,614,33832,32851,107,2,68,73,1.32787e+06,0,0,0,0,1,460,0,0,372,3658,0,0,0,0,0,0,0,0,300,-287,0,0,30
2493.53,0,0,0,0,99,4612,1.53577,0.00309227,1.54239,38,0,29,24,30,0,-2,0,0,1,56,3638,3871,369,145,35,614,33832,32851,107,2,68,73,1.34242e+06,0,0,0,0,1,0,0,493,364,3624,0,0,0,0,0,0,0,0,300,-314,0,0,30
2493.54,0,0,0,0,100,4609,1.53551,0.00309956,1.54212,38,0,29,24,30,0,-2,0,0,1,56,3636,3871,348,145,35,614,33832,32851,107,2,68,73,1.26533e+06,0,0,0,0,1,0,219,347,367,3639,0,0,0,0,0,0,0,0,300,-305,0,0,30
2493.55,0,0,0,0,99,4608,1.53525,0.00310685,1.54185,38,0,29,24,30,0,-2,0,0,1,56,3636,3871,348,145,35,614,33832,32851,107,2,68,73,1.26533e+06,0,0,0,0,1,0,436,0,371,3680,0,0,0,0,0,0,0,0,300,-272,0,0,30
2493.56,0,0,0,0,99,4608,1.53499,0.00311414,1.54158,38,0,29,24,30,0,-2,0,0,1,56,3641,3871,379,145,35,614,33832,32851,107,2,68,73,1.37994e+06,0,0,0,0,1,0,436,0,371,3680,0,0,0,0,0,0,0,0,300,-272,0,0,30
2493.57,0,0,0,0,99,4607,1.53472,0.00312144,1.54131,38,0,29,24,30,0,-2,0,0,1,56,3641,3871,370,145,35,614,33832,32851,107,2,68,73,1.34717e+06,0,0,0,0,1,568,0,0,364,3634,0,0,0,0,0,0,0,0,300,-332,0,0,30
2493.58,0,0,0,0,99,4611,1.53446,0.00312873,1.54104,38,0,29,24,30,0,-2,0,0,1,56,3641,3871,358,145,35,614,33832,32851,107,2,68,73,1.30348e+06,0,0,0,0,1,314,0,179,351,3692,0,0,0,0,0,0,0,0,300,-296,0,0,30
2493.59,0,0,0,0,99,4612,1.5342,0.00313602,1.54078,38,0,29,24,30,0,-2,0,0,1,56,3641,3871,358,145,35,614,33832,32851,107,2,68,73,1.30348e+06,0,0,0,0,1,0,0,460,372,3630,0,0,0,0,0,0,0,0,300,-288,0,0,30
2493.6,0,0,0,0,99,4606,1.53394,0.00314331,1.54051,38,0,29,24,31,0,-2,0,0,1,56,3641,3871,374,145,35,614,33908,32959,108,2,65,73,1.36173e+06,0,0,0,0,1,0,473,0,380,3637,0,0,0,0,0,0,0,0,300,-306,0,0,30
2493.61,0,0,0,0,99,4603,1.53394,0.00313565,1.54053,38,0,29,24,31,0,-2,0,0,1,56,3641,3871,369,144,35,614,33908,32959,108,2,65,73,1.34353e+06,0,0,0,0,1,246,319,0,370,3645,0,0,0,0,0,0,0,0,300,-329,0,0,30
2493.62,0,0,0,0,99,4603,1.53394,0.00312799,1.54055,38,0,29,24,31,0,-2,0,0,1,56,3637,3871,369,144,35,614,33908,32959,108,2,65,73,1.34205e+06,0,0,0,0,1,246,319,0,370,3645,0,0,0,0,0,0,0,0,300,-329,0,0,30
2493.63,0,0,0,0,99,4606,1.53393,0.00312033,1.54057,38,0,29,24,31,0,-2,0,0,1,56,3637,3871,369,144,35,614,33908,32959,108,2,65,73,1.34205e+06,0,0,0,0,1,493,0,0,357,3643,0,0,0,0,0,0,0,0,300,-292,0,0,30
2493.64,0,0,0,0,99,4607,1.53393,0.00311267,1.5406,38,0,29,24,31,0,-2,0,0,1,56,3642,3871,365,144,35,614,33908,32959,108,2,65,73,1.32933e+06,0,0,0,0,1,144,0,322,355,3671,0,0,0,0,0,0,0,0,300,-254,0,0,30
2493.65,0,0,0,0,99,4609,1.53393,0.00310501,1.54062,38,0,29,24,31,0,-2,0,0,1,56,3642,3871,363,144,35,614,33908,32959,108,2,65,73,1.32205e+06,0,0,0,0,1,0,188,345,379,3624,0,0,0,0,0,0,0,0,300,-337,0,0,30
2493.66,0,0,0,0,99,4605,1.53393,0.00309735,1.54064,38,0,29,24,31,0,-2,0,0,1,56,3642,3871,369,144,35,614,33908,32959,108,2,65,73,1.3439e+06,0,0,0,0,1,0,551,0,375,3695,0,0,0,0,0,0,0,0,300,-322,0,0,30
2493.67,0,0,0,0,99,4603,1.53393,0.00308969,1.54066,38,0,29,24,31,0,-2,0,0,1,56,3642,3871,369,144,35,614,33908,32959,108,2,65,73,1.3439e+06,0,0,0,0,1,335,239,0,369,3641,0,0,0,0,0,0,0,0,300,-335,0,0,30
2493.68,0,0,0,0,99,4603,1.53393,0.00308203,1.54068,38,0,29,24,31,0,-2,0,0,1,56,3646,3871,358,144,35,614,33908,32959,108,2,65,73,1.30527e+06,0,0,0,0,1,335,239,0,369,3641,0,0,0,0,0,0,0,0,300,-335,0,0,30
2493.69,0,0,0,0,100,4606,1.53393,0.00307437,1.54071,38,0,29,24,31,0,-2,0,0,1,56,3646,3871,353,144,35,614,33908,32959,108,2,65,73,1.28704e+06,0,0,0,0,1,363,0,89,349,3658,0,0,0,0,0,0,0,0,300,-278,0,0,30
2493.7,0,0,0,0,100,4605,1.53393,0.00306671,1.54073,38,0,29,24,31,0,-2,0,0,1,56,3636,3871,369,144,35,614,33963,32994,108,2,68,73,1.34168e+06,0,0,0,0,1,0,0,495,365,3634,0,0,0,0,0,0,0,0,300,-280,0,0,30
2493.71,0,0,0,0,100,4604,1.53404,0.00310456,1.54051,38,0,29,24,31,0,-2,0,0,0.9,56,3636,3871,369,144,35,614,33963,32994,108,2,68,73,1.34168e+06,0,0,0,0,1,0,217,316,369,3637,0,0,0,0,0,0,0,0,300,-321,0,0,30
2493.72,0,0,0,0,99,4604,1.53416,0.00314241,1.54029,38,0,29,24,31,0,-2,0,0,0.8,56,3642,3871,369,144,35,614,33963,32994,108,2,68,73,1.3439e+06,0,0,0,0,1,0,416,0,358,3699,0,0,0,0,0,0,0,0,300,-253,0,0,30
2493.73,0,0,0,0,99,4605,1.53427,0.00318026,1.54007,38,0,29,24,31,0,-2,0,0,0.7,56,3642,3871,357,144,35,614,33963,32994,108,2,68,73,1.30019e+06,0,0,0,0,1,440,10,0,367,3643,0,0,0,0,0,0,0,0,300,-301,0,0,30
2493.74,0,0,0,0,99,4605,1.53439,0.00321812,1.53986,38,0,29,24,31,0,-2,0,0,0.6,56,3642,3871,350,144,35,614,33963,32994,108,2,68,73,1.2747e+06,0,0,0,0,1,440,10,0,367,3643,0,0,0,0,0,0,0,0,300,-301,0,0,30
2493.75,0,0,0,0,99,4604,1.53451,0.00325597,1.53964,38,0,29,24,31,0,-2,0,0,0.5,56,3642,3871,350,144,35,614,33963,32994,108,2,68,73,1.2747e+06,0,0,0,0,1,322,0,216,372,3677,0,0,0,0,0,0,0,0,300,-320,0,0,30
2493.76,0,0,0,0,99,4602,1.53462,0.00329382,1.53942,38,0,29,24,31,0,-2,0,0,0.4,56,3643,3871,369,144,35,614,33963,32994,108,2,68,73,1.34427e+06,0,0,0,0,1,0,0,566,368,3619,0,0,0,0,0,0,0,0,300,-304,0,0,30
2493.77,0,0,0,0,99,4601,1.53474,0.00333168,1.5392,38,0,29,24,31,0,-2,0,0,0.3,56,3643,3871,378,144,35,614,33963,32994,108,2,68,73,1.37705e+06,0,0,0,0,1,0,327,214,369,3625,0,0,0,0,0,0,0,0,300,-319,0,0,30
2493.78,0,0,0,0,99,4605,1.53485,0.00336953,1.53898,38,0,29,24,31,0,-2,0,0,0.2,56,3638,3871,372,144,35,614,33963,32994,108,2,68,73,1.35334e+06,0,0,0,0,1,91,358,0,347,3675,0,0,0,0,0,0,0,0,300,-272,0,0,30
2493.79,0,0,0,0,99,4608,1.53497,0.00340738,1.53877,38,0,29,24,31,0,-2,0,0,0.1,56,3638,3871,372,144,35,614,33963,32994,108,2,68,73,1.35334e+06,0,0,0,0,1,528,0,0,368,3651,0,0,0,0,0,0,0,0,300,-318,0,0,30
2493.8,0,0,0,0,99,4608,1.53508,0.00344523,1.53855,38,0,29,24,31,0,-2,0,0,0,56,3641,3871,371,144,35,614,33877,32874,108,2,65,73,1.35081e+06,0,0,0,0,1,528,0,0,368,3651,0,0,0,0,0,0,0,0,300,-318,0,0,30
2493.81,0,0,0,0,99,4603,1.53503,0.00343915,1.53864,38,0,29,24,31,0,-2,0,0,0,56,3641,3871,367,144,35,614,33877,32874,108,2,65,73,1.33625e+06,0,0,0,0,1,339,0,212,386,3686,0,0,0,0,0,0,0,0,300,-326,0,0,30
2493.82,0,0,0,0,99,4599,1.53497,0.00343306,1.53874,38,0,29,24,31,0,-2,0,0,0,56,3640,3871,364,144,35,614,33877,32874,108,2,65,73,1.32496e+06,0,0,0,0,1,0,128,378,369,3639,0,0,0,0,0,0,0,0,300,-294,0,0,30
2493.83,0,0,0,0,99,4603,1.53491,0.00342698,1.53883,38,0,29,24,31,0,-2,0,1,0,56,3640,3871,364,144,35,614,33877,32874,108,2,65,73,1.32496e+06,0,0,0,0,1,0,333,70,356,3643,0,0,0,0,0,0,0,0,300,-270,0,0,30
2493.84,0,0,0,0,99,4605,1.53485,0.00342089,1.53892,38,0,29,24,31,0,-2,0,1,0,56,3640,3870,360,144,35,614,33877,32874,108,2,65,73,1.3104e+06,0,0,0,0,1,167,334,0,363,3663,0,0,0,0,0,0,0,0,300,-297,0,0,30
2493.85,0,0,0,0,99,4607,1.53479,0.00341481,1.53902,38,0,29,24,31,0,-2,0,1,0,56,3640,3870,367,144,35,614,33877,32874,108,2,65,73,1.33588e+06,0,0,0,0,1,575,0,0,372,3643,0,0,0,0,0,0,0,0,300,-337,0,0,30
2493.86,0,0,0,0,100,4607,1.53473,0.00340872,1.53911,38,0,29,24,31,0,-2,0,1,0,56,3645,3870,361,144,35,614,33877,32874,108,2,65,73,1.31584e+06,0,0,0,0,1,575,0,0,372,3643,0,0,0,0,0,0,0,0,300,-337,0,0,30
2493.87,0,0,0,0,100,4604,1.53468,0.00340264,1.5392,38,0,29,24,31,0,-2,0,0,0,56,3645,3870,361,144,35,614,33877,32874,108,2,65,73,1.31584e+06,0,0,0,0,1,194,0,310,370,3688,0,0,0,0,0,0,0,0,300,-308,0,0,30
2493.88,0,0,0,0,99,4602,1.53462,0.00339655,1.5393,38,0,29,24,31,0,-2,0,0,0,56,3638,3870,363,144,35,614,33877,32874,108,2,65,73,1.32059e+06,0,0,0,0,1,0,79,396,360,3639,0,0,0,0,0,0,0,0,300,-287,0,0,30
2493.89,0,0,0,0,99,4605,1.53456,0.00339047,1.53939,38,0,29,24,31,0,-2,0,0,0,56,3638,3870,341,144,35,614,33877,32874,108,2,65,73,1.24056e+06,0,0,0,0,1,0,446,0,355,3684,0,0,0,0,0,0,0,0,300,-277,0,0,30
2493.9,0,0,0,0,99,4604,1.5345,0.00338438,1.53948,38,0,29,24,30,0,-2,0,0,0,57,3638,3870,355,144,35,614,33890,32967,108,2,68,73,1.29149e+06,0,0,0,0,1,224,331,0,372,3654,0,0,0,0,0,0,0,0,300,-326,0,0,30
2493.91,0,0,0,0,99,4601,1.5346,0.00336671,1.53943,38,0,29,24,30,0,-2,0,0,0.1,57,3638,3870,355,144,35,614,33890,32967,108,2,68,73,1.29149e+06,0,0,0,0,1,462,0,0,368,3660,0,0,0,0,0,0,0,0,300,-276,0,0,30
2493.92,0,0,0,0,99,4601,1.53469,0.00334905,1.53938,38,0,29,24,30,0,-2,0,0,0.2,57,3644,3870,379,143,35,614,33890,32967,108,2,68,73,1.38108e+06,0,0,0,0,1,462,0,0,368,3660,0,0,0,0,0,0,0,0,300,-276,0,0,30
2493.93,0,0,0,0,99,4604,1.53478,0.00333138,1.53933,38,0,29,24,30,0,-2,0,0,0.3,57,3644,3870,362,143,35,614,33890,32967,108,2,68,73,1.31913e+06,0,0,0,0,1,64,0,364,364,3651,0,0,0,0,0,0,0,0,300,-283,0,0,30
2493.94,0,0,0,0,99,4607,1.53487,0.00331371,1.53927,38,0,29,24,30,0,-2,0,0,0.4,57,3637,3870,356,143,35,614,33890,32967,108,2,68,73,1.29477e+06,0,0,0,0,1,0,216,341,364,3630,0,0,0,0,0,0,0,0,300,-310,0,0,30
2493.95,0,0,0,0,99,4606,1.53497,0.00329605,1.53922,38,0,29,24,30,0,-2,0,0,0.5,57,3637,3870,356,143,35,614,33890,32967,108,2,68,73,1.29477e+06,0,0,0,0,1,0,522,0,375,3692,0,0,0,0,0,0,0,0,300,-305,0,0,30
2493.96,0,0,0,0,99,4604,1.53506,0.00327838,1.53917,38,0,29,24,30,0,-2,0,0,0.6,57,3644,3870,374,143,35,614,33890,32967,108,2,68,73,1.36286e+06,0,0,0,0,1,351,166,0,369,3643,0,0,0,0,0,0,0,0,300,-316,0,0,30
2493.97,0,0,0,0,99,4602,1.53515,0.00326071,1.53912,38,0,29,24,30,0,-2,0,0,0.7,57,3644,3870,377,143,35,614,33890,32967,108,2,68,73,1.37379e+06,0,0,0,0,1,378,0,91,364,3647,0,0,0,0,0,0,0,0,300,-313,0,0,30
2493.98,0,0,0,0,99,4602,1.53525,0.00324305,1.53906,38,0,29,24,30,0,-2,0,0,0.8,57,3644,3870,377,143,35,614,33890,32967,108,2,68,73,1.37379e+06,0,0,0,0,1,378,0,91,364,3647,0,0,0,0,0,0,0,0,300,-313,0,0,30
2493.99,0,0,0,0,99,4606,1.53534,0.00322538,1.53901,38,0,29,24,30,0,-2,0,0,0.9,57,3644,3870,377,143,35,614,33890,32967,108,2,68,73,1.37379e+06,0,0,0,0,1,0,0,474,351,3630,0,0,0,0,0,0,0,0,300,-275,0,0,30
2494,0,0,0,0,99,4609,1.53543,0.00320771,1.53896,38,0,29,24,31,0,-2,0,0,1,56,3637,3870,350,143,35,614,33914,33003,107,2,68,73,1.27295e+06,0,0,0,0,1,0,227,341,363,3641,0,0,0,0,0,0,0,0,300,-274,0,0,30
2494.01,0,0,0,0,99,4606,1.53547,0.00321687,1.53862,38,0,29,24,31,0,-2,0,0,1,56,3637,3870,356,143,35,614,33914,33003,107,2,68,73,1.29477e+06,0,0,0,0,1,0,340,0,382,3647,0,0,0,0,0,0,0,0,300,-312,0,0,30
2494.02,0,0,0,0,99,4603,1.53551,0.00322602,1.53828,38,0,29,24,31,0,-2,0,0,1,56,3646,3870,362,143,35,614,33914,33003,107,2,68,73,1.31985e+06,0,0,0,0,1,583,0,0,371,3634,0,0,0,0,0,0,0,0,300,-341,0,0,30
2494.03,0,0,0,0,99,4606,1.53554,0.00323518,1.53794,38,0,29,24,31,0,-2,0,0,1,56,3646,3870,362,142,35,614,33914,33003,107,2,68,73,1.31985e+06,0,0,0,0,1,181,0,304,350,3686,0,0,0,0,0,0,0,0,300,-282,0,0,30
2494.04,0,0,0,0,99,4606,1.53558,0.00324433,1.5376,38,0,29,24,31,0,-2,0,0,1,56,3631,3870,364,142,35,614,33914,33003,107,2,68,73,1.32168e+06,0,0,0,0,1,181,0,304,350,3686,0,0,0,0,0,0,0,0,300,-282,0,0,30
2494.05,0,0,0,0,99,4608,1.53562,0.00325348,1.53726,38,0,29,24,31,0,-2,0,0,1,56,3631,3870,370,142,35,614,33914,33003,107,2,68,73,1.34347e+06,0,0,0,0,1,0,93,370,358,3628,0,0,0,0,0,0,0,0,300,-300,0,0,30
2494.06,0,0,0,0,100,4607,1.53566,0.00326264,1.53692,38,0,29,24,31,0,-2,0,0,1,56,3631,3870,382,142,35,614,33914,33003,107,2,68,73,1.38704e+06,0,0,0,0,1,0,491,0,364,3703,0,0,0,0,0,0,0,0,300,-294,0,0,30
2494.07,0,0,0,0,100,4605,1.53569,0.00327179,1.53658,38,0,29,24,31,0,-2,0,0,1,56,3631,3870,382,142,35,614,33914,33003,107,2,68,73,1.38704e+06,0,0,0,0,1,399,35,0,377,3645,0,0,0,0,0,0,0,0,300,-282,0,0,30
2494.08,0,0,0,0,100,4604,1.53573,0.00328095,1.53624,38,0,29,24,31,0,-2,0,0,1,56,3638,3870,373,142,35,614,33914,33003,107,2,68,73,1.35697e+06,0,0,0,0,1,452,0,0,366,3654,0,0,0,0,0,0,0,0,300,-295,0,0,30
2494.09,0,0,0,0,99,4607,1.53577,0.0032901,1.5359,38,0,29,24,31,0,-2,0,0,1,56,3638,3870,363,142,35,614,33914,33003,107,2,68,73,1.32059e+06,0,0,0,0,1,0,0,470,357,3630,0,0,0,0,0,0,0,0,300,-286,0,0,30
2494.1,0,0,0,0,99,4607,1.5358,0.00329925,1.53556,38,0,29,24,31,0,-2,0,0,1,57,3638,3867,351,142,35,614,33890,32878,108,2,82,73,1.27694e+06,0,0,0,0,1,0,0,470,357,3630,0,0,0,0,0,0,0,0,300,-286,0,0,30
2494.11,0,0,0,0,99,4610,1.53558,0.00330364,1.53527,38,0,29,24,31,0,-2,0,0,0.9,57,3638,3867,351,142,35,614,33890,32878,108,2,82,73,1.27694e+06,0,0,0,0,1,0,223,357,375,3628,0,0,0,0,0,0,0,0,300,-339,0,0,30
2494.12,0,0,0,0,99,4606,1.53536,0.00330802,1.53499,38,0,29,24,31,0,-2,0,0,0.8,57,3644,3867,373,142,35,614,33890,32878,108,2,82,73,1.35921e+06,0,0,0,0,1,0,448,0,375,3686,0,0,0,0,0,0,0,0,300,-276,0,0,30
2494.13,0,0,0,0,99,4607,1.53514,0.00331241,1.5347,38,0,29,24,31,0,-2,0,0,0.7,57,3636,3867,361,142,35,614,33890,32878,108,2,82,73,1.3126e+06,0,0,0,0,1,448,18,0,370,3643,0,0,0,0,0,0,0,0,300,-309,0,0,30
2494.14,0,0,0,0,99,4609,1.53492,0.00331679,1.53442,38,0,29,24,31,0,-2,0,0,0.6,57,3636,3867,348,142,35,614,33890,32878,108,2,82,73,1.26533e+06,0,0,0,0,1,308,0,261,361,3684,0,0,0,0,0,0,0,0,300,-330,0,0,30
2494.15,0,0,0,0,99,4606,1.5347,0.00332118,1.53413,38,0,29,24,31,0,-2,0,0,0.5,57,3636,3867,348,142,35,614,33890,32878,108,2,82,73,1.26533e+06,0,0,0,0,1,0,0,476,366,3628,0,0,0,0,0,0,0,0,300,-267,0,0,30
2494.16,0,0,0,0,99,4606,1.53448,0.00332556,1.53384,38,0,29,24,31,0,-2,0,0,0.4,57,3632,3867,365,142,35,614,33890,32878,108,2,82,73,1.32568e+06,0,0,0,0,1,0,0,476,366,3628,0,0,0,0,0,0,0,0,300,-267,0,0,30
2494.17,0,0,0,0,100,4605,1.53426,0.00332995,1.53356,38,0,29,24,31,0,-2,0,0,0.3,57,3632,3862,387,142,35,614,33890,32878,108,2,82,73,1.40558e+06,0,0,0,0,1,0,328,132,366,3637,0,0,0,0,0,0,0,0,300,-287,0,0,30
2494.18,0,0,0,0,99,4606,1.53404,0.00333433,1.53327,38,0,29,24,31,0,-2,0,0,0.2,57,3632,3862,377,142,35,614,33890,32878,108,2,82,73,1.36926e+06,0,0,0,0,1,167,327,0,366,3669,0,0,0,0,0,0,0,0,300,-290,0,0,30
2494.19,0,0,0,0,99,4609,1.53382,0.00333871,1.53298,38,0,29,24,31,0,-2,0,0,0.1,57,3632,3862,377,142,35,614,33890,32878,108,2,82,73,1.36926e+06,0,0,0,0,1,568,0,0,358,3641,0,0,0,0,0,0,0,0,300,-334,0,0,30
2494.2,0,0,0,0,99,4612,1.5336,0.0033431,1.5327,38,0,29,24,31,0,-2,0,0,0,56,3643,3862,356,142,35,614,33934,32918,108,2,87,73,1.29691e+06,0,0,0,0,1,130,0,310,364,3680,0,0,0,0,0,0,0,0,300,-296,0,0,30
2494.21,0,0,0,0,99,4607,1.53371,0.00334398,1.53344,38,0,29,24,31,0,-2,0,0,0.1,56,3643,3862,358,142,35,614,33934,32918,108,2,87,73,1.30419e+06,0,0,0,0,1,0,143,378,380,3632,0,0,0,0,0,0,0,0,300,-289,0,0,30
2494.22,0,0,0,0,99,4607,1.53383,0.00334486,1.53419,38,0,29,24,31,0,-2,0,0,0.2,56,3643,3862,357,142,35,614,33934,32918,108,2,87,73,1.30055e+06,0,0,0,0,1,0,143,378,380,3632,0,0,0,0,0,0,0,0,300,-289,0,0,30
2494.23,0,0,0,0,99,4602,1.53394,0.00334575,1.53494,38,0,29,24,31,0,-2,0,0,0.3,56,3643,3862,357,142,35,614,33934,32918,108,2,87,73,1.30055e+06,0,0,0,0,1,0,504,0,375,3695,0,0,0,0,0,0,0,0,300,-303,0,0,30
2494.24,0,0,0,0,99,4606,1.53406,0.00334663,1.53569,38,0,29,24,31,0,-2,0,0,0.4,56,3637,3862,345,142,35,614,33934,32918,108,2,87,73,1.25476e+06,0,0,0,0,1,224,284,0,357,3658,0,0,0,0,0,0,0,0,300,-293,0,0,30
2494.25,0,0,0,0,99,4609,1.53418,0.00334751,1.53644,38,0,29,24,31,0,-2,0,0,0.5,56,3637,3858,359,142,35,614,33934,32918,108,2,87,73,1.30568e+06,0,0,0,0,1,419,0,17,364,3643,0,0,0,0,0,0,0,0,300,-291,0,0,30
2494.26,0,0,0,0,99,4611,1.53429,0.0033484,1.53719,38,0,29,24,31,0,-2,0,0,0.6,56,3637,3858,370,142,35,614,33934,32918,108,2,87,73,1.34569e+06,0,0,0,0,1,0,0,498,368,3630,0,0,0,0,0,0,0,0,300,-299,0,0,30
2494.27,0,0,0,0,99,4608,1.53441,0.00334928,1.53794,38,0,29,24,31,0,-2,0,0,0.7,56,3637,3858,370,142,35,614,33934,32918,108,2,87,73,1.34569e+06,0,0,0,0,1,0,217,361,375,3625,0,0,0,0,0,0,0,0,300,-323,0,0,30
2494.28,0,0,0,0,99,4608,1.53453,0.00335016,1.53869,38,0,29,24,31,0,-2,0,0,0.8,56,3639,3858,364,142,35,614,33934,32918,108,2,87,73,1.3246e+06,0,0,0,0,1,0,217,361,375,3625,0,0,0,0,0,0,0,0,300,-323,0,0,30
2494.29,0,0,0,0,99,4606,1.53464,0.00335104,1.53944,38,0,29,24,31,0,-2,0,0,0.9,56,3640,3858,360,142,35,614,33934,32918,108,2,87,73,1.3104e+06,0,0,0,0,1,0,446,0,372,3665,0,0,0,0,0,0,0,0,300,-291,0,0,30
2494.3,0,0,0,0,99,4608,1.53476,0.00335193,1.54019,38,0,29,24,31,0,-2,0,0,1,57,3640,3858,345,142,35,614,33916,32830,108,2,65,73,1.2558e+06,0,0,0,0,1,487,0,0,357,3649,0,0,0,0,0,0,0,0,300,-307,0,0,30
2494.31,0,0,0,0,99,4608,1.53473,0.00336438,1.54025,38,0,29,24,31,0,-2,0,0,1,57,3640,3858,345,142,35,614,33916,32830,108,2,65,73,1.2558e+06,0,0,0,0,1,363,0,191,362,3686,0,0,0,0,0,0,0,0,300,-310,0,0,30
2494.32,0,0,0,0,99,4606,1.53471,0.00337684,1.54032,38,0,29,24,31,0,-2,0,0,1,57,3645,3858,376,142,35,614,33916,32830,108,2,65,73,1.37052e+06,0,0,0,0,1,0,145,358,370,3634,0,0,0,0,0,0,0,0,300,-292,0,0,30
2494.33,0,0,0,0,99,4608,1.53468,0.00338929,1.54038,38,0,29,24,31,0,-2,0,0,1,57,3645,3858,379,142,35,614,33916,32830,108,2,65,73,1.38146e+06,0,0,0,0,1,0,375,85,357,3632,0,0,0,0,0,0,0,0,300,-275,0,0,30
2494.34,0,0,0,0,99,4608,1.53465,0.00340175,1.54045,38,0,29,24,31,0,-2,0,0,1,57,3645,3858,367,142,35,614,33916,32830,108,2,65,73,1.33772e+06,0,0,0,0,1,0,375,85,357,3632,0,0,0,0,0,0,0,0,300,-275,0,0,30
2494.35,0,0,0,0,99,4611,1.53463,0.00341421,1.54051,38,0,29,24,31,0,-2,0,0,1,57,3645,3858,367,142,35,614,33916,32830,108,2,65,73,1.33772e+06,0,0,0,0,1,267,305,0,361,3649,0,0,0,0,0,0,0,0,300,-332,0,0,30
2494.36,0,0,0,0,99,4608,1.5346,0.00342666,1.54058,38,0,29,24,31,0,-2,0,0,1,57,3637,3858,352,142,35,614,33916,32830,108,2,65,73,1.28022e+06,0,0,0,0,1,481,0,0,369,3654,0,0,0,0,0,0,0,0,300,-286,0,0,30
2494.37,0,0,0,0,99,4604,1.53458,0.00343912,1.54065,38,0,29,24,31,0,-2,0,0,1,57,3647,3858,358,142,35,614,33916,32830,108,2,65,73,1.30563e+06,0,0,0,0,1,117,0,347,369,3663,0,0,0,0,0,0,0,0,300,-271,0,0,30
2494.38,0,0,0,0,100,4604,1.53455,0.00345158,1.54071,38,0,29,24,31,0,-2,0,0,1,57,3647,3858,374,142,35,614,33916,32830,108,2,65,73,1.36398e+06,0,0,0,0,1,0,151,339,375,3634,0,0,0,0,0,0,0,0,300,-304,0,0,30
2494.39,0,0,0,0,99,4607,1.53452,0.00346403,1.54078,38,0,29,24,31,0,-2,0,0,1,57,3647,3858,374,142,35,614,33916,32830,108,2,65,73,1.36398e+06,0,0,0,0,1,0,532,0,361,3695,0,0,0,0,0,0,0,0,300,-313,0,0,30
2494.4,0,0,0,0,99,4607,1.5345,0.00347649,1.54084,38,0,29,24,30,0,-2,0,0,1,57,3634,3858,361,142,35,614,33966,32989,108,2,65,73,1.31187e+06,0,0,0,0,1,0,532,0,361,3695,0,0,0,0,0,0,0,0,300,-313,0,0,30
2494.41,0,0,0,0,99,4611,1.53457,0.00347953,1.54074,38,0,29,24,30,0,-2,0,0,1,57,3634,3858,355,142,35,614,33966,32989,108,2,65,73,1.29007e+06,0,0,0,0,1,353,164,0,366,3634,0,0,0,0,0,0,0,0,300,-309,0,0,30
2494.42,0,0,0,0,99,4607,1.53464,0.00348258,1.54064,38,0,29,24,30,0,-2,0,0,1,57,3634,3858,360,142,35,614,33966,32989,108,2,65,73,1.30824e+06,0,0,0,0,1,378,0,112,376,3649,0,0,0,0,0,0,0,0,300,-297,0,0,30
2494.43,0,0,0,0,100,4602,1.53472,0.00348562,1.54054,38,0,29,24,30,0,-2,0,0,1,57,3634,3858,360,142,35,614,33966,32989,108,2,65,73,1.30824e+06,0,0,0,0,1,0,0,509,370,3630,0,0,0,0,0,0,0,0,300,-278,0,0,30
2494.44,0,0,0,0,99,4606,1.53479,0.00348867,1.54044,38,0,29,24,30,0,-2,0,0,1,57,3647,3858,362,143,35,614,33966,32989,108,2,65,73,1.32021e+06,0,0,0,0,1,0,192,317,360,3637,0,0,0,0,0,0,0,0,300,-311,0,0,30
2494.45,0,0,0,0,99,4608,1.53486,0.00349171,1.54034,38,0,29,24,30,0,-2,0,0,1,57,3631,3858,357,143,35,614,33966,32989,108,2,65,73,1.29627e+06,0,0,0,0,1,0,450,0,369,3673,0,0,0,0,0,0,0,0,300,-291,0,0,30
2494.46,0,0,0,0,99,4608,1.53494,0.00349475,1.54024,38,0,29,24,30,0,-2,0,0,1,57,3631,3858,369,143,35,614,33966,32989,108,2,65,73,1.33984e+06,0,0,0,0,1,0,450,0,369,3673,0,0,0,0,0,0,0,0,300,-291,0,0,30
2494.47,0,0,0,0,99,4606,1.53501,0.0034978,1.54013,38,0,29,24,30,0,-2,0,0,1,57,3631,3858,369,143,35,614,33966,32989,108,2,65,73,1.33984e+06,0,0,0,0,1,498,0,0,365,3645,0,0,0,0,0,0,0,0,300,-310,0,0,30
2494.48,0,0,0,0,99,4604,1.53508,0.00350084,1.54003,38,0,29,24,30,0,-2,0,0,1,57,3646,3858,357,143,35,614,33966,32989,108,2,65,73,1.30162e+06,0,0,0,0,1,333,0,222,363,3680,0,0,0,0,0,0,0,0,300,-297,0,0,30
2494.49,0,0,0,0,100,4603,1.53516,0.00350389,1.53993,38,0,29,24,30,0,-2,0,0,1,57,3646,3859,363,143,35,614,33966,32989,108,2,65,73,1.3235e+06,0,0,0,0,1,0,0,474,352,3641,0,0,0,0,0,0,0,0,300,-282,0,0,30
2494.5,0,0,0,0,100,4606,1.53523,0.00350693,1.53983,38,0,29,24,31,0,-2,0,0,1,57,3646,3859,361,143,35,614,33945,32959,108,2,65,73,1.31621e+06,0,0,0,0,1,0,327,130,359,3639,0,0,0,0,0,0,0,0,300,-285,0,0,30
2494.51,0,0,0,0,99,4606,1.53512,0.00351483,1.5394,38,0,29,24,31,0,-2,0,0,0.9,57,3646,3859,361,143,35,614,33945,32959,108,2,65,73,1.31621e+06,0,0,0,0,1,187,334,0,366,3651,0,0,0,0,0,0,0,0,300,-313,0,0,30
2494.52,0,0,0,0,99,4606,1.53501,0.00352273,1.53897,38,0,29,24,31,0,-2,0,0,0.8,57,3635,3859,378,143,35,614,33945,32959,108,2,65,73,1.37403e+06,0,0,0,0,1,187,334,0,366,3651,0,0,0,0,0,0,0,0,300,-313,0,0,30
2494.53,0,0,0,0,99,4602,1.5349,0.00353063,1.53855,38,0,29,24,31,0,-2,0,0,0.7,57,3647,3859,371,143,35,614,33945,32959,108,2,65,73,1.35304e+06,0,0,0,0,1,558,0,0,381,3658,0,0,0,0,0,0,0,0,300,-284,0,0,30
2494.54,0,0,0,0,99,4604,1.53479,0.00353853,1.53812,38,0,29,24,31,0,-2,0,0,0.6,57,3647,3859,372,143,35,614,33945,32959,108,2,65,73,1.35668e+06,0,0,0,0,1,7,0,425,369,3628,0,0,0,0,0,0,0,0,300,-302,0,0,30
2494.55,0,0,0,0,99,4605,1.53468,0.00354644,1.53769,38,0,29,24,31,0,-2,0,0,0.5,57,3647,3859,372,143,35,614,33945,32959,108,2,65,73,1.35668e+06,0,0,0,0,1,0,268,351,365,3622,0,0,0,0,0,0,0,0,300,-317,0,0,30
2494.56,0,0,0,0,100,4602,1.53456,0.00355434,1.53726,38,0,29,24,31,0,-2,0,0,0.4,57,3628,3859,361,143,35,614,33945,32959,108,2,65,73,1.30971e+06,0,0,0,0,1,0,510,0,373,3684,0,0,0,0,0,0,0,0,300,-299,0,0,30
2494.57,0,0,0,0,100,4602,1.53445,0.00356224,1.53684,38,0,29,24,31,0,-2,0,0,0.3,57,3628,3859,355,143,35,614,33945,32959,108,2,65,73,1.28794e+06,0,0,0,0,1,498,0,0,369,3634,0,0,0,0,0,0,0,0,300,-318,0,0,30
2494.58,0,0,0,0,99,4599,1.53434,0.00357014,1.53641,38,0,29,24,31,0,-2,0,0,0.2,57,3628,3860,362,143,35,614,33945,32959,108,2,65,73,1.31334e+06,0,0,0,0,1,498,0,0,369,3634,0,0,0,0,0,0,0,0,300,-318,0,0,30
2494.59,0,0,0,0,99,4601,1.53423,0.00357804,1.53598,38,0,29,24,31,0,-2,0,0,0.1,57,3628,3860,362,143,35,614,33945,32959,108,2,65,73,1.31334e+06,0,0,0,0,1,411,0,41,357,3643,0,0,0,0,0,0,0,0,300,-285,0,0,30
2494.6,0,0,0,0,99,4605,1.53412,0.00358594,1.53555,38,0,29,24,32,0,-2,0,0,0,57,3642,3860,367,143,35,614,33928,32922,108,2,68,73,1.33661e+06,0,0,0,0,1,0,0,480,350,3630,0,0,0,0,0,0,0,0,300,-289,0,0,30
2494.61,0,0,0,0,99,4607,1.53405,0.00356004,1.53579,38,0,29,24,32,0,-2,0,0,0.1,57,3632,3860,367,143,35,614,33928,32922,108,2,68,73,1.33294e+06,0,0,0,0,1,0,210,345,366,3643,0,0,0,0,0,0,0,0,300,-311,0,0,30
2494.62,0,0,0,0,99,4603,1.53397,0.00353414,1.53603,38,0,29,24,32,0,-2,0,0,0.2,57,3632,3860,361,143,35,614,33928,32922,108,2,68,73,1.31115e+06,0,0,0,0,1,0,469,0,379,3686,0,0,0,0,0,0,0,0,300,-282,0,0,30
2494.63,0,0,0,0,99,4597,1.5339,0.00350824,1.53627,38,0,29,24,32,0,-2,0,0,0.3,57,3632,3860,361,143,35,614,33928,32922,108,2,68,73,1.31115e+06,0,0,0,0,1,361,100,0,369,3654,0,0,0,0,0,0,0,0,300,-283,0,0,30
2494.64,0,0,0,0,100,4597,1.53383,0.00348233,1.53651,38,0,29,24,32,0,-2,0,0,0.4,57,3645,3860,356,143,35,614,33928,32922,108,2,68,73,1.29762e+06,0,0,0,0,1,361,100,0,369,3654,0,0,0,0,0,0,0,0,300,-283,0,0,30
2494.65,0,0,0,0,99,4598,1.53375,0.00345643,1.53675,38,0,29,24,32,0,-2,0,0,0.5,57,3645,3864,361,143,35,614,33928,32922,108,2,68,73,1.31584e+06,0,0,0,0,1,355,0,87,350,3660,0,0,0,0,0,0,0,0,300,-271,0,0,30
2494.66,0,0,0,0,99,4601,1.53368,0.00343053,1.53699,38,0,29,24,32,0,-2,0,0,0.6,57,3645,3864,365,143,35,614,33928,32922,108,2,68,73,1.33042e+06,0,0,0,0,1,0,0,481,358,3617,0,0,0,0,0,0,0,0,300,-297,0,0,30
2494.67,0,0,0,0,99,4601,1.5336,0.00340463,1.53723,38,0,29,24,32,0,-2,0,0,0.7,57,3645,3864,365,143,35,614,33928,32922,108,2,68,73,1.33042e+06,0,0,0,0,1,0,190,335,362,3645,0,0,0,0,0,0,0,0,300,-299,0,0,30
2494.68,0,0,0,0,99,4602,1.53353,0.00337873,1.53747,38,0,29,24,32,0,-2,0,0,0.8,57,3637,3864,362,143,35,614,33928,32922,108,2,68,73,1.31659e+06,0,0,0,0,1,0,440,0,368,3690,0,0,0,0,0,0,0,0,300,-265,0,0,30
2494.69,0,0,0,0,99,4601,1.53346,0.00335282,1.53771,38,0,29,24,32,0,-2,0,0,0.9,57,3638,3864,354,143,35,614,33928,32922,108,2,68,73,1.28785e+06,0,0,0,0,1,380,47,0,366,3647,0,0,0,0,0,0,0,0,300,-274,0,0,30
2494.7,0,0,0,0,99,4601,1.53338,0.00332692,1.53795,38,0,29,24,30,0,-2,0,0,1,56,3638,3864,353,143,35,614,33901,32776,108,2,87,73,1.28421e+06,0,0,0,0,1,380,47,0,366,3647,0,0,0,0,0,0,0,0,300,-274,0,0,30
2494.71,0,0,0,0,99,4600,1.53347,0.00333973,1.53784,38,0,29,24,30,0,-2,0,0,1,56,3638,3864,353,143,35,614,33901,32776,108,2,87,73,1.28421e+06,0,0,0,0,1,369,0,140,378,3660,0,0,0,0,0,0,0,0,300,-305,0,0,30
2494.72,0,0,0,0,99,4600,1.53356,0.00335254,1.53773,38,0,29,24,30,0,-2,0,0,1,56,3631,3864,362,143,35,614,33901,32776,108,2,87,73,1.31442e+06,0,0,0,0,1,0,0,521,371,3628,0,0,0,0,0,0,0,0,300,-299,0,0,30
2494.73,0,0,0,0,100,4596,1.53365,0.00336536,1.53762,38,0,29,24,30,0,-2,0,0,1,56,3631,3864,368,143,35,614,33901,32776,108,2,87,73,1.33621e+06,0,0,0,0,1,0,202,341,371,3637,0,0,0,0,0,0,0,0,300,-316,0,0,30
2494.74,0,0,0,0,99,4600,1.53374,0.00337817,1.53751,38,0,29,24,30,0,-2,0,0,1,56,3631,3864,371,143,35,614,33901,32776,108,2,87,73,1.3471e+06,0,0,0,0,1,0,440,0,354,3690,0,0,0,0,0,0,0,0,300,-267,0,0,30
2494.75,0,0,0,0,99,4605,1.53383,0.00339098,1.53739,38,0,29,24,30,0,-2,0,0,1,56,3631,3864,371,142,35,614,33901,32776,108,2,87,73,1.3471e+06,0,0,0,0,1,370,57,0,356,3658,0,0,0,0,0,0,0,0,300,-271,0,0,30
2494.76,0,0,0,0,100,4605,1.53392,0.00340379,1.53728,38,0,29,24,30,0,-2,0,0,1,56,3642,3864,355,142,35,614,33901,32776,108,2,87,73,1.29291e+06,0,0,0,0,1,370,57,0,356,3658,0,0,0,0,0,0,0,0,300,-271,0,0,30
2494.77,0,0,0,0,100,4602,1.53401,0.0034166,1.53717,38,0,29,24,30,0,-2,0,0,1,56,3634,3864,377,142,35,614,33901,32776,108,2,87,73,1.37002e+06,0,0,0,0,1,375,0,177,378,3660,0,0,0,0,0,0,0,0,300,-323,0,0,30
2494.78,0,0,0,0,99,4598,1.5341,0.00342941,1.53706,38,0,29,24,30,0,-2,0,0,1,56,3634,3864,370,142,35,614,33901,32776,108,2,87,73,1.34458e+06,0,0,0,0,1,0,0,527,381,3625,0,0,0,0,0,0,0,0,300,-321,0,0,30
2494.79,0,0,0,0,99,4597,1.53419,0.00344223,1.53695,38,0,29,24,30,0,-2,0,0,1,56,3634,3864,370,142,35,614,33901,32776,108,2,87,73,1.34458e+06,0,0,0,0,1,0,216,361,361,3641,0,0,0,0,0,0,0,0,300,-307,0,0,30
2494.8,0,0,0,0,99,4600,1.53428,0.00345504,1.53683,38,0,29,24,30,0,-2,0,0,1,57,3638,3864,351,142,35,614,33883,32899,108,2,87,73,1.27694e+06,0,0,0,0,1,0,428,0,359,3686,0,0,0,0,0,0,0,0,300,-264,0,0,30
2494.81,0,0,0,0,99,4603,1.5343,0.00344508,1.53695,38,0,29,24,30,0,-2,0,0,0.9,57,3638,3864,352,142,35,614,33883,32899,108,2,87,73,1.28058e+06,0,0,0,0,1,399,43,0,363,3649,0,0,0,0,0,0,0,0,300,-285,0,0,30
2494.82,0,0,0,0,100,4603,1.53432,0.00343513,1.53706,38,0,29,24,30,0,-2,0,0,0.8,57,3638,3864,351,142,35,614,33883,32899,108,2,87,73,1.27694e+06,0,0,0,0,1,399,43,0,363,3649,0,0,0,0,0,0,0,0,300,-285,0,0,30
2494.83,0,0,0,0,99,4600,1.53434,0.00342517,1.53717,38,0,29,24,30,0,-2,0,0,0.7,57,3638,3864,351,142,35,614,33883,32899,108,2,87,73,1.27694e+06,0,0,0,0,1,329,0,235,380,3677,0,0,0,0,0,0,0,0,300,-314,0,0,30
2494.84,0,0,0,0,99,4597,1.53435,0.00341522,1.53728,38,0,29,24,30,0,-2,0,0,0.6,57,3640,3864,370,142,35,614,33883,32899,108,2,87,73,1.3468e+06,0,0,0,0,1,0,0,528,375,3625,0,0,0,0,0,0,0,0,300,-301,0,0,30
2494.85,0,0,0,0,99,4598,1.53437,0.00340526,1.53739,38,0,29,24,30,0,-2,0,0,0.5,57,3633,3864,368,142,35,614,33883,32899,108,2,87,73,1.33694e+06,0,0,0,0,1,0,221,329,356,3637,0,0,0,0,0,0,0,0,300,-299,0,0,30
2494.86,0,0,0,0,100,4602,1.53439,0.00339531,1.5375,38,0,29,24,30,0,-2,0,0,0.4,57,3633,3864,367,142,35,614,33883,32899,108,2,87,73,1.33331e+06,0,0,0,0,1,0,450,0,371,3666,0,0,0,0,0,0,0,0,300,-278,0,0,30
2494.87,0,0,0,0,100,4600,1.53441,0.00338535,1.53761,38,0,29,24,30,0,-2,0,0,0.3,57,3633,3864,367,142,35,614,33883,32899,108,2,87,73,1.33331e+06,0,0,0,0,1,429,26,0,375,3641,0,0,0,0,0,0,0,0,300,-299,0,0,30
2494.88,0,0,0,0,99,4600,1.53442,0.0033754,1.53773,38,0,29,24,30,0,-2,0,0,0.2,57,3642,3864,375,142,35,614,33883,32899,108,2,87,73,1.36575e+06,0,0,0,0,1,429,26,0,375,3641,0,0,0,0,0,0,0,0,300,-299,0,0,30
2494.89,0,0,0,0,99,4599,1.53444,0.00336544,1.53784,38,0,29,24,30,0,-2,0,0,0.1,57,3642,3865,366,142,35,614,33883,32899,108,2,87,73,1.33297e+06,0,0,0,0,1,361,0,169,375,3666,0,0,0,0,0,0,0,0,300,-299,0,0,30
2494.9,0,0,0,0,99,4600,1.53446,0.00335548,1.53795,38,0,29,24,31,0,-2,0,0,0,56,3642,3865,356,142,35,614,33916,32963,108,2,68,73,1.29655e+06,0,0,0,0,1,0,0,519,366,3619,0,0,0,0,0,0,0,0,300,-329,0,0,30
2494.91,0,0,0,0,99,4600,1.53441,0.00332929,1.53779,38,0,29,24,31,0,-2,0,0,0.1,56,3642,3865,356,142,35,614,33916,32963,108,2,68,73,1.29655e+06,0,0,0,0,1,0,216,322,362,3637,0,0,0,0,0,0,0,0,300,-308,0,0,30
2494.92,0,0,0,0,99,4600,1.53436,0.0033031,1.53762,38,0,29,24,31,0,-2,0,0,0.2,56,3640,3865,352,142,35,614,33916,32963,108,2,68,73,1.28128e+06,0,0,0,0,1,0,446,0,369,3682,0,0,0,0,0,0,0,0,300,-275,0,0,30
2494.93,0,0,0,0,99,4597,1.53431,0.0032769,1.53746,38,0,29,24,31,0,-2,0,0,0.3,56,3644,3865,368,142,35,614,33916,32963,108,2,68,73,1.34099e+06,0,0,0,0,1,396,41,0,372,3643,0,0,0,0,0,0,0,0,300,-283,0,0,30
2494.94,0,0,0,0,99,4597,1.53426,0.00325071,1.5373,38,0,29,24,31,0,-2,0,0,0.4,56,3644,3865,379,142,35,614,33916,32963,108,2,68,73,1.38108e+06,0,0,0,0,1,396,41,0,372,3643,0,0,0,0,0,0,0,0,300,-283,0,0,30
2494.95,0,0,0,0,99,4598,1.5342,0.00322452,1.53714,38,0,29,24,31,0,-2,0,0,0.5,56,3644,3865,379,142,35,614,33916,32963,108,2,68,73,1.38108e+06,0,0,0,0,1,355,0,118,357,3666,0,0,0,0,0,0,0,0,300,-277,0,0,30
2494.96,0,0,0,0,99,4602,1.53415,0.00319832,1.53697,38,0,29,24,31,0,-2,0,0,0.6,56,3627,3864,344,142,35,614,33916,32963,108,2,68,73,1.24769e+06,0,0,0,0,1,0,0,511,359,3628,0,0,0,0,0,0,0,0,300,-304,0,0,30
2494.97,0,0,0,0,99,4600,1.5341,0.00317213,1.53681,38,0,29,24,31,0,-2,0,0,0.7,56,3627,3864,358,142,35,614,33916,32963,108,2,68,73,1.29847e+06,0,0,0,0,1,0,216,355,375,3632,0,0,0,0,0,0,0,0,300,-313,0,0,30
2494.98,0,0,0,0,99,4596,1.53405,0.00314593,1.53665,38,0,29,24,31,0,-2,0,0,0.8,56,3627,3864,361,142,35,614,33916,32963,108,2,68,73,1.30935e+06,0,0,0,0,1,0,459,0,377,3688,0,0,0,0,0,0,0,0,300,-281,0,0,30
2494.99,0,0,0,0,99,4596,1.534,0.00311974,1.53649,38,0,29,24,31,0,-2,0,0,0.9,56,3627,3864,361,142,35,614,33916,32963,108,2,68,73,1.30935e+06,0,0,0,0,1,329,96,0,353,3660,0,0,0,0,0,0,0,0,300,-290,0,0,30
2495,0,0,0,0,99,4596,1.53395,0.00309355,1.53632,38,0,29,24,31,0,-2,0,0,1,56,3642,3864,363,142,35,614,33924,32916,108,2,66,73,1.32205e+06,0,0,0,0,1,329,96,0,353,3660,0,0,0,0,0,0,0,0,300,-290,0,0,30
2495.01,0,0,0,0,99,4599,1.53411,0.00312269,1.53676,38,0,29,24,31,0,-2,0,0,1,56,3633,3864,352,142,35,614,33924,32916,108,2,66,73,1.27882e+06,0,0,0,0,1,376,0,105,358,3665,0,0,0,0,0,0,0,0,300,-301,0,0,30
2495.02,0,0,0,0,99,4602,1.53427,0.00315184,1.53719,38,0,29,24,31,0,-2,0,0,1,56,3633,3864,362,142,35,614,33924,32916,108,2,66,73,1.31515e+06,0,0,0,0,1,0,0,489,361,3622,0,0,0,0,0,0,0,0,300,-290,0,0,30
2495.03,0,0,0,0,99,4600,1.53443,0.00318098,1.53762,38,0,29,24,31,0,-2,0,0,1,56,3633,3864,362,142,35,614,33924,32916,108,2,66,73,1.31515e+06,0,0,0,0,1,0,216,358,377,3637,0,0,0,0,0,0,0,0,300,-280,0,0,30
2495.04,0,0,0,0,99,4597,1.5346,0.00321013,1.53805,38,0,29,24,31,0,-2,0,0,1,56,3634,3864,362,142,35,614,33924,32916,108,2,66,73,1.31551e+06,0,0,0,0,1,132,336,0,374,3663,0,0,0,0,0,0,0,0,300,-278,0,0,30
2495.05,0,0,0,0,99,4597,1.53476,0.00323927,1.53849,38,0,29,24,31,0,-2,0,0,1,56,3634,3858,351,142,35,614,33924,32916,108,2,66,73,1.27553e+06,0,0,0,0,1,472,0,0,353,3654,0,0,0,0,0,0,0,0,300,-285,0,0,30
2495.06,0,0,0,0,99,4597,1.53492,0.00326842,1.53892,38,0,29,24,31,0,-2,0,0,1,56,3634,3858,347,142,35,614,33924,32916,108,2,66,73,1.261e+06,0,0,0,0,1,472,0,0,353,3654,0,0,0,0,0,0,0,0,300,-285,0,0,30
2495.07,0,0,0,0,99,4600,1.53508,0.00329756,1.53935,38,0,29,24,31,0,-2,0,0,1,56,3634,3858,347,142,35,614,33924,32916,108,2,66,73,1.261e+06,0,0,0,0,1,337,0,183,353,3688,0,0,0,0,0,0,0,0,300,-294,0,0,30
2495.08,0,0,0,0,99,4599,1.53524,0.00332671,1.53978,38,0,29,24,31,0,-2,0,0,1,56,3630,3858,381,142,35,614,33924,32916,108,2,66,73,1.38303e+06,0,0,0,0,1,0,108,355,366,3632,0,0,0,0,0,0,0,0,300,-296,0,0,30
2495.09,0,0,0,0,99,4599,1.5354,0.00335585,1.54022,38,0,29,24,31,0,-2,0,0,1,56,3630,3858,376,142,35,614,33924,32916,108,2,66,73,1.36488e+06,0,0,0,0,1,0,315,191,358,3639,0,0,0,0,0,0,0,0,300,-283,0,0,30
2495.1,0,0,0,0,100,4601,1.53557,0.00338499,1.54065,38,0,29,24,30,0,-2,0,0,1,56,3630,3858,366,142,35,614,33812,32885,108,2,61,73,1.32858e+06,0,0,0,0,1,117,340,0,358,3671,0,0,0,0,0,0,0,0,300,-273,0,0,30
2495.11,0,0,0,0,99,4600,1.53559,0.00338331,1.54065,38,0,29,24,30,0,-2,0,0,1,56,3630,3858,366,142,35,614,33812,32885,108,2,61,73,1.32858e+06,0,0,0,0,1,498,0,0,361,3658,0,0,0,0,0,0,0,0,300,-304,0,0,30
2495.12,0,0,0,0,99,4600,1.53562,0.00338163,1.54065,38,0,29,24,30,0,-2,0,0,1,56,3630,3858,355,142,35,614,33812,32885,108,2,61,73,1.28865e+06,0,0,0,0,1,498,0,0,361,3658,0,0,0,0,0,0,0,0,300,-304,0,0,30
2495.13,0,0,0,0,99,4597,1.53564,0.00337994,1.54065,38,0,29,24,30,0,-2,0,0,1,56,3630,3858,360,142,35,614,33812,32885,108,2,61,73,1.3068e+06,0,0,0,0,1,325,0,205,367,3680,0,0,0,0,0,0,0,0,300,-307,0,0,30
2495.14,0,0,0,0,99,4596,1.53567,0.00337826,1.54066,38,0,29,24,30,0,-2,0,0,1,56,3630,3858,367,142,35,614,33812,32885,108,2,61,73,1.33221e+06,0,0,0,0,1,0,0,489,377,3628,0,0,0,0,0,0,0,0,300,-298,0,0,30
2495.15,0,0,0,0,100,4597,1.53569,0.00337657,1.54066,38,0,29,24,30,0,-2,0,0,1,56,3630,3858,367,142,35,614,33812,32885,108,2,61,73,1.33221e+06,0,0,0,0,1,0,311,218,355,3632,0,0,0,0,0,0,0,0,300,-294,0,0,30
2495.16,0,0,0,0,99,4603,1.53572,0.00337489,1.54066,38,0,29,24,30,0,-2,0,0,1,56,3630,3858,350,142,35,614,33812,32885,108,2,61,73,1.2705e+06,0,0,0,0,1,114,342,0,357,3669,0,0,0,0,0,0,0,0,300,-270,0,0,30
2495.17,0,0,0,0,99,4602,1.53575,0.0033732,1.54066,38,0,29,24,30,0,-2,0,0,1,56,3630,3858,348,142,35,614,33812,32885,108,2,61,73,1.26324e+06,0,0,0,0,1,509,0,0,370,3639,0,0,0,0,0,0,0,0,300,-309,0,0,30
2495.18,0,0,0,0,100,4602,1.53577,0.00337152,1.54066,38,0,29,24,30,0,-2,0,0,1,56,3630,3858,366,142,35,614,33812,32885,108,2,61,73,1.32858e+06,0,0,0,0,1,509,0,0,370,3639,0,0,0,0,0,0,0,0,300,-309,0,0,30
2495.19,0,0,0,0,99,4596,1.5358,0.00336984,1.54066,38,0,29,24,30,0,-2,0,0,1,56,3630,3858,366,142,35,614,33812,32885,108,2,61,73,1.32858e+06,0,0,0,0,1,323,0,229,378,3680,0,0,0,0,0,0,0,0,300,-312,0,0,30
2495.2,0,0,0,0,99,4597,1.53582,0.00336815,1.54067,38,0,29,24,31,0,-2,0,0,1,57,3637,3858,370,142,35,614,33812,32885,108,2,61,73,1.34569e+06,0,0,0,0,1,0,0,505,358,3649,0,0,0,0,0,0,0,0,300,-309,0,0,30
2495.21,0,0,0,0,99,4600,1.53605,0.00337008,1.54051,38,0,29,24,31,0,-2,0,0,1,57,3637,3858,362,142,35,614,33812,32885,108,2,61,73,1.31659e+06,0,0,0,0,1,0,307,200,351,3632,0,0,0,0,0,0,0,0,300,-287,0,0,30
2495.22,0,0,0,0,99,4603,1.53628,0.003372,1.54036,38,0,29,24,31,0,-2,0,0,1,57,3637,3858,365,142,35,614,33812,32885,108,2,61,73,1.3275e+06,0,0,0,0,1,106,360,0,361,3669,0,0,0,0,0,0,0,0,300,-279,0,0,30
2495.23,0,0,0,0,99,4602,1.53651,0.00337393,1.5402,38,0,29,24,31,0,-2,0,0,1,57,3637,3858,365,142,35,614,33812,32885,108,2,61,73,1.3275e+06,0,0,0,0,1,499,0,0,367,3654,0,0,0,0,0,0,0,0,300,-301,0,0,30
2495.24,0,0,0,0,99,4602,1.53674,0.00337586,1.54005,38,0,29,24,31,0,-2,0,0,1,57,3638,3858,365,142,35,614,33812,32885,108,2,61,73,1.32787e+06,0,0,0,0,1,499,0,0,367,3654,0,0,0,0,0,0,0,0,300,-301,0,0,30
2495.25,0,0,0,0,99,4597,1.53697,0.00337778,1.5399,38,0,29,24,31,0,-2,0,0,1,57,3638,3858,359,142,35,614,33812,32885,108,2,61,73,1.30604e+06,0,0,0,0,1,329,0,199,368,3684,0,0,0,0,0,0,0,0,300,-303,0,0,30
2495.26,0,0,0,0,99,4598,1.53719,0.00337971,1.53974,38,0,29,24,31,0,-2,0,0,1,57,3635,3858,345,142,35,614,33812,32885,108,2,61,73,1.25408e+06,0,0,0,0,1,0,0,509,355,3630,0,0,0,0,0,0,0,0,300,-282,0,0,30
2495.27,0,0,0,0,99,4601,1.53742,0.00338163,1.53959,38,0,29,24,31,0,-2,0,0,1,57,3635,3858,345,142,35,614,33812,32885,108,2,61,73,1.25408e+06,0,0,0,0,1,0,305,205,349,3641,0,0,0,0,0,0,0,0,300,-278,0,0,30
2495.28,0,0,0,0,100,4600,1.53765,0.00338356,1.53944,38,0,29,24,31,0,-2,0,0,1,57,3635,3858,369,142,35,614,33812,32885,108,2,61,73,1.34132e+06,0,0,0,0,1,105,374,0,372,3658,0,0,0,0,0,0,0,0,300,-288,0,0,30
2495.29,0,0,0,0,99,4599,1.53788,0.00338549,1.53928,38,0,29,24,31,0,-2,0,0,1,57,3637,3858,374,142,35,614,33812,32885,108,2,61,73,1.36024e+06,0,0,0,0,1,480,0,0,358,3656,0,0,0,0,0,0,0,0,300,-292,0,0,30
2495.3,0,0,0,0,99,4599,1.53811,0.00338741,1.53913,38,0,29,24,31,0,-2,0,0,1,56,3637,3858,363,142,35,614,33855,33018,108,2,65,73,1.32023e+06,0,0,0,0,1,480,0,0,358,3656,0,0,0,0,0,0,0,0,300,-292,0,0,30
2495.31,0,0,0,0,99,4601,1.53791,0.00337163,1.5389,38,0,29,24,31,0,-2,0,0,1,56,3637,3858,363,142,35,614,33855,33018,108,2,65,73,1.32023e+06,0,0,0,0,1,328,0,188,358,3680,0,0,0,0,0,0,0,0,300,-304,0,0,30
2495.32,0,0,0,0,99,4601,1.53771,0.00335585,1.53868,38,0,29,24,31,0,-2,0,0,1,56,3632,3858,351,142,35,614,33855,33018,108,2,65,73,1.27483e+06,0,0,0,0,1,0,0,474,366,3628,0,0,0,0,0,0,0,0,300,-293,0,0,30
2495.33,0,0,0,0,99,4600,1.53751,0.00334007,1.53845,38,0,29,24,31,0,-2,0,0,1,56,3632,3858,355,142,35,614,33855,33018,108,2,65,73,1.28936e+06,0,0,0,0,1,0,485,0,367,3675,0,0,0,0,0,0,0,0,300,-292,0,0,30
2495.34,0,0,0,0,99,4600,1.53731,0.00332429,1.53822,38,0,29,24,31,0,-2,0,0,1,56,3632,3858,369,142,35,614,33855,33018,108,2,65,73,1.34021e+06,0,0,0,0,1,112,358,0,365,3665,0,0,0,0,0,0,0,0,300,-282,0,0,30
2495.35,0,0,0,0,99,4600,1.53711,0.0033085,1.538,38,0,29,24,31,0,-2,0,0,1,56,3632,3858,369,142,35,614,33855,33018,108,2,65,73,1.34021e+06,0,0,0,0,1,468,0,0,355,3658,0,0,0,0,0,0,0,0,300,-285,0,0,30
2495.36,0,0,0,0,99,4600,1.53691,0.00329272,1.53777,38,0,29,24,31,0,-2,0,0,1,56,3638,3858,355,142,35,614,33855,33018,108,2,65,73,1.29149e+06,0,0,0,0,1,468,0,0,355,3658,0,0,0,0,0,0,0,0,300,-285,0,0,30
2495.37,0,0,0,0,99,4604,1.53671,0.00327694,1.53754,38,0,29,24,31,0,-2,0,0,1,56,3628,3858,343,142,35,614,33855,33018,108,2,65,73,1.2444e+06,0,0,0,0,1,345,0,185,355,3686,0,0,0,0,0,0,0,0,300,-303,0,0,30
2495.38,0,0,0,0,99,4603,1.53651,0.00326116,1.53732,38,0,29,24,31,0,-2,0,0,1,56,3628,3858,344,142,35,614,33855,33018,108,2,65,73,1.24803e+06,0,0,0,0,1,0,0,460,374,3628,0,0,0,0,0,0,0,0,300,-296,0,0,30
2495.39,0,0,0,0,100,4597,1.53631,0.00324538,1.53709,38,0,29,24,31,0,-2,0,0,1,56,3628,3858,344,142,35,614,33855,33018,108,2,65,73,1.24803e+06,0,0,0,0,1,0,336,173,373,3625,0,0,0,0,0,0,0,0,300,-283,0,0,30
2495.4,0,0,0,0,99,4597,1.53611,0.0032296,1.53686,38,0,29,24,31,0,-2,0,0,1,56,3638,3854,354,142,35,614,33809,32825,108,2,68,73,1.28785e+06,0,0,0,0,1,117,352,0,357,3658,0,0,0,0,0,0,0,0,300,-280,0,0,30
2495.41,0,0,0,0,99,4601,1.53611,0.00321491,1.53715,38,0,29,24,31,0,-2,0,0,1,56,3638,3854,357,142,35,614,33809,32825,108,2,68,73,1.29877e+06,0,0,0,0,1,476,0,0,355,3649,0,0,0,0,0,0,0,0,300,-289,0,0,30
2495.42,0,0,0,0,99,4601,1.53611,0.00320023,1.53744,38,0,29,24,31,0,-2,0,0,1,56,3638,3854,350,142,35,614,33809,32825,108,2,68,73,1.2733e+06,0,0,0,0,1,476,0,0,355,3649,0,0,0,0,0,0,0,0,300,-289,0,0,30
2495.43,0,0,0,0,99,4603,1.5361,0.00318554,1.53772,38,0,29,24,31,0,-2,0,0,1,56,3638,3854,350,142,35,614,33809,32825,108,2,68,73,1.2733e+06,0,0,0,0,1,355,0,193,365,3690,0,0,0,0,0,0,0,0,300,-308,0,0,30
2495.44,0,0,0,0,99,4602,1.5361,0.00317086,1.53801,38,0,29,24,31,0,-2,0,0,1,56,3636,3854,361,142,35,614,33809,32825,108,2,68,73,1.3126e+06,0,0,0,0,1,0,0,466,380,3619,0,0,0,0,0,0,0,0,300,-290,0,0,30
2495.45,0,0,0,0,99,4599,1.5361,0.00315617,1.5383,38,0,29,24,31,0,-2,0,0,1,56,3636,3854,373,142,35,614,33809,32825,108,2,68,73,1.35623e+06,0,0,0,0,1,0,374,103,371,3632,0,0,0,0,0,0,0,0,300,-284,0,0,30
2495.46,0,0,0,0,99,4598,1.5361,0.00314149,1.53859,38,0,29,24,31,0,-2,0,0,1,56,3636,3854,362,142,35,614,33809,32825,108,2,68,73,1.31623e+06,0,0,0,0,1,147,331,0,366,3665,0,0,0,0,0,0,0,0,300,-282,0,0,30
2495.47,0,0,0,0,99,4602,1.5361,0.0031268,1.53887,38,0,29,24,31,0,-2,0,0,1,56,3636,3854,362,142,35,614,33809,32825,108,2,68,73,1.31623e+06,0,0,0,0,1,519,0,0,361,3651,0,0,0,0,0,0,0,0,300,-309,0,0,30
2495.48,0,0,0,0,99,4602,1.5361,0.00311212,1.53916,38,0,29,24,31,0,-2,0,0,1,56,3640,3855,355,142,35,614,33809,32825,108,2,68,73,1.2922e+06,0,0,0,0,1,519,0,0,361,3651,0,0,0,0,0,0,0,0,300,-309,0,0,30
2495.49,0,0,0,0,99,4600,1.5361,0.00309743,1.53945,38,0,29,24,31,0,-2,0,0,1,56,3640,3855,365,142,35,614,33809,32825,108,2,68,73,1.3286e+06,0,0,0,0,1,349,0,226,376,3682,0,0,0,0,0,0,0,0,300,-303,0,0,30
2495.5,0,0,0,0,99,4600,1.5361,0.00308275,1.53974,38,0,29,24,31,0,-2,0,0,1,57,3640,3855,368,142,35,614,33892,32901,108,2,65,73,1.33952e+06,0,0,0,0,1,0,0,451,369,3628,0,0,0,0,0,0,0,0,300,-314,0,0,30
2495.51,0,0,0,0,99,4602,1.53585,0.00310069,1.53974,38,0,29,24,31,0,-2,0,0,1,57,3640,3855,368,142,35,614,33892,32901,108,2,65,73,1.33952e+06,0,0,0,0,1,0,393,58,361,3634,0,0,0,0,0,0,0,0,300,-299,0,0,30
2495.52,0,0,0,0,99,4603,1.53561,0.00311863,1.53974,38,0,29,24,31,0,-2,0,0,1,57,3633,3855,353,142,35,614,33892,32901,108,2,65,73,1.28245e+06,0,0,0,0,1,183,340,0,372,3658,0,0,0,0,0,0,0,0,300,-330,0,0,30
2495.53,0,0,0,0,99,4600,1.53536,0.00313656,1.53974,38,0,29,24,31,0,-2,0,0,1,57,3639,3855,356,142,35,614,33892,32901,108,2,65,73,1.29548e+06,0,0,0,0,1,577,0,0,375,3634,0,0,0,0,0,0,0,0,300,-302,0,0,30
2495.54,0,0,0,0,99,4600,1.53512,0.0031545,1.53974,38,0,29,24,31,0,-2,0,0,1,57,3639,3855,357,142,35,614,33892,32901,108,2,65,73,1.29912e+06,0,0,0,0,1,577,0,0,375,3634,0,0,0,0,0,0,0,0,300,-302,0,0,30
2495.55,0,0,0,0,99,4599,1.53488,0.00317244,1.53974,38,0,29,24,31,0,-2,0,0,1,57,3639,3855,357,142,35,614,33892,32901,108,2,65,73,1.29912e+06,0,0,0,0,1,308,0,220,366,3641,0,0,0,0,0,0,0,0,300,-268,0,0,30
2495.56,0,0,0,0,99,4600,1.53463,0.00319038,1.53974,38,0,29,24,31,0,-2,0,0,1,57,3637,3859,366,142,35,614,33892,32901,108,2,65,73,1.33114e+06,0,0,0,0,1,0,169,357,366,3619,0,0,0,0,0,0,0,0,300,-326,0,0,30
2495.57,0,0,0,0,99,4604,1.53439,0.00320832,1.53974,38,0,29,24,31,0,-2,0,0,1,57,3637,3859,363,142,35,614,33892,32901,108,2,65,73,1.32023e+06,0,0,0,0,1,0,536,0,356,3686,0,0,0,0,0,0,0,0,300,-313,0,0,30
2495.58,0,0,0,0,99,4604,1.53415,0.00322626,1.53974,38,0,29,24,31,0,-2,0,0,1,57,3637,3859,354,142,35,614,33892,32901,108,2,65,73,1.2875e+06,0,0,0,0,1,499,0,0,373,3637,0,0,0,0,0,0,0,0,300,-318,0,0,30
2495.59,0,0,0,0,99,4597,1.5339,0.0032442,1.53974,38,0,29,24,31,0,-2,0,0,1,57,3637,3859,354,142,35,614,33892,32901,108,2,65,73,1.2875e+06,0,0,0,0,1,439,0,11,379,3647,0,0,0,0,0,0,0,0,300,-303,0,0,30
2495.6,0,0,0,0,99,4597,1.53366,0.00326214,1.53974,38,0,29,24,31,0,-2,0,0,1,57,3637,3859,366,142,35,614,33895,32793,108,2,65,73,1.33114e+06,0,0,0,0,1,439,0,11,379,3647,0,0,0,0,0,0,0,0,300,-303,0,0,30
2495.61,0,0,0,0,99,4596,1.53383,0.00326101,1.53958,38,0,29,24,31,0,-2,0,0,0.9,57,3640,3859,356,142,35,614,33895,32793,108,2,65,73,1.29584e+06,0,0,0,0,1,0,0,421,366,3630,0,0,0,0,0,0,0,0,300,-287,0,0,30
2495.62,0,0,0,0,99,4603,1.534,0.00325988,1.53941,38,0,29,24,31,0,-2,0,0,0.8,57,3640,3859,351,142,35,614,33895,32793,108,2,65,73,1.27764e+06,0,0,0,0,1,0,237,353,364,3617,0,0,0,0,0,0,0,0,300,-346,0,0,30
2495.63,0,0,0,0,99,4604,1.53417,0.00325875,1.53925,38,0,29,24,31,0,-2,0,0,0.7,57,3640,3859,351,142,35,614,33895,32793,108,2,65,73,1.27764e+06,0,0,0,0,1,0,506,0,364,3690,0,0,0,0,0,0,0,0,300,-297,0,0,30
2495.64,0,0,0,0,99,4602,1.53434,0.00325762,1.53909,38,0,29,24,31,0,-2,0,0,0.6,57,3639,3859,364,142,35,614,33895,32793,108,2,65,73,1.3246e+06,0,0,0,0,1,349,166,0,376,3630,0,0,0,0,0,0,0,0,300,-307,0,0,30
2495.65,0,0,0,0,99,4599,1.53451,0.00325649,1.53893,38,0,29,24,31,0,-2,0,0,0.5,57,3639,3859,362,142,35,614,33895,32793,108,2,65,73,1.31732e+06,0,0,0,0,1,398,0,91,364,3649,0,0,0,0,0,0,0,0,300,-291,0,0,30
2495.66,0,0,0,0,98,4599,1.53468,0.00325536,1.53877,38,0,29,24,31,0,-2,0,0,0.4,57,3639,3859,367,142,35,614,33895,32793,108,2,65,73,1.33551e+06,0,0,0,0,1,398,0,91,364,3649,0,0,0,0,0,0,0,0,300,-291,0,0,30
2495.67,0,0,0,0,98,4597,1.53485,0.00325423,1.53861,38,0,29,24,31,0,-2,0,0,0.3,57,3639,3859,367,142,35,614,33895,32793,108,2,65,73,1.33551e+06,0,0,0,0,1,0,0,478,358,3625,0,0,0,0,0,0,0,0,300,-284,0,0,30
2495.68,0,0,0,0,97,4601,1.53502,0.0032531,1.53844,38,0,29,24,31,0,-2,0,0,0.2,57,3632,3859,360,142,35,614,33895,32793,108,2,65,73,1.30752e+06,0,0,0,0,1,0,239,304,355,3624,0,0,0,0,0,0,0,0,300,-340,0,0,30
2495.69,0,0,0,0,95,4600,1.53519,0.00325197,1.53828,38,0,29,24,31,0,-2,0,0,0.1,57,3640,3859,365,143,35,614,33895,32793,108,2,65,73,1.3286e+06,0,0,0,0,1,0,491,0,366,3690,0,0,0,0,0,0,0,0,300,-288,0,0,30
2495.7,0,0,0,0,94,4599,1.53536,0.00325084,1.53812,38,0,29,24,30,0,-2,0,0,0,57,3640,3859,373,143,35,614,33862,32704,108,2,65,73,1.35772e+06,0,0,0,0,1,341,175,0,363,3641,0,0,0,0,0,0,0,0,300,-306,0,0,30
2495.71,0,0,0,0,93,4601,1.53521,0.00325112,1.53795,38,0,29,24,30,0,-2,0,0,0,57,3640,3859,373,143,35,614,33862,32704,108,2,65,73,1.35772e+06,0,0,0,0,1,361,0,68,357,3649,0,0,0,0,0,0,0,0,300,-275,0,0,30
2495.72,0,0,0,0,91,4601,1.53505,0.00325139,1.53777,38,0,29,24,30,0,-2,0,0,0,57,3627,3859,344,143,35,614,33862,32704,108,2,65,73,1.24769e+06,0,0,0,0,1,361,0,68,357,3649,0,0,0,0,0,0,0,0,300,-275,0,0,30
2495.73,0,0,0,0,90,4601,1.53489,0.00325167,1.5376,38,0,29,24,30,0,-2,0,0,0,57,3627,3859,344,143,35,614,33862,32704,108,2,65,73,1.24769e+06,0,0,0,0,1,0,0,509,363,3630,0,0,0,0,0,0,0,0,300,-267,0,0,30
2495.74,0,0,0,0,89,4597,1.53474,0.00325194,1.53743,38,0,29,24,30,0,-2,0,0,0,57,3627,3859,351,143,35,614,33862,32704,108,2,65,73,1.27308e+06,0,0,0,0,1,0,239,317,375,3632,0,0,0,0,0,0,0,0,300,-326,0,0,30
2495.75,0,0,0,0,87,4596,1.53458,0.00325222,1.53725,38,0,29,24,30,0,-2,0,0,0,57,3627,3859,351,143,35,614,33862,32704,108,2,65,73,1.27308e+06,0,0,0,0,1,0,522,0,363,3688,0,0,0,0,0,0,0,0,300,-306,0,0,29
2495.76,0,0,0,0,86,4597,1.53442,0.00325249,1.53708,38,0,29,24,30,0,-2,0,0,0,57,3638,3859,364,143,35,614,33862,32704,108,2,65,73,1.32423e+06,0,0,0,0,1,323,186,0,353,3639,0,0,0,0,0,0,0,0,290,-302,0,0,29
2495.77,0,0,0,0,85,4600,1.53427,0.00325277,1.53691,38,0,29,24,30,0,-2,0,0,0,57,3627,3859,360,143,35,614,33862,32704,108,2,65,73,1.30572e+06,0,0,0,0,1,410,0,0,345,3654,0,0,0,0,0,0,0,0,290,-276,0,0,28
2495.78,0,0,0,0,84,4600,1.53411,0.00325305,1.53673,38,0,29,24,30,0,-2,0,0,0,57,3627,3859,355,143,35,614,33862,32704,108,2,65,73,1.28758e+06,0,0,0,0,1,410,0,0,345,3654,0,0,0,0,0,0,0,0,290,-276,0,0,28
2495.79,0,0,0,0,83,4599,1.53395,0.00325332,1.53656,38,0,29,24,30,0,-2,0,0,0,57,3627,3859,355,143,35,614,33862,32704,108,2,65,73,1.28758e+06,0,0,0,0,1,0,0,495,347,3624,0,0,0,0,0,0,0,0,280,-280,0,0,28
2495.8,0,0,0,0,82,4592,1.5338,0.0032536,1.53638,38,0,29,24,31,0,-2,0,0,0,57,3633,3857,373,143,35,614,33785,32776,108,2,68,73,1.35511e+06,0,0,0,0,1,0,175,345,361,3630,0,0,0,0,0,0,0,0,280,-317,0,0,27
2495.81,0,0,0,0,81,4589,1.53354,0.00324001,1.53628,38,0,29,24,31,0,-2,0,0,0,57,3633,3857,362,143,35,614,33785,32776,108,2,68,73,1.31515e+06,0,0,0,0,1,0,427,0,327,3699,0,0,0,0,0,0,0,0,270,-257,0,0,27
2495.82,0,0,0,0,80,4593,1.53329,0.00322643,1.53617,38,0,29,24,31,0,-2,0,0,0,57,3633,3857,360,143,35,614,33785,32776,108,2,68,73,1.30788e+06,0,0,0,0,1,200,272,0,312,3665,0,0,0,0,0,0,0,0,270,-278,0,0,27
2495.83,0,0,0,0,79,4593,1.53304,0.00321284,1.53607,38,0,29,24,31,0,-2,0,0,0,57,3633,3857,360,143,35,614,33785,32776,108,2,68,73,1.30788e+06,0,0,0,0,1,413,0,0,325,3663,0,0,0,0,0,0,0,0,270,-270,0,0,26
2495.84,0,0,0,0,77,4592,1.53279,0.00319925,1.53596,38,0,29,24,31,0,-2,0,0,0,57,3632,3857,371,143,35,614,33785,32776,108,2,68,73,1.34747e+06,0,0,0,0,1,413,0,0,325,3663,0,0,0,0,0,0,0,0,270,-270,0,0,26
2495.85,0,0,0,0,76,4589,1.53254,0.00318567,1.53586,38,0,29,24,31,0,-2,0,0,0,57,3637,3857,373,143,35,614,33785,32776,108,2,68,73,1.3566e+06,0,0,0,0,1,316,0,185,325,3708,0,0,0,0,0,0,0,0,260,-262,0,0,25
2495.86,0,0,0,0,75,4585,1.53228,0.00317208,1.53575,38,0,29,24,31,0,-2,0,0,0,57,3637,3857,358,143,35,614,33785,32776,108,2,68,73,1.30205e+06,0,0,0,0,1,0,0,431,314,3643,0,0,0,0,0,0,0,0,260,-277,0,0,25
2495.87,0,0,0,0,74,4579,1.53203,0.0031585,1.53565,38,0,29,24,31,0,-2,0,0,0,57,3637,3857,358,143,35,614,33785,32776,108,2,68,73,1.30205e+06,0,0,0,0,1,0,180,290,303,3658,0,0,0,0,0,0,0,0,250,-252,0,0,25
2495.88,0,0,0,0,73,4578,1.53178,0.00314491,1.53554,38,0,29,24,31,0,-2,0,0,0,57,3636,3857,359,143,35,614,33785,32776,108,2,68,73,1.30532e+06,0,0,0,0,1,0,451,0,298,3716,0,0,0,0,0,0,0,0,250,-264,0,0,24
2495.89,0,0,0,0,72,4576,1.53153,0.00313133,1.53544,38,0,29,24,31,0,-2,0,0,0,57,3636,3857,374,143,35,614,33785,32776,108,2,68,73,1.35986e+06,0,0,0,0,1,197,239,0,295,3680,0,0,0,0,0,0,0,0,240,-255,0,0,24
2495.9,0,0,0,0,71,4576,1.53128,0.00311774,1.53533,38,0,29,24,31,0,-2,0,0,0,57,3636,3857,376,143,35,614,33874,32907,108,2,87,73,1.36714e+06,0,0,0,0,1,197,239,0,295,3680,0,0,0,0,0,0,0,0,240,-255,0,0,24
2495.91,0,0,0,0,70,4571,1.53147,0.00309814,1.53524,38,0,29,24,31,0,-2,0,0,0,57,3636,3857,376,143,35,614,33874,32907,108,2,87,73,1.36714e+06,0,0,0,0,1,402,0,0,292,3680,0,0,0,0,0,0,0,0,240,-239,0,0,23
2495.92,0,0,0,0,69,4571,1.53167,0.00307853,1.53515,38,0,29,24,31,0,-2,0,0,0,57,3640,3857,364,143,35,614,33874,32907,108,2,87,73,1.32496e+06,0,0,0,0,1,282,0,101,287,3682,0,0,0,0,0,0,0,0,240,-233,0,0,23
2495.93,0,0,0,0,68,4569,1.53186,0.00305892,1.53506,38,0,29,24,31,0,-2,0,0,0,57,3637,3857,358,143,35,614,33874,32907,108,2,87,73,1.30205e+06,0,0,0,0,1,42,0,312,282,3665,0,0,0,0,0,0,0,0,229,-212,0,0,23
2495.94,0,0,0,0,67,4561,1.53206,0.00303932,1.53497,38,0,29,24,31,0,-2,0,0,0,57,3637,3861,364,143,35,614,33874,32907,108,2,87,73,1.32387e+06,0,0,0,0,1,0,0,378,290,3649,0,0,0,0,0,0,0,0,229,-240,0,0,22
2495.95,0,0,0,0,66,4552,1.53225,0.00301971,1.53488,38,0,29,24,31,0,-2,0,0,0,57,3637,3861,364,143,35,614,33874,32907,108,2,87,73,1.32387e+06,0,0,0,0,1,0,243,214,268,3671,0,0,0,0,0,0,0,0,219,-228,0,0,22
2495.96,0,0,0,0,64,4552,1.53245,0.0030001,1.53479,38,0,29,24,31,0,-2,0,0,0,57,3641,3861,368,143,35,614,33874,32907,108,2,87,73,1.33989e+06,0,0,0,0,1,0,243,214,268,3671,0,0,0,0,0,0,0,0,219,-228,0,0,21
2495.97,0,0,0,0,63,4550,1.53264,0.0029805,1.53471,38,0,29,24,31,0,-2,0,0,0,57,3641,3861,369,143,35,614,33874,32907,108,2,87,73,1.34353e+06,0,0,0,0,1,0,260,68,257,3675,0,0,0,0,0,0,0,0,219,-213,0,0,21
2495.98,0,0,0,0,62,4549,1.53284,0.00296089,1.53462,38,0,29,24,31,0,-2,0,0,0,57,3641,3861,358,143,35,614,33874,32907,108,2,87,73,1.30348e+06,0,0,0,0,1,0,342,0,239,3740,0,0,0,0,0,0,0,0,209,-200,0,0,21
2495.99,0,0,0,0,61,4547,1.53303,0.00294128,1.53453,38,0,29,24,31,0,-2,0,0,0,57,3641,3861,358,143,35,614,33874,32907,108,2,87,73,1.30348e+06,0,0,0,0,1,117,205,0,245,3708,0,0,0,0,0,0,0,0,209,-185,0,0,20
2496,0,0,0,0,60,4539,1.53323,0.00292168,1.53444,38,0,29,24,31,0,-2,0,0,0,57,3635,3861,371,142,35,614,33851,32807,108,2,68,73,1.34858e+06,0,0,0,0,1,208,216,0,252,3684,0,0,0,0,0,0,0,0,199,-247,0,0,20
2496.01,0,0,0,0,59,4531,1.53316,0.00290176,1.53425,38,0,29,24,31,0,-2,0,0,0,57,3641,3861,375,142,35,614,33851,32807,108,2,68,73,1.36538e+06,0,0,0,0,1,259,40,0,244,3688,0,0,0,0,0,0,0,0,199,-206,0,0,20
2496.02,0,0,0,0,58,4531,1.53309,0.00288184,1.53406,38,0,29,24,31,0,-2,0,0,0,57,3641,3861,362,142,35,614,33851,32807,108,2,68,73,1.31804e+06,0,0,0,0,1,259,40,0,244,3688,0,0,0,0,0,0,0,0,199,-206,0,0,19
2496.03,0,0,0,0,57,4528,1.53302,0.00286192,1.53387,38,0,29,24,31,0,-2,0,0,0,57,3641,3861,362,142,35,614,33851,32807,108,2,68,73,1.31804e+06,0,0,0,0,1,325,0,0,227,3699,0,0,0,0,0,0,0,0,199,-187,0,0,19
2496.04,0,0,0,0,56,4524,1.53296,0.002842,1.53367,38,0,29,24,31,0,-2,0,0,0,57,3641,3861,365,142,35,614,33851,32807,108,2,68,73,1.32896e+06,0,0,0,0,1,358,0,0,229,3699,0,0,0,0,0,0,0,0,189,-190,0,0,19
2496.05,0,0,0,0,55,4517,1.53289,0.00282208,1.53348,38,0,29,24,31,0,-2,0,0,0,57,3641,3861,378,142,35,614,33851,32807,108,2,68,73,1.3763e+06,0,0,0,0,1,287,0,0,227,3695,0,0,0,0,0,0,0,0,189,-191,0,0,18
2496.06,0,0,0,0,54,4511,1.53282,0.00280216,1.53329,38,0,29,24,31,0,-2,0,0,0,57,3641,3861,372,142,35,614,33851,32807,108,2,68,73,1.35445e+06,0,0,0,0,1,240,0,42,217,3721,0,0,0,0,0,0,0,0,179,-192,0,0,18
2496.07,0,0,0,0,53,4506,1.53275,0.00278224,1.5331,38,0,29,24,31,0,-2,0,0,0,57,3641,3861,372,142,35,614,33851,32807,108,2,68,73,1.35445e+06,0,0,0,0,1,164,0,169,210,3731,0,0,0,0,0,0,0,0,179,-196,0,0,18
2496.08,0,0,0,0,52,4506,1.53269,0.00276232,1.53291,38,0,29,24,31,0,-2,0,0,0,57,3634,3861,351,142,35,614,33851,32807,108,2,68,73,1.27553e+06,0,0,0,0,1,164,0,169,210,3731,0,0,0,0,0,0,0,0,179,-196,0,0,17
2496.09,0,0,0,0,51,4501,1.53262,0.0027424,1.53272,38,0,29,24,31,0,-2,0,0,0,57,3634,3861,353,142,35,614,33851,32807,108,2,68,73,1.2828e+06,0,0,0,0,1,123,0,177,203,3738,0,0,0,0,0,0,0,0,179,-163,0,0,17
2496.1,0,0,0,0,50,4496,1.53255,0.00272248,1.53253,38,0,29,24,31,0,-2,0,0,0,57,3642,3861,348,142,35,614,33873,32760,108,2,65,73,1.26742e+06,0,0,0,0,1,167,0,158,205,3727,0,0,0,0,0,0,0,0,169,-191,0,0,17
2496.11,0,0,0,0,50,4485,1.53269,0.00271442,1.53242,38,0,29,24,31,0,-2,0,0,0,57,3642,3861,348,140,35,614,33873,32760,108,2,65,73,1.26742e+06,0,0,0,0,1,188,0,132,207,3716,0,0,0,0,0,0,0,0,169,-173,0,0,17
2496.12,0,0,0,0,49,4481,1.53283,0.00270636,1.53231,38,0,29,24,31,0,-2,0,0,0,57,3642,3861,324,140,35,614,33873,32760,108,2,65,73,1.18001e+06,0,0,0,0,1,187,0,44,184,3716,0,0,0,0,0,0,0,0,169,-148,0,0,16
2496.13,0,0,0,0,48,4479,1.53297,0.0026983,1.53219,38,0,29,24,31,0,-2,0,0,0,57,3640,3861,301,140,35,614,33873,32760,108,2,65,73,1.09564e+06,0,0,0,0,1,220,0,0,183,3716,0,0,0,0,0,0,0,0,159,-135,0,0,16
2496.14,0,0,0,0,47,4479,1.53311,0.00269024,1.53208,38,0,29,24,31,0,-2,0,0,0,57,3640,3861,319,140,35,614,33873,32760,108,2,65,73,1.16116e+06,0,0,0,0,1,220,0,0,183,3716,0,0,0,0,0,0,0,0,159,-135,0,0,16
2496.15,0,0,0,0,47,4472,1.53324,0.00268217,1.53197,38,0,29,24,31,0,-2,0,0,0,57,3640,3861,319,140,35,614,33873,32760,108,2,65,73,1.16116e+06,0,0,0,0,1,255,0,0,191,3710,0,0,0,0,0,0,0,0,159,-188,0,0,16
2496.16,0,0,0,0,46,4461,1.53338,0.00267411,1.53186,38,0,29,24,31,0,-2,0,0,0,57,3655,3861,322,140,35,614,33873,32760,108,2,65,73,1.17691e+06,0,0,0,0,1,232,12,0,193,3714,0,0,0,0,0,0,0,0,159,-161,0,0,15
2496.17,0,0,0,0,45,4456,1.53352,0.00266605,1.53174,38,0,29,24,31,0,-2,0,0,0,57,3655,3861,308,140,35,614,33873,32760,108,2,65,73,1.12574e+06,0,0,0,0,1,164,122,0,180,3721,0,0,0,0,0,0,0,0,150,-167,0,0,15
2496.18,0,0,0,0,44,4450,1.53366,0.00265799,1.53163,38,0,29,24,31,0,-2,0,0,0,57,3654,3861,314,140,35,614,33873,32760,108,2,65,73,1.14736e+06,0,0,0,0,1,11,194,0,172,3747,0,0,0,0,0,0,0,0,150,-133,0,0,15
2496.19,0,0,0,0,44,4446,1.5338,0.00264993,1.53152,38,0,29,24,31,0,-2,0,0,0,57,3654,3861,314,140,35,614,33873,32760,108,2,65,73,1.14736e+06,0,0,0,0,1,0,251,0,166,3740,0,0,0,0,0,0,0,0,150,-147,0,0,15
2496.2,0,0,0,0,43,4446,1.53394,0.00264187,1.53141,38,0,29,24,30,0,-2,0,0,0,57,3654,3862,289,140,35,614,34009,33202,108,2,68,73,1.05601e+06,0,0,0,0,1,0,251,0,166,3740,0,0,0,0,0,0,0,0,150,-147,0,0,14
2496.21,0,0,0,0,42,4439,1.53391,0.00259792,1.53178,38,0,29,24,30,0,-2,0,0,0.1,57,3656,3862,288,140,35,614,34009,33202,108,2,68,73,1.05293e+06,0,0,0,0,1,0,149,134,180,3695,0,0,0,0,0,0,0,0,150,-175,0,0,14
2496.22,0,0,0,0,41,4428,1.53389,0.00255397,1.53215,38,0,29,24,30,0,-2,0,0,0.2,57,3656,3862,282,140,35,614,34009,33202,108,2,68,73,1.03099e+06,0,0,0,0,1,0,0,251,166,3708,0,0,0,0,0,0,0,0,140,-163,0,0,14
2496.23,0,0,0,0,40,4422,1.53387,0.00251002,1.53251,38,0,29,24,30,0,-2,0,0,0.3,57,3656,3862,282,140,35,614,34009,33202,108,2,68,73,1.03099e+06,0,0,0,0,1,117,0,120,153,3764,0,0,0,0,0,0,0,0,140,-134,0,0,13
2496.24,0,0,0,0,39,4418,1.53384,0.00246607,1.53288,38,0,29,24,30,0,-2,0,0,0.4,57,3663,3862,276,140,35,614,34009,33202,108,2,68,73,1.01099e+06,0,0,0,0,1,200,0,0,148,3729,0,0,0,0,0,0,0,0,130,-120,0,0,13
2496.25,0,0,0,0,38,4409,1.53382,0.00242212,1.53325,38,0,29,24,30,0,-2,0,0,0.5,57,3663,3862,279,140,35,614,34009,33202,108,2,68,73,1.02198e+06,0,0,0,0,1,118,131,0,156,3723,0,0,0,0,0,0,0,0,130,-143,0,0,13
2496.26,0,0,0,0,37,4409,1.5338,0.00237817,1.53362,38,0,29,24,30,0,-2,0,0,0.6,57,3665,3862,278,140,35,614,34009,33202,108,2,68,73,1.01887e+06,0,0,0,0,1,118,131,0,156,3723,0,0,0,0,0,0,0,0,130,-143,0,0,12
2496.27,0,0,0,0,37,4400,1.53377,0.00233422,1.53399,38,0,29,24,30,0,-2,0,0,0.7,57,3665,3862,278,140,35,614,34009,33202,108,2,68,73,1.01887e+06,0,0,0,0,1,0,254,0,157,3766,0,0,0,0,0,0,0,0,130,-149,0,0,12
2496.28,0,0,0,0,36,4392,1.53375,0.00229027,1.53436,38,0,29,24,30,0,-2,0,0,0.8,57,3665,3852,242,140,35,614,34009,33202,108,2,68,73,886930,0,0,0,0,1,0,90,134,137,3716,0,0,0,0,0,0,0,0,120,-118,0,0,12
2496.29,0,0,0,0,35,4387,1.53372,0.00224632,1.53473,38,0,29,24,30,0,-2,0,0,0.9,57,3670,3852,233,140,35,614,34009,33202,108,2,68,73,855110,0,0,0,0,1,48,0,132,132,3762,0,0,0,0,0,0,0,0,120,-120,0,0,12
2496.3,0,0,0,0,34,4380,1.5337,0.00220237,1.5351,38,0,29,24,31,0,-2,0,0,1,57,3670,3852,238,140,35,614,34138,33303,108,2,66,73,873460,0,0,0,0,1,210,0,0,131,3742,0,0,0,0,0,0,0,0,120,-123,0,0,11
2496.31,0,0,0,0,33,4372,1.53329,0.00217556,1.5354,38,0,29,24,31,0,-2,0,0,0.9,57,3670,3852,238,139,35,614,34138,33303,108,2,66,73,873460,0,0,0,0,1,11,141,0,136,3768,0,0,0,0,0,0,0,0,110,-98,0,0,11
2496.32,0,0,0,0,31,4372,1.53289,0.00214875,1.5357,38,0,29,24,31,0,-2,0,0,0.8,57,3680,3852,244,139,35,614,34138,33303,108,2,66,73,897920,0,0,0,0,1,11,141,0,136,3768,0,0,0,0,0,0,0,0,110,-98,0,0,10
2496.33,0,0,0,0,30,4359,1.53248,0.00212193,1.53601,38,0,29,24,31,0,-2,0,0,0.7,57,3680,3852,224,139,35,614,34138,33303,108,2,66,73,824320,0,0,0,0,1,0,88,112,139,3718,0,0,0,0,0,0,0,0,110,-130,0,0,10
2496.34,0,0,0,0,29,4352,1.53207,0.00209512,1.53631,38,0,29,24,31,0,-2,0,0,0.6,57,3679,3852,218,139,35,614,34138,33303,108,2,66,73,802022,0,0,0,0,1,87,0,112,107,3770,0,0,0,0,0,0,0,0,100,-79,0,0,10
2496.35,0,0,0,0,28,4346,1.53166,0.00206831,1.53662,38,0,29,24,31,0,-2,0,0,0.5,57,3679,3852,218,139,35,614,34138,33303,108,2,66,73,802022,0,0,0,0,1,83,102,0,112,3747,0,0,0,0,0,0,0,0,100,-107,0,0,9
2496.36,0,0,0,0,26,4338,1.53126,0.0020415,1.53692,38,0,29,24,31,0,-2,0,0,0.4,57,3679,3837,220,139,35,614,34138,33303,108,2,66,73,809380,0,0,0,0,1,0,65,120,112,3718,0,0,0,0,0,0,0,0,90,-125,0,0,9
2496.37,0,0,0,0,25,4325,1.53085,0.00201469,1.53723,38,0,29,24,31,0,-2,0,0,0.3,57,3686,3837,212,139,35,614,34138,33303,108,2,66,73,781432,0,0,0,0,1,93,0,91,108,3774,0,0,0,0,0,0,0,0,90,-101,0,0,8
2496.38,0,0,0,0,24,4325,1.53044,0.00198787,1.53753,38,0,29,24,31,0,-2,0,0,0.2,57,3686,3837,204,139,35,614,34138,33303,108,2,66,73,751944,0,0,0,0,1,93,0,91,108,3774,0,0,0,0,0,0,0,0,90,-101,0,0,8
2496.39,0,0,0,0,23,4316,1.53004,0.00196106,1.53783,38,0,29,24,31,0,-2,0,0,0.1,57,3686,3837,204,139,35,614,34138,33303,108,2,66,73,751944,0,0,0,0,1,103,69,0,96,3755,0,0,0,0,0,0,0,0,80,-99,0,0,8
2496.4,0,0,0,0,22,4309,1.52963,0.00193425,1.53814,38,0,29,24,31,0,-2,0,0,0,57,3688,3837,192,139,35,614,34315,33531,109,2,65,73,708096,0,0,0,0,1,0,0,140,94,3742,0,0,0,0,0,0,0,0,80,-84,0,0,7
2496.41,0,0,0,0,21,4303,1.52985,0.0018987,1.53862,38,0,29,24,31,0,-2,0,0,0,57,3688,3837,188,139,35,614,34315,33531,109,2,65,73,693344,0,0,0,0,1,136,0,0,88,3755,0,0,0,0,0,0,0,0,69,-75,0,0,7
2496.42,0,0,0,0,20,4294,1.53006,0.00186314,1.5391,38,0,29,24,31,0,-2,0,0,0,57,3696,3837,199,138,35,614,34315,33531,109,2,65,73,735504,0,0,0,0,1,0,149,0,87,3768,0,0,0,0,0,0,0,0,69,-89,0,0,7
2496.43,0,0,0,0,19,4282,1.53028,0.00182758,1.53958,38,0,29,24,31,0,-2,0,0,0,57,3696,3837,199,138,35,614,34315,33531,109,2,65,73,735504,0,0,0,0,1,85,0,73,88,3785,0,0,0,0,0,0,0,0,69,-96,0,0,6
2496.44,0,0,0,0,18,4282,1.5305,0.00179203,1.54006,38,0,29,24,31,0,-2,0,0,0,57,3696,3837,176,138,35,614,34315,33531,109,2,65,73,650496,0,0,0,0,1,85,0,73,88,3785,0,0,0,0,0,0,0,0,69,-96,0,0,6
2496.45,0,0,0,0,16,4272,1.53072,0.00175647,1.54054,38,0,29,24,31,0,-2,0,0,0,57,3697,3837,171,138,35,614,34315,33531,109,2,65,73,632187,0,0,0,0,1,0,87,0,82,3785,0,0,0,0,0,0,0,0,59,-51,0,0,5
2496.46,0,0,0,0,15,4264,1.53093,0.00172092,1.54103,38,0,29,24,31,0,-2,0,0,0,57,3697,3837,175,138,35,614,34315,33531,109,2,65,73,646975,0,0,0,0,1,15,0,118,73,3757,0,0,0,0,0,0,0,0,59,-62,0,0,5
2496.47,0,0,0,0,14,4252,1.53115,0.00168536,1.54151,38,0,29,24,31,0,-2,0,0,0,57,3697,3837,175,138,35,614,34315,33531,109,2,65,73,646975,0,0,0,0,1,19,81,0,71,3777,0,0,0,0,0,0,0,0,49,-62,0,0,5
2496.48,0,0,0,0,13,4238,1.53137,0.00164981,1.54199,38,0,29,24,31,0,-2,0,0,0,57,3702,3837,168,138,35,614,34315,33531,109,2,65,73,621936,0,0,0,0,1,38,0,46,62,3796,0,0,0,0,0,0,0,0,49,-44,0,0,4
2496.49,0,0,0,0,11,4225,1.53158,0.00161425,1.54247,38,0,29,24,31,0,-2,0,0,0,57,3702,3837,162,138,35,614,34315,33531,109,2,65,73,599724,0,0,0,0,1,0,76,0,54,3798,0,0,0,0,0,0,0,0,39,-44,0,0,4
2496.5,0,0,0,0,10,4225,1.5318,0.0015787,1.54295,38,0,29,24,31,0,-2,0,0,0,57,3702,3837,159,138,35,614,34427,33843,108,2,66,73,588618,0,0,0,0,1,0,76,0,54,3798,0,0,0,0,0,0,0,0,39,-44,0,0,3
2496.51,0,0,0,0,9,4211,1.5324,0.00157215,1.54297,38,0,29,24,31,0,-2,0,0,0.1,57,3702,3837,159,138,35,614,34427,33843,108,2,66,73,588618,0,0,0,0,1,50,0,32,49,3774,0,0,0,0,0,0,0,0,39,-42,0,0,3
2496.52,0,0,0,0,8,4197,1.533,0.0015656,1.54299,38,0,29,24,31,0,-2,0,0,0.2,57,3702,3837,165,139,35,614,34427,33843,108,2,66,73,610830,0,0,0,0,1,0,35,68,42,3762,0,0,0,0,0,0,0,0,29,-47,0,0,3
2496.53,0,0,0,0,7,4181,1.5336,0.00155905,1.54301,38,0,29,24,31,0,-2,0,0,0.3,57,3706,3837,151,139,35,614,34427,33843,108,2,66,73,559606,0,0,0,0,1,60,40,0,42,3772,0,0,0,0,0,0,0,0,29,-57,0,0,2
2496.54,0,0,0,0,6,4164,1.53419,0.0015525,1.54302,38,0,29,24,31,0,-2,0,0,0.4,57,3706,3837,147,139,35,614,34427,33843,108,2,66,73,544782,0,0,0,0,1,21,0,36,35,3817,0,0,0,0,0,0,0,0,19,-31,0,0,2
2496.55,0,0,0,0,5,4147,1.53479,0.00154595,1.54304,38,0,29,24,31,0,-2,0,0,0.5,57,3706,3837,147,139,35,614,34427,33843,108,2,66,73,544782,0,0,0,0,1,0,10,23,28,3766,0,0,0,0,0,0,0,0,19,-21,0,0,0
2496.56,0,0,0,0,4,4147,1.53539,0.0015394,1.54306,38,0,29,24,31,0,-2,0,0,0.6,57,3708,3837,138,139,35,614,34427,33843,108,2,66,73,511704,0,0,0,0,1,0,10,23,28,3766,0,0,0,0,0,0,0,0,19,-21,0,0,0
2496.57,0,0,0,0,2,4136,1.53599,0.00153285,1.54308,38,0,29,24,31,0,-2,0,0,0.7,57,3708,3837,137,139,35,614,34427,33843,108,2,66,73,507996,0,0,0,0,1,13,0,0,3,3805,0,0,0,0,0,0,0,0,0,1,0,0,0
2496.58,0,0,0,0,1,4131,1.53659,0.0015263,1.5431,38,0,29,24,31,0,-2,0,0,0.8,57,3715,3837,132,139,35,614,34427,33843,108,2,66,73,490380,0,0,0,0,1,1,43,0,0,3798,0,0,0,0,0,0,0,0,0,14,0,0,0
2496.59,0,0,0,0,0,4128,1.53719,0.00151975,1.54312,38,0,29,24,31,0,-2,0,0,0.9,57,3715,3837,132,139,35,614,34427,33843,108,2,66,73,490380,0,0,0,0,1,32,0,0,0,3785,0,0,0,0,0,0,0,0,0,22,0,0,0
2496.6,0,0,0,0,0,4122,1.53778,0.00151321,1.54313,38,0,29,24,31,0,-2,0,0,1,56,3721,3817,112,139,35,537,34546,33866,108,2,68,73,416752,0,0,0,0,1,0,0,36,0,3800,0,0,0,0,0,0,0,0,0,0,0,0,0
2496.61,0,0,0,0,0,4115,1.53745,0.00151718,1.5434,38,0,29,24,31,0,-2,0,0,1,56,3721,3817,117,139,35,537,34546,33866,108,2,68,73,435357,0,0,0,0,1,0,0,3,0,3805,0,0,0,0,0,0,0,0,0,5,0,0,0
2496.62,0,0,0,0,0,4115,1.53713,0.00152116,1.54367,38,0,29,24,31,0,-2,0,0,1,56,3721,3817,114,139,35,537,34546,33866,108,2,68,73,424194,0,0,0,0,1,0,0,3,0,3805,0,0,0,0,0,0,0,0,0,5,0,0,0
2496.63,0,0,0,0,0,4103,1.5368,0.00152514,1.54394,38,0,29,24,31,0,-2,0,0,1,56,3721,3817,114,140,35,537,34546,33866,108,2,68,73,424194,0,0,0,0,1,0,0,3,2,3779,0,0,0,0,0,0,0,0,0,-1,0,0,0
2496.64,0,0,0,0,0,4089,1.53647,0.00152912,1.54421,38,0,29,24,31,0,-2,0,0,1,56,3725,3817,101,140,35,537,34546,33866,108,2,68,73,376225,0,0,0,0,1,0,0,7,2,3826,0,0,0,0,0,0,0,0,0,-8,0,0,0
2496.65,0,0,0,0,0,4074,1.53614,0.0015331,1.54448,38,0,29,24,31,0,-2,0,0,1,56,3725,3817,86,140,35,537,34546,33866,108,2,68,73,320350,0,0,0,0,1,0,0,0,4,3781,0,0,0,0,0,0,0,0,0,-12,0,0,0
2496.66,0,0,0,0,0,4060,1.53581,0.00153708,1.54475,38,0,29,24,31,0,-2,0,0,1,56,3719,3817,88,140,35,537,34546,33866,108,2,68,73,327272,0,0,0,0,1,0,24,7,10,3777,0,0,0,0,0,0,0,0,0,-9,0,0,0
2496.67,0,0,0,0,0,4042,1.53548,0.00154106,1.54502,38,0,29,24,31,0,-2,0,0,1,56,3719,3817,88,140,35,537,34546,33866,108,2,68,73,327272,0,0,0,0,1,0,16,0,8,3779,0,0,0,0,0,0,0,0,0,-7,0,0,0
2496.68,0,0,0,0,0,4042,1.53515,0.00154504,1.54529,38,0,29,24,31,0,-2,0,0,1,56,3719,3804,90,140,35,537,34546,33866,108,2,68,73,334710,0,0,0,0,1,0,16,0,8,3779,0,0,0,0,0,0,0,0,0,-7,0,0,0
2496.69,0,0,0,0,0,4023,1.53482,0.00154902,1.54556,38,0,29,24,31,0,-2,0,0,1,56,3734,3804,85,140,35,537,34546,33866,108,2,68,73,317390,0,0,0,0,1,0,28,0,7,3813,0,0,0,0,0,0,0,0,0,-15,0,0,0
2496.7,0,0,0,0,0,4004,1.53449,0.001553,1.54583,38,0,29,24,31,0,-2,0,0,1,56,3734,3804,78,140,35,537,34688,34206,109,2,65,73,291252,0,0,0,0,1,0,8,0,5,3822,0,0,0,0,0,0,0,0,0,-5,0,0,0
2496.71,0,0,0,0,0,3988,1.53463,0.00154636,1.54602,38,0,29,24,31,0,-2,0,0,1,56,3734,3804,78,140,35,537,34688,34206,109,2,65,73,291252,0,0,0,0,1,0,2,5,0,3798,0,0,0,0,0,0,0,0,0,-3,0,0,0
2496.72,0,0,0,0,0,3975,1.53477,0.00153972,1.5462,38,0,29,24,31,0,-2,0,0,1,56,3734,3804,69,140,35,537,34688,34206,109,2,65,73,257646,0,0,0,0,1,0,0,15,0,3788,0,0,0,0,0,0,0,0,0,3,0,0,0
2496.73,0,0,0,0,0,3965,1.53491,0.00153307,1.54638,38,0,29,24,31,0,-2,0,0,1,56,3734,3804,68,141,35,537,34688,34206,109,2,65,73,253912,0,0,0,0,1,0,0,0,0,3794,0,0,0,0,0,0,0,0,0,-8,0,0,0
2496.74,0,0,0,0,0,3965,1.53505,0.00152643,1.54657,38,0,29,24,31,0,-2,0,0,1,56,3738,3804,67,141,35,537,34688,34206,109,2,65,73,250446,0,0,0,0,1,0,0,0,0,3794,0,0,0,0,0,0,0,0,0,-8,0,0,0
2496.75,0,0,0,0,0,3956,1.53519,0.00151979,1.54675,38,0,29,24,31,0,-2,0,0,1,56,3738,3804,67,141,35,537,34688,34206,109,2,65,73,250446,0,0,0,0,1,3,2,0,0,3796,0,0,0,0,0,0,0,0,0,3,0,0,0
2496.76,0,0,0,0,0,3950,1.53533,0.00151315,1.54694,38,0,29,24,31,0,-2,0,0,1,56,3738,3782,58,141,35,537,34688,34206,109,2,65,73,216804,0,0,0,0,1,0,0,7,0,3794,0,0,0,0,0,0,0,0,0,-19,0,0,0
2496.77,0,0,0,0,0,3945,1.53547,0.00150651,1.54712,38,0,29,24,31,0,-2,0,0,1,56,3740,3782,53,141,35,537,34688,34206,109,2,65,73,198220,0,0,0,0,1,0,0,0,0,3829,0,0,0,0,0,0,0,0,0,0,0,0,0
2496.78,0,0,0,0,0,3940,1.5356,0.00149986,1.5473,38,0,29,24,31,0,-2,0,0,1,56,3740,3782,50,141,35,537,34688,34206,109,2,65,73,187000,0,0,0,0,1,0,10,24,0,3826,0,0,0,0,0,0,0,0,0,-3,0,0,0
2496.79,0,0,0,0,0,3929,1.53574,0.00149322,1.54749,38,0,29,24,31,0,-2,0,0,1,56,3740,3782,50,141,35,537,34688,34206,109,2,65,73,187000,0,0,0,0,1,11,0,9,2,3794,0,0,0,0,0,0,0,0,0,-5,0,0,0
2496.8,0,0,0,0,0,3916,1.53588,0.00148658,1.54767,38,0,29,24,32,0,-2,0,0,1,56,3745,3782,43,141,35,537,34783,34434,108,2,20,73,161035,0,0,0,0,1,27,0,0,3,3822,0,0,0,0,0,0,0,0,0,1,0,0,0
2496.81,0,0,0,0,0,3916,1.53588,0.00148856,1.5475,38,0,29,24,32,0,-2,0,0,1,56,3745,3782,26,141,35,537,34783,34434,108,2,20,73,97370,0,0,0,0,1,27,0,0,3,3822,0,0,0,0,0,0,0,0,0,1,0,0,0
2496.82,0,0,0,0,0,3902,1.53587,0.00149054,1.54734,38,0,29,24,32,0,-2,0,0,1,56,3750,3782,26,141,35,537,34783,34434,108,2,20,73,97500,0,0,0,0,1,0,0,5,5,3788,0,0,0,0,0,0,0,0,0,-1,0,0,0
2496.83,0,0,0,0,0,3887,1.53586,0.00149252,1.54717,38,0,29,24,32,0,-2,0,0,1,56,3750,3782,26,142,35,537,34783,34434,108,2,20,73,97500,0,0,0,0,1,0,0,60,5,3785,0,0,0,0,0,0,0,0,0,-11,0,0,0
2496.84,0,0,0,0,0,3871,1.53585,0.00149449,1.54701,38,0,29,24,32,0,-2,0,0,1,56,3755,3782,18,142,35,537,34783,34434,108,2,20,73,67590,0,0,0,0,1,0,0,27,10,3798,0,0,0,0,0,0,0,0,0,-5,0,0,0
2496.85,0,0,0,0,0,3854,1.53584,0.00149647,1.54684,38,0,29,24,32,0,-2,0,0,1,56,3755,3782,11,142,35,537,34783,34434,108,2,20,73,41305,0,0,0,0,1,41,0,0,8,3803,0,0,0,0,0,0,0,0,0,-7,0,0,0
2496.86,0,0,0,0,0,3834,1.53583,0.00149845,1.54667,38,0,29,24,32,0,-2,0,0,1,56,3755,3782,6,142,35,537,34783,34434,108,2,20,73,22530,0,0,0,0,1,0,16,0,8,3803,0,0,0,0,0,0,0,0,0,-16,0,0,0
2496.87,0,0,0,0,0,3834,1.53583,0.00150043,1.54651,38,0,29,24,32,0,-2,0,0,1,56,3755,3782,6,142,35,537,34783,34434,108,2,20,73,22530,0,0,0,0,1,0,16,0,8,3803,0,0,0,0,0,0,0,0,0,-16,0,0,0
2496.88,0,0,0,0,0,3815,1.53582,0.00150241,1.54634,38,0,29,24,32,0,-2,0,0,1,56,3759,3782,-27,142,35,537,34783,34434,108,2,20,73,-101493,0,0,0,0,1,0,0,7,5,3798,0,0,0,0,0,0,0,0,0,6,0,0,0
2496.89,0,0,0,0,0,3803,1.53581,0.00150439,1.54618,38,0,29,24,32,0,-2,0,0,1,56,3765,3782,-32,142,35,537,34783,34434,108,2,20,73,-120480,0,0,0,0,1,0,0,15,0,3839,0,0,0,0,0,0,0,0,0,7,0,0,0
2496.9,0,0,0,0,0,3798,1.5358,0.00150636,1.54601,38,0,29,24,31,0,-2,0,0,1,56,3765,3782,-33,142,35,537,34961,34666,108,2,20,57,-124245,0,0,0,0,1,29,5,13,0,3803,0,0,0,0,0,0,0,0,0,18,0,0,0
2496.91,0,0,0,0,0,3798,1.53548,0.0015062,1.54583,38,0,29,24,31,0,-2,0,0,1,56,3765,3782,-33,142,35,537,34961,34666,108,2,20,57,-124245,0,0,0,0,1,0,26,11,0,3811,0,0,0,0,0,0,0,0,0,1,0,0,0
2496.92,0,0,0,0,0,3797,1.53517,0.00150604,1.54565,38,0,29,24,31,0,-2,0,0,1,56,3776,3782,-34,142,35,537,34961,34666,108,2,20,57,-128384,0,0,0,0,1,5,0,0,0,3798,0,0,0,0,0,0,0,0,0,3,0,0,0
2496.93,0,0,0,0,0,3797,1.53485,0.00150588,1.54548,38,0,29,24,31,0,-2,0,0,1,56,3776,3782,-28,142,35,537,34961,34666,108,2,20,57,-105728,0,0,0,0,1,5,0,0,0,3798,0,0,0,0,0,0,0,0,0,3,0,0,0
2496.94,0,0,0,0,0,3789,1.53454,0.00150571,1.5453,38,0,29,24,31,0,-2,0,0,1,56,3776,3782,-26,143,35,537,34961,34666,108,2,20,57,-98176,0,0,0,0,1,0,2,13,0,3803,0,0,0,0,0,0,0,0,0,7,0,0,0
2496.95,0,0,0,0,0,3775,1.53422,0.00150555,1.54512,38,0,29,24,31,0,-2,0,0,1,56,3776,3782,-26,143,35,537,34961,34666,108,2,20,57,-98176,0,0,0,0,1,0,0,0,2,3805,0,0,0,0,0,0,0,0,0,0,0,0,0
2496.96,0,0,0,0,0,3759,1.53391,0.00150539,1.54494,38,0,29,24,31,0,-2,0,0,1,56,3775,3782,-25,143,35,537,34961,34666,108,2,20,57,-94375,0,0,0,0,1,0,0,50,10,3809,0,0,0,0,0,0,0,0,0,-1,0,0,0
2496.97,0,0,0,0,0,3746,1.53359,0.00150522,1.54476,38,0,29,24,31,0,-2,0,0,1,56,3775,3782,-22,143,35,537,34961,34666,108,2,20,57,-83050,0,0,0,0,1,35,0,0,13,3790,0,0,0,0,0,0,0,0,0,-21,0,0,0
2496.98,0,0,0,0,0,3725,1.53327,0.00150506,1.54458,38,0,29,24,31,0,-2,0,0,1,56,3775,3782,-23,143,35,537,34961,34666,108,2,20,57,-86825,0,0,0,0,1,0,12,30,10,3815,0,0,0,0,0,0,0,0,0,0,0,0,0
2496.99,0,0,0,0,0,3703,1.53296,0.0015049,1.54441,38,0,29,24,31,0,-2,0,0,1,56,3775,3782,-23,143,35,537,34961,34666,108,2,20,57,-86825,0,0,0,0,1,0,30,0,6,3839,0,0,0,0,0,0,0,0,0,-17,0,0,0
2497,0,0,0,0,0,3684,1.53264,0.00150473,1.54423,38,0,29,24,31,0,-2,0,0,1,57,3775,3782,-21,143,35,537,35044,34780,108,2,82,57,-79275,0,0,0,0,1,13,8,0,4,3796,0,0,0,0,0,0,0,0,0,-3,0,0,0
2497.01,0,0,0,0,0,3684,1.53268,0.00150255,1.54419,38,0,29,24,31,0,-2,0,0,1,57,3774,3782,-24,143,35,537,35044,34780,108,2,82,57,-90576,0,0,0,0,1,13,8,0,4,3796,0,0,0,0,0,0,0,0,0,-3,0,0,0
2497.02,0,0,0,0,0,3673,1.53272,0.00150036,1.54414,38,0,29,24,31,0,-2,0,0,1,57,3774,3782,-26,143,35,537,35044,34780,108,2,82,57,-98124,0,0,0,0,1,13,0,0,0,3805,0,0,0,0,0,0,0,0,0,4,0,0,0
2497.03,0,0,0,0,0,3664,1.53277,0.00149817,1.5441,38,0,29,24,31,0,-2,0,0,1,57,3774,3782,-26,143,35,537,35044,34780,108,2,82,57,-98124,0,0,0,0,1,9,0,38,0,3835,0,0,0,0,0,0,0,0,0,0,0,0,0
2497.04,0,0,0,0,0,3657,1.53281,0.00149598,1.54406,38,0,29,24,31,0,-2,0,0,1,57,3775,3782,-33,144,35,537,35044,34780,108,2,82,57,-124575,0,0,0,0,1,0,22,0,0,3807,0,0,0,0,0,0,0,0,0,10,0,0,0
2497.05,0,0,0,0,0,3652,1.53285,0.00149379,1.54402,38,0,29,24,31,0,-2,0,0,1,57,3775,3782,-32,144,35,537,35044,34780,108,2,82,57,-120800,0,0,0,0,1,0,0,23,0,3805,0,0,0,0,0,0,0,0,0,-12,0,0,0
2497.06,0,0,0,0,0,3645,1.53289,0.0014916,1.54397,38,0,29,24,31,0,-2,0,0,1,57,3777,3782,-33,144,35,537,35044,34780,108,2,82,57,-124641,0,0,0,0,1,0,2,0,0,3826,0,0,0,0,0,0,0,0,0,-8,0,0,0
2497.07,0,0,0,0,0,3645,1.53293,0.00148941,1.54393,38,0,29,24,31,0,-2,0,0,1,57,3777,3782,-33,144,35,537,35044,34780,108,2,82,57,-124641,0,0,0,0,1,0,2,0,0,3826,0,0,0,0,0,0,0,0,0,-8,0,0,0
2497.08,0,0,0,0,0,3636,1.53297,0.00148723,1.54389,38,0,29,24,31,0,-2,0,0,1,57,3777,3782,-33,144,35,537,35044,34780,108,2,82,57,-124641,0,0,0,0,1,7,0,7,0,3803,0,0,0,0,0,0,0,0,0,-7,0,0,0
2497.09,0,0,0,0,0,3625,1.53301,0.00148504,1.54385,38,0,29,24,31,0,-2,0,0,1,57,3778,3782,-31,144,35,537,35044,34780,108,2,82,57,-117118,0,0,0,0,1,0,0,13,2,3809,0,0,0,0,0,0,0,0,0,-12,0,0,0
2497.1,0,0,0,0,0,3611,1.53305,0.00148285,1.5438,38,0,29,24,31,0,-2,0,0,1,56,3778,3782,-28,144,35,537,35075,34813,108,2,20,57,-105784,0,0,0,0,1,0,0,23,5,3807,0,0,0,0,0,0,0,0,0,15,0,0,0
2497.11,0,0,0,0,0,3596,1.53325,0.0014775,1.54367,38,0,29,24,31,0,-2,0,0,1,56,3778,3782,-28,144,35,537,35075,34813,108,2,20,57,-105784,0,0,0,0,1,0,28,0,9,3813,0,0,0,0,0,0,0,0,0,-15,0,0,0
2497.12,0,0,0,0,0,3578,1.53344,0.00147215,1.54353,38,0,29,24,31,0,-2,0,0,1,56,3777,3782,-24,144,35,537,35075,34813,108,2,20,57,-90648,0,0,0,0,1,19,0,0,3,3809,0,0,0,0,0,0,0,0,0,0,0,0,0
2497.13,0,0,0,0,0,3578,1.53364,0.00146681,1.5434,38,0,29,24,31,0,-2,0,0,1,56,3777,3782,-21,144,35,537,35075,34813,108,2,20,57,-79317,0,0,0,0,1,19,0,0,3,3809,0,0,0,0,0,0,0,0,0,0,0,0,0
2497.14,0,0,0,0,0,3563,1.53384,0.00146146,1.54326,38,0,29,24,31,0,-2,0,0,1,56,3775,3782,-23,144,35,537,35075,34813,108,2,20,57,-86825,0,0,0,0,1,21,0,1,5,3798,0,0,0,0,0,0,0,0,0,-10,0,0,0
2497.15,0,0,0,0,0,3552,1.53403,0.00145611,1.54312,38,0,29,24,31,0,-2,0,0,1,56,3775,3782,-23,145,35,537,35075,34813,108,2,20,57,-86825,0,0,0,0,1,5,6,0,0,3807,0,0,0,0,0,0,0,0,0,-1,0,0,0
2497.16,0,0,0,0,0,3541,1.53423,0.00145076,1.54299,38,0,29,24,31,0,-2,0,0,1,56,3774,3782,-17,145,35,537,35075,34813,108,2,20,57,-64158,0,0,0,0,1,0,20,0,0,3811,0,0,0,0,0,0,0,0,0,12,0,0,0
2497.17,0,0,0,0,0,3531,1.53443,0.00144541,1.54285,38,0,29,24,31,0,-2,0,0,1,56,3774,3782,-19,145,35,537,35075,34813,108,2,20,57,-71706,0,0,0,0,1,0,0,0,0,3822,0,0,0,0,0,0,0,0,0,-1,0,0,0
2497.18,0,0,0,0,0,3521,1.53462,0.00144007,1.54272,38,0,29,24,31,0,-2,0,0,1,56,3774,3782,-20,145,35,537,35075,34813,108,2,20,57,-75480,0,0,0,0,1,15,35,29,0,3835,0,0,0,0,0,0,0,0,0,27,0,0,0
2497.19,0,0,0,0,0,3521,1.53482,0.00143472,1.54258,38,0,29,24,31,0,-2,0,0,1,56,3774,3782,-20,145,35,537,35075,34813,108,2,20,57,-75480,0,0,0,0,1,15,35,29,0,3835,0,0,0,0,0,0,0,0,0,27,0,0,0
2497.2,0,0,0,0,0,3515,1.53502,0.00142937,1.54245,38,0,29,24,31,0,-2,0,0,1,56,3775,3761,-32,145,35,537,35059,34782,108,2,20,57,-120800,0,0,0,0,1,0,0,0,0,3839,0,0,0,0,0,0,0,0,0,-7,0,0,0
2497.21,0,0,0,0,0,3505,1.53472,0.00143551,1.54238,38,0,29,24,31,0,-2,0,0,1,56,3775,3761,-36,145,35,537,35059,34782,108,2,20,57,-135900,0,0,0,0,1,0,18,0,0,3837,0,0,0,0,0,0,0,0,0,12,0,0,0
2497.22,0,0,0,0,0,3495,1.53443,0.00144164,1.54232,38,0,29,24,31,0,-2,0,0,1,56,3779,3761,-36,145,35,537,35059,34782,108,2,20,57,-136044,0,0,0,0,1,0,0,19,4,3809,0,0,0,0,0,0,0,0,0,-28,0,0,0
2497.23,0,0,0,0,0,3483,1.53414,0.00144777,1.54225,38,0,29,24,31,0,-2,0,0,1,56,3779,3761,-36,145,35,537,35059,34782,108,2,20,57,-136044,0,0,0,0,1,0,0,5,4,3826,0,0,0,0,0,0,0,0,0,-2,0,0,0
2497.24,0,0,0,0,0,3471,1.53384,0.00145391,1.54219,38,0,29,24,31,0,-2,0,0,1,56,3781,3761,-33,145,35,537,35059,34782,108,2,20,57,-124773,0,0,0,0,1,0,0,1,1,3822,0,0,0,0,0,0,0,0,0,-9,0,0,0
2497.25,0,0,0,0,0,3471,1.53355,0.00146004,1.54212,38,0,29,24,31,0,-2,0,0,1,56,3781,3761,-21,146,35,537,35059,34782,108,2,20,57,-79401,0,0,0,0,1,0,0,1,1,3822,0,0,0,0,0,0,0,0,0,-9,0,0,0
2497.26,0,0,0,0,0,3457,1.53326,0.00146618,1.54206,38,0,29,24,31,0,-2,0,0,1,56,3781,3761,-24,146,35,537,35059,34782,108,2,20,57,-90744,0,0,0,0,1,32,0,0,5,3803,0,0,0,0,0,0,0,0,0,0,0,0,0
2497.27,0,0,0,0,0,3445,1.53296,0.00147231,1.542,38,0,29,24,31,0,-2,0,0,1,56,3781,3761,-24,146,35,537,35059,34782,108,2,20,57,-90744,0,0,0,0,1,5,0,7,2,3800,0,0,0,0,0,0,0,0,0,-3,0,0,0
2497.28,0,0,0,0,0,3433,1.53267,0.00147844,1.54193,38,0,29,24,31,0,-2,0,0,1,56,3779,3761,-10,146,35,537,35059,34782,108,2,20,57,-37790,0,0,0,0,1,21,0,0,1,3803,0,0,0,0,0,0,0,0,0,-5,0,0,0
2497.29,0,0,0,0,0,3420,1.53237,0.00148458,1.54187,38,0,29,24,31,0,-2,0,0,1,56,3775,3761,-15,146,35,537,35059,34782,108,2,20,57,-56625,0,0,0,0,1,0,10,15,0,3843,0,0,0,0,0,0,0,0,0,-5,0,0,0
2497.3,0,0,0,0,0,3406,1.53208,0.00149071,1.5418,38,0,29,24,31,0,-2,0,0,1,57,3775,3761,-11,146,35,537,35046,34771,108,2,82,98,-41525,0,0,0,0,1,0,0,0,5,3813,0,0,0,0,0,0,0,0,0,-11,0,0,0
2497.31,0,0,0,0,0,3406,1.53203,0.00149017,1.54172,38,0,29,24,31,0,-2,0,0,1,57,3775,3761,-11,146,35,537,35046,34771,108,2,82,98,-41525,0,0,0,0,1,0,0,0,5,3813,0,0,0,0,0,0,0,0,0,-11,0,0,0
2497.32,0,0,0,0,0,3389,1.53198,0.00148963,1.54163,38,0,29,24,31,0,-2,0,0,1,57,3772,3761,-28,146,35,537,35046,34771,108,2,82,98,-105616,0,0,0,0,1,0,20,15,4,3820,0,0,0,0,0,0,0,0,0,7,0,0,0
2497.33,0,0,0,0,0,3375,1.53193,0.00148908,1.54154,38,0,29,24,31,0,-2,0,0,1,57,3772,3761,-31,146,35,537,35046,34771,108,2,82,98,-116932,0,0,0,0,1,11,0,0,0,3805,0,0,0,0,0,0,0,0,0,-1,0,0,0
2497.34,0,0,0,0,0,3366,1.53187,0.00148854,1.54146,38,0,29,24,31,0,-2,0,0,1,57,3777,3761,-33,146,35,537,35046,34771,108,2,82,98,-124641,0,0,0,0,1,3,0,0,0,3826,0,0,0,0,0,0,0,0,0,9,0,0,0
2497.35,0,0,0,0,0,3360,1.53182,0.001488,1.54137,38,0,29,24,31,0,-2,0,0,1,57,3777,3761,-33,147,35,537,35046,34771,108,2,82,98,-124641,0,0,0,0,1,13,0,1,0,3822,0,0,0,0,0,0,0,0,0,7,0,0,0
2497.36,0,0,0,0,0,3354,1.53177,0.00148746,1.54128,38,0,29,24,31,0,-2,0,0,1,57,3781,3761,-33,147,35,537,35046,34771,108,2,82,98,-124773,0,0,0,0,1,0,0,0,0,3829,0,0,0,0,0,0,0,0,0,-4,0,0,0
2497.37,0,0,0,0,0,3354,1.53172,0.00148692,1.54119,38,0,29,24,31,0,-2,0,0,1,57,3781,3761,-30,147,35,537,35046,34771,108,2,82,98,-113430,0,0,0,0,1,0,0,0,0,3829,0,0,0,0,0,0,0,0,0,-4,0,0,0
2497.38,0,0,0,0,0,3347,1.53167,0.00148637,1.54111,38,0,29,24,31,0,-2,0,0,1,57,3781,3761,-27,147,35,537,35046,34771,108,2,82,98,-102087,0,0,0,0,1,0,0,0,0,3803,0,0,0,0,0,0,0,0,0,8,0,0,0
2497.39,0,0,0,0,0,3337,1.53162,0.00148583,1.54102,38,0,29,24,31,0,-2,0,0,1,57,3781,3761,-27,147,35,537,35046,34771,108,2,82,98,-102087,0,0,0,0,1,1,0,23,1,3811,0,0,0,0,0,0,0,0,0,2,0,0,0
2497.4,0,0,0,0,0,3324,1.53156,0.00148529,1.54093,38,0,29,24,31,0,-2,0,0,1,57,3780,3761,-22,147,35,537,35099,34821,107,2,20,57,-83160,0,0,0,0,1,0,0,0,5,3826,0,0,0,0,0,0,0,0,0,-18,0,0,0
2497.41,0,0,0,0,0,3311,1.53208,0.00148407,1.54084,38,0,29,24,31,0,-2,0,0,1,57,3779,3761,-16,147,35,537,35099,34821,107,2,20,57,-60464,0,0,0,0,1,15,0,0,7,3803,0,0,0,0,0,0,0,0,0,-4,0,0,0
2497.42,0,0,0,0,0,3297,1.53259,0.00148285,1.54075,38,0,29,24,31,0,-2,0,0,1,57,3779,3761,-20,147,35,537,35099,34821,107,2,20,57,-75580,0,0,0,0,1,1,2,7,0,3817,0,0,0,0,0,0,0,0,0,1,0,0,0
2497.43,0,0,0,0,0,3297,1.5331,0.00148162,1.54066,38,0,29,24,31,0,-2,0,0,1,57,3779,3761,-20,147,35,537,35099,34821,107,2,20,57,-75580,0,0,0,0,1,1,2,7,0,3817,0,0,0,0,0,0,0,0,0,1,0,0,0
2497.44,0,0,0,0,0,3285,1.53361,0.0014804,1.54057,38,0,29,24,31,0,-2,0,0,1,57,3777,3761,-20,147,35,537,35099,34821,107,2,20,57,-75540,0,0,0,0,1,5,0,0,1,3807,0,0,0,0,0,0,0,0,0,-9,0,0,0
2497.45,0,0,0,0,0,3271,1.53412,0.00147918,1.54048,38,0,29,24,31,0,-2,0,0,1,57,3777,3761,-18,147,35,537,35099,34821,107,2,20,57,-67986,0,0,0,0,1,0,5,0,6,3809,0,0,0,0,0,0,0,0,0,-5,0,0,0
2497.46,0,0,0,0,0,3256,1.53463,0.00147796,1.54039,38,0,29,24,31,0,-2,0,0,1,57,3776,3761,-25,147,35,537,35099,34821,107,2,20,57,-94400,0,0,0,0,1,15,14,0,2,3805,0,0,0,0,0,0,0,0,0,3,0,0,0
2497.47,0,0,0,0,0,3246,1.53515,0.00147674,1.5403,38,0,29,24,31,0,-2,0,0,1,57,3776,3761,-25,147,35,537,35099,34821,107,2,20,57,-94400,0,0,0,0,1,9,0,17,0,3820,0,0,0,0,0,0,0,0,0,4,0,0,0
2497.48,0,0,0,0,0,3240,1.53566,0.00147551,1.54021,38,0,29,24,31,0,-2,0,0,1,57,3776,3761,-25,147,35,537,35099,34821,107,2,20,57,-94400,0,0,0,0,1,0,8,0,0,3811,0,0,0,0,0,0,0,0,0,7,0,0,0
2497.49,0,0,0,0,0,3240,1.53617,0.00147429,1.54011,38,0,29,24,31,0,-2,0,0,1,57,3779,3761,-27,147,35,537,35099,34821,107,2,20,57,-102033,0,0,0,0,1,0,8,0,0,3811,0,0,0,0,0,0,0,0,0,7,0,0,0
2497.5,0,0,0,0,0,3234,1.53668,0.00147307,1.54002,38,0,29,24,31,0,-2,0,0,1,57,3779,3761,-26,147,35,537,35086,34814,108,2,20,57,-98254,0,0,0,0,1,0,0,5,0,3811,0,0,0,0,0,0,0,0,0,-5,0,0,0
2497.51,0,0,0,0,0,3223,1.53638,0.00146678,1.54042,38,0,29,24,31,0,-2,0,0,1,57,3779,3761,-26,147,35,537,35086,34814,108,2,20,57,-98254,0,0,0,0,1,11,0,11,0,3805,0,0,0,0,0,0,0,0,0,-6,0,0,0
2497.52,0,0,0,0,0,3213,1.53608,0.00146049,1.54081,38,0,29,24,31,0,-2,0,0,1,57,3779,3761,-26,147,35,537,35086,34814,108,2,20,57,-98254,0,0,0,0,1,19,5,17,0,3817,0,0,0,0,0,0,0,0,0,15,0,0,0
2497.53,0,0,0,0,0,3202,1.53578,0.0014542,1.5412,38,0,29,24,31,0,-2,0,0,1,57,3779,3761,-21,147,35,537,35086,34814,108,2,20,57,-79359,0,0,0,0,1,29,5,3,0,3817,0,0,0,0,0,0,0,0,0,-17,0,0,0
2497.54,0,0,0,0,0,3189,1.53548,0.00144791,1.5416,38,0,29,24,31,0,-2,0,0,1,57,3779,3761,-18,147,35,537,35086,34814,108,2,20,57,-68022,0,0,0,0,1,0,0,13,2,3824,0,0,0,0,0,0,0,0,0,0,0,0,0
2497.55,0,0,0,0,0,3189,1.53518,0.00144162,1.54199,38,0,29,24,31,0,-2,0,0,1,57,3779,3761,-18,147,35,537,35086,34814,108,2,20,57,-68022,0,0,0,0,1,0,0,13,2,3824,0,0,0,0,0,0,0,0,0,0,0,0,0
2497.56,0,0,0,0,0,3179,1.53488,0.00143533,1.54239,38,0,29,24,31,0,-2,0,0,1,57,3777,3761,-19,147,35,537,35086,34814,108,2,20,57,-71763,0,0,0,0,1,0,6,0,5,3811,0,0,0,0,0,0,0,0,0,-9,0,0,0
2497.57,0,0,0,0,0,3167,1.53458,0.00142904,1.54278,38,0,29,24,31,0,-2,0,0,1,57,3777,3761,-18,147,35,537,35086,34814,108,2,20,57,-67986,0,0,0,0,1,1,5,0,2,3807,0,0,0,0,0,0,0,0,0,16,0,0,0
2497.58,0,0,0,0,0,3156,1.53428,0.00142275,1.54317,38,0,29,24,31,0,-2,0,0,1,57,3777,3765,-23,147,35,537,35086,34814,108,2,20,57,-86871,0,0,0,0,1,0,0,9,1,3822,0,0,0,0,0,0,0,0,0,3,0,0,0
2497.59,0,0,0,0,0,3142,1.53398,0.00141646,1.54357,38,0,29,24,31,0,-2,0,0,1,57,3777,3765,-23,147,35,537,35086,34814,108,2,20,57,-86871,0,0,0,0,1,0,5,13,2,3820,0,0,0,0,0,0,0,0,0,-15,0,0,0
2497.6,0,0,0,0,0,3126,1.53368,0.00141017,1.54396,38,0,29,24,31,0,-2,0,0,1,57,3778,3765,-21,147,35,537,35066,34808,108,2,20,57,-79338,0,0,0,0,1,0,0,0,0,3839,0,0,0,0,0,0,0,0,0,-12,0,0,0
2497.61,0,0,0,0,0,3126,1.53367,0.00140875,1.54358,38,0,29,24,31,0,-2,0,0,1,57,3778,3765,-21,147,35,537,35066,34808,108,2,20,57,-79338,0,0,0,0,1,0,0,0,0,3839,0,0,0,0,0,0,0,0,0,-12,0,0,0
2497.62,0,0,0,0,0,3113,1.53366,0.00140734,1.5432,38,0,29,24,31,0,-2,0,0,1,57,3778,3765,-19,147,35,537,35066,34808,108,2,20,57,-71782,0,0,0,0,1,0,0,7,0,3811,0,0,0,0,0,0,0,0,0,-3,0,0,0
2497.63,0,0,0,0,0,3106,1.53364,0.00140592,1.54282,38,0,29,24,31,0,-2,0,0,1,57,3778,3765,-19,147,35,537,35066,34808,108,2,20,57,-71782,0,0,0,0,1,0,14,0,0,3831,0,0,0,0,0,0,0,0,0,6,0,0,0
2497.64,0,0,0,0,0,3100,1.53363,0.00140451,1.54243,38,0,29,24,31,0,-2,0,0,1,57,3778,3765,-24,147,35,537,35066,34808,108,2,20,57,-90672,0,0,0,0,1,1,0,0,0,3817,0,0,0,0,0,0,0,0,0,0,0,0,0
2497.65,0,0,0,0,0,3095,1.53362,0.00140309,1.54205,38,0,29,24,31,0,-2,0,0,1,57,3778,3765,-25,147,35,537,35066,34808,108,2,20,57,-94450,0,0,0,0,1,13,6,9,0,3820,0,0,0,0,0,0,0,0,0,0,0,0,0
2497.66,0,0,0,0,0,3086,1.5336,0.00140168,1.54167,38,0,29,24,31,0,-2,0,0,1,57,3778,3765,-25,147,35,537,35066,34808,108,2,20,57,-94450,0,0,0,0,1,3,0,0,0,3829,0,0,0,0,0,0,0,0,0,0,0,0,0
2497.67,0,0,0,0,0,3086,1.53359,0.00140026,1.54129,38,0,29,24,31,0,-2,0,0,1,57,3778,3765,-25,147,35,537,35066,34808,108,2,20,57,-94450,0,0,0,0,1,3,0,0,0,3829,0,0,0,0,0,0,0,0,0,0,0,0,0
2497.68,0,0,0,0,0,3075,1.53357,0.00139885,1.54091,38,0,29,24,31,0,-2,0,0,1,57,3780,3765,-26,147,35,537,35066,34808,108,2,20,57,-98280,0,0,0,0,1,15,2,0,6,3809,0,0,0,0,0,0,0,0,0,-11,0,0,0
2497.69,0,0,0,0,0,3061,1.53356,0.00139743,1.54053,38,0,29,24,31,0,-2,0,0,1,57,3780,3765,-21,147,35,537,35066,34808,108,2,20,57,-79380,0,0,0,0,1,27,8,0,6,3803,0,0,0,0,0,0,0,0,0,-5,0,0,0
2497.7,0,0,0,0,0,3046,1.53355,0.00139602,1.54014,38,0,29,24,31,0,-2,0,0,1,57,3780,3765,-21,147,35,537,35078,34815,108,2,82,57,-79380,0,0,0,0,1,1,10,0,4,3813,0,0,0,0,0,0,0,0,0,5,0,0,0
2497.71,0,0,0,0,0,3034,1.53374,0.00139835,1.54036,38,0,29,24,31,0,-2,0,0,1,57,3780,3765,-21,147,35,537,35078,34815,108,2,82,57,-79380,0,0,0,0,1,3,0,1,5,3829,0,0,0,0,0,0,0,0,0,1,0,0,0
2497.72,0,0,0,0,0,3023,1.53394,0.00140068,1.54058,38,0,29,24,31,0,-2,0,0,1,57,3779,3765,-14,147,35,537,35078,34815,108,2,82,57,-52906,0,0,0,0,1,15,12,11,0,3824,0,0,0,0,0,0,0,0,0,16,0,0,0
2497.73,0,0,0,0,0,3023,1.53413,0.00140302,1.5408,38,0,29,24,31,0,-2,0,0,1,57,3779,3765,-15,147,35,537,35078,34815,108,2,82,57,-56685,0,0,0,0,1,15,12,11,0,3824,0,0,0,0,0,0,0,0,0,16,0,0,0
2497.74,0,0,0,0,0,3012,1.53433,0.00140535,1.54102,38,0,29,24,31,0,-2,0,0,1,57,3779,3765,-21,147,35,537,35078,34815,108,2,82,57,-79359,0,0,0,0,1,0,18,23,0,3831,0,0,0,0,0,0,0,0,0,9,0,0,0
2497.75,0,0,0,0,0,3002,1.53452,0.00140768,1.54123,38,0,29,24,31,0,-2,0,0,1,57,3779,3765,-21,147,35,537,35078,34815,108,2,82,57,-79359,0,0,0,0,1,5,28,29,0,3826,0,0,0,0,0,0,0,0,0,21,0,0,0
2497.76,0,0,0,0,0,2992,1.53472,0.00141002,1.54145,38,0,29,24,31,0,-2,0,0,1,57,3778,3765,-16,147,35,537,35078,34815,108,2,82,57,-60448,0,0,0,0,1,0,14,0,0,3833,0,0,0,0,0,0,0,0,0,9,0,0,0
2497.77,0,0,0,0,0,2984,1.53491,0.00141235,1.54167,38,0,29,24,31,0,-2,0,0,1,57,3778,3765,-16,147,35,537,35078,34815,108,2,82,57,-60448,0,0,0,0,1,3,22,0,0,3846,0,0,0,0,0,0,0,0,0,17,0,0,0
2497.78,0,0,0,0,0,2978,1.5351,0.00141469,1.54189,38,0,29,24,31,0,-2,0,0,1,57,3776,3765,-21,147,35,537,35078,34815,108,2,82,57,-79296,0,0,0,0,1,0,16,5,0,3835,0,0,0,0,0,0,0,0,0,-13,0,0,0
2497.79,0,0,0,0,0,2978,1.5353,0.00141702,1.5421,38,0,29,24,31,0,-2,0,0,1,57,3776,3765,-21,147,35,537,35078,34815,108,2,82,57,-79296,0,0,0,0,1,0,16,5,0,3835,0,0,0,0,0,0,0,0,0,-13,0,0,0
2497.8,0,0,0,0,0,2970,1.53549,0.00141935,1.54232,38,0,29,24,31,0,-2,0,0,1,57,3779,3765,-22,147,35,537,35054,34791,108,2,20,57,-83138,0,0,0,0,1,0,18,19,1,3822,0,0,0,0,0,0,0,0,0,11,0,0,0
2497.81,0,0,0,0,0,2961,1.53539,0.00141321,1.54209,38,0,29,24,31,0,-2,0,0,1,57,3779,3765,-21,147,35,537,35054,34791,108,2,20,57,-79359,0,0,0,0,1,15,10,0,4,3813,0,0,0,0,0,0,0,0,0,5,0,0,0
2497.82,0,0,0,0,0,2946,1.53529,0.00140707,1.54186,38,0,29,24,31,0,-2,0,0,1,57,3779,3767,-19,147,35,537,35054,34791,108,2,20,57,-71801,0,0,0,0,1,23,0,0,7,3805,0,0,0,0,0,0,0,0,0,-13,0,0,0
2497.83,0,0,0,0,0,2932,1.53518,0.00140093,1.54163,38,0,29,24,31,0,-2,0,0,1,57,3779,3767,-19,147,35,537,35054,34791,108,2,20,57,-71801,0,0,0,0,1,9,0,0,4,3805,0,0,0,0,0,0,0,0,0,-1,0,0,0
2497.84,0,0,0,0,0,2918,1.53508,0.00139479,1.54139,38,0,29,24,31,0,-2,0,0,1,57,3780,3767,-20,147,35,537,35054,34791,108,2,20,57,-75600,0,0,0,0,1,0,26,0,5,3841,0,0,0,0,0,0,0,0,0,-16,0,0,0
2497.85,0,0,0,0,0,2918,1.53498,0.00138864,1.54116,38,0,29,24,31,0,-2,0,0,1,57,3780,3767,-15,147,35,537,35054,34791,108,2,20,57,-56700,0,0,0,0,1,0,26,0,5,3841,0,0,0,0,0,0,0,0,0,-16,0,0,0
2497.86,0,0,0,0,0,2905,1.53487,0.0013825,1.54093,38,0,29,24,31,0,-2,0,0,1,57,3779,3767,-16,147,35,537,35054,34791,108,2,20,57,-60464,0,0,0,0,1,0,8,0,1,3822,0,0,0,0,0,0,0,0,0,-1,0,0,0
2497.87,0,0,0,0,0,2897,1.53477,0.00137636,1.5407,38,0,29,24,31,0,-2,0,0,1,57,3779,3767,-16,147,35,537,35054,34791,108,2,20,57,-60464,0,0,0,0,1,0,8,5,0,3837,0,0,0,0,0,0,0,0,0,-4,0,0,0
2497.88,0,0,0,0,0,2890,1.53467,0.00137022,1.54047,38,0,29,24,31,0,-2,0,0,1,57,3778,3767,-18,147,35,537,35054,34791,108,2,20,57,-68004,0,0,0,0,1,0,24,0,0,3807,0,0,0,0,0,0,0,0,0,9,0,0,0
2497.89,0,0,0,0,0,2886,1.53456,0.00136408,1.54024,38,0,29,24,31,0,-2,0,0,1,57,3778,3767,-19,147,35,537,35054,34791,108,2,20,57,-71782,0,0,0,0,1,9,0,3,0,3822,0,0,0,0,0,0,0,0,0,-6,0,0,0
2497.9,0,0,0,0,0,2875,1.53446,0.00135793,1.54001,38,0,29,24,30,0,-2,0,0,1,57,3778,3768,-18,147,35,537,35077,34812,108,2,20,57,-68004,0,0,0,0,1,7,12,7,0,3820,0,0,0,0,0,0,0,0,0,-3,0,0,0
2497.91,0,0,0,0,0,2875,1.53456,0.00136067,1.54014,38,0,29,24,30,0,-2,0,0,1,57,3778,3768,-18,147,35,537,35077,34812,108,2,20,57,-68004,0,0,0,0,1,7,12,7,0,3820,0,0,0,0,0,0,0,0,0,-3,0,0,0
2497.92,0,0,0,0,0,2863,1.53466,0.00136341,1.54027,38,0,29,24,30,0,-2,0,0,1,57,3778,3768,-15,147,35,537,35077,34812,108,2,20,57,-56670,0,0,0,0,1,5,16,21,2,3826,0,0,0,0,0,0,0,0,0,13,0,0,0
2497.93,0,0,0,0,0,2850,1.53476,0.00136615,1.5404,38,0,29,24,30,0,-2,0,0,1,57,3778,3768,-20,147,35,537,35077,34812,108,2,20,57,-75560,0,0,0,0,1,5,0,5,4,3813,0,0,0,0,0,0,0,0,0,-9,0,0,0
2497.94,0,0,0,0,0,2841,1.53486,0.00136889,1.54054,38,0,29,24,30,0,-2,0,0,1,57,3778,3768,-24,147,35,537,35077,34812,108,2,20,57,-90672,0,0,0,0,1,1,0,0,0,3839,0,0,0,0,0,0,0,0,0,-1,0,0,0
2497.95,0,0,0,0,0,2833,1.53497,0.00137162,1.54067,38,0,29,24,30,0,-2,0,0,1,57,3778,3768,-24,147,35,537,35077,34812,108,2,20,57,-90672,0,0,0,0,1,0,0,9,0,3829,0,0,0,0,0,0,0,0,0,-11,0,0,0
2497.96,0,0,0,0,0,2823,1.53507,0.00137436,1.5408,38,0,29,24,30,0,-2,0,0,1,57,3778,3768,-22,147,35,537,35077,34812,108,2,20,57,-83116,0,0,0,0,1,7,8,0,0,3809,0,0,0,0,0,0,0,0,0,-5,0,0,0
2497.97,0,0,0,0,0,2823,1.53517,0.0013771,1.54093,38,0,29,24,30,0,-2,0,0,1,57,3780,3768,-18,147,35,537,35077,34812,108,2,20,57,-68040,0,0,0,0,1,7,8,0,0,3809,0,0,0,0,0,0,0,0,0,-5,0,0,0
2497.98,0,0,0,0,0,2813,1.53527,0.00137984,1.54107,38,0,29,24,30,0,-2,0,0,1,57,3780,3768,-18,148,35,537,35077,34812,108,2,20,57,-68040,0,0,0,0,1,1,0,13,0,3841,0,0,0,0,0,0,0,0,0,-1,0,0,0
2497.99,0,0,0,0,0,2799,1.53537,0.00138258,1.5412,38,0,29,24,30,0,-2,0,0,1,57,3780,3768,-18,148,35,537,35077,34812,108,2,20,57,-68040,0,0,0,0,1,15,18,0,2,3843,0,0,0,0,0,0,0,0,0,10,0,0,0
2498,0,0,0,0,0,2789,1.53547,0.00138532,1.54133,38,0,29,24,31,0,-2,0,0,1,56,3780,3768,-11,148,35,537,35089,34833,108,2,20,57,-41580,0,0,0,0,1,13,0,0,1,3811,0,0,0,0,0,0,0,0,0,-4,0,0,0
2498.01,0,0,0,0,0,2778,1.53514,0.00139542,1.54101,38,0,29,24,31,0,-2,0,0,1,56,3780,3768,-14,148,35,537,35089,34833,108,2,20,57,-52920,0,0,0,0,1,0,0,3,1,3817,0,0,0,0,0,0,0,0,0,-2,0,0,0
2498.02,0,0,0,0,0,2767,1.5348,0.00140553,1.54069,38,0,29,24,31,0,-2,0,0,1,56,3780,3768,-15,148,35,537,35089,34833,108,2,20,57,-56700,0,0,0,0,1,0,0,9,0,3813,0,0,0,0,0,0,0,0,0,0,0,0,0
2498.03,0,0,0,0,0,2767,1.53446,0.00141564,1.54037,38,0,29,24,31,0,-2,0,0,1,56,3780,3768,-15,148,35,537,35089,34833,108,2,20,57,-56700,0,0,0,0,1,0,0,9,0,3813,0,0,0,0,0,0,0,0,0,0,0,0,0
2498.04,0,0,0,0,0,2758,1.53412,0.00142574,1.54005,38,0,29,24,31,0,-2,0,0,1,56,3778,3768,-17,148,35,537,35089,34833,108,2,20,57,-64226,0,0,0,0,1,30,0,11,0,3833,0,0,0,0,0,0,0,0,0,20,0,0,0
2498.05,0,0,0,0,0,2750,1.53379,0.00143585,1.53973,38,0,29,24,31,0,-2,0,0,1,56,3778,3768,-16,148,35,537,35089,34833,108,2,20,57,-60448,0,0,0,0,1,5,14,3,1,3809,0,0,0,0,0,0,0,0,0,-6,0,0,0
2498.06,0,0,0,0,0,2745,1.53345,0.00144596,1.53941,38,0,29,24,31,0,-2,0,0,1,56,3778,3768,-18,148,35,537,35089,34833,108,2,20,57,-68004,0,0,0,0,1,0,0,0,0,3826,0,0,0,0,0,0,0,0,0,-4,0,0,0
2498.07,0,0,0,0,0,2734,1.53311,0.00145607,1.53909,38,0,29,24,31,0,-2,0,0,1,56,3778,3768,-18,148,35,537,35089,34833,108,2,20,57,-68004,0,0,0,0,1,9,0,0,2,3805,0,0,0,0,0,0,0,0,0,-3,0,0,0
2498.08,0,0,0,0,0,2723,1.53278,0.00146617,1.53877,38,0,29,24,31,0,-2,0,0,1,56,3779,3768,-21,148,35,537,35089,34833,108,2,20,57,-79359,0,0,0,0,1,0,8,23,0,3824,0,0,0,0,0,0,0,0,0,-6,0,0,0
2498.09,0,0,0,0,0,2723,1.53244,0.00147628,1.53845,38,0,29,24,31,0,-2,0,0,1,56,3779,3768,-20,148,35,537,35089,34833,108,2,20,57,-75580,0,0,0,0,1,0,8,23,0,3824,0,0,0,0,0,0,0,0,0,-6,0,0,0
2498.1,0,0,0,0,0,2711,1.5321,0.00148639,1.53813,38,0,29,24,31,0,-2,0,0,1,57,3779,3768,-21,148,35,537,35074,34815,108,2,20,57,-79359,0,0,0,0,1,29,0,0,4,3826,0,0,0,0,0,0,0,0,0,-9,0,0,0
2498.11,0,0,0,0,0,2700,1.53205,0.00148394,1.53825,38,0,29,24,31,0,-2,0,0,1,57,3779,3768,-21,148,35,537,35074,34815,108,2,20,57,-79359,0,0,0,0,1,0,5,0,0,3822,0,0,0,0,0,0,0,0,0,4,0,0,0
2498.12,0,0,0,0,0,2691,1.53199,0.0014815,1.53837,38,0,29,24,31,0,-2,0,0,1,57,3780,3768,-13,148,35,537,35074,34815,108,2,20,57,-49140,0,0,0,0,1,0,0,3,0,3822,0,0,0,0,0,0,0,0,0,2,0,0,0
2498.13,0,0,0,0,0,2682,1.53194,0.00147905,1.53849,38,0,29,24,31,0,-2,0,0,1,57,3780,3768,-10,148,35,537,35074,34815,108,2,20,57,-37800,0,0,0,0,1,7,0,1,0,3813,0,0,0,0,0,0,0,0,0,-2,0,0,0
2498.14,0,0,0,0,0,2671,1.53189,0.00147661,1.53862,38,0,29,24,31,0,-2,0,0,1,57,3779,3768,-8,148,35,537,35074,34815,108,2,20,57,-30232,0,0,0,0,1,0,8,3,1,3835,0,0,0,0,0,0,0,0,0,-2,0,0,0
2498.15,0,0,0,0,0,2671,1.53183,0.00147416,1.53874,38,0,29,24,31,0,-2,0,0,1,57,3779,3768,-8,148,35,537,35074,34815,108,2,20,57,-30232,0,0,0,0,1,0,8,3,1,3835,0,0,0,0,0,0,0,0,0,-2,0,0,0
2498.16,0,0,0,0,0,2659,1.53178,0.00147172,1.53886,38,0,29,24,31,0,-2,0,0,1,57,3779,3769,-14,148,35,537,35074,34815,108,2,20,57,-52906,0,0,0,0,1,5,22,0,0,3826,0,0,0,0,0,0,0,0,0,-11,0,0,0
2498.17,0,0,0,0,0,2647,1.53172,0.00146927,1.53898,38,0,29,24,31,0,-2,0,0,1,57,3778,3769,-16,148,35,537,35074,34815,108,2,20,57,-60448,0,0,0,0,1,0,0,3,0,3811,0,0,0,0,0,0,0,0,0,8,0,0,0
2498.18,0,0,0,0,0,2639,1.53167,0.00146683,1.5391,38,0,29,24,31,0,-2,0,0,1,57,3778,3769,-19,148,35,537,35074,34815,108,2,20,57,-71782,0,0,0,0,1,0,6,11,0,3826,0,0,0,0,0,0,0,0,0,1,0,0,0
2498.19,0,0,0,0,0,2631,1.53161,0.00146438,1.53922,38,0,29,24,31,0,-2,0,0,1,57,3778,3769,-19,148,35,537,35074,34815,108,2,20,57,-71782,0,0,0,0,1,23,0,5,0,3831,0,0,0,0,0,0,0,0,0,13,0,0,0
2498.2,0,0,0,0,0,2626,1.53156,0.00146194,1.53935,38,0,29,24,31,0,-2,0,0,1,57,3779,3769,-21,148,35,537,35084,34814,108,2,66,57,-79359,0,0,0,0,1,15,8,0,0,3839,0,0,0,0,0,0,0,0,0,-10,0,0,0
2498.21,0,0,0,0,0,2626,1.53186,0.00146456,1.53924,38,0,29,24,31,0,-2,0,0,1,57,3779,3769,-17,148,35,537,35084,34814,108,2,66,57,-64243,0,0,0,0,1,15,8,0,0,3839,0,0,0,0,0,0,0,0,0,-10,0,0,0
2498.22,0,0,0,0,0,2621,1.53215,0.00146718,1.53914,38,0,29,24,31,0,-2,0,0,1,57,3780,3769,-14,148,35,537,35084,34814,108,2,66,57,-52920,0,0,0,0,1,0,10,0,0,3817,0,0,0,0,0,0,0,0,0,3,0,0,0
2498.23,0,0,0,0,0,2611,1.53245,0.0014698,1.53904,38,0,29,24,31,0,-2,0,0,1,57,3780,3769,-14,148,35,537,35084,34814,108,2,66,57,-52920,0,0,0,0,1,0,18,15,1,3833,0,0,0,0,0,0,0,0,0,9,0,0,0
2498.24,0,0,0,0,0,2601,1.53274,0.00147242,1.53894,38,0,29,24,31,0,-2,0,0,1,57,3780,3770,-11,148,35,537,35084,34814,108,2,66,57,-41580,0,0,0,0,1,0,0,9,4,3822,0,0,0,0,0,0,0,0,0,-24,0,0,0
2498.25,0,0,0,0,0,2585,1.53304,0.00147504,1.53884,38,0,29,24,31,0,-2,0,0,1,57,3777,3770,-14,148,35,537,35084,34814,108,2,66,57,-52878,0,0,0,0,1,0,0,0,4,3826,0,0,0,0,0,0,0,0,0,-3,0,0,0
2498.26,0,0,0,0,0,2569,1.53334,0.00147766,1.53873,38,0,29,24,31,0,-2,0,0,1,57,3777,3770,-13,148,35,537,35084,34814,108,2,66,57,-49101,0,0,0,0,1,5,12,0,5,3833,0,0,0,0,0,0,0,0,0,-10,0,0,0
2498.27,0,0,0,0,0,2569,1.53363,0.00148029,1.53863,38,0,29,24,31,0,-2,0,0,1,57,3777,3770,-13,148,35,537,35084,34814,108,2,66,57,-49101,0,0,0,0,1,5,12,0,5,3833,0,0,0,0,0,0,0,0,0,-10,0,0,0
2498.28,0,0,0,0,0,2554,1.53393,0.00148291,1.53853,38,0,29,24,31,0,-2,0,0,1,57,3780,3770,-14,148,35,537,35084,34814,108,2,66,57,-52920,0,0,0,0,1,23,5,0,1,3811,0,0,0,0,0,0,0,0,0,-16,0,0,0
2498.29,0,0,0,0,0,2545,1.53422,0.00148553,1.53843,38,0,29,24,31,0,-2,0,0,1,57,3780,3770,-15,148,35,537,35084,34814,108,2,66,57,-56700,0,0,0,0,1,7,12,0,0,3815,0,0,0,0,0,0,0,0,0,9,0,0,0
2498.3,0,0,0,0,0,2540,1.53452,0.00148815,1.53833,38,0,29,24,31,0,-2,0,0,1,57,3778,3770,-11,148,35,537,35082,34828,108,2,20,57,-41558,0,0,0,0,1,0,14,0,0,3817,0,0,0,0,0,0,0,0,0,6,0,0,0
2498.31,0,0,0,0,0,2538,1.53435,0.00149582,1.53859,38,0,29,24,31,0,-2,0,0,1,57,3778,3770,-11,148,35,537,35082,34828,108,2,20,57,-41558,0,0,0,0,1,0,34,0,0,3822,0,0,0,0,0,0,0,0,0,16,0,0,0
2498.32,0,0,0,0,0,2534,1.53418,0.00150349,1.53886,38,0,29,24,31,0,-2,0,0,1,57,3778,3770,-11,148,35,537,35082,34828,108,2,20,57,-41558,0,0,0,0,1,0,5,0,0,3820,0,0,0,0,0,0,0,0,0,4,0,0,0
2498.33,0,0,0,0,0,2534,1.53402,0.00151116,1.53913,38,0,29,24,31,0,-2,0,0,1,57,3780,3770,-14,148,35,537,35082,34828,108,2,20,57,-52920,0,0,0,0,1,0,5,0,0,3820,0,0,0,0,0,0,0,0,0,4,0,0,0
2498.34,0,0,0,0,0,2526,1.53385,0.00151883,1.53939,38,0,29,24,31,0,-2,0,0,1,57,3780,3770,-13,148,35,537,35082,34828,108,2,20,57,-49140,0,0,0,0,1,0,14,0,0,3826,0,0,0,0,0,0,0,0,0,8,0,0,0
2498.35,0,0,0,0,0,2515,1.53368,0.0015265,1.53966,38,0,29,24,31,0,-2,0,0,1,57,3780,3770,-13,148,35,537,35082,34828,108,2,20,57,-49140,0,0,0,0,1,0,5,17,4,3831,0,0,0,0,0,0,0,0,0,-5,0,0,0
2498.36,0,0,0,0,0,2500,1.53351,0.00153417,1.53993,38,0,29,24,31,0,-2,0,0,1,57,3778,3770,-12,148,35,537,35082,34828,108,2,20,57,-45336,0,0,0,0,1,5,34,23,3,3835,0,0,0,0,0,0,0,0,0,25,0,0,0
2498.37,0,0,0,0,0,2486,1.53335,0.00154184,1.54019,38,0,29,24,31,0,-2,0,0,1,57,3778,3770,-15,148,35,537,35082,34828,108,2,20,57,-56670,0,0,0,0,1,0,14,29,2,3837,0,0,0,0,0,0,0,0,0,9,0,0,0
2498.38,0,0,0,0,0,2472,1.53318,0.00154951,1.54046,38,0,29,24,31,0,-2,0,0,1,57,3780,3770,-13,148,35,537,35082,34828,108,2,20,57,-49140,0,0,0,0,1,1,18,0,0,3820,0,0,0,0,0,0,0,0,0,11,0,0,0
2498.39,0,0,0,0,0,2472,1.53301,0.00155718,1.54073,38,0,29,24,31,0,-2,0,0,1,57,3780,3770,-13,148,35,537,35082,34828,108,2,20,57,-49140,0,0,0,0,1,1,18,0,0,3820,0,0,0,0,0,0,0,0,0,11,0,0,0
2498.4,0,0,0,0,0,2463,1.53284,0.00156485,1.54099,38,0,29,24,31,0,-2,0,0,1,57,3780,3770,-10,148,35,537,35088,34831,108,2,20,57,-37800,0,0,0,0,1,0,12,0,0,3820,0,0,0,0,0,0,0,0,0,9,0,0,0
2498.41,0,0,0,0,0,2456,1.53286,0.00155754,1.54094,38,0,29,24,31,0,-2,0,0,1,57,3778,3770,-7,148,35,537,35088,34831,108,2,20,57,-26446,0,0,0,0,1,0,20,0,0,3813,0,0,0,0,0,0,0,0,0,-2,0,0,0
2498.42,0,0,0,0,0,2450,1.53288,0.00155022,1.54089,38,0,29,24,31,0,-2,0,0,1,57,3778,3770,-11,148,35,537,35088,34831,108,2,20,57,-41558,0,0,0,0,1,13,0,0,0,3807,0,0,0,0,0,0,0,0,0,0,0,0,0
2498.43,0,0,0,0,0,2446,1.5329,0.0015429,1.54084,38,0,29,24,31,0,-2,0,0,1,57,3778,3770,-11,148,35,537,35088,34831,108,2,20,57,-41558,0,0,0,0,1,9,0,5,0,3826,0,0,0,0,0,0,0,0,0,4,0,0,0
2498.44,0,0,0,0,0,2437,1.53292,0.00153558,1.54078,38,0,29,24,31,0,-2,0,0,1,57,3779,3770,-14,148,35,537,35088,34831,108,2,20,57,-52906,0,0,0,0,1,19,16,9,0,3841,0,0,0,0,0,0,0,0,0,-11,0,0,0
2498.45,0,0,0,0,0,2437,1.53294,0.00152827,1.54073,38,0,29,24,31,0,-2,0,0,1,57,3779,3770,-8,148,35,537,35088,34831,108,2,20,57,-30232,0,0,0,0,1,19,16,9,0,3841,0,0,0,0,0,0,0,0,0,-11,0,0,0
2498.46,0,0,0,0,0,2429,1.53296,0.00152095,1.54068,38,0,29,24,31,0,-2,0,0,1,57,3779,3770,-12,148,35,537,35088,34831,108,2,20,57,-45348,0,0,0,0,1,0,8,3,1,3831,0,0,0,0,0,0,0,0,0,-4,0,0,0
2498.47,0,0,0,0,0,2416,1.53298,0.00151363,1.54063,38,0,29,24,31,0,-2,0,0,1,57,3779,3770,-12,148,35,537,35088,34831,108,2,20,57,-45348,0,0,0,0,1,7,16,35,0,3846,0,0,0,0,0,0,0,0,0,13,0,0,0
2498.48,0,0,0,0,0,2408,1.533,0.00150631,1.54058,38,0,29,24,31,0,-2,0,0,1,57,3779,3770,-11,148,35,537,35088,34831,108,2,20,57,-41569,0,0,0,0,1,0,0,0,0,3824,0,0,0,0,0,0,0,0,0,-12,0,0,0
2498.49,0,0,0,0,0,2398,1.53302,0.00149899,1.54052,38,0,29,24,31,0,-2,0,0,1,57,3778,3770,-13,148,35,537,35088,34831,108,2,20,57,-49114,0,0,0,0,1,1,12,0,2,3811,0,0,0,0,0,0,0,0,0,-7,0,0,0
2498.5,0,0,0,0,0,2387,1.53304,0.00149168,1.54047,38,0,29,24,31,0,-2,0,0,1,57,3778,3770,-14,148,35,537,35078,34814,108,2,20,57,-52892,0,0,0,0,1,15,6,1,0,3833,0,0,0,0,0,0,0,0,0,-10,0,0,0
2498.51,0,0,0,0,0,2387,1.53302,0.00149928,1.54045,38,0,29,24,31,0,-2,0,0,1,57,3778,3770,-14,148,35,537,35078,34814,108,2,20,57,-52892,0,0,0,0,1,15,6,1,0,3833,0,0,0,0,0,0,0,0,0,-10,0,0,0
2498.52,0,0,0,0,0,2376,1.533,0.00150689,1.54043,38,0,29,24,31,0,-2,0,0,1,57,3779,3770,-12,148,35,537,35078,34814,108,2,20,57,-45348,0,0,0,0,1,0,8,0,2,3833,0,0,0,0,0,0,0,0,0,-9,0,0,0
2498.53,0,0,0,0,0,2364,1.53298,0.0015145,1.5404,38,0,29,24,31,0,-2,0,0,1,57,3779,3770,-15,148,35,537,35078,34814,108,2,20,57,-56685,0,0,0,0,1,11,22,15,0,3835,0,0,0,0,0,0,0,0,0,19,0,0,0
2498.54,0,0,0,0,0,2352,1.53296,0.0015221,1.54038,38,0,29,24,31,0,-2,0,0,1,57,3781,3770,-12,148,35,537,35078,34814,108,2,20,57,-45372,0,0,0,0,1,9,6,15,0,3813,0,0,0,0,0,0,0,0,0,-7,0,0,0
2498.55,0,0,0,0,0,2345,1.53294,0.00152971,1.54036,38,0,29,24,31,0,-2,0,0,1,57,3781,3770,-12,148,35,537,35078,34814,108,2,20,57,-45372,0,0,0,0,1,5,0,0,0,3826,0,0,0,0,0,0,0,0,0,0,0,0,0
2498.56,0,0,0,0,0,2338,1.53293,0.00153731,1.54034,38,0,29,24,31,0,-2,0,0,1,57,3781,3771,-6,148,35,537,35078,34814,108,2,20,57,-22686,0,0,0,0,1,15,12,0,0,3833,0,0,0,0,0,0,0,0,0,16,0,0,0
2498.57,0,0,0,0,0,2338,1.53291,0.00154492,1.54031,38,0,29,24,31,0,-2,0,0,1,57,3779,3771,-8,148,35,537,35078,34814,108,2,20,57,-30232,0,0,0,0,1,15,12,0,0,3833,0,0,0,0,0,0,0,0,0,16,0,0,0
2498.58,0,0,0,0,0,2335,1.53289,0.00155253,1.54029,38,0,29,24,31,0,-2,0,0,1,57,3779,3771,-5,148,35,537,35078,34814,108,2,20,57,-18895,0,0,0,0,1,0,0,1,0,3815,0,0,0,0,0,0,0,0,0,8,0,0,0
2498.59,0,0,0,0,0,2333,1.53287,0.00156013,1.54027,38,0,29,24,31,0,-2,0,0,1,57,3779,3771,-5,148,35,537,35078,34814,108,2,20,57,-18895,0,0,0,0,1,0,0,0,0,3831,0,0,0,0,0,0,0,0,0,2,0,0,0
2498.6,0,0,0,0,0,2323,1.53285,0.00156774,1.54025,38,0,29,24,31,0,-2,0,0,1,57,3778,3771,-13,148,35,537,35063,34808,108,2,20,57,-49114,0,0,0,0,1,0,6,0,0,3839,0,0,0,0,0,0,0,0,0,23,0,0,0
2498.61,0,0,0,0,0,2313,1.53292,0.00155154,1.54049,38,0,29,24,31,0,-2,0,0,1,57,3778,3771,-15,148,35,537,35063,34808,108,2,20,57,-56670,0,0,0,0,1,19,0,0,2,3817,0,0,0,0,0,0,0,0,0,-14,0,0,0
2498.62,0,0,0,0,0,2300,1.53299,0.00153535,1.54074,38,0,29,24,31,0,-2,0,0,1,57,3779,3771,-18,148,35,537,35063,34808,108,2,20,57,-68022,0,0,0,0,1,0,8,0,6,3822,0,0,0,0,0,0,0,0,0,-13,0,0,0
2498.63,0,0,0,0,0,2300,1.53306,0.00151915,1.54098,38,0,29,24,31,0,-2,0,0,1,57,3779,3771,-18,148,35,537,35063,34808,108,2,20,57,-68022,0,0,0,0,1,0,8,0,6,3822,0,0,0,0,0,0,0,0,0,-13,0,0,0
2498.64,0,0,0,0,0,2281,1.53313,0.00150296,1.54123,38,0,29,24,31,0,-2,0,0,1,57,3779,3772,-13,148,35,537,35063,34808,108,2,20,57,-49127,0,0,0,0,1,11,18,5,4,3813,0,0,0,0,0,0,0,0,0,1,0,0,0
2498.65,0,0,0,0,0,2266,1.5332,0.00148676,1.54148,38,0,29,24,31,0,-2,0,0,1,57,3781,3772,-10,148,35,537,35063,34808,108,2,20,57,-37810,0,0,0,0,1,3,0,0,0,3841,0,0,0,0,0,0,0,0,0,0,0,0,0
2498.66,0,0,0,0,0,2255,1.53327,0.00147056,1.54172,38,0,29,24,31,0,-2,0,0,1,57,3781,3772,-6,148,35,537,35063,34808,108,2,20,57,-22686,0,0,0,0,1,0,0,0,0,3817,0,0,0,0,0,0,0,0,0,-3,0,0,0
2498.67,0,0,0,0,0,2248,1.53334,0.00145437,1.54197,38,0,29,24,31,0,-2,0,0,1,57,3781,3772,-6,148,35,537,35063,34808,108,2,20,57,-22686,0,0,0,0,1,5,0,0,0,3841,0,0,0,0,0,0,0,0,0,3,0,0,0
2498.68,0,0,0,0,0,2247,1.53341,0.00143817,1.54222,38,0,29,24,31,0,-2,0,0,1,57,3779,3772,-5,148,35,537,35063,34808,108,2,20,57,-18895,0,0,0,0,1,0,32,0,0,3822,0,0,0,0,0,0,0,0,0,19,0,0,0
2498.69,0,0,0,0,0,2247,1.53348,0.00142198,1.54246,38,0,29,24,31,0,-2,0,0,1,57,3779,3772,-7,148,35,537,35063,34808,108,2,20,57,-26453,0,0,0,0,1,0,32,0,0,3822,0,0,0,0,0,0,0,0,0,19,0,0,0
2498.7,0,0,0,0,0,2251,1.53355,0.00140578,1.54271,38,0,29,24,31,0,-2,0,0,1,57,3778,3772,-11,148,35,537,35071,34823,108,2,20,57,-41558,0,0,0,0,1,0,0,1,0,3846,0,0,0,0,0,0,0,0,0,6,0,0,0
2498.71,0,0,0,0,0,2248,1.53364,0.00141518,1.54233,38,0,29,24,31,0,-2,0,0,1,57,3778,3772,-11,148,35,537,35071,34823,108,2,20,57,-41558,0,0,0,0,1,0,0,0,0,3822,0,0,0,0,0,0,0,0,0,-1,0,0,0
2498.72,0,0,0,0,0,2241,1.53374,0.00142458,1.54196,38,0,29,24,31,0,-2,0,0,1,57,3778,3774,-11,148,35,537,35071,34823,108,2,20,57,-41558,0,0,0,0,1,0,8,0,5,3835,0,0,0,0,0,0,0,0,0,-5,0,0,0
2498.73,0,0,0,0,0,2224,1.53383,0.00143398,1.54159,38,0,29,24,31,0,-2,0,0,1,57,3778,3774,-12,148,35,537,35071,34823,108,2,20,57,-45336,0,0,0,0,1,9,0,1,6,3820,0,0,0,0,0,0,0,0,0,-1,0,0,0
2498.74,0,0,0,0,0,2209,1.53393,0.00144337,1.54121,38,0,29,24,31,0,-2,0,0,1,57,3778,3774,-15,148,35,537,35071,34823,108,2,20,57,-56670,0,0,0,0,1,0,18,21,2,3826,0,0,0,0,0,0,0,0,0,-6,0,0,0
2498.75,0,0,0,0,0,2209,1.53402,0.00145277,1.54084,38,0,29,24,31,0,-2,0,0,1,57,3778,3774,-15,148,35,537,35071,34823,108,2,20,57,-56670,0,0,0,0,1,0,18,21,2,3826,0,0,0,0,0,0,0,0,0,-6,0,0,0
2498.76,0,0,0,0,0,2194,1.53412,0.00146217,1.54047,38,0,29,24,31,0,-2,0,0,1,57,3779,3774,-10,148,35,537,35071,34823,108,2,20,57,-37790,0,0,0,0,1,17,0,15,4,3813,0,0,0,0,0,0,0,0,0,-9,0,0,0
2498.77,0,0,0,0,0,2176,1.53421,0.00147157,1.54009,38,0,29,24,31,0,-2,0,0,1,57,3779,3774,-8,148,35,537,35071,34823,108,2,20,57,-30232,0,0,0,0,1,0,5,17,2,3833,0,0,0,0,0,0,0,0,0,-7,0,0,0
2498.78,0,0,0,0,0,2162,1.53431,0.00148097,1.53972,38,0,29,24,31,0,-2,0,0,1,57,3778,3774,-7,148,35,537,35071,34823,108,2,20,57,-26446,0,0,0,0,1,0,0,0,0,3837,0,0,0,0,0,0,0,0,0,7,0,0,0
2498.79,0,0,0,0,0,2156,1.5344,0.00149037,1.53934,38,0,29,24,31,0,-2,0,0,1,57,3778,3774,-7,148,35,537,35071,34823,108,2,20,57,-26446,0,0,0,0,1,0,0,0,0,3817,0,0,0,0,0,0,0,0,0,9,0,0,0
2498.8,0,0,0,0,0,2154,1.5345,0.00149977,1.53897,38,0,29,24,31,0,-2,0,0,1,57,3778,3774,-9,148,35,537,35064,34813,108,2,20,57,-34002,0,0,0,0,1,15,35,0,0,3824,0,0,0,0,0,0,0,0,0,27,0,0,0
2498.81,0,0,0,0,0,2154,1.53425,0.00150402,1.53917,38,0,29,24,31,0,-2,0,0,1,57,3779,3774,-6,148,35,537,35064,34813,108,2,20,57,-22674,0,0,0,0,1,15,35,0,0,3824,0,0,0,0,0,0,0,0,0,27,0,0,0
2498.82,0,0,0,0,0,2155,1.534,0.00150828,1.53938,38,0,29,24,31,0,-2,0,0,1,57,3779,3774,-8,148,35,537,35064,34813,108,2,20,57,-30232,0,0,0,0,1,1,0,0,0,3833,0,0,0,0,0,0,0,0,0,2,0,0,0
2498.83,0,0,0,0,0,2156,1.53375,0.00151253,1.53958,38,0,29,24,31,0,-2,0,0,1,57,3779,3774,-8,148,35,537,35064,34813,108,2,20,57,-30232,0,0,0,0,1,13,0,1,0,3822,0,0,0,0,0,0,0,0,0,-5,0,0,0
2498.84,0,0,0,0,0,2149,1.53349,0.00151679,1.53978,38,0,29,24,31,0,-2,0,0,1,57,3777,3774,-8,148,35,537,35064,34813,108,2,20,57,-30216,0,0,0,0,1,0,12,0,0,3822,0,0,0,0,0,0,0,0,0,-4,0,0,0
2498.85,0,0,0,0,0,2140,1.53324,0.00152104,1.53998,38,0,29,24,31,0,-2,0,0,1,57,3777,3774,-7,148,35,537,35064,34813,108,2,20,57,-26439,0,0,0,0,1,0,0,3,4,3831,0,0,0,0,0,0,0,0,0,-21,0,0,0
2498.86,0,0,0,0,0,2125,1.53299,0.0015253,1.54019,38,0,29,24,31,0,-2,0,0,1,57,3778,3774,-10,148,35,537,35064,34813,108,2,20,57,-37780,0,0,0,0,1,0,18,0,6,3841,0,0,0,0,0,0,0,0,0,-11,0,0,0
2498.87,0,0,0,0,0,2125,1.53274,0.00152955,1.54039,38,0,29,24,31,0,-2,0,0,1,57,3778,3774,-10,148,35,537,35064,34813,108,2,20,57,-37780,0,0,0,0,1,0,18,0,6,3841,0,0,0,0,0,0,0,0,0,-11,0,0,0
2498.88,0,0,0,0,0,2108,1.53249,0.00153381,1.54059,38,0,29,24,31,0,-2,0,0,1,57,3778,3774,-8,148,35,537,35064,34813,108,2,20,57,-30224,0,0,0,0,1,7,0,0,4,3813,0,0,0,0,0,0,0,0,0,-5,0,0,0
2498.89,0,0,0,0,0,2093,1.53224,0.00153806,1.5408,38,0,29,24,31,0,-2,0,0,1,57,3781,3774,-13,148,35,537,35064,34813,108,2,20,57,-49153,0,0,0,0,1,17,8,0,2,3811,0,0,0,0,0,0,0,0,0,-2,0,0,0
2498.9,0,0,0,0,0,2080,1.53199,0.00154232,1.541,38,0,29,24,32,0,-2,0,0,1,57,3781,3774,-11,148,35,537,35086,34831,108,2,66,57,-41591,0,0,0,0,1,1,16,0,0,3841,0,0,0,0,0,0,0,0,0,11,0,0,0
2498.91,0,0,0,0,0,2073,1.53196,0.00153884,1.54073,38,0,29,24,32,0,-2,0,0,1,57,3781,3774,-11,148,35,537,35086,34831,108,2,66,57,-41591,0,0,0,0,1,17,0,11,0,3837,0,0,0,0,0,0,0,0,0,11,0,0,0
2498.92,0,0,0,0,0,2069,1.53193,0.00153537,1.54046,38,0,29,24,32,0,-2,0,0,1,57,3781,3774,-3,148,35,537,35086,34831,108,2,66,57,-11343,0,0,0,0,1,0,0,0,0,3841,0,0,0,0,0,0,0,0,0,2,0,0,0
2498.93,0,0,0,0,0,2069,1.53189,0.00153189,1.54019,38,0,29,24,32,0,-2,0,0,1,57,3781,3774,-5,148,35,537,35086,34831,108,2,66,57,-18905,0,0,0,0,1,0,0,0,0,3841,0,0,0,0,0,0,0,0,0,2,0,0,0
2498.94,0,0,0,0,0,2067,1.53186,0.00152842,1.53992,38,0,29,24,32,0,-2,0,0,1,57,3779,3774,-1,148,35,537,35086,34831,108,2,66,57,-3779,0,0,0,0,1,21,0,13,0,3843,0,0,0,0,0,0,0,0,0,0,0,0,0
2498.95,0,0,0,0,0,2061,1.53183,0.00152494,1.53965,38,0,29,24,32,0,-2,0,0,1,57,3779,3774,-1,148,35,537,35086,34831,108,2,66,57,-3779,0,0,0,0,1,0,0,0,0,3824,0,0,0,0,0,0,0,0,0,5,0,0,0
2498.96,0,0,0,0,0,2053,1.5318,0.00152146,1.53938,38,0,29,24,32,0,-2,0,0,1,57,3779,3774,-7,148,35,537,35086,34831,108,2,66,57,-26453,0,0,0,0,1,1,5,7,0,3815,0,0,0,0,0,0,0,0,0,-9,0,0,0
2498.97,0,0,0,0,0,2044,1.53177,0.00151799,1.53911,38,0,29,24,32,0,-2,0,0,1,57,3778,3774,-7,148,35,537,35086,34831,108,2,66,57,-26446,0,0,0,0,1,13,0,0,1,3820,0,0,0,0,0,0,0,0,0,-4,0,0,0
2498.98,0,0,0,0,0,2033,1.53174,0.00151451,1.53884,38,0,29,24,32,0,-2,0,0,1,57,3778,3774,-11,148,35,537,35086,34831,108,2,66,57,-41558,0,0,0,0,1,0,12,0,0,3820,0,0,0,0,0,0,0,0,0,5,0,0,0
2498.99,0,0,0,0,0,2033,1.53171,0.00151104,1.53857,38,0,29,24,32,0,-2,0,0,1,57,3778,3774,-11,148,35,537,35086,34831,108,2,66,57,-41558,0,0,0,0,1,0,12,0,0,3820,0,0,0,0,0,0,0,0,0,5,0,0,0
2499,0,0,0,0,0,2023,1.53168,0.00150756,1.5383,38,0,29,24,31,0,-2,0,0,1,57,3779,3774,-14,148,35,537,35073,34818,108,2,66,57,-52906,0,0,0,0,1,0,8,1,0,3822,0,0,0,0,0,0,0,0,0,9,0,0,0
2499.01,0,0,0,0,0,2014,1.53199,0.00150859,1.53835,38,0,29,24,31,0,-2,0,0,1,57,3779,3774,-13,148,35,537,35073,34818,108,2,66,57,-49127,0,0,0,0,1,0,0,11,0,3817,0,0,0,0,0,0,0,0,0,0,0,0,0
2499.02,0,0,0,0,0,2006,1.53231,0.00150963,1.53839,38,0,29,24,31,0,-2,0,0,1,57,3782,3774,-9,148,35,537,35073,34818,108,2,66,57,-34038,0,0,0,0,1,0,0,0,0,3817,0,0,0,0,0,0,0,0,0,-2,0,0,0
2499.03,0,0,0,0,0,1999,1.53262,0.00151066,1.53844,38,0,29,24,31,0,-2,0,0,1,57,3782,3774,-9,148,35,537,35073,34818,108,2,66,57,-34038,0,0,0,0,1,0,12,0,0,3826,0,0,0,0,0,0,0,0,0,0,0,0,0
2499.04,0,0,0,0,0,1991,1.53294,0.00151169,1.53849,38,0,29,24,31,0,-2,0,0,1,57,3782,3774,-3,148,35,537,35073,34818,108,2,66,57,-11346,0,0,0,0,1,1,20,0,0,3822,0,0,0,0,0,0,0,0,0,9,0,0,0
2499.05,0,0,0,0,0,1991,1.53326,0.00151272,1.53854,38,0,29,24,31,0,-2,0,0,1,57,3779,3774,0,148,35,537,35073,34818,108,2,66,57,0,0,0,0,0,1,1,20,0,0,3822,0,0,0,0,0,0,0,0,0,9,0,0,0
2499.06,0,0,0,0,0,1984,1.53357,0.00151376,1.53859,38,0,29,24,31,0,-2,0,0,1,57,3779,3774,-3,148,35,537,35073,34818,108,2,66,57,-11337,0,0,0,0,1,0,12,7,0,3813,0,0,0,0,0,0,0,0,0,7,0,0,0
2499.07,0,0,0,0,0,1975,1.53389,0.00151479,1.53863,38,0,29,24,31,0,-2,0,0,1,57,3779,3774,-3,148,35,537,35073,34818,108,2,66,57,-11337,0,0,0,0,1,0,0,0,0,3824,0,0,0,0,0,0,0,0,0,-1,0,0,0
2499.08,0,0,0,0,0,1965,1.5342,0.00151582,1.53868,38,0,29,24,31,0,-2,0,0,1,57,3779,3774,-3,148,35,537,35073,34818,108,2,66,57,-11337,0,0,0,0,1,5,0,0,2,3820,0,0,0,0,0,0,0,0,0,-1,0,0,0
2499.09,0,0,0,0,0,1955,1.53452,0.00151686,1.53873,38,0,29,24,31,0,-2,0,0,1,57,3777,3774,-6,148,35,537,35073,34818,108,2,66,57,-22662,0,0,0,0,1,11,0,0,2,3817,0,0,0,0,0,0,0,0,0,0,0,0,0
2499.1,0,0,0,0,0,1944,1.53484,0.00151789,1.53878,38,0,29,24,31,0,-2,0,0,1,57,3777,3774,-7,148,35,537,35071,34820,108,2,20,57,-26439,0,0,0,0,1,27,2,0,2,3820,0,0,0,0,0,0,0,0,0,-14,0,0,0
2499.11,0,0,0,0,0,1944,1.5348,0.00151255,1.53878,38,0,29,24,31,0,-2,0,0,1,57,3777,3774,-7,148,35,537,35071,34820,108,2,20,57,-26439,0,0,0,0,1,27,2,0,2,3820,0,0,0,0,0,0,0,0,0,-14,0,0,0
2499.12,0,0,0,0,0,1937,1.53476,0.00150721,1.53878,38,0,29,24,31,0,-2,0,0,1,57,3779,3775,-11,148,35,537,35071,34820,108,2,20,57,-41569,0,0,0,0,1,3,5,0,0,3833,0,0,0,0,0,0,0,0,0,-14,0,0,0
2499.13,0,0,0,0,0,1930,1.53473,0.00150188,1.53878,38,0,29,24,31,0,-2,0,0,1,57,3779,3775,-12,148,35,537,35071,34820,108,2,20,57,-45348,0,0,0,0,1,0,16,11,0,3831,0,0,0,0,0,0,0,0,0,-6,0,0,0
2499.14,0,0,0,0,0,1926,1.53469,0.00149654,1.53878,38,0,29,24,31,0,-2,0,0,1,57,3779,3775,-9,148,35,537,35071,34820,108,2,20,57,-34011,0,0,0,0,1,0,0,3,0,3833,0,0,0,0,0,0,0,0,0,17,0,0,0
2499.15,0,0,0,0,0,1925,1.53466,0.0014912,1.53878,38,0,29,24,31,0,-2,0,0,1,57,3779,3775,-9,148,35,537,35071,34820,108,2,20,57,-34011,0,0,0,0,1,0,10,0,0,3833,0,0,0,0,0,0,0,0,0,12,0,0,0
2499.16,0,0,0,0,0,1918,1.53462,0.00148586,1.53878,38,0,29,24,31,0,-2,0,0,1,57,3781,3775,-2,148,35,537,35071,34820,108,2,20,57,-7562,0,0,0,0,1,0,0,1,4,3820,0,0,0,0,0,0,0,0,0,0,0,0,0
2499.17,0,0,0,0,0,1918,1.53458,0.00148052,1.53878,38,0,29,24,31,0,-2,0,0,1,57,3779,3775,-1,148,35,537,35071,34820,108,2,20,57,-3779,0,0,0,0,1,0,0,1,4,3820,0,0,0,0,0,0,0,0,0,0,0,0,0
2499.18,0,0,0,0,0,1908,1.53455,0.00147518,1.53878,38,0,29,24,31,0,-2,0,0,1,57,3779,3775,0,148,35,537,35071,34820,108,2,20,57,0,0,0,0,0,1,17,2,0,7,3811,0,0,0,0,0,0,0,0,0,-7,0,0,0
2499.19,0,0,0,0,0,1898,1.53451,0.00146985,1.53879,38,0,29,24,31,0,-2,0,0,1,57,3779,3775,0,148,35,537,35071,34820,108,2,20,57,0,0,0,0,0,1,0,16,0,8,3829,0,0,0,0,0,0,0,0,0,-9,0,0,0
2499.2,0,0,0,0,0,1888,1.53448,0.00146451,1.53879,38,0,29,24,31,0,-2,0,0,1,57,3778,3775,-2,148,35,537,35060,34799,109,2,66,98,-7556,0,0,0,0,1,0,32,11,8,3839,0,0,0,0,0,0,0,0,0,-18,0,0,0
2499.21,0,0,0,0,0,1876,1.53417,0.00146076,1.5389,38,0,29,24,31,0,-2,0,0,1,57,3778,3775,-3,148,35,537,35060,34799,109,2,66,98,-11334,0,0,0,0,1,0,0,19,8,3833,0,0,0,0,0,0,0,0,0,-28,0,0,0
2499.22,0,0,0,0,0,1866,1.53387,0.00145702,1.53902,38,0,29,24,31,0,-2,0,0,1,57,3778,3775,-6,148,35,537,35060,34799,109,2,66,98,-22668,0,0,0,0,1,35,5,0,6,3820,0,0,0,0,0,0,0,0,0,-11,0,0,0
2499.23,0,0,0,0,0,1866,1.53357,0.00145328,1.53913,38,0,29,24,31,0,-2,0,0,1,57,3778,3775,-6,148,35,537,35060,34799,109,2,66,98,-22668,0,0,0,0,1,35,5,0,6,3820,0,0,0,0,0,0,0,0,0,-11,0,0,0
2499.24,0,0,0,0,0,1857,1.53326,0.00144954,1.53925,38,0,29,24,31,0,-2,0,0,1,57,3779,3775,-7,148,35,537,35060,34799,109,2,66,98,-26453,0,0,0,0,1,1,24,0,5,3839,0,0,0,0,0,0,0,0,0,-16,0,0,0
2499.25,0,0,0,0,0,1852,1.53296,0.0014458,1.53937,38,0,29,24,31,0,-2,0,0,1,57,3780,3775,-10,148,35,537,35060,34799,109,2,66,98,-37800,0,0,0,0,1,0,0,32,3,3826,0,0,0,0,0,0,0,0,0,0,0,0,0
2499.26,0,0,0,0,0,1849,1.53266,0.00144205,1.53948,38,0,29,24,31,0,-2,0,0,1,57,3780,3775,-6,148,35,537,35060,34799,109,2,66,98,-22680,0,0,0,0,1,17,2,0,5,3813,0,0,0,0,0,0,0,0,0,-1,0,0,0
2499.27,0,0,0,0,0,1849,1.53235,0.00143831,1.5396,38,0,29,24,31,0,-2,0,0,1,57,3780,3775,-6,148,35,537,35060,34799,109,2,66,98,-22680,0,0,0,0,1,1,16,0,5,3822,0,0,0,0,0,0,0,0,0,-11,0,0,0
2499.28,0,0,0,0,0,1845,1.53205,0.00143457,1.53971,38,0,29,24,31,0,-2,0,0,1,57,3780,3775,-3,148,35,537,35060,34799,109,2,66,98,-11340,0,0,0,0,1,0,32,11,6,3837,0,0,0,0,0,0,0,0,0,-16,0,0,0
2499.29,0,0,0,0,0,1845,1.53175,0.00143083,1.53983,38,0,29,24,31,0,-2,0,0,1,57,3779,3775,-5,148,35,537,35060,34799,109,2,66,98,-18895,0,0,0,0,1,0,32,11,6,3837,0,0,0,0,0,0,0,0,0,-16,0,0,0
2499.3,0,0,0,0,0,1837,1.53144,0.00142708,1.53995,38,0,29,24,31,0,-2,0,0,1,57,3779,3775,-4,148,35,537,35072,34820,109,2,20,57,-15116,0,0,0,0,1,11,0,21,7,3822,0,0,0,0,0,0,0,0,0,-12,0,0,0
2499.31,0,0,0,0,0,1828,1.53165,0.00143664,1.54,38,0,29,24,31,0,-2,0,0,1,57,3779,3775,-4,148,35,537,35072,34820,109,2,20,57,-15116,0,0,0,0,1,19,10,0,8,3822,0,0,0,0,0,0,0,0,0,-19,0,0,0
2499.32,0,0,0,0,0,1820,1.53186,0.00144619,1.54006,38,0,29,24,31,0,-2,0,0,1,57,3779,3775,-4,148,35,537,35072,34820,109,2,20,57,-15116,0,0,0,0,1,0,10,11,7,3831,0,0,0,0,0,0,0,0,0,-18,0,0,0
2499.33,0,0,0,0,0,1812,1.53206,0.00145574,1.54012,38,0,29,24,31,0,-2,0,0,1,57,3779,3775,-3,148,35,537,35072,34820,109,2,20,57,-11337,0,0,0,0,1,35,0,0,10,3815,0,0,0,0,0,0,0,0,0,-13,0,0,0
2499.34,0,0,0,0,0,1806,1.53227,0.00146529,1.54018,38,0,29,24,31,0,-2,0,0,1,57,3779,3775,-7,148,35,537,35072,34820,109,2,20,57,-26453,0,0,0,0,1,0,34,0,10,3833,0,0,0,0,0,0,0,0,0,-19,0,0,0
2499.35,0,0,0,0,0,1806,1.53247,0.00147485,1.54023,38,0,29,24,31,0,-2,0,0,1,57,3779,3775,-7,148,35,537,35072,34820,109,2,20,57,-26453,0,0,0,0,1,0,34,0,10,3833,0,0,0,0,0,0,0,0,0,-19,0,0,0
2499.36,0,0,0,0,0,1799,1.53268,0.0014844,1.54029,38,0,29,24,31,0,-2,0,0,1,57,3779,3775,-6,148,35,537,35072,34820,109,2,20,57,-22674,0,0,0,0,1,0,0,48,11,3829,0,0,0,0,0,0,0,0,0,-31,0,0,0
2499.37,0,0,0,0,0,1790,1.53288,0.00149395,1.54035,38,0,29,24,31,0,-2,0,0,1,57,3779,3775,-5,148,35,537,35072,34820,109,2,20,57,-18895,0,0,0,0,1,30,10,0,10,3820,0,0,0,0,0,0,0,0,0,-31,0,0,0
2499.38,0,0,0,0,0,1782,1.53309,0.00150351,1.54041,38,0,29,24,31,0,-2,0,0,1,57,3780,3775,-3,148,35,537,35072,34820,109,2,20,57,-11340,0,0,0,0,1,0,24,52,8,3826,0,0,0,0,0,0,0,0,0,-10,0,0,0
2499.39,0,0,0,0,0,1775,1.53329,0.00151306,1.54047,38,0,29,24,31,0,-2,0,0,1,57,3780,3775,-3,148,35,537,35072,34820,109,2,20,57,-11340,0,0,0,0,1,29,0,0,11,3822,0,0,0,0,0,0,0,0,0,-26,0,0,0
2499.4,0,0,0,0,0,1771,1.5335,0.00152261,1.54052,38,0,29,24,31,0,-2,0,0,1,57,3779,3775,0,148,35,537,35080,34831,108,2,20,57,0,0,0,0,0,1,0,30,0,13,3835,0,0,0,0,0,0,0,0,0,-32,0,0,0
2499.41,0,0,0,0,0,1771,1.53353,0.0015167,1.54034,38,0,29,24,31,0,-2,0,0,1,57,3779,3775,-2,148,35,537,35080,34831,108,2,20,57,-7558,0,0,0,0,1,0,30,0,13,3835,0,0,0,0,0,0,0,0,0,-32,0,0,0
2499.42,0,0,0,0,0,1765,1.53355,0.00151079,1.54016,38,0,29,24,31,0,-2,0,0,1,57,3779,3775,-1,148,35,537,35080,34831,108,2,20,57,-3779,0,0,0,0,1,42,0,0,10,3811,0,0,0,0,0,0,0,0,0,-23,0,0,0
2499.43,0,0,0,0,0,1761,1.53358,0.00150488,1.53997,38,0,29,24,31,0,-2,0,0,1,57,3779,3775,-1,148,35,537,35080,34831,108,2,20,57,-3779,0,0,0,0,1,0,43,17,8,3831,0,0,0,0,0,0,0,0,0,-20,0,0,0
2499.44,0,0,0,0,0,1755,1.5336,0.00149898,1.53979,38,0,29,24,31,0,-2,0,0,1,57,3777,3776,-3,148,35,537,35080,34831,108,2,20,57,-11331,0,0,0,0,1,30,0,9,10,3815,0,0,0,0,0,0,0,0,0,-16,0,0,0
2499.45,0,0,0,0,0,1752,1.53363,0.00149307,1.5396,38,0,29,24,31,0,-2,0,0,1,57,3777,3776,-3,148,35,537,35080,34831,108,2,20,57,-11331,0,0,0,0,1,0,40,0,11,3837,0,0,0,0,0,0,0,0,0,-24,0,0,0
2499.46,0,0,0,0,0,1746,1.53365,0.00148716,1.53942,38,0,29,24,31,0,-2,0,0,1,57,3779,3776,-2,148,35,537,35080,34831,108,2,20,57,-7558,0,0,0,0,1,24,0,0,10,3817,0,0,0,0,0,0,0,0,0,-20,0,0,0
2499.47,0,0,0,0,0,1746,1.53368,0.00148125,1.53924,38,0,29,24,31,0,-2,0,0,1,57,3779,3776,-2,148,35,537,35080,34831,108,2,20,57,-7558,0,0,0,0,1,24,0,0,10,3817,0,0,0,0,0,0,0,0,0,-20,0,0,0
2499.48,0,0,0,0,0,1740,1.53371,0.00147534,1.53905,38,0,29,24,31,0,-2,0,0,1,57,3779,3776,2,148,35,537,35080,34831,108,2,20,57,7558,0,0,0,0,1,0,46,7,8,3826,0,0,0,0,0,0,0,0,0,-24,0,0,0
2499.49,0,0,0,0,0,1733,1.53373,0.00146943,1.53887,38,0,29,24,31,0,-2,0,0,1,57,3779,3776,4,148,35,537,35080,34831,108,2,20,57,15116,0,0,0,0,1,41,0,0,11,3809,0,0,0,0,0,0,0,0,0,-22,0,0,0
2499.5,0,0,0,0,0,1730,1.53376,0.00146352,1.53869,38,0,29,24,31,0,-2,0,0,1,57,3779,3776,2,148,35,537,35070,34820,108,2,20,57,7558,0,0,0,0,1,0,30,21,13,3835,0,0,0,0,0,0,0,0,0,-33,0,0,0
2499.51,0,0,0,0,0,1723,1.5336,0.00146174,1.53892,38,0,29,24,31,0,-2,0,0,1,57,3779,3776,2,148,35,537,35070,34820,108,2,20,57,7558,0,0,0,0,1,42,0,0,13,3813,0,0,0,0,0,0,0,0,0,-36,0,0,0
2499.52,0,0,0,0,0,1716,1.53343,0.00145996,1.53915,38,0,29,24,31,0,-2,0,0,1,57,3777,3777,4,148,35,537,35070,34820,108,2,20,57,15108,0,0,0,0,1,0,0,54,10,3833,0,0,0,0,0,0,0,0,0,-13,0,0,0
2499.53,0,0,0,0,0,1716,1.53327,0.00145817,1.53938,38,0,29,24,31,0,-2,0,0,1,57,3777,3777,3,148,35,537,35070,34820,108,2,20,57,11331,0,0,0,0,1,0,0,54,10,3833,0,0,0,0,0,0,0,0,0,-13,0,0,0
2499.54,0,0,0,0,0,1711,1.53311,0.00145639,1.53961,38,0,29,24,31,0,-2,0,0,1,57,3776,3777,3,149,35,537,35070,34820,108,2,20,57,11328,0,0,0,0,1,30,12,0,13,3817,0,0,0,0,0,0,0,0,0,-27,0,0,0
2499.55,0,0,0,0,0,1706,1.53295,0.00145461,1.53984,38,0,29,24,31,0,-2,0,0,1,57,3776,3777,3,149,35,537,35070,34820,108,2,20,57,11328,0,0,0,0,1,5,0,1,13,3826,0,0,0,0,0,0,0,0,0,-48,0,0,0
2499.56,0,0,0,0,0,1701,1.53279,0.00145282,1.54007,38,0,29,24,31,0,-2,0,0,1,57,3777,3777,1,149,35,537,35070,34820,108,2,20,57,3777,0,0,0,0,1,0,57,0,11,3826,0,0,0,0,0,0,0,0,0,-34,0,0,0
2499.57,0,0,0,0,0,1695,1.53263,0.00145104,1.5403,38,0,29,24,31,0,-2,0,0,1,57,3777,3777,2,149,35,537,35070,34820,108,2,20,57,7554,0,0,0,0,1,68,0,0,13,3817,0,0,0,0,0,0,0,0,0,-36,0,0,0
2499.58,0,0,0,0,0,1692,1.53247,0.00144926,1.54053,38,0,29,24,31,0,-2,0,0,1,57,3777,3777,0,149,35,537,35070,34820,108,2,20,57,0,0,0,0,0,1,0,0,52,13,3829,0,0,0,0,0,0,0,0,0,-27,0,0,0
2499.59,0,0,0,0,0,1692,1.53231,0.00144747,1.54076,38,0,29,24,31,0,-2,0,0,1,57,3777,3777,0,149,35,537,35070,34820,108,2,20,57,0,0,0,0,0,1,0,0,52,13,3829,0,0,0,0,0,0,0,0,0,-27,0,0,0
2499.6,0,0,0,0,0,1687,1.53215,0.00144569,1.54099,38,0,29,24,31,0,-2,0,0,1,57,3778,3777,2,149,35,537,35063,34809,108,2,20,98,7556,0,0,0,0,1,24,47,0,12,3822,0,0,0,0,0,0,0,0,0,-43,0,0,0
2499.61,0,0,0,0,0,1679,1.53231,0.00145015,1.54106,38,0,29,24,31,0,-2,0,0,1,57,3778,3777,3,149,35,537,35063,34809,108,2,20,98,11334,0,0,0,0,1,32,0,19,13,3813,0,0,0,0,0,0,0,0,0,-27,0,0,0
2499.62,0,0,0,0,0,1675,1.53248,0.00145462,1.54113,38,0,29,24,31,0,-2,0,0,1,57,3778,3777,6,149,35,537,35063,34809,108,2,20,98,22668,0,0,0,0,1,0,40,13,15,3826,0,0,0,0,0,0,0,0,0,-36,0,0,0
2499.63,0,0,0,0,0,1671,1.53265,0.00145908,1.5412,38,0,29,24,31,0,-2,0,0,1,57,3778,3777,6,149,35,537,35063,34809,108,2,20,98,22668,0,0,0,0,1,35,28,0,13,3811,0,0,0,0,0,0,0,0,0,-41,0,0,0
2499.64,0,0,0,0,0,1664,1.53282,0.00146355,1.54127,38,0,29,24,31,0,-2,0,0,1,57,3776,3777,7,149,35,537,35063,34809,108,2,20,98,26432,0,0,0,0,1,27,0,29,12,3813,0,0,0,0,0,0,0,0,0,-27,0,0,0
2499.65,0,0,0,0,0,1664,1.53299,0.00146801,1.54133,38,0,29,24,31,0,-2,0,0,1,57,3776,3777,7,149,35,537,35063,34809,108,2,20,98,26432,0,0,0,0,1,27,0,29,12,3813,0,0,0,0,0,0,0,0,0,-27,0,0,0
2499.66,0,0,0,0,0,1661,1.53316,0.00147247,1.5414,38,0,29,24,31,0,-2,0,0,1,57,3776,3777,7,149,35,537,35063,34809,108,2,20,98,26432,0,0,0,0,1,0,38,19,15,3826,0,0,0,0,0,0,0,0,0,-35,0,0,0
2499.67,0,0,0,0,0,1654,1.53333,0.00147694,1.54147,38,0,29,24,31,0,-2,0,0,1,57,3776,3777,7,149,35,537,35063,34809,108,2,20,98,26432,0,0,0,0,1,21,28,0,13,3822,0,0,0,0,0,0,0,0,0,-48,0,0,0
2499.68,0,0,0,0,0,1646,1.5335,0.0014814,1.54154,38,0,29,24,31,0,-2,0,0,1,57,3776,3777,9,149,35,537,35063,34809,108,2,20,98,33984,0,0,0,0,1,38,0,15,14,3813,0,0,0,0,0,0,0,0,0,-31,0,0,0
2499.69,0,0,0,0,0,1642,1.53367,0.00148587,1.54161,38,0,29,24,31,0,-2,0,0,1,57,3776,3777,9,149,35,537,35063,34809,108,2,20,98,33984,0,0,0,0,1,0,0,36,16,3829,0,0,0,0,0,0,0,0,0,-54,0,0,0
2499.7,0,0,0,0,0,1635,1.53384,0.00149033,1.54168,38,0,29,24,31,0,-2,0,0,1,56,3775,3777,9,149,35,537,35038,34774,108,2,20,98,33975,0,0,0,0,1,0,88,0,16,3826,0,0,0,0,0,0,0,0,0,-53,0,0,0
2499.71,0,0,0,0,0,1635,1.534,0.0014842,1.54133,38,0,29,24,31,0,-2,0,0,1,56,3775,3777,9,149,35,537,35038,34774,108,2,20,98,33975,0,0,0,0,1,0,88,0,16,3826,0,0,0,0,0,0,0,0,0,-53,0,0,0
2499.72,0,0,0,0,0,1622,1.53416,0.00147806,1.54099,38,0,29,24,31,0,-2,0,0,1,56,3775,3777,8,149,35,537,35038,34774,108,2,20,98,30200,0,0,0,0,1,44,0,0,16,3807,0,0,0,0,0,0,0,0,0,-36,0,0,0
2499.73,0,0,0,0,0,1610,1.53431,0.00147193,1.54065,38,0,29,24,31,0,-2,0,0,1,56,3775,3777,9,149,35,537,35038,34774,108,2,20,98,33975,0,0,0,0,1,27,0,54,17,3815,0,0,0,0,0,0,0,0,0,-46,0,0,0
2499.74,0,0,0,0,0,1603,1.53447,0.00146579,1.54031,38,0,29,24,31,0,-2,0,0,1,56,3775,3777,8,149,35,537,35038,34774,108,2,20,98,30200,0,0,0,0,1,0,0,83,15,3826,0,0,0,0,0,0,0,0,0,-23,0,0,0
2499.75,0,0,0,0,0,1603,1.53463,0.00145966,1.53997,38,0,29,24,31,0,-2,0,0,1,56,3775,3777,8,149,35,537,35038,34774,108,2,20,98,30200,0,0,0,0,1,0,40,15,17,3826,0,0,0,0,0,0,0,0,0,-41,0,0,0
2499.76,0,0,0,0,0,1601,1.53479,0.00145353,1.53962,38,0,29,24,31,0,-2,0,0,1,56,3775,3778,7,149,35,537,35038,34774,108,2,20,98,26425,0,0,0,0,1,0,61,0,13,3826,0,0,0,0,0,0,0,0,0,-41,0,0,0
2499.77,0,0,0,0,0,1601,1.53495,0.00144739,1.53928,38,0,29,24,31,0,-2,0,0,1,56,3775,3778,7,149,35,537,35038,34774,108,2,20,98,26425,0,0,0,0,1,0,61,0,13,3826,0,0,0,0,0,0,0,0,0,-41,0,0,0
2499.78,0,0,0,0,0,1598,1.5351,0.00144126,1.53894,38,0,29,24,31,0,-2,0,0,1,56,3775,3778,8,149,35,537,35038,34774,108,2,20,98,30200,0,0,0,0,1,54,0,0,13,3811,0,0,0,0,0,0,0,0,0,-34,0,0,0
2499.79,0,0,0,0,0,1593,1.53526,0.00143512,1.5386,38,0,29,24,31,0,-2,0,0,1,56,3775,3778,8,149,35,537,35038,34774,108,2,20,98,30200,0,0,0,0,1,17,0,17,13,3817,0,0,0,0,0,0,0,0,0,-34,0,0,0
2499.8,0,0,0,0,0,1582,1.53542,0.00142899,1.53826,38,0,29,24,31,0,-2,0,0,1,57,3776,3778,10,149,35,537,35039,34778,108,2,20,98,37760,0,0,0,0,1,0,0,87,13,3829,0,0,0,0,0,0,0,0,0,-26,0,0,0
2499.81,0,0,0,0,0,1579,1.53539,0.00143503,1.53875,38,0,29,24,31,0,-2,0,0,1,57,3775,3778,10,149,35,537,35039,34778,108,2,20,98,37750,0,0,0,0,1,0,34,19,16,3829,0,0,0,0,0,0,0,0,0,-54,0,0,0
2499.82,0,0,0,0,0,1577,1.53536,0.00144107,1.53925,38,0,29,24,31,0,-2,0,0,1,57,3775,3778,10,149,35,537,35039,34778,108,2,20,98,37750,0,0,0,0,1,0,73,3,13,3826,0,0,0,0,0,0,0,0,0,-41,0,0,0
2499.83,0,0,0,0,0,1577,1.53533,0.0014471,1.53975,38,0,29,24,31,0,-2,0,0,1,57,3775,3778,10,149,35,537,35039,34778,108,2,20,98,37750,0,0,0,0,1,0,73,3,13,3826,0,0,0,0,0,0,0,0,0,-41,0,0,0
2499.84,0,0,0,0,0,1576,1.53529,0.00145314,1.54025,38,0,29,24,31,0,-2,0,0,1,57,3775,3778,10,149,35,537,35039,34778,108,2,20,98,37750,0,0,0,0,1,3,40,0,13,3822,0,0,0,0,0,0,0,0,0,-28,0,0,0
2499.85,0,0,0,0,0,1573,1.53526,0.00145918,1.54074,38,0,29,24,31,0,-2,0,0,1,57,3775,3779,12,149,35,537,35039,34778,108,2,20,98,45300,0,0,0,0,1,38,16,0,12,3805,0,0,0,0,0,0,0,0,0,-35,0,0,0
2499.86,0,0,0,0,0,1567,1.53523,0.00146522,1.54124,38,0,29,24,31,0,-2,0,0,1,57,3775,3779,11,149,35,537,35039,34778,108,2,20,98,41525,0,0,0,0,1,50,0,0,10,3817,0,0,0,0,0,0,0,0,0,-23,0,0,0
2499.87,0,0,0,0,0,1563,1.5352,0.00147125,1.54174,38,0,29,24,31,0,-2,0,0,1,57,3775,3779,11,149,35,537,35039,34778,108,2,20,98,41525,0,0,0,0,1,7,0,27,12,3813,0,0,0,0,0,0,0,0,0,-38,0,0,0
2499.88,0,0,0,0,0,1557,1.53517,0.00147729,1.54224,38,0,29,24,31,0,-2,0,0,1,57,3774,3779,12,149,35,537,35039,34778,108,2,20,98,45288,0,0,0,0,1,0,0,68,11,3831,0,0,0,0,0,0,0,0,0,-32,0,0,0
2499.89,0,0,0,0,0,1557,1.53514,0.00148333,1.54273,38,0,29,24,31,0,-2,0,0,1,57,3775,3779,11,149,35,537,35039,34778,108,2,20,98,41525,0,0,0,0,1,0,0,68,11,3831,0,0,0,0,0,0,0,0,0,-32,0,0,0
2499.9,0,0,0,0,0,1554,1.5351,0.00148937,1.54323,38,0,29,24,31,0,-2,0,0,1,57,3775,3779,11,149,35,537,35034,34768,108,2,20,98,41525,0,0,0,0,1,0,0,38,14,3833,0,0,0,0,0,0,0,0,0,-27,0,0,0
2499.91,0,0,0,0,0,1546,1.53489,0.00148871,1.54302,38,0,29,24,31,0,-2,0,0,1,57,3775,3779,11,149,35,537,35034,34768,108,2,20,98,41525,0,0,0,0,1,0,63,36,13,3829,0,0,0,0,0,0,0,0,0,-38,0,0,0
2499.92,0,0,0,0,0,1539,1.53467,0.00148805,1.54281,38,0,29,24,31,0,-2,0,0,1,57,3775,3779,10,149,35,537,35034,34768,108,2,20,98,37750,0,0,0,0,1,0,55,0,16,3835,0,0,0,0,0,0,0,0,0,-35,0,0,0
2499.93,0,0,0,0,0,1532,1.53445,0.00148739,1.5426,38,0,29,24,31,0,-2,0,0,1,57,3775,3780,12,149,35,537,35034,34768,108,2,20,98,45300,0,0,0,0,1,0,87,0,15,3831,0,0,0,0,0,0,0,0,0,-49,0,0,0
2499.94,0,0,0,0,0,1527,1.53424,0.00148673,1.54239,38,0,29,24,31,0,-2,0,0,1,57,3775,3780,11,149,35,537,35034,34768,108,2,20,98,41525,0,0,0,0,1,0,53,0,16,3837,0,0,0,0,0,0,0,0,0,-30,0,0,0
2499.95,0,0,0,0,0,1527,1.53402,0.00148607,1.54217,38,0,29,24,31,0,-2,0,0,1,57,3775,3780,11,149,35,537,35034,34768,108,2,20,98,41525,0,0,0,0,1,0,53,0,16,3837,0,0,0,0,0,0,0,0,0,-30,0,0,0
2499.96,0,0,0,0,0,1523,1.5338,0.00148541,1.54196,38,0,29,24,31,0,-2,0,0,1,57,3774,3780,12,149,35,537,35034,34768,108,2,20,98,45288,0,0,0,0,1,13,67,0,16,3824,0,0,0,0,0,0,0,0,0,-50,0,0,0
2499.97,0,0,0,0,0,1520,1.53359,0.00148475,1.54175,38,0,29,24,31,0,-2,0,0,1,57,3775,3780,12,149,35,537,35034,34768,108,2,20,98,45300,0,0,0,0,1,23,43,0,16,3817,0,0,0,0,0,0,0,0,0,-40,0,0,0
2499.98,0,0,0,0,0,1519,1.53337,0.00148409,1.54154,38,0,29,24,31,0,-2,0,0,1,57,3775,3780,12,149,35,537,35034,34768,108,2,20,98,45300,0,0,0,0,1,48,49,0,15,3811,0,0,0,0,0,0,0,0,0,-31,0,0,0
2499.99,0,0,0,0,0,1514,1.53315,0.00148343,1.54133,38,0,29,24,31,0,-2,0,0,1,57,3775,3780,12,149,35,537,35034,34768,108,2,20,98,45300,0,0,0,0,1,36,34,0,15,3815,0,0,0,0,0,0,0,0,0,-40,0,0,0
2500,0,0,0,0,0,1511,1.53294,0.00148277,1.54112,38,0,29,24,32,0,-2,0,0,1,57,3774,3780,13,149,35,537,35031,34765,108,2,20,98,49062,0,0,0,0,1,36,28,0,15,3824,0,0,0,0,0,0,0,0,0,-37,0,0,0
2500.01,0,0,0,0,0,1511,1.53298,0.00146881,1.54096,38,0,29,24,32,0,-2,0,0,1,57,3774,3780,14,149,35,537,35031,34765,108,2,20,98,52836,0,0,0,0,1,36,28,0,15,3824,0,0,0,0,0,0,0,0,0,-37,0,0,0
2500.02,0,0,0,0,0,1507,1.53302,0.00145485,1.5408,38,0,29,24,32,0,-2,0,0,1,57,3774,3780,14,149,35,537,35031,34765,108,2,20,98,52836,0,0,0,0,1,30,20,0,14,3813,0,0,0,0,0,0,0,0,0,-37,0,0,0
2500.03,0,0,0,0,0,1504,1.53306,0.00144089,1.54064,38,0,29,24,32,0,-2,0,0,1,57,3774,3780,14,149,35,537,35031,34765,108,2,20,98,52836,0,0,0,0,1,54,34,0,14,3809,0,0,0,0,0,0,0,0,0,-34,0,0,0
2500.04,0,0,0,0,0,1499,1.53311,0.00142694,1.54047,38,0,29,24,32,0,-2,0,0,1,57,3774,3780,15,149,35,537,35031,34765,108,2,20,98,56610,0,0,0,0,1,27,14,0,13,3815,0,0,0,0,0,0,0,0,0,-27,0,0,0
2500.05,0,0,0,0,0,1497,1.53315,0.00141298,1.54031,38,0,29,24,32,0,-2,0,0,1,57,3774,3780,15,149,35,537,35031,34765,108,2,20,98,56610,0,0,0,0,1,41,28,0,14,3817,0,0,0,0,0,0,0,0,0,-34,0,0,0
2500.06,0,0,0,0,0,1489,1.53319,0.00139902,1.54015,38,0,29,24,32,0,-2,0,0,1,57,3774,3780,15,149,35,537,35031,34765,108,2,20,98,56610,0,0,0,0,1,27,8,0,13,3820,0,0,0,0,0,0,0,0,0,-22,0,0,0
2500.07,0,0,0,0,0,1489,1.53323,0.00138507,1.53999,38,0,29,24,32,0,-2,0,0,1,57,3774,3780,15,149,35,537,35031,34765,108,2,20,98,56610,0,0,0,0,1,27,8,0,13,3820,0,0,0,0,0,0,0,0,0,-22,0,0,0
2500.08,0,0,0,0,0,1481,1.53328,0.00137111,1.53983,38,0,29,24,32,0,-2,0,0,1,57,3773,3780,13,149,35,537,35031,34765,108,2,20,98,49049,0,0,0,0,1,42,22,0,15,3817,0,0,0,0,0,0,0,0,0,-38,0,0,0
2500.09,0,0,0,0,0,1471,1.53332,0.00135715,1.53967,38,0,29,24,32,0,-2,0,0,1,57,3773,3780,12,149,35,537,35031,34765,108,2,20,98,45276,0,0,0,0,1,27,20,0,15,3824,0,0,0,0,0,0,0,0,0,-26,0,0,0
2500.1,0,0,0,0,0,1466,1.53336,0.0013432,1.53951,38,0,29,24,31,0,-2,0,0,1,57,3773,3780,11,149,35,537,35025,34755,108,2,20,98,41503,0,0,0,0,1,1,81,0,16,3835,0,0,0,0,0,0,0,0,0,-54,0,0,0
2500.11,0,0,0,0,0,1461,1.53331,0.0013327,1.53977,38,0,29,24,31,0,-2,0,0,1,57,3773,3780,11,149,35,537,35025,34755,108,2,20,98,41503,0,0,0,0,1,0,82,0,18,3826,0,0,0,0,0,0,0,0,0,-47,0,0,0
2500.12,0,0,0,0,0,1458,1.53325,0.0013222,1.54004,38,0,29,24,31,0,-2,0,0,1,57,3775,3780,14,149,35,537,35025,34755,108,2,20,98,52850,0,0,0,0,1,0,59,27,15,3829,0,0,0,0,0,0,0,0,0,-45,0,0,0
2500.13,0,0,0,0,0,1458,1.5332,0.0013117,1.5403,38,0,29,24,31,0,-2,0,0,1,57,3775,3780,14,149,35,537,35025,34755,108,2,20,98,52850,0,0,0,0,1,0,59,27,15,3829,0,0,0,0,0,0,0,0,0,-45,0,0,0
2500.14,0,0,0,0,0,1460,1.53315,0.0013012,1.54056,38,0,29,24,31,0,-2,0,0,1,57,3775,3780,13,149,35,537,35025,34755,108,2,20,98,49075,0,0,0,0,1,0,28,35,17,3824,0,0,0,0,0,0,0,0,0,-44,0,0,0
2500.15,0,0,0,0,0,1455,1.53309,0.0012907,1.54082,38,0,29,24,31,0,-2,0,0,1,57,3775,3780,13,149,35,537,35025,34755,108,2,20,98,49075,0,0,0,0,1,0,0,70,13,3831,0,0,0,0,0,0,0,0,0,-30,0,0,0
2500.16,0,0,0,0,0,1453,1.53304,0.0012802,1.54109,38,0,29,24,31,0,-2,0,0,1,57,3774,3780,11,149,35,537,35025,34755,108,2,20,98,41514,0,0,0,0,1,0,0,71,15,3833,0,0,0,0,0,0,0,0,0,-56,0,0,0
2500.17,0,0,0,0,0,1447,1.53298,0.00126971,1.54135,38,0,29,24,31,0,-2,0,0,1,57,3774,3780,10,149,35,537,35025,34755,108,2,20,98,37740,0,0,0,0,1,30,0,41,13,3824,0,0,0,0,0,0,0,0,0,-37,0,0,0
2500.18,0,0,0,0,0,1446,1.53293,0.00125921,1.54161,38,0,29,24,31,0,-2,0,0,1,57,3774,3781,10,149,35,537,35025,34755,108,2,20,98,37740,0,0,0,0,1,58,0,0,14,3815,0,0,0,0,0,0,0,0,0,-36,0,0,0
2500.19,0,0,0,0,0,1446,1.53288,0.00124871,1.54187,38,0,29,24,31,0,-2,0,0,1,57,3774,3781,10,149,35,537,35025,34755,108,2,20,98,37740,0,0,0,0,1,58,0,0,14,3815,0,0,0,0,0,0,0,0,0,-36,0,0,0
2500.2,0,0,0,0,0,1437,1.53282,0.00123821,1.54214,38,0,29,24,31,0,-2,0,0,1,57,3776,3781,12,149,35,537,35042,34781,108,2,20,98,45312,0,0,0,0,1,68,0,0,13,3817,0,0,0,0,0,0,0,0,0,-40,0,0,0
2500.21,0,0,0,0,0,1434,1.53257,0.0012542,1.54206,38,0,29,24,31,0,-2,0,0,1,57,3775,3781,12,149,35,537,35042,34781,108,2,20,98,45300,0,0,0,0,1,64,35,0,15,3817,0,0,0,0,0,0,0,0,0,-39,0,0,0
2500.22,0,0,0,0,0,1426,1.53232,0.00127019,1.54199,38,0,29,24,31,0,-2,0,0,1,57,3775,3781,13,149,35,537,35042,34781,108,2,20,98,49075,0,0,0,0,1,0,53,0,16,3826,0,0,0,0,0,0,0,0,0,-29,0,0,0
2500.23,0,0,0,0,0,1415,1.53207,0.00128618,1.54192,38,0,29,24,31,0,-2,0,0,1,57,3775,3781,13,149,35,537,35042,34781,108,2,20,98,49075,0,0,0,0,1,0,57,27,14,3833,0,0,0,0,0,0,0,0,0,-47,0,0,0
2500.24,0,0,0,0,0,1415,1.53181,0.00130217,1.54185,38,0,29,24,31,0,-2,0,0,1,57,3775,3781,14,149,35,537,35042,34781,108,2,20,98,52850,0,0,0,0,1,0,0,95,18,3822,0,0,0,0,0,0,0,0,0,-44,0,0,0
2500.25,0,0,0,0,0,1408,1.53156,0.00131816,1.54178,38,0,29,24,31,0,-2,0,0,1,57,3775,3781,14,149,35,537,35042,34781,108,2,20,98,52850,0,0,0,0,1,0,0,95,18,3822,0,0,0,0,0,0,0,0,0,-44,0,0,0
2500.26,0,0,0,0,0,1404,1.53131,0.00133415,1.54171,38,0,29,24,31,0,-2,0,0,1,57,3775,3781,14,149,35,537,35042,34781,108,2,20,98,52850,0,0,0,0,1,46,0,50,16,3817,0,0,0,0,0,0,0,0,0,-45,0,0,0
2500.27,0,0,0,0,0,1405,1.53106,0.00135014,1.54164,38,0,29,24,31,0,-2,0,0,1,57,3775,3781,14,149,35,537,35042,34781,108,2,20,98,52850,0,0,0,0,1,64,0,0,16,3811,0,0,0,0,0,0,0,0,0,-50,0,0,0
2500.28,0,0,0,0,0,1400,1.5308,0.00136612,1.54156,38,0,29,24,31,0,-2,0,0,1,57,3774,3781,15,149,35,537,35042,34781,108,2,20,98,56610,0,0,0,0,1,0,38,0,16,3824,0,0,0,0,0,0,0,0,0,-25,0,0,0
2500.29,0,0,0,0,0,1396,1.53055,0.00138211,1.54149,38,0,29,24,31,0,-2,0,0,1,57,3774,3781,15,149,35,537,35042,34781,108,2,20,98,56610,0,0,0,0,1,0,55,13,15,3833,0,0,0,0,0,0,0,0,0,-43,0,0,0
2500.3,0,0,0,0,0,1394,1.5303,0.0013981,1.54142,38,0,29,24,31,0,-2,0,0,1,57,3774,3781,14,149,35,537,35022,34750,108,2,65,98,52836,0,0,0,0,1,0,0,70,17,3826,0,0,0,0,0,0,0,0,0,-46,0,0,0
2500.31,0,0,0,0,0,1394,1.53063,0.00140611,1.54114,38,0,29,24,31,0,-2,0,0,1,57,3774,3781,14,149,35,537,35022,34750,108,2,65,98,52836,0,0,0,0,1,0,0,70,17,3826,0,0,0,0,0,0,0,0,0,-46,0,0,0
2500.32,0,0,0,0,0,1385,1.53097,0.00141411,1.54086,38,0,29,24,31,0,-2,0,0,1,57,3774,3781,14,149,35,537,35022,34750,108,2,65,98,52836,0,0,0,0,1,38,0,32,15,3811,0,0,0,0,0,0,0,0,0,-40,0,0,0
2500.33,0,0,0,0,0,1384,1.5313,0.00142211,1.54058,38,0,29,24,31,0,-2,0,0,1,57,3774,3782,14,149,35,537,35022,34750,108,2,65,98,52836,0,0,0,0,1,56,6,0,16,3817,0,0,0,0,0,0,0,0,0,-40,0,0,0
2500.34,0,0,0,0,0,1382,1.53164,0.00143012,1.5403,38,0,29,24,31,0,-2,0,0,1,57,3774,3782,14,149,35,537,35022,34750,108,2,65,98,52836,0,0,0,0,1,0,75,0,17,3829,0,0,0,0,0,0,0,0,0,-44,0,0,0
2500.35,0,0,0,0,0,1378,1.53197,0.00143812,1.54002,38,0,29,24,31,0,-2,0,0,1,57,3774,3782,14,149,35,537,35022,34750,108,2,65,98,52836,0,0,0,0,1,0,0,77,14,3826,0,0,0,0,0,0,0,0,0,-37,0,0,0
2500.36,0,0,0,0,0,1374,1.53231,0.00144612,1.53974,38,0,29,24,31,0,-2,0,0,1,57,3775,3782,14,149,35,537,35022,34750,108,2,65,98,52850,0,0,0,0,1,11,0,62,16,3815,0,0,0,0,0,0,0,0,0,-43,0,0,0
2500.37,0,0,0,0,0,1374,1.53264,0.00145413,1.53946,38,0,29,24,31,0,-2,0,0,1,57,3775,3782,14,149,35,537,35022,34750,108,2,65,98,52850,0,0,0,0,1,11,0,62,16,3815,0,0,0,0,0,0,0,0,0,-43,0,0,0
2500.38,0,0,0,0,0,1368,1.53298,0.00146213,1.53917,38,0,29,24,31,0,-2,0,0,1,57,3775,3782,14,149,35,537,35022,34750,108,2,65,98,52850,0,0,0,0,1,46,10,0,16,3815,0,0,0,0,0,0,0,0,0,-41,0,0,0
2500.39,0,0,0,0,0,1366,1.53331,0.00147014,1.53889,38,0,29,24,31,0,-2,0,0,1,57,3775,3782,14,149,35,537,35022,34750,108,2,65,98,52850,0,0,0,0,1,0,96,0,15,3833,0,0,0,0,0,0,0,0,0,-54,0,0,0
2500.4,0,0,0,0,0,1362,1.53365,0.00147814,1.53861,38,0,29,24,31,0,-2,0,0,1,57,3775,3782,14,149,35,537,35030,34765,108,2,20,98,52850,0,0,0,0,1,0,0,85,17,3824,0,0,0,0,0,0,0,0,0,-41,0,0,0
2500.41,0,0,0,0,0,1351,1.53383,0.00147598,1.53815,38,0,29,24,31,0,-2,0,0,1,57,3775,3782,14,149,35,537,35030,34765,108,2,20,98,52850,0,0,0,0,1,65,0,0,16,3809,0,0,0,0,0,0,0,0,0,-41,0,0,0
2500.42,0,0,0,0,0,1347,1.53402,0.00147382,1.53769,38,0,29,24,31,0,-2,0,0,1,57,3775,3782,15,149,35,537,35030,34765,108,2,20,98,56625,0,0,0,0,1,15,57,0,17,3824,0,0,0,0,0,0,0,0,0,-44,0,0,0
2500.43,0,0,0,0,0,1347,1.53421,0.00147166,1.53723,38,0,29,24,31,0,-2,0,0,1,57,3775,3782,15,149,35,537,35030,34765,108,2,20,98,56625,0,0,0,0,1,15,57,0,17,3824,0,0,0,0,0,0,0,0,0,-44,0,0,0
2500.44,0,0,0,0,0,1344,1.53439,0.0014695,1.53677,38,0,29,24,31,0,-2,0,0,1,57,3774,3782,15,149,35,537,35030,34765,108,2,20,98,56610,0,0,0,0,1,0,26,36,19,3833,0,0,0,0,0,0,0,0,0,-52,0,0,0
2500.45,0,0,0,0,0,1336,1.53458,0.00146733,1.53631,38,0,29,24,31,0,-2,0,0,1,57,3774,3782,15,149,35,537,35030,34765,108,2,20,98,56610,0,0,0,0,1,56,0,42,16,3811,0,0,0,0,0,0,0,0,0,-41,0,0,0
2500.46,0,0,0,0,0,1335,1.53476,0.00146517,1.53585,38,0,29,24,31,0,-2,0,0,1,57,3774,3782,14,149,35,537,35030,34765,108,2,20,98,52836,0,0,0,0,1,29,46,0,18,3826,0,0,0,0,0,0,0,0,0,-57,0,0,0
2500.47,0,0,0,0,0,1335,1.53495,0.00146301,1.53539,38,0,29,24,31,0,-2,0,0,1,57,3774,3782,14,149,35,537,35030,34765,108,2,20,98,52836,0,0,0,0,1,0,30,29,19,3829,0,0,0,0,0,0,0,0,0,-57,0,0,0
2500.48,0,0,0,0,0,1334,1.53513,0.00146085,1.53493,38,0,29,24,31,0,-2,0,0,1,57,3774,3782,14,149,35,537,35030,34765,108,2,20,98,52836,0,0,0,0,1,58,0,36,15,3817,0,0,0,0,0,0,0,0,0,-37,0,0,0
2500.49,0,0,0,0,0,1334,1.53532,0.00145869,1.53447,38,0,29,24,31,0,-2,0,0,1,57,3774,3782,14,149,35,537,35030,34765,108,2,20,98,52836,0,0,0,0,1,58,0,36,15,3817,0,0,0,0,0,0,0,0,0,-37,0,0,0
2500.5,0,0,0,0,0,1336,1.5355,0.00145653,1.53401,38,0,29,24,32,0,-2,0,0,1,57,3774,3782,14,149,35,537,35030,34762,108,2,20,98,52836,0,0,0,0,1,29,34,0,15,3822,0,0,0,0,0,0,0,0,0,-37,0,0,0
2500.51,0,0,0,0,0,1334,1.53526,0.00145909,1.53445,38,0,29,24,32,0,-2,0,0,1,57,3774,3782,14,149,35,537,35030,34762,108,2,20,98,52836,0,0,0,0,1,0,12,35,16,3835,0,0,0,0,0,0,0,0,0,-55,0,0,0
2500.52,0,0,0,0,0,1327,1.53502,0.00146165,1.53488,38,0,29,24,32,0,-2,0,0,1,57,3775,3782,14,149,35,537,35030,34762,108,2,20,98,52850,0,0,0,0,1,64,0,9,13,3817,0,0,0,0,0,0,0,0,0,-39,0,0,0
2500.53,0,0,0,0,0,1321,1.53478,0.00146421,1.53532,38,0,29,24,32,0,-2,0,0,1,57,3775,3782,14,149,35,537,35030,34762,108,2,20,98,52850,0,0,0,0,1,1,49,0,14,3826,0,0,0,0,0,0,0,0,0,-39,0,0,0
2500.54,0,0,0,0,0,1310,1.53454,0.00146677,1.53576,38,0,29,24,32,0,-2,0,0,1,57,3775,3782,15,149,35,537,35030,34762,108,2,20,98,56625,0,0,0,0,1,0,0,62,17,3831,0,0,0,0,0,0,0,0,0,-49,0,0,0
2500.55,0,0,0,0,0,1310,1.5343,0.00146933,1.5362,38,0,29,24,32,0,-2,0,0,1,57,3775,3782,15,149,35,537,35030,34762,108,2,20,98,56625,0,0,0,0,1,0,0,62,17,3831,0,0,0,0,0,0,0,0,0,-49,0,0,0
2500.56,0,0,0,0,0,1301,1.53406,0.00147189,1.53664,38,0,29,24,32,0,-2,0,0,1,57,3775,3782,16,149,35,537,35030,34762,108,2,20,98,60400,0,0,0,0,1,82,0,0,16,3815,0,0,0,0,0,0,0,0,0,-43,0,0,0
2500.57,0,0,0,0,0,1301,1.53383,0.00147445,1.53708,38,0,29,24,32,0,-2,0,0,1,57,3775,3782,15,149,35,537,35030,34762,108,2,20,98,56625,0,0,0,0,1,0,81,0,15,3831,0,0,0,0,0,0,0,0,0,-47,0,0,0
2500.58,0,0,0,0,0,1299,1.53359,0.00147701,1.53752,38,0,29,24,32,0,-2,0,0,1,57,3775,3782,15,149,35,537,35030,34762,108,2,20,98,56625,0,0,0,0,1,15,0,46,16,3820,0,0,0,0,0,0,0,0,0,-53,0,0,0
2500.59,0,0,0,0,0,1294,1.53335,0.00147957,1.53796,38,0,29,24,32,0,-2,0,0,1,57,3775,3782,15,149,35,537,35030,34762,108,2,20,98,56625,0,0,0,0,1,27,46,0,16,3824,0,0,0,0,0,0,0,0,0,-43,0,0,0
2500.6,0,0,0,0,0,1290,1.53311,0.00148213,1.53839,38,0,29,24,31,0,-2,0,0,1,57,3774,3782,15,149,35,537,35028,34760,108,2,20,98,56610,0,0,0,0,1,0,0,99,15,3835,0,0,0,0,0,0,0,0,0,-32,0,0,0
2500.61,0,0,0,0,0,1290,1.53308,0.00148698,1.53831,38,0,29,24,31,0,-2,0,0,1,57,3775,3782,15,149,35,537,35028,34760,108,2,20,98,56625,0,0,0,0,1,0,0,99,15,3835,0,0,0,0,0,0,0,0,0,-32,0,0,0
2500.62,0,0,0,0,0,1291,1.53305,0.00149182,1.53822,38,0,29,24,31,0,-2,0,0,1,57,3775,3782,15,149,35,537,35028,34760,108,2,20,98,56625,0,0,0,0,1,83,0,0,16,3817,0,0,0,0,0,0,0,0,0,-48,0,0,0
2500.63,0,0,0,0,0,1288,1.53303,0.00149667,1.53813,38,0,29,24,31,0,-2,0,0,1,57,3775,3782,15,149,35,537,35028,34760,108,2,20,98,56625,0,0,0,0,1,0,47,32,17,3822,0,0,0,0,0,0,0,0,0,-49,0,0,0
2500.64,0,0,0,0,0,1279,1.533,0.00150152,1.53805,38,0,29,24,31,0,-2,0,0,1,57,3775,3782,15,149,35,537,35028,34760,108,2,20,98,56625,0,0,0,0,1,62,0,0,15,3815,0,0,0,0,0,0,0,0,0,-39,0,0,0
2500.65,0,0,0,0,0,1277,1.53298,0.00150636,1.53796,38,0,29,24,31,0,-2,0,0,1,57,3775,3783,15,149,35,537,35028,34760,108,2,20,98,56625,0,0,0,0,1,0,100,0,16,3826,0,0,0,0,0,0,0,0,0,-54,0,0,0
2500.66,0,0,0,0,0,1272,1.53295,0.00151121,1.53788,38,0,29,24,31,0,-2,0,0,1,57,3775,3783,15,149,35,537,35028,34760,108,2,20,98,56625,0,0,0,0,1,30,0,60,16,3815,0,0,0,0,0,0,0,0,0,-37,0,0,0
2500.67,0,0,0,0,0,1272,1.53293,0.00151606,1.53779,38,0,29,24,31,0,-2,0,0,1,57,3775,3783,15,149,35,537,35028,34760,108,2,20,98,56625,0,0,0,0,1,30,0,60,16,3815,0,0,0,0,0,0,0,0,0,-37,0,0,0
2500.68,0,0,0,0,0,1268,1.5329,0.0015209,1.5377,38,0,29,24,31,0,-2,0,0,1,57,3775,3783,15,149,35,537,35028,34760,108,2,20,98,56625,0,0,0,0,1,0,76,0,18,3837,0,0,0,0,0,0,0,0,0,-27,0,0,0
2500.69,0,0,0,0,0,1263,1.53287,0.00152575,1.53762,38,0,29,24,31,0,-2,0,0,1,57,3775,3783,15,149,35,537,35028,34760,108,2,20,98,56625,0,0,0,0,1,0,0,77,16,3829,0,0,0,0,0,0,0,0,0,-40,0,0,0
2500.7,0,0,0,0,0,1262,1.53285,0.0015306,1.53753,38,0,29,24,32,0,-2,0,0,1,56,3775,3783,15,149,35,537,35031,34763,108,2,20,98,56625,0,0,0,0,1,24,47,0,17,3815,0,0,0,0,0,0,0,0,0,-56,0,0,0
2500.71,0,0,0,0,0,1261,1.53271,0.00153159,1.53725,38,0,29,24,32,0,-2,0,0,1,56,3775,3783,15,149,35,537,35031,34763,108,2,20,98,56625,0,0,0,0,1,0,0,83,17,3831,0,0,0,0,0,0,0,0,0,-63,0,0,0
2500.72,0,0,0,0,0,1259,1.53256,0.00153259,1.53697,38,0,29,24,32,0,-2,0,0,1,56,3775,3783,15,149,35,537,35031,34763,108,2,20,98,56625,0,0,0,0,1,41,35,0,16,3829,0,0,0,0,0,0,0,0,0,-43,0,0,0
2500.73,0,0,0,0,0,1259,1.53242,0.00153358,1.53669,38,0,29,24,32,0,-2,0,0,1,56,3775,3783,16,149,35,537,35031,34763,108,2,20,98,60400,0,0,0,0,1,41,35,0,16,3829,0,0,0,0,0,0,0,0,0,-43,0,0,0
2500.74,0,0,0,0,0,1254,1.53228,0.00153458,1.5364,38,0,29,24,32,0,-2,0,0,1,56,3775,3783,16,149,35,537,35031,34763,108,2,20,98,60400,0,0,0,0,1,0,0,95,14,3833,0,0,0,0,0,0,0,0,0,-34,0,0,0
2500.75,0,0,0,0,0,1253,1.53214,0.00153557,1.53612,38,0,29,24,32,0,-2,0,0,1,56,3775,3783,16,149,35,537,35031,34763,108,2,20,98,60400,0,0,0,0,1,58,38,0,16,3822,0,0,0,0,0,0,0,0,0,-57,0,0,0
2500.76,0,0,0,0,0,1247,1.532,0.00153657,1.53584,38,0,29,24,32,0,-2,0,0,1,56,3775,3783,16,149,35,537,35031,34763,108,2,20,98,60400,0,0,0,0,1,0,0,82,17,3835,0,0,0,0,0,0,0,0,0,-55,0,0,0
2500.77,0,0,0,0,0,1235,1.53185,0.00153756,1.53556,38,0,29,24,32,0,-2,0,0,1,56,3775,3783,16,149,35,537,35031,34763,108,2,20,98,60400,0,0,0,0,1,48,46,0,18,3826,0,0,0,0,0,0,0,0,0,-32,0,0,0
2500.78,0,0,0,0,0,1225,1.53171,0.00153855,1.53528,38,0,29,24,32,0,-2,0,0,1,56,3775,3783,16,149,35,537,35031,34763,108,2,20,98,60400,0,0,0,0,1,0,0,124,19,3835,0,0,0,0,0,0,0,0,0,-56,0,0,0
2500.79,0,0,0,0,0,1225,1.53157,0.00153955,1.535,38,0,29,24,32,0,-2,0,0,1,56,3775,3783,16,149,35,537,35031,34763,108,2,20,98,60400,0,0,0,0,1,0,0,124,19,3835,0,0,0,0,0,0,0,0,0,-56,0,0,0
2500.8,0,0,0,0,0,1225,1.53143,0.00154054,1.53472,38,0,29,24,31,0,-2,0,0,1,57,3775,3783,15,149,35,537,35031,34764,109,2,20,98,56625,0,0,0,0,1,0,93,0,19,3831,0,0,0,0,0,0,0,0,0,-58,0,0,0
2500.81,0,0,0,0,0,1225,1.5317,0.00153644,1.53535,38,0,29,24,31,0,-2,0,0,1,57,3775,3783,14,149,35,537,35031,34764,109,2,20,98,52850,0,0,0,0,1,30,0,48,17,3824,0,0,0,0,0,0,0,0,0,-56,0,0,0
2500.82,0,0,0,0,0,1225,1.53197,0.00153233,1.53598,38,0,29,24,31,0,-2,0,0,1,57,3775,3783,14,149,35,537,35031,34764,109,2,20,98,52850,0,0,0,0,1,0,82,0,18,3829,0,0,0,0,0,0,0,0,0,-49,0,0,0
2500.83,0,0,0,0,0,1220,1.53224,0.00152822,1.53661,38,0,29,24,31,0,-2,0,0,1,57,3775,3783,14,149,35,537,35031,34764,109,2,20,98,52850,0,0,0,0,1,82,0,0,15,3813,0,0,0,0,0,0,0,0,0,-43,0,0,0
2500.84,0,0,0,0,0,1219,1.53251,0.00152412,1.53725,38,0,29,24,31,0,-2,0,0,1,57,3775,3783,14,149,35,537,35031,34764,109,2,20,98,52850,0,0,0,0,1,0,53,54,14,3824,0,0,0,0,0,0,0,0,0,-42,0,0,0
2500.85,0,0,0,0,0,1219,1.53278,0.00152001,1.53788,38,0,29,24,31,0,-2,0,0,1,57,3775,3783,15,149,35,537,35031,34764,109,2,20,98,56625,0,0,0,0,1,0,53,54,14,3824,0,0,0,0,0,0,0,0,0,-42,0,0,0
2500.86,0,0,0,0,0,1217,1.53305,0.0015159,1.53851,38,0,29,24,31,0,-2,0,0,1,57,3775,3783,15,149,35,537,35031,34764,109,2,20,98,56625,0,0,0,0,1,65,0,0,16,3820,0,0,0,0,0,0,0,0,0,-49,0,0,0
2500.87,0,0,0,0,0,1215,1.53332,0.00151179,1.53914,38,0,29,24,31,0,-2,0,0,1,57,3775,3783,15,149,35,537,35031,34764,109,2,20,98,56625,0,0,0,0,1,0,0,70,16,3831,0,0,0,0,0,0,0,0,0,-56,0,0,0
2500.88,0,0,0,0,0,1210,1.53359,0.00150769,1.53978,38,0,29,24,31,0,-2,0,0,1,57,3775,3783,15,149,35,537,35031,34764,109,2,20,98,56625,0,0,0,0,1,0,49,0,15,3824,0,0,0,0,0,0,0,0,0,-45,0,0,0
2500.89,0,0,0,0,0,1207,1.53386,0.00150358,1.54041,38,0,29,24,31,0,-2,0,0,1,57,3775,3783,15,149,35,537,35031,34764,109,2,20,98,56625,0,0,0,0,1,32,0,62,14,3824,0,0,0,0,0,0,0,0,0,-31,0,0,0
2500.9,0,0,0,0,0,1206,1.53413,0.00149947,1.54104,38,0,29,24,31,0,-2,0,0,1,57,3775,3783,15,149,35,537,35035,34769,108,2,20,98,56625,0,0,0,0,1,0,94,0,13,3831,0,0,0,0,0,0,0,0,0,-52,0,0,0
2500.91,0,0,0,0,0,1206,1.53402,0.00150845,1.54084,38,0,29,24,31,0,-2,0,0,1,57,3775,3783,15,149,35,537,35035,34769,108,2,20,98,56625,0,0,0,0,1,0,94,0,13,3831,0,0,0,0,0,0,0,0,0,-52,0,0,0
2500.92,0,0,0,0,0,1200,1.5339,0.00151744,1.54064,38,0,29,24,31,0,-2,0,0,1,57,3775,3783,15,149,35,537,35035,34769,108,2,20,98,56625,0,0,0,0,1,79,0,0,16,3824,0,0,0,0,0,0,0,0,0,-40,0,0,0
2500.93,0,0,0,0,0,1192,1.53378,0.00152642,1.54044,38,0,29,24,31,0,-2,0,0,1,57,3775,3783,15,149,35,537,35035,34769,108,2,20,98,56625,0,0,0,0,1,0,0,60,18,3829,0,0,0,0,0,0,0,0,0,-57,0,0,0
2500.94,0,0,0,0,0,1186,1.53366,0.0015354,1.54024,38,0,29,24,31,0,-2,0,0,1,57,3775,3783,14,149,35,537,35035,34769,108,2,20,98,52850,0,0,0,0,1,5,35,0,18,3824,0,0,0,0,0,0,0,0,0,-68,0,0,0
2500.95,0,0,0,0,0,1182,1.53354,0.00154438,1.54005,38,0,29,24,31,0,-2,0,0,1,57,3775,3783,14,149,35,537,35035,34769,108,2,20,98,52850,0,0,0,0,1,58,0,23,17,3831,0,0,0,0,0,0,0,0,0,-56,0,0,0
2500.96,0,0,0,0,0,1181,1.53342,0.00155336,1.53985,38,0,29,24,31,0,-2,0,0,1,57,3775,3783,15,149,35,537,35035,34769,108,2,20,98,56625,0,0,0,0,1,0,61,44,16,3829,0,0,0,0,0,0,0,0,0,-52,0,0,0
2500.97,0,0,0,0,0,1181,1.53331,0.00156235,1.53965,38,0,29,24,31,0,-2,0,0,1,57,3775,3783,15,149,35,537,35035,34769,108,2,20,98,56625,0,0,0,0,1,0,61,44,16,3829,0,0,0,0,0,0,0,0,0,-52,0,0,0
2500.98,0,0,0,0,0,1177,1.53319,0.00157133,1.53945,38,0,29,24,31,0,-2,0,0,1,57,3775,3783,15,149,35,537,35035,34769,108,2,20,98,56625,0,0,0,0,1,60,30,0,19,3817,0,0,0,0,0,0,0,0,0,-57,0,0,0
2500.99,0,0,0,0,0,1176,1.53307,0.00158031,1.53925,38,0,29,24,31,0,-2,0,0,1,57,3775,3783,15,149,35,537,35035,34769,108,2,20,98,56625,0,0,0,0,1,7,0,62,17,3829,0,0,0,0,0,0,0,0,0,-49,0,0,0
2501,0,0,0,0,0,1176,1.53295,0.00158929,1.53905,38,0,29,24,32,0,-2,0,0,1,57,3775,3783,15,149,35,537,35034,34769,108,2,20,98,56625,0,0,0,0,1,0,52,0,18,3833,0,0,0,0,0,0,0,0,0,-48,0,0,0
2501.01,0,0,0,0,0,1172,1.53286,0.00162371,1.53899,38,0,29,24,32,0,-2,0,0,1,57,3775,3783,15,149,35,537,35034,34769,108,2,20,98,56625,0,0,0,0,1,44,22,0,15,3820,0,0,0,0,0,0,0,0,0,-35,0,0,0
2501.02,0,0,0,0,0,1164,1.53278,0.00165812,1.53894,38,0,29,24,32,0,-2,0,0,1,57,3775,3783,15,149,35,537,35034,34769,108,2,20,98,56625,0,0,0,0,1,0,0,76,15,3829,0,0,0,0,0,0,0,0,0,-43,0,0,0
2501.03,0,0,0,0,0,1164,1.53269,0.00169253,1.53888,38,0,29,24,32,0,-2,0,0,1,57,3775,3783,15,149,35,537,35034,34769,108,2,20,98,56625,0,0,0,0,1,0,0,76,15,3829,0,0,0,0,0,0,0,0,0,-43,0,0,0
2501.04,0,0,0,0,0,1157,1.5326,0.00172694,1.53882,38,0,29,24,32,0,-2,0,0,1,57,3775,3783,15,149,35,537,35034,34769,108,2,20,98,56625,0,0,0,0,1,0,98,11,17,3835,0,0,0,0,0,0,0,0,0,-52,0,0,0
2501.05,0,0,0,0,0,1155,1.53251,0.00176136,1.53877,38,0,29,24,32,0,-2,0,0,1,57,3775,3783,14,149,35,537,35034,34769,108,2,20,98,52850,0,0,0,0,1,89,0,0,21,3822,0,0,0,0,0,0,0,0,0,-40,0,0,0
2501.06,0,0,0,0,0,1158,1.53243,0.00179577,1.53871,38,0,29,24,32,0,-2,0,0,1,57,3775,3783,14,149,35,537,35034,34769,108,2,20,98,52850,0,0,0,0,1,32,0,44,17,3822,0,0,0,0,0,0,0,0,0,-51,0,0,0
2501.07,0,0,0,0,0,1156,1.53234,0.00183018,1.53865,38,0,29,24,32,0,-2,0,0,1,57,3775,3783,14,149,35,537,35034,34769,108,2,20,98,52850,0,0,0,0,1,0,40,36,17,3833,0,0,0,0,0,0,0,0,0,-56,0,0,0
2501.08,0,0,0,0,0,1152,1.53225,0.0018646,1.5386,38,0,29,24,32,0,-2,0,0,1,57,3775,3783,16,149,35,537,35034,34769,108,2,20,98,60400,0,0,0,0,1,13,41,0,15,3822,0,0,0,0,0,0,0,0,0,-39,0,0,0
2501.09,0,0,0,0,0,1152,1.53216,0.00189901,1.53854,38,0,29,24,32,0,-2,0,0,1,57,3775,3783,17,149,35,537,35034,34769,108,2,20,98,64175,0,0,0,0,1,13,41,0,15,3822,0,0,0,0,0,0,0,0,0,-39,0,0,0
2501.1,0,0,0,0,0,1147,1.53208,0.00193342,1.53848,38,0,29,24,31,0,-2,0,0,1,57,3775,3783,18,149,35,537,35037,34773,109,2,20,98,67950,0,0,0,0,1,60,0,0,15,3820,0,0,0,0,0,0,0,0,0,-43,0,0,0
2501.11,0,0,0,0,0,1146,1.53219,0.00192886,1.53818,38,0,29,24,31,0,-2,0,0,1,57,3775,3783,18,149,35,537,35037,34773,109,2,20,98,67950,0,0,0,0,1,0,0,103,13,3837,0,0,0,0,0,0,0,0,0,-29,0,0,0
2501.12,0,0,0,0,0,1142,1.5323,0.00192429,1.53788,38,0,29,24,31,0,-2,0,0,1,57,3775,3783,16,149,35,537,35037,34773,109,2,20,98,60400,0,0,0,0,1,0,90,0,16,3833,0,0,0,0,0,0,0,0,0,-53,0,0,0
2501.13,0,0,0,0,0,1135,1.53241,0.00191973,1.53757,38,0,29,24,31,0,-2,0,0,1,57,3775,3783,15,149,35,537,35037,34773,109,2,20,98,56625,0,0,0,0,1,101,0,0,18,3807,0,0,0,0,0,0,0,0,0,-55,0,0,0
2501.14,0,0,0,0,0,1133,1.53253,0.00191516,1.53727,38,0,29,24,31,0,-2,0,0,1,57,3775,3784,15,149,35,537,35037,34773,109,2,20,98,56625,0,0,0,0,1,0,0,68,19,3829,0,0,0,0,0,0,0,0,0,-55,0,0,0
2501.15,0,0,0,0,0,1133,1.53264,0.0019106,1.53696,38,0,29,24,31,0,-2,0,0,1,57,3775,3784,15,149,35,537,35037,34773,109,2,20,98,56625,0,0,0,0,1,0,0,68,19,3829,0,0,0,0,0,0,0,0,0,-55,0,0,0
2501.16,0,0,0,0,0,1135,1.53275,0.00190603,1.53666,38,0,29,24,31,0,-2,0,0,1,57,3775,3784,14,149,35,537,35037,34773,109,2,20,98,52850,0,0,0,0,1,0,32,32,18,3831,0,0,0,0,0,0,0,0,0,-58,0,0,0
2501.17,0,0,0,0,0,1130,1.53287,0.00190147,1.53636,38,0,29,24,31,0,-2,0,0,1,57,3775,3784,14,149,35,537,35037,34773,109,2,20,98,52850,0,0,0,0,1,0,82,0,16,3826,0,0,0,0,0,0,0,0,0,-31,0,0,0
2501.18,0,0,0,0,0,1119,1.53298,0.0018969,1.53605,38,0,29,24,31,0,-2,0,0,1,57,3775,3784,14,149,35,537,35037,34773,109,2,20,98,52850,0,0,0,0,1,89,0,0,16,3815,0,0,0,0,0,0,0,0,0,-52,0,0,0
2501.19,0,0,0,0,0,1113,1.53309,0.00189234,1.53575,38,0,29,24,31,0,-2,0,0,1,57,3775,3784,14,149,35,537,35037,34773,109,2,20,98,52850,0,0,0,0,1,9,0,93,23,3820,0,0,0,0,0,0,0,0,0,-61,0,0,0
2501.2,0,0,0,0,0,1117,1.53321,0.00188777,1.53544,38,0,29,24,31,0,-2,0,0,1,57,3776,3784,14,149,35,537,35038,34774,108,2,20,98,52864,0,0,0,0,1,0,41,71,17,3829,0,0,0,0,0,0,0,0,0,-57,0,0,0
2501.21,0,0,0,0,0,1117,1.5333,0.00188061,1.53596,38,0,29,24,31,0,-2,0,0,1,57,3776,3784,14,149,35,537,35038,34774,108,2,20,98,52864,0,0,0,0,1,0,41,71,17,3829,0,0,0,0,0,0,0,0,0,-57,0,0,0
2501.22,0,0,0,0,0,1116,1.5334,0.00187345,1.53649,38,0,29,24,31,0,-2,0,0,1,57,3776,3784,14,149,35,537,35038,34774,108,2,20,98,52864,0,0,0,0,1,0,94,0,16,3835,0,0,0,0,0,0,0,0,0,-55,0,0,0
2501.23,0,0,0,0,0,1108,1.5335,0.00186629,1.53701,38,0,29,24,31,0,-2,0,0,1,57,3776,3784,14,149,35,537,35038,34774,108,2,20,98,52864,0,0,0,0,1,77,16,0,18,3822,0,0,0,0,0,0,0,0,0,-54,0,0,0
2501.24,0,0,0,0,0,1102,1.5336,0.00185912,1.53753,38,0,29,24,31,0,-2,0,0,1,57,3776,3784,15,149,35,537,35038,34774,108,2,20,98,56640,0,0,0,0,1,76,0,50,24,3815,0,0,0,0,0,0,0,0,0,-71,0,0,0
2501.25,0,0,0,0,0,1105,1.5337,0.00185196,1.53805,38,0,29,24,31,0,-2,0,0,1,57,3776,3784,16,149,35,537,35038,34774,108,2,20,98,60416,0,0,0,0,1,0,0,99,19,3841,0,0,0,0,0,0,0,0,0,-50,0,0,0
2501.26,0,0,0,0,0,1107,1.53379,0.0018448,1.53857,38,0,29,24,31,0,-2,0,0,1,57,3776,3784,16,149,35,537,35038,34774,108,2,20,98,60416,0,0,0,0,1,0,41,36,16,3833,0,0,0,0,0,0,0,0,0,-48,0,0,0
2501.27,0,0,0,0,0,1107,1.53389,0.00183763,1.53909,38,0,29,24,31,0,-2,0,0,1,57,3776,3784,16,149,35,537,35038,34774,108,2,20,98,60416,0,0,0,0,1,0,41,36,16,3833,0,0,0,0,0,0,0,0,0,-48,0,0,0
2501.28,0,0,0,0,0,1106,1.53399,0.00183047,1.53961,38,0,29,24,31,0,-2,0,0,1,57,3775,3784,16,149,35,537,35038,34774,108,2,20,98,60400,0,0,0,0,1,0,75,0,14,3835,0,0,0,0,0,0,0,0,0,-41,0,0,0
2501.29,0,0,0,0,0,1100,1.53409,0.00182331,1.54013,38,0,29,24,31,0,-2,0,0,1,57,3775,3784,16,149,35,537,35038,34774,108,2,20,98,60400,0,0,0,0,1,64,0,0,13,3824,0,0,0,0,0,0,0,0,0,-46,0,0,0
2501.3,0,0,0,0,0,1093,1.53418,0.00181615,1.54065,38,0,29,24,31,0,-2,0,0,1,56,3775,3784,15,149,35,537,35035,34771,108,2,20,98,56625,0,0,0,0,1,48,0,32,13,3822,0,0,0,0,0,0,0,0,0,-49,0,0,0
2501.31,0,0,0,0,0,1089,1.53399,0.00181807,1.54012,38,0,29,24,31,0,-2,0,0,1,56,3775,3784,15,149,35,537,35035,34771,108,2,20,98,56625,0,0,0,0,1,0,0,103,14,3831,0,0,0,0,0,0,0,0,0,-47,0,0,0
2501.32,0,0,0,0,0,1088,1.5338,0.00181999,1.5396,38,0,29,24,31,0,-2,0,0,1,56,3776,3784,14,149,35,537,35035,34771,108,2,20,98,52864,0,0,0,0,1,0,61,44,15,3829,0,0,0,0,0,0,0,0,0,-50,0,0,0
2501.33,0,0,0,0,0,1088,1.5336,0.00182191,1.53907,38,0,29,24,31,0,-2,0,0,1,56,3776,3784,14,149,35,537,35035,34771,108,2,20,98,52864,0,0,0,0,1,0,61,44,15,3829,0,0,0,0,0,0,0,0,0,-50,0,0,0
2501.34,0,0,0,0,0,1083,1.53341,0.00182383,1.53854,38,0,29,24,31,0,-2,0,0,1,56,3776,3784,14,149,35,537,35035,34771,108,2,20,98,52864,0,0,0,0,1,0,110,0,17,3837,0,0,0,0,0,0,0,0,0,-65,0,0,0
2501.35,0,0,0,0,0,1078,1.53322,0.00182575,1.53802,38,0,29,24,31,0,-2,0,0,1,56,3776,3784,14,149,35,537,35035,34771,108,2,20,98,52864,0,0,0,0,1,48,59,0,20,3820,0,0,0,0,0,0,0,0,0,-53,0,0,0
2501.36,0,0,0,0,0,1077,1.53302,0.00182767,1.53749,38,0,29,24,31,0,-2,0,0,1,56,3776,3784,19,149,35,537,35035,34771,108,2,20,98,71744,0,0,0,0,1,95,0,0,19,3817,0,0,0,0,0,0,0,0,0,-55,0,0,0
2501.37,0,0,0,0,0,1075,1.53283,0.00182959,1.53697,38,0,29,24,31,0,-2,0,0,1,56,3775,3784,16,149,35,537,35035,34771,108,2,20,98,60400,0,0,0,0,1,50,0,36,16,3822,0,0,0,0,0,0,0,0,0,-47,0,0,0
2501.38,0,0,0,0,0,1071,1.53263,0.00183151,1.53644,38,0,29,24,31,0,-2,0,0,1,56,3775,3784,15,149,35,537,35035,34771,108,2,20,98,56625,0,0,0,0,1,0,0,95,16,3831,0,0,0,0,0,0,0,0,0,-56,0,0,0
2501.39,0,0,0,0,0,1071,1.53244,0.00183343,1.53591,38,0,29,24,31,0,-2,0,0,1,56,3775,3784,15,149,35,537,35035,34771,108,2,20,98,56625,0,0,0,0,1,0,0,95,16,3831,0,0,0,0,0,0,0,0,0,-56,0,0,0
2501.4,0,0,0,0,0,1065,1.53225,0.00183535,1.53539,38,0,29,24,31,0,-2,0,0,1,57,3776,3784,14,149,35,537,35042,34780,109,2,20,98,52864,0,0,0,0,1,0,0,106,23,3829,0,0,0,0,0,0,0,0,0,-86,0,0,0
2501.41,0,0,0,0,0,1064,1.53207,0.00184755,1.53574,38,0,29,24,31,0,-2,0,0,1,57,3776,3784,14,149,35,537,35042,34780,109,2,20,98,52864,0,0,0,0,1,0,75,3,23,3833,0,0,0,0,0,0,0,0,0,-65,0,0,0
2501.42,0,0,0,0,0,1063,1.5319,0.00185974,1.53609,38,0,29,24,31,0,-2,0,0,1,57,3776,3784,14,149,35,537,35042,34780,109,2,20,98,52864,0,0,0,0,1,0,96,0,17,3829,0,0,0,0,0,0,0,0,0,-56,0,0,0
2501.43,0,0,0,0,0,1059,1.53172,0.00187194,1.53644,38,0,29,24,31,0,-2,0,0,1,57,3776,3784,14,149,35,537,35042,34780,109,2,20,98,52864,0,0,0,0,1,1,61,0,16,3831,0,0,0,0,0,0,0,0,0,-45,0,0,0
2501.44,0,0,0,0,0,1057,1.53155,0.00188414,1.53679,38,0,29,24,31,0,-2,0,0,1,57,3776,3784,14,149,35,537,35042,34780,109,2,20,98,52864,0,0,0,0,1,46,16,0,15,3813,0,0,0,0,0,0,0,0,0,-46,0,0,0
2501.45,0,0,0,0,0,1057,1.53138,0.00189634,1.53715,38,0,29,24,31,0,-2,0,0,1,57,3776,3784,16,149,35,537,35042,34780,109,2,20,98,60416,0,0,0,0,1,46,16,0,15,3813,0,0,0,0,0,0,0,0,0,-46,0,0,0
2501.46,0,0,0,0,0,1052,1.5312,0.00190854,1.5375,38,0,29,24,31,0,-2,0,0,1,57,3776,3784,16,149,35,537,35042,34780,109,2,20,98,60416,0,0,0,0,1,79,0,0,15,3820,0,0,0,0,0,0,0,0,0,-47,0,0,0
2501.47,0,0,0,0,0,1047,1.53103,0.00192074,1.53785,38,0,29,24,31,0,-2,0,0,1,57,3776,3784,16,149,35,537,35042,34780,109,2,20,98,60416,0,0,0,0,1,77,0,27,17,3813,0,0,0,0,0,0,0,0,0,-54,0,0,0
2501.48,0,0,0,0,0,1047,1.53085,0.00193294,1.5382,38,0,29,24,31,0,-2,0,0,1,57,3776,3784,14,149,35,537,35042,34780,109,2,20,98,52864,0,0,0,0,1,27,0,64,16,3829,0,0,0,0,0,0,0,0,0,-41,0,0,0
2501.49,0,0,0,0,0,1049,1.53068,0.00194514,1.53855,38,0,29,24,31,0,-2,0,0,1,57,3776,3784,15,149,35,537,35042,34780,109,2,20,98,56640,0,0,0,0,1,0,0,89,13,3831,0,0,0,0,0,0,0,0,0,-50,0,0,0
2501.5,0,0,0,0,0,1046,1.5305,0.00195734,1.53891,38,0,29,24,31,0,-2,0,0,1,57,3776,3784,18,149,35,537,35040,34776,108,2,20,98,67968,0,0,0,0,1,0,0,89,13,3831,0,0,0,0,0,0,0,0,0,-35,0,0,0
2501.51,0,0,0,0,0,1046,1.53063,0.00193912,1.53853,38,0,29,24,31,0,-2,0,0,1,57,3776,3784,18,149,35,537,35040,34776,108,2,20,98,67968,0,0,0,0,1,0,0,89,13,3831,0,0,0,0,0,0,0,0,0,-35,0,0,0
2501.52,0,0,0,0,0,1038,1.53075,0.00192091,1.53815,38,0,29,24,31,0,-2,0,0,1,57,3776,3784,15,149,35,537,35040,34776,108,2,20,98,56640,0,0,0,0,1,0,43,68,14,3835,0,0,0,0,0,0,0,0,0,-53,0,0,0
2501.53,0,0,0,0,0,1034,1.53088,0.00190269,1.53777,38,0,29,24,31,0,-2,0,0,1,57,3774,3784,14,149,35,537,35040,34776,108,2,20,98,52836,0,0,0,0,1,0,96,21,22,3822,0,0,0,0,0,0,0,0,0,-76,0,0,0
2501.54,0,0,0,0,0,1038,1.531,0.00188447,1.5374,38,0,29,24,31,0,-2,0,0,1,57,3774,3784,14,149,35,537,35040,34776,108,2,20,98,52836,0,0,0,0,1,0,94,0,14,3831,0,0,0,0,0,0,0,0,0,-52,0,0,0
2501.55,0,0,0,0,0,1038,1.53112,0.00186625,1.53702,38,0,29,24,31,0,-2,0,0,1,57,3774,3784,14,149,35,537,35040,34776,108,2,20,98,52836,0,0,0,0,1,0,87,0,13,3837,0,0,0,0,0,0,0,0,0,-51,0,0,0
2501.56,0,0,0,0,0,1033,1.53125,0.00184804,1.53664,38,0,29,24,31,0,-2,0,0,1,57,3776,3784,19,149,35,537,35040,34776,108,2,20,98,71744,0,0,0,0,1,0,73,0,13,3822,0,0,0,0,0,0,0,0,0,-45,0,0,0
2501.57,0,0,0,0,0,1033,1.53137,0.00182982,1.53626,38,0,29,24,31,0,-2,0,0,1,57,3776,3784,15,149,35,537,35040,34776,108,2,20,98,56640,0,0,0,0,1,0,73,0,13,3822,0,0,0,0,0,0,0,0,0,-45,0,0,0
2501.58,0,0,0,0,0,1024,1.5315,0.0018116,1.53589,38,0,29,24,31,0,-2,0,0,1,57,3776,3784,14,149,35,537,35040,34776,108,2,20,98,52864,0,0,0,0,1,41,63,0,17,3826,0,0,0,0,0,0,0,0,0,-55,0,0,0
2501.59,0,0,0,0,0,1022,1.53162,0.00179339,1.53551,38,0,29,24,31,0,-2,0,0,1,57,3776,3784,14,149,35,537,35040,34776,108,2,20,98,52864,0,0,0,0,1,70,55,0,24,3817,0,0,0,0,0,0,0,0,0,-72,0,0,0
2501.6,0,0,0,0,0,1025,1.53174,0.00177517,1.53513,38,0,29,24,31,0,-2,0,0,1,57,3775,3784,13,149,35,537,35033,34761,108,2,66,98,49075,0,0,0,0,1,56,28,0,15,3826,0,0,0,0,0,0,0,0,0,-43,0,0,0
2501.61,0,0,0,0,0,1018,1.53201,0.00177787,1.53516,38,0,29,24,31,0,-2,0,0,1,57,3777,3784,13,149,35,537,35033,34761,108,2,66,98,49101,0,0,0,0,1,70,0,0,14,3822,0,0,0,0,0,0,0,0,0,-40,0,0,0
2501.62,0,0,0,0,0,1008,1.53229,0.00178057,1.53519,38,0,29,24,31,0,-2,0,0,1,57,3777,3784,14,149,35,537,35033,34761,108,2,66,98,52878,0,0,0,0,1,156,0,0,25,3817,0,0,0,0,0,0,0,0,0,-96,0,0,0
2501.63,0,0,0,0,0,1008,1.53256,0.00178328,1.53522,38,0,29,24,31,0,-2,0,0,1,57,3777,3784,14,149,35,537,35033,34761,108,2,66,98,52878,0,0,0,0,1,156,0,0,25,3817,0,0,0,0,0,0,0,0,0,-96,0,0,0
2501.64,0,0,0,0,0,1010,1.53283,0.00178598,1.53526,38,0,29,24,31,0,-2,0,0,1,57,3777,3784,15,149,35,537,35033,34761,108,2,66,98,56655,0,0,0,0,1,134,0,0,25,3820,0,0,0,0,0,0,0,0,0,-80,0,0,0
2501.65,0,0,0,0,0,1009,1.5331,0.00178868,1.53529,38,0,29,24,31,0,-2,0,0,1,57,3777,3784,16,149,35,537,35033,34761,108,2,66,98,60432,0,0,0,0,1,85,0,0,15,3826,0,0,0,0,0,0,0,0,0,-50,0,0,0
2501.66,0,0,0,0,0,1002,1.53337,0.00179138,1.53532,38,0,29,24,31,0,-2,0,0,1,57,3777,3784,17,149,35,537,35033,34761,108,2,66,98,64209,0,0,0,0,1,97,0,0,17,3824,0,0,0,0,0,0,0,0,0,-57,0,0,0
2501.67,0,0,0,0,0,1001,1.53364,0.00179408,1.53535,38,0,29,24,31,0,-2,0,0,1,57,3777,3784,17,149,35,537,35033,34761,108,2,66,98,64209,0,0,0,0,1,93,0,0,19,3824,0,0,0,0,0,0,0,0,0,-54,0,0,0
2501.68,0,0,0,0,0,1001,1.53391,0.00179679,1.53538,38,0,29,24,31,0,-2,0,0,1,57,3776,3784,15,149,35,537,35033,34761,108,2,66,98,56640,0,0,0,0,1,77,0,0,15,3824,0,0,0,0,0,0,0,0,0,-50,0,0,0
2501.69,0,0,0,0,0,1001,1.53418,0.00179949,1.53541,38,0,29,24,31,0,-2,0,0,1,57,3776,3784,14,149,35,537,35033,34761,108,2,66,98,52864,0,0,0,0,1,77,0,0,15,3824,0,0,0,0,0,0,0,0,0,-50,0,0,0
2501.7,0,0,0,0,0,995,1.53445,0.00180219,1.53544,38,0,29,24,31,0,-2,0,0,1,57,3776,3784,15,149,35,537,35043,34782,109,2,20,98,56640,0,0,0,0,1,95,0,0,16,3826,0,0,0,0,0,0,0,0,0,-53,0,0,0
2501.71,0,0,0,0,0,994,1.53456,0.00179094,1.53582,38,0,29,24,31,0,-2,0,0,1,57,3776,3784,15,149,35,537,35043,34782,109,2,20,98,56640,0,0,0,0,1,89,0,0,18,3829,0,0,0,0,0,0,0,0,0,-64,0,0,0
2501.72,0,0,0,0,0,997,1.53467,0.00177968,1.53619,38,0,29,24,31,0,-2,0,0,1,57,3776,3784,18,150,35,537,35043,34782,109,2,20,98,67968,0,0,0,0,1,93,0,0,13,3822,0,0,0,0,0,0,0,0,0,-43,0,0,0
2501.73,0,0,0,0,0,997,1.53477,0.00176843,1.53657,38,0,29,24,31,0,-2,0,0,1,57,3776,3784,15,150,35,537,35043,34782,109,2,20,98,56640,0,0,0,0,1,73,0,0,12,3824,0,0,0,0,0,0,0,0,0,-47,0,0,0
2501.74,0,0,0,0,0,993,1.53488,0.00175718,1.53695,38,0,29,24,31,0,-2,0,0,1,57,3776,3784,15,150,35,537,35043,34782,109,2,20,98,56640,0,0,0,0,1,73,0,0,12,3829,0,0,0,0,0,0,0,0,0,-44,0,0,0
2501.75,0,0,0,0,0,993,1.53499,0.00174593,1.53733,38,0,29,24,31,0,-2,0,0,1,57,3776,3784,15,150,35,537,35043,34782,109,2,20,98,56640,0,0,0,0,1,73,0,0,12,3829,0,0,0,0,0,0,0,0,0,-44,0,0,0
2501.76,0,0,0,0,0,986,1.53509,0.00173467,1.5377,38,0,29,24,31,0,-2,0,0,1,57,3776,3784,14,150,35,537,35043,34782,109,2,20,98,52864,0,0,0,0,1,82,0,0,13,3829,0,0,0,0,0,0,0,0,0,-47,0,0,0
2501.77,0,0,0,0,0,980,1.5352,0.00172342,1.53808,38,0,29,24,31,0,-2,0,0,1,57,3777,3784,14,150,35,537,35043,34782,109,2,20,98,52878,0,0,0,0,1,83,2,0,17,3817,0,0,0,0,0,0,0,0,0,-60,0,0,0
2501.78,0,0,0,0,0,981,1.53531,0.00171217,1.53846,38,0,29,24,31,0,-2,0,0,1,57,3777,3784,16,150,35,537,35043,34782,109,2,20,98,60432,0,0,0,0,1,54,47,0,16,3820,0,0,0,0,0,0,0,0,0,-49,0,0,0
2501.79,0,0,0,0,0,979,1.53541,0.00170091,1.53884,38,0,29,24,31,0,-2,0,0,1,57,3777,3784,16,150,35,537,35043,34782,109,2,20,98,60432,0,0,0,0,1,24,57,0,14,3826,0,0,0,0,0,0,0,0,0,-58,0,0,0
2501.8,0,0,0,0,0,973,1.53552,0.00168966,1.53921,38,0,29,24,31,0,-2,0,0,1,57,3776,3784,14,150,35,537,35045,34786,108,2,20,98,52864,0,0,0,0,1,0,98,0,16,3831,0,0,0,0,0,0,0,0,0,-74,0,0,0
2501.81,0,0,0,0,0,973,1.53518,0.00171638,1.53922,38,0,29,24,31,0,-2,0,0,1,57,3776,3784,13,150,35,537,35045,34786,108,2,20,98,49088,0,0,0,0,1,0,98,0,16,3831,0,0,0,0,0,0,0,0,0,-74,0,0,0
2501.82,0,0,0,0,0,969,1.53485,0.00174309,1.53922,38,0,29,24,31,0,-2,0,0,1,57,3776,3784,13,150,35,537,35045,34786,108,2,20,98,49088,0,0,0,0,1,0,129,0,23,3829,0,0,0,0,0,0,0,0,0,-81,0,0,0
2501.83,0,0,0,0,0,968,1.53452,0.00176981,1.53923,38,0,29,24,31,0,-2,0,0,1,57,3776,3784,13,150,35,537,35045,34786,108,2,20,98,49088,0,0,0,0,1,0,114,0,16,3829,0,0,0,0,0,0,0,0,0,-65,0,0,0
2501.84,0,0,0,0,0,963,1.53418,0.00179653,1.53923,38,0,29,24,31,0,-2,0,0,1,57,3777,3784,22,150,35,537,35045,34786,108,2,20,98,83094,0,0,0,0,1,0,98,35,19,3831,0,0,0,0,0,0,0,0,0,-67,0,0,0
2501.85,0,0,0,0,0,961,1.53385,0.00182324,1.53924,38,0,29,24,31,0,-2,0,0,1,57,3777,3784,14,150,35,537,35045,34786,108,2,20,98,52878,0,0,0,0,1,0,40,89,16,3835,0,0,0,0,0,0,0,0,0,-68,0,0,0
2501.86,0,0,0,0,0,957,1.53352,0.00184996,1.53924,38,0,29,24,31,0,-2,0,0,1,57,3777,3784,13,150,35,537,35045,34786,108,2,20,98,49101,0,0,0,0,1,0,0,117,16,3833,0,0,0,0,0,0,0,0,0,-65,0,0,0
2501.87,0,0,0,0,0,957,1.53318,0.00187668,1.53924,38,0,29,24,31,0,-2,0,0,1,57,3777,3784,13,150,35,537,35045,34786,108,2,20,98,49101,0,0,0,0,1,0,0,117,16,3833,0,0,0,0,0,0,0,0,0,-65,0,0,0
2501.88,0,0,0,0,0,954,1.53285,0.00190339,1.53925,38,0,29,24,31,0,-2,0,0,1,57,3777,3785,13,150,35,537,35045,34786,108,2,20,98,49101,0,0,0,0,1,0,0,112,16,3826,0,0,0,0,0,0,0,0,0,-63,0,0,0
2501.89,0,0,0,0,0,952,1.53251,0.00193011,1.53925,38,0,29,24,31,0,-2,0,0,1,57,3777,3785,15,150,35,537,35045,34786,108,2,20,98,56655,0,0,0,0,1,30,0,68,13,3826,0,0,0,0,0,0,0,0,0,-35,0,0,0
2501.9,0,0,0,0,0,949,1.53218,0.00195683,1.53926,38,0,29,24,31,0,-2,0,0,1,57,3777,3785,19,150,35,537,35053,34794,108,2,20,98,71763,0,0,0,0,1,62,0,27,13,3829,0,0,0,0,0,0,0,0,0,-41,0,0,0
2501.91,0,0,0,0,0,947,1.53241,0.00192607,1.53915,38,0,29,24,31,0,-2,0,0,1,57,3777,3785,19,150,35,537,35053,34794,108,2,20,98,71763,0,0,0,0,1,79,0,0,13,3837,0,0,0,0,0,0,0,0,0,-44,0,0,0
2501.92,0,0,0,0,0,945,1.53263,0.00189532,1.53904,38,0,29,24,31,0,-2,0,0,1,57,3777,3785,13,150,35,537,35053,34794,108,2,20,98,49101,0,0,0,0,1,48,16,0,13,3822,0,0,0,0,0,0,0,0,0,-44,0,0,0
2501.93,0,0,0,0,0,945,1.53286,0.00186456,1.53893,38,0,29,24,31,0,-2,0,0,1,57,3777,3785,14,150,35,537,35053,34794,108,2,20,98,52878,0,0,0,0,1,48,16,0,13,3822,0,0,0,0,0,0,0,0,0,-44,0,0,0
2501.94,0,0,0,0,0,941,1.53309,0.0018338,1.53882,38,0,29,24,31,0,-2,0,0,1,57,3777,3785,24,150,35,537,35053,34794,108,2,20,98,90648,0,0,0,0,1,21,65,0,16,3829,0,0,0,0,0,0,0,0,0,-57,0,0,0
2501.95,0,0,0,0,0,940,1.53332,0.00180305,1.53871,38,0,29,24,31,0,-2,0,0,1,57,3777,3785,24,150,35,537,35053,34794,108,2,20,98,90648,0,0,0,0,1,0,90,0,19,3837,0,0,0,0,0,0,0,0,0,-53,0,0,0
2501.96,0,0,0,0,0,941,1.53354,0.00177229,1.53861,38,0,29,24,31,0,-2,0,0,1,57,3774,3785,13,150,35,537,35053,34794,108,2,20,98,49062,0,0,0,0,1,0,49,24,14,3833,0,0,0,0,0,0,0,0,0,-43,0,0,0
2501.97,0,0,0,0,0,941,1.53377,0.00174154,1.5385,38,0,29,24,31,0,-2,0,0,1,57,3774,3785,14,150,35,537,35053,34794,108,2,20,98,52836,0,0,0,0,1,0,0,42,13,3831,0,0,0,0,0,0,0,0,0,-58,0,0,0
2501.98,0,0,0,0,0,937,1.534,0.00171078,1.53839,38,0,29,24,31,0,-2,0,0,1,57,3774,3785,16,150,35,537,35053,34794,108,2,20,98,60384,0,0,0,0,1,0,0,77,13,3837,0,0,0,0,0,0,0,0,0,-49,0,0,0
2501.99,0,0,0,0,0,937,1.53423,0.00168003,1.53828,38,0,29,24,31,0,-2,0,0,1,57,3774,3785,16,150,35,537,35053,34794,108,2,20,98,60384,0,0,0,0,1,0,0,77,13,3837,0,0,0,0,0,0,0,0,0,-49,0,0,0
2502,0,0,0,0,0,930,1.53445,0.00164927,1.53817,38,0,29,24,31,0,-2,0,0,1,57,3777,3785,13,150,35,537,35053,34795,108,2,20,98,49101,0,0,0,0,1,30,0,44,14,3835,0,0,0,0,0,0,0,0,0,-47,0,0,0
2502.01,0,0,0,0,0,928,1.53434,0.0017001,1.53805,38,0,29,24,31,0,-2,0,0,1,57,3777,3785,15,150,35,537,35053,34795,108,2,20,98,56655,0,0,0,0,1,99,0,0,21,3822,0,0,0,0,0,0,0,0,0,-62,0,0,0
2502.02,0,0,0,0,0,930,1.53422,0.00175093,1.53792,38,0,29,24,31,0,-2,0,0,1,57,3777,3785,16,150,35,537,35053,34795,108,2,20,98,60432,0,0,0,0,1,42,24,0,14,3824,0,0,0,0,0,0,0,0,0,-58,0,0,0
2502.03,0,0,0,0,0,926,1.53411,0.00180177,1.53779,38,0,29,24,31,0,-2,0,0,1,57,3777,3785,16,150,35,537,35053,34795,108,2,20,98,60432,0,0,0,0,1,0,82,0,13,3833,0,0,0,0,0,0,0,0,0,-50,0,0,0
2502.04,0,0,0,0,0,922,1.53399,0.0018526,1.53767,38,0,29,24,31,0,-2,0,0,1,57,3776,3785,12,150,35,537,35053,34795,108,2,20,98,45312,0,0,0,0,1,0,94,0,15,3829,0,0,0,0,0,0,0,0,0,-65,0,0,0
2502.05,0,0,0,0,0,922,1.53388,0.00190343,1.53754,38,0,29,24,31,0,-2,0,0,1,57,3776,3785,11,150,35,537,35053,34795,108,2,20,98,41536,0,0,0,0,1,0,94,0,15,3829,0,0,0,0,0,0,0,0,0,-65,0,0,0
2502.06,0,0,0,0,0,919,1.53376,0.00195426,1.53742,38,0,29,24,31,0,-2,0,0,1,57,3776,3785,11,150,35,537,35053,34795,108,2,20,98,41536,0,0,0,0,1,0,0,105,15,3824,0,0,0,0,0,0,0,0,0,-63,0,0,0
2502.07,0,0,0,0,0,913,1.53365,0.00200509,1.53729,38,0,29,24,31,0,-2,0,0,1,57,3776,3785,11,150,35,537,35053,34795,108,2,20,98,41536,0,0,0,0,1,0,0,76,16,3817,0,0,0,0,0,0,0,0,0,-52,0,0,0
2502.08,0,0,0,0,0,911,1.53353,0.00205592,1.53716,38,0,29,24,31,0,-2,0,0,1,57,3778,3785,16,150,35,537,35053,34795,108,2,20,98,60448,0,0,0,0,1,97,0,0,15,3831,0,0,0,0,0,0,0,0,0,-50,0,0,0
2502.09,0,0,0,0,0,910,1.53342,0.00210675,1.53704,38,0,29,24,31,0,-2,0,0,1,57,3778,3785,14,150,35,537,35053,34795,108,2,20,98,52892,0,0,0,0,1,48,10,0,13,3829,0,0,0,0,0,0,0,0,0,-38,0,0,0
2502.1,0,0,0,0,0,908,1.5333,0.00215759,1.53691,38,0,29,24,31,0,-2,0,0,1,57,3778,3785,13,150,35,537,35058,34803,108,2,20,98,49114,0,0,0,0,1,0,82,0,15,3839,0,0,0,0,0,0,0,0,0,-49,0,0,0
2502.11,0,0,0,0,0,908,1.53342,0.00214016,1.53679,38,0,29,24,31,0,-2,0,0,1,57,3778,3785,13,150,35,537,35058,34803,108,2,20,98,49114,0,0,0,0,1,0,82,0,15,3839,0,0,0,0,0,0,0,0,0,-49,0,0,0
2502.12,0,0,0,0,0,906,1.53354,0.00212273,1.53667,38,0,29,24,31,0,-2,0,0,1,57,3778,3785,18,150,35,537,35058,34803,108,2,20,98,68004,0,0,0,0,1,0,52,21,18,3831,0,0,0,0,0,0,0,0,0,-58,0,0,0
2502.13,0,0,0,0,0,901,1.53366,0.00210531,1.53654,38,0,29,24,31,0,-2,0,0,1,57,3778,3785,22,150,35,537,35058,34803,108,2,20,98,83116,0,0,0,0,1,0,0,128,21,3831,0,0,0,0,0,0,0,0,0,-77,0,0,0
2502.14,0,0,0,0,0,900,1.53378,0.00208788,1.53642,38,0,29,24,31,0,-2,0,0,1,57,3778,3785,15,150,35,537,35058,34803,108,2,20,98,56670,0,0,0,0,1,62,0,17,19,3824,0,0,0,0,0,0,0,0,0,-65,0,0,0
2502.15,0,0,0,0,0,897,1.5339,0.00207045,1.5363,38,0,29,24,31,0,-2,0,0,1,57,3778,3785,15,150,35,537,35058,34803,108,2,20,98,56670,0,0,0,0,1,99,0,0,17,3817,0,0,0,0,0,0,0,0,0,-65,0,0,0
2502.16,0,0,0,0,0,896,1.53402,0.00205303,1.53618,38,0,29,24,31,0,-2,0,0,1,57,3775,3785,15,150,35,537,35058,34803,108,2,20,98,56625,0,0,0,0,1,0,106,0,16,3831,0,0,0,0,0,0,0,0,0,-65,0,0,0
2502.17,0,0,0,0,0,896,1.53414,0.0020356,1.53605,38,0,29,24,31,0,-2,0,0,1,57,3775,3785,16,150,35,537,35058,34803,108,2,20,98,60400,0,0,0,0,1,0,106,0,16,3831,0,0,0,0,0,0,0,0,0,-65,0,0,0
2502.18,0,0,0,0,0,893,1.53426,0.00201817,1.53593,38,0,29,24,31,0,-2,0,0,1,57,3775,3785,17,150,35,537,35058,34803,108,2,20,98,64175,0,0,0,0,1,0,49,77,14,3826,0,0,0,0,0,0,0,0,0,-64,0,0,0
2502.19,0,0,0,0,0,888,1.53438,0.00200075,1.53581,38,0,29,24,31,0,-2,0,0,1,57,3775,3785,17,150,35,537,35058,34803,108,2,20,98,64175,0,0,0,0,1,0,0,114,13,3835,0,0,0,0,0,0,0,0,0,-51,0,0,0
2502.2,0,0,0,0,0,884,1.5345,0.00198332,1.53569,38,0,29,24,31,0,-2,0,0,1,57,3776,3785,13,150,35,537,35045,34783,108,2,20,98,49088,0,0,0,0,1,76,0,0,16,3820,0,0,0,0,0,0,0,0,0,-53,0,0,0
2502.21,0,0,0,0,0,887,1.53451,0.00194611,1.53591,38,0,29,24,31,0,-2,0,0,1,57,3777,3785,13,150,35,537,35045,34783,108,2,20,98,49101,0,0,0,0,1,21,38,0,11,3829,0,0,0,0,0,0,0,0,0,-21,0,0,0
2502.22,0,0,0,0,0,889,1.53451,0.0019089,1.53613,38,0,29,24,31,0,-2,0,0,1,57,3777,3785,13,150,35,537,35045,34783,108,2,20,98,49101,0,0,0,0,1,0,47,0,11,3835,0,0,0,0,0,0,0,0,0,-40,0,0,0
2502.23,0,0,0,0,0,889,1.53451,0.00187168,1.53636,38,0,29,24,31,0,-2,0,0,1,57,3777,3785,13,150,35,537,35045,34783,108,2,20,98,49101,0,0,0,0,1,0,47,0,11,3835,0,0,0,0,0,0,0,0,0,-40,0,0,0
2502.24,0,0,0,0,0,887,1.53451,0.00183447,1.53658,38,0,29,24,31,0,-2,0,0,1,57,3778,3785,14,150,35,537,35045,34783,108,2,20,98,52892,0,0,0,0,1,0,0,64,11,3837,0,0,0,0,0,0,0,0,0,-49,0,0,0
2502.25,0,0,0,0,0,884,1.53451,0.00179726,1.53681,38,0,29,24,31,0,-2,0,0,1,57,3778,3785,15,150,35,537,35045,34783,108,2,20,98,56670,0,0,0,0,1,30,0,19,10,3820,0,0,0,0,0,0,0,0,0,-45,0,0,0
2502.26,0,0,0,0,0,879,1.53452,0.00176004,1.53703,38,0,29,24,31,0,-2,0,0,1,57,3778,3785,18,150,35,537,35045,34783,108,2,20,98,68004,0,0,0,0,1,65,0,0,11,3831,0,0,0,0,0,0,0,0,0,-41,0,0,0
2502.27,0,0,0,0,0,873,1.53452,0.00172283,1.53725,38,0,29,24,31,0,-2,0,0,1,57,3778,3785,18,150,35,537,35045,34783,108,2,20,98,68004,0,0,0,0,1,0,120,0,18,3833,0,0,0,0,0,0,0,0,0,-71,0,0,0
2502.28,0,0,0,0,0,872,1.53452,0.00168562,1.53748,38,0,29,24,31,0,-2,0,0,1,57,3777,3785,11,150,35,537,35045,34783,108,2,20,98,41547,0,0,0,0,1,0,0,118,16,3835,0,0,0,0,0,0,0,0,0,-55,0,0,0
2502.29,0,0,0,0,0,872,1.53452,0.00164841,1.5377,38,0,29,24,31,0,-2,0,0,1,57,3777,3785,11,150,35,537,35045,34783,108,2,20,98,41547,0,0,0,0,1,0,0,118,16,3835,0,0,0,0,0,0,0,0,0,-55,0,0,0
2502.3,0,0,0,0,0,869,1.53452,0.00161119,1.53792,38,0,29,24,31,0,-2,0,0,1,56,3777,3785,11,150,35,537,35050,34791,108,2,20,98,41547,0,0,0,0,1,46,0,23,10,3824,0,0,0,0,0,0,0,0,0,-39,0,0,0
2502.31,0,0,0,0,0,863,1.5345,0.00166667,1.53804,38,0,29,24,31,0,-2,0,0,1,56,3777,3785,11,150,35,537,35050,34791,108,2,20,98,41547,0,0,0,0,1,52,10,0,15,3829,0,0,0,0,0,0,0,0,0,-47,0,0,0
2502.32,0,0,0,0,0,866,1.53447,0.00172215,1.53815,38,0,29,24,31,0,-2,0,0,1,56,3779,3785,18,150,35,537,35050,34791,108,2,20,98,68022,0,0,0,0,1,0,90,0,18,3829,0,0,0,0,0,0,0,0,0,-59,0,0,0
2502.33,0,0,0,0,0,861,1.53444,0.00177763,1.53826,38,0,29,24,31,0,-2,0,0,1,56,3778,3785,13,150,35,537,35050,34791,108,2,20,98,49114,0,0,0,0,1,0,0,89,16,3837,0,0,0,0,0,0,0,0,0,-71,0,0,0
2502.34,0,0,0,0,0,855,1.53441,0.00183311,1.53837,38,0,29,24,31,0,-2,0,0,1,56,3778,3785,11,150,35,537,35050,34791,108,2,20,98,41558,0,0,0,0,1,140,0,0,25,3822,0,0,0,0,0,0,0,0,0,-80,0,0,0
2502.35,0,0,0,0,0,855,1.53438,0.00188859,1.53848,38,0,29,24,31,0,-2,0,0,1,56,3778,3785,11,150,35,537,35050,34791,108,2,20,98,41558,0,0,0,0,1,140,0,0,25,3822,0,0,0,0,0,0,0,0,0,-80,0,0,0
2502.36,0,0,0,0,0,859,1.53435,0.00194407,1.53859,38,0,29,24,31,0,-2,0,0,1,56,3778,3785,14,150,35,537,35050,34791,108,2,20,98,52892,0,0,0,0,1,0,93,0,14,3829,0,0,0,0,0,0,0,0,0,-67,0,0,0
2502.37,0,0,0,0,0,851,1.53432,0.00199955,1.53871,38,0,29,24,31,0,-2,0,0,1,56,3778,3785,17,150,35,537,35050,34791,108,2,20,98,64226,0,0,0,0,1,0,24,91,13,3839,0,0,0,0,0,0,0,0,0,-77,0,0,0
2502.38,0,0,0,0,0,846,1.5343,0.00205503,1.53882,38,0,29,24,31,0,-2,0,0,1,56,3778,3785,15,150,35,537,35050,34791,108,2,20,98,56670,0,0,0,0,1,85,0,44,17,3822,0,0,0,0,0,0,0,0,0,-56,0,0,0
2502.39,0,0,0,0,0,847,1.53427,0.00211051,1.53893,38,0,29,24,31,0,-2,0,0,1,56,3778,3785,15,150,35,537,35050,34791,108,2,20,98,56670,0,0,0,0,1,21,22,0,10,3824,0,0,0,0,0,0,0,0,0,-35,0,0,0
2502.4,0,0,0,0,0,844,1.53424,0.00216599,1.53904,38,0,29,24,32,0,-2,0,0,1,57,3778,3785,13,150,35,537,35060,34805,108,2,65,98,49114,0,0,0,0,1,0,52,5,15,3829,0,0,0,0,0,0,0,0,0,-51,0,0,0
2502.41,0,0,0,0,0,844,1.53427,0.00213441,1.53892,38,0,29,24,32,0,-2,0,0,1,57,3778,3785,14,150,35,537,35060,34805,108,2,65,98,52892,0,0,0,0,1,0,52,5,15,3829,0,0,0,0,0,0,0,0,0,-51,0,0,0
2502.42,0,0,0,0,0,845,1.53429,0.00210284,1.5388,38,0,29,24,32,0,-2,0,0,1,57,3778,3785,13,150,35,537,35060,34805,108,2,65,98,49114,0,0,0,0,1,0,0,60,15,3822,0,0,0,0,0,0,0,0,0,-59,0,0,0
2502.43,0,0,0,0,0,847,1.53432,0.00207126,1.53868,38,0,29,24,32,0,-2,0,0,1,57,3778,3785,13,150,35,537,35060,34805,108,2,65,98,49114,0,0,0,0,1,46,5,0,10,3822,0,0,0,0,0,0,0,0,0,-43,0,0,0
2502.44,0,0,0,0,0,843,1.53435,0.00203969,1.53856,38,0,29,24,32,0,-2,0,0,1,57,3778,3785,19,150,35,537,35060,34805,108,2,65,98,71782,0,0,0,0,1,0,69,0,9,3831,0,0,0,0,0,0,0,0,0,-41,0,0,0
2502.45,0,0,0,0,0,836,1.53438,0.00200811,1.53844,38,0,29,24,32,0,-2,0,0,1,57,3778,3785,19,150,35,537,35060,34805,108,2,65,98,71782,0,0,0,0,1,0,0,93,9,3835,0,0,0,0,0,0,0,0,0,-35,0,0,0
2502.46,0,0,0,0,0,832,1.5344,0.00197654,1.53832,38,0,29,24,32,0,-2,0,0,1,57,3778,3785,14,150,35,537,35060,34805,108,2,65,98,52892,0,0,0,0,1,79,0,0,10,3835,0,0,0,0,0,0,0,0,0,-44,0,0,0
2502.47,0,0,0,0,0,832,1.53443,0.00194496,1.53819,38,0,29,24,32,0,-2,0,0,1,57,3778,3785,14,150,35,537,35060,34805,108,2,65,98,52892,0,0,0,0,1,79,0,0,10,3835,0,0,0,0,0,0,0,0,0,-44,0,0,0
2502.48,0,0,0,0,0,834,1.53446,0.00191339,1.53807,38,0,29,24,32,0,-2,0,0,1,57,3777,3785,13,150,35,537,35060,34805,108,2,65,98,49101,0,0,0,0,1,0,88,0,14,3829,0,0,0,0,0,0,0,0,0,-52,0,0,0
2502.49,0,0,0,0,0,833,1.53449,0.00188181,1.53795,38,0,29,24,32,0,-2,0,0,1,57,3777,3785,16,150,35,537,35060,34805,108,2,65,98,60432,0,0,0,0,1,0,0,79,13,3837,0,0,0,0,0,0,0,0,0,-54,0,0,0
2502.5,0,0,0,0,0,831,1.53451,0.00185024,1.53783,38,0,29,24,32,0,-2,0,0,1,56,3777,3785,12,150,35,537,35044,34781,108,2,20,98,45324,0,0,0,0,1,105,0,0,15,3820,0,0,0,0,0,0,0,0,0,-64,0,0,0
2502.51,0,0,0,0,0,830,1.53464,0.00184611,1.5379,38,0,29,24,32,0,-2,0,0,1,56,3777,3785,12,150,35,537,35044,34781,108,2,20,98,45324,0,0,0,0,1,0,84,0,11,3835,0,0,0,0,0,0,0,0,0,-52,0,0,0
2502.52,0,0,0,0,0,823,1.53477,0.00184197,1.53797,38,0,29,24,32,0,-2,0,0,1,56,3778,3785,12,150,35,537,35044,34781,108,2,20,98,45336,0,0,0,0,1,0,0,79,11,3833,0,0,0,0,0,0,0,0,0,-45,0,0,0
2502.53,0,0,0,0,0,823,1.5349,0.00183784,1.53804,38,0,29,24,32,0,-2,0,0,1,56,3778,3785,10,150,35,537,35044,34781,108,2,20,98,37780,0,0,0,0,1,0,0,79,11,3833,0,0,0,0,0,0,0,0,0,-45,0,0,0
2502.54,0,0,0,0,0,820,1.53503,0.00183371,1.53811,38,0,29,24,32,0,-2,0,0,1,56,3778,3785,10,150,35,537,35044,34781,108,2,20,98,37780,0,0,0,0,1,48,8,0,11,3831,0,0,0,0,0,0,0,0,0,-43,0,0,0
2502.55,0,0,0,0,0,818,1.53516,0.00182958,1.53817,38,0,29,24,32,0,-2,0,0,1,56,3778,3785,10,150,35,537,35044,34781,108,2,20,98,37780,0,0,0,0,1,0,88,15,21,3835,0,0,0,0,0,0,0,0,0,-68,0,0,0
2502.56,0,0,0,0,0,818,1.53529,0.00182544,1.53824,38,0,29,24,32,0,-2,0,0,1,56,3779,3785,10,150,35,537,35044,34781,108,2,20,98,37790,0,0,0,0,1,41,0,48,16,3829,0,0,0,0,0,0,0,0,0,-47,0,0,0
2502.57,0,0,0,0,0,814,1.53543,0.00182131,1.53831,38,0,29,24,32,0,-2,0,0,1,56,3779,3785,10,150,35,537,35044,34781,108,2,20,98,37790,0,0,0,0,1,48,110,0,17,3820,0,0,0,0,0,0,0,0,0,-76,0,0,0
2502.58,0,0,0,0,0,814,1.53556,0.00181718,1.53838,38,0,29,24,32,0,-2,0,0,1,56,3779,3785,11,150,35,537,35044,34781,108,2,20,98,41569,0,0,0,0,1,0,8,101,13,3833,0,0,0,0,0,0,0,0,0,-59,0,0,0
2502.59,0,0,0,0,0,814,1.53569,0.00181304,1.53845,38,0,29,24,32,0,-2,0,0,1,56,3779,3785,11,150,35,537,35044,34781,108,2,20,98,41569,0,0,0,0,1,0,8,101,13,3833,0,0,0,0,0,0,0,0,0,-59,0,0,0
2502.6,0,0,0,0,0,810,1.53582,0.00180891,1.53852,38,0,29,24,31,0,-2,0,0,1,57,3780,3785,13,150,35,537,35070,34821,109,2,20,98,49140,0,0,0,0,1,60,0,0,9,3824,0,0,0,0,0,0,0,0,0,-36,0,0,0
2502.61,0,0,0,0,0,806,1.53541,0.00182506,1.53842,38,0,29,24,31,0,-2,0,0,1,57,3777,3785,10,150,35,537,35070,34821,109,2,20,98,37770,0,0,0,0,1,0,79,0,13,3833,0,0,0,0,0,0,0,0,0,-46,0,0,0
2502.62,0,0,0,0,0,806,1.535,0.00184121,1.53832,38,0,29,24,31,0,-2,0,0,1,57,3777,3785,13,150,35,537,35070,34821,109,2,20,98,49101,0,0,0,0,1,0,0,105,18,3837,0,0,0,0,0,0,0,0,0,-82,0,0,0
2502.63,0,0,0,0,0,804,1.5346,0.00185736,1.53822,38,0,29,24,31,0,-2,0,0,1,57,3777,3785,13,150,35,537,35070,34821,109,2,20,98,49101,0,0,0,0,1,64,5,0,14,3824,0,0,0,0,0,0,0,0,0,-50,0,0,0
2502.64,0,0,0,0,0,799,1.53419,0.00187351,1.53812,38,0,29,24,31,0,-2,0,0,1,57,3779,3785,14,150,35,537,35070,34821,109,2,20,98,52906,0,0,0,0,1,0,41,117,19,3826,0,0,0,0,0,0,0,0,0,-82,0,0,0
2502.65,0,0,0,0,0,799,1.53378,0.00188966,1.53803,38,0,29,24,31,0,-2,0,0,1,57,3779,3785,18,150,35,537,35070,34821,109,2,20,98,68022,0,0,0,0,1,0,41,117,19,3826,0,0,0,0,0,0,0,0,0,-82,0,0,0
2502.66,0,0,0,0,0,797,1.53338,0.00190581,1.53793,38,0,29,24,31,0,-2,0,0,1,57,3778,3785,22,150,35,537,35070,34821,109,2,20,98,83116,0,0,0,0,1,64,0,0,10,3824,0,0,0,0,0,0,0,0,0,-42,0,0,0
2502.67,0,0,0,0,0,794,1.53297,0.00192196,1.53783,38,0,29,24,31,0,-2,0,0,1,57,3778,3785,22,150,35,537,35070,34821,109,2,20,98,83116,0,0,0,0,1,0,75,0,13,3839,0,0,0,0,0,0,0,0,0,-44,0,0,0
2502.68,0,0,0,0,0,793,1.53256,0.00193811,1.53773,38,0,29,24,31,0,-2,0,0,1,57,3776,3785,16,150,35,537,35070,34821,109,2,20,98,60416,0,0,0,0,1,0,0,124,19,3831,0,0,0,0,0,0,0,0,0,-74,0,0,0
2502.69,0,0,0,0,0,792,1.53216,0.00195426,1.53763,38,0,29,24,31,0,-2,0,0,1,57,3776,3785,16,150,35,537,35070,34821,109,2,20,98,60416,0,0,0,0,1,42,30,0,13,3817,0,0,0,0,0,0,0,0,0,-43,0,0,0
2502.7,0,0,0,0,0,786,1.53175,0.00197041,1.53754,38,0,29,24,31,0,-2,0,0,1,57,3776,3785,16,150,35,537,35043,34779,107,2,20,98,60416,0,0,0,0,1,0,16,146,17,3829,0,0,0,0,0,0,0,0,0,-96,0,0,0
2502.71,0,0,0,0,0,786,1.53206,0.00195553,1.53786,38,0,29,24,31,0,-2,0,0,1,57,3776,3785,16,150,35,537,35043,34779,107,2,20,98,60416,0,0,0,0,1,0,16,146,17,3829,0,0,0,0,0,0,0,0,0,-96,0,0,0
2502.72,0,0,0,0,0,786,1.53237,0.00194065,1.53818,38,0,29,24,31,0,-2,0,0,1,57,3778,3785,15,150,35,537,35043,34779,107,2,20,98,56670,0,0,0,0,1,65,0,0,10,3837,0,0,0,0,0,0,0,0,0,-38,0,0,0
2502.73,0,0,0,0,0,785,1.53267,0.00192578,1.5385,38,0,29,24,31,0,-2,0,0,1,57,3779,3785,12,150,35,537,35043,34779,107,2,20,98,45348,0,0,0,0,1,0,49,0,11,3835,0,0,0,0,0,0,0,0,0,-40,0,0,0
2502.74,0,0,0,0,0,783,1.53298,0.0019109,1.53883,38,0,29,24,31,0,-2,0,0,1,57,3779,3785,10,150,35,537,35043,34779,107,2,20,98,37790,0,0,0,0,1,46,0,17,13,3820,0,0,0,0,0,0,0,0,0,-47,0,0,0
2502.75,0,0,0,0,0,784,1.53329,0.00189602,1.53915,38,0,29,24,31,0,-2,0,0,1,57,3779,3785,10,150,35,537,35043,34779,107,2,20,98,37790,0,0,0,0,1,0,75,0,10,3839,0,0,0,0,0,0,0,0,0,-39,0,0,0
2502.76,0,0,0,0,0,777,1.5336,0.00188115,1.53947,38,0,29,24,31,0,-2,0,0,1,57,3779,3785,9,150,35,537,35043,34779,107,2,20,98,34011,0,0,0,0,1,0,0,112,10,3839,0,0,0,0,0,0,0,0,0,-52,0,0,0
2502.77,0,0,0,0,0,777,1.5339,0.00186627,1.5398,38,0,29,24,31,0,-2,0,0,1,57,3779,3785,10,150,35,537,35043,34779,107,2,20,98,37790,0,0,0,0,1,0,0,112,10,3839,0,0,0,0,0,0,0,0,0,-52,0,0,0
2502.78,0,0,0,0,0,776,1.53421,0.00185139,1.54012,38,0,29,24,31,0,-2,0,0,1,57,3779,3785,10,150,35,537,35043,34779,107,2,20,98,37790,0,0,0,0,1,19,53,0,11,3829,0,0,0,0,0,0,0,0,0,-38,0,0,0
2502.79,0,0,0,0,0,778,1.53452,0.00183651,1.54044,38,0,29,24,31,0,-2,0,0,1,57,3779,3785,10,150,35,537,35043,34779,107,2,20,98,37790,0,0,0,0,1,0,0,56,10,3837,0,0,0,0,0,0,0,0,0,-55,0,0,0
2502.8,0,0,0,0,0,774,1.53483,0.00182164,1.54077,38,0,29,24,31,0,-2,0,0,1,56,3780,3785,11,150,35,537,35073,34825,109,2,20,98,41580,0,0,0,0,1,58,0,0,10,3826,0,0,0,0,0,0,0,0,0,-44,0,0,0
2502.81,0,0,0,0,0,772,1.53493,0.00182601,1.5405,38,0,29,24,31,0,-2,0,0,1,56,3779,3785,14,150,35,537,35073,34825,109,2,20,98,52906,0,0,0,0,1,0,34,93,11,3833,0,0,0,0,0,0,0,0,0,-59,0,0,0
2502.82,0,0,0,0,0,770,1.53503,0.00183039,1.54024,38,0,29,24,31,0,-2,0,0,1,56,3779,3785,10,150,35,537,35073,34825,109,2,20,98,37790,0,0,0,0,1,48,0,0,8,3822,0,0,0,0,0,0,0,0,0,-38,0,0,0
2502.83,0,0,0,0,0,770,1.53513,0.00183476,1.53997,38,0,29,24,31,0,-2,0,0,1,56,3779,3785,10,150,35,537,35073,34825,109,2,20,98,37790,0,0,0,0,1,48,0,0,8,3822,0,0,0,0,0,0,0,0,0,-38,0,0,0
2502.84,0,0,0,0,0,769,1.53523,0.00183914,1.53971,38,0,29,24,31,0,-2,0,0,1,56,3778,3785,13,150,35,537,35073,34825,109,2,20,98,49114,0,0,0,0,1,0,46,0,10,3833,0,0,0,0,0,0,0,0,0,-42,0,0,0
2502.85,0,0,0,0,0,764,1.53533,0.00184352,1.53945,38,0,29,24,31,0,-2,0,0,1,56,3778,3785,11,150,35,537,35073,34825,109,2,20,98,41558,0,0,0,0,1,93,0,0,16,3829,0,0,0,0,0,0,0,0,0,-63,0,0,0
2502.86,0,0,0,0,0,764,1.53543,0.00184789,1.53918,38,0,29,24,31,0,-2,0,0,1,56,3780,3785,17,150,35,537,35073,34825,109,2,20,98,64260,0,0,0,0,1,0,137,0,18,3837,0,0,0,0,0,0,0,0,0,-84,0,0,0
2502.87,0,0,0,0,0,757,1.53553,0.00185227,1.53892,38,0,29,24,31,0,-2,0,0,1,56,3780,3785,17,150,35,537,35073,34825,109,2,20,98,64260,0,0,0,0,1,77,0,35,12,3826,0,0,0,0,0,0,0,0,0,-55,0,0,0
2502.88,0,0,0,0,0,757,1.53563,0.00185664,1.53865,38,0,29,24,31,0,-2,0,0,1,56,3780,3785,14,150,35,537,35073,34825,109,2,20,98,52920,0,0,0,0,1,0,94,0,16,3824,0,0,0,0,0,0,0,0,0,-60,0,0,0
2502.89,0,0,0,0,0,757,1.53573,0.00186102,1.53839,38,0,29,24,31,0,-2,0,0,1,56,3777,3785,14,150,35,537,35073,34825,109,2,20,98,52878,0,0,0,0,1,0,94,0,16,3824,0,0,0,0,0,0,0,0,0,-60,0,0,0
2502.9,0,0,0,0,0,758,1.53583,0.00186539,1.53813,38,0,29,24,31,0,-2,0,0,1,57,3777,3785,14,150,35,537,35053,34795,108,2,20,98,52878,0,0,0,0,1,41,0,21,11,3833,0,0,0,0,0,0,0,0,0,-41,0,0,0
2502.91,0,0,0,0,0,753,1.5358,0.0018644,1.53829,38,0,29,24,31,0,-2,0,0,1,57,3777,3785,14,150,35,537,35053,34795,108,2,20,98,52878,0,0,0,0,1,0,123,0,16,3835,0,0,0,0,0,0,0,0,0,-73,0,0,0
2502.92,0,0,0,0,0,746,1.53576,0.0018634,1.53846,38,0,29,24,31,0,-2,0,0,1,57,3779,3785,12,150,35,537,35053,34795,108,2,20,98,45348,0,0,0,0,1,103,0,35,17,3835,0,0,0,0,0,0,0,0,0,-74,0,0,0
2502.93,0,0,0,0,0,749,1.53573,0.00186241,1.53862,38,0,29,24,31,0,-2,0,0,1,57,3779,3785,19,150,35,537,35053,34795,108,2,20,98,71801,0,0,0,0,1,0,59,0,12,3850,0,0,0,0,0,0,0,0,0,-36,0,0,0
2502.94,0,0,0,0,0,742,1.5357,0.00186142,1.53879,38,0,29,24,31,0,-2,0,0,1,57,3780,3785,12,150,35,537,35053,34795,108,2,20,98,45360,0,0,0,0,1,118,0,19,21,3824,0,0,0,0,0,0,0,0,0,-93,0,0,0
2502.95,0,0,0,0,0,742,1.53567,0.00186042,1.53895,38,0,29,24,31,0,-2,0,0,1,57,3780,3785,12,150,35,537,35053,34795,108,2,20,98,45360,0,0,0,0,1,0,0,117,16,3835,0,0,0,0,0,0,0,0,0,-65,0,0,0
2502.96,0,0,0,0,0,742,1.53564,0.00185943,1.53912,38,0,29,24,31,0,-2,0,0,1,57,3780,3785,15,150,35,537,35053,34795,108,2,20,98,56700,0,0,0,0,1,0,0,117,16,3835,0,0,0,0,0,0,0,0,0,-65,0,0,0
2502.97,0,0,0,0,0,743,1.53561,0.00185843,1.53928,38,0,29,24,31,0,-2,0,0,1,57,3779,3785,10,150,35,537,35053,34795,108,2,20,98,37790,0,0,0,0,1,0,52,0,8,3829,0,0,0,0,0,0,0,0,0,-27,0,0,0
2502.98,0,0,0,0,0,737,1.53557,0.00185744,1.53945,38,0,29,24,31,0,-2,0,0,1,57,3779,3785,10,150,35,537,35053,34795,108,2,20,98,37790,0,0,0,0,1,3,0,73,13,3826,0,0,0,0,0,0,0,0,0,-49,0,0,0
2502.99,0,0,0,0,0,742,1.53554,0.00185645,1.53961,38,0,29,24,31,0,-2,0,0,1,57,3779,3785,10,150,35,537,35053,34795,108,2,20,98,37790,0,0,0,0,1,0,69,0,12,3826,0,0,0,0,0,0,0,0,0,-41,0,0,0
2503,0,0,0,0,0,739,1.53551,0.00185545,1.53978,38,0,29,24,31,0,-2,0,0,1,56,3780,3785,14,150,35,537,35074,34826,108,2,20,98,52920,0,0,0,0,1,41,0,35,7,3829,0,0,0,0,0,0,0,0,0,-26,0,0,0
2503.01,0,0,0,0,0,733,1.53543,0.00185173,1.53936,38,0,29,24,31,0,-2,0,0,1,56,3780,3785,12,150,35,537,35074,34826,108,2,20,98,45360,0,0,0,0,1,0,55,0,10,3835,0,0,0,0,0,0,0,0,0,-35,0,0,0
2503.02,0,0,0,0,0,733,1.53535,0.00184801,1.53895,38,0,29,24,31,0,-2,0,0,1,56,3778,3785,19,150,35,537,35074,34826,108,2,20,98,71782,0,0,0,0,1,0,55,0,10,3835,0,0,0,0,0,0,0,0,0,-35,0,0,0
2503.03,0,0,0,0,0,732,1.53528,0.0018443,1.53854,38,0,29,24,31,0,-2,0,0,1,56,3778,3785,19,150,35,537,35074,34826,108,2,20,98,71782,0,0,0,0,1,83,0,27,15,3826,0,0,0,0,0,0,0,0,0,-57,0,0,0
2503.04,0,0,0,0,0,734,1.5352,0.00184058,1.53812,38,0,29,24,31,0,-2,0,0,1,56,3778,3786,10,150,35,537,35074,34826,108,2,20,98,37780,0,0,0,0,1,0,59,7,8,3841,0,0,0,0,0,0,0,0,0,-36,0,0,0
2503.05,0,0,0,0,0,725,1.53512,0.00183686,1.53771,38,0,29,24,31,0,-2,0,0,1,56,3779,3786,14,150,35,537,35074,34826,108,2,20,98,52906,0,0,0,0,1,58,0,0,8,3833,0,0,0,0,0,0,0,0,0,-34,0,0,0
2503.06,0,0,0,0,0,728,1.53504,0.00183314,1.5373,38,0,29,24,31,0,-2,0,0,1,56,3779,3786,10,150,35,537,35074,34826,108,2,20,98,37790,0,0,0,0,1,0,24,60,13,3829,0,0,0,0,0,0,0,0,0,-56,0,0,0
2503.07,0,0,0,0,0,726,1.53496,0.00182942,1.53688,38,0,29,24,31,0,-2,0,0,1,56,3779,3786,10,150,35,537,35074,34826,108,2,20,98,37790,0,0,0,0,1,70,0,0,10,3829,0,0,0,0,0,0,0,0,0,-41,0,0,0
2503.08,0,0,0,0,0,726,1.53489,0.0018257,1.53647,38,0,29,24,31,0,-2,0,0,1,56,3779,3786,13,150,35,537,35074,34826,108,2,20,98,49127,0,0,0,0,1,70,0,0,10,3829,0,0,0,0,0,0,0,0,0,-41,0,0,0
2503.09,0,0,0,0,0,720,1.53481,0.00182199,1.53606,38,0,29,24,31,0,-2,0,0,1,56,3779,3786,10,150,35,537,35074,34826,108,2,20,98,37790,0,0,0,0,1,0,0,134,16,3833,0,0,0,0,0,0,0,0,0,-82,0,0,0
2503.1,0,0,0,0,0,721,1.53473,0.00181827,1.53565,38,0,29,24,31,0,-2,0,0,1,56,3779,3786,9,150,35,537,35066,34814,108,2,20,98,34011,0,0,0,0,1,21,52,0,10,3829,0,0,0,0,0,0,0,0,0,-43,0,0,0
2503.11,0,0,0,0,0,717,1.5348,0.00183127,1.53562,38,0,29,24,31,0,-2,0,0,1,56,3779,3786,9,150,35,537,35066,34814,108,2,20,98,34011,0,0,0,0,1,0,0,82,11,3829,0,0,0,0,0,0,0,0,0,-55,0,0,0
2503.12,0,0,0,0,0,717,1.53486,0.00184427,1.53559,38,0,29,24,31,0,-2,0,0,1,56,3780,3786,10,150,35,537,35066,34814,108,2,20,98,37800,0,0,0,0,1,0,102,0,16,3835,0,0,0,0,0,0,0,0,0,-61,0,0,0
2503.13,0,0,0,0,0,717,1.53493,0.00185726,1.53556,38,0,29,24,31,0,-2,0,0,1,56,3780,3786,10,150,35,537,35066,34814,108,2,20,98,37800,0,0,0,0,1,30,0,1,7,3831,0,0,0,0,0,0,0,0,0,-30,0,0,0
2503.14,0,0,0,0,0,715,1.53499,0.00187026,1.53554,38,0,29,24,31,0,-2,0,0,1,56,3780,3786,8,150,35,537,35066,34814,108,2,20,98,30240,0,0,0,0,1,3,0,42,7,3831,0,0,0,0,0,0,0,0,0,-33,0,0,0
2503.15,0,0,0,0,0,710,1.53506,0.00188326,1.53551,38,0,29,24,31,0,-2,0,0,1,56,3780,3786,8,150,35,537,35066,34814,108,2,20,98,30240,0,0,0,0,1,0,147,0,16,3837,0,0,0,0,0,0,0,0,0,-90,0,0,0
2503.16,0,0,0,0,0,710,1.53512,0.00189626,1.53548,38,0,29,24,31,0,-2,0,0,1,56,3781,3786,15,150,35,537,35066,34814,108,2,20,98,56715,0,0,0,0,1,0,147,0,16,3837,0,0,0,0,0,0,0,0,0,-90,0,0,0
2503.17,0,0,0,0,0,709,1.53519,0.00190926,1.53546,38,0,29,24,31,0,-2,0,0,1,56,3781,3786,16,150,35,537,35066,34814,108,2,20,98,60496,0,0,0,0,1,62,0,0,9,3831,0,0,0,0,0,0,0,0,0,-36,0,0,0
2503.18,0,0,0,0,0,705,1.53525,0.00192226,1.53543,38,0,29,24,31,0,-2,0,0,1,56,3781,3786,13,150,35,537,35066,34814,108,2,20,98,49153,0,0,0,0,1,0,16,85,13,3829,0,0,0,0,0,0,0,0,0,-76,0,0,0
2503.19,0,0,0,0,0,704,1.53531,0.00193526,1.5354,38,0,29,24,31,0,-2,0,0,1,56,3781,3786,13,150,35,537,35066,34814,108,2,20,98,49153,0,0,0,0,1,99,43,0,21,3831,0,0,0,0,0,0,0,0,0,-86,0,0,0
2503.2,0,0,0,0,0,704,1.53538,0.00194825,1.53538,38,0,29,24,31,0,-2,0,0,1,57,3779,3787,14,150,35,537,35069,34816,108,2,20,98,52906,0,0,0,0,1,0,0,82,7,3839,0,0,0,0,0,0,0,0,0,-26,0,0,0
2503.21,0,0,0,0,0,695,1.53524,0.00194329,1.53561,38,0,29,24,31,0,-2,0,0,1,57,3779,3787,9,150,35,537,35069,34816,108,2,20,98,34011,0,0,0,0,1,0,108,0,15,3835,0,0,0,0,0,0,0,0,0,-58,0,0,0
2503.22,0,0,0,0,0,695,1.5351,0.00193833,1.53584,38,0,29,24,31,0,-2,0,0,1,57,3778,3787,10,150,35,537,35069,34816,108,2,20,98,37780,0,0,0,0,1,0,108,0,15,3835,0,0,0,0,0,0,0,0,0,-58,0,0,0
2503.23,0,0,0,0,0,702,1.53496,0.00193337,1.53607,38,0,29,24,31,0,-2,0,0,1,57,3778,3787,10,150,35,537,35069,34816,108,2,20,98,37780,0,0,0,0,1,58,0,0,11,3831,0,0,0,0,0,0,0,0,0,-36,0,0,0
2503.24,0,0,0,0,0,701,1.53482,0.0019284,1.5363,38,0,29,24,31,0,-2,0,0,1,57,3779,3787,11,150,35,537,35069,34816,108,2,20,98,41569,0,0,0,0,1,0,14,48,6,3843,0,0,0,0,0,0,0,0,0,-26,0,0,0
2503.25,0,0,0,0,0,687,1.53467,0.00192344,1.53653,38,0,29,24,31,0,-2,0,0,1,57,3779,3787,14,150,35,537,35069,34816,108,2,20,98,52906,0,0,0,0,1,52,43,0,13,3831,0,0,0,0,0,0,0,0,0,-42,0,0,0
2503.26,0,0,0,0,0,693,1.53453,0.00191848,1.53677,38,0,29,24,31,0,-2,0,0,1,57,3779,3787,19,150,35,537,35069,34816,108,2,20,98,71801,0,0,0,0,1,0,0,62,12,3837,0,0,0,0,0,0,0,0,0,-60,0,0,0
2503.27,0,0,0,0,0,691,1.53439,0.00191352,1.537,38,0,29,24,31,0,-2,0,0,1,57,3779,3787,19,150,35,537,35069,34816,108,2,20,98,71801,0,0,0,0,1,0,63,0,7,3833,0,0,0,0,0,0,0,0,0,-37,0,0,0
2503.28,0,0,0,0,0,691,1.53425,0.00190855,1.53723,38,0,29,24,31,0,-2,0,0,1,57,3780,3787,8,150,35,537,35069,34816,108,2,20,98,30240,0,0,0,0,1,0,63,0,7,3833,0,0,0,0,0,0,0,0,0,-37,0,0,0
2503.29,0,0,0,0,0,679,1.53411,0.00190359,1.53746,38,0,29,24,31,0,-2,0,0,1,57,3780,3787,13,150,35,537,35069,34816,108,2,20,98,49140,0,0,0,0,1,132,0,0,16,3820,0,0,0,0,0,0,0,0,0,-80,0,0,0
2503.3,0,0,0,0,0,690,1.53397,0.00189863,1.53769,38,0,29,24,31,0,-2,0,0,1,57,3781,3787,13,150,35,537,35071,34819,108,2,66,98,49153,0,0,0,0,1,0,0,48,8,3833,0,0,0,0,0,0,0,0,0,-43,0,0,0
2503.31,0,0,0,0,0,687,1.53398,0.00189934,1.53763,38,0,29,24,31,0,-2,0,0,1,57,3781,3787,13,150,35,537,35071,34819,108,2,66,98,49153,0,0,0,0,1,0,55,0,6,3835,0,0,0,0,0,0,0,0,0,-33,0,0,0
2503.32,0,0,0,0,0,674,1.53399,0.00190005,1.53756,38,0,29,24,31,0,-2,0,0,1,57,3780,3787,7,150,35,537,35071,34819,108,2,66,98,26460,0,0,0,0,1,85,0,0,10,3831,0,0,0,0,0,0,0,0,0,-57,0,0,0
2503.33,0,0,0,0,0,681,1.53399,0.00190077,1.5375,38,0,29,24,31,0,-2,0,0,1,57,3780,3787,11,150,35,537,35071,34819,108,2,66,98,41580,0,0,0,0,1,0,0,50,12,3839,0,0,0,0,0,0,0,0,0,-69,0,0,0
2503.34,0,0,0,0,0,681,1.534,0.00190148,1.53744,38,0,29,24,31,0,-2,0,0,1,57,3780,3787,13,150,35,537,35071,34819,108,2,66,98,49140,0,0,0,0,1,0,0,50,12,3839,0,0,0,0,0,0,0,0,0,-69,0,0,0
2503.35,0,0,0,0,0,679,1.53401,0.00190219,1.53737,38,0,29,24,31,0,-2,0,0,1,57,3780,3787,13,150,35,537,35071,34819,108,2,66,98,49140,0,0,0,0,1,3,35,0,8,3824,0,0,0,0,0,0,0,0,0,-30,0,0,0
2503.36,0,0,0,0,0,668,1.53402,0.00190291,1.53731,38,0,29,24,31,0,-2,0,0,1,57,3781,3787,9,150,35,537,35071,34819,108,2,66,98,34029,0,0,0,0,1,109,0,27,15,3826,0,0,0,0,0,0,0,0,0,-77,0,0,0
2503.37,0,0,0,0,0,677,1.53403,0.00190362,1.53725,38,0,29,24,31,0,-2,0,0,1,57,3781,3787,12,150,35,537,35071,34819,108,2,66,98,45372,0,0,0,0,1,0,12,17,10,3835,0,0,0,0,0,0,0,0,0,-43,0,0,0
2503.38,0,0,0,0,0,672,1.53404,0.00190433,1.53718,38,0,29,24,31,0,-2,0,0,1,57,3781,3787,8,150,35,537,35071,34819,108,2,66,98,30248,0,0,0,0,1,30,20,0,7,3835,0,0,0,0,0,0,0,0,0,-28,0,0,0
2503.39,0,0,0,0,0,661,1.53405,0.00190504,1.53712,38,0,29,24,31,0,-2,0,0,1,57,3781,3787,8,150,35,537,35071,34819,108,2,66,98,30248,0,0,0,0,1,77,0,79,19,3826,0,0,0,0,0,0,0,0,0,-71,0,0,0
2503.4,0,0,0,0,0,661,1.53405,0.00190576,1.53706,38,0,29,24,31,0,-2,0,0,1,56,3781,3787,17,150,35,537,35085,34842,108,2,20,98,64277,0,0,0,0,1,77,0,79,19,3826,0,0,0,0,0,0,0,0,0,-71,0,0,0
2503.41,0,0,0,0,0,672,1.53451,0.00188069,1.53767,38,0,29,24,31,0,-2,0,0,1,56,3781,3787,9,150,35,537,35085,34842,108,2,20,98,34029,0,0,0,0,1,0,30,23,8,3839,0,0,0,0,0,0,0,0,0,-38,0,0,0
2503.42,0,0,0,0,0,662,1.53497,0.00185562,1.53828,38,0,29,24,31,0,-2,0,0,1,56,3781,3787,10,150,35,537,35085,34842,108,2,20,98,37810,0,0,0,0,1,27,32,0,8,3831,0,0,0,0,0,0,0,0,0,-38,0,0,0
2503.43,0,0,0,0,0,655,1.53543,0.00183056,1.5389,38,0,29,24,31,0,-2,0,0,1,56,3781,3787,10,150,35,537,35085,34842,108,2,20,98,37810,0,0,0,0,1,142,0,35,22,3833,0,0,0,0,0,0,0,0,0,-100,0,0,0
2503.44,0,0,0,0,0,669,1.53589,0.00180549,1.53951,38,0,29,24,31,0,-2,0,0,1,56,3779,3787,7,150,35,537,35085,34842,108,2,20,98,26453,0,0,0,0,1,0,0,27,7,3835,0,0,0,0,0,0,0,0,0,-38,0,0,0
2503.45,0,0,0,0,0,658,1.53635,0.00178042,1.54013,38,0,29,24,31,0,-2,0,0,1,56,3779,3787,7,150,35,537,35085,34842,108,2,20,98,26453,0,0,0,0,1,3,30,0,5,3833,0,0,0,0,0,0,0,0,0,-42,0,0,0
2503.46,0,0,0,0,0,658,1.53681,0.00175536,1.54074,38,0,29,24,31,0,-2,0,0,1,56,3780,3787,7,150,35,537,35085,34842,108,2,20,98,26460,0,0,0,0,1,3,30,0,5,3833,0,0,0,0,0,0,0,0,0,-42,0,0,0
2503.47,0,0,0,0,0,646,1.53727,0.00173029,1.54135,38,0,29,24,31,0,-2,0,0,1,56,3780,3787,7,150,35,537,35085,34842,108,2,20,98,26460,0,0,0,0,1,124,0,30,17,3826,0,0,0,0,0,0,0,0,0,-90,0,0,0
2503.48,0,0,0,0,0,660,1.53773,0.00170522,1.54197,38,0,29,24,31,0,-2,0,0,1,56,3781,3787,11,150,35,537,35085,34842,108,2,20,98,41591,0,0,0,0,1,0,0,36,8,3835,0,0,0,0,0,0,0,0,0,-38,0,0,0
2503.49,0,0,0,0,0,657,1.53819,0.00168015,1.54258,38,0,29,24,31,0,-2,0,0,1,56,3781,3787,9,150,35,537,35085,34842,108,2,20,98,34029,0,0,0,0,1,0,52,0,5,3841,0,0,0,0,0,0,0,0,0,-32,0,0,0
2503.5,0,0,0,0,0,646,1.53865,0.00165509,1.5432,38,0,29,24,31,0,-2,0,0,1,56,3781,3787,19,150,35,537,35088,34843,108,2,20,98,71839,0,0,0,0,1,44,0,0,5,3824,0,0,0,0,0,0,0,0,0,-27,0,0,0
2503.51,0,0,0,0,0,647,1.53838,0.00166518,1.54304,38,0,29,24,31,0,-2,0,0,1,56,3781,3787,19,150,35,537,35088,34843,108,2,20,98,71839,0,0,0,0,1,0,0,79,11,3837,0,0,0,0,0,0,0,0,0,-63,0,0,0
2503.52,0,0,0,0,0,647,1.5381,0.00167527,1.54288,38,0,29,24,31,0,-2,0,0,1,56,3780,3787,8,150,35,537,35088,34843,108,2,20,98,30240,0,0,0,0,1,0,0,79,11,3837,0,0,0,0,0,0,0,0,0,-63,0,0,0
2503.53,0,0,0,0,0,648,1.53783,0.00168537,1.54273,38,0,29,24,31,0,-2,0,0,1,56,3780,3787,18,150,35,537,35088,34843,108,2,20,98,68040,0,0,0,0,1,0,110,0,12,3835,0,0,0,0,0,0,0,0,0,-65,0,0,0
2503.54,0,0,0,0,0,640,1.53755,0.00169546,1.54257,38,0,29,24,31,0,-2,0,0,1,56,3782,3787,13,150,35,537,35088,34843,108,2,20,98,49166,0,0,0,0,1,65,0,0,8,3822,0,0,0,0,0,0,0,0,0,-43,0,0,0
2503.55,0,0,0,0,0,640,1.53728,0.00170555,1.54241,38,0,29,24,31,0,-2,0,0,1,56,3782,3787,13,150,35,537,35088,34843,108,2,20,98,49166,0,0,0,0,1,41,0,46,16,3829,0,0,0,0,0,0,0,0,0,-63,0,0,0
2503.56,0,0,0,0,0,640,1.537,0.00171565,1.54226,38,0,29,24,31,0,-2,0,0,1,56,3781,3787,11,150,35,537,35088,34843,108,2,20,98,41591,0,0,0,0,1,0,22,87,8,3839,0,0,0,0,0,0,0,0,0,-57,0,0,0
2503.57,0,0,0,0,0,632,1.53673,0.00172574,1.5421,38,0,29,24,31,0,-2,0,0,1,56,3781,3787,20,150,35,537,35088,34843,108,2,20,98,75620,0,0,0,0,1,0,98,0,14,3833,0,0,0,0,0,0,0,0,0,-60,0,0,0
2503.58,0,0,0,0,0,632,1.53645,0.00173583,1.54195,38,0,29,24,31,0,-2,0,0,1,56,3781,3787,8,150,35,537,35088,34843,108,2,20,98,30248,0,0,0,0,1,0,98,0,14,3833,0,0,0,0,0,0,0,0,0,-60,0,0,0
2503.59,0,0,0,0,0,640,1.53618,0.00174593,1.54179,38,0,29,24,31,0,-2,0,0,1,56,3781,3787,8,150,35,537,35088,34843,108,2,20,98,30248,0,0,0,0,1,50,0,0,8,3833,0,0,0,0,0,0,0,0,0,-29,0,0,0
2503.6,0,0,0,0,0,635,1.53591,0.00175602,1.54163,38,0,29,24,31,0,-2,0,0,1,57,3780,3787,18,150,35,537,35073,34824,107,2,20,98,68040,0,0,0,0,1,0,0,56,5,3837,0,0,0,0,0,0,0,0,0,-31,0,0,0
2503.61,0,0,0,0,0,626,1.53611,0.00174891,1.54165,38,0,29,24,31,0,-2,0,0,1,57,3780,3787,7,150,35,537,35073,34824,107,2,20,98,26460,0,0,0,0,1,0,102,7,17,3835,0,0,0,0,0,0,0,0,0,-76,0,0,0
2503.62,0,0,0,0,0,633,1.53632,0.0017418,1.54166,38,0,29,24,31,0,-2,0,0,1,57,3780,3787,6,150,35,537,35073,34824,107,2,20,98,22680,0,0,0,0,1,21,65,0,13,3833,0,0,0,0,0,0,0,0,0,-50,0,0,0
2503.63,0,0,0,0,0,624,1.53652,0.00173468,1.54168,38,0,29,24,31,0,-2,0,0,1,57,3780,3787,6,150,35,537,35073,34824,107,2,20,98,22680,0,0,0,0,1,44,0,0,5,3831,0,0,0,0,0,0,0,0,0,-31,0,0,0
2503.64,0,0,0,0,0,624,1.53673,0.00172757,1.54169,38,0,29,24,31,0,-2,0,0,1,57,3782,3787,15,150,35,537,35073,34824,107,2,20,98,56730,0,0,0,0,1,44,0,0,5,3831,0,0,0,0,0,0,0,0,0,-31,0,0,0
2503.65,0,0,0,0,0,619,1.53693,0.00172046,1.54171,38,0,29,24,31,0,-2,0,0,1,57,3782,3787,7,150,35,537,35073,34824,107,2,20,98,26474,0,0,0,0,1,0,0,165,25,3831,0,0,0,0,0,0,0,0,0,-131,0,0,0
2503.66,0,0,0,0,0,631,1.53714,0.00171335,1.54172,38,0,29,24,31,0,-2,0,0,1,57,3782,3787,7,150,35,537,35073,34824,107,2,20,98,26474,0,0,0,0,1,0,41,15,5,3835,0,0,0,0,0,0,0,0,0,-27,0,0,0
2503.67,0,0,0,0,0,617,1.53734,0.00170624,1.54174,38,0,29,24,31,0,-2,0,0,1,57,3782,3787,7,150,35,537,35073,34824,107,2,20,98,26474,0,0,0,0,1,0,30,0,5,3835,0,0,0,0,0,0,0,0,0,-18,0,0,0
2503.68,0,0,0,0,0,616,1.53755,0.00169913,1.54176,38,0,29,24,31,0,-2,0,0,1,57,3780,3787,8,150,35,537,35073,34824,107,2,20,98,30240,0,0,0,0,1,76,0,0,14,3831,0,0,0,0,0,0,0,0,0,-45,0,0,0
2503.69,0,0,0,0,0,621,1.53775,0.00169201,1.54177,38,0,29,24,31,0,-2,0,0,1,57,3780,3787,7,150,35,537,35073,34824,107,2,20,98,26460,0,0,0,0,1,0,0,54,5,3837,0,0,0,0,0,0,0,0,0,-23,0,0,0
2503.7,0,0,0,0,0,621,1.53796,0.0016849,1.54179,38,0,29,24,32,0,-2,0,0,1,56,3778,3787,7,150,35,537,35055,34785,108,2,65,98,26446,0,0,0,0,1,0,0,54,5,3837,0,0,0,0,0,0,0,0,0,-23,0,0,0
2503.71,0,0,0,0,0,615,1.53778,0.00170454,1.54174,38,0,29,24,32,0,-2,0,0,1,56,3778,3787,7,150,35,537,35055,34785,108,2,65,98,26446,0,0,0,0,1,0,20,24,7,3837,0,0,0,0,0,0,0,0,0,-36,0,0,0
2503.72,0,0,0,0,0,613,1.53761,0.00172417,1.54169,38,0,29,24,32,0,-2,0,0,1,56,3782,3787,6,150,35,537,35055,34785,108,2,65,98,22692,0,0,0,0,1,3,117,0,13,3839,0,0,0,0,0,0,0,0,0,-79,0,0,0
2503.73,0,0,0,0,0,612,1.53743,0.0017438,1.54165,38,0,29,24,32,0,-2,0,0,1,56,3782,3787,7,150,35,537,35055,34785,108,2,65,98,26474,0,0,0,0,1,50,0,0,5,3833,0,0,0,0,0,0,0,0,0,-30,0,0,0
2503.74,0,0,0,0,0,610,1.53726,0.00176344,1.5416,38,0,29,24,32,0,-2,0,0,1,56,3782,3787,18,150,35,537,35055,34785,108,2,65,98,68076,0,0,0,0,1,29,0,35,6,3831,0,0,0,0,0,0,0,0,0,-37,0,0,0
2503.75,0,0,0,0,0,609,1.53708,0.00178307,1.54155,38,0,29,24,32,0,-2,0,0,1,56,3782,3787,18,150,35,537,35055,34785,108,2,65,98,68076,0,0,0,0,1,0,0,111,12,3837,0,0,0,0,0,0,0,0,0,-63,0,0,0
2503.76,0,0,0,0,0,609,1.53691,0.0018027,1.5415,38,0,29,24,32,0,-2,0,0,1,56,3782,3787,5,150,35,537,35055,34785,108,2,65,98,18910,0,0,0,0,1,0,0,111,12,3837,0,0,0,0,0,0,0,0,0,-63,0,0,0
2503.77,0,0,0,0,0,612,1.53673,0.00182234,1.54146,38,0,29,24,32,0,-2,0,0,1,56,3782,3787,6,150,35,537,35055,34785,108,2,65,98,22692,0,0,0,0,1,0,49,0,6,3839,0,0,0,0,0,0,0,0,0,-29,0,0,0
2503.78,0,0,0,0,0,606,1.53655,0.00184197,1.54141,38,0,29,24,32,0,-2,0,0,1,56,3782,3787,15,150,35,537,35055,34785,108,2,65,98,56730,0,0,0,0,1,30,41,0,7,3837,0,0,0,0,0,0,0,0,0,-29,0,0,0
2503.79,0,0,0,0,0,599,1.53638,0.00186161,1.54136,38,0,29,24,32,0,-2,0,0,1,56,3782,3787,15,150,35,537,35055,34785,108,2,65,98,56730,0,0,0,0,1,99,0,0,14,3824,0,0,0,0,0,0,0,0,0,-62,0,0,0
2503.8,0,0,0,0,0,609,1.5362,0.00188124,1.54132,38,0,29,24,30,0,-2,0,0,1,56,3783,3787,5,150,35,537,35096,34856,108,2,20,98,18915,0,0,0,0,1,0,0,36,5,3839,0,0,0,0,0,0,0,0,0,-30,0,0,0
2503.81,0,0,0,0,0,599,1.53623,0.00185995,1.5413,38,0,29,24,30,0,-2,0,0,1,56,3782,3787,5,150,35,537,35096,34856,108,2,20,98,18910,0,0,0,0,1,0,30,83,8,3833,0,0,0,0,0,0,0,0,0,-61,0,0,0
2503.82,0,0,0,0,0,599,1.53626,0.00183866,1.54128,38,0,29,24,30,0,-2,0,0,1,56,3782,3787,7,150,35,537,35096,34856,108,2,20,98,26474,0,0,0,0,1,0,30,83,8,3833,0,0,0,0,0,0,0,0,0,-61,0,0,0
2503.83,0,0,0,0,0,593,1.53629,0.00181736,1.54126,38,0,29,24,30,0,-2,0,0,1,56,3782,3787,7,150,35,537,35096,34856,108,2,20,98,26474,0,0,0,0,1,0,166,0,23,3835,0,0,0,0,0,0,0,0,0,-105,0,0,0
2503.84,0,0,0,0,0,602,1.53632,0.00179607,1.54125,38,0,29,24,30,0,-2,0,0,1,56,3783,3787,8,150,35,537,35096,34856,108,2,20,98,30264,0,0,0,0,1,17,24,0,6,3831,0,0,0,0,0,0,0,0,0,-28,0,0,0
2503.85,0,0,0,0,0,583,1.53635,0.00177478,1.54123,38,0,29,24,30,0,-2,0,0,1,56,3783,3786,7,150,35,537,35096,34856,108,2,20,98,26481,0,0,0,0,1,136,0,0,13,3833,0,0,0,0,0,0,0,0,0,-78,0,0,0
2503.86,0,0,0,0,0,590,1.53637,0.00175349,1.54121,38,0,29,24,30,0,-2,0,0,1,56,3783,3786,18,150,35,537,35096,34856,108,2,20,98,68094,0,0,0,0,1,0,0,30,9,3829,0,0,0,0,0,0,0,0,0,-42,0,0,0
2503.87,0,0,0,0,0,590,1.5364,0.0017322,1.54119,38,0,29,24,30,0,-2,0,0,1,56,3783,3786,18,150,35,537,35096,34856,108,2,20,98,68094,0,0,0,0,1,0,0,50,4,3837,0,0,0,0,0,0,0,0,0,-21,0,0,0
2503.88,0,0,0,0,0,590,1.53643,0.00171091,1.54118,38,0,29,24,30,0,-2,0,0,1,56,3782,3786,10,150,35,537,35096,34856,108,2,20,98,37820,0,0,0,0,1,0,0,50,4,3837,0,0,0,0,0,0,0,0,0,-21,0,0,0
2503.89,0,0,0,0,0,583,1.53646,0.00168961,1.54116,38,0,29,24,30,0,-2,0,0,1,56,3781,3786,16,150,35,537,35096,34856,108,2,20,98,60496,0,0,0,0,1,0,24,0,8,3839,0,0,0,0,0,0,0,0,0,-38,0,0,0
2503.9,0,0,0,0,0,586,1.53649,0.00166832,1.54114,38,0,29,24,31,0,-2,0,0,1,56,3781,3786,8,150,35,537,35083,34836,108,2,65,98,30248,0,0,0,0,1,0,88,0,13,3835,0,0,0,0,0,0,0,0,0,-58,0,0,0
2503.91,0,0,0,0,0,583,1.53649,0.00168381,1.54122,38,0,29,24,31,0,-2,0,0,1,56,3781,3786,8,150,35,537,35083,34836,108,2,65,98,30248,0,0,0,0,1,27,14,0,4,3835,0,0,0,0,0,0,0,0,0,-28,0,0,0
2503.92,0,0,0,0,0,579,1.5365,0.00169929,1.5413,38,0,29,24,31,0,-2,0,0,1,56,3780,3786,13,150,35,537,35083,34836,108,2,65,98,49140,0,0,0,0,1,38,0,0,5,3837,0,0,0,0,0,0,0,0,0,-26,0,0,0
2503.93,0,0,0,0,0,574,1.5365,0.00171477,1.54138,38,0,29,24,31,0,-2,0,0,1,56,3780,3787,20,150,35,537,35083,34836,108,2,65,98,75600,0,0,0,0,1,50,0,70,17,3831,0,0,0,0,0,0,0,0,0,-73,0,0,0
2503.94,0,0,0,0,0,574,1.53651,0.00173025,1.54147,38,0,29,24,31,0,-2,0,0,1,56,3780,3787,6,150,35,537,35083,34836,108,2,65,98,22680,0,0,0,0,1,50,0,70,17,3831,0,0,0,0,0,0,0,0,0,-73,0,0,0
2503.95,0,0,0,0,0,584,1.53652,0.00174574,1.54155,38,0,29,24,31,0,-2,0,0,1,56,3780,3787,6,150,35,537,35083,34836,108,2,65,98,22680,0,0,0,0,1,0,0,38,5,3839,0,0,0,0,0,0,0,0,0,-31,0,0,0
2503.96,0,0,0,0,0,578,1.53652,0.00176122,1.54163,38,0,29,24,31,0,-2,0,0,1,56,3779,3787,19,150,35,537,35083,34836,108,2,65,98,71801,0,0,0,0,1,0,22,29,4,3835,0,0,0,0,0,0,0,0,0,-26,0,0,0
2503.97,0,0,0,0,0,570,1.53653,0.0017767,1.54171,38,0,29,24,31,0,-2,0,0,1,56,3783,3787,6,150,35,537,35083,34836,108,2,65,98,22698,0,0,0,0,1,0,108,0,12,3837,0,0,0,0,0,0,0,0,0,-63,0,0,0
2503.98,0,0,0,0,0,578,1.53653,0.00179218,1.54179,38,0,29,24,31,0,-2,0,0,1,56,3783,3787,5,150,35,537,35083,34836,108,2,65,98,18915,0,0,0,0,1,15,30,0,8,3843,0,0,0,0,0,0,0,0,0,-24,0,0,0
2503.99,0,0,0,0,0,571,1.53654,0.00180767,1.54187,38,0,29,24,31,0,-2,0,0,1,56,3783,3787,5,150,35,537,35083,34836,108,2,65,98,18915,0,0,0,0,1,42,0,0,4,3833,0,0,0,0,0,0,0,0,0,-25,0,0,0
2504,0,0,0,0,0,571,1.53655,0.00182315,1.54196,38,0,29,24,32,0,-2,0,0,1,56,3783,3787,6,150,35,537,35094,34853,108,2,20,98,22698,0,0,0,0,1,42,0,0,4,3833,0,0,0,0,0,0,0,0,0,-25,0,0,0
2504.01,0,0,0,0,0,563,1.5364,0.00181502,1.54192,38,0,29,24,32,0,-2,0,0,1,56,3783,3787,5,150,35,537,35094,34853,108,2,20,98,18915,0,0,0,0,1,111,0,1,13,3833,0,0,0,0,0,0,0,0,0,-80,0,0,0
2504.02,0,0,0,0,0,568,1.53625,0.00180688,1.54188,38,0,29,24,32,0,-2,0,0,1,56,3783,3787,6,150,35,537,35094,34853,108,2,20,98,22698,0,0,0,0,1,11,0,109,13,3833,0,0,0,0,0,0,0,0,0,-47,0,0,0
2504.03,0,0,0,0,0,564,1.5361,0.00179875,1.54184,38,0,29,24,32,0,-2,0,0,1,56,3783,3787,6,150,35,537,35094,34853,108,2,20,98,22698,0,0,0,0,1,0,0,44,6,3837,0,0,0,0,0,0,0,0,0,-34,0,0,0
2504.04,0,0,0,0,0,555,1.53595,0.00179062,1.5418,38,0,29,24,32,0,-2,0,0,1,56,3783,3787,6,150,35,537,35094,34853,108,2,20,98,22698,0,0,0,0,1,0,34,185,22,3831,0,0,0,0,0,0,0,0,0,-126,0,0,0
2504.05,0,0,0,0,0,560,1.5358,0.00178249,1.54175,38,0,29,24,32,0,-2,0,0,1,56,3781,3787,6,150,35,537,35094,34853,108,2,20,98,22686,0,0,0,0,1,0,46,0,5,3843,0,0,0,0,0,0,0,0,0,-26,0,0,0
2504.06,0,0,0,0,0,560,1.53564,0.00177435,1.54171,38,0,29,24,32,0,-2,0,0,1,56,3781,3787,7,150,35,537,35094,34853,108,2,20,98,26467,0,0,0,0,1,0,46,0,5,3843,0,0,0,0,0,0,0,0,0,-26,0,0,0
2504.07,0,0,0,0,0,551,1.53549,0.00176622,1.54167,38,0,29,24,32,0,-2,0,0,1,56,3781,3787,7,150,35,537,35094,34853,108,2,20,98,26467,0,0,0,0,1,0,104,0,13,3839,0,0,0,0,0,0,0,0,0,-62,0,0,0
2504.08,0,0,0,0,0,554,1.53534,0.00175809,1.54163,38,0,29,24,32,0,-2,0,0,1,56,3783,3787,5,150,35,537,35094,34853,108,2,20,98,18915,0,0,0,0,1,19,35,0,7,3831,0,0,0,0,0,0,0,0,0,-23,0,0,0
2504.09,0,0,0,0,0,557,1.53519,0.00174996,1.54159,38,0,29,24,32,0,-2,0,0,1,56,3783,3787,7,150,35,537,35094,34853,108,2,20,98,26481,0,0,0,0,1,36,5,0,5,3837,0,0,0,0,0,0,0,0,0,-27,0,0,0
2504.1,0,0,0,0,0,546,1.53504,0.00174183,1.54155,38,0,29,24,32,0,-2,0,0,1,56,3783,3787,12,150,35,537,35090,34846,108,2,20,98,45396,0,0,0,0,1,27,0,0,5,3835,0,0,0,0,0,0,0,0,0,-16,0,0,0
2504.11,0,0,0,0,0,550,1.53505,0.00172896,1.54151,38,0,29,24,32,0,-2,0,0,1,56,3783,3787,12,150,35,537,35090,34846,108,2,20,98,45396,0,0,0,0,1,56,0,3,6,3833,0,0,0,0,0,0,0,0,0,-37,0,0,0
2504.12,0,0,0,0,0,550,1.53506,0.0017161,1.54147,38,0,29,24,32,0,-2,0,0,1,56,3783,3787,5,150,35,537,35090,34846,108,2,20,98,18915,0,0,0,0,1,56,0,3,6,3833,0,0,0,0,0,0,0,0,0,-37,0,0,0
2504.13,0,0,0,0,0,548,1.53507,0.00170324,1.54143,38,0,29,24,32,0,-2,0,0,1,56,3783,3787,12,150,35,537,35090,34846,108,2,20,98,45396,0,0,0,0,1,9,0,44,5,3833,0,0,0,0,0,0,0,0,0,-21,0,0,0
2504.14,0,0,0,0,0,546,1.53508,0.00169037,1.54138,38,0,29,24,32,0,-2,0,0,1,56,3783,3787,22,150,35,537,35090,34846,108,2,20,98,83226,0,0,0,0,1,0,0,62,7,3831,0,0,0,0,0,0,0,0,0,-51,0,0,0
2504.15,0,0,0,0,0,544,1.53509,0.00167751,1.54134,38,0,29,24,32,0,-2,0,0,1,56,3783,3787,22,150,35,537,35090,34846,108,2,20,98,83226,0,0,0,0,1,0,0,140,13,3835,0,0,0,0,0,0,0,0,0,-71,0,0,0
2504.16,0,0,0,0,0,546,1.53509,0.00166465,1.5413,38,0,29,24,32,0,-2,0,0,1,56,3779,3787,10,150,35,537,35090,34846,108,2,20,98,37790,0,0,0,0,1,0,0,9,6,3841,0,0,0,0,0,0,0,0,0,-42,0,0,0
2504.17,0,0,0,0,0,540,1.5351,0.00165178,1.54126,38,0,29,24,32,0,-2,0,0,1,56,3779,3787,18,150,35,537,35090,34846,108,2,20,98,68022,0,0,0,0,1,0,88,0,12,3848,0,0,0,0,0,0,0,0,0,-69,0,0,0
2504.18,0,0,0,0,0,540,1.53511,0.00163892,1.54122,38,0,29,24,32,0,-2,0,0,1,56,3779,3787,6,150,35,537,35090,34846,108,2,20,98,22674,0,0,0,0,1,0,88,0,12,3848,0,0,0,0,0,0,0,0,0,-69,0,0,0
2504.19,0,0,0,0,0,541,1.53512,0.00162606,1.54117,38,0,29,24,32,0,-2,0,0,1,56,3779,3787,6,150,35,537,35090,34846,108,2,20,98,22674,0,0,0,0,1,0,55,0,8,3841,0,0,0,0,0,0,0,0,0,-35,0,0,0
2504.2,0,0,0,0,0,540,1.53513,0.00161319,1.54113,38,0,29,24,31,0,-2,0,0,1,56,3780,3787,7,150,35,537,35077,34830,109,2,20,98,26460,0,0,0,0,1,0,69,0,10,3841,0,0,0,0,0,0,0,0,0,-44,0,0,0
2504.21,0,0,0,0,0,532,1.53532,0.00161218,1.54122,38,0,29,24,31,0,-2,0,0,1,56,3780,3787,13,150,35,537,35077,34830,109,2,20,98,49140,0,0,0,0,1,13,79,0,8,3843,0,0,0,0,0,0,0,0,0,-58,0,0,0
2504.22,0,0,0,0,0,539,1.53552,0.00161117,1.5413,38,0,29,24,31,0,-2,0,0,1,56,3783,3787,5,150,35,537,35077,34830,109,2,20,98,18915,0,0,0,0,1,30,20,0,7,3837,0,0,0,0,0,0,0,0,0,-30,0,0,0
2504.23,0,0,0,0,0,530,1.53571,0.00161016,1.54138,38,0,29,24,31,0,-2,0,0,1,56,3783,3787,5,150,35,537,35077,34830,109,2,20,98,18915,0,0,0,0,1,42,0,0,4,3837,0,0,0,0,0,0,0,0,0,-25,0,0,0
2504.24,0,0,0,0,0,530,1.53591,0.00160914,1.54147,38,0,29,24,31,0,-2,0,0,1,56,3783,3787,11,150,35,537,35077,34830,109,2,20,98,41613,0,0,0,0,1,42,0,0,4,3837,0,0,0,0,0,0,0,0,0,-25,0,0,0
2504.25,0,0,0,0,0,529,1.5361,0.00160813,1.54155,38,0,29,24,31,0,-2,0,0,1,56,3783,3787,15,150,35,537,35077,34830,109,2,20,98,56745,0,0,0,0,1,114,0,0,13,3831,0,0,0,0,0,0,0,0,0,-58,0,0,0
2504.26,0,0,0,0,0,528,1.5363,0.00160712,1.54164,38,0,29,24,31,0,-2,0,0,1,56,3783,3787,5,150,35,537,35077,34830,109,2,20,98,18915,0,0,0,0,1,50,0,0,8,3837,0,0,0,0,0,0,0,0,0,-39,0,0,0
2504.27,0,0,0,0,0,526,1.53649,0.00160611,1.54172,38,0,29,24,31,0,-2,0,0,1,56,3783,3787,5,150,35,537,35077,34830,109,2,20,98,18915,0,0,0,0,1,85,0,30,8,3837,0,0,0,0,0,0,0,0,0,-53,0,0,0
2504.28,0,0,0,0,0,524,1.53668,0.0016051,1.54181,38,0,29,24,31,0,-2,0,0,1,56,3780,3787,10,150,35,537,35077,34830,109,2,20,98,37800,0,0,0,0,1,105,0,24,11,3826,0,0,0,0,0,0,0,0,0,-61,0,0,0
2504.29,0,0,0,0,0,528,1.53688,0.00160408,1.54189,38,0,29,24,31,0,-2,0,0,1,56,3780,3787,14,150,35,537,35077,34830,109,2,20,98,52920,0,0,0,0,1,3,0,35,4,3835,0,0,0,0,0,0,0,0,0,-21,0,0,0
2504.3,0,0,0,0,0,528,1.53707,0.00160307,1.54198,38,0,29,24,31,0,-2,0,0,1,56,3784,3787,5,150,35,537,35080,34818,108,2,66,98,18920,0,0,0,0,1,3,0,35,4,3835,0,0,0,0,0,0,0,0,0,-21,0,0,0
2504.31,0,0,0,0,0,521,1.53691,0.00162465,1.54194,38,0,29,24,31,0,-2,0,0,1,56,3784,3787,5,150,35,537,35080,34818,108,2,66,98,18920,0,0,0,0,1,0,0,83,5,3835,0,0,0,0,0,0,0,0,0,-50,0,0,0
2504.32,0,0,0,0,0,523,1.53676,0.00164623,1.5419,38,0,29,24,31,0,-2,0,0,1,56,3784,3787,17,150,35,537,35080,34818,108,2,66,98,64328,0,0,0,0,1,0,0,79,7,3839,0,0,0,0,0,0,0,0,0,-41,0,0,0
2504.33,0,0,0,0,0,522,1.5366,0.0016678,1.54186,38,0,29,24,31,0,-2,0,0,1,56,3784,3787,12,150,35,537,35080,34818,108,2,66,98,45408,0,0,0,0,1,0,0,65,5,3843,0,0,0,0,0,0,0,0,0,-22,0,0,0
2504.34,0,0,0,0,0,518,1.53644,0.00168938,1.54182,38,0,29,24,31,0,-2,0,0,1,56,3784,3786,5,150,35,537,35080,34818,108,2,66,98,18920,0,0,0,0,1,0,0,87,8,3833,0,0,0,0,0,0,0,0,0,-37,0,0,0
2504.35,0,0,0,0,0,518,1.53628,0.00171096,1.54179,38,0,29,24,31,0,-2,0,0,1,56,3784,3786,5,150,35,537,35080,34818,108,2,66,98,18920,0,0,0,0,1,0,0,142,15,3835,0,0,0,0,0,0,0,0,0,-82,0,0,0
2504.36,0,0,0,0,0,518,1.53612,0.00173254,1.54175,38,0,29,24,31,0,-2,0,0,1,56,3781,3786,7,150,35,537,35080,34818,108,2,66,98,26467,0,0,0,0,1,0,0,142,15,3835,0,0,0,0,0,0,0,0,0,-82,0,0,0
2504.37,0,0,0,0,0,517,1.53596,0.00175411,1.54171,38,0,29,24,31,0,-2,0,0,1,56,3781,3786,5,150,35,537,35080,34818,108,2,66,98,18905,0,0,0,0,1,0,0,50,6,3839,0,0,0,0,0,0,0,0,0,-39,0,0,0
2504.38,0,0,0,0,0,508,1.5358,0.00177569,1.54167,38,0,29,24,31,0,-2,0,0,1,56,3779,3786,11,150,35,537,35080,34818,108,2,66,98,41569,0,0,0,0,1,0,20,191,20,3833,0,0,0,0,0,0,0,0,0,-127,0,0,0
2504.39,0,0,0,0,0,514,1.53564,0.00179727,1.54164,38,0,29,24,31,0,-2,0,0,1,56,3779,3786,11,150,35,537,35080,34818,108,2,66,98,41569,0,0,0,0,1,0,0,11,7,3846,0,0,0,0,0,0,0,0,0,-36,0,0,0
2504.4,0,0,0,0,0,505,1.53548,0.00181885,1.5416,38,0,29,24,31,0,-2,0,0,1,56,3781,3786,4,150,35,537,35064,34810,109,2,20,98,15124,0,0,0,0,1,0,59,93,13,3837,0,0,0,0,0,0,0,0,0,-74,0,0,0
2504.41,0,0,0,0,0,509,1.53566,0.00181057,1.54118,38,0,29,24,31,0,-2,0,0,1,56,3781,3786,4,150,35,537,35064,34810,109,2,20,98,15124,0,0,0,0,1,0,35,27,11,3846,0,0,0,0,0,0,0,0,0,-37,0,0,0
2504.42,0,0,0,0,0,509,1.53585,0.00180229,1.54077,38,0,29,24,31,0,-2,0,0,1,56,3781,3787,7,150,35,537,35064,34810,109,2,20,98,26467,0,0,0,0,1,0,35,27,11,3846,0,0,0,0,0,0,0,0,0,-37,0,0,0
2504.43,0,0,0,0,0,508,1.53603,0.00179401,1.54036,38,0,29,24,31,0,-2,0,0,1,56,3781,3787,7,150,35,537,35064,34810,109,2,20,98,26467,0,0,0,0,1,0,53,29,4,3841,0,0,0,0,0,0,0,0,0,-22,0,0,0
2504.44,0,0,0,0,0,499,1.53621,0.00178573,1.53994,38,0,29,24,31,0,-2,0,0,1,56,3784,3787,6,150,35,537,35064,34810,109,2,20,98,22704,0,0,0,0,1,0,59,0,13,3837,0,0,0,0,0,0,0,0,0,-68,0,0,0
2504.45,0,0,0,0,0,509,1.5364,0.00177746,1.53953,38,0,29,24,31,0,-2,0,0,1,56,3784,3787,6,150,35,537,35064,34810,109,2,20,98,22704,0,0,0,0,1,0,46,13,5,3833,0,0,0,0,0,0,0,0,0,-25,0,0,0
2504.46,0,0,0,0,0,503,1.53658,0.00176918,1.53911,38,0,29,24,31,0,-2,0,0,1,56,3784,3787,8,150,35,537,35064,34810,109,2,20,98,30272,0,0,0,0,1,0,18,9,4,3837,0,0,0,0,0,0,0,0,0,-21,0,0,0
2504.47,0,0,0,0,0,493,1.53676,0.0017609,1.5387,38,0,29,24,31,0,-2,0,0,1,56,3784,3787,8,150,35,537,35064,34810,109,2,20,98,30272,0,0,0,0,1,0,106,7,14,3846,0,0,0,0,0,0,0,0,0,-75,0,0,0
2504.48,0,0,0,0,0,493,1.53695,0.00175262,1.53829,38,0,29,24,31,0,-2,0,0,1,56,3781,3787,6,150,35,537,35064,34810,109,2,20,98,22686,0,0,0,0,1,0,106,7,14,3846,0,0,0,0,0,0,0,0,0,-75,0,0,0
2504.49,0,0,0,0,0,499,1.53713,0.00174435,1.53787,38,0,29,24,31,0,-2,0,0,1,56,3781,3787,10,150,35,537,35064,34810,109,2,20,98,37810,0,0,0,0,1,0,22,42,8,3839,0,0,0,0,0,0,0,0,0,-23,0,0,0
2504.5,0,0,0,0,0,495,1.53731,0.00173607,1.53746,38,0,29,24,31,0,-2,0,0,1,56,3781,3787,7,150,35,537,35087,34841,108,2,20,98,26467,0,0,0,0,1,0,40,23,6,3839,0,0,0,0,0,0,0,0,0,-32,0,0,0
2504.51,0,0,0,0,0,490,1.53713,0.00174847,1.538,38,0,29,24,31,0,-2,0,0,1,56,3781,3787,7,150,35,537,35087,34841,108,2,20,98,26467,0,0,0,0,1,0,30,83,14,3837,0,0,0,0,0,0,0,0,0,-70,0,0,0
2504.52,0,0,0,0,0,497,1.53694,0.00176087,1.53854,38,0,29,24,31,0,-2,0,0,1,56,3784,3787,8,150,35,537,35087,34841,108,2,20,98,30272,0,0,0,0,1,0,20,38,5,3846,0,0,0,0,0,0,0,0,0,-23,0,0,0
2504.53,0,0,0,0,0,490,1.53676,0.00177328,1.53909,38,0,29,24,31,0,-2,0,0,1,56,3784,3787,13,150,35,537,35087,34841,108,2,20,98,49192,0,0,0,0,1,0,8,32,5,3841,0,0,0,0,0,0,0,0,0,-25,0,0,0
2504.54,0,0,0,0,0,490,1.53657,0.00178568,1.53963,38,0,29,24,31,0,-2,0,0,1,56,3784,3787,4,150,35,537,35087,34841,108,2,20,98,15136,0,0,0,0,1,0,8,32,5,3841,0,0,0,0,0,0,0,0,0,-25,0,0,0
2504.55,0,0,0,0,0,487,1.53638,0.00179808,1.54018,38,0,29,24,31,0,-2,0,0,1,56,3784,3787,4,150,35,537,35087,34841,108,2,20,98,15136,0,0,0,0,1,0,18,152,14,3835,0,0,0,0,0,0,0,0,0,-88,0,0,0
2504.56,0,0,0,0,0,494,1.5362,0.00181049,1.54072,38,0,29,24,31,0,-2,0,0,1,56,3783,3787,10,150,35,537,35087,34841,108,2,20,98,37830,0,0,0,0,1,0,0,42,5,3839,0,0,0,0,0,0,0,0,0,-26,0,0,0
2504.57,0,0,0,0,0,486,1.53601,0.00182289,1.54126,38,0,29,24,31,0,-2,0,0,1,56,3784,3787,7,150,35,537,35087,34841,108,2,20,98,26488,0,0,0,0,1,0,0,60,3,3841,0,0,0,0,0,0,0,0,0,-31,0,0,0
2504.58,0,0,0,0,0,480,1.53583,0.00183529,1.54181,38,0,29,24,31,0,-2,0,0,1,56,3784,3787,9,150,35,537,35087,34841,108,2,20,98,34056,0,0,0,0,1,0,0,132,16,3839,0,0,0,0,0,0,0,0,0,-76,0,0,0
2504.59,0,0,0,0,0,488,1.53564,0.0018477,1.54235,38,0,29,24,31,0,-2,0,0,1,56,3784,3787,9,150,35,537,35087,34841,108,2,20,98,34056,0,0,0,0,1,0,0,48,5,3839,0,0,0,0,0,0,0,0,0,-21,0,0,0
2504.6,0,0,0,0,0,488,1.53545,0.0018601,1.54289,38,0,29,24,31,0,-2,0,0,1,57,3783,3787,4,150,35,537,35108,34873,109,2,20,98,15132,0,0,0,0,1,0,0,48,5,3839,0,0,0,0,0,0,0,0,0,-21,0,0,0
2504.61,0,0,0,0,0,477,1.53568,0.00184568,1.54301,38,0,29,24,31,0,-2,0,0,1,57,3783,3787,4,150,35,537,35108,34873,109,2,20,98,15132,0,0,0,0,1,0,0,70,6,3835,0,0,0,0,0,0,0,0,0,-65,0,0,0
2504.62,0,0,0,0,0,474,1.53591,0.00183126,1.54313,38,0,29,24,31,0,-2,0,0,1,57,3783,3787,5,150,35,537,35108,34873,109,2,20,98,18915,0,0,0,0,1,0,0,146,17,3831,0,0,0,0,0,0,0,0,0,-93,0,0,0
2504.63,0,0,0,0,0,481,1.53614,0.00181685,1.54325,38,0,29,24,31,0,-2,0,0,1,57,3783,3787,5,150,35,537,35108,34873,109,2,20,98,18915,0,0,0,0,1,0,0,17,2,3833,0,0,0,0,0,0,0,0,0,-26,0,0,0
2504.64,0,0,0,0,0,465,1.53637,0.00180243,1.54337,38,0,29,24,31,0,-2,0,0,1,57,3784,3787,5,150,35,537,35108,34873,109,2,20,98,18920,0,0,0,0,1,83,0,13,8,3833,0,0,0,0,0,0,0,0,0,-64,0,0,0
2504.65,0,0,0,0,0,471,1.5366,0.00178801,1.54349,38,0,29,24,31,0,-2,0,0,1,57,3784,3787,4,150,35,537,35108,34873,109,2,20,98,15136,0,0,0,0,1,36,0,0,7,3841,0,0,0,0,0,0,0,0,0,-31,0,0,0
2504.66,0,0,0,0,0,471,1.53683,0.00177359,1.54361,38,0,29,24,31,0,-2,0,0,1,57,3784,3787,8,150,35,537,35108,34873,109,2,20,98,30272,0,0,0,0,1,36,0,0,7,3841,0,0,0,0,0,0,0,0,0,-31,0,0,0
2504.67,0,0,0,0,0,471,1.53706,0.00175918,1.54373,38,0,29,24,31,0,-2,0,0,1,57,3784,3787,8,150,35,537,35108,34873,109,2,20,98,30272,0,0,0,0,1,38,0,0,2,3839,0,0,0,0,0,0,0,0,0,-10,0,0,0
2504.68,0,0,0,0,0,466,1.53729,0.00174476,1.54385,38,0,29,24,31,0,-2,0,0,1,57,3783,3787,5,150,35,537,35108,34873,109,2,20,98,18915,0,0,0,0,1,30,0,0,4,3835,0,0,0,0,0,0,0,0,0,-17,0,0,0
2504.69,0,0,0,0,0,463,1.53752,0.00173034,1.54397,38,0,29,24,31,0,-2,0,0,1,57,3783,3787,17,150,35,537,35108,34873,109,2,20,98,64311,0,0,0,0,1,70,8,0,6,3837,0,0,0,0,0,0,0,0,0,-50,0,0,0
2504.7,0,0,0,0,0,470,1.53775,0.00171592,1.54409,38,0,29,24,31,0,-2,0,0,1,56,3783,3787,11,150,35,537,35093,34851,108,2,65,98,41613,0,0,0,0,1,19,35,0,3,3843,0,0,0,0,0,0,0,0,0,-33,0,0,0
2504.71,0,0,0,0,0,463,1.53753,0.00172785,1.54368,38,0,29,24,31,0,-2,0,0,1,56,3783,3787,11,150,35,537,35093,34851,108,2,65,98,41613,0,0,0,0,1,0,24,0,2,3841,0,0,0,0,0,0,0,0,0,-10,0,0,0
2504.72,0,0,0,0,0,463,1.5373,0.00173978,1.54326,38,0,29,24,31,0,-2,0,0,1,56,3784,3787,12,150,35,537,35093,34851,108,2,65,98,45408,0,0,0,0,1,0,24,0,2,3841,0,0,0,0,0,0,0,0,0,-10,0,0,0
2504.73,0,0,0,0,0,461,1.53708,0.00175171,1.54285,38,0,29,24,31,0,-2,0,0,1,56,3784,3787,5,150,35,537,35093,34851,108,2,65,98,18920,0,0,0,0,1,0,81,0,10,3839,0,0,0,0,0,0,0,0,0,-48,0,0,0
2504.74,0,0,0,0,0,461,1.53685,0.00176364,1.54244,38,0,29,24,31,0,-2,0,0,1,56,3784,3787,5,150,35,537,35093,34851,108,2,65,98,18920,0,0,0,0,1,0,59,0,5,3837,0,0,0,0,0,0,0,0,0,-36,0,0,0
2504.75,0,0,0,0,0,460,1.53662,0.00177556,1.54202,38,0,29,24,31,0,-2,0,0,1,56,3784,3787,5,150,35,537,35093,34851,108,2,65,98,18920,0,0,0,0,1,0,49,42,9,3841,0,0,0,0,0,0,0,0,0,-40,0,0,0
2504.76,0,0,0,0,0,456,1.5364,0.00178749,1.54161,38,0,29,24,31,0,-2,0,0,1,56,3784,3787,7,150,35,537,35093,34851,108,2,65,98,26488,0,0,0,0,1,0,0,73,8,3835,0,0,0,0,0,0,0,0,0,-65,0,0,0
2504.77,0,0,0,0,0,457,1.53617,0.00179942,1.5412,38,0,29,24,31,0,-2,0,0,1,56,3784,3787,3,150,35,537,35093,34851,108,2,65,98,11352,0,0,0,0,1,0,0,118,11,3835,0,0,0,0,0,0,0,0,0,-65,0,0,0
2504.78,0,0,0,0,0,457,1.53594,0.00181135,1.54078,38,0,29,24,31,0,-2,0,0,1,56,3784,3787,3,150,35,537,35093,34851,108,2,65,98,11352,0,0,0,0,1,0,0,118,11,3835,0,0,0,0,0,0,0,0,0,-65,0,0,0
2504.79,0,0,0,0,0,457,1.53572,0.00182328,1.54037,38,0,29,24,31,0,-2,0,0,1,56,3784,3787,3,150,35,537,35093,34851,108,2,65,98,11352,0,0,0,0,1,0,0,24,3,3839,0,0,0,0,0,0,0,0,0,-21,0,0,0
2504.8,0,0,0,0,0,446,1.53549,0.00183521,1.53995,38,0,29,24,32,0,-2,0,0,1,56,3784,3787,4,150,35,537,35105,34866,109,2,66,98,15136,0,0,0,0,1,123,0,30,12,3820,0,0,0,0,0,0,0,0,0,-76,0,0,0
2504.81,0,0,0,0,0,455,1.5356,0.00182918,1.54019,38,0,29,24,32,0,-2,0,0,1,56,3781,3787,6,150,35,537,35105,34866,109,2,66,98,22686,0,0,0,0,1,29,0,0,3,3831,0,0,0,0,0,0,0,0,0,-20,0,0,0
2504.82,0,0,0,0,0,446,1.53571,0.00182316,1.54043,38,0,29,24,32,0,-2,0,0,1,56,3781,3787,7,150,35,537,35105,34866,109,2,66,98,26467,0,0,0,0,1,35,0,0,3,3833,0,0,0,0,0,0,0,0,0,-19,0,0,0
2504.83,0,0,0,0,0,444,1.53582,0.00181714,1.54067,38,0,29,24,32,0,-2,0,0,1,56,3781,3787,7,150,35,537,35105,34866,109,2,66,98,26467,0,0,0,0,1,44,20,0,12,3839,0,0,0,0,0,0,0,0,0,-53,0,0,0
2504.84,0,0,0,0,0,444,1.53594,0.00181111,1.54091,38,0,29,24,32,0,-2,0,0,1,56,3782,3787,3,150,35,537,35105,34866,109,2,66,98,11346,0,0,0,0,1,44,20,0,12,3839,0,0,0,0,0,0,0,0,0,-53,0,0,0
2504.85,0,0,0,0,0,445,1.53605,0.00180509,1.54115,38,0,29,24,32,0,-2,0,0,1,56,3782,3787,4,150,35,537,35105,34866,109,2,66,98,15128,0,0,0,0,1,0,34,0,4,3841,0,0,0,0,0,0,0,0,0,-28,0,0,0
2504.86,0,0,0,0,0,442,1.53616,0.00179906,1.54139,38,0,29,24,32,0,-2,0,0,1,56,3782,3787,13,150,35,537,35105,34866,109,2,66,98,49166,0,0,0,0,1,0,120,0,12,3833,0,0,0,0,0,0,0,0,0,-74,0,0,0
2504.87,0,0,0,0,0,442,1.53627,0.00179304,1.54163,38,0,29,24,32,0,-2,0,0,1,56,3782,3787,13,150,35,537,35105,34866,109,2,66,98,49166,0,0,0,0,1,0,32,11,9,3837,0,0,0,0,0,0,0,0,0,-34,0,0,0
2504.88,0,0,0,0,0,440,1.53638,0.00178702,1.54187,38,0,29,24,32,0,-2,0,0,1,56,3785,3787,4,150,35,537,35105,34866,109,2,66,98,15140,0,0,0,0,1,0,0,95,9,3837,0,0,0,0,0,0,0,0,0,-71,0,0,0
2504.89,0,0,0,0,0,438,1.53649,0.00178099,1.54211,38,0,29,24,32,0,-2,0,0,1,56,3785,3787,6,150,35,537,35105,34866,109,2,66,98,22710,0,0,0,0,1,0,0,64,6,3839,0,0,0,0,0,0,0,0,0,-58,0,0,0
2504.9,0,0,0,0,0,438,1.5366,0.00177497,1.54235,38,0,29,24,31,0,-2,0,0,1,56,3785,3787,12,150,35,537,35114,34882,108,2,20,98,45420,0,0,0,0,1,0,0,64,6,3839,0,0,0,0,0,0,0,0,0,-58,0,0,0
2504.91,0,0,0,0,0,434,1.53649,0.0017733,1.54225,38,0,29,24,31,0,-2,0,0,1,56,3785,3787,12,150,35,537,35114,34882,108,2,20,98,45420,0,0,0,0,1,105,0,17,11,3835,0,0,0,0,0,0,0,0,0,-72,0,0,0
2504.92,0,0,0,0,0,440,1.53637,0.00177163,1.54215,38,0,29,24,31,0,-2,0,0,1,56,3782,3787,10,150,35,537,35114,34882,108,2,20,98,37820,0,0,0,0,1,29,0,0,2,3843,0,0,0,0,0,0,0,0,0,-13,0,0,0
2504.93,0,0,0,0,0,429,1.53626,0.00176996,1.54206,38,0,29,24,31,0,-2,0,0,1,56,3782,3787,15,150,35,537,35114,34882,108,2,20,98,56730,0,0,0,0,1,42,0,0,2,3843,0,0,0,0,0,0,0,0,0,-27,0,0,0
2504.94,0,0,0,0,0,437,1.53614,0.00176829,1.54196,38,0,29,24,31,0,-2,0,0,1,56,3782,3787,4,150,35,537,35114,34882,108,2,20,98,15128,0,0,0,0,1,11,38,0,6,3843,0,0,0,0,0,0,0,0,0,-21,0,0,0
2504.95,0,0,0,0,0,434,1.53603,0.00176662,1.54187,38,0,29,24,31,0,-2,0,0,1,56,3782,3787,4,150,35,537,35114,34882,108,2,20,98,15128,0,0,0,0,1,0,34,0,3,3837,0,0,0,0,0,0,0,0,0,-21,0,0,0
2504.96,0,0,0,0,0,434,1.53591,0.00176495,1.54177,38,0,29,24,31,0,-2,0,0,1,56,3783,3787,12,150,35,537,35114,34882,108,2,20,98,45396,0,0,0,0,1,0,34,0,3,3837,0,0,0,0,0,0,0,0,0,-21,0,0,0
2504.97,0,0,0,0,0,430,1.5358,0.00176328,1.54167,38,0,29,24,31,0,-2,0,0,1,56,3785,3787,4,150,35,537,35114,34882,108,2,20,98,15140,0,0,0,0,1,0,12,93,8,3843,0,0,0,0,0,0,0,0,0,-65,0,0,0
2504.98,0,0,0,0,0,430,1.53568,0.00176161,1.54158,38,0,29,24,31,0,-2,0,0,1,56,3785,3787,3,150,35,537,35114,34882,108,2,20,98,11355,0,0,0,0,1,0,0,32,6,3841,0,0,0,0,0,0,0,0,0,-34,0,0,0
2504.99,0,0,0,0,0,425,1.53556,0.00175994,1.54148,38,0,29,24,31,0,-2,0,0,1,56,3785,3787,3,150,35,537,35114,34882,108,2,20,98,11355,0,0,0,0,1,5,0,70,10,3831,0,0,0,0,0,0,0,0,0,-52,0,0,0
2505,0,0,0,0,0,428,1.53545,0.00175827,1.54139,38,0,29,24,31,0,-2,0,0,1,56,3785,3787,6,150,35,537,35116,34885,108,2,20,98,22710,0,0,0,0,1,29,0,0,3,3839,0,0,0,0,0,0,0,0,0,-19,0,0,0
2505.01,0,0,0,0,0,414,1.53573,0.00176056,1.54139,38,0,29,24,31,0,-2,0,0,1,56,3785,3787,6,150,35,537,35116,34885,108,2,20,98,22710,0,0,0,0,1,150,8,0,13,3833,0,0,0,0,0,0,0,0,0,-103,0,0,0
2505.02,0,0,0,0,0,414,1.536,0.00176286,1.5414,38,0,29,24,31,0,-2,0,0,1,56,3785,3787,3,150,35,537,35116,34885,108,2,20,98,11355,0,0,0,0,1,150,8,0,13,3833,0,0,0,0,0,0,0,0,0,-103,0,0,0
2505.03,0,0,0,0,0,429,1.53628,0.00176515,1.5414,38,0,29,24,31,0,-2,0,0,1,56,3785,3787,3,150,35,537,35116,34885,108,2,20,98,11355,0,0,0,0,1,0,30,0,4,3837,0,0,0,0,0,0,0,0,0,-27,0,0,0
2505.04,0,0,0,0,0,414,1.53656,0.00176745,1.54141,38,0,29,24,31,0,-2,0,0,1,56,3784,3787,6,150,35,537,35116,34885,108,2,20,98,22704,0,0,0,0,1,0,43,0,4,3837,0,0,0,0,0,0,0,0,0,-28,0,0,0
2505.05,0,0,0,0,0,412,1.53683,0.00176974,1.54142,38,0,29,24,31,0,-2,0,0,1,56,3785,3787,6,150,35,537,35116,34885,108,2,20,98,22710,0,0,0,0,1,0,0,144,10,3837,0,0,0,0,0,0,0,0,0,-59,0,0,0
2505.06,0,0,0,0,0,417,1.53711,0.00177203,1.54142,38,0,29,24,31,0,-2,0,0,1,56,3785,3787,6,150,35,537,35116,34885,108,2,20,98,22710,0,0,0,0,1,0,0,13,2,3846,0,0,0,0,0,0,0,0,0,-22,0,0,0
2505.07,0,0,0,0,0,405,1.53739,0.00177433,1.54143,38,0,29,24,31,0,-2,0,0,1,56,3785,3787,6,150,35,537,35116,34885,108,2,20,98,22710,0,0,0,0,1,41,0,1,2,3837,0,0,0,0,0,0,0,0,0,-23,0,0,0
2505.08,0,0,0,0,0,405,1.53766,0.00177662,1.54143,38,0,29,24,31,0,-2,0,0,1,56,3785,3787,8,150,35,537,35116,34885,108,2,20,98,30280,0,0,0,0,1,41,0,1,2,3837,0,0,0,0,0,0,0,0,0,-23,0,0,0
2505.09,0,0,0,0,0,408,1.53794,0.00177891,1.54144,38,0,29,24,31,0,-2,0,0,1,56,3784,3787,7,150,35,537,35116,34885,108,2,20,98,26488,0,0,0,0,1,19,0,0,5,3837,0,0,0,0,0,0,0,0,0,-33,0,0,0
2505.1,0,0,0,0,0,407,1.53822,0.00178121,1.54145,38,0,29,24,32,0,-2,0,0,1,56,3784,3787,3,150,35,537,35118,34886,108,2,20,98,11352,0,0,0,0,1,0,24,0,2,3841,0,0,0,0,0,0,0,0,0,-14,0,0,0
2505.11,0,0,0,0,0,408,1.53815,0.00180415,1.5413,38,0,29,24,32,0,-2,0,0,1,56,3784,3787,3,150,35,537,35118,34886,108,2,20,98,11352,0,0,0,0,1,0,18,48,5,3841,0,0,0,0,0,0,0,0,0,-27,0,0,0
2505.12,0,0,0,0,0,404,1.53808,0.00182709,1.54115,38,0,29,24,32,0,-2,0,0,1,56,3784,3787,4,150,35,537,35118,34886,108,2,20,98,15136,0,0,0,0,1,0,0,58,5,3831,0,0,0,0,0,0,0,0,0,-44,0,0,0
2505.13,0,0,0,0,0,399,1.53802,0.00185003,1.54101,38,0,29,24,32,0,-2,0,0,1,56,3784,3787,3,150,35,537,35118,34886,108,2,20,98,11352,0,0,0,0,1,128,0,0,10,3835,0,0,0,0,0,0,0,0,0,-81,0,0,0
2505.14,0,0,0,0,0,399,1.53795,0.00187298,1.54086,38,0,29,24,32,0,-2,0,0,1,56,3784,3787,7,150,35,537,35118,34886,108,2,20,98,26488,0,0,0,0,1,128,0,0,10,3835,0,0,0,0,0,0,0,0,0,-81,0,0,0
2505.15,0,0,0,0,0,405,1.53788,0.00189592,1.54072,38,0,29,24,32,0,-2,0,0,1,56,3784,3787,7,150,35,537,35118,34886,108,2,20,98,26488,0,0,0,0,1,29,0,0,2,3829,0,0,0,0,0,0,0,0,0,-18,0,0,0
2505.16,0,0,0,0,0,391,1.53782,0.00191886,1.54057,38,0,29,24,32,0,-2,0,0,1,56,3782,3788,5,150,35,537,35118,34886,108,2,20,98,18910,0,0,0,0,1,0,84,0,8,3839,0,0,0,0,0,0,0,0,0,-53,0,0,0
2505.17,0,0,0,0,0,401,1.53775,0.0019418,1.54043,38,0,29,24,32,0,-2,0,0,1,56,3782,3788,11,150,35,537,35118,34886,108,2,20,98,41602,0,0,0,0,1,0,22,68,10,3837,0,0,0,0,0,0,0,0,0,-39,0,0,0
2505.18,0,0,0,0,0,392,1.53768,0.00196475,1.54028,38,0,29,24,32,0,-2,0,0,1,56,3782,3788,8,150,35,537,35118,34886,108,2,20,98,30256,0,0,0,0,1,0,0,46,3,3846,0,0,0,0,0,0,0,0,0,-15,0,0,0
2505.19,0,0,0,0,0,379,1.53762,0.00198769,1.54013,38,0,29,24,32,0,-2,0,0,1,56,3782,3788,8,150,35,537,35118,34886,108,2,20,98,30256,0,0,0,0,1,134,0,0,16,3837,0,0,0,0,0,0,0,0,0,-82,0,0,0
2505.2,0,0,0,0,0,379,1.53755,0.00201063,1.53999,38,0,29,24,31,0,-2,0,0,1,56,3784,3788,4,150,35,537,35106,34870,108,2,20,98,15136,0,0,0,0,1,134,0,0,16,3837,0,0,0,0,0,0,0,0,0,-82,0,0,0
2505.21,0,0,0,0,0,394,1.53773,0.0019823,1.54043,38,0,29,24,31,0,-2,0,0,1,56,3784,3788,6,150,35,537,35106,34870,108,2,20,98,22704,0,0,0,0,1,9,12,0,2,3833,0,0,0,0,0,0,0,0,0,-13,0,0,0
2505.22,0,0,0,0,0,382,1.53792,0.00195396,1.54087,38,0,29,24,31,0,-2,0,0,1,56,3784,3788,9,150,35,537,35106,34870,108,2,20,98,34056,0,0,0,0,1,0,28,3,2,3843,0,0,0,0,0,0,0,0,0,-16,0,0,0
2505.23,0,0,0,0,0,378,1.5381,0.00192563,1.54131,38,0,29,24,31,0,-2,0,0,1,56,3784,3788,9,150,35,537,35106,34870,108,2,20,98,34056,0,0,0,0,1,0,0,95,9,3833,0,0,0,0,0,0,0,0,0,-51,0,0,0
2505.24,0,0,0,0,0,383,1.53829,0.00189729,1.54175,38,0,29,24,31,0,-2,0,0,1,56,3784,3788,4,150,35,537,35106,34870,108,2,20,98,15136,0,0,0,0,1,17,0,0,2,3839,0,0,0,0,0,0,0,0,0,-14,0,0,0
2505.25,0,0,0,0,0,375,1.53847,0.00186896,1.54219,38,0,29,24,31,0,-2,0,0,1,56,3784,3788,11,150,35,537,35106,34870,108,2,20,98,41624,0,0,0,0,1,11,0,0,1,3839,0,0,0,0,0,0,0,0,0,-1,0,0,0
2505.26,0,0,0,0,0,375,1.53866,0.00184062,1.54263,38,0,29,24,31,0,-2,0,0,1,56,3784,3788,3,150,35,537,35106,34870,108,2,20,98,11352,0,0,0,0,1,11,0,0,1,3839,0,0,0,0,0,0,0,0,0,-1,0,0,0
2505.27,0,0,0,0,0,379,1.53884,0.00181229,1.54306,38,0,29,24,31,0,-2,0,0,1,56,3784,3788,3,150,35,537,35106,34870,108,2,20,98,11352,0,0,0,0,1,0,52,0,4,3833,0,0,0,0,0,0,0,0,0,-24,0,0,0
2505.28,0,0,0,0,0,378,1.53903,0.00178395,1.5435,38,0,29,24,31,0,-2,0,0,1,56,3783,3788,7,150,35,537,35106,34870,108,2,20,98,26481,0,0,0,0,1,0,0,21,3,3839,0,0,0,0,0,0,0,0,0,-39,0,0,0
2505.29,0,0,0,0,0,372,1.53921,0.00175562,1.54394,38,0,29,24,31,0,-2,0,0,1,56,3783,3788,4,150,35,537,35106,34870,108,2,20,98,15132,0,0,0,0,1,77,0,5,6,3837,0,0,0,0,0,0,0,0,0,-55,0,0,0
2505.3,0,0,0,0,0,376,1.5394,0.00172729,1.54438,38,0,29,24,31,0,-2,0,0,1,56,3784,3788,6,150,35,537,35100,34862,108,2,20,98,22704,0,0,0,0,1,36,8,0,2,3839,0,0,0,0,0,0,0,0,0,-24,0,0,0
2505.31,0,0,0,0,0,367,1.53908,0.00173089,1.54422,38,0,29,24,31,0,-2,0,0,1,56,3784,3788,6,150,35,537,35100,34862,108,2,20,98,22704,0,0,0,0,1,0,76,0,7,3831,0,0,0,0,0,0,0,0,0,-60,0,0,0
2505.32,0,0,0,0,0,367,1.53876,0.00173449,1.54406,38,0,29,24,31,0,-2,0,0,1,56,3785,3788,7,150,35,537,35100,34862,108,2,20,98,26495,0,0,0,0,1,0,76,0,7,3831,0,0,0,0,0,0,0,0,0,-60,0,0,0
2505.33,0,0,0,0,0,374,1.53844,0.0017381,1.54389,38,0,29,24,31,0,-2,0,0,1,56,3785,3788,14,150,35,537,35100,34862,108,2,20,98,52990,0,0,0,0,1,0,0,103,9,3841,0,0,0,0,0,0,0,0,0,-40,0,0,0
2505.34,0,0,0,0,0,370,1.53813,0.0017417,1.54373,38,0,29,24,31,0,-2,0,0,1,56,3785,3788,3,150,35,537,35100,34862,108,2,20,98,11355,0,0,0,0,1,13,0,1,1,3839,0,0,0,0,0,0,0,0,0,-12,0,0,0
2505.35,0,0,0,0,0,354,1.53781,0.00174531,1.54356,38,0,29,24,31,0,-2,0,0,1,56,3785,3788,3,150,35,537,35100,34862,108,2,20,98,11355,0,0,0,0,1,13,141,0,13,3833,0,0,0,0,0,0,0,0,0,-87,0,0,0
2505.36,0,0,0,0,0,369,1.53749,0.00174891,1.5434,38,0,29,24,31,0,-2,0,0,1,56,3781,3788,11,150,35,537,35100,34862,108,2,20,98,41591,0,0,0,0,1,0,30,23,2,3843,0,0,0,0,0,0,0,0,0,-16,0,0,0
2505.37,0,0,0,0,0,359,1.53717,0.00175252,1.54324,38,0,29,24,31,0,-2,0,0,1,56,3781,3788,3,150,35,537,35100,34862,108,2,20,98,11343,0,0,0,0,1,0,0,23,2,3843,0,0,0,0,0,0,0,0,0,-28,0,0,0
2505.38,0,0,0,0,0,359,1.53686,0.00175612,1.54307,38,0,29,24,31,0,-2,0,0,1,56,3783,3788,2,150,35,537,35100,34862,108,2,20,98,7566,0,0,0,0,1,0,0,23,2,3843,0,0,0,0,0,0,0,0,0,-28,0,0,0
2505.39,0,0,0,0,0,347,1.53654,0.00175972,1.54291,38,0,29,24,31,0,-2,0,0,1,56,3783,3788,2,150,35,537,35100,34862,108,2,20,98,7566,0,0,0,0,1,153,0,0,13,3837,0,0,0,0,0,0,0,0,0,-97,0,0,0
2505.4,0,0,0,0,0,362,1.53622,0.00176333,1.54274,38,0,29,24,31,0,-2,0,0,1,56,3786,3788,3,150,35,537,35099,34862,109,2,20,98,11358,0,0,0,0,1,1,24,0,2,3839,0,0,0,0,0,0,0,0,0,-16,0,0,0
2505.41,0,0,0,0,0,355,1.5363,0.00176293,1.54263,38,0,29,24,31,0,-2,0,0,1,56,3786,3788,3,150,35,537,35099,34862,109,2,20,98,11358,0,0,0,0,1,0,0,13,2,3846,0,0,0,0,0,0,0,0,0,-30,0,0,0
2505.42,0,0,0,0,0,344,1.53637,0.00176252,1.54252,38,0,29,24,31,0,-2,0,0,1,56,3786,3788,4,150,35,537,35099,34862,109,2,20,98,15144,0,0,0,0,1,112,0,0,8,3837,0,0,0,0,0,0,0,0,0,-78,0,0,0
2505.43,0,0,0,0,0,352,1.53644,0.00176212,1.54241,38,0,29,24,31,0,-2,0,0,1,56,3786,3788,4,150,35,537,35099,34862,109,2,20,98,15144,0,0,0,0,1,0,18,0,3,3837,0,0,0,0,0,0,0,0,0,-24,0,0,0
2505.44,0,0,0,0,0,352,1.53652,0.00176172,1.5423,38,0,29,24,31,0,-2,0,0,1,56,3786,3788,5,150,35,537,35099,34862,109,2,20,98,18930,0,0,0,0,1,0,18,0,3,3837,0,0,0,0,0,0,0,0,0,-24,0,0,0
2505.45,0,0,0,0,0,346,1.53659,0.00176132,1.54219,38,0,29,24,31,0,-2,0,0,1,56,3786,3788,9,150,35,537,35099,34862,109,2,20,98,34074,0,0,0,0,1,0,0,0,3,3843,0,0,0,0,0,0,0,0,0,-31,0,0,0
2505.46,0,0,0,0,0,341,1.53667,0.00176091,1.54207,38,0,29,24,31,0,-2,0,0,1,56,3785,3788,3,150,35,537,35099,34862,109,2,20,98,11355,0,0,0,0,1,58,0,68,13,3833,0,0,0,0,0,0,0,0,0,-68,0,0,0
2505.47,0,0,0,0,0,349,1.53674,0.00176051,1.54196,38,0,29,24,31,0,-2,0,0,1,56,3785,3788,3,150,35,537,35099,34862,109,2,20,98,11355,0,0,0,0,1,15,6,0,2,3837,0,0,0,0,0,0,0,0,0,-6,0,0,0
2505.48,0,0,0,0,0,335,1.53682,0.00176011,1.54185,38,0,29,24,31,0,-2,0,0,1,56,3786,3788,10,150,35,537,35099,34862,109,2,20,98,37860,0,0,0,0,1,0,87,3,7,3835,0,0,0,0,0,0,0,0,0,-57,0,0,0
2505.49,0,0,0,0,0,340,1.53689,0.00175971,1.54174,38,0,29,24,31,0,-2,0,0,1,56,3786,3788,2,150,35,537,35099,34862,109,2,20,98,7572,0,0,0,0,1,1,0,87,9,3841,0,0,0,0,0,0,0,0,0,-51,0,0,0
2505.5,0,0,0,0,0,340,1.53696,0.00175931,1.54163,38,0,29,24,31,0,-2,0,0,1,56,3786,3788,5,150,35,537,35125,34895,108,2,20,98,18930,0,0,0,0,1,1,0,87,9,3841,0,0,0,0,0,0,0,0,0,-51,0,0,0
2505.51,0,0,0,0,0,341,1.53722,0.00175003,1.54181,38,0,29,24,31,0,-2,0,0,1,56,3786,3788,5,150,35,537,35125,34895,108,2,20,98,18930,0,0,0,0,1,19,0,0,1,3837,0,0,0,0,0,0,0,0,0,-12,0,0,0
2505.52,0,0,0,0,0,326,1.53747,0.00174076,1.54199,38,0,29,24,31,0,-2,0,0,1,56,3786,3788,2,150,35,537,35125,34895,108,2,20,98,7572,0,0,0,0,1,0,112,0,8,3839,0,0,0,0,0,0,0,0,0,-79,0,0,0
2505.53,0,0,0,0,0,337,1.53773,0.00173148,1.54216,38,0,29,24,31,0,-2,0,0,1,56,3786,3788,2,150,35,537,35125,34895,108,2,20,98,7572,0,0,0,0,1,5,0,76,5,3835,0,0,0,0,0,0,0,0,0,-29,0,0,0
2505.54,0,0,0,0,0,338,1.53798,0.00172221,1.54234,38,0,29,24,31,0,-2,0,0,1,56,3786,3788,6,150,35,537,35125,34895,108,2,20,98,22716,0,0,0,0,1,21,5,0,1,3839,0,0,0,0,0,0,0,0,0,-16,0,0,0
2505.55,0,0,0,0,0,326,1.53824,0.00171293,1.54252,38,0,29,24,31,0,-2,0,0,1,56,3786,3788,6,150,35,537,35125,34895,108,2,20,98,22716,0,0,0,0,1,0,38,0,2,3839,0,0,0,0,0,0,0,0,0,-28,0,0,0
2505.56,0,0,0,0,0,326,1.53849,0.00170366,1.5427,38,0,29,24,31,0,-2,0,0,1,56,3785,3788,2,150,35,537,35125,34895,108,2,20,98,7570,0,0,0,0,1,0,38,0,2,3839,0,0,0,0,0,0,0,0,0,-28,0,0,0
2505.57,0,0,0,0,0,327,1.53875,0.00169439,1.54288,38,0,29,24,31,0,-2,0,0,1,56,3785,3788,3,150,35,537,35125,34895,108,2,20,98,11355,0,0,0,0,1,0,0,93,9,3841,0,0,0,0,0,0,0,0,0,-65,0,0,0
2505.58,0,0,0,0,0,333,1.539,0.00168511,1.54306,38,0,29,24,31,0,-2,0,0,1,56,3785,3788,4,150,35,537,35125,34895,108,2,20,98,15140,0,0,0,0,1,17,5,0,1,3841,0,0,0,0,0,0,0,0,0,-13,0,0,0
2505.59,0,0,0,0,0,322,1.53926,0.00167584,1.54324,38,0,29,24,31,0,-2,0,0,1,56,3785,3788,4,150,35,537,35125,34895,108,2,20,98,15140,0,0,0,0,1,0,30,0,2,3846,0,0,0,0,0,0,0,0,0,-25,0,0,0
2505.6,0,0,0,0,0,319,1.53951,0.00166656,1.54342,38,0,29,24,32,0,-2,0,0,1,56,3785,3788,5,150,35,537,35122,34891,109,2,20,98,18925,0,0,0,0,1,52,0,52,10,3829,0,0,0,0,0,0,0,0,0,-44,0,0,0
2505.61,0,0,0,0,0,325,1.53944,0.00168384,1.54355,38,0,29,24,32,0,-2,0,0,1,56,3785,3788,3,150,35,537,35122,34891,109,2,20,98,11355,0,0,0,0,1,7,14,0,1,3837,0,0,0,0,0,0,0,0,0,-14,0,0,0
2505.62,0,0,0,0,0,325,1.53937,0.00170112,1.54369,38,0,29,24,32,0,-2,0,0,1,56,3786,3788,2,150,35,537,35122,34891,109,2,20,98,7572,0,0,0,0,1,7,14,0,1,3837,0,0,0,0,0,0,0,0,0,-14,0,0,0
2505.63,0,0,0,0,0,313,1.5393,0.00171839,1.54383,38,0,29,24,32,0,-2,0,0,1,56,3786,3788,2,150,35,537,35122,34891,109,2,20,98,7572,0,0,0,0,1,0,0,58,5,3839,0,0,0,0,0,0,0,0,0,-55,0,0,0
2505.64,0,0,0,0,0,317,1.53923,0.00173567,1.54396,38,0,29,24,32,0,-2,0,0,1,56,3786,3788,4,150,35,537,35122,34891,109,2,20,98,15144,0,0,0,0,1,117,0,0,10,3835,0,0,0,0,0,0,0,0,0,-72,0,0,0
2505.65,0,0,0,0,0,322,1.53916,0.00175294,1.5441,38,0,29,24,32,0,-2,0,0,1,56,3786,3788,2,150,35,537,35122,34891,109,2,20,98,7572,0,0,0,0,1,0,26,0,1,3843,0,0,0,0,0,0,0,0,0,-21,0,0,0
