Time,Car.DigitalInput.MSS.PDOC.Pin,Car.DigitalInput.MSS.BMS.Pin,Car.DigitalInput.MSS.BSPD.Pin,Car.DigitalInput.MSS.IMD.Pin,Car.Data.Driver.ThrottlePressure,Car.Data.Motor.MotorRPM,Car.AnalogInput.BMS.CellTempASensor,Car.AnalogInput.BMS.CellTempBSensor,Car.AnalogInput.BMS.CellTempCSensor,Car.Data.Battery.PackSOC,Car.Data.PDM.LVBatteryVoltage,Car.Data.Battery.BMSInternalTemp,Car.Data.Inverter.InverterTemp,Car.Data.Motor.MotorTemp,Car.Data.Inverter.InverterLock,Car.Data.Driver.SteeringAngle,Car.Data.Driver.FrontBrakePressure,Car.Data.Driver.RearBrakePressure,Car.Data.Driver.ThrottleDifference,Car.Data.Battery.HotSpotTemp,Car.Data.Battery.PackInstantaneousVoltage,Car.Data.Battery.PackOpenVoltage,Car.Data.Battery.PackCurrent,Car.Data.Battery.PackDCL,Car.Data.Battery.PackCCL,Car.Data.Battery.PackResistance,Car.Data.Battery.HighCellVoltage,Car.Data.Battery.LowCellVoltage,Car.Data.Battery.InputSupplyVoltage,Car.Data.Battery.CurrentLimitsStatus,Car.Data.Battery.HighCellVoltageID,Car.Data.Battery.LowCellVoltageID,Car.Data.Battery.BatteryPower,Car.Data.PDM.CoolingFanCurrent,Car.Data.PDM.CoolingPumpCurrent,Car.Data.PDM.FanState,Car.Data.PDM.PumpState,Car.Data.Inverter.InverterRelay.Relay2,Car.Data.Inverter.PhaseA,Car.Data.Inverter.PhaseB,Car.Data.Inverter.PhaseC,Car.Data.Inverter.InverterDCCurrent,Car.Data.Inverter.InverterDCVoltage,Car.Data.Inverter.InverterFault.Byte0,Car.Data.Inverter.InverterFault.Byte1,Car.Data.Inverter.InverterFault.Byte2,Car.Data.Inverter.InverterFault.Byte3,Car.Data.Inverter.InverterFault.Byte4,Car.Data.Inverter.InverterFault.Byte5,Car.Data.Inverter.InverterFault.Byte6,Car.Data.Inverter.InverterFault.Byte7,Car.Data.Inverter.InverterCMDTorque,Car.Data.Inverter.InverterFDBTorque,Car.DigitalInput.WheelSpeed.WheelSpeedFrontLeft,Car.DigitalInput.WheelSpeed.WheelSpeedFrontRight,Car.Data.Inverter.InverterCalculatedTorque
2405.41,0,0,0,0,0,0,1.54525,0.00674544,1.54651,40,0,29,23,27,0,-2,0,0,1,55,3829,3829,0,131,35,711,35501,35366,108,2,82,98,0,0,0,0,0,1,0,0,0,0,3887,0,0,0,0,0,0,0,0,0,1,0,0,0
2405.42,0,0,0,0,0,0,1.54501,0.00670682,1.54641,40,0,29,23,27,0,-2,0,0,1,55,3829,3829,0,131,35,711,35501,35366,108,2,82,98,0,0,0,0,0,1,0,0,0,0,3887,0,0,0,0,0,0,0,0,0,-4,0,0,0
2405.43,0,0,0,0,0,0,1.54476,0.00666819,1.54632,40,0,29,23,27,0,-2,0,0,1,55,3829,3829,0,131,35,711,35501,35366,108,2,82,98,0,0,0,0,0,1,0,0,0,0,3882,0,0,0,0,0,0,0,0,0,4,0,0,0
2405.44,0,0,0,0,0,0,1.54451,0.00662956,1.54622,40,0,29,23,27,0,-2,0,0,1,55,3829,3829,0,131,35,711,35501,35366,108,2,82,98,0,0,0,0,0,1,0,0,0,0,3882,0,0,0,0,0,0,0,0,0,-5,0,0,0
2405.45,0,0,0,0,0,0,1.54427,0.00659094,1.54613,40,0,29,23,27,0,-2,0,0,1,55,3829,3829,0,131,35,711,35501,35366,108,2,82,98,0,0,0,0,0,1,0,0,0,0,3878,0,0,0,0,0,0,0,0,0,-5,0,0,0
2405.46,0,0,0,0,0,0,1.54402,0.00655231,1.54603,40,0,29,23,27,0,-2,0,0,1,55,3829,3829,0,131,35,711,35501,35366,108,2,82,98,0,0,0,0,0,1,0,0,0,0,3880,0,0,0,0,0,0,0,0,0,-1,0,0,0
2405.47,0,0,0,0,0,0,1.54377,0.00651368,1.54593,40,0,29,23,27,0,-2,0,0,1,55,3829,3829,0,131,35,711,35501,35366,108,2,82,98,0,0,0,0,0,1,13,10,19,0,3887,0,0,0,0,0,0,0,0,0,0,0,0,0
2405.48,0,0,0,0,0,0,1.54352,0.00647506,1.54584,40,0,29,23,27,0,-2,0,0,1,55,3829,3829,0,131,35,711,35501,35366,108,2,82,98,0,0,0,0,0,1,0,0,0,0,3891,0,0,0,0,0,0,0,0,0,4,0,0,0
2405.49,0,0,0,0,0,0,1.54328,0.00643643,1.54574,40,0,29,23,27,0,-2,0,0,1,55,3829,3829,0,131,35,711,35501,35366,108,2,82,98,0,0,0,0,0,1,1,5,0,0,3874,0,0,0,0,0,0,0,0,0,-2,0,0,0
2405.5,0,0,0,0,0,0,1.54303,0.00639781,1.54565,40,0,29,23,28,0,-2,0,0,1,55,3829,3829,0,131,35,711,35501,35365,108,2,82,98,0,0,0,0,0,1,1,5,0,0,3874,0,0,0,0,0,0,0,0,0,-7,0,0,0
2405.51,0,0,0,0,0,0,1.54294,0.00640206,1.54582,40,0,29,23,28,0,-2,0,0,1,55,3829,3829,0,131,35,711,35501,35365,108,2,82,98,0,0,0,0,0,1,0,0,0,0,3884,0,0,0,0,0,0,0,0,0,-7,0,0,0
2405.52,0,0,0,0,0,0,1.54285,0.00640631,1.54599,40,0,29,23,28,0,-2,0,0,1,55,3829,3829,0,131,35,711,35501,35365,108,2,82,98,0,0,0,0,0,1,0,0,0,0,3876,0,0,0,0,0,0,0,0,0,-5,0,0,0
2405.53,0,0,0,0,0,0,1.54275,0.00641056,1.54616,40,0,29,23,28,0,-2,0,0,1,55,3829,3829,0,131,35,711,35501,35365,108,2,82,98,0,0,0,0,0,1,0,0,0,0,3882,0,0,0,0,0,0,0,0,0,0,0,0,0
2405.54,0,0,0,0,0,0,1.54266,0.00641481,1.54633,40,0,29,23,28,0,-2,0,0,1,55,3829,3829,0,131,35,711,35501,35365,108,2,82,98,0,0,0,0,0,1,0,0,0,0,3884,0,0,0,0,0,0,0,0,0,-5,0,0,0
2405.55,0,0,0,0,0,0,1.54257,0.00641907,1.5465,40,0,29,23,28,0,-2,0,0,1,55,3829,3829,0,131,35,711,35501,35365,108,2,82,98,0,0,0,0,0,1,7,6,5,0,3880,0,0,0,0,0,0,0,0,0,2,0,0,0
2405.56,0,0,0,0,0,0,1.54248,0.00642332,1.54667,40,0,29,23,28,0,-2,0,0,1,55,3829,3829,0,131,35,711,35501,35365,108,2,82,98,0,0,0,0,0,1,7,6,5,0,3880,0,0,0,0,0,0,0,0,0,-1,0,0,0
2405.57,0,0,0,0,0,0,1.54238,0.00642757,1.54684,40,0,29,23,28,0,-2,0,0,1,55,3829,3829,0,131,35,711,35501,35365,108,2,82,98,0,0,0,0,0,1,0,0,0,0,3884,0,0,0,0,0,0,0,0,0,-1,0,0,0
2405.58,0,0,0,0,0,0,1.54229,0.00643182,1.54701,40,0,29,23,28,0,-2,0,0,1,55,3829,3829,0,131,35,711,35501,35365,108,2,82,98,0,0,0,0,0,1,0,0,0,0,3887,0,0,0,0,0,0,0,0,0,3,0,0,0
2405.59,0,0,0,0,0,0,1.5422,0.00643607,1.54718,40,0,29,23,28,0,-2,0,0,1,55,3829,3829,0,131,35,711,35501,35365,108,2,82,98,0,0,0,0,0,1,1,5,0,0,3876,0,0,0,0,0,0,0,0,0,-2,0,0,0
2405.6,0,0,0,0,0,0,1.54211,0.00644033,1.54735,40,0,29,23,28,0,-2,0,0,1,56,3829,3829,0,131,35,711,35499,35364,108,2,65,98,0,0,0,0,0,1,0,0,0,0,3872,0,0,0,0,0,0,0,0,0,0,0,0,0
2405.61,0,0,0,0,0,0,1.5424,0.00646245,1.54747,40,0,29,23,28,0,-2,0,0,1,56,3829,3829,0,131,35,711,35499,35364,108,2,65,98,0,0,0,0,0,1,7,6,1,0,3882,0,0,0,0,0,0,0,0,0,-6,0,0,0
2405.62,0,0,0,0,0,0,1.54269,0.00648458,1.54759,40,0,29,23,28,0,-2,0,0,1,56,3829,3829,0,131,35,711,35499,35364,108,2,65,98,0,0,0,0,0,1,7,6,1,0,3882,0,0,0,0,0,0,0,0,0,-3,0,0,0
2405.63,0,0,0,0,0,0,1.54299,0.00650671,1.54771,40,0,29,23,28,0,-2,0,0,1,56,3829,3829,0,131,35,711,35499,35364,108,2,65,98,0,0,0,0,0,1,3,2,0,0,3884,0,0,0,0,0,0,0,0,0,-3,0,0,0
2405.64,0,0,0,0,0,0,1.54328,0.00652884,1.54783,40,0,29,23,28,0,-2,0,0,1,56,3829,3829,0,131,35,711,35499,35364,108,2,65,98,0,0,0,0,0,1,1,2,0,0,3884,0,0,0,0,0,0,0,0,0,-1,0,0,0
2405.65,0,0,0,0,0,0,1.54357,0.00655097,1.54795,40,0,29,23,28,0,-2,0,0,1,56,3829,3829,0,131,35,711,35499,35364,108,2,65,98,0,0,0,0,0,1,0,0,0,0,3880,0,0,0,0,0,0,0,0,0,-7,0,0,0
2405.66,0,0,0,0,0,0,1.54387,0.0065731,1.54806,40,0,29,23,28,0,-2,0,0,1,56,3829,3829,0,131,35,711,35499,35364,108,2,65,98,0,0,0,0,0,1,5,6,5,0,3889,0,0,0,0,0,0,0,0,0,0,0,0,0
2405.67,0,0,0,0,0,0,1.54416,0.00659522,1.54818,40,0,29,23,28,0,-2,0,0,1,56,3829,3829,0,131,35,711,35499,35364,108,2,65,98,0,0,0,0,0,1,1,0,1,0,3880,0,0,0,0,0,0,0,0,0,0,0,0,0
2405.68,0,0,0,0,0,0,1.54446,0.00661735,1.5483,40,0,29,23,28,0,-2,0,0,1,56,3829,3829,0,131,35,711,35499,35364,108,2,65,98,0,0,0,0,0,1,1,0,1,0,3880,0,0,0,0,0,0,0,0,0,-6,0,0,0
2405.69,0,0,0,0,0,0,1.54475,0.00663948,1.54842,40,0,29,23,28,0,-2,0,0,1,56,3829,3829,0,131,35,711,35499,35364,108,2,65,98,0,0,0,0,0,1,5,5,0,0,3889,0,0,0,0,0,0,0,0,0,-6,0,0,0
2405.7,0,0,0,0,0,0,1.54504,0.00666161,1.54854,40,0,29,23,28,0,-2,0,0,1,55,3829,3829,0,131,35,711,35501,35365,108,2,82,98,0,0,0,0,0,1,5,6,3,0,3884,0,0,0,0,0,0,0,0,0,9,0,0,0
2405.71,0,0,0,0,0,0,1.54507,0.00667144,1.54841,40,0,29,23,28,0,-2,0,0,1,55,3829,3829,0,131,35,711,35501,35365,108,2,82,98,0,0,0,0,0,1,0,0,0,0,3887,0,0,0,0,0,0,0,0,0,-3,0,0,0
2405.72,0,0,0,0,0,0,1.5451,0.00668127,1.54828,40,0,29,23,28,0,-2,0,0,1,55,3829,3829,0,131,35,711,35501,35365,108,2,82,98,0,0,0,0,0,1,9,8,7,0,3887,0,0,0,0,0,0,0,0,0,-2,0,0,0
2405.73,0,0,0,0,0,0,1.54514,0.0066911,1.54816,40,0,29,23,28,0,-2,0,0,1,55,3829,3829,0,131,35,711,35501,35365,108,2,82,98,0,0,0,0,0,1,0,0,0,0,3876,0,0,0,0,0,0,0,0,0,-4,0,0,0
2405.74,0,0,0,0,0,0,1.54517,0.00670092,1.54803,40,0,29,23,28,0,-2,0,0,1,55,3829,3829,0,131,35,711,35501,35365,108,2,82,98,0,0,0,0,0,1,0,0,0,0,3876,0,0,0,0,0,0,0,0,0,-6,0,0,0
2405.75,0,0,0,0,0,0,1.5452,0.00671075,1.54791,40,0,29,23,28,0,-2,0,0,1,55,3829,3829,0,131,35,711,35501,35365,108,2,82,98,0,0,0,0,0,1,7,8,0,0,3880,0,0,0,0,0,0,0,0,0,-6,0,0,0
2405.76,0,0,0,0,0,0,1.54523,0.00672058,1.54778,40,0,29,23,28,0,-2,0,0,1,55,3829,3829,0,131,35,711,35501,35365,108,2,82,98,0,0,0,0,0,1,11,6,1,0,3878,0,0,0,0,0,0,0,0,0,5,0,0,0
2405.77,0,0,0,0,0,0,1.54526,0.00673041,1.54766,40,0,29,23,28,0,-2,0,0,1,55,3829,3829,0,131,35,711,35501,35365,108,2,82,98,0,0,0,0,0,1,0,0,0,0,3887,0,0,0,0,0,0,0,0,0,0,0,0,0
2405.78,0,0,0,0,0,0,1.54529,0.00674024,1.54753,40,0,29,23,28,0,-2,0,0,1,55,3829,3829,0,131,35,711,35501,35365,108,2,82,98,0,0,0,0,0,1,7,6,5,0,3887,0,0,0,0,0,0,0,0,0,6,0,0,0
2405.79,0,0,0,0,0,0,1.54532,0.00675007,1.5474,40,0,29,23,28,0,-2,0,0,1,55,3829,3829,0,131,35,711,35501,35365,108,2,82,98,0,0,0,0,0,1,1,0,0,0,3880,0,0,0,0,0,0,0,0,0,0,0,0,0
2405.8,0,0,0,0,0,0,1.54535,0.0067599,1.54728,40,0,29,23,28,0,-2,0,0,1,55,3829,3829,0,131,35,711,35500,35365,108,2,82,98,0,0,0,0,0,1,1,0,0,0,3880,0,0,0,0,0,0,0,0,0,13,0,0,0
2405.81,0,0,0,0,0,0,1.54523,0.00674856,1.54707,40,0,29,23,28,0,-2,0,0,1,55,3829,3829,0,131,35,711,35500,35365,108,2,82,98,0,0,0,0,0,1,11,10,5,0,3880,0,0,0,0,0,0,0,0,0,13,0,0,0
2405.82,0,0,0,0,0,0,1.54512,0.00673722,1.54686,40,0,29,23,28,0,-2,0,0,1,55,3829,3829,0,131,35,711,35500,35365,108,2,82,98,0,0,0,0,0,1,1,0,0,0,3882,0,0,0,0,0,0,0,0,0,-6,0,0,0
2405.83,0,0,0,0,0,0,1.545,0.00672588,1.54666,40,0,29,23,28,0,-2,0,0,1,55,3829,3829,0,131,35,711,35500,35365,108,2,82,98,0,0,0,0,0,1,0,0,0,0,3887,0,0,0,0,0,0,0,0,0,-4,0,0,0
2405.84,0,0,0,0,0,0,1.54489,0.00671455,1.54645,40,0,29,23,28,0,-2,0,0,1,55,3829,3829,0,131,35,711,35500,35365,108,2,82,98,0,0,0,0,0,1,3,0,0,0,3882,0,0,0,0,0,0,0,0,0,0,0,0,0
2405.85,0,0,0,0,0,0,1.54477,0.00670321,1.54624,40,0,29,23,28,0,-2,0,0,1,55,3829,3829,0,131,35,711,35500,35365,108,2,82,98,0,0,0,0,0,1,13,8,13,0,3882,0,0,0,0,0,0,0,0,0,10,0,0,0
2405.86,0,0,0,0,0,0,1.54465,0.00669187,1.54604,40,0,29,23,28,0,-2,0,0,1,55,3829,3829,0,131,35,711,35500,35365,108,2,82,98,0,0,0,0,0,1,13,8,13,0,3882,0,0,0,0,0,0,0,0,0,-3,0,0,0
2405.87,0,0,0,0,0,0,1.54454,0.00668053,1.54583,40,0,29,23,28,0,-2,0,0,1,55,3829,3829,0,131,35,711,35500,35365,108,2,82,98,0,0,0,0,0,1,0,0,0,0,3889,0,0,0,0,0,0,0,0,0,-3,0,0,0
2405.88,0,0,0,0,0,0,1.54442,0.0066692,1.54562,40,0,29,23,28,0,-2,0,0,1,55,3829,3829,0,131,35,711,35500,35365,108,2,82,98,0,0,0,0,0,1,0,0,0,0,3889,0,0,0,0,0,0,0,0,0,3,0,0,0
2405.89,0,0,0,0,0,0,1.54431,0.00665786,1.54542,40,0,29,23,28,0,-2,0,0,1,55,3829,3829,0,131,35,711,35500,35365,108,2,82,98,0,0,0,0,0,1,1,0,0,0,3880,0,0,0,0,0,0,0,0,0,2,0,0,0
2405.9,0,0,0,0,0,0,1.54419,0.00664652,1.54521,40,0,29,23,28,0,-2,0,0,1,55,3829,3829,0,131,35,711,35502,35364,107,2,82,98,0,0,0,0,0,1,1,2,0,0,3878,0,0,0,0,0,0,0,0,0,5,0,0,0
2405.91,0,0,0,0,0,0,1.54404,0.00666077,1.54542,40,0,29,23,28,0,-2,0,0,1,55,3829,3829,0,131,35,711,35502,35364,107,2,82,98,0,0,0,0,0,1,0,0,0,0,3882,0,0,0,0,0,0,0,0,0,0,0,0,0
2405.92,0,0,0,0,0,0,1.5439,0.00667503,1.54562,40,0,29,23,28,0,-2,0,0,1,55,3829,3829,0,131,35,711,35502,35364,107,2,82,98,0,0,0,0,0,1,0,0,0,0,3882,0,0,0,0,0,0,0,0,0,0,0,0,0
2405.93,0,0,0,0,0,0,1.54375,0.00668928,1.54583,40,0,29,23,28,0,-2,0,0,1,55,3829,3829,0,131,35,711,35502,35364,107,2,82,98,0,0,0,0,0,1,5,6,1,0,3882,0,0,0,0,0,0,0,0,0,0,0,0,0
2405.94,0,0,0,0,0,0,1.54361,0.00670353,1.54604,40,0,29,23,28,0,-2,0,0,1,55,3829,3829,0,131,35,711,35502,35364,107,2,82,98,0,0,0,0,0,1,0,0,0,0,3882,0,0,0,0,0,0,0,0,0,-3,0,0,0
2405.95,0,0,0,0,0,0,1.54346,0.00671779,1.54624,40,0,29,23,28,0,-2,0,0,1,55,3829,3829,0,131,35,711,35502,35364,107,2,82,98,0,0,0,0,0,1,3,6,1,0,3884,0,0,0,0,0,0,0,0,0,2,0,0,0
2405.96,0,0,0,0,0,0,1.54331,0.00673204,1.54645,40,0,29,23,28,0,-2,0,0,1,55,3829,3829,0,131,35,711,35502,35364,107,2,82,98,0,0,0,0,0,1,0,0,0,0,3878,0,0,0,0,0,0,0,0,0,0,0,0,0
2405.97,0,0,0,0,0,0,1.54317,0.0067463,1.54666,40,0,29,23,28,0,-2,0,0,1,55,3829,3829,0,131,35,711,35502,35364,107,2,82,98,0,0,0,0,0,1,7,5,3,0,3882,0,0,0,0,0,0,0,0,0,3,0,0,0
2405.98,0,0,0,0,0,0,1.54302,0.00676055,1.54687,40,0,29,23,28,0,-2,0,0,1,55,3829,3829,0,131,35,711,35502,35364,107,2,82,98,0,0,0,0,0,1,7,5,3,0,3882,0,0,0,0,0,0,0,0,0,3,0,0,0
2405.99,0,0,0,0,0,0,1.54288,0.0067748,1.54707,40,0,29,23,28,0,-2,0,0,1,55,3829,3829,0,131,35,711,35502,35364,107,2,82,98,0,0,0,0,0,1,3,0,0,0,3874,0,0,0,0,0,0,0,0,0,3,0,0,0
2406,0,0,0,0,0,0,1.54273,0.00678906,1.54728,40,0,29,23,28,0,-2,0,0,1,55,3829,3829,0,131,35,711,35500,35365,108,2,82,98,0,0,0,0,0,1,0,0,0,0,3887,0,0,0,0,0,0,0,0,0,0,0,0,0
2406.01,0,0,0,0,0,0,1.54284,0.00677343,1.54702,40,0,29,23,28,0,-2,0,0,1,55,3829,3829,0,131,35,711,35500,35365,108,2,82,98,0,0,0,0,0,1,0,0,0,0,3880,0,0,0,0,0,0,0,0,0,5,0,0,0
2406.02,0,0,0,0,0,0,1.54296,0.00675781,1.54676,40,0,29,23,28,0,-2,0,0,1,55,3829,3829,0,131,35,711,35500,35365,108,2,82,98,0,0,0,0,0,1,7,5,0,0,3884,0,0,0,0,0,0,0,0,0,-1,0,0,0
2406.03,0,0,0,0,0,0,1.54307,0.00674219,1.54651,40,0,29,23,28,0,-2,0,0,1,55,3829,3829,0,131,35,711,35500,35365,108,2,82,98,0,0,0,0,0,1,3,5,0,0,3880,0,0,0,0,0,0,0,0,0,1,0,0,0
2406.04,0,0,0,0,0,0,1.54319,0.00672656,1.54625,40,0,29,23,28,0,-2,0,0,1,55,3829,3829,0,131,35,711,35500,35365,108,2,82,98,0,0,0,0,0,1,3,5,0,0,3880,0,0,0,0,0,0,0,0,0,6,0,0,0
2406.05,0,0,0,0,0,0,1.5433,0.00671094,1.54599,40,0,29,23,28,0,-2,0,0,1,55,3829,3829,0,131,35,711,35500,35365,108,2,82,98,0,0,0,0,0,1,11,10,0,0,3882,0,0,0,0,0,0,0,0,0,6,0,0,0
2406.06,0,0,0,0,0,0,1.54342,0.00669532,1.54573,40,0,29,23,28,0,-2,0,0,1,55,3829,3829,0,131,35,711,35500,35365,108,2,82,98,0,0,0,0,0,1,0,0,0,0,3887,0,0,0,0,0,0,0,0,0,-10,0,0,0
2406.07,0,0,0,0,0,0,1.54353,0.00667969,1.54547,40,0,29,23,28,0,-2,0,0,1,55,3829,3829,0,131,35,711,35500,35365,108,2,82,98,0,0,0,0,0,1,3,2,3,0,3889,0,0,0,0,0,0,0,0,0,9,0,0,0
2406.08,0,0,0,0,0,0,1.54365,0.00666407,1.54522,40,0,29,23,28,0,-2,0,0,1,55,3829,3829,0,131,35,711,35500,35365,108,2,82,98,0,0,0,0,0,1,3,0,0,0,3880,0,0,0,0,0,0,0,0,0,0,0,0,0
2406.09,0,0,0,0,0,0,1.54376,0.00664845,1.54496,40,0,29,23,28,0,-2,0,0,1,55,3829,3829,0,131,35,711,35500,35365,108,2,82,98,0,0,0,0,0,1,0,0,0,0,3882,0,0,0,0,0,0,0,0,0,0,0,0,0
2406.1,0,0,0,0,0,0,1.54387,0.00663283,1.5447,40,0,29,23,28,0,-2,0,0,1,55,3829,3829,0,131,35,711,35499,35365,108,2,68,98,0,0,0,0,0,1,0,0,0,0,3882,0,0,0,0,0,0,0,0,0,5,0,0,0
2406.11,0,0,0,0,0,0,1.54375,0.0066303,1.54497,40,0,29,23,28,0,-2,0,0,1,55,3829,3829,0,131,35,711,35499,35365,108,2,68,98,0,0,0,0,0,1,0,0,0,0,3887,0,0,0,0,0,0,0,0,0,5,0,0,0
2406.12,0,0,0,0,0,0,1.54362,0.00662778,1.54523,40,0,29,23,28,0,-2,0,0,1,55,3829,3829,0,131,35,711,35499,35365,108,2,68,98,0,0,0,0,0,1,0,0,0,0,3882,0,0,0,0,0,0,0,0,0,2,0,0,0
2406.13,0,0,0,0,0,0,1.54349,0.00662526,1.5455,40,0,29,23,28,0,-2,0,0,1,55,3829,3829,0,131,35,711,35499,35365,108,2,68,98,0,0,0,0,0,1,0,0,0,0,3880,0,0,0,0,0,0,0,0,0,3,0,0,0
2406.14,0,0,0,0,0,0,1.54336,0.00662274,1.54577,40,0,29,23,28,0,-2,0,0,1,55,3829,3829,0,131,35,711,35499,35365,108,2,68,98,0,0,0,0,0,1,0,0,0,0,3884,0,0,0,0,0,0,0,0,0,0,0,0,0
2406.15,0,0,0,0,0,0,1.54323,0.00662022,1.54603,40,0,29,23,28,0,-2,0,0,1,55,3829,3829,0,131,35,711,35499,35365,108,2,68,98,0,0,0,0,0,1,1,5,0,0,3884,0,0,0,0,0,0,0,0,0,-2,0,0,0
2406.16,0,0,0,0,0,0,1.5431,0.00661769,1.5463,40,0,29,23,28,0,-2,0,0,1,55,3829,3829,0,131,35,711,35499,35365,108,2,68,98,0,0,0,0,0,1,1,5,0,0,3884,0,0,0,0,0,0,0,0,0,-3,0,0,0
2406.17,0,0,0,0,0,0,1.54297,0.00661517,1.54657,40,0,29,23,28,0,-2,0,0,1,55,3829,3829,0,131,35,711,35499,35365,108,2,68,98,0,0,0,0,0,1,0,0,0,0,3882,0,0,0,0,0,0,0,0,0,-3,0,0,0
2406.18,0,0,0,0,0,0,1.54284,0.00661265,1.54684,40,0,29,23,28,0,-2,0,0,1,55,3829,3829,0,131,35,711,35499,35365,108,2,68,98,0,0,0,0,0,1,0,2,0,0,3880,0,0,0,0,0,0,0,0,0,2,0,0,0
2406.19,0,0,0,0,0,0,1.54271,0.00661013,1.5471,40,0,29,23,28,0,-2,0,0,1,55,3829,3829,0,131,35,711,35499,35365,108,2,68,98,0,0,0,0,0,1,0,0,0,0,3891,0,0,0,0,0,0,0,0,0,9,0,0,0
2406.2,0,0,0,0,0,0,1.54258,0.00660761,1.54737,40,0,29,23,28,0,-2,0,0,1,55,3829,3829,0,131,35,711,35501,35365,108,2,82,98,0,0,0,0,0,1,0,0,3,0,3878,0,0,0,0,0,0,0,0,0,-6,0,0,0
2406.21,0,0,0,0,0,0,1.54272,0.00662049,1.54703,40,0,29,23,28,0,-2,0,0,1,55,3829,3829,0,131,35,711,35501,35365,108,2,82,98,0,0,0,0,0,1,0,0,0,0,3878,0,0,0,0,0,0,0,0,0,-2,0,0,0
2406.22,0,0,0,0,0,0,1.54285,0.00663338,1.54669,40,0,29,23,28,0,-2,0,0,1,55,3829,3829,0,131,35,711,35501,35365,108,2,82,98,0,0,0,0,0,1,0,0,0,0,3878,0,0,0,0,0,0,0,0,0,0,0,0,0
2406.23,0,0,0,0,0,0,1.54298,0.00664627,1.54636,40,0,29,23,28,0,-2,0,0,1,55,3829,3829,0,131,35,711,35501,35365,108,2,82,98,0,0,0,0,0,1,0,0,0,0,3882,0,0,0,0,0,0,0,0,0,0,0,0,0
2406.24,0,0,0,0,0,0,1.54312,0.00665916,1.54602,40,0,29,23,28,0,-2,0,0,1,55,3829,3829,0,131,35,711,35501,35365,108,2,82,98,0,0,0,0,0,1,0,0,0,0,3882,0,0,0,0,0,0,0,0,0,4,0,0,0
2406.25,0,0,0,0,0,0,1.54325,0.00667205,1.54568,40,0,29,23,28,0,-2,0,0,1,55,3829,3829,0,131,35,711,35501,35365,108,2,82,98,0,0,0,0,0,1,0,0,0,0,3887,0,0,0,0,0,0,0,0,0,1,0,0,0
2406.26,0,0,0,0,0,0,1.54338,0.00668494,1.54535,40,0,29,23,28,0,-2,0,0,1,55,3829,3829,0,131,35,711,35501,35365,108,2,82,98,0,0,0,0,0,1,0,0,0,0,3878,0,0,0,0,0,0,0,0,0,-3,0,0,0
2406.27,0,0,0,0,0,0,1.54352,0.00669783,1.54501,40,0,29,23,28,0,-2,0,0,1,55,3829,3829,0,131,35,711,35501,35365,108,2,82,98,0,0,0,0,0,1,0,0,0,0,3889,0,0,0,0,0,0,0,0,0,-6,0,0,0
2406.28,0,0,0,0,0,0,1.54365,0.00671072,1.54467,40,0,29,23,28,0,-2,0,0,1,55,3829,3829,0,131,35,711,35501,35365,108,2,82,98,0,0,0,0,0,1,0,0,0,0,3889,0,0,0,0,0,0,0,0,0,-9,0,0,0
2406.29,0,0,0,0,0,0,1.54379,0.00672361,1.54434,40,0,29,23,28,0,-2,0,0,1,55,3829,3829,0,131,35,711,35501,35365,108,2,82,98,0,0,0,0,0,1,0,0,0,0,3884,0,0,0,0,0,0,0,0,0,-9,0,0,0
2406.3,0,0,0,0,0,0,1.54392,0.00673649,1.544,40,0,29,23,28,0,-2,0,0,1,55,3829,3829,0,131,35,711,35500,35365,107,2,82,98,0,0,0,0,0,1,5,5,0,0,3882,0,0,0,0,0,0,0,0,0,-4,0,0,0
2406.31,0,0,0,0,0,0,1.54409,0.00675768,1.54453,40,0,29,23,28,0,-2,0,0,1,55,3829,3829,0,131,35,711,35500,35365,107,2,82,98,0,0,0,0,0,1,1,0,0,0,3887,0,0,0,0,0,0,0,0,0,-4,0,0,0
2406.32,0,0,0,0,0,0,1.54426,0.00677886,1.54505,40,0,29,23,28,0,-2,0,0,1,55,3829,3829,0,131,35,711,35500,35365,107,2,82,98,0,0,0,0,0,1,3,2,0,0,3880,0,0,0,0,0,0,0,0,0,-1,0,0,0
2406.33,0,0,0,0,0,0,1.54443,0.00680004,1.54558,40,0,29,23,28,0,-2,0,0,1,55,3829,3829,0,131,35,711,35500,35365,107,2,82,98,0,0,0,0,0,1,0,2,0,0,3889,0,0,0,0,0,0,0,0,0,0,0,0,0
2406.34,0,0,0,0,0,0,1.5446,0.00682122,1.5461,40,0,29,23,28,0,-2,0,0,1,55,3829,3829,0,131,35,711,35500,35365,107,2,82,98,0,0,0,0,0,1,0,2,0,0,3889,0,0,0,0,0,0,0,0,0,-7,0,0,0
2406.35,0,0,0,0,0,0,1.54477,0.00684241,1.54663,40,0,29,23,28,0,-2,0,0,1,55,3829,3829,0,131,35,711,35500,35365,107,2,82,98,0,0,0,0,0,1,0,0,0,0,3887,0,0,0,0,0,0,0,0,0,-7,0,0,0
2406.36,0,0,0,0,0,0,1.54494,0.00686359,1.54716,40,0,29,23,28,0,-2,0,0,1,55,3829,3829,0,131,35,711,35500,35365,107,2,82,98,0,0,0,0,0,1,0,0,0,0,3884,0,0,0,0,0,0,0,0,0,0,0,0,0
2406.37,0,0,0,0,0,0,1.54511,0.00688477,1.54768,40,0,29,23,28,0,-2,0,0,1,55,3829,3829,0,131,35,711,35500,35365,107,2,82,98,0,0,0,0,0,1,0,0,0,0,3880,0,0,0,0,0,0,0,0,0,-9,0,0,0
2406.38,0,0,0,0,0,0,1.54528,0.00690595,1.54821,40,0,29,23,28,0,-2,0,0,1,55,3829,3829,0,131,35,711,35500,35365,107,2,82,98,0,0,0,0,0,1,1,0,7,0,3889,0,0,0,0,0,0,0,0,0,-4,0,0,0
2406.39,0,0,0,0,0,0,1.54545,0.00692713,1.54873,40,0,29,23,28,0,-2,0,0,1,55,3829,3829,0,131,35,711,35500,35365,107,2,82,98,0,0,0,0,0,1,0,0,0,0,3876,0,0,0,0,0,0,0,0,0,0,0,0,0
2406.4,0,0,0,0,0,0,1.54562,0.00694832,1.54926,40,0,29,23,28,0,-2,0,0,1,55,3829,3829,0,131,35,711,35499,35365,108,2,65,98,0,0,0,0,0,1,0,0,0,0,3876,0,0,0,0,0,0,0,0,0,2,0,0,0
2406.41,0,0,0,0,0,0,1.54526,0.00694624,1.54906,40,0,29,23,28,0,-2,0,0,1,55,3829,3829,0,131,35,711,35499,35365,108,2,65,98,0,0,0,0,0,1,5,6,0,0,3882,0,0,0,0,0,0,0,0,0,2,0,0,0
2406.42,0,0,0,0,0,0,1.5449,0.00694417,1.54887,40,0,29,23,28,0,-2,0,0,1,55,3829,3829,0,131,35,711,35499,35365,108,2,65,98,0,0,0,0,0,1,0,2,0,0,3882,0,0,0,0,0,0,0,0,0,3,0,0,0
2406.43,0,0,0,0,0,0,1.54454,0.0069421,1.54867,40,0,29,23,28,0,-2,0,0,1,55,3829,3829,0,131,35,711,35499,35365,108,2,65,98,0,0,0,0,0,1,0,0,0,0,3880,0,0,0,0,0,0,0,0,0,0,0,0,0
2406.44,0,0,0,0,0,0,1.54418,0.00694002,1.54848,40,0,29,23,28,0,-2,0,0,1,55,3829,3829,0,131,35,711,35499,35365,108,2,65,98,0,0,0,0,0,1,0,5,0,0,3880,0,0,0,0,0,0,0,0,0,-2,0,0,0
2406.45,0,0,0,0,0,0,1.54382,0.00693795,1.54828,40,0,29,23,28,0,-2,0,0,1,55,3829,3829,0,131,35,711,35499,35365,108,2,65,98,0,0,0,0,0,1,0,0,0,0,3887,0,0,0,0,0,0,0,0,0,-9,0,0,0
2406.46,0,0,0,0,0,0,1.54345,0.00693587,1.54808,40,0,29,23,28,0,-2,0,0,1,55,3829,3829,0,131,35,711,35499,35365,108,2,65,98,0,0,0,0,0,1,0,0,0,0,3887,0,0,0,0,0,0,0,0,0,-3,0,0,0
2406.47,0,0,0,0,0,0,1.54309,0.0069338,1.54789,40,0,29,23,28,0,-2,0,0,1,55,3829,3829,0,131,35,711,35499,35365,108,2,65,98,0,0,0,0,0,1,0,0,0,0,3887,0,0,0,0,0,0,0,0,0,-3,0,0,0
2406.48,0,0,0,0,0,0,1.54273,0.00693173,1.54769,40,0,29,23,28,0,-2,0,0,1,55,3829,3829,0,131,35,711,35499,35365,108,2,65,98,0,0,0,0,0,1,0,0,0,0,3880,0,0,0,0,0,0,0,0,0,8,0,0,0
2406.49,0,0,0,0,0,0,1.54237,0.00692965,1.5475,40,0,29,23,28,0,-2,0,0,1,55,3829,3829,0,131,35,711,35499,35365,108,2,65,98,0,0,0,0,0,1,0,0,0,0,3884,0,0,0,0,0,0,0,0,0,4,0,0,0
2406.5,0,0,0,0,0,0,1.54201,0.00692758,1.5473,40,0,29,23,28,0,-2,0,0,1,55,3829,3829,0,131,35,711,35501,35364,108,2,82,98,0,0,0,0,0,1,5,0,0,0,3887,0,0,0,0,0,0,0,0,0,-3,0,0,0
2406.51,0,0,0,0,0,0,1.54214,0.00690194,1.54717,40,0,29,23,28,0,-2,0,0,1,55,3829,3829,0,131,35,711,35501,35364,108,2,82,98,0,0,0,0,0,1,5,5,0,0,3882,0,0,0,0,0,0,0,0,0,3,0,0,0
2406.52,0,0,0,0,0,0,1.54227,0.00687629,1.54705,40,0,29,23,28,0,-2,0,0,1,55,3829,3829,0,131,35,711,35501,35364,108,2,82,98,0,0,0,0,0,1,5,5,0,0,3882,0,0,0,0,0,0,0,0,0,-4,0,0,0
2406.53,0,0,0,0,0,0,1.5424,0.00685065,1.54692,40,0,29,23,28,0,-2,0,0,1,55,3829,3829,0,131,35,711,35501,35364,108,2,82,98,0,0,0,0,0,1,0,0,0,0,3882,0,0,0,0,0,0,0,0,0,-4,0,0,0
2406.54,0,0,0,0,0,0,1.54253,0.00682501,1.5468,40,0,29,23,28,0,-2,0,0,1,55,3829,3829,0,131,35,711,35501,35364,108,2,82,98,0,0,0,0,0,1,1,0,5,0,3880,0,0,0,0,0,0,0,0,0,-10,0,0,0
2406.55,0,0,0,0,0,0,1.54267,0.00679936,1.54667,40,0,29,23,28,0,-2,0,0,1,55,3829,3829,0,131,35,711,35501,35364,108,2,82,98,0,0,0,0,0,1,11,5,0,0,3882,0,0,0,0,0,0,0,0,0,0,0,0,0
2406.56,0,0,0,0,0,0,1.5428,0.00677372,1.54655,40,0,29,23,28,0,-2,0,0,1,55,3829,3829,0,131,35,711,35501,35364,108,2,82,98,0,0,0,0,0,1,1,0,0,0,3880,0,0,0,0,0,0,0,0,0,4,0,0,0
2406.57,0,0,0,0,0,0,1.54293,0.00674808,1.54642,40,0,29,23,28,0,-2,0,0,1,55,3829,3829,0,131,35,711,35501,35364,108,2,82,98,0,0,0,0,0,1,0,0,0,0,3880,0,0,0,0,0,0,0,0,0,-3,0,0,0
2406.58,0,0,0,0,0,0,1.54306,0.00672243,1.5463,40,0,29,23,28,0,-2,0,0,1,55,3829,3829,0,131,35,711,35501,35364,108,2,82,98,0,0,0,0,0,1,0,0,0,0,3880,0,0,0,0,0,0,0,0,0,-1,0,0,0
2406.59,0,0,0,0,0,0,1.54319,0.00669679,1.54617,40,0,29,23,28,0,-2,0,0,1,55,3829,3829,0,131,35,711,35501,35364,108,2,82,98,0,0,0,0,0,1,0,0,0,0,3880,0,0,0,0,0,0,0,0,0,-1,0,0,0
2406.6,0,0,0,0,0,0,1.54333,0.00667115,1.54605,40,0,29,23,28,0,-2,0,0,1,55,3829,3829,0,131,35,711,35501,35365,108,2,82,98,0,0,0,0,0,1,0,0,0,0,3889,0,0,0,0,0,0,0,0,0,1,0,0,0
2406.61,0,0,0,0,0,0,1.54303,0.00669337,1.54624,40,0,29,23,28,0,-2,0,0,1,55,3829,3829,0,131,35,711,35501,35365,108,2,82,98,0,0,0,0,0,1,5,0,0,0,3887,0,0,0,0,0,0,0,0,0,-3,0,0,0
2406.62,0,0,0,0,0,0,1.54273,0.00671559,1.54644,40,0,29,23,28,0,-2,0,0,1,55,3829,3829,0,131,35,711,35501,35365,108,2,82,98,0,0,0,0,0,1,9,5,7,0,3882,0,0,0,0,0,0,0,0,0,-7,0,0,0
2406.63,0,0,0,0,0,0,1.54244,0.00673781,1.54663,40,0,29,23,28,0,-2,0,0,1,55,3829,3829,0,131,35,711,35501,35365,108,2,82,98,0,0,0,0,0,1,0,0,0,0,3876,0,0,0,0,0,0,0,0,0,4,0,0,0
2406.64,0,0,0,0,0,0,1.54214,0.00676003,1.54682,40,0,29,23,28,0,-2,0,0,1,55,3829,3829,0,131,35,711,35501,35365,108,2,82,98,0,0,0,0,0,1,0,0,0,0,3876,0,0,0,0,0,0,0,0,0,-2,0,0,0
2406.65,0,0,0,0,0,0,1.54185,0.00678225,1.54701,40,0,29,23,28,0,-2,0,0,1,55,3829,3829,0,131,35,711,35501,35365,108,2,82,98,0,0,0,0,0,1,3,0,1,0,3880,0,0,0,0,0,0,0,0,0,-2,0,0,0
2406.66,0,0,0,0,0,0,1.54155,0.00680447,1.54721,40,0,29,23,28,0,-2,0,0,1,55,3829,3829,0,131,35,711,35501,35365,108,2,82,98,0,0,0,0,0,1,7,8,0,0,3893,0,0,0,0,0,0,0,0,0,-6,0,0,0
2406.67,0,0,0,0,0,0,1.54126,0.00682669,1.5474,40,0,29,23,28,0,-2,0,0,1,55,3829,3829,0,131,35,711,35501,35365,108,2,82,98,0,0,0,0,0,1,0,0,0,0,3884,0,0,0,0,0,0,0,0,0,5,0,0,0
2406.68,0,0,0,0,0,0,1.54096,0.00684891,1.54759,40,0,29,23,28,0,-2,0,0,1,55,3829,3829,0,131,35,711,35501,35365,108,2,82,98,0,0,0,0,0,1,7,5,0,0,3882,0,0,0,0,0,0,0,0,0,-2,0,0,0
2406.69,0,0,0,0,0,0,1.54066,0.00687113,1.54779,40,0,29,23,28,0,-2,0,0,1,55,3829,3829,0,131,35,711,35501,35365,108,2,82,98,0,0,0,0,0,1,5,5,3,0,3878,0,0,0,0,0,0,0,0,0,3,0,0,0
2406.7,0,0,0,0,0,0,1.54037,0.00689335,1.54798,40,0,29,23,29,0,-2,0,0,1,55,3829,3829,0,131,35,711,35501,35365,108,2,82,98,0,0,0,0,0,1,5,5,3,0,3878,0,0,0,0,0,0,0,0,0,-1,0,0,0
2406.71,0,0,0,0,0,0,1.54056,0.00687062,1.54798,40,0,29,23,29,0,-2,0,0,1,55,3829,3829,0,131,35,711,35501,35365,108,2,82,98,0,0,0,0,0,1,0,0,0,0,3880,0,0,0,0,0,0,0,0,0,-1,0,0,0
2406.72,0,0,0,0,0,0,1.54076,0.00684789,1.54797,40,0,29,23,29,0,-2,0,0,1,55,3829,3829,0,131,35,711,35501,35365,108,2,82,98,0,0,0,0,0,1,3,8,7,0,3882,0,0,0,0,0,0,0,0,0,-3,0,0,0
2406.73,0,0,0,0,0,0,1.54096,0.00682516,1.54796,40,0,29,23,29,0,-2,0,0,1,55,3829,3829,0,131,35,711,35501,35365,108,2,82,98,0,0,0,0,0,1,3,2,1,0,3882,0,0,0,0,0,0,0,0,0,2,0,0,0
2406.74,0,0,0,0,0,0,1.54115,0.00680243,1.54796,40,0,29,23,29,0,-2,0,0,1,55,3829,3829,0,131,35,711,35501,35365,108,2,82,98,0,0,0,0,0,1,0,0,0,0,3887,0,0,0,0,0,0,0,0,0,-1,0,0,0
2406.75,0,0,0,0,0,0,1.54135,0.0067797,1.54795,40,0,29,23,29,0,-2,0,0,1,55,3829,3829,0,131,35,711,35501,35365,108,2,82,98,0,0,0,0,0,1,1,0,9,0,3880,0,0,0,0,0,0,0,0,0,-1,0,0,0
2406.76,0,0,0,0,0,0,1.54154,0.00675697,1.54795,40,0,29,23,29,0,-2,0,0,1,55,3829,3829,0,131,35,711,35501,35365,108,2,82,98,0,0,0,0,0,1,1,0,9,0,3880,0,0,0,0,0,0,0,0,0,4,0,0,0
2406.77,0,0,0,0,0,0,1.54174,0.00673425,1.54794,40,0,29,23,29,0,-2,0,0,1,55,3829,3829,0,131,35,711,35501,35365,108,2,82,98,0,0,0,0,0,1,1,0,0,0,3887,0,0,0,0,0,0,0,0,0,4,0,0,0
2406.78,0,0,0,0,0,0,1.54194,0.00671152,1.54794,40,0,29,23,29,0,-2,0,0,1,55,3829,3829,0,131,35,711,35501,35365,108,2,82,98,0,0,0,0,0,1,3,6,3,0,3882,0,0,0,0,0,0,0,0,0,0,0,0,0
2406.79,0,0,0,0,0,0,1.54213,0.00668879,1.54793,40,0,29,23,29,0,-2,0,0,1,55,3829,3829,0,131,35,711,35501,35365,108,2,82,98,0,0,0,0,0,1,0,0,0,0,3882,0,0,0,0,0,0,0,0,0,-4,0,0,0
2406.8,0,0,0,0,0,0,1.54233,0.00666606,1.54792,40,0,29,23,28,0,-2,0,0,1,55,3829,3829,0,131,35,711,35501,35365,108,2,82,98,0,0,0,0,0,1,0,0,0,0,3880,0,0,0,0,0,0,0,0,0,7,0,0,0
2406.81,0,0,0,0,0,0,1.5424,0.00666278,1.54768,40,0,29,23,28,0,-2,0,0,1,55,3829,3829,0,131,35,711,35501,35365,108,2,82,98,0,0,0,0,0,1,3,0,7,0,3880,0,0,0,0,0,0,0,0,0,-8,0,0,0
2406.82,0,0,0,0,0,0,1.54247,0.0066595,1.54744,40,0,29,23,28,0,-2,0,0,1,55,3829,3829,0,131,35,711,35501,35365,108,2,82,98,0,0,0,0,0,1,3,0,7,0,3880,0,0,0,0,0,0,0,0,0,1,0,0,0
2406.83,0,0,0,0,0,0,1.54254,0.00665622,1.5472,40,0,29,23,28,0,-2,0,0,1,55,3829,3829,0,131,35,711,35501,35365,108,2,82,98,0,0,0,0,0,1,0,0,0,0,3880,0,0,0,0,0,0,0,0,0,1,0,0,0
2406.84,0,0,0,0,0,0,1.54261,0.00665294,1.54696,40,0,29,23,28,0,-2,0,0,1,55,3829,3829,0,131,35,711,35501,35365,108,2,82,98,0,0,0,0,0,1,1,0,0,0,3887,0,0,0,0,0,0,0,0,0,1,0,0,0
2406.85,0,0,0,0,0,0,1.54268,0.00664965,1.54672,40,0,29,23,28,0,-2,0,0,1,55,3829,3829,0,131,35,711,35501,35365,108,2,82,98,0,0,0,0,0,1,0,0,0,0,3878,0,0,0,0,0,0,0,0,0,2,0,0,0
2406.86,0,0,0,0,0,0,1.54275,0.00664637,1.54648,40,0,29,23,28,0,-2,0,0,1,55,3829,3829,0,131,35,711,35501,35365,108,2,82,98,0,0,0,0,0,1,0,0,0,0,3887,0,0,0,0,0,0,0,0,0,0,0,0,0
2406.87,0,0,0,0,0,0,1.54282,0.00664309,1.54624,40,0,29,23,28,0,-2,0,0,1,55,3829,3829,0,131,35,711,35501,35365,108,2,82,98,0,0,0,0,0,1,0,0,0,0,3882,0,0,0,0,0,0,0,0,0,-3,0,0,0
2406.88,0,0,0,0,0,0,1.54289,0.00663981,1.54599,40,0,29,23,28,0,-2,0,0,1,55,3829,3829,0,131,35,711,35501,35365,108,2,82,98,0,0,0,0,0,1,0,0,0,0,3882,0,0,0,0,0,0,0,0,0,5,0,0,0
2406.89,0,0,0,0,0,0,1.54296,0.00663653,1.54575,40,0,29,23,28,0,-2,0,0,1,55,3829,3829,0,131,35,711,35501,35365,108,2,82,98,0,0,0,0,0,1,9,6,5,0,3884,0,0,0,0,0,0,0,0,0,5,0,0,0
2406.9,0,0,0,0,0,0,1.54303,0.00663325,1.54551,40,0,29,23,28,0,-2,0,0,1,55,3829,3829,0,131,35,711,35501,35365,108,2,82,98,0,0,0,0,0,1,7,0,0,0,3887,0,0,0,0,0,0,0,0,0,4,0,0,0
2406.91,0,0,0,0,0,0,1.54284,0.00665901,1.54572,40,0,29,23,28,0,-2,0,0,1,55,3829,3829,0,131,35,711,35501,35365,108,2,82,98,0,0,0,0,0,1,11,6,0,0,3884,0,0,0,0,0,0,0,0,0,6,0,0,0
2406.92,0,0,0,0,0,0,1.54265,0.00668477,1.54592,40,0,29,23,28,0,-2,0,0,1,55,3829,3829,0,131,35,711,35501,35365,108,2,82,98,0,0,0,0,0,1,3,5,1,0,3882,0,0,0,0,0,0,0,0,0,4,0,0,0
2406.93,0,0,0,0,0,0,1.54245,0.00671053,1.54613,40,0,29,23,28,0,-2,0,0,1,55,3829,3829,0,131,35,711,35501,35365,108,2,82,98,0,0,0,0,0,1,5,5,0,0,3889,0,0,0,0,0,0,0,0,0,0,0,0,0
2406.94,0,0,0,0,0,0,1.54226,0.0067363,1.54633,40,0,29,23,28,0,-2,0,0,1,55,3829,3829,0,131,35,711,35501,35365,108,2,82,98,0,0,0,0,0,1,5,5,0,0,3889,0,0,0,0,0,0,0,0,0,5,0,0,0
2406.95,0,0,0,0,0,0,1.54207,0.00676206,1.54654,40,0,29,23,28,0,-2,0,0,1,55,3829,3829,0,131,35,711,35501,35365,108,2,82,98,0,0,0,0,0,1,0,0,0,0,3882,0,0,0,0,0,0,0,0,0,5,0,0,0
2406.96,0,0,0,0,0,0,1.54188,0.00678782,1.54674,40,0,29,23,28,0,-2,0,0,1,55,3829,3829,0,131,35,711,35501,35365,108,2,82,98,0,0,0,0,0,1,5,10,9,0,3880,0,0,0,0,0,0,0,0,0,-3,0,0,0
2406.97,0,0,0,0,0,0,1.54168,0.00681358,1.54695,40,0,29,23,28,0,-2,0,0,1,55,3829,3829,0,131,35,711,35501,35365,108,2,82,98,0,0,0,0,0,1,1,2,1,0,3882,0,0,0,0,0,0,0,0,0,3,0,0,0
2406.98,0,0,0,0,0,0,1.54149,0.00683934,1.54715,40,0,29,23,28,0,-2,0,0,1,55,3829,3829,0,131,35,711,35501,35365,108,2,82,98,0,0,0,0,0,1,3,2,0,0,3884,0,0,0,0,0,0,0,0,0,3,0,0,0
2406.99,0,0,0,0,0,0,1.5413,0.0068651,1.54736,40,0,29,23,28,0,-2,0,0,1,55,3829,3829,0,131,35,711,35501,35365,108,2,82,98,0,0,0,0,0,1,1,0,0,0,3884,0,0,0,0,0,0,0,0,0,3,0,0,0
2407,0,0,0,0,0,0,1.54111,0.00689086,1.54756,40,0,29,23,28,0,-2,0,0,1,55,3829,3829,0,131,35,711,35500,35365,108,2,82,98,0,0,0,0,0,1,1,0,0,0,3884,0,0,0,0,0,0,0,0,0,0,0,0,0
2407.01,0,0,0,0,0,0,1.54123,0.00686918,1.54757,40,0,29,23,28,0,-2,0,0,1,55,3829,3829,0,131,35,711,35500,35365,108,2,82,98,0,0,0,0,0,1,0,0,0,0,3882,0,0,0,0,0,0,0,0,0,0,0,0,0
2407.02,0,0,0,0,0,0,1.54135,0.0068475,1.54758,40,0,29,23,28,0,-2,0,0,1,55,3829,3829,0,131,35,711,35500,35365,108,2,82,98,0,0,0,0,0,1,3,5,0,0,3887,0,0,0,0,0,0,0,0,0,2,0,0,0
2407.03,0,0,0,0,0,0,1.54148,0.00682582,1.54759,40,0,29,23,28,0,-2,0,0,1,55,3829,3829,0,131,35,711,35500,35365,108,2,82,98,0,0,0,0,0,1,0,0,0,0,3882,0,0,0,0,0,0,0,0,0,1,0,0,0
2407.04,0,0,0,0,0,0,1.5416,0.00680414,1.5476,40,0,29,23,28,0,-2,0,0,1,55,3829,3829,0,131,35,711,35500,35365,108,2,82,98,0,0,0,0,0,1,1,0,0,0,3882,0,0,0,0,0,0,0,0,0,-2,0,0,0
2407.05,0,0,0,0,0,0,1.54172,0.00678246,1.5476,40,0,29,23,28,0,-2,0,0,1,55,3829,3829,0,131,35,711,35500,35365,108,2,82,98,0,0,0,0,0,1,13,12,9,0,3884,0,0,0,0,0,0,0,0,0,6,0,0,0
2407.06,0,0,0,0,0,0,1.54185,0.00676078,1.54761,40,0,29,23,28,0,-2,0,0,1,55,3829,3829,0,131,35,711,35500,35365,108,2,82,98,0,0,0,0,0,1,13,12,9,0,3884,0,0,0,0,0,0,0,0,0,0,0,0,0
2407.07,0,0,0,0,0,0,1.54197,0.0067391,1.54762,40,0,29,23,28,0,-2,0,0,1,55,3829,3829,0,131,35,711,35500,35365,108,2,82,98,0,0,0,0,0,1,7,0,0,0,3887,0,0,0,0,0,0,0,0,0,0,0,0,0
2407.08,0,0,0,0,0,0,1.54209,0.00671742,1.54763,40,0,29,23,28,0,-2,0,0,1,55,3829,3829,0,131,35,711,35500,35365,108,2,82,98,0,0,0,0,0,1,9,6,0,0,3887,0,0,0,0,0,0,0,0,0,10,0,0,0
2407.09,0,0,0,0,0,0,1.54221,0.00669573,1.54764,40,0,29,23,28,0,-2,0,0,1,55,3829,3829,0,131,35,711,35500,35365,108,2,82,98,0,0,0,0,0,1,5,2,0,0,3880,0,0,0,0,0,0,0,0,0,3,0,0,0
2407.1,0,0,0,0,0,0,1.54234,0.00667405,1.54765,40,0,29,23,28,0,-2,0,0,1,55,3829,3829,0,131,35,711,35499,35365,108,2,65,98,0,0,0,0,0,1,5,0,17,0,3882,0,0,0,0,0,0,0,0,0,0,0,0,0
2407.11,0,0,0,0,0,0,1.54211,0.00667336,1.5474,40,0,29,23,28,0,-2,0,0,1,55,3829,3829,0,131,35,711,35499,35365,108,2,65,98,0,0,0,0,0,1,0,0,0,0,3884,0,0,0,0,0,0,0,0,0,12,0,0,0
2407.12,0,0,0,0,0,0,1.54188,0.00667267,1.54715,40,0,29,23,28,0,-2,0,0,1,55,3829,3829,0,131,35,711,35499,35365,108,2,65,98,0,0,0,0,0,1,0,0,0,0,3884,0,0,0,0,0,0,0,0,0,7,0,0,0
2407.13,0,0,0,0,0,0,1.54165,0.00667198,1.54691,40,0,29,23,28,0,-2,0,0,1,55,3829,3829,0,131,35,711,35499,35365,108,2,65,98,0,0,0,0,0,1,0,0,0,0,3878,0,0,0,0,0,0,0,0,0,7,0,0,0
2407.14,0,0,0,0,0,0,1.54142,0.00667128,1.54666,40,0,29,23,28,0,-2,0,0,1,55,3829,3829,0,131,35,711,35499,35365,108,2,65,98,0,0,0,0,0,1,1,2,0,0,3889,0,0,0,0,0,0,0,0,0,-1,0,0,0
2407.15,0,0,0,0,0,0,1.54119,0.00667059,1.54641,40,0,29,23,28,0,-2,0,0,1,55,3829,3829,0,131,35,711,35499,35365,108,2,65,98,0,0,0,0,0,1,13,8,7,0,3880,0,0,0,0,0,0,0,0,0,-10,0,0,0
2407.16,0,0,0,0,0,0,1.54096,0.0066699,1.54617,40,0,29,23,28,0,-2,0,0,1,55,3829,3829,0,131,35,711,35499,35365,108,2,65,98,0,0,0,0,0,1,5,0,0,0,3891,0,0,0,0,0,0,0,0,0,-3,0,0,0
2407.17,0,0,0,0,0,0,1.54073,0.00666921,1.54592,40,0,29,23,28,0,-2,0,0,1,55,3829,3829,0,131,35,711,35499,35365,108,2,65,98,0,0,0,0,0,1,0,0,0,0,3884,0,0,0,0,0,0,0,0,0,4,0,0,0
2407.18,0,0,0,0,0,0,1.5405,0.00666852,1.54567,40,0,29,23,28,0,-2,0,0,1,55,3829,3829,0,131,35,711,35499,35365,108,2,65,98,0,0,0,0,0,1,0,0,0,0,3884,0,0,0,0,0,0,0,0,0,-6,0,0,0
2407.19,0,0,0,0,0,0,1.54027,0.00666782,1.54542,40,0,29,23,28,0,-2,0,0,1,55,3829,3829,0,131,35,711,35499,35365,108,2,65,98,0,0,0,0,0,1,3,0,1,0,3882,0,0,0,0,0,0,0,0,0,-6,0,0,0
2407.2,0,0,0,0,0,0,1.54004,0.00666713,1.54518,40,0,29,23,28,0,-2,0,0,1,56,3829,3829,0,131,35,711,35501,35365,108,2,82,98,0,0,0,0,0,1,7,6,1,0,3884,0,0,0,0,0,0,0,0,0,-5,0,0,0
2407.21,0,0,0,0,0,0,1.54039,0.00668767,1.54512,40,0,29,23,28,0,-2,0,0,1,56,3829,3829,0,131,35,711,35501,35365,108,2,82,98,0,0,0,0,0,1,0,0,0,0,3882,0,0,0,0,0,0,0,0,0,-3,0,0,0
2407.22,0,0,0,0,0,0,1.54074,0.00670822,1.54506,40,0,29,23,28,0,-2,0,0,1,56,3829,3829,0,131,35,711,35501,35365,108,2,82,98,0,0,0,0,0,1,0,0,0,0,3889,0,0,0,0,0,0,0,0,0,1,0,0,0
2407.23,0,0,0,0,0,0,1.5411,0.00672876,1.54501,40,0,29,23,28,0,-2,0,0,1,56,3829,3829,0,131,35,711,35501,35365,108,2,82,98,0,0,0,0,0,1,0,0,0,0,3878,0,0,0,0,0,0,0,0,0,-1,0,0,0
2407.24,0,0,0,0,0,0,1.54145,0.0067493,1.54495,40,0,29,23,28,0,-2,0,0,1,56,3829,3829,0,131,35,711,35501,35365,108,2,82,98,0,0,0,0,0,1,0,0,0,0,3878,0,0,0,0,0,0,0,0,0,10,0,0,0
2407.25,0,0,0,0,0,0,1.54181,0.00676985,1.54489,40,0,29,23,28,0,-2,0,0,1,56,3829,3829,0,131,35,711,35501,35365,108,2,82,98,0,0,0,0,0,1,0,0,0,0,3887,0,0,0,0,0,0,0,0,0,10,0,0,0
2407.26,0,0,0,0,0,0,1.54216,0.00679039,1.54483,40,0,29,23,28,0,-2,0,0,1,56,3829,3829,0,131,35,711,35501,35365,108,2,82,98,0,0,0,0,0,1,0,0,0,0,3882,0,0,0,0,0,0,0,0,0,2,0,0,0
2407.27,0,0,0,0,0,0,1.54252,0.00681094,1.54478,40,0,29,23,28,0,-2,0,0,1,56,3829,3829,0,131,35,711,35501,35365,108,2,82,98,0,0,0,0,0,1,0,0,0,0,3882,0,0,0,0,0,0,0,0,0,-7,0,0,0
2407.28,0,0,0,0,0,0,1.54287,0.00683148,1.54472,40,0,29,23,28,0,-2,0,0,1,56,3829,3829,0,131,35,711,35501,35365,108,2,82,98,0,0,0,0,0,1,0,0,0,0,3882,0,0,0,0,0,0,0,0,0,-8,0,0,0
2407.29,0,0,0,0,0,0,1.54322,0.00685202,1.54466,40,0,29,23,28,0,-2,0,0,1,56,3829,3829,0,131,35,711,35501,35365,108,2,82,98,0,0,0,0,0,1,0,0,0,0,3882,0,0,0,0,0,0,0,0,0,4,0,0,0
2407.3,0,0,0,0,0,0,1.54358,0.00687257,1.5446,40,0,29,23,28,0,-2,0,0,1,55,3829,3829,0,131,35,711,35500,35365,108,2,82,98,0,0,0,0,0,1,0,0,0,0,3882,0,0,0,0,0,0,0,0,0,3,0,0,0
2407.31,0,0,0,0,0,0,1.5434,0.00686793,1.54468,40,0,29,23,28,0,-2,0,0,1,55,3829,3829,0,131,35,711,35500,35365,108,2,82,98,0,0,0,0,0,1,1,0,1,0,3884,0,0,0,0,0,0,0,0,0,3,0,0,0
2407.32,0,0,0,0,0,0,1.54322,0.00686329,1.54476,40,0,29,23,28,0,-2,0,0,1,55,3829,3829,0,131,35,711,35500,35365,108,2,82,98,0,0,0,0,0,1,5,0,21,0,3884,0,0,0,0,0,0,0,0,0,-2,0,0,0
2407.33,0,0,0,0,0,0,1.54304,0.00685865,1.54484,40,0,29,23,28,0,-2,0,0,1,55,3829,3829,0,131,35,711,35500,35365,108,2,82,98,0,0,0,0,0,1,0,0,0,0,3882,0,0,0,0,0,0,0,0,0,0,0,0,0
2407.34,0,0,0,0,0,0,1.54286,0.00685401,1.54492,40,0,29,23,28,0,-2,0,0,1,55,3829,3829,0,131,35,711,35500,35365,108,2,82,98,0,0,0,0,0,1,1,2,0,0,3880,0,0,0,0,0,0,0,0,0,-6,0,0,0
2407.35,0,0,0,0,0,0,1.54268,0.00684937,1.54499,40,0,29,23,28,0,-2,0,0,1,55,3829,3829,0,131,35,711,35500,35365,108,2,82,98,0,0,0,0,0,1,0,0,0,0,3880,0,0,0,0,0,0,0,0,0,-5,0,0,0
2407.36,0,0,0,0,0,0,1.5425,0.00684473,1.54507,40,0,29,23,28,0,-2,0,0,1,55,3829,3829,0,131,35,711,35500,35365,108,2,82,98,0,0,0,0,0,1,0,0,0,0,3880,0,0,0,0,0,0,0,0,0,3,0,0,0
2407.37,0,0,0,0,0,0,1.54232,0.0068401,1.54515,40,0,29,23,28,0,-2,0,0,1,55,3829,3829,0,131,35,711,35500,35365,108,2,82,98,0,0,0,0,0,1,5,6,3,0,3882,0,0,0,0,0,0,0,0,0,3,0,0,0
2407.38,0,0,0,0,0,0,1.54214,0.00683546,1.54523,40,0,29,23,28,0,-2,0,0,1,55,3829,3829,0,131,35,711,35500,35365,108,2,82,98,0,0,0,0,0,1,0,0,0,0,3876,0,0,0,0,0,0,0,0,0,-1,0,0,0
2407.39,0,0,0,0,0,0,1.54196,0.00683082,1.54531,40,0,29,23,28,0,-2,0,0,1,55,3829,3829,0,131,35,711,35500,35365,108,2,82,98,0,0,0,0,0,1,3,0,0,0,3878,0,0,0,0,0,0,0,0,0,3,0,0,0
2407.4,0,0,0,0,0,0,1.54178,0.00682618,1.54538,40,0,29,23,27,0,-2,0,0,1,55,3829,3829,0,131,35,711,35500,35365,108,2,82,98,0,0,0,0,0,1,0,6,0,0,3891,0,0,0,0,0,0,0,0,0,0,0,0,0
2407.41,0,0,0,0,0,0,1.54174,0.0068562,1.54545,40,0,29,23,27,0,-2,0,0,1,55,3829,3829,0,131,35,711,35500,35365,108,2,82,98,0,0,0,0,0,1,0,0,0,0,3878,0,0,0,0,0,0,0,0,0,0,0,0,0
2407.42,0,0,0,0,0,0,1.54171,0.00688622,1.54552,40,0,29,23,27,0,-2,0,0,1,55,3829,3829,0,131,35,711,35500,35365,108,2,82,98,0,0,0,0,0,1,0,0,0,0,3878,0,0,0,0,0,0,0,0,0,0,0,0,0
2407.43,0,0,0,0,0,0,1.54168,0.00691624,1.54559,40,0,29,23,27,0,-2,0,0,1,55,3829,3829,0,131,35,711,35500,35365,108,2,82,98,0,0,0,0,0,1,1,0,0,0,3882,0,0,0,0,0,0,0,0,0,0,0,0,0
2407.44,0,0,0,0,0,0,1.54164,0.00694625,1.54566,40,0,29,23,27,0,-2,0,0,1,55,3829,3829,0,131,35,711,35500,35365,108,2,82,98,0,0,0,0,0,1,0,0,0,0,3878,0,0,0,0,0,0,0,0,0,-3,0,0,0
2407.45,0,0,0,0,0,0,1.54161,0.00697627,1.54573,40,0,29,23,27,0,-2,0,0,1,55,3829,3829,0,131,35,711,35500,35365,108,2,82,98,0,0,0,0,0,1,0,0,0,0,3882,0,0,0,0,0,0,0,0,0,-4,0,0,0
2407.46,0,0,0,0,0,0,1.54158,0.00700629,1.54579,40,0,29,23,27,0,-2,0,0,1,55,3829,3829,0,131,35,711,35500,35365,108,2,82,98,0,0,0,0,0,1,0,0,0,0,3893,0,0,0,0,0,0,0,0,0,-3,0,0,0
2407.47,0,0,0,0,0,0,1.54154,0.00703631,1.54586,40,0,29,23,27,0,-2,0,0,1,55,3829,3829,0,131,35,711,35500,35365,108,2,82,98,0,0,0,0,0,1,0,0,0,0,3880,0,0,0,0,0,0,0,0,0,4,0,0,0
2407.48,0,0,0,0,0,0,1.54151,0.00706633,1.54593,40,0,29,23,27,0,-2,0,0,1,55,3829,3829,0,131,35,711,35500,35365,108,2,82,98,0,0,0,0,0,1,0,0,0,0,3880,0,0,0,0,0,0,0,0,0,4,0,0,0
2407.49,0,0,0,0,0,0,1.54148,0.00709635,1.546,40,0,29,23,27,0,-2,0,0,1,55,3829,3829,0,131,35,711,35500,35365,108,2,82,98,0,0,0,0,0,1,0,0,0,0,3889,0,0,0,0,0,0,0,0,0,4,0,0,0
2407.5,0,0,0,0,0,0,1.54144,0.00712636,1.54607,40,0,29,23,28,0,-2,0,0,1,55,3829,3829,0,131,35,711,35500,35364,108,2,82,98,0,0,0,0,0,1,0,0,0,0,3887,0,0,0,0,0,0,0,0,0,0,0,0,0
2407.51,0,0,0,0,0,0,1.54185,0.00711987,1.54629,40,0,29,23,28,0,-2,0,0,1,55,3829,3829,0,131,35,711,35500,35364,108,2,82,98,0,0,0,0,0,1,0,0,3,0,3880,0,0,0,0,0,0,0,0,0,0,0,0,0
2407.52,0,0,0,0,0,0,1.54225,0.00711337,1.54652,40,0,29,23,28,0,-2,0,0,1,55,3829,3829,0,131,35,711,35500,35364,108,2,82,98,0,0,0,0,0,1,0,0,0,0,3887,0,0,0,0,0,0,0,0,0,4,0,0,0
2407.53,0,0,0,0,0,0,1.54266,0.00710688,1.54675,40,0,29,23,28,0,-2,0,0,1,55,3829,3829,0,131,35,711,35500,35364,108,2,82,98,0,0,0,0,0,1,0,0,0,0,3876,0,0,0,0,0,0,0,0,0,-7,0,0,0
2407.54,0,0,0,0,0,0,1.54306,0.00710038,1.54698,40,0,29,23,28,0,-2,0,0,1,55,3829,3829,0,131,35,711,35500,35364,108,2,82,98,0,0,0,0,0,1,0,0,0,0,3876,0,0,0,0,0,0,0,0,0,5,0,0,0
2407.55,0,0,0,0,0,0,1.54347,0.00709389,1.5472,40,0,29,23,28,0,-2,0,0,1,55,3829,3829,0,131,35,711,35500,35364,108,2,82,98,0,0,0,0,0,1,5,0,1,0,3884,0,0,0,0,0,0,0,0,0,5,0,0,0
2407.56,0,0,0,0,0,0,1.54387,0.00708739,1.54743,40,0,29,23,28,0,-2,0,0,1,55,3829,3829,0,131,35,711,35500,35364,108,2,82,98,0,0,0,0,0,1,0,0,0,0,3880,0,0,0,0,0,0,0,0,0,-4,0,0,0
2407.57,0,0,0,0,0,0,1.54428,0.00708089,1.54766,40,0,29,23,28,0,-2,0,0,1,55,3829,3829,0,131,35,711,35500,35364,108,2,82,98,0,0,0,0,0,1,0,0,0,0,3884,0,0,0,0,0,0,0,0,0,-5,0,0,0
2407.58,0,0,0,0,0,0,1.54468,0.0070744,1.54789,40,0,29,23,28,0,-2,0,0,1,55,3829,3829,0,131,35,711,35500,35364,108,2,82,98,0,0,0,0,0,1,0,2,0,0,3889,0,0,0,0,0,0,0,0,0,0,0,0,0
2407.59,0,0,0,0,0,0,1.54509,0.0070679,1.54811,40,0,29,23,28,0,-2,0,0,1,55,3829,3829,0,131,35,711,35500,35364,108,2,82,98,0,0,0,0,0,1,0,0,0,0,3880,0,0,0,0,0,0,0,0,0,-1,0,0,0
2407.6,0,0,0,0,0,0,1.5455,0.00706141,1.54834,40,0,29,23,29,0,-2,0,0,1,55,3829,3829,0,131,35,711,35499,35365,108,2,65,98,0,0,0,0,0,1,0,0,0,0,3880,0,0,0,0,0,0,0,0,0,-1,0,0,0
2407.61,0,0,0,0,0,0,1.54503,0.00704265,1.54821,40,0,29,23,29,0,-2,0,0,1,55,3829,3829,0,131,35,711,35499,35365,108,2,65,98,0,0,0,0,0,1,0,0,9,0,3882,0,0,0,0,0,0,0,0,0,-1,0,0,0
2407.62,0,0,0,0,0,0,1.54457,0.0070239,1.54808,40,0,29,23,29,0,-2,0,0,1,55,3829,3829,0,131,35,711,35499,35365,108,2,65,98,0,0,0,0,0,1,0,0,0,0,3880,0,0,0,0,0,0,0,0,0,-7,0,0,0
2407.63,0,0,0,0,0,0,1.54411,0.00700514,1.54795,40,0,29,23,29,0,-2,0,0,1,55,3829,3829,0,131,35,711,35499,35365,108,2,65,98,0,0,0,0,0,1,1,0,0,0,3878,0,0,0,0,0,0,0,0,0,0,0,0,0
2407.64,0,0,0,0,0,0,1.54365,0.00698638,1.54782,40,0,29,23,29,0,-2,0,0,1,55,3829,3829,0,131,35,711,35499,35365,108,2,65,98,0,0,0,0,0,1,0,0,0,0,3882,0,0,0,0,0,0,0,0,0,2,0,0,0
2407.65,0,0,0,0,0,0,1.54319,0.00696763,1.54769,40,0,29,23,29,0,-2,0,0,1,55,3829,3829,0,131,35,711,35499,35365,108,2,65,98,0,0,0,0,0,1,1,0,1,0,3884,0,0,0,0,0,0,0,0,0,-1,0,0,0
2407.66,0,0,0,0,0,0,1.54273,0.00694887,1.54756,40,0,29,23,29,0,-2,0,0,1,55,3829,3829,0,131,35,711,35499,35365,108,2,65,98,0,0,0,0,0,1,1,0,1,0,3884,0,0,0,0,0,0,0,0,0,-4,0,0,0
2407.67,0,0,0,0,0,0,1.54227,0.00693012,1.54743,40,0,29,23,29,0,-2,0,0,1,55,3829,3829,0,131,35,711,35499,35365,108,2,65,98,0,0,0,0,0,1,5,5,3,0,3889,0,0,0,0,0,0,0,0,0,-4,0,0,0
2407.68,0,0,0,0,0,0,1.54181,0.00691136,1.5473,40,0,29,23,29,0,-2,0,0,1,55,3829,3829,0,131,35,711,35499,35365,108,2,65,98,0,0,0,0,0,1,9,2,1,0,3884,0,0,0,0,0,0,0,0,0,-6,0,0,0
2407.69,0,0,0,0,0,0,1.54135,0.0068926,1.54717,40,0,29,23,29,0,-2,0,0,1,55,3829,3829,0,131,35,711,35499,35365,108,2,65,98,0,0,0,0,0,1,1,6,0,0,3882,0,0,0,0,0,0,0,0,0,-2,0,0,0
2407.7,0,0,0,0,0,0,1.54088,0.00687385,1.54705,40,0,29,23,28,0,-2,0,0,1,55,3829,3829,0,131,35,711,35501,35364,108,2,68,98,0,0,0,0,0,1,0,0,0,0,3884,0,0,0,0,0,0,0,0,0,0,0,0,0
2407.71,0,0,0,0,0,0,1.54093,0.0068627,1.54728,40,0,29,23,28,0,-2,0,0,1,55,3829,3829,0,131,35,711,35501,35364,108,2,68,98,0,0,0,0,0,1,1,0,0,0,3880,0,0,0,0,0,0,0,0,0,-3,0,0,0
2407.72,0,0,0,0,0,0,1.54098,0.00685156,1.54752,40,0,29,23,28,0,-2,0,0,1,55,3829,3829,0,131,35,711,35501,35364,108,2,68,98,0,0,0,0,0,1,1,0,0,0,3880,0,0,0,0,0,0,0,0,0,-2,0,0,0
2407.73,0,0,0,0,0,0,1.54103,0.00684041,1.54776,40,0,29,23,28,0,-2,0,0,1,55,3829,3829,0,131,35,711,35501,35364,108,2,68,98,0,0,0,0,0,1,0,0,0,0,3884,0,0,0,0,0,0,0,0,0,-2,0,0,0
2407.74,0,0,0,0,0,0,1.54108,0.00682926,1.548,40,0,29,23,28,0,-2,0,0,1,55,3829,3829,0,131,35,711,35501,35364,108,2,68,98,0,0,0,0,0,1,1,6,0,0,3878,0,0,0,0,0,0,0,0,0,-2,0,0,0
2407.75,0,0,0,0,0,0,1.54113,0.00681812,1.54824,40,0,29,23,28,0,-2,0,0,1,55,3829,3829,0,131,35,711,35501,35364,108,2,68,98,0,0,0,0,0,1,0,0,0,0,3880,0,0,0,0,0,0,0,0,0,-6,0,0,0
2407.76,0,0,0,0,0,0,1.54118,0.00680697,1.54848,40,0,29,23,28,0,-2,0,0,1,55,3829,3829,0,131,35,711,35501,35364,108,2,68,98,0,0,0,0,0,1,3,2,3,0,3884,0,0,0,0,0,0,0,0,0,-3,0,0,0
2407.77,0,0,0,0,0,0,1.54123,0.00679582,1.54872,40,0,29,23,28,0,-2,0,0,1,55,3829,3829,0,131,35,711,35501,35364,108,2,68,98,0,0,0,0,0,1,5,6,7,0,3882,0,0,0,0,0,0,0,0,0,13,0,0,0
2407.78,0,0,0,0,0,0,1.54128,0.00678468,1.54896,40,0,29,23,28,0,-2,0,0,1,55,3829,3829,0,131,35,711,35501,35364,108,2,68,98,0,0,0,0,0,1,5,6,7,0,3882,0,0,0,0,0,0,0,0,0,3,0,0,0
2407.79,0,0,0,0,0,0,1.54133,0.00677353,1.5492,40,0,29,23,28,0,-2,0,0,1,55,3829,3829,0,131,35,711,35501,35364,108,2,68,98,0,0,0,0,0,1,1,0,0,0,3887,0,0,0,0,0,0,0,0,0,3,0,0,0
2407.8,0,0,0,0,0,0,1.54138,0.00676238,1.54944,40,0,29,23,28,0,-2,0,0,1,55,3829,3829,0,131,35,711,35501,35365,108,2,82,98,0,0,0,0,0,1,0,5,0,0,3882,0,0,0,0,0,0,0,0,0,13,0,0,0
2407.81,0,0,0,0,0,0,1.54136,0.00675391,1.549,40,0,29,23,28,0,-2,0,0,1,55,3829,3829,0,131,35,711,35501,35365,108,2,82,98,0,0,0,0,0,1,0,0,0,0,3880,0,0,0,0,0,0,0,0,0,2,0,0,0
2407.82,0,0,0,0,0,0,1.54134,0.00674543,1.54856,40,0,29,23,28,0,-2,0,0,1,55,3829,3829,0,131,35,711,35501,35365,108,2,82,98,0,0,0,0,0,1,1,6,0,0,3882,0,0,0,0,0,0,0,0,0,3,0,0,0
2407.83,0,0,0,0,0,0,1.54132,0.00673695,1.54813,40,0,29,23,28,0,-2,0,0,1,55,3829,3829,0,131,35,711,35501,35365,108,2,82,98,0,0,0,0,0,1,7,0,0,0,3880,0,0,0,0,0,0,0,0,0,4,0,0,0
2407.84,0,0,0,0,0,0,1.5413,0.00672848,1.54769,40,0,29,23,28,0,-2,0,0,1,55,3829,3829,0,131,35,711,35501,35365,108,2,82,98,0,0,0,0,0,1,7,0,0,0,3880,0,0,0,0,0,0,0,0,0,-1,0,0,0
2407.85,0,0,0,0,0,0,1.54128,0.00672,1.54725,40,0,29,23,28,0,-2,0,0,1,55,3829,3829,0,131,35,711,35501,35365,108,2,82,98,0,0,0,0,0,1,5,5,3,0,3880,0,0,0,0,0,0,0,0,0,-1,0,0,0
2407.86,0,0,0,0,0,0,1.54126,0.00671152,1.54681,40,0,29,23,28,0,-2,0,0,1,55,3829,3829,0,131,35,711,35501,35365,108,2,82,98,0,0,0,0,0,1,0,2,0,0,3882,0,0,0,0,0,0,0,0,0,3,0,0,0
2407.87,0,0,0,0,0,0,1.54124,0.00670305,1.54638,40,0,29,23,28,0,-2,0,0,1,55,3829,3829,0,131,35,711,35501,35365,108,2,82,98,0,0,0,0,0,1,1,5,1,0,3891,0,0,0,0,0,0,0,0,0,8,0,0,0
2407.88,0,0,0,0,0,0,1.54121,0.00669457,1.54594,40,0,29,23,28,0,-2,0,0,1,55,3829,3829,0,131,35,711,35501,35365,108,2,82,98,0,0,0,0,0,1,0,0,0,0,3880,0,0,0,0,0,0,0,0,0,-9,0,0,0
2407.89,0,0,0,0,0,0,1.54119,0.00668609,1.5455,40,0,29,23,28,0,-2,0,0,1,55,3829,3829,0,131,35,711,35501,35365,108,2,82,98,0,0,0,0,0,1,5,2,0,0,3887,0,0,0,0,0,0,0,0,0,1,0,0,0
2407.9,0,0,0,0,0,0,1.54117,0.00667761,1.54507,40,0,29,23,28,0,-2,0,0,1,55,3829,3829,0,131,35,711,35500,35364,108,2,82,98,0,0,0,0,0,1,5,2,0,0,3887,0,0,0,0,0,0,0,0,0,6,0,0,0
2407.91,0,0,0,0,0,0,1.54141,0.00668085,1.545,40,0,29,23,28,0,-2,0,0,1,55,3829,3829,0,131,35,711,35500,35364,108,2,82,98,0,0,0,0,0,1,1,5,1,0,3884,0,0,0,0,0,0,0,0,0,6,0,0,0
2407.92,0,0,0,0,0,0,1.54165,0.00668408,1.54493,40,0,29,23,28,0,-2,0,0,1,55,3829,3829,0,131,35,711,35500,35364,108,2,82,98,0,0,0,0,0,1,1,0,0,0,3884,0,0,0,0,0,0,0,0,0,9,0,0,0
2407.93,0,0,0,0,0,0,1.54189,0.00668731,1.54486,40,0,29,23,28,0,-2,0,0,1,55,3829,3829,0,131,35,711,35500,35364,108,2,82,98,0,0,0,0,0,1,7,6,1,0,3874,0,0,0,0,0,0,0,0,0,-3,0,0,0
2407.94,0,0,0,0,0,0,1.54213,0.00669055,1.54479,40,0,29,23,28,0,-2,0,0,1,55,3829,3829,0,131,35,711,35500,35364,108,2,82,98,0,0,0,0,0,1,0,0,0,0,3878,0,0,0,0,0,0,0,0,0,-2,0,0,0
2407.95,0,0,0,0,0,0,1.54237,0.00669378,1.54473,40,0,29,23,28,0,-2,0,0,1,55,3829,3829,0,131,35,711,35500,35364,108,2,82,98,0,0,0,0,0,1,1,0,0,0,3882,0,0,0,0,0,0,0,0,0,5,0,0,0
2407.96,0,0,0,0,0,0,1.54261,0.00669702,1.54466,40,0,29,23,28,0,-2,0,0,1,55,3829,3829,0,131,35,711,35500,35364,108,2,82,98,0,0,0,0,0,1,1,0,0,0,3882,0,0,0,0,0,0,0,0,0,3,0,0,0
2407.97,0,0,0,0,0,0,1.54284,0.00670025,1.54459,40,0,29,23,28,0,-2,0,0,1,55,3829,3829,0,131,35,711,35500,35364,108,2,82,98,0,0,0,0,0,1,0,2,0,0,3889,0,0,0,0,0,0,0,0,0,3,0,0,0
2407.98,0,0,0,0,0,0,1.54308,0.00670348,1.54452,40,0,29,23,28,0,-2,0,0,1,55,3829,3829,0,131,35,711,35500,35364,108,2,82,98,0,0,0,0,0,1,9,6,7,0,3880,0,0,0,0,0,0,0,0,0,0,0,0,0
2407.99,0,0,0,0,0,0,1.54332,0.00670672,1.54445,40,0,29,23,28,0,-2,0,0,1,55,3829,3829,0,131,35,711,35500,35364,108,2,82,98,0,0,0,0,0,1,0,0,0,0,3882,0,0,0,0,0,0,0,0,0,-5,0,0,0
2408,0,0,0,0,0,0,1.54356,0.00670995,1.54438,40,0,29,23,28,0,-2,0,0,1,55,3829,3829,0,131,35,711,35501,35365,108,2,82,98,0,0,0,0,0,1,0,2,0,0,3880,0,0,0,0,0,0,0,0,0,-1,0,0,0
2408.01,0,0,0,0,0,0,1.54338,0.00670813,1.54449,40,0,29,23,28,0,-2,0,0,1,55,3829,3829,0,131,35,711,35501,35365,108,2,82,98,0,0,0,0,0,1,1,0,0,0,3887,0,0,0,0,0,0,0,0,0,0,0,0,0
2408.02,0,0,0,0,0,0,1.5432,0.00670632,1.5446,40,0,29,23,28,0,-2,0,0,1,55,3829,3829,0,131,35,711,35501,35365,108,2,82,98,0,0,0,0,0,1,1,0,0,0,3887,0,0,0,0,0,0,0,0,0,6,0,0,0
2408.03,0,0,0,0,0,0,1.54302,0.0067045,1.5447,40,0,29,23,28,0,-2,0,0,1,55,3829,3829,0,131,35,711,35501,35365,108,2,82,98,0,0,0,0,0,1,15,10,7,0,3887,0,0,0,0,0,0,0,0,0,6,0,0,0
2408.04,0,0,0,0,0,0,1.54284,0.00670269,1.54481,40,0,29,23,28,0,-2,0,0,1,55,3829,3829,0,131,35,711,35501,35365,108,2,82,98,0,0,0,0,0,1,11,8,5,0,3880,0,0,0,0,0,0,0,0,0,1,0,0,0
2408.05,0,0,0,0,0,0,1.54265,0.00670087,1.54492,40,0,29,23,28,0,-2,0,0,1,55,3829,3829,0,131,35,711,35501,35365,108,2,82,98,0,0,0,0,0,1,3,6,0,0,3878,0,0,0,0,0,0,0,0,0,9,0,0,0
2408.06,0,0,0,0,0,0,1.54247,0.00669906,1.54503,40,0,29,23,28,0,-2,0,0,1,55,3829,3829,0,131,35,711,35501,35365,108,2,82,98,0,0,0,0,0,1,9,8,5,0,3882,0,0,0,0,0,0,0,0,0,-4,0,0,0
2408.07,0,0,0,0,0,0,1.54229,0.00669724,1.54513,40,0,29,23,28,0,-2,0,0,1,55,3829,3829,0,131,35,711,35501,35365,108,2,82,98,0,0,0,0,0,1,7,2,1,0,3882,0,0,0,0,0,0,0,0,0,9,0,0,0
2408.08,0,0,0,0,0,0,1.54211,0.00669543,1.54524,40,0,29,23,28,0,-2,0,0,1,55,3829,3829,0,131,35,711,35501,35365,108,2,82,98,0,0,0,0,0,1,7,2,1,0,3882,0,0,0,0,0,0,0,0,0,-3,0,0,0
2408.09,0,0,0,0,0,0,1.54193,0.00669361,1.54535,40,0,29,23,28,0,-2,0,0,1,55,3829,3829,0,131,35,711,35501,35365,108,2,82,98,0,0,0,0,0,1,11,12,1,0,3880,0,0,0,0,0,0,0,0,0,-3,0,0,0
2408.1,0,0,0,0,0,0,1.54175,0.0066918,1.54545,40,0,29,23,28,0,-2,0,0,1,55,3829,3829,0,131,35,711,35500,35365,107,2,82,98,0,0,0,0,0,1,3,2,1,0,3884,0,0,0,0,0,0,0,0,0,7,0,0,0
2408.11,0,0,0,0,0,0,1.54196,0.00669487,1.54571,40,0,29,23,28,0,-2,0,0,1,55,3829,3829,0,131,35,711,35500,35365,107,2,82,98,0,0,0,0,0,1,5,0,3,0,3876,0,0,0,0,0,0,0,0,0,10,0,0,0
2408.12,0,0,0,0,0,0,1.54218,0.00669795,1.54597,40,0,29,23,28,0,-2,0,0,1,55,3829,3829,0,131,35,711,35500,35365,107,2,82,98,0,0,0,0,0,1,5,0,0,0,3878,0,0,0,0,0,0,0,0,0,0,0,0,0
2408.13,0,0,0,0,0,0,1.54239,0.00670102,1.54623,40,0,29,23,28,0,-2,0,0,1,55,3829,3829,0,131,35,711,35500,35365,107,2,82,98,0,0,0,0,0,1,0,0,0,0,3880,0,0,0,0,0,0,0,0,0,-1,0,0,0
2408.14,0,0,0,0,0,0,1.5426,0.0067041,1.54648,40,0,29,23,28,0,-2,0,0,1,55,3829,3829,0,131,35,711,35500,35365,107,2,82,98,0,0,0,0,0,1,0,0,0,0,3880,0,0,0,0,0,0,0,0,0,6,0,0,0
2408.15,0,0,0,0,0,0,1.54282,0.00670717,1.54674,40,0,29,23,28,0,-2,0,0,1,55,3829,3829,0,131,35,711,35500,35365,107,2,82,98,0,0,0,0,0,1,0,0,0,0,3882,0,0,0,0,0,0,0,0,0,6,0,0,0
2408.16,0,0,0,0,0,0,1.54303,0.00671025,1.547,40,0,29,23,28,0,-2,0,0,1,55,3829,3829,0,131,35,711,35500,35365,107,2,82,98,0,0,0,0,0,1,0,0,0,0,3884,0,0,0,0,0,0,0,0,0,2,0,0,0
2408.17,0,0,0,0,0,0,1.54325,0.00671332,1.54726,40,0,29,23,28,0,-2,0,0,1,55,3829,3829,0,131,35,711,35500,35365,107,2,82,98,0,0,0,0,0,1,0,0,0,0,3882,0,0,0,0,0,0,0,0,0,1,0,0,0
2408.18,0,0,0,0,0,0,1.54346,0.0067164,1.54752,40,0,29,23,28,0,-2,0,0,1,55,3829,3829,0,131,35,711,35500,35365,107,2,82,98,0,0,0,0,0,1,0,0,0,0,3876,0,0,0,0,0,0,0,0,0,6,0,0,0
2408.19,0,0,0,0,0,0,1.54367,0.00671947,1.54777,40,0,29,23,28,0,-2,0,0,1,55,3829,3829,0,131,35,711,35500,35365,107,2,82,98,0,0,0,0,0,1,0,0,0,0,3887,0,0,0,0,0,0,0,0,0,1,0,0,0
2408.2,0,0,0,0,0,0,1.54389,0.00672255,1.54803,40,0,29,23,28,0,-2,0,0,1,55,3829,3829,0,131,35,711,35501,35365,108,2,82,98,0,0,0,0,0,1,0,0,0,0,3887,0,0,0,0,0,0,0,0,0,-2,0,0,0
2408.21,0,0,0,0,0,0,1.54379,0.00670736,1.54761,40,0,29,23,28,0,-2,0,0,1,55,3829,3829,0,131,35,711,35501,35365,108,2,82,98,0,0,0,0,0,1,1,5,0,0,3882,0,0,0,0,0,0,0,0,0,-2,0,0,0
2408.22,0,0,0,0,0,0,1.5437,0.00669217,1.54719,40,0,29,23,28,0,-2,0,0,1,55,3829,3829,0,131,35,711,35501,35365,108,2,82,98,0,0,0,0,0,1,0,0,0,0,3878,0,0,0,0,0,0,0,0,0,-3,0,0,0
2408.23,0,0,0,0,0,0,1.54361,0.00667698,1.54677,40,0,29,23,28,0,-2,0,0,1,55,3829,3829,0,131,35,711,35501,35365,108,2,82,98,0,0,0,0,0,1,1,0,0,0,3880,0,0,0,0,0,0,0,0,0,2,0,0,0
2408.24,0,0,0,0,0,0,1.54351,0.0066618,1.54635,40,0,29,23,28,0,-2,0,0,1,55,3829,3829,0,131,35,711,35501,35365,108,2,82,98,0,0,0,0,0,1,0,0,0,0,3887,0,0,0,0,0,0,0,0,0,0,0,0,0
2408.25,0,0,0,0,0,0,1.54342,0.00664661,1.54593,40,0,29,23,28,0,-2,0,0,1,55,3829,3829,0,131,35,711,35501,35365,108,2,82,98,0,0,0,0,0,1,9,6,3,0,3878,0,0,0,0,0,0,0,0,0,4,0,0,0
2408.26,0,0,0,0,0,0,1.54333,0.00663142,1.54551,40,0,29,23,28,0,-2,0,0,1,55,3829,3829,0,131,35,711,35501,35365,108,2,82,98,0,0,0,0,0,1,9,6,3,0,3878,0,0,0,0,0,0,0,0,0,0,0,0,0
2408.27,0,0,0,0,0,0,1.54324,0.00661623,1.54509,40,0,29,23,28,0,-2,0,0,1,55,3829,3829,0,131,35,711,35501,35365,108,2,82,98,0,0,0,0,0,1,0,0,0,0,3880,0,0,0,0,0,0,0,0,0,0,0,0,0
2408.28,0,0,0,0,0,0,1.54314,0.00660104,1.54467,40,0,29,23,28,0,-2,0,0,1,55,3829,3829,0,131,35,711,35501,35365,108,2,82,98,0,0,0,0,0,1,0,0,0,0,3884,0,0,0,0,0,0,0,0,0,9,0,0,0
2408.29,0,0,0,0,0,0,1.54305,0.00658586,1.54426,40,0,29,23,28,0,-2,0,0,1,55,3829,3829,0,131,35,711,35501,35365,108,2,82,98,0,0,0,0,0,1,1,0,0,0,3891,0,0,0,0,0,0,0,0,0,0,0,0,0
2408.3,0,0,0,0,0,0,1.54296,0.00657067,1.54384,40,0,29,23,28,0,-2,0,0,1,55,3829,3829,0,131,35,711,35499,35365,108,2,68,98,0,0,0,0,0,1,0,0,0,0,3882,0,0,0,0,0,0,0,0,0,-3,0,0,0
2408.31,0,0,0,0,0,0,1.54297,0.00659103,1.54389,40,0,29,23,28,0,-2,0,0,1,55,3829,3829,0,131,35,711,35499,35365,108,2,68,98,0,0,0,0,0,1,3,0,0,0,3880,0,0,0,0,0,0,0,0,0,0,0,0,0
2408.32,0,0,0,0,0,0,1.54299,0.0066114,1.54395,40,0,29,23,28,0,-2,0,0,1,55,3829,3829,0,131,35,711,35499,35365,108,2,68,98,0,0,0,0,0,1,3,0,0,0,3880,0,0,0,0,0,0,0,0,0,-2,0,0,0
2408.33,0,0,0,0,0,0,1.54301,0.00663176,1.54401,40,0,29,23,28,0,-2,0,0,1,55,3829,3829,0,131,35,711,35499,35365,108,2,68,98,0,0,0,0,0,1,7,0,7,0,3889,0,0,0,0,0,0,0,0,0,-2,0,0,0
2408.34,0,0,0,0,0,0,1.54302,0.00665213,1.54406,40,0,29,23,28,0,-2,0,0,1,55,3829,3829,0,131,35,711,35499,35365,108,2,68,98,0,0,0,0,0,1,1,0,1,0,3882,0,0,0,0,0,0,0,0,0,0,0,0,0
2408.35,0,0,0,0,0,0,1.54304,0.00667249,1.54412,40,0,29,23,28,0,-2,0,0,1,55,3829,3829,0,131,35,711,35499,35365,108,2,68,98,0,0,0,0,0,1,7,10,5,0,3882,0,0,0,0,0,0,0,0,0,1,0,0,0
2408.36,0,0,0,0,0,0,1.54305,0.00669285,1.54418,40,0,29,23,28,0,-2,0,0,1,55,3829,3829,0,131,35,711,35499,35365,108,2,68,98,0,0,0,0,0,1,0,0,0,0,3884,0,0,0,0,0,0,0,0,0,0,0,0,0
2408.37,0,0,0,0,0,0,1.54307,0.00671322,1.54423,40,0,29,23,28,0,-2,0,0,1,55,3829,3829,0,131,35,711,35499,35365,108,2,68,98,0,0,0,0,0,1,0,0,0,0,3889,0,0,0,0,0,0,0,0,0,-6,0,0,0
2408.38,0,0,0,0,0,0,1.54309,0.00673358,1.54429,40,0,29,23,28,0,-2,0,0,1,55,3829,3829,0,131,35,711,35499,35365,108,2,68,98,0,0,0,0,0,1,0,0,0,0,3889,0,0,0,0,0,0,0,0,0,1,0,0,0
2408.39,0,0,0,0,0,0,1.5431,0.00675395,1.54435,40,0,29,23,28,0,-2,0,0,1,55,3829,3829,0,131,35,711,35499,35365,108,2,68,98,0,0,0,0,0,1,0,0,0,0,3876,0,0,0,0,0,0,0,0,0,1,0,0,0
2408.4,0,0,0,0,0,0,1.54312,0.00677431,1.5444,40,0,29,23,28,0,-2,0,0,1,55,3829,3829,0,131,35,711,35501,35366,108,2,82,98,0,0,0,0,0,1,0,0,0,0,3882,0,0,0,0,0,0,0,0,0,-2,0,0,0
2408.41,0,0,0,0,0,0,1.5433,0.0067682,1.54447,40,0,29,23,28,0,-2,0,0,1,55,3829,3829,0,131,35,711,35501,35366,108,2,82,98,0,0,0,0,0,1,5,5,0,0,3889,0,0,0,0,0,0,0,0,0,0,0,0,0
2408.42,0,0,0,0,0,0,1.54348,0.0067621,1.54453,40,0,29,23,28,0,-2,0,0,1,55,3829,3829,0,131,35,711,35501,35366,108,2,82,98,0,0,0,0,0,1,0,2,0,0,3882,0,0,0,0,0,0,0,0,0,0,0,0,0
2408.43,0,0,0,0,0,0,1.54365,0.00675599,1.54459,40,0,29,23,28,0,-2,0,0,1,55,3829,3829,0,131,35,711,35501,35366,108,2,82,98,0,0,0,0,0,1,1,0,0,0,3887,0,0,0,0,0,0,0,0,0,-3,0,0,0
2408.44,0,0,0,0,0,0,1.54383,0.00674988,1.54465,40,0,29,23,28,0,-2,0,0,1,55,3829,3829,0,131,35,711,35501,35366,108,2,82,98,0,0,0,0,0,1,1,0,0,0,3887,0,0,0,0,0,0,0,0,0,-1,0,0,0
2408.45,0,0,0,0,0,0,1.54401,0.00674377,1.54472,40,0,29,23,28,0,-2,0,0,1,55,3829,3829,0,131,35,711,35501,35366,108,2,82,98,0,0,0,0,0,1,0,0,0,0,3884,0,0,0,0,0,0,0,0,0,-1,0,0,0
2408.46,0,0,0,0,0,0,1.54419,0.00673767,1.54478,40,0,29,23,28,0,-2,0,0,1,55,3829,3829,0,131,35,711,35501,35366,108,2,82,98,0,0,0,0,0,1,0,0,0,0,3889,0,0,0,0,0,0,0,0,0,-8,0,0,0
2408.47,0,0,0,0,0,0,1.54437,0.00673156,1.54484,40,0,29,23,28,0,-2,0,0,1,55,3829,3829,0,131,35,711,35501,35366,108,2,82,98,0,0,0,0,0,1,3,0,1,0,3884,0,0,0,0,0,0,0,0,0,5,0,0,0
2408.48,0,0,0,0,0,0,1.54454,0.00672545,1.54491,40,0,29,23,28,0,-2,0,0,1,55,3829,3829,0,131,35,711,35501,35366,108,2,82,98,0,0,0,0,0,1,0,5,0,0,3887,0,0,0,0,0,0,0,0,0,-2,0,0,0
2408.49,0,0,0,0,0,0,1.54472,0.00671934,1.54497,40,0,29,23,28,0,-2,0,0,1,55,3829,3829,0,131,35,711,35501,35366,108,2,82,98,0,0,0,0,0,1,5,0,0,0,3884,0,0,0,0,0,0,0,0,0,-3,0,0,0
2408.5,0,0,0,0,0,0,1.5449,0.00671324,1.54503,40,0,29,23,28,0,-2,0,0,1,55,3829,3829,0,131,35,711,35500,35363,108,2,82,98,0,0,0,0,0,1,5,0,0,0,3884,0,0,0,0,0,0,0,0,0,0,0,0,0
2408.51,0,0,0,0,0,0,1.54458,0.00671581,1.54513,40,0,29,23,28,0,-2,0,0,1,55,3829,3829,0,131,35,711,35500,35363,108,2,82,98,0,0,0,0,0,1,0,0,0,0,3882,0,0,0,0,0,0,0,0,0,0,0,0,0
2408.52,0,0,0,0,0,0,1.54426,0.00671838,1.54523,40,0,29,23,28,0,-2,0,0,1,55,3829,3829,0,131,35,711,35500,35363,108,2,82,98,0,0,0,0,0,1,0,0,0,0,3880,0,0,0,0,0,0,0,0,0,4,0,0,0
2408.53,0,0,0,0,0,0,1.54395,0.00672095,1.54533,40,0,29,23,28,0,-2,0,0,1,55,3829,3829,0,131,35,711,35500,35363,108,2,82,98,0,0,0,0,0,1,0,0,0,0,3887,0,0,0,0,0,0,0,0,0,0,0,0,0
2408.54,0,0,0,0,0,0,1.54363,0.00672353,1.54543,40,0,29,23,28,0,-2,0,0,1,55,3829,3829,0,131,35,711,35500,35363,108,2,82,98,0,0,0,0,0,1,0,0,0,0,3882,0,0,0,0,0,0,0,0,0,2,0,0,0
2408.55,0,0,0,0,0,0,1.54331,0.0067261,1.54553,40,0,29,23,28,0,-2,0,0,1,55,3829,3829,0,131,35,711,35500,35363,108,2,82,98,0,0,0,0,0,1,0,0,0,0,3880,0,0,0,0,0,0,0,0,0,1,0,0,0
2408.56,0,0,0,0,0,0,1.54299,0.00672867,1.54563,40,0,29,23,28,0,-2,0,0,1,55,3829,3829,0,131,35,711,35500,35363,108,2,82,98,0,0,0,0,0,1,0,0,0,0,3880,0,0,0,0,0,0,0,0,0,-7,0,0,0
2408.57,0,0,0,0,0,0,1.54267,0.00673125,1.54573,40,0,29,23,28,0,-2,0,0,1,55,3829,3829,0,131,35,711,35500,35363,108,2,82,98,0,0,0,0,0,1,0,0,0,0,3882,0,0,0,0,0,0,0,0,0,-7,0,0,0
2408.58,0,0,0,0,0,0,1.54236,0.00673382,1.54584,40,0,29,23,28,0,-2,0,0,1,55,3829,3829,0,131,35,711,35500,35363,108,2,82,98,0,0,0,0,0,1,0,0,0,0,3882,0,0,0,0,0,0,0,0,0,-4,0,0,0
2408.59,0,0,0,0,0,0,1.54204,0.00673639,1.54594,40,0,29,23,28,0,-2,0,0,1,55,3829,3829,0,131,35,711,35500,35363,108,2,82,98,0,0,0,0,0,1,0,0,0,0,3882,0,0,0,0,0,0,0,0,0,-3,0,0,0
2408.6,0,0,0,0,0,0,1.54172,0.00673897,1.54604,40,0,29,23,28,0,-2,0,0,1,56,3829,3829,0,131,35,711,35500,35365,108,2,82,98,0,0,0,0,0,1,0,0,0,0,3887,0,0,0,0,0,0,0,0,0,0,0,0,0
2408.61,0,0,0,0,0,0,1.54202,0.00674022,1.54563,40,0,29,23,28,0,-2,0,0,1,56,3829,3829,0,131,35,711,35500,35365,108,2,82,98,0,0,0,0,0,1,1,5,0,0,3884,0,0,0,0,0,0,0,0,0,-6,0,0,0
2408.62,0,0,0,0,0,0,1.54232,0.00674148,1.54522,40,0,29,23,28,0,-2,0,0,1,56,3829,3829,0,131,35,711,35500,35365,108,2,82,98,0,0,0,0,0,1,1,5,0,0,3884,0,0,0,0,0,0,0,0,0,-3,0,0,0
2408.63,0,0,0,0,0,0,1.54262,0.00674273,1.54481,40,0,29,23,28,0,-2,0,0,1,56,3829,3829,0,131,35,711,35500,35365,108,2,82,98,0,0,0,0,0,1,5,5,1,0,3887,0,0,0,0,0,0,0,0,0,-3,0,0,0
2408.64,0,0,0,0,0,0,1.54292,0.00674398,1.5444,40,0,29,23,28,0,-2,0,0,1,56,3829,3829,0,131,35,711,35500,35365,108,2,82,98,0,0,0,0,0,1,0,0,0,0,3887,0,0,0,0,0,0,0,0,0,-1,0,0,0
2408.65,0,0,0,0,0,0,1.54321,0.00674524,1.54399,40,0,29,23,28,0,-2,0,0,1,56,3829,3829,0,131,35,711,35500,35365,108,2,82,98,0,0,0,0,0,1,1,0,3,0,3878,0,0,0,0,0,0,0,0,0,-6,0,0,0
2408.66,0,0,0,0,0,0,1.54351,0.00674649,1.54358,40,0,29,23,28,0,-2,0,0,1,56,3829,3829,0,131,35,711,35500,35365,108,2,82,98,0,0,0,0,0,1,3,6,3,0,3887,0,0,0,0,0,0,0,0,0,-3,0,0,0
2408.67,0,0,0,0,0,0,1.54381,0.00674775,1.54318,40,0,29,23,28,0,-2,0,0,1,56,3829,3829,0,131,35,711,35500,35365,108,2,82,98,0,0,0,0,0,1,0,0,0,0,3889,0,0,0,0,0,0,0,0,0,0,0,0,0
2408.68,0,0,0,0,0,0,1.54411,0.006749,1.54277,40,0,29,23,28,0,-2,0,0,1,56,3829,3829,0,131,35,711,35500,35365,108,2,82,98,0,0,0,0,0,1,0,0,0,0,3889,0,0,0,0,0,0,0,0,0,3,0,0,0
2408.69,0,0,0,0,0,0,1.54441,0.00675026,1.54236,40,0,29,23,28,0,-2,0,0,1,56,3829,3829,0,131,35,711,35500,35365,108,2,82,98,0,0,0,0,0,1,0,0,0,0,3882,0,0,0,0,0,0,0,0,0,3,0,0,0
2408.7,0,0,0,0,0,0,1.54471,0.00675151,1.54195,40,0,29,23,28,0,-2,0,0,1,55,3829,3829,0,131,35,711,35500,35365,108,2,82,98,0,0,0,0,0,1,0,0,0,0,3880,0,0,0,0,0,0,0,0,0,4,0,0,0
2408.71,0,0,0,0,0,0,1.54442,0.00677154,1.54198,40,0,29,23,28,0,-2,0,0,1,55,3829,3829,0,131,35,711,35500,35365,108,2,82,98,0,0,0,0,0,1,0,0,0,0,3882,0,0,0,0,0,0,0,0,0,1,0,0,0
2408.72,0,0,0,0,0,0,1.54413,0.00679157,1.54202,40,0,29,23,28,0,-2,0,0,1,55,3829,3829,0,131,35,711,35500,35365,108,2,82,98,0,0,0,0,0,1,11,5,1,0,3882,0,0,0,0,0,0,0,0,0,-8,0,0,0
2408.73,0,0,0,0,0,0,1.54384,0.00681159,1.54205,40,0,29,23,28,0,-2,0,0,1,55,3829,3829,0,131,35,711,35500,35365,108,2,82,98,0,0,0,0,0,1,1,8,0,0,3880,0,0,0,0,0,0,0,0,0,-2,0,0,0
2408.74,0,0,0,0,0,0,1.54355,0.00683162,1.54208,40,0,29,23,28,0,-2,0,0,1,55,3829,3829,0,131,35,711,35500,35365,108,2,82,98,0,0,0,0,0,1,1,8,0,0,3880,0,0,0,0,0,0,0,0,0,-9,0,0,0
2408.75,0,0,0,0,0,0,1.54326,0.00685164,1.54211,40,0,29,23,28,0,-2,0,0,1,55,3829,3829,0,131,35,711,35500,35365,108,2,82,98,0,0,0,0,0,1,0,0,0,0,3889,0,0,0,0,0,0,0,0,0,-9,0,0,0
2408.76,0,0,0,0,0,0,1.54297,0.00687167,1.54215,40,0,29,23,28,0,-2,0,0,1,55,3829,3829,0,131,35,711,35500,35365,108,2,82,98,0,0,0,0,0,1,0,0,0,0,3884,0,0,0,0,0,0,0,0,0,2,0,0,0
2408.77,0,0,0,0,0,0,1.54268,0.0068917,1.54218,40,0,29,23,28,0,-2,0,0,1,55,3829,3829,0,131,35,711,35500,35365,108,2,82,98,0,0,0,0,0,1,0,0,0,0,3884,0,0,0,0,0,0,0,0,0,2,0,0,0
2408.78,0,0,0,0,0,0,1.5424,0.00691172,1.54221,40,0,29,23,28,0,-2,0,0,1,55,3829,3829,0,131,35,711,35500,35365,108,2,82,98,0,0,0,0,0,1,0,0,0,0,3884,0,0,0,0,0,0,0,0,0,-2,0,0,0
2408.79,0,0,0,0,0,0,1.54211,0.00693175,1.54225,40,0,29,23,28,0,-2,0,0,1,55,3829,3829,0,131,35,711,35500,35365,108,2,82,98,0,0,0,0,0,1,0,0,0,0,3884,0,0,0,0,0,0,0,0,0,5,0,0,0
2408.8,0,0,0,0,0,0,1.54182,0.00695177,1.54228,40,0,29,23,28,0,-2,0,0,1,55,3829,3829,0,131,35,711,35499,35364,108,2,82,98,0,0,0,0,0,1,0,0,0,0,3884,0,0,0,0,0,0,0,0,0,-7,0,0,0
2408.81,0,0,0,0,0,0,1.54229,0.00694558,1.54275,40,0,29,23,28,0,-2,0,0,1,55,3829,3829,0,131,35,711,35499,35364,108,2,82,98,0,0,0,0,0,1,0,0,0,0,3882,0,0,0,0,0,0,0,0,0,-7,0,0,0
2408.82,0,0,0,0,0,0,1.54277,0.00693938,1.54322,40,0,29,23,28,0,-2,0,0,1,55,3829,3829,0,131,35,711,35499,35364,108,2,82,98,0,0,0,0,0,1,3,0,0,0,3880,0,0,0,0,0,0,0,0,0,2,0,0,0
2408.83,0,0,0,0,0,0,1.54325,0.00693319,1.54369,40,0,29,23,28,0,-2,0,0,1,55,3829,3829,0,131,35,711,35499,35364,108,2,82,98,0,0,0,0,0,1,3,2,0,0,3876,0,0,0,0,0,0,0,0,0,5,0,0,0
2408.84,0,0,0,0,0,0,1.54372,0.00692699,1.54416,40,0,29,23,28,0,-2,0,0,1,55,3829,3829,0,131,35,711,35499,35364,108,2,82,98,0,0,0,0,0,1,7,2,3,0,3882,0,0,0,0,0,0,0,0,0,-3,0,0,0
2408.85,0,0,0,0,0,0,1.5442,0.0069208,1.54463,40,0,29,23,28,0,-2,0,0,1,55,3829,3829,0,131,35,711,35499,35364,108,2,82,98,0,0,0,0,0,1,0,0,0,0,3884,0,0,0,0,0,0,0,0,0,0,0,0,0
2408.86,0,0,0,0,0,0,1.54468,0.0069146,1.5451,40,0,29,23,28,0,-2,0,0,1,55,3829,3829,0,131,35,711,35499,35364,108,2,82,98,0,0,0,0,0,1,0,0,0,0,3884,0,0,0,0,0,0,0,0,0,0,0,0,0
2408.87,0,0,0,0,0,0,1.54516,0.00690841,1.54557,40,0,29,23,28,0,-2,0,0,1,55,3829,3829,0,131,35,711,35499,35364,108,2,82,98,0,0,0,0,0,1,0,2,1,0,3882,0,0,0,0,0,0,0,0,0,0,0,0,0
2408.88,0,0,0,0,0,0,1.54563,0.00690221,1.54604,40,0,29,23,28,0,-2,0,0,1,55,3829,3829,0,131,35,711,35499,35364,108,2,82,98,0,0,0,0,0,1,1,0,1,0,3880,0,0,0,0,0,0,0,0,0,10,0,0,0
2408.89,0,0,0,0,0,0,1.54611,0.00689602,1.54651,40,0,29,23,28,0,-2,0,0,1,55,3829,3829,0,131,35,711,35499,35364,108,2,82,98,0,0,0,0,0,1,1,0,1,0,3882,0,0,0,0,0,0,0,0,0,0,0,0,0
2408.9,0,0,0,0,0,0,1.54659,0.00688982,1.54698,40,0,29,23,28,0,-2,0,0,1,55,3829,3829,0,131,35,711,35500,35363,107,2,65,98,0,0,0,0,0,1,0,0,0,0,3884,0,0,0,0,0,0,0,0,0,-2,0,0,0
2408.91,0,0,0,0,0,0,1.54641,0.00686798,1.54648,40,0,29,23,28,0,-2,0,0,1,55,3829,3829,0,131,35,711,35500,35363,107,2,65,98,0,0,0,0,0,1,15,10,13,0,3884,0,0,0,0,0,0,0,0,0,8,0,0,0
2408.92,0,0,0,0,0,0,1.54623,0.00684613,1.54597,40,0,29,23,28,0,-2,0,0,1,55,3829,3829,0,131,35,711,35500,35363,107,2,65,98,0,0,0,0,0,1,15,10,13,0,3884,0,0,0,0,0,0,0,0,0,-1,0,0,0
2408.93,0,0,0,0,0,0,1.54605,0.00682429,1.54547,40,0,29,23,28,0,-2,0,0,1,55,3829,3829,0,131,35,711,35500,35363,107,2,65,98,0,0,0,0,0,1,5,5,1,0,3889,0,0,0,0,0,0,0,0,0,-1,0,0,0
2408.94,0,0,0,0,0,0,1.54587,0.00680245,1.54497,40,0,29,23,28,0,-2,0,0,1,55,3829,3829,0,131,35,711,35500,35363,107,2,65,98,0,0,0,0,0,1,7,5,3,0,3884,0,0,0,0,0,0,0,0,0,1,0,0,0
2408.95,0,0,0,0,0,0,1.54569,0.00678061,1.54447,40,0,29,23,28,0,-2,0,0,1,55,3829,3829,0,131,35,711,35500,35363,107,2,65,98,0,0,0,0,0,1,0,0,0,0,3889,0,0,0,0,0,0,0,0,0,1,0,0,0
2408.96,0,0,0,0,0,0,1.54551,0.00675876,1.54397,40,0,29,23,28,0,-2,0,0,1,55,3829,3829,0,131,35,711,35500,35363,107,2,65,98,0,0,0,0,0,1,3,5,0,0,3884,0,0,0,0,0,0,0,0,0,7,0,0,0
2408.97,0,0,0,0,0,0,1.54533,0.00673692,1.54347,40,0,29,23,28,0,-2,0,0,1,55,3829,3829,0,131,35,711,35500,35363,107,2,65,98,0,0,0,0,0,1,7,6,1,0,3884,0,0,0,0,0,0,0,0,0,-7,0,0,0
2408.98,0,0,0,0,0,0,1.54515,0.00671508,1.54296,40,0,29,23,28,0,-2,0,0,1,55,3829,3829,0,131,35,711,35500,35363,107,2,65,98,0,0,0,0,0,1,7,6,1,0,3884,0,0,0,0,0,0,0,0,0,0,0,0,0
2408.99,0,0,0,0,0,0,1.54497,0.00669324,1.54246,40,0,29,23,28,0,-2,0,0,1,55,3829,3829,0,131,35,711,35500,35363,107,2,65,98,0,0,0,0,0,1,3,0,0,0,3882,0,0,0,0,0,0,0,0,0,0,0,0,0
2409,0,0,0,0,0,0,1.5448,0.00667139,1.54196,40,0,29,23,29,0,-2,0,0,1,55,3829,3829,0,131,35,711,35500,35365,108,2,82,98,0,0,0,0,0,1,0,0,0,0,3878,0,0,0,0,0,0,0,0,0,5,0,0,0
2409.01,0,0,0,0,0,0,1.54447,0.00668798,1.54206,40,0,29,23,29,0,-2,0,0,1,55,3829,3829,0,131,35,711,35500,35365,108,2,82,98,0,0,0,0,0,1,5,0,0,0,3889,0,0,0,0,0,0,0,0,0,6,0,0,0
2409.02,0,0,0,0,0,0,1.54414,0.00670457,1.54217,40,0,29,23,29,0,-2,0,0,1,55,3829,3829,0,131,35,711,35500,35365,108,2,82,98,0,0,0,0,0,1,5,2,0,0,3884,0,0,0,0,0,0,0,0,0,-4,0,0,0
2409.03,0,0,0,0,0,0,1.54382,0.00672116,1.54227,40,0,29,23,29,0,-2,0,0,1,55,3829,3829,0,131,35,711,35500,35365,108,2,82,98,0,0,0,0,0,1,1,10,0,0,3880,0,0,0,0,0,0,0,0,0,-3,0,0,0
2409.04,0,0,0,0,0,0,1.54349,0.00673775,1.54238,40,0,29,23,29,0,-2,0,0,1,55,3829,3829,0,131,35,711,35500,35365,108,2,82,98,0,0,0,0,0,1,1,10,0,0,3880,0,0,0,0,0,0,0,0,0,-9,0,0,0
2409.05,0,0,0,0,0,0,1.54317,0.00675434,1.54248,40,0,29,23,29,0,-2,0,0,1,55,3829,3829,0,131,35,711,35500,35365,108,2,82,98,0,0,0,0,0,1,3,2,0,0,3880,0,0,0,0,0,0,0,0,0,-9,0,0,0
2409.06,0,0,0,0,0,0,1.54284,0.00677093,1.54259,40,0,29,23,29,0,-2,0,0,1,55,3829,3829,0,131,35,711,35500,35365,108,2,82,98,0,0,0,0,0,1,21,22,9,0,3880,0,0,0,0,0,0,0,0,0,13,0,0,0
2409.07,0,0,0,0,0,0,1.54252,0.00678752,1.54269,40,0,29,23,29,0,-2,0,0,1,55,3829,3829,0,131,35,711,35500,35365,108,2,82,98,0,0,0,0,0,1,0,0,0,0,3889,0,0,0,0,0,0,0,0,0,0,0,0,0
2409.08,0,0,0,0,0,0,1.54219,0.00680412,1.5428,40,0,29,23,29,0,-2,0,0,1,55,3829,3829,0,131,35,711,35500,35365,108,2,82,98,0,0,0,0,0,1,7,0,0,0,3880,0,0,0,0,0,0,0,0,0,10,0,0,0
2409.09,0,0,0,0,0,0,1.54187,0.00682071,1.5429,40,0,29,23,29,0,-2,0,0,1,55,3829,3829,0,131,35,711,35500,35365,108,2,82,98,0,0,0,0,0,1,5,5,3,0,3887,0,0,0,0,0,0,0,0,0,5,0,0,0
2409.1,0,0,0,0,0,0,1.54154,0.0068373,1.54301,40,0,29,23,28,0,-2,0,0,1,55,3829,3829,0,131,35,711,35500,35365,108,2,82,98,0,0,0,0,0,1,5,5,3,0,3887,0,0,0,0,0,0,0,0,0,0,0,0,0
2409.11,0,0,0,0,0,0,1.54174,0.00685199,1.54337,40,0,29,23,28,0,-2,0,0,1,55,3829,3829,0,131,35,711,35500,35365,108,2,82,98,0,0,0,0,0,1,1,0,0,0,3880,0,0,0,0,0,0,0,0,0,0,0,0,0
2409.12,0,0,0,0,0,0,1.54194,0.00686669,1.54373,40,0,29,23,28,0,-2,0,0,1,55,3829,3829,0,131,35,711,35500,35365,108,2,82,98,0,0,0,0,0,1,0,0,0,0,3884,0,0,0,0,0,0,0,0,0,0,0,0,0
2409.13,0,0,0,0,0,0,1.54214,0.00688139,1.54409,40,0,29,23,28,0,-2,0,0,1,55,3829,3829,0,131,35,711,35500,35365,108,2,82,98,0,0,0,0,0,1,1,0,0,0,3882,0,0,0,0,0,0,0,0,0,2,0,0,0
2409.14,0,0,0,0,0,0,1.54234,0.00689609,1.54445,40,0,29,23,28,0,-2,0,0,1,55,3829,3829,0,131,35,711,35500,35365,108,2,82,98,0,0,0,0,0,1,15,12,13,0,3874,0,0,0,0,0,0,0,0,0,4,0,0,0
2409.15,0,0,0,0,0,0,1.54254,0.00691079,1.54481,40,0,29,23,28,0,-2,0,0,1,55,3829,3829,0,131,35,711,35500,35365,108,2,82,98,0,0,0,0,0,1,11,8,1,0,3887,0,0,0,0,0,0,0,0,0,3,0,0,0
2409.16,0,0,0,0,0,0,1.54274,0.00692549,1.54517,40,0,29,23,28,0,-2,0,0,1,55,3829,3829,0,131,35,711,35500,35365,108,2,82,98,0,0,0,0,0,1,11,8,1,0,3887,0,0,0,0,0,0,0,0,0,-1,0,0,0
2409.17,0,0,0,0,0,0,1.54294,0.00694019,1.54553,40,0,29,23,28,0,-2,0,0,1,55,3829,3829,0,131,35,711,35500,35365,108,2,82,98,0,0,0,0,0,1,1,0,0,0,3882,0,0,0,0,0,0,0,0,0,-1,0,0,0
2409.18,0,0,0,0,0,0,1.54313,0.00695488,1.54589,40,0,29,23,28,0,-2,0,0,1,55,3829,3829,0,131,35,711,35500,35365,108,2,82,98,0,0,0,0,0,1,0,0,0,0,3882,0,0,0,0,0,0,0,0,0,12,0,0,0
2409.19,0,0,0,0,0,0,1.54333,0.00696958,1.54625,40,0,29,23,28,0,-2,0,0,1,55,3829,3829,0,131,35,711,35500,35365,108,2,82,98,0,0,0,0,0,1,1,0,1,0,3878,0,0,0,0,0,0,0,0,0,-1,0,0,0
2409.2,0,0,0,0,0,0,1.54353,0.00698428,1.54661,40,0,29,23,28,0,-2,0,0,1,55,3829,3829,0,131,35,711,35501,35363,108,2,82,98,0,0,0,0,0,1,0,8,0,0,3884,0,0,0,0,0,0,0,0,0,1,0,0,0
2409.21,0,0,0,0,0,0,1.54366,0.00696694,1.54654,40,0,29,23,28,0,-2,0,0,1,55,3829,3829,0,131,35,711,35501,35363,108,2,82,98,0,0,0,0,0,1,3,6,1,0,3880,0,0,0,0,0,0,0,0,0,-3,0,0,0
2409.22,0,0,0,0,0,0,1.54378,0.0069496,1.54648,40,0,29,23,28,0,-2,0,0,1,55,3829,3829,0,131,35,711,35501,35363,108,2,82,98,0,0,0,0,0,1,3,6,1,0,3880,0,0,0,0,0,0,0,0,0,-1,0,0,0
2409.23,0,0,0,0,0,0,1.5439,0.00693226,1.54641,40,0,29,23,28,0,-2,0,0,1,55,3829,3829,0,131,35,711,35501,35363,108,2,82,98,0,0,0,0,0,1,1,0,0,0,3882,0,0,0,0,0,0,0,0,0,-1,0,0,0
2409.24,0,0,0,0,0,0,1.54403,0.00691491,1.54634,40,0,29,23,28,0,-2,0,0,1,55,3829,3829,0,131,35,711,35501,35363,108,2,82,98,0,0,0,0,0,1,3,2,0,0,3884,0,0,0,0,0,0,0,0,0,-3,0,0,0
2409.25,0,0,0,0,0,0,1.54415,0.00689757,1.54628,40,0,29,23,28,0,-2,0,0,1,55,3829,3829,0,131,35,711,35501,35363,108,2,82,98,0,0,0,0,0,1,0,0,0,0,3882,0,0,0,0,0,0,0,0,0,3,0,0,0
2409.26,0,0,0,0,0,0,1.54427,0.00688023,1.54621,40,0,29,23,28,0,-2,0,0,1,55,3829,3829,0,131,35,711,35501,35363,108,2,82,98,0,0,0,0,0,1,5,6,5,0,3882,0,0,0,0,0,0,0,0,0,4,0,0,0
2409.27,0,0,0,0,0,0,1.5444,0.00686289,1.54614,40,0,29,23,28,0,-2,0,0,1,55,3829,3829,0,131,35,711,35501,35363,108,2,82,98,0,0,0,0,0,1,0,0,0,0,3889,0,0,0,0,0,0,0,0,0,18,0,0,0
2409.28,0,0,0,0,0,0,1.54452,0.00684555,1.54608,40,0,29,23,28,0,-2,0,0,1,55,3829,3829,0,131,35,711,35501,35363,108,2,82,98,0,0,0,0,0,1,0,0,0,0,3889,0,0,0,0,0,0,0,0,0,0,0,0,0
2409.29,0,0,0,0,0,0,1.54464,0.00682821,1.54601,40,0,29,23,28,0,-2,0,0,1,55,3829,3829,0,131,35,711,35501,35363,108,2,82,98,0,0,0,0,0,1,7,0,1,0,3884,0,0,0,0,0,0,0,0,0,0,0,0,0
2409.3,0,0,0,0,0,0,1.54477,0.00681087,1.54595,40,0,29,23,28,0,-2,0,0,1,55,3829,3829,0,131,35,711,35500,35364,108,2,68,98,0,0,0,0,0,1,1,0,0,0,3884,0,0,0,0,0,0,0,0,0,3,0,0,0
2409.31,0,0,0,0,0,0,1.5446,0.00680571,1.54606,40,0,29,23,28,0,-2,0,0,1,55,3829,3829,0,131,35,711,35500,35364,108,2,68,98,0,0,0,0,0,1,0,0,0,0,3884,0,0,0,0,0,0,0,0,0,-4,0,0,0
2409.32,0,0,0,0,0,0,1.54444,0.00680055,1.54617,40,0,29,23,28,0,-2,0,0,1,55,3829,3829,0,131,35,711,35500,35364,108,2,68,98,0,0,0,0,0,1,3,0,0,0,3887,0,0,0,0,0,0,0,0,0,-4,0,0,0
2409.33,0,0,0,0,0,0,1.54428,0.0067954,1.54628,40,0,29,23,28,0,-2,0,0,1,55,3829,3829,0,131,35,711,35500,35364,108,2,68,98,0,0,0,0,0,1,1,0,0,0,3880,0,0,0,0,0,0,0,0,0,-7,0,0,0
2409.34,0,0,0,0,0,0,1.54412,0.00679024,1.54639,40,0,29,23,28,0,-2,0,0,1,55,3829,3829,0,131,35,711,35500,35364,108,2,68,98,0,0,0,0,0,1,1,0,0,0,3880,0,0,0,0,0,0,0,0,0,2,0,0,0
2409.35,0,0,0,0,0,0,1.54395,0.00678509,1.5465,40,0,29,23,28,0,-2,0,0,1,55,3829,3829,0,131,35,711,35500,35364,108,2,68,98,0,0,0,0,0,1,1,5,0,0,3884,0,0,0,0,0,0,0,0,0,2,0,0,0
2409.36,0,0,0,0,0,0,1.54379,0.00677993,1.54662,40,0,29,23,28,0,-2,0,0,1,55,3829,3829,0,131,35,711,35500,35364,108,2,68,98,0,0,0,0,0,1,0,0,0,0,3880,0,0,0,0,0,0,0,0,0,-7,0,0,0
2409.37,0,0,0,0,0,0,1.54363,0.00677478,1.54673,40,0,29,23,28,0,-2,0,0,1,55,3829,3829,0,131,35,711,35500,35364,108,2,68,98,0,0,0,0,0,1,3,0,0,0,3880,0,0,0,0,0,0,0,0,0,7,0,0,0
2409.38,0,0,0,0,0,0,1.54346,0.00676962,1.54684,40,0,29,23,28,0,-2,0,0,1,55,3829,3829,0,131,35,711,35500,35364,108,2,68,98,0,0,0,0,0,1,0,0,0,0,3884,0,0,0,0,0,0,0,0,0,-11,0,0,0
2409.39,0,0,0,0,0,0,1.5433,0.00676447,1.54695,40,0,29,23,28,0,-2,0,0,1,55,3829,3829,0,131,35,711,35500,35364,108,2,68,98,0,0,0,0,0,1,0,0,0,0,3882,0,0,0,0,0,0,0,0,0,7,0,0,0
2409.4,0,0,0,0,0,0,1.54314,0.00675931,1.54706,40,0,29,23,28,0,-2,0,0,1,55,3829,3829,0,131,35,711,35502,35366,108,2,82,98,0,0,0,0,0,1,0,0,0,0,3882,0,0,0,0,0,0,0,0,0,0,0,0,0
2409.41,0,0,0,0,0,0,1.54319,0.00677764,1.54678,40,0,29,23,28,0,-2,0,0,1,55,3829,3829,0,131,35,711,35502,35366,108,2,82,98,0,0,0,0,0,1,1,0,0,0,3882,0,0,0,0,0,0,0,0,0,0,0,0,0
2409.42,0,0,0,0,0,0,1.54324,0.00679596,1.5465,40,0,29,23,28,0,-2,0,0,1,55,3829,3829,0,131,35,711,35502,35366,108,2,82,98,0,0,0,0,0,1,0,0,0,0,3889,0,0,0,0,0,0,0,0,0,-3,0,0,0
2409.43,0,0,0,0,0,0,1.54329,0.00681429,1.54622,40,0,29,23,28,0,-2,0,0,1,55,3829,3829,0,131,35,711,35502,35366,108,2,82,98,0,0,0,0,0,1,0,0,0,0,3880,0,0,0,0,0,0,0,0,0,1,0,0,0
2409.44,0,0,0,0,0,0,1.54334,0.00683261,1.54594,40,0,29,23,28,0,-2,0,0,1,55,3829,3829,0,131,35,711,35502,35366,108,2,82,98,0,0,0,0,0,1,0,0,0,0,3882,0,0,0,0,0,0,0,0,0,-5,0,0,0
2409.45,0,0,0,0,0,0,1.54339,0.00685094,1.54565,40,0,29,23,28,0,-2,0,0,1,55,3829,3829,0,131,35,711,35502,35366,108,2,82,98,0,0,0,0,0,1,0,0,0,0,3887,0,0,0,0,0,0,0,0,0,-5,0,0,0
2409.46,0,0,0,0,0,0,1.54344,0.00686926,1.54537,40,0,29,23,28,0,-2,0,0,1,55,3829,3829,0,131,35,711,35502,35366,108,2,82,98,0,0,0,0,0,1,0,0,0,0,3887,0,0,0,0,0,0,0,0,0,2,0,0,0
2409.47,0,0,0,0,0,0,1.54349,0.00688759,1.54509,40,0,29,23,28,0,-2,0,0,1,55,3829,3829,0,131,35,711,35502,35366,108,2,82,98,0,0,0,0,0,1,0,5,0,0,3880,0,0,0,0,0,0,0,0,0,2,0,0,0
2409.48,0,0,0,0,0,0,1.54354,0.00690592,1.54481,40,0,29,23,28,0,-2,0,0,1,55,3829,3829,0,131,35,711,35502,35366,108,2,82,98,0,0,0,0,0,1,0,0,0,0,3887,0,0,0,0,0,0,0,0,0,-4,0,0,0
2409.49,0,0,0,0,0,0,1.54359,0.00692424,1.54453,40,0,29,23,28,0,-2,0,0,1,55,3829,3829,0,131,35,711,35502,35366,108,2,82,98,0,0,0,0,0,1,0,0,0,0,3878,0,0,0,0,0,0,0,0,0,1,0,0,0
2409.5,0,0,0,0,0,0,1.54364,0.00694257,1.54425,40,0,29,23,28,0,-2,0,0,1,55,3829,3829,0,131,35,711,35500,35365,108,2,82,98,0,0,0,0,0,1,5,5,0,0,3884,0,0,0,0,0,0,0,0,0,1,0,0,0
2409.51,0,0,0,0,0,0,1.54361,0.00692288,1.54458,40,0,29,23,28,0,-2,0,0,1,55,3829,3829,0,131,35,711,35500,35365,108,2,82,98,0,0,0,0,0,1,0,0,0,0,3887,0,0,0,0,0,0,0,0,0,0,0,0,0
2409.52,0,0,0,0,0,0,1.54359,0.0069032,1.54491,40,0,29,23,28,0,-2,0,0,1,55,3829,3829,0,131,35,711,35500,35365,108,2,82,98,0,0,0,0,0,1,0,0,0,0,3887,0,0,0,0,0,0,0,0,0,6,0,0,0
2409.53,0,0,0,0,0,0,1.54356,0.00688351,1.54524,40,0,29,23,28,0,-2,0,0,1,55,3829,3829,0,131,35,711,35500,35365,108,2,82,98,0,0,0,0,0,1,0,0,0,0,3884,0,0,0,0,0,0,0,0,0,6,0,0,0
2409.54,0,0,0,0,0,0,1.54353,0.00686383,1.54557,40,0,29,23,28,0,-2,0,0,1,55,3829,3829,0,131,35,711,35500,35365,108,2,82,98,0,0,0,0,0,1,0,0,0,0,3889,0,0,0,0,0,0,0,0,0,0,0,0,0
2409.55,0,0,0,0,0,0,1.5435,0.00684414,1.5459,40,0,29,23,28,0,-2,0,0,1,55,3829,3829,0,131,35,711,35500,35365,108,2,82,98,0,0,0,0,0,1,3,0,0,0,3880,0,0,0,0,0,0,0,0,0,4,0,0,0
2409.56,0,0,0,0,0,0,1.54347,0.00682446,1.54623,40,0,29,23,28,0,-2,0,0,1,55,3829,3829,0,131,35,711,35500,35365,108,2,82,98,0,0,0,0,0,1,0,0,0,0,3884,0,0,0,0,0,0,0,0,0,2,0,0,0
2409.57,0,0,0,0,0,0,1.54344,0.00680477,1.54656,40,0,29,23,28,0,-2,0,0,1,55,3829,3829,0,131,35,711,35500,35365,108,2,82,98,0,0,0,0,0,1,0,0,0,0,3884,0,0,0,0,0,0,0,0,0,-3,0,0,0
2409.58,0,0,0,0,0,0,1.54342,0.00678509,1.54689,40,0,29,23,28,0,-2,0,0,1,55,3829,3829,0,131,35,711,35500,35365,108,2,82,98,0,0,0,0,0,1,0,0,0,0,3884,0,0,0,0,0,0,0,0,0,1,0,0,0
2409.59,0,0,0,0,0,0,1.54339,0.00676541,1.54723,40,0,29,23,28,0,-2,0,0,1,55,3829,3829,0,131,35,711,35500,35365,108,2,82,98,0,0,0,0,0,1,5,6,0,0,3882,0,0,0,0,0,0,0,0,0,1,0,0,0
2409.6,0,0,0,0,0,0,1.54336,0.00674572,1.54756,40,0,29,23,28,0,-2,0,0,1,55,3829,3829,0,131,35,711,35501,35365,108,2,82,98,0,0,0,0,0,1,1,0,30,0,3882,0,0,0,0,0,0,0,0,0,-3,0,0,0
2409.61,0,0,0,0,0,0,1.54355,0.00675722,1.54711,40,0,29,23,28,0,-2,0,0,1,55,3829,3829,0,131,35,711,35501,35365,108,2,82,98,0,0,0,0,0,1,0,0,0,0,3884,0,0,0,0,0,0,0,0,0,-1,0,0,0
2409.62,0,0,0,0,0,0,1.54374,0.00676873,1.54666,40,0,29,23,28,0,-2,0,0,1,55,3829,3829,0,131,35,711,35501,35365,108,2,82,98,0,0,0,0,0,1,5,0,1,0,3882,0,0,0,0,0,0,0,0,0,-4,0,0,0
2409.63,0,0,0,0,0,0,1.54394,0.00678023,1.54622,40,0,29,23,28,0,-2,0,0,1,55,3829,3829,0,131,35,711,35501,35365,108,2,82,98,0,0,0,0,0,1,0,0,0,0,3874,0,0,0,0,0,0,0,0,0,1,0,0,0
2409.64,0,0,0,0,0,0,1.54413,0.00679173,1.54577,40,0,29,23,28,0,-2,0,0,1,55,3829,3829,0,131,35,711,35501,35365,108,2,82,98,0,0,0,0,0,1,0,0,0,0,3874,0,0,0,0,0,0,0,0,0,-1,0,0,0
2409.65,0,0,0,0,0,0,1.54432,0.00680323,1.54532,40,0,29,23,28,0,-2,0,0,1,55,3829,3829,0,131,35,711,35501,35365,108,2,82,98,0,0,0,0,0,1,1,5,0,0,3878,0,0,0,0,0,0,0,0,0,-1,0,0,0
2409.66,0,0,0,0,0,0,1.54452,0.00681474,1.54488,40,0,29,23,28,0,-2,0,0,1,55,3829,3829,0,131,35,711,35501,35365,108,2,82,98,0,0,0,0,0,1,15,14,9,0,3884,0,0,0,0,0,0,0,0,0,6,0,0,0
2409.67,0,0,0,0,0,0,1.54471,0.00682624,1.54443,40,0,29,23,28,0,-2,0,0,1,55,3829,3829,0,131,35,711,35501,35365,108,2,82,98,0,0,0,0,0,1,0,0,0,0,3878,0,0,0,0,0,0,0,0,0,9,0,0,0
2409.68,0,0,0,0,0,0,1.5449,0.00683774,1.54398,40,0,29,23,28,0,-2,0,0,1,55,3829,3829,0,131,35,711,35501,35365,108,2,82,98,0,0,0,0,0,1,0,8,5,0,3889,0,0,0,0,0,0,0,0,0,-1,0,0,0
2409.69,0,0,0,0,0,0,1.54509,0.00684925,1.54354,40,0,29,23,28,0,-2,0,0,1,55,3829,3829,0,131,35,711,35501,35365,108,2,82,98,0,0,0,0,0,1,3,0,0,0,3884,0,0,0,0,0,0,0,0,0,-2,0,0,0
2409.7,0,0,0,0,0,0,1.54529,0.00686075,1.54309,40,0,29,23,28,0,-2,0,0,1,55,3829,3829,0,131,35,711,35500,35365,107,2,82,98,0,0,0,0,0,1,3,0,0,0,3884,0,0,0,0,0,0,0,0,0,1,0,0,0
2409.71,0,0,0,0,0,0,1.54489,0.00686246,1.54307,40,0,29,23,28,0,-2,0,0,1,55,3829,3829,0,131,35,711,35500,35365,107,2,82,98,0,0,0,0,0,1,0,0,0,0,3882,0,0,0,0,0,0,0,0,0,1,0,0,0
2409.72,0,0,0,0,0,0,1.5445,0.00686417,1.54306,40,0,29,23,28,0,-2,0,0,1,55,3829,3829,0,131,35,711,35500,35365,107,2,82,98,0,0,0,0,0,1,11,10,13,0,3880,0,0,0,0,0,0,0,0,0,-9,0,0,0
2409.73,0,0,0,0,0,0,1.54411,0.00686588,1.54304,40,0,29,23,28,0,-2,0,0,1,55,3829,3829,0,131,35,711,35500,35365,107,2,82,98,0,0,0,0,0,1,3,5,1,0,3887,0,0,0,0,0,0,0,0,0,-3,0,0,0
2409.74,0,0,0,0,0,0,1.54371,0.00686759,1.54302,40,0,29,23,28,0,-2,0,0,1,55,3829,3829,0,131,35,711,35500,35365,107,2,82,98,0,0,0,0,0,1,5,6,0,0,3876,0,0,0,0,0,0,0,0,0,-4,0,0,0
2409.75,0,0,0,0,0,0,1.54332,0.0068693,1.54301,40,0,29,23,28,0,-2,0,0,1,55,3829,3829,0,131,35,711,35500,35365,107,2,82,98,0,0,0,0,0,1,0,2,0,0,3884,0,0,0,0,0,0,0,0,0,3,0,0,0
2409.76,0,0,0,0,0,0,1.54293,0.00687101,1.54299,40,0,29,23,28,0,-2,0,0,1,55,3829,3829,0,131,35,711,35500,35365,107,2,82,98,0,0,0,0,0,1,0,2,0,0,3884,0,0,0,0,0,0,0,0,0,4,0,0,0
2409.77,0,0,0,0,0,0,1.54254,0.00687272,1.54297,40,0,29,23,28,0,-2,0,0,1,55,3829,3829,0,131,35,711,35500,35365,107,2,82,98,0,0,0,0,0,1,0,0,0,0,3880,0,0,0,0,0,0,0,0,0,4,0,0,0
2409.78,0,0,0,0,0,0,1.54214,0.00687443,1.54295,40,0,29,23,28,0,-2,0,0,1,55,3829,3829,0,131,35,711,35500,35365,107,2,82,98,0,0,0,0,0,1,0,0,0,0,3884,0,0,0,0,0,0,0,0,0,5,0,0,0
2409.79,0,0,0,0,0,0,1.54175,0.00687614,1.54294,40,0,29,23,28,0,-2,0,0,1,55,3829,3829,0,131,35,711,35500,35365,107,2,82,98,0,0,0,0,0,1,0,2,0,0,3891,0,0,0,0,0,0,0,0,0,-7,0,0,0
2409.8,0,0,0,0,0,0,1.54136,0.00687785,1.54292,40,0,29,23,28,0,-2,0,0,1,55,3829,3829,0,131,35,711,35500,35365,107,2,82,98,0,0,0,0,0,1,0,0,0,0,3882,0,0,0,0,0,0,0,0,0,2,0,0,0
2409.81,0,0,0,0,0,0,1.54172,0.00688502,1.5435,40,0,29,23,28,0,-2,0,0,1,55,3829,3829,0,131,35,711,35500,35365,107,2,82,98,0,0,0,0,0,1,3,6,0,0,3882,0,0,0,0,0,0,0,0,0,-1,0,0,0
2409.82,0,0,0,0,0,0,1.54207,0.00689218,1.54407,40,0,29,23,28,0,-2,0,0,1,55,3829,3829,0,131,35,711,35500,35365,107,2,82,98,0,0,0,0,0,1,3,6,0,0,3882,0,0,0,0,0,0,0,0,0,0,0,0,0
2409.83,0,0,0,0,0,0,1.54243,0.00689935,1.54465,40,0,29,23,28,0,-2,0,0,1,55,3829,3829,0,131,35,711,35500,35365,107,2,82,98,0,0,0,0,0,1,5,2,0,0,3882,0,0,0,0,0,0,0,0,0,0,0,0,0
2409.84,0,0,0,0,0,0,1.54279,0.00690651,1.54523,40,0,29,23,28,0,-2,0,0,1,55,3829,3829,0,131,35,711,35500,35365,107,2,82,98,0,0,0,0,0,1,0,0,0,0,3887,0,0,0,0,0,0,0,0,0,-5,0,0,0
2409.85,0,0,0,0,0,0,1.54315,0.00691368,1.5458,40,0,29,23,28,0,-2,0,0,1,55,3829,3829,0,131,35,711,35500,35365,107,2,82,98,0,0,0,0,0,1,0,0,0,0,3889,0,0,0,0,0,0,0,0,0,2,0,0,0
2409.86,0,0,0,0,0,0,1.5435,0.00692084,1.54638,40,0,29,23,28,0,-2,0,0,1,55,3829,3829,0,131,35,711,35500,35365,107,2,82,98,0,0,0,0,0,1,1,0,0,0,3882,0,0,0,0,0,0,0,0,0,10,0,0,0
2409.87,0,0,0,0,0,0,1.54386,0.00692801,1.54696,40,0,29,23,28,0,-2,0,0,1,55,3829,3829,0,131,35,711,35500,35365,107,2,82,98,0,0,0,0,0,1,17,16,15,0,3880,0,0,0,0,0,0,0,0,0,4,0,0,0
2409.88,0,0,0,0,0,0,1.54422,0.00693518,1.54754,40,0,29,23,28,0,-2,0,0,1,55,3829,3829,0,131,35,711,35500,35365,107,2,82,98,0,0,0,0,0,1,17,16,15,0,3880,0,0,0,0,0,0,0,0,0,1,0,0,0
2409.89,0,0,0,0,0,0,1.54458,0.00694234,1.54811,40,0,29,23,28,0,-2,0,0,1,55,3829,3829,0,131,35,711,35500,35365,107,2,82,98,0,0,0,0,0,1,1,5,0,0,3889,0,0,0,0,0,0,0,0,0,1,0,0,0
2409.9,0,0,0,0,0,0,1.54494,0.00694951,1.54869,40,0,29,23,28,0,-2,0,0,1,55,3829,3829,0,131,35,711,35501,35364,108,2,82,98,0,0,0,0,0,1,0,0,0,0,3882,0,0,0,0,0,0,0,0,0,6,0,0,0
2409.91,0,0,0,0,0,0,1.54473,0.00693567,1.54821,40,0,29,23,28,0,-2,0,0,1.2,55,3829,3829,0,131,35,711,35501,35364,108,2,82,98,0,0,0,0,0,1,7,2,0,0,3887,0,0,0,0,0,0,0,0,0,3,0,0,0
2409.92,0,0,0,0,0,0,1.54453,0.00692184,1.54773,40,0,29,23,28,0,-2,0,0,1.4,55,3829,3829,0,131,35,711,35501,35364,108,2,82,98,0,0,0,0,0,1,0,0,0,0,3878,0,0,0,0,0,0,0,0,0,-7,0,0,0
2409.93,0,0,0,0,0,0,1.54433,0.006908,1.54725,40,0,29,23,28,0,-2,0,0,1.6,55,3829,3829,0,131,35,711,35501,35364,108,2,82,98,0,0,0,0,0,1,1,2,0,0,3878,0,0,0,0,0,0,0,0,0,7,0,0,0
2409.94,0,0,0,0,0,0,1.54413,0.00689417,1.54677,40,0,29,23,28,0,-2,0,0,1.8,55,3829,3829,0,131,35,711,35501,35364,108,2,82,98,0,0,0,0,0,1,1,2,0,0,3878,0,0,0,0,0,0,0,0,0,-1,0,0,0
2409.95,0,0,0,0,0,0,1.54393,0.00688033,1.54629,40,0,29,23,28,0,-2,0,0,2,55,3829,3829,0,131,35,711,35501,35364,108,2,82,98,0,0,0,0,0,1,0,0,0,0,3876,0,0,0,0,0,0,0,0,0,-1,0,0,0
2409.96,0,0,0,0,0,0,1.54373,0.00686649,1.54581,40,0,29,23,28,0,-2,0,0,2.2,55,3829,3829,0,131,35,711,35501,35364,108,2,82,98,0,0,0,0,0,1,5,6,1,0,3887,0,0,0,0,0,0,0,0,0,-1,0,0,0
2409.97,0,0,0,0,0,0,1.54353,0.00685266,1.54533,40,0,29,23,28,0,-2,0,0,2.4,55,3829,3829,0,131,35,711,35501,35364,108,2,82,98,0,0,0,0,0,1,1,0,0,0,3882,0,0,0,0,0,0,0,0,0,-9,0,0,0
2409.98,0,0,0,0,0,0,1.54333,0.00683882,1.54485,40,0,29,23,28,0,-2,0,0,2.6,55,3829,3829,0,131,35,711,35501,35364,108,2,82,98,0,0,0,0,0,1,0,0,0,0,3874,0,0,0,0,0,0,0,0,0,5,0,0,0
2409.99,0,0,0,0,0,0,1.54313,0.00682499,1.54437,40,0,29,23,28,0,-2,0,0,2.8,55,3829,3829,0,131,35,711,35501,35364,108,2,82,98,0,0,0,0,0,1,0,0,0,0,3887,0,0,0,0,0,0,0,0,0,-9,0,0,0
2410,0,0,0,0,1,0,1.54292,0.00681115,1.54389,40,0,29,23,28,0,-2,0,0,3,55,3829,3829,0,131,35,711,35500,35363,108,2,65,98,0,0,0,0,0,1,0,0,0,0,3887,0,0,0,0,0,0,0,0,0,-1,0,0,0
2410.01,0,0,0,0,1,0,1.54318,0.00683907,1.54382,40,0,29,23,28,0,-2,0,0,3,55,3829,3829,0,131,35,711,35500,35363,108,2,65,98,0,0,0,0,0,1,0,0,0,0,3884,0,0,0,0,0,0,0,0,0,-1,0,0,0
2410.02,0,0,0,0,2,0,1.54343,0.00686698,1.54375,40,0,29,23,28,0,-2,0,0,3,55,3829,3829,0,131,35,711,35500,35363,108,2,65,98,0,0,0,0,0,1,0,0,1,0,3878,0,0,0,0,0,0,0,0,0,0,0,0,0
2410.03,0,0,0,0,2,0,1.54368,0.00689489,1.54367,40,0,29,23,28,0,-2,0,0,3,55,3829,3829,0,131,35,711,35500,35363,108,2,65,98,0,0,0,0,0,1,3,5,0,0,3884,0,0,0,0,0,0,0,0,0,-3,0,0,0
2410.04,0,0,0,0,3,0,1.54393,0.00692281,1.5436,40,0,29,23,28,0,-2,0,0,3,55,3829,3829,0,131,35,711,35500,35363,108,2,65,98,0,0,0,0,0,1,1,0,0,0,3880,0,0,0,0,0,0,0,0,0,-2,0,0,0
2410.05,0,0,0,0,3,0,1.54418,0.00695072,1.54353,40,0,29,23,28,0,-2,0,0,3,55,3829,3829,0,131,35,711,35500,35363,108,2,65,98,0,0,0,0,0,1,0,0,0,0,3880,0,0,0,0,0,0,0,0,0,1,0,0,0
2410.06,0,0,0,0,4,0,1.54443,0.00697864,1.54346,40,0,29,23,28,0,-2,0,0,3,55,3829,3829,0,131,35,711,35500,35363,108,2,65,98,0,0,0,0,0,1,0,0,0,0,3880,0,0,0,0,0,0,0,0,0,0,0,0,0
2410.07,0,0,0,0,4,0,1.54469,0.00700655,1.54339,40,0,29,23,28,0,-2,0,0,3,55,3829,3829,0,131,35,711,35500,35363,108,2,65,98,0,0,0,0,0,1,5,0,0,0,3889,0,0,0,0,0,0,0,0,0,0,0,0,0
2410.08,0,0,0,0,4,0,1.54494,0.00703447,1.54332,40,0,29,23,28,0,-2,0,0,3,55,3829,3829,0,131,35,711,35500,35363,108,2,65,98,0,0,0,0,0,1,3,2,0,0,3884,0,0,0,0,0,0,0,0,0,1,0,0,0
2410.09,0,0,0,0,5,0,1.54519,0.00706238,1.54324,40,0,29,23,28,0,-2,0,0,3,55,3829,3829,0,131,35,711,35500,35363,108,2,65,98,0,0,0,0,0,1,7,2,0,0,3880,0,0,0,0,0,0,0,0,0,2,0,0,0
2410.1,0,0,0,0,5,0,1.54544,0.00709029,1.54317,40,0,29,23,28,0,-2,0,0,3,55,3829,3829,0,131,35,711,35500,35365,108,2,82,98,0,0,0,0,0,1,7,0,1,0,3874,0,0,0,0,0,0,0,0,0,11,0,0,0
2410.11,0,0,0,0,6,0,1.5455,0.0066956,1.54416,40,0,29,23,28,0,-2,0,0,2.9,55,3829,3829,0,131,35,711,35500,35365,108,2,82,98,0,0,0,0,0,1,0,0,0,0,3887,0,0,0,0,0,0,0,0,0,-1,0,0,3
2410.12,0,0,0,0,6,0,1.54556,0.0063009,1.54516,40,0,29,23,28,0,-2,0,0,2.8,55,3829,3829,0,131,35,711,35500,35365,108,2,82,98,0,0,0,0,0,1,0,0,0,0,3887,0,0,0,0,0,0,0,0,29,2,0,0,3
2410.13,0,0,0,0,7,0,1.54563,0.0059062,1.54615,40,0,29,23,28,0,-2,0,0,2.7,55,3829,3829,0,131,35,711,35500,35365,108,2,82,98,0,0,0,0,0,1,5,0,0,0,3887,0,0,0,0,0,0,0,0,29,2,0,0,3
2410.14,0,0,0,0,7,0,1.54569,0.0055115,1.54714,40,0,29,23,28,0,-2,0,0,2.6,55,3829,3829,0,131,35,711,35500,35365,108,2,82,98,0,0,0,0,0,1,1,0,0,0,3882,0,0,0,0,0,0,0,0,29,-10,0,0,3
2410.15,0,0,0,0,8,1,1.54575,0.0051168,1.54813,40,0,29,23,28,0,-2,0,0,2.5,55,3829,3829,0,131,35,711,35500,35365,108,2,82,98,0,0,0,0,0,1,11,0,0,0,3887,0,0,0,0,0,0,0,0,29,-3,0,0,4
2410.16,0,0,0,0,9,1,1.54581,0.00472211,1.54913,40,0,29,23,28,0,-2,0,0,2.4,55,3829,3829,0,131,35,711,35500,35365,108,2,82,98,0,0,0,0,0,1,24,6,0,0,3880,0,0,0,0,0,0,0,0,39,0,0,0,4
2410.17,0,0,0,0,9,1,1.54587,0.00432741,1.55012,40,0,29,23,28,0,-2,0,0,2.3,55,3829,3829,0,131,35,711,35500,35365,108,2,82,98,0,0,0,0,0,1,17,6,0,0,3884,0,0,0,0,0,0,0,0,39,-10,0,0,4
2410.18,0,0,0,0,10,1,1.54593,0.00393271,1.55111,40,0,29,23,28,0,-2,0,0,2.2,55,3829,3829,0,131,35,711,35500,35365,108,2,82,98,0,0,0,0,0,1,17,6,0,0,3884,0,0,0,0,0,0,0,0,39,-9,0,0,4
2410.19,0,0,0,0,11,1,1.546,0.00353801,1.5521,40,0,29,23,28,0,-2,0,0,2.1,55,3829,3829,0,131,35,711,35500,35365,108,2,82,98,0,0,0,0,0,1,5,0,0,0,3880,0,0,0,0,0,0,0,0,39,-9,0,0,5
2410.2,0,0,0,0,11,2,1.54606,0.00314331,1.55309,40,0,29,23,29,0,-2,0,0,2,55,3829,3829,0,131,35,711,35499,35364,108,2,65,98,0,0,0,0,0,1,5,0,0,0,3880,0,0,0,0,0,0,0,0,39,-2,0,0,5
2410.21,0,0,0,0,12,4,1.54588,0.00304514,1.5521,40,0,29,23,29,0,-2,0,0,2.1,55,3829,3829,0,131,35,711,35499,35364,108,2,65,98,0,0,0,0,0,1,23,5,0,0,3876,0,0,0,0,0,0,0,0,49,-14,0,0,5
2410.22,0,0,0,0,13,6,1.5457,0.00294696,1.55111,40,0,29,23,29,0,-2,0,0,2.2,55,3829,3829,0,131,35,711,35499,35364,108,2,65,98,0,0,0,0,0,1,23,0,9,0,3884,0,0,0,0,0,0,0,0,49,-13,0,0,6
2410.23,0,0,0,0,14,8,1.54553,0.00284878,1.55011,40,0,29,23,29,0,-2,0,0,2.3,55,3829,3829,0,131,35,711,35499,35364,108,2,65,98,0,0,0,0,0,1,9,0,0,0,3882,0,0,0,0,0,0,0,0,59,-6,0,0,6
2410.24,0,0,0,0,14,8,1.54535,0.00275061,1.54912,40,0,29,23,29,0,-2,0,0,2.4,55,3829,3829,0,131,35,711,35499,35364,108,2,65,98,0,0,0,0,0,1,9,0,0,0,3882,0,0,0,0,0,0,0,0,59,-13,0,0,6
2410.25,0,0,0,0,15,9,1.54517,0.00265243,1.54813,40,0,29,23,29,0,-2,0,0,2.5,55,3829,3829,0,131,35,711,35499,35364,108,2,65,98,0,0,0,0,0,1,24,0,3,0,3878,0,0,0,0,0,0,0,0,59,-13,0,0,7
2410.26,0,0,0,0,16,12,1.545,0.00255425,1.54714,40,0,29,23,29,0,-2,0,0,2.6,55,3829,3829,0,131,35,711,35499,35364,108,2,65,98,0,0,0,0,0,1,19,0,0,0,3882,0,0,0,0,0,0,0,0,59,-13,0,0,7
2410.27,0,0,0,0,16,16,1.54482,0.00245607,1.54614,40,0,29,23,29,0,-2,0,0,2.7,55,3829,3829,0,131,35,711,35499,35364,108,2,65,98,0,0,0,0,0,1,19,0,5,0,3884,0,0,0,0,0,0,0,0,69,-16,0,0,7
2410.28,0,0,0,0,17,19,1.54464,0.0023579,1.54515,40,0,29,23,29,0,-2,0,0,2.8,55,3829,3829,0,131,35,711,35499,35364,108,2,65,98,0,0,0,0,0,1,27,0,15,0,3882,0,0,0,0,0,0,0,0,69,-17,0,0,8
2410.29,0,0,0,0,18,22,1.54447,0.00225972,1.54416,40,0,29,23,29,0,-2,0,0,2.9,55,3829,3829,0,131,35,711,35499,35364,108,2,65,98,0,0,0,0,0,1,21,0,19,1,3878,0,0,0,0,0,0,0,0,80,-20,0,0,8
2410.3,0,0,0,0,18,22,1.54429,0.00216154,1.54316,40,0,29,23,28,0,-2,0,0,3,55,3829,3829,0,131,35,711,35500,35365,108,2,82,98,0,0,0,0,0,1,21,0,19,1,3878,0,0,0,0,0,0,0,0,80,-35,0,0,8
2410.31,0,0,0,0,19,24,1.54415,0.00222593,1.54345,40,0,29,23,28,0,-2,0,0,2.9,55,3829,3829,0,131,35,711,35500,35365,108,2,82,98,0,0,0,0,0,1,11,0,48,1,3880,0,0,0,0,0,0,0,0,80,-35,0,0,8
2410.32,0,0,0,0,19,32,1.54401,0.00229031,1.54374,40,0,29,23,28,0,-2,0,0,2.8,55,3829,3829,0,131,35,711,35500,35365,108,2,82,98,0,0,0,0,0,1,5,0,52,2,3889,0,0,0,0,0,0,0,0,80,-36,0,0,8
2410.33,0,0,0,0,20,37,1.54387,0.00235469,1.54403,40,0,29,23,28,0,-2,0,0,2.7,55,3829,3829,0,131,35,711,35500,35365,108,2,82,98,0,0,0,0,0,1,0,0,65,2,3882,0,0,0,0,0,0,0,0,80,-29,0,0,9
2410.34,0,0,0,0,20,37,1.54373,0.00241908,1.54431,40,0,29,23,28,0,-2,0,0,2.6,55,3829,3829,0,131,35,711,35500,35365,108,2,82,98,0,0,0,0,0,1,0,8,109,5,3882,0,0,0,0,0,0,0,0,90,-69,0,0,9
2410.35,0,0,0,0,21,39,1.54359,0.00248346,1.5446,40,0,29,23,28,0,-2,0,0,2.5,55,3829,3829,0,131,35,711,35500,35365,108,2,82,98,0,0,0,0,0,1,0,57,50,3,3874,0,0,0,0,0,0,0,0,90,-45,0,0,9
2410.36,0,0,0,0,21,39,1.54346,0.00254784,1.54489,40,0,29,23,28,0,-2,0,0,2.4,55,3829,3829,0,131,35,711,35500,35365,108,2,82,98,0,0,0,0,0,1,0,57,50,3,3874,0,0,0,0,0,0,0,0,90,-119,0,0,9
2410.37,0,0,0,0,22,28,1.54332,0.00261222,1.54518,40,0,29,23,28,0,-2,0,0,2.3,55,3829,3829,0,131,35,711,35500,35365,108,2,82,98,0,0,0,0,0,1,0,166,23,8,3897,0,0,0,0,0,0,0,0,90,-119,0,0,10
2410.38,0,0,0,0,22,27,1.54318,0.00267661,1.54547,40,0,29,23,28,0,-2,0,0,2.2,55,3829,3829,0,131,35,711,35500,35365,108,2,82,98,0,0,0,0,0,1,0,151,7,7,3884,0,0,0,0,0,0,0,0,90,-90,0,0,10
2410.39,0,0,0,0,23,17,1.54304,0.00274099,1.54575,40,0,29,23,28,0,-2,0,0,2.1,55,3829,3829,0,131,35,711,35500,35365,108,2,82,98,0,0,0,0,0,1,0,128,0,5,3878,0,0,0,0,0,0,0,0,100,-79,0,0,10
2410.4,0,0,0,0,23,12,1.5429,0.00280537,1.54604,40,0,29,23,28,0,-2,0,0,2,55,3829,3829,0,131,35,711,35500,35365,108,2,82,98,0,0,0,0,0,1,0,143,0,6,3880,0,0,0,0,0,0,0,0,100,-96,0,0,10
2410.41,0,0,0,0,23,25,1.54307,0.0028065,1.54601,40,0,29,23,28,0,-2,0,0,2,55,3829,3829,0,131,35,711,35500,35365,108,2,82,98,0,0,0,0,0,1,0,151,0,7,3887,0,0,0,0,0,0,0,0,100,-115,0,0,10
2410.42,0,0,0,0,24,25,1.54323,0.00280764,1.54598,40,0,29,23,28,0,-2,0,0,2,55,3829,3829,0,131,35,711,35500,35365,108,2,82,98,0,0,0,0,0,1,0,151,0,7,3887,0,0,0,0,0,0,0,0,100,-48,0,0,11
2410.43,0,0,0,0,24,45,1.5434,0.00280877,1.54595,40,0,29,23,28,0,-2,0,0,2,55,3829,3829,0,131,35,711,35500,35365,108,2,82,98,0,0,0,0,0,1,17,65,0,4,3882,0,0,0,0,0,0,0,0,100,-48,0,0,11
2410.44,0,0,0,0,24,45,1.54357,0.0028099,1.54592,40,0,29,23,28,0,-2,0,0,2,55,3829,3829,0,131,35,711,35500,35365,108,2,82,98,0,0,0,0,0,1,165,14,0,8,3884,0,0,0,0,0,0,0,0,110,-117,0,0,11
2410.45,0,0,0,0,25,53,1.54373,0.00281103,1.54589,40,0,29,23,28,0,-2,0,0,2,55,3829,3829,0,131,35,711,35500,35365,108,2,82,98,0,0,0,0,0,1,89,0,0,3,3882,0,0,0,0,0,0,0,0,110,-54,0,0,11
2410.46,0,0,0,0,25,53,1.5439,0.00281216,1.54586,40,0,29,23,28,0,-2,0,0,2,55,3829,3829,0,131,35,711,35500,35365,108,2,82,98,0,0,0,0,0,1,120,0,1,7,3876,0,0,0,0,0,0,0,0,110,-88,0,0,11
2410.47,0,0,0,0,26,56,1.54407,0.00281329,1.54583,40,0,29,23,28,0,-2,0,0,2,55,3829,3829,0,131,35,711,35500,35365,108,2,82,98,0,0,0,0,0,1,11,0,128,5,3880,0,0,0,0,0,0,0,0,110,-93,0,0,12
2410.48,0,0,0,0,26,58,1.54423,0.00281442,1.5458,40,0,29,23,28,0,-2,0,0,2,55,3829,3829,0,131,35,711,35500,35365,108,2,82,98,0,0,0,0,0,1,0,0,95,5,3880,0,0,0,0,0,0,0,0,120,-75,0,0,12
2410.49,0,0,0,0,27,57,1.5444,0.00281555,1.54577,40,0,29,23,28,0,-2,0,0,2,55,3829,3829,0,131,35,711,35500,35365,108,2,82,98,0,0,0,0,0,1,0,2,173,8,3878,0,0,0,0,0,0,0,0,120,-124,0,0,12
2410.5,0,0,0,0,27,57,1.54457,0.00281669,1.54574,40,0,29,23,29,0,-2,0,0,2,55,3829,3829,0,131,35,711,35501,35365,108,2,82,98,0,0,0,0,0,1,0,2,173,8,3878,0,0,0,0,0,0,0,0,120,-124,0,0,12
2410.51,0,0,0,0,28,62,1.54454,0.00282534,1.54564,40,0,29,23,29,0,-2,0,0,2,55,3829,3829,0,131,35,711,35501,35365,108,2,82,98,0,0,0,0,0,1,0,155,13,6,3876,0,0,0,0,0,0,0,0,120,-111,0,0,12
2410.52,0,0,0,0,29,67,1.5445,0.002834,1.54555,40,0,29,23,29,0,-2,0,0,2,55,3829,3829,0,131,35,711,35501,35365,108,2,82,98,0,0,0,0,0,1,0,114,0,4,3882,0,0,0,0,0,0,0,0,120,-71,0,0,13
2410.53,0,0,0,0,29,74,1.54447,0.00284266,1.54545,40,0,29,23,29,0,-2,0,0,2,55,3829,3829,0,131,35,711,35501,35365,108,2,82,98,0,0,0,0,0,1,62,16,0,3,3880,0,0,0,0,0,0,0,0,130,-47,0,0,13
2410.54,0,0,0,0,30,76,1.54444,0.00285131,1.54536,40,0,29,23,29,0,-2,0,0,2,55,3829,3829,0,131,35,711,35501,35365,108,2,82,98,0,0,0,0,0,1,85,0,0,4,3884,0,0,0,0,0,0,0,0,130,-50,0,0,13
2410.55,0,0,0,0,30,81,1.5444,0.00285997,1.54526,40,0,29,23,29,0,-2,0,0,2,55,3829,3829,0,131,35,711,35501,35365,108,2,82,98,0,0,0,0,0,1,58,0,48,5,3878,0,0,0,0,0,0,0,0,130,-44,0,0,13
2410.56,0,0,0,0,31,81,1.54437,0.00286863,1.54517,40,0,29,23,29,0,-2,0,0,2,55,3829,3829,0,131,35,711,35501,35365,108,2,82,98,0,0,0,0,0,1,58,0,48,5,3878,0,0,0,0,0,0,0,0,130,-44,0,0,14
2410.57,0,0,0,0,31,87,1.54434,0.00287728,1.54507,40,0,29,23,29,0,-2,0,0,2,55,3829,3829,0,131,35,711,35501,35365,108,2,82,98,0,0,0,0,0,1,0,0,85,3,3884,0,0,0,0,0,0,0,0,130,-34,0,0,14
2410.58,0,0,0,0,32,91,1.54431,0.00288594,1.54498,40,0,29,23,29,0,-2,0,0,2,55,3829,3829,0,131,35,711,35501,35365,108,2,82,98,0,0,0,0,0,1,0,81,35,3,3880,0,0,0,0,0,0,0,0,140,-42,0,0,14
2410.59,0,0,0,0,32,95,1.54427,0.0028946,1.54488,40,0,29,23,29,0,-2,0,0,2,55,3829,3829,0,131,35,711,35501,35365,108,2,82,98,0,0,0,0,0,1,3,108,0,4,3878,0,0,0,0,0,0,0,0,140,-71,0,0,14
2410.6,0,0,0,0,33,98,1.54424,0.00290325,1.54479,40,0,29,23,28,0,-2,0,0,2,55,3829,3829,0,131,35,711,35500,35363,108,2,82,98,0,0,0,0,0,1,156,10,0,6,3884,0,0,0,0,0,0,0,0,140,-109,0,0,15
2410.61,0,0,0,0,33,97,1.54392,0.00290875,1.54487,40,0,29,23,28,0,-2,0,0,2,55,3829,3829,1,131,35,711,35500,35363,108,2,82,98,3829,0,0,0,0,1,214,0,11,9,3882,0,0,0,0,0,0,0,0,150,-144,0,0,15
2410.62,0,0,0,0,33,97,1.5436,0.00291425,1.54496,40,0,29,23,28,0,-2,0,0,2,55,3829,3829,1,131,35,711,35500,35363,108,2,82,98,3829,0,0,0,0,1,214,0,11,9,3882,0,0,0,0,0,0,0,0,150,-144,0,0,15
2410.63,0,0,0,0,34,106,1.54328,0.00291976,1.54504,40,0,29,23,28,0,-2,0,0,2,55,3829,3829,1,131,35,711,35500,35363,108,2,82,98,3829,0,0,0,0,1,0,0,128,8,3880,0,0,0,0,0,0,0,0,150,-93,0,0,15
2410.64,0,0,0,0,34,110,1.54296,0.00292526,1.54513,40,0,29,23,28,0,-2,0,0,2,55,3829,3829,1,131,35,711,35500,35363,108,2,82,98,3829,0,0,0,0,1,0,71,0,4,3887,0,0,0,0,0,0,0,0,150,-62,0,0,15
2410.65,0,0,0,0,35,109,1.54264,0.00293076,1.54521,40,0,29,23,28,0,-2,0,0,2,55,3829,3829,2,131,35,711,35500,35363,108,2,82,98,7658,0,0,0,0,1,7,199,0,8,3882,0,0,0,0,0,0,0,0,150,-138,0,0,16
2410.66,0,0,0,0,35,117,1.54232,0.00293626,1.5453,40,0,29,23,28,0,-2,0,0,2,55,3829,3829,2,131,35,711,35500,35363,108,2,82,98,7658,0,0,0,0,1,179,0,0,8,3878,0,0,0,0,0,0,0,0,159,-121,0,0,16
2410.67,0,0,0,0,35,121,1.542,0.00294176,1.54539,40,0,29,23,28,0,-2,0,0,2,55,3829,3829,2,131,35,711,35500,35363,108,2,82,98,7658,0,0,0,0,1,11,0,65,5,3887,0,0,0,0,0,0,0,0,159,-39,0,0,16
2410.68,0,0,0,0,36,123,1.54168,0.00294726,1.54547,40,0,29,23,28,0,-2,0,0,2,55,3828,3829,3,131,35,711,35500,35363,108,2,82,98,11484,0,0,0,0,1,0,8,208,8,3880,0,0,0,0,0,0,0,0,159,-136,0,0,16
2410.69,0,0,0,0,36,123,1.54136,0.00295276,1.54556,40,0,29,23,28,0,-2,0,0,2,55,3828,3829,3,131,35,711,35500,35363,108,2,82,98,11484,0,0,0,0,1,0,8,208,8,3880,0,0,0,0,0,0,0,0,159,-39,0,0,16
2410.7,0,0,0,0,37,130,1.54104,0.00295827,1.54564,40,0,29,23,28,0,-2,0,0,2,55,3828,3829,2,131,35,711,35493,35354,108,2,82,98,7656,0,0,0,0,1,0,65,0,4,3884,0,0,0,0,0,0,0,0,159,-39,0,0,16
2410.71,0,0,0,0,37,128,1.54136,0.00294123,1.54565,40,0,29,23,28,0,-2,0,0,2,55,3828,3829,2,131,35,711,35493,35354,108,2,82,98,7656,0,0,0,0,1,212,0,0,10,3876,0,0,0,0,0,0,0,0,159,-143,0,0,16
2410.72,0,0,0,0,37,139,1.54168,0.00292419,1.54566,40,0,29,23,28,0,-2,0,0,2,55,3828,3829,3,131,35,711,35493,35354,108,2,82,98,11484,0,0,0,0,1,1,0,101,5,3884,0,0,0,0,0,0,0,0,159,-71,0,0,16
2410.73,0,0,0,0,38,139,1.54199,0.00290715,1.54566,40,0,29,23,28,0,-2,0,0,2,55,3828,3829,3,131,35,711,35493,35354,108,2,82,98,11484,0,0,0,0,1,0,14,60,5,3884,0,0,0,0,0,0,0,0,159,-52,0,0,17
2410.74,0,0,0,0,38,140,1.54231,0.00289011,1.54567,40,0,29,23,28,0,-2,0,0,2,55,3828,3829,2,131,35,711,35493,35354,108,2,82,98,7656,0,0,0,0,1,0,204,0,9,3887,0,0,0,0,0,0,0,0,169,-136,0,0,17
2410.75,0,0,0,0,38,140,1.54263,0.00287307,1.54568,40,0,29,23,28,0,-2,0,0,2,55,3828,3829,2,131,35,711,35493,35354,108,2,82,98,7656,0,0,0,0,1,0,204,0,9,3887,0,0,0,0,0,0,0,0,169,-78,0,0,17
2410.76,0,0,0,0,39,154,1.54295,0.00285603,1.54568,40,0,29,23,28,0,-2,0,0,2,55,3828,3830,2,131,35,711,35493,35354,108,2,82,98,7656,0,0,0,0,1,117,0,9,5,3880,0,0,0,0,0,0,0,0,169,-78,0,0,17
2410.77,0,0,0,0,39,153,1.54327,0.00283899,1.54569,40,0,29,23,28,0,-2,0,0,2,55,3828,3830,4,131,35,711,35493,35354,108,2,82,98,15312,0,0,0,0,1,0,10,161,5,3880,0,0,0,0,0,0,0,0,169,-98,0,0,17
2410.78,0,0,0,0,39,158,1.54358,0.00282195,1.5457,40,0,29,23,28,0,-2,0,0,2,55,3828,3830,2,131,35,711,35493,35354,108,2,82,98,7656,0,0,0,0,1,0,122,0,8,3874,0,0,0,0,0,0,0,0,169,-77,0,0,17
2410.79,0,0,0,0,40,162,1.5439,0.00280491,1.5457,40,0,29,23,28,0,-2,0,0,2,55,3828,3830,2,131,35,711,35493,35354,108,2,82,98,7656,0,0,0,0,1,82,0,7,4,3880,0,0,0,0,0,0,0,0,169,-56,0,0,18
2410.8,0,0,0,0,40,164,1.54422,0.00278787,1.54571,40,0,29,23,28,0,-2,0,0,2,55,3827,3830,4,131,35,711,35492,35354,108,2,82,98,15308,0,0,0,0,1,0,0,114,8,3889,0,0,0,0,0,0,0,0,179,-86,0,0,18
2410.81,0,0,0,0,41,164,1.54429,0.00278381,1.54577,40,0,29,23,28,0,-2,0,0,2,55,3827,3830,3,131,35,711,35492,35354,108,2,82,98,11481,0,0,0,0,1,0,0,114,8,3889,0,0,0,0,0,0,0,0,179,-55,0,0,18
2410.82,0,0,0,0,41,168,1.54436,0.00277975,1.54584,40,0,29,23,28,0,-2,0,0,2,55,3827,3830,4,131,35,711,35492,35354,108,2,82,98,15308,0,0,0,0,1,0,88,0,5,3882,0,0,0,0,0,0,0,0,179,-55,0,0,18
2410.83,0,0,0,0,41,173,1.54443,0.00277569,1.5459,40,0,29,23,28,0,-2,0,0,2,55,3827,3830,4,131,35,711,35492,35354,108,2,82,98,15308,0,0,0,0,1,112,0,0,7,3882,0,0,0,0,0,0,0,0,179,-83,0,0,18
2410.84,0,0,0,0,41,179,1.5445,0.00277164,1.54596,40,0,29,23,28,0,-2,0,0,2,55,3827,3830,2,131,35,711,35492,35354,108,2,82,98,7654,0,0,0,0,1,0,6,130,5,3887,0,0,0,0,0,0,0,0,179,-80,0,0,18
2410.85,0,0,0,0,42,175,1.54457,0.00276758,1.54603,40,0,29,23,28,0,-2,0,0,2,55,3827,3830,5,131,35,711,35492,35354,108,2,82,98,19135,0,0,0,0,1,1,211,0,10,3872,0,0,0,0,0,0,0,0,179,-146,0,0,19
2410.86,0,0,0,0,42,190,1.54464,0.00276352,1.54609,40,0,29,23,28,0,-2,0,0,2,55,3827,3830,3,131,35,711,35492,35354,108,2,82,98,11481,0,0,0,0,1,112,0,9,7,3872,0,0,0,0,0,0,0,0,189,-75,0,0,19
2410.87,0,0,0,0,42,190,1.54471,0.00275946,1.54615,40,0,29,23,28,0,-2,0,0,2,55,3827,3830,3,131,35,711,35492,35354,108,2,82,98,11481,0,0,0,0,1,112,0,9,7,3872,0,0,0,0,0,0,0,0,189,-63,0,0,19
2410.88,0,0,0,0,43,187,1.54477,0.0027554,1.54621,40,0,29,23,28,0,-2,0,0,2,55,3827,3830,4,131,35,711,35492,35354,108,2,82,98,15308,0,0,0,0,1,0,61,35,7,3880,0,0,0,0,0,0,0,0,189,-63,0,0,19
2410.89,0,0,0,0,43,195,1.54484,0.00275134,1.54628,40,0,29,23,28,0,-2,0,0,2,55,3827,3830,2,131,35,711,35492,35354,108,2,82,98,7654,0,0,0,0,1,193,10,0,12,3884,0,0,0,0,0,0,0,0,189,-132,0,0,19
2410.9,0,0,0,0,43,208,1.54491,0.00274728,1.54634,40,0,29,23,28,0,-2,0,0,2,55,3827,3830,4,131,35,711,35486,35343,107,2,82,98,15308,0,0,0,0,1,1,0,105,5,3878,0,0,0,0,0,0,0,0,189,-53,0,0,19
2410.91,0,0,0,0,44,200,1.54447,0.00276988,1.5463,40,0,29,23,28,0,-2,0,0,2,55,3827,3830,4,131,35,711,35486,35343,107,2,82,98,15308,0,0,0,0,1,1,280,0,18,3878,0,0,0,0,0,0,0,0,189,-187,0,0,20
2410.92,0,0,0,0,44,222,1.54403,0.00279248,1.54625,40,0,29,23,28,0,-2,0,0,2,55,3827,3830,3,131,35,711,35486,35343,107,2,82,98,11481,0,0,0,0,1,83,0,17,7,3876,0,0,0,0,0,0,0,0,199,-59,0,0,20
2410.93,0,0,0,0,44,222,1.54359,0.00281508,1.54621,40,0,29,23,28,0,-2,0,0,2,55,3827,3830,5,131,35,711,35486,35343,107,2,82,98,19135,0,0,0,0,1,83,0,17,7,3876,0,0,0,0,0,0,0,0,199,-254,0,0,20
2410.94,0,0,0,0,45,206,1.54315,0.00283768,1.54616,40,0,29,23,28,0,-2,0,0,2,55,3827,3830,6,131,35,711,35486,35343,107,2,82,98,22962,0,0,0,0,1,0,360,0,21,3878,0,0,0,0,0,0,0,0,199,-254,0,0,20
2410.95,0,0,0,0,45,235,1.54271,0.00286029,1.54612,40,0,29,23,28,0,-2,0,0,2,55,3827,3830,6,131,35,711,35486,35343,107,2,82,98,22962,0,0,0,0,1,91,0,0,8,3880,0,0,0,0,0,0,0,0,199,-60,0,0,20
2410.96,0,0,0,0,45,228,1.54227,0.00288289,1.54607,40,0,29,23,28,0,-2,0,0,2,55,3828,3830,7,131,35,711,35486,35343,107,2,82,98,26796,0,0,0,0,1,0,94,179,14,3878,0,0,0,0,0,0,0,0,199,-142,0,0,20
2410.97,0,0,0,0,45,241,1.54183,0.00290549,1.54603,40,0,29,23,28,0,-2,0,0,2,55,3828,3830,6,131,35,711,35486,35343,107,2,82,98,22968,0,0,0,0,1,275,0,0,20,3876,0,0,0,0,0,0,0,0,199,-183,0,0,20
2410.98,0,0,0,0,46,240,1.54139,0.00292809,1.54598,40,0,29,23,28,0,-2,0,0,2,55,3827,3830,4,131,35,711,35486,35343,107,2,82,98,15308,0,0,0,0,1,0,0,218,13,3882,0,0,0,0,0,0,0,0,199,-157,0,0,20
2410.99,0,0,0,0,46,240,1.54095,0.00295069,1.54594,40,0,29,23,28,0,-2,0,0,2,55,3827,3830,4,131,35,711,35486,35343,107,2,82,98,15308,0,0,0,0,1,0,0,218,13,3882,0,0,0,0,0,0,0,0,199,-259,0,0,20
2411,0,0,0,0,46,245,1.54051,0.00297329,1.54589,40,0,29,23,28,0,-2,0,0,2,55,3827,3830,4,131,35,711,35483,35338,108,2,65,98,15308,0,0,0,0,1,386,0,0,25,3867,0,0,0,0,0,0,0,0,199,-259,0,0,20
2411.01,0,0,0,0,47,264,1.54075,0.00296099,1.54615,40,0,29,23,28,0,-2,0,0,2,55,3827,3830,5,131,35,711,35483,35338,108,2,65,98,19135,0,0,0,0,1,0,14,130,9,3876,0,0,0,0,0,0,0,0,199,-104,0,0,21
2411.02,0,0,0,0,47,255,1.54099,0.00294869,1.5464,40,0,29,23,28,0,-2,0,0,2,55,3827,3830,7,131,35,711,35483,35338,108,2,65,98,26789,0,0,0,0,1,446,0,0,28,3874,0,0,0,0,0,0,0,0,209,-275,0,0,21
2411.03,0,0,0,0,47,283,1.54123,0.00293639,1.54666,40,0,29,23,28,0,-2,0,0,2,55,3827,3830,7,131,35,711,35483,35338,108,2,65,98,26789,0,0,0,0,1,0,117,0,8,3882,0,0,0,0,0,0,0,0,209,-84,0,0,21
2411.04,0,0,0,0,47,272,1.54147,0.00292408,1.54692,40,0,29,23,28,0,-2,0,0,2,55,3827,3830,5,131,35,711,35483,35338,108,2,65,98,19135,0,0,0,0,1,358,0,0,21,3863,0,0,0,0,0,0,0,0,209,-246,0,0,21
2411.05,0,0,0,0,48,272,1.54171,0.00291178,1.54717,40,0,29,23,28,0,-2,0,0,2,55,3827,3830,6,131,35,711,35483,35338,108,2,65,98,22962,0,0,0,0,1,358,0,0,21,3863,0,0,0,0,0,0,0,0,209,-67,0,0,21
2411.06,0,0,0,0,48,298,1.54195,0.00289948,1.54743,40,0,29,23,28,0,-2,0,0,2,55,3827,3830,5,131,35,711,35483,35338,108,2,65,98,19135,0,0,0,0,1,0,96,0,8,3887,0,0,0,0,0,0,0,0,209,-67,0,0,21
2411.07,0,0,0,0,48,289,1.54219,0.00288718,1.54769,40,0,29,23,28,0,-2,0,0,2,55,3827,3830,5,131,35,711,35483,35338,108,2,65,98,19135,0,0,0,0,1,0,0,351,21,3874,0,0,0,0,0,0,0,0,209,-238,0,0,21
2411.08,0,0,0,0,48,305,1.54243,0.00287487,1.54794,40,0,29,23,28,0,-2,0,0,2,55,3827,3830,8,131,35,711,35483,35338,108,2,65,98,30616,0,0,0,0,1,105,0,0,8,3867,0,0,0,0,0,0,0,0,209,-66,0,0,21
2411.09,0,0,0,0,49,300,1.54267,0.00286257,1.5482,40,0,29,23,28,0,-2,0,0,2,55,3827,3830,6,131,35,711,35483,35338,108,2,65,98,22962,0,0,0,0,1,0,24,214,13,3880,0,0,0,0,0,0,0,0,209,-140,0,0,22
2411.1,0,0,0,0,49,309,1.54291,0.00285027,1.54846,40,0,29,23,28,0,-2,0,0,2,55,3827,3830,4,131,35,711,35486,35342,108,2,82,98,15308,0,0,0,0,1,253,0,0,19,3874,0,0,0,0,0,0,0,0,219,-176,0,0,22
2411.11,0,0,0,0,49,309,1.5429,0.00286628,1.54853,40,0,29,23,28,0,-2,0,0,2,55,3827,3830,4,131,35,711,35486,35342,108,2,82,98,15308,0,0,0,0,1,253,0,0,19,3874,0,0,0,0,0,0,0,0,219,-92,0,0,22
2411.12,0,0,0,0,49,321,1.5429,0.00288229,1.5486,40,0,29,23,28,0,-2,0,0,2,55,3827,3830,4,131,35,711,35486,35342,108,2,82,98,15308,0,0,0,0,1,0,135,0,8,3880,0,0,0,0,0,0,0,0,219,-92,0,0,22
2411.13,0,0,0,0,50,326,1.5429,0.0028983,1.54868,40,0,29,23,28,0,-2,0,0,2,55,3827,3830,8,131,35,711,35486,35342,108,2,82,98,30616,0,0,0,0,1,0,16,269,18,3880,0,0,0,0,0,0,0,0,219,-143,0,0,22
2411.14,0,0,0,0,50,330,1.54289,0.00291431,1.54875,40,0,29,23,28,0,-2,0,0,2,55,3827,3830,7,131,35,711,35486,35342,108,2,82,98,26789,0,0,0,0,1,147,0,0,10,3867,0,0,0,0,0,0,0,0,219,-104,0,0,22
2411.15,0,0,0,0,50,328,1.54289,0.00293032,1.54883,40,0,29,23,28,0,-2,0,0,2,55,3827,3830,7,131,35,711,35486,35342,108,2,82,98,26789,0,0,0,0,1,0,278,0,22,3872,0,0,0,0,0,0,0,0,219,-179,0,0,22
2411.16,0,0,0,0,51,347,1.54289,0.00294633,1.5489,40,0,29,23,28,0,-2,0,0,2,55,3827,3830,6,131,35,711,35486,35342,108,2,82,98,22962,0,0,0,0,1,0,8,185,10,3878,0,0,0,0,0,0,0,0,219,-108,0,0,23
2411.17,0,0,0,0,51,347,1.54289,0.00296234,1.54897,40,0,29,23,28,0,-2,0,0,2,55,3827,3830,10,131,35,711,35486,35342,108,2,82,98,38270,0,0,0,0,1,0,8,185,10,3878,0,0,0,0,0,0,0,0,229,-260,0,0,23
2411.18,0,0,0,0,51,336,1.54288,0.00297834,1.54905,40,0,29,23,28,0,-2,0,0,2,55,3828,3830,3,131,35,711,35486,35342,108,2,82,98,11484,0,0,0,0,1,382,0,0,29,3872,0,0,0,0,0,0,0,0,229,-260,0,0,23
2411.19,0,0,0,0,52,362,1.54288,0.00299435,1.54912,40,0,29,23,28,0,-2,0,0,2,55,3828,3830,3,131,35,711,35486,35342,108,2,82,98,11484,0,0,0,0,1,7,137,0,10,3876,0,0,0,0,0,0,0,0,229,-81,0,0,23
2411.2,0,0,0,0,52,357,1.54288,0.00301036,1.5492,40,0,29,23,28,0,-2,0,0,2,56,3827,3830,8,131,35,711,35488,35347,108,2,82,98,30616,0,0,0,0,1,0,157,126,20,3880,0,0,0,0,0,0,0,0,229,-157,0,0,23
2411.21,0,0,0,0,52,370,1.54274,0.00299485,1.54896,40,0,29,23,28,0,-2,0,0,2,56,3827,3830,6,131,35,711,35488,35347,108,2,82,98,22962,0,0,0,0,1,0,0,193,16,3874,0,0,0,0,0,0,0,0,229,-128,0,0,23
2411.22,0,0,0,0,52,367,1.54261,0.00297934,1.54872,40,0,29,23,28,0,-2,0,0,2,56,3828,3830,8,131,35,711,35488,35347,108,2,82,98,30624,0,0,0,0,1,228,0,0,16,3874,0,0,0,0,0,0,0,0,229,-136,0,0,23
2411.23,0,0,0,0,52,367,1.54247,0.00296383,1.54849,40,0,29,23,28,0,-2,0,0,2,56,3828,3830,8,131,35,711,35488,35347,108,2,82,98,30624,0,0,0,0,1,228,0,0,16,3874,0,0,0,0,0,0,0,0,229,-105,0,0,23
2411.24,0,0,0,0,53,384,1.54234,0.00294832,1.54825,40,0,29,23,28,0,-2,0,0,2,56,3828,3831,7,131,35,711,35488,35347,108,2,82,98,26796,0,0,0,0,1,1,155,0,13,3867,0,0,0,0,0,0,0,0,229,-105,0,0,24
2411.25,0,0,0,0,53,384,1.54221,0.00293281,1.54802,40,0,29,23,28,0,-2,0,0,2,56,3828,3831,22,131,35,711,35488,35347,108,2,82,98,84216,0,0,0,0,1,0,120,7,13,3874,0,0,0,0,0,0,0,0,229,-84,0,0,24
2411.26,0,0,0,0,53,394,1.54207,0.0029173,1.54778,40,0,29,23,28,0,-2,0,0,2,56,3827,3831,11,131,35,711,35488,35347,108,2,82,98,42097,0,0,0,0,1,0,0,251,20,3882,0,0,0,0,0,0,0,0,240,-142,0,0,24
2411.27,0,0,0,0,53,405,1.54194,0.00290178,1.54755,40,0,29,23,28,0,-2,0,0,2,56,3827,3831,11,131,35,711,35488,35347,108,2,82,98,42097,0,0,0,0,1,159,0,13,13,3874,0,0,0,0,0,0,0,0,240,-114,0,0,24
2411.28,0,0,0,0,53,404,1.5418,0.00288627,1.54731,40,0,29,23,28,0,-2,0,0,2,56,3827,3831,18,131,35,711,35488,35347,108,2,82,98,68886,0,0,0,0,1,290,0,0,22,3872,0,0,0,0,0,0,0,0,240,-191,0,0,24
2411.29,0,0,0,0,53,404,1.54167,0.00287076,1.54708,40,0,29,23,28,0,-2,0,0,2,56,3827,3831,8,131,35,711,35488,35347,108,2,82,98,30616,0,0,0,0,1,290,0,0,22,3872,0,0,0,0,0,0,0,0,240,-122,0,0,24
2411.3,0,0,0,0,53,418,1.54153,0.00285525,1.54684,40,0,29,23,28,0,-2,0,0,2,55,3827,3831,14,131,35,711,35482,35335,107,2,65,98,53578,0,0,0,0,1,7,178,0,14,3874,0,0,0,0,0,0,0,0,240,-122,0,0,24
2411.31,0,0,0,0,53,411,1.54147,0.00286671,1.54686,40,0,29,23,28,0,-2,0,0,2,55,3827,3831,14,131,35,711,35482,35335,107,2,65,98,53578,0,0,0,0,1,0,352,0,30,3874,0,0,0,0,0,0,0,0,240,-236,0,0,24
2411.32,0,0,0,0,54,431,1.54141,0.00287818,1.54688,40,0,29,23,28,0,-2,0,0,2,55,3823,3833,11,131,35,711,35482,35335,107,2,65,98,42053,0,0,0,0,1,0,8,200,18,3880,0,0,0,0,0,0,0,0,240,-131,0,0,24
2411.33,0,0,0,0,54,421,1.54135,0.00288964,1.5469,40,0,29,23,28,0,-2,0,0,2,55,3823,3833,26,131,35,711,35482,35335,107,2,65,98,99398,0,0,0,0,1,0,0,402,30,3869,0,0,0,0,0,0,0,0,240,-261,0,0,24
2411.34,0,0,0,0,54,440,1.54129,0.0029011,1.54692,40,0,29,23,28,0,-2,0,0,2,55,3826,3833,14,131,35,711,35482,35335,107,2,65,98,53564,0,0,0,0,1,89,0,93,19,3872,0,0,0,0,0,0,0,0,240,-106,0,0,24
2411.35,0,0,0,0,54,440,1.54123,0.00291256,1.54694,40,0,29,23,28,0,-2,0,0,2,55,3826,3833,14,131,35,711,35482,35335,107,2,65,98,53564,0,0,0,0,1,89,0,93,19,3872,0,0,0,0,0,0,0,0,240,-165,0,0,24
2411.36,0,0,0,0,54,440,1.54117,0.00292403,1.54696,40,0,29,23,28,0,-2,0,0,2,55,3826,3833,15,131,35,711,35482,35335,107,2,65,98,57390,0,0,0,0,1,251,0,0,19,3876,0,0,0,0,0,0,0,0,240,-165,0,0,24
2411.37,0,0,0,0,55,451,1.54111,0.00293549,1.54698,40,0,29,23,28,0,-2,0,0,2,55,3826,3833,9,131,35,711,35482,35335,107,2,65,98,34434,0,0,0,0,1,234,0,0,23,3869,0,0,0,0,0,0,0,0,240,-162,0,0,24
2411.38,0,0,0,0,55,462,1.54105,0.00294695,1.547,40,0,29,23,28,0,-2,0,0,2,55,3826,3833,17,131,35,711,35482,35335,107,2,65,98,65042,0,0,0,0,1,165,0,0,14,3876,0,0,0,0,0,0,0,0,240,-109,0,0,24
2411.39,0,0,0,0,55,465,1.54099,0.00295841,1.54702,40,0,29,23,28,0,-2,0,0,2,55,3826,3833,17,131,35,711,35482,35335,107,2,65,98,65042,0,0,0,0,1,60,204,0,24,3874,0,0,0,0,0,0,0,0,240,-159,0,0,24
2411.4,0,0,0,0,55,480,1.54093,0.00296988,1.54704,40,0,29,23,28,0,-2,0,0,2,56,3824,3833,13,131,35,711,35463,35303,107,2,65,98,49712,0,0,0,0,1,9,164,0,14,3880,0,0,0,0,0,0,0,0,240,-111,0,0,24
2411.41,0,0,0,0,56,480,1.54093,0.0029685,1.5466,40,0,29,23,28,0,-2,0,0,2,56,3824,3833,23,131,35,711,35463,35303,107,2,65,98,87952,0,0,0,0,1,9,164,0,14,3880,0,0,0,0,0,0,0,0,240,-192,0,0,25
2411.42,0,0,0,0,56,476,1.54092,0.00296712,1.54616,40,0,29,23,28,0,-2,0,0,2,56,3826,3833,11,131,35,711,35463,35303,107,2,65,98,42086,0,0,0,0,1,0,290,0,28,3872,0,0,0,0,0,0,0,0,240,-192,0,0,25
2411.43,0,0,0,0,56,496,1.54092,0.00296574,1.54572,40,0,29,23,28,0,-2,0,0,2,56,3826,3833,11,131,35,711,35463,35303,107,2,65,98,42086,0,0,0,0,1,0,170,0,16,3878,0,0,0,0,0,0,0,0,250,-118,0,0,25
2411.44,0,0,0,0,56,487,1.54092,0.00296436,1.54528,40,0,29,23,28,0,-2,0,0,2,56,3825,3833,13,131,35,711,35463,35303,107,2,65,98,49725,0,0,0,0,1,0,301,0,30,3867,0,0,0,0,0,0,0,0,250,-188,0,0,25
2411.45,0,0,0,0,57,509,1.54092,0.00296298,1.54484,40,0,29,23,28,0,-2,0,0,2,56,3825,3833,11,131,35,711,35463,35303,107,2,65,98,42075,0,0,0,0,1,0,182,0,20,3878,0,0,0,0,0,0,0,0,250,-122,0,0,25
2411.46,0,0,0,0,57,499,1.54092,0.0029616,1.5444,40,0,29,23,28,0,-2,0,0,2,56,3822,3833,20,131,35,711,35463,35303,107,2,65,98,76440,0,0,0,0,1,0,307,0,29,3869,0,0,0,0,0,0,0,0,250,-200,0,0,25
2411.47,0,0,0,0,57,499,1.54092,0.00296022,1.54396,40,0,29,23,28,0,-2,0,0,2,56,3822,3833,20,131,35,711,35463,35303,107,2,65,98,76440,0,0,0,0,1,0,307,0,29,3869,0,0,0,0,0,0,0,0,250,-134,0,0,25
2411.48,0,0,0,0,57,523,1.54091,0.00295884,1.54352,40,0,29,23,28,0,-2,0,0,2,56,3822,3833,18,131,35,711,35463,35303,107,2,65,98,68796,0,0,0,0,1,5,198,0,24,3878,0,0,0,0,0,0,0,0,250,-134,0,0,25
2411.49,0,0,0,0,57,520,1.54091,0.00295746,1.54308,40,0,29,23,28,0,-2,0,0,2,56,3822,3833,27,131,35,711,35463,35303,107,2,65,98,103194,0,0,0,0,1,29,246,0,23,3874,0,0,0,0,0,0,0,0,250,-162,0,0,25
2411.5,0,0,0,0,58,536,1.54091,0.00295608,1.54264,40,0,29,23,28,0,-2,0,0,2,56,3822,3833,10,131,35,711,35443,35280,108,2,68,98,38220,0,0,0,0,1,171,18,0,27,3872,0,0,0,0,0,0,0,0,250,-133,0,0,26
2411.51,0,0,0,0,58,536,1.54051,0.00294772,1.54264,40,0,29,23,28,0,-2,0,0,1.9,56,3822,3833,10,131,35,711,35443,35280,108,2,68,98,38220,0,0,0,0,1,265,0,0,22,3872,0,0,0,0,0,0,0,0,260,-168,0,0,26
2411.52,0,0,0,0,58,549,1.54012,0.00293937,1.54264,40,0,29,23,28,0,-2,0,0,1.8,56,3819,3833,18,131,35,711,35443,35280,108,2,68,98,68742,0,0,0,0,1,206,0,0,27,3872,0,0,0,0,0,0,0,0,260,-133,0,0,26
2411.53,0,0,0,0,58,549,1.53972,0.00293101,1.54264,40,0,29,23,28,0,-2,0,0,1.7,56,3819,3833,11,131,35,711,35443,35280,108,2,68,98,42009,0,0,0,0,1,206,0,0,27,3872,0,0,0,0,0,0,0,0,260,-145,0,0,26
2411.54,0,0,0,0,59,553,1.53932,0.00292266,1.54264,40,0,29,23,28,0,-2,0,0,1.6,56,3821,3833,23,131,35,711,35443,35280,108,2,68,98,87883,0,0,0,0,1,200,0,65,21,3884,0,0,0,0,0,0,0,0,260,-145,0,0,26
2411.55,0,0,0,0,59,561,1.53893,0.0029143,1.54263,40,0,29,23,28,0,-2,0,0,1.5,56,3821,3833,23,131,35,711,35443,35280,108,2,68,98,87883,0,0,0,0,1,0,0,294,29,3869,0,0,0,0,0,0,0,0,260,-197,0,0,26
2411.56,0,0,0,0,59,566,1.53853,0.00290595,1.54263,40,0,29,23,28,0,-2,0,0,1.4,56,3825,3836,15,131,35,711,35443,35280,108,2,68,98,57375,0,0,0,0,1,0,20,235,21,3874,0,0,0,0,0,0,0,0,260,-141,0,0,26
2411.57,0,0,0,0,60,566,1.53813,0.00289759,1.54263,40,0,29,23,28,0,-2,0,0,1.3,56,3825,3836,20,131,35,711,35443,35280,108,2,68,98,76500,0,0,0,0,1,0,246,29,34,3874,0,0,0,0,0,0,0,0,260,-189,0,0,27
2411.58,0,0,0,0,60,582,1.53774,0.00288924,1.54263,40,0,29,23,28,0,-2,0,0,1.2,56,3825,3836,12,131,35,711,35443,35280,108,2,68,98,45900,0,0,0,0,1,0,166,0,19,3889,0,0,0,0,0,0,0,0,270,-105,0,0,27
2411.59,0,0,0,0,60,582,1.53734,0.00288088,1.54263,40,0,29,23,28,0,-2,0,0,1.1,56,3825,3836,12,131,35,711,35443,35280,108,2,68,98,45900,0,0,0,0,1,0,166,0,19,3889,0,0,0,0,0,0,0,0,270,-174,0,0,27
2411.6,0,0,0,0,61,577,1.53694,0.00287253,1.54263,40,0,29,23,28,0,-2,0,0,1,56,3821,3836,19,131,35,711,35435,35271,108,2,68,98,72599,0,0,0,0,1,185,108,0,31,3872,0,0,0,0,0,0,0,0,270,-174,0,0,27
2411.61,0,0,0,0,61,597,1.53726,0.00288929,1.54258,40,0,29,23,28,0,-2,0,0,1,56,3821,3836,17,131,35,711,35435,35271,108,2,68,98,64957,0,0,0,0,1,161,0,0,20,3867,0,0,0,0,0,0,0,0,270,-111,0,0,27
2411.62,0,0,0,0,61,591,1.53758,0.00290605,1.54252,40,0,29,23,28,0,-2,0,0,1,56,3821,3836,30,131,35,711,35435,35271,108,2,68,98,114630,0,0,0,0,1,0,0,322,32,3863,0,0,0,0,0,0,0,0,270,-215,0,0,27
2411.63,0,0,0,0,62,608,1.53789,0.00292281,1.54247,40,0,29,23,28,0,-2,0,0,1,56,3821,3836,30,131,35,711,35435,35271,108,2,68,98,114630,0,0,0,0,1,0,26,200,25,3878,0,0,0,0,0,0,0,0,270,-148,0,0,28
2411.64,0,0,0,0,62,603,1.53821,0.00293958,1.54242,40,0,29,23,28,0,-2,0,0,1,56,3819,3836,27,131,35,711,35435,35271,108,2,68,98,103113,0,0,0,0,1,0,422,0,41,3869,0,0,0,0,0,0,0,0,280,-250,0,0,28
2411.65,0,0,0,0,63,603,1.53852,0.00295634,1.54237,40,0,29,23,28,0,-2,0,0,1,56,3819,3836,35,131,35,711,35435,35271,108,2,68,98,133665,0,0,0,0,1,0,422,0,41,3869,0,0,0,0,0,0,0,0,280,-136,0,0,28
2411.66,0,0,0,0,63,614,1.53884,0.0029731,1.54232,40,0,29,23,28,0,-2,0,0,1,56,3819,3836,15,131,35,711,35435,35271,108,2,68,98,57285,0,0,0,0,1,187,6,0,27,3872,0,0,0,0,0,0,0,0,280,-136,0,0,28
2411.67,0,0,0,0,64,606,1.53916,0.00298986,1.54226,40,0,29,23,28,0,-2,0,0,1,56,3819,3836,15,131,35,711,35435,35271,108,2,68,98,57285,0,0,0,0,1,314,0,32,34,3856,0,0,0,0,0,0,0,0,280,-225,0,0,28
2411.68,0,0,0,0,64,621,1.53947,0.00300662,1.54221,40,0,29,23,28,0,-2,0,0,1,56,3822,3836,17,131,35,711,35435,35271,108,2,68,98,64974,0,0,0,0,1,0,0,392,43,3876,0,0,0,0,0,0,0,0,280,-224,0,0,28
2411.69,0,0,0,0,65,630,1.53979,0.00302338,1.54216,40,0,29,23,28,0,-2,0,0,1,56,3822,3836,16,131,35,711,35435,35271,108,2,68,98,61152,0,0,0,0,1,0,290,0,30,3865,0,0,0,0,0,0,0,0,280,-193,0,0,29
2411.7,0,0,0,0,65,632,1.5401,0.00304014,1.54211,40,0,29,23,28,0,-2,0,0,1,56,3822,3836,26,131,35,711,35436,35269,108,2,65,98,99372,0,0,0,0,1,284,199,0,55,3858,0,0,0,0,0,0,0,0,290,-285,0,0,29
2411.71,0,0,0,0,66,632,1.53944,0.00308272,1.54219,40,0,29,23,28,0,-2,0,0,1,56,3822,3836,26,131,35,711,35436,35269,108,2,65,98,99372,0,0,0,0,1,284,199,0,55,3858,0,0,0,0,0,0,0,0,290,-187,0,0,29
2411.72,0,0,0,0,66,641,1.53878,0.00312529,1.54227,40,0,29,23,28,0,-2,0,0,1,56,3822,3836,27,131,35,711,35436,35269,108,2,65,98,103194,0,0,0,0,1,246,0,83,32,3872,0,0,0,0,0,0,0,0,290,-187,0,0,29
2411.73,0,0,0,0,67,642,1.53812,0.00316786,1.54236,40,0,29,23,28,0,-2,0,0,1,56,3822,3836,29,131,35,711,35436,35269,108,2,65,98,110838,0,0,0,0,1,0,24,448,57,3856,0,0,0,0,0,0,0,0,290,-328,0,0,30
2411.74,0,0,0,0,67,651,1.53746,0.00321043,1.54244,40,0,29,23,28,0,-2,0,0,1,56,3822,3836,19,131,35,711,35436,35269,108,2,65,98,72618,0,0,0,0,1,9,286,0,33,3869,0,0,0,0,0,0,0,0,300,-194,0,0,30
2411.75,0,0,0,0,68,635,1.5368,0.003253,1.54252,40,0,29,23,28,0,-2,0,0,1,56,3822,3836,19,131,35,711,35436,35269,108,2,65,98,72618,0,0,0,0,1,669,0,0,72,3854,0,0,0,0,0,0,0,0,300,-393,0,0,30
2411.76,0,0,0,0,68,666,1.53614,0.00329557,1.5426,40,0,29,23,28,0,-2,0,0,1,56,3820,3836,23,131,35,711,35436,35269,108,2,65,98,87860,0,0,0,0,1,0,0,333,35,3863,0,0,0,0,0,0,0,0,300,-183,0,0,30
2411.77,0,0,0,0,69,666,1.53548,0.00333814,1.54269,40,0,29,23,28,0,-2,0,0,1,56,3816,3836,21,131,35,711,35436,35269,108,2,65,98,80136,0,0,0,0,1,0,0,333,35,3863,0,0,0,0,0,0,0,0,300,-431,0,0,31
2411.78,0,0,0,0,70,648,1.53482,0.00338071,1.54277,40,0,29,23,28,0,-2,0,0,1,56,3816,3836,41,131,35,711,35436,35269,108,2,65,98,156456,0,0,0,0,1,0,696,0,76,3856,0,0,0,0,0,0,0,0,300,-431,0,0,31
2411.79,0,0,0,0,70,665,1.53416,0.00342328,1.54285,40,0,29,23,28,0,-2,0,0,1,56,3816,3836,41,131,35,711,35436,35269,108,2,65,98,156456,0,0,0,0,1,351,0,0,41,3863,0,0,0,0,0,0,0,0,310,-212,0,0,31
2411.8,0,0,0,0,71,644,1.5335,0.00346585,1.54293,40,0,29,23,28,0,-2,0,0,1,57,3820,3836,35,131,35,711,35429,35255,108,2,65,98,133700,0,0,0,0,1,0,0,651,74,3858,0,0,0,0,0,0,0,0,310,-433,0,0,32
2411.81,0,0,0,0,71,668,1.53404,0.00356296,1.54238,40,0,29,23,28,0,-2,0,0,1,57,3821,3836,32,131,35,711,35429,35255,108,2,65,98,122272,0,0,0,0,1,0,372,0,47,3867,0,0,0,0,0,0,0,0,319,-237,0,0,32
2411.82,0,0,0,0,72,642,1.53458,0.00366006,1.54184,40,0,29,23,28,0,-2,0,0,1,57,3821,3836,20,131,35,711,35429,35255,108,2,65,98,76420,0,0,0,0,1,544,96,0,74,3848,0,0,0,0,0,0,0,0,319,-406,0,0,32
2411.83,0,0,0,0,72,642,1.53512,0.00375716,1.54129,40,0,29,23,28,0,-2,0,0,1,57,3821,3836,20,131,35,711,35429,35255,108,2,65,98,76420,0,0,0,0,1,544,96,0,74,3848,0,0,0,0,0,0,0,0,319,-225,0,0,32
2411.84,0,0,0,0,72,660,1.53566,0.00385427,1.54074,40,0,29,23,28,0,-2,0,0,1,57,3819,3836,21,131,35,711,35429,35255,108,2,65,98,80199,0,0,0,0,1,87,0,316,49,3867,0,0,0,0,0,0,0,0,319,-225,0,0,32
2411.85,0,0,0,0,73,631,1.53621,0.00395137,1.54019,40,0,29,23,28,0,-2,0,0,1,57,3819,3836,30,131,35,711,35429,35255,108,2,65,98,114570,0,0,0,0,1,0,211,587,79,3848,0,0,0,0,0,0,0,0,319,-480,0,0,32
2411.86,0,0,0,0,73,643,1.53675,0.00404847,1.53964,40,0,29,23,28,0,-2,0,0,1,57,3819,3836,32,131,35,711,35429,35255,108,2,65,98,122208,0,0,0,0,1,19,430,0,59,3856,0,0,0,0,0,0,0,0,319,-297,0,0,32
2411.87,0,0,0,0,74,620,1.53729,0.00414558,1.53909,40,0,29,23,28,0,-2,0,0,1,57,3819,3836,32,131,35,711,35429,35255,108,2,65,98,122208,0,0,0,0,1,739,0,0,70,3848,0,0,0,0,0,0,0,0,319,-431,0,0,33
2411.88,0,0,0,0,75,622,1.53783,0.00424268,1.53855,40,0,29,23,28,0,-2,0,0,1,57,3819,3836,35,131,35,711,35429,35255,108,2,65,98,133665,0,0,0,0,1,0,0,583,72,3858,0,0,0,0,0,0,0,0,329,-396,0,0,33
2411.89,0,0,0,0,75,622,1.53838,0.00433978,1.538,40,0,29,23,28,0,-2,0,0,1,57,3818,3836,24,131,35,711,35429,35255,108,2,65,98,91632,0,0,0,0,1,0,0,583,72,3858,0,0,0,0,0,0,0,0,329,-405,0,0,33
2411.9,0,0,0,0,76,610,1.53892,0.00443689,1.53745,40,0,29,23,28,0,-2,0,0,1,56,3818,3836,22,131,35,711,35413,35237,108,2,68,98,83996,0,0,0,0,1,0,169,464,62,3863,0,0,0,0,0,0,0,0,329,-405,0,0,34
2411.91,0,0,0,0,76,600,1.53867,0.00451191,1.53748,40,0,29,23,28,0,-2,0,0,1,56,3818,3836,22,131,35,711,35413,35237,108,2,68,98,83996,0,0,0,0,1,0,688,0,74,3856,0,0,0,0,0,0,0,0,329,-404,0,0,34
2411.92,0,0,0,0,77,583,1.53842,0.00458694,1.53751,40,0,29,23,28,0,-2,0,0,1,56,3821,3836,23,131,35,711,35413,35237,108,2,68,98,87883,0,0,0,0,1,376,301,0,64,3858,0,0,0,0,0,0,0,0,339,-397,0,0,34
2411.93,0,0,0,0,77,578,1.53817,0.00466197,1.53754,40,0,29,23,28,0,-2,0,0,1,56,3819,3836,32,131,35,711,35413,35237,108,2,68,98,122208,0,0,0,0,1,759,0,0,79,3854,0,0,0,0,0,0,0,0,339,-446,0,0,34
2411.94,0,0,0,0,78,566,1.53792,0.004737,1.53757,40,0,29,23,28,0,-2,0,0,1,56,3819,3836,37,131,35,711,35413,35237,108,2,68,98,141303,0,0,0,0,1,613,0,187,73,3850,0,0,0,0,0,0,0,0,339,-478,0,0,35
2411.95,0,0,0,0,79,566,1.53767,0.00481203,1.53761,40,0,29,23,28,0,-2,0,0,1,56,3819,3836,37,131,35,711,35413,35237,108,2,68,98,141303,0,0,0,0,1,613,0,187,73,3850,0,0,0,0,0,0,0,0,349,-537,0,0,35
2411.96,0,0,0,0,79,561,1.53742,0.00488705,1.53764,40,0,29,23,28,0,-2,0,0,1,56,3816,3836,45,131,35,711,35413,35237,108,2,68,98,171720,0,0,0,0,1,0,0,791,87,3850,0,0,0,0,0,0,0,0,349,-537,0,0,35
2411.97,0,0,0,0,80,554,1.53717,0.00496208,1.53767,40,0,29,23,28,0,-2,0,0,1,56,3816,3836,25,131,35,711,35413,35237,108,2,68,98,95400,0,0,0,0,1,0,0,798,77,3865,0,0,0,0,0,0,0,0,349,-471,0,0,36
2411.98,0,0,0,0,80,543,1.53692,0.00503711,1.5377,40,0,29,23,28,0,-2,0,0,1,56,3813,3836,35,131,35,711,35413,35237,108,2,68,98,133455,0,0,0,0,1,0,149,726,88,3846,0,0,0,0,0,0,0,0,359,-555,0,0,36
2411.99,0,0,0,0,80,541,1.53667,0.00511214,1.53773,40,0,29,23,28,0,-2,0,0,1,56,3813,3836,35,131,35,711,35413,35237,108,2,68,98,133455,0,0,0,0,1,0,565,226,79,3854,0,0,0,0,0,0,0,0,359,-468,0,0,36
2412,0,0,0,0,81,528,1.53642,0.00518717,1.53776,40,0,29,23,28,0,-2,0,0,1,57,3810,3838,32,131,35,711,35364,35166,108,2,68,98,121920,0,0,0,0,1,0,813,0,85,3846,0,0,0,0,0,0,0,0,359,-539,0,0,36
2412.01,0,0,0,0,81,528,1.53657,0.00512599,1.53817,40,0,29,23,28,0,-2,0,0,1,57,3810,3838,58,131,35,711,35364,35166,108,2,68,98,220980,0,0,0,0,1,0,813,0,85,3846,0,0,0,0,0,0,0,0,359,-454,0,0,36
2412.02,0,0,0,0,82,532,1.53673,0.00506482,1.53859,40,0,29,23,28,0,-2,0,0,1,57,3810,3838,44,131,35,711,35364,35166,108,2,68,98,167640,0,0,0,0,1,0,766,0,71,3861,0,0,0,0,0,0,0,0,359,-454,0,0,36
2412.03,0,0,0,0,83,510,1.53688,0.00500365,1.539,40,0,29,23,28,0,-2,0,0,1,57,3810,3838,44,131,35,711,35364,35166,108,2,68,98,167640,0,0,0,0,1,0,905,0,82,3848,0,0,0,0,0,0,0,0,359,-528,0,0,37
2412.04,0,0,0,0,83,517,1.53704,0.00494247,1.53941,40,0,29,23,28,0,-2,0,0,1,57,3816,3838,51,131,35,711,35364,35166,108,2,68,98,194616,0,0,0,0,1,0,592,0,62,3854,0,0,0,0,0,0,0,0,369,-371,0,0,37
2412.05,0,0,0,0,84,493,1.53719,0.0048813,1.53982,40,0,29,23,28,0,-2,0,0,1,57,3816,3838,36,131,35,711,35364,35166,108,2,68,98,137376,0,0,0,0,1,0,832,0,77,3854,0,0,0,0,0,0,0,0,369,-496,0,0,37
2412.06,0,0,0,0,84,506,1.53734,0.00482013,1.54024,40,0,29,23,28,0,-2,0,0,1,57,3816,3838,60,131,35,711,35364,35166,108,2,68,98,228960,0,0,0,0,1,0,469,0,51,3865,0,0,0,0,0,0,0,0,369,-298,0,0,37
2412.07,0,0,0,0,85,506,1.5375,0.00475895,1.54065,40,0,29,23,28,0,-2,0,0,1,57,3816,3838,60,131,35,711,35364,35166,108,2,68,98,228960,0,0,0,0,1,0,469,0,51,3865,0,0,0,0,0,0,0,0,369,-502,0,0,38
2412.08,0,0,0,0,85,477,1.53765,0.00469778,1.54106,40,0,29,23,28,0,-2,0,0,1,57,3816,3838,52,131,35,711,35364,35166,108,2,68,98,198432,0,0,0,0,1,0,856,0,72,3861,0,0,0,0,0,0,0,0,369,-502,0,0,38
2412.09,0,0,0,0,86,496,1.5378,0.00463661,1.54147,40,0,29,23,28,0,-2,0,0,1,57,3816,3838,79,131,35,711,35364,35166,108,2,68,98,301464,0,0,0,0,1,0,498,0,47,3869,0,0,0,0,0,0,0,0,379,-297,0,0,38
2412.1,0,0,0,0,87,466,1.53796,0.00457543,1.54189,40,0,29,23,28,0,-2,0,0,1,56,3816,3838,47,131,35,711,35392,35196,108,2,65,98,179352,0,0,0,0,1,0,790,0,71,3848,0,0,0,0,0,0,0,0,379,-525,0,0,39
2412.11,0,0,0,0,87,488,1.53792,0.00455805,1.54219,40,0,29,23,28,0,-2,0,0,1,56,3816,3838,47,131,35,711,35392,35196,108,2,65,98,179352,0,0,0,0,1,0,427,54,46,3865,0,0,0,0,0,0,0,0,389,-275,0,0,39
2412.12,0,0,0,0,88,460,1.53789,0.00454067,1.54249,40,0,29,23,28,0,-2,0,0,1,56,3806,3838,54,131,35,711,35392,35196,108,2,65,98,205524,0,0,0,0,1,0,243,630,71,3861,0,0,0,0,0,0,0,0,389,-551,0,0,39
2412.13,0,0,0,0,89,460,1.53785,0.00452329,1.5428,40,0,29,23,28,0,-2,0,0,1,56,3806,3838,52,131,35,711,35392,35196,108,2,65,98,197912,0,0,0,0,1,0,243,630,71,3861,0,0,0,0,0,0,0,0,389,-364,0,0,40
2412.14,0,0,0,0,89,479,1.53782,0.00450591,1.5431,40,0,29,23,28,0,-2,0,0,1,56,3806,3838,87,131,35,711,35392,35196,108,2,65,98,331122,0,0,0,0,1,0,32,534,52,3863,0,0,0,0,0,0,0,0,389,-364,0,0,40
2412.15,0,0,0,0,90,452,1.53778,0.00448853,1.5434,40,0,29,23,28,0,-2,0,0,1,56,3806,3838,87,131,35,711,35392,35196,108,2,65,98,331122,0,0,0,0,1,0,0,890,68,3854,0,0,0,0,0,0,0,0,400,-530,0,0,40
2412.16,0,0,0,0,91,466,1.53775,0.00447115,1.54371,40,0,29,23,28,0,-2,0,0,1,56,3807,3838,89,131,35,711,35392,35196,108,2,65,98,338823,0,0,0,0,1,0,0,615,56,3861,0,0,0,0,0,0,0,0,400,-393,0,0,40
2412.17,0,0,0,0,92,446,1.53771,0.00445377,1.54401,40,0,29,23,28,0,-2,0,0,1,56,3807,3838,68,131,35,711,35392,35196,108,2,65,98,258876,0,0,0,0,1,411,0,417,62,3856,0,0,0,0,0,0,0,0,400,-499,0,0,40
2412.18,0,0,0,0,93,456,1.53767,0.00443639,1.54431,40,0,29,23,28,0,-2,0,0,1,56,3807,3838,52,132,35,711,35392,35196,108,2,65,98,197964,0,0,0,0,1,574,0,19,57,3854,0,0,0,0,0,0,0,0,400,-387,0,0,40
2412.19,0,0,0,0,94,456,1.53764,0.00441901,1.54462,40,0,29,23,28,0,-2,0,0,1,56,3807,3838,52,132,35,711,35392,35196,108,2,65,98,197964,0,0,0,0,1,574,0,19,57,3854,0,0,0,0,0,0,0,0,400,-441,0,0,40
2412.2,0,0,0,0,94,444,1.5376,0.00440163,1.54492,40,0,29,23,28,0,-2,0,0,1,56,3806,3838,50,132,35,711,35306,35075,108,2,65,98,190300,0,0,0,0,1,732,0,0,52,3848,0,0,0,0,0,0,0,0,400,-441,0,0,40
2412.21,0,0,0,0,95,449,1.53777,0.0043998,1.54444,40,0,29,23,28,0,-2,0,0,1,56,3799,3838,81,132,35,711,35306,35075,108,2,65,98,307719,0,0,0,0,1,435,158,0,57,3863,0,0,0,0,0,0,0,0,400,-359,0,0,40
2412.22,0,0,0,0,96,450,1.53793,0.00439797,1.54396,40,0,29,23,28,0,-2,0,0,1,56,3799,3838,81,132,35,711,35306,35075,108,2,65,98,307719,0,0,0,0,1,46,520,0,43,3856,0,0,0,0,0,0,0,0,400,-367,0,0,40
2412.23,0,0,0,0,96,450,1.5381,0.00439614,1.54347,40,0,29,23,28,0,-2,0,0,1,56,3799,3838,81,132,35,711,35306,35075,108,2,65,98,307719,0,0,0,0,1,0,702,0,62,3865,0,0,0,0,0,0,0,0,400,-413,0,0,40
2412.24,0,0,0,0,97,451,1.53827,0.00439431,1.54299,40,0,29,23,28,0,-2,0,0,1,56,3797,3838,84,132,35,711,35306,35075,108,2,65,98,318948,0,0,0,0,1,0,536,0,41,3867,0,0,0,0,0,0,0,0,400,-352,0,0,40
2412.25,0,0,0,0,97,451,1.53843,0.00439248,1.54251,40,0,29,23,28,0,-2,0,0,1,56,3808,3838,70,132,35,711,35306,35075,108,2,65,98,266560,0,0,0,0,1,0,536,0,41,3867,0,0,0,0,0,0,0,0,400,-487,0,0,40
2412.26,0,0,0,0,98,445,1.5386,0.00439064,1.54202,40,0,29,23,28,0,-2,0,0,1,56,3808,3838,88,132,35,711,35306,35075,108,2,65,98,335104,0,0,0,0,1,0,94,648,67,3854,0,0,0,0,0,0,0,0,400,-487,0,0,40
2412.27,0,0,0,0,98,449,1.53876,0.00438881,1.54154,40,0,29,23,28,0,-2,0,0,1,56,3808,3838,88,132,35,711,35306,35075,108,2,65,98,335104,0,0,0,0,1,0,0,498,37,3872,0,0,0,0,0,0,0,0,400,-292,0,0,40
2412.28,0,0,0,0,99,437,1.53893,0.00438698,1.54106,40,0,29,23,28,0,-2,0,0,1,56,3805,3838,90,133,35,711,35306,35075,108,2,65,98,342450,0,0,0,0,1,0,0,716,68,3858,0,0,0,0,0,0,0,0,400,-453,0,0,40
2412.29,0,0,0,0,99,449,1.53909,0.00438515,1.54058,40,0,29,23,28,0,-2,0,0,1,56,3805,3838,93,133,35,711,35306,35075,108,2,65,98,353865,0,0,0,0,1,410,0,101,37,3867,0,0,0,0,0,0,0,0,400,-308,0,0,40
2412.3,0,0,0,0,99,437,1.53926,0.00438332,1.54009,40,0,29,23,28,0,-2,0,0,1,56,3800,3838,83,133,35,711,35255,35000,108,2,65,98,315400,0,0,0,0,1,859,0,0,71,3854,0,0,0,0,0,0,0,0,400,-494,0,0,40
2412.31,0,0,0,0,99,437,1.53886,0.00437299,1.54034,40,0,29,23,28,0,-2,0,0,1,56,3800,3838,83,133,35,711,35255,35000,108,2,65,98,315400,0,0,0,0,1,859,0,0,71,3854,0,0,0,0,0,0,0,0,400,-294,0,0,40
2412.32,0,0,0,0,99,453,1.53845,0.00436267,1.54059,40,0,29,23,28,0,-2,0,0,1,56,3798,3838,86,133,35,711,35255,35000,108,2,65,98,326628,0,0,0,0,1,460,0,0,36,3856,0,0,0,0,0,0,0,0,400,-294,0,0,40
2412.33,0,0,0,0,99,440,1.53805,0.00435234,1.54084,40,0,29,23,28,0,-2,0,0,1,56,3798,3838,68,133,35,711,35255,35000,108,2,65,98,258264,0,0,0,0,1,142,735,0,74,3850,0,0,0,0,0,0,0,0,400,-555,0,0,40
2412.34,0,0,0,0,99,455,1.53765,0.00434202,1.54108,40,0,29,23,28,0,-2,0,0,1,56,3798,3838,85,133,35,711,35255,35000,108,2,65,98,322830,0,0,0,0,1,0,405,0,36,3869,0,0,0,0,0,0,0,0,400,-268,0,0,40
2412.35,0,0,0,0,99,440,1.53724,0.00433169,1.54133,40,0,29,23,28,0,-2,0,0,1,56,3798,3838,85,133,35,711,35255,35000,108,2,65,98,322830,0,0,0,0,1,0,815,0,73,3846,0,0,0,0,0,0,0,0,400,-533,0,0,40
2412.36,0,0,0,0,99,461,1.53684,0.00432137,1.54158,40,0,29,23,28,0,-2,0,0,1,56,3797,3838,81,133,35,711,35255,35000,108,2,65,98,307557,0,0,0,0,1,0,287,128,35,3874,0,0,0,0,0,0,0,0,400,-259,0,0,40
2412.37,0,0,0,0,99,461,1.53644,0.00431104,1.54183,40,0,29,23,28,0,-2,0,0,1,56,3797,3838,75,133,35,711,35255,35000,108,2,65,98,284775,0,0,0,0,1,0,287,128,35,3874,0,0,0,0,0,0,0,0,400,-485,0,0,40
2412.38,0,0,0,0,99,449,1.53603,0.00430072,1.54208,40,0,29,23,28,0,-2,0,0,1,56,3797,3838,47,133,35,711,35255,35000,108,2,65,98,178459,0,0,0,0,1,0,20,741,69,3850,0,0,0,0,0,0,0,0,400,-485,0,0,40
2412.39,0,0,0,0,99,468,1.53563,0.00429039,1.54232,40,0,29,23,28,0,-2,0,0,1,56,3797,3838,47,133,35,711,35255,35000,108,2,65,98,178459,0,0,0,0,1,0,0,452,37,3867,0,0,0,0,0,0,0,0,400,-270,0,0,40
2412.4,0,0,0,0,99,450,1.53523,0.00428007,1.54257,40,0,29,23,27,0,-2,0,0,1,56,3799,3854,42,133,35,711,35249,34975,108,2,65,98,159558,0,0,0,0,1,0,0,751,69,3850,0,0,0,0,0,0,0,0,400,-497,0,0,40
2412.41,0,0,0,0,99,470,1.53516,0.00429126,1.54231,40,0,29,23,27,0,-2,0,0,1,56,3799,3854,75,133,35,711,35249,34975,108,2,65,98,284925,0,0,0,0,1,89,0,325,37,3865,0,0,0,0,0,0,0,0,400,-265,0,0,40
2412.42,0,0,0,0,99,452,1.53509,0.00430246,1.54205,40,0,29,23,27,0,-2,0,0,1,56,3804,3854,75,133,35,711,35249,34975,108,2,65,98,285300,0,0,0,0,1,726,0,38,71,3850,0,0,0,0,0,0,0,0,400,-506,0,0,40
2412.43,0,0,0,0,99,452,1.53502,0.00431365,1.5418,40,0,29,23,27,0,-2,0,0,1,56,3804,3854,75,133,35,711,35249,34975,108,2,65,98,285300,0,0,0,0,1,726,0,38,71,3850,0,0,0,0,0,0,0,0,400,-266,0,0,40
2412.44,0,0,0,0,99,472,1.53496,0.00432484,1.54154,40,0,29,23,27,0,-2,0,0,1,56,3805,3854,79,133,35,711,35249,34975,108,2,65,98,300595,0,0,0,0,1,407,0,0,37,3865,0,0,0,0,0,0,0,0,400,-266,0,0,40
2412.45,0,0,0,0,99,455,1.53489,0.00433604,1.54128,40,0,29,23,27,0,-2,0,0,1,56,3805,3854,48,133,35,711,35249,34975,108,2,65,98,182640,0,0,0,0,1,808,0,0,71,3852,0,0,0,0,0,0,0,0,400,-516,0,0,40
2412.46,0,0,0,0,99,479,1.53482,0.00434723,1.54102,40,0,29,23,27,0,-2,0,0,1,56,3804,3854,68,133,35,711,35249,34975,108,2,65,98,258672,0,0,0,0,1,470,0,0,39,3861,0,0,0,0,0,0,0,0,400,-314,0,0,40
2412.47,0,0,0,0,99,463,1.53475,0.00435843,1.54076,40,0,29,23,27,0,-2,0,0,1,56,3804,3854,68,133,35,711,35249,34975,108,2,65,98,258672,0,0,0,0,1,364,489,0,73,3850,0,0,0,0,0,0,0,0,400,-498,0,0,40
2412.48,0,0,0,0,99,490,1.53469,0.00436962,1.5405,40,0,29,23,27,0,-2,0,0,1,56,3804,3854,60,133,35,711,35249,34975,108,2,65,98,228240,0,0,0,0,1,197,293,0,41,3861,0,0,0,0,0,0,0,0,400,-288,0,0,40
2412.49,0,0,0,0,99,490,1.53462,0.00438081,1.54024,40,0,29,23,27,0,-2,0,0,1,56,3804,3854,79,133,35,711,35249,34975,108,2,65,98,300516,0,0,0,0,1,197,293,0,41,3861,0,0,0,0,0,0,0,0,400,-520,0,0,40
2412.5,0,0,0,0,99,469,1.53455,0.00439201,1.53998,40,0,29,23,27,0,-2,0,0,1,56,3813,3854,48,133,35,711,35292,35058,108,2,68,98,183024,0,0,0,0,1,30,755,0,76,3850,0,0,0,0,0,0,0,0,400,-520,0,0,40
2412.51,0,0,0,0,99,499,1.53498,0.00440036,1.53979,40,0,29,23,27,0,-2,0,0,1,56,3813,3854,48,133,35,711,35292,35058,108,2,68,98,183024,0,0,0,0,1,21,450,0,41,3867,0,0,0,0,0,0,0,0,400,-311,0,0,40
2412.52,0,0,0,0,99,477,1.5354,0.00440872,1.53959,40,0,29,23,27,0,-2,0,0,1,56,3813,3854,45,133,35,711,35292,35058,108,2,68,98,171585,0,0,0,0,1,0,756,0,76,3852,0,0,0,0,0,0,0,0,400,-484,0,0,40
2412.53,0,0,0,0,99,509,1.53583,0.00441707,1.53939,40,0,29,23,27,0,-2,0,0,1,56,3813,3854,45,133,35,711,35292,35058,108,2,68,98,171585,0,0,0,0,1,7,438,0,42,3865,0,0,0,0,0,0,0,0,400,-296,0,0,40
2412.54,0,0,0,0,99,483,1.53625,0.00442543,1.53919,40,0,29,23,27,0,-2,0,0,1,56,3803,3854,75,133,35,711,35292,35058,108,2,68,98,285225,0,0,0,0,1,0,832,0,78,3850,0,0,0,0,0,0,0,0,400,-501,0,0,40
2412.55,0,0,0,0,99,483,1.53668,0.00443378,1.53899,40,0,29,23,27,0,-2,0,0,1,56,3803,3854,75,133,35,711,35292,35058,108,2,68,98,285225,0,0,0,0,1,0,832,0,78,3850,0,0,0,0,0,0,0,0,400,-288,0,0,40
2412.56,0,0,0,0,99,515,1.5371,0.00444213,1.53879,40,0,29,23,27,0,-2,0,0,1,56,3803,3858,72,133,35,711,35292,35058,108,2,68,98,273816,0,0,0,0,1,7,428,0,43,3865,0,0,0,0,0,0,0,0,400,-288,0,0,40
2412.57,0,0,0,0,99,489,1.53753,0.00445049,1.53859,40,0,29,23,27,0,-2,0,0,1,56,3811,3858,54,133,35,711,35292,35058,108,2,68,98,205794,0,0,0,0,1,0,772,0,76,3852,0,0,0,0,0,0,0,0,400,-483,0,0,40
2412.58,0,0,0,0,99,520,1.53795,0.00445884,1.5384,40,0,29,23,27,0,-2,0,0,1,56,3811,3858,41,133,35,711,35292,35058,108,2,68,98,156251,0,0,0,0,1,17,421,0,42,3863,0,0,0,0,0,0,0,0,400,-290,0,0,40
2412.59,0,0,0,0,99,496,1.53838,0.0044672,1.5382,40,0,29,23,27,0,-2,0,0,1,56,3811,3858,41,133,35,711,35292,35058,108,2,68,98,156251,0,0,0,0,1,19,729,0,73,3850,0,0,0,0,0,0,0,0,400,-497,0,0,40
2412.6,0,0,0,0,99,529,1.5388,0.00447555,1.538,40,0,29,23,28,0,-2,0,0,1,56,3812,3858,39,133,35,711,35351,35150,108,2,68,98,148668,0,0,0,0,1,79,362,0,42,3858,0,0,0,0,0,0,0,0,400,-274,0,0,40
2412.61,0,0,0,0,99,529,1.53857,0.00445513,1.53816,40,0,29,23,28,0,-2,0,0,1,56,3812,3858,71,133,35,711,35351,35150,108,2,68,98,270652,0,0,0,0,1,79,362,0,42,3858,0,0,0,0,0,0,0,0,400,-511,0,0,40
2412.62,0,0,0,0,99,507,1.53833,0.00443471,1.53833,40,0,29,23,28,0,-2,0,0,1,56,3809,3858,65,133,35,711,35351,35150,108,2,68,98,247585,0,0,0,0,1,205,641,0,75,3843,0,0,0,0,0,0,0,0,400,-511,0,0,40
2412.63,0,0,0,0,99,541,1.5381,0.00441429,1.53849,40,0,29,23,28,0,-2,0,0,1,56,3809,3858,65,133,35,711,35351,35150,108,2,68,98,247585,0,0,0,0,1,427,0,0,43,3852,0,0,0,0,0,0,0,0,400,-284,0,0,40
2412.64,0,0,0,0,99,518,1.53787,0.00439386,1.53866,40,0,29,23,28,0,-2,0,0,1,56,3814,3856,72,133,35,711,35351,35150,108,2,68,98,274608,0,0,0,0,1,818,0,0,77,3850,0,0,0,0,0,0,0,0,400,-536,0,0,40
2412.65,0,0,0,0,99,543,1.53763,0.00437344,1.53882,40,0,29,23,28,0,-2,0,0,1,56,3814,3856,42,133,35,711,35351,35150,108,2,68,98,160188,0,0,0,0,1,446,0,0,45,3861,0,0,0,0,0,0,0,0,400,-264,0,0,40
2412.66,0,0,0,0,99,518,1.5374,0.00435302,1.53899,40,0,29,23,28,0,-2,0,0,1,56,3814,3856,71,133,35,711,35351,35150,108,2,68,98,270794,0,0,0,0,1,722,0,0,77,3848,0,0,0,0,0,0,0,0,400,-479,0,0,40
2412.67,0,0,0,0,99,518,1.53716,0.0043326,1.53915,40,0,29,23,28,0,-2,0,0,1,56,3814,3856,71,133,35,711,35351,35150,108,2,68,98,270794,0,0,0,0,1,722,0,0,77,3848,0,0,0,0,0,0,0,0,400,-258,0,0,40
2412.68,0,0,0,0,99,546,1.53693,0.00431218,1.53932,40,0,29,23,28,0,-2,0,0,1,56,3808,3856,65,133,35,711,35351,35150,108,2,68,98,247520,0,0,0,0,1,253,0,173,42,3865,0,0,0,0,0,0,0,0,400,-258,0,0,40
2412.69,0,0,0,0,99,523,1.5367,0.00429175,1.53948,40,0,29,23,28,0,-2,0,0,1,56,3808,3856,64,133,35,711,35351,35150,108,2,68,98,243712,0,0,0,0,1,210,0,539,75,3856,0,0,0,0,0,0,0,0,400,-468,0,0,40
2412.7,0,0,0,0,99,553,1.53646,0.00427133,1.53965,40,0,29,23,28,0,-2,0,0,1,56,3808,3856,39,132,35,711,35330,35083,108,2,65,98,148512,0,0,0,0,1,0,0,446,43,3861,0,0,0,0,0,0,0,0,400,-293,0,0,40
2412.71,0,0,0,0,99,535,1.53595,0.00427812,1.53997,40,0,29,23,28,0,-2,0,0,1,56,3808,3856,39,132,35,711,35330,35083,108,2,65,98,148512,0,0,0,0,1,0,0,779,78,3848,0,0,0,0,0,0,0,0,400,-493,0,0,40
2412.72,0,0,0,0,99,562,1.53545,0.00428491,1.54028,40,0,29,23,28,0,-2,0,0,1,56,3813,3856,41,132,35,711,35330,35083,108,2,65,98,156333,0,0,0,0,1,0,204,229,44,3865,0,0,0,0,0,0,0,0,400,-269,0,0,40
2412.73,0,0,0,0,99,562,1.53494,0.0042917,1.5406,40,0,29,23,28,0,-2,0,0,1,56,3813,3856,66,132,35,711,35330,35083,108,2,65,98,251658,0,0,0,0,1,0,204,229,44,3865,0,0,0,0,0,0,0,0,400,-527,0,0,40
2412.74,0,0,0,0,99,544,1.53444,0.00429849,1.54092,40,0,29,23,28,0,-2,0,0,1,56,3813,3856,68,132,35,711,35330,35083,108,2,65,98,259284,0,0,0,0,1,0,815,0,83,3852,0,0,0,0,0,0,0,0,400,-527,0,0,40
2412.75,0,0,0,0,99,568,1.53393,0.00430528,1.54124,40,0,29,23,28,0,-2,0,0,1,56,3813,3856,68,132,35,711,35330,35083,108,2,65,98,259284,0,0,0,0,1,0,403,0,45,3867,0,0,0,0,0,0,0,0,400,-268,0,0,40
2412.76,0,0,0,0,99,549,1.53342,0.00431207,1.54156,40,0,29,23,28,0,-2,0,0,1,56,3813,3856,69,132,35,711,35330,35083,108,2,65,98,263097,0,0,0,0,1,329,608,0,87,3841,0,0,0,0,0,0,0,0,400,-554,0,0,40
2412.77,0,0,0,0,99,573,1.53292,0.00431886,1.54188,40,0,29,23,28,0,-2,0,0,1,56,3813,3856,43,132,35,711,35330,35083,108,2,65,98,163959,0,0,0,0,1,466,0,0,46,3865,0,0,0,0,0,0,0,0,400,-285,0,0,40
2412.78,0,0,0,0,99,547,1.53241,0.00432565,1.5422,40,0,29,23,28,0,-2,0,0,1,56,3813,3856,69,132,35,711,35330,35083,108,2,65,98,263097,0,0,0,0,1,750,0,21,83,3841,0,0,0,0,0,0,0,0,400,-509,0,0,40
2412.79,0,0,0,0,99,547,1.53191,0.00433244,1.54251,40,0,29,23,28,0,-2,0,0,1,56,3813,3856,69,132,35,711,35330,35083,108,2,65,98,263097,0,0,0,0,1,750,0,21,83,3841,0,0,0,0,0,0,0,0,400,-239,0,0,40
2412.8,0,0,0,0,99,570,1.5314,0.00433923,1.54283,40,0,29,23,28,0,-2,0,0,1,57,3801,3856,70,133,35,711,35270,35009,108,2,65,98,266070,0,0,0,0,1,9,0,376,46,3861,0,0,0,0,0,0,0,0,400,-239,0,0,40
2412.81,0,0,0,0,99,547,1.5322,0.00435582,1.54262,40,0,29,23,28,0,-2,0,0,1,57,3801,3856,77,133,35,711,35270,35009,108,2,65,98,292677,0,0,0,0,1,0,0,874,79,3848,0,0,0,0,0,0,0,0,400,-536,0,0,40
2412.82,0,0,0,0,99,579,1.533,0.00437241,1.54241,40,0,29,23,28,0,-2,0,0,1,57,3801,3856,45,133,35,711,35270,35009,108,2,65,98,171045,0,0,0,0,1,0,84,399,49,3858,0,0,0,0,0,0,0,0,400,-278,0,0,40
2412.83,0,0,0,0,99,560,1.5338,0.004389,1.54219,40,0,29,23,28,0,-2,0,0,1,57,3801,3856,45,133,35,711,35270,35009,108,2,65,98,171045,0,0,0,0,1,0,747,0,76,3852,0,0,0,0,0,0,0,0,400,-499,0,0,40
2412.84,0,0,0,0,99,588,1.5346,0.00440559,1.54198,40,0,29,23,28,0,-2,0,0,1,57,3803,3856,47,133,35,711,35270,35009,108,2,65,98,178741,0,0,0,0,1,24,448,0,56,3858,0,0,0,0,0,0,0,0,400,-310,0,0,40
2412.85,0,0,0,0,99,588,1.5354,0.00442218,1.54176,40,0,29,23,28,0,-2,0,0,1,57,3803,3856,62,133,35,711,35270,35009,108,2,65,98,235786,0,0,0,0,1,24,448,0,56,3858,0,0,0,0,0,0,0,0,400,-485,0,0,40
2412.86,0,0,0,0,99,564,1.5362,0.00443877,1.54155,40,0,29,23,28,0,-2,0,0,1,57,3803,3856,81,133,35,711,35270,35009,108,2,65,98,308043,0,0,0,0,1,716,6,0,76,3846,0,0,0,0,0,0,0,0,400,-485,0,0,40
2412.87,0,0,0,0,99,582,1.537,0.00445536,1.54134,40,0,29,23,28,0,-2,0,0,1,57,3803,3856,81,133,35,711,35270,35009,108,2,65,98,308043,0,0,0,0,1,458,0,3,59,3863,0,0,0,0,0,0,0,0,400,-301,0,0,40
2412.88,0,0,0,0,99,554,1.5378,0.00447196,1.54112,40,0,29,23,28,0,-2,0,0,1,57,3803,3856,82,133,35,711,35270,35009,108,2,65,98,311846,0,0,0,0,1,472,0,394,79,3848,0,0,0,0,0,0,0,0,400,-500,0,0,40
2412.89,0,0,0,0,99,575,1.5386,0.00448855,1.54091,40,0,29,23,28,0,-2,0,0,1,57,3800,3856,47,133,35,711,35270,35009,108,2,65,98,178600,0,0,0,0,1,0,0,495,54,3867,0,0,0,0,0,0,0,0,400,-329,0,0,40
2412.9,0,0,0,0,99,554,1.5394,0.00450514,1.5407,40,0,29,23,28,0,-2,0,0,1,56,3800,3856,59,133,35,711,35265,34974,108,2,65,73,224200,0,0,0,0,1,0,75,773,81,3843,0,0,0,0,0,0,0,0,400,-529,0,0,40
2412.91,0,0,0,0,99,554,1.5388,0.00450053,1.54033,40,0,29,23,28,0,-2,0,0,0.9,56,3800,3856,59,132,35,711,35265,34974,108,2,65,73,224200,0,0,0,0,1,0,75,773,81,3843,0,0,0,0,0,0,0,0,400,-295,0,0,40
2412.92,0,0,0,0,99,578,1.5382,0.00449592,1.53996,40,0,29,23,28,0,-2,0,0,0.8,56,3813,3856,57,132,35,711,35265,34974,108,2,65,73,217341,0,0,0,0,1,0,444,0,52,3863,0,0,0,0,0,0,0,0,400,-295,0,0,40
2412.93,0,0,0,0,99,559,1.5376,0.00449131,1.53959,40,0,29,23,28,0,-2,0,0,0.7,56,3813,3856,83,132,35,711,35265,34974,108,2,65,73,316479,0,0,0,0,1,0,749,0,79,3852,0,0,0,0,0,0,0,0,400,-470,0,0,40
2412.94,0,0,0,0,100,578,1.537,0.0044867,1.53922,40,0,29,23,28,0,-2,0,0,0.6,56,3812,3856,47,132,35,711,35265,34974,108,2,65,73,179164,0,0,0,0,1,300,161,0,54,3861,0,0,0,0,0,0,0,0,400,-274,0,0,40
2412.95,0,0,0,0,99,551,1.5364,0.0044821,1.53886,40,0,29,23,28,0,-2,0,0,0.5,56,3812,3856,47,132,35,711,35265,34974,108,2,65,73,179164,0,0,0,0,1,919,0,0,82,3841,0,0,0,0,0,0,0,0,400,-558,0,0,40
2412.96,0,0,0,0,100,568,1.53581,0.00447749,1.53849,40,0,29,23,28,0,-2,0,0,0.4,56,3805,3851,49,132,35,711,35265,34974,108,2,65,73,186445,0,0,0,0,1,458,0,42,57,3856,0,0,0,0,0,0,0,0,400,-319,0,0,40
2412.97,0,0,0,0,99,568,1.53521,0.00447288,1.53812,40,0,29,23,28,0,-2,0,0,0.3,56,3805,3851,61,132,35,711,35265,34974,108,2,65,73,232105,0,0,0,0,1,458,0,42,57,3856,0,0,0,0,0,0,0,0,400,-437,0,0,40
2412.98,0,0,0,0,99,552,1.53461,0.00446827,1.53775,40,0,29,23,28,0,-2,0,0,0.2,56,3805,3851,87,132,35,711,35265,34974,108,2,65,73,331035,0,0,0,0,1,46,0,613,68,3852,0,0,0,0,0,0,0,0,400,-437,0,0,40
2412.99,0,0,0,0,100,569,1.53401,0.00446366,1.53738,40,0,29,23,28,0,-2,0,0,0.1,56,3805,3851,87,132,35,711,35265,34974,108,2,65,73,331035,0,0,0,0,1,0,0,636,66,3861,0,0,0,0,0,0,0,0,400,-361,0,0,40
2413,0,0,0,0,99,555,1.53341,0.00445905,1.53701,40,0,29,23,28,0,-2,0,0,0,57,3811,3851,86,132,35,711,35342,35118,108,2,65,98,327746,0,0,0,0,1,0,172,618,73,3854,0,0,0,0,0,0,0,0,400,-502,0,0,40
2413.01,0,0,0,0,99,564,1.53368,0.00444329,1.53743,40,0,29,23,28,0,-2,0,0,0,57,3811,3851,45,132,35,711,35342,35118,108,2,65,98,171495,0,0,0,0,1,0,621,0,71,3856,0,0,0,0,0,0,0,0,400,-403,0,0,40
2413.02,0,0,0,0,99,544,1.53396,0.00442753,1.53785,40,0,29,23,28,0,-2,0,0,0,57,3811,3851,57,132,35,711,35342,35118,108,2,65,98,217227,0,0,0,0,1,0,760,0,68,3852,0,0,0,0,0,0,0,0,400,-446,0,0,40
2413.03,0,0,0,0,99,544,1.53423,0.00441176,1.53826,40,0,29,23,28,0,-2,0,0,0,57,3811,3851,57,132,35,711,35342,35118,108,2,65,98,217227,0,0,0,0,1,0,760,0,68,3852,0,0,0,0,0,0,0,0,400,-364,0,0,40
2413.04,0,0,0,0,99,554,1.53451,0.004396,1.53868,40,0,29,23,28,0,-2,0,0,0,57,3800,3854,61,132,35,711,35342,35118,108,2,65,98,231800,0,0,0,0,1,73,498,0,64,3856,0,0,0,0,0,0,0,0,400,-364,0,0,40
2413.05,0,0,0,0,99,538,1.53478,0.00438023,1.53909,40,0,29,23,28,0,-2,0,0,0,57,3800,3854,90,132,35,711,35342,35118,108,2,65,98,342000,0,0,0,0,1,487,149,0,59,3848,0,0,0,0,0,0,0,0,400,-389,0,0,40
2413.06,0,0,0,0,99,556,1.53506,0.00436447,1.53951,40,0,29,23,28,0,-2,0,0,0,57,3810,3854,49,132,35,711,35342,35118,108,2,65,98,186690,0,0,0,0,1,511,0,0,55,3856,0,0,0,0,0,0,0,0,400,-312,0,0,40
2413.07,0,0,0,0,100,538,1.53533,0.00434871,1.53993,40,0,29,23,28,0,-2,0,0,0,57,3810,3854,49,132,35,711,35342,35118,108,2,65,98,186690,0,0,0,0,1,634,0,0,64,3856,0,0,0,0,0,0,0,0,400,-422,0,0,40
2413.08,0,0,0,0,99,557,1.53561,0.00433294,1.54034,40,0,29,23,28,0,-2,0,0,0,57,3810,3854,51,132,35,711,35342,35118,108,2,65,98,194310,0,0,0,0,1,298,0,222,57,3852,0,0,0,0,0,0,0,0,400,-306,0,0,40
2413.09,0,0,0,0,99,557,1.53588,0.00431718,1.54076,40,0,29,23,28,0,-2,0,0,0,57,3811,3854,63,132,35,711,35342,35118,108,2,65,98,240093,0,0,0,0,1,298,0,222,57,3852,0,0,0,0,0,0,0,0,400,-504,0,0,40
2413.1,0,0,0,0,99,537,1.53616,0.00430142,1.54117,40,0,29,23,28,0,-2,0,0,0,57,3811,3854,93,132,35,711,35348,35133,108,2,65,98,354423,0,0,0,0,1,0,0,796,73,3843,0,0,0,0,0,0,0,0,400,-504,0,0,40
2413.11,0,0,0,0,99,553,1.5361,0.00431436,1.54116,40,0,29,23,28,0,-2,0,0,0.1,57,3811,3854,93,132,35,711,35348,35133,108,2,65,98,354423,0,0,0,0,1,0,0,616,66,3858,0,0,0,0,0,0,0,0,400,-367,0,0,40
2413.12,0,0,0,0,99,531,1.53605,0.00432731,1.54114,40,0,29,23,28,0,-2,0,0,0.2,57,3802,3854,88,132,35,711,35348,35133,108,2,65,98,334576,0,0,0,0,1,0,52,800,78,3846,0,0,0,0,0,0,0,0,400,-544,0,0,40
2413.13,0,0,0,0,100,545,1.53599,0.00434026,1.54113,40,0,29,23,28,0,-2,0,0,0.3,57,3802,3851,55,132,35,711,35348,35133,108,2,65,98,209110,0,0,0,0,1,0,249,339,65,3858,0,0,0,0,0,0,0,0,400,-370,0,0,40
2413.14,0,0,0,0,100,526,1.53594,0.0043532,1.54111,40,0,29,23,28,0,-2,0,0,0.4,57,3802,3851,53,132,35,711,35348,35133,108,2,65,98,201506,0,0,0,0,1,0,709,5,68,3852,0,0,0,0,0,0,0,0,400,-461,0,0,40
2413.15,0,0,0,0,99,526,1.53589,0.00436615,1.54109,40,0,29,23,28,0,-2,0,0,0.5,57,3802,3851,53,132,35,711,35348,35133,108,2,65,98,201506,0,0,0,0,1,0,709,5,68,3852,0,0,0,0,0,0,0,0,400,-341,0,0,40
2413.16,0,0,0,0,99,541,1.53583,0.0043791,1.54108,40,0,29,23,28,0,-2,0,0,0.6,57,3795,3851,55,132,35,711,35348,35133,108,2,65,98,208725,0,0,0,0,1,0,547,0,60,3858,0,0,0,0,0,0,0,0,400,-341,0,0,40
2413.17,0,0,0,0,99,531,1.53578,0.00439204,1.54106,40,0,29,23,28,0,-2,0,0,0.7,57,3795,3851,94,132,35,711,35348,35133,108,2,65,98,356730,0,0,0,0,1,0,586,0,54,3861,0,0,0,0,0,0,0,0,400,-363,0,0,40
2413.18,0,0,0,0,99,539,1.53572,0.00440499,1.54105,40,0,29,23,28,0,-2,0,0,0.8,57,3795,3851,68,132,35,711,35348,35133,108,2,65,98,258060,0,0,0,0,1,64,550,0,65,3843,0,0,0,0,0,0,0,0,400,-394,0,0,40
2413.19,0,0,0,0,99,537,1.53567,0.00441794,1.54103,40,0,29,23,28,0,-2,0,0,0.9,57,3795,3851,68,132,35,711,35348,35133,108,2,65,98,258060,0,0,0,0,1,370,208,0,50,3843,0,0,0,0,0,0,0,0,400,-343,0,0,40
2413.2,0,0,0,0,99,534,1.53561,0.00443088,1.54102,40,0,29,23,28,0,-2,0,0,1,56,3805,3851,61,132,35,711,35295,35055,108,2,65,73,232105,0,0,0,0,1,675,0,0,75,3852,0,0,0,0,0,0,0,0,400,-445,0,0,40
2413.21,0,0,0,0,99,534,1.53568,0.00443353,1.54104,40,0,29,23,28,0,-2,0,0,1,56,3805,3851,57,132,35,711,35295,35055,108,2,65,73,216885,0,0,0,0,1,675,0,0,75,3852,0,0,0,0,0,0,0,0,400,-344,0,0,40
2413.22,0,0,0,0,99,539,1.53574,0.00443619,1.54106,40,0,29,23,28,0,-2,0,0,1,56,3795,3851,94,132,35,711,35295,35055,108,2,65,73,356730,0,0,0,0,1,589,0,0,52,3856,0,0,0,0,0,0,0,0,400,-344,0,0,40
2413.23,0,0,0,0,99,528,1.53581,0.00443884,1.54107,40,0,29,23,28,0,-2,0,0,1,56,3795,3851,94,132,35,711,35295,35055,108,2,65,73,356730,0,0,0,0,1,724,0,0,82,3848,0,0,0,0,0,0,0,0,400,-464,0,0,40
2413.24,0,0,0,0,99,534,1.53587,0.00444149,1.54109,40,0,29,23,28,0,-2,0,0,1,56,3795,3851,93,132,35,711,35295,35055,108,2,65,73,352935,0,0,0,0,1,457,0,138,50,3861,0,0,0,0,0,0,0,0,400,-358,0,0,40
2413.25,0,0,0,0,99,523,1.53594,0.00444414,1.54111,40,0,29,23,28,0,-2,0,0,1,56,3795,3851,62,132,35,711,35295,35055,108,2,65,73,235290,0,0,0,0,1,478,0,333,79,3848,0,0,0,0,0,0,0,0,400,-474,0,0,40
2413.26,0,0,0,0,100,536,1.536,0.00444679,1.54113,40,0,29,23,28,0,-2,0,0,1,56,3795,3851,59,132,35,711,35295,35055,108,2,65,73,223905,0,0,0,0,1,0,0,493,46,3858,0,0,0,0,0,0,0,0,400,-353,0,0,40
2413.27,0,0,0,0,99,536,1.53606,0.00444944,1.54115,40,0,29,23,28,0,-2,0,0,1,56,3795,3851,59,132,35,711,35295,35055,108,2,65,73,223905,0,0,0,0,1,0,0,493,46,3858,0,0,0,0,0,0,0,0,400,-482,0,0,40
2413.28,0,0,0,0,99,530,1.53613,0.0044521,1.54117,40,0,29,23,28,0,-2,0,0,1,56,3796,3851,49,132,35,711,35295,35055,108,2,65,73,186004,0,0,0,0,1,0,0,821,78,3850,0,0,0,0,0,0,0,0,400,-482,0,0,40
2413.29,0,0,0,0,99,543,1.53619,0.00445475,1.54119,40,0,29,23,28,0,-2,0,0,1,56,3796,3851,90,132,35,711,35295,35055,108,2,65,73,341640,0,0,0,0,1,0,6,476,47,3858,0,0,0,0,0,0,0,0,400,-332,0,0,40
2413.3,0,0,0,0,99,538,1.53626,0.0044574,1.54121,40,0,29,23,27,0,-2,0,0,1,56,3808,3851,74,132,35,711,35225,34911,108,2,65,73,281792,0,0,0,0,1,0,155,645,78,3846,0,0,0,0,0,0,0,0,400,-497,0,0,40
2413.31,0,0,0,0,100,542,1.53606,0.00444974,1.54113,40,0,29,23,27,0,-2,0,0,1,56,3808,3851,74,132,35,711,35225,34911,108,2,65,73,281792,0,0,0,0,1,0,483,0,48,3867,0,0,0,0,0,0,0,0,400,-329,0,0,40
2413.32,0,0,0,0,99,533,1.53586,0.00444208,1.54104,40,0,29,23,27,0,-2,0,0,1,56,3802,3851,82,132,35,711,35225,34911,108,2,65,73,311764,0,0,0,0,1,0,791,0,79,3852,0,0,0,0,0,0,0,0,400,-488,0,0,40
2413.33,0,0,0,0,99,533,1.53567,0.00443443,1.54096,40,0,29,23,27,0,-2,0,0,1,56,3802,3851,50,132,35,711,35225,34911,108,2,65,73,190100,0,0,0,0,1,0,791,0,79,3852,0,0,0,0,0,0,0,0,400,-297,0,0,40
2413.34,0,0,0,0,99,533,1.53547,0.00442677,1.54087,40,0,29,23,27,0,-2,0,0,1,56,3802,3851,86,132,35,711,35225,34911,108,2,65,73,326972,0,0,0,0,1,0,506,0,46,3861,0,0,0,0,0,0,0,0,400,-297,0,0,40
2413.35,0,0,0,0,99,529,1.53527,0.00441911,1.54079,40,0,29,23,27,0,-2,0,0,1,56,3802,3851,86,132,35,711,35225,34911,108,2,65,73,326972,0,0,0,0,1,21,641,0,74,3848,0,0,0,0,0,0,0,0,400,-444,0,0,40
2413.36,0,0,0,0,99,532,1.53508,0.00441145,1.5407,40,0,29,23,27,0,-2,0,0,1,56,3802,3856,80,132,35,711,35225,34911,108,2,65,73,304160,0,0,0,0,1,161,372,0,45,3856,0,0,0,0,0,0,0,0,400,-315,0,0,40
2413.37,0,0,0,0,99,535,1.53488,0.0044038,1.54062,40,0,29,23,27,0,-2,0,0,1,56,3802,3856,64,132,35,711,35225,34911,108,2,65,73,243328,0,0,0,0,1,544,128,0,74,3848,0,0,0,0,0,0,0,0,400,-397,0,0,40
2413.38,0,0,0,0,99,537,1.53468,0.00439614,1.54053,40,0,29,23,27,0,-2,0,0,1,56,3808,3856,46,132,35,711,35225,34911,108,2,65,73,175168,0,0,0,0,1,583,0,0,49,3848,0,0,0,0,0,0,0,0,400,-357,0,0,40
2413.39,0,0,0,0,99,537,1.53448,0.00438848,1.54045,40,0,29,23,27,0,-2,0,0,1,56,3808,3856,46,132,35,711,35225,34911,108,2,65,73,175168,0,0,0,0,1,583,0,0,49,3848,0,0,0,0,0,0,0,0,400,-414,0,0,40
2413.4,0,0,0,0,99,540,1.53429,0.00438082,1.54036,40,0,29,23,28,0,-2,0,0,1,56,3809,3856,51,132,35,711,35326,35097,108,2,65,73,194259,0,0,0,0,1,671,0,0,76,3848,0,0,0,0,0,0,0,0,400,-414,0,0,40
2413.41,0,0,0,0,99,539,1.53452,0.00438924,1.5403,40,0,29,23,28,0,-2,0,0,0.9,56,3809,3856,94,132,35,711,35326,35097,108,2,65,73,358046,0,0,0,0,1,492,0,132,54,3858,0,0,0,0,0,0,0,0,400,-389,0,0,40
2413.42,0,0,0,0,99,539,1.53475,0.00439766,1.54024,40,0,29,23,28,0,-2,0,0,0.8,56,3807,3856,71,132,35,711,35326,35097,108,2,65,73,270297,0,0,0,0,1,212,0,528,81,3854,0,0,0,0,0,0,0,0,400,-440,0,0,40
2413.43,0,0,0,0,99,541,1.53498,0.00440608,1.54018,40,0,29,23,28,0,-2,0,0,0.7,56,3807,3856,71,132,35,711,35326,35097,108,2,65,73,270297,0,0,0,0,1,0,0,616,50,3854,0,0,0,0,0,0,0,0,400,-365,0,0,40
2413.44,0,0,0,0,99,536,1.53522,0.0044145,1.54012,40,0,29,23,28,0,-2,0,0,0.6,56,3807,3850,72,132,35,711,35326,35097,108,2,65,73,274104,0,0,0,0,1,0,0,780,81,3848,0,0,0,0,0,0,0,0,400,-472,0,0,40
2413.45,0,0,0,0,99,536,1.53545,0.00442292,1.54006,40,0,29,23,28,0,-2,0,0,0.5,56,3807,3850,47,132,35,711,35326,35097,108,2,65,73,178929,0,0,0,0,1,0,0,780,81,3848,0,0,0,0,0,0,0,0,400,-349,0,0,40
2413.46,0,0,0,0,99,540,1.53568,0.00443134,1.54001,40,0,29,23,28,0,-2,0,0,0.4,56,3795,3850,86,132,35,711,35326,35097,108,2,65,73,326370,0,0,0,0,1,0,65,493,46,3852,0,0,0,0,0,0,0,0,400,-349,0,0,40
2413.47,0,0,0,0,99,531,1.53591,0.00443976,1.53995,40,0,29,23,28,0,-2,0,0,0.3,56,3795,3850,86,132,35,711,35326,35097,108,2,65,73,326370,0,0,0,0,1,0,284,509,79,3852,0,0,0,0,0,0,0,0,400,-480,0,0,40
2413.48,0,0,0,0,100,545,1.53615,0.00444818,1.53989,40,0,29,23,28,0,-2,0,0,0.2,56,3797,3850,76,132,35,711,35326,35097,108,2,65,73,288572,0,0,0,0,1,0,479,0,43,3865,0,0,0,0,0,0,0,0,400,-312,0,0,40
2413.49,0,0,0,0,99,533,1.53638,0.0044566,1.53983,40,0,29,23,28,0,-2,0,0,0.1,56,3797,3850,75,132,35,711,35326,35097,108,2,65,73,284775,0,0,0,0,1,0,825,0,81,3850,0,0,0,0,0,0,0,0,400,-494,0,0,40
2413.5,0,0,0,0,99,552,1.53661,0.00446502,1.53977,40,0,29,23,28,0,-2,0,0,0,56,3797,3850,45,132,35,711,35234,34934,108,2,65,73,170865,0,0,0,0,1,27,448,0,44,3854,0,0,0,0,0,0,0,0,400,-312,0,0,40
2413.51,0,0,0,0,100,552,1.53676,0.00445758,1.53971,40,0,29,23,28,0,-2,0,0,0.1,56,3797,3850,45,132,35,711,35234,34934,108,2,65,73,170865,0,0,0,0,1,27,448,0,44,3854,0,0,0,0,0,0,0,0,400,-524,0,0,40
2413.52,0,0,0,0,99,535,1.53691,0.00445014,1.53965,40,0,29,23,28,0,-2,0,0,0.2,56,3798,3852,50,132,35,711,35234,34934,108,2,65,73,189900,0,0,0,0,1,294,592,0,84,3841,0,0,0,0,0,0,0,0,400,-524,0,0,40
2413.53,0,0,0,0,99,555,1.53706,0.0044427,1.53958,40,0,29,23,28,0,-2,0,0,0.3,56,3798,3852,74,132,35,711,35234,34934,108,2,65,73,281052,0,0,0,0,1,528,0,0,49,3856,0,0,0,0,0,0,0,0,400,-340,0,0,40
2413.54,0,0,0,0,99,531,1.53721,0.00443526,1.53952,40,0,29,23,28,0,-2,0,0,0.4,56,3800,3852,89,132,35,711,35234,34934,108,2,65,73,338200,0,0,0,0,1,903,0,0,87,3846,0,0,0,0,0,0,0,0,400,-527,0,0,40
2413.55,0,0,0,0,99,551,1.53736,0.00442782,1.53946,40,0,29,23,28,0,-2,0,0,0.5,56,3800,3852,89,132,35,711,35234,34934,108,2,65,73,338200,0,0,0,0,1,399,0,44,45,3863,0,0,0,0,0,0,0,0,400,-300,0,0,40
2413.56,0,0,0,0,99,528,1.53751,0.00442038,1.5394,40,0,29,23,28,0,-2,0,0,0.6,56,3797,3852,83,132,35,711,35234,34934,108,2,65,73,315151,0,0,0,0,1,517,0,331,81,3848,0,0,0,0,0,0,0,0,400,-497,0,0,40
2413.57,0,0,0,0,99,528,1.53766,0.00441294,1.53934,40,0,29,23,28,0,-2,0,0,0.7,56,3797,3852,49,132,35,711,35234,34934,108,2,65,73,186053,0,0,0,0,1,517,0,331,81,3848,0,0,0,0,0,0,0,0,400,-293,0,0,40
2413.58,0,0,0,0,99,549,1.5378,0.0044055,1.53928,40,0,29,23,28,0,-2,0,0,0.8,56,3797,3852,65,132,35,711,35234,34934,108,2,65,73,246805,0,0,0,0,1,0,0,451,42,3863,0,0,0,0,0,0,0,0,400,-293,0,0,40
2413.59,0,0,0,0,99,533,1.53795,0.00439806,1.53922,40,0,29,23,28,0,-2,0,0,0.9,56,3797,3852,65,132,35,711,35234,34934,108,2,65,73,246805,0,0,0,0,1,0,0,862,79,3850,0,0,0,0,0,0,0,0,400,-508,0,0,40
2413.6,0,0,0,0,99,557,1.5381,0.00439062,1.53916,40,0,29,23,28,0,-2,0,0,1,56,3797,3852,63,132,35,711,35231,34944,107,2,65,73,239211,0,0,0,0,1,0,47,382,43,3861,0,0,0,0,0,0,0,0,400,-303,0,0,40
2413.61,0,0,0,0,99,544,1.53809,0.00440026,1.5391,40,0,29,23,28,0,-2,0,0,1,56,3797,3852,85,132,35,711,35231,34944,107,2,65,73,322745,0,0,0,0,1,0,547,284,83,3848,0,0,0,0,0,0,0,0,400,-479,0,0,40
2413.62,0,0,0,0,99,563,1.53808,0.00440989,1.53905,40,0,29,23,28,0,-2,0,0,1,56,3810,3852,48,132,35,711,35231,34944,107,2,65,73,182880,0,0,0,0,1,0,479,0,44,3869,0,0,0,0,0,0,0,0,400,-280,0,0,40
2413.63,0,0,0,0,99,563,1.53807,0.00441953,1.539,40,0,29,23,28,0,-2,0,0,1,56,3810,3852,48,132,35,711,35231,34944,107,2,65,73,182880,0,0,0,0,1,0,479,0,44,3869,0,0,0,0,0,0,0,0,400,-541,0,0,40
2413.64,0,0,0,0,99,547,1.53805,0.00442917,1.53894,40,0,29,23,28,0,-2,0,0,1,56,3810,3852,46,132,35,711,35231,34944,107,2,65,73,175260,0,0,0,0,1,56,774,0,89,3843,0,0,0,0,0,0,0,0,400,-541,0,0,40
2413.65,0,0,0,0,99,559,1.53804,0.00443881,1.53889,40,0,29,23,28,0,-2,0,0,1,56,3810,3852,68,132,35,711,35231,34944,107,2,65,73,259080,0,0,0,0,1,421,20,0,46,3861,0,0,0,0,0,0,0,0,400,-285,0,0,40
2413.66,0,0,0,0,99,539,1.53803,0.00444845,1.53884,40,0,29,23,28,0,-2,0,0,1,56,3810,3852,82,132,35,711,35231,34944,107,2,65,73,312420,0,0,0,0,1,870,0,0,90,3835,0,0,0,0,0,0,0,0,400,-547,0,0,40
2413.67,0,0,0,0,99,557,1.53802,0.00445809,1.53878,40,0,29,23,28,0,-2,0,0,1,56,3810,3852,82,132,35,711,35231,34944,107,2,65,73,312420,0,0,0,0,1,404,0,5,43,3858,0,0,0,0,0,0,0,0,400,-275,0,0,40
2413.68,0,0,0,0,99,537,1.538,0.00446773,1.53873,40,0,29,23,28,0,-2,0,0,1,56,3810,3852,80,132,35,711,35231,34944,107,2,65,73,304800,0,0,0,0,1,604,0,251,84,3843,0,0,0,0,0,0,0,0,400,-520,0,0,40
2413.69,0,0,0,0,99,537,1.53799,0.00447737,1.53867,40,0,29,23,28,0,-2,0,0,1,56,3810,3852,48,132,35,711,35231,34944,107,2,65,73,182880,0,0,0,0,1,604,0,251,84,3843,0,0,0,0,0,0,0,0,400,-275,0,0,40
2413.7,0,0,0,0,99,561,1.53798,0.00448701,1.53862,40,0,29,23,28,0,-2,0,0,1,56,3800,3852,71,132,35,711,35253,34994,109,2,68,73,269800,0,0,0,0,1,0,0,445,41,3865,0,0,0,0,0,0,0,0,400,-275,0,0,40
2413.71,0,0,0,0,99,539,1.53789,0.00448577,1.53892,40,0,29,23,28,0,-2,0,0,1,56,3800,3852,71,132,35,711,35253,34994,109,2,68,73,269800,0,0,0,0,1,0,0,827,81,3846,0,0,0,0,0,0,0,0,400,-508,0,0,40
2413.72,0,0,0,0,99,571,1.5378,0.00448454,1.53921,40,0,29,23,28,0,-2,0,0,1,56,3798,3852,79,132,35,711,35253,34994,109,2,68,73,300042,0,0,0,0,1,0,157,308,42,3869,0,0,0,0,0,0,0,0,400,-264,0,0,40
2413.73,0,0,0,0,99,550,1.5377,0.0044833,1.53951,40,0,29,23,28,0,-2,0,0,1,56,3798,3852,87,132,35,711,35253,34994,109,2,68,73,330426,0,0,0,0,1,0,802,0,84,3841,0,0,0,0,0,0,0,0,400,-524,0,0,40
2413.74,0,0,0,0,99,579,1.53761,0.00448207,1.53981,40,0,29,23,28,0,-2,0,0,1,56,3795,3852,52,132,35,711,35253,34994,109,2,68,73,197340,0,0,0,0,1,17,444,0,52,3854,0,0,0,0,0,0,0,0,400,-300,0,0,40
2413.75,0,0,0,0,99,579,1.53752,0.00448083,1.5401,40,0,29,23,28,0,-2,0,0,1,56,3795,3852,52,132,35,711,35253,34994,109,2,68,73,197340,0,0,0,0,1,17,444,0,52,3854,0,0,0,0,0,0,0,0,400,-537,0,0,40
2413.76,0,0,0,0,99,547,1.53743,0.0044796,1.5404,40,0,29,23,28,0,-2,0,0,1,56,3795,3849,49,132,35,711,35253,34994,109,2,68,73,185955,0,0,0,0,1,394,526,0,88,3841,0,0,0,0,0,0,0,0,400,-537,0,0,40
2413.77,0,0,0,0,99,564,1.53734,0.00447836,1.5407,40,0,29,23,28,0,-2,0,0,1,56,3795,3849,65,132,35,711,35253,34994,109,2,68,73,246675,0,0,0,0,1,515,0,0,53,3856,0,0,0,0,0,0,0,0,400,-316,0,0,40
2413.78,0,0,0,0,99,536,1.53724,0.00447713,1.541,40,0,29,23,28,0,-2,0,0,1,56,3795,3849,84,132,35,711,35253,34994,109,2,68,73,318780,0,0,0,0,1,779,0,0,82,3854,0,0,0,0,0,0,0,0,400,-478,0,0,40
2413.79,0,0,0,0,99,560,1.53715,0.00447589,1.54129,40,0,29,23,28,0,-2,0,0,1,56,3795,3849,84,132,35,711,35253,34994,109,2,68,73,318780,0,0,0,0,1,232,0,175,43,3861,0,0,0,0,0,0,0,0,400,-258,0,0,40
2413.8,0,0,0,0,100,539,1.53706,0.00447466,1.54159,40,0,29,23,28,0,-2,0,0,1,56,3797,3849,86,132,35,711,35227,34908,108,2,65,73,326542,0,0,0,0,1,0,0,741,76,3841,0,0,0,0,0,0,0,0,400,-476,0,0,40
2413.81,0,0,0,0,99,539,1.53731,0.00447445,1.54148,40,0,29,23,28,0,-2,0,0,1,56,3811,3849,49,132,35,711,35227,34908,108,2,65,73,186739,0,0,0,0,1,0,0,741,76,3841,0,0,0,0,0,0,0,0,400,-262,0,0,40
2413.82,0,0,0,0,99,569,1.53756,0.00447423,1.54136,40,0,29,23,28,0,-2,0,0,1,56,3811,3849,59,132,35,711,35227,34908,108,2,65,73,224849,0,0,0,0,1,0,0,369,43,3867,0,0,0,0,0,0,0,0,400,-262,0,0,40
2413.83,0,0,0,0,99,552,1.53781,0.00447402,1.54125,40,0,29,23,28,0,-2,0,0,1,56,3811,3849,59,132,35,711,35227,34908,108,2,65,73,224849,0,0,0,0,1,0,258,628,82,3846,0,0,0,0,0,0,0,0,400,-532,0,0,40
2413.84,0,0,0,0,99,576,1.53806,0.00447381,1.54113,40,0,29,23,28,0,-2,0,0,1,56,3804,3850,62,132,35,711,35227,34908,108,2,65,73,235848,0,0,0,0,1,0,469,0,49,3865,0,0,0,0,0,0,0,0,400,-285,0,0,40
2413.85,0,0,0,0,99,550,1.53831,0.0044736,1.54102,40,0,29,23,28,0,-2,0,0,1,56,3804,3850,92,132,35,711,35227,34908,108,2,65,73,349968,0,0,0,0,1,23,803,0,90,3835,0,0,0,0,0,0,0,0,400,-550,0,0,40
2413.86,0,0,0,0,99,568,1.53856,0.00447339,1.5409,40,0,29,23,28,0,-2,0,0,1,56,3804,3850,65,132,35,711,35227,34908,108,2,65,73,247260,0,0,0,0,1,386,52,0,52,3854,0,0,0,0,0,0,0,0,400,-276,0,0,40
2413.87,0,0,0,0,99,568,1.53881,0.00447318,1.54079,40,0,29,23,28,0,-2,0,0,1,56,3804,3850,65,132,35,711,35227,34908,108,2,65,73,247260,0,0,0,0,1,386,52,0,52,3854,0,0,0,0,0,0,0,0,400,-559,0,0,40
2413.88,0,0,0,0,99,539,1.53906,0.00447297,1.54067,40,0,29,23,28,0,-2,0,0,1,56,3805,3850,56,132,35,711,35227,34908,108,2,65,73,213080,0,0,0,0,1,890,0,0,85,3843,0,0,0,0,0,0,0,0,400,-559,0,0,40
2413.89,0,0,0,0,99,558,1.53931,0.00447275,1.54056,40,0,29,23,28,0,-2,0,0,1,56,3805,3850,54,132,35,711,35227,34908,108,2,65,73,205470,0,0,0,0,1,394,0,0,47,3854,0,0,0,0,0,0,0,0,400,-276,0,0,40
2413.9,0,0,0,0,99,534,1.53956,0.00447254,1.54045,40,0,29,23,28,0,-2,0,0,1,56,3805,3847,83,132,35,711,35301,35077,108,2,68,98,315815,0,0,0,0,1,575,0,263,74,3843,0,0,0,0,0,0,0,0,400,-503,0,0,40
2413.91,0,0,0,0,99,562,1.5394,0.00447488,1.54011,40,0,29,23,28,0,-2,0,0,1,56,3805,3847,83,132,35,711,35301,35077,108,2,68,98,315815,0,0,0,0,1,0,0,435,44,3867,0,0,0,0,0,0,0,0,400,-260,0,0,40
2413.92,0,0,0,0,99,546,1.53924,0.00447723,1.53978,40,0,29,23,28,0,-2,0,0,1,56,3796,3847,87,132,35,711,35301,35077,108,2,68,98,330252,0,0,0,0,1,0,0,738,71,3852,0,0,0,0,0,0,0,0,400,-453,0,0,40
2413.93,0,0,0,0,99,546,1.53909,0.00447957,1.53945,40,0,29,23,28,0,-2,0,0,1,56,3796,3847,56,132,35,711,35301,35077,108,2,68,98,212576,0,0,0,0,1,0,0,738,71,3852,0,0,0,0,0,0,0,0,400,-279,0,0,40
2413.94,0,0,0,0,99,572,1.53893,0.00448191,1.53912,40,0,29,23,28,0,-2,0,0,1,56,3796,3847,57,132,35,711,35301,35077,108,2,68,98,216372,0,0,0,0,1,0,258,240,54,3867,0,0,0,0,0,0,0,0,400,-279,0,0,40
2413.95,0,0,0,0,99,549,1.53877,0.00448425,1.53879,40,0,29,23,28,0,-2,0,0,1,56,3796,3847,57,132,35,711,35301,35077,108,2,68,98,216372,0,0,0,0,1,0,860,0,79,3843,0,0,0,0,0,0,0,0,400,-541,0,0,40
2413.96,0,0,0,0,99,564,1.53861,0.0044866,1.53846,40,0,29,23,28,0,-2,0,0,1,56,3795,3847,61,132,35,711,35301,35077,108,2,68,98,231495,0,0,0,0,1,17,495,0,61,3854,0,0,0,0,0,0,0,0,400,-335,0,0,40
2413.97,0,0,0,0,99,537,1.53845,0.00448894,1.53812,40,0,29,23,28,0,-2,0,0,1,56,3796,3847,96,132,35,711,35301,35077,108,2,68,98,364416,0,0,0,0,1,255,635,0,78,3835,0,0,0,0,0,0,0,0,400,-533,0,0,40
2413.98,0,0,0,0,99,553,1.53829,0.00449128,1.53779,40,0,29,23,28,0,-2,0,0,1,56,3796,3847,62,132,35,711,35301,35077,108,2,68,98,235352,0,0,0,0,1,468,0,0,54,3856,0,0,0,0,0,0,0,0,400,-311,0,0,40
2413.99,0,0,0,0,99,553,1.53813,0.00449362,1.53746,40,0,29,23,28,0,-2,0,0,1,56,3796,3847,62,132,35,711,35301,35077,108,2,68,98,235352,0,0,0,0,1,468,0,0,54,3856,0,0,0,0,0,0,0,0,400,-499,0,0,40
2414,0,0,0,0,99,529,1.53797,0.00449596,1.53713,40,0,29,23,28,0,-2,0,0,1,56,3807,3847,58,132,35,711,35318,35079,109,2,65,98,220806,0,0,0,0,1,833,0,0,71,3846,0,0,0,0,0,0,0,0,400,-499,0,0,40
2414.01,0,0,0,0,99,554,1.53752,0.00449133,1.53728,40,0,29,23,28,0,-2,0,0,0.9,56,3807,3847,50,132,35,711,35318,35079,109,2,65,98,190350,0,0,0,0,1,370,0,5,46,3861,0,0,0,0,0,0,0,0,400,-264,0,0,40
2414.02,0,0,0,0,99,536,1.53708,0.0044867,1.53742,40,0,29,23,28,0,-2,0,0,0.8,56,3807,3847,82,132,35,711,35318,35079,109,2,65,98,312174,0,0,0,0,1,505,0,296,68,3850,0,0,0,0,0,0,0,0,400,-462,0,0,40
2414.03,0,0,0,0,99,560,1.53664,0.00448207,1.53757,40,0,29,23,28,0,-2,0,0,0.7,56,3807,3847,82,132,35,711,35318,35079,109,2,65,98,312174,0,0,0,0,1,0,0,474,52,3856,0,0,0,0,0,0,0,0,400,-298,0,0,40
2414.04,0,0,0,0,99,539,1.53619,0.00447743,1.53772,40,0,29,23,28,0,-2,0,0,0.6,56,3808,3847,89,132,35,711,35318,35079,109,2,65,98,338912,0,0,0,0,1,0,0,832,75,3846,0,0,0,0,0,0,0,0,400,-487,0,0,40
2414.05,0,0,0,0,99,539,1.53575,0.0044728,1.53786,40,0,29,23,28,0,-2,0,0,0.5,56,3808,3847,79,132,35,711,35318,35079,109,2,65,98,300832,0,0,0,0,1,0,0,832,75,3846,0,0,0,0,0,0,0,0,400,-345,0,0,40
2414.06,0,0,0,0,99,559,1.5353,0.00446817,1.53801,40,0,29,23,28,0,-2,0,0,0.4,56,3808,3847,55,132,35,711,35318,35079,109,2,65,98,209440,0,0,0,0,1,0,139,411,60,3854,0,0,0,0,0,0,0,0,400,-345,0,0,40
2414.07,0,0,0,0,99,537,1.53486,0.00446354,1.53816,40,0,29,23,28,0,-2,0,0,0.3,56,3808,3847,55,132,35,711,35318,35079,109,2,65,98,209440,0,0,0,0,1,0,739,56,80,3848,0,0,0,0,0,0,0,0,400,-507,0,0,40
2414.08,0,0,0,0,99,555,1.53442,0.0044589,1.5383,40,0,29,23,28,0,-2,0,0,0.2,56,3808,3847,52,132,35,711,35318,35079,109,2,65,98,198016,0,0,0,0,1,0,553,0,60,3858,0,0,0,0,0,0,0,0,400,-329,0,0,40
2414.09,0,0,0,0,99,533,1.53397,0.00445427,1.53845,40,0,29,23,28,0,-2,0,0,0.1,56,3807,3847,87,132,35,711,35318,35079,109,2,65,98,331209,0,0,0,0,1,19,731,0,73,3848,0,0,0,0,0,0,0,0,400,-495,0,0,40
2414.1,0,0,0,0,99,544,1.53353,0.00444964,1.5386,40,0,29,23,28,0,-2,0,0,0,57,3807,3847,72,132,35,711,35323,35110,108,2,68,98,274104,0,0,0,0,1,142,413,0,58,3856,0,0,0,0,0,0,0,0,400,-335,0,0,40
2414.11,0,0,0,0,99,544,1.53388,0.00445657,1.53853,40,0,29,23,28,0,-2,0,0,0,57,3807,3847,72,132,35,711,35323,35110,108,2,68,98,274104,0,0,0,0,1,142,413,0,58,3856,0,0,0,0,0,0,0,0,400,-399,0,0,40
2414.12,0,0,0,0,100,526,1.53423,0.0044635,1.53847,40,0,29,23,28,0,-2,0,0,0,57,3796,3847,65,132,35,711,35323,35110,108,2,68,98,246740,0,0,0,0,1,552,81,0,60,3846,0,0,0,0,0,0,0,0,400,-399,0,0,40
2414.13,0,0,0,0,99,543,1.53457,0.00447043,1.53841,40,0,29,23,28,0,-2,0,0,0,57,3796,3849,48,132,35,711,35323,35110,108,2,68,98,182208,0,0,0,0,1,492,0,0,54,3854,0,0,0,0,0,0,0,0,400,-313,0,0,40
2414.14,0,0,0,0,99,542,1.53492,0.00447736,1.53835,40,0,29,23,28,0,-2,0,0,0,57,3796,3849,84,132,35,711,35323,35110,108,2,68,98,318864,0,0,0,0,1,519,0,0,51,3854,0,0,0,0,0,0,0,0,400,-335,0,0,40
2414.15,0,0,0,0,99,551,1.53527,0.00448429,1.53828,40,0,29,23,28,0,-2,0,0,0,57,3796,3849,84,132,35,711,35323,35110,108,2,68,98,318864,0,0,0,0,1,544,0,159,71,3861,0,0,0,0,0,0,0,0,400,-415,0,0,40
2414.16,0,0,0,0,99,549,1.53562,0.00449122,1.53822,40,0,29,23,28,0,-2,0,0,0,57,3806,3849,94,132,35,711,35323,35110,108,2,68,98,357764,0,0,0,0,1,0,0,616,57,3850,0,0,0,0,0,0,0,0,400,-412,0,0,40
2414.17,0,0,0,0,99,549,1.53597,0.00449815,1.53816,40,0,29,23,28,0,-2,0,0,0,57,3805,3849,85,132,35,711,35323,35110,108,2,68,98,323425,0,0,0,0,1,0,0,616,57,3850,0,0,0,0,0,0,0,0,400,-447,0,0,40
2414.18,0,0,0,0,99,549,1.53632,0.00450508,1.5381,40,0,29,23,28,0,-2,0,0,0,57,3805,3849,53,132,35,711,35323,35110,108,2,68,98,201665,0,0,0,0,1,0,0,774,77,3848,0,0,0,0,0,0,0,0,400,-447,0,0,40
2414.19,0,0,0,0,99,542,1.53666,0.00451201,1.53803,40,0,29,23,28,0,-2,0,0,0,57,3805,3849,53,132,35,711,35323,35110,108,2,68,98,201665,0,0,0,0,1,0,82,609,62,3856,0,0,0,0,0,0,0,0,400,-453,0,0,40
2414.2,0,0,0,0,99,544,1.53701,0.00451894,1.53797,40,0,29,23,28,0,-2,0,0,0,56,3799,3854,49,132,35,711,35247,34954,108,2,65,73,186151,0,0,0,0,1,0,344,376,73,3854,0,0,0,0,0,0,0,0,400,-422,0,0,40
2414.21,0,0,0,0,99,537,1.53725,0.00451566,1.53821,40,0,29,23,28,0,-2,0,0,0,56,3799,3854,75,132,35,711,35247,34954,108,2,65,73,284925,0,0,0,0,1,0,580,0,54,3848,0,0,0,0,0,0,0,0,400,-387,0,0,40
2414.22,0,0,0,0,99,545,1.53748,0.00451239,1.53846,40,0,29,23,28,0,-2,0,0,0,56,3799,3854,76,132,35,711,35247,34954,108,2,65,73,288724,0,0,0,0,1,0,647,0,68,3850,0,0,0,0,0,0,0,0,400,-379,0,0,40
2414.23,0,0,0,0,99,545,1.53771,0.00450911,1.5387,40,0,29,23,28,0,-2,0,0,0,56,3799,3854,76,132,35,711,35247,34954,108,2,65,73,288724,0,0,0,0,1,0,647,0,68,3850,0,0,0,0,0,0,0,0,400,-365,0,0,40
2414.24,0,0,0,0,99,540,1.53794,0.00450583,1.53894,40,0,29,23,28,0,-2,0,0,0,56,3809,3854,88,132,35,711,35247,34954,108,2,65,73,335192,0,0,0,0,1,21,530,0,51,3848,0,0,0,0,0,0,0,0,400,-365,0,0,40
2414.25,0,0,0,0,100,550,1.53817,0.00450256,1.53918,40,0,29,23,28,0,-2,0,0,0,56,3809,3854,50,132,35,711,35247,34954,108,2,65,73,190450,0,0,0,0,1,322,266,0,62,3850,0,0,0,0,0,0,0,0,400,-345,0,0,40
2414.26,0,0,0,0,99,542,1.5384,0.00449928,1.53942,40,0,29,23,28,0,-2,0,0,0,56,3809,3854,80,132,35,711,35247,34954,108,2,65,73,304720,0,0,0,0,1,603,0,0,53,3854,0,0,0,0,0,0,0,0,400,-386,0,0,40
2414.27,0,0,0,0,99,551,1.53864,0.004496,1.53967,40,0,29,23,28,0,-2,0,0,0,56,3809,3854,80,132,35,711,35247,34954,108,2,65,73,304720,0,0,0,0,1,568,0,0,68,3846,0,0,0,0,0,0,0,0,400,-354,0,0,40
2414.28,0,0,0,0,99,541,1.53887,0.00449273,1.53991,40,0,29,23,28,0,-2,0,0,0,56,3808,3854,78,132,35,711,35247,34954,108,2,65,73,297024,0,0,0,0,1,527,0,159,60,3850,0,0,0,0,0,0,0,0,400,-427,0,0,40
2414.29,0,0,0,0,99,541,1.5391,0.00448945,1.54015,40,0,29,23,28,0,-2,0,0,0,56,3808,3854,86,132,35,711,35247,34954,108,2,65,73,327488,0,0,0,0,1,527,0,159,60,3850,0,0,0,0,0,0,0,0,400,-383,0,0,40
2414.3,0,0,0,0,99,551,1.53933,0.00448617,1.54039,40,0,29,23,28,0,-2,0,0,0,56,3808,3854,48,132,35,711,35326,35084,108,2,65,73,182784,0,0,0,0,1,0,0,581,70,3850,0,0,0,0,0,0,0,0,400,-383,0,0,40
2414.31,0,0,0,0,99,543,1.53913,0.00447592,1.54055,40,0,29,23,28,0,-2,0,0,0.1,56,3808,3854,48,132,35,711,35326,35084,108,2,65,73,182784,0,0,0,0,1,0,0,755,62,3856,0,0,0,0,0,0,0,0,400,-427,0,0,40
2414.32,0,0,0,0,99,554,1.53893,0.00446567,1.54071,40,0,29,23,28,0,-2,0,0,0.2,56,3795,3854,46,132,35,711,35326,35084,108,2,65,73,174570,0,0,0,0,1,0,38,624,76,3850,0,0,0,0,0,0,0,0,400,-443,0,0,40
2414.33,0,0,0,0,99,545,1.53874,0.00445542,1.54087,40,0,29,23,28,0,-2,0,0,0.3,56,3797,3854,67,132,35,711,35326,35084,108,2,65,73,254399,0,0,0,0,1,0,440,235,59,3861,0,0,0,0,0,0,0,0,400,-392,0,0,40
2414.34,0,0,0,0,99,546,1.53854,0.00444517,1.54103,40,0,29,23,28,0,-2,0,0,0.4,56,3797,3854,80,132,35,711,35326,35084,108,2,65,73,303760,0,0,0,0,1,0,676,0,75,3854,0,0,0,0,0,0,0,0,400,-434,0,0,40
2414.35,0,0,0,0,99,546,1.53834,0.00443492,1.54118,40,0,29,23,28,0,-2,0,0,0.5,56,3797,3854,80,132,35,711,35326,35084,108,2,65,73,303760,0,0,0,0,1,0,676,0,75,3854,0,0,0,0,0,0,0,0,400,-297,0,0,40
2414.36,0,0,0,0,99,547,1.53814,0.00442467,1.54134,40,0,29,23,28,0,-2,0,0,0.6,56,3798,3854,89,132,35,711,35326,35084,108,2,65,73,338022,0,0,0,0,1,0,462,0,46,3858,0,0,0,0,0,0,0,0,400,-297,0,0,40
2414.37,0,0,0,0,99,545,1.53794,0.00441442,1.5415,40,0,29,23,28,0,-2,0,0,0.7,56,3798,3854,50,132,35,711,35326,35084,108,2,65,73,189900,0,0,0,0,1,111,604,0,73,3852,0,0,0,0,0,0,0,0,400,-433,0,0,40
2414.38,0,0,0,0,99,557,1.53774,0.00440417,1.54166,40,0,29,23,28,0,-2,0,0,0.8,56,3798,3854,83,132,35,711,35326,35084,108,2,65,73,315234,0,0,0,0,1,487,0,0,47,3848,0,0,0,0,0,0,0,0,400,-326,0,0,40
2414.39,0,0,0,0,99,550,1.53755,0.00439392,1.54182,40,0,29,23,28,0,-2,0,0,0.9,56,3798,3854,83,132,35,711,35326,35084,108,2,65,73,315234,0,0,0,0,1,839,0,0,84,3841,0,0,0,0,0,0,0,0,400,-473,0,0,40
2414.4,0,0,0,0,99,566,1.53735,0.00438367,1.54198,40,0,29,23,28,0,-2,0,0,1,56,3799,3854,74,132,35,711,35247,34951,108,2,65,73,281126,0,0,0,0,1,366,0,165,50,3863,0,0,0,0,0,0,0,0,400,-322,0,0,40
2414.41,0,0,0,0,99,566,1.53719,0.00439251,1.54155,40,0,29,23,28,0,-2,0,0,1,56,3798,3854,89,132,35,711,35247,34951,108,2,65,73,338022,0,0,0,0,1,366,0,165,50,3863,0,0,0,0,0,0,0,0,400,-508,0,0,40
2414.42,0,0,0,0,99,552,1.53702,0.00440136,1.54113,40,0,29,23,28,0,-2,0,0,1,56,3798,3854,47,132,35,711,35247,34951,108,2,65,73,178506,0,0,0,0,1,0,0,788,87,3852,0,0,0,0,0,0,0,0,400,-508,0,0,40
2414.43,0,0,0,0,99,559,1.53686,0.0044102,1.54071,40,0,29,23,28,0,-2,0,0,1,56,3798,3854,47,132,35,711,35247,34951,108,2,65,73,178506,0,0,0,0,1,0,0,499,52,3856,0,0,0,0,0,0,0,0,400,-335,0,0,40
2414.44,0,0,0,0,99,545,1.5367,0.00441904,1.54028,40,0,29,23,28,0,-2,0,0,1,56,3798,3854,43,132,35,711,35247,34951,108,2,65,73,163314,0,0,0,0,1,0,176,654,83,3850,0,0,0,0,0,0,0,0,400,-527,0,0,40
2414.45,0,0,0,0,99,552,1.53654,0.00442788,1.53986,40,0,29,23,28,0,-2,0,0,1,56,3798,3854,52,132,35,711,35247,34951,108,2,65,73,197496,0,0,0,0,1,0,446,0,44,3867,0,0,0,0,0,0,0,0,400,-298,0,0,40
2414.46,0,0,0,0,99,548,1.53637,0.00443672,1.53944,40,0,29,23,28,0,-2,0,0,1,56,3798,3854,89,132,35,711,35247,34951,108,2,65,73,338022,0,0,0,0,1,0,750,0,76,3856,0,0,0,0,0,0,0,0,400,-444,0,0,40
2414.47,0,0,0,0,99,548,1.53621,0.00444556,1.53901,40,0,29,23,28,0,-2,0,0,1,56,3798,3854,89,132,35,711,35247,34951,108,2,65,73,338022,0,0,0,0,1,0,750,0,76,3856,0,0,0,0,0,0,0,0,400,-288,0,0,40
2414.48,0,0,0,0,99,560,1.53605,0.0044544,1.53859,40,0,29,23,28,0,-2,0,0,1,56,3810,3854,95,132,35,711,35247,34951,108,2,65,73,361950,0,0,0,0,1,58,397,0,43,3858,0,0,0,0,0,0,0,0,400,-288,0,0,40
2414.49,0,0,0,0,99,559,1.53589,0.00446325,1.53817,40,0,29,23,28,0,-2,0,0,1,56,3807,3854,62,132,35,711,35247,34951,108,2,65,73,236034,0,0,0,0,1,673,0,0,80,3841,0,0,0,0,0,0,0,0,400,-447,0,0,40
2414.5,0,0,0,0,99,567,1.53573,0.00447209,1.53774,40,0,29,23,28,0,-2,0,0,1,57,3807,3854,62,132,35,711,35319,35050,107,2,65,73,236034,0,0,0,0,1,507,0,0,51,3848,0,0,0,0,0,0,0,0,400,-315,0,0,40
2414.51,0,0,0,0,99,560,1.53562,0.00447726,1.53811,40,0,29,23,28,0,-2,0,0,1,57,3807,3854,62,132,35,711,35319,35050,107,2,65,73,236034,0,0,0,0,1,599,0,288,91,3843,0,0,0,0,0,0,0,0,400,-527,0,0,40
2414.52,0,0,0,0,99,564,1.53552,0.00448243,1.53848,40,0,29,23,28,0,-2,0,0,1,57,3807,3852,57,132,35,711,35319,35050,107,2,65,73,216999,0,0,0,0,1,0,0,603,52,3856,0,0,0,0,0,0,0,0,400,-362,0,0,40
2414.53,0,0,0,0,99,564,1.53541,0.0044876,1.53884,40,0,29,23,28,0,-2,0,0,1,57,3807,3852,86,132,35,711,35319,35050,107,2,65,73,327402,0,0,0,0,1,0,0,603,52,3856,0,0,0,0,0,0,0,0,400,-493,0,0,40
2414.54,0,0,0,0,99,547,1.53531,0.00449277,1.53921,40,0,29,23,28,0,-2,0,0,1,57,3807,3852,52,132,35,711,35319,35050,107,2,65,73,197964,0,0,0,0,1,0,0,751,87,3848,0,0,0,0,0,0,0,0,400,-493,0,0,40
2414.55,0,0,0,0,99,558,1.5352,0.00449795,1.53958,40,0,29,23,28,0,-2,0,0,1,57,3807,3852,52,132,35,711,35319,35050,107,2,65,73,197964,0,0,0,0,1,0,249,273,44,3863,0,0,0,0,0,0,0,0,400,-277,0,0,40
2414.56,0,0,0,0,99,539,1.5351,0.00450312,1.53994,40,0,29,23,28,0,-2,0,0,1,57,3806,3852,51,132,35,711,35319,35050,107,2,65,73,194106,0,0,0,0,1,0,723,0,83,3852,0,0,0,0,0,0,0,0,400,-485,0,0,40
2414.57,0,0,0,0,99,567,1.53499,0.00450829,1.54031,40,0,29,23,28,0,-2,0,0,1,57,3806,3852,56,132,35,711,35319,35050,107,2,65,73,213136,0,0,0,0,1,0,407,0,42,3867,0,0,0,0,0,0,0,0,400,-263,0,0,40
2414.58,0,0,0,0,99,551,1.53489,0.00451346,1.54068,40,0,29,23,28,0,-2,0,0,1,57,3806,3852,89,132,35,711,35319,35050,107,2,65,73,338734,0,0,0,0,1,202,645,0,82,3850,0,0,0,0,0,0,0,0,400,-513,0,0,40
2414.59,0,0,0,0,99,551,1.53478,0.00451863,1.54105,40,0,29,23,28,0,-2,0,0,1,57,3806,3852,89,132,35,711,35319,35050,107,2,65,73,338734,0,0,0,0,1,202,645,0,82,3850,0,0,0,0,0,0,0,0,400,-305,0,0,40
2414.6,0,0,0,0,100,581,1.53468,0.00452381,1.54141,40,0,29,23,28,0,-2,0,0,1,56,3805,3852,89,132,35,711,35308,35056,108,2,68,73,338645,0,0,0,0,1,507,0,0,49,3856,0,0,0,0,0,0,0,0,400,-305,0,0,40
2414.61,0,0,0,0,99,551,1.5347,0.00451385,1.54121,40,0,29,23,28,0,-2,0,0,1,56,3805,3847,58,132,35,711,35308,35056,108,2,68,73,220690,0,0,0,0,1,779,0,44,90,3843,0,0,0,0,0,0,0,0,400,-536,0,0,40
2414.62,0,0,0,0,99,569,1.53472,0.0045039,1.54102,40,0,29,23,28,0,-2,0,0,1,56,3805,3847,61,132,35,711,35308,35056,108,2,68,73,232105,0,0,0,0,1,0,0,435,49,3867,0,0,0,0,0,0,0,0,400,-283,0,0,40
2414.63,0,0,0,0,99,534,1.53475,0.00449394,1.54082,40,0,29,23,28,0,-2,0,0,1,56,3805,3847,61,132,35,711,35308,35056,108,2,68,73,232105,0,0,0,0,1,0,0,888,84,3843,0,0,0,0,0,0,0,0,400,-533,0,0,40
2414.64,0,0,0,0,99,554,1.53477,0.00448399,1.54062,40,0,29,23,28,0,-2,0,0,1,56,3794,3847,60,132,35,711,35308,35056,108,2,68,73,227640,0,0,0,0,1,0,6,411,46,3854,0,0,0,0,0,0,0,0,400,-291,0,0,40
2414.65,0,0,0,0,99,554,1.5348,0.00447403,1.54042,40,0,29,23,28,0,-2,0,0,1,56,3794,3847,90,132,35,711,35308,35056,108,2,68,73,341460,0,0,0,0,1,0,6,411,46,3854,0,0,0,0,0,0,0,0,400,-525,0,0,40
2414.66,0,0,0,0,99,534,1.53482,0.00446408,1.54023,40,0,29,23,28,0,-2,0,0,1,56,3794,3847,57,132,35,711,35308,35056,108,2,68,73,216258,0,0,0,0,1,0,186,703,81,3846,0,0,0,0,0,0,0,0,400,-525,0,0,40
2414.67,0,0,0,0,99,560,1.53485,0.00445412,1.54003,40,0,29,23,28,0,-2,0,0,1,56,3794,3847,57,131,35,711,35308,35056,108,2,68,73,216258,0,0,0,0,1,0,416,0,43,3863,0,0,0,0,0,0,0,0,400,-280,0,0,40
2414.68,0,0,0,0,99,544,1.53487,0.00444417,1.53983,40,0,29,23,28,0,-2,0,0,1,56,3796,3847,59,131,35,711,35308,35056,108,2,68,73,223964,0,0,0,0,1,0,887,0,84,3841,0,0,0,0,0,0,0,0,400,-518,0,0,40
2414.69,0,0,0,0,99,563,1.5349,0.00443421,1.53963,40,0,29,23,28,0,-2,0,0,1,56,3796,3852,51,131,35,711,35308,35056,108,2,68,73,193596,0,0,0,0,1,128,348,0,45,3854,0,0,0,0,0,0,0,0,400,-287,0,0,40
2414.7,0,0,0,0,99,545,1.53492,0.00442426,1.53944,40,0,29,23,28,0,-2,0,0,1,57,3796,3852,88,131,35,711,35223,34870,108,2,65,73,334048,0,0,0,0,1,782,0,0,89,3835,0,0,0,0,0,0,0,0,400,-519,0,0,40
2414.71,0,0,0,0,99,545,1.53522,0.00442955,1.53928,40,0,29,23,28,0,-2,0,0,1,57,3796,3852,88,131,35,711,35223,34870,108,2,65,73,334048,0,0,0,0,1,782,0,0,89,3835,0,0,0,0,0,0,0,0,400,-274,0,0,40
2414.72,0,0,0,0,99,562,1.53552,0.00443483,1.53911,40,0,29,23,28,0,-2,0,0,1,57,3803,3852,90,131,35,711,35223,34870,108,2,65,73,342270,0,0,0,0,1,462,0,0,48,3863,0,0,0,0,0,0,0,0,400,-274,0,0,40
2414.73,0,0,0,0,99,532,1.53582,0.00444012,1.53895,40,0,29,23,28,0,-2,0,0,1,57,3803,3852,81,131,35,711,35223,34870,108,2,65,73,308043,0,0,0,0,1,792,0,52,89,3837,0,0,0,0,0,0,0,0,400,-551,0,0,40
2414.74,0,0,0,0,99,551,1.53613,0.0044454,1.53879,40,0,29,23,28,0,-2,0,0,1,57,3803,3852,53,131,35,711,35223,34870,108,2,65,73,201559,0,0,0,0,1,112,0,308,45,3863,0,0,0,0,0,0,0,0,400,-250,0,0,40
2414.75,0,0,0,0,99,526,1.53643,0.00445069,1.53863,40,0,29,23,28,0,-2,0,0,1,57,3803,3852,53,131,35,711,35223,34870,108,2,65,73,201559,0,0,0,0,1,0,0,763,77,3846,0,0,0,0,0,0,0,0,400,-507,0,0,40
2414.76,0,0,0,0,99,557,1.53673,0.00445597,1.53847,40,0,29,23,28,0,-2,0,0,1,57,3800,3852,49,131,35,711,35223,34870,108,2,65,73,186200,0,0,0,0,1,0,0,429,43,3861,0,0,0,0,0,0,0,0,400,-243,0,0,40
2414.77,0,0,0,0,100,557,1.53703,0.00446126,1.53831,40,0,29,23,28,0,-2,0,0,1,57,3800,3852,83,131,35,711,35223,34870,108,2,65,73,315400,0,0,0,0,1,0,0,429,43,3861,0,0,0,0,0,0,0,0,400,-535,0,0,40
2414.78,0,0,0,0,99,538,1.53733,0.00446654,1.53815,40,0,29,23,28,0,-2,0,0,1,57,3800,3852,58,131,35,711,35223,34870,108,2,65,73,220400,0,0,0,0,1,0,73,712,76,3850,0,0,0,0,0,0,0,0,400,-535,0,0,40
2414.79,0,0,0,0,99,567,1.53763,0.00447183,1.53799,40,0,29,23,28,0,-2,0,0,1,57,3800,3852,58,131,35,711,35223,34870,108,2,65,73,220400,0,0,0,0,1,0,450,0,52,3858,0,0,0,0,0,0,0,0,400,-288,0,0,40
2414.8,0,0,0,0,99,542,1.53793,0.00447711,1.53783,40,0,29,23,28,0,-2,0,0,1,56,3809,3852,69,131,35,711,35332,35087,107,2,65,73,262821,0,0,0,0,1,0,914,0,82,3848,0,0,0,0,0,0,0,0,400,-542,0,0,40
2414.81,0,0,0,0,99,560,1.53782,0.00446412,1.53825,40,0,29,23,28,0,-2,0,0,0.9,56,3809,3852,54,131,35,711,35332,35087,107,2,65,73,205686,0,0,0,0,1,38,479,0,57,3854,0,0,0,0,0,0,0,0,400,-337,0,0,40
2414.82,0,0,0,0,99,532,1.53771,0.00445113,1.53867,40,0,29,23,28,0,-2,0,0,0.8,56,3809,3852,96,131,35,711,35332,35087,107,2,65,73,365664,0,0,0,0,1,399,477,0,78,3846,0,0,0,0,0,0,0,0,400,-512,0,0,40
2414.83,0,0,0,0,99,532,1.5376,0.00443814,1.53909,40,0,29,23,28,0,-2,0,0,0.7,56,3809,3852,96,131,35,711,35332,35087,107,2,65,73,365664,0,0,0,0,1,399,477,0,78,3846,0,0,0,0,0,0,0,0,400,-319,0,0,40
2414.84,0,0,0,0,99,555,1.53749,0.00442515,1.53951,40,0,29,23,28,0,-2,0,0,0.6,56,3805,3852,93,131,35,711,35332,35087,107,2,65,73,353865,0,0,0,0,1,495,0,0,52,3854,0,0,0,0,0,0,0,0,400,-319,0,0,40
2414.85,0,0,0,0,99,529,1.53738,0.00441216,1.53993,40,0,29,23,28,0,-2,0,0,0.5,56,3805,3852,79,131,35,711,35332,35087,107,2,65,73,300595,0,0,0,0,1,829,0,0,73,3837,0,0,0,0,0,0,0,0,400,-483,0,0,40
2414.86,0,0,0,0,99,554,1.53727,0.00439917,1.54035,40,0,29,23,28,0,-2,0,0,0.4,56,3805,3852,47,131,35,711,35332,35087,107,2,65,73,178835,0,0,0,0,1,378,0,44,46,3858,0,0,0,0,0,0,0,0,400,-271,0,0,40
2414.87,0,0,0,0,99,533,1.53716,0.00438618,1.54077,40,0,29,23,28,0,-2,0,0,0.3,56,3805,3852,47,131,35,711,35332,35087,107,2,65,73,178835,0,0,0,0,1,329,0,470,71,3848,0,0,0,0,0,0,0,0,400,-454,0,0,40
2414.88,0,0,0,0,99,560,1.53705,0.00437319,1.54118,40,0,29,23,28,0,-2,0,0,0.2,56,3796,3852,46,131,35,711,35332,35087,107,2,65,73,174616,0,0,0,0,1,0,0,470,49,3863,0,0,0,0,0,0,0,0,400,-304,0,0,40
2414.89,0,0,0,0,99,560,1.53693,0.0043602,1.5416,40,0,29,23,28,0,-2,0,0,0.1,56,3796,3852,69,131,35,711,35332,35087,107,2,65,73,261924,0,0,0,0,1,0,0,470,49,3863,0,0,0,0,0,0,0,0,400,-508,0,0,40
2414.9,0,0,0,0,99,539,1.53682,0.00434721,1.54202,40,0,29,23,28,0,-2,0,0,0,56,3796,3852,84,131,35,711,35225,34889,108,2,65,73,318864,0,0,0,0,1,0,0,774,79,3846,0,0,0,0,0,0,0,0,400,-508,0,0,40
2414.91,0,0,0,0,99,562,1.53645,0.00435797,1.54138,40,0,29,23,28,0,-2,0,0,0.1,56,3796,3852,84,131,35,711,35225,34889,108,2,65,73,318864,0,0,0,0,1,0,239,228,53,3863,0,0,0,0,0,0,0,0,400,-284,0,0,40
2414.92,0,0,0,0,99,538,1.53608,0.00436873,1.54073,40,0,29,23,28,0,-2,0,0,0.2,56,3809,3849,96,131,35,711,35225,34889,108,2,65,73,365664,0,0,0,0,1,0,844,0,84,3843,0,0,0,0,0,0,0,0,400,-550,0,0,40
2414.93,0,0,0,0,99,561,1.5357,0.00437949,1.54009,40,0,29,23,28,0,-2,0,0,0.3,56,3809,3849,55,131,35,711,35225,34889,108,2,65,73,209495,0,0,0,0,1,0,415,0,49,3861,0,0,0,0,0,0,0,0,400,-266,0,0,40
2414.94,0,0,0,0,99,538,1.53533,0.00439025,1.53944,40,0,29,23,28,0,-2,0,0,0.4,56,3795,3849,78,131,35,711,35225,34889,108,2,65,73,296010,0,0,0,0,1,208,700,0,82,3839,0,0,0,0,0,0,0,0,400,-555,0,0,40
2414.95,0,0,0,0,99,538,1.53496,0.00440101,1.5388,40,0,29,23,28,0,-2,0,0,0.5,56,3795,3849,78,131,35,711,35225,34889,108,2,65,73,296010,0,0,0,0,1,208,700,0,82,3839,0,0,0,0,0,0,0,0,400,-281,0,0,40
2414.96,0,0,0,0,99,560,1.53458,0.00441178,1.53815,40,0,29,23,28,0,-2,0,0,0.6,56,3796,3849,63,131,35,711,35225,34889,108,2,65,73,239148,0,0,0,0,1,427,0,0,49,3856,0,0,0,0,0,0,0,0,400,-281,0,0,40
2414.97,0,0,0,0,99,536,1.53421,0.00442254,1.5375,40,0,29,23,28,0,-2,0,0,0.7,56,3796,3849,79,131,35,711,35225,34889,108,2,65,73,299884,0,0,0,0,1,873,0,0,76,3841,0,0,0,0,0,0,0,0,400,-516,0,0,40
2414.98,0,0,0,0,99,557,1.53384,0.0044333,1.53686,40,0,29,23,28,0,-2,0,0,0.8,56,3796,3849,48,131,35,711,35225,34889,108,2,65,73,182208,0,0,0,0,1,413,0,35,49,3856,0,0,0,0,0,0,0,0,400,-285,0,0,40
2414.99,0,0,0,0,99,540,1.53347,0.00444406,1.53621,40,0,29,23,28,0,-2,0,0,0.9,56,3796,3849,48,131,35,711,35225,34889,108,2,65,73,182208,0,0,0,0,1,287,0,466,69,3848,0,0,0,0,0,0,0,0,400,-455,0,0,40
2415,0,0,0,0,99,563,1.53309,0.00445482,1.53557,40,0,29,23,28,0,-2,0,0,1,56,3801,3849,50,131,35,711,35271,34970,108,2,68,73,190050,0,0,0,0,1,0,0,550,57,3856,0,0,0,0,0,0,0,0,400,-331,0,0,40
2415.01,0,0,0,0,99,563,1.53352,0.00445549,1.53628,40,0,29,23,28,0,-2,0,0,1,56,3797,3849,75,131,35,711,35271,34970,108,2,68,73,284775,0,0,0,0,1,0,0,550,57,3856,0,0,0,0,0,0,0,0,400,-487,0,0,40
2415.02,0,0,0,0,99,551,1.53394,0.00445617,1.53699,40,0,29,23,28,0,-2,0,0,1,56,3797,3849,94,131,35,711,35271,34970,108,2,68,73,356918,0,0,0,0,1,0,22,671,70,3846,0,0,0,0,0,0,0,0,400,-487,0,0,40
2415.03,0,0,0,0,99,568,1.53437,0.00445684,1.53771,40,0,29,23,28,0,-2,0,0,1,56,3797,3849,94,131,35,711,35271,34970,108,2,68,73,356918,0,0,0,0,1,0,454,114,65,3856,0,0,0,0,0,0,0,0,400,-328,0,0,40
2415.04,0,0,0,0,99,553,1.5348,0.00445751,1.53842,40,0,29,23,28,0,-2,0,0,1,56,3795,3849,91,131,35,711,35271,34970,108,2,68,73,345345,0,0,0,0,1,0,764,0,68,3856,0,0,0,0,0,0,0,0,400,-451,0,0,40
2415.05,0,0,0,0,99,563,1.53522,0.00445819,1.53913,40,0,29,23,28,0,-2,0,0,1,56,3796,3849,51,131,35,711,35271,34970,108,2,68,73,193596,0,0,0,0,1,70,538,0,66,3843,0,0,0,0,0,0,0,0,400,-389,0,0,40
2415.06,0,0,0,0,99,544,1.53565,0.00445886,1.53984,40,0,29,23,28,0,-2,0,0,1,56,3796,3849,58,131,35,711,35271,34970,108,2,68,73,220168,0,0,0,0,1,521,123,0,61,3846,0,0,0,0,0,0,0,0,400,-398,0,0,40
2415.07,0,0,0,0,99,544,1.53608,0.00445954,1.54055,40,0,29,23,28,0,-2,0,0,1,56,3796,3849,58,131,35,711,35271,34970,108,2,68,73,220168,0,0,0,0,1,521,123,0,61,3846,0,0,0,0,0,0,0,0,400,-344,0,0,40
2415.08,0,0,0,0,99,555,1.5365,0.00446021,1.54127,40,0,29,23,28,0,-2,0,0,1,56,3796,3849,54,131,35,711,35271,34970,108,2,68,73,204984,0,0,0,0,1,566,0,0,61,3856,0,0,0,0,0,0,0,0,400,-344,0,0,40
2415.09,0,0,0,0,99,544,1.53693,0.00446088,1.54198,40,0,29,23,28,0,-2,0,0,1,56,3796,3846,89,131,35,711,35271,34970,108,2,68,73,337844,0,0,0,0,1,591,0,21,58,3841,0,0,0,0,0,0,0,0,400,-402,0,0,40
2415.1,0,0,0,0,99,562,1.53736,0.00446156,1.54269,40,0,29,23,28,0,-2,0,0,1,56,3797,3846,61,131,35,711,35223,34873,108,2,65,73,231617,0,0,0,0,1,197,0,333,62,3854,0,0,0,0,0,0,0,0,400,-326,0,0,40
2415.11,0,0,0,0,99,553,1.53719,0.00446248,1.54188,40,0,29,23,28,0,-2,0,0,1,56,3797,3846,61,131,35,711,35223,34873,108,2,65,73,231617,0,0,0,0,1,0,0,753,64,3852,0,0,0,0,0,0,0,0,400,-450,0,0,40
2415.12,0,0,0,0,99,567,1.53703,0.0044634,1.54106,40,0,29,23,28,0,-2,0,0,1,56,3797,3846,67,131,35,711,35223,34873,108,2,65,73,254399,0,0,0,0,1,0,38,575,73,3856,0,0,0,0,0,0,0,0,400,-421,0,0,40
2415.13,0,0,0,0,99,567,1.53687,0.00446433,1.54025,40,0,29,23,28,0,-2,0,0,1,56,3797,3846,56,131,35,711,35223,34873,108,2,65,73,212632,0,0,0,0,1,0,38,575,73,3856,0,0,0,0,0,0,0,0,400,-422,0,0,40
2415.14,0,0,0,0,99,554,1.53671,0.00446525,1.53944,40,0,29,23,28,0,-2,0,0,1,56,3807,3846,87,131,35,711,35223,34873,108,2,65,73,331209,0,0,0,0,1,0,614,73,66,3850,0,0,0,0,0,0,0,0,400,-422,0,0,40
2415.15,0,0,0,0,99,559,1.53655,0.00446617,1.53862,40,0,29,23,28,0,-2,0,0,1,56,3807,3846,87,131,35,711,35223,34873,108,2,65,73,331209,0,0,0,0,1,0,709,0,74,3854,0,0,0,0,0,0,0,0,400,-421,0,0,40
2415.16,0,0,0,0,99,552,1.53639,0.0044671,1.53781,40,0,29,23,28,0,-2,0,0,1,56,3807,3846,84,131,35,711,35223,34873,108,2,65,73,319788,0,0,0,0,1,62,539,0,53,3852,0,0,0,0,0,0,0,0,400,-387,0,0,40
2415.17,0,0,0,0,99,549,1.53623,0.00446802,1.537,40,0,29,23,28,0,-2,0,0,1,56,3807,3846,53,131,35,711,35223,34873,108,2,65,73,201771,0,0,0,0,1,398,280,0,73,3850,0,0,0,0,0,0,0,0,400,-399,0,0,40
2415.18,0,0,0,0,99,556,1.53607,0.00446895,1.53618,40,0,29,23,28,0,-2,0,0,1,56,3807,3846,49,131,35,711,35223,34873,108,2,65,73,186543,0,0,0,0,1,560,0,0,50,3854,0,0,0,0,0,0,0,0,400,-334,0,0,40
2415.19,0,0,0,0,99,556,1.53591,0.00446987,1.53537,40,0,29,23,28,0,-2,0,0,1,56,3807,3846,49,131,35,711,35223,34873,108,2,65,73,186543,0,0,0,0,1,560,0,0,50,3854,0,0,0,0,0,0,0,0,400,-454,0,0,40
2415.2,0,0,0,0,99,556,1.53575,0.00447079,1.53456,40,0,29,23,28,0,-2,0,0,1,57,3809,3846,55,131,35,711,35332,35100,108,2,68,73,209495,0,0,0,0,1,662,0,44,79,3843,0,0,0,0,0,0,0,0,400,-454,0,0,40
2415.21,0,0,0,0,99,560,1.53576,0.00446741,1.53546,40,0,29,23,28,0,-2,0,0,1,57,3809,3846,94,131,35,711,35332,35100,108,2,68,73,358046,0,0,0,0,1,0,0,533,54,3856,0,0,0,0,0,0,0,0,400,-351,0,0,40
2415.22,0,0,0,0,99,552,1.53578,0.00446403,1.53637,40,0,29,23,28,0,-2,0,0,1,57,3808,3846,58,131,35,711,35332,35100,108,2,68,73,220864,0,0,0,0,1,0,0,849,83,3843,0,0,0,0,0,0,0,0,400,-506,0,0,40
2415.23,0,0,0,0,99,554,1.5358,0.00446065,1.53727,40,0,29,23,28,0,-2,0,0,1,57,3808,3846,58,131,35,711,35332,35100,108,2,68,73,220864,0,0,0,0,1,0,18,501,52,3850,0,0,0,0,0,0,0,0,400,-379,0,0,40
2415.24,0,0,0,0,99,547,1.53581,0.00445727,1.53818,40,0,29,23,28,0,-2,0,0,1,57,3808,3846,56,131,35,711,35332,35100,108,2,68,73,213248,0,0,0,0,1,0,375,411,77,3852,0,0,0,0,0,0,0,0,400,-442,0,0,40
2415.25,0,0,0,0,99,547,1.53583,0.00445389,1.53909,40,0,29,23,28,0,-2,0,0,1,57,3800,3846,61,131,35,711,35332,35100,108,2,68,73,231800,0,0,0,0,1,0,375,411,77,3852,0,0,0,0,0,0,0,0,400,-313,0,0,40
2415.26,0,0,0,0,99,552,1.53584,0.00445051,1.53999,40,0,29,23,28,0,-2,0,0,1,57,3800,3846,93,131,35,711,35332,35100,108,2,68,73,353400,0,0,0,0,1,0,504,0,46,3863,0,0,0,0,0,0,0,0,400,-313,0,0,40
2415.27,0,0,0,0,99,548,1.53586,0.00444713,1.5409,40,0,29,23,28,0,-2,0,0,1,57,3800,3846,93,131,35,711,35332,35100,108,2,68,73,353400,0,0,0,0,1,0,656,0,74,3852,0,0,0,0,0,0,0,0,400,-406,0,0,40
2415.28,0,0,0,0,99,557,1.53587,0.00444375,1.54181,40,0,29,23,28,0,-2,0,0,1,57,3801,3846,87,131,35,711,35332,35100,108,2,68,73,330687,0,0,0,0,1,202,295,0,44,3861,0,0,0,0,0,0,0,0,400,-292,0,0,40
2415.29,0,0,0,0,99,555,1.53589,0.00444037,1.54271,40,0,29,23,28,0,-2,0,0,1,57,3808,3846,60,131,35,711,35332,35100,108,2,68,73,228480,0,0,0,0,1,739,0,0,82,3831,0,0,0,0,0,0,0,0,400,-480,0,0,40
2415.3,0,0,0,0,99,557,1.5359,0.00443699,1.54362,40,0,29,23,28,0,-2,0,0,1,57,3808,3846,49,131,35,711,35272,34976,108,2,68,73,186592,0,0,0,0,1,527,0,9,54,3854,0,0,0,0,0,0,0,0,400,-356,0,0,40
2415.31,0,0,0,0,99,557,1.53589,0.00445066,1.54362,40,0,29,23,28,0,-2,0,0,1,57,3808,3846,49,131,35,711,35272,34976,108,2,68,73,186592,0,0,0,0,1,527,0,9,54,3854,0,0,0,0,0,0,0,0,400,-513,0,0,40
2415.32,0,0,0,0,99,550,1.53587,0.00446434,1.54362,40,0,29,23,28,0,-2,0,0,1,57,3805,3849,51,131,35,711,35272,34976,108,2,68,73,194055,0,0,0,0,1,568,0,276,87,3841,0,0,0,0,0,0,0,0,400,-513,0,0,40
2415.33,0,0,0,0,99,551,1.53585,0.00447801,1.54362,40,0,29,23,28,0,-2,0,0,1,57,3805,3849,90,131,35,711,35272,34976,108,2,68,73,342450,0,0,0,0,1,0,0,577,50,3856,0,0,0,0,0,0,0,0,400,-359,0,0,40
2415.34,0,0,0,0,99,542,1.53584,0.00449169,1.54361,40,0,29,23,28,0,-2,0,0,1,57,3805,3849,74,131,35,711,35272,34976,108,2,68,73,281570,0,0,0,0,1,0,0,826,84,3852,0,0,0,0,0,0,0,0,400,-479,0,0,40
2415.35,0,0,0,0,99,556,1.53582,0.00450536,1.54361,40,0,29,23,28,0,-2,0,0,1,57,3805,3849,74,131,35,711,35272,34976,108,2,68,73,281570,0,0,0,0,1,0,98,404,43,3858,0,0,0,0,0,0,0,0,400,-297,0,0,40
2415.36,0,0,0,0,99,544,1.53581,0.00451904,1.54361,40,0,29,23,28,0,-2,0,0,1,57,3806,3849,76,131,35,711,35272,34976,108,2,68,73,289256,0,0,0,0,1,0,583,144,81,3850,0,0,0,0,0,0,0,0,400,-452,0,0,40
2415.37,0,0,0,0,99,544,1.53579,0.00453271,1.54361,40,0,29,23,28,0,-2,0,0,1,57,3805,3849,48,131,35,711,35272,34976,108,2,68,73,182640,0,0,0,0,1,0,583,144,81,3850,0,0,0,0,0,0,0,0,400,-269,0,0,40
2415.38,0,0,0,0,100,568,1.53578,0.00454639,1.54361,40,0,29,23,28,0,-2,0,0,1,57,3805,3849,83,131,35,711,35272,34976,108,2,68,73,315815,0,0,0,0,1,0,456,0,43,3863,0,0,0,0,0,0,0,0,400,-269,0,0,40
2415.39,0,0,0,0,99,550,1.53576,0.00456006,1.54361,40,0,29,23,28,0,-2,0,0,1,57,3805,3849,83,131,35,711,35272,34976,108,2,68,73,315815,0,0,0,0,1,103,725,0,86,3837,0,0,0,0,0,0,0,0,400,-527,0,0,40
2415.4,0,0,0,0,99,573,1.53574,0.00457374,1.54361,40,0,29,23,28,0,-2,0,0,1,56,3796,3848,84,131,35,711,35304,35069,108,2,68,73,318864,0,0,0,0,1,493,0,0,49,3856,0,0,0,0,0,0,0,0,400,-325,0,0,40
2415.41,0,0,0,0,99,545,1.53588,0.00456731,1.54325,40,0,29,23,28,0,-2,0,0,1,56,3796,3848,69,131,35,711,35304,35069,108,2,68,73,261924,0,0,0,0,1,874,0,0,89,3839,0,0,0,0,0,0,0,0,400,-507,0,0,40
2415.42,0,0,0,0,99,559,1.53601,0.00456089,1.5429,40,0,29,23,28,0,-2,0,0,1,56,3796,3848,50,131,35,711,35304,35069,108,2,68,73,189800,0,0,0,0,1,320,0,147,48,3858,0,0,0,0,0,0,0,0,400,-296,0,0,40
2415.43,0,0,0,0,99,559,1.53614,0.00455446,1.54255,40,0,29,23,28,0,-2,0,0,1,56,3796,3848,50,131,35,711,35304,35069,108,2,68,73,189800,0,0,0,0,1,320,0,147,48,3858,0,0,0,0,0,0,0,0,400,-468,0,0,40
2415.44,0,0,0,0,99,533,1.53627,0.00454804,1.5422,40,0,29,23,28,0,-2,0,0,1,56,3795,3848,50,131,35,711,35304,35069,108,2,68,73,189750,0,0,0,0,1,48,0,665,81,3848,0,0,0,0,0,0,0,0,400,-468,0,0,40
2415.45,0,0,0,0,99,556,1.5364,0.00454161,1.54185,40,0,29,23,28,0,-2,0,0,1,56,3792,3848,90,131,35,711,35304,35069,108,2,68,73,341280,0,0,0,0,1,0,0,433,42,3856,0,0,0,0,0,0,0,0,400,-270,0,0,40
2415.46,0,0,0,0,99,543,1.53653,0.00453519,1.54149,40,0,29,23,28,0,-2,0,0,1,56,3792,3848,83,131,35,711,35304,35069,108,2,68,73,314736,0,0,0,0,1,0,35,726,79,3846,0,0,0,0,0,0,0,0,400,-488,0,0,40
2415.47,0,0,0,0,99,569,1.53667,0.00452876,1.54114,40,0,29,23,28,0,-2,0,0,1,56,3792,3848,83,131,35,711,35304,35069,108,2,68,73,314736,0,0,0,0,1,0,397,0,42,3863,0,0,0,0,0,0,0,0,400,-264,0,0,40
2415.48,0,0,0,0,99,554,1.5368,0.00452233,1.54079,40,0,29,23,28,0,-2,0,0,1,56,3798,3849,80,131,35,711,35304,35069,108,2,68,73,303840,0,0,0,0,1,0,914,0,88,3846,0,0,0,0,0,0,0,0,400,-539,0,0,40
2415.49,0,0,0,0,99,554,1.53693,0.00451591,1.54044,40,0,29,23,28,0,-2,0,0,1,56,3798,3849,50,131,35,711,35304,35069,108,2,68,73,189900,0,0,0,0,1,0,914,0,88,3846,0,0,0,0,0,0,0,0,400,-298,0,0,40
2415.5,0,0,0,0,99,570,1.53706,0.00450948,1.54009,40,0,29,23,28,0,-2,0,0,1,56,3798,3849,69,131,35,711,35237,34930,108,2,65,73,262062,0,0,0,0,1,123,369,0,47,3848,0,0,0,0,0,0,0,0,400,-298,0,0,40
2415.51,0,0,0,0,99,548,1.53719,0.00450402,1.54002,40,0,29,23,28,0,-2,0,0,1,56,3798,3849,69,131,35,711,35237,34930,108,2,65,73,262062,0,0,0,0,1,800,0,0,92,3833,0,0,0,0,0,0,0,0,400,-532,0,0,40
2415.52,0,0,0,0,99,561,1.53731,0.00449855,1.53995,40,0,29,23,28,0,-2,0,0,1,56,3798,3849,82,131,35,711,35237,34930,108,2,65,73,311436,0,0,0,0,1,443,0,0,48,3854,0,0,0,0,0,0,0,0,400,-268,0,0,40
2415.53,0,0,0,0,99,534,1.53744,0.00449308,1.53988,40,0,29,23,28,0,-2,0,0,1,56,3798,3849,89,131,35,711,35237,34930,108,2,65,73,338022,0,0,0,0,1,753,0,65,86,3843,0,0,0,0,0,0,0,0,400,-533,0,0,40
2415.54,0,0,0,0,99,557,1.53756,0.00448761,1.53981,40,0,29,23,28,0,-2,0,0,1,56,3798,3849,52,131,35,711,35237,34930,108,2,65,73,197496,0,0,0,0,1,0,0,372,41,3867,0,0,0,0,0,0,0,0,400,-244,0,0,40
2415.55,0,0,0,0,99,557,1.53768,0.00448214,1.53974,40,0,29,23,28,0,-2,0,0,1,56,3798,3849,52,131,35,711,35237,34930,108,2,65,73,197496,0,0,0,0,1,0,0,372,41,3867,0,0,0,0,0,0,0,0,400,-520,0,0,40
2415.56,0,0,0,0,99,535,1.53781,0.00447668,1.53967,40,0,29,23,28,0,-2,0,0,1,56,3808,3849,48,131,35,711,35237,34930,108,2,65,73,182784,0,0,0,0,1,0,0,808,77,3837,0,0,0,0,0,0,0,0,400,-520,0,0,40
2415.57,0,0,0,0,99,570,1.53793,0.00447121,1.5396,40,0,29,23,28,0,-2,0,0,1,56,3808,3849,64,131,35,711,35237,34930,108,2,65,73,243712,0,0,0,0,1,0,16,386,41,3863,0,0,0,0,0,0,0,0,400,-274,0,0,40
2415.58,0,0,0,0,99,551,1.53806,0.00446574,1.53953,40,0,29,23,28,0,-2,0,0,1,56,3808,3849,81,131,35,711,35237,34930,108,2,65,73,308448,0,0,0,0,1,0,491,325,80,3848,0,0,0,0,0,0,0,0,400,-486,0,0,40
2415.59,0,0,0,0,99,579,1.53818,0.00446027,1.53946,40,0,29,23,28,0,-2,0,0,1,56,3808,3849,81,131,35,711,35237,34930,108,2,65,73,308448,0,0,0,0,1,0,495,0,54,3856,0,0,0,0,0,0,0,0,400,-290,0,0,40
2415.6,0,0,0,0,100,550,1.53831,0.0044548,1.5394,40,0,29,23,28,0,-2,0,0,1,56,3796,3849,90,131,35,711,35222,34880,108,2,65,73,341640,0,0,0,0,1,146,762,0,87,3839,0,0,0,0,0,0,0,0,400,-570,0,0,40
2415.61,0,0,0,0,99,550,1.53825,0.00445659,1.53925,40,0,29,23,28,0,-2,0,0,1,56,3809,3849,52,132,35,711,35222,34880,108,2,65,73,198068,0,0,0,0,1,146,762,0,87,3839,0,0,0,0,0,0,0,0,400,-333,0,0,40
2415.62,0,0,0,0,99,565,1.5382,0.00445837,1.53911,40,0,29,23,28,0,-2,0,0,1,56,3809,3849,83,132,35,711,35222,34880,108,2,65,73,316147,0,0,0,0,1,503,0,0,58,3856,0,0,0,0,0,0,0,0,400,-333,0,0,40
2415.63,0,0,0,0,99,533,1.53814,0.00446016,1.53897,40,0,29,23,28,0,-2,0,0,1,56,3809,3849,83,132,35,711,35222,34880,108,2,65,73,316147,0,0,0,0,1,903,0,0,82,3846,0,0,0,0,0,0,0,0,400,-536,0,0,40
2415.64,0,0,0,0,99,554,1.53809,0.00446195,1.53883,40,0,29,23,28,0,-2,0,0,1,56,3794,3849,74,132,35,711,35222,34880,108,2,65,73,280756,0,0,0,0,1,402,0,24,47,3856,0,0,0,0,0,0,0,0,400,-280,0,0,40
2415.65,0,0,0,0,99,533,1.53804,0.00446373,1.53868,40,0,29,23,28,0,-2,0,0,1,56,3794,3849,87,132,35,711,35222,34880,108,2,65,73,330078,0,0,0,0,1,525,0,294,71,3852,0,0,0,0,0,0,0,0,400,-478,0,0,40
2415.66,0,0,0,0,99,565,1.53798,0.00446552,1.53854,40,0,29,23,28,0,-2,0,0,1,56,3794,3849,49,132,35,711,35222,34880,108,2,65,73,185906,0,0,0,0,1,0,0,419,43,3861,0,0,0,0,0,0,0,0,400,-272,0,0,40
2415.67,0,0,0,0,99,565,1.53793,0.00446731,1.5384,40,0,29,23,28,0,-2,0,0,1,56,3794,3849,49,132,35,711,35222,34880,108,2,65,73,185906,0,0,0,0,1,0,0,419,43,3861,0,0,0,0,0,0,0,0,400,-450,0,0,40
2415.68,0,0,0,0,99,549,1.53787,0.00446909,1.53826,40,0,29,23,28,0,-2,0,0,1,56,3803,3849,49,132,35,711,35222,34880,108,2,65,73,186347,0,0,0,0,1,0,0,720,73,3848,0,0,0,0,0,0,0,0,400,-450,0,0,40
2415.69,0,0,0,0,99,575,1.53782,0.00447088,1.53812,40,0,29,23,28,0,-2,0,0,1,56,3803,3849,55,132,35,711,35222,34880,108,2,65,73,209165,0,0,0,0,1,0,348,54,51,3861,0,0,0,0,0,0,0,0,400,-268,0,0,40
2415.7,0,0,0,0,99,550,1.53777,0.00447267,1.53797,40,0,29,23,28,0,-2,0,0,1,56,3803,3846,93,132,35,711,35280,35016,108,2,68,73,353679,0,0,0,0,1,0,955,0,88,3846,0,0,0,0,0,0,0,0,400,-570,0,0,40
2415.71,0,0,0,0,99,567,1.53781,0.00446826,1.53855,40,0,29,23,28,0,-2,0,0,1,56,3803,3846,93,132,35,711,35280,35016,108,2,68,73,353679,0,0,0,0,1,46,489,0,60,3854,0,0,0,0,0,0,0,0,400,-347,0,0,40
2415.72,0,0,0,0,99,536,1.53786,0.00446385,1.53913,40,0,29,23,28,0,-2,0,0,1,56,3794,3846,94,132,35,711,35280,35016,108,2,68,73,356636,0,0,0,0,1,501,393,0,84,3843,0,0,0,0,0,0,0,0,400,-524,0,0,40
2415.73,0,0,0,0,99,536,1.53791,0.00445944,1.5397,40,0,29,23,28,0,-2,0,0,1,56,3794,3846,74,132,35,711,35280,35016,108,2,68,73,280756,0,0,0,0,1,501,393,0,84,3843,0,0,0,0,0,0,0,0,400,-319,0,0,40
2415.74,0,0,0,0,99,553,1.53795,0.00445503,1.54028,40,0,29,23,28,0,-2,0,0,1,56,3794,3846,57,132,35,711,35280,35016,108,2,68,73,216258,0,0,0,0,1,503,0,0,54,3861,0,0,0,0,0,0,0,0,400,-319,0,0,40
2415.75,0,0,0,0,99,532,1.538,0.00445062,1.54085,40,0,29,23,28,0,-2,0,0,1,56,3794,3846,57,132,35,711,35280,35016,108,2,68,73,216258,0,0,0,0,1,736,0,0,68,3848,0,0,0,0,0,0,0,0,400,-438,0,0,40
2415.76,0,0,0,0,100,557,1.53805,0.0044462,1.54143,40,0,29,23,28,0,-2,0,0,1,56,3791,3846,48,132,35,711,35280,35016,108,2,68,73,181968,0,0,0,0,1,390,0,79,50,3858,0,0,0,0,0,0,0,0,400,-276,0,0,40
2415.77,0,0,0,0,99,549,1.5381,0.00444179,1.542,40,0,29,23,28,0,-2,0,0,1,56,3795,3846,85,132,35,711,35280,35016,108,2,68,73,322575,0,0,0,0,1,0,0,638,62,3841,0,0,0,0,0,0,0,0,400,-417,0,0,40
2415.78,0,0,0,0,99,566,1.53814,0.00443738,1.54258,40,0,29,23,28,0,-2,0,0,1,56,3795,3846,48,132,35,711,35280,35016,108,2,68,73,182160,0,0,0,0,1,0,0,610,67,3854,0,0,0,0,0,0,0,0,400,-360,0,0,40
2415.79,0,0,0,0,99,566,1.53819,0.00443297,1.54315,40,0,29,23,28,0,-2,0,0,1,56,3795,3846,48,132,35,711,35280,35016,108,2,68,73,182160,0,0,0,0,1,0,0,610,67,3854,0,0,0,0,0,0,0,0,400,-480,0,0,40
2415.8,0,0,0,0,99,554,1.53824,0.00442856,1.54373,40,0,29,23,27,0,-2,0,0,1,56,3809,3851,65,132,35,711,35326,35100,108,2,65,73,247585,0,0,0,0,1,0,246,552,71,3852,0,0,0,0,0,0,0,0,400,-480,0,0,40
2415.81,0,0,0,0,99,561,1.53807,0.00442288,1.54337,40,0,29,23,27,0,-2,0,0,1,56,3809,3851,59,132,35,711,35326,35100,108,2,65,73,224731,0,0,0,0,1,0,655,0,74,3852,0,0,0,0,0,0,0,0,400,-427,0,0,40
2415.82,0,0,0,0,99,543,1.5379,0.0044172,1.54302,40,0,29,23,27,0,-2,0,0,1,56,3809,3851,98,132,35,711,35326,35100,108,2,65,73,373282,0,0,0,0,1,0,727,0,66,3843,0,0,0,0,0,0,0,0,400,-430,0,0,40
2415.83,0,0,0,0,99,548,1.53773,0.00441152,1.54266,40,0,29,23,27,0,-2,0,0,1,56,3809,3851,98,132,35,711,35326,35100,108,2,65,73,373282,0,0,0,0,1,73,557,0,68,3846,0,0,0,0,0,0,0,0,400,-404,0,0,40
2415.84,0,0,0,0,99,537,1.53755,0.00440583,1.5423,40,0,29,23,27,0,-2,0,0,1,56,3802,3851,94,132,35,711,35326,35100,108,2,65,73,357388,0,0,0,0,1,382,180,0,51,3852,0,0,0,0,0,0,0,0,400,-336,0,0,40
2415.85,0,0,0,0,99,537,1.53738,0.00440015,1.54195,40,0,29,23,27,0,-2,0,0,1,56,3802,3851,67,132,35,711,35326,35100,108,2,65,73,254734,0,0,0,0,1,382,180,0,51,3854,0,0,0,0,0,0,0,0,400,-312,0,0,40
2415.86,0,0,0,0,99,554,1.53721,0.00439447,1.54159,40,0,29,23,27,0,-2,0,0,1,56,3802,3851,48,132,35,711,35326,35100,108,2,65,73,182496,0,0,0,0,1,498,0,0,56,3854,0,0,0,0,0,0,0,0,400,-312,0,0,40
2415.87,0,0,0,0,99,549,1.53704,0.00438879,1.54124,40,0,29,23,27,0,-2,0,0,1,56,3802,3851,48,132,35,711,35326,35100,108,2,65,73,182496,0,0,0,0,1,528,0,3,52,3854,0,0,0,0,0,0,0,0,400,-356,0,0,40
2415.88,0,0,0,0,99,563,1.53687,0.0043831,1.54088,40,0,29,23,27,0,-2,0,0,1,56,3802,3851,48,132,35,711,35326,35100,108,2,65,73,182496,0,0,0,0,1,282,0,331,68,3848,0,0,0,0,0,0,0,0,400,-362,0,0,40
2415.89,0,0,0,0,99,557,1.5367,0.00437742,1.54052,40,0,29,23,27,0,-2,0,0,1,56,3808,3851,80,132,35,711,35326,35100,108,2,65,73,304640,0,0,0,0,1,0,0,733,61,3846,0,0,0,0,0,0,0,0,400,-429,0,0,40
2415.9,0,0,0,0,99,564,1.53653,0.00437174,1.54017,40,0,29,23,28,0,-2,0,0,1,57,3808,3851,86,132,35,711,35323,35081,108,2,65,73,327488,0,0,0,0,1,0,41,656,82,3846,0,0,0,0,0,0,0,0,400,-481,0,0,40
2415.91,0,0,0,0,99,564,1.53625,0.00437652,1.53995,40,0,29,23,28,0,-2,0,0,1,57,3808,3851,86,132,35,711,35323,35081,108,2,65,73,327488,0,0,0,0,1,0,41,656,82,3846,0,0,0,0,0,0,0,0,400,-383,0,0,40
2415.92,0,0,0,0,99,557,1.53597,0.0043813,1.53972,40,0,29,23,28,0,-2,0,0,1,57,3794,3851,88,132,35,711,35323,35081,108,2,65,73,333872,0,0,0,0,1,0,561,19,57,3854,0,0,0,0,0,0,0,0,400,-383,0,0,40
2415.93,0,0,0,0,99,552,1.5357,0.00438608,1.5395,40,0,29,23,28,0,-2,0,0,1,57,3794,3851,54,132,35,711,35323,35081,108,2,65,73,204876,0,0,0,0,1,0,735,0,77,3854,0,0,0,0,0,0,0,0,400,-441,0,0,40
2415.94,0,0,0,0,99,554,1.53542,0.00439086,1.53928,40,0,29,23,28,0,-2,0,0,1,57,3794,3851,85,132,35,711,35323,35081,108,2,65,73,322490,0,0,0,0,1,30,483,0,48,3852,0,0,0,0,0,0,0,0,400,-342,0,0,40
2415.95,0,0,0,0,99,548,1.53514,0.00439564,1.53906,40,0,29,23,28,0,-2,0,0,1,57,3794,3851,85,132,35,711,35323,35081,108,2,65,73,322490,0,0,0,0,1,451,268,0,76,3846,0,0,0,0,0,0,0,0,400,-425,0,0,40
2415.96,0,0,0,0,99,570,1.53486,0.00440042,1.53884,40,0,29,23,28,0,-2,0,0,1,57,3796,3851,72,132,35,711,35323,35081,108,2,65,73,273312,0,0,0,0,1,481,0,0,45,3856,0,0,0,0,0,0,0,0,400,-281,0,0,40
2415.97,0,0,0,0,99,570,1.53459,0.0044052,1.53861,40,0,29,23,28,0,-2,0,0,1,57,3801,3851,70,132,35,711,35323,35081,108,2,65,73,266070,0,0,0,0,1,481,0,0,45,3856,0,0,0,0,0,0,0,0,400,-514,0,0,40
2415.98,0,0,0,0,99,559,1.53431,0.00440999,1.53839,40,0,29,23,28,0,-2,0,0,1,57,3801,3851,44,132,35,711,35323,35081,108,2,65,73,167244,0,0,0,0,1,695,0,95,84,3831,0,0,0,0,0,0,0,0,400,-514,0,0,40
2415.99,0,0,0,0,99,579,1.53403,0.00441477,1.53817,40,0,29,23,28,0,-2,0,0,1,57,3801,3851,44,132,35,711,35323,35081,108,2,65,73,167244,0,0,0,0,1,0,0,515,49,3861,0,0,0,0,0,0,0,0,400,-318,0,0,40
2416,0,0,0,0,99,561,1.53375,0.00441955,1.53795,40,0,29,23,28,0,-2,0,0,1,57,3805,3851,51,132,35,711,35305,35003,108,2,65,73,194055,0,0,0,0,1,0,18,745,86,3848,0,0,0,0,0,0,0,0,400,-486,0,0,40
2416.01,0,0,0,0,99,574,1.53407,0.00442564,1.53825,40,0,29,23,28,0,-2,0,0,1,57,3805,3851,91,132,35,711,35305,35003,108,2,65,73,346255,0,0,0,0,1,0,424,0,46,3863,0,0,0,0,0,0,0,0,400,-285,0,0,40
2416.02,0,0,0,0,99,561,1.53439,0.00443173,1.53855,40,0,29,23,28,0,-2,0,0,1,57,3805,3851,90,132,35,711,35305,35003,108,2,65,73,342450,0,0,0,0,1,0,823,0,83,3841,0,0,0,0,0,0,0,0,400,-483,0,0,40
2416.03,0,0,0,0,99,561,1.53471,0.00443782,1.53885,40,0,29,23,28,0,-2,0,0,1,57,3805,3851,90,132,35,711,35305,35003,108,2,65,73,342450,0,0,0,0,1,0,823,0,83,3841,0,0,0,0,0,0,0,0,400,-263,0,0,40
2416.04,0,0,0,0,99,572,1.53503,0.00444391,1.53915,40,0,29,23,28,0,-2,0,0,1,57,3807,3851,88,132,35,711,35305,35003,108,2,65,73,335016,0,0,0,0,1,142,301,0,43,3861,0,0,0,0,0,0,0,0,400,-263,0,0,40
2416.05,0,0,0,0,99,569,1.53535,0.00445001,1.53946,40,0,29,23,28,0,-2,0,0,1,57,3806,3851,47,132,35,711,35305,35003,108,2,65,73,178882,0,0,0,0,1,767,0,0,84,3835,0,0,0,0,0,0,0,0,400,-484,0,0,40
2416.06,0,0,0,0,100,584,1.53567,0.0044561,1.53976,40,0,29,23,28,0,-2,0,0,1,57,3806,3851,67,132,35,711,35305,35003,108,2,65,73,255002,0,0,0,0,1,417,0,103,47,3858,0,0,0,0,0,0,0,0,400,-307,0,0,40
2416.07,0,0,0,0,99,576,1.53599,0.00446219,1.54006,40,0,29,23,28,0,-2,0,0,1,57,3806,3851,67,132,35,711,35305,35003,108,2,65,73,255002,0,0,0,0,1,0,0,829,91,3839,0,0,0,0,0,0,0,0,400,-548,0,0,40
2416.08,0,0,0,0,99,594,1.53631,0.00446828,1.54036,40,0,29,23,28,0,-2,0,0,1,57,3807,3851,63,132,35,711,35305,35003,108,2,65,73,239841,0,0,0,0,1,0,131,413,48,3854,0,0,0,0,0,0,0,0,400,-303,0,0,40
2416.09,0,0,0,0,99,594,1.53663,0.00447437,1.54066,40,0,29,23,28,0,-2,0,0,1,57,3807,3851,92,132,35,711,35305,35003,108,2,65,73,350244,0,0,0,0,1,0,131,413,48,3854,0,0,0,0,0,0,0,0,400,-529,0,0,40
2416.1,0,0,0,0,99,568,1.53695,0.00448047,1.54096,40,0,29,23,28,0,-2,0,0,1,57,3807,3851,57,132,35,711,35307,35068,108,2,68,73,216999,0,0,0,0,1,0,823,0,90,3835,0,0,0,0,0,0,0,0,400,-529,0,0,40
2416.11,0,0,0,0,99,599,1.53684,0.00448547,1.54042,40,0,29,23,28,0,-2,0,0,1,57,3807,3851,57,132,35,711,35307,35068,108,2,68,73,216999,0,0,0,0,1,99,368,0,47,3854,0,0,0,0,0,0,0,0,400,-287,0,0,40
2416.12,0,0,0,0,99,577,1.53672,0.00449047,1.53988,40,0,29,23,28,0,-2,0,0,1,57,3807,3851,60,132,35,711,35307,35068,108,2,68,73,228420,0,0,0,0,1,829,0,0,84,3829,0,0,0,0,0,0,0,0,400,-524,0,0,40
2416.13,0,0,0,0,99,611,1.53661,0.00449547,1.53934,40,0,29,23,28,0,-2,0,0,1,57,3807,3851,66,132,35,711,35307,35068,108,2,68,73,251262,0,0,0,0,1,193,0,234,48,3865,0,0,0,0,0,0,0,0,400,-265,0,0,40
2416.14,0,0,0,0,99,590,1.5365,0.00450048,1.53879,40,0,29,23,28,0,-2,0,0,1,57,3805,3851,89,132,35,711,35307,35068,108,2,68,73,338645,0,0,0,0,1,0,0,856,86,3843,0,0,0,0,0,0,0,0,400,-486,0,0,40
2416.15,0,0,0,0,99,590,1.53638,0.00450548,1.53825,40,0,29,23,28,0,-2,0,0,1,57,3805,3851,89,132,35,711,35307,35068,108,2,68,73,338645,0,0,0,0,1,0,0,856,86,3843,0,0,0,0,0,0,0,0,400,-298,0,0,40
2416.16,0,0,0,0,99,613,1.53627,0.00451048,1.53771,40,0,29,23,28,0,-2,0,0,1,57,3796,3851,86,132,35,711,35307,35068,108,2,68,73,326456,0,0,0,0,1,0,442,0,52,3863,0,0,0,0,0,0,0,0,400,-298,0,0,40
2416.17,0,0,0,0,99,592,1.53615,0.00451548,1.53717,40,0,29,23,28,0,-2,0,0,1,57,3796,3851,44,132,35,711,35307,35068,108,2,68,73,167024,0,0,0,0,1,97,743,0,93,3843,0,0,0,0,0,0,0,0,400,-538,0,0,40
2416.18,0,0,0,0,99,617,1.53604,0.00452049,1.53662,40,0,29,23,28,0,-2,0,0,1,57,3796,3852,56,132,35,711,35307,35068,108,2,68,73,212576,0,0,0,0,1,462,0,0,49,3850,0,0,0,0,0,0,0,0,400,-270,0,0,40
2416.19,0,0,0,0,100,595,1.53592,0.00452549,1.53608,40,0,29,23,28,0,-2,0,0,1,57,3796,3852,56,132,35,711,35307,35068,108,2,68,73,212576,0,0,0,0,1,210,0,558,84,3846,0,0,0,0,0,0,0,0,400,-490,0,0,40
2416.2,0,0,0,0,99,627,1.53581,0.00453049,1.53554,40,0,29,23,28,0,-2,0,0,1,56,3808,3852,61,132,35,711,35322,35092,108,2,65,73,232288,0,0,0,0,1,0,82,396,50,3861,0,0,0,0,0,0,0,0,400,-271,0,0,40
2416.21,0,0,0,0,99,627,1.53601,0.00452961,1.53595,40,0,29,23,28,0,-2,0,0,1,56,3808,3852,94,132,35,711,35322,35092,108,2,65,73,357952,0,0,0,0,1,0,82,396,50,3861,0,0,0,0,0,0,0,0,400,-430,0,0,40
2416.22,0,0,0,0,99,610,1.53621,0.00452874,1.53636,40,0,29,23,28,0,-2,0,0,1,56,3808,3852,63,132,35,711,35322,35092,108,2,65,73,239904,0,0,0,0,1,0,737,0,73,3850,0,0,0,0,0,0,0,0,400,-430,0,0,40
2416.23,0,0,0,0,99,637,1.53642,0.00452786,1.53677,40,0,29,23,28,0,-2,0,0,1,56,3808,3852,63,132,35,711,35322,35092,108,2,65,73,239904,0,0,0,0,1,489,0,0,61,3850,0,0,0,0,0,0,0,0,400,-316,0,0,40
2416.24,0,0,0,0,99,619,1.53662,0.00452698,1.53717,40,0,29,23,28,0,-2,0,0,1,56,3804,3852,61,132,35,711,35322,35092,108,2,65,73,232044,0,0,0,0,1,363,0,427,78,3846,0,0,0,0,0,0,0,0,400,-453,0,0,40
2416.25,0,0,0,0,99,639,1.53682,0.00452611,1.53758,40,0,29,23,28,0,-2,0,0,1,56,3804,3850,52,132,35,711,35322,35092,108,2,65,73,197808,0,0,0,0,1,0,108,445,68,3852,0,0,0,0,0,0,0,0,400,-357,0,0,40
2416.26,0,0,0,0,99,621,1.53702,0.00452523,1.53799,40,0,29,23,28,0,-2,0,0,1,56,3804,3850,86,132,35,711,35322,35092,108,2,65,73,327144,0,0,0,0,1,0,737,0,82,3839,0,0,0,0,0,0,0,0,400,-458,0,0,40
2416.27,0,0,0,0,99,621,1.53722,0.00452435,1.5384,40,0,29,23,28,0,-2,0,0,1,56,3804,3850,86,132,35,711,35322,35092,108,2,65,73,327144,0,0,0,0,1,0,737,0,82,3839,0,0,0,0,0,0,0,0,400,-323,0,0,40
2416.28,0,0,0,0,99,639,1.53742,0.00452348,1.53881,40,0,29,23,28,0,-2,0,0,1,56,3806,3850,79,132,35,711,35322,35092,108,2,65,73,300674,0,0,0,0,1,534,0,0,65,3848,0,0,0,0,0,0,0,0,400,-323,0,0,40
2416.29,0,0,0,0,99,630,1.53763,0.0045226,1.53922,40,0,29,23,28,0,-2,0,0,1,56,3805,3850,79,132,35,711,35322,35092,108,2,65,73,300595,0,0,0,0,1,0,0,616,68,3852,0,0,0,0,0,0,0,0,400,-427,0,0,40
2416.3,0,0,0,0,99,649,1.53783,0.00452172,1.53962,40,0,29,23,28,0,-2,0,0,1,56,3805,3850,53,132,35,711,35305,35006,108,2,65,73,201665,0,0,0,0,1,0,407,167,72,3854,0,0,0,0,0,0,0,0,400,-323,0,0,40
2416.31,0,0,0,0,99,649,1.53767,0.00450894,1.53976,40,0,29,23,28,0,-2,0,0,1,56,3805,3850,53,132,35,711,35305,35006,108,2,65,73,201665,0,0,0,0,1,281,276,0,57,3848,0,0,0,0,0,0,0,0,400,-325,0,0,40
2416.32,0,0,0,0,99,654,1.53751,0.00449616,1.53989,40,0,29,23,28,0,-2,0,0,1,56,3798,3850,50,132,35,711,35305,35006,108,2,65,73,189900,0,0,0,0,1,528,0,199,87,3839,0,0,0,0,0,0,0,0,400,-438,0,0,40
2416.33,0,0,0,0,99,654,1.53736,0.00448338,1.54003,40,0,29,23,28,0,-2,0,0,1,56,3792,3850,86,132,35,711,35305,35006,108,2,65,73,326112,0,0,0,0,1,528,0,199,87,3839,0,0,0,0,0,0,0,0,400,-373,0,0,40
2416.34,0,0,0,0,99,656,1.5372,0.0044706,1.54016,40,0,29,23,28,0,-2,0,0,1,56,3792,3850,71,131,35,711,35305,35006,108,2,65,73,269232,0,0,0,0,1,0,157,480,62,3854,0,0,0,0,0,0,0,0,400,-373,0,0,40
2416.35,0,0,0,0,99,651,1.53704,0.00445782,1.5403,40,0,29,23,28,0,-2,0,0,1,56,3792,3850,71,131,35,711,35305,35006,108,2,65,73,269232,0,0,0,0,1,52,659,0,93,3843,0,0,0,0,0,0,0,0,400,-464,0,0,40
2416.36,0,0,0,0,99,660,1.53688,0.00444504,1.54043,40,0,29,23,28,0,-2,0,0,1,56,3802,3850,71,131,35,711,35305,35006,108,2,65,73,269942,0,0,0,0,1,468,0,27,57,3846,0,0,0,0,0,0,0,0,400,-331,0,0,40
2416.37,0,0,0,0,99,654,1.53673,0.00443225,1.54057,40,0,29,23,28,0,-2,0,0,1,56,3802,3850,52,131,35,711,35305,35006,108,2,65,73,197704,0,0,0,0,1,0,0,687,91,3841,0,0,0,0,0,0,0,0,400,-439,0,0,40
2416.38,0,0,0,0,99,674,1.53657,0.00441947,1.5407,40,0,29,23,28,0,-2,0,0,1,56,3802,3850,81,131,35,711,35305,35006,108,2,65,73,307962,0,0,0,0,1,19,422,0,52,3858,0,0,0,0,0,0,0,0,400,-291,0,0,40
2416.39,0,0,0,0,99,674,1.53641,0.00440669,1.54084,40,0,29,23,28,0,-2,0,0,1,56,3802,3850,81,131,35,711,35305,35006,108,2,65,73,307962,0,0,0,0,1,19,422,0,52,3858,0,0,0,0,0,0,0,0,400,-439,0,0,40
2416.4,0,0,0,0,99,669,1.53626,0.00439391,1.54097,40,0,29,23,28,0,-2,0,0,1,56,3801,3850,79,131,35,711,35267,34935,107,2,65,73,300279,0,0,0,0,1,624,0,13,90,3837,0,0,0,0,0,0,0,0,400,-439,0,0,40
2416.41,0,0,0,0,99,685,1.53614,0.00439694,1.54094,40,0,29,23,28,0,-2,0,0,1,56,3797,3850,88,131,35,711,35267,34935,107,2,65,73,334136,0,0,0,0,1,0,73,427,52,3854,0,0,0,0,0,0,0,0,400,-299,0,0,40
2416.42,0,0,0,0,99,665,1.53602,0.00439996,1.54092,40,0,29,23,28,0,-2,0,0,1,56,3797,3850,51,131,35,711,35267,34935,107,2,65,73,193647,0,0,0,0,1,120,692,0,98,3835,0,0,0,0,0,0,0,0,400,-516,0,0,40
2416.43,0,0,0,0,99,699,1.53591,0.00440299,1.54089,40,0,29,23,28,0,-2,0,0,1,56,3797,3850,51,131,35,711,35267,34935,107,2,65,73,193647,0,0,0,0,1,220,0,275,58,3843,0,0,0,0,0,0,0,0,400,-294,0,0,40
2416.44,0,0,0,0,99,677,1.53579,0.00440602,1.54086,40,0,29,23,28,0,-2,0,0,1,56,3807,3850,52,131,35,711,35267,34935,107,2,65,73,197964,0,0,0,0,1,0,544,316,101,3826,0,0,0,0,0,0,0,0,400,-498,0,0,40
2416.45,0,0,0,0,100,677,1.53568,0.00440904,1.54083,40,0,29,23,28,0,-2,0,0,1,56,3807,3850,64,131,35,711,35267,34935,107,2,65,73,243648,0,0,0,0,1,0,544,316,101,3826,0,0,0,0,0,0,0,0,400,-308,0,0,40
2416.46,0,0,0,0,99,693,1.53556,0.00441207,1.54081,40,0,29,23,28,0,-2,0,0,1,56,3793,3850,96,131,35,711,35267,34935,107,2,65,73,364128,0,0,0,0,1,480,0,0,59,3846,0,0,0,0,0,0,0,0,400,-308,0,0,40
2416.47,0,0,0,0,99,675,1.53545,0.0044151,1.54078,40,0,29,23,28,0,-2,0,0,1,56,3793,3850,96,131,35,711,35267,34935,107,2,65,73,364128,0,0,0,0,1,0,0,826,96,3848,0,0,0,0,0,0,0,0,400,-522,0,0,40
2416.48,0,0,0,0,99,710,1.53533,0.00441812,1.54075,40,0,29,23,28,0,-2,0,0,1,56,3793,3850,99,131,35,711,35267,34935,107,2,65,73,375507,0,0,0,0,1,0,438,0,57,3856,0,0,0,0,0,0,0,0,400,-265,0,0,40
2416.49,0,0,0,0,99,693,1.53522,0.00442115,1.54073,40,0,29,23,28,0,-2,0,0,1,56,3793,3850,55,131,35,711,35267,34935,107,2,65,73,208615,0,0,0,0,1,628,0,42,82,3837,0,0,0,0,0,0,0,0,400,-432,0,0,40
2416.5,0,0,0,0,99,719,1.5351,0.00442418,1.5407,40,0,29,23,28,0,-2,0,0,1,57,3793,3857,61,131,35,711,35203,34825,108,2,65,73,231373,0,0,0,0,1,0,280,158,62,3856,0,0,0,0,0,0,0,0,400,-286,0,0,40
2416.51,0,0,0,0,99,719,1.53482,0.0044122,1.5403,40,0,29,23,28,0,-2,0,0,1,57,3793,3857,61,131,35,711,35203,34825,108,2,65,73,231373,0,0,0,0,1,0,280,158,62,3856,0,0,0,0,0,0,0,0,400,-463,0,0,40
2416.52,0,0,0,0,99,704,1.53454,0.00440023,1.5399,40,0,29,23,28,0,-2,0,0,1,57,3800,3857,55,131,35,711,35203,34825,108,2,65,73,209000,0,0,0,0,1,716,0,0,87,3837,0,0,0,0,0,0,0,0,400,-463,0,0,40
2416.53,0,0,0,0,99,722,1.53425,0.00438825,1.5395,40,0,29,23,28,0,-2,0,0,1,57,3800,3857,93,131,35,711,35203,34825,108,2,65,73,353400,0,0,0,0,1,0,0,574,76,3858,0,0,0,0,0,0,0,0,400,-330,0,0,40
2416.54,0,0,0,0,99,706,1.53397,0.00437628,1.53911,40,0,29,23,28,0,-2,0,0,1,57,3800,3857,68,131,35,711,35203,34825,108,2,65,73,258400,0,0,0,0,1,165,571,0,84,3835,0,0,0,0,0,0,0,0,400,-451,0,0,40
2416.55,0,0,0,0,99,721,1.53368,0.0043643,1.53871,40,0,29,23,28,0,-2,0,0,1,57,3800,3857,68,131,35,711,35203,34825,108,2,65,73,258400,0,0,0,0,1,0,0,489,75,3850,0,0,0,0,0,0,0,0,400,-316,0,0,40
2416.56,0,0,0,0,99,715,1.5334,0.00435233,1.53831,40,0,29,23,28,0,-2,0,0,1,57,3803,3857,76,131,35,711,35203,34825,108,2,65,73,289028,0,0,0,0,1,0,686,0,76,3850,0,0,0,0,0,0,0,0,400,-402,0,0,40
2416.57,0,0,0,0,99,715,1.53311,0.00434036,1.53791,40,0,29,23,28,0,-2,0,0,1,57,3803,3857,61,131,35,711,35203,34825,108,2,65,73,231983,0,0,0,0,1,0,686,0,76,3850,0,0,0,0,0,0,0,0,400,-333,0,0,40
2416.58,0,0,0,0,99,727,1.53283,0.00432838,1.53751,40,0,29,23,28,0,-2,0,0,1,57,3803,3857,101,131,35,711,35203,34825,108,2,65,73,384103,0,0,0,0,1,458,0,71,74,3856,0,0,0,0,0,0,0,0,400,-333,0,0,40
2416.59,0,0,0,0,99,730,1.53254,0.00431641,1.53711,40,0,29,23,28,0,-2,0,0,1,57,3803,3857,101,131,35,711,35203,34825,108,2,65,73,384103,0,0,0,0,1,0,516,0,67,3848,0,0,0,0,0,0,0,0,400,-351,0,0,40
2416.6,0,0,0,0,100,738,1.53226,0.00430443,1.53671,40,0,29,23,28,0,-2,0,0,1,57,3790,3852,92,131,35,711,35176,34825,108,2,68,73,348680,0,0,0,0,1,562,0,0,87,3839,0,0,0,0,0,0,0,0,400,-353,0,0,40
2416.61,0,0,0,0,99,738,1.53258,0.00431568,1.53697,40,0,29,23,28,0,-2,0,0,1,57,3790,3852,83,131,35,711,35176,34825,108,2,68,73,314570,0,0,0,0,1,0,410,226,72,3850,0,0,0,0,0,0,0,0,400,-356,0,0,40
2416.62,0,0,0,0,99,735,1.5329,0.00432693,1.53722,40,0,29,23,28,0,-2,0,0,1,57,3804,3852,55,131,35,711,35176,34825,108,2,68,73,209220,0,0,0,0,1,804,0,0,102,3835,0,0,0,0,0,0,0,0,400,-475,0,0,40
2416.63,0,0,0,0,99,735,1.53322,0.00433817,1.53747,40,0,29,23,28,0,-2,0,0,1,57,3804,3852,55,131,35,711,35176,34825,108,2,68,73,209220,0,0,0,0,1,804,0,0,102,3835,0,0,0,0,0,0,0,0,400,-343,0,0,40
2416.64,0,0,0,0,99,749,1.53354,0.00434942,1.53772,40,0,29,23,28,0,-2,0,0,1,57,3805,3852,57,131,35,711,35176,34825,108,2,68,73,216885,0,0,0,0,1,0,251,296,68,3852,0,0,0,0,0,0,0,0,400,-523,0,0,40
2416.65,0,0,0,0,99,735,1.53386,0.00436066,1.53798,40,0,29,23,28,0,-2,0,0,1,57,3805,3850,81,131,35,711,35176,34825,108,2,68,73,308205,0,0,0,0,1,0,843,0,107,3831,0,0,0,0,0,0,0,0,400,-523,0,0,40
2416.66,0,0,0,0,99,754,1.53418,0.00437191,1.53823,40,0,29,23,28,0,-2,0,0,1,57,3805,3850,99,131,35,711,35176,34825,108,2,68,73,376695,0,0,0,0,1,394,0,48,59,3848,0,0,0,0,0,0,0,0,400,-276,0,0,40
2416.67,0,0,0,0,99,738,1.53451,0.00438316,1.53848,40,0,29,23,28,0,-2,0,0,1,57,3805,3850,99,131,35,711,35176,34825,108,2,68,73,376695,0,0,0,0,1,0,709,0,99,3841,0,0,0,0,0,0,0,0,400,-490,0,0,40
2416.68,0,0,0,0,99,768,1.53483,0.0043944,1.53874,40,0,29,23,28,0,-2,0,0,1,57,3793,3850,96,131,35,711,35176,34825,108,2,68,73,364128,0,0,0,0,1,411,0,68,67,3841,0,0,0,0,0,0,0,0,400,-301,0,0,40
2416.69,0,0,0,0,99,751,1.53515,0.00440565,1.53899,40,0,29,23,28,0,-2,0,0,1,57,3793,3850,57,131,35,711,35176,34825,108,2,68,73,216201,0,0,0,0,1,0,803,0,98,3839,0,0,0,0,0,0,0,0,400,-507,0,0,40
2416.7,0,0,0,0,99,770,1.53547,0.0044169,1.53924,40,0,29,23,28,0,-2,0,0,1,57,3793,3850,65,131,35,711,35196,34858,108,2,68,73,246545,0,0,0,0,1,376,0,153,76,3839,0,0,0,0,0,0,0,0,400,-328,0,0,40
2416.71,0,0,0,0,99,770,1.53527,0.00442449,1.53877,40,0,29,23,28,0,-2,0,0,1,57,3793,3850,65,131,35,711,35196,34858,108,2,68,73,246545,0,0,0,0,1,376,0,153,76,3839,0,0,0,0,0,0,0,0,400,-328,0,0,40
2416.72,0,0,0,0,99,752,1.53506,0.00443208,1.53831,40,0,29,23,28,0,-2,0,0,1,57,3799,3850,61,131,35,711,35196,34858,108,2,68,73,231739,0,0,0,0,1,0,834,0,97,3839,0,0,0,0,0,0,0,0,400,-479,0,0,40
2416.73,0,0,0,0,99,770,1.53486,0.00443967,1.53784,40,0,29,23,28,0,-2,0,0,1,57,3799,3850,104,131,35,711,35196,34858,108,2,68,73,395096,0,0,0,0,1,120,0,339,73,3850,0,0,0,0,0,0,0,0,400,-284,0,0,40
2416.74,0,0,0,0,99,759,1.53466,0.00444726,1.53737,40,0,29,23,28,0,-2,0,0,1,57,3799,3850,81,131,35,711,35196,34858,108,2,68,73,307719,0,0,0,0,1,0,632,0,87,3837,0,0,0,0,0,0,0,0,400,-410,0,0,40
2416.75,0,0,0,0,99,778,1.53445,0.00445485,1.5369,40,0,29,23,28,0,-2,0,0,1,57,3799,3850,81,131,35,711,35196,34858,108,2,68,73,307719,0,0,0,0,1,0,0,515,77,3846,0,0,0,0,0,0,0,0,400,-326,0,0,40
2416.76,0,0,0,0,99,768,1.53425,0.00446244,1.53644,40,0,29,23,28,0,-2,0,0,1,57,3789,3850,90,131,35,711,35196,34858,108,2,68,73,341010,0,0,0,0,1,208,498,0,87,3835,0,0,0,0,0,0,0,0,400,-423,0,0,40
2416.77,0,0,0,0,99,768,1.53405,0.00447003,1.53597,40,0,29,23,28,0,-2,0,0,1,57,3789,3850,61,131,35,711,35196,34858,108,2,68,73,231129,0,0,0,0,1,208,498,0,87,3835,0,0,0,0,0,0,0,0,400,-423,0,0,40
2416.78,0,0,0,0,99,779,1.53384,0.00447763,1.5355,40,0,29,23,28,0,-2,0,0,1,57,3789,3850,97,131,35,711,35196,34858,108,2,68,73,367533,0,0,0,0,1,0,0,628,94,3848,0,0,0,0,0,0,0,0,400,-395,0,0,40
2416.79,0,0,0,0,99,771,1.53364,0.00448522,1.53503,40,0,29,23,28,0,-2,0,0,1,57,3789,3850,97,131,35,711,35196,34858,108,2,68,73,367533,0,0,0,0,1,601,0,0,79,3843,0,0,0,0,0,0,0,0,400,-394,0,0,40
2416.8,0,0,0,0,99,773,1.53344,0.00449281,1.53456,40,0,29,23,28,0,-2,0,0,1,57,3785,3850,84,131,35,711,35130,34688,108,2,65,73,317940,0,0,0,0,1,0,128,613,103,3839,0,0,0,0,0,0,0,0,400,-462,0,0,40
2416.81,0,0,0,0,99,782,1.53397,0.00449052,1.5352,40,0,29,23,28,0,-2,0,0,1,57,3797,3850,95,131,35,711,35130,34688,108,2,65,73,360715,0,0,0,0,1,492,0,0,64,3852,0,0,0,0,0,0,0,0,400,-288,0,0,40
2416.82,0,0,0,0,99,780,1.5345,0.00448823,1.53584,40,0,29,23,28,0,-2,0,0,1,57,3797,3850,61,131,35,711,35130,34688,108,2,65,73,231617,0,0,0,0,1,0,674,0,104,3833,0,0,0,0,0,0,0,0,400,-458,0,0,40
2416.83,0,0,0,0,99,798,1.53503,0.00448594,1.53648,40,0,29,23,28,0,-2,0,0,1,57,3797,3850,61,131,35,711,35130,34688,108,2,65,73,231617,0,0,0,0,1,136,395,0,70,3848,0,0,0,0,0,0,0,0,400,-323,0,0,40
2416.84,0,0,0,0,99,798,1.53557,0.00448365,1.53712,40,0,29,23,28,0,-2,0,0,1,57,3802,3850,70,131,35,711,35130,34688,108,2,65,73,266140,0,0,0,0,1,136,395,0,70,3848,0,0,0,0,0,0,0,0,400,-484,0,0,40
2416.85,0,0,0,0,99,776,1.5361,0.00448136,1.53776,40,0,29,23,28,0,-2,0,0,1,57,3802,3850,86,131,35,711,35130,34688,108,2,65,73,326972,0,0,0,0,1,0,0,867,104,3835,0,0,0,0,0,0,0,0,400,-484,0,0,40
2416.86,0,0,0,0,99,795,1.53663,0.00447908,1.5384,40,0,29,23,28,0,-2,0,0,1,57,3802,3850,107,131,35,711,35130,34688,108,2,65,73,406814,0,0,0,0,1,503,0,0,74,3846,0,0,0,0,0,0,0,0,400,-323,0,0,40
2416.87,0,0,0,0,99,775,1.53716,0.00447679,1.53904,40,0,29,23,28,0,-2,0,0,1,57,3802,3850,107,131,35,711,35130,34688,108,2,65,73,406814,0,0,0,0,1,0,313,501,101,3831,0,0,0,0,0,0,0,0,400,-503,0,0,40
2416.88,0,0,0,0,99,796,1.53769,0.0044745,1.53968,40,0,29,23,28,0,-2,0,0,1,57,3802,3850,99,131,35,711,35130,34688,108,2,65,73,376398,0,0,0,0,1,433,0,19,76,3846,0,0,0,0,0,0,0,0,400,-298,0,0,40
2416.89,0,0,0,0,99,788,1.53823,0.00447221,1.54032,40,0,29,23,28,0,-2,0,0,1,57,3802,3850,64,131,35,711,35130,34688,108,2,65,73,243328,0,0,0,0,1,0,743,0,89,3837,0,0,0,0,0,0,0,0,400,-437,0,0,40
2416.9,0,0,0,0,99,788,1.53876,0.00446992,1.54096,40,0,29,23,28,0,-2,0,0,1,57,3802,3846,67,131,35,711,35272,34971,108,2,65,73,254734,0,0,0,0,1,0,743,0,89,3837,0,0,0,0,0,0,0,0,400,-348,0,0,40
2416.91,0,0,0,0,99,801,1.53828,0.00447002,1.54031,40,0,29,23,28,0,-2,0,0,1,57,3802,3846,67,131,35,711,35272,34971,108,2,65,73,254734,0,0,0,0,1,0,0,528,83,3850,0,0,0,0,0,0,0,0,400,-348,0,0,40
2416.92,0,0,0,0,99,792,1.53781,0.00447013,1.53966,40,0,29,23,28,0,-2,0,0,1,57,3798,3846,74,131,35,711,35272,34971,108,2,65,73,281052,0,0,0,0,1,358,340,0,86,3837,0,0,0,0,0,0,0,0,400,-408,0,0,40
2416.93,0,0,0,0,99,803,1.53733,0.00447023,1.53901,40,0,29,23,28,0,-2,0,0,1,57,3798,3846,112,131,35,711,35272,34971,108,2,65,73,425376,0,0,0,0,1,0,106,536,97,3846,0,0,0,0,0,0,0,0,400,-416,0,0,40
2416.94,0,0,0,0,99,795,1.53686,0.00447033,1.53836,40,0,29,23,28,0,-2,0,0,1,57,3798,3846,90,131,35,711,35272,34971,108,2,65,73,341820,0,0,0,0,1,575,0,0,78,3843,0,0,0,0,0,0,0,0,400,-358,0,0,40
2416.95,0,0,0,0,99,798,1.53638,0.00447044,1.53771,40,0,29,23,28,0,-2,0,0,1,57,3798,3846,90,131,35,711,35272,34971,108,2,65,73,341820,0,0,0,0,1,0,729,0,101,3839,0,0,0,0,0,0,0,0,400,-441,0,0,40
2416.96,0,0,0,0,99,798,1.53591,0.00447054,1.53706,40,0,29,23,28,0,-2,0,0,1,57,3795,3846,93,132,35,711,35272,34971,108,2,65,73,352935,0,0,0,0,1,0,729,0,101,3839,0,0,0,0,0,0,0,0,400,-338,0,0,40
2416.97,0,0,0,0,99,803,1.53543,0.00447064,1.53641,40,0,29,23,28,0,-2,0,0,1,57,3798,3846,63,132,35,711,35272,34971,108,2,65,73,239274,0,0,0,0,1,0,0,521,70,3854,0,0,0,0,0,0,0,0,400,-338,0,0,40
2416.98,0,0,0,0,99,803,1.53496,0.00447075,1.53575,40,0,29,23,28,0,-2,0,0,1,57,3798,3846,91,132,35,711,35272,34971,108,2,65,73,345618,0,0,0,0,1,404,272,0,98,3833,0,0,0,0,0,0,0,0,400,-398,0,0,40
2416.99,0,0,0,0,99,814,1.53448,0.00447085,1.5351,40,0,29,23,28,0,-2,0,0,1,57,3798,3846,91,132,35,711,35272,34971,108,2,65,73,345618,0,0,0,0,1,0,235,341,76,3846,0,0,0,0,0,0,0,0,400,-349,0,0,40
2417,0,0,0,0,99,805,1.53401,0.00447095,1.53445,40,0,29,23,28,0,-2,0,0,1,57,3800,3846,91,132,35,711,35263,34977,108,2,68,73,345800,0,0,0,0,1,656,0,76,113,3831,0,0,0,0,0,0,0,0,400,-474,0,0,40
2417.01,0,0,0,0,99,815,1.53418,0.00447024,1.53497,40,0,29,23,28,0,-2,0,0,1,57,3800,3846,116,132,35,711,35263,34977,108,2,68,73,440800,0,0,0,0,1,11,444,0,68,3850,0,0,0,0,0,0,0,0,400,-301,0,0,40
2417.02,0,0,0,0,99,815,1.53435,0.00446953,1.5355,40,0,29,23,28,0,-2,0,0,1,57,3800,3846,70,132,35,711,35263,34977,108,2,68,73,266000,0,0,0,0,1,11,444,0,68,3850,0,0,0,0,0,0,0,0,400,-486,0,0,40
2417.03,0,0,0,0,100,796,1.53453,0.00446882,1.53602,40,0,29,23,28,0,-2,0,0,1,57,3800,3846,70,132,35,711,35263,34977,108,2,68,73,266000,0,0,0,0,1,0,0,837,110,3835,0,0,0,0,0,0,0,0,400,-486,0,0,40
2417.04,0,0,0,0,99,819,1.5347,0.00446812,1.53654,40,0,29,23,28,0,-2,0,0,1,57,3799,3846,66,132,35,711,35263,34977,108,2,68,73,250734,0,0,0,0,1,472,0,0,63,3850,0,0,0,0,0,0,0,0,400,-289,0,0,40
2417.05,0,0,0,0,99,810,1.53487,0.00446741,1.53707,40,0,29,23,28,0,-2,0,0,1,57,3799,3846,82,132,35,711,35263,34977,108,2,68,73,311518,0,0,0,0,1,0,668,0,101,3833,0,0,0,0,0,0,0,0,400,-445,0,0,40
2417.06,0,0,0,0,99,830,1.53505,0.0044667,1.53759,40,0,29,23,28,0,-2,0,0,1,57,3802,3846,111,132,35,711,35263,34977,108,2,68,73,422022,0,0,0,0,1,0,0,468,71,3841,0,0,0,0,0,0,0,0,400,-292,0,0,40
2417.07,0,0,0,0,99,812,1.53522,0.00446599,1.53811,40,0,29,23,28,0,-2,0,0,1,57,3802,3846,111,132,35,711,35263,34977,108,2,68,73,422022,0,0,0,0,1,542,254,0,109,3829,0,0,0,0,0,0,0,0,400,-476,0,0,40
2417.08,0,0,0,0,99,812,1.53539,0.00446528,1.53863,40,0,29,23,28,0,-2,0,0,1,57,3802,3846,118,132,35,711,35263,34977,108,2,68,73,448636,0,0,0,0,1,542,254,0,109,3829,0,0,0,0,0,0,0,0,400,-320,0,0,40
2417.09,0,0,0,0,100,833,1.53557,0.00446457,1.53916,40,0,29,23,28,0,-2,0,0,1,57,3799,3846,84,132,35,711,35263,34977,108,2,68,73,319116,0,0,0,0,1,0,416,132,82,3846,0,0,0,0,0,0,0,0,400,-320,0,0,40
2417.1,0,0,0,0,99,813,1.53574,0.00446386,1.53968,40,0,29,23,28,0,-2,0,0,1,57,3799,3846,77,132,35,711,35251,34955,108,2,68,73,292523,0,0,0,0,1,509,0,304,104,3831,0,0,0,0,0,0,0,0,400,-483,0,0,40
2417.11,0,0,0,0,99,830,1.53536,0.00444369,1.53906,40,0,29,23,28,0,-2,0,0,1,57,3799,3846,77,132,35,711,35251,34955,108,2,68,73,292523,0,0,0,0,1,205,389,0,85,3835,0,0,0,0,0,0,0,0,400,-353,0,0,40
2417.12,0,0,0,0,99,818,1.53499,0.00442352,1.53844,40,0,29,23,28,0,-2,0,0,1,57,3798,3846,65,132,35,711,35251,34955,108,2,68,73,246870,0,0,0,0,1,0,147,495,85,3837,0,0,0,0,0,0,0,0,400,-424,0,0,40
2417.13,0,0,0,0,99,831,1.53461,0.00440335,1.53782,40,0,29,23,28,0,-2,0,0,1,57,3798,3846,96,132,35,711,35251,34955,108,2,68,73,364608,0,0,0,0,1,462,0,97,89,3841,0,0,0,0,0,0,0,0,400,-352,0,0,40
2417.14,0,0,0,0,99,831,1.53424,0.00438318,1.5372,40,0,29,23,28,0,-2,0,0,1,57,3794,3846,101,132,35,711,35251,34955,108,2,68,73,383194,0,0,0,0,1,462,0,97,89,3841,0,0,0,0,0,0,0,0,400,-381,0,0,40
2417.15,0,0,0,0,99,830,1.53386,0.004363,1.53658,40,0,29,23,28,0,-2,0,0,1,57,3794,3846,101,132,35,711,35251,34955,108,2,68,73,383194,0,0,0,0,1,103,504,0,81,3843,0,0,0,0,0,0,0,0,400,-381,0,0,40
2417.16,0,0,0,0,99,831,1.53349,0.00434283,1.53596,40,0,29,23,28,0,-2,0,0,1,57,3791,3846,116,132,35,711,35251,34955,108,2,68,73,439756,0,0,0,0,1,0,102,648,107,3833,0,0,0,0,0,0,0,0,400,-454,0,0,40
2417.17,0,0,0,0,99,837,1.53311,0.00432266,1.53534,40,0,29,23,28,0,-2,0,0,1,57,3791,3846,74,132,35,711,35251,34955,108,2,68,73,280534,0,0,0,0,1,423,0,76,72,3843,0,0,0,0,0,0,0,0,400,-331,0,0,40
2417.18,0,0,0,0,99,831,1.53274,0.00430249,1.53472,40,0,29,23,28,0,-2,0,0,1,57,3791,3846,85,132,35,711,35251,34955,108,2,68,73,322235,0,0,0,0,1,128,639,0,114,3829,0,0,0,0,0,0,0,0,400,-481,0,0,40
2417.19,0,0,0,0,99,849,1.53236,0.00428232,1.5341,40,0,29,23,28,0,-2,0,0,1,57,3791,3846,85,132,35,711,35251,34955,108,2,68,73,322235,0,0,0,0,1,0,166,361,76,3850,0,0,0,0,0,0,0,0,400,-345,0,0,40
2417.2,0,0,0,0,99,849,1.53199,0.00426215,1.53347,40,0,29,23,28,0,-2,0,0,1,57,3786,3846,76,132,35,711,35138,34730,107,2,87,73,287736,0,0,0,0,1,0,166,361,76,3850,0,0,0,0,0,0,0,0,400,-514,0,0,40
2417.21,0,0,0,0,99,834,1.53204,0.00426551,1.53379,40,0,29,23,28,0,-2,0,0,1,57,3785,3846,108,132,35,711,35138,34730,107,2,87,73,408780,0,0,0,0,1,593,0,234,118,3820,0,0,0,0,0,0,0,0,400,-514,0,0,40
2417.22,0,0,0,0,99,855,1.53209,0.00426887,1.53411,40,0,29,23,28,0,-2,0,0,1,57,3785,3846,84,132,35,711,35138,34730,107,2,87,73,317940,0,0,0,0,1,337,192,0,76,3846,0,0,0,0,0,0,0,0,400,-314,0,0,40
2417.23,0,0,0,0,99,837,1.53213,0.00427223,1.53443,40,0,29,23,28,0,-2,0,0,1,57,3785,3846,84,132,35,711,35138,34730,107,2,87,73,317940,0,0,0,0,1,0,516,328,114,3831,0,0,0,0,0,0,0,0,400,-481,0,0,40
2417.24,0,0,0,0,99,857,1.53218,0.00427559,1.53475,40,0,29,23,28,0,-2,0,0,1,57,3786,3846,95,132,35,711,35138,34730,107,2,87,73,359670,0,0,0,0,1,0,0,454,72,3848,0,0,0,0,0,0,0,0,400,-300,0,0,40
2417.25,0,0,0,0,100,839,1.53223,0.00427895,1.53506,40,0,29,23,28,0,-2,0,0,1,57,3786,3846,73,132,35,711,35138,34730,107,2,87,73,276378,0,0,0,0,1,704,0,0,102,3826,0,0,0,0,0,0,0,0,400,-454,0,0,40
2417.26,0,0,0,0,99,839,1.53228,0.00428231,1.53538,40,0,29,23,28,0,-2,0,0,1,57,3783,3846,112,132,35,711,35138,34730,107,2,87,73,423696,0,0,0,0,1,704,0,0,102,3826,0,0,0,0,0,0,0,0,400,-294,0,0,40
2417.27,0,0,0,0,99,865,1.53233,0.00428567,1.5357,40,0,29,23,28,0,-2,0,0,1,57,3783,3846,112,132,35,711,35138,34730,107,2,87,73,423696,0,0,0,0,1,0,495,0,75,3850,0,0,0,0,0,0,0,0,400,-294,0,0,40
2417.28,0,0,0,0,99,853,1.53238,0.00428903,1.53602,40,0,29,23,28,0,-2,0,0,1,57,3792,3859,100,132,35,711,35138,34730,107,2,87,73,379200,0,0,0,0,1,0,0,675,95,3835,0,0,0,0,0,0,0,0,400,-421,0,0,40
2417.29,0,0,0,0,99,867,1.53243,0.00429239,1.53633,40,0,29,23,28,0,-2,0,0,1,57,3792,3859,101,132,35,711,35138,34730,107,2,87,73,382992,0,0,0,0,1,499,0,58,93,3837,0,0,0,0,0,0,0,0,400,-354,0,0,40
2417.3,0,0,0,0,99,857,1.53248,0.00429575,1.53665,40,0,29,23,28,0,-2,0,0,1,57,3792,3859,74,132,35,711,35195,34821,108,2,65,73,280608,0,0,0,0,1,235,475,0,94,3833,0,0,0,0,0,0,0,0,400,-423,0,0,40
2417.31,0,0,0,0,99,869,1.53266,0.0043045,1.53673,40,0,29,23,28,0,-2,0,0,1,57,3792,3859,74,132,35,711,35195,34821,108,2,65,73,280608,0,0,0,0,1,0,481,167,101,3841,0,0,0,0,0,0,0,0,400,-372,0,0,40
2417.32,0,0,0,0,99,869,1.53285,0.00431324,1.53681,40,0,29,23,28,0,-2,0,0,1,57,3786,3859,72,132,35,711,35195,34821,108,2,65,73,272592,0,0,0,0,1,0,481,167,101,3841,0,0,0,0,0,0,0,0,400,-354,0,0,40
2417.33,0,0,0,0,99,869,1.53304,0.00432198,1.53689,40,0,29,23,28,0,-2,0,0,1,57,3786,3859,93,132,35,711,35195,34821,108,2,65,73,352098,0,0,0,0,1,0,0,610,80,3841,0,0,0,0,0,0,0,0,400,-354,0,0,40
2417.34,0,0,0,0,99,868,1.53323,0.00433072,1.53697,40,0,29,23,28,0,-2,0,0,1,57,3786,3859,114,132,35,711,35195,34821,108,2,65,73,431604,0,0,0,0,1,708,0,0,112,3831,0,0,0,0,0,0,0,0,400,-418,0,0,40
2417.35,0,0,0,0,99,880,1.53342,0.00433946,1.53705,40,0,29,23,28,0,-2,0,0,1,57,3786,3859,114,132,35,711,35195,34821,108,2,65,73,431604,0,0,0,0,1,109,418,0,76,3837,0,0,0,0,0,0,0,0,400,-326,0,0,40
2417.36,0,0,0,0,99,870,1.53361,0.0043482,1.53713,40,0,29,23,28,0,-2,0,0,1,57,3788,3859,108,132,35,711,35195,34821,108,2,65,73,409104,0,0,0,0,1,0,456,353,124,3839,0,0,0,0,0,0,0,0,400,-490,0,0,40
2417.37,0,0,0,0,99,890,1.5338,0.00435695,1.53721,40,0,29,23,28,0,-2,0,0,1,57,3794,3859,83,132,35,711,35195,34821,108,2,65,73,314902,0,0,0,0,1,0,0,501,78,3843,0,0,0,0,0,0,0,0,400,-335,0,0,40
2417.38,0,0,0,0,99,890,1.53399,0.00436569,1.53728,40,0,29,23,28,0,-2,0,0,1,57,3794,3859,79,132,35,711,35195,34821,108,2,65,73,299726,0,0,0,0,1,0,0,501,78,3843,0,0,0,0,0,0,0,0,400,-445,0,0,40
2417.39,0,0,0,0,99,875,1.53418,0.00437443,1.53736,40,0,29,23,28,0,-2,0,0,1,57,3794,3859,79,132,35,711,35195,34821,108,2,65,73,299726,0,0,0,0,1,697,0,0,115,3824,0,0,0,0,0,0,0,0,400,-445,0,0,40
2417.4,0,0,0,0,99,900,1.53436,0.00438317,1.53744,40,0,29,23,28,0,-2,0,0,1,57,3797,3859,81,132,35,711,35227,34915,108,2,65,73,307557,0,0,0,0,1,320,198,0,78,3846,0,0,0,0,0,0,0,0,400,-306,0,0,40
2417.41,0,0,0,0,100,887,1.53425,0.00439219,1.5372,40,0,29,23,28,0,-2,0,0,0.9,57,3791,3859,112,132,35,711,35227,34915,108,2,65,73,424592,0,0,0,0,1,0,778,0,107,3829,0,0,0,0,0,0,0,0,400,-472,0,0,40
2417.42,0,0,0,0,99,904,1.53414,0.00440121,1.53697,40,0,29,23,28,0,-2,0,0,0.8,57,3791,3859,106,132,35,711,35227,34915,108,2,65,73,401846,0,0,0,0,1,0,69,481,86,3843,0,0,0,0,0,0,0,0,400,-333,0,0,40
2417.43,0,0,0,0,99,888,1.53402,0.00441024,1.53673,40,0,29,23,28,0,-2,0,0,0.7,57,3791,3859,106,132,35,711,35227,34915,108,2,65,73,401846,0,0,0,0,1,130,0,515,100,3841,0,0,0,0,0,0,0,0,400,-388,0,0,40
2417.44,0,0,0,0,99,888,1.53391,0.00441926,1.53649,40,0,29,23,28,0,-2,0,0,0.6,57,3788,3859,110,132,35,711,35227,34915,108,2,65,73,416680,0,0,0,0,1,130,0,515,100,3841,0,0,0,0,0,0,0,0,400,-325,0,0,40
2417.45,0,0,0,0,99,903,1.5338,0.00442828,1.53625,40,0,29,23,28,0,-2,0,0,0.5,57,3788,3859,71,132,35,711,35227,34915,108,2,65,73,268948,0,0,0,0,1,580,0,0,94,3833,0,0,0,0,0,0,0,0,400,-325,0,0,40
2417.46,0,0,0,0,100,898,1.53368,0.0044373,1.53601,40,0,29,23,28,0,-2,0,0,0.4,57,3788,3859,89,132,35,711,35227,34915,108,2,65,73,337132,0,0,0,0,1,247,410,0,90,3835,0,0,0,0,0,0,0,0,400,-386,0,0,40
2417.47,0,0,0,0,99,909,1.53357,0.00444632,1.53577,40,0,29,23,28,0,-2,0,0,0.3,57,3788,3859,89,132,35,711,35227,34915,108,2,65,73,337132,0,0,0,0,1,0,649,0,106,3835,0,0,0,0,0,0,0,0,400,-397,0,0,40
2417.48,0,0,0,0,99,910,1.53346,0.00445534,1.53553,40,0,29,23,28,0,-2,0,0,0.2,57,3787,3859,78,132,35,711,35227,34915,108,2,65,73,295386,0,0,0,0,1,0,143,462,88,3837,0,0,0,0,0,0,0,0,400,-387,0,0,40
2417.49,0,0,0,0,99,910,1.53334,0.00446436,1.53529,40,0,29,23,28,0,-2,0,0,0.1,57,3784,3859,118,132,35,711,35227,34915,108,2,65,73,446512,0,0,0,0,1,0,0,730,117,3835,0,0,0,0,0,0,0,0,400,-462,0,0,40
2417.5,0,0,0,0,99,910,1.53323,0.00447338,1.53505,40,0,29,23,28,0,-2,0,0,0,57,3784,3859,95,132,35,711,35122,34736,108,2,87,73,359480,0,0,0,0,1,0,0,730,117,3835,0,0,0,0,0,0,0,0,400,-334,0,0,40
2417.51,0,0,0,0,99,915,1.53328,0.00447033,1.53532,40,0,29,23,28,0,-2,0,0,0.1,57,3784,3859,95,132,35,711,35122,34736,108,2,87,73,359480,0,0,0,0,1,419,0,111,80,3839,0,0,0,0,0,0,0,0,400,-334,0,0,40
2417.52,0,0,0,0,99,905,1.53333,0.00446727,1.53559,40,0,29,23,28,0,-2,0,0,0.2,57,3782,3859,109,132,35,711,35122,34736,108,2,87,73,412238,0,0,0,0,1,738,0,0,122,3824,0,0,0,0,0,0,0,0,400,-474,0,0,40
2417.53,0,0,0,0,99,925,1.53338,0.00446422,1.53586,40,0,29,23,28,0,-2,0,0,0.3,57,3781,3859,79,132,35,711,35122,34736,108,2,87,73,298699,0,0,0,0,1,91,410,0,75,3841,0,0,0,0,0,0,0,0,400,-313,0,0,40
2417.54,0,0,0,0,99,911,1.53343,0.00446116,1.53613,40,0,29,23,28,0,-2,0,0,0.4,57,3781,3859,111,132,35,711,35122,34736,108,2,87,73,419691,0,0,0,0,1,0,744,0,113,3831,0,0,0,0,0,0,0,0,400,-468,0,0,40
2417.55,0,0,0,0,99,930,1.53348,0.00445811,1.5364,40,0,29,23,28,0,-2,0,0,0.5,57,3781,3859,111,132,35,711,35122,34736,108,2,87,73,419691,0,0,0,0,1,0,114,411,79,3848,0,0,0,0,0,0,0,0,400,-314,0,0,40
2417.56,0,0,0,0,99,930,1.53353,0.00445505,1.53667,40,0,29,23,28,0,-2,0,0,0.6,57,3796,3859,94,132,35,711,35122,34736,108,2,87,73,356824,0,0,0,0,1,0,114,411,79,3848,0,0,0,0,0,0,0,0,400,-430,0,0,40
2417.57,0,0,0,0,99,915,1.53358,0.004452,1.53694,40,0,29,23,28,0,-2,0,0,0.7,57,3796,3859,114,132,35,711,35122,34736,108,2,87,73,432744,0,0,0,0,1,0,0,724,105,3835,0,0,0,0,0,0,0,0,400,-430,0,0,40
2417.58,0,0,0,0,99,933,1.53362,0.00444894,1.53721,40,0,29,23,28,0,-2,0,0,0.8,57,3797,3859,74,132,35,711,35122,34736,108,2,87,73,280978,0,0,0,0,1,358,0,210,89,3839,0,0,0,0,0,0,0,0,400,-317,0,0,40
2417.59,0,0,0,0,99,922,1.53367,0.00444588,1.53748,40,0,29,23,28,0,-2,0,0,0.9,57,3797,3859,74,132,35,711,35122,34736,108,2,87,73,280978,0,0,0,0,1,662,0,0,98,3826,0,0,0,0,0,0,0,0,400,-385,0,0,40
2417.6,0,0,0,0,99,936,1.53372,0.00444283,1.53775,40,0,29,23,28,0,-2,0,0,1,57,3798,3859,91,132,35,711,35237,34952,107,2,68,73,345618,0,0,0,0,1,468,88,0,101,3833,0,0,0,0,0,0,0,0,400,-349,0,0,40
2417.61,0,0,0,0,99,931,1.53388,0.00442417,1.538,40,0,29,23,28,0,-2,0,0,1,57,3798,3859,85,132,35,711,35237,34952,107,2,68,73,322830,0,0,0,0,1,38,526,0,90,3835,0,0,0,0,0,0,0,0,400,-369,0,0,40
2417.62,0,0,0,0,99,931,1.53404,0.00440552,1.53824,40,0,29,23,28,0,-2,0,0,1,57,3793,3859,121,132,35,711,35237,34952,107,2,68,73,458953,0,0,0,0,1,38,526,0,90,3835,0,0,0,0,0,0,0,0,400,-445,0,0,40
2417.63,0,0,0,0,99,932,1.5342,0.00438686,1.53849,40,0,29,23,28,0,-2,0,0,1,57,3793,3859,121,132,35,711,35237,34952,107,2,68,73,458953,0,0,0,0,1,0,702,0,121,3835,0,0,0,0,0,0,0,0,400,-445,0,0,40
2417.64,0,0,0,0,99,943,1.53436,0.0043682,1.53874,40,0,29,23,28,0,-2,0,0,1,57,3781,3859,115,132,35,711,35237,34952,107,2,68,73,434815,0,0,0,0,1,0,237,298,84,3846,0,0,0,0,0,0,0,0,400,-339,0,0,40
2417.65,0,0,0,0,99,934,1.53452,0.00434955,1.53899,40,0,29,23,28,0,-2,0,0,1,57,3781,3859,113,132,35,711,35237,34952,107,2,68,73,427253,0,0,0,0,1,0,0,739,123,3831,0,0,0,0,0,0,0,0,400,-469,0,0,40
2417.66,0,0,0,0,99,956,1.53467,0.00433089,1.53923,40,0,29,23,28,0,-2,0,0,1,57,3781,3859,79,132,35,711,35237,34952,107,2,68,73,298699,0,0,0,0,1,0,0,493,80,3839,0,0,0,0,0,0,0,0,400,-321,0,0,40
2417.67,0,0,0,0,99,944,1.53483,0.00431224,1.53948,40,0,29,23,28,0,-2,0,0,1,57,3781,3859,79,132,35,711,35237,34952,107,2,68,73,298699,0,0,0,0,1,452,0,296,117,3831,0,0,0,0,0,0,0,0,400,-456,0,0,40
2417.68,0,0,0,0,99,944,1.53499,0.00429358,1.53973,40,0,29,23,28,0,-2,0,0,1,57,3782,3860,85,132,35,711,35237,34952,107,2,68,73,321470,0,0,0,0,1,452,0,296,117,3831,0,0,0,0,0,0,0,0,400,-323,0,0,40
2417.69,0,0,0,0,99,958,1.53515,0.00427492,1.53998,40,0,29,23,28,0,-2,0,0,1,57,3782,3860,92,133,35,711,35237,34952,107,2,68,73,347944,0,0,0,0,1,476,0,46,93,3835,0,0,0,0,0,0,0,0,400,-323,0,0,40
2417.7,0,0,0,0,99,943,1.53531,0.00425627,1.54022,40,0,29,23,28,0,-2,0,0,1,57,3783,3860,122,133,35,711,35105,34732,108,2,87,73,461526,0,0,0,0,1,785,0,0,115,3829,0,0,0,0,0,0,0,0,400,-476,0,0,40
2417.71,0,0,0,0,99,962,1.53527,0.00427114,1.53967,40,0,29,23,28,0,-2,0,0,1,57,3783,3860,122,133,35,711,35105,34732,108,2,87,73,461526,0,0,0,0,1,466,49,0,98,3829,0,0,0,0,0,0,0,0,400,-330,0,0,40
2417.72,0,0,0,0,99,957,1.53523,0.00428602,1.53912,40,0,29,23,28,0,-2,0,0,1,57,3781,3860,117,133,35,711,35105,34732,108,2,87,73,442377,0,0,0,0,1,199,468,0,98,3829,0,0,0,0,0,0,0,0,400,-400,0,0,40
2417.73,0,0,0,0,99,965,1.5352,0.0043009,1.53856,40,0,29,23,28,0,-2,0,0,1,57,3781,3860,103,133,35,711,35105,34732,108,2,87,73,389443,0,0,0,0,1,0,591,0,108,3841,0,0,0,0,0,0,0,0,400,-386,0,0,40
2417.74,0,0,0,0,99,965,1.53516,0.00431578,1.53801,40,0,29,23,28,0,-2,0,0,1,57,3781,3860,83,133,35,711,35105,34732,108,2,87,73,313823,0,0,0,0,1,0,591,0,108,3841,0,0,0,0,0,0,0,0,400,-361,0,0,40
2417.75,0,0,0,0,99,966,1.53512,0.00433065,1.53745,40,0,29,23,28,0,-2,0,0,1,57,3781,3860,83,133,35,711,35105,34732,108,2,87,73,313823,0,0,0,0,1,0,615,0,89,3841,0,0,0,0,0,0,0,0,400,-361,0,0,40
2417.76,0,0,0,0,99,963,1.53509,0.00434553,1.5369,40,0,29,23,28,0,-2,0,0,1,57,3782,3860,79,133,35,711,35105,34732,108,2,87,73,298778,0,0,0,0,1,0,686,0,120,3831,0,0,0,0,0,0,0,0,400,-442,0,0,40
2417.77,0,0,0,0,99,976,1.53505,0.00436041,1.53634,40,0,29,23,28,0,-2,0,0,1,57,3782,3860,99,133,35,711,35105,34732,108,2,87,73,374418,0,0,0,0,1,0,368,161,82,3843,0,0,0,0,0,0,0,0,400,-302,0,0,40
2417.78,0,0,0,0,99,964,1.53501,0.00437528,1.53579,40,0,29,23,28,0,-2,0,0,1,57,3785,3860,122,133,35,711,35105,34732,108,2,87,73,461770,0,0,0,0,1,0,188,581,117,3829,0,0,0,0,0,0,0,0,400,-462,0,0,40
2417.79,0,0,0,0,99,983,1.53498,0.00439016,1.53524,40,0,29,23,28,0,-2,0,0,1,57,3785,3860,122,133,35,711,35105,34732,108,2,87,73,461770,0,0,0,0,1,0,63,431,80,3841,0,0,0,0,0,0,0,0,400,-303,0,0,40
2417.8,0,0,0,0,99,983,1.53494,0.00440504,1.53468,40,0,29,23,28,0,-2,0,0,1,57,3784,3860,126,133,35,711,35125,34782,108,2,65,73,476784,0,0,0,0,1,0,63,431,80,3841,0,0,0,0,0,0,0,0,400,-448,0,0,40
2417.81,0,0,0,0,99,966,1.53496,0.00440789,1.53501,40,0,29,23,28,0,-2,0,0,0.9,57,3784,3860,95,133,35,711,35125,34782,108,2,65,73,359480,0,0,0,0,1,0,0,745,116,3826,0,0,0,0,0,0,0,0,400,-448,0,0,40
2417.82,0,0,0,0,99,985,1.53498,0.00441075,1.53534,40,0,29,23,28,0,-2,0,0,0.8,57,3779,3860,85,133,35,711,35125,34782,108,2,65,73,321215,0,0,0,0,1,0,0,577,96,3846,0,0,0,0,0,0,0,0,400,-333,0,0,40
2417.83,0,0,0,0,99,975,1.535,0.00441361,1.53567,40,0,29,23,28,0,-2,0,0,0.7,57,3779,3860,85,133,35,711,35125,34782,108,2,65,73,321215,0,0,0,0,1,0,0,685,103,3839,0,0,0,0,0,0,0,0,400,-403,0,0,40
2417.84,0,0,0,0,99,985,1.53502,0.00441647,1.53601,40,0,29,23,28,0,-2,0,0,0.6,57,3779,3862,80,133,35,711,35125,34782,108,2,65,73,302320,0,0,0,0,1,0,0,613,110,3833,0,0,0,0,0,0,0,0,400,-392,0,0,40
2417.85,0,0,0,0,99,986,1.53504,0.00441932,1.53634,40,0,29,23,28,0,-2,0,0,0.5,57,3779,3862,104,133,35,711,35125,34782,108,2,65,73,393016,0,0,0,0,1,0,0,528,92,3839,0,0,0,0,0,0,0,0,400,-330,0,0,40
2417.86,0,0,0,0,99,986,1.53506,0.00442218,1.53667,40,0,29,23,28,0,-2,0,0,0.4,57,3790,3862,116,133,35,711,35125,34782,108,2,65,73,439640,0,0,0,0,1,0,0,528,92,3839,0,0,0,0,0,0,0,0,400,-413,0,0,40
2417.87,0,0,0,0,99,983,1.53508,0.00442504,1.537,40,0,29,23,28,0,-2,0,0,0.3,57,3790,3862,116,133,35,711,35125,34782,108,2,65,73,439640,0,0,0,0,1,214,0,481,123,3831,0,0,0,0,0,0,0,0,400,-413,0,0,40
2417.88,0,0,0,0,99,993,1.5351,0.00442789,1.53733,40,0,29,23,28,0,-2,0,0,0.2,57,3784,3862,125,133,35,711,35125,34782,108,2,65,73,473000,0,0,0,0,1,175,0,345,89,3839,0,0,0,0,0,0,0,0,400,-312,0,0,40
2417.89,0,0,0,0,99,983,1.53512,0.00443075,1.53766,40,0,29,23,28,0,-2,0,0,0.1,57,3784,3862,86,133,35,711,35125,34782,108,2,65,73,325424,0,0,0,0,1,470,0,292,126,3829,0,0,0,0,0,0,0,0,400,-459,0,0,40
2417.9,0,0,0,0,99,1006,1.53514,0.00443361,1.53799,40,0,29,23,28,0,-2,0,0,0,56,3784,3862,93,133,35,711,35125,34788,107,2,68,73,351912,0,0,0,0,1,238,0,265,82,3850,0,0,0,0,0,0,0,0,400,-282,0,0,40
2417.91,0,0,0,0,99,993,1.53506,0.00440095,1.5375,40,0,29,23,28,0,-2,0,0,0.1,56,3784,3862,93,133,35,711,35125,34788,107,2,68,73,351912,0,0,0,0,1,396,0,300,114,3831,0,0,0,0,0,0,0,0,400,-426,0,0,40
2417.92,0,0,0,0,99,993,1.53499,0.00436829,1.53701,40,0,29,23,28,0,-2,0,0,0.2,56,3780,3863,86,133,35,711,35125,34788,107,2,68,73,325080,0,0,0,0,1,396,0,300,114,3831,0,0,0,0,0,0,0,0,400,-310,0,0,40
2417.93,0,0,0,0,99,1009,1.53491,0.00433563,1.53652,40,0,29,23,28,0,-2,0,0,0.3,56,3780,3863,123,133,35,711,35125,34788,107,2,68,73,464940,0,0,0,0,1,197,0,335,95,3841,0,0,0,0,0,0,0,0,400,-310,0,0,40
2417.94,0,0,0,0,99,994,1.53483,0.00430297,1.53603,40,0,29,23,28,0,-2,0,0,0.4,56,3791,3863,121,133,35,711,35125,34788,107,2,68,73,458711,0,0,0,0,1,300,0,390,110,3835,0,0,0,0,0,0,0,0,400,-403,0,0,40
2417.95,0,0,0,0,99,1005,1.53476,0.00427031,1.53554,40,0,29,23,28,0,-2,0,0,0.5,56,3791,3863,121,133,35,711,35125,34788,107,2,68,73,458711,0,0,0,0,1,228,0,399,112,3826,0,0,0,0,0,0,0,0,400,-349,0,0,40
2417.96,0,0,0,0,99,1008,1.53468,0.00423765,1.53505,40,0,29,23,28,0,-2,0,0,0.6,56,3784,3863,125,133,35,711,35125,34788,107,2,68,73,473000,0,0,0,0,1,21,0,448,89,3848,0,0,0,0,0,0,0,0,400,-308,0,0,40
2417.97,0,0,0,0,99,1006,1.5346,0.00420499,1.53456,40,0,29,23,28,0,-2,0,0,0.7,56,3784,3863,84,133,35,711,35125,34788,107,2,68,73,317856,0,0,0,0,1,0,0,575,116,3837,0,0,0,0,0,0,0,0,400,-382,0,0,40
2417.98,0,0,0,0,99,1006,1.53453,0.00417234,1.53407,40,0,29,23,28,0,-2,0,0,0.8,56,3784,3863,95,133,35,711,35125,34788,107,2,68,73,359480,0,0,0,0,1,0,0,575,116,3837,0,0,0,0,0,0,0,0,400,-316,0,0,40
2417.99,0,0,0,0,99,1019,1.53445,0.00413968,1.53358,40,0,29,23,28,0,-2,0,0,0.9,56,3784,3863,95,133,35,711,35125,34788,107,2,68,73,359480,0,0,0,0,1,0,0,521,85,3835,0,0,0,0,0,0,0,0,400,-316,0,0,40
2418,0,0,0,0,99,1007,1.53437,0.00410702,1.53309,40,0,29,23,28,0,-2,0,0,1,57,3783,3870,89,133,35,711,35108,34758,107,2,68,73,336687,0,0,0,0,1,0,0,753,121,3826,0,0,0,0,0,0,0,0,400,-444,0,0,40
2418.01,0,0,0,0,99,1025,1.53462,0.00413294,1.53371,40,0,29,23,28,0,-2,0,0,1,57,3783,3870,123,133,35,711,35108,34758,107,2,68,73,465309,0,0,0,0,1,0,0,528,90,3837,0,0,0,0,0,0,0,0,400,-284,0,0,40
2418.02,0,0,0,0,99,1011,1.53486,0.00415886,1.53433,40,0,29,23,28,0,-2,0,0,1,57,3787,3870,116,133,35,711,35108,34758,107,2,68,73,439292,0,0,0,0,1,0,0,634,109,3833,0,0,0,0,0,0,0,0,400,-399,0,0,40
2418.03,0,0,0,0,99,1027,1.5351,0.00418478,1.53496,40,0,29,23,28,0,-2,0,0,1,57,3787,3870,116,133,35,711,35108,34758,107,2,68,73,439292,0,0,0,0,1,0,90,487,102,3837,0,0,0,0,0,0,0,0,400,-355,0,0,40
2418.04,0,0,0,0,99,1027,1.53534,0.0042107,1.53558,40,0,29,23,28,0,-2,0,0,1,57,3784,3870,117,133,35,711,35108,34758,107,2,68,73,442728,0,0,0,0,1,0,90,487,102,3837,0,0,0,0,0,0,0,0,400,-396,0,0,40
2418.05,0,0,0,0,99,1023,1.53558,0.00423661,1.5362,40,0,29,23,28,0,-2,0,0,1,57,3784,3870,90,133,35,711,35108,34758,107,2,68,73,340560,0,0,0,0,1,0,239,440,102,3833,0,0,0,0,0,0,0,0,400,-396,0,0,40
2418.06,0,0,0,0,99,1026,1.53582,0.00426253,1.53682,40,0,29,23,28,0,-2,0,0,1,57,3784,3870,96,133,35,711,35108,34758,107,2,68,73,363264,0,0,0,0,1,0,459,251,123,3833,0,0,0,0,0,0,0,0,400,-408,0,0,40
2418.07,0,0,0,0,99,1034,1.53606,0.00428845,1.53744,40,0,29,23,28,0,-2,0,0,1,57,3784,3870,96,133,35,711,35108,34758,107,2,68,73,363264,0,0,0,0,1,0,555,0,91,3839,0,0,0,0,0,0,0,0,400,-344,0,0,40
2418.08,0,0,0,0,99,1028,1.5363,0.00431437,1.53807,40,0,29,23,28,0,-2,0,0,1,57,3783,3870,89,133,35,711,35108,34758,107,2,68,73,336687,0,0,0,0,1,0,747,0,122,3833,0,0,0,0,0,0,0,0,400,-441,0,0,40
2418.09,0,0,0,0,99,1044,1.53654,0.00434029,1.53869,40,0,29,23,28,0,-2,0,0,1,57,3783,3870,114,133,35,711,35108,34758,107,2,68,73,431262,0,0,0,0,1,62,436,0,89,3843,0,0,0,0,0,0,0,0,400,-317,0,0,40
2418.1,0,0,0,0,99,1044,1.53679,0.00436621,1.53931,40,0,29,23,28,0,-2,0,0,1,56,3783,3870,116,133,35,711,35103,34781,108,2,65,98,438828,0,0,0,0,1,62,436,0,89,3843,0,0,0,0,0,0,0,0,400,-466,0,0,40
2418.11,0,0,0,0,99,1029,1.5362,0.00436996,1.53894,40,0,29,23,28,0,-2,0,0,0.9,56,3783,3870,116,133,35,711,35103,34781,108,2,65,98,438828,0,0,0,0,1,229,545,0,125,3820,0,0,0,0,0,0,0,0,400,-466,0,0,40
2418.12,0,0,0,0,99,1046,1.53562,0.00437372,1.53858,40,0,29,23,28,0,-2,0,0,0.8,56,3789,3870,134,133,35,711,35103,34781,108,2,65,98,507726,0,0,0,0,1,486,12,0,102,3833,0,0,0,0,0,0,0,0,400,-329,0,0,40
2418.13,0,0,0,0,99,1034,1.53504,0.00437747,1.53821,40,0,29,23,28,0,-2,0,0,0.7,56,3792,3870,95,133,35,711,35103,34781,108,2,65,98,360240,0,0,0,0,1,689,0,0,114,3820,0,0,0,0,0,0,0,0,400,-418,0,0,40
2418.14,0,0,0,0,99,1047,1.53446,0.00438122,1.53785,40,0,29,23,28,0,-2,0,0,0.6,56,3792,3870,96,133,35,711,35103,34781,108,2,65,98,364032,0,0,0,0,1,542,0,0,112,3824,0,0,0,0,0,0,0,0,400,-343,0,0,40
2418.15,0,0,0,0,99,1044,1.53387,0.00438497,1.53748,40,0,29,23,28,0,-2,0,0,0.5,56,3792,3870,96,133,35,711,35103,34781,108,2,65,98,364032,0,0,0,0,1,440,0,197,101,3826,0,0,0,0,0,0,0,0,400,-374,0,0,40
2418.16,0,0,0,0,99,1044,1.53329,0.00438873,1.53712,40,0,29,23,28,0,-2,0,0,0.4,56,3791,3870,94,133,35,711,35103,34781,108,2,65,98,356354,0,0,0,0,1,440,0,197,101,3826,0,0,0,0,0,0,0,0,400,-424,0,0,40
2418.17,0,0,0,0,99,1044,1.53271,0.00439248,1.53675,40,0,29,23,28,0,-2,0,0,0.3,56,3791,3870,125,133,35,711,35103,34781,108,2,65,98,473875,0,0,0,0,1,0,0,604,130,3831,0,0,0,0,0,0,0,0,400,-424,0,0,40
2418.18,0,0,0,0,99,1052,1.53213,0.00439623,1.53638,40,0,29,23,28,0,-2,0,0,0.2,56,3791,3870,126,133,35,711,35103,34781,108,2,65,98,477666,0,0,0,0,1,0,0,566,97,3833,0,0,0,0,0,0,0,0,400,-342,0,0,40
2418.19,0,0,0,0,99,1041,1.53155,0.00439999,1.53602,40,0,29,23,28,0,-2,0,0,0.1,56,3791,3870,126,133,35,711,35103,34781,108,2,65,98,477666,0,0,0,0,1,0,52,626,132,3822,0,0,0,0,0,0,0,0,400,-454,0,0,40
2418.2,0,0,0,0,99,1065,1.53096,0.00440374,1.53565,40,0,29,23,28,0,-2,0,0,0,57,3790,3870,127,133,35,711,35162,34876,108,2,65,73,481330,0,0,0,0,1,0,387,83,93,3850,0,0,0,0,0,0,0,0,400,-304,0,0,40
2418.21,0,0,0,0,99,1055,1.53122,0.00438605,1.53565,40,0,29,23,28,0,-2,0,0,0.1,57,3790,3870,91,133,35,711,35162,34876,108,2,65,73,344890,0,0,0,0,1,0,697,0,116,3826,0,0,0,0,0,0,0,0,400,-411,0,0,40
2418.22,0,0,0,0,99,1055,1.53148,0.00436836,1.53564,40,0,29,23,28,0,-2,0,0,0.2,57,3790,3870,99,133,35,711,35162,34876,108,2,65,73,375210,0,0,0,0,1,0,697,0,116,3826,0,0,0,0,0,0,0,0,400,-372,0,0,40
2418.23,0,0,0,0,99,1064,1.53174,0.00435066,1.53563,40,0,29,23,28,0,-2,0,0,0.3,57,3790,3870,99,133,35,711,35162,34876,108,2,65,73,375210,0,0,0,0,1,123,479,0,112,3831,0,0,0,0,0,0,0,0,400,-372,0,0,40
2418.24,0,0,0,0,99,1057,1.532,0.00433297,1.53563,40,0,29,23,28,0,-2,0,0,0.4,57,3791,3866,97,133,35,711,35162,34876,108,2,65,73,367727,0,0,0,0,1,563,0,0,107,3829,0,0,0,0,0,0,0,0,400,-374,0,0,40
2418.25,0,0,0,0,99,1060,1.53226,0.00431528,1.53562,40,0,29,23,28,0,-2,0,0,0.5,57,3791,3866,118,133,35,711,35162,34876,108,2,65,73,447338,0,0,0,0,1,675,0,0,123,3817,0,0,0,0,0,0,0,0,400,-392,0,0,40
2418.26,0,0,0,0,99,1067,1.53252,0.00429759,1.53561,40,0,29,23,28,0,-2,0,0,0.6,57,3791,3866,130,133,35,711,35162,34876,108,2,65,73,492830,0,0,0,0,1,328,0,212,93,3835,0,0,0,0,0,0,0,0,400,-318,0,0,40
2418.27,0,0,0,0,99,1059,1.53277,0.00427989,1.53561,40,0,29,23,28,0,-2,0,0,0.7,57,3791,3866,130,133,35,711,35162,34876,108,2,65,73,492830,0,0,0,0,1,0,0,722,124,3831,0,0,0,0,0,0,0,0,400,-431,0,0,40
2418.28,0,0,0,0,99,1059,1.53303,0.0042622,1.5356,40,0,29,23,28,0,-2,0,0,0.8,57,3790,3866,125,133,35,711,35162,34876,108,2,65,73,473750,0,0,0,0,1,0,0,722,124,3831,0,0,0,0,0,0,0,0,400,-312,0,0,40
2418.29,0,0,0,0,99,1077,1.53329,0.00424451,1.53559,40,0,29,23,28,0,-2,0,0,0.9,57,3790,3866,107,133,35,711,35162,34876,108,2,65,73,405530,0,0,0,0,1,0,93,446,92,3839,0,0,0,0,0,0,0,0,400,-312,0,0,40
2418.3,0,0,0,0,99,1065,1.53355,0.00422682,1.53559,40,0,29,23,28,0,-2,0,0,1,57,3790,3866,91,133,35,711,35168,34888,108,2,68,98,344890,0,0,0,0,1,0,612,11,117,3829,0,0,0,0,0,0,0,0,400,-399,0,0,40
2418.31,0,0,0,0,99,1083,1.53352,0.00423174,1.53545,40,0,29,23,28,0,-2,0,0,1,57,3790,3866,91,133,35,711,35168,34888,108,2,68,98,344890,0,0,0,0,1,0,477,0,101,3837,0,0,0,0,0,0,0,0,400,-318,0,0,40
2418.32,0,0,0,0,99,1077,1.5335,0.00423666,1.53531,40,0,29,23,28,0,-2,0,0,1,57,3779,3865,92,133,35,711,35168,34888,108,2,68,98,347668,0,0,0,0,1,503,47,0,108,3826,0,0,0,0,0,0,0,0,400,-355,0,0,40
2418.33,0,0,0,0,99,1079,1.53347,0.00424158,1.53518,40,0,29,23,28,0,-2,0,0,1,57,3779,3865,104,133,35,711,35168,34888,108,2,68,98,393016,0,0,0,0,1,630,0,0,123,3824,0,0,0,0,0,0,0,0,400,-383,0,0,40
2418.34,0,0,0,0,99,1079,1.53345,0.0042465,1.53504,40,0,29,23,28,0,-2,0,0,1,57,3780,3865,132,133,35,711,35168,34888,108,2,68,98,498960,0,0,0,0,1,630,0,0,123,3824,0,0,0,0,0,0,0,0,400,-341,0,0,40
2418.35,0,0,0,0,99,1083,1.53342,0.00425142,1.5349,40,0,29,23,28,0,-2,0,0,1,57,3780,3865,132,133,35,711,35168,34888,108,2,68,98,498960,0,0,0,0,1,0,0,489,104,3835,0,0,0,0,0,0,0,0,400,-341,0,0,40
2418.36,0,0,0,0,99,1079,1.5334,0.00425634,1.53477,40,0,29,23,28,0,-2,0,0,1,57,3778,3865,126,133,35,711,35168,34888,108,2,68,98,476028,0,0,0,0,1,0,0,665,126,3831,0,0,0,0,0,0,0,0,400,-407,0,0,40
2418.37,0,0,0,0,99,1094,1.53337,0.00426126,1.53463,40,0,29,23,28,0,-2,0,0,1,57,3778,3865,126,133,35,711,35168,34888,108,2,68,98,476028,0,0,0,0,1,0,432,30,97,3841,0,0,0,0,0,0,0,0,400,-307,0,0,40
2418.38,0,0,0,0,99,1085,1.53335,0.00426618,1.53449,40,0,29,23,28,0,-2,0,0,1,57,3778,3865,94,133,35,711,35168,34888,108,2,68,98,355132,0,0,0,0,1,0,586,0,116,3835,0,0,0,0,0,0,0,0,400,-380,0,0,40
2418.39,0,0,0,0,99,1094,1.53332,0.0042711,1.53436,40,0,29,23,28,0,-2,0,0,1,57,3778,3865,94,133,35,711,35168,34888,108,2,68,98,355132,0,0,0,0,1,528,0,0,108,3826,0,0,0,0,0,0,0,0,400,-341,0,0,40
2418.4,0,0,0,0,99,1094,1.5333,0.00427602,1.53422,40,0,29,23,28,0,-2,0,0,1,57,3789,3861,96,133,35,711,35163,34857,108,2,65,73,363744,0,0,0,0,1,528,0,0,108,3820,0,0,0,0,0,0,0,0,400,-362,0,0,40
2418.41,0,0,0,0,99,1089,1.533,0.00428241,1.53406,40,0,29,23,28,0,-2,0,0,0.9,57,3778,3861,99,133,35,711,35163,34857,108,2,65,73,374022,0,0,0,0,1,505,0,70,106,3820,0,0,0,0,0,0,0,0,400,-362,0,0,40
2418.42,0,0,0,0,99,1095,1.5327,0.00428879,1.5339,40,0,29,23,28,0,-2,0,0,0.8,57,3778,3861,133,133,35,711,35163,34857,108,2,65,73,502474,0,0,0,0,1,0,0,616,115,3835,0,0,0,0,0,0,0,0,400,-393,0,0,40
2418.43,0,0,0,0,99,1101,1.5324,0.00429518,1.53374,40,0,29,23,28,0,-2,0,0,0.7,57,3778,3861,133,133,35,711,35163,34857,108,2,65,73,502474,0,0,0,0,1,0,233,361,96,3837,0,0,0,0,0,0,0,0,400,-340,0,0,40
2418.44,0,0,0,0,99,1095,1.5321,0.00430156,1.53358,40,0,29,23,28,0,-2,0,0,0.6,57,3786,3861,121,133,35,711,35163,34857,108,2,65,73,458106,0,0,0,0,1,0,731,0,128,3824,0,0,0,0,0,0,0,0,400,-427,0,0,40
2418.45,0,0,0,0,99,1105,1.5318,0.00430795,1.53341,40,0,29,23,28,0,-2,0,0,0.5,57,3786,3861,126,133,35,711,35163,34857,108,2,65,73,477036,0,0,0,0,1,480,28,0,106,3829,0,0,0,0,0,0,0,0,400,-331,0,0,40
2418.46,0,0,0,0,99,1105,1.5315,0.00431434,1.53325,40,0,29,23,28,0,-2,0,0,0.4,57,3788,3861,95,133,35,711,35163,34857,108,2,65,73,359860,0,0,0,0,1,480,28,0,106,3829,0,0,0,0,0,0,0,0,400,-408,0,0,40
2418.47,0,0,0,0,99,1095,1.5312,0.00432072,1.53309,40,0,29,23,28,0,-2,0,0,0.3,57,3788,3861,95,133,35,711,35163,34857,108,2,65,73,359860,0,0,0,0,1,574,0,23,124,3815,0,0,0,0,0,0,0,0,400,-408,0,0,40
2418.48,0,0,0,0,99,1109,1.53091,0.00432711,1.53293,40,0,29,23,28,0,-2,0,0,0.2,57,3788,3861,116,133,35,711,35163,34857,108,2,65,73,439408,0,0,0,0,1,0,0,534,105,3839,0,0,0,0,0,0,0,0,400,-348,0,0,40
2418.49,0,0,0,0,99,1103,1.53061,0.00433349,1.53277,40,0,29,23,28,0,-2,0,0,0.1,57,3782,3861,98,133,35,711,35163,34857,108,2,65,73,370636,0,0,0,0,1,0,301,329,112,3829,0,0,0,0,0,0,0,0,400,-370,0,0,40
2418.5,0,0,0,0,99,1111,1.53031,0.00433988,1.53261,40,0,29,23,28,0,-2,0,0,0,57,3782,3861,129,133,35,711,35100,34769,108,2,82,73,487878,0,0,0,0,1,0,528,0,113,3837,0,0,0,0,0,0,0,0,400,-340,0,0,40
2418.51,0,0,0,0,99,1111,1.53052,0.00432564,1.53304,40,0,29,23,28,0,-2,0,0,0.1,57,3782,3861,129,133,35,711,35100,34769,108,2,82,73,487878,0,0,0,0,1,563,0,0,101,3829,0,0,0,0,0,0,0,0,400,-353,0,0,40
2418.52,0,0,0,0,99,1111,1.53074,0.00431139,1.53348,40,0,29,23,28,0,-2,0,0,0.2,57,3786,3861,109,133,35,711,35100,34769,108,2,82,73,412674,0,0,0,0,1,563,0,0,101,3829,0,0,0,0,0,0,0,0,400,-361,0,0,40
2418.53,0,0,0,0,99,1112,1.53096,0.00429715,1.53391,40,0,29,23,28,0,-2,0,0,0.3,57,3786,3861,128,133,35,711,35100,34769,108,2,82,73,484608,0,0,0,0,1,241,0,345,116,3839,0,0,0,0,0,0,0,0,400,-361,0,0,40
2418.54,0,0,0,0,99,1121,1.53118,0.0042829,1.53434,40,0,29,23,28,0,-2,0,0,0.4,57,3789,3861,112,133,35,711,35100,34769,108,2,82,73,424368,0,0,0,0,1,0,84,443,94,3841,0,0,0,0,0,0,0,0,400,-323,0,0,40
2418.55,0,0,0,0,99,1114,1.53139,0.00426866,1.53477,40,0,29,23,28,0,-2,0,0,0.5,57,3789,3861,112,133,35,711,35100,34769,108,2,82,73,424368,0,0,0,0,1,0,719,0,125,3826,0,0,0,0,0,0,0,0,400,-421,0,0,40
2418.56,0,0,0,0,99,1125,1.53161,0.00425441,1.53521,40,0,29,23,28,0,-2,0,0,0.6,57,3789,3861,120,133,35,711,35100,34769,108,2,82,73,454680,0,0,0,0,1,539,0,0,109,3829,0,0,0,0,0,0,0,0,400,-348,0,0,40
2418.57,0,0,0,0,99,1118,1.53183,0.00424017,1.53564,40,0,29,23,28,0,-2,0,0,0.7,57,3785,3861,99,133,35,711,35100,34769,108,2,82,73,374715,0,0,0,0,1,411,0,235,116,3822,0,0,0,0,0,0,0,0,400,-389,0,0,40
2418.58,0,0,0,0,99,1118,1.53204,0.00422593,1.53607,40,0,29,23,28,0,-2,0,0,0.8,57,3785,3861,115,133,35,711,35100,34769,108,2,82,73,435275,0,0,0,0,1,411,0,235,116,3822,0,0,0,0,0,0,0,0,400,-356,0,0,40
2418.59,0,0,0,0,99,1128,1.53226,0.00421168,1.5365,40,0,29,23,28,0,-2,0,0,0.9,57,3785,3861,115,133,35,711,35100,34769,108,2,82,73,435275,0,0,0,0,1,0,0,513,114,3835,0,0,0,0,0,0,0,0,400,-356,0,0,40
2418.6,0,0,0,0,99,1127,1.53248,0.00419744,1.53694,40,0,29,23,28,0,-2,0,0,1,57,3788,3861,101,133,35,711,35156,34839,108,2,65,73,382588,0,0,0,0,1,0,588,0,106,3833,0,0,0,0,0,0,0,0,400,-343,0,0,40
2418.61,0,0,0,0,99,1125,1.53275,0.00416487,1.53707,40,0,29,23,28,0,-2,0,0,1,57,3786,3861,126,133,35,711,35156,34839,108,2,65,73,477036,0,0,0,0,1,597,0,0,124,3813,0,0,0,0,0,0,0,0,400,-388,0,0,40
2418.62,0,0,0,0,99,1133,1.53302,0.0041323,1.53721,40,0,29,23,28,0,-2,0,0,1,57,3786,3861,115,133,35,711,35156,34839,108,2,65,73,435390,0,0,0,0,1,275,0,263,101,3833,0,0,0,0,0,0,0,0,400,-322,0,0,40
2418.63,0,0,0,0,99,1130,1.53329,0.00409973,1.53734,40,0,29,23,28,0,-2,0,0,1,57,3786,3861,115,133,35,711,35156,34839,108,2,65,73,435390,0,0,0,0,1,0,102,534,116,3829,0,0,0,0,0,0,0,0,400,-388,0,0,40
2418.64,0,0,0,0,99,1130,1.53355,0.00406716,1.53748,40,0,29,23,28,0,-2,0,0,1,57,3786,3862,130,133,35,711,35156,34839,108,2,65,73,492180,0,0,0,0,1,0,102,534,116,3829,0,0,0,0,0,0,0,0,400,-319,0,0,40
2418.65,0,0,0,0,99,1144,1.53382,0.00403459,1.53761,40,0,29,23,28,0,-2,0,0,1,57,3788,3862,112,133,35,711,35156,34839,108,2,65,73,424256,0,0,0,0,1,0,492,0,101,3837,0,0,0,0,0,0,0,0,400,-319,0,0,40
2418.66,0,0,0,0,99,1138,1.53409,0.00400202,1.53775,40,0,29,23,28,0,-2,0,0,1,57,3788,3862,108,133,35,711,35156,34839,108,2,65,73,409104,0,0,0,0,1,651,0,0,115,3820,0,0,0,0,0,0,0,0,400,-381,0,0,40
2418.67,0,0,0,0,99,1145,1.53436,0.00396945,1.53788,40,0,29,23,28,0,-2,0,0,1,57,3788,3862,108,133,35,711,35156,34839,108,2,65,73,409104,0,0,0,0,1,0,0,601,118,3826,0,0,0,0,0,0,0,0,400,-383,0,0,40
2418.68,0,0,0,0,99,1147,1.53463,0.00393688,1.53802,40,0,29,23,28,0,-2,0,0,1,57,3784,3862,99,133,35,711,35156,34839,108,2,65,73,374616,0,0,0,0,1,0,509,0,106,3829,0,0,0,0,0,0,0,0,400,-333,0,0,40
2418.69,0,0,0,0,99,1146,1.5349,0.00390431,1.53815,40,0,29,23,28,0,-2,0,0,1,57,3784,3862,111,133,35,711,35156,34839,108,2,65,73,420024,0,0,0,0,1,443,129,0,119,3822,0,0,0,0,0,0,0,0,400,-351,0,0,40
2418.7,0,0,0,0,99,1146,1.53517,0.00387174,1.53829,40,0,29,23,28,0,-2,0,0,1,57,3783,3862,126,133,35,711,35131,34790,108,2,65,98,476658,0,0,0,0,1,443,129,0,119,3822,0,0,0,0,0,0,0,0,400,-325,0,0,40
2418.71,0,0,0,0,99,1152,1.53489,0.0038921,1.53803,40,0,29,23,28,0,-2,0,0,1,57,3783,3862,126,133,35,711,35131,34790,108,2,65,98,476658,0,0,0,0,1,261,0,292,105,3829,0,0,0,0,0,0,0,0,400,-325,0,0,40
2418.72,0,0,0,0,99,1148,1.53461,0.00391245,1.53777,40,0,29,23,28,0,-2,0,0,1,57,3783,3861,128,133,35,711,35131,34790,108,2,65,98,484224,0,0,0,0,1,0,252,458,123,3822,0,0,0,0,0,0,0,0,400,-406,0,0,40
2418.73,0,0,0,0,99,1158,1.53433,0.00393281,1.53751,40,0,29,23,28,0,-2,0,0,1,57,3786,3861,116,133,35,711,35131,34790,108,2,65,98,439176,0,0,0,0,1,158,454,0,114,3817,0,0,0,0,0,0,0,0,400,-372,0,0,40
2418.74,0,0,0,0,99,1155,1.53405,0.00395316,1.53725,40,0,29,23,28,0,-2,0,0,1,57,3786,3861,99,133,35,711,35131,34790,108,2,65,98,374814,0,0,0,0,1,493,0,101,115,3817,0,0,0,0,0,0,0,0,400,-373,0,0,40
2418.75,0,0,0,0,99,1160,1.53377,0.00397352,1.53698,40,0,29,23,28,0,-2,0,0,1,57,3786,3861,99,133,35,711,35131,34790,108,2,65,98,374814,0,0,0,0,1,0,69,517,120,3824,0,0,0,0,0,0,0,0,400,-370,0,0,40
2418.76,0,0,0,0,99,1160,1.53349,0.00399388,1.53672,40,0,29,23,28,0,-2,0,0,1,57,3782,3861,113,133,35,711,35131,34790,108,2,65,98,427366,0,0,0,0,1,0,69,517,120,3824,0,0,0,0,0,0,0,0,400,-331,0,0,40
2418.77,0,0,0,0,99,1162,1.53321,0.00401423,1.53646,40,0,29,23,28,0,-2,0,0,1,57,3776,3861,109,133,35,711,35131,34790,108,2,65,98,411584,0,0,0,0,1,41,469,0,110,3835,0,0,0,0,0,0,0,0,400,-331,0,0,40
2418.78,0,0,0,0,99,1163,1.53293,0.00403459,1.5362,40,0,29,23,28,0,-2,0,0,1,57,3776,3861,129,133,35,711,35131,34790,108,2,65,98,487104,0,0,0,0,1,498,0,1,114,3824,0,0,0,0,0,0,0,0,400,-337,0,0,40
2418.79,0,0,0,0,99,1170,1.53264,0.00405494,1.53594,40,0,29,23,28,0,-2,0,0,1,57,3776,3861,129,133,35,711,35131,34790,108,2,65,98,487104,0,0,0,0,1,0,52,452,101,3837,0,0,0,0,0,0,0,0,400,-327,0,0,40
2418.8,0,0,0,0,99,1170,1.53236,0.0040753,1.53568,40,0,29,23,28,0,-2,0,0,1,58,3776,3865,116,133,35,711,35054,34706,108,2,68,73,438016,0,0,0,0,1,76,520,0,117,3822,0,0,0,0,0,0,0,0,400,-379,0,0,40
2418.81,0,0,0,0,99,1175,1.53247,0.00403912,1.53591,40,0,29,23,28,0,-2,0,0,1,58,3781,3865,123,133,35,711,35054,34706,108,2,68,73,465063,0,0,0,0,1,466,0,105,115,3824,0,0,0,0,0,0,0,0,400,-360,0,0,40
2418.82,0,0,0,0,99,1175,1.53257,0.00400293,1.53614,40,0,29,23,28,0,-2,0,0,1,58,3781,3865,105,133,35,711,35054,34706,108,2,68,73,397005,0,0,0,0,1,466,0,105,115,3824,0,0,0,0,0,0,0,0,400,-417,0,0,40
2418.83,0,0,0,0,99,1174,1.53267,0.00396675,1.53637,40,0,29,23,28,0,-2,0,0,1,58,3781,3865,105,133,35,711,35054,34706,108,2,68,73,397005,0,0,0,0,1,0,149,460,125,3829,0,0,0,0,0,0,0,0,400,-417,0,0,40
2418.84,0,0,0,0,99,1179,1.53277,0.00393056,1.5366,40,0,29,23,28,0,-2,0,0,1,58,3781,3865,114,133,35,711,35054,34706,108,2,68,73,431034,0,0,0,0,1,214,397,0,117,3822,0,0,0,0,0,0,0,0,400,-363,0,0,40
2418.85,0,0,0,0,99,1179,1.53287,0.00389438,1.53683,40,0,29,23,28,0,-2,0,0,1,58,3781,3865,100,133,35,711,35054,34706,108,2,68,73,378100,0,0,0,0,1,238,0,312,110,3835,0,0,0,0,0,0,0,0,400,-334,0,0,40
2418.86,0,0,0,0,99,1182,1.53297,0.00385819,1.53706,40,0,29,23,28,0,-2,0,0,1,58,3779,3865,122,133,35,711,35054,34706,108,2,68,73,461038,0,0,0,0,1,0,428,183,119,3833,0,0,0,0,0,0,0,0,400,-355,0,0,40
2418.87,0,0,0,0,99,1186,1.53307,0.00382201,1.5373,40,0,29,23,28,0,-2,0,0,1,58,3779,3865,122,133,35,711,35054,34706,108,2,68,73,461038,0,0,0,0,1,563,0,0,117,3815,0,0,0,0,0,0,0,0,400,-366,0,0,40
2418.88,0,0,0,0,99,1186,1.53318,0.00378582,1.53753,40,0,29,23,28,0,-2,0,0,1,58,3778,3865,112,133,35,711,35054,34706,108,2,68,73,423136,0,0,0,0,1,563,0,0,117,3815,0,0,0,0,0,0,0,0,400,-381,0,0,40
2418.89,0,0,0,0,99,1190,1.53328,0.00374964,1.53776,40,0,29,23,28,0,-2,0,0,1,58,3778,3865,128,133,35,711,35054,34706,108,2,68,73,483584,0,0,0,0,1,0,0,616,118,3820,0,0,0,0,0,0,0,0,400,-381,0,0,40
2418.9,0,0,0,0,99,1193,1.53338,0.00371346,1.53799,40,0,29,23,28,0,-2,0,0,1,57,3778,3865,115,133,35,711,35070,34720,108,2,65,98,434470,0,0,0,0,1,0,591,0,115,3831,0,0,0,0,0,0,0,0,400,-343,0,0,40
2418.91,0,0,0,0,99,1194,1.53318,0.00372185,1.53757,40,0,29,23,28,0,-2,0,0,1,57,3778,3865,115,133,35,711,35070,34720,108,2,65,98,434470,0,0,0,0,1,489,0,0,110,3826,0,0,0,0,0,0,0,0,400,-316,0,0,40
2418.92,0,0,0,0,99,1197,1.53299,0.00373024,1.53715,40,0,29,23,28,0,-2,0,0,1,57,3779,3865,129,133,35,711,35070,34720,108,2,65,98,487491,0,0,0,0,1,0,153,448,114,3831,0,0,0,0,0,0,0,0,400,-364,0,0,40
2418.93,0,0,0,0,99,1204,1.53279,0.00373863,1.53673,40,0,29,23,28,0,-2,0,0,1,57,3778,3865,110,133,35,711,35070,34720,108,2,65,98,415580,0,0,0,0,1,410,170,0,113,3824,0,0,0,0,0,0,0,0,400,-349,0,0,40
2418.94,0,0,0,0,99,1204,1.53259,0.00374702,1.53631,40,0,29,23,28,0,-2,0,0,1,57,3778,3865,114,133,35,711,35070,34720,108,2,65,98,430692,0,0,0,0,1,410,170,0,113,3833,0,0,0,0,0,0,0,0,400,-364,0,0,40
2418.95,0,0,0,0,99,1206,1.5324,0.00375541,1.53589,40,0,29,23,28,0,-2,0,0,1,57,3778,3865,114,133,35,711,35070,34720,108,2,65,98,430692,0,0,0,0,1,0,0,568,115,3833,0,0,0,0,0,0,0,0,400,-364,0,0,40
2418.96,0,0,0,0,99,1208,1.5322,0.0037638,1.53547,40,0,29,23,28,0,-2,0,0,1,57,3778,3865,104,133,35,711,35070,34720,108,2,65,98,392912,0,0,0,0,1,0,573,0,118,3829,0,0,0,0,0,0,0,0,400,-340,0,0,40
2418.97,0,0,0,0,99,1207,1.532,0.00377219,1.53505,40,0,29,23,28,0,-2,0,0,1,57,3779,3865,121,133,35,711,35070,34720,108,2,65,98,457259,0,0,0,0,1,470,0,109,120,3811,0,0,0,0,0,0,0,0,400,-360,0,0,40
2418.98,0,0,0,0,99,1212,1.53181,0.00378058,1.53464,40,0,29,23,28,0,-2,0,0,1,57,3779,3865,125,133,35,711,35070,34720,108,2,65,98,472375,0,0,0,0,1,0,410,165,120,3837,0,0,0,0,0,0,0,0,400,-343,0,0,40
2418.99,0,0,0,0,99,1217,1.53161,0.00378897,1.53422,40,0,29,23,28,0,-2,0,0,1,57,3779,3865,125,133,35,711,35070,34720,108,2,65,98,472375,0,0,0,0,1,636,0,0,120,3820,0,0,0,0,0,0,0,0,400,-379,0,0,40
2419,0,0,0,0,99,1217,1.53141,0.00379736,1.5338,40,0,29,23,28,0,-2,0,0,1,57,3779,3865,124,133,35,711,35082,34753,108,2,68,73,468596,0,0,0,0,1,636,0,0,120,3820,0,0,0,0,0,0,0,0,400,-388,0,0,40
2419.01,0,0,0,0,99,1216,1.5315,0.00380828,1.53357,40,0,29,23,28,0,-2,0,0,1,57,3784,3865,119,133,35,711,35082,34753,108,2,68,73,450296,0,0,0,0,1,0,0,544,128,3829,0,0,0,0,0,0,0,0,400,-388,0,0,40
2419.02,0,0,0,0,99,1218,1.53159,0.00381921,1.53333,40,0,29,23,28,0,-2,0,0,1,57,3784,3865,106,133,35,711,35082,34753,108,2,68,73,401104,0,0,0,0,1,306,322,0,125,3820,0,0,0,0,0,0,0,0,400,-358,0,0,40
2419.03,0,0,0,0,99,1219,1.53168,0.00383013,1.5331,40,0,29,23,28,0,-2,0,0,1,57,3784,3865,106,133,35,711,35082,34753,108,2,68,73,401104,0,0,0,0,1,0,0,615,118,3831,0,0,0,0,0,0,0,0,400,-350,0,0,40
2419.04,0,0,0,0,99,1230,1.53177,0.00384105,1.53287,40,0,29,23,28,0,-2,0,0,1,57,3782,3866,118,133,35,711,35082,34753,108,2,68,73,446276,0,0,0,0,1,60,451,0,109,3835,0,0,0,0,0,0,0,0,400,-327,0,0,40
2419.05,0,0,0,0,99,1230,1.53186,0.00385198,1.53264,40,0,29,23,28,0,-2,0,0,1,57,3782,3866,111,133,35,711,35082,34753,108,2,68,73,419802,0,0,0,0,1,62,0,439,114,3837,0,0,0,0,0,0,0,0,400,-337,0,0,40
2419.06,0,0,0,0,99,1230,1.53195,0.0038629,1.53241,40,0,29,23,28,0,-2,0,0,1,57,3782,3866,125,133,35,711,35082,34753,108,2,68,73,472750,0,0,0,0,1,62,0,439,114,3837,0,0,0,0,0,0,0,0,400,-347,0,0,40
2419.07,0,0,0,0,99,1233,1.53204,0.00387383,1.53218,40,0,29,23,28,0,-2,0,0,1,57,3782,3866,125,133,35,711,35082,34753,108,2,68,73,472750,0,0,0,0,1,0,596,0,123,3831,0,0,0,0,0,0,0,0,400,-347,0,0,40
2419.08,0,0,0,0,99,1233,1.53213,0.00388475,1.53195,40,0,29,23,28,0,-2,0,0,1,57,3782,3866,119,133,35,711,35082,34753,108,2,68,73,450058,0,0,0,0,1,410,0,220,120,3824,0,0,0,0,0,0,0,0,400,-354,0,0,40
2419.09,0,0,0,0,99,1238,1.53222,0.00389567,1.53172,40,0,29,23,28,0,-2,0,0,1,57,3782,3866,115,133,35,711,35082,34753,108,2,68,73,434930,0,0,0,0,1,0,621,0,124,3829,0,0,0,0,0,0,0,0,400,-378,0,0,40
2419.1,0,0,0,0,99,1243,1.53231,0.0039066,1.53148,40,0,29,23,28,0,-2,0,0,1,57,3781,3866,106,133,35,711,35099,34767,109,2,82,73,400786,0,0,0,0,1,423,0,156,118,3822,0,0,0,0,0,0,0,0,400,-359,0,0,40
2419.11,0,0,0,0,99,1241,1.53215,0.00390316,1.53207,40,0,29,23,28,0,-2,0,0,1,57,3781,3866,106,133,35,711,35099,34767,109,2,82,73,400786,0,0,0,0,1,0,586,0,131,3833,0,0,0,0,0,0,0,0,400,-380,0,0,40
2419.12,0,0,0,0,99,1241,1.53199,0.00389973,1.53266,40,0,29,23,28,0,-2,0,0,1,57,3781,3867,118,133,35,711,35099,34767,109,2,82,73,446158,0,0,0,0,1,0,586,0,131,3833,0,0,0,0,0,0,0,0,400,-345,0,0,40
2419.13,0,0,0,0,99,1245,1.53183,0.00389629,1.53324,40,0,29,23,28,0,-2,0,0,1,57,3781,3867,121,133,35,711,35099,34767,109,2,82,73,457501,0,0,0,0,1,503,0,29,122,3815,0,0,0,0,0,0,0,0,400,-345,0,0,40
2419.14,0,0,0,0,99,1249,1.53167,0.00389286,1.53383,40,0,29,23,28,0,-2,0,0,1,57,3781,3867,127,133,35,711,35099,34767,109,2,82,73,480187,0,0,0,0,1,0,539,0,118,3831,0,0,0,0,0,0,0,0,400,-346,0,0,40
2419.15,0,0,0,0,99,1253,1.53151,0.00388942,1.53441,40,0,29,23,28,0,-2,0,0,1,57,3781,3867,127,133,35,711,35099,34767,109,2,82,73,480187,0,0,0,0,1,480,0,62,121,3813,0,0,0,0,0,0,0,0,400,-352,0,0,40
2419.16,0,0,0,0,99,1256,1.53135,0.00388599,1.535,40,0,29,23,28,0,-2,0,0,1,57,3781,3867,112,133,35,711,35099,34767,109,2,82,73,423472,0,0,0,0,1,0,561,0,124,3826,0,0,0,0,0,0,0,0,400,-356,0,0,40
2419.17,0,0,0,0,99,1255,1.53119,0.00388255,1.53559,40,0,29,23,28,0,-2,0,0,1,57,3781,3867,124,133,35,711,35099,34767,109,2,82,73,468844,0,0,0,0,1,472,0,120,123,3824,0,0,0,0,0,0,0,0,400,-359,0,0,40
2419.18,0,0,0,0,99,1255,1.53103,0.00387912,1.53617,40,0,29,23,28,0,-2,0,0,1,57,3781,3867,123,133,35,711,35099,34767,109,2,82,73,465063,0,0,0,0,1,472,0,120,123,3824,0,0,0,0,0,0,0,0,400,-350,0,0,40
2419.19,0,0,0,0,99,1265,1.53087,0.00387568,1.53676,40,0,29,23,28,0,-2,0,0,1,57,3781,3867,123,133,35,711,35099,34767,109,2,82,73,465063,0,0,0,0,1,0,586,0,115,3831,0,0,0,0,0,0,0,0,400,-350,0,0,40
2419.2,0,0,0,0,99,1265,1.53071,0.00387224,1.53734,40,0,29,23,28,0,-2,0,0,1,57,3779,3863,114,133,35,711,35089,34765,108,2,82,98,430806,0,0,0,0,1,323,0,292,122,3826,0,0,0,0,0,0,0,0,400,-360,0,0,40
2419.21,0,0,0,0,99,1266,1.53093,0.00387674,1.53745,40,0,29,23,28,0,-2,0,0,1,57,3779,3863,116,133,35,711,35089,34765,108,2,82,98,438364,0,0,0,0,1,0,588,0,133,3831,0,0,0,0,0,0,0,0,400,-353,0,0,40
2419.22,0,0,0,0,99,1269,1.53115,0.00388124,1.53755,40,0,29,23,28,0,-2,0,0,1,57,3779,3863,118,133,35,711,35089,34765,108,2,82,98,445922,0,0,0,0,1,0,0,528,121,3826,0,0,0,0,0,0,0,0,400,-327,0,0,40
2419.23,0,0,0,0,99,1272,1.53137,0.00388574,1.53766,40,0,29,23,28,0,-2,0,0,1,57,3779,3863,118,133,35,711,35089,34765,108,2,82,98,445922,0,0,0,0,1,167,462,0,127,3811,0,0,0,0,0,0,0,0,400,-381,0,0,40
2419.24,0,0,0,0,99,1272,1.53158,0.00389023,1.53776,40,0,29,23,28,0,-2,0,0,1,57,3779,3863,115,133,35,711,35089,34765,108,2,82,98,434585,0,0,0,0,1,167,462,0,127,3811,0,0,0,0,0,0,0,0,400,-381,0,0,40
2419.25,0,0,0,0,99,1277,1.5318,0.00389473,1.53786,40,0,29,23,28,0,-2,0,0,1,57,3779,3863,115,133,35,711,35089,34765,108,2,82,98,434585,0,0,0,0,1,0,0,626,128,3817,0,0,0,0,0,0,0,0,400,-381,0,0,40
2419.26,0,0,0,0,99,1272,1.53202,0.00389923,1.53797,40,0,29,23,28,0,-2,0,0,1,57,3779,3863,118,133,35,711,35089,34765,108,2,82,98,445922,0,0,0,0,1,517,49,0,134,3815,0,0,0,0,0,0,0,0,400,-365,0,0,40
2419.27,0,0,0,0,99,1278,1.53223,0.00390372,1.53807,40,0,29,23,28,0,-2,0,0,1,57,3779,3863,118,133,35,711,35089,34765,108,2,82,98,445922,0,0,0,0,1,0,129,493,129,3824,0,0,0,0,0,0,0,0,400,-359,0,0,40
2419.28,0,0,0,0,99,1284,1.53245,0.00390822,1.53818,40,0,29,23,28,0,-2,0,0,1,57,3779,3863,121,133,35,711,35089,34765,108,2,82,98,457259,0,0,0,0,1,610,0,0,122,3811,0,0,0,0,0,0,0,0,400,-356,0,0,40
2419.29,0,0,0,0,99,1287,1.53267,0.00391272,1.53828,40,0,29,23,28,0,-2,0,0,1,57,3779,3863,128,133,35,711,35089,34765,108,2,82,98,483712,0,0,0,0,1,0,547,0,125,3822,0,0,0,0,0,0,0,0,400,-354,0,0,40
2419.3,0,0,0,0,99,1287,1.53289,0.00391721,1.53838,40,0,29,23,28,0,-2,0,0,1,57,3779,3863,124,133,35,711,35072,34740,108,2,82,73,468596,0,0,0,0,1,0,547,0,125,3822,0,0,0,0,0,0,0,0,400,-355,0,0,40
2419.31,0,0,0,0,99,1288,1.53285,0.00391082,1.53764,40,0,29,23,28,0,-2,0,0,1,57,3779,3863,124,133,35,711,35072,34740,108,2,82,73,468596,0,0,0,0,1,357,0,202,123,3824,0,0,0,0,0,0,0,0,400,-355,0,0,40
2419.32,0,0,0,0,99,1292,1.53282,0.00390442,1.53689,40,0,29,23,28,0,-2,0,0,1,57,3777,3863,126,133,35,711,35072,34740,108,2,82,73,475902,0,0,0,0,1,54,524,0,126,3826,0,0,0,0,0,0,0,0,400,-372,0,0,40
2419.33,0,0,0,0,99,1296,1.53278,0.00389802,1.53614,40,0,29,23,28,0,-2,0,0,1,57,3777,3863,127,133,35,711,35072,34740,108,2,82,73,479679,0,0,0,0,1,0,0,609,128,3829,0,0,0,0,0,0,0,0,400,-374,0,0,40
2419.34,0,0,0,0,99,1296,1.53275,0.00389163,1.53539,40,0,29,23,28,0,-2,0,0,1,57,3776,3863,127,133,35,711,35072,34740,108,2,82,73,479552,0,0,0,0,1,583,0,0,130,3815,0,0,0,0,0,0,0,0,400,-368,0,0,40
2419.35,0,0,0,0,99,1297,1.53272,0.00388523,1.53464,40,0,29,23,28,0,-2,0,0,1,57,3776,3863,127,133,35,711,35072,34740,108,2,82,73,479552,0,0,0,0,1,0,450,152,133,3826,0,0,0,0,0,0,0,0,400,-362,0,0,40
2419.36,0,0,0,0,99,1297,1.53268,0.00387883,1.53389,40,0,29,23,28,0,-2,0,0,1,57,3779,3863,112,133,35,711,35072,34740,108,2,82,73,423248,0,0,0,0,1,0,450,152,133,3826,0,0,0,0,0,0,0,0,400,-381,0,0,40
2419.37,0,0,0,0,99,1301,1.53265,0.00387244,1.53314,40,0,29,23,28,0,-2,0,0,1,57,3779,3863,120,133,35,711,35072,34740,108,2,82,73,453480,0,0,0,0,1,451,0,185,133,3807,0,0,0,0,0,0,0,0,400,-381,0,0,40
2419.38,0,0,0,0,99,1305,1.53261,0.00386604,1.5324,40,0,29,23,28,0,-2,0,0,1,57,3779,3863,124,133,35,711,35072,34740,108,2,82,73,468596,0,0,0,0,1,9,522,0,129,3822,0,0,0,0,0,0,0,0,400,-355,0,0,40
2419.39,0,0,0,0,99,1305,1.53258,0.00385964,1.53165,40,0,29,23,28,0,-2,0,0,1,57,3779,3863,124,133,35,711,35072,34740,108,2,82,73,468596,0,0,0,0,1,0,0,638,128,3826,0,0,0,0,0,0,0,0,400,-351,0,0,40
2419.4,0,0,0,0,99,1309,1.53254,0.00385325,1.5309,40,0,29,23,28,0,-2,0,0,1,57,3778,3863,127,133,35,711,35085,34749,108,2,65,98,479806,0,0,0,0,1,654,0,0,133,3805,0,0,0,0,0,0,0,0,400,-391,0,0,40
2419.41,0,0,0,0,99,1315,1.5321,0.00386681,1.53151,40,0,29,23,28,0,-2,0,0,1,57,3778,3863,119,133,35,711,35085,34749,108,2,65,98,449582,0,0,0,0,1,0,553,0,128,3826,0,0,0,0,0,0,0,0,400,-351,0,0,40
2419.42,0,0,0,0,99,1315,1.53166,0.00388037,1.53213,40,0,29,23,28,0,-2,0,0,1,57,3778,3863,124,133,35,711,35085,34749,108,2,65,98,468472,0,0,0,0,1,0,553,0,128,3831,0,0,0,0,0,0,0,0,400,-314,0,0,40
2419.43,0,0,0,0,99,1315,1.53122,0.00389394,1.53274,40,0,29,23,28,0,-2,0,0,1,57,3778,3863,124,133,35,711,35085,34749,108,2,65,98,468472,0,0,0,0,1,32,0,454,123,3831,0,0,0,0,0,0,0,0,400,-314,0,0,40
2419.44,0,0,0,0,99,1321,1.53077,0.0039075,1.53335,40,0,29,23,28,0,-2,0,0,1,57,3776,3865,125,133,35,711,35085,34749,108,2,65,98,472000,0,0,0,0,1,419,157,0,127,3811,0,0,0,0,0,0,0,0,400,-349,0,0,40
2419.45,0,0,0,0,99,1321,1.53033,0.00392107,1.53397,40,0,29,23,28,0,-2,0,0,1,57,3776,3865,123,133,35,711,35085,34749,108,2,65,98,464448,0,0,0,0,1,0,339,296,137,3826,0,0,0,0,0,0,0,0,400,-377,0,0,40
2419.46,0,0,0,0,99,1324,1.52989,0.00393463,1.53458,40,0,29,23,28,0,-2,0,0,1,57,3777,3865,121,133,35,711,35085,34749,108,2,65,98,457017,0,0,0,0,1,369,0,234,128,3820,0,0,0,0,0,0,0,0,400,-337,0,0,40
2419.47,0,0,0,0,99,1327,1.52945,0.0039482,1.53519,40,0,29,23,28,0,-2,0,0,1,57,3777,3865,121,133,35,711,35085,34749,108,2,65,98,457017,0,0,0,0,1,235,405,0,131,3817,0,0,0,0,0,0,0,0,400,-379,0,0,40
2419.48,0,0,0,0,99,1327,1.529,0.00396176,1.53581,40,0,29,23,28,0,-2,0,0,1,57,3778,3865,130,133,35,711,35085,34749,108,2,65,98,491140,0,0,0,0,1,235,405,0,131,3817,0,0,0,0,0,0,0,0,400,-418,0,0,40
2419.49,0,0,0,0,99,1328,1.52856,0.00397532,1.53642,40,0,29,23,28,0,-2,0,0,1,57,3778,3865,128,133,35,711,35085,34749,108,2,65,98,483584,0,0,0,0,1,0,213,443,142,3824,0,0,0,0,0,0,0,0,400,-418,0,0,40
2419.5,0,0,0,0,99,1328,1.52812,0.00398889,1.53704,40,0,29,23,28,0,-2,0,0,1,57,3778,3865,119,133,35,711,35072,34722,107,2,65,98,449582,0,0,0,0,1,458,0,188,137,3813,0,0,0,0,0,0,0,0,400,-388,0,0,40
2419.51,0,0,0,0,99,1333,1.52854,0.00401032,1.53712,40,0,29,23,28,0,-2,0,0,1,57,3778,3865,119,133,35,711,35072,34722,107,2,65,98,449582,0,0,0,0,1,197,450,0,135,3815,0,0,0,0,0,0,0,0,400,-383,0,0,40
2419.52,0,0,0,0,99,1337,1.52896,0.00403175,1.5372,40,0,29,23,28,0,-2,0,0,1,57,3776,3866,134,133,35,711,35072,34722,107,2,65,98,505984,0,0,0,0,1,0,184,427,134,3824,0,0,0,0,0,0,0,0,400,-378,0,0,40
2419.53,0,0,0,0,99,1336,1.52938,0.00405319,1.53729,40,0,29,23,28,0,-2,0,0,1,57,3776,3866,130,133,35,711,35072,34722,107,2,65,98,490880,0,0,0,0,1,431,0,173,134,3820,0,0,0,0,0,0,0,0,400,-363,0,0,40
2419.54,0,0,0,0,99,1336,1.5298,0.00407462,1.53737,40,0,29,23,28,0,-2,0,0,1,57,3776,3866,132,133,35,711,35072,34722,107,2,65,98,498432,0,0,0,0,1,431,0,173,134,3820,0,0,0,0,0,0,0,0,400,-373,0,0,40
2419.55,0,0,0,0,99,1343,1.53023,0.00409605,1.53745,40,0,29,23,28,0,-2,0,0,1,57,3776,3866,132,133,35,711,35072,34722,107,2,65,98,498432,0,0,0,0,1,337,301,0,131,3807,0,0,0,0,0,0,0,0,400,-373,0,0,40
2419.56,0,0,0,0,99,1346,1.53065,0.00411749,1.53754,40,0,29,23,28,0,-2,0,0,1,57,3776,3866,124,133,35,711,35072,34722,107,2,65,98,468224,0,0,0,0,1,0,428,164,133,3820,0,0,0,0,0,0,0,0,400,-351,0,0,40
2419.57,0,0,0,0,99,1344,1.53107,0.00413892,1.53762,40,0,29,23,28,0,-2,0,0,1,57,3776,3866,139,133,35,711,35072,34722,107,2,65,98,524864,0,0,0,0,1,19,0,515,134,3822,0,0,0,0,0,0,0,0,400,-340,0,0,40
2419.58,0,0,0,0,99,1347,1.53149,0.00416035,1.53771,40,0,29,23,28,0,-2,0,0,1,57,3776,3866,140,133,35,711,35072,34722,107,2,65,98,528640,0,0,0,0,1,622,0,0,142,3805,0,0,0,0,0,0,0,0,400,-403,0,0,40
2419.59,0,0,0,0,99,1351,1.53191,0.00418179,1.53779,40,0,29,23,28,0,-2,0,0,1,57,3776,3866,140,133,35,711,35072,34722,107,2,65,98,528640,0,0,0,0,1,0,610,0,139,3817,0,0,0,0,0,0,0,0,400,-371,0,0,40
2419.6,0,0,0,0,99,1351,1.53233,0.00420322,1.53787,40,0,29,23,28,0,-2,0,0,1,57,3776,3867,126,133,35,711,35051,34712,108,2,68,98,475776,0,0,0,0,1,0,610,0,139,3817,0,0,0,0,0,0,0,0,400,-353,0,0,40
2419.61,0,0,0,0,99,1352,1.53244,0.00418088,1.53766,40,0,29,23,28,0,-2,0,0,1,57,3777,3867,125,133,35,711,35051,34712,108,2,68,98,472125,0,0,0,0,1,0,0,615,131,3826,0,0,0,0,0,0,0,0,400,-353,0,0,40
2419.62,0,0,0,0,99,1354,1.53255,0.00415854,1.53744,40,0,29,23,28,0,-2,0,0,1,57,3777,3867,122,133,35,711,35051,34712,108,2,68,98,460794,0,0,0,0,1,624,0,0,141,3807,0,0,0,0,0,0,0,0,400,-371,0,0,40
2419.63,0,0,0,0,99,1356,1.53265,0.0041362,1.53723,40,0,29,23,28,0,-2,0,0,1,57,3777,3867,122,133,35,711,35051,34712,108,2,68,98,460794,0,0,0,0,1,27,522,0,141,3815,0,0,0,0,0,0,0,0,400,-362,0,0,40
2419.64,0,0,0,0,99,1360,1.53276,0.00411386,1.53702,40,0,29,23,28,0,-2,0,0,1,57,3777,3867,130,133,35,711,35051,34712,108,2,68,98,491010,0,0,0,0,1,0,190,439,130,3824,0,0,0,0,0,0,0,0,400,-355,0,0,40
2419.65,0,0,0,0,99,1365,1.53286,0.00409151,1.5368,40,0,29,23,28,0,-2,0,0,1,57,3777,3867,131,133,35,711,35051,34712,108,2,68,98,494787,0,0,0,0,1,200,0,369,133,3826,0,0,0,0,0,0,0,0,400,-354,0,0,40
2419.66,0,0,0,0,99,1365,1.53297,0.00406917,1.53659,40,0,29,23,28,0,-2,0,0,1,57,3774,3867,134,133,35,711,35051,34712,108,2,68,98,505716,0,0,0,0,1,200,0,369,133,3826,0,0,0,0,0,0,0,0,400,-382,0,0,40
2419.67,0,0,0,0,99,1364,1.53307,0.00404683,1.53637,40,0,29,23,28,0,-2,0,0,1,57,3774,3867,134,133,35,711,35051,34712,108,2,68,98,505716,0,0,0,0,1,597,0,0,138,3813,0,0,0,0,0,0,0,0,400,-382,0,0,40
2419.68,0,0,0,0,99,1369,1.53318,0.00402449,1.53616,40,0,29,23,28,0,-2,0,0,1,57,3774,3867,131,133,35,711,35051,34712,108,2,68,98,494394,0,0,0,0,1,0,629,0,135,3824,0,0,0,0,0,0,0,0,400,-369,0,0,40
2419.69,0,0,0,0,99,1374,1.53328,0.00400215,1.53594,40,0,29,23,28,0,-2,0,0,1,57,3773,3867,133,133,35,711,35051,34712,108,2,68,98,501809,0,0,0,0,1,0,6,493,133,3824,0,0,0,0,0,0,0,0,400,-361,0,0,40
2419.7,0,0,0,0,99,1372,1.53339,0.00397981,1.53573,40,0,29,23,28,0,-2,0,0,1,57,3773,3867,135,133,35,711,35022,34665,108,2,65,98,509355,0,0,0,0,1,388,0,234,136,3817,0,0,0,0,0,0,0,0,400,-355,0,0,40
2419.71,0,0,0,0,99,1374,1.53305,0.0040049,1.53574,40,0,29,23,28,0,-2,0,0,1,57,3773,3867,135,133,35,711,35022,34665,108,2,65,98,509355,0,0,0,0,1,580,0,0,145,3811,0,0,0,0,0,0,0,0,400,-388,0,0,40
2419.72,0,0,0,0,99,1374,1.53271,0.00402998,1.53576,40,0,29,23,28,0,-2,0,0,1,57,3775,3867,130,133,35,711,35022,34665,108,2,65,98,490750,0,0,0,0,1,580,0,0,145,3811,0,0,0,0,0,0,0,0,400,-385,0,0,40
2419.73,0,0,0,0,99,1376,1.53237,0.00405507,1.53577,40,0,29,23,28,0,-2,0,0,1,57,3773,3867,125,133,35,711,35022,34665,108,2,65,98,471625,0,0,0,0,1,0,655,0,145,3824,0,0,0,0,0,0,0,0,400,-385,0,0,40
2419.74,0,0,0,0,99,1376,1.53202,0.00408016,1.53579,40,0,29,23,28,0,-2,0,0,1,57,3773,3867,124,133,35,711,35022,34665,108,2,65,98,467852,0,0,0,0,1,0,24,533,139,3820,0,0,0,0,0,0,0,0,400,-350,0,0,40
2419.75,0,0,0,0,99,1379,1.53168,0.00410525,1.5358,40,0,29,23,28,0,-2,0,0,1,57,3773,3867,124,133,35,711,35022,34665,108,2,65,98,467852,0,0,0,0,1,375,0,302,144,3807,0,0,0,0,0,0,0,0,400,-385,0,0,40
2419.76,0,0,0,0,99,1379,1.53134,0.00413034,1.53582,40,0,29,23,28,0,-2,0,0,1,57,3773,3867,138,133,35,711,35022,34665,108,2,65,98,520674,0,0,0,0,1,597,0,0,144,3807,0,0,0,0,0,0,0,0,400,-385,0,0,40
2419.77,0,0,0,0,99,1387,1.531,0.00415542,1.53584,40,0,29,23,28,0,-2,0,0,1,57,3776,3867,137,133,35,711,35022,34665,108,2,65,98,517312,0,0,0,0,1,0,567,0,131,3826,0,0,0,0,0,0,0,0,400,-340,0,0,40
2419.78,0,0,0,0,99,1387,1.53066,0.00418051,1.53585,40,0,29,23,28,0,-2,0,0,1,57,3776,3867,134,133,35,711,35022,34665,108,2,65,98,505984,0,0,0,0,1,0,567,0,131,3826,0,0,0,0,0,0,0,0,400,-396,0,0,40
2419.79,0,0,0,0,99,1388,1.53032,0.0042056,1.53587,40,0,29,23,28,0,-2,0,0,1,57,3776,3867,134,133,35,711,35022,34665,108,2,65,98,505984,0,0,0,0,1,0,208,433,142,3817,0,0,0,0,0,0,0,0,400,-396,0,0,40
2419.8,0,0,0,0,99,1386,1.52998,0.00423069,1.53588,40,0,29,23,28,0,-2,0,0,1,56,3774,3867,140,133,35,711,35036,34682,107,2,87,98,528360,0,0,0,0,1,0,0,583,143,3815,0,0,0,0,0,0,0,0,400,-355,0,0,40
2419.81,0,0,0,0,99,1391,1.52991,0.00422828,1.53575,40,0,29,23,28,0,-2,0,0,1,56,3774,3867,138,133,35,711,35036,34682,107,2,87,98,520812,0,0,0,0,1,615,0,0,144,3805,0,0,0,0,0,0,0,0,400,-369,0,0,40
2419.82,0,0,0,0,99,1394,1.52985,0.00422587,1.53561,40,0,29,23,28,0,-2,0,0,1,56,3770,3867,141,133,35,711,35036,34682,107,2,87,98,531570,0,0,0,0,1,253,389,0,139,3809,0,0,0,0,0,0,0,0,400,-379,0,0,40
2419.83,0,0,0,0,99,1396,1.52978,0.00422346,1.53547,40,0,29,23,28,0,-2,0,0,1,56,3770,3867,141,133,35,711,35036,34682,107,2,87,98,531570,0,0,0,0,1,0,596,0,138,3829,0,0,0,0,0,0,0,0,400,-368,0,0,40
2419.84,0,0,0,0,99,1396,1.52972,0.00422105,1.53533,40,0,29,23,28,0,-2,0,0,1,56,3770,3868,137,133,35,711,35036,34682,107,2,87,98,516490,0,0,0,0,1,0,596,0,138,3829,0,0,0,0,0,0,0,0,400,-397,0,0,40
2419.85,0,0,0,0,99,1396,1.52965,0.00421864,1.53519,40,0,29,23,28,0,-2,0,0,1,56,3774,3868,139,133,35,711,35036,34682,107,2,87,98,524586,0,0,0,0,1,0,10,577,153,3811,0,0,0,0,0,0,0,0,400,-397,0,0,40
2419.86,0,0,0,0,99,1399,1.52959,0.00421623,1.53506,40,0,29,23,28,0,-2,0,0,1,56,3774,3868,137,133,35,711,35036,34682,107,2,87,98,517038,0,0,0,0,1,42,0,440,137,3829,0,0,0,0,0,0,0,0,400,-314,0,0,40
2419.87,0,0,0,0,99,1403,1.52952,0.00421382,1.53492,40,0,29,23,28,0,-2,0,0,1,56,3774,3868,137,133,35,711,35036,34682,107,2,87,98,517038,0,0,0,0,1,640,0,0,140,3807,0,0,0,0,0,0,0,0,400,-374,0,0,40
2419.88,0,0,0,0,99,1403,1.52946,0.00421142,1.53478,40,0,29,23,28,0,-2,0,0,1,56,3772,3868,137,133,35,711,35036,34682,107,2,87,98,516764,0,0,0,0,1,253,395,0,146,3803,0,0,0,0,0,0,0,0,400,-382,0,0,40
2419.89,0,0,0,0,99,1408,1.52939,0.00420901,1.53464,40,0,29,23,28,0,-2,0,0,1,56,3772,3868,144,133,35,711,35036,34682,107,2,87,98,543168,0,0,0,0,1,0,610,0,138,3817,0,0,0,0,0,0,0,0,400,-366,0,0,40
2419.9,0,0,0,0,99,1408,1.52933,0.0042066,1.53451,40,0,29,23,28,0,-2,0,0,1,57,3772,3868,143,133,35,711,35025,34641,108,2,65,98,539396,0,0,0,0,1,0,610,0,138,3817,0,0,0,0,0,0,0,0,400,-390,0,0,40
2419.91,0,0,0,0,99,1411,1.5297,0.00420665,1.53436,40,0,29,23,28,0,-2,0,0,1,57,3772,3868,143,133,35,711,35025,34641,108,2,65,98,539396,0,0,0,0,1,0,149,452,142,3817,0,0,0,0,0,0,0,0,400,-390,0,0,40
2419.92,0,0,0,0,99,1410,1.53008,0.00420671,1.53422,40,0,29,23,28,0,-2,0,0,1,57,3772,3867,140,133,35,711,35025,34641,108,2,65,98,528080,0,0,0,0,1,0,0,610,139,3817,0,0,0,0,0,0,0,0,400,-353,0,0,40
2419.93,0,0,0,0,99,1414,1.53045,0.00420676,1.53408,40,0,29,23,28,0,-2,0,0,1,57,3771,3867,144,133,35,711,35025,34641,108,2,65,98,543024,0,0,0,0,1,517,0,111,147,3803,0,0,0,0,0,0,0,0,400,-400,0,0,40
2419.94,0,0,0,0,99,1416,1.53082,0.00420682,1.53394,40,0,29,23,28,0,-2,0,0,1,57,3771,3867,141,133,35,711,35025,34641,108,2,65,98,531711,0,0,0,0,1,616,0,0,147,3803,0,0,0,0,0,0,0,0,400,-384,0,0,40
2419.95,0,0,0,0,99,1419,1.5312,0.00420688,1.53379,40,0,29,23,28,0,-2,0,0,1,57,3771,3867,141,133,35,711,35025,34641,108,2,65,98,531711,0,0,0,0,1,144,506,0,145,3813,0,0,0,0,0,0,0,0,400,-400,0,0,40
2419.96,0,0,0,0,99,1419,1.53157,0.00420693,1.53365,40,0,29,23,28,0,-2,0,0,1,57,3769,3867,131,133,35,711,35025,34641,108,2,65,98,493739,0,0,0,0,1,144,506,0,145,3813,0,0,0,0,0,0,0,0,400,-405,0,0,40
2419.97,0,0,0,0,99,1416,1.53195,0.00420699,1.53351,40,0,29,23,28,0,-2,0,0,1,57,3769,3867,133,133,35,711,35025,34641,108,2,65,98,501277,0,0,0,0,1,0,645,0,158,3813,0,0,0,0,0,0,0,0,400,-405,0,0,40
2419.98,0,0,0,0,99,1419,1.53232,0.00420704,1.53337,40,0,29,23,28,0,-2,0,0,1,57,3773,3867,142,133,35,711,35025,34641,108,2,65,98,535766,0,0,0,0,1,0,141,495,147,3824,0,0,0,0,0,0,0,0,400,-376,0,0,40
2419.99,0,0,0,0,99,1427,1.5327,0.0042071,1.53322,40,0,29,23,28,0,-2,0,0,1,57,3773,3867,142,133,35,711,35025,34641,108,2,65,98,535766,0,0,0,0,1,0,0,589,138,3826,0,0,0,0,0,0,0,0,400,-358,0,0,40
2420,0,0,0,0,99,1427,1.53307,0.00420716,1.53308,40,0,29,23,28,0,-2,0,0,1,57,3771,3868,134,133,35,711,35039,34693,108,2,68,98,505314,0,0,0,0,1,366,0,234,136,3817,0,0,0,0,0,0,0,0,400,-349,0,0,40
2420.01,0,0,0,0,99,1429,1.53327,0.00419591,1.53338,40,0,29,23,28,0,-2,0,0,1,57,3771,3868,141,133,35,711,35039,34693,108,2,68,98,531711,0,0,0,0,1,669,0,0,148,3813,0,0,0,0,0,0,0,0,400,-380,0,0,40
2420.02,0,0,0,0,99,1429,1.53347,0.00418466,1.53368,40,0,29,23,28,0,-2,0,0,1,57,3771,3868,147,133,35,711,35039,34693,108,2,68,98,554337,0,0,0,0,1,669,0,0,148,3813,0,0,0,0,0,0,0,0,400,-373,0,0,40
2420.03,0,0,0,0,99,1431,1.53368,0.0041734,1.53398,40,0,29,23,28,0,-2,0,0,1,57,3771,3868,147,133,35,711,35039,34693,108,2,68,98,554337,0,0,0,0,1,474,129,0,149,3800,0,0,0,0,0,0,0,0,400,-373,0,0,40
2420.04,0,0,0,0,99,1436,1.53388,0.00416215,1.53428,40,0,29,23,28,0,-2,0,0,1,57,3771,3868,142,133,35,711,35039,34693,108,2,68,98,535482,0,0,0,0,1,65,532,0,143,3815,0,0,0,0,0,0,0,0,400,-378,0,0,40
2420.05,0,0,0,0,99,1435,1.53408,0.0041509,1.53458,40,0,29,23,28,0,-2,0,0,1,57,3768,3868,142,133,35,711,35039,34693,108,2,68,98,535056,0,0,0,0,1,0,676,0,156,3813,0,0,0,0,0,0,0,0,400,-404,0,0,40
2420.06,0,0,0,0,99,1436,1.53428,0.00413965,1.53488,40,0,29,23,28,0,-2,0,0,1,57,3768,3868,146,133,35,711,35039,34693,108,2,68,98,550128,0,0,0,0,1,0,325,328,150,3809,0,0,0,0,0,0,0,0,400,-378,0,0,40
2420.07,0,0,0,0,99,1441,1.53448,0.0041284,1.53518,40,0,29,23,28,0,-2,0,0,1,57,3768,3868,146,133,35,711,35039,34693,108,2,68,98,550128,0,0,0,0,1,0,0,550,148,3817,0,0,0,0,0,0,0,0,400,-379,0,0,40
2420.08,0,0,0,0,99,1441,1.53468,0.00411715,1.53548,40,0,29,23,28,0,-2,0,0,1,57,3768,3868,139,134,35,711,35039,34693,108,2,68,98,523752,0,0,0,0,1,0,0,550,148,3817,0,0,0,0,0,0,0,0,400,-375,0,0,40
2420.09,0,0,0,0,99,1440,1.53489,0.0041059,1.53578,40,0,29,23,28,0,-2,0,0,1,57,3768,3868,135,134,35,711,35039,34693,108,2,68,98,508680,0,0,0,0,1,0,0,616,145,3822,0,0,0,0,0,0,0,0,400,-375,0,0,40
2420.1,0,0,0,0,99,1443,1.53509,0.00409465,1.53608,40,0,29,23,28,0,-2,0,0,1,57,3768,3868,144,134,35,711,34986,34584,108,2,65,98,542592,0,0,0,0,1,390,0,259,151,3809,0,0,0,0,0,0,0,0,400,-406,0,0,40
2420.11,0,0,0,0,99,1447,1.53464,0.00410513,1.53626,40,0,29,23,28,0,-2,0,0,1,57,3768,3868,144,134,35,711,34986,34584,108,2,65,98,542592,0,0,0,0,1,513,0,3,143,3813,0,0,0,0,0,0,0,0,400,-348,0,0,40
2420.12,0,0,0,0,99,1453,1.53418,0.00411561,1.53644,40,0,29,23,28,0,-2,0,0,1,57,3768,3868,148,134,35,711,34986,34584,108,2,65,98,557664,0,0,0,0,1,610,0,0,141,3805,0,0,0,0,0,0,0,0,400,-368,0,0,40
2420.13,0,0,0,0,99,1452,1.53373,0.00412608,1.53662,40,0,29,23,28,0,-2,0,0,1,57,3768,3868,145,134,35,711,34986,34584,108,2,65,98,546360,0,0,0,0,1,437,163,0,150,3805,0,0,0,0,0,0,0,0,400,-363,0,0,40
2420.14,0,0,0,0,99,1452,1.53328,0.00413656,1.5368,40,0,29,23,28,0,-2,0,0,1,57,3768,3868,141,134,35,711,34986,34584,108,2,65,98,531288,0,0,0,0,1,437,163,0,150,3805,0,0,0,0,0,0,0,0,400,-385,0,0,40
2420.15,0,0,0,0,99,1457,1.53283,0.00414704,1.53698,40,0,29,23,28,0,-2,0,0,1,57,3768,3868,141,134,35,711,34986,34584,108,2,65,98,531288,0,0,0,0,1,147,481,0,147,3809,0,0,0,0,0,0,0,0,400,-385,0,0,40
2420.16,0,0,0,0,99,1460,1.53237,0.00415752,1.53716,40,0,29,23,28,0,-2,0,0,1,57,3768,3868,145,134,35,711,34986,34584,108,2,65,98,546360,0,0,0,0,1,0,586,0,147,3820,0,0,0,0,0,0,0,0,400,-352,0,0,40
2420.17,0,0,0,0,99,1460,1.53192,0.004168,1.53734,40,0,29,23,28,0,-2,0,0,1,57,3768,3868,135,134,35,711,34986,34584,108,2,65,98,508680,0,0,0,0,1,0,633,0,147,3822,0,0,0,0,0,0,0,0,400,-379,0,0,40
2420.18,0,0,0,0,99,1459,1.53147,0.00417848,1.53752,40,0,29,23,28,0,-2,0,0,1,57,3768,3868,138,134,35,711,34986,34584,108,2,65,98,519984,0,0,0,0,1,0,489,136,162,3824,0,0,0,0,0,0,0,0,400,-390,0,0,40
2420.19,0,0,0,0,99,1465,1.53101,0.00418896,1.53769,40,0,29,23,28,0,-2,0,0,1,57,3768,3868,138,134,35,711,34986,34584,108,2,65,98,519984,0,0,0,0,1,0,194,440,145,3822,0,0,0,0,0,0,0,0,400,-371,0,0,40
2420.2,0,0,0,0,99,1465,1.53056,0.00419943,1.53787,40,0,29,23,28,0,-2,0,0,1,57,3772,3868,149,134,35,711,34986,34584,108,2,65,98,562028,0,0,0,0,1,0,194,440,145,3822,0,0,0,0,0,0,0,0,400,-362,0,0,40
2420.21,0,0,0,0,99,1470,1.53076,0.00421514,1.53755,40,0,29,23,28,0,-2,0,0,1,57,3772,3868,142,134,35,711,34986,34584,108,2,65,98,535624,0,0,0,0,1,0,18,527,145,3811,0,0,0,0,0,0,0,0,400,-362,0,0,40
2420.22,0,0,0,0,99,1468,1.53096,0.00423085,1.53722,40,0,29,23,28,0,-2,0,0,1,57,3772,3868,142,134,35,711,34986,34584,108,2,65,98,535624,0,0,0,0,1,0,0,632,146,3813,0,0,0,0,0,0,0,0,400,-351,0,0,40
2420.23,0,0,0,0,99,1474,1.53116,0.00424656,1.5369,40,0,29,23,28,0,-2,0,0,1,57,3772,3868,142,134,35,711,34986,34584,108,2,65,98,535624,0,0,0,0,1,0,0,651,150,3820,0,0,0,0,0,0,0,0,400,-392,0,0,40
2420.24,0,0,0,0,99,1474,1.53136,0.00426227,1.53657,40,0,29,23,28,0,-2,0,0,1,57,3769,3868,153,134,35,711,34986,34584,108,2,65,98,576657,0,0,0,0,1,0,0,528,146,3817,0,0,0,0,0,0,0,0,400,-336,0,0,40
2420.25,0,0,0,0,99,1478,1.53156,0.00427798,1.53624,40,0,29,23,28,0,-2,0,0,1,57,3769,3868,150,134,35,711,34986,34584,108,2,65,98,565350,0,0,0,0,1,179,0,421,153,3820,0,0,0,0,0,0,0,0,400,-380,0,0,40
2420.26,0,0,0,0,99,1478,1.53176,0.00429369,1.53592,40,0,29,23,28,0,-2,0,0,1,57,3767,3868,146,134,35,711,34986,34584,108,2,65,98,549982,0,0,0,0,1,179,0,421,153,3820,0,0,0,0,0,0,0,0,400,-383,0,0,40
2420.27,0,0,0,0,99,1476,1.53196,0.00430939,1.53559,40,0,29,23,28,0,-2,0,0,1,57,3767,3868,146,134,35,711,34986,34584,108,2,65,98,549982,0,0,0,0,1,404,0,261,154,3803,0,0,0,0,0,0,0,0,400,-383,0,0,40
2420.28,0,0,0,0,99,1483,1.53216,0.0043251,1.53527,40,0,29,23,28,0,-2,0,0,1,57,3770,3868,152,134,35,711,34986,34584,108,2,65,98,573040,0,0,0,0,1,470,0,147,152,3798,0,0,0,0,0,0,0,0,400,-388,0,0,40
2420.29,0,0,0,0,99,1483,1.53236,0.00434081,1.53494,40,0,29,23,28,0,-2,0,0,1,57,3770,3868,147,134,35,711,34986,34584,108,2,65,98,554190,0,0,0,0,1,492,0,54,149,3811,0,0,0,0,0,0,0,0,400,-353,0,0,40
2420.3,0,0,0,0,99,1486,1.53256,0.00435652,1.53461,40,0,29,23,28,0,-2,0,0,1,57,3770,3870,139,134,35,711,35004,34619,107,2,65,98,524030,0,0,0,0,1,587,0,0,154,3798,0,0,0,0,0,0,0,0,400,-379,0,0,40
2420.31,0,0,0,0,99,1489,1.53284,0.00434487,1.53474,40,0,29,23,28,0,-2,0,0,1,57,3770,3870,139,134,35,711,35004,34619,107,2,65,98,524030,0,0,0,0,1,593,0,0,153,3805,0,0,0,0,0,0,0,0,400,-357,0,0,40
2420.32,0,0,0,0,99,1489,1.53313,0.00433322,1.53486,40,0,29,23,28,0,-2,0,0,1,57,3768,3870,145,134,35,711,35004,34619,107,2,65,98,546360,0,0,0,0,1,593,0,0,153,3805,0,0,0,0,0,0,0,0,400,-343,0,0,40
2420.33,0,0,0,0,99,1497,1.53341,0.00432157,1.53498,40,0,29,23,28,0,-2,0,0,1,57,3768,3870,148,134,35,711,35004,34619,107,2,65,98,557664,0,0,0,0,1,566,0,0,145,3809,0,0,0,0,0,0,0,0,400,-343,0,0,40
2420.34,0,0,0,0,99,1495,1.5337,0.00430992,1.5351,40,0,29,23,28,0,-2,0,0,1,57,3770,3870,154,134,35,711,35004,34619,107,2,65,98,580580,0,0,0,0,1,615,0,0,150,3803,0,0,0,0,0,0,0,0,400,-359,0,0,40
2420.35,0,0,0,0,99,1501,1.53398,0.00429827,1.53522,40,0,29,23,28,0,-2,0,0,1,57,3770,3870,154,134,35,711,35004,34619,107,2,65,98,580580,0,0,0,0,1,609,0,0,150,3807,0,0,0,0,0,0,0,0,400,-362,0,0,40
2420.36,0,0,0,0,99,1502,1.53427,0.00428662,1.53534,40,0,29,23,28,0,-2,0,0,1,57,3769,3870,157,134,35,711,35004,34619,107,2,65,98,591733,0,0,0,0,1,546,0,0,150,3807,0,0,0,0,0,0,0,0,400,-350,0,0,40
2420.37,0,0,0,0,99,1504,1.53455,0.00427497,1.53547,40,0,29,23,28,0,-2,0,0,1,57,3769,3870,156,134,35,711,35004,34619,107,2,65,98,587964,0,0,0,0,1,595,0,0,156,3800,0,0,0,0,0,0,0,0,400,-368,0,0,40
2420.38,0,0,0,0,99,1504,1.53484,0.00426332,1.53559,40,0,29,23,28,0,-2,0,0,1,57,3769,3873,152,134,35,711,35004,34619,107,2,65,98,572888,0,0,0,0,1,595,0,0,156,3800,0,0,0,0,0,0,0,0,400,-373,0,0,40
2420.39,0,0,0,0,99,1502,1.53513,0.00425167,1.53571,40,0,29,23,28,0,-2,0,0,1,57,3769,3873,152,133,35,711,35004,34619,107,2,65,98,572888,0,0,0,0,1,591,0,0,161,3796,0,0,0,0,0,0,0,0,400,-373,0,0,40
2420.4,0,0,0,0,99,1508,1.53541,0.00424002,1.53583,40,0,29,23,28,0,-2,0,0,1,57,3765,3873,153,133,35,711,34960,34554,107,2,65,98,576045,0,0,0,0,1,566,0,0,158,3791,0,0,0,0,0,0,0,0,400,-379,0,0,40
2420.41,0,0,0,0,99,1508,1.53517,0.00423561,1.53554,40,0,29,23,28,0,-2,0,0,1,57,3765,3873,153,133,35,711,34960,34554,107,2,65,98,576045,0,0,0,0,1,489,0,52,154,3805,0,0,0,0,0,0,0,0,400,-358,0,0,40
2420.42,0,0,0,0,99,1514,1.53492,0.0042312,1.53525,40,0,29,23,28,0,-2,0,0,1,57,3768,3873,148,133,35,711,34960,34554,107,2,65,98,557664,0,0,0,0,1,474,0,144,154,3800,0,0,0,0,0,0,0,0,400,-389,0,0,40
2420.43,0,0,0,0,99,1517,1.53468,0.00422679,1.53496,40,0,29,23,28,0,-2,0,0,1,57,3768,3873,148,133,35,711,34960,34554,107,2,65,98,557664,0,0,0,0,1,384,0,197,148,3811,0,0,0,0,0,0,0,0,400,-353,0,0,40
2420.44,0,0,0,0,99,1517,1.53443,0.00422238,1.53468,40,0,29,23,28,0,-2,0,0,1,57,3767,3873,148,133,35,711,34960,34554,107,2,65,98,557516,0,0,0,0,1,384,0,197,148,3807,0,0,0,0,0,0,0,0,400,-367,0,0,40
2420.45,0,0,0,0,99,1522,1.53419,0.00421797,1.53439,40,0,29,23,28,0,-2,0,0,1,57,3767,3875,151,133,35,711,34960,34554,107,2,65,98,568817,0,0,0,0,1,164,0,404,152,3807,0,0,0,0,0,0,0,0,400,-367,0,0,40
2420.46,0,0,0,0,99,1519,1.53395,0.00421357,1.5341,40,0,29,23,28,0,-2,0,0,1,57,3767,3875,151,133,35,711,34960,34554,107,2,65,98,568817,0,0,0,0,1,0,0,552,157,3813,0,0,0,0,0,0,0,0,400,-353,0,0,40
2420.47,0,0,0,0,100,1525,1.5337,0.00420916,1.53381,40,0,29,23,28,0,-2,0,0,1,57,3767,3875,151,133,35,711,34960,34554,107,2,65,98,568817,0,0,0,0,1,0,0,659,160,3811,0,0,0,0,0,0,0,0,400,-400,0,0,40
2420.48,0,0,0,0,99,1529,1.53346,0.00420475,1.53352,40,0,29,23,28,0,-2,0,0,1,57,3765,3875,149,133,35,711,34960,34554,107,2,65,98,560985,0,0,0,0,1,0,0,589,147,3813,0,0,0,0,0,0,0,0,400,-342,0,0,40
2420.49,0,0,0,0,99,1530,1.53321,0.00420034,1.53323,40,0,29,23,28,0,-2,0,0,1,57,3767,3875,159,133,35,711,34960,34554,107,2,65,98,598953,0,0,0,0,1,0,22,556,161,3807,0,0,0,0,0,0,0,0,400,-402,0,0,40
2420.5,0,0,0,0,99,1530,1.53297,0.00419593,1.53294,40,0,29,23,28,0,-2,0,0,1,57,3767,3875,154,133,35,711,34976,34587,108,2,65,98,580118,0,0,0,0,1,0,22,556,161,3807,0,0,0,0,0,0,0,0,400,-377,0,0,40
2420.51,0,0,0,0,99,1531,1.53269,0.00417736,1.53306,40,0,29,23,28,0,-2,0,0,1,57,3767,3875,154,133,35,711,34976,34587,108,2,65,98,580118,0,0,0,0,1,0,225,439,158,3815,0,0,0,0,0,0,0,0,400,-377,0,0,40
2420.52,0,0,0,0,100,1539,1.53242,0.00415879,1.53318,40,0,29,23,28,0,-2,0,0,1,57,3763,3875,147,133,35,711,34976,34587,108,2,65,98,553161,0,0,0,0,1,0,471,89,156,3807,0,0,0,0,0,0,0,0,400,-362,0,0,40
2420.53,0,0,0,0,100,1539,1.53215,0.00414022,1.5333,40,0,29,23,28,0,-2,0,0,1,57,3763,3875,148,133,35,711,34976,34587,108,2,65,98,556924,0,0,0,0,1,0,643,0,154,3813,0,0,0,0,0,0,0,0,400,-387,0,0,40
2420.54,0,0,0,0,100,1541,1.53187,0.00412165,1.53342,40,0,29,23,28,0,-2,0,0,1,57,3763,3875,148,133,35,711,34976,34587,108,2,65,98,556924,0,0,0,0,1,0,592,0,162,3805,0,0,0,0,0,0,0,0,400,-374,0,0,40
2420.55,0,0,0,0,99,1547,1.5316,0.00410309,1.53354,40,0,29,23,28,0,-2,0,0,1,57,3763,3875,148,133,35,711,34976,34587,108,2,65,98,556924,0,0,0,0,1,210,407,0,151,3805,0,0,0,0,0,0,0,0,400,-394,0,0,40
2420.56,0,0,0,0,99,1547,1.53132,0.00408452,1.53366,40,0,29,23,28,0,-2,0,0,1,57,3768,3875,148,133,35,711,34976,34587,108,2,65,98,557664,0,0,0,0,1,210,407,0,151,3805,0,0,0,0,0,0,0,0,400,-377,0,0,40
2420.57,0,0,0,0,99,1549,1.53105,0.00406595,1.53377,40,0,29,23,28,0,-2,0,0,1,57,3768,3875,155,133,35,711,34976,34587,108,2,65,98,584040,0,0,0,0,1,534,6,0,157,3798,0,0,0,0,0,0,0,0,400,-377,0,0,40
2420.58,0,0,0,0,99,1549,1.53077,0.00404738,1.53389,40,0,29,23,28,0,-2,0,0,1,57,3768,3875,154,133,35,711,34976,34587,108,2,65,98,580272,0,0,0,0,1,669,0,0,164,3800,0,0,0,0,0,0,0,0,400,-394,0,0,40
2420.59,0,0,0,0,99,1550,1.5305,0.00402881,1.53401,40,0,29,23,28,0,-2,0,0,1,57,3768,3875,154,133,35,711,34976,34587,108,2,65,98,580272,0,0,0,0,1,468,0,164,162,3805,0,0,0,0,0,0,0,0,400,-374,0,0,40
2420.6,0,0,0,0,99,1555,1.53023,0.00401024,1.53413,40,0,29,23,27,0,-2,0,0,1,57,3767,3875,148,133,35,711,34977,34551,108,2,65,73,557516,0,0,0,0,1,0,0,531,159,3822,0,0,0,0,0,0,0,0,400,-368,0,0,40
2420.61,0,0,0,0,99,1553,1.53056,0.00400933,1.53424,40,0,29,23,27,0,-2,0,0,1,57,3767,3875,153,133,35,711,34977,34551,108,2,65,73,576351,0,0,0,0,1,0,0,638,161,3811,0,0,0,0,0,0,0,0,400,-372,0,0,40
2420.62,0,0,0,0,99,1553,1.5309,0.00400841,1.53436,40,0,29,23,27,0,-2,0,0,1,57,3768,3875,154,133,35,711,34977,34551,108,2,65,73,580272,0,0,0,0,1,0,0,638,161,3811,0,0,0,0,0,0,0,0,400,-394,0,0,40
2420.63,0,0,0,0,99,1561,1.53124,0.00400749,1.53447,40,0,29,23,27,0,-2,0,0,1,57,3768,3875,154,133,35,711,34977,34551,108,2,65,73,580272,0,0,0,0,1,0,175,462,163,3813,0,0,0,0,0,0,0,0,400,-394,0,0,40
2420.64,0,0,0,0,99,1568,1.53157,0.00400657,1.53458,40,0,29,23,27,0,-2,0,0,1,57,3766,3875,145,133,35,711,34977,34551,108,2,65,73,546070,0,0,0,0,1,0,559,0,147,3820,0,0,0,0,0,0,0,0,400,-349,0,0,40
2420.65,0,0,0,0,99,1566,1.53191,0.00400566,1.53469,40,0,29,23,27,0,-2,0,0,1,57,3766,3875,151,133,35,711,34977,34551,108,2,65,73,568666,0,0,0,0,1,0,559,0,164,3798,0,0,0,0,0,0,0,0,400,-367,0,0,40
2420.66,0,0,0,0,99,1569,1.53225,0.00400474,1.53481,40,0,29,23,27,0,-2,0,0,1,57,3766,3875,153,133,35,711,34977,34551,108,2,65,73,576198,0,0,0,0,1,448,196,0,164,3796,0,0,0,0,0,0,0,0,400,-387,0,0,40
2420.67,0,0,0,0,100,1571,1.53258,0.00400382,1.53492,40,0,29,23,27,0,-2,0,0,1,57,3766,3875,153,133,35,711,34977,34551,108,2,65,73,576198,0,0,0,0,1,645,0,0,162,3800,0,0,0,0,0,0,0,0,400,-377,0,0,40
2420.68,0,0,0,0,99,1571,1.53292,0.0040029,1.53503,40,0,29,23,27,0,-2,0,0,1,57,3767,3874,154,133,35,711,34977,34551,108,2,65,73,580118,0,0,0,0,1,645,0,0,162,3800,0,0,0,0,0,0,0,0,400,-397,0,0,40
2420.69,0,0,0,0,99,1573,1.53326,0.00400198,1.53515,40,0,29,23,27,0,-2,0,0,1,57,3767,3874,161,133,35,711,34977,34551,108,2,65,73,606487,0,0,0,0,1,370,0,282,164,3803,0,0,0,0,0,0,0,0,400,-397,0,0,40
2420.7,0,0,0,0,99,1571,1.5336,0.00400107,1.53526,40,0,29,23,28,0,-2,0,0,1,57,3768,3874,162,133,35,711,34975,34551,108,2,65,73,610416,0,0,0,0,1,0,0,689,167,3809,0,0,0,0,0,0,0,0,400,-391,0,0,40
2420.71,0,0,0,0,99,1579,1.53337,0.00399139,1.5357,40,0,29,23,28,0,-2,0,0,0.9,57,3768,3874,162,133,35,711,34975,34551,108,2,65,73,610416,0,0,0,0,1,0,172,437,161,3811,0,0,0,0,0,0,0,0,400,-385,0,0,40
2420.72,0,0,0,0,100,1582,1.53314,0.00398171,1.53614,40,0,29,23,28,0,-2,0,0,0.8,57,3763,3874,152,133,35,711,34975,34551,108,2,65,73,571976,0,0,0,0,1,0,632,0,159,3811,0,0,0,0,0,0,0,0,400,-380,0,0,40
2420.73,0,0,0,0,99,1582,1.53291,0.00397202,1.53658,40,0,29,23,28,0,-2,0,0,0.7,57,3763,3874,153,133,35,711,34975,34551,108,2,65,73,575739,0,0,0,0,1,153,459,0,164,3805,0,0,0,0,0,0,0,0,400,-374,0,0,40
2420.74,0,0,0,0,99,1582,1.53269,0.00396234,1.53702,40,0,29,23,28,0,-2,0,0,0.6,57,3763,3874,151,133,35,711,34975,34551,108,2,65,73,568213,0,0,0,0,1,153,459,0,164,3805,0,0,0,0,0,0,0,0,400,-398,0,0,40
2420.75,0,0,0,0,99,1589,1.53246,0.00395266,1.53746,40,0,29,23,28,0,-2,0,0,0.5,57,3763,3874,151,133,35,711,34975,34551,108,2,65,73,568213,0,0,0,0,1,663,0,0,159,3803,0,0,0,0,0,0,0,0,400,-398,0,0,40
2420.76,0,0,0,0,99,1592,1.53223,0.00394298,1.5379,40,0,29,23,28,0,-2,0,0,0.4,57,3765,3872,152,133,35,711,34975,34551,108,2,65,73,572280,0,0,0,0,1,384,0,222,156,3805,0,0,0,0,0,0,0,0,400,-356,0,0,40
2420.77,0,0,0,0,99,1592,1.53201,0.0039333,1.53835,40,0,29,23,28,0,-2,0,0,0.3,57,3765,3872,157,133,35,711,34975,34551,108,2,65,73,591105,0,0,0,0,1,0,0,695,171,3803,0,0,0,0,0,0,0,0,400,-407,0,0,40
2420.78,0,0,0,0,99,1596,1.53178,0.00392362,1.53879,40,0,29,23,28,0,-2,0,0,0.2,57,3767,3872,160,133,35,711,34975,34551,108,2,65,73,602720,0,0,0,0,1,0,381,247,159,3820,0,0,0,0,0,0,0,0,400,-347,0,0,40
2420.79,0,0,0,0,99,1599,1.53155,0.00391394,1.53923,40,0,29,23,28,0,-2,0,0,0.1,57,3767,3872,160,133,35,711,34975,34551,108,2,65,73,602720,0,0,0,0,1,0,574,0,166,3805,0,0,0,0,0,0,0,0,400,-374,0,0,40
2420.8,0,0,0,0,99,1599,1.53132,0.00390426,1.53967,40,0,29,23,28,0,-2,0,0,0,57,3765,3872,156,133,35,711,34978,34566,108,2,65,73,587340,0,0,0,0,1,0,574,0,166,3805,0,0,0,0,0,0,0,0,400,-398,0,0,40
2420.81,0,0,0,0,99,1596,1.53136,0.00392926,1.53902,40,0,29,23,28,0,-2,0,0,0.1,57,3765,3872,160,132,35,711,34978,34566,108,2,65,73,602400,0,0,0,0,1,624,0,0,173,3794,0,0,0,0,0,0,0,0,400,-398,0,0,40
2420.82,0,0,0,0,100,1600,1.5314,0.00395427,1.53837,40,0,29,23,28,0,-2,0,0,0.2,57,3764,3872,157,132,35,711,34978,34566,108,2,65,73,590948,0,0,0,0,1,472,0,167,166,3809,0,0,0,0,0,0,0,0,400,-379,0,0,40
2420.83,0,0,0,0,100,1608,1.53144,0.00397927,1.53773,40,0,29,23,28,0,-2,0,0,0.3,57,3764,3872,157,132,35,711,34978,34566,108,2,65,73,590948,0,0,0,0,1,0,0,659,163,3803,0,0,0,0,0,0,0,0,400,-385,0,0,40
2420.84,0,0,0,0,99,1607,1.53148,0.00400427,1.53708,40,0,29,23,28,0,-2,0,0,0.4,57,3764,3873,156,132,35,711,34978,34566,108,2,65,73,587184,0,0,0,0,1,0,504,89,163,3796,0,0,0,0,0,0,0,0,400,-366,0,0,40
2420.85,0,0,0,0,99,1609,1.53152,0.00402928,1.53643,40,0,29,23,28,0,-2,0,0,0.5,57,3764,3873,158,132,35,711,34978,34566,108,2,65,73,594712,0,0,0,0,1,130,500,0,169,3805,0,0,0,0,0,0,0,0,400,-389,0,0,40
2420.86,0,0,0,0,99,1609,1.53156,0.00405428,1.53578,40,0,29,23,28,0,-2,0,0,0.6,57,3765,3873,155,132,35,711,34978,34566,108,2,65,73,583575,0,0,0,0,1,130,500,0,169,3805,0,0,0,0,0,0,0,0,400,-372,0,0,40
2420.87,0,0,0,0,100,1613,1.5316,0.00407928,1.53514,40,0,29,23,28,0,-2,0,0,0.7,57,3765,3873,155,132,35,711,34978,34566,108,2,65,73,583575,0,0,0,0,1,632,0,0,166,3796,0,0,0,0,0,0,0,0,400,-372,0,0,40
2420.88,0,0,0,0,99,1612,1.53163,0.00410429,1.53449,40,0,29,23,28,0,-2,0,0,0.8,57,3763,3873,160,132,35,711,34978,34566,108,2,65,73,602080,0,0,0,0,1,76,0,484,166,3815,0,0,0,0,0,0,0,0,400,-349,0,0,40
2420.89,0,0,0,0,99,1616,1.53167,0.00412929,1.53384,40,0,29,23,28,0,-2,0,0,0.9,57,3763,3873,169,132,35,711,34978,34566,108,2,65,73,635947,0,0,0,0,1,0,155,499,175,3803,0,0,0,0,0,0,0,0,400,-420,0,0,40
2420.9,0,0,0,0,100,1621,1.53171,0.0041543,1.53319,40,0,29,23,28,0,-2,0,0,1,57,3763,3873,166,132,35,711,34943,34465,107,2,87,73,624658,0,0,0,0,1,0,621,0,161,3809,0,0,0,0,0,0,0,0,400,-368,0,0,40
2420.91,0,0,0,0,100,1619,1.53188,0.00414281,1.53367,40,0,29,23,28,0,-2,0,0,0.9,57,3763,3873,166,132,35,711,34943,34465,107,2,87,73,624658,0,0,0,0,1,644,0,0,170,3800,0,0,0,0,0,0,0,0,400,-399,0,0,40
2420.92,0,0,0,0,99,1619,1.53205,0.00413132,1.53415,40,0,29,23,28,0,-2,0,0,0.8,57,3763,3873,168,132,35,711,34943,34465,107,2,87,73,632184,0,0,0,0,1,644,0,0,170,3791,0,0,0,0,0,0,0,0,400,-383,0,0,40
2420.93,0,0,0,0,99,1623,1.53222,0.00411983,1.53463,40,0,29,23,28,0,-2,0,0,0.7,57,3763,3873,170,132,35,711,34943,34465,107,2,87,73,639710,0,0,0,0,1,294,0,366,169,3791,0,0,0,0,0,0,0,0,400,-383,0,0,40
2420.94,0,0,0,0,99,1630,1.53239,0.00410834,1.53511,40,0,29,23,28,0,-2,0,0,0.6,57,3761,3873,161,132,35,711,34943,34465,107,2,87,73,605521,0,0,0,0,1,0,117,474,158,3815,0,0,0,0,0,0,0,0,400,-348,0,0,40
2420.95,0,0,0,0,99,1632,1.53256,0.00409685,1.53559,40,0,29,23,28,0,-2,0,0,0.5,57,3761,3873,161,132,35,711,34943,34465,107,2,87,73,605521,0,0,0,0,1,0,594,0,170,3805,0,0,0,0,0,0,0,0,400,-361,0,0,40
2420.96,0,0,0,0,99,1631,1.53273,0.00408536,1.53607,40,0,29,23,28,0,-2,0,0,0.4,57,3764,3873,166,132,35,711,34943,34465,107,2,87,73,624824,0,0,0,0,1,667,0,0,172,3791,0,0,0,0,0,0,0,0,400,-397,0,0,40
2420.97,0,0,0,0,99,1633,1.5329,0.00407387,1.53654,40,0,29,23,28,0,-2,0,0,0.3,57,3764,3873,167,132,35,711,34943,34465,107,2,87,73,628588,0,0,0,0,1,13,0,540,170,3813,0,0,0,0,0,0,0,0,400,-353,0,0,40
2420.98,0,0,0,0,99,1633,1.53307,0.00406238,1.53702,40,0,29,23,28,0,-2,0,0,0.2,57,3764,3873,165,132,35,711,34943,34465,107,2,87,73,621060,0,0,0,0,1,13,0,540,170,3803,0,0,0,0,0,0,0,0,400,-420,0,0,40
2420.99,0,0,0,0,99,1636,1.53324,0.00405089,1.5375,40,0,29,23,28,0,-2,0,0,0.1,57,3764,3873,165,132,35,711,34943,34465,107,2,87,73,621060,0,0,0,0,1,0,352,323,177,3803,0,0,0,0,0,0,0,0,400,-420,0,0,40
2421,0,0,0,0,99,1633,1.53341,0.0040394,1.53798,40,0,29,23,28,0,-2,0,0,0,57,3762,3873,166,132,35,711,34931,34340,107,2,87,73,624492,0,0,0,0,1,147,504,0,178,3798,0,0,0,0,0,0,0,0,400,-400,0,0,40
2421.01,0,0,0,0,99,1638,1.53329,0.00405013,1.53756,40,0,29,23,28,0,-2,0,0,0.1,57,3762,3873,166,132,35,711,34931,34340,107,2,87,73,624492,0,0,0,0,1,599,0,0,173,3798,0,0,0,0,0,0,0,0,400,-377,0,0,40
2421.02,0,0,0,0,99,1644,1.53316,0.00406086,1.53714,40,0,29,23,28,0,-2,0,0,0.2,57,3762,3873,163,132,35,711,34931,34340,107,2,87,73,613206,0,0,0,0,1,0,0,650,165,3807,0,0,0,0,0,0,0,0,400,-377,0,0,40
2421.03,0,0,0,0,99,1645,1.53304,0.00407159,1.53672,40,0,29,23,28,0,-2,0,0,0.3,57,3762,3873,163,132,35,711,34931,34340,107,2,87,73,613206,0,0,0,0,1,0,641,0,166,3817,0,0,0,0,0,0,0,0,400,-375,0,0,40
2421.04,0,0,0,0,99,1645,1.53292,0.00408232,1.5363,40,0,29,23,28,0,-2,0,0,0.4,57,3762,3873,163,132,35,711,34931,34340,107,2,87,73,613206,0,0,0,0,1,0,641,0,166,3817,0,0,0,0,0,0,0,0,400,-394,0,0,40
2421.05,0,0,0,0,99,1648,1.5328,0.00409305,1.53588,40,0,29,23,28,0,-2,0,0,0.5,57,3762,3873,164,132,35,711,34931,34340,107,2,87,73,616968,0,0,0,0,1,610,0,0,170,3790,0,0,0,0,0,0,0,0,400,-394,0,0,40
2421.06,0,0,0,0,100,1649,1.53268,0.00410378,1.53546,40,0,29,23,28,0,-2,0,0,0.6,57,3762,3873,163,132,35,711,34931,34340,107,2,87,73,613206,0,0,0,0,1,7,0,533,171,3809,0,0,0,0,0,0,0,0,400,-381,0,0,40
2421.07,0,0,0,0,100,1649,1.53256,0.00411451,1.53504,40,0,29,23,28,0,-2,0,0,0.7,57,3762,3873,163,132,35,711,34931,34340,107,2,87,73,613206,0,0,0,0,1,0,403,251,173,3807,0,0,0,0,0,0,0,0,400,-367,0,0,40
2421.08,0,0,0,0,100,1654,1.53244,0.00412524,1.53462,40,0,29,23,28,0,-2,0,0,0.8,57,3759,3873,173,132,35,711,34931,34340,107,2,87,73,650307,0,0,0,0,1,304,348,0,172,3791,0,0,0,0,0,0,0,0,400,-375,0,0,40
2421.09,0,0,0,0,99,1656,1.53232,0.00413597,1.53421,40,0,29,23,28,0,-2,0,0,0.9,57,3759,3873,168,132,35,711,34931,34340,107,2,87,73,631512,0,0,0,0,1,339,0,314,174,3803,0,0,0,0,0,0,0,0,400,-391,0,0,40
2421.1,0,0,0,0,99,1656,1.5322,0.00414671,1.53379,40,0,29,23,28,0,-2,0,0,1,57,3759,3875,164,132,35,711,34913,34357,108,2,87,73,616476,0,0,0,0,1,339,0,314,174,3803,0,0,0,0,0,0,0,0,400,-395,0,0,40
2421.11,0,0,0,0,99,1654,1.53202,0.00416748,1.5335,40,0,29,23,28,0,-2,0,0,1,57,3759,3875,164,132,35,711,34913,34357,108,2,87,73,616476,0,0,0,0,1,0,264,437,175,3811,0,0,0,0,0,0,0,0,400,-395,0,0,40
2421.12,0,0,0,0,99,1660,1.53185,0.00418826,1.53321,40,0,29,23,28,0,-2,0,0,1,57,3760,3875,173,132,35,711,34913,34357,108,2,87,73,650480,0,0,0,0,1,275,369,0,172,3798,0,0,0,0,0,0,0,0,400,-378,0,0,40
2421.13,0,0,0,0,99,1664,1.53167,0.00420904,1.53293,40,0,29,23,28,0,-2,0,0,1,57,3760,3875,164,132,35,711,34913,34357,108,2,87,73,616640,0,0,0,0,1,454,0,169,171,3794,0,0,0,0,0,0,0,0,400,-383,0,0,40
2421.14,0,0,0,0,99,1663,1.53149,0.00422982,1.53264,40,0,29,23,28,0,-2,0,0,1,57,3760,3875,154,132,35,711,34913,34357,108,2,87,73,579040,0,0,0,0,1,0,190,462,172,3800,0,0,0,0,0,0,0,0,400,-391,0,0,40
2421.15,0,0,0,0,99,1669,1.53132,0.0042506,1.53235,40,0,29,23,28,0,-2,0,0,1,57,3760,3875,154,132,35,711,34913,34357,108,2,87,73,579040,0,0,0,0,1,179,457,0,172,3791,0,0,0,0,0,0,0,0,400,-384,0,0,40
2421.16,0,0,0,0,100,1669,1.53114,0.00427138,1.53207,40,0,29,23,28,0,-2,0,0,1,57,3761,3875,171,132,35,711,34913,34357,108,2,87,73,643131,0,0,0,0,1,179,457,0,172,3791,0,0,0,0,0,0,0,0,400,-385,0,0,40
2421.17,0,0,0,0,99,1671,1.53097,0.00429216,1.53178,40,0,29,23,28,0,-2,0,0,1,57,3761,3876,168,132,35,711,34913,34357,108,2,87,73,631848,0,0,0,0,1,437,0,224,174,3790,0,0,0,0,0,0,0,0,400,-385,0,0,40
2421.18,0,0,0,0,99,1668,1.53079,0.00431294,1.5315,40,0,29,23,28,0,-2,0,0,1,57,3761,3876,167,132,35,711,34913,34357,108,2,87,73,628087,0,0,0,0,1,0,233,429,178,3805,0,0,0,0,0,0,0,0,400,-407,0,0,40
2421.19,0,0,0,0,99,1672,1.53061,0.00433372,1.53121,40,0,29,23,28,0,-2,0,0,1,57,3761,3876,167,132,35,711,34913,34357,108,2,87,73,628087,0,0,0,0,1,263,405,0,177,3794,0,0,0,0,0,0,0,0,400,-393,0,0,40
2421.2,0,0,0,0,99,1675,1.53044,0.0043545,1.53092,40,0,29,23,28,0,-2,0,0,1,57,3757,3876,173,132,35,711,34894,34335,108,2,82,73,649961,0,0,0,0,1,339,0,317,178,3805,0,0,0,0,0,0,0,0,400,-395,0,0,40
2421.21,0,0,0,0,99,1678,1.53078,0.00434578,1.53131,40,0,29,23,28,0,-2,0,0,0.9,57,3758,3876,167,132,35,711,34894,34335,108,2,82,73,627586,0,0,0,0,1,0,389,240,169,3805,0,0,0,0,0,0,0,0,400,-361,0,0,40
2421.22,0,0,0,0,100,1678,1.53113,0.00433706,1.5317,40,0,29,23,28,0,-2,0,0,0.8,57,3758,3876,168,132,35,711,34894,34335,108,2,82,73,631344,0,0,0,0,1,0,389,240,169,3805,0,0,0,0,0,0,0,0,400,-362,0,0,40
2421.23,0,0,0,0,99,1684,1.53147,0.00432835,1.53209,40,0,29,23,28,0,-2,0,0,0.7,57,3758,3876,168,133,35,711,34894,34335,108,2,82,73,631344,0,0,0,0,1,527,22,0,170,3794,0,0,0,0,0,0,0,0,400,-362,0,0,40
2421.24,0,0,0,0,99,1687,1.53181,0.00431963,1.53248,40,0,29,23,28,0,-2,0,0,0.6,57,3760,3878,163,133,35,711,34894,34335,108,2,82,73,612880,0,0,0,0,1,0,0,632,175,3805,0,0,0,0,0,0,0,0,400,-396,0,0,40
2421.25,0,0,0,0,99,1683,1.53216,0.00431091,1.53287,40,0,29,23,28,0,-2,0,0,0.5,57,3760,3878,156,133,35,711,34894,34335,108,2,82,73,586560,0,0,0,0,1,0,682,0,180,3803,0,0,0,0,0,0,0,0,400,-403,0,0,40
2421.26,0,0,0,0,99,1685,1.5325,0.00430219,1.53326,40,0,29,23,28,0,-2,0,0,0.4,57,3760,3878,164,133,35,711,34894,34335,108,2,82,73,616640,0,0,0,0,1,685,0,0,180,3788,0,0,0,0,0,0,0,0,400,-399,0,0,40
2421.27,0,0,0,0,99,1689,1.53284,0.00429348,1.53365,40,0,29,23,28,0,-2,0,0,0.3,57,3760,3878,164,133,35,711,34894,34335,108,2,82,73,616640,0,0,0,0,1,0,0,622,181,3796,0,0,0,0,0,0,0,0,400,-396,0,0,40
2421.28,0,0,0,0,100,1689,1.53319,0.00428476,1.53404,40,0,29,23,28,0,-2,0,0,0.2,57,3759,3878,172,133,35,711,34894,34335,108,2,82,73,646548,0,0,0,0,1,0,0,622,181,3796,0,0,0,0,0,0,0,0,400,-386,0,0,40
2421.29,0,0,0,0,100,1688,1.53353,0.00427604,1.53443,40,0,29,23,28,0,-2,0,0,0.1,57,3759,3878,170,133,35,711,34894,34335,108,2,82,73,639030,0,0,0,0,1,112,509,0,179,3796,0,0,0,0,0,0,0,0,400,-386,0,0,40
2421.3,0,0,0,0,99,1692,1.53388,0.00426732,1.53482,40,0,29,23,28,0,-2,0,0,0,57,3759,3878,179,133,35,711,34901,34407,108,2,65,73,672861,0,0,0,0,1,431,0,241,177,3794,0,0,0,0,0,0,0,0,400,-384,0,0,40
2421.31,0,0,0,0,99,1698,1.53388,0.00427418,1.53525,40,0,29,23,28,0,-2,0,0,0,57,3759,3878,179,133,35,711,34901,34407,108,2,65,73,672861,0,0,0,0,1,0,471,136,180,3800,0,0,0,0,0,0,0,0,400,-387,0,0,40
2421.32,0,0,0,0,99,1699,1.53387,0.00428104,1.53568,40,0,29,23,28,0,-2,0,0,0,57,3758,3878,174,133,35,711,34901,34407,108,2,65,73,653892,0,0,0,0,1,632,0,0,176,3790,0,0,0,0,0,0,0,0,400,-388,0,0,40
2421.33,0,0,0,0,99,1703,1.53387,0.0042879,1.53611,40,0,29,23,28,0,-2,0,0,0,57,3758,3878,163,132,35,711,34901,34407,108,2,65,73,612554,0,0,0,0,1,0,0,624,169,3809,0,0,0,0,0,0,0,0,400,-343,0,0,40
2421.34,0,0,0,0,99,1703,1.53387,0.00429476,1.53653,40,0,29,23,28,0,-2,0,0,0,57,3758,3878,170,132,35,711,34901,34407,108,2,65,73,638860,0,0,0,0,1,0,0,624,169,3791,0,0,0,0,0,0,0,0,400,-376,0,0,40
2421.35,0,0,0,0,99,1708,1.53387,0.00430162,1.53696,40,0,29,23,28,0,-2,0,0,0,57,3758,3878,170,132,35,711,34901,34407,108,2,65,73,638860,0,0,0,0,1,109,495,0,178,3791,0,0,0,0,0,0,0,0,400,-376,0,0,40
2421.36,0,0,0,0,99,1707,1.53387,0.00430848,1.53739,40,0,29,23,28,0,-2,0,0,0,57,3760,3878,173,132,35,711,34901,34407,108,2,65,73,650480,0,0,0,0,1,328,0,349,182,3803,0,0,0,0,0,0,0,0,400,-396,0,0,40
2421.37,0,0,0,0,99,1710,1.53387,0.00431534,1.53782,40,0,29,23,28,0,-2,0,0,0,57,3760,3878,172,132,35,711,34901,34407,108,2,65,73,646720,0,0,0,0,1,0,659,0,177,3809,0,0,0,0,0,0,0,0,400,-397,0,0,40
2421.38,0,0,0,0,99,1707,1.53387,0.00432219,1.53825,40,0,29,23,28,0,-2,0,0,0,57,3760,3878,181,132,35,711,34901,34407,108,2,65,73,680560,0,0,0,0,1,700,0,0,187,3781,0,0,0,0,0,0,0,0,400,-408,0,0,40
2421.39,0,0,0,0,99,1710,1.53387,0.00432905,1.53868,40,0,29,23,28,0,-2,0,0,0,57,3760,3878,181,132,35,711,34901,34407,108,2,65,73,680560,0,0,0,0,1,0,102,539,186,3803,0,0,0,0,0,0,0,0,400,-424,0,0,40
2421.4,0,0,0,0,99,1710,1.53387,0.00433591,1.53911,40,0,29,23,28,0,-2,0,0,0,57,3757,3878,168,132,35,711,34899,34340,108,2,65,73,631176,0,0,0,0,1,0,102,539,186,3790,0,0,0,0,0,0,0,0,400,-359,0,0,40
2421.41,0,0,0,0,99,1719,1.53397,0.00431479,1.53864,40,0,29,23,28,0,-2,0,0,0,57,3760,3878,171,132,35,711,34899,34340,108,2,65,73,642960,0,0,0,0,1,416,184,0,172,3790,0,0,0,0,0,0,0,0,400,-359,0,0,40
2421.42,0,0,0,0,99,1719,1.53407,0.00429366,1.53817,40,0,29,23,28,0,-2,0,0,0,57,3760,3878,175,132,35,711,34899,34340,108,2,65,73,658000,0,0,0,0,1,0,0,656,175,3800,0,0,0,0,0,0,0,0,400,-380,0,0,40
2421.43,0,0,0,0,99,1718,1.53418,0.00427253,1.5377,40,0,29,23,28,0,-2,0,0,0,57,3760,3878,175,133,35,711,34899,34340,108,2,65,73,658000,0,0,0,0,1,38,530,0,186,3796,0,0,0,0,0,0,0,0,400,-371,0,0,40
2421.44,0,0,0,0,99,1723,1.53428,0.00425141,1.53723,40,0,29,23,28,0,-2,0,0,0,57,3756,3878,170,133,35,711,34899,34340,108,2,65,73,638520,0,0,0,0,1,218,0,405,182,3803,0,0,0,0,0,0,0,0,400,-387,0,0,40
2421.45,0,0,0,0,99,1725,1.53438,0.00423028,1.53676,40,0,29,23,28,0,-2,0,0,0,57,3756,3878,178,133,35,711,34899,34340,108,2,65,73,668568,0,0,0,0,1,0,680,0,180,3805,0,0,0,0,0,0,0,0,400,-403,0,0,40
2421.46,0,0,0,0,99,1725,1.53448,0.00420916,1.53629,40,0,29,23,28,0,-2,0,0,0,57,3757,3878,176,133,35,711,34899,34340,108,2,65,73,661232,0,0,0,0,1,0,680,0,180,3783,0,0,0,0,0,0,0,0,400,-385,0,0,40
2421.47,0,0,0,0,99,1725,1.53459,0.00418803,1.53582,40,0,29,23,28,0,-2,0,0,0,57,3757,3878,176,133,35,711,34899,34340,108,2,65,73,661232,0,0,0,0,1,522,0,65,184,3783,0,0,0,0,0,0,0,0,400,-385,0,0,40
2421.48,0,0,0,0,99,1732,1.53469,0.0041669,1.53535,40,0,29,23,28,0,-2,0,0,0,57,3757,3879,174,133,35,711,34899,34340,108,2,65,73,653718,0,0,0,0,1,0,500,35,180,3809,0,0,0,0,0,0,0,0,400,-364,0,0,40
2421.49,0,0,0,0,99,1733,1.53479,0.00414578,1.53488,40,0,29,23,28,0,-2,0,0,0,57,3759,3879,177,133,35,711,34899,34340,108,2,65,73,665343,0,0,0,0,1,644,0,0,182,3788,0,0,0,0,0,0,0,0,400,-379,0,0,40
2421.5,0,0,0,0,99,1737,1.53489,0.00412465,1.53441,40,0,29,23,27,0,-2,0,0,0,56,3759,3879,176,133,35,711,34907,34437,108,2,65,73,661584,0,0,0,0,1,0,293,396,176,3807,0,0,0,0,0,0,0,0,400,-380,0,0,40
2421.51,0,0,0,0,99,1742,1.53484,0.00414056,1.53421,40,0,29,23,27,0,-2,0,0,0.1,56,3759,3879,176,133,35,711,34907,34437,108,2,65,73,661584,0,0,0,0,1,656,0,0,179,3790,0,0,0,0,0,0,0,0,400,-387,0,0,40
2421.52,0,0,0,0,99,1742,1.53478,0.00415646,1.53401,40,0,29,23,27,0,-2,0,0,0.2,56,3755,3879,176,133,35,711,34907,34437,108,2,65,73,660880,0,0,0,0,1,656,0,0,179,3790,0,0,0,0,0,0,0,0,400,-420,0,0,40
2421.53,0,0,0,0,99,1743,1.53472,0.00417236,1.53381,40,0,29,23,27,0,-2,0,0,0.3,56,3755,3879,170,133,35,711,34907,34437,108,2,65,73,638350,0,0,0,0,1,0,231,445,187,3798,0,0,0,0,0,0,0,0,400,-420,0,0,40
2421.54,0,0,0,0,99,1743,1.53466,0.00418827,1.5336,40,0,29,23,27,0,-2,0,0,0.4,56,3753,3879,172,133,35,711,34907,34437,108,2,65,73,645516,0,0,0,0,1,685,0,0,188,3781,0,0,0,0,0,0,0,0,400,-412,0,0,40
2421.55,0,0,0,0,99,1746,1.53461,0.00420417,1.5334,40,0,29,23,27,0,-2,0,0,0.5,56,3753,3879,172,133,35,711,34907,34437,108,2,65,73,645516,0,0,0,0,1,0,153,519,180,3803,0,0,0,0,0,0,0,0,400,-394,0,0,40
2421.56,0,0,0,0,99,1742,1.53455,0.00422008,1.5332,40,0,29,23,27,0,-2,0,0,0.6,56,3753,3879,179,133,35,711,34907,34437,108,2,65,73,671787,0,0,0,0,1,644,0,0,191,3790,0,0,0,0,0,0,0,0,400,-412,0,0,40
2421.57,0,0,0,0,99,1749,1.53449,0.00423598,1.53299,40,0,29,23,27,0,-2,0,0,0.7,56,3759,3879,180,133,35,711,34907,34437,108,2,65,73,676620,0,0,0,0,1,0,100,498,183,3803,0,0,0,0,0,0,0,0,400,-403,0,0,40
2421.58,0,0,0,0,99,1749,1.53443,0.00425188,1.53279,40,0,29,23,27,0,-2,0,0,0.8,56,3759,3879,178,133,35,711,34907,34437,108,2,65,73,669102,0,0,0,0,1,0,100,498,183,3803,0,0,0,0,0,0,0,0,400,-388,0,0,40
2421.59,0,0,0,0,99,1757,1.53437,0.00426779,1.53259,40,0,29,23,27,0,-2,0,0,0.9,56,3759,3879,178,133,35,711,34907,34437,108,2,65,73,669102,0,0,0,0,1,632,0,0,178,3785,0,0,0,0,0,0,0,0,400,-388,0,0,40
2421.6,0,0,0,0,100,1759,1.53432,0.00428369,1.53238,40,0,29,23,28,0,-2,0,0,1,57,3754,3879,183,133,35,711,34869,34335,108,2,87,73,686982,0,0,0,0,1,0,264,399,180,3798,0,0,0,0,0,0,0,0,400,-385,0,0,40
2421.61,0,0,0,0,100,1760,1.53441,0.00427948,1.53255,40,0,29,23,28,0,-2,0,0,1,57,3754,3879,174,133,35,711,34869,34335,108,2,87,73,653196,0,0,0,0,1,685,0,0,186,3781,0,0,0,0,0,0,0,0,400,-399,0,0,40
2421.62,0,0,0,0,99,1763,1.5345,0.00427527,1.53271,40,0,29,23,28,0,-2,0,0,1,57,3754,3879,173,133,35,711,34869,34335,108,2,87,73,649442,0,0,0,0,1,0,522,58,189,3800,0,0,0,0,0,0,0,0,400,-384,0,0,40
2421.63,0,0,0,0,99,1763,1.5346,0.00427106,1.53288,40,0,29,23,28,0,-2,0,0,1,57,3754,3879,173,133,35,711,34869,34335,108,2,87,73,649442,0,0,0,0,1,593,0,0,188,3790,0,0,0,0,0,0,0,0,400,-379,0,0,40
2421.64,0,0,0,0,99,1763,1.53469,0.00426684,1.53304,40,0,29,23,28,0,-2,0,0,1,57,3754,3882,173,133,35,711,34869,34335,108,2,87,73,649442,0,0,0,0,1,593,0,0,188,3790,0,0,0,0,0,0,0,0,400,-376,0,0,40
2421.65,0,0,0,0,100,1767,1.53479,0.00426263,1.53321,40,0,29,23,28,0,-2,0,0,1,57,3755,3882,173,133,35,711,34869,34335,108,2,87,73,649615,0,0,0,0,1,0,604,0,181,3803,0,0,0,0,0,0,0,0,400,-376,0,0,40
2421.66,0,0,0,0,99,1768,1.53488,0.00425842,1.53337,40,0,29,23,28,0,-2,0,0,1,57,3755,3882,179,133,35,711,34869,34335,108,2,87,73,672145,0,0,0,0,1,464,0,181,189,3794,0,0,0,0,0,0,0,0,400,-395,0,0,40
2421.67,0,0,0,0,99,1770,1.53498,0.00425421,1.53354,40,0,29,23,28,0,-2,0,0,1,57,3755,3882,179,133,35,711,34869,34335,108,2,87,73,672145,0,0,0,0,1,0,659,0,189,3807,0,0,0,0,0,0,0,0,400,-384,0,0,40
2421.68,0,0,0,0,99,1776,1.53507,0.00425,1.5337,40,0,29,23,28,0,-2,0,0,1,57,3755,3882,177,133,35,711,34869,34335,108,2,87,73,664635,0,0,0,0,1,21,0,509,184,3809,0,0,0,0,0,0,0,0,400,-382,0,0,40
2421.69,0,0,0,0,99,1780,1.53516,0.00424579,1.53387,40,0,29,23,28,0,-2,0,0,1,57,3755,3882,186,133,35,711,34869,34335,108,2,87,73,698430,0,0,0,0,1,177,475,0,184,3794,0,0,0,0,0,0,0,0,400,-395,0,0,40
2421.7,0,0,0,0,99,1780,1.53526,0.00424158,1.53403,40,0,29,23,28,0,-2,0,0,1,57,3756,3882,186,133,35,711,34877,34340,108,2,65,73,698616,0,0,0,0,1,177,475,0,184,3794,0,0,0,0,0,0,0,0,400,-377,0,0,40
2421.71,0,0,0,0,99,1781,1.53559,0.00424065,1.53403,40,0,29,23,28,0,-2,0,0,1,57,3756,3882,186,133,35,711,34877,34340,108,2,65,73,698616,0,0,0,0,1,0,0,679,185,3796,0,0,0,0,0,0,0,0,400,-377,0,0,40
2421.72,0,0,0,0,99,1785,1.53593,0.00423972,1.53402,40,0,29,23,28,0,-2,0,0,1,57,3756,3882,173,133,35,711,34877,34340,108,2,65,73,649788,0,0,0,0,1,595,0,0,188,3783,0,0,0,0,0,0,0,0,400,-376,0,0,40
2421.73,0,0,0,0,99,1785,1.53626,0.00423879,1.53401,40,0,29,23,28,0,-2,0,0,1,57,3754,3882,175,133,35,711,34877,34340,108,2,65,73,656950,0,0,0,0,1,0,281,402,196,3788,0,0,0,0,0,0,0,0,400,-420,0,0,40
2421.74,0,0,0,0,99,1785,1.5366,0.00423786,1.534,40,0,29,23,28,0,-2,0,0,1,57,3754,3882,183,133,35,711,34877,34340,108,2,65,73,686982,0,0,0,0,1,626,0,0,194,3783,0,0,0,0,0,0,0,0,400,-396,0,0,40
2421.75,0,0,0,0,99,1792,1.53693,0.00423693,1.534,40,0,29,23,28,0,-2,0,0,1,57,3754,3882,183,133,35,711,34877,34340,108,2,65,73,686982,0,0,0,0,1,0,655,0,182,3803,0,0,0,0,0,0,0,0,400,-386,0,0,40
2421.76,0,0,0,0,99,1792,1.53727,0.00423601,1.53399,40,0,29,23,28,0,-2,0,0,1,57,3755,3882,185,133,35,711,34877,34340,108,2,65,73,694675,0,0,0,0,1,0,655,0,182,3803,0,0,0,0,0,0,0,0,400,-345,0,0,40
2421.77,0,0,0,0,99,1795,1.5376,0.00423508,1.53398,40,0,29,23,28,0,-2,0,0,1,57,3753,3882,183,133,35,711,34877,34340,108,2,65,73,686799,0,0,0,0,1,24,0,536,184,3800,0,0,0,0,0,0,0,0,400,-345,0,0,40
2421.78,0,0,0,0,99,1801,1.53793,0.00423415,1.53397,40,0,29,23,28,0,-2,0,0,1,57,3753,3882,180,133,35,711,34877,34340,108,2,65,73,675540,0,0,0,0,1,328,340,0,186,3794,0,0,0,0,0,0,0,0,400,-391,0,0,40
2421.79,0,0,0,0,99,1802,1.53827,0.00423322,1.53397,40,0,29,23,28,0,-2,0,0,1,57,3753,3882,180,133,35,711,34877,34340,108,2,65,73,675540,0,0,0,0,1,0,125,522,195,3791,0,0,0,0,0,0,0,0,400,-426,0,0,40
2421.8,0,0,0,0,99,1799,1.5386,0.00423229,1.53396,40,0,29,23,28,0,-2,0,0,1,57,3753,3882,182,133,35,711,34861,34366,108,2,87,73,683046,0,0,0,0,1,640,0,0,197,3783,0,0,0,0,0,0,0,0,400,-390,0,0,40
2421.81,0,0,0,0,99,1803,1.53801,0.00423038,1.53451,40,0,29,23,28,0,-2,0,0,0.9,57,3755,3882,184,133,35,711,34861,34366,108,2,87,73,690920,0,0,0,0,1,0,659,0,186,3800,0,0,0,0,0,0,0,0,400,-389,0,0,40
2421.82,0,0,0,0,99,1803,1.53742,0.00422847,1.53506,40,0,29,23,28,0,-2,0,0,0.8,57,3755,3882,177,133,35,711,34861,34366,108,2,87,73,664635,0,0,0,0,1,0,659,0,186,3800,0,0,0,0,0,0,0,0,400,-373,0,0,40
2421.83,0,0,0,0,99,1804,1.53683,0.00422655,1.53562,40,0,29,23,28,0,-2,0,0,0.7,57,3755,3882,177,133,35,711,34861,34366,108,2,87,73,664635,0,0,0,0,1,0,0,616,191,3803,0,0,0,0,0,0,0,0,400,-373,0,0,40
2421.84,0,0,0,0,99,1806,1.53623,0.00422464,1.53617,40,0,29,23,28,0,-2,0,0,0.6,57,3755,3882,186,133,35,711,34861,34366,108,2,87,73,698430,0,0,0,0,1,458,158,0,190,3777,0,0,0,0,0,0,0,0,400,-375,0,0,40
2421.85,0,0,0,0,99,1814,1.53564,0.00422273,1.53672,40,0,29,23,28,0,-2,0,0,0.5,57,3755,3882,190,133,35,711,34861,34366,108,2,87,73,713450,0,0,0,0,1,0,274,369,191,3798,0,0,0,0,0,0,0,0,400,-391,0,0,40
2421.86,0,0,0,0,99,1817,1.53505,0.00422082,1.53728,40,0,29,23,28,0,-2,0,0,0.4,57,3753,3882,184,133,35,711,34861,34366,108,2,87,73,690552,0,0,0,0,1,451,0,188,188,3788,0,0,0,0,0,0,0,0,400,-404,0,0,40
2421.87,0,0,0,0,99,1821,1.53446,0.0042189,1.53783,40,0,29,23,28,0,-2,0,0,0.3,57,3753,3882,184,133,35,711,34861,34366,108,2,87,73,690552,0,0,0,0,1,216,450,0,186,3785,0,0,0,0,0,0,0,0,400,-398,0,0,40
2421.88,0,0,0,0,99,1821,1.53387,0.00421699,1.53838,40,0,29,23,28,0,-2,0,0,0.2,57,3750,3882,182,133,35,711,34861,34366,108,2,87,73,682500,0,0,0,0,1,216,450,0,186,3800,0,0,0,0,0,0,0,0,400,-372,0,0,40
2421.89,0,0,0,0,99,1824,1.53327,0.00421508,1.53894,40,0,29,23,28,0,-2,0,0,0.1,57,3750,3882,176,133,35,711,34861,34366,108,2,87,73,660000,0,0,0,0,1,0,59,536,188,3800,0,0,0,0,0,0,0,0,400,-372,0,0,40
2421.9,0,0,0,0,99,1823,1.53268,0.00421316,1.53949,40,0,29,23,28,0,-2,0,0,0,58,3750,3882,178,133,35,711,34842,34336,108,2,65,73,667500,0,0,0,0,1,597,0,0,199,3783,0,0,0,0,0,0,0,0,400,-395,0,0,40
2421.91,0,0,0,0,100,1824,1.53256,0.00423802,1.53908,40,0,29,23,28,0,-2,0,0,0.1,58,3750,3882,178,133,35,711,34842,34336,108,2,65,73,667500,0,0,0,0,1,0,604,0,197,3796,0,0,0,0,0,0,0,0,400,-380,0,0,40
2421.92,0,0,0,0,99,1826,1.53244,0.00426288,1.53866,40,0,29,23,28,0,-2,0,0,0.2,58,3755,3882,186,133,35,711,34842,34336,108,2,65,73,698430,0,0,0,0,1,0,0,638,199,3788,0,0,0,0,0,0,0,0,400,-404,0,0,40
2421.93,0,0,0,0,99,1828,1.53232,0.00428774,1.53825,40,0,29,23,28,0,-2,0,0,0.3,58,3751,3882,182,133,35,711,34842,34336,108,2,65,73,682682,0,0,0,0,1,650,0,0,193,3781,0,0,0,0,0,0,0,0,400,-383,0,0,40
2421.94,0,0,0,0,99,1828,1.5322,0.0043126,1.53783,40,0,29,23,28,0,-2,0,0,0.4,58,3751,3882,186,133,35,711,34842,34336,108,2,65,73,697686,0,0,0,0,1,650,0,0,193,3807,0,0,0,0,0,0,0,0,400,-376,0,0,40
2421.95,0,0,0,0,99,1837,1.53209,0.00433746,1.53742,40,0,29,23,28,0,-2,0,0,0.5,58,3751,3882,186,133,35,711,34842,34336,108,2,65,73,697686,0,0,0,0,1,0,629,0,186,3807,0,0,0,0,0,0,0,0,400,-376,0,0,40
2421.96,0,0,0,0,99,1839,1.53197,0.00436232,1.537,40,0,29,23,28,0,-2,0,0,0.6,58,3751,3883,187,133,35,711,34842,34336,108,2,65,73,701437,0,0,0,0,1,0,0,599,191,3796,0,0,0,0,0,0,0,0,400,-379,0,0,40
2421.97,0,0,0,0,99,1835,1.53185,0.00438718,1.53659,40,0,29,23,28,0,-2,0,0,0.7,58,3750,3883,185,133,35,711,34842,34336,108,2,65,73,693750,0,0,0,0,1,638,0,0,201,3783,0,0,0,0,0,0,0,0,400,-391,0,0,40
2421.98,0,0,0,0,99,1840,1.53173,0.00441204,1.53617,40,0,29,23,28,0,-2,0,0,0.8,58,3750,3883,185,133,35,711,34842,34336,108,2,65,73,693750,0,0,0,0,1,0,573,0,196,3794,0,0,0,0,0,0,0,0,400,-371,0,0,40
2421.99,0,0,0,0,99,1841,1.53161,0.0044369,1.53576,40,0,29,23,28,0,-2,0,0,0.9,58,3750,3883,185,133,35,711,34842,34336,108,2,65,73,693750,0,0,0,0,1,0,20,563,202,3788,0,0,0,0,0,0,0,0,400,-414,0,0,40
2422,0,0,0,0,99,1841,1.53149,0.00446175,1.53534,40,0,29,23,27,0,-2,0,0,1,57,3750,3883,187,133,35,711,34835,34370,108,2,65,73,701250,0,0,0,0,1,0,20,563,202,3781,0,0,0,0,0,0,0,0,400,-395,0,0,40
2422.01,0,0,0,0,99,1846,1.53159,0.00445977,1.53497,40,0,29,23,27,0,-2,0,0,0.9,57,3752,3883,185,133,35,711,34835,34370,108,2,65,73,694120,0,0,0,0,1,515,0,117,195,3781,0,0,0,0,0,0,0,0,400,-395,0,0,40
2422.02,0,0,0,0,99,1851,1.5317,0.00445779,1.5346,40,0,29,23,27,0,-2,0,0,0.8,57,3752,3883,187,133,35,711,34835,34370,108,2,65,73,701624,0,0,0,0,1,243,436,0,191,3783,0,0,0,0,0,0,0,0,400,-403,0,0,40
2422.03,0,0,0,0,99,1851,1.5318,0.00445581,1.53423,40,0,29,23,27,0,-2,0,0,0.7,57,3752,3883,187,133,35,711,34835,34370,108,2,65,73,701624,0,0,0,0,1,0,327,355,194,3798,0,0,0,0,0,0,0,0,400,-378,0,0,40
2422.04,0,0,0,0,99,1856,1.53191,0.00445382,1.53386,40,0,29,23,27,0,-2,0,0,0.6,57,3753,3882,194,133,35,711,34835,34370,108,2,65,73,728082,0,0,0,0,1,103,0,476,192,3803,0,0,0,0,0,0,0,0,400,-348,0,0,40
2422.05,0,0,0,0,99,1858,1.53201,0.00445184,1.53349,40,0,29,23,27,0,-2,0,0,0.5,57,3753,3882,194,133,35,711,34835,34370,108,2,65,73,728082,0,0,0,0,1,677,0,0,201,3777,0,0,0,0,0,0,0,0,400,-418,0,0,40
2422.06,0,0,0,0,99,1858,1.53212,0.00444986,1.53312,40,0,29,23,27,0,-2,0,0,0.4,57,3748,3882,185,133,35,711,34835,34370,108,2,65,73,693380,0,0,0,0,1,677,0,0,201,3777,0,0,0,0,0,0,0,0,400,-392,0,0,40
2422.07,0,0,0,0,99,1857,1.53222,0.00444788,1.53275,40,0,29,23,27,0,-2,0,0,0.3,57,3748,3882,185,133,35,711,34835,34370,108,2,65,73,693380,0,0,0,0,1,0,690,0,202,3798,0,0,0,0,0,0,0,0,400,-392,0,0,40
2422.08,0,0,0,0,99,1859,1.53232,0.00444589,1.53238,40,0,29,23,27,0,-2,0,0,0.2,57,3748,3882,184,133,35,711,34835,34370,108,2,65,73,689632,0,0,0,0,1,0,0,638,197,3794,0,0,0,0,0,0,0,0,400,-401,0,0,40
2422.09,0,0,0,0,99,1859,1.53243,0.00444391,1.53201,40,0,29,23,27,0,-2,0,0,0.1,57,3752,3882,188,133,35,711,34835,34370,108,2,65,73,705376,0,0,0,0,1,539,0,52,198,3779,0,0,0,0,0,0,0,0,400,-397,0,0,40
2422.1,0,0,0,0,99,1864,1.53253,0.00444193,1.53164,40,0,29,23,28,0,-2,0,0,0,57,3752,3882,187,133,35,711,34806,34325,108,2,65,73,701624,0,0,0,0,1,267,389,0,188,3783,0,0,0,0,0,0,0,0,400,-375,0,0,40
2422.11,0,0,0,0,99,1873,1.53286,0.00442493,1.53179,40,0,29,23,28,0,-2,0,0,0,57,3752,3882,187,133,35,711,34806,34325,108,2,65,73,701624,0,0,0,0,1,0,574,0,187,3798,0,0,0,0,0,0,0,0,400,-361,0,0,40
2422.12,0,0,0,0,99,1873,1.53319,0.00440794,1.53195,40,0,29,23,28,0,-2,0,0,0,57,3752,3882,190,133,35,711,34806,34325,108,2,65,73,712880,0,0,0,0,1,0,574,0,187,3798,0,0,0,0,0,0,0,0,400,-387,0,0,40
2422.13,0,0,0,0,99,1873,1.53351,0.00439094,1.5321,40,0,29,23,28,0,-2,0,0,0,57,3752,3882,191,133,35,711,34806,34325,108,2,65,73,716632,0,0,0,0,1,0,0,677,202,3788,0,0,0,0,0,0,0,0,400,-387,0,0,40
2422.14,0,0,0,0,99,1873,1.53384,0.00437395,1.53225,40,0,29,23,28,0,-2,0,0,0,57,3747,3882,189,133,35,711,34806,34325,108,2,65,73,708183,0,0,0,0,1,572,0,30,205,3779,0,0,0,0,0,0,0,0,400,-393,0,0,40
2422.15,0,0,0,0,99,1874,1.53416,0.00435695,1.53241,40,0,29,23,28,0,-2,0,0,0,57,3747,3882,189,133,35,711,34806,34325,108,2,65,73,708183,0,0,0,0,1,329,368,0,205,3774,0,0,0,0,0,0,0,0,400,-408,0,0,40
2422.16,0,0,0,0,99,1874,1.53449,0.00433996,1.53256,40,0,29,23,28,0,-2,0,0,0,57,3749,3882,185,133,35,711,34806,34325,108,2,65,73,693565,0,0,0,0,1,0,579,0,204,3796,0,0,0,0,0,0,0,0,400,-382,0,0,40
2422.17,0,0,0,0,99,1878,1.53481,0.00432296,1.53271,40,0,29,23,28,0,-2,0,0,0,57,3749,3882,192,133,35,711,34806,34325,108,2,65,73,719808,0,0,0,0,1,0,0,692,201,3788,0,0,0,0,0,0,0,0,400,-427,0,0,40
2422.18,0,0,0,0,99,1878,1.53514,0.00430597,1.53286,40,0,29,23,28,0,-2,0,0,0,57,3749,3882,187,133,35,711,34806,34325,108,2,65,73,701063,0,0,0,0,1,0,0,692,201,3788,0,0,0,0,0,0,0,0,400,-391,0,0,40
2422.19,0,0,0,0,99,1880,1.53547,0.00428897,1.53302,40,0,29,23,28,0,-2,0,0,0,57,3749,3882,187,133,35,711,34806,34325,108,2,65,73,701063,0,0,0,0,1,531,0,97,200,3785,0,0,0,0,0,0,0,0,400,-391,0,0,40
2422.2,0,0,0,0,99,1884,1.53579,0.00427198,1.53317,40,0,29,23,28,0,-2,0,0,0,57,3752,3882,198,133,35,711,34848,34409,108,2,68,73,742896,0,0,0,0,1,410,217,0,196,3779,0,0,0,0,0,0,0,0,400,-373,0,0,40
2422.21,0,0,0,0,99,1889,1.53565,0.00424785,1.53321,40,0,29,23,28,0,-2,0,0,0.1,57,3752,3882,200,133,35,711,34848,34409,108,2,68,73,750400,0,0,0,0,1,0,653,0,196,3803,0,0,0,0,0,0,0,0,400,-388,0,0,40
2422.22,0,0,0,0,99,1889,1.53551,0.00422372,1.53326,40,0,29,23,28,0,-2,0,0,0.2,57,3748,3882,195,133,35,711,34848,34409,108,2,68,73,730860,0,0,0,0,1,0,46,587,204,3794,0,0,0,0,0,0,0,0,400,-387,0,0,40
2422.23,0,0,0,0,99,1890,1.53537,0.00419959,1.5333,40,0,29,23,28,0,-2,0,0,0.3,57,3748,3882,195,133,35,711,34848,34409,108,2,68,73,730860,0,0,0,0,1,224,0,405,200,3800,0,0,0,0,0,0,0,0,400,-371,0,0,40
2422.24,0,0,0,0,99,1890,1.53523,0.00417547,1.53335,40,0,29,23,28,0,-2,0,0,0.4,57,3747,3882,195,133,35,711,34848,34409,108,2,68,73,730665,0,0,0,0,1,224,0,405,200,3800,0,0,0,0,0,0,0,0,400,-424,0,0,40
2422.25,0,0,0,0,99,1890,1.53509,0.00415134,1.53339,40,0,29,23,28,0,-2,0,0,0.5,57,3747,3882,185,133,35,711,34848,34409,108,2,68,73,693195,0,0,0,0,1,716,0,0,210,3781,0,0,0,0,0,0,0,0,400,-424,0,0,40
2422.26,0,0,0,0,100,1890,1.53495,0.00412721,1.53344,40,0,29,23,28,0,-2,0,0,0.6,57,3750,3882,187,133,35,711,34848,34409,108,2,68,73,701250,0,0,0,0,1,114,503,0,202,3790,0,0,0,0,0,0,0,0,400,-383,0,0,40
2422.27,0,0,0,0,99,1896,1.5348,0.00410308,1.53348,40,0,29,23,28,0,-2,0,0,0.7,57,3750,3882,187,134,35,711,34848,34409,108,2,68,73,701250,0,0,0,0,1,0,475,89,199,3790,0,0,0,0,0,0,0,0,400,-365,0,0,40
2422.28,0,0,0,0,99,1904,1.53466,0.00407896,1.53353,40,0,29,23,28,0,-2,0,0,0.8,57,3750,3882,201,134,35,711,34848,34409,108,2,68,73,753750,0,0,0,0,1,0,0,648,199,3783,0,0,0,0,0,0,0,0,400,-386,0,0,40
2422.29,0,0,0,0,99,1906,1.53452,0.00405483,1.53357,40,0,29,23,28,0,-2,0,0,0.9,57,3750,3882,188,134,35,711,34848,34409,108,2,68,73,705000,0,0,0,0,1,370,0,294,202,3790,0,0,0,0,0,0,0,0,400,-398,0,0,40
2422.3,0,0,0,0,99,1906,1.53438,0.0040307,1.53362,40,0,29,23,28,0,-2,0,0,1,57,3750,3882,195,134,35,711,34825,34354,108,2,68,73,731250,0,0,0,0,1,370,0,294,202,3790,0,0,0,0,0,0,0,0,400,-426,0,0,40
2422.31,0,0,0,0,99,1904,1.53442,0.00401923,1.53369,40,0,29,23,28,0,-2,0,0,1,57,3750,3882,195,134,35,711,34825,34354,108,2,68,73,731250,0,0,0,0,1,720,0,0,208,3768,0,0,0,0,0,0,0,0,400,-426,0,0,40
2422.32,0,0,0,0,99,1900,1.53446,0.00400775,1.53376,40,0,29,23,28,0,-2,0,0,1,57,3747,3882,189,134,35,711,34825,34354,108,2,68,73,708183,0,0,0,0,1,158,516,0,208,3790,0,0,0,0,0,0,0,0,400,-412,0,0,40
2422.33,0,0,0,0,99,1903,1.5345,0.00399628,1.53383,40,0,29,23,28,0,-2,0,0,1,57,3747,3882,192,134,35,711,34825,34354,108,2,68,73,719424,0,0,0,0,1,0,620,0,201,3788,0,0,0,0,0,0,0,0,400,-385,0,0,40
2422.34,0,0,0,0,99,1905,1.53455,0.0039848,1.53391,40,0,29,23,28,0,-2,0,0,1,57,3749,3882,197,134,35,711,34825,34354,108,2,68,73,738553,0,0,0,0,1,0,0,609,203,3788,0,0,0,0,0,0,0,0,400,-382,0,0,40
2422.35,0,0,0,0,99,1908,1.53459,0.00397332,1.53398,40,0,29,23,28,0,-2,0,0,1,57,3749,3882,197,134,35,711,34825,34354,108,2,68,73,738553,0,0,0,0,1,126,0,484,202,3800,0,0,0,0,0,0,0,0,400,-366,0,0,40
2422.36,0,0,0,0,99,1908,1.53463,0.00396185,1.53405,40,0,29,23,28,0,-2,0,0,1,57,3746,3882,194,134,35,711,34825,34354,108,2,68,73,726724,0,0,0,0,1,126,0,484,202,3800,0,0,0,0,0,0,0,0,400,-362,0,0,40
2422.37,0,0,0,0,99,1915,1.53467,0.00395037,1.53412,40,0,29,23,28,0,-2,0,0,1,57,3746,3882,206,134,35,711,34825,34354,108,2,68,73,771676,0,0,0,0,1,595,0,0,200,3777,0,0,0,0,0,0,0,0,400,-362,0,0,40
2422.38,0,0,0,0,99,1919,1.53471,0.0039389,1.53419,40,0,29,23,28,0,-2,0,0,1,57,3746,3882,200,134,35,711,34825,34354,108,2,68,73,749200,0,0,0,0,1,569,0,0,205,3779,0,0,0,0,0,0,0,0,400,-374,0,0,40
2422.39,0,0,0,0,99,1922,1.53475,0.00392742,1.53427,40,0,29,23,28,0,-2,0,0,1,57,3746,3882,200,134,35,711,34825,34354,108,2,68,73,749200,0,0,0,0,1,0,594,0,206,3788,0,0,0,0,0,0,0,0,400,-383,0,0,40
2422.4,0,0,0,0,99,1923,1.53479,0.00391594,1.53434,40,0,29,23,28,0,-2,0,0,1,57,3749,3882,196,134,35,711,34820,34332,107,2,65,73,734804,0,0,0,0,1,0,573,0,210,3794,0,0,0,0,0,0,0,0,400,-399,0,0,40
2422.41,0,0,0,0,99,1920,1.53459,0.00395045,1.53433,40,0,29,23,28,0,-2,0,0,0.9,57,3748,3882,196,134,35,711,34820,34332,107,2,65,73,734608,0,0,0,0,1,0,34,593,214,3781,0,0,0,0,0,0,0,0,400,-425,0,0,40
2422.42,0,0,0,0,99,1920,1.53438,0.00398495,1.53433,40,0,29,23,28,0,-2,0,0,0.8,57,3748,3882,190,134,35,711,34820,34332,107,2,65,73,712120,0,0,0,0,1,0,34,593,214,3798,0,0,0,0,0,0,0,0,400,-391,0,0,40
2422.43,0,0,0,0,99,1920,1.53417,0.00401945,1.53432,40,0,29,23,28,0,-2,0,0,0.7,57,3748,3882,190,134,35,711,34820,34332,107,2,65,73,712120,0,0,0,0,1,0,0,626,205,3798,0,0,0,0,0,0,0,0,400,-391,0,0,40
2422.44,0,0,0,0,99,1923,1.53397,0.00405396,1.53432,40,0,29,23,28,0,-2,0,0,0.6,57,3748,3882,205,134,35,711,34820,34332,107,2,65,73,768340,0,0,0,0,1,507,0,118,203,3779,0,0,0,0,0,0,0,0,400,-393,0,0,40
2422.45,0,0,0,0,99,1932,1.53376,0.00408846,1.53431,40,0,29,23,28,0,-2,0,0,0.5,57,3748,3882,202,134,35,711,34820,34332,107,2,65,73,757096,0,0,0,0,1,659,0,0,198,3781,0,0,0,0,0,0,0,0,400,-395,0,0,40
2422.46,0,0,0,0,99,1937,1.53355,0.00412296,1.53431,40,0,29,23,28,0,-2,0,0,0.4,57,3746,3882,196,134,35,711,34820,34332,107,2,65,73,734216,0,0,0,0,1,351,354,0,208,3768,0,0,0,0,0,0,0,0,400,-412,0,0,40
2422.47,0,0,0,0,99,1935,1.53335,0.00415747,1.5343,40,0,29,23,28,0,-2,0,0,0.3,57,3746,3882,196,134,35,711,34820,34332,107,2,65,73,734216,0,0,0,0,1,0,656,0,212,3794,0,0,0,0,0,0,0,0,400,-400,0,0,40
2422.48,0,0,0,0,99,1935,1.53314,0.00419197,1.5343,40,0,29,23,28,0,-2,0,0,0.2,57,3743,3882,201,134,35,711,34820,34332,107,2,65,73,752343,0,0,0,0,1,0,656,0,212,3790,0,0,0,0,0,0,0,0,400,-388,0,0,40
2422.49,0,0,0,0,99,1934,1.53294,0.00422647,1.53429,40,0,29,23,28,0,-2,0,0,0.1,57,3743,3882,194,134,35,711,34820,34332,107,2,65,73,726142,0,0,0,0,1,0,598,0,206,3790,0,0,0,0,0,0,0,0,400,-388,0,0,40
2422.5,0,0,0,0,100,1935,1.53273,0.00426097,1.53429,40,0,29,23,28,0,-2,0,0,0,57,3743,3882,199,134,35,711,34774,34289,108,2,65,73,744857,0,0,0,0,1,0,163,531,206,3796,0,0,0,0,0,0,0,0,400,-401,0,0,40
2422.51,0,0,0,0,99,1937,1.53267,0.00426077,1.53433,40,0,29,23,28,0,-2,0,0,0.1,57,3743,3882,199,134,35,711,34774,34289,108,2,65,73,744857,0,0,0,0,1,0,0,687,205,3788,0,0,0,0,0,0,0,0,400,-393,0,0,40
2422.52,0,0,0,0,99,1944,1.53261,0.00426056,1.53438,40,0,29,23,28,0,-2,0,0,0.2,57,3745,3882,193,134,35,711,34774,34289,108,2,65,73,722785,0,0,0,0,1,114,0,476,204,3791,0,0,0,0,0,0,0,0,400,-363,0,0,40
2422.53,0,0,0,0,99,1949,1.53256,0.00426035,1.53443,40,0,29,23,28,0,-2,0,0,0.3,57,3745,3882,204,134,35,711,34774,34289,108,2,65,73,763980,0,0,0,0,1,517,0,132,209,3774,0,0,0,0,0,0,0,0,400,-401,0,0,40
2422.54,0,0,0,0,100,1949,1.5325,0.00426014,1.53447,40,0,29,23,28,0,-2,0,0,0.4,57,3748,3882,202,134,35,711,34774,34289,108,2,65,73,757096,0,0,0,0,1,517,0,132,209,3772,0,0,0,0,0,0,0,0,400,-399,0,0,40
2422.55,0,0,0,0,100,1953,1.53244,0.00425993,1.53452,40,0,29,23,28,0,-2,0,0,0.5,57,3748,3882,202,134,35,711,34774,34289,108,2,65,73,757096,0,0,0,0,1,681,0,0,211,3772,0,0,0,0,0,0,0,0,400,-399,0,0,40
2422.56,0,0,0,0,100,1953,1.53238,0.00425972,1.53457,40,0,29,23,28,0,-2,0,0,0.6,57,3748,3885,206,134,35,711,34774,34289,108,2,65,73,772088,0,0,0,0,1,663,0,0,215,3777,0,0,0,0,0,0,0,0,400,-419,0,0,40
2422.57,0,0,0,0,99,1950,1.53233,0.00425952,1.53462,40,0,29,23,28,0,-2,0,0,0.7,57,3745,3885,202,134,35,711,34774,34289,108,2,65,73,756490,0,0,0,0,1,325,387,0,214,3777,0,0,0,0,0,0,0,0,400,-417,0,0,40
2422.58,0,0,0,0,99,1952,1.53227,0.00425931,1.53466,40,0,29,23,28,0,-2,0,0,0.8,57,3745,3885,197,134,35,711,34774,34289,108,2,65,73,737765,0,0,0,0,1,0,586,0,213,3790,0,0,0,0,0,0,0,0,400,-403,0,0,40
2422.59,0,0,0,0,99,1953,1.53221,0.0042591,1.53471,40,0,29,23,28,0,-2,0,0,0.9,57,3745,3885,197,134,35,711,34774,34289,108,2,65,73,737765,0,0,0,0,1,0,703,0,214,3788,0,0,0,0,0,0,0,0,400,-409,0,0,40
2422.6,0,0,0,0,99,1953,1.53215,0.00425889,1.53476,40,0,29,23,28,0,-2,0,0,1,57,3744,3885,204,134,35,711,34797,34295,108,2,65,98,763776,0,0,0,0,1,0,703,0,214,3788,0,0,0,0,0,0,0,0,400,-383,0,0,40
2422.61,0,0,0,0,100,1964,1.53217,0.0042383,1.5346,40,0,29,23,28,0,-2,0,0,1,57,3744,3885,203,134,35,711,34797,34295,108,2,65,98,760032,0,0,0,0,1,0,526,11,205,3790,0,0,0,0,0,0,0,0,400,-383,0,0,40
2422.62,0,0,0,0,99,1973,1.53219,0.00421771,1.53443,40,0,29,23,28,0,-2,0,0,1,57,3745,3885,207,134,35,711,34797,34295,108,2,65,98,775215,0,0,0,0,1,0,350,322,212,3798,0,0,0,0,0,0,0,0,400,-395,0,0,40
2422.63,0,0,0,0,99,1973,1.53221,0.00419711,1.53427,40,0,29,23,28,0,-2,0,0,1,57,3745,3885,207,134,35,711,34797,34295,108,2,65,98,775215,0,0,0,0,1,0,369,310,221,3785,0,0,0,0,0,0,0,0,400,-420,0,0,40
2422.64,0,0,0,0,99,1972,1.53223,0.00417652,1.53411,40,0,29,23,28,0,-2,0,0,1,57,3743,3885,200,134,35,711,34797,34295,108,2,65,98,748600,0,0,0,0,1,0,96,544,218,3783,0,0,0,0,0,0,0,0,400,-408,0,0,40
2422.65,0,0,0,0,99,1969,1.53224,0.00415593,1.53394,40,0,29,23,28,0,-2,0,0,1,57,3743,3885,200,134,35,711,34797,34295,108,2,65,98,748600,0,0,0,0,1,0,0,669,218,3781,0,0,0,0,0,0,0,0,400,-404,0,0,40
2422.66,0,0,0,0,99,1969,1.53226,0.00413534,1.53378,40,0,29,23,28,0,-2,0,0,1,57,3743,3885,205,134,35,711,34797,34295,108,2,65,98,767315,0,0,0,0,1,0,0,669,218,3781,0,0,0,0,0,0,0,0,400,-402,0,0,40
2422.67,0,0,0,0,99,1968,1.53228,0.00411474,1.53362,40,0,29,23,28,0,-2,0,0,1,57,3743,3885,205,134,35,711,34797,34295,108,2,65,98,767315,0,0,0,0,1,0,0,663,212,3790,0,0,0,0,0,0,0,0,400,-402,0,0,40
2422.68,0,0,0,0,99,1975,1.5323,0.00409415,1.53345,40,0,29,23,28,0,-2,0,0,1,57,3748,3885,204,134,35,711,34797,34295,108,2,65,98,764592,0,0,0,0,1,0,0,591,209,3794,0,0,0,0,0,0,0,0,400,-383,0,0,40
2422.69,0,0,0,0,99,1982,1.53232,0.00407356,1.53329,40,0,29,23,28,0,-2,0,0,1,57,3748,3885,203,134,35,711,34797,34295,108,2,65,98,760844,0,0,0,0,1,87,0,493,208,3790,0,0,0,0,0,0,0,0,400,-381,0,0,40
2422.7,0,0,0,0,100,1991,1.53233,0.00405297,1.53313,40,0,29,23,27,0,-2,0,0,1,57,3748,3889,201,134,35,711,34811,34346,108,2,68,73,753348,0,0,0,0,1,241,0,398,211,3788,0,0,0,0,0,0,0,0,400,-387,0,0,40
2422.71,0,0,0,0,100,1993,1.53274,0.00405589,1.53366,40,0,29,23,27,0,-2,0,0,1,57,3748,3889,201,134,35,711,34811,34346,108,2,68,73,753348,0,0,0,0,1,323,0,378,221,3791,0,0,0,0,0,0,0,0,400,-411,0,0,40
2422.72,0,0,0,0,99,1993,1.53315,0.00405882,1.53419,40,0,29,23,27,0,-2,0,0,1,57,3744,3889,210,134,35,711,34811,34346,108,2,68,73,786240,0,0,0,0,1,323,0,378,221,3791,0,0,0,0,0,0,0,0,400,-430,0,0,40
2422.73,0,0,0,0,99,1991,1.53356,0.00406174,1.53471,40,0,29,23,27,0,-2,0,0,1,57,3744,3889,205,134,35,711,34811,34346,108,2,68,73,767520,0,0,0,0,1,399,0,290,220,3779,0,0,0,0,0,0,0,0,400,-430,0,0,40
2422.74,0,0,0,0,100,1988,1.53396,0.00406467,1.53524,40,0,29,23,27,0,-2,0,0,1,57,3744,3889,205,134,35,711,34811,34346,108,2,68,73,767520,0,0,0,0,1,468,0,226,223,3772,0,0,0,0,0,0,0,0,400,-423,0,0,40
2422.75,0,0,0,0,99,1987,1.53437,0.00406759,1.53577,40,0,29,23,27,0,-2,0,0,1,57,3744,3889,205,134,35,711,34811,34346,108,2,68,73,767520,0,0,0,0,1,499,0,132,213,3774,0,0,0,0,0,0,0,0,400,-408,0,0,40
2422.76,0,0,0,0,99,1997,1.53478,0.00407052,1.5363,40,0,29,23,27,0,-2,0,0,1,57,3743,3889,199,134,35,711,34811,34346,108,2,68,73,744857,0,0,0,0,1,487,0,130,202,3777,0,0,0,0,0,0,0,0,400,-381,0,0,40
2422.77,0,0,0,0,99,2009,1.53518,0.00407345,1.53683,40,0,29,23,27,0,-2,0,0,1,57,3745,3889,204,134,35,711,34811,34346,108,2,68,73,763980,0,0,0,0,1,486,0,165,212,3779,0,0,0,0,0,0,0,0,400,-407,0,0,40
2422.78,0,0,0,0,99,2009,1.53559,0.00407637,1.53736,40,0,29,23,27,0,-2,0,0,1,57,3745,3889,207,134,35,711,34811,34346,108,2,68,73,775215,0,0,0,0,1,486,0,165,212,3779,0,0,0,0,0,0,0,0,400,-428,0,0,40
2422.79,0,0,0,0,99,2013,1.536,0.0040793,1.53789,40,0,29,23,27,0,-2,0,0,1,57,3745,3889,207,134,35,711,34811,34346,108,2,68,73,775215,0,0,0,0,1,468,0,243,223,3772,0,0,0,0,0,0,0,0,400,-428,0,0,40
2422.8,0,0,0,0,99,2009,1.53641,0.00408222,1.53842,40,0,29,23,29,0,-2,0,0,1,57,3741,3889,210,134,35,711,34751,34250,107,2,65,98,785610,0,0,0,0,1,382,0,317,229,3783,0,0,0,0,0,0,0,0,400,-431,0,0,40
2422.81,0,0,0,0,99,2001,1.53622,0.00408405,1.53806,40,0,29,23,29,0,-2,0,0,1,57,3741,3889,205,134,35,711,34751,34250,107,2,65,98,766905,0,0,0,0,1,366,0,333,224,3781,0,0,0,0,0,0,0,0,400,-421,0,0,40
2422.82,0,0,0,0,99,1998,1.53604,0.00408588,1.5377,40,0,29,23,29,0,-2,0,0,1,57,3741,3889,207,134,35,711,34751,34250,107,2,65,98,774387,0,0,0,0,1,396,0,296,216,3794,0,0,0,0,0,0,0,0,400,-376,0,0,40
2422.83,0,0,0,0,99,2004,1.53585,0.0040877,1.53734,40,0,29,23,29,0,-2,0,0,1,57,3741,3889,207,134,35,711,34751,34250,107,2,65,98,774387,0,0,0,0,1,446,0,220,212,3779,0,0,0,0,0,0,0,0,400,-385,0,0,40
2422.84,0,0,0,0,99,2015,1.53567,0.00408953,1.53698,40,0,29,23,29,0,-2,0,0,1,57,3744,3889,205,134,35,711,34751,34250,107,2,65,98,767520,0,0,0,0,1,323,0,308,210,3790,0,0,0,0,0,0,0,0,400,-367,0,0,40
2422.85,0,0,0,0,99,2028,1.53548,0.00409136,1.53662,40,0,29,23,29,0,-2,0,0,1,57,3744,3889,210,134,35,711,34751,34250,107,2,65,98,786240,0,0,0,0,1,0,0,560,216,3790,0,0,0,0,0,0,0,0,400,-366,0,0,40
2422.86,0,0,0,0,99,2028,1.5353,0.00409319,1.53626,40,0,29,23,29,0,-2,0,0,1,57,3744,3890,210,134,35,711,34751,34250,107,2,65,98,786240,0,0,0,0,1,0,0,560,216,3790,0,0,0,0,0,0,0,0,400,-366,0,0,40
2422.87,0,0,0,0,99,2032,1.53511,0.00409501,1.53589,40,0,29,23,29,0,-2,0,0,1,57,3744,3890,210,134,35,711,34751,34250,107,2,65,98,786240,0,0,0,0,1,0,0,741,227,3777,0,0,0,0,0,0,0,0,400,-416,0,0,40
2422.88,0,0,0,0,99,2028,1.53493,0.00409684,1.53553,40,0,29,23,29,0,-2,0,0,1,57,3744,3890,215,134,35,711,34751,34250,107,2,65,98,804960,0,0,0,0,1,0,0,681,227,3779,0,0,0,0,0,0,0,0,400,-381,0,0,40
2422.89,0,0,0,0,99,2020,1.53474,0.00409867,1.53517,40,0,29,23,29,0,-2,0,0,1,57,3743,3890,206,134,35,711,34751,34250,107,2,65,98,771058,0,0,0,0,1,0,34,580,224,3772,0,0,0,0,0,0,0,0,400,-406,0,0,40
2422.9,0,0,0,0,100,2014,1.53456,0.00410049,1.53481,40,0,29,23,28,0,-2,0,0,1,57,3743,3890,207,134,35,711,34772,34279,108,2,68,73,774801,0,0,0,0,1,0,147,521,213,3779,0,0,0,0,0,0,0,0,400,-415,0,0,40
2422.91,0,0,0,0,99,2023,1.53441,0.00409894,1.5351,40,0,29,23,28,0,-2,0,0,1,57,3743,3890,207,134,35,711,34772,34279,108,2,68,73,774801,0,0,0,0,1,0,239,425,202,3785,0,0,0,0,0,0,0,0,400,-374,0,0,40
2422.92,0,0,0,0,99,2023,1.53426,0.00409739,1.53539,40,0,29,23,28,0,-2,0,0,1,57,3740,3890,202,134,35,711,34772,34279,108,2,68,73,755480,0,0,0,0,1,0,239,425,202,3785,0,0,0,0,0,0,0,0,400,-374,0,0,40
2422.93,0,0,0,0,99,2037,1.53411,0.00409584,1.53568,40,0,29,23,28,0,-2,0,0,1,57,3740,3890,210,134,35,711,34772,34279,108,2,68,73,785400,0,0,0,0,1,0,509,83,205,3794,0,0,0,0,0,0,0,0,400,-365,0,0,40
2422.94,0,0,0,0,99,2050,1.53396,0.00409428,1.53597,40,0,29,23,28,0,-2,0,0,1,57,3747,3890,216,134,35,711,34772,34279,108,2,68,73,809352,0,0,0,0,1,0,684,0,217,3788,0,0,0,0,0,0,0,0,400,-393,0,0,40
2422.95,0,0,0,0,99,2048,1.53381,0.00409273,1.53626,40,0,29,23,28,0,-2,0,0,1,57,3747,3890,216,134,35,711,34772,34279,108,2,68,73,809352,0,0,0,0,1,79,573,0,231,3770,0,0,0,0,0,0,0,0,400,-416,0,0,40
2422.96,0,0,0,0,99,2039,1.53366,0.00409118,1.53655,40,0,29,23,28,0,-2,0,0,1,57,3747,3890,218,134,35,711,34772,34279,108,2,68,73,816846,0,0,0,0,1,361,362,0,227,3768,0,0,0,0,0,0,0,0,400,-423,0,0,40
2422.97,0,0,0,0,99,2034,1.53351,0.00408963,1.53683,40,0,29,23,28,0,-2,0,0,1,57,3738,3890,213,134,35,711,34772,34279,108,2,68,73,796194,0,0,0,0,1,618,0,0,222,3770,0,0,0,0,0,0,0,0,400,-416,0,0,40
2422.98,0,0,0,0,99,2034,1.53336,0.00408808,1.53712,40,0,29,23,28,0,-2,0,0,1,57,3738,3890,207,134,35,711,34772,34279,108,2,68,73,773766,0,0,0,0,1,618,0,0,222,3770,0,0,0,0,0,0,0,0,400,-416,0,0,40
2422.99,0,0,0,0,100,2036,1.53321,0.00408653,1.53741,40,0,29,23,28,0,-2,0,0,1,57,3738,3890,207,134,35,711,34772,34279,108,2,68,73,773766,0,0,0,0,1,659,0,0,210,3772,0,0,0,0,0,0,0,0,400,-392,0,0,40
2423,0,0,0,0,100,2049,1.53306,0.00408497,1.5377,39,0,29,23,28,0,-2,0,0,1,57,3739,3890,208,134,35,711,34739,34211,108,2,87,73,777712,0,0,0,0,1,552,0,0,207,3772,0,0,0,0,0,0,0,0,400,-369,0,0,40
2423.01,0,0,0,0,100,2058,1.53347,0.00409998,1.53783,39,0,29,23,28,0,-2,0,0,1,57,3739,3890,210,134,35,711,34739,34211,108,2,87,73,785190,0,0,0,0,1,138,0,472,215,3791,0,0,0,0,0,0,0,0,400,-352,0,0,40
2423.02,0,0,0,0,100,2064,1.53388,0.00411498,1.53796,39,0,29,23,28,0,-2,0,0,1,57,3741,3890,214,134,35,711,34739,34211,108,2,87,73,800574,0,0,0,0,1,0,0,716,224,3774,0,0,0,0,0,0,0,0,400,-409,0,0,40
2423.03,0,0,0,0,99,2063,1.53428,0.00412998,1.53809,39,0,29,23,28,0,-2,0,0,1,57,3741,3890,214,134,35,711,34739,34211,108,2,87,73,800574,0,0,0,0,1,0,153,554,232,3779,0,0,0,0,0,0,0,0,400,-415,0,0,40
2423.04,0,0,0,0,99,2053,1.53469,0.00414498,1.53822,39,0,29,23,28,0,-2,0,0,1,57,3741,3890,215,134,35,711,34739,34211,108,2,87,73,804315,0,0,0,0,1,0,563,79,232,3781,0,0,0,0,0,0,0,0,400,-392,0,0,40
2423.05,0,0,0,0,99,2053,1.53509,0.00415999,1.53835,39,0,29,23,28,0,-2,0,0,1,57,3737,3890,219,134,35,711,34739,34211,108,2,87,73,818403,0,0,0,0,1,0,563,79,232,3783,0,0,0,0,0,0,0,0,400,-401,0,0,40
2423.06,0,0,0,0,99,2046,1.5355,0.00417499,1.53848,39,0,29,23,28,0,-2,0,0,1,57,3737,3890,215,134,35,711,34739,34211,108,2,87,73,803455,0,0,0,0,1,0,682,0,218,3783,0,0,0,0,0,0,0,0,400,-401,0,0,40
2423.07,0,0,0,0,99,2050,1.53591,0.00418999,1.53861,39,0,29,23,28,0,-2,0,0,1,57,3737,3890,215,134,35,711,34739,34211,108,2,87,73,803455,0,0,0,0,1,29,518,0,209,3788,0,0,0,0,0,0,0,0,400,-360,0,0,40
2423.08,0,0,0,0,99,2067,1.53631,0.00420499,1.53874,39,0,29,23,28,0,-2,0,0,1,57,3736,3890,207,134,35,711,34739,34211,108,2,87,73,773352,0,0,0,0,1,474,100,0,202,3774,0,0,0,0,0,0,0,0,400,-358,0,0,40
2423.09,0,0,0,0,99,2085,1.53672,0.00422,1.53887,39,0,29,23,28,0,-2,0,0,1,57,3736,3890,211,134,35,711,34739,34211,108,2,87,73,788296,0,0,0,0,1,618,0,0,221,3762,0,0,0,0,0,0,0,0,400,-383,0,0,40
2423.1,0,0,0,0,99,2085,1.53713,0.004235,1.539,39,0,29,23,27,0,-2,0,0,1,57,3736,3890,222,134,35,711,34714,34182,108,2,87,73,829392,0,0,0,0,1,54,0,554,237,3779,0,0,0,0,0,0,0,0,400,-430,0,0,40
2423.11,0,0,0,0,99,2085,1.53672,0.00423259,1.5388,39,0,29,23,27,0,-2,0,0,1,57,3736,3890,222,134,35,711,34714,34182,108,2,87,73,829392,0,0,0,0,1,54,0,554,237,3779,0,0,0,0,0,0,0,0,400,-427,0,0,40
2423.12,0,0,0,0,100,2076,1.53632,0.00423017,1.5386,39,0,29,23,27,0,-2,0,0,1,57,3743,3890,222,134,35,711,34714,34182,108,2,87,73,830946,0,0,0,0,1,0,0,673,240,3768,0,0,0,0,0,0,0,0,400,-427,0,0,40
2423.13,0,0,0,0,99,2063,1.53592,0.00422776,1.53841,39,0,29,23,27,0,-2,0,0,1,57,3743,3890,215,134,35,711,34714,34182,108,2,87,73,804745,0,0,0,0,1,0,354,376,237,3774,0,0,0,0,0,0,0,0,400,-419,0,0,40
2423.14,0,0,0,0,99,2060,1.53552,0.00422535,1.53821,39,0,29,23,27,0,-2,0,0,1,57,3736,3890,202,134,35,711,34714,34182,108,2,87,73,754672,0,0,0,0,1,0,649,0,215,3791,0,0,0,0,0,0,0,0,400,-385,0,0,40
2423.15,0,0,0,0,99,2072,1.53511,0.00422294,1.53801,39,0,29,23,27,0,-2,0,0,1,57,3736,3890,202,134,35,711,34714,34182,108,2,87,73,754672,0,0,0,0,1,169,446,0,208,3774,0,0,0,0,0,0,0,0,400,-372,0,0,40
2423.16,0,0,0,0,99,2089,1.53471,0.00422052,1.53781,39,0,29,23,27,0,-2,0,0,1,57,3739,3890,206,134,35,711,34714,34182,108,2,87,73,770234,0,0,0,0,1,659,0,0,216,3770,0,0,0,0,0,0,0,0,400,-398,0,0,40
2423.17,0,0,0,0,99,2089,1.53431,0.00421811,1.53762,39,0,29,23,27,0,-2,0,0,1,57,3739,3890,219,134,35,711,34714,34182,108,2,87,73,818841,0,0,0,0,1,659,0,0,216,3770,0,0,0,0,0,0,0,0,400,-394,0,0,40
2423.18,0,0,0,0,99,2101,1.53391,0.0042157,1.53742,39,0,29,23,27,0,-2,0,0,1,57,3739,3890,225,134,35,711,34714,34182,108,2,87,73,841275,0,0,0,0,1,384,0,331,229,3772,0,0,0,0,0,0,0,0,400,-394,0,0,40
2423.19,0,0,0,0,99,2097,1.5335,0.00421329,1.53722,39,0,29,23,27,0,-2,0,0,1,57,3739,3890,225,134,35,711,34714,34182,108,2,87,73,841275,0,0,0,0,1,0,0,703,243,3768,0,0,0,0,0,0,0,0,400,-413,0,0,40
2423.2,0,0,0,0,99,2086,1.5331,0.00421087,1.53703,39,0,29,23,28,0,-2,0,0,1,57,3740,3888,224,134,35,711,34743,34249,108,2,65,98,837760,0,0,0,0,1,0,530,147,238,3770,0,0,0,0,0,0,0,0,400,-406,0,0,40
2423.21,0,0,0,0,99,2077,1.53313,0.00421127,1.53724,39,0,29,23,28,0,-2,0,0,1,57,3740,3888,220,134,35,711,34743,34249,108,2,65,98,822800,0,0,0,0,1,0,655,0,224,3785,0,0,0,0,0,0,0,0,400,-393,0,0,40
2423.22,0,0,0,0,99,2082,1.53317,0.00421166,1.53745,39,0,29,23,28,0,-2,0,0,1,57,3734,3888,211,134,35,711,34743,34249,108,2,65,98,787874,0,0,0,0,1,402,208,0,205,3779,0,0,0,0,0,0,0,0,400,-363,0,0,40
2423.23,0,0,0,0,99,2082,1.5332,0.00421205,1.53766,39,0,29,23,28,0,-2,0,0,1,57,3734,3888,211,134,35,711,34743,34249,108,2,65,98,787874,0,0,0,0,1,402,208,0,205,3779,0,0,0,0,0,0,0,0,400,-351,0,0,40
2423.24,0,0,0,0,99,2101,1.53323,0.00421245,1.53787,39,0,29,23,28,0,-2,0,0,1,57,3739,3888,210,134,35,711,34743,34249,108,2,65,98,785190,0,0,0,0,1,563,0,0,209,3777,0,0,0,0,0,0,0,0,400,-351,0,0,40
2423.25,0,0,0,0,99,2113,1.53327,0.00421284,1.53808,39,0,29,23,28,0,-2,0,0,1,57,3739,3888,213,134,35,711,34743,34249,108,2,65,98,796407,0,0,0,0,1,0,0,706,227,3770,0,0,0,0,0,0,0,0,400,-427,0,0,40
2423.26,0,0,0,0,99,2114,1.5333,0.00421323,1.53829,39,0,29,23,28,0,-2,0,0,1,57,3739,3888,230,134,35,711,34743,34249,108,2,65,98,859970,0,0,0,0,1,0,475,187,242,3768,0,0,0,0,0,0,0,0,400,-404,0,0,40
2423.27,0,0,0,0,99,2103,1.53333,0.00421363,1.5385,39,0,29,23,28,0,-2,0,0,1,57,3739,3888,230,134,35,711,34743,34249,108,2,65,98,859970,0,0,0,0,1,0,659,0,248,3777,0,0,0,0,0,0,0,0,400,-415,0,0,40
2423.28,0,0,0,0,99,2092,1.53337,0.00421402,1.53871,39,0,29,23,28,0,-2,0,0,1,57,3740,3889,223,134,35,711,34743,34249,108,2,65,98,834020,0,0,0,0,1,607,0,0,233,3755,0,0,0,0,0,0,0,0,400,-409,0,0,40
2423.29,0,0,0,0,99,2092,1.5334,0.00421441,1.53892,39,0,29,23,28,0,-2,0,0,1,57,3740,3889,218,134,35,711,34743,34249,108,2,65,98,815320,0,0,0,0,1,607,0,0,233,3755,0,0,0,0,0,0,0,0,400,-390,0,0,40
2423.3,0,0,0,0,99,2093,1.53343,0.00421481,1.53913,39,0,29,23,28,0,-2,0,0,1,57,3734,3889,206,134,35,711,34705,34185,108,2,68,73,769204,0,0,0,0,1,558,0,58,221,3770,0,0,0,0,0,0,0,0,400,-390,0,0,40
2423.31,0,0,0,0,100,2106,1.53336,0.00420937,1.53927,39,0,29,23,28,0,-2,0,0,1,57,3734,3889,206,134,35,711,34705,34185,108,2,68,73,769204,0,0,0,0,1,0,0,616,208,3785,0,0,0,0,0,0,0,0,400,-358,0,0,40
2423.32,0,0,0,0,100,2125,1.53328,0.00420393,1.5394,39,0,29,23,28,0,-2,0,0,1,57,3742,3889,218,134,35,711,34705,34185,108,2,68,73,815756,0,0,0,0,1,0,438,165,217,3777,0,0,0,0,0,0,0,0,400,-360,0,0,40
2423.33,0,0,0,0,99,2133,1.53321,0.00419849,1.53953,39,0,29,23,28,0,-2,0,0,1,57,3742,3889,222,134,35,711,34705,34185,108,2,68,73,830724,0,0,0,0,1,267,434,0,232,3766,0,0,0,0,0,0,0,0,400,-414,0,0,40
2423.34,0,0,0,0,99,2128,1.53313,0.00419305,1.53967,39,0,29,23,28,0,-2,0,0,1,57,3736,3889,224,134,35,711,34705,34185,108,2,68,73,836864,0,0,0,0,1,607,0,0,242,3757,0,0,0,0,0,0,0,0,400,-425,0,0,40
2423.35,0,0,0,0,99,2128,1.53306,0.00418761,1.5398,39,0,29,23,28,0,-2,0,0,1,57,3736,3889,224,134,35,711,34705,34185,108,2,68,73,836864,0,0,0,0,1,607,0,0,242,3757,0,0,0,0,0,0,0,0,400,-448,0,0,40
2423.36,0,0,0,0,99,2112,1.53298,0.00418217,1.53994,39,0,29,23,28,0,-2,0,0,1,57,3736,3889,221,134,35,711,34705,34185,108,2,68,73,825656,0,0,0,0,1,0,0,733,248,3768,0,0,0,0,0,0,0,0,400,-448,0,0,40
2423.37,0,0,0,0,100,2103,1.53291,0.00417673,1.54007,39,0,29,23,28,0,-2,0,0,1,57,3736,3889,217,134,35,711,34705,34185,108,2,68,73,810712,0,0,0,0,1,0,327,328,227,3779,0,0,0,0,0,0,0,0,400,-400,0,0,40
2423.38,0,0,0,0,99,2114,1.53283,0.00417129,1.54021,39,0,29,23,28,0,-2,0,0,1,57,3736,3889,209,134,35,711,34705,34185,108,2,68,73,780824,0,0,0,0,1,0,536,0,212,3785,0,0,0,0,0,0,0,0,400,-335,0,0,40
2423.39,0,0,0,0,99,2132,1.53276,0.00416585,1.54034,39,0,29,23,28,0,-2,0,0,1,57,3736,3889,209,134,35,711,34705,34185,108,2,68,73,780824,0,0,0,0,1,677,0,0,216,3768,0,0,0,0,0,0,0,0,400,-398,0,0,40
2423.4,0,0,0,0,99,2143,1.53268,0.00416041,1.54047,39,0,29,23,28,0,-2,0,0,1,57,3734,3889,213,134,35,711,34700,34171,108,2,65,98,795342,0,0,0,0,1,0,0,675,232,3768,0,0,0,0,0,0,0,0,400,-405,0,0,40
2423.41,0,0,0,0,99,2143,1.53289,0.00416396,1.53972,39,0,29,23,28,0,-2,0,0,1,57,3741,3889,231,134,35,711,34700,34171,108,2,65,98,864171,0,0,0,0,1,0,0,675,232,3772,0,0,0,0,0,0,0,0,400,-398,0,0,40
2423.42,0,0,0,0,99,2141,1.5331,0.00416751,1.53896,39,0,29,23,28,0,-2,0,0,1,57,3741,3889,239,134,35,711,34700,34171,108,2,65,98,894099,0,0,0,0,1,0,592,23,241,3772,0,0,0,0,0,0,0,0,400,-398,0,0,40
2423.43,0,0,0,0,99,2133,1.53331,0.00417106,1.5382,39,0,29,23,28,0,-2,0,0,1,57,3741,3889,239,134,35,711,34700,34171,108,2,65,98,894099,0,0,0,0,1,347,380,0,240,3759,0,0,0,0,0,0,0,0,400,-425,0,0,40
2423.44,0,0,0,0,99,2124,1.53352,0.00417461,1.53744,39,0,29,23,28,0,-2,0,0,1,57,3731,3889,227,134,35,711,34700,34171,108,2,65,98,846937,0,0,0,0,1,546,0,23,233,3757,0,0,0,0,0,0,0,0,400,-390,0,0,40
2423.45,0,0,0,0,99,2126,1.53373,0.00417816,1.53668,39,0,29,23,28,0,-2,0,0,1,57,3731,3889,213,134,35,711,34700,34171,108,2,65,98,794703,0,0,0,0,1,0,0,624,219,3772,0,0,0,0,0,0,0,0,400,-385,0,0,40
2423.46,0,0,0,0,100,2141,1.53394,0.00418171,1.53592,39,0,29,23,28,0,-2,0,0,1,57,3731,3889,207,134,35,711,34700,34171,108,2,65,98,772317,0,0,0,0,1,0,610,0,220,3785,0,0,0,0,0,0,0,0,400,-381,0,0,40
2423.47,0,0,0,0,99,2141,1.53415,0.00418526,1.53516,39,0,29,23,28,0,-2,0,0,1,57,3731,3889,207,134,35,711,34700,34171,108,2,65,98,772317,0,0,0,0,1,0,610,0,220,3785,0,0,0,0,0,0,0,0,400,-398,0,0,40
2423.48,0,0,0,0,99,2153,1.53436,0.00418881,1.53441,39,0,29,23,28,0,-2,0,0,1,57,3740,3889,220,134,35,711,34700,34171,108,2,65,98,822800,0,0,0,0,1,610,0,0,229,3766,0,0,0,0,0,0,0,0,400,-398,0,0,40
2423.49,0,0,0,0,99,2157,1.53457,0.00419236,1.53365,39,0,29,23,28,0,-2,0,0,1,57,3740,3889,228,134,35,711,34700,34171,108,2,65,98,852720,0,0,0,0,1,21,0,581,237,3777,0,0,0,0,0,0,0,0,400,-387,0,0,40
2423.5,0,0,0,0,99,2149,1.53478,0.00419591,1.53289,39,0,29,23,28,0,-2,0,0,1,56,3740,3887,246,134,35,711,34747,34263,108,2,87,98,920040,0,0,0,0,1,0,475,202,246,3768,0,0,0,0,0,0,0,0,400,-408,0,0,40
2423.51,0,0,0,0,99,2139,1.53479,0.00419407,1.53357,39,0,29,23,28,0,-2,0,0,1,56,3740,3887,246,134,35,711,34747,34263,108,2,87,98,920040,0,0,0,0,1,364,333,0,235,3762,0,0,0,0,0,0,0,0,400,-408,0,0,40
2423.52,0,0,0,0,99,2140,1.53479,0.00419223,1.53426,39,0,29,23,28,0,-2,0,0,1,56,3730,3887,226,134,35,711,34747,34263,108,2,87,98,842980,0,0,0,0,1,527,0,62,223,3770,0,0,0,0,0,0,0,0,400,-383,0,0,40
2423.53,0,0,0,0,100,2140,1.5348,0.0041904,1.53494,39,0,29,23,28,0,-2,0,0,1,56,3730,3887,212,134,35,711,34747,34263,108,2,87,98,790760,0,0,0,0,1,527,0,62,223,3783,0,0,0,0,0,0,0,0,400,-353,0,0,40
2423.54,0,0,0,0,99,2153,1.5348,0.00418856,1.53563,39,0,29,23,28,0,-2,0,0,1,56,3730,3887,206,134,35,711,34747,34263,108,2,87,98,768380,0,0,0,0,1,0,0,552,215,3783,0,0,0,0,0,0,0,0,400,-353,0,0,40
2423.55,0,0,0,0,99,2169,1.5348,0.00418672,1.53631,39,0,29,23,28,0,-2,0,0,1,56,3730,3887,206,134,35,711,34747,34263,108,2,87,98,768380,0,0,0,0,1,0,571,0,228,3779,0,0,0,0,0,0,0,0,400,-371,0,0,40
2423.56,0,0,0,0,99,2171,1.53481,0.00418489,1.53699,39,0,29,23,28,0,-2,0,0,1,56,3737,3887,227,134,35,711,34747,34263,108,2,87,98,848299,0,0,0,0,1,597,0,0,245,3764,0,0,0,0,0,0,0,0,400,-406,0,0,40
2423.57,0,0,0,0,99,2166,1.53481,0.00418305,1.53768,39,0,29,23,28,0,-2,0,0,1,56,3740,3887,231,134,35,711,34747,34263,108,2,87,98,863940,0,0,0,0,1,0,30,603,245,3766,0,0,0,0,0,0,0,0,400,-418,0,0,40
2423.58,0,0,0,0,99,2154,1.53482,0.00418121,1.53836,39,0,29,23,28,0,-2,0,0,1,56,3740,3887,242,134,35,711,34747,34263,108,2,87,98,905080,0,0,0,0,1,0,600,0,238,3777,0,0,0,0,0,0,0,0,400,-385,0,0,40
2423.59,0,0,0,0,99,2154,1.53482,0.00417938,1.53905,39,0,29,23,28,0,-2,0,0,1,56,3740,3887,242,134,35,711,34747,34263,108,2,87,98,905080,0,0,0,0,1,0,600,0,238,3777,0,0,0,0,0,0,0,0,400,-377,0,0,40
2423.6,0,0,0,0,99,2153,1.53482,0.00417754,1.53973,39,0,29,23,28,0,-2,0,0,1,57,3727,3885,221,134,35,711,34644,34049,108,2,65,98,823667,0,0,0,0,1,634,0,0,225,3764,0,0,0,0,0,0,0,0,400,-377,0,0,40
2423.61,0,0,0,0,99,2164,1.53508,0.00416404,1.53942,39,0,29,23,28,0,-2,0,0,1,57,3727,3885,212,134,35,711,34644,34049,108,2,65,98,790124,0,0,0,0,1,0,0,632,221,3774,0,0,0,0,0,0,0,0,400,-369,0,0,40
2423.62,0,0,0,0,99,2179,1.53534,0.00415055,1.53912,39,0,29,23,28,0,-2,0,0,1,57,3727,3885,207,134,35,711,34644,34049,108,2,65,98,771489,0,0,0,0,1,0,592,0,227,3783,0,0,0,0,0,0,0,0,400,-363,0,0,40
2423.63,0,0,0,0,99,2189,1.5356,0.00413705,1.53881,39,0,29,23,28,0,-2,0,0,1,57,3727,3885,207,134,35,711,34644,34049,108,2,65,98,771489,0,0,0,0,1,569,0,46,238,3762,0,0,0,0,0,0,0,0,400,-413,0,0,40
2423.64,0,0,0,0,99,2185,1.53586,0.00412355,1.5385,39,0,29,23,28,0,-2,0,0,1,57,3738,3885,233,134,35,711,34644,34049,108,2,65,98,870954,0,0,0,0,1,0,243,507,249,3764,0,0,0,0,0,0,0,0,400,-437,0,0,40
2423.65,0,0,0,0,99,2185,1.53612,0.00411006,1.5382,39,0,29,23,28,0,-2,0,0,1,57,3738,3885,243,134,35,711,34644,34049,108,2,65,98,908334,0,0,0,0,1,0,243,507,249,3764,0,0,0,0,0,0,0,0,400,-424,0,0,40
2423.66,0,0,0,0,100,2177,1.53638,0.00409656,1.53789,39,0,29,23,28,0,-2,0,0,1,57,3738,3884,246,134,35,711,34644,34049,108,2,65,98,919548,0,0,0,0,1,439,280,0,244,3755,0,0,0,0,0,0,0,0,400,-424,0,0,40
2423.67,0,0,0,0,99,2170,1.53664,0.00408306,1.53758,39,0,29,23,28,0,-2,0,0,1,57,3738,3884,246,134,35,711,34644,34049,108,2,65,98,919548,0,0,0,0,1,251,0,378,232,3781,0,0,0,0,0,0,0,0,400,-388,0,0,40
2423.68,0,0,0,0,99,2180,1.5369,0.00406956,1.53728,39,0,29,23,28,0,-2,0,0,1,57,3738,3884,213,134,35,711,34644,34049,108,2,65,98,796194,0,0,0,0,1,0,440,124,217,3783,0,0,0,0,0,0,0,0,400,-350,0,0,40
2423.69,0,0,0,0,99,2189,1.53716,0.00405607,1.53697,39,0,29,23,28,0,-2,0,0,1,57,3727,3884,206,134,35,711,34644,34049,108,2,65,98,767762,0,0,0,0,1,634,0,0,235,3766,0,0,0,0,0,0,0,0,400,-407,0,0,40
2423.7,0,0,0,0,99,2199,1.53742,0.00404257,1.53666,39,0,29,23,28,0,-2,0,0,1,57,3727,3884,211,134,35,711,34643,34077,108,2,87,98,786397,0,0,0,0,1,0,0,712,238,3762,0,0,0,0,0,0,0,0,400,-395,0,0,40
2423.71,0,0,0,0,99,2199,1.53713,0.00406398,1.53609,39,0,29,23,28,0,-2,0,0,1,57,3727,3884,211,134,35,711,34643,34077,108,2,87,98,786397,0,0,0,0,1,0,0,712,238,3762,0,0,0,0,0,0,0,0,400,-407,0,0,40
2423.72,0,0,0,0,99,2202,1.53684,0.00408539,1.53553,39,0,29,23,28,0,-2,0,0,1,57,3738,3884,235,134,35,711,34643,34077,108,2,87,98,878430,0,0,0,0,1,0,621,0,244,3772,0,0,0,0,0,0,0,0,400,-407,0,0,40
2423.73,0,0,0,0,99,2193,1.53655,0.00410681,1.53496,39,0,29,23,28,0,-2,0,0,1,57,3731,3884,249,134,35,711,34643,34077,108,2,87,98,929019,0,0,0,0,1,521,0,161,244,3764,0,0,0,0,0,0,0,0,400,-418,0,0,40
2423.74,0,0,0,0,99,2190,1.53626,0.00412822,1.53439,39,0,29,23,28,0,-2,0,0,1,57,3731,3884,240,134,35,711,34643,34077,108,2,87,98,895440,0,0,0,0,1,0,322,386,245,3768,0,0,0,0,0,0,0,0,400,-436,0,0,40
2423.75,0,0,0,0,99,2195,1.53597,0.00414963,1.53383,39,0,29,23,28,0,-2,0,0,1,57,3731,3884,240,134,35,711,34643,34077,108,2,87,98,895440,0,0,0,0,1,517,75,0,227,3764,0,0,0,0,0,0,0,0,400,-376,0,0,40
2423.76,0,0,0,0,99,2208,1.53568,0.00417104,1.53326,39,0,29,23,28,0,-2,0,0,1,57,3731,3884,212,134,35,711,34643,34077,108,2,87,98,790972,0,0,0,0,1,0,0,677,227,3770,0,0,0,0,0,0,0,0,400,-380,0,0,40
2423.77,0,0,0,0,99,2208,1.53539,0.00419245,1.53269,39,0,29,23,28,0,-2,0,0,1,57,3728,3884,215,134,35,711,34643,34077,108,2,87,98,801520,0,0,0,0,1,0,0,677,227,3770,0,0,0,0,0,0,0,0,400,-396,0,0,40
2423.78,0,0,0,0,99,2219,1.5351,0.00421387,1.53213,39,0,29,23,28,0,-2,0,0,1,57,3728,3884,213,134,35,711,34643,34077,108,2,87,98,794064,0,0,0,0,1,23,577,0,235,3774,0,0,0,0,0,0,0,0,400,-396,0,0,40
2423.79,0,0,0,0,99,2220,1.5348,0.00423528,1.53156,39,0,29,23,28,0,-2,0,0,1,57,3728,3884,213,134,35,711,34643,34077,108,2,87,98,794064,0,0,0,0,1,333,0,399,249,3772,0,0,0,0,0,0,0,0,400,-400,0,0,40
2423.8,0,0,0,0,99,2210,1.53451,0.00425669,1.53099,39,0,29,23,28,0,-2,0,0,1,57,3737,3884,244,134,35,711,34718,34195,108,2,66,98,911828,0,0,0,0,1,0,682,0,255,3768,0,0,0,0,0,0,0,0,400,-422,0,0,40
2423.81,0,0,0,0,99,2203,1.53462,0.00424391,1.53137,39,0,29,23,28,0,-2,0,0,1,57,3737,3884,250,134,35,711,34718,34195,108,2,66,98,934250,0,0,0,0,1,689,0,0,237,3755,0,0,0,0,0,0,0,0,400,-403,0,0,40
2423.82,0,0,0,0,99,2211,1.53472,0.00423114,1.53174,39,0,29,23,28,0,-2,0,0,1,57,3732,3884,239,134,35,711,34718,34195,108,2,66,98,891948,0,0,0,0,1,0,116,501,221,3781,0,0,0,0,0,0,0,0,400,-369,0,0,40
2423.83,0,0,0,0,99,2211,1.53483,0.00421837,1.53212,39,0,29,23,28,0,-2,0,0,1,57,3732,3884,239,135,35,711,34718,34195,108,2,66,98,891948,0,0,0,0,1,0,116,501,221,3781,0,0,0,0,0,0,0,0,400,-371,0,0,40
2423.84,0,0,0,0,99,2222,1.53493,0.00420559,1.53249,39,0,29,23,28,0,-2,0,0,1,57,3732,3884,211,135,35,711,34718,34195,108,2,66,98,787452,0,0,0,0,1,452,158,0,227,3768,0,0,0,0,0,0,0,0,400,-371,0,0,40
2423.85,0,0,0,0,99,2234,1.53503,0.00419282,1.53287,39,0,29,23,28,0,-2,0,0,1,57,3731,3884,211,135,35,711,34718,34195,108,2,66,98,787241,0,0,0,0,1,0,0,681,238,3768,0,0,0,0,0,0,0,0,400,-406,0,0,40
2423.86,0,0,0,0,99,2235,1.53514,0.00418004,1.53324,39,0,29,23,28,0,-2,0,0,1,57,3731,3884,226,135,35,711,34718,34195,108,2,66,98,843206,0,0,0,0,1,259,475,0,254,3751,0,0,0,0,0,0,0,0,400,-436,0,0,40
2423.87,0,0,0,0,99,2229,1.53524,0.00416727,1.53362,39,0,29,23,28,0,-2,0,0,1,57,3731,3884,226,135,35,711,34718,34195,108,2,66,98,843206,0,0,0,0,1,0,0,673,249,3768,0,0,0,0,0,0,0,0,400,-399,0,0,40
2423.88,0,0,0,0,99,2224,1.53534,0.00415449,1.53399,39,0,29,23,28,0,-2,0,0,1,57,3737,3884,242,135,35,711,34718,34195,108,2,66,98,904354,0,0,0,0,1,0,614,0,244,3772,0,0,0,0,0,0,0,0,400,-393,0,0,40
2423.89,0,0,0,0,100,2224,1.53545,0.00414172,1.53437,39,0,29,23,28,0,-2,0,0,1,57,3728,3884,237,135,35,711,34718,34195,108,2,66,98,883536,0,0,0,0,1,0,614,0,244,3777,0,0,0,0,0,0,0,0,400,-396,0,0,40
2423.9,0,0,0,0,99,2228,1.53555,0.00412894,1.53474,39,0,29,23,28,0,-2,0,0,1,57,3728,3884,234,135,35,711,34724,34166,108,2,87,73,872352,0,0,0,0,1,320,0,329,233,3777,0,0,0,0,0,0,0,0,400,-396,0,0,40
2423.91,0,0,0,0,99,2237,1.53544,0.00413338,1.53462,39,0,29,23,28,0,-2,0,0,1,57,3728,3884,234,135,35,711,34724,34166,108,2,87,73,872352,0,0,0,0,1,0,696,0,236,3777,0,0,0,0,0,0,0,0,400,-410,0,0,40
2423.92,0,0,0,0,99,2244,1.53534,0.00413782,1.5345,39,0,29,23,28,0,-2,0,0,1,57,3728,3889,221,135,35,711,34724,34166,108,2,87,73,823888,0,0,0,0,1,470,0,228,240,3768,0,0,0,0,0,0,0,0,400,-424,0,0,40
2423.93,0,0,0,0,99,2248,1.53523,0.00414225,1.53437,39,0,29,23,28,0,-2,0,0,1,57,3736,3889,223,135,35,711,34724,34166,108,2,87,73,833128,0,0,0,0,1,0,694,0,251,3777,0,0,0,0,0,0,0,0,400,-417,0,0,40
2423.94,0,0,0,0,99,2243,1.53512,0.00414669,1.53425,39,0,29,23,28,0,-2,0,0,1,57,3736,3889,230,135,35,711,34724,34166,108,2,87,73,859280,0,0,0,0,1,498,0,169,248,3762,0,0,0,0,0,0,0,0,400,-411,0,0,40
2423.95,0,0,0,0,100,2243,1.53502,0.00415112,1.53413,39,0,29,23,28,0,-2,0,0,1,57,3736,3889,230,135,35,711,34724,34166,108,2,87,73,859280,0,0,0,0,1,498,0,169,248,3762,0,0,0,0,0,0,0,0,400,-387,0,0,40
2423.96,0,0,0,0,99,2244,1.53491,0.00415556,1.53401,39,0,29,23,28,0,-2,0,0,1,57,3734,3889,243,135,35,711,34724,34166,108,2,87,73,907362,0,0,0,0,1,0,618,0,241,3770,0,0,0,0,0,0,0,0,400,-387,0,0,40
2423.97,0,0,0,0,99,2248,1.5348,0.00415999,1.53389,39,0,29,23,28,0,-2,0,0,1,57,3734,3889,239,135,35,711,34724,34166,108,2,87,73,892426,0,0,0,0,1,517,0,132,238,3757,0,0,0,0,0,0,0,0,400,-395,0,0,40
2423.98,0,0,0,0,99,2257,1.5347,0.00416443,1.53376,39,0,29,23,28,0,-2,0,0,1,57,3728,3889,230,135,35,711,34724,34166,108,2,87,73,857440,0,0,0,0,1,0,656,0,237,3777,0,0,0,0,0,0,0,0,400,-393,0,0,40
2423.99,0,0,0,0,99,2257,1.53459,0.00416886,1.53364,39,0,29,23,28,0,-2,0,0,1,57,3728,3889,230,135,35,711,34724,34166,108,2,87,73,857440,0,0,0,0,1,439,0,249,246,3764,0,0,0,0,0,0,0,0,400,-418,0,0,40
2424,0,0,0,0,99,2257,1.53448,0.0041733,1.53352,39,0,29,23,28,0,-2,0,0,1,57,3728,3897,230,135,35,711,34643,34068,108,2,82,73,857440,0,0,0,0,1,0,715,0,249,3772,0,0,0,0,0,0,0,0,400,-420,0,0,40
2424.01,0,0,0,0,99,2257,1.53459,0.00416195,1.53376,39,0,29,23,28,0,-2,0,0,1,57,3737,3897,222,135,35,711,34643,34068,108,2,82,73,829614,0,0,0,0,1,0,715,0,249,3772,0,0,0,0,0,0,0,0,400,-376,0,0,40
2424.02,0,0,0,0,99,2252,1.5347,0.0041506,1.534,39,0,29,23,28,0,-2,0,0,1,57,3737,3897,230,135,35,711,34643,34068,108,2,82,73,859510,0,0,0,0,1,263,0,396,245,3772,0,0,0,0,0,0,0,0,400,-376,0,0,40
2424.03,0,0,0,0,99,2256,1.53481,0.00413924,1.53424,39,0,29,23,28,0,-2,0,0,1,57,3737,3897,230,135,35,711,34643,34068,108,2,82,73,859510,0,0,0,0,1,0,678,0,238,3779,0,0,0,0,0,0,0,0,400,-396,0,0,40
2424.04,0,0,0,0,99,2262,1.53491,0.00412789,1.53447,39,0,29,23,28,0,-2,0,0,1,57,3734,3897,240,135,35,711,34643,34068,108,2,82,73,896160,0,0,0,0,1,243,0,392,238,3781,0,0,0,0,0,0,0,0,400,-379,0,0,40
2424.05,0,0,0,0,99,2270,1.53502,0.00411654,1.53471,39,0,29,23,28,0,-2,0,0,1,57,3724,3897,236,135,35,711,34643,34068,108,2,82,73,878864,0,0,0,0,1,0,577,0,240,3772,0,0,0,0,0,0,0,0,400,-370,0,0,40
2424.06,0,0,0,0,99,2275,1.53513,0.00410519,1.53495,39,0,29,23,28,0,-2,0,0,1,57,3724,3897,228,135,35,711,34643,34068,108,2,82,73,849072,0,0,0,0,1,0,0,645,243,3770,0,0,0,0,0,0,0,0,400,-391,0,0,40
2424.07,0,0,0,0,100,2275,1.53524,0.00409384,1.53519,39,0,29,23,28,0,-2,0,0,1,57,3724,3897,228,135,35,711,34643,34068,108,2,82,73,849072,0,0,0,0,1,0,0,645,243,3755,0,0,0,0,0,0,0,0,400,-410,0,0,40
2424.08,0,0,0,0,100,2272,1.53535,0.00408248,1.53543,39,0,29,23,28,0,-2,0,0,1,57,3724,3903,223,135,35,711,34643,34068,108,2,82,73,830452,0,0,0,0,1,345,356,0,250,3755,0,0,0,0,0,0,0,0,400,-410,0,0,40
2424.09,0,0,0,0,100,2268,1.53546,0.00407113,1.53567,39,0,29,23,28,0,-2,0,0,1,57,3724,3903,238,135,35,711,34643,34068,108,2,82,73,886312,0,0,0,0,1,0,0,671,252,3764,0,0,0,0,0,0,0,0,400,-393,0,0,40
2424.1,0,0,0,0,99,2267,1.53557,0.00405978,1.53591,39,0,29,23,27,0,-2,0,0,1,56,3732,3903,244,135,35,711,34679,34142,107,2,87,98,910608,0,0,0,0,1,566,5,0,242,3755,0,0,0,0,0,0,0,0,400,-383,0,0,40
2424.11,0,0,0,0,99,2273,1.53538,0.00406856,1.5357,39,0,29,23,27,0,-2,0,0,1,56,3732,3903,244,135,35,711,34679,34142,107,2,87,98,910608,0,0,0,0,1,0,161,513,238,3770,0,0,0,0,0,0,0,0,400,-408,0,0,40
2424.12,0,0,0,0,99,2278,1.53519,0.00407735,1.53548,39,0,29,23,27,0,-2,0,0,1,56,3726,3903,230,135,35,711,34679,34142,107,2,87,98,856980,0,0,0,0,1,689,0,0,245,3759,0,0,0,0,0,0,0,0,400,-381,0,0,40
2424.13,0,0,0,0,99,2278,1.535,0.00408614,1.53527,39,0,29,23,27,0,-2,0,0,1,56,3726,3903,222,135,35,711,34679,34142,107,2,87,98,827172,0,0,0,0,1,689,0,0,245,3759,0,0,0,0,0,0,0,0,400,-404,0,0,40
2424.14,0,0,0,0,99,2282,1.5348,0.00409492,1.53506,39,0,29,23,27,0,-2,0,0,1,56,3726,3903,232,135,35,711,34679,34142,107,2,87,98,864432,0,0,0,0,1,0,565,17,248,3764,0,0,0,0,0,0,0,0,400,-404,0,0,40
2424.15,0,0,0,0,99,2279,1.53461,0.00410371,1.53485,39,0,29,23,27,0,-2,0,0,1,56,3726,3903,232,135,35,711,34679,34142,107,2,87,98,864432,0,0,0,0,1,484,0,183,251,3759,0,0,0,0,0,0,0,0,400,-405,0,0,40
2424.16,0,0,0,0,99,2280,1.53442,0.00411249,1.53464,39,0,29,23,27,0,-2,0,0,1,56,3734,3903,240,135,35,711,34679,34142,107,2,87,98,896160,0,0,0,0,1,0,633,0,245,3777,0,0,0,0,0,0,0,0,400,-400,0,0,40
2424.17,0,0,0,0,99,2283,1.53423,0.00412128,1.53443,39,0,29,23,27,0,-2,0,0,1,56,3734,3903,240,135,35,711,34679,34142,107,2,87,98,896160,0,0,0,0,1,0,0,663,243,3774,0,0,0,0,0,0,0,0,400,-405,0,0,40
2424.18,0,0,0,0,99,2288,1.53404,0.00413006,1.53421,39,0,29,23,27,0,-2,0,0,1,56,3734,3903,252,135,35,711,34679,34142,107,2,87,98,940968,0,0,0,0,1,416,211,0,238,3757,0,0,0,0,0,0,0,0,400,-373,0,0,40
2424.19,0,0,0,0,99,2288,1.53385,0.00413885,1.534,39,0,29,23,27,0,-2,0,0,1,56,3734,3903,252,135,35,711,34679,34142,107,2,87,98,940968,0,0,0,0,1,416,211,0,238,3757,0,0,0,0,0,0,0,0,400,-392,0,0,40
2424.2,0,0,0,0,99,2293,1.53366,0.00414763,1.53379,39,0,29,23,28,0,-2,0,0,1,57,3730,3903,232,135,35,711,34670,34080,108,2,87,73,865360,0,0,0,0,1,0,186,548,245,3762,0,0,0,0,0,0,0,0,400,-392,0,0,40
2424.21,0,0,0,0,99,2292,1.53382,0.00415488,1.53411,39,0,29,23,28,0,-2,0,0,0.9,57,3726,3903,235,135,35,711,34670,34080,108,2,87,73,875610,0,0,0,0,1,673,0,0,251,3755,0,0,0,0,0,0,0,0,400,-402,0,0,40
2424.22,0,0,0,0,99,2288,1.53398,0.00416213,1.53443,39,0,29,23,28,0,-2,0,0,0.8,57,3726,3903,231,135,35,711,34670,34080,108,2,87,73,860706,0,0,0,0,1,0,659,0,257,3772,0,0,0,0,0,0,0,0,400,-410,0,0,40
2424.23,0,0,0,0,100,2285,1.53413,0.00416938,1.53475,39,0,29,23,28,0,-2,0,0,0.7,57,3726,3903,231,135,35,711,34670,34080,108,2,87,73,860706,0,0,0,0,1,328,0,345,243,3777,0,0,0,0,0,0,0,0,400,-382,0,0,40
2424.24,0,0,0,0,99,2296,1.53429,0.00417662,1.53507,39,0,29,23,28,0,-2,0,0,0.6,57,3732,3903,250,135,35,711,34670,34080,108,2,87,73,933000,0,0,0,0,1,153,479,0,235,3772,0,0,0,0,0,0,0,0,400,-385,0,0,40
2424.25,0,0,0,0,99,2296,1.53445,0.00418387,1.53539,39,0,29,23,28,0,-2,0,0,0.5,57,3732,3903,243,135,35,711,34670,34080,108,2,87,73,906876,0,0,0,0,1,153,479,0,235,3772,0,0,0,0,0,0,0,0,400,-393,0,0,40
2424.26,0,0,0,0,99,2302,1.5346,0.00419112,1.53571,39,0,29,23,28,0,-2,0,0,0.4,57,3732,3903,247,135,35,711,34670,34080,108,2,87,73,921804,0,0,0,0,1,0,0,640,249,3759,0,0,0,0,0,0,0,0,400,-393,0,0,40
2424.27,0,0,0,0,99,2306,1.53476,0.00419837,1.53603,39,0,29,23,28,0,-2,0,0,0.3,57,3732,3903,247,135,35,711,34670,34080,108,2,87,73,921804,0,0,0,0,1,689,0,0,251,3753,0,0,0,0,0,0,0,0,400,-403,0,0,40
2424.28,0,0,0,0,99,2304,1.53492,0.00420562,1.53635,39,0,29,23,28,0,-2,0,0,0.2,57,3729,3903,231,135,35,711,34670,34080,108,2,87,73,861399,0,0,0,0,1,0,649,0,254,3774,0,0,0,0,0,0,0,0,400,-400,0,0,40
2424.29,0,0,0,0,99,2301,1.53507,0.00421287,1.53667,39,0,29,23,28,0,-2,0,0,0.1,57,3729,3903,241,135,35,711,34670,34080,108,2,87,73,898689,0,0,0,0,1,183,0,476,253,3772,0,0,0,0,0,0,0,0,400,-400,0,0,40
2424.3,0,0,0,0,99,2299,1.53523,0.00422012,1.53699,39,0,29,23,28,0,-2,0,0,0,57,3729,3902,241,135,35,711,34650,34115,108,2,65,98,898689,0,0,0,0,1,228,454,0,250,3759,0,0,0,0,0,0,0,0,400,-406,0,0,40
2424.31,0,0,0,0,99,2299,1.5352,0.00421653,1.537,39,0,29,23,28,0,-2,0,0,0.1,57,3729,3902,241,135,35,711,34650,34115,108,2,65,98,898689,0,0,0,0,1,228,454,0,250,3759,0,0,0,0,0,0,0,0,400,-351,0,0,40
2424.32,0,0,0,0,99,2304,1.53516,0.00421295,1.537,39,0,29,23,28,0,-2,0,0,0.2,57,3725,3902,247,135,35,711,34650,34115,108,2,65,98,920075,0,0,0,0,1,0,0,552,235,3770,0,0,0,0,0,0,0,0,400,-351,0,0,40
2424.33,0,0,0,0,99,2313,1.53513,0.00420937,1.53701,39,0,29,23,28,0,-2,0,0,0.3,57,3725,3902,236,135,35,711,34650,34115,108,2,65,98,879100,0,0,0,0,1,642,0,0,243,3757,0,0,0,0,0,0,0,0,400,-383,0,0,40
2424.34,0,0,0,0,99,2320,1.53509,0.00420579,1.53702,39,0,29,23,28,0,-2,0,0,0.4,57,3725,3902,236,135,35,711,34650,34115,108,2,65,98,879100,0,0,0,0,1,0,680,0,249,3774,0,0,0,0,0,0,0,0,400,-396,0,0,40
2424.35,0,0,0,0,99,2318,1.53506,0.00420221,1.53703,39,0,29,23,28,0,-2,0,0,0.5,57,3725,3902,236,135,35,711,34650,34115,108,2,65,98,879100,0,0,0,0,1,0,0,708,260,3762,0,0,0,0,0,0,0,0,400,-415,0,0,40
2424.36,0,0,0,0,99,2313,1.53503,0.00419863,1.53704,39,0,29,23,28,0,-2,0,0,0.6,57,3728,3902,235,135,35,711,34650,34115,108,2,65,98,876080,0,0,0,0,1,675,0,0,254,3753,0,0,0,0,0,0,0,0,400,-416,0,0,40
2424.37,0,0,0,0,99,2313,1.53499,0.00419505,1.53705,39,0,29,23,28,0,-2,0,0,0.7,57,3729,3902,237,135,35,711,34650,34115,108,2,65,98,883773,0,0,0,0,1,675,0,0,254,3753,0,0,0,0,0,0,0,0,400,-389,0,0,40
2424.38,0,0,0,0,99,2317,1.53496,0.00419147,1.53706,39,0,29,23,28,0,-2,0,0,0.8,57,3729,3902,249,135,35,711,34650,34115,108,2,65,98,928521,0,0,0,0,1,0,559,15,247,3764,0,0,0,0,0,0,0,0,400,-389,0,0,40
2424.39,0,0,0,0,100,2323,1.53492,0.00418789,1.53706,39,0,29,23,28,0,-2,0,0,0.9,57,3729,3902,249,135,35,711,34650,34115,108,2,65,98,928521,0,0,0,0,1,97,0,489,244,3777,0,0,0,0,0,0,0,0,400,-353,0,0,40
2424.4,0,0,0,0,100,2331,1.53489,0.00418431,1.53707,39,0,29,23,28,0,-2,0,0,1,57,3723,3899,240,135,35,711,34605,34032,108,2,65,98,893520,0,0,0,0,1,536,104,0,249,3755,0,0,0,0,0,0,0,0,400,-402,0,0,40
2424.41,0,0,0,0,100,2331,1.53494,0.00416823,1.53729,39,0,29,23,28,0,-2,0,0,0.9,57,3723,3899,241,135,35,711,34605,34032,108,2,65,98,897243,0,0,0,0,1,0,483,153,260,3759,0,0,0,0,0,0,0,0,400,-396,0,0,40
2424.42,0,0,0,0,99,2328,1.53499,0.00415216,1.5375,39,0,29,23,28,0,-2,0,0,0.8,57,3723,3899,235,135,35,711,34605,34032,108,2,65,98,874905,0,0,0,0,1,165,0,480,255,3772,0,0,0,0,0,0,0,0,400,-375,0,0,40
2424.43,0,0,0,0,99,2328,1.53504,0.00413609,1.53771,39,0,29,23,28,0,-2,0,0,0.7,57,3723,3899,235,135,35,711,34605,34032,108,2,65,98,874905,0,0,0,0,1,165,0,480,255,3772,0,0,0,0,0,0,0,0,400,-391,0,0,40
2424.44,0,0,0,0,99,2328,1.53509,0.00412002,1.53792,39,0,29,23,28,0,-2,0,0,0.6,57,3729,3899,239,135,35,711,34605,34032,108,2,65,98,891231,0,0,0,0,1,439,217,0,251,3755,0,0,0,0,0,0,0,0,400,-391,0,0,40
2424.45,0,0,0,0,100,2334,1.53514,0.00410395,1.53814,39,0,29,23,28,0,-2,0,0,0.5,57,3729,3899,244,135,35,711,34605,34032,108,2,65,98,909876,0,0,0,0,1,0,403,235,248,3759,0,0,0,0,0,0,0,0,400,-375,0,0,40
2424.46,0,0,0,0,100,2340,1.53519,0.00408788,1.53835,39,0,29,23,28,0,-2,0,0,0.4,57,3729,3898,246,135,35,711,34605,34032,108,2,65,98,917334,0,0,0,0,1,144,0,476,245,3781,0,0,0,0,0,0,0,0,400,-358,0,0,40
2424.47,0,0,0,0,99,2351,1.53524,0.0040718,1.53856,39,0,29,23,28,0,-2,0,0,0.3,57,3729,3898,246,135,35,711,34605,34032,108,2,65,98,917334,0,0,0,0,1,593,0,0,248,3749,0,0,0,0,0,0,0,0,400,-393,0,0,40
2424.48,0,0,0,0,99,2353,1.53529,0.00405573,1.53878,39,0,29,23,28,0,-2,0,0,0.2,57,3729,3898,237,135,35,711,34605,34032,108,2,65,98,883773,0,0,0,0,1,0,708,0,266,3766,0,0,0,0,0,0,0,0,400,-431,0,0,40
2424.49,0,0,0,0,99,2353,1.53534,0.00403966,1.53899,39,0,29,23,28,0,-2,0,0,0.1,57,3723,3898,239,135,35,711,34605,34032,108,2,65,98,889797,0,0,0,0,1,0,708,0,266,3755,0,0,0,0,0,0,0,0,400,-395,0,0,40
2424.5,0,0,0,0,99,2347,1.5354,0.00402359,1.5392,39,0,29,23,28,0,-2,0,0,0,57,3723,3898,235,135,35,711,34609,34022,108,2,65,98,874905,0,0,0,0,1,0,0,726,260,3755,0,0,0,0,0,0,0,0,400,-395,0,0,40
2424.51,0,0,0,0,99,2349,1.53542,0.00402681,1.53893,39,0,29,23,28,0,-2,0,0,0.1,57,3723,3898,235,135,35,711,34609,34022,108,2,65,98,874905,0,0,0,0,1,671,0,0,252,3749,0,0,0,0,0,0,0,0,400,-394,0,0,40
2424.52,0,0,0,0,99,2352,1.53544,0.00403002,1.53866,39,0,29,23,28,0,-2,0,0,0.2,57,3727,3898,249,135,35,711,34609,34022,108,2,65,98,928023,0,0,0,0,1,35,539,0,251,3772,0,0,0,0,0,0,0,0,400,-377,0,0,40
2424.53,0,0,0,0,99,2357,1.53546,0.00403324,1.53838,39,0,29,23,28,0,-2,0,0,0.3,57,3727,3898,252,135,35,711,34609,34022,108,2,65,98,939204,0,0,0,0,1,0,110,531,248,3757,0,0,0,0,0,0,0,0,400,-395,0,0,40
2424.54,0,0,0,0,99,2363,1.53548,0.00403645,1.53811,39,0,29,23,28,0,-2,0,0,0.4,57,3727,3898,248,135,35,711,34609,34022,108,2,65,98,924296,0,0,0,0,1,448,0,249,253,3759,0,0,0,0,0,0,0,0,400,-410,0,0,40
2424.55,0,0,0,0,99,2363,1.5355,0.00403967,1.53784,39,0,29,23,28,0,-2,0,0,0.5,57,3727,3898,248,135,35,711,34609,34022,108,2,65,98,924296,0,0,0,0,1,448,0,249,253,3749,0,0,0,0,0,0,0,0,400,-400,0,0,40
2424.56,0,0,0,0,99,2367,1.53552,0.00404289,1.53757,39,0,29,23,28,0,-2,0,0,0.6,57,3725,3898,239,135,35,711,34609,34022,108,2,65,98,890275,0,0,0,0,1,568,49,0,260,3749,0,0,0,0,0,0,0,0,400,-400,0,0,40
2424.57,0,0,0,0,100,2368,1.53554,0.0040461,1.5373,39,0,29,23,28,0,-2,0,0,0.7,57,3728,3898,240,135,35,711,34609,34022,108,2,65,98,894720,0,0,0,0,1,0,682,0,256,3770,0,0,0,0,0,0,0,0,400,-409,0,0,40
2424.58,0,0,0,0,99,2372,1.53556,0.00404932,1.53702,39,0,29,23,28,0,-2,0,0,0.8,57,3728,3898,245,135,35,711,34609,34022,108,2,65,98,913360,0,0,0,0,1,0,0,640,256,3757,0,0,0,0,0,0,0,0,400,-401,0,0,40
2424.59,0,0,0,0,99,2374,1.53558,0.00405254,1.53675,39,0,29,23,28,0,-2,0,0,0.9,57,3728,3898,245,135,35,711,34609,34022,108,2,65,98,913360,0,0,0,0,1,498,0,161,254,3753,0,0,0,0,0,0,0,0,400,-397,0,0,40
2424.6,0,0,0,0,99,2381,1.5356,0.00405575,1.53648,39,0,29,23,28,0,-2,0,0,1,57,3729,3898,242,135,35,711,34652,34085,108,2,68,73,902418,0,0,0,0,1,509,110,0,254,3751,0,0,0,0,0,0,0,0,400,-386,0,0,40
2424.61,0,0,0,0,99,2381,1.53555,0.00403429,1.53659,39,0,29,23,28,0,-2,0,0,1,57,3729,3898,250,135,35,711,34652,34085,108,2,68,73,932250,0,0,0,0,1,509,110,0,254,3751,0,0,0,0,0,0,0,0,400,-420,0,0,40
2424.62,0,0,0,0,99,2381,1.5355,0.00401283,1.53671,39,0,29,23,28,0,-2,0,0,1,57,3729,3898,236,135,35,711,34652,34085,108,2,68,73,880044,0,0,0,0,1,0,706,0,265,3772,0,0,0,0,0,0,0,0,400,-420,0,0,40
2424.63,0,0,0,0,99,2379,1.53545,0.00399137,1.53682,39,0,29,23,28,0,-2,0,0,1,57,3729,3898,236,135,35,711,34652,34085,108,2,68,73,880044,0,0,0,0,1,0,0,604,256,3757,0,0,0,0,0,0,0,0,400,-404,0,0,40
2424.64,0,0,0,0,99,2382,1.5354,0.00396991,1.53694,39,0,29,23,28,0,-2,0,0,1,57,3724,3898,243,135,35,711,34652,34085,108,2,68,73,904932,0,0,0,0,1,366,0,288,252,3768,0,0,0,0,0,0,0,0,400,-379,0,0,40
2424.65,0,0,0,0,99,2390,1.53535,0.00394845,1.53705,39,0,29,23,28,0,-2,0,0,1,57,3727,3898,243,135,35,711,34652,34085,108,2,68,73,905661,0,0,0,0,1,651,0,0,252,3757,0,0,0,0,0,0,0,0,400,-402,0,0,40
2424.66,0,0,0,0,100,2397,1.5353,0.00392699,1.53717,39,0,29,23,28,0,-2,0,0,1,57,3727,3898,257,135,35,711,34652,34085,108,2,68,73,957839,0,0,0,0,1,23,557,0,255,3764,0,0,0,0,0,0,0,0,400,-400,0,0,40
2424.67,0,0,0,0,100,2397,1.53525,0.00390553,1.53728,39,0,29,23,28,0,-2,0,0,1,57,3727,3898,257,135,35,711,34652,34085,108,2,68,73,957839,0,0,0,0,1,23,557,0,255,3764,0,0,0,0,0,0,0,0,400,-393,0,0,40
2424.68,0,0,0,0,100,2401,1.5352,0.00388407,1.5374,39,0,29,23,28,0,-2,0,0,1,57,3726,3898,242,135,35,711,34652,34085,108,2,68,73,901692,0,0,0,0,1,0,583,0,262,3755,0,0,0,0,0,0,0,0,400,-393,0,0,40
2424.69,0,0,0,0,100,2399,1.53515,0.00386261,1.53751,39,0,29,23,28,0,-2,0,0,1,57,3726,3898,236,135,35,711,34652,34085,108,2,68,73,879336,0,0,0,0,1,0,0,659,263,3753,0,0,0,0,0,0,0,0,400,-385,0,0,40
2424.7,0,0,0,0,100,2397,1.5351,0.00384114,1.53763,39,0,29,23,29,0,-2,0,0,1,57,3726,3898,243,135,35,711,34620,34087,108,2,68,98,905418,0,0,0,0,1,366,0,339,260,3770,0,0,0,0,0,0,0,0,400,-406,0,0,40
2424.71,0,0,0,0,100,2397,1.53513,0.00387031,1.53733,39,0,29,23,29,0,-2,0,0,1,57,3726,3898,243,135,35,711,34620,34087,108,2,68,98,905418,0,0,0,0,1,698,0,0,262,3753,0,0,0,0,0,0,0,0,400,-419,0,0,40
2424.72,0,0,0,0,99,2405,1.53516,0.00389948,1.53703,39,0,29,23,29,0,-2,0,0,1,57,3726,3898,251,135,35,711,34620,34087,108,2,68,98,935226,0,0,0,0,1,132,483,0,247,3762,0,0,0,0,0,0,0,0,400,-379,0,0,40
2424.73,0,0,0,0,100,2405,1.53519,0.00392865,1.53673,39,0,29,23,29,0,-2,0,0,1,57,3726,3898,251,135,35,711,34620,34087,108,2,68,98,935226,0,0,0,0,1,132,483,0,247,3762,0,0,0,0,0,0,0,0,400,-405,0,0,40
2424.74,0,0,0,0,100,2413,1.53522,0.00395782,1.53644,39,0,29,23,29,0,-2,0,0,1,57,3726,3898,254,135,35,711,34620,34087,108,2,68,98,946404,0,0,0,0,1,0,645,0,261,3753,0,0,0,0,0,0,0,0,400,-405,0,0,40
2424.75,0,0,0,0,99,2415,1.53525,0.00398699,1.53614,39,0,29,23,29,0,-2,0,0,1,57,3726,3898,254,135,35,711,34620,34087,108,2,68,98,946404,0,0,0,0,1,0,93,540,260,3757,0,0,0,0,0,0,0,0,400,-391,0,0,40
2424.76,0,0,0,0,99,2414,1.53527,0.00401616,1.53584,39,0,29,23,29,0,-2,0,0,1,57,3724,3901,239,135,35,711,34620,34087,108,2,68,98,890036,0,0,0,0,1,0,0,634,268,3768,0,0,0,0,0,0,0,0,400,-414,0,0,40
2424.77,0,0,0,0,100,2413,1.5353,0.00404533,1.53554,39,0,29,23,29,0,-2,0,0,1,57,3724,3901,243,135,35,711,34620,34087,108,2,68,98,904932,0,0,0,0,1,503,0,171,257,3751,0,0,0,0,0,0,0,0,400,-397,0,0,40
2424.78,0,0,0,0,99,2420,1.53533,0.0040745,1.53524,39,0,29,23,29,0,-2,0,0,1,57,3724,3901,238,135,35,711,34620,34087,108,2,68,98,886312,0,0,0,0,1,630,0,0,255,3751,0,0,0,0,0,0,0,0,400,-400,0,0,40
2424.79,0,0,0,0,99,2420,1.53536,0.00410367,1.53495,39,0,29,23,29,0,-2,0,0,1,57,3724,3901,238,135,35,711,34620,34087,108,2,68,98,886312,0,0,0,0,1,630,0,0,255,3751,0,0,0,0,0,0,0,0,400,-402,0,0,40
2424.8,0,0,0,0,99,2423,1.53539,0.00413284,1.53465,39,0,29,23,28,0,-2,0,0,1,56,3726,3901,256,135,35,711,34645,34124,108,2,68,98,953856,0,0,0,0,1,117,528,0,262,3751,0,0,0,0,0,0,0,0,400,-402,0,0,40
2424.81,0,0,0,0,99,2424,1.53535,0.00413624,1.53474,39,0,29,23,28,0,-2,0,0,1,56,3724,3901,253,135,35,711,34645,34124,108,2,68,98,942172,0,0,0,0,1,0,684,0,262,3759,0,0,0,0,0,0,0,0,400,-412,0,0,40
2424.82,0,0,0,0,99,2422,1.53531,0.00413963,1.53483,39,0,29,23,28,0,-2,0,0,1,56,3724,3901,245,135,35,711,34645,34124,108,2,68,98,912380,0,0,0,0,1,0,210,486,265,3751,0,0,0,0,0,0,0,0,400,-429,0,0,40
2424.83,0,0,0,0,99,2421,1.53526,0.00414303,1.53492,39,0,29,23,28,0,-2,0,0,1,56,3724,3901,245,135,35,711,34645,34124,108,2,68,98,912380,0,0,0,0,1,0,0,662,261,3753,0,0,0,0,0,0,0,0,400,-400,0,0,40
2424.84,0,0,0,0,99,2426,1.53522,0.00414642,1.53501,39,0,29,23,28,0,-2,0,0,1,56,3722,3901,246,135,35,711,34645,34124,108,2,68,98,915612,0,0,0,0,1,433,0,257,255,3762,0,0,0,0,0,0,0,0,400,-399,0,0,40
2424.85,0,0,0,0,99,2426,1.53518,0.00414982,1.5351,39,0,29,23,28,0,-2,0,0,1,56,3722,3901,249,135,35,711,34645,34124,108,2,68,98,926778,0,0,0,0,1,433,0,257,255,3762,0,0,0,0,0,0,0,0,400,-397,0,0,40
2424.86,0,0,0,0,99,2433,1.53514,0.00415321,1.53519,39,0,29,23,28,0,-2,0,0,1,56,3722,3901,247,135,35,711,34645,34124,108,2,68,98,919334,0,0,0,0,1,677,0,0,259,3749,0,0,0,0,0,0,0,0,400,-397,0,0,40
2424.87,0,0,0,0,99,2440,1.53509,0.00415661,1.53528,39,0,29,23,28,0,-2,0,0,1,56,3722,3901,247,135,35,711,34645,34124,108,2,68,98,919334,0,0,0,0,1,569,22,0,259,3744,0,0,0,0,0,0,0,0,400,-392,0,0,40
2424.88,0,0,0,0,99,2440,1.53505,0.00416,1.53537,39,0,29,23,28,0,-2,0,0,1,56,3726,3901,251,135,35,711,34645,34124,108,2,68,98,935226,0,0,0,0,1,171,510,0,274,3751,0,0,0,0,0,0,0,0,400,-415,0,0,40
2424.89,0,0,0,0,99,2433,1.53501,0.0041634,1.53546,39,0,29,23,28,0,-2,0,0,1,56,3721,3901,245,135,35,711,34645,34124,108,2,68,98,911645,0,0,0,0,1,0,702,0,268,3766,0,0,0,0,0,0,0,0,400,-415,0,0,40
2424.9,0,0,0,0,99,2434,1.53497,0.00416679,1.53555,39,0,29,23,28,0,-2,0,0,1,56,3721,3901,252,135,35,711,34587,34015,108,2,87,73,937692,0,0,0,0,1,0,366,316,265,3753,0,0,0,0,0,0,0,0,400,-412,0,0,40
2424.91,0,0,0,0,99,2434,1.5347,0.004164,1.53592,39,0,29,23,28,0,-2,0,0,0.9,56,3721,3901,252,135,35,711,34587,34015,108,2,87,73,937692,0,0,0,0,1,0,366,316,265,3755,0,0,0,0,0,0,0,0,400,-374,0,0,40
2424.92,0,0,0,0,100,2435,1.53442,0.00416122,1.53628,39,0,29,23,28,0,-2,0,0,0.8,56,3722,3901,255,135,35,711,34587,34015,108,2,87,73,949110,0,0,0,0,1,0,0,621,254,3755,0,0,0,0,0,0,0,0,400,-374,0,0,40
2424.93,0,0,0,0,100,2442,1.53415,0.00415843,1.53665,39,0,29,23,28,0,-2,0,0,0.7,56,3722,3901,252,135,35,711,34587,34015,108,2,87,73,937944,0,0,0,0,1,0,0,656,260,3757,0,0,0,0,0,0,0,0,400,-402,0,0,40
2424.94,0,0,0,0,99,2443,1.53388,0.00415564,1.53702,39,0,29,23,28,0,-2,0,0,0.6,56,3722,3901,256,135,35,711,34587,34015,108,2,87,73,952832,0,0,0,0,1,417,0,255,262,3766,0,0,0,0,0,0,0,0,400,-392,0,0,40
2424.95,0,0,0,0,99,2447,1.53361,0.00415285,1.53738,39,0,29,23,28,0,-2,0,0,0.5,56,3722,3901,256,135,35,711,34587,34015,108,2,87,73,952832,0,0,0,0,1,628,0,0,262,3747,0,0,0,0,0,0,0,0,400,-390,0,0,40
2424.96,0,0,0,0,99,2445,1.53334,0.00415006,1.53775,39,0,29,23,28,0,-2,0,0,0.4,56,3722,3901,245,135,35,711,34587,34015,108,2,87,73,911890,0,0,0,0,1,692,0,0,269,3747,0,0,0,0,0,0,0,0,400,-429,0,0,40
2424.97,0,0,0,0,99,2445,1.53307,0.00414727,1.53812,39,0,29,23,28,0,-2,0,0,0.3,56,3722,3901,247,135,35,711,34587,34015,108,2,87,73,919334,0,0,0,0,1,692,0,0,269,3744,0,0,0,0,0,0,0,0,400,-419,0,0,40
2424.98,0,0,0,0,99,2449,1.5328,0.00414448,1.53848,39,0,29,23,28,0,-2,0,0,0.2,56,3722,3901,252,135,35,711,34587,34015,108,2,87,73,937944,0,0,0,0,1,390,325,0,261,3744,0,0,0,0,0,0,0,0,400,-419,0,0,40
2424.99,0,0,0,0,100,2451,1.53253,0.00414169,1.53885,39,0,29,23,28,0,-2,0,0,0.1,56,3722,3901,252,135,35,711,34587,34015,108,2,87,73,937944,0,0,0,0,1,19,550,0,264,3766,0,0,0,0,0,0,0,0,400,-377,0,0,40
2425,0,0,0,0,99,2452,1.53225,0.00413891,1.53922,39,0,29,23,28,0,-2,0,0,0,57,3722,3901,259,135,35,711,34603,34018,108,2,65,73,963998,0,0,0,0,1,0,688,0,262,3770,0,0,0,0,0,0,0,0,400,-405,0,0,40
2425.01,0,0,0,0,99,2450,1.53263,0.00412701,1.53897,39,0,29,23,28,0,-2,0,0,0.1,57,3722,3901,251,135,35,711,34603,34018,108,2,65,73,934222,0,0,0,0,1,0,520,130,274,3751,0,0,0,0,0,0,0,0,400,-399,0,0,40
2425.02,0,0,0,0,99,2449,1.533,0.00411512,1.53872,39,0,29,23,28,0,-2,0,0,0.2,57,3722,3901,255,135,35,711,34603,34018,108,2,65,73,949110,0,0,0,0,1,0,262,433,262,3751,0,0,0,0,0,0,0,0,400,-394,0,0,40
2425.03,0,0,0,0,100,2449,1.53337,0.00410323,1.53847,39,0,29,23,28,0,-2,0,0,0.3,57,3722,3901,255,135,35,711,34603,34018,108,2,65,73,949110,0,0,0,0,1,0,262,433,262,3755,0,0,0,0,0,0,0,0,400,-407,0,0,40
2425.04,0,0,0,0,99,2454,1.53374,0.00409134,1.53822,39,0,29,23,28,0,-2,0,0,0.4,57,3719,3901,250,135,35,711,34603,34018,108,2,65,73,929750,0,0,0,0,1,0,0,669,262,3755,0,0,0,0,0,0,0,0,400,-407,0,0,40
2425.05,0,0,0,0,99,2460,1.53411,0.00407945,1.53797,39,0,29,23,28,0,-2,0,0,0.5,57,3722,3901,251,135,35,711,34603,34018,108,2,65,73,934222,0,0,0,0,1,0,0,648,262,3757,0,0,0,0,0,0,0,0,400,-388,0,0,40
2425.06,0,0,0,0,99,2464,1.53449,0.00406756,1.53772,39,0,29,23,28,0,-2,0,0,0.6,57,3722,3901,257,135,35,711,34603,34018,108,2,65,73,956554,0,0,0,0,1,152,0,493,268,3768,0,0,0,0,0,0,0,0,400,-385,0,0,40
2425.07,0,0,0,0,99,2464,1.53486,0.00405567,1.53747,39,0,29,23,28,0,-2,0,0,0.7,57,3722,3901,257,135,35,711,34603,34018,108,2,65,73,956554,0,0,0,0,1,474,0,228,272,3749,0,0,0,0,0,0,0,0,400,-415,0,0,40
2425.08,0,0,0,0,99,2460,1.53523,0.00404377,1.53722,39,0,29,23,28,0,-2,0,0,0.8,57,3720,3901,250,135,35,711,34603,34018,108,2,65,73,930000,0,0,0,0,1,621,0,0,270,3742,0,0,0,0,0,0,0,0,400,-392,0,0,40
2425.09,0,0,0,0,99,2460,1.5356,0.00403188,1.53697,39,0,29,23,28,0,-2,0,0,0.9,57,3720,3901,245,135,35,711,34603,34018,108,2,65,73,911400,0,0,0,0,1,621,0,0,270,3742,0,0,0,0,0,0,0,0,400,-421,0,0,40
2425.1,0,0,0,0,99,2457,1.53597,0.00401999,1.53672,39,0,29,23,28,0,-2,0,0,1,56,3720,3901,258,135,35,711,34606,34049,108,2,87,98,959760,0,0,0,0,1,706,0,0,268,3742,0,0,0,0,0,0,0,0,400,-421,0,0,40
2425.11,0,0,0,0,99,2461,1.53585,0.00399735,1.53684,39,0,29,23,28,0,-2,0,0,0.9,56,3720,3901,258,135,35,711,34606,34049,108,2,87,98,959760,0,0,0,0,1,550,32,0,260,3742,0,0,0,0,0,0,0,0,400,-382,0,0,40
2425.12,0,0,0,0,99,2469,1.53573,0.00397471,1.53696,39,0,29,23,28,0,-2,0,0,0.8,56,3722,3901,261,135,35,711,34606,34049,108,2,87,98,971442,0,0,0,0,1,329,356,0,260,3747,0,0,0,0,0,0,0,0,400,-401,0,0,40
2425.13,0,0,0,0,99,2475,1.53561,0.00395206,1.53708,39,0,29,23,28,0,-2,0,0,0.7,56,3722,3901,250,135,35,711,34606,34049,108,2,87,98,930500,0,0,0,0,1,164,483,0,261,3753,0,0,0,0,0,0,0,0,400,-407,0,0,40
2425.14,0,0,0,0,99,2476,1.53549,0.00392942,1.5372,39,0,29,23,28,0,-2,0,0,0.6,56,3722,3901,257,135,35,711,34606,34049,108,2,87,98,956554,0,0,0,0,1,0,586,0,273,3753,0,0,0,0,0,0,0,0,400,-423,0,0,40
2425.15,0,0,0,0,99,2476,1.53537,0.00390678,1.53731,39,0,29,23,28,0,-2,0,0,0.5,56,3722,3901,257,135,35,711,34606,34049,108,2,87,98,956554,0,0,0,0,1,0,586,0,273,3753,0,0,0,0,0,0,0,0,400,-375,0,0,40
2425.16,0,0,0,0,99,2472,1.53525,0.00388414,1.53743,39,0,29,23,28,0,-2,0,0,0.4,56,3721,3901,249,135,35,711,34606,34049,108,2,87,98,926529,0,0,0,0,1,0,678,0,268,3772,0,0,0,0,0,0,0,0,400,-375,0,0,40
2425.17,0,0,0,0,99,2477,1.53513,0.0038615,1.53755,39,0,29,23,28,0,-2,0,0,0.3,56,3721,3901,252,135,35,711,34606,34049,108,2,87,98,937692,0,0,0,0,1,0,674,0,264,3770,0,0,0,0,0,0,0,0,400,-394,0,0,40
2425.18,0,0,0,0,99,2478,1.535,0.00383885,1.53767,39,0,29,23,28,0,-2,0,0,0.2,56,3721,3901,252,135,35,711,34606,34049,108,2,87,98,937692,0,0,0,0,1,0,620,0,265,3762,0,0,0,0,0,0,0,0,400,-402,0,0,40
2425.19,0,0,0,0,99,2480,1.53488,0.00381621,1.53779,39,0,29,23,28,0,-2,0,0,0.1,56,3721,3901,252,135,35,711,34606,34049,108,2,87,98,937692,0,0,0,0,1,0,621,0,268,3747,0,0,0,0,0,0,0,0,400,-398,0,0,40
2425.2,0,0,0,0,99,2479,1.53476,0.00379357,1.53791,39,0,29,23,28,0,-2,0,0,0,56,3724,3901,268,135,35,711,34617,34038,107,2,65,73,998032,0,0,0,0,1,0,497,134,266,3757,0,0,0,0,0,0,0,0,400,-379,0,0,40
2425.21,0,0,0,0,99,2479,1.53474,0.00377598,1.53791,39,0,29,23,28,0,-2,0,0,0,56,3717,3901,256,135,35,711,34617,34038,107,2,65,73,951552,0,0,0,0,1,0,497,134,266,3757,0,0,0,0,0,0,0,0,400,-407,0,0,40
2425.22,0,0,0,0,100,2482,1.53471,0.0037584,1.53791,39,0,29,23,28,0,-2,0,0,0,56,3717,3901,251,135,35,711,34617,34038,107,2,65,73,932967,0,0,0,0,1,0,360,306,268,3749,0,0,0,0,0,0,0,0,400,-407,0,0,40
2425.23,0,0,0,0,99,2484,1.53469,0.00374081,1.53792,39,0,29,23,28,0,-2,0,0,0,56,3717,3901,251,135,35,711,34617,34038,107,2,65,73,932967,0,0,0,0,1,0,260,423,263,3751,0,0,0,0,0,0,0,0,400,-398,0,0,40
2425.24,0,0,0,0,99,2494,1.53467,0.00372323,1.53792,39,0,29,23,28,0,-2,0,0,0,56,3720,3901,257,135,35,711,34617,34038,107,2,65,73,956040,0,0,0,0,1,0,208,481,264,3753,0,0,0,0,0,0,0,0,400,-404,0,0,40
2425.25,0,0,0,0,100,2498,1.53464,0.00370564,1.53793,39,0,29,23,28,0,-2,0,0,0,56,3720,3901,259,135,35,711,34617,34038,107,2,65,73,963480,0,0,0,0,1,0,180,493,268,3757,0,0,0,0,0,0,0,0,400,-405,0,0,40
2425.26,0,0,0,0,100,2501,1.53462,0.00368806,1.53793,39,0,29,23,28,0,-2,0,0,0,56,3720,3901,254,135,35,711,34617,34038,107,2,65,73,944880,0,0,0,0,1,0,210,487,279,3749,0,0,0,0,0,0,0,0,400,-440,0,0,40
2425.27,0,0,0,0,99,2501,1.5346,0.00367047,1.53794,39,0,29,23,28,0,-2,0,0,0,56,3720,3901,254,135,35,711,34617,34038,107,2,65,73,944880,0,0,0,0,1,0,210,487,279,3749,0,0,0,0,0,0,0,0,400,-402,0,0,40
2425.28,0,0,0,0,99,2494,1.53457,0.00365289,1.53794,39,0,29,23,28,0,-2,0,0,0,56,3723,3901,249,135,35,711,34617,34038,107,2,65,73,927027,0,0,0,0,1,0,287,402,278,3747,0,0,0,0,0,0,0,0,400,-402,0,0,40
2425.29,0,0,0,0,99,2495,1.53455,0.0036353,1.53794,39,0,29,23,28,0,-2,0,0,0,56,3721,3901,257,135,35,711,34617,34038,107,2,65,73,956297,0,0,0,0,1,0,139,499,265,3755,0,0,0,0,0,0,0,0,400,-411,0,0,40
2425.3,0,0,0,0,99,2499,1.53453,0.00361771,1.53795,39,0,29,23,28,0,-2,0,0,0,57,3721,3901,256,135,35,711,34589,34024,108,2,87,98,952576,0,0,0,0,1,0,134,511,262,3762,0,0,0,0,0,0,0,0,400,-397,0,0,40
2425.31,0,0,0,0,99,2507,1.53444,0.00362931,1.53767,39,0,29,23,28,0,-2,0,0,0.1,57,3721,3901,256,135,35,711,34589,34024,108,2,87,98,952576,0,0,0,0,1,0,155,492,269,3751,0,0,0,0,0,0,0,0,400,-424,0,0,40
2425.32,0,0,0,0,99,2511,1.53436,0.00364091,1.5374,39,0,29,23,28,0,-2,0,0,0.2,57,3720,3901,264,135,35,711,34589,34024,108,2,87,98,982080,0,0,0,0,1,0,257,452,269,3749,0,0,0,0,0,0,0,0,400,-406,0,0,40
2425.33,0,0,0,0,99,2511,1.53427,0.0036525,1.53713,39,0,29,23,28,0,-2,0,0,0.3,57,3720,3901,260,135,35,711,34589,34024,108,2,87,98,967200,0,0,0,0,1,0,257,452,269,3749,0,0,0,0,0,0,0,0,400,-420,0,0,40
2425.34,0,0,0,0,99,2515,1.53419,0.0036641,1.53686,39,0,29,23,28,0,-2,0,0,0.4,57,3720,3901,255,135,35,711,34589,34024,108,2,87,98,948600,0,0,0,0,1,0,348,355,276,3738,0,0,0,0,0,0,0,0,400,-420,0,0,40
2425.35,0,0,0,0,99,2512,1.5341,0.00367569,1.53658,39,0,29,23,28,0,-2,0,0,0.5,57,3720,3901,255,135,35,711,34589,34024,108,2,87,98,948600,0,0,0,0,1,0,410,255,273,3749,0,0,0,0,0,0,0,0,400,-379,0,0,40
2425.36,0,0,0,0,99,2517,1.53402,0.00368729,1.53631,39,0,29,23,28,0,-2,0,0,0.6,57,3716,3901,257,135,35,711,34589,34024,108,2,87,98,955012,0,0,0,0,1,0,528,41,270,3753,0,0,0,0,0,0,0,0,400,-377,0,0,40
2425.37,0,0,0,0,99,2519,1.53393,0.00369888,1.53604,39,0,29,23,28,0,-2,0,0,0.7,57,3721,3901,256,135,35,711,34589,34024,108,2,87,98,952576,0,0,0,0,1,0,620,0,267,3772,0,0,0,0,0,0,0,0,400,-380,0,0,40
2425.38,0,0,0,0,99,2524,1.53385,0.00371048,1.53577,39,0,29,23,28,0,-2,0,0,0.8,57,3721,3901,262,135,35,711,34589,34024,108,2,87,98,974902,0,0,0,0,1,0,703,0,272,3764,0,0,0,0,0,0,0,0,400,-414,0,0,40
2425.39,0,0,0,0,99,2524,1.53376,0.00372208,1.53549,39,0,29,23,28,0,-2,0,0,0.9,57,3721,3901,262,135,35,711,34589,34024,108,2,87,98,974902,0,0,0,0,1,0,703,0,272,3764,0,0,0,0,0,0,0,0,400,-395,0,0,40
2425.4,0,0,0,0,99,2524,1.53368,0.00373367,1.53522,39,0,29,23,28,0,-2,0,0,1,57,3717,3901,262,135,35,711,34582,33980,108,2,87,98,973854,0,0,0,0,1,0,651,0,274,3764,0,0,0,0,0,0,0,0,400,-395,0,0,40
2425.41,0,0,0,0,99,2526,1.53384,0.00372065,1.53523,39,0,29,23,28,0,-2,0,0,1,57,3717,3901,256,135,35,711,34582,33980,108,2,87,98,951552,0,0,0,0,1,44,551,0,272,3755,0,0,0,0,0,0,0,0,400,-388,0,0,40
2425.42,0,0,0,0,99,2532,1.534,0.00370764,1.53523,39,0,29,23,28,0,-2,0,0,1,57,3717,3901,254,135,35,711,34582,33980,108,2,87,98,944118,0,0,0,0,1,267,421,0,265,3747,0,0,0,0,0,0,0,0,400,-406,0,0,40
2425.43,0,0,0,0,99,2540,1.53416,0.00369462,1.53524,39,0,29,23,28,0,-2,0,0,1,57,3717,3901,254,135,35,711,34582,33980,108,2,87,98,944118,0,0,0,0,1,548,63,0,272,3744,0,0,0,0,0,0,0,0,400,-393,0,0,40
2425.44,0,0,0,0,99,2542,1.53432,0.0036816,1.53525,39,0,29,23,28,0,-2,0,0,1,57,3717,3901,259,135,35,711,34582,33980,108,2,87,98,962703,0,0,0,0,1,700,0,0,278,3736,0,0,0,0,0,0,0,0,400,-415,0,0,40
2425.45,0,0,0,0,100,2542,1.53448,0.00366859,1.53525,39,0,29,23,28,0,-2,0,0,1,57,3719,3901,267,135,35,711,34582,33980,108,2,87,98,992973,0,0,0,0,1,700,0,0,278,3755,0,0,0,0,0,0,0,0,400,-389,0,0,40
2425.46,0,0,0,0,100,2543,1.53464,0.00365557,1.53526,39,0,29,23,28,0,-2,0,0,1,57,3719,3901,257,135,35,711,34582,33980,108,2,87,98,955783,0,0,0,0,1,607,0,0,276,3755,0,0,0,0,0,0,0,0,400,-389,0,0,40
2425.47,0,0,0,0,100,2540,1.5348,0.00364255,1.53527,39,0,29,23,28,0,-2,0,0,1,57,3719,3901,257,135,35,711,34582,33980,108,2,87,98,955783,0,0,0,0,1,394,0,281,277,3751,0,0,0,0,0,0,0,0,400,-413,0,0,40
2425.48,0,0,0,0,99,2541,1.53496,0.00362954,1.53527,39,0,29,23,28,0,-2,0,0,1,57,3716,3901,250,135,35,711,34582,33980,108,2,87,98,929000,0,0,0,0,1,46,0,556,269,3770,0,0,0,0,0,0,0,0,400,-345,0,0,40
2425.49,0,0,0,0,100,2548,1.53512,0.00361652,1.53528,39,0,29,23,28,0,-2,0,0,1,57,3716,3904,268,135,35,711,34582,33980,108,2,87,98,995888,0,0,0,0,1,0,0,720,268,3742,0,0,0,0,0,0,0,0,400,-433,0,0,40
2425.5,0,0,0,0,100,2557,1.53528,0.0036035,1.53528,39,0,29,23,28,0,-2,0,0,1,57,3716,3904,258,135,35,711,34550,33919,108,2,68,73,958728,0,0,0,0,1,0,141,536,269,3744,0,0,0,0,0,0,0,0,400,-403,0,0,40
2425.51,0,0,0,0,99,2557,1.5354,0.00363836,1.53559,39,0,29,23,28,0,-2,0,0,0.9,57,3716,3904,258,135,35,711,34550,33919,108,2,68,73,958728,0,0,0,0,1,0,141,536,269,3742,0,0,0,0,0,0,0,0,400,-388,0,0,40
2425.52,0,0,0,0,99,2562,1.53552,0.00367321,1.53589,39,0,29,23,28,0,-2,0,0,0.8,57,3717,3904,260,135,35,711,34550,33919,108,2,68,73,966420,0,0,0,0,1,0,547,41,284,3742,0,0,0,0,0,0,0,0,400,-388,0,0,40
2425.53,0,0,0,0,99,2562,1.53563,0.00370806,1.5362,39,0,29,23,28,0,-2,0,0,0.7,57,3717,3904,256,135,35,711,34550,33919,108,2,68,73,951552,0,0,0,0,1,0,615,0,281,3755,0,0,0,0,0,0,0,0,400,-399,0,0,40
2425.54,0,0,0,0,99,2563,1.53575,0.00374291,1.53651,39,0,29,23,28,0,-2,0,0,0.6,57,3717,3904,264,135,35,711,34550,33919,108,2,68,73,981288,0,0,0,0,1,296,418,0,277,3738,0,0,0,0,0,0,0,0,400,-420,0,0,40
2425.55,0,0,0,0,99,2568,1.53587,0.00377776,1.53681,39,0,29,23,28,0,-2,0,0,0.5,57,3717,3904,264,135,35,711,34550,33919,108,2,68,73,981288,0,0,0,0,1,716,0,0,279,3736,0,0,0,0,0,0,0,0,400,-436,0,0,40
2425.56,0,0,0,0,99,2567,1.53599,0.00381261,1.53712,39,0,29,23,28,0,-2,0,0,0.4,57,3719,3904,267,135,35,711,34550,33919,108,2,68,73,992973,0,0,0,0,1,556,0,27,281,3744,0,0,0,0,0,0,0,0,400,-388,0,0,40
2425.57,0,0,0,0,99,2567,1.53611,0.00384747,1.53742,39,0,29,23,28,0,-2,0,0,0.3,57,3719,3903,262,135,35,711,34550,33919,108,2,68,73,974378,0,0,0,0,1,556,0,27,281,3766,0,0,0,0,0,0,0,0,400,-383,0,0,40
2425.58,0,0,0,0,99,2571,1.53622,0.00388232,1.53773,39,0,29,23,28,0,-2,0,0,0.2,57,3719,3903,272,135,35,711,34550,33919,108,2,68,73,1.01157e+06,0,0,0,0,1,9,0,533,276,3766,0,0,0,0,0,0,0,0,400,-383,0,0,40
2425.59,0,0,0,0,99,2571,1.53634,0.00391717,1.53803,39,0,29,23,28,0,-2,0,0,0.1,57,3719,3903,272,135,35,711,34550,33919,108,2,68,73,1.01157e+06,0,0,0,0,1,0,0,638,275,3738,0,0,0,0,0,0,0,0,400,-365,0,0,40
2425.6,0,0,0,0,99,2577,1.53646,0.00395202,1.53834,39,0,29,23,28,0,-2,0,0,0,56,3717,3903,254,135,35,711,34563,33964,108,2,65,73,944118,0,0,0,0,1,0,387,234,274,3751,0,0,0,0,0,0,0,0,400,-389,0,0,40
2425.61,0,0,0,0,99,2583,1.5359,0.00392814,1.53835,39,0,29,23,28,0,-2,0,0,0.1,56,3714,3903,259,135,35,711,34563,33964,108,2,65,73,961926,0,0,0,0,1,0,645,0,273,3766,0,0,0,0,0,0,0,0,400,-379,0,0,40
2425.62,0,0,0,0,99,2591,1.53535,0.00390426,1.53837,39,0,29,23,28,0,-2,0,0,0.2,56,3714,3903,259,135,35,711,34563,33964,108,2,65,73,961926,0,0,0,0,1,492,147,0,279,3747,0,0,0,0,0,0,0,0,400,-391,0,0,40
2425.63,0,0,0,0,99,2591,1.53479,0.00388038,1.53839,39,0,29,23,28,0,-2,0,0,0.3,56,3714,3903,259,135,35,711,34563,33964,108,2,65,73,961926,0,0,0,0,1,492,147,0,279,3747,0,0,0,0,0,0,0,0,400,-412,0,0,40
2425.64,0,0,0,0,99,2593,1.53423,0.0038565,1.53841,39,0,29,23,28,0,-2,0,0,0.4,56,3719,3903,267,135,35,711,34563,33964,108,2,65,73,992973,0,0,0,0,1,657,0,0,286,3733,0,0,0,0,0,0,0,0,400,-412,0,0,40
2425.65,0,0,0,0,99,2588,1.53368,0.00383262,1.53842,39,0,29,23,28,0,-2,0,0,0.5,56,3719,3903,263,135,35,711,34563,33964,108,2,65,73,978097,0,0,0,0,1,21,0,580,289,3764,0,0,0,0,0,0,0,0,400,-391,0,0,40
2425.66,0,0,0,0,99,2587,1.53312,0.00380875,1.53844,39,0,29,23,28,0,-2,0,0,0.6,56,3719,3903,275,135,35,711,34563,33964,108,2,65,73,1.02272e+06,0,0,0,0,1,0,40,540,276,3749,0,0,0,0,0,0,0,0,400,-415,0,0,40
2425.67,0,0,0,0,100,2592,1.53256,0.00378487,1.53846,39,0,29,23,28,0,-2,0,0,0.7,56,3719,3903,275,135,35,711,34563,33964,108,2,65,73,1.02272e+06,0,0,0,0,1,0,637,0,270,3751,0,0,0,0,0,0,0,0,400,-408,0,0,40
2425.68,0,0,0,0,100,2598,1.53201,0.00376099,1.53848,39,0,29,23,28,0,-2,0,0,0.8,56,3715,3903,267,135,35,711,34563,33964,108,2,65,73,991905,0,0,0,0,1,171,462,0,273,3744,0,0,0,0,0,0,0,0,400,-389,0,0,40
2425.69,0,0,0,0,99,2598,1.53145,0.00373711,1.53849,39,0,29,23,28,0,-2,0,0,0.9,56,3715,3903,262,135,35,711,34563,33964,108,2,65,73,973330,0,0,0,0,1,171,462,0,273,3744,0,0,0,0,0,0,0,0,400,-400,0,0,40
2425.7,0,0,0,0,99,2604,1.53089,0.00371323,1.53851,39,0,29,23,28,0,-2,0,0,1,56,3715,3903,257,135,35,711,34527,33911,108,2,66,98,954755,0,0,0,0,1,720,0,0,279,3733,0,0,0,0,0,0,0,0,400,-400,0,0,40
2425.71,0,0,0,0,99,2605,1.53102,0.00374108,1.5386,39,0,29,23,28,0,-2,0,0,1,56,3715,3903,257,135,35,711,34527,33911,108,2,66,98,954755,0,0,0,0,1,0,0,581,286,3753,0,0,0,0,0,0,0,0,400,-390,0,0,40
2425.72,0,0,0,0,99,2607,1.53114,0.00376893,1.53869,39,0,29,23,28,0,-2,0,0,1,56,3716,3903,257,135,35,711,34527,33911,108,2,66,98,955012,0,0,0,0,1,0,216,484,289,3744,0,0,0,0,0,0,0,0,400,-411,0,0,40
2425.73,0,0,0,0,99,2607,1.53127,0.00379677,1.53878,39,0,29,23,28,0,-2,0,0,1,56,3716,3903,262,135,35,711,34527,33911,108,2,66,98,973592,0,0,0,0,1,0,674,0,276,3770,0,0,0,0,0,0,0,0,400,-394,0,0,40
2425.74,0,0,0,0,99,2608,1.53139,0.00382462,1.53887,39,0,29,23,28,0,-2,0,0,1,56,3715,3903,263,135,35,711,34527,33911,108,2,66,98,977045,0,0,0,0,1,542,43,0,278,3733,0,0,0,0,0,0,0,0,400,-381,0,0,40
2425.75,0,0,0,0,99,2608,1.53152,0.00385247,1.53896,39,0,29,23,28,0,-2,0,0,1,56,3715,3903,263,135,35,711,34527,33911,108,2,66,98,977045,0,0,0,0,1,542,43,0,278,3733,0,0,0,0,0,0,0,0,400,-408,0,0,40
2425.76,0,0,0,0,99,2612,1.53164,0.00388032,1.53905,39,0,29,23,28,0,-2,0,0,1,56,3714,3903,268,135,35,711,34527,33911,108,2,66,98,995352,0,0,0,0,1,492,0,183,273,3742,0,0,0,0,0,0,0,0,400,-408,0,0,40
2425.77,0,0,0,0,99,2611,1.53177,0.00390817,1.53915,39,0,29,23,28,0,-2,0,0,1,56,3714,3903,276,135,35,711,34527,33911,108,2,66,98,1.02506e+06,0,0,0,0,1,0,0,708,281,3729,0,0,0,0,0,0,0,0,400,-391,0,0,40
2425.78,0,0,0,0,99,2616,1.53189,0.00393602,1.53924,39,0,29,23,28,0,-2,0,0,1,56,3714,3903,269,135,35,711,34527,33911,108,2,66,98,999066,0,0,0,0,1,0,620,0,273,3753,0,0,0,0,0,0,0,0,400,-386,0,0,40
2425.79,0,0,0,0,99,2622,1.53202,0.00396387,1.53933,39,0,29,23,28,0,-2,0,0,1,56,3714,3903,269,135,35,711,34527,33911,108,2,66,98,999066,0,0,0,0,1,270,442,0,279,3736,0,0,0,0,0,0,0,0,400,-421,0,0,40
2425.8,0,0,0,0,100,2626,1.53214,0.00399171,1.53942,39,0,29,23,28,0,-2,0,0,1,57,3715,3903,257,135,35,711,34543,33972,107,2,68,98,954755,0,0,0,0,1,610,0,0,285,3740,0,0,0,0,0,0,0,0,400,-383,0,0,40
2425.81,0,0,0,0,99,2626,1.53245,0.00400266,1.53877,39,0,29,23,28,0,-2,0,0,1,57,3714,3903,265,135,35,711,34543,33972,107,2,68,98,984210,0,0,0,0,1,610,0,0,285,3740,0,0,0,0,0,0,0,0,400,-426,0,0,40
2425.82,0,0,0,0,99,2626,1.53275,0.00401361,1.53812,39,0,29,23,28,0,-2,0,0,1,57,3714,3903,269,135,35,711,34543,33972,107,2,68,98,999066,0,0,0,0,1,0,0,712,290,3733,0,0,0,0,0,0,0,0,400,-426,0,0,40
2425.83,0,0,0,0,99,2622,1.53305,0.00402456,1.53747,39,0,29,23,28,0,-2,0,0,1,57,3714,3903,269,135,35,711,34543,33972,107,2,68,98,999066,0,0,0,0,1,0,557,56,282,3747,0,0,0,0,0,0,0,0,400,-378,0,0,40
2425.84,0,0,0,0,99,2618,1.53335,0.00403551,1.53682,39,0,29,23,28,0,-2,0,0,1,57,3720,3903,278,135,35,711,34543,33972,107,2,68,98,1.03416e+06,0,0,0,0,1,246,436,0,284,3740,0,0,0,0,0,0,0,0,400,-404,0,0,40
2425.85,0,0,0,0,99,2623,1.53365,0.00404646,1.53617,39,0,29,23,28,0,-2,0,0,1,57,3720,3903,266,135,35,711,34543,33972,107,2,68,98,989520,0,0,0,0,1,624,0,0,273,3742,0,0,0,0,0,0,0,0,400,-379,0,0,40
2425.86,0,0,0,0,99,2630,1.53395,0.00405741,1.53552,39,0,29,23,28,0,-2,0,0,1,57,3713,3903,257,135,35,711,34543,33972,107,2,68,98,954241,0,0,0,0,1,0,0,689,270,3736,0,0,0,0,0,0,0,0,400,-387,0,0,40
2425.87,0,0,0,0,99,2630,1.53426,0.00406835,1.53487,39,0,29,23,28,0,-2,0,0,1,57,3713,3903,257,135,35,711,34543,33972,107,2,68,98,954241,0,0,0,0,1,0,0,689,270,3736,0,0,0,0,0,0,0,0,400,-391,0,0,40
2425.88,0,0,0,0,99,2639,1.53456,0.0040793,1.53422,39,0,29,23,28,0,-2,0,0,1,57,3713,3903,267,135,35,711,34543,33972,107,2,68,98,991371,0,0,0,0,1,0,592,0,287,3744,0,0,0,0,0,0,0,0,400,-391,0,0,40
2425.89,0,0,0,0,99,2638,1.53486,0.00409025,1.53357,39,0,29,23,28,0,-2,0,0,1,57,3716,3903,269,135,35,711,34543,33972,107,2,68,98,999604,0,0,0,0,1,439,231,0,284,3744,0,0,0,0,0,0,0,0,400,-398,0,0,40
2425.9,0,0,0,0,99,2637,1.53516,0.0041012,1.53292,39,0,29,23,28,0,-2,0,0,1,57,3716,3903,271,135,35,711,34546,33977,107,2,68,98,1.00704e+06,0,0,0,0,1,505,0,212,292,3738,0,0,0,0,0,0,0,0,400,-413,0,0,40
2425.91,0,0,0,0,99,2636,1.53503,0.0040843,1.53365,39,0,29,23,28,0,-2,0,0,0.9,57,3716,3903,271,135,35,711,34546,33977,107,2,68,98,1.00704e+06,0,0,0,0,1,0,18,577,287,3740,0,0,0,0,0,0,0,0,400,-405,0,0,40
2425.92,0,0,0,0,99,2636,1.53491,0.0040674,1.53439,39,0,29,23,28,0,-2,0,0,0.8,57,3713,3903,264,135,35,711,34546,33977,107,2,68,98,980232,0,0,0,0,1,0,676,0,281,3764,0,0,0,0,0,0,0,0,400,-396,0,0,40
2425.93,0,0,0,0,100,2636,1.53478,0.0040505,1.53512,39,0,29,23,28,0,-2,0,0,0.7,57,3713,3903,269,135,35,711,34546,33977,107,2,68,98,998797,0,0,0,0,1,0,676,0,281,3736,0,0,0,0,0,0,0,0,400,-412,0,0,40
2425.94,0,0,0,0,100,2636,1.53465,0.0040336,1.53586,39,0,29,23,28,0,-2,0,0,0.6,57,3714,3903,272,135,35,711,34546,33977,107,2,68,98,1.01021e+06,0,0,0,0,1,677,0,0,281,3736,0,0,0,0,0,0,0,0,400,-412,0,0,40
2425.95,0,0,0,0,100,2638,1.53453,0.0040167,1.5366,39,0,29,23,28,0,-2,0,0,0.5,57,3714,3903,272,135,35,711,34546,33977,107,2,68,98,1.01021e+06,0,0,0,0,1,32,0,540,279,3772,0,0,0,0,0,0,0,0,400,-384,0,0,40
2425.96,0,0,0,0,99,2643,1.5344,0.0039998,1.53733,39,0,29,23,28,0,-2,0,0,0.4,57,3714,3901,288,135,35,711,34546,33977,107,2,68,98,1.06963e+06,0,0,0,0,1,0,375,335,281,3742,0,0,0,0,0,0,0,0,400,-385,0,0,40
2425.97,0,0,0,0,99,2649,1.53427,0.0039829,1.53807,39,0,29,23,28,0,-2,0,0,0.3,57,3711,3901,268,135,35,711,34546,33977,107,2,68,98,994548,0,0,0,0,1,263,446,0,289,3738,0,0,0,0,0,0,0,0,400,-420,0,0,40
2425.98,0,0,0,0,99,2654,1.53415,0.003966,1.5388,39,0,29,23,28,0,-2,0,0,0.2,57,3711,3901,265,135,35,711,34546,33977,107,2,68,98,983415,0,0,0,0,1,489,0,173,285,3742,0,0,0,0,0,0,0,0,400,-418,0,0,40
2425.99,0,0,0,0,99,2654,1.53402,0.0039491,1.53954,39,0,29,23,28,0,-2,0,0,0.1,57,3711,3901,265,135,35,711,34546,33977,107,2,68,98,983415,0,0,0,0,1,489,0,173,285,3751,0,0,0,0,0,0,0,0,400,-395,0,0,40
2426,0,0,0,0,99,2654,1.53389,0.0039322,1.54027,39,0,29,23,28,0,-2,0,0,0,56,3715,3901,262,135,35,711,34539,33916,108,2,65,98,973330,0,0,0,0,1,0,87,556,287,3751,0,0,0,0,0,0,0,0,400,-395,0,0,40
2426.01,0,0,0,0,99,2648,1.53395,0.00392372,1.53961,39,0,29,23,28,0,-2,0,0,0,56,3715,3901,273,135,35,711,34539,33916,108,2,65,98,1.0142e+06,0,0,0,0,1,0,608,0,293,3753,0,0,0,0,0,0,0,0,400,-395,0,0,40
2426.02,0,0,0,0,99,2644,1.53402,0.00391523,1.53895,39,0,29,23,28,0,-2,0,0,0,56,3715,3901,272,135,35,711,34539,33916,108,2,65,98,1.01048e+06,0,0,0,0,1,654,0,0,277,3736,0,0,0,0,0,0,0,0,400,-383,0,0,40
2426.03,0,0,0,0,99,2651,1.53408,0.00390675,1.53829,39,0,29,23,28,0,-2,0,0,0,56,3715,3901,272,135,35,711,34539,33916,108,2,65,98,1.01048e+06,0,0,0,0,1,0,0,648,266,3740,0,0,0,0,0,0,0,0,400,-369,0,0,40
2426.04,0,0,0,0,99,2657,1.53414,0.00389826,1.53763,39,0,29,23,28,0,-2,0,0,0,56,3715,3903,279,135,35,711,34539,33916,108,2,65,98,1.03648e+06,0,0,0,0,1,0,645,0,284,3766,0,0,0,0,0,0,0,0,400,-391,0,0,40
2426.05,0,0,0,0,99,2657,1.5342,0.00388978,1.53698,39,0,29,23,28,0,-2,0,0,0,56,3707,3903,275,135,35,711,34539,33916,108,2,65,98,1.01942e+06,0,0,0,0,1,0,645,0,284,3727,0,0,0,0,0,0,0,0,400,-434,0,0,40
2426.06,0,0,0,0,99,2666,1.53426,0.00388129,1.53632,39,0,29,23,28,0,-2,0,0,0,56,3707,3903,268,135,35,711,34539,33916,108,2,65,98,993476,0,0,0,0,1,716,0,0,285,3727,0,0,0,0,0,0,0,0,400,-434,0,0,40
2426.07,0,0,0,0,99,2666,1.53433,0.00387281,1.53566,39,0,29,23,28,0,-2,0,0,0,56,3707,3903,268,135,35,711,34539,33916,108,2,65,98,993476,0,0,0,0,1,0,0,700,291,3740,0,0,0,0,0,0,0,0,400,-398,0,0,40
2426.08,0,0,0,0,99,2664,1.53439,0.00386432,1.535,39,0,29,23,28,0,-2,0,0,0,56,3713,3903,277,135,35,711,34539,33916,108,2,65,98,1.0285e+06,0,0,0,0,1,0,688,0,297,3751,0,0,0,0,0,0,0,0,400,-417,0,0,40
2426.09,0,0,0,0,99,2661,1.53445,0.00385584,1.53434,39,0,29,23,28,0,-2,0,0,0,56,3713,3903,264,135,35,711,34539,33916,108,2,65,98,980232,0,0,0,0,1,677,0,0,283,3725,0,0,0,0,0,0,0,0,400,-414,0,0,40
2426.1,0,0,0,0,99,2661,1.53451,0.00384736,1.53368,39,0,29,23,28,0,-2,0,0,0,57,3713,3903,270,135,35,711,34534,33956,108,2,68,98,1.00251e+06,0,0,0,0,1,0,0,648,284,3751,0,0,0,0,0,0,0,0,400,-389,0,0,40
2426.11,0,0,0,0,99,2661,1.53423,0.00387843,1.53359,39,0,29,23,28,0,-2,0,0,0,57,3713,3903,270,135,35,711,34534,33956,108,2,68,98,1.00251e+06,0,0,0,0,1,0,0,648,284,3751,0,0,0,0,0,0,0,0,400,-386,0,0,40
2426.12,0,0,0,0,99,2669,1.53395,0.00390951,1.53351,39,0,29,23,28,0,-2,0,0,0,57,3713,3903,279,135,35,711,34534,33956,108,2,68,98,1.03593e+06,0,0,0,0,1,0,620,0,279,3751,0,0,0,0,0,0,0,0,400,-386,0,0,40
2426.13,0,0,0,0,100,2671,1.53366,0.00394059,1.53342,39,0,29,23,28,0,-2,0,0,0,57,3713,3903,277,135,35,711,34534,33956,108,2,68,98,1.0285e+06,0,0,0,0,1,685,0,0,287,3736,0,0,0,0,0,0,0,0,400,-418,0,0,40
2426.14,0,0,0,0,100,2674,1.53338,0.00397167,1.53333,39,0,29,23,28,0,-2,0,0,0,57,3709,3903,279,135,35,711,34534,33956,108,2,68,98,1.03481e+06,0,0,0,0,1,0,0,679,285,3740,0,0,0,0,0,0,0,0,400,-381,0,0,40
2426.15,0,0,0,0,100,2684,1.5331,0.00400275,1.53324,39,0,29,23,28,0,-2,0,0,0,57,3709,3903,279,135,35,711,34534,33956,108,2,68,98,1.03481e+06,0,0,0,0,1,0,723,0,294,3764,0,0,0,0,0,0,0,0,400,-423,0,0,40
2426.16,0,0,0,0,100,2684,1.53282,0.00403383,1.53316,39,0,29,23,28,0,-2,0,0,0,57,3712,3903,264,135,35,711,34534,33956,108,2,68,98,979968,0,0,0,0,1,662,0,0,292,3723,0,0,0,0,0,0,0,0,400,-404,0,0,40
2426.17,0,0,0,0,100,2684,1.53253,0.0040649,1.53307,39,0,29,23,28,0,-2,0,0,0,57,3712,3903,267,135,35,711,34534,33956,108,2,68,98,991104,0,0,0,0,1,662,0,0,292,3723,0,0,0,0,0,0,0,0,400,-404,0,0,40
2426.18,0,0,0,0,99,2681,1.53225,0.00409598,1.53298,39,0,29,23,28,0,-2,0,0,0,57,3712,3903,271,135,35,711,34534,33956,108,2,68,98,1.00595e+06,0,0,0,0,1,0,0,632,292,3733,0,0,0,0,0,0,0,0,400,-404,0,0,40
2426.19,0,0,0,0,99,2679,1.53197,0.00412706,1.5329,39,0,29,23,28,0,-2,0,0,0,57,3712,3903,271,135,35,711,34534,33956,108,2,68,98,1.00595e+06,0,0,0,0,1,77,545,0,287,3744,0,0,0,0,0,0,0,0,400,-403,0,0,40
2426.2,0,0,0,0,99,2678,1.53168,0.00415814,1.53281,39,0,29,23,28,0,-2,0,0,0,57,3716,3903,284,135,35,711,34548,33981,108,2,68,98,1.05534e+06,0,0,0,0,1,487,0,153,289,3738,0,0,0,0,0,0,0,0,400,-409,0,0,40
2426.21,0,0,0,0,99,2687,1.53182,0.00414248,1.53346,39,0,29,23,28,0,-2,0,0,0.1,57,3716,3903,284,135,35,711,34548,33981,108,2,68,98,1.05534e+06,0,0,0,0,1,0,372,300,281,3733,0,0,0,0,0,0,0,0,400,-392,0,0,40
2426.22,0,0,0,0,99,2696,1.53195,0.00412683,1.53411,39,0,29,23,28,0,-2,0,0,0.2,57,3707,3903,284,135,35,711,34548,33981,108,2,68,98,1.05279e+06,0,0,0,0,1,615,0,0,281,3731,0,0,0,0,0,0,0,0,400,-399,0,0,40
2426.23,0,0,0,0,99,2696,1.53208,0.00411117,1.53477,39,0,29,23,28,0,-2,0,0,0.3,57,3707,3903,284,135,35,711,34548,33981,108,2,68,98,1.05279e+06,0,0,0,0,1,615,0,0,281,3731,0,0,0,0,0,0,0,0,400,-426,0,0,40
2426.24,0,0,0,0,99,2704,1.53222,0.00409551,1.53542,39,0,29,23,28,0,-2,0,0,0.4,57,3709,3903,271,135,35,711,34548,33981,108,2,68,98,1.00514e+06,0,0,0,0,1,0,0,706,292,3723,0,0,0,0,0,0,0,0,400,-426,0,0,40
2426.25,0,0,0,0,99,2701,1.53235,0.00407985,1.53607,39,0,29,23,28,0,-2,0,0,0.5,57,3709,3903,265,135,35,711,34548,33981,108,2,68,98,982885,0,0,0,0,1,0,592,0,292,3757,0,0,0,0,0,0,0,0,400,-383,0,0,40
2426.26,0,0,0,0,99,2701,1.53249,0.0040642,1.53672,39,0,29,23,28,0,-2,0,0,0.6,57,3711,3903,266,135,35,711,34548,33981,108,2,68,98,987126,0,0,0,0,1,478,0,171,295,3747,0,0,0,0,0,0,0,0,400,-405,0,0,40
2426.27,0,0,0,0,99,2702,1.53262,0.00404854,1.53737,39,0,29,23,28,0,-2,0,0,0.7,57,3711,3903,266,135,35,711,34548,33981,108,2,68,98,987126,0,0,0,0,1,0,418,175,295,3727,0,0,0,0,0,0,0,0,400,-400,0,0,40
2426.28,0,0,0,0,99,2703,1.53275,0.00403288,1.53803,39,0,29,23,28,0,-2,0,0,0.8,57,3711,3903,282,135,35,711,34548,33981,108,2,68,98,1.0465e+06,0,0,0,0,1,679,0,0,290,3738,0,0,0,0,0,0,0,0,400,-401,0,0,40
2426.29,0,0,0,0,99,2703,1.53289,0.00401723,1.53868,39,0,29,23,28,0,-2,0,0,0.9,57,3711,3903,264,135,35,711,34548,33981,108,2,68,98,979704,0,0,0,0,1,679,0,0,290,3738,0,0,0,0,0,0,0,0,400,-358,0,0,40
2426.3,0,0,0,0,99,2706,1.53302,0.00400157,1.53933,39,0,29,23,28,0,-2,0,0,1,56,3712,3903,281,135,35,711,34498,33908,108,2,68,98,1.04307e+06,0,0,0,0,1,0,0,651,284,3731,0,0,0,0,0,0,0,0,400,-358,0,0,40
2426.31,0,0,0,0,99,2712,1.53326,0.00398994,1.53921,39,0,29,23,28,0,-2,0,0,1,56,3712,3903,281,135,35,711,34498,33908,108,2,68,98,1.04307e+06,0,0,0,0,1,161,509,0,292,3740,0,0,0,0,0,0,0,0,400,-409,0,0,40
2426.32,0,0,0,0,99,2719,1.53349,0.0039783,1.5391,39,0,29,23,28,0,-2,0,0,1,56,3709,3903,274,135,35,711,34498,33908,108,2,68,98,1.01627e+06,0,0,0,0,1,105,0,486,283,3759,0,0,0,0,0,0,0,0,400,-371,0,0,40
2426.33,0,0,0,0,99,2724,1.53373,0.00396667,1.53898,39,0,29,23,28,0,-2,0,0,1,56,3709,3903,269,135,35,711,34498,33908,108,2,68,98,997721,0,0,0,0,1,0,696,0,286,3759,0,0,0,0,0,0,0,0,400,-407,0,0,40
2426.34,0,0,0,0,99,2728,1.53397,0.00395504,1.53886,39,0,29,23,28,0,-2,0,0,1,56,3709,3903,270,135,35,711,34498,33908,108,2,68,98,1.00143e+06,0,0,0,0,1,511,0,191,298,3733,0,0,0,0,0,0,0,0,400,-415,0,0,40
2426.35,0,0,0,0,100,2728,1.5342,0.00394341,1.53874,39,0,29,23,28,0,-2,0,0,1,56,3709,3903,270,135,35,711,34498,33908,108,2,68,98,1.00143e+06,0,0,0,0,1,511,0,191,298,3733,0,0,0,0,0,0,0,0,400,-399,0,0,40
2426.36,0,0,0,0,100,2726,1.53444,0.00393177,1.53863,39,0,29,23,28,0,-2,0,0,1,56,3708,3905,269,135,35,711,34498,33908,108,2,68,98,997452,0,0,0,0,1,0,574,21,308,3731,0,0,0,0,0,0,0,0,400,-399,0,0,40
2426.37,0,0,0,0,99,2722,1.53467,0.00392014,1.53851,39,0,29,23,28,0,-2,0,0,1,56,3708,3905,285,135,35,711,34498,33908,108,2,68,98,1.05678e+06,0,0,0,0,1,669,0,0,299,3731,0,0,0,0,0,0,0,0,400,-391,0,0,40
2426.38,0,0,0,0,99,2726,1.53491,0.00390851,1.53839,39,0,29,23,28,0,-2,0,0,1,56,3710,3905,284,135,35,711,34498,33908,108,2,68,98,1.05364e+06,0,0,0,0,1,0,204,468,282,3742,0,0,0,0,0,0,0,0,400,-387,0,0,40
2426.39,0,0,0,0,99,2735,1.53515,0.00389687,1.53828,39,0,29,23,28,0,-2,0,0,1,56,3710,3905,284,135,35,711,34498,33908,108,2,68,98,1.05364e+06,0,0,0,0,1,669,0,0,295,3733,0,0,0,0,0,0,0,0,400,-417,0,0,40
2426.4,0,0,0,0,99,2743,1.53538,0.00388524,1.53816,39,0,29,23,28,0,-2,0,0,1,57,3705,3905,276,135,35,711,34471,33827,108,2,68,98,1.02258e+06,0,0,0,0,1,0,57,563,295,3740,0,0,0,0,0,0,0,0,400,-402,0,0,40
2426.41,0,0,0,0,99,2743,1.53544,0.00389198,1.53852,39,0,29,23,28,0,-2,0,0,1,57,3705,3905,271,135,35,711,34471,33827,108,2,68,98,1.00406e+06,0,0,0,0,1,0,57,563,295,3727,0,0,0,0,0,0,0,0,400,-400,0,0,40
2426.42,0,0,0,0,99,2747,1.5355,0.00389871,1.53889,39,0,29,23,28,0,-2,0,0,1,57,3712,3905,276,135,35,711,34471,33827,108,2,68,98,1.02451e+06,0,0,0,0,1,630,0,0,298,3727,0,0,0,0,0,0,0,0,400,-400,0,0,40
2426.43,0,0,0,0,99,2745,1.53556,0.00390545,1.53925,39,0,29,23,28,0,-2,0,0,1,57,3712,3905,276,135,35,711,34471,33827,108,2,68,98,1.02451e+06,0,0,0,0,1,0,12,601,299,3731,0,0,0,0,0,0,0,0,400,-400,0,0,40
2426.44,0,0,0,0,99,2744,1.53562,0.00391219,1.53962,39,0,29,23,28,0,-2,0,0,1,57,3712,3905,286,135,35,711,34471,33827,108,2,68,98,1.06163e+06,0,0,0,0,1,575,30,0,305,3723,0,0,0,0,0,0,0,0,400,-399,0,0,40
2426.45,0,0,0,0,99,2748,1.53568,0.00391892,1.53998,39,0,29,23,28,0,-2,0,0,1,57,3712,3905,277,135,35,711,34471,33827,108,2,68,98,1.02822e+06,0,0,0,0,1,0,0,583,292,3736,0,0,0,0,0,0,0,0,400,-389,0,0,40
2426.46,0,0,0,0,99,2752,1.53574,0.00392566,1.54034,39,0,29,23,28,0,-2,0,0,1,57,3709,3905,268,135,35,711,34471,33827,108,2,68,98,994012,0,0,0,0,1,566,35,0,295,3738,0,0,0,0,0,0,0,0,400,-395,0,0,40
2426.47,0,0,0,0,100,2752,1.5358,0.0039324,1.54071,39,0,29,23,28,0,-2,0,0,1,57,3709,3905,268,135,35,711,34471,33827,108,2,68,98,994012,0,0,0,0,1,566,35,0,295,3725,0,0,0,0,0,0,0,0,400,-396,0,0,40
2426.48,0,0,0,0,99,2755,1.53586,0.00393913,1.54107,39,0,29,23,28,0,-2,0,0,1,57,3711,3905,284,135,35,711,34471,33827,108,2,68,98,1.05392e+06,0,0,0,0,1,0,22,589,292,3725,0,0,0,0,0,0,0,0,400,-396,0,0,40
2426.49,0,0,0,0,99,2759,1.53592,0.00394587,1.54144,39,0,29,23,28,0,-2,0,0,1,57,3711,3905,296,135,35,711,34471,33827,108,2,68,98,1.09846e+06,0,0,0,0,1,685,0,0,292,3721,0,0,0,0,0,0,0,0,400,-429,0,0,40
2426.5,0,0,0,0,99,2769,1.53598,0.00395261,1.5418,39,0,29,23,28,0,-2,0,0,1,56,3711,3905,278,135,35,711,34491,33870,107,2,65,98,1.03166e+06,0,0,0,0,1,0,194,466,296,3740,0,0,0,0,0,0,0,0,400,-413,0,0,40
2426.51,0,0,0,0,100,2771,1.53579,0.0039406,1.54119,39,0,29,23,28,0,-2,0,0,0.9,56,3711,3905,278,135,35,711,34491,33870,107,2,65,98,1.03166e+06,0,0,0,0,1,736,0,0,300,3723,0,0,0,0,0,0,0,0,400,-429,0,0,40
2426.52,0,0,0,0,99,2769,1.53559,0.00392859,1.54058,39,0,29,23,28,0,-2,0,0,0.8,56,3710,3905,274,135,35,711,34491,33870,107,2,65,98,1.01654e+06,0,0,0,0,1,0,539,128,302,3729,0,0,0,0,0,0,0,0,400,-391,0,0,40
2426.53,0,0,0,0,99,2769,1.53539,0.00391658,1.53997,39,0,29,23,28,0,-2,0,0,0.7,56,3712,3905,274,135,35,711,34491,33870,107,2,65,98,1.01709e+06,0,0,0,0,1,0,539,128,302,3729,0,0,0,0,0,0,0,0,400,-427,0,0,40
2426.54,0,0,0,0,99,2764,1.5352,0.00390457,1.53937,39,0,29,23,28,0,-2,0,0,0.6,56,3712,3905,278,135,35,711,34491,33870,107,2,65,98,1.03194e+06,0,0,0,0,1,522,0,183,303,3729,0,0,0,0,0,0,0,0,400,-427,0,0,40
2426.55,0,0,0,0,99,2766,1.535,0.00389256,1.53876,39,0,29,23,28,0,-2,0,0,0.5,56,3712,3905,278,135,35,711,34491,33870,107,2,65,98,1.03194e+06,0,0,0,0,1,0,647,0,301,3736,0,0,0,0,0,0,0,0,400,-401,0,0,40
2426.56,0,0,0,0,99,2773,1.53481,0.00388055,1.53815,39,0,29,23,28,0,-2,0,0,0.4,56,3707,3905,292,135,35,711,34491,33870,107,2,65,98,1.08244e+06,0,0,0,0,1,405,0,284,289,3744,0,0,0,0,0,0,0,0,400,-416,0,0,40
2426.57,0,0,0,0,99,2783,1.53461,0.00386854,1.53754,39,0,29,23,28,0,-2,0,0,0.3,56,3707,3905,289,135,35,711,34491,33870,107,2,65,98,1.07132e+06,0,0,0,0,1,0,604,0,292,3749,0,0,0,0,0,0,0,0,400,-380,0,0,40
2426.58,0,0,0,0,99,2789,1.53441,0.00385653,1.53693,39,0,29,23,28,0,-2,0,0,0.2,56,3707,3905,278,135,35,711,34491,33870,107,2,65,98,1.03055e+06,0,0,0,0,1,0,0,724,301,3731,0,0,0,0,0,0,0,0,400,-415,0,0,40
2426.59,0,0,0,0,100,2789,1.53422,0.00384452,1.53632,39,0,29,23,28,0,-2,0,0,0.1,56,3707,3905,278,135,35,711,34491,33870,107,2,65,98,1.03055e+06,0,0,0,0,1,0,0,724,301,3723,0,0,0,0,0,0,0,0,400,-400,0,0,40
2426.6,0,0,0,0,99,2787,1.53402,0.00383251,1.53571,39,0,29,23,28,0,-2,0,0,0,57,3704,3905,276,135,35,711,34449,33794,107,2,65,98,1.0223e+06,0,0,0,0,1,511,137,0,311,3723,0,0,0,0,0,0,0,0,400,-400,0,0,40
2426.61,0,0,0,0,99,2787,1.53406,0.00383025,1.53607,39,0,29,23,28,0,-2,0,0,0.1,57,3704,3905,285,135,35,711,34449,33794,107,2,65,98,1.05564e+06,0,0,0,0,1,0,180,513,309,3727,0,0,0,0,0,0,0,0,400,-446,0,0,40
2426.62,0,0,0,0,99,2783,1.53411,0.00382799,1.53642,39,0,29,23,28,0,-2,0,0,0.2,57,3708,3905,275,135,35,711,34449,33794,107,2,65,98,1.0197e+06,0,0,0,0,1,695,0,0,304,3723,0,0,0,0,0,0,0,0,400,-405,0,0,40
2426.63,0,0,0,0,99,2785,1.53415,0.00382573,1.53677,39,0,29,23,28,0,-2,0,0,0.3,57,3708,3905,275,135,35,711,34449,33794,107,2,65,98,1.0197e+06,0,0,0,0,1,0,635,0,296,3738,0,0,0,0,0,0,0,0,400,-391,0,0,40
2426.64,0,0,0,0,99,2788,1.53419,0.00382347,1.53713,39,0,29,23,28,0,-2,0,0,0.4,57,3708,3905,285,135,35,711,34449,33794,107,2,65,98,1.05678e+06,0,0,0,0,1,413,0,282,296,3742,0,0,0,0,0,0,0,0,400,-399,0,0,40
2426.65,0,0,0,0,99,2788,1.53423,0.00382121,1.53748,39,0,29,23,28,0,-2,0,0,0.5,57,3708,3905,280,135,35,711,34449,33794,107,2,65,98,1.03824e+06,0,0,0,0,1,413,0,282,296,3742,0,0,0,0,0,0,0,0,400,-397,0,0,40
2426.66,0,0,0,0,99,2795,1.53428,0.00381894,1.53783,39,0,29,23,28,0,-2,0,0,0.6,57,3712,3905,289,135,35,711,34449,33794,107,2,65,98,1.07277e+06,0,0,0,0,1,64,553,0,300,3733,0,0,0,0,0,0,0,0,400,-397,0,0,40
2426.67,0,0,0,0,100,2802,1.53432,0.00381668,1.53819,39,0,29,23,28,0,-2,0,0,0.7,57,3712,3905,289,135,35,711,34449,33794,107,2,65,98,1.07277e+06,0,0,0,0,1,0,0,634,298,3725,0,0,0,0,0,0,0,0,400,-391,0,0,40
2426.68,0,0,0,0,100,2806,1.53436,0.00381442,1.53854,39,0,29,23,28,0,-2,0,0,0.8,57,3712,3908,291,135,35,711,34449,33794,107,2,65,98,1.08019e+06,0,0,0,0,1,730,0,0,306,3721,0,0,0,0,0,0,0,0,400,-417,0,0,40
2426.69,0,0,0,0,99,2805,1.5344,0.00381216,1.5389,39,0,29,23,28,0,-2,0,0,0.9,57,3701,3908,283,135,35,711,34449,33794,107,2,65,98,1.04738e+06,0,0,0,0,1,0,604,0,306,3740,0,0,0,0,0,0,0,0,400,-394,0,0,40
2426.7,0,0,0,0,99,2797,1.53445,0.0038099,1.53925,39,0,29,23,28,0,-2,0,0,1,57,3701,3908,274,135,35,711,34413,33761,108,2,87,98,1.01407e+06,0,0,0,0,1,302,0,361,309,3749,0,0,0,0,0,0,0,0,400,-364,0,0,40
2426.71,0,0,0,0,99,2797,1.53425,0.00383769,1.53906,39,0,29,23,28,0,-2,0,0,1,57,3701,3908,274,135,35,711,34413,33761,108,2,87,98,1.01407e+06,0,0,0,0,1,302,0,361,309,3749,0,0,0,0,0,0,0,0,400,-394,0,0,40
2426.72,0,0,0,0,99,2797,1.53406,0.00386547,1.53888,39,0,29,23,28,0,-2,0,0,1,57,3710,3908,282,135,35,711,34413,33761,108,2,87,98,1.04622e+06,0,0,0,0,1,177,459,0,295,3725,0,0,0,0,0,0,0,0,400,-394,0,0,40
2426.73,0,0,0,0,99,2804,1.53387,0.00389326,1.53869,39,0,29,23,28,0,-2,0,0,1,57,3710,3908,289,135,35,711,34413,33761,108,2,87,98,1.07219e+06,0,0,0,0,1,0,69,552,290,3729,0,0,0,0,0,0,0,0,400,-386,0,0,40
2426.74,0,0,0,0,99,2811,1.53368,0.00392105,1.5385,39,0,29,23,28,0,-2,0,0,1,57,3704,3908,294,135,35,711,34413,33761,108,2,87,98,1.08898e+06,0,0,0,0,1,632,0,0,295,3731,0,0,0,0,0,0,0,0,400,-388,0,0,40
2426.75,0,0,0,0,99,2818,1.53348,0.00394883,1.53832,39,0,29,23,28,0,-2,0,0,1,57,3704,3908,294,135,35,711,34413,33761,108,2,87,98,1.08898e+06,0,0,0,0,1,0,682,0,296,3753,0,0,0,0,0,0,0,0,400,-400,0,0,40
2426.76,0,0,0,0,99,2816,1.53329,0.00397662,1.53813,39,0,29,23,28,0,-2,0,0,1,57,3707,3906,277,135,35,711,34413,33761,108,2,87,98,1.02684e+06,0,0,0,0,1,0,0,750,312,3714,0,0,0,0,0,0,0,0,400,-432,0,0,40
2426.77,0,0,0,0,99,2816,1.5331,0.00400441,1.53794,39,0,29,23,28,0,-2,0,0,1,57,3707,3906,283,135,35,711,34413,33761,108,2,87,98,1.04908e+06,0,0,0,0,1,0,0,750,312,3714,0,0,0,0,0,0,0,0,400,-434,0,0,40
2426.78,0,0,0,0,99,2812,1.53291,0.0040322,1.53776,39,0,29,23,28,0,-2,0,0,1,57,3707,3906,289,135,35,711,34413,33761,108,2,87,98,1.07132e+06,0,0,0,0,1,692,0,0,312,3718,0,0,0,0,0,0,0,0,400,-434,0,0,40
2426.79,0,0,0,0,99,2810,1.53271,0.00405998,1.53757,39,0,29,23,28,0,-2,0,0,1,57,3707,3906,289,135,35,711,34413,33761,108,2,87,98,1.07132e+06,0,0,0,0,1,0,632,0,304,3731,0,0,0,0,0,0,0,0,400,-400,0,0,40
2426.8,0,0,0,0,99,2812,1.53252,0.00408777,1.53738,39,0,29,23,28,0,-2,0,0,1,57,3709,3906,279,135,35,711,34459,33820,107,2,65,98,1.03481e+06,0,0,0,0,1,310,0,337,294,3749,0,0,0,0,0,0,0,0,400,-382,0,0,40
2426.81,0,0,0,0,99,2815,1.53276,0.00408701,1.53736,39,0,29,23,28,0,-2,0,0,1,57,3709,3906,273,135,35,711,34459,33820,107,2,65,98,1.01256e+06,0,0,0,0,1,267,416,0,298,3736,0,0,0,0,0,0,0,0,400,-403,0,0,40
2426.82,0,0,0,0,99,2820,1.533,0.00408626,1.53733,39,0,29,23,28,0,-2,0,0,1,57,3709,3908,292,135,35,711,34459,33820,107,2,65,98,1.08303e+06,0,0,0,0,1,0,198,480,295,3740,0,0,0,0,0,0,0,0,400,-397,0,0,40
2426.83,0,0,0,0,100,2820,1.53323,0.0040855,1.5373,39,0,29,23,28,0,-2,0,0,1,57,3709,3908,292,135,35,711,34459,33820,107,2,65,98,1.08303e+06,0,0,0,0,1,0,198,480,295,3729,0,0,0,0,0,0,0,0,400,-386,0,0,40
2426.84,0,0,0,0,99,2828,1.53347,0.00408475,1.53727,39,0,29,23,28,0,-2,0,0,1,57,3703,3908,296,134,35,711,34459,33820,107,2,65,98,1.09609e+06,0,0,0,0,1,509,0,112,297,3729,0,0,0,0,0,0,0,0,400,-386,0,0,40
2426.85,0,0,0,0,99,2831,1.53371,0.00408399,1.53724,39,0,29,23,28,0,-2,0,0,1,57,3703,3908,293,134,35,711,34459,33820,107,2,65,98,1.08498e+06,0,0,0,0,1,117,522,0,314,3736,0,0,0,0,0,0,0,0,400,-398,0,0,40
2426.86,0,0,0,0,99,2827,1.53395,0.00408324,1.53721,39,0,29,23,28,0,-2,0,0,1,57,3703,3908,279,134,35,711,34459,33820,107,2,65,98,1.03314e+06,0,0,0,0,1,0,63,563,316,3725,0,0,0,0,0,0,0,0,400,-423,0,0,40
2426.87,0,0,0,0,100,2821,1.53419,0.00408248,1.53718,39,0,29,23,28,0,-2,0,0,1,57,3703,3908,279,134,35,711,34459,33820,107,2,65,98,1.03314e+06,0,0,0,0,1,607,0,0,311,3725,0,0,0,0,0,0,0,0,400,-385,0,0,40
2426.88,0,0,0,0,99,2819,1.53442,0.00408173,1.53715,39,0,29,23,28,0,-2,0,0,1,57,3700,3908,284,134,35,711,34459,33820,107,2,65,98,1.0508e+06,0,0,0,0,1,0,598,0,296,3757,0,0,0,0,0,0,0,0,400,-367,0,0,40
2426.89,0,0,0,0,99,2819,1.53466,0.00408097,1.53712,39,0,29,23,28,0,-2,0,0,1,57,3706,3908,281,134,35,711,34459,33820,107,2,65,98,1.04139e+06,0,0,0,0,1,0,598,0,296,3723,0,0,0,0,0,0,0,0,400,-365,0,0,40
2426.9,0,0,0,0,99,2823,1.5349,0.00408021,1.53709,39,0,29,23,28,0,-2,0,0,1,57,3706,3908,302,134,35,711,34401,33752,107,2,61,98,1.11921e+06,0,0,0,0,1,0,0,654,290,3723,0,0,0,0,0,0,0,0,400,-365,0,0,40
2426.91,0,0,0,0,99,2836,1.53486,0.00408483,1.53684,39,0,29,23,28,0,-2,0,0,0.9,57,3706,3908,302,134,35,711,34401,33752,107,2,61,98,1.11921e+06,0,0,0,0,1,673,0,0,295,3725,0,0,0,0,0,0,0,0,400,-392,0,0,40
2426.92,0,0,0,0,99,2845,1.53482,0.00408945,1.53659,39,0,29,23,28,0,-2,0,0,0.8,57,3701,3908,298,134,35,711,34401,33752,107,2,61,98,1.1029e+06,0,0,0,0,1,0,633,0,307,3747,0,0,0,0,0,0,0,0,400,-391,0,0,40
2426.93,0,0,0,0,100,2843,1.53478,0.00409407,1.53633,39,0,29,23,28,0,-2,0,0,0.7,57,3701,3908,291,134,35,711,34401,33752,107,2,61,98,1.07699e+06,0,0,0,0,1,0,0,615,320,3723,0,0,0,0,0,0,0,0,400,-395,0,0,40
2426.94,0,0,0,0,99,2838,1.53474,0.00409869,1.53608,39,0,29,23,28,0,-2,0,0,0.6,57,3701,3908,286,134,35,711,34401,33752,107,2,61,98,1.05849e+06,0,0,0,0,1,554,0,15,309,3729,0,0,0,0,0,0,0,0,400,-392,0,0,40
2426.95,0,0,0,0,99,2838,1.53469,0.00410331,1.53582,39,0,29,23,28,0,-2,0,0,0.5,57,3701,3908,286,135,35,711,34401,33752,107,2,61,98,1.05849e+06,0,0,0,0,1,554,0,15,309,3736,0,0,0,0,0,0,0,0,400,-394,0,0,40
2426.96,0,0,0,0,99,2834,1.53465,0.00410793,1.53557,39,0,29,23,28,0,-2,0,0,0.4,57,3707,3908,286,135,35,711,34401,33752,107,2,61,98,1.0602e+06,0,0,0,0,1,68,550,0,306,3736,0,0,0,0,0,0,0,0,400,-394,0,0,40
2426.97,0,0,0,0,99,2835,1.53461,0.00411255,1.53532,39,0,29,23,28,0,-2,0,0,0.3,57,3707,3908,283,135,35,711,34401,33752,107,2,61,98,1.04908e+06,0,0,0,0,1,0,53,566,297,3725,0,0,0,0,0,0,0,0,400,-390,0,0,40
2426.98,0,0,0,0,99,2840,1.53457,0.00411716,1.53506,39,0,29,23,28,0,-2,0,0,0.2,57,3707,3908,284,135,35,711,34401,33752,107,2,61,98,1.05279e+06,0,0,0,0,1,544,0,68,300,3727,0,0,0,0,0,0,0,0,400,-388,0,0,40
2426.99,0,0,0,0,99,2849,1.53453,0.00412178,1.53481,39,0,29,23,28,0,-2,0,0,0.1,57,3707,3908,284,135,35,711,34401,33752,107,2,61,98,1.05279e+06,0,0,0,0,1,212,462,0,301,3731,0,0,0,0,0,0,0,0,400,-403,0,0,40
2427,0,0,0,0,99,2856,1.53449,0.0041264,1.53456,39,0,29,23,28,0,-2,0,0,0,57,3704,3908,300,135,35,711,34482,33849,108,2,65,98,1.1112e+06,0,0,0,0,1,0,342,372,306,3723,0,0,0,0,0,0,0,0,400,-414,0,0,40
2427.01,0,0,0,0,99,2856,1.53461,0.00408754,1.53477,39,0,29,23,28,0,-2,0,0,0.1,57,3704,3908,307,135,35,711,34482,33849,108,2,65,98,1.13713e+06,0,0,0,0,1,0,342,372,306,3742,0,0,0,0,0,0,0,0,400,-388,0,0,40
2427.02,0,0,0,0,99,2859,1.53473,0.00404868,1.53499,39,0,29,23,28,0,-2,0,0,0.2,57,3700,3908,302,135,35,711,34482,33849,108,2,65,98,1.1174e+06,0,0,0,0,1,54,0,550,312,3742,0,0,0,0,0,0,0,0,400,-388,0,0,40
2427.03,0,0,0,0,99,2856,1.53485,0.00400981,1.53521,39,0,29,23,28,0,-2,0,0,0.3,57,3700,3908,302,135,35,711,34482,33849,108,2,65,98,1.1174e+06,0,0,0,0,1,673,0,0,311,3721,0,0,0,0,0,0,0,0,400,-421,0,0,40
2427.04,0,0,0,0,99,2849,1.53497,0.00397095,1.53542,39,0,29,23,28,0,-2,0,0,0.4,57,3700,3908,280,135,35,711,34482,33849,108,2,65,98,1.036e+06,0,0,0,0,1,0,715,0,316,3753,0,0,0,0,0,0,0,0,400,-394,0,0,40
2427.05,0,0,0,0,99,2848,1.53509,0.00393209,1.53564,39,0,29,23,28,0,-2,0,0,0.5,57,3703,3908,281,135,35,711,34482,33849,108,2,65,98,1.04054e+06,0,0,0,0,1,0,0,683,296,3721,0,0,0,0,0,0,0,0,400,-376,0,0,40
2427.06,0,0,0,0,99,2858,1.5352,0.00389323,1.53586,39,0,29,23,28,0,-2,0,0,0.6,57,3703,3908,292,135,35,711,34482,33849,108,2,65,98,1.08128e+06,0,0,0,0,1,607,0,0,295,3723,0,0,0,0,0,0,0,0,400,-374,0,0,40
2427.07,0,0,0,0,99,2858,1.53532,0.00385437,1.53608,39,0,29,23,28,0,-2,0,0,0.7,57,3703,3908,292,135,35,711,34482,33849,108,2,65,98,1.08128e+06,0,0,0,0,1,607,0,0,295,3725,0,0,0,0,0,0,0,0,400,-382,0,0,40
2427.08,0,0,0,0,100,2870,1.53544,0.0038155,1.53629,39,0,29,23,28,0,-2,0,0,0.8,57,3705,3907,303,135,35,711,34482,33849,108,2,65,98,1.12262e+06,0,0,0,0,1,193,444,0,297,3725,0,0,0,0,0,0,0,0,400,-382,0,0,40
2427.09,0,0,0,0,99,2876,1.53556,0.00377664,1.53651,39,0,29,23,28,0,-2,0,0,0.9,57,3705,3907,302,135,35,711,34482,33849,108,2,65,98,1.11891e+06,0,0,0,0,1,0,459,171,312,3723,0,0,0,0,0,0,0,0,400,-398,0,0,40
2427.1,0,0,0,0,100,2874,1.53568,0.00373778,1.53673,39,0,29,23,28,0,-2,0,0,1,57,3705,3907,288,135,35,711,34456,33813,107,2,87,98,1.06704e+06,0,0,0,0,1,0,0,736,322,3721,0,0,0,0,0,0,0,0,400,-427,0,0,40
2427.11,0,0,0,0,99,2868,1.53527,0.00374661,1.53654,39,0,29,23,28,0,-2,0,0,1,57,3705,3907,288,135,35,711,34456,33813,107,2,87,98,1.06704e+06,0,0,0,0,1,659,0,0,313,3718,0,0,0,0,0,0,0,0,400,-393,0,0,40
2427.12,0,0,0,0,99,2867,1.53486,0.00375543,1.53635,39,0,29,23,28,0,-2,0,0,1,57,3705,3907,294,135,35,711,34456,33813,107,2,87,98,1.08927e+06,0,0,0,0,1,132,533,0,306,3733,0,0,0,0,0,0,0,0,400,-411,0,0,40
2427.13,0,0,0,0,99,2867,1.53445,0.00376426,1.53616,39,0,29,23,28,0,-2,0,0,1,57,3705,3907,286,135,35,711,34456,33813,107,2,87,98,1.05963e+06,0,0,0,0,1,132,533,0,306,3718,0,0,0,0,0,0,0,0,400,-384,0,0,40
2427.14,0,0,0,0,99,2873,1.53404,0.00377309,1.53597,39,0,29,23,28,0,-2,0,0,1,57,3705,3909,288,135,35,711,34456,33813,107,2,87,98,1.06704e+06,0,0,0,0,1,0,322,386,297,3718,0,0,0,0,0,0,0,0,400,-384,0,0,40
2427.15,0,0,0,0,99,2878,1.53363,0.00378192,1.53579,39,0,29,23,28,0,-2,0,0,1,57,3705,3909,288,135,35,711,34456,33813,107,2,87,98,1.06704e+06,0,0,0,0,1,0,0,624,299,3740,0,0,0,0,0,0,0,0,400,-364,0,0,40
2427.16,0,0,0,0,100,2888,1.53323,0.00379075,1.5356,39,0,29,23,28,0,-2,0,0,1,57,3703,3909,299,135,35,711,34456,33813,107,2,87,98,1.1072e+06,0,0,0,0,1,626,0,0,308,3714,0,0,0,0,0,0,0,0,400,-381,0,0,40
2427.17,0,0,0,0,100,2896,1.53282,0.00379957,1.53541,39,0,29,23,28,0,-2,0,0,1,57,3703,3909,298,135,35,711,34456,33813,107,2,87,98,1.10349e+06,0,0,0,0,1,317,369,0,312,3718,0,0,0,0,0,0,0,0,400,-402,0,0,40
2427.18,0,0,0,0,99,2896,1.53241,0.0038084,1.53522,39,0,29,23,28,0,-2,0,0,1,57,3703,3909,300,135,35,711,34456,33813,107,2,87,98,1.1109e+06,0,0,0,0,1,0,721,0,329,3742,0,0,0,0,0,0,0,0,400,-420,0,0,40
2427.19,0,0,0,0,99,2896,1.532,0.00381723,1.53503,39,0,29,23,28,0,-2,0,0,1,57,3703,3909,300,135,35,711,34456,33813,107,2,87,98,1.1109e+06,0,0,0,0,1,0,721,0,329,3742,0,0,0,0,0,0,0,0,400,-424,0,0,40
2427.2,0,0,0,0,99,2890,1.53159,0.00382606,1.53484,39,0,29,23,28,0,-2,0,0,1,57,3699,3909,290,135,35,711,34426,33794,107,2,68,98,1.07271e+06,0,0,0,0,1,0,2,577,320,3712,0,0,0,0,0,0,0,0,400,-424,0,0,40
2427.21,0,0,0,0,99,2885,1.53182,0.00382858,1.53518,39,0,29,23,28,0,-2,0,0,1,57,3705,3909,276,135,35,711,34426,33794,107,2,68,98,1.02258e+06,0,0,0,0,1,306,0,386,312,3738,0,0,0,0,0,0,0,0,400,-384,0,0,40
2427.22,0,0,0,0,99,2889,1.53205,0.00383109,1.53551,39,0,29,23,28,0,-2,0,0,1,57,3705,3909,285,135,35,711,34426,33794,107,2,68,98,1.05592e+06,0,0,0,0,1,659,0,0,300,3727,0,0,0,0,0,0,0,0,400,-404,0,0,40
2427.23,0,0,0,0,99,2901,1.53228,0.00383361,1.53584,39,0,29,23,28,0,-2,0,0,1,57,3705,3909,285,135,35,711,34426,33794,107,2,68,98,1.05592e+06,0,0,0,0,1,77,506,0,289,3733,0,0,0,0,0,0,0,0,400,-382,0,0,40
2427.24,0,0,0,0,99,2916,1.53251,0.00383613,1.53617,39,0,29,23,28,0,-2,0,0,1,57,3708,3909,303,135,35,711,34426,33794,107,2,68,98,1.12352e+06,0,0,0,0,1,0,661,0,301,3744,0,0,0,0,0,0,0,0,400,-399,0,0,40
2427.25,0,0,0,0,99,2916,1.53274,0.00383865,1.5365,39,0,29,23,28,0,-2,0,0,1,57,3708,3909,306,135,35,711,34426,33794,107,2,68,98,1.13465e+06,0,0,0,0,1,0,661,0,301,3744,0,0,0,0,0,0,0,0,400,-424,0,0,40
2427.26,0,0,0,0,100,2920,1.53297,0.00384117,1.53683,39,0,29,23,28,0,-2,0,0,1,57,3698,3909,298,135,35,711,34426,33794,107,2,68,98,1.102e+06,0,0,0,0,1,0,240,468,317,3718,0,0,0,0,0,0,0,0,400,-424,0,0,40
2427.27,0,0,0,0,99,2914,1.53321,0.00384368,1.53716,39,0,29,23,28,0,-2,0,0,1,57,3698,3909,298,135,35,711,34426,33794,107,2,68,98,1.102e+06,0,0,0,0,1,0,0,755,333,3712,0,0,0,0,0,0,0,0,400,-418,0,0,40
2427.28,0,0,0,0,99,2910,1.53344,0.0038462,1.53749,39,0,29,23,28,0,-2,0,0,1,57,3698,3909,291,135,35,711,34426,33794,107,2,68,98,1.07612e+06,0,0,0,0,1,493,0,194,320,3727,0,0,0,0,0,0,0,0,400,-415,0,0,40
2427.29,0,0,0,0,99,2908,1.53367,0.00384872,1.53782,39,0,29,23,28,0,-2,0,0,1,57,3700,3909,289,135,35,711,34426,33794,107,2,68,98,1.0693e+06,0,0,0,0,1,714,0,0,315,3723,0,0,0,0,0,0,0,0,400,-422,0,0,40
2427.3,0,0,0,0,99,2915,1.5339,0.00385124,1.53815,39,0,29,23,28,0,-2,0,0,1,57,3700,3909,283,135,35,711,34425,33734,108,2,65,98,1.0471e+06,0,0,0,0,1,138,487,0,306,3738,0,0,0,0,0,0,0,0,400,-384,0,0,40
2427.31,0,0,0,0,100,2915,1.53377,0.00383606,1.53806,39,0,29,23,28,0,-2,0,0,1,57,3700,3909,283,135,35,711,34425,33734,108,2,65,98,1.0471e+06,0,0,0,0,1,138,487,0,306,3738,0,0,0,0,0,0,0,0,400,-386,0,0,40
2427.32,0,0,0,0,99,2925,1.53363,0.00382088,1.53796,39,0,29,23,28,0,-2,0,0,1,57,3703,3909,294,135,35,711,34425,33734,108,2,65,98,1.08868e+06,0,0,0,0,1,0,629,0,300,3744,0,0,0,0,0,0,0,0,400,-386,0,0,40
2427.33,0,0,0,0,99,2936,1.5335,0.0038057,1.53787,39,0,29,23,28,0,-2,0,0,1,57,3701,3909,302,135,35,711,34425,33734,108,2,65,98,1.1177e+06,0,0,0,0,1,0,317,390,311,3710,0,0,0,0,0,0,0,0,400,-410,0,0,40
2427.34,0,0,0,0,99,2943,1.53337,0.00379052,1.53778,39,0,29,23,28,0,-2,0,0,1,57,3701,3909,303,135,35,711,34425,33734,108,2,65,98,1.1214e+06,0,0,0,0,1,0,0,613,318,3716,0,0,0,0,0,0,0,0,400,-396,0,0,40
2427.35,0,0,0,0,99,2940,1.53324,0.00377534,1.53769,39,0,29,23,28,0,-2,0,0,1,57,3701,3909,303,135,35,711,34425,33734,108,2,65,98,1.1214e+06,0,0,0,0,1,0,0,663,333,3727,0,0,0,0,0,0,0,0,400,-422,0,0,40
2427.36,0,0,0,0,99,2932,1.5331,0.00376015,1.53759,39,0,29,23,28,0,-2,0,0,1,57,3698,3909,290,135,35,711,34425,33734,108,2,65,98,1.07242e+06,0,0,0,0,1,489,0,187,332,3725,0,0,0,0,0,0,0,0,400,-431,0,0,40
2427.37,0,0,0,0,99,2932,1.53297,0.00374497,1.5375,39,0,29,23,28,0,-2,0,0,1,57,3698,3909,285,135,35,711,34425,33734,108,2,65,98,1.05393e+06,0,0,0,0,1,489,0,187,332,3725,0,0,0,0,0,0,0,0,400,-412,0,0,40
2427.38,0,0,0,0,99,2928,1.53284,0.00372979,1.53741,39,0,29,23,28,0,-2,0,0,1,57,3701,3909,288,135,35,711,34425,33734,108,2,65,98,1.06589e+06,0,0,0,0,1,697,0,0,312,3725,0,0,0,0,0,0,0,0,400,-412,0,0,40
2427.39,0,0,0,0,100,2940,1.53271,0.00371461,1.53732,39,0,29,23,28,0,-2,0,0,1,57,3701,3909,288,135,35,711,34425,33734,108,2,65,98,1.06589e+06,0,0,0,0,1,392,246,0,297,3731,0,0,0,0,0,0,0,0,400,-377,0,0,40
2427.4,0,0,0,0,99,2954,1.53257,0.00369943,1.53723,39,0,29,23,28,0,-2,0,0,1,57,3703,3909,299,135,35,711,34438,33797,108,2,87,98,1.1072e+06,0,0,0,0,1,87,533,0,301,3729,0,0,0,0,0,0,0,0,400,-393,0,0,40
2427.41,0,0,0,0,99,2964,1.53292,0.00373,1.5376,39,0,29,23,28,0,-2,0,0,0.9,57,3703,3909,306,135,35,711,34438,33797,108,2,87,98,1.13312e+06,0,0,0,0,1,0,665,0,316,3751,0,0,0,0,0,0,0,0,400,-395,0,0,40
2427.42,0,0,0,0,99,2962,1.53327,0.00376057,1.53798,39,0,29,23,28,0,-2,0,0,0.8,57,3703,3909,309,135,35,711,34438,33797,108,2,87,98,1.14423e+06,0,0,0,0,1,0,684,0,330,3733,0,0,0,0,0,0,0,0,400,-417,0,0,40
2427.43,0,0,0,0,99,2962,1.53362,0.00379113,1.53836,39,0,29,23,28,0,-2,0,0,0.7,57,3703,3909,309,135,35,711,34438,33797,108,2,87,98,1.14423e+06,0,0,0,0,1,0,684,0,330,3703,0,0,0,0,0,0,0,0,400,-408,0,0,40
2427.44,0,0,0,0,99,2953,1.53397,0.0038217,1.53874,39,0,29,23,28,0,-2,0,0,0.6,57,3698,3909,288,135,35,711,34438,33797,108,2,87,98,1.06502e+06,0,0,0,0,1,0,436,284,332,3703,0,0,0,0,0,0,0,0,400,-408,0,0,40
2427.45,0,0,0,0,99,2950,1.53432,0.00385226,1.53911,39,0,29,23,28,0,-2,0,0,0.5,57,3700,3909,291,135,35,711,34438,33797,108,2,87,98,1.0767e+06,0,0,0,0,1,0,106,558,318,3729,0,0,0,0,0,0,0,0,400,-397,0,0,40
2427.46,0,0,0,0,99,2955,1.53467,0.00388283,1.53949,39,0,29,23,28,0,-2,0,0,0.4,57,3700,3909,296,135,35,711,34438,33797,108,2,87,98,1.0952e+06,0,0,0,0,1,0,0,640,305,3721,0,0,0,0,0,0,0,0,400,-390,0,0,40
2427.47,0,0,0,0,99,2963,1.53502,0.0039134,1.53987,39,0,29,23,28,0,-2,0,0,0.3,57,3700,3909,296,135,35,711,34438,33797,108,2,87,98,1.0952e+06,0,0,0,0,1,0,0,640,310,3729,0,0,0,0,0,0,0,0,400,-368,0,0,40
2427.48,0,0,0,0,99,2974,1.53536,0.00394396,1.54025,39,0,29,23,28,0,-2,0,0,0.2,57,3703,3909,296,135,35,711,34438,33797,108,2,87,98,1.09609e+06,0,0,0,0,1,140,0,458,307,3753,0,0,0,0,0,0,0,0,400,-353,0,0,40
2427.49,0,0,0,0,99,2974,1.53571,0.00397453,1.54063,39,0,29,23,28,0,-2,0,0,0.1,57,3700,3909,308,135,35,711,34438,33797,108,2,87,98,1.1396e+06,0,0,0,0,1,140,0,458,307,3751,0,0,0,0,0,0,0,0,400,-391,0,0,40
2427.5,0,0,0,0,99,2983,1.53606,0.0040051,1.541,39,0,29,23,28,0,-2,0,0,0,56,3700,3909,308,135,35,711,34411,33767,108,2,65,98,1.1396e+06,0,0,0,0,1,361,0,337,325,3751,0,0,0,0,0,0,0,0,400,-391,0,0,40
2427.51,0,0,0,0,99,2981,1.53566,0.00400532,1.54054,39,0,29,23,28,0,-2,0,0,0.1,56,3700,3909,308,135,35,711,34411,33767,108,2,65,98,1.1396e+06,0,0,0,0,1,481,0,238,340,3729,0,0,0,0,0,0,0,0,400,-431,0,0,40
2427.52,0,0,0,0,99,2972,1.53526,0.00400554,1.54007,39,0,29,23,28,0,-2,0,0,0.2,56,3695,3909,294,135,35,711,34411,33767,108,2,65,98,1.08633e+06,0,0,0,0,1,591,0,95,337,3710,0,0,0,0,0,0,0,0,400,-429,0,0,40
2427.53,0,0,0,0,99,2966,1.53485,0.00400576,1.5396,39,0,29,23,28,0,-2,0,0,0.3,56,3695,3909,288,135,35,711,34411,33767,108,2,65,98,1.06416e+06,0,0,0,0,1,665,0,0,328,3710,0,0,0,0,0,0,0,0,400,-390,0,0,40
2427.54,0,0,0,0,99,2971,1.53445,0.00400598,1.53914,39,0,29,23,28,0,-2,0,0,0.4,56,3697,3909,294,135,35,711,34411,33767,108,2,65,98,1.08692e+06,0,0,0,0,1,667,0,0,308,3721,0,0,0,0,0,0,0,0,400,-389,0,0,40
2427.55,0,0,0,0,99,2971,1.53405,0.00400619,1.53867,39,0,29,23,28,0,-2,0,0,0.5,56,3697,3909,294,135,35,711,34411,33767,108,2,65,98,1.08692e+06,0,0,0,0,1,667,0,0,308,3716,0,0,0,0,0,0,0,0,400,-398,0,0,40
2427.56,0,0,0,0,99,2984,1.53365,0.00400641,1.53821,39,0,29,23,28,0,-2,0,0,0.6,56,3707,3914,303,135,35,711,34411,33767,108,2,65,98,1.12322e+06,0,0,0,0,1,638,0,0,304,3716,0,0,0,0,0,0,0,0,400,-398,0,0,40
2427.57,0,0,0,0,99,3000,1.53325,0.00400663,1.53774,39,0,29,23,28,0,-2,0,0,0.7,56,3707,3914,312,135,35,711,34411,33767,108,2,65,98,1.15658e+06,0,0,0,0,1,669,0,0,319,3716,0,0,0,0,0,0,0,0,400,-413,0,0,40
2427.58,0,0,0,0,99,3000,1.53284,0.00400685,1.53727,39,0,29,23,28,0,-2,0,0,0.8,56,3707,3914,322,135,35,711,34411,33767,108,2,65,98,1.19365e+06,0,0,0,0,1,683,0,0,332,3710,0,0,0,0,0,0,0,0,400,-424,0,0,40
2427.59,0,0,0,0,99,2992,1.53244,0.00400707,1.53681,39,0,29,23,28,0,-2,0,0,0.9,56,3707,3914,322,135,35,711,34411,33767,108,2,65,98,1.19365e+06,0,0,0,0,1,659,0,0,347,3710,0,0,0,0,0,0,0,0,400,-411,0,0,40
2427.6,0,0,0,0,99,2986,1.53204,0.00400729,1.53634,39,0,29,23,28,0,-2,0,0,1,57,3697,3914,306,135,35,711,34396,33737,108,2,65,98,1.13128e+06,0,0,0,0,1,581,22,0,331,3708,0,0,0,0,0,0,0,0,400,-400,0,0,40
2427.61,0,0,0,0,99,2986,1.53226,0.00401753,1.5368,39,0,29,23,28,0,-2,0,0,1,57,3695,3914,291,135,35,711,34396,33737,108,2,65,98,1.07524e+06,0,0,0,0,1,581,22,0,331,3714,0,0,0,0,0,0,0,0,400,-390,0,0,40
2427.62,0,0,0,0,99,2984,1.53247,0.00402778,1.53726,39,0,29,23,28,0,-2,0,0,1,57,3695,3914,287,135,35,711,34396,33737,108,2,65,98,1.06046e+06,0,0,0,0,1,476,166,0,317,3714,0,0,0,0,0,0,0,0,400,-390,0,0,40
2427.63,0,0,0,0,99,2991,1.53269,0.00403802,1.53773,39,0,29,23,28,0,-2,0,0,1,57,3695,3914,287,135,35,711,34396,33737,108,2,65,98,1.06046e+06,0,0,0,0,1,390,287,0,313,3725,0,0,0,0,0,0,0,0,400,-398,0,0,40
2427.64,0,0,0,0,99,3002,1.53291,0.00404826,1.53819,39,0,29,23,28,0,-2,0,0,1,57,3700,3914,298,135,35,711,34396,33737,108,2,65,98,1.1026e+06,0,0,0,0,1,372,276,0,309,3716,0,0,0,0,0,0,0,0,400,-380,0,0,40
2427.65,0,0,0,0,99,3012,1.53313,0.0040585,1.53865,39,0,29,23,28,0,-2,0,0,1,57,3699,3914,303,135,35,711,34396,33737,108,2,65,98,1.1208e+06,0,0,0,0,1,464,157,0,322,3718,0,0,0,0,0,0,0,0,400,-378,0,0,40
2427.66,0,0,0,0,100,3012,1.53335,0.00406874,1.53911,39,0,29,23,28,0,-2,0,0,1,57,3699,3914,315,135,35,711,34396,33737,108,2,65,98,1.16518e+06,0,0,0,0,1,601,28,0,329,3710,0,0,0,0,0,0,0,0,400,-416,0,0,40
2427.67,0,0,0,0,99,3012,1.53356,0.00407899,1.53957,39,0,29,23,28,0,-2,0,0,1,57,3699,3914,315,136,35,711,34396,33737,108,2,65,98,1.16518e+06,0,0,0,0,1,601,28,0,329,3712,0,0,0,0,0,0,0,0,400,-408,0,0,40
2427.68,0,0,0,0,99,3004,1.53378,0.00408923,1.54004,39,0,29,23,28,0,-2,0,0,1,57,3696,3914,315,136,35,711,34396,33737,108,2,65,98,1.16424e+06,0,0,0,0,1,636,0,0,340,3712,0,0,0,0,0,0,0,0,400,-408,0,0,40
2427.69,0,0,0,0,99,2994,1.534,0.00409947,1.5405,39,0,29,23,28,0,-2,0,0,1,57,3692,3914,293,136,35,711,34396,33737,108,2,65,98,1.08176e+06,0,0,0,0,1,615,0,0,336,3708,0,0,0,0,0,0,0,0,400,-408,0,0,40
2427.7,0,0,0,0,100,2994,1.53422,0.00410971,1.54096,39,0,29,23,28,0,-2,0,0,1,57,3692,3914,289,136,35,711,34352,33685,108,2,87,98,1.06699e+06,0,0,0,0,1,525,57,0,312,3716,0,0,0,0,0,0,0,0,400,-392,0,0,40
2427.71,0,0,0,0,100,3008,1.53409,0.00409923,1.5408,39,0,29,23,28,0,-2,0,0,1,57,3692,3914,289,136,35,711,34352,33685,108,2,87,98,1.06699e+06,0,0,0,0,1,569,2,0,305,3714,0,0,0,0,0,0,0,0,400,-399,0,0,40
2427.72,0,0,0,0,99,3020,1.53396,0.00408876,1.54064,39,0,29,23,28,0,-2,0,0,1,57,3703,3914,311,136,35,711,34352,33685,108,2,87,98,1.15163e+06,0,0,0,0,1,673,0,0,311,3716,0,0,0,0,0,0,0,0,400,-399,0,0,40
2427.73,0,0,0,0,99,3020,1.53383,0.00407828,1.54048,39,0,29,23,28,0,-2,0,0,1,57,3703,3914,318,136,35,711,34352,33685,108,2,87,98,1.17755e+06,0,0,0,0,1,673,0,0,311,3716,0,0,0,0,0,0,0,0,400,-400,0,0,40
2427.74,0,0,0,0,99,3023,1.5337,0.0040678,1.54033,39,0,29,23,28,0,-2,0,0,1,57,3703,3914,325,136,35,711,34352,33685,108,2,87,98,1.20348e+06,0,0,0,0,1,732,0,0,334,3706,0,0,0,0,0,0,0,0,400,-400,0,0,40
2427.75,0,0,0,0,100,3015,1.53357,0.00405732,1.54017,39,0,29,23,28,0,-2,0,0,1,57,3703,3914,325,136,35,711,34352,33685,108,2,87,98,1.20348e+06,0,0,0,0,1,704,0,0,345,3710,0,0,0,0,0,0,0,0,400,-417,0,0,40
2427.76,0,0,0,0,99,3005,1.53344,0.00404684,1.54001,39,0,29,23,28,0,-2,0,0,1,57,3697,3914,306,136,35,711,34352,33685,108,2,87,98,1.13128e+06,0,0,0,0,1,552,0,62,334,3718,0,0,0,0,0,0,0,0,400,-402,0,0,40
2427.77,0,0,0,0,99,3004,1.53332,0.00403637,1.53985,39,0,29,23,28,0,-2,0,0,1,57,3691,3914,299,136,35,711,34352,33685,108,2,87,98,1.10361e+06,0,0,0,0,1,540,0,89,324,3721,0,0,0,0,0,0,0,0,400,-395,0,0,40
2427.78,0,0,0,0,100,3012,1.53319,0.00402589,1.5397,39,0,29,23,28,0,-2,0,0,1,57,3691,3914,297,136,35,711,34352,33685,108,2,87,98,1.09623e+06,0,0,0,0,1,481,0,185,310,3733,0,0,0,0,0,0,0,0,400,-384,0,0,40
2427.79,0,0,0,0,99,3012,1.53306,0.00401541,1.53954,39,0,29,23,28,0,-2,0,0,1,57,3691,3914,297,136,35,711,34352,33685,108,2,87,98,1.09623e+06,0,0,0,0,1,481,0,185,310,3733,0,0,0,0,0,0,0,0,400,-359,0,0,40
2427.8,0,0,0,0,99,3020,1.53293,0.00400493,1.53938,39,0,29,23,28,0,-2,0,0,1,56,3698,3914,304,136,35,711,34400,33749,108,2,65,98,1.12419e+06,0,0,0,0,1,206,0,405,312,3747,0,0,0,0,0,0,0,0,400,-359,0,0,40
2427.81,0,0,0,0,99,3031,1.5333,0.00399583,1.5392,39,0,29,23,28,0,-2,0,0,1,56,3698,3914,311,136,35,711,34400,33749,108,2,65,98,1.15008e+06,0,0,0,0,1,118,0,472,317,3744,0,0,0,0,0,0,0,0,400,-365,0,0,40
2427.82,0,0,0,0,99,3031,1.53368,0.00398674,1.53902,39,0,29,23,28,0,-2,0,0,1,56,3698,3914,326,136,35,711,34400,33749,108,2,65,98,1.20555e+06,0,0,0,0,1,0,0,700,334,3703,0,0,0,0,0,0,0,0,400,-395,0,0,40
2427.83,0,0,0,0,99,3022,1.53405,0.00397764,1.53884,39,0,29,23,28,0,-2,0,0,1,56,3698,3914,326,136,35,711,34400,33749,108,2,65,98,1.20555e+06,0,0,0,0,1,0,0,732,345,3703,0,0,0,0,0,0,0,0,400,-428,0,0,40
2427.84,0,0,0,0,99,3012,1.53442,0.00396854,1.53866,39,0,29,23,28,0,-2,0,0,1,56,3693,3914,316,136,35,711,34400,33749,108,2,65,98,1.16699e+06,0,0,0,0,1,0,0,650,330,3701,0,0,0,0,0,0,0,0,400,-378,0,0,40
2427.85,0,0,0,0,99,3012,1.5348,0.00395945,1.53848,39,0,29,23,28,0,-2,0,0,1,56,3693,3914,300,136,35,711,34400,33749,108,2,65,98,1.1079e+06,0,0,0,0,1,0,0,650,330,3701,0,0,0,0,0,0,0,0,400,-367,0,0,40
2427.86,0,0,0,0,99,3011,1.53517,0.00395035,1.5383,39,0,29,23,28,0,-2,0,0,1,56,3691,3914,289,136,35,711,34400,33749,108,2,65,98,1.0667e+06,0,0,0,0,1,0,0,604,314,3710,0,0,0,0,0,0,0,0,400,-367,0,0,40
2427.87,0,0,0,0,99,3023,1.53554,0.00394126,1.53813,39,0,29,23,28,0,-2,0,0,1,56,3691,3914,289,136,35,711,34400,33749,108,2,65,98,1.0667e+06,0,0,0,0,1,0,116,493,301,3727,0,0,0,0,0,0,0,0,400,-355,0,0,40
2427.88,0,0,0,0,99,3040,1.53591,0.00393216,1.53795,39,0,29,23,28,0,-2,0,0,1,56,3691,3914,308,136,35,711,34400,33749,108,2,65,98,1.13683e+06,0,0,0,0,1,0,319,335,303,3712,0,0,0,0,0,0,0,0,400,-378,0,0,40
2427.89,0,0,0,0,99,3045,1.53629,0.00392306,1.53777,39,0,29,23,28,0,-2,0,0,1,56,3700,3914,320,136,35,711,34400,33749,108,2,65,98,1.184e+06,0,0,0,0,1,0,676,0,337,3718,0,0,0,0,0,0,0,0,400,-412,0,0,40
2427.9,0,0,0,0,99,3038,1.53666,0.00391397,1.53759,39,0,29,23,28,0,-2,0,0,1,57,3700,3914,330,136,35,711,34420,33725,108,2,65,98,1.221e+06,0,0,0,0,1,0,702,0,343,3744,0,0,0,0,0,0,0,0,400,-414,0,0,40
2427.91,0,0,0,0,100,3038,1.53645,0.00391071,1.53766,39,0,29,23,28,0,-2,0,0,1,57,3700,3914,330,136,35,711,34420,33725,108,2,65,98,1.221e+06,0,0,0,0,1,0,702,0,343,3731,0,0,0,0,0,0,0,0,400,-398,0,0,40
2427.92,0,0,0,0,99,3030,1.53624,0.00390746,1.53773,39,0,29,23,28,0,-2,0,0,1,57,3690,3914,316,136,35,711,34420,33725,108,2,65,98,1.16604e+06,0,0,0,0,1,36,571,0,336,3731,0,0,0,0,0,0,0,0,400,-398,0,0,40
2427.93,0,0,0,0,99,3025,1.53602,0.0039042,1.5378,39,0,29,23,28,0,-2,0,0,1,57,3692,3914,301,136,35,711,34420,33725,108,2,65,98,1.11129e+06,0,0,0,0,1,210,450,0,326,3721,0,0,0,0,0,0,0,0,400,-395,0,0,40
2427.94,0,0,0,0,99,3030,1.53581,0.00390095,1.53787,39,0,29,23,28,0,-2,0,0,1,57,3692,3914,299,136,35,711,34420,33725,108,2,65,98,1.10391e+06,0,0,0,0,1,358,274,0,309,3718,0,0,0,0,0,0,0,0,400,-371,0,0,40
2427.95,0,0,0,0,99,3042,1.5356,0.00389769,1.53794,39,0,29,23,28,0,-2,0,0,1,57,3692,3914,299,136,35,711,34420,33725,108,2,65,98,1.10391e+06,0,0,0,0,1,662,0,0,309,3710,0,0,0,0,0,0,0,0,400,-414,0,0,40
2427.96,0,0,0,0,99,3054,1.53539,0.00389444,1.53801,39,0,29,23,28,0,-2,0,0,1,57,3692,3919,307,136,35,711,34420,33725,108,2,65,98,1.13344e+06,0,0,0,0,1,628,0,0,316,3710,0,0,0,0,0,0,0,0,400,-381,0,0,40
2427.97,0,0,0,0,99,3054,1.53518,0.00389119,1.53808,39,0,29,23,28,0,-2,0,0,1,57,3698,3919,316,136,35,711,34420,33725,108,2,65,98,1.16857e+06,0,0,0,0,1,628,0,0,316,3725,0,0,0,0,0,0,0,0,400,-414,0,0,40
2427.98,0,0,0,0,99,3057,1.53497,0.00388793,1.53815,39,0,29,23,28,0,-2,0,0,1,57,3698,3919,323,136,35,711,34420,33725,108,2,65,98,1.19445e+06,0,0,0,0,1,431,0,284,337,3725,0,0,0,0,0,0,0,0,400,-414,0,0,40
2427.99,0,0,0,0,99,3052,1.53475,0.00388468,1.53821,39,0,29,23,28,0,-2,0,0,1,57,3698,3919,323,136,35,711,34420,33725,108,2,65,98,1.19445e+06,0,0,0,0,1,0,0,687,349,3710,0,0,0,0,0,0,0,0,400,-419,0,0,40
2428,0,0,0,0,99,3041,1.53454,0.00388142,1.53828,39,0,29,23,28,0,-2,0,0,1,56,3690,3919,318,136,35,711,34313,33639,108,2,68,98,1.17342e+06,0,0,0,0,1,0,0,692,340,3692,0,0,0,0,0,0,0,0,400,-423,0,0,40
2428.01,0,0,0,0,99,3040,1.53429,0.003886,1.53826,39,0,29,23,28,0,-2,0,0,1,56,3688,3919,301,136,35,711,34313,33639,108,2,68,98,1.11009e+06,0,0,0,0,1,0,53,527,321,3718,0,0,0,0,0,0,0,0,400,-419,0,0,40
2428.02,0,0,0,0,99,3053,1.53403,0.00389057,1.53823,39,0,29,23,28,0,-2,0,0,1,56,3688,3919,294,136,35,711,34313,33639,108,2,68,98,1.08427e+06,0,0,0,0,1,0,387,265,308,3712,0,0,0,0,0,0,0,0,400,-384,0,0,40
2428.03,0,0,0,0,100,3053,1.53378,0.00389514,1.5382,39,0,29,23,28,0,-2,0,0,1,56,3688,3919,294,136,35,711,34313,33639,108,2,68,98,1.08427e+06,0,0,0,0,1,0,387,265,308,3744,0,0,0,0,0,0,0,0,400,-388,0,0,40
2428.04,0,0,0,0,99,3067,1.53352,0.00389972,1.53818,39,0,29,23,28,0,-2,0,0,1,56,3700,3919,317,136,35,711,34313,33639,108,2,68,98,1.1729e+06,0,0,0,0,1,0,661,0,315,3744,0,0,0,0,0,0,0,0,400,-388,0,0,40
2428.05,0,0,0,0,99,3074,1.53327,0.00390429,1.53815,39,0,29,23,28,0,-2,0,0,1,56,3700,3919,325,136,35,711,34313,33639,108,2,68,98,1.2025e+06,0,0,0,0,1,399,303,0,338,3708,0,0,0,0,0,0,0,0,400,-412,0,0,40
2428.06,0,0,0,0,99,3068,1.53302,0.00390887,1.53812,39,0,29,23,28,0,-2,0,0,1,56,3690,3919,328,136,35,711,34313,33639,108,2,68,98,1.21032e+06,0,0,0,0,1,724,0,0,350,3690,0,0,0,0,0,0,0,0,400,-447,0,0,40
2428.07,0,0,0,0,99,3058,1.53276,0.00391344,1.5381,39,0,29,23,28,0,-2,0,0,1,56,3690,3919,328,136,35,711,34313,33639,108,2,68,98,1.21032e+06,0,0,0,0,1,648,0,0,348,3710,0,0,0,0,0,0,0,0,400,-407,0,0,40
2428.08,0,0,0,0,99,3057,1.53251,0.00391801,1.53807,39,0,29,23,28,0,-2,0,0,1,56,3690,3919,311,136,35,711,34313,33639,108,2,68,98,1.14759e+06,0,0,0,0,1,347,0,349,326,3738,0,0,0,0,0,0,0,0,400,-387,0,0,40
2428.09,0,0,0,0,99,3057,1.53225,0.00392259,1.53804,39,0,29,23,28,0,-2,0,0,1,56,3685,3919,298,136,35,711,34313,33639,108,2,68,98,1.09813e+06,0,0,0,0,1,347,0,349,326,3701,0,0,0,0,0,0,0,0,400,-386,0,0,40
2428.1,0,0,0,0,99,3065,1.532,0.00392716,1.53802,39,0,29,23,28,0,-2,0,0,1,57,3685,3919,300,136,35,711,34330,33641,108,2,65,98,1.1055e+06,0,0,0,0,1,0,0,687,315,3701,0,0,0,0,0,0,0,0,400,-386,0,0,40
2428.11,0,0,0,0,99,3077,1.53252,0.00392605,1.53776,39,0,29,23,28,0,-2,0,0,1,57,3685,3919,300,136,35,711,34330,33641,108,2,65,98,1.1055e+06,0,0,0,0,1,0,199,476,316,3714,0,0,0,0,0,0,0,0,400,-388,0,0,40
2428.12,0,0,0,0,100,3090,1.53304,0.00392493,1.5375,39,0,29,23,28,0,-2,0,0,1,57,3698,3919,314,136,35,711,34330,33641,108,2,65,98,1.16117e+06,0,0,0,0,1,0,688,0,320,3751,0,0,0,0,0,0,0,0,400,-404,0,0,40
2428.13,0,0,0,0,100,3092,1.53356,0.00392382,1.53724,39,0,29,23,28,0,-2,0,0,1,57,3698,3919,320,136,35,711,34330,33641,108,2,65,98,1.18336e+06,0,0,0,0,1,343,372,0,341,3708,0,0,0,0,0,0,0,0,400,-418,0,0,40
2428.14,0,0,0,0,99,3085,1.53408,0.00392271,1.53699,39,0,29,23,28,0,-2,0,0,1,57,3696,3919,329,136,35,711,34330,33641,108,2,65,98,1.21598e+06,0,0,0,0,1,720,0,0,350,3701,0,0,0,0,0,0,0,0,400,-421,0,0,40
2428.15,0,0,0,0,99,3085,1.5346,0.00392159,1.53673,39,0,29,23,28,0,-2,0,0,1,57,3696,3919,329,136,35,711,34330,33641,108,2,65,98,1.21598e+06,0,0,0,0,1,720,0,0,350,3729,0,0,0,0,0,0,0,0,400,-432,0,0,40
2428.16,0,0,0,0,99,3076,1.53511,0.00392048,1.53647,39,0,29,23,28,0,-2,0,0,1,57,3685,3919,313,136,35,711,34330,33641,108,2,65,98,1.1534e+06,0,0,0,0,1,398,0,308,341,3729,0,0,0,0,0,0,0,0,400,-432,0,0,40
2428.17,0,0,0,0,99,3077,1.53563,0.00391937,1.53621,39,0,29,23,28,0,-2,0,0,1,57,3685,3919,303,136,35,711,34330,33641,108,2,65,98,1.11656e+06,0,0,0,0,1,0,0,683,320,3703,0,0,0,0,0,0,0,0,400,-411,0,0,40
2428.18,0,0,0,0,99,3092,1.53615,0.00391825,1.53595,39,0,29,23,28,0,-2,0,0,1,57,3685,3919,294,136,35,711,34330,33641,108,2,65,98,1.08339e+06,0,0,0,0,1,0,272,398,312,3708,0,0,0,0,0,0,0,0,400,-404,0,0,40
2428.19,0,0,0,0,99,3109,1.53667,0.00391714,1.5357,39,0,29,23,28,0,-2,0,0,1,57,3685,3919,294,136,35,711,34330,33641,108,2,65,98,1.08339e+06,0,0,0,0,1,0,600,0,321,3738,0,0,0,0,0,0,0,0,400,-358,0,0,40
2428.2,0,0,0,0,99,3113,1.53719,0.00391602,1.53544,39,0,29,23,28,0,-2,0,0,1,57,3695,3919,324,136,35,711,34369,33715,108,2,65,98,1.19718e+06,0,0,0,0,1,685,0,0,347,3703,0,0,0,0,0,0,0,0,400,-425,0,0,40
2428.21,0,0,0,0,99,3113,1.53719,0.00390917,1.53591,39,0,29,23,28,0,-2,0,0,1,57,3695,3919,335,136,35,711,34369,33715,108,2,65,98,1.23782e+06,0,0,0,0,1,685,0,0,347,3703,0,0,0,0,0,0,0,0,400,-405,0,0,40
2428.22,0,0,0,0,99,3106,1.5372,0.00390231,1.53638,39,0,29,23,28,0,-2,0,0,1,57,3695,3919,333,136,35,711,34369,33715,108,2,65,98,1.23044e+06,0,0,0,0,1,458,0,261,353,3721,0,0,0,0,0,0,0,0,400,-405,0,0,40
2428.23,0,0,0,0,99,3099,1.5372,0.00389546,1.53684,39,0,29,23,28,0,-2,0,0,1,57,3695,3919,333,136,35,711,34369,33715,108,2,65,98,1.23044e+06,0,0,0,0,1,0,0,691,344,3695,0,0,0,0,0,0,0,0,400,-381,0,0,40
2428.24,0,0,0,0,99,3098,1.5372,0.0038886,1.53731,39,0,29,23,28,0,-2,0,0,1,57,3688,3919,315,136,35,711,34369,33715,108,2,65,98,1.16172e+06,0,0,0,0,1,0,473,177,326,3701,0,0,0,0,0,0,0,0,400,-380,0,0,40
2428.25,0,0,0,0,99,3106,1.53721,0.00388175,1.53778,39,0,29,23,28,0,-2,0,0,1,57,3688,3919,297,136,35,711,34369,33715,108,2,65,98,1.09534e+06,0,0,0,0,1,56,504,0,315,3723,0,0,0,0,0,0,0,0,400,-386,0,0,40
2428.26,0,0,0,0,100,3120,1.53721,0.00387489,1.53825,39,0,29,23,28,0,-2,0,0,1,57,3688,3921,303,136,35,711,34369,33715,108,2,65,98,1.11746e+06,0,0,0,0,1,673,0,0,320,3714,0,0,0,0,0,0,0,0,400,-361,0,0,40
2428.27,0,0,0,0,99,3120,1.53721,0.00386804,1.53872,39,0,29,23,28,0,-2,0,0,1,57,3688,3921,303,136,35,711,34369,33715,108,2,65,98,1.11746e+06,0,0,0,0,1,673,0,0,320,3714,0,0,0,0,0,0,0,0,400,-421,0,0,40
2428.28,0,0,0,0,99,3130,1.53722,0.00386118,1.53919,39,0,29,23,28,0,-2,0,0,1,57,3699,3921,320,136,35,711,34369,33715,108,2,65,98,1.18368e+06,0,0,0,0,1,0,0,687,331,3697,0,0,0,0,0,0,0,0,400,-421,0,0,40
2428.29,0,0,0,0,99,3133,1.53722,0.00385433,1.53966,39,0,29,23,28,0,-2,0,0,1,57,3699,3921,323,136,35,711,34369,33715,108,2,65,98,1.19478e+06,0,0,0,0,1,0,571,64,348,3697,0,0,0,0,0,0,0,0,400,-401,0,0,40
2428.3,0,0,0,0,99,3126,1.53722,0.00384747,1.54013,39,0,29,23,28,0,-2,0,0,1,56,3698,3921,335,136,35,711,34416,33767,108,2,65,98,1.23883e+06,0,0,0,0,1,468,258,0,361,3699,0,0,0,0,0,0,0,0,400,-431,0,0,40
2428.31,0,0,0,0,99,3117,1.53699,0.00385161,1.53968,39,0,29,23,28,0,-2,0,0,1,56,3698,3921,335,136,35,711,34416,33767,108,2,65,98,1.23883e+06,0,0,0,0,1,642,0,0,344,3708,0,0,0,0,0,0,0,0,400,-392,0,0,40
2428.32,0,0,0,0,99,3122,1.53675,0.00385575,1.53923,39,0,29,23,28,0,-2,0,0,1,56,3685,3921,307,136,35,711,34416,33767,108,2,65,98,1.1313e+06,0,0,0,0,1,0,0,644,320,3714,0,0,0,0,0,0,0,0,400,-373,0,0,40
2428.33,0,0,0,0,100,3122,1.53652,0.00385988,1.53878,39,0,29,23,28,0,-2,0,0,1,56,3685,3921,287,136,35,711,34416,33767,108,2,65,98,1.0576e+06,0,0,0,0,1,0,0,644,320,3714,0,0,0,0,0,0,0,0,400,-359,0,0,40
2428.34,0,0,0,0,100,3136,1.53628,0.00386402,1.53834,39,0,29,23,28,0,-2,0,0,1,56,3685,3921,292,136,35,711,34416,33767,108,2,65,98,1.07602e+06,0,0,0,0,1,0,497,73,317,3712,0,0,0,0,0,0,0,0,400,-359,0,0,40
2428.35,0,0,0,0,99,3149,1.53604,0.00386816,1.53789,39,0,29,23,28,0,-2,0,0,1,56,3685,3921,292,136,35,711,34416,33767,108,2,65,98,1.07602e+06,0,0,0,0,1,425,217,0,325,3706,0,0,0,0,0,0,0,0,400,-383,0,0,40
2428.36,0,0,0,0,100,3151,1.53581,0.00387229,1.53744,39,0,29,23,28,0,-2,0,0,1,56,3698,3921,328,136,35,711,34416,33767,108,2,65,98,1.21294e+06,0,0,0,0,1,361,0,337,353,3727,0,0,0,0,0,0,0,0,400,-425,0,0,40
2428.37,0,0,0,0,99,3145,1.53557,0.00387643,1.53699,39,0,29,23,28,0,-2,0,0,1,56,3698,3921,330,136,35,711,34416,33767,108,2,65,98,1.22034e+06,0,0,0,0,1,0,198,495,355,3690,0,0,0,0,0,0,0,0,400,-449,0,0,40
2428.38,0,0,0,0,99,3139,1.53534,0.00388057,1.53654,39,0,29,23,28,0,-2,0,0,1,56,3690,3921,338,136,35,711,34416,33767,108,2,65,98,1.24722e+06,0,0,0,0,1,0,596,0,345,3716,0,0,0,0,0,0,0,0,400,-400,0,0,40
2428.39,0,0,0,0,99,3139,1.5351,0.0038847,1.53609,39,0,29,23,28,0,-2,0,0,1,56,3690,3921,338,136,35,711,34416,33767,108,2,65,98,1.24722e+06,0,0,0,0,1,0,596,0,345,3706,0,0,0,0,0,0,0,0,400,-386,0,0,40
2428.4,0,0,0,0,99,3142,1.53487,0.00388884,1.53565,39,0,29,23,28,0,-2,0,0,1,57,3683,3921,311,136,35,711,34322,33658,108,2,68,98,1.14541e+06,0,0,0,0,1,657,0,0,333,3706,0,0,0,0,0,0,0,0,400,-386,0,0,40
2428.41,0,0,0,0,99,3151,1.53482,0.0039138,1.5357,39,0,29,23,28,0,-2,0,0,1,57,3683,3921,299,136,35,711,34322,33658,108,2,68,98,1.10122e+06,0,0,0,0,1,0,0,679,319,3701,0,0,0,0,0,0,0,0,400,-391,0,0,40
2428.42,0,0,0,0,99,3164,1.53478,0.00393877,1.53576,39,0,29,23,28,0,-2,0,0,1,57,3683,3921,311,136,35,711,34322,33658,108,2,68,98,1.14541e+06,0,0,0,0,1,0,659,0,327,3747,0,0,0,0,0,0,0,0,400,-388,0,0,40
2428.43,0,0,0,0,99,3172,1.53473,0.00396373,1.53582,39,0,29,23,28,0,-2,0,0,1,57,3683,3921,311,136,35,711,34322,33658,108,2,68,98,1.14541e+06,0,0,0,0,1,747,0,0,346,3699,0,0,0,0,0,0,0,0,400,-437,0,0,40
2428.44,0,0,0,0,99,3168,1.53469,0.00398869,1.53587,39,0,29,23,28,0,-2,0,0,1,57,3694,3921,336,136,35,711,34322,33658,108,2,68,98,1.24118e+06,0,0,0,0,1,0,0,741,358,3680,0,0,0,0,0,0,0,0,400,-446,0,0,40
2428.45,0,0,0,0,99,3168,1.53464,0.00401365,1.53593,39,0,29,23,28,0,-2,0,0,1,57,3694,3921,334,136,35,711,34322,33658,108,2,68,98,1.2338e+06,0,0,0,0,1,0,0,741,358,3727,0,0,0,0,0,0,0,0,400,-427,0,0,40
2428.46,0,0,0,0,99,3159,1.5346,0.00403862,1.53599,39,0,29,23,28,0,-2,0,0,1,57,3691,3921,339,136,35,711,34322,33658,108,2,68,98,1.25125e+06,0,0,0,0,1,0,725,0,360,3727,0,0,0,0,0,0,0,0,400,-427,0,0,40
2428.47,0,0,0,0,99,3155,1.53456,0.00406358,1.53605,39,0,29,23,28,0,-2,0,0,1,57,3691,3921,339,136,35,711,34322,33658,108,2,68,98,1.25125e+06,0,0,0,0,1,722,0,0,340,3701,0,0,0,0,0,0,0,0,400,-432,0,0,40
2428.48,0,0,0,0,99,3164,1.53451,0.00408854,1.5361,39,0,29,23,28,0,-2,0,0,1,57,3685,3921,300,136,35,711,34322,33658,108,2,68,98,1.1055e+06,0,0,0,0,1,0,0,640,318,3708,0,0,0,0,0,0,0,0,400,-370,0,0,40
2428.49,0,0,0,0,99,3181,1.53447,0.00411351,1.53616,39,0,29,23,28,0,-2,0,0,1,57,3685,3921,289,136,35,711,34322,33658,108,2,68,98,1.06496e+06,0,0,0,0,1,0,639,0,319,3753,0,0,0,0,0,0,0,0,400,-375,0,0,40
2428.5,0,0,0,0,99,3189,1.53442,0.00413847,1.53622,39,0,29,23,28,0,-2,0,0,1,57,3685,3924,297,136,35,711,34285,33604,107,2,68,98,1.09444e+06,0,0,0,0,1,679,0,0,347,3703,0,0,0,0,0,0,0,0,400,-401,0,0,40
2428.51,0,0,0,0,99,3189,1.5346,0.00413301,1.53663,39,0,29,23,28,0,-2,0,0,1,57,3685,3924,297,136,35,711,34285,33604,107,2,68,98,1.09444e+06,0,0,0,0,1,679,0,0,347,3695,0,0,0,0,0,0,0,0,400,-408,0,0,40
2428.52,0,0,0,0,99,3185,1.53479,0.00412755,1.53705,39,0,29,23,28,0,-2,0,0,1,57,3698,3924,340,136,35,711,34285,33604,107,2,68,98,1.25732e+06,0,0,0,0,1,0,16,597,358,3695,0,0,0,0,0,0,0,0,400,-408,0,0,40
2428.53,0,0,0,0,99,3179,1.53497,0.00412208,1.53747,39,0,29,23,28,0,-2,0,0,1,57,3698,3924,336,136,35,711,34285,33604,107,2,68,98,1.24253e+06,0,0,0,0,1,142,553,0,361,3703,0,0,0,0,0,0,0,0,400,-429,0,0,40
2428.54,0,0,0,0,99,3174,1.53515,0.00411662,1.53789,39,0,29,23,28,0,-2,0,0,1,57,3684,3924,335,136,35,711,34285,33604,107,2,68,98,1.23414e+06,0,0,0,0,1,481,0,179,345,3712,0,0,0,0,0,0,0,0,400,-401,0,0,40
2428.55,0,0,0,0,99,3179,1.53533,0.00411116,1.53831,39,0,29,23,28,0,-2,0,0,1,57,3684,3924,335,136,35,711,34285,33604,107,2,68,98,1.23414e+06,0,0,0,0,1,0,317,349,327,3699,0,0,0,0,0,0,0,0,400,-363,0,0,40
2428.56,0,0,0,0,99,3190,1.53552,0.0041057,1.53873,39,0,29,23,28,0,-2,0,0,1,57,3683,3924,305,136,35,711,34285,33604,107,2,68,98,1.12332e+06,0,0,0,0,1,329,305,0,324,3710,0,0,0,0,0,0,0,0,400,-370,0,0,40
2428.57,0,0,0,0,99,3190,1.5357,0.00410024,1.53915,39,0,29,23,28,0,-2,0,0,1,57,3683,3924,311,136,35,711,34285,33604,107,2,68,98,1.14541e+06,0,0,0,0,1,329,305,0,324,3712,0,0,0,0,0,0,0,0,400,-406,0,0,40
2428.58,0,0,0,0,99,3201,1.53588,0.00409477,1.53957,39,0,29,23,28,0,-2,0,0,1,57,3683,3924,307,136,35,711,34285,33604,107,2,68,98,1.13068e+06,0,0,0,0,1,0,0,603,336,3712,0,0,0,0,0,0,0,0,400,-406,0,0,40
2428.59,0,0,0,0,99,3203,1.53606,0.00408931,1.53998,39,0,29,23,28,0,-2,0,0,1,57,3683,3924,307,136,35,711,34285,33604,107,2,68,98,1.13068e+06,0,0,0,0,1,0,717,0,358,3733,0,0,0,0,0,0,0,0,400,-420,0,0,40
2428.6,0,0,0,0,99,3196,1.53624,0.00408385,1.5404,39,0,29,23,28,0,-2,0,0,1,56,3696,3924,329,136,35,711,34371,33713,108,2,82,98,1.21598e+06,0,0,0,0,1,654,0,0,365,3697,0,0,0,0,0,0,0,0,400,-412,0,0,40
2428.61,0,0,0,0,99,3187,1.53628,0.00409086,1.54004,39,0,29,23,28,0,-2,0,0,1,56,3696,3924,340,136,35,711,34371,33713,108,2,82,98,1.25664e+06,0,0,0,0,1,0,131,556,350,3703,0,0,0,0,0,0,0,0,400,-398,0,0,40
2428.62,0,0,0,0,99,3193,1.53632,0.00409786,1.53967,39,0,29,23,28,0,-2,0,0,1,56,3685,3924,336,136,35,711,34371,33713,108,2,82,98,1.23816e+06,0,0,0,0,1,284,432,0,329,3710,0,0,0,0,0,0,0,0,400,-422,0,0,40
2428.63,0,0,0,0,99,3193,1.53635,0.00410487,1.53931,39,0,29,23,28,0,-2,0,0,1,56,3685,3924,336,136,35,711,34371,33713,108,2,82,98,1.23816e+06,0,0,0,0,1,284,432,0,329,3740,0,0,0,0,0,0,0,0,400,-348,0,0,40
2428.64,0,0,0,0,99,3205,1.53639,0.00411188,1.53894,39,0,29,23,28,0,-2,0,0,1,56,3683,3924,302,136,35,711,34371,33713,108,2,82,98,1.11227e+06,0,0,0,0,1,68,0,457,326,3740,0,0,0,0,0,0,0,0,400,-348,0,0,40
2428.65,0,0,0,0,99,3214,1.53643,0.00411888,1.53858,39,0,29,23,28,0,-2,0,0,1,56,3683,3923,309,136,35,711,34371,33713,108,2,82,98,1.13805e+06,0,0,0,0,1,0,684,0,341,3738,0,0,0,0,0,0,0,0,400,-404,0,0,40
2428.66,0,0,0,0,99,3213,1.53646,0.00412589,1.53821,39,0,29,23,28,0,-2,0,0,1,56,3683,3923,317,136,35,711,34371,33713,108,2,82,98,1.16751e+06,0,0,0,0,1,562,0,35,359,3703,0,0,0,0,0,0,0,0,400,-388,0,0,40
2428.67,0,0,0,0,99,3206,1.5365,0.00413289,1.53785,39,0,29,23,28,0,-2,0,0,1,56,3683,3923,317,136,35,711,34371,33713,108,2,82,98,1.16751e+06,0,0,0,0,1,0,313,429,358,3686,0,0,0,0,0,0,0,0,400,-425,0,0,40
2428.68,0,0,0,0,99,3202,1.53654,0.0041399,1.53748,39,0,29,23,28,0,-2,0,0,1,56,3693,3923,334,136,35,711,34371,33713,108,2,82,98,1.23346e+06,0,0,0,0,1,572,57,0,344,3695,0,0,0,0,0,0,0,0,400,-407,0,0,40
2428.69,0,0,0,0,99,3202,1.53657,0.00414691,1.53712,39,0,29,23,28,0,-2,0,0,1,56,3681,3923,338,136,35,711,34371,33713,108,2,82,98,1.24418e+06,0,0,0,0,1,572,57,0,344,3695,0,0,0,0,0,0,0,0,400,-407,0,0,40
2428.7,0,0,0,0,99,3207,1.53661,0.00415391,1.53675,39,0,29,23,28,0,-2,0,0,1,56,3681,3923,323,136,35,711,34279,33583,108,2,68,98,1.18896e+06,0,0,0,0,1,0,0,671,334,3695,0,0,0,0,0,0,0,0,400,-407,0,0,40
2428.71,0,0,0,0,99,3215,1.53652,0.00412874,1.5368,39,0,29,23,28,0,-2,0,0,1,56,3681,3923,323,135,35,711,34279,33583,108,2,68,98,1.18896e+06,0,0,0,0,1,36,559,0,333,3725,0,0,0,0,0,0,0,0,400,-389,0,0,40
2428.72,0,0,0,0,99,3224,1.53643,0.00410357,1.53686,39,0,29,23,28,0,-2,0,0,1,56,3688,3923,312,135,35,711,34279,33583,108,2,68,98,1.15066e+06,0,0,0,0,1,310,0,322,339,3738,0,0,0,0,0,0,0,0,400,-380,0,0,40
2428.73,0,0,0,0,99,3227,1.53634,0.00407839,1.53691,39,0,29,23,28,0,-2,0,0,1,56,3688,3923,318,135,35,711,34279,33583,108,2,68,98,1.17278e+06,0,0,0,0,1,0,721,0,353,3731,0,0,0,0,0,0,0,0,400,-402,0,0,40
2428.74,0,0,0,0,99,3220,1.53625,0.00405322,1.53696,39,0,29,23,28,0,-2,0,0,1,56,3688,3923,326,135,35,711,34279,33583,108,2,68,98,1.20229e+06,0,0,0,0,1,575,0,70,361,3699,0,0,0,0,0,0,0,0,400,-428,0,0,40
2428.75,0,0,0,0,99,3220,1.53615,0.00402804,1.53702,39,0,29,23,28,0,-2,0,0,1,56,3688,3923,326,135,35,711,34279,33583,108,2,68,98,1.20229e+06,0,0,0,0,1,575,0,70,361,3699,0,0,0,0,0,0,0,0,400,-391,0,0,40
2428.76,0,0,0,0,100,3213,1.53606,0.00400287,1.53707,39,0,29,23,28,0,-2,0,0,1,56,3691,3923,341,135,35,711,34279,33583,108,2,68,98,1.25863e+06,0,0,0,0,1,0,352,369,361,3690,0,0,0,0,0,0,0,0,400,-391,0,0,40
2428.77,0,0,0,0,99,3213,1.53597,0.0039777,1.53713,39,0,29,23,28,0,-2,0,0,1,56,3691,3923,331,135,35,711,34279,33583,108,2,68,98,1.22172e+06,0,0,0,0,1,630,0,0,334,3710,0,0,0,0,0,0,0,0,400,-408,0,0,40
2428.78,0,0,0,0,99,3224,1.53588,0.00395252,1.53718,39,0,29,23,28,0,-2,0,0,1,56,3682,3923,328,135,35,711,34279,33583,108,2,68,98,1.2077e+06,0,0,0,0,1,0,75,509,325,3718,0,0,0,0,0,0,0,0,400,-368,0,0,40
2428.79,0,0,0,0,99,3237,1.53579,0.00392735,1.53723,39,0,29,23,28,0,-2,0,0,1,56,3682,3923,328,135,35,711,34279,33583,108,2,68,98,1.2077e+06,0,0,0,0,1,540,52,0,341,3697,0,0,0,0,0,0,0,0,400,-384,0,0,40
2428.8,0,0,0,0,99,3237,1.5357,0.00390217,1.53729,39,0,29,23,28,0,-2,0,0,1,57,3682,3923,314,135,35,711,34262,33528,108,2,87,98,1.15615e+06,0,0,0,0,1,0,69,566,359,3699,0,0,0,0,0,0,0,0,400,-445,0,0,40
2428.81,0,0,0,0,99,3237,1.53555,0.00392088,1.53743,39,0,29,23,28,0,-2,0,0,1,57,3688,3923,324,135,35,711,34262,33528,108,2,87,98,1.19491e+06,0,0,0,0,1,0,69,566,359,3699,0,0,0,0,0,0,0,0,400,-396,0,0,40
2428.82,0,0,0,0,99,3232,1.53541,0.00393959,1.53757,39,0,29,23,28,0,-2,0,0,1,57,3688,3923,338,135,35,711,34262,33528,108,2,87,98,1.24654e+06,0,0,0,0,1,351,327,0,359,3701,0,0,0,0,0,0,0,0,400,-396,0,0,40
2428.83,0,0,0,0,99,3226,1.53526,0.0039583,1.53772,39,0,29,23,28,0,-2,0,0,1,57,3688,3923,338,135,35,711,34262,33528,108,2,87,98,1.24654e+06,0,0,0,0,1,0,0,736,357,3682,0,0,0,0,0,0,0,0,400,-420,0,0,40
2428.84,0,0,0,0,99,3227,1.53512,0.00397701,1.53786,39,0,29,23,28,0,-2,0,0,1,57,3682,3923,343,135,35,711,34262,33528,108,2,87,98,1.26293e+06,0,0,0,0,1,70,506,0,337,3731,0,0,0,0,0,0,0,0,400,-367,0,0,40
2428.85,0,0,0,0,99,3234,1.53498,0.00399572,1.53801,39,0,29,23,28,0,-2,0,0,1,57,3682,3923,332,135,35,711,34262,33528,108,2,87,98,1.22242e+06,0,0,0,0,1,76,0,474,332,3740,0,0,0,0,0,0,0,0,400,-358,0,0,40
2428.86,0,0,0,0,99,3243,1.53483,0.00401443,1.53815,39,0,29,23,28,0,-2,0,0,1,57,3682,3923,324,135,35,711,34262,33528,108,2,87,98,1.19297e+06,0,0,0,0,1,0,588,0,337,3731,0,0,0,0,0,0,0,0,400,-357,0,0,40
2428.87,0,0,0,0,99,3243,1.53469,0.00403314,1.53829,39,0,29,23,28,0,-2,0,0,1,57,3682,3923,324,135,35,711,34262,33528,108,2,87,98,1.19297e+06,0,0,0,0,1,0,588,0,337,3731,0,0,0,0,0,0,0,0,400,-386,0,0,40
2428.88,0,0,0,0,99,3247,1.53454,0.00405185,1.53844,39,0,29,23,28,0,-2,0,0,1,57,3690,3923,318,135,35,711,34262,33528,108,2,87,98,1.17342e+06,0,0,0,0,1,191,0,470,349,3723,0,0,0,0,0,0,0,0,400,-386,0,0,40
2428.89,0,0,0,0,99,3248,1.5344,0.00407055,1.53858,39,0,29,23,28,0,-2,0,0,1,57,3690,3923,323,135,35,711,34262,33528,108,2,87,98,1.19187e+06,0,0,0,0,1,0,633,0,356,3733,0,0,0,0,0,0,0,0,400,-386,0,0,40
2428.9,0,0,0,0,99,3240,1.53426,0.00408926,1.53872,39,0,29,23,28,0,-2,0,0,1,57,3690,3919,339,135,35,711,34323,33636,108,2,66,98,1.25091e+06,0,0,0,0,1,341,0,358,366,3725,0,0,0,0,0,0,0,0,400,-418,0,0,40
2428.91,0,0,0,0,99,3238,1.53457,0.00409218,1.5387,39,0,29,23,28,0,-2,0,0,1,57,3690,3919,339,135,35,711,34323,33636,108,2,66,98,1.25091e+06,0,0,0,0,1,0,643,0,345,3744,0,0,0,0,0,0,0,0,400,-378,0,0,40
2428.92,0,0,0,0,99,3246,1.53488,0.0040951,1.53868,39,0,29,23,28,0,-2,0,0,1,57,3680,3919,337,135,35,711,34323,33636,108,2,66,98,1.24016e+06,0,0,0,0,1,443,0,226,332,3723,0,0,0,0,0,0,0,0,400,-382,0,0,40
2428.93,0,0,0,0,99,3246,1.53519,0.00409802,1.53866,39,0,29,23,28,0,-2,0,0,1,57,3680,3919,321,135,35,711,34323,33636,108,2,66,98,1.18128e+06,0,0,0,0,1,443,0,226,332,3736,0,0,0,0,0,0,0,0,400,-388,0,0,40
2428.94,0,0,0,0,99,3258,1.5355,0.00410093,1.53864,39,0,29,23,28,0,-2,0,0,1,57,3680,3919,315,135,35,711,34323,33636,108,2,66,98,1.1592e+06,0,0,0,0,1,0,665,0,336,3736,0,0,0,0,0,0,0,0,400,-388,0,0,40
2428.95,0,0,0,0,99,3262,1.53581,0.00410385,1.53861,39,0,29,23,28,0,-2,0,0,1,57,3680,3919,315,135,35,711,34323,33636,108,2,66,98,1.1592e+06,0,0,0,0,1,267,0,378,358,3727,0,0,0,0,0,0,0,0,400,-413,0,0,40
2428.96,0,0,0,0,99,3257,1.53612,0.00410677,1.53859,39,0,29,23,28,0,-2,0,0,1,57,3682,3919,332,135,35,711,34323,33636,108,2,66,98,1.22242e+06,0,0,0,0,1,0,633,0,365,3727,0,0,0,0,0,0,0,0,400,-388,0,0,40
2428.97,0,0,0,0,99,3251,1.53643,0.00410968,1.53857,39,0,29,23,28,0,-2,0,0,1,57,3688,3919,345,135,35,711,34323,33636,108,2,66,98,1.27236e+06,0,0,0,0,1,136,0,492,355,3729,0,0,0,0,0,0,0,0,400,-374,0,0,40
2428.98,0,0,0,0,99,3255,1.53674,0.0041126,1.53855,39,0,29,23,28,0,-2,0,0,1,57,3688,3919,344,135,35,711,34323,33636,108,2,66,98,1.26867e+06,0,0,0,0,1,0,606,0,338,3727,0,0,0,0,0,0,0,0,400,-374,0,0,40
2428.99,0,0,0,0,99,3261,1.53705,0.00411552,1.53852,39,0,29,23,28,0,-2,0,0,1,57,3688,3919,344,135,35,711,34323,33636,108,2,66,98,1.26867e+06,0,0,0,0,1,0,604,0,342,3740,0,0,0,0,0,0,0,0,400,-389,0,0,40
2429,0,0,0,0,99,3268,1.53736,0.00411844,1.5385,39,0,29,23,28,0,-2,0,0,1,56,3676,3915,320,135,35,711,34214,33442,107,2,65,98,1.17632e+06,0,0,0,0,1,505,0,97,341,3714,0,0,0,0,0,0,0,0,400,-383,0,0,40
2429.01,0,0,0,0,99,3268,1.53689,0.00409616,1.53894,39,0,29,23,28,0,-2,0,0,1,56,3676,3915,320,135,35,711,34214,33442,107,2,65,98,1.17632e+06,0,0,0,0,1,505,0,97,341,3714,0,0,0,0,0,0,0,0,400,-383,0,0,40
2429.02,0,0,0,0,99,3276,1.53641,0.00407388,1.53937,39,0,29,23,28,0,-2,0,0,1,56,3676,3915,309,135,35,711,34214,33442,107,2,65,98,1.13588e+06,0,0,0,0,1,0,662,0,344,3742,0,0,0,0,0,0,0,0,400,-365,0,0,40
2429.03,0,0,0,0,99,3276,1.53594,0.0040516,1.53981,39,0,29,23,28,0,-2,0,0,1,56,3676,3915,309,135,35,711,34214,33442,107,2,65,98,1.13588e+06,0,0,0,0,1,124,0,503,362,3723,0,0,0,0,0,0,0,0,400,-406,0,0,40
2429.04,0,0,0,0,99,3270,1.53546,0.00402932,1.54025,39,0,29,23,28,0,-2,0,0,1,56,3683,3915,340,135,35,711,34214,33442,107,2,65,98,1.25222e+06,0,0,0,0,1,83,524,0,364,3708,0,0,0,0,0,0,0,0,400,-413,0,0,40
2429.05,0,0,0,0,99,3265,1.53499,0.00400704,1.54068,39,0,29,23,28,0,-2,0,0,1,56,3683,3915,356,135,35,711,34214,33442,107,2,65,98,1.31115e+06,0,0,0,0,1,0,0,630,354,3699,0,0,0,0,0,0,0,0,400,-380,0,0,40
2429.06,0,0,0,0,99,3274,1.53451,0.00398476,1.54112,39,0,29,23,28,0,-2,0,0,1,56,3683,3913,351,135,35,711,34214,33442,107,2,65,98,1.29273e+06,0,0,0,0,1,341,358,0,334,3697,0,0,0,0,0,0,0,0,400,-409,0,0,40
2429.07,0,0,0,0,99,3274,1.53403,0.00396248,1.54156,39,0,29,23,28,0,-2,0,0,1,56,3683,3913,351,135,35,711,34214,33442,107,2,65,98,1.29273e+06,0,0,0,0,1,341,358,0,334,3697,0,0,0,0,0,0,0,0,400,-409,0,0,40
2429.08,0,0,0,0,99,3286,1.53356,0.0039402,1.54199,39,0,29,23,28,0,-2,0,0,1,56,3683,3913,320,135,35,711,34214,33442,107,2,65,98,1.17856e+06,0,0,0,0,1,0,0,583,335,3684,0,0,0,0,0,0,0,0,400,-419,0,0,40
2429.09,0,0,0,0,99,3292,1.53308,0.00391792,1.54243,39,0,29,23,28,0,-2,0,0,1,56,3677,3913,315,135,35,711,34214,33442,107,2,65,98,1.15826e+06,0,0,0,0,1,710,0,0,359,3701,0,0,0,0,0,0,0,0,400,-417,0,0,40
2429.1,0,0,0,0,99,3290,1.53261,0.00389564,1.54287,39,0,29,23,28,0,-2,0,0,1,57,3677,3913,315,135,35,711,34246,33530,108,2,68,98,1.15826e+06,0,0,0,0,1,0,553,58,363,3695,0,0,0,0,0,0,0,0,400,-404,0,0,40
2429.11,0,0,0,0,99,3287,1.53299,0.0038933,1.54254,39,0,29,23,28,0,-2,0,0,1,57,3677,3913,315,135,35,711,34246,33530,108,2,68,98,1.15826e+06,0,0,0,0,1,470,0,241,365,3718,0,0,0,0,0,0,0,0,400,-429,0,0,40
2429.12,0,0,0,0,99,3287,1.53337,0.00389096,1.5422,39,0,29,23,28,0,-2,0,0,1,57,3690,3913,344,135,35,711,34246,33530,108,2,68,98,1.26936e+06,0,0,0,0,1,0,592,0,358,3725,0,0,0,0,0,0,0,0,400,-388,0,0,40
2429.13,0,0,0,0,99,3287,1.53375,0.00388863,1.54187,39,0,29,23,28,0,-2,0,0,1,57,3690,3913,342,135,35,711,34246,33530,108,2,68,98,1.26198e+06,0,0,0,0,1,0,592,0,358,3725,0,0,0,0,0,0,0,0,400,-388,0,0,40
2429.14,0,0,0,0,100,3292,1.53412,0.00388629,1.54154,39,0,29,23,28,0,-2,0,0,1,57,3690,3913,342,135,35,711,34246,33530,108,2,68,98,1.26198e+06,0,0,0,0,1,0,0,687,343,3688,0,0,0,0,0,0,0,0,400,-395,0,0,40
2429.15,0,0,0,0,99,3300,1.5345,0.00388395,1.54121,39,0,29,23,28,0,-2,0,0,1,57,3690,3913,342,135,35,711,34246,33530,108,2,68,98,1.26198e+06,0,0,0,0,1,536,38,0,342,3710,0,0,0,0,0,0,0,0,400,-376,0,0,40
2429.16,0,0,0,0,99,3307,1.53488,0.00388161,1.54088,39,0,29,23,28,0,-2,0,0,1,57,3675,3913,319,135,35,711,34246,33530,108,2,68,98,1.17232e+06,0,0,0,0,1,0,342,331,355,3686,0,0,0,0,0,0,0,0,400,-378,0,0,40
2429.17,0,0,0,0,99,3308,1.53526,0.00387927,1.54055,39,0,29,23,28,0,-2,0,0,1,57,3682,3913,313,135,35,711,34246,33530,108,2,68,98,1.15247e+06,0,0,0,0,1,486,0,216,358,3710,0,0,0,0,0,0,0,0,400,-411,0,0,40
2429.18,0,0,0,0,99,3308,1.53564,0.00387693,1.54022,39,0,29,23,28,0,-2,0,0,1,57,3682,3913,327,135,35,711,34246,33530,108,2,68,98,1.20401e+06,0,0,0,0,1,294,0,366,366,3721,0,0,0,0,0,0,0,0,400,-406,0,0,40
2429.19,0,0,0,0,99,3304,1.53602,0.0038746,1.53988,39,0,29,23,28,0,-2,0,0,1,57,3682,3913,327,135,35,711,34246,33530,108,2,68,98,1.20401e+06,0,0,0,0,1,79,545,0,362,3706,0,0,0,0,0,0,0,0,400,-396,0,0,40
2429.2,0,0,0,0,99,3304,1.5364,0.00387226,1.53955,39,0,29,23,28,0,-2,0,0,1,57,3687,3913,354,135,35,711,34341,33543,108,2,65,98,1.3052e+06,0,0,0,0,1,79,545,0,362,3690,0,0,0,0,0,0,0,0,400,-372,0,0,40
2429.21,0,0,0,0,99,3308,1.53611,0.00388655,1.53959,39,0,29,23,28,0,-2,0,0,0.9,57,3687,3913,351,135,35,711,34341,33543,108,2,65,98,1.29414e+06,0,0,0,0,1,0,0,615,336,3690,0,0,0,0,0,0,0,0,400,-372,0,0,40
2429.22,0,0,0,0,99,3318,1.53582,0.00390084,1.53962,39,0,29,23,28,0,-2,0,0,0.8,57,3687,3913,333,135,35,711,34341,33543,108,2,65,98,1.22777e+06,0,0,0,0,1,681,0,0,343,3692,0,0,0,0,0,0,0,0,400,-398,0,0,40
2429.23,0,0,0,0,99,3326,1.53553,0.00391513,1.53965,39,0,29,23,28,0,-2,0,0,0.7,57,3687,3913,333,136,35,711,34341,33543,108,2,65,98,1.22777e+06,0,0,0,0,1,0,690,0,355,3731,0,0,0,0,0,0,0,0,400,-406,0,0,40
2429.24,0,0,0,0,99,3324,1.53524,0.00392942,1.53969,39,0,29,23,28,0,-2,0,0,0.6,57,3681,3913,323,136,35,711,34341,33543,108,2,65,98,1.18896e+06,0,0,0,0,1,0,0,751,367,3675,0,0,0,0,0,0,0,0,400,-435,0,0,40
2429.25,0,0,0,0,99,3321,1.53495,0.00394372,1.53972,39,0,29,23,28,0,-2,0,0,0.5,57,3689,3913,327,136,35,711,34341,33543,108,2,65,98,1.2063e+06,0,0,0,0,1,665,0,0,362,3697,0,0,0,0,0,0,0,0,400,-411,0,0,40
2429.26,0,0,0,0,99,3321,1.53465,0.00395801,1.53975,39,0,29,23,28,0,-2,0,0,0.4,57,3689,3913,341,136,35,711,34341,33543,108,2,65,98,1.25795e+06,0,0,0,0,1,665,0,0,362,3697,0,0,0,0,0,0,0,0,400,-430,0,0,40
2429.27,0,0,0,0,99,3322,1.53436,0.0039723,1.53979,39,0,29,23,28,0,-2,0,0,0.3,57,3689,3913,341,136,35,711,34341,33543,108,2,65,98,1.25795e+06,0,0,0,0,1,0,641,0,358,3690,0,0,0,0,0,0,0,0,400,-430,0,0,40
2429.28,0,0,0,0,99,3328,1.53407,0.00398659,1.53982,39,0,29,23,28,0,-2,0,0,0.2,57,3683,3913,340,136,35,711,34341,33543,108,2,65,98,1.25222e+06,0,0,0,0,1,0,0,560,347,3721,0,0,0,0,0,0,0,0,400,-375,0,0,40
2429.29,0,0,0,0,99,3336,1.53378,0.00400088,1.53985,39,0,29,23,28,0,-2,0,0,0.1,57,3683,3913,336,136,35,711,34341,33543,108,2,65,98,1.23749e+06,0,0,0,0,1,632,0,0,353,3701,0,0,0,0,0,0,0,0,400,-400,0,0,40
2429.3,0,0,0,0,99,3344,1.53349,0.00401518,1.53989,39,0,29,23,28,0,-2,0,0,0,57,3683,3913,330,136,35,711,34297,33471,108,2,65,98,1.21539e+06,0,0,0,0,1,0,703,0,354,3729,0,0,0,0,0,0,0,0,400,-414,0,0,40
2429.31,0,0,0,0,99,3343,1.53361,0.00399427,1.53996,39,0,29,23,28,0,-2,0,0,0,57,3683,3913,330,136,35,711,34297,33471,108,2,65,98,1.21539e+06,0,0,0,0,1,0,0,692,371,3669,0,0,0,0,0,0,0,0,400,-403,0,0,40
2429.32,0,0,0,0,99,3343,1.53374,0.00397336,1.54002,39,0,29,23,28,0,-2,0,0,0,57,3678,3913,331,136,35,711,34297,33471,108,2,65,98,1.21742e+06,0,0,0,0,1,0,0,692,371,3669,0,0,0,0,0,0,0,0,400,-423,0,0,40
2429.33,0,0,0,0,100,3339,1.53386,0.00395245,1.54009,39,0,29,23,28,0,-2,0,0,0,57,3685,3913,343,136,35,711,34297,33471,108,2,65,98,1.26396e+06,0,0,0,0,1,720,0,0,374,3682,0,0,0,0,0,0,0,0,400,-423,0,0,40
2429.34,0,0,0,0,99,3337,1.53398,0.00393155,1.54016,39,0,29,23,28,0,-2,0,0,0,57,3685,3913,348,136,35,711,34297,33471,108,2,65,98,1.28238e+06,0,0,0,0,1,0,653,0,361,3714,0,0,0,0,0,0,0,0,400,-388,0,0,40
2429.35,0,0,0,0,99,3342,1.53411,0.00391064,1.54023,39,0,29,23,28,0,-2,0,0,0,57,3685,3913,348,136,35,711,34297,33471,108,2,65,98,1.28238e+06,0,0,0,0,1,0,0,595,338,3699,0,0,0,0,0,0,0,0,400,-351,0,0,40
2429.36,0,0,0,0,99,3354,1.53423,0.00388973,1.5403,39,0,29,23,28,0,-2,0,0,0,57,3678,3917,340,136,35,711,34297,33471,108,2,65,98,1.25052e+06,0,0,0,0,1,517,0,44,341,3701,0,0,0,0,0,0,0,0,400,-370,0,0,40
2429.37,0,0,0,0,99,3362,1.53435,0.00386882,1.54036,39,0,29,23,28,0,-2,0,0,0,57,3678,3917,329,136,35,711,34297,33471,108,2,65,98,1.21006e+06,0,0,0,0,1,246,442,0,364,3695,0,0,0,0,0,0,0,0,400,-408,0,0,40
2429.38,0,0,0,0,99,3362,1.53448,0.00384792,1.54043,39,0,29,23,28,0,-2,0,0,0,57,3678,3917,318,136,35,711,34297,33471,108,2,65,98,1.1696e+06,0,0,0,0,1,246,442,0,364,3682,0,0,0,0,0,0,0,0,400,-388,0,0,40
2429.39,0,0,0,0,99,3359,1.5346,0.00382701,1.5405,39,0,29,23,28,0,-2,0,0,0,57,3678,3917,318,136,35,711,34297,33471,108,2,65,98,1.1696e+06,0,0,0,0,1,0,403,304,372,3682,0,0,0,0,0,0,0,0,400,-388,0,0,40
2429.4,0,0,0,0,99,3356,1.53472,0.0038061,1.54057,39,0,29,23,28,0,-2,0,0,0,57,3678,3917,341,136,35,711,34225,33483,108,2,65,98,1.2542e+06,0,0,0,0,1,3,0,566,371,3710,0,0,0,0,0,0,0,0,400,-397,0,0,40
2429.41,0,0,0,0,99,3355,1.53479,0.00379149,1.54013,39,0,29,23,28,0,-2,0,0,0.1,57,3686,3917,354,136,35,711,34225,33483,108,2,65,98,1.30484e+06,0,0,0,0,1,687,0,0,365,3699,0,0,0,0,0,0,0,0,400,-423,0,0,40
2429.42,0,0,0,0,99,3360,1.53486,0.00377689,1.53969,39,0,29,23,28,0,-2,0,0,0.2,57,3686,3917,354,136,35,711,34225,33483,108,2,65,98,1.30484e+06,0,0,0,0,1,0,635,0,347,3736,0,0,0,0,0,0,0,0,400,-371,0,0,40
2429.43,0,0,0,0,99,3367,1.53494,0.00376228,1.53924,39,0,29,23,28,0,-2,0,0,0.3,57,3686,3917,354,136,35,711,34225,33483,108,2,65,98,1.30484e+06,0,0,0,0,1,0,188,484,358,3677,0,0,0,0,0,0,0,0,400,-425,0,0,40
2429.44,0,0,0,0,99,3367,1.53501,0.00374767,1.5388,39,0,29,23,28,0,-2,0,0,0.4,57,3677,3917,329,136,35,711,34225,33483,108,2,65,98,1.20973e+06,0,0,0,0,1,0,188,484,358,3710,0,0,0,0,0,0,0,0,400,-409,0,0,40
2429.45,0,0,0,0,99,3371,1.53508,0.00373306,1.53836,39,0,29,23,28,0,-2,0,0,0.5,57,3677,3922,321,136,35,711,34225,33483,108,2,65,98,1.18032e+06,0,0,0,0,1,464,0,229,362,3710,0,0,0,0,0,0,0,0,400,-409,0,0,40
2429.46,0,0,0,0,99,3374,1.53515,0.00371846,1.53792,39,0,29,23,28,0,-2,0,0,0.6,57,3677,3922,335,136,35,711,34225,33483,108,2,65,98,1.2318e+06,0,0,0,0,1,563,52,0,358,3690,0,0,0,0,0,0,0,0,400,-399,0,0,40
2429.47,0,0,0,0,99,3372,1.53522,0.00370385,1.53748,39,0,29,23,28,0,-2,0,0,0.7,57,3677,3922,335,136,35,711,34225,33483,108,2,65,98,1.2318e+06,0,0,0,0,1,0,756,0,383,3712,0,0,0,0,0,0,0,0,400,-449,0,0,40
2429.48,0,0,0,0,99,3368,1.53529,0.00368924,1.53704,39,0,29,23,28,0,-2,0,0,0.8,57,3683,3922,335,136,35,711,34225,33483,108,2,65,98,1.2338e+06,0,0,0,0,1,0,0,601,359,3680,0,0,0,0,0,0,0,0,400,-364,0,0,40
2429.49,0,0,0,0,99,3376,1.53537,0.00367463,1.5366,39,0,29,23,28,0,-2,0,0,0.9,57,3682,3922,349,136,35,711,34225,33483,108,2,65,98,1.28502e+06,0,0,0,0,1,470,0,218,346,3712,0,0,0,0,0,0,0,0,400,-396,0,0,40
2429.5,0,0,0,0,100,3376,1.53544,0.00366002,1.53616,39,0,29,23,29,0,-2,0,0,1,57,3682,3922,358,136,35,711,34255,33509,108,2,65,98,1.31816e+06,0,0,0,0,1,470,0,218,346,3684,0,0,0,0,0,0,0,0,400,-381,0,0,40
2429.51,0,0,0,0,99,3381,1.53533,0.00366461,1.53616,39,0,29,23,29,0,-2,0,0,1,57,3682,3922,358,136,35,711,34255,33509,108,2,65,98,1.31816e+06,0,0,0,0,1,536,53,0,354,3684,0,0,0,0,0,0,0,0,400,-381,0,0,40
2429.52,0,0,0,0,99,3384,1.53522,0.00366919,1.53616,39,0,29,23,29,0,-2,0,0,1,57,3675,3922,319,136,35,711,34255,33509,108,2,65,98,1.17232e+06,0,0,0,0,1,0,659,0,361,3733,0,0,0,0,0,0,0,0,400,-385,0,0,40
2429.53,0,0,0,0,99,3382,1.53512,0.00367378,1.53617,39,0,29,23,29,0,-2,0,0,1,57,3675,3922,327,136,35,711,34255,33509,108,2,65,98,1.20172e+06,0,0,0,0,1,0,104,540,372,3692,0,0,0,0,0,0,0,0,400,-412,0,0,40
2429.54,0,0,0,0,99,3379,1.53501,0.00367836,1.53617,39,0,29,23,29,0,-2,0,0,1,57,3675,3922,337,136,35,711,34255,33509,108,2,65,98,1.23848e+06,0,0,0,0,1,317,0,382,364,3723,0,0,0,0,0,0,0,0,400,-390,0,0,40
2429.55,0,0,0,0,99,3385,1.5349,0.00368295,1.53617,39,0,29,23,29,0,-2,0,0,1,57,3675,3922,337,136,35,711,34255,33509,108,2,65,98,1.23848e+06,0,0,0,0,1,650,0,0,350,3690,0,0,0,0,0,0,0,0,400,-398,0,0,40
2429.56,0,0,0,0,99,3385,1.5348,0.00368753,1.53617,39,0,29,23,29,0,-2,0,0,1,57,3681,3922,360,136,35,711,34255,33509,108,2,65,98,1.32516e+06,0,0,0,0,1,650,0,0,350,3714,0,0,0,0,0,0,0,0,400,-383,0,0,40
2429.57,0,0,0,0,99,3390,1.53469,0.00369212,1.53618,39,0,29,23,29,0,-2,0,0,1,57,3681,3922,355,136,35,711,34255,33509,108,2,65,98,1.30676e+06,0,0,0,0,1,0,580,0,362,3714,0,0,0,0,0,0,0,0,400,-383,0,0,40
2429.58,0,0,0,0,99,3394,1.53458,0.0036967,1.53618,39,0,29,23,29,0,-2,0,0,1,57,3681,3922,350,136,35,711,34255,33509,108,2,65,98,1.28835e+06,0,0,0,0,1,0,381,288,354,3684,0,0,0,0,0,0,0,0,400,-375,0,0,40
2429.59,0,0,0,0,100,3396,1.53448,0.00370129,1.53618,39,0,29,23,29,0,-2,0,0,1,57,3681,3922,350,136,35,711,34255,33509,108,2,65,98,1.28835e+06,0,0,0,0,1,0,0,716,372,3663,0,0,0,0,0,0,0,0,400,-454,0,0,40
2429.6,0,0,0,0,99,3392,1.53437,0.00370587,1.53618,39,0,29,23,27,0,-2,0,0,1,57,3678,3922,339,136,35,711,34245,33519,108,2,65,98,1.24684e+06,0,0,0,0,1,568,0,130,379,3690,0,0,0,0,0,0,0,0,400,-412,0,0,40
2429.61,0,0,0,0,100,3391,1.53451,0.00372411,1.53657,39,0,29,23,27,0,-2,0,0,1,57,3678,3922,334,136,35,711,34245,33519,108,2,65,98,1.22845e+06,0,0,0,0,1,517,125,0,368,3684,0,0,0,0,0,0,0,0,400,-399,0,0,40
2429.62,0,0,0,0,99,3391,1.53465,0.00374235,1.53695,39,0,29,23,27,0,-2,0,0,1,57,3682,3922,358,136,35,711,34245,33519,108,2,65,98,1.31816e+06,0,0,0,0,1,517,125,0,368,3733,0,0,0,0,0,0,0,0,400,-377,0,0,40
2429.63,0,0,0,0,99,3393,1.53479,0.00376058,1.53734,39,0,29,23,27,0,-2,0,0,1,57,3682,3922,358,136,35,711,34245,33519,108,2,65,98,1.31816e+06,0,0,0,0,1,0,645,0,355,3733,0,0,0,0,0,0,0,0,400,-377,0,0,40
2429.64,0,0,0,0,99,3400,1.53494,0.00377882,1.53772,39,0,29,23,27,0,-2,0,0,1,57,3682,3922,355,136,35,711,34245,33519,108,2,65,98,1.30711e+06,0,0,0,0,1,0,227,457,342,3690,0,0,0,0,0,0,0,0,400,-393,0,0,40
2429.65,0,0,0,0,99,3408,1.53508,0.00379706,1.53811,39,0,29,23,27,0,-2,0,0,1,57,3674,3922,355,136,35,711,34245,33519,108,2,65,98,1.30427e+06,0,0,0,0,1,0,0,665,358,3671,0,0,0,0,0,0,0,0,400,-409,0,0,40
2429.66,0,0,0,0,99,3405,1.53522,0.0038153,1.53849,39,0,29,23,27,0,-2,0,0,1,57,3674,3922,327,136,35,711,34245,33519,108,2,65,98,1.2014e+06,0,0,0,0,1,546,0,71,375,3695,0,0,0,0,0,0,0,0,400,-403,0,0,40
2429.67,0,0,0,0,99,3403,1.53536,0.00383353,1.53888,39,0,29,23,27,0,-2,0,0,1,57,3674,3922,327,136,35,711,34245,33519,108,2,65,98,1.2014e+06,0,0,0,0,1,574,18,0,367,3692,0,0,0,0,0,0,0,0,400,-394,0,0,40
2429.68,0,0,0,0,99,3403,1.5355,0.00385177,1.53926,39,0,29,23,27,0,-2,0,0,1,57,3681,3922,339,136,35,711,34245,33519,108,2,65,98,1.24786e+06,0,0,0,0,1,574,18,0,367,3692,0,0,0,0,0,0,0,0,400,-386,0,0,40
2429.69,0,0,0,0,99,3403,1.53564,0.00387001,1.53965,39,0,29,23,27,0,-2,0,0,1,57,3681,3922,355,136,35,711,34245,33519,108,2,65,98,1.30676e+06,0,0,0,0,1,91,522,0,357,3703,0,0,0,0,0,0,0,0,400,-386,0,0,40
2429.7,0,0,0,0,100,3406,1.53578,0.00388825,1.54003,39,0,29,23,28,0,-2,0,0,1,56,3681,3928,350,136,35,711,34259,33514,108,2,65,98,1.28835e+06,0,0,0,0,1,0,381,341,349,3682,0,0,0,0,0,0,0,0,400,-373,0,0,40
2429.71,0,0,0,0,100,3411,1.53586,0.00389242,1.53982,39,0,29,23,28,0,-2,0,0,1,56,3681,3928,350,136,35,711,34259,33514,108,2,65,98,1.28835e+06,0,0,0,0,1,0,0,669,359,3673,0,0,0,0,0,0,0,0,400,-399,0,0,40
2429.72,0,0,0,0,99,3413,1.53594,0.00389658,1.53961,39,0,29,23,28,0,-2,0,0,1,56,3673,3928,343,136,35,711,34259,33514,108,2,65,98,1.25984e+06,0,0,0,0,1,372,0,351,374,3712,0,0,0,0,0,0,0,0,400,-408,0,0,40
2429.73,0,0,0,0,99,3416,1.53602,0.00390075,1.5394,39,0,29,23,28,0,-2,0,0,1,56,3673,3928,325,136,35,711,34259,33514,108,2,65,98,1.19372e+06,0,0,0,0,1,718,0,0,368,3680,0,0,0,0,0,0,0,0,400,-420,0,0,40
2429.74,0,0,0,0,99,3416,1.5361,0.00390492,1.53919,39,0,29,23,28,0,-2,0,0,1,56,3673,3928,334,136,35,711,34259,33514,108,2,65,98,1.22678e+06,0,0,0,0,1,718,0,0,368,3682,0,0,0,0,0,0,0,0,400,-432,0,0,40
2429.75,0,0,0,0,99,3414,1.53618,0.00390909,1.53898,39,0,29,23,28,0,-2,0,0,1,56,3673,3928,334,136,35,711,34259,33514,108,2,65,98,1.22678e+06,0,0,0,0,1,343,395,0,385,3682,0,0,0,0,0,0,0,0,400,-432,0,0,40
2429.76,0,0,0,0,99,3414,1.53626,0.00391325,1.53877,39,0,29,23,28,0,-2,0,0,1,56,3677,3928,348,136,35,711,34259,33514,108,2,65,98,1.2796e+06,0,0,0,0,1,0,668,0,358,3736,0,0,0,0,0,0,0,0,400,-391,0,0,40
2429.77,0,0,0,0,99,3421,1.53634,0.00391742,1.53856,39,0,29,23,28,0,-2,0,0,1,56,3677,3928,345,136,35,711,34259,33514,108,2,65,98,1.26856e+06,0,0,0,0,1,0,309,378,360,3680,0,0,0,0,0,0,0,0,400,-378,0,0,40
2429.78,0,0,0,0,99,3428,1.53642,0.00392159,1.53835,39,0,29,23,28,0,-2,0,0,1,56,3676,3928,366,136,35,711,34259,33514,108,2,65,98,1.34542e+06,0,0,0,0,1,0,0,665,365,3669,0,0,0,0,0,0,0,0,400,-386,0,0,40
2429.79,0,0,0,0,99,3429,1.5365,0.00392576,1.53814,39,0,29,23,28,0,-2,0,0,1,56,3676,3928,366,136,35,711,34259,33514,108,2,65,98,1.34542e+06,0,0,0,0,1,111,0,499,378,3714,0,0,0,0,0,0,0,0,400,-412,0,0,40
2429.8,0,0,0,0,99,3429,1.53657,0.00392993,1.53793,39,0,29,23,28,0,-2,0,0,1,56,3672,3928,340,136,35,711,34213,33440,108,2,65,98,1.24848e+06,0,0,0,0,1,111,0,499,378,3686,0,0,0,0,0,0,0,0,400,-432,0,0,40
2429.81,0,0,0,0,99,3424,1.53655,0.00394308,1.5376,39,0,29,23,28,0,-2,0,0,1,56,3672,3928,336,136,35,711,34213,33440,108,2,65,98,1.23379e+06,0,0,0,0,1,591,0,0,380,3686,0,0,0,0,0,0,0,0,400,-432,0,0,40
2429.82,0,0,0,0,99,3421,1.53653,0.00395624,1.53727,39,0,29,23,28,0,-2,0,0,1,56,3672,3928,344,136,35,711,34213,33440,108,2,65,98,1.26317e+06,0,0,0,0,1,708,0,0,365,3697,0,0,0,0,0,0,0,0,400,-433,0,0,40
2429.83,0,0,0,0,99,3425,1.53651,0.0039694,1.53694,39,0,29,23,28,0,-2,0,0,1,56,3672,3928,344,136,35,711,34213,33440,108,2,65,98,1.26317e+06,0,0,0,0,1,229,422,0,347,3701,0,0,0,0,0,0,0,0,400,-387,0,0,40
2429.84,0,0,0,0,99,3436,1.53649,0.00398256,1.53661,39,0,29,23,28,0,-2,0,0,1,56,3679,3926,354,136,35,711,34213,33440,108,2,65,98,1.30237e+06,0,0,0,0,1,0,673,0,352,3718,0,0,0,0,0,0,0,0,400,-394,0,0,40
2429.85,0,0,0,0,99,3445,1.53647,0.00399571,1.53628,39,0,29,23,28,0,-2,0,0,1,56,3679,3926,362,136,35,711,34213,33440,108,2,65,98,1.3318e+06,0,0,0,0,1,0,483,58,368,3673,0,0,0,0,0,0,0,0,400,-366,0,0,40
2429.86,0,0,0,0,99,3445,1.53645,0.00400887,1.53595,39,0,29,23,28,0,-2,0,0,1,56,3673,3926,340,136,35,711,34213,33440,108,2,65,98,1.24882e+06,0,0,0,0,1,0,483,58,368,3675,0,0,0,0,0,0,0,0,400,-429,0,0,40
2429.87,0,0,0,0,99,3447,1.53643,0.00402203,1.53562,39,0,29,23,28,0,-2,0,0,1,56,3673,3926,340,136,35,711,34213,33440,108,2,65,98,1.24882e+06,0,0,0,0,1,0,249,517,389,3675,0,0,0,0,0,0,0,0,400,-429,0,0,40
2429.88,0,0,0,0,99,3440,1.53641,0.00403519,1.53529,39,0,29,23,28,0,-2,0,0,1,56,3677,3926,344,136,35,711,34213,33440,108,2,65,98,1.26489e+06,0,0,0,0,1,0,0,730,388,3665,0,0,0,0,0,0,0,0,400,-424,0,0,40
2429.89,0,0,0,0,99,3434,1.53639,0.00404835,1.53497,39,0,29,23,28,0,-2,0,0,1,56,3677,3926,334,136,35,711,34213,33440,108,2,65,98,1.22812e+06,0,0,0,0,1,164,0,476,380,3718,0,0,0,0,0,0,0,0,400,-379,0,0,40
2429.9,0,0,0,0,99,3438,1.53637,0.0040615,1.53464,39,0,29,23,28,0,-2,0,0,1,56,3677,3926,348,136,35,711,34245,33472,108,2,65,98,1.2796e+06,0,0,0,0,1,495,0,65,355,3690,0,0,0,0,0,0,0,0,400,-369,0,0,40
2429.91,0,0,0,0,100,3449,1.53619,0.00405994,1.53479,39,0,29,23,28,0,-2,0,0,1,56,3677,3926,348,136,35,711,34245,33472,108,2,65,98,1.2796e+06,0,0,0,0,1,708,0,0,363,3686,0,0,0,0,0,0,0,0,400,-419,0,0,40
2429.92,0,0,0,0,99,3449,1.53602,0.00405837,1.53495,39,0,29,23,28,0,-2,0,0,1,56,3676,3926,349,136,35,711,34245,33472,108,2,65,98,1.28292e+06,0,0,0,0,1,708,0,0,363,3692,0,0,0,0,0,0,0,0,400,-375,0,0,40
2429.93,0,0,0,0,99,3461,1.53585,0.00405681,1.53511,39,0,29,23,28,0,-2,0,0,1,56,3676,3926,344,136,35,711,34245,33472,108,2,65,98,1.26454e+06,0,0,0,0,1,558,0,0,356,3692,0,0,0,0,0,0,0,0,400,-375,0,0,40
2429.94,0,0,0,0,99,3461,1.53567,0.00405524,1.53527,39,0,29,23,28,0,-2,0,0,1,56,3674,3926,336,136,35,711,34245,33472,108,2,65,98,1.23446e+06,0,0,0,0,1,509,149,0,389,3673,0,0,0,0,0,0,0,0,400,-404,0,0,40
2429.95,0,0,0,0,99,3457,1.5355,0.00405368,1.53543,39,0,29,23,28,0,-2,0,0,1,56,3674,3926,336,136,35,711,34245,33472,108,2,65,98,1.23446e+06,0,0,0,0,1,73,573,0,387,3712,0,0,0,0,0,0,0,0,400,-412,0,0,40
2429.96,0,0,0,0,99,3457,1.53533,0.00405211,1.53558,39,0,29,23,28,0,-2,0,0,1,56,3681,3926,344,136,35,711,34245,33472,108,2,65,98,1.26626e+06,0,0,0,0,1,0,700,0,377,3723,0,0,0,0,0,0,0,0,400,-410,0,0,40
2429.97,0,0,0,0,99,3460,1.53515,0.00405055,1.53574,39,0,29,23,28,0,-2,0,0,1,56,3681,3926,370,136,35,711,34245,33472,108,2,65,98,1.36197e+06,0,0,0,0,1,0,533,0,353,3688,0,0,0,0,0,0,0,0,400,-363,0,0,40
2429.98,0,0,0,0,99,3460,1.53498,0.00404899,1.5359,39,0,29,23,28,0,-2,0,0,1,56,3681,3926,362,136,35,711,34245,33472,108,2,65,98,1.33252e+06,0,0,0,0,1,0,533,0,353,3663,0,0,0,0,0,0,0,0,400,-416,0,0,40
2429.99,0,0,0,0,99,3467,1.53481,0.00404742,1.53606,39,0,29,23,28,0,-2,0,0,1,56,3681,3926,362,136,35,711,34245,33472,108,2,65,98,1.33252e+06,0,0,0,0,1,0,325,376,373,3663,0,0,0,0,0,0,0,0,400,-416,0,0,40
2430,0,0,0,0,99,3471,1.53463,0.00404586,1.53621,39,0,29,23,28,0,-2,0,0,1,57,3675,3926,356,136,35,711,34213,33446,107,2,65,98,1.3083e+06,0,0,0,0,1,0,202,466,372,3671,0,0,0,0,0,0,0,0,400,-422,0,0,40
2430.01,0,0,0,0,99,3476,1.53453,0.0040456,1.53652,39,0,29,23,28,0,-2,0,0,0.9,57,3675,3926,333,136,35,711,34213,33446,107,2,65,98,1.22378e+06,0,0,0,0,1,0,32,603,382,3673,0,0,0,0,0,0,0,0,400,-398,0,0,40
2430.02,0,0,0,0,99,3476,1.53442,0.00404534,1.53683,39,0,29,23,28,0,-2,0,0,0.8,57,3676,3926,347,136,35,711,34213,33446,107,2,65,98,1.27557e+06,0,0,0,0,1,0,0,685,383,3665,0,0,0,0,0,0,0,0,400,-390,0,0,40
2430.03,0,0,0,0,99,3476,1.53432,0.00404507,1.53713,39,0,29,23,28,0,-2,0,0,0.7,57,3676,3926,347,136,35,711,34213,33446,107,2,65,98,1.27557e+06,0,0,0,0,1,0,0,732,379,3654,0,0,0,0,0,0,0,0,400,-440,0,0,40
2430.04,0,0,0,0,99,3476,1.53422,0.00404481,1.53744,39,0,29,23,28,0,-2,0,0,0.6,57,3674,3926,353,136,35,711,34213,33446,107,2,65,98,1.29692e+06,0,0,0,0,1,0,0,732,379,3677,0,0,0,0,0,0,0,0,400,-373,0,0,40
2430.05,0,0,0,0,99,3482,1.53411,0.00404455,1.53774,39,0,29,23,28,0,-2,0,0,0.5,57,3674,3926,347,136,35,711,34213,33446,107,2,65,98,1.27488e+06,0,0,0,0,1,0,0,648,366,3677,0,0,0,0,0,0,0,0,400,-373,0,0,40
2430.06,0,0,0,0,99,3488,1.53401,0.00404429,1.53805,39,0,29,23,28,0,-2,0,0,0.4,57,3674,3926,368,136,35,711,34213,33446,107,2,65,98,1.35203e+06,0,0,0,0,1,0,0,593,367,3682,0,0,0,0,0,0,0,0,400,-396,0,0,40
2430.07,0,0,0,0,99,3489,1.5339,0.00404403,1.53836,39,0,29,23,28,0,-2,0,0,0.3,57,3674,3926,368,136,35,711,34213,33446,107,2,65,98,1.35203e+06,0,0,0,0,1,50,0,572,379,3708,0,0,0,0,0,0,0,0,400,-365,0,0,40
2430.08,0,0,0,0,99,3489,1.5338,0.00404377,1.53866,39,0,29,23,28,0,-2,0,0,0.2,57,3672,3926,342,136,35,711,34213,33446,107,2,65,98,1.25582e+06,0,0,0,0,1,134,0,486,382,3716,0,0,0,0,0,0,0,0,400,-396,0,0,40
2430.09,0,0,0,0,99,3490,1.53369,0.00404351,1.53897,39,0,29,23,28,0,-2,0,0,0.1,57,3672,3926,347,136,35,711,34213,33446,107,2,65,98,1.27418e+06,0,0,0,0,1,240,0,396,368,3725,0,0,0,0,0,0,0,0,400,-374,0,0,40
2430.1,0,0,0,0,99,3490,1.53359,0.00404325,1.53927,39,0,29,23,28,0,-2,0,0,0,57,3672,3926,355,136,35,711,34205,33490,107,2,87,98,1.30356e+06,0,0,0,0,1,240,0,396,368,3727,0,0,0,0,0,0,0,0,400,-355,0,0,40
2430.11,0,0,0,0,99,3499,1.53354,0.00401592,1.53896,39,0,29,23,28,0,-2,0,0,0.1,57,3672,3926,355,136,35,711,34205,33490,107,2,87,98,1.30356e+06,0,0,0,0,1,257,0,358,361,3727,0,0,0,0,0,0,0,0,400,-355,0,0,40
2430.12,0,0,0,0,99,3504,1.53348,0.00398859,1.53864,39,0,29,23,28,0,-2,0,0,0.2,57,3672,3922,356,136,35,711,34205,33490,107,2,87,98,1.30723e+06,0,0,0,0,1,232,0,427,369,3712,0,0,0,0,0,0,0,0,400,-379,0,0,40
2430.13,0,0,0,0,99,3508,1.53343,0.00396125,1.53833,39,0,29,23,28,0,-2,0,0,0.3,57,3672,3922,348,136,35,711,34205,33490,107,2,87,98,1.27786e+06,0,0,0,0,1,91,0,517,376,3712,0,0,0,0,0,0,0,0,400,-390,0,0,40
2430.14,0,0,0,0,99,3509,1.53338,0.00393392,1.53801,39,0,29,23,28,0,-2,0,0,0.4,57,3672,3922,333,136,35,711,34205,33490,107,2,87,98,1.22278e+06,0,0,0,0,1,30,0,534,382,3703,0,0,0,0,0,0,0,0,400,-372,0,0,40
2430.15,0,0,0,0,99,3508,1.53333,0.00390659,1.5377,39,0,29,23,28,0,-2,0,0,0.5,57,3672,3922,333,136,35,711,34205,33490,107,2,87,98,1.22278e+06,0,0,0,0,1,0,0,621,380,3680,0,0,0,0,0,0,0,0,400,-408,0,0,40
2430.16,0,0,0,0,99,3508,1.53328,0.00387926,1.53738,39,0,29,23,28,0,-2,0,0,0.6,57,3670,3927,357,136,35,711,34205,33490,107,2,87,98,1.31019e+06,0,0,0,0,1,0,0,621,380,3677,0,0,0,0,0,0,0,0,400,-396,0,0,40
2430.17,0,0,0,0,99,3508,1.53323,0.00385192,1.53707,39,0,29,23,28,0,-2,0,0,0.7,57,3670,3927,352,136,35,711,34205,33490,107,2,87,98,1.29184e+06,0,0,0,0,1,0,0,640,377,3677,0,0,0,0,0,0,0,0,400,-396,0,0,40
2430.18,0,0,0,0,99,3516,1.53318,0.00382459,1.53675,39,0,29,23,28,0,-2,0,0,0.8,57,3670,3927,374,136,35,711,34205,33490,107,2,87,98,1.37258e+06,0,0,0,0,1,0,0,689,366,3669,0,0,0,0,0,0,0,0,400,-406,0,0,40
2430.19,0,0,0,0,99,3524,1.53313,0.00379726,1.53644,39,0,29,23,28,0,-2,0,0,0.9,57,3670,3927,374,136,35,711,34205,33490,107,2,87,98,1.37258e+06,0,0,0,0,1,0,0,604,362,3675,0,0,0,0,0,0,0,0,400,-371,0,0,40
2430.2,0,0,0,0,99,3530,1.53308,0.00376992,1.53612,39,0,29,23,28,0,-2,0,0,1,56,3676,3927,363,136,35,711,34200,33470,108,2,65,98,1.33439e+06,0,0,0,0,1,0,34,595,385,3666,0,0,0,0,0,0,0,0,400,-411,0,0,40
2430.21,0,0,0,0,99,3525,1.53332,0.00378264,1.53677,39,0,29,23,28,0,-2,0,0,1,56,3666,3927,349,136,35,711,34200,33470,108,2,65,98,1.27943e+06,0,0,0,0,1,0,246,493,398,3666,0,0,0,0,0,0,0,0,400,-426,0,0,40
2430.22,0,0,0,0,99,3525,1.53357,0.00379535,1.53742,39,0,29,23,28,0,-2,0,0,1,56,3666,3927,334,136,35,711,34200,33470,108,2,65,98,1.22444e+06,0,0,0,0,1,0,246,493,398,3660,0,0,0,0,0,0,0,0,400,-430,0,0,40
2430.23,0,0,0,0,99,3526,1.53381,0.00380806,1.53807,39,0,29,23,28,0,-2,0,0,1,56,3666,3927,334,136,35,711,34200,33470,108,2,65,98,1.22444e+06,0,0,0,0,1,0,344,378,388,3660,0,0,0,0,0,0,0,0,400,-430,0,0,40
2430.24,0,0,0,0,99,3529,1.53405,0.00382078,1.53872,39,0,29,23,28,0,-2,0,0,1,56,3674,3927,367,136,35,711,34200,33470,108,2,65,98,1.34836e+06,0,0,0,0,1,0,500,65,372,3680,0,0,0,0,0,0,0,0,400,-365,0,0,40
2430.25,0,0,0,0,99,3537,1.5343,0.00383349,1.53936,39,0,29,23,28,0,-2,0,0,1,56,3674,3927,380,136,35,711,34200,33470,108,2,65,98,1.39612e+06,0,0,0,0,1,0,690,0,375,3706,0,0,0,0,0,0,0,0,400,-410,0,0,40
2430.26,0,0,0,0,99,3540,1.53454,0.0038462,1.54001,39,0,29,23,28,0,-2,0,0,1,56,3674,3927,366,136,35,711,34200,33470,108,2,65,98,1.34468e+06,0,0,0,0,1,0,550,0,372,3714,0,0,0,0,0,0,0,0,400,-349,0,0,40
2430.27,0,0,0,0,99,3542,1.53479,0.00385891,1.54066,39,0,29,23,28,0,-2,0,0,1,56,3674,3927,366,135,35,711,34200,33470,108,2,65,98,1.34468e+06,0,0,0,0,1,240,438,0,386,3675,0,0,0,0,0,0,0,0,400,-388,0,0,40
2430.28,0,0,0,0,100,3542,1.53503,0.00387163,1.54131,39,0,29,23,28,0,-2,0,0,1,56,3668,3927,355,135,35,711,34200,33470,108,2,65,98,1.30214e+06,0,0,0,0,1,240,438,0,386,3680,0,0,0,0,0,0,0,0,400,-427,0,0,40
2430.29,0,0,0,0,99,3542,1.53528,0.00388434,1.54196,39,0,29,23,28,0,-2,0,0,1,56,3668,3927,356,135,35,711,34200,33470,108,2,65,98,1.30581e+06,0,0,0,0,1,533,81,0,382,3680,0,0,0,0,0,0,0,0,400,-427,0,0,40
2430.3,0,0,0,0,99,3542,1.53552,0.00389705,1.54261,39,0,29,23,28,0,-2,0,0,1,56,3668,3927,354,135,35,711,34143,33358,107,2,87,98,1.29847e+06,0,0,0,0,1,726,0,0,387,3675,0,0,0,0,0,0,0,0,400,-391,0,0,40
2430.31,0,0,0,0,99,3548,1.53523,0.0039011,1.54218,39,0,29,23,28,0,-2,0,0,1,56,3668,3927,354,135,35,711,34143,33358,107,2,87,98,1.29847e+06,0,0,0,0,1,566,0,13,369,3690,0,0,0,0,0,0,0,0,400,-416,0,0,40
2430.32,0,0,0,0,99,3555,1.53494,0.00390515,1.54175,39,0,29,23,28,0,-2,0,0,1,56,3675,3927,373,135,35,711,34143,33358,107,2,87,98,1.37078e+06,0,0,0,0,1,351,0,333,384,3699,0,0,0,0,0,0,0,0,400,-364,0,0,40
2430.33,0,0,0,0,100,3558,1.53465,0.00390919,1.54132,39,0,29,23,28,0,-2,0,0,1,56,3675,3927,360,135,35,711,34143,33358,107,2,87,98,1.323e+06,0,0,0,0,1,0,0,687,388,3658,0,0,0,0,0,0,0,0,400,-442,0,0,40
2430.34,0,0,0,0,100,3558,1.53435,0.00391324,1.54089,39,0,29,23,28,0,-2,0,0,1,56,3666,3927,366,135,35,711,34143,33358,107,2,87,98,1.34176e+06,0,0,0,0,1,0,0,687,388,3666,0,0,0,0,0,0,0,0,400,-427,0,0,40
2430.35,0,0,0,0,100,3553,1.53406,0.00391728,1.54046,39,0,29,23,28,0,-2,0,0,1,56,3666,3927,366,135,35,711,34143,33358,107,2,87,98,1.34176e+06,0,0,0,0,1,0,235,489,394,3666,0,0,0,0,0,0,0,0,400,-427,0,0,40
2430.36,0,0,0,0,99,3552,1.53377,0.00392133,1.54003,39,0,29,23,28,0,-2,0,0,1,56,3663,3927,357,135,35,711,34143,33358,107,2,87,98,1.30769e+06,0,0,0,0,1,0,522,68,388,3666,0,0,0,0,0,0,0,0,400,-384,0,0,40
2430.37,0,0,0,0,99,3557,1.53348,0.00392537,1.53959,39,0,29,23,28,0,-2,0,0,1,56,3663,3927,358,135,35,711,34143,33358,107,2,87,98,1.31135e+06,0,0,0,0,1,0,624,0,364,3727,0,0,0,0,0,0,0,0,400,-365,0,0,40
2430.38,0,0,0,0,99,3567,1.53319,0.00392942,1.53916,39,0,29,23,28,0,-2,0,0,1,56,3663,3927,359,135,35,711,34143,33358,107,2,87,98,1.31502e+06,0,0,0,0,1,224,456,0,377,3680,0,0,0,0,0,0,0,0,400,-405,0,0,40
2430.39,0,0,0,0,99,3570,1.5329,0.00393347,1.53873,39,0,29,23,28,0,-2,0,0,1,56,3663,3927,359,135,35,711,34143,33358,107,2,87,98,1.31502e+06,0,0,0,0,1,677,0,0,385,3680,0,0,0,0,0,0,0,0,400,-420,0,0,40
2430.4,0,0,0,0,99,3570,1.5326,0.00393751,1.5383,39,0,29,23,28,0,-2,0,0,1,57,3673,3927,359,135,35,711,34196,33435,108,2,65,98,1.31861e+06,0,0,0,0,1,677,0,0,385,3680,0,0,0,0,0,0,0,0,400,-398,0,0,40
2430.41,0,0,0,0,99,3571,1.53324,0.00392911,1.5382,39,0,29,23,28,0,-2,0,0,1,57,3665,3927,340,135,35,711,34196,33435,108,2,65,98,1.2461e+06,0,0,0,0,1,527,0,87,394,3680,0,0,0,0,0,0,0,0,400,-398,0,0,40
2430.42,0,0,0,0,99,3568,1.53388,0.00392071,1.5381,39,0,29,23,28,0,-2,0,0,1,57,3665,3927,341,135,35,711,34196,33435,108,2,65,98,1.24976e+06,0,0,0,0,1,54,0,562,398,3692,0,0,0,0,0,0,0,0,400,-401,0,0,40
2430.43,0,0,0,0,99,3564,1.53451,0.00391231,1.538,39,0,29,23,28,0,-2,0,0,1,57,3665,3927,341,135,35,711,34196,33435,108,2,65,98,1.24976e+06,0,0,0,0,1,0,0,667,383,3663,0,0,0,0,0,0,0,0,400,-372,0,0,40
2430.44,0,0,0,0,99,3569,1.53515,0.00390391,1.5379,39,0,29,23,28,0,-2,0,0,1,57,3670,3927,370,135,35,711,34196,33435,108,2,65,98,1.3579e+06,0,0,0,0,1,0,469,124,375,3671,0,0,0,0,0,0,0,0,400,-387,0,0,40
2430.45,0,0,0,0,99,3575,1.53578,0.00389551,1.53781,39,0,29,23,28,0,-2,0,0,1,57,3670,3927,367,135,35,711,34196,33435,108,2,65,98,1.34689e+06,0,0,0,0,1,0,688,0,373,3714,0,0,0,0,0,0,0,0,400,-406,0,0,40
2430.46,0,0,0,0,100,3575,1.53642,0.00388711,1.53771,39,0,29,23,28,0,-2,0,0,1,57,3664,3927,361,135,35,711,34196,33435,108,2,65,98,1.3227e+06,0,0,0,0,1,0,688,0,373,3675,0,0,0,0,0,0,0,0,400,-411,0,0,40
2430.47,0,0,0,0,99,3583,1.53705,0.00387872,1.53761,39,0,29,23,28,0,-2,0,0,1,57,3664,3927,361,135,35,711,34196,33435,108,2,65,98,1.3227e+06,0,0,0,0,1,238,454,0,384,3675,0,0,0,0,0,0,0,0,400,-411,0,0,40
2430.48,0,0,0,0,99,3580,1.53769,0.00387032,1.53751,39,0,29,23,28,0,-2,0,0,1,57,3664,3925,352,135,35,711,34196,33435,108,2,65,98,1.28973e+06,0,0,0,0,1,745,0,0,395,3673,0,0,0,0,0,0,0,0,400,-440,0,0,40
2430.49,0,0,0,0,99,3578,1.53833,0.00386192,1.53741,39,0,29,23,28,0,-2,0,0,1,57,3664,3925,353,135,35,711,34196,33435,108,2,65,98,1.29339e+06,0,0,0,0,1,540,0,226,394,3686,0,0,0,0,0,0,0,0,400,-435,0,0,40
2430.5,0,0,0,0,99,3581,1.53896,0.00385352,1.53731,39,0,29,23,28,0,-2,0,0,1,56,3664,3925,351,135,35,711,34124,33296,108,2,65,98,1.28606e+06,0,0,0,0,1,0,0,645,381,3651,0,0,0,0,0,0,0,0,400,-404,0,0,40
2430.51,0,0,0,0,99,3583,1.53841,0.00386226,1.53756,39,0,29,23,28,0,-2,0,0,0.9,56,3664,3925,351,135,35,711,34124,33296,108,2,65,98,1.28606e+06,0,0,0,0,1,0,243,458,377,3669,0,0,0,0,0,0,0,0,400,-412,0,0,40
2430.52,0,0,0,0,99,3583,1.53786,0.00387099,1.53781,39,0,29,23,28,0,-2,0,0,0.8,56,3669,3925,377,135,35,711,34124,33296,108,2,65,98,1.38321e+06,0,0,0,0,1,0,243,458,377,3716,0,0,0,0,0,0,0,0,400,-389,0,0,40
2430.53,0,0,0,0,99,3586,1.53731,0.00387973,1.53806,39,0,29,23,28,0,-2,0,0,0.7,56,3669,3925,367,135,35,711,34124,33296,108,2,65,98,1.34652e+06,0,0,0,0,1,0,647,0,382,3716,0,0,0,0,0,0,0,0,400,-389,0,0,40
2430.54,0,0,0,0,99,3587,1.53676,0.00388847,1.53831,39,0,29,23,28,0,-2,0,0,0.6,56,3667,3925,370,135,35,711,34124,33296,108,2,65,98,1.35679e+06,0,0,0,0,1,259,459,0,388,3677,0,0,0,0,0,0,0,0,400,-426,0,0,40
2430.55,0,0,0,0,99,3588,1.53621,0.00389721,1.53856,39,0,29,23,28,0,-2,0,0,0.5,56,3667,3925,370,135,35,711,34124,33296,108,2,65,98,1.35679e+06,0,0,0,0,1,738,0,0,386,3675,0,0,0,0,0,0,0,0,400,-434,0,0,40
2430.56,0,0,0,0,99,3590,1.53566,0.00390595,1.53881,39,0,29,23,28,0,-2,0,0,0.4,56,3667,3926,371,135,35,711,34124,33296,108,2,65,98,1.36046e+06,0,0,0,0,1,376,0,276,385,3712,0,0,0,0,0,0,0,0,400,-404,0,0,40
2430.57,0,0,0,0,99,3592,1.53511,0.00391469,1.53906,39,0,29,23,28,0,-2,0,0,0.3,56,3672,3926,365,135,35,711,34124,33296,108,2,65,98,1.34028e+06,0,0,0,0,1,0,0,650,378,3663,0,0,0,0,0,0,0,0,400,-364,0,0,40
2430.58,0,0,0,0,99,3592,1.53456,0.00392343,1.53931,39,0,29,23,28,0,-2,0,0,0.2,56,3672,3926,370,135,35,711,34124,33296,108,2,65,98,1.35864e+06,0,0,0,0,1,0,0,650,378,3660,0,0,0,0,0,0,0,0,400,-386,0,0,40
2430.59,0,0,0,0,99,3598,1.53401,0.00393217,1.53956,39,0,29,23,28,0,-2,0,0,0.1,56,3672,3926,370,135,35,711,34124,33296,108,2,65,98,1.35864e+06,0,0,0,0,1,0,427,191,388,3660,0,0,0,0,0,0,0,0,400,-386,0,0,40
2430.6,0,0,0,0,99,3598,1.53346,0.0039409,1.53982,39,0,29,23,28,0,-2,0,0,0,56,3671,3926,373,135,35,711,34197,33367,108,2,65,98,1.36928e+06,0,0,0,0,1,27,553,0,385,3695,0,0,0,0,0,0,0,0,400,-382,0,0,40
2430.61,0,0,0,0,100,3595,1.53367,0.00394472,1.54001,39,0,29,23,28,0,-2,0,0,0.1,56,3660,3926,375,135,35,711,34197,33367,108,2,65,98,1.3725e+06,0,0,0,0,1,691,0,0,397,3671,0,0,0,0,0,0,0,0,400,-432,0,0,40
2430.62,0,0,0,0,99,3595,1.53387,0.00394853,1.5402,39,0,29,23,28,0,-2,0,0,0.2,56,3660,3926,357,135,35,711,34197,33367,108,2,65,98,1.30662e+06,0,0,0,0,1,452,0,208,386,3684,0,0,0,0,0,0,0,0,400,-410,0,0,40
2430.63,0,0,0,0,99,3600,1.53408,0.00395234,1.5404,39,0,29,23,28,0,-2,0,0,0.3,56,3660,3926,357,135,35,711,34197,33367,108,2,65,98,1.30662e+06,0,0,0,0,1,0,0,708,372,3658,0,0,0,0,0,0,0,0,400,-418,0,0,40
2430.64,0,0,0,0,99,3600,1.53428,0.00395615,1.54059,39,0,29,23,28,0,-2,0,0,0.4,56,3660,3924,376,135,35,711,34197,33367,108,2,65,98,1.37616e+06,0,0,0,0,1,0,0,708,372,3665,0,0,0,0,0,0,0,0,400,-384,0,0,40
2430.65,0,0,0,0,99,3609,1.53449,0.00395996,1.54078,39,0,29,23,28,0,-2,0,0,0.5,56,3669,3924,373,135,35,711,34197,33367,108,2,65,98,1.36854e+06,0,0,0,0,1,0,413,243,382,3665,0,0,0,0,0,0,0,0,400,-384,0,0,40
2430.66,0,0,0,0,99,3609,1.53469,0.00396377,1.54098,39,0,29,23,28,0,-2,0,0,0.6,56,3669,3924,379,135,35,711,34197,33367,108,2,65,98,1.39055e+06,0,0,0,0,1,101,567,0,391,3688,0,0,0,0,0,0,0,0,400,-420,0,0,40
2430.67,0,0,0,0,99,3609,1.5349,0.00396758,1.54117,39,0,29,23,28,0,-2,0,0,0.7,56,3669,3924,379,135,35,711,34197,33367,108,2,65,98,1.39055e+06,0,0,0,0,1,759,0,0,396,3660,0,0,0,0,0,0,0,0,400,-448,0,0,40
2430.68,0,0,0,0,99,3608,1.53511,0.00397139,1.54137,39,0,29,23,28,0,-2,0,0,0.8,56,3662,3924,342,135,35,711,34197,33367,108,2,65,98,1.2524e+06,0,0,0,0,1,294,0,363,394,3708,0,0,0,0,0,0,0,0,400,-418,0,0,40
2430.69,0,0,0,0,99,3608,1.53531,0.0039752,1.54156,39,0,29,23,28,0,-2,0,0,0.9,56,3662,3924,351,135,35,711,34197,33367,108,2,65,98,1.28536e+06,0,0,0,0,1,0,237,464,383,3663,0,0,0,0,0,0,0,0,400,-424,0,0,40
2430.7,0,0,0,0,99,3608,1.53552,0.00397901,1.54175,39,0,29,23,28,0,-2,0,0,1,56,3674,3924,362,135,35,711,34109,33219,107,2,65,98,1.32999e+06,0,0,0,0,1,0,237,464,383,3712,0,0,0,0,0,0,0,0,400,-396,0,0,40
2430.71,0,0,0,0,99,3612,1.53559,0.00399447,1.54154,39,0,29,23,28,0,-2,0,0,0.9,56,3674,3924,362,135,35,711,34109,33219,107,2,65,98,1.32999e+06,0,0,0,0,1,0,656,0,380,3712,0,0,0,0,0,0,0,0,400,-396,0,0,40
2430.72,0,0,0,0,99,3619,1.53566,0.00400992,1.54133,39,0,29,23,28,0,-2,0,0,0.8,56,3674,3924,376,135,35,711,34109,33219,107,2,65,98,1.38142e+06,0,0,0,0,1,399,231,0,380,3677,0,0,0,0,0,0,0,0,400,-373,0,0,40
2430.73,0,0,0,0,99,3623,1.53573,0.00402538,1.54111,39,0,29,23,28,0,-2,0,0,0.7,56,3660,3924,386,135,35,711,34109,33219,107,2,65,98,1.41276e+06,0,0,0,0,1,468,0,175,389,3690,0,0,0,0,0,0,0,0,400,-406,0,0,40
2430.74,0,0,0,0,99,3622,1.5358,0.00404083,1.5409,39,0,29,23,28,0,-2,0,0,0.6,56,3660,3924,381,135,35,711,34109,33219,107,2,65,98,1.39446e+06,0,0,0,0,1,0,0,648,400,3649,0,0,0,0,0,0,0,0,400,-425,0,0,40
2430.75,0,0,0,0,99,3622,1.53587,0.00405628,1.54068,39,0,29,23,28,0,-2,0,0,0.5,56,3660,3924,381,135,35,711,34109,33219,107,2,65,98,1.39446e+06,0,0,0,0,1,0,665,0,385,3686,0,0,0,0,0,0,0,0,400,-403,0,0,40
2430.76,0,0,0,0,99,3622,1.53594,0.00407174,1.54047,39,0,29,23,28,0,-2,0,0,0.4,56,3658,3924,359,135,35,711,34109,33219,107,2,65,98,1.31322e+06,0,0,0,0,1,0,665,0,385,3673,0,0,0,0,0,0,0,0,400,-398,0,0,40
2430.77,0,0,0,0,99,3626,1.53601,0.00408719,1.54025,39,0,29,23,28,0,-2,0,0,0.3,56,3669,3924,365,135,35,711,34109,33219,107,2,65,98,1.33918e+06,0,0,0,0,1,355,331,0,386,3673,0,0,0,0,0,0,0,0,400,-398,0,0,40
2430.78,0,0,0,0,100,3630,1.53609,0.00410265,1.54004,39,0,29,23,28,0,-2,0,0,0.2,56,3669,3924,367,135,35,711,34109,33219,107,2,65,98,1.34652e+06,0,0,0,0,1,458,0,179,385,3686,0,0,0,0,0,0,0,0,400,-394,0,0,40
2430.79,0,0,0,0,99,3630,1.53616,0.0041181,1.53983,39,0,29,23,28,0,-2,0,0,0.1,56,3669,3924,367,135,35,711,34109,33219,107,2,65,98,1.34652e+06,0,0,0,0,1,0,0,645,392,3658,0,0,0,0,0,0,0,0,400,-408,0,0,40
2430.8,0,0,0,0,99,3632,1.53623,0.00413356,1.53961,39,0,29,23,28,0,-2,0,0,0,56,3669,3924,379,135,35,711,34141,33373,107,2,66,98,1.39055e+06,0,0,0,0,1,0,673,0,393,3710,0,0,0,0,0,0,0,0,400,-373,0,0,40
2430.81,0,0,0,0,99,3636,1.53635,0.00409253,1.53972,39,0,29,23,28,0,-2,0,0,0.1,56,3661,3924,366,135,35,711,34141,33373,107,2,66,98,1.33993e+06,0,0,0,0,1,539,0,0,381,3684,0,0,0,0,0,0,0,0,400,-385,0,0,40
2430.82,0,0,0,0,100,3636,1.53648,0.00405151,1.53982,39,0,29,23,28,0,-2,0,0,0.2,56,3661,3924,368,135,35,711,34141,33373,107,2,66,98,1.34725e+06,0,0,0,0,1,539,0,0,381,3712,0,0,0,0,0,0,0,0,400,-381,0,0,40
2430.83,0,0,0,0,99,3639,1.53661,0.00401048,1.53992,39,0,29,23,28,0,-2,0,0,0.3,56,3661,3924,368,135,35,711,34141,33373,107,2,66,98,1.34725e+06,0,0,0,0,1,290,0,369,387,3712,0,0,0,0,0,0,0,0,400,-381,0,0,40
2430.84,0,0,0,0,99,3646,1.53674,0.00396946,1.54002,39,0,29,23,28,0,-2,0,0,0.4,56,3659,3924,374,135,35,711,34141,33373,107,2,66,98,1.36847e+06,0,0,0,0,1,0,245,234,388,3649,0,0,0,0,0,0,0,0,400,-387,0,0,40
2430.85,0,0,0,0,99,3649,1.53686,0.00392843,1.54013,39,0,29,23,28,0,-2,0,0,0.5,56,3659,3924,376,135,35,711,34141,33373,107,2,66,98,1.37578e+06,0,0,0,0,1,353,366,0,392,3677,0,0,0,0,0,0,0,0,400,-420,0,0,40
2430.86,0,0,0,0,100,3648,1.53699,0.00388741,1.54023,39,0,29,23,28,0,-2,0,0,0.6,56,3659,3924,371,135,35,711,34141,33373,107,2,66,98,1.35749e+06,0,0,0,0,1,503,0,226,408,3682,0,0,0,0,0,0,0,0,400,-440,0,0,40
2430.87,0,0,0,0,99,3646,1.53712,0.00384638,1.54033,39,0,29,23,28,0,-2,0,0,0.7,56,3659,3924,371,135,35,711,34141,33373,107,2,66,98,1.35749e+06,0,0,0,0,1,0,110,562,403,3663,0,0,0,0,0,0,0,0,400,-408,0,0,40
2430.88,0,0,0,0,99,3646,1.53724,0.00380536,1.54044,39,0,29,23,28,0,-2,0,0,0.8,56,3659,3924,371,135,35,711,34141,33373,107,2,66,98,1.35749e+06,0,0,0,0,1,0,110,562,403,3712,0,0,0,0,0,0,0,0,400,-351,0,0,40
2430.89,0,0,0,0,99,3648,1.53737,0.00376433,1.54054,39,0,29,23,28,0,-2,0,0,0.9,56,3661,3924,363,135,35,711,34141,33373,107,2,66,98,1.32894e+06,0,0,0,0,1,0,563,0,380,3712,0,0,0,0,0,0,0,0,400,-351,0,0,40
2430.9,0,0,0,0,99,3656,1.5375,0.00372331,1.54064,39,0,29,23,28,0,-2,0,0,1,56,3661,3924,372,135,35,711,34084,33272,108,2,65,98,1.36189e+06,0,0,0,0,1,601,0,0,376,3673,0,0,0,0,0,0,0,0,400,-364,0,0,40
2430.91,0,0,0,0,99,3665,1.53757,0.00373775,1.54077,39,0,29,23,28,0,-2,0,0,1,56,3661,3924,372,135,35,711,34084,33272,108,2,65,98,1.36189e+06,0,0,0,0,1,0,0,650,391,3651,0,0,0,0,0,0,0,0,400,-394,0,0,40
2430.92,0,0,0,0,100,3666,1.53764,0.0037522,1.54089,39,0,29,23,28,0,-2,0,0,1,56,3666,3924,389,135,35,711,34084,33272,108,2,65,98,1.42607e+06,0,0,0,0,1,0,635,0,396,3706,0,0,0,0,0,0,0,0,400,-386,0,0,40
2430.93,0,0,0,0,100,3666,1.53771,0.00376664,1.54102,39,0,29,23,28,0,-2,0,0,1,56,3657,3924,369,135,35,711,34084,33272,108,2,65,98,1.34943e+06,0,0,0,0,1,685,0,0,408,3658,0,0,0,0,0,0,0,0,400,-408,0,0,40
2430.94,0,0,0,0,99,3666,1.53778,0.00378108,1.54114,39,0,29,23,28,0,-2,0,0,1,56,3657,3924,370,135,35,711,34084,33272,108,2,65,98,1.35309e+06,0,0,0,0,1,685,0,0,408,3658,0,0,0,0,0,0,0,0,400,-402,0,0,40
2430.95,0,0,0,0,99,3666,1.53785,0.00379552,1.54127,39,0,29,23,28,0,-2,0,0,1,56,3657,3924,370,135,35,711,34084,33272,108,2,65,98,1.35309e+06,0,0,0,0,1,0,69,536,398,3658,0,0,0,0,0,0,0,0,400,-402,0,0,40
2430.96,0,0,0,0,100,3668,1.53792,0.00380997,1.54139,39,0,29,23,28,0,-2,0,0,1,56,3657,3922,378,135,35,711,34084,33272,108,2,65,98,1.38235e+06,0,0,0,0,1,0,610,0,383,3716,0,0,0,0,0,0,0,0,400,-371,0,0,40
2430.97,0,0,0,0,99,3672,1.53799,0.00382441,1.54152,39,0,29,23,28,0,-2,0,0,1,56,3668,3922,377,135,35,711,34084,33272,108,2,65,98,1.38284e+06,0,0,0,0,1,621,0,0,388,3673,0,0,0,0,0,0,0,0,400,-379,0,0,40
2430.98,0,0,0,0,99,3681,1.53806,0.00383885,1.54164,39,0,29,23,28,0,-2,0,0,1,56,3668,3922,382,135,35,711,34084,33272,108,2,65,98,1.40118e+06,0,0,0,0,1,0,0,560,389,3660,0,0,0,0,0,0,0,0,400,-395,0,0,40
2430.99,0,0,0,0,99,3684,1.53813,0.00385329,1.54177,39,0,29,23,28,0,-2,0,0,1,56,3668,3922,382,135,35,711,34084,33272,108,2,65,98,1.40118e+06,0,0,0,0,1,159,483,0,401,3684,0,0,0,0,0,0,0,0,400,-390,0,0,40
2431,0,0,0,0,99,3684,1.53821,0.00386774,1.54189,39,0,29,23,28,0,-2,0,0,1,56,3659,3922,369,136,35,711,34068,33275,107,2,68,98,1.35017e+06,0,0,0,0,1,159,483,0,401,3684,0,0,0,0,0,0,0,0,400,-425,0,0,40
2431.01,0,0,0,0,99,3681,1.53825,0.00387541,1.54195,39,0,29,23,28,0,-2,0,0,0.9,56,3656,3922,364,136,35,711,34068,33275,107,2,68,98,1.33078e+06,0,0,0,0,1,486,0,232,407,3684,0,0,0,0,0,0,0,0,400,-425,0,0,40
2431.02,0,0,0,0,99,3687,1.5383,0.00388309,1.54202,39,0,29,23,28,0,-2,0,0,0.8,56,3656,3922,358,136,35,711,34068,33275,107,2,68,98,1.30885e+06,0,0,0,0,1,0,358,329,391,3654,0,0,0,0,0,0,0,0,400,-422,0,0,40
2431.03,0,0,0,0,99,3690,1.53834,0.00389077,1.54208,39,0,29,23,28,0,-2,0,0,0.7,56,3656,3922,358,136,35,711,34068,33275,107,2,68,98,1.30885e+06,0,0,0,0,1,539,93,0,390,3671,0,0,0,0,0,0,0,0,400,-399,0,0,40
2431.04,0,0,0,0,100,3692,1.53839,0.00389845,1.54215,39,0,29,23,28,0,-2,0,0,0.6,56,3668,3925,377,136,35,711,34068,33275,107,2,68,98,1.38284e+06,0,0,0,0,1,0,0,663,397,3658,0,0,0,0,0,0,0,0,400,-384,0,0,40
2431.05,0,0,0,0,99,3693,1.53843,0.00390612,1.54221,39,0,29,23,28,0,-2,0,0,0.5,56,3668,3925,381,136,35,711,34068,33275,107,2,68,98,1.39751e+06,0,0,0,0,1,0,706,0,404,3699,0,0,0,0,0,0,0,0,400,-413,0,0,40
2431.06,0,0,0,0,100,3693,1.53848,0.0039138,1.54228,39,0,29,23,28,0,-2,0,0,0.4,56,3668,3925,387,136,35,711,34068,33275,107,2,68,98,1.41952e+06,0,0,0,0,1,0,706,0,404,3671,0,0,0,0,0,0,0,0,400,-388,0,0,40
2431.07,0,0,0,0,100,3695,1.53852,0.00392148,1.54234,39,0,29,23,28,0,-2,0,0,0.3,56,3668,3925,387,136,35,711,34068,33275,107,2,68,98,1.41952e+06,0,0,0,0,1,632,0,0,394,3671,0,0,0,0,0,0,0,0,400,-388,0,0,40
2431.08,0,0,0,0,100,3700,1.53857,0.00392916,1.54241,39,0,29,23,28,0,-2,0,0,0.2,56,3664,3925,374,136,35,711,34068,33275,107,2,68,98,1.37034e+06,0,0,0,0,1,0,190,478,388,3665,0,0,0,0,0,0,0,0,400,-376,0,0,40
2431.09,0,0,0,0,99,3705,1.53861,0.00393683,1.54247,39,0,29,23,28,0,-2,0,0,0.1,56,3664,3925,372,136,35,711,34068,33275,107,2,68,98,1.36301e+06,0,0,0,0,1,417,249,0,396,3669,0,0,0,0,0,0,0,0,400,-394,0,0,40
2431.1,0,0,0,0,99,3711,1.53866,0.00394451,1.54254,39,0,29,23,28,0,-2,0,0,0,56,3664,3925,374,136,35,711,34125,33361,108,2,68,98,1.37034e+06,0,0,0,0,1,0,0,695,394,3639,0,0,0,0,0,0,0,0,400,-401,0,0,40
2431.11,0,0,0,0,99,3712,1.53832,0.00395337,1.5421,39,0,29,23,28,0,-2,0,0,0.1,56,3664,3925,374,136,35,711,34125,33361,108,2,68,98,1.37034e+06,0,0,0,0,1,0,639,0,407,3703,0,0,0,0,0,0,0,0,400,-395,0,0,40
2431.12,0,0,0,0,99,3712,1.53797,0.00396222,1.54166,39,0,29,23,28,0,-2,0,0,0.2,56,3664,3925,363,136,35,711,34125,33361,108,2,68,98,1.33003e+06,0,0,0,0,1,0,639,0,407,3680,0,0,0,0,0,0,0,0,400,-418,0,0,40
2431.13,0,0,0,0,99,3708,1.53763,0.00397108,1.54122,39,0,29,23,28,0,-2,0,0,0.3,56,3657,3925,373,136,35,711,34125,33361,108,2,68,98,1.36406e+06,0,0,0,0,1,448,0,247,411,3680,0,0,0,0,0,0,0,0,400,-418,0,0,40
2431.14,0,0,0,0,100,3707,1.53728,0.00397993,1.54078,39,0,29,23,28,0,-2,0,0,0.4,56,3657,3925,370,136,35,711,34125,33361,108,2,68,98,1.35309e+06,0,0,0,0,1,0,416,243,400,3651,0,0,0,0,0,0,0,0,400,-389,0,0,40
2431.15,0,0,0,0,99,3713,1.53694,0.00398879,1.54034,39,0,29,23,28,0,-2,0,0,0.5,56,3657,3925,370,136,35,711,34125,33361,108,2,68,98,1.35309e+06,0,0,0,0,1,667,0,0,383,3673,0,0,0,0,0,0,0,0,400,-402,0,0,40
2431.16,0,0,0,0,99,3723,1.5366,0.00399764,1.5399,39,0,29,23,28,0,-2,0,0,0.6,56,3663,3925,383,136,35,711,34125,33361,108,2,68,98,1.40293e+06,0,0,0,0,1,0,53,560,384,3663,0,0,0,0,0,0,0,0,400,-365,0,0,40
2431.17,0,0,0,0,99,3726,1.53625,0.0040065,1.53946,39,0,29,23,28,0,-2,0,0,0.7,56,3661,3925,395,136,35,711,34125,33361,108,2,68,98,1.4461e+06,0,0,0,0,1,410,274,0,410,3665,0,0,0,0,0,0,0,0,400,-401,0,0,40
2431.18,0,0,0,0,99,3726,1.53591,0.00401535,1.53902,39,0,29,23,28,0,-2,0,0,0.8,56,3661,3925,384,136,35,711,34125,33361,108,2,68,98,1.40582e+06,0,0,0,0,1,410,274,0,410,3643,0,0,0,0,0,0,0,0,400,-422,0,0,40
2431.19,0,0,0,0,99,3726,1.53556,0.00402421,1.53858,39,0,29,23,28,0,-2,0,0,0.9,56,3661,3925,384,136,35,711,34125,33361,108,2,68,98,1.40582e+06,0,0,0,0,1,0,0,732,406,3643,0,0,0,0,0,0,0,0,400,-422,0,0,40
2431.2,0,0,0,0,99,3723,1.53522,0.00403306,1.53814,39,0,29,23,28,0,-2,0,0,1,56,3654,3925,362,136,35,711,34035,33228,108,2,68,98,1.32275e+06,0,0,0,0,1,273,459,0,407,3665,0,0,0,0,0,0,0,0,400,-433,0,0,40
2431.21,0,0,0,0,99,3723,1.5352,0.00401958,1.5384,39,0,29,23,28,0,-2,0,0,0.9,56,3654,3925,365,136,35,711,34035,33228,108,2,68,98,1.33371e+06,0,0,0,0,1,187,0,439,395,3712,0,0,0,0,0,0,0,0,400,-359,0,0,40
2431.22,0,0,0,0,99,3728,1.53518,0.00400609,1.53866,39,0,29,23,28,0,-2,0,0,0.8,56,3654,3925,366,136,35,711,34035,33228,108,2,68,98,1.33736e+06,0,0,0,0,1,0,682,0,395,3703,0,0,0,0,0,0,0,0,400,-399,0,0,40
2431.23,0,0,0,0,99,3733,1.53516,0.00399261,1.53891,39,0,29,23,28,0,-2,0,0,0.7,56,3654,3925,366,136,35,711,34035,33228,108,2,68,98,1.33736e+06,0,0,0,0,1,478,0,208,396,3688,0,0,0,0,0,0,0,0,400,-403,0,0,40
2431.24,0,0,0,0,99,3733,1.53514,0.00397913,1.53917,39,0,29,23,28,0,-2,0,0,0.6,56,3665,3925,389,136,35,711,34035,33228,108,2,68,98,1.42568e+06,0,0,0,0,1,478,0,208,396,3675,0,0,0,0,0,0,0,0,400,-391,0,0,40
2431.25,0,0,0,0,99,3737,1.53512,0.00396564,1.53942,39,0,29,23,28,0,-2,0,0,0.5,56,3659,3925,388,136,35,711,34035,33228,108,2,68,98,1.41969e+06,0,0,0,0,1,0,641,0,397,3675,0,0,0,0,0,0,0,0,400,-391,0,0,40
2431.26,0,0,0,0,99,3734,1.5351,0.00395216,1.53968,39,0,29,23,28,0,-2,0,0,0.4,56,3659,3929,384,136,35,711,34035,33228,108,2,68,98,1.40506e+06,0,0,0,0,1,593,0,0,413,3671,0,0,0,0,0,0,0,0,400,-392,0,0,40
2431.27,0,0,0,0,99,3737,1.53508,0.00393867,1.53993,39,0,29,23,28,0,-2,0,0,0.3,56,3659,3929,384,136,35,711,34035,33228,108,2,68,98,1.40506e+06,0,0,0,0,1,0,450,161,396,3663,0,0,0,0,0,0,0,0,400,-375,0,0,40
2431.28,0,0,0,0,99,3740,1.53506,0.00392519,1.54019,39,0,29,23,28,0,-2,0,0,0.2,56,3657,3929,376,136,35,711,34035,33228,108,2,68,98,1.37503e+06,0,0,0,0,1,677,0,0,398,3673,0,0,0,0,0,0,0,0,400,-396,0,0,40
2431.29,0,0,0,0,99,3740,1.53504,0.00391171,1.54045,39,0,29,23,28,0,-2,0,0,0.1,56,3657,3929,369,136,35,711,34035,33228,108,2,68,98,1.34943e+06,0,0,0,0,1,0,342,358,402,3651,0,0,0,0,0,0,0,0,400,-408,0,0,40
2431.3,0,0,0,0,99,3740,1.53502,0.00389822,1.5407,39,0,29,23,28,0,-2,0,0,0,56,3657,3929,382,136,35,711,34049,33214,107,2,87,98,1.39697e+06,0,0,0,0,1,0,342,358,402,3660,0,0,0,0,0,0,0,0,400,-395,0,0,40
2431.31,0,0,0,0,99,3739,1.5353,0.00388523,1.54059,39,0,29,23,28,0,-2,0,0,0.1,56,3657,3929,382,136,35,711,34049,33214,107,2,87,98,1.39697e+06,0,0,0,0,1,739,0,0,410,3660,0,0,0,0,0,0,0,0,400,-395,0,0,40
2431.32,0,0,0,0,99,3740,1.53558,0.00387224,1.54048,39,0,29,23,28,0,-2,0,0,0.2,56,3663,3929,373,136,35,711,34049,33214,107,2,87,98,1.3663e+06,0,0,0,0,1,0,251,429,404,3658,0,0,0,0,0,0,0,0,400,-412,0,0,40
2431.33,0,0,0,0,99,3744,1.53586,0.00385925,1.54037,39,0,29,23,28,0,-2,0,0,0.3,56,3654,3929,380,136,35,711,34049,33214,107,2,87,98,1.38852e+06,0,0,0,0,1,671,0,0,388,3671,0,0,0,0,0,0,0,0,400,-399,0,0,40
2431.34,0,0,0,0,99,3748,1.53614,0.00384626,1.54026,39,0,29,23,28,0,-2,0,0,0.4,56,3654,3929,375,136,35,711,34049,33214,107,2,87,98,1.37025e+06,0,0,0,0,1,0,194,487,395,3651,0,0,0,0,0,0,0,0,400,-397,0,0,40
2431.35,0,0,0,0,99,3751,1.53642,0.00383327,1.54015,39,0,29,23,28,0,-2,0,0,0.5,56,3654,3929,375,136,35,711,34049,33214,107,2,87,98,1.37025e+06,0,0,0,0,1,710,0,0,401,3675,0,0,0,0,0,0,0,0,400,-411,0,0,40
2431.36,0,0,0,0,99,3751,1.5367,0.00382028,1.54004,39,0,29,23,28,0,-2,0,0,0.6,56,3660,3929,386,136,35,711,34049,33214,107,2,87,98,1.41276e+06,0,0,0,0,1,710,0,0,401,3645,0,0,0,0,0,0,0,0,400,-425,0,0,40
2431.37,0,0,0,0,99,3753,1.53698,0.00380729,1.53993,39,0,29,23,28,0,-2,0,0,0.7,56,3660,3929,389,136,35,711,34049,33214,107,2,87,98,1.42374e+06,0,0,0,0,1,0,387,339,416,3645,0,0,0,0,0,0,0,0,400,-425,0,0,40
2431.38,0,0,0,0,99,3749,1.53726,0.00379431,1.53982,39,0,29,23,28,0,-2,0,0,0.8,56,3660,3929,376,136,35,711,34049,33214,107,2,87,98,1.37616e+06,0,0,0,0,1,726,0,0,410,3658,0,0,0,0,0,0,0,0,400,-424,0,0,40
2431.39,0,0,0,0,99,3746,1.53754,0.00378132,1.5397,39,0,29,23,28,0,-2,0,0,0.9,56,3660,3929,376,136,35,711,34049,33214,107,2,87,98,1.37616e+06,0,0,0,0,1,0,342,386,401,3651,0,0,0,0,0,0,0,0,400,-398,0,0,40
2431.4,0,0,0,0,99,3750,1.53782,0.00376833,1.53959,39,0,29,23,28,0,-2,0,0,1,56,3661,3929,386,136,35,711,34043,33224,108,2,65,98,1.41315e+06,0,0,0,0,1,669,0,0,391,3671,0,0,0,0,0,0,0,0,400,-390,0,0,40
2431.41,0,0,0,0,99,3760,1.53753,0.003795,1.5391,39,0,29,23,28,0,-2,0,0,1,56,3661,3929,380,136,35,711,34043,33224,108,2,65,98,1.39118e+06,0,0,0,0,1,0,393,294,392,3656,0,0,0,0,0,0,0,0,400,-405,0,0,40
2431.42,0,0,0,0,99,3760,1.53724,0.00382168,1.5386,39,0,29,23,28,0,-2,0,0,1,56,3661,3933,395,136,35,711,34043,33224,108,2,65,98,1.4461e+06,0,0,0,0,1,0,393,294,392,3671,0,0,0,0,0,0,0,0,400,-397,0,0,40
2431.43,0,0,0,0,99,3762,1.53696,0.00384835,1.5381,39,0,29,23,28,0,-2,0,0,1,56,3661,3933,395,136,35,711,34043,33224,108,2,65,98,1.4461e+06,0,0,0,0,1,651,0,0,406,3671,0,0,0,0,0,0,0,0,400,-397,0,0,40
2431.44,0,0,0,0,99,3760,1.53667,0.00387503,1.5376,39,0,29,23,28,0,-2,0,0,1,56,3657,3933,389,136,35,711,34043,33224,108,2,65,98,1.42257e+06,0,0,0,0,1,0,536,73,405,3649,0,0,0,0,0,0,0,0,400,-387,0,0,40
2431.45,0,0,0,0,100,3758,1.53638,0.0039017,1.5371,39,0,29,23,28,0,-2,0,0,1,56,3657,3933,382,136,35,711,34043,33224,108,2,65,98,1.39697e+06,0,0,0,0,1,481,0,246,415,3686,0,0,0,0,0,0,0,0,400,-429,0,0,40
2431.46,0,0,0,0,100,3760,1.53609,0.00392838,1.5366,39,0,29,23,28,0,-2,0,0,1,56,3657,3933,366,136,35,711,34043,33224,108,2,65,98,1.33846e+06,0,0,0,0,1,0,649,0,404,3677,0,0,0,0,0,0,0,0,400,-400,0,0,40
2431.47,0,0,0,0,99,3761,1.5358,0.00395505,1.5361,39,0,29,23,28,0,-2,0,0,1,56,3657,3933,366,136,35,711,34043,33224,108,2,65,98,1.33846e+06,0,0,0,0,1,446,0,226,399,3684,0,0,0,0,0,0,0,0,400,-407,0,0,40
2431.48,0,0,0,0,100,3761,1.53551,0.00398173,1.53561,39,0,29,23,28,0,-2,0,0,1,56,3653,3933,392,136,35,711,34043,33224,108,2,65,98,1.43198e+06,0,0,0,0,1,446,0,226,399,3710,0,0,0,0,0,0,0,0,400,-397,0,0,40
2431.49,0,0,0,0,99,3766,1.53522,0.0040084,1.53511,39,0,29,23,28,0,-2,0,0,1,56,3663,3933,398,136,35,711,34043,33224,108,2,65,98,1.45787e+06,0,0,0,0,1,0,678,0,396,3710,0,0,0,0,0,0,0,0,400,-397,0,0,40
2431.5,0,0,0,0,99,3770,1.53493,0.00403507,1.53461,39,0,29,23,28,0,-2,0,0,1,57,3663,3933,399,136,35,711,34052,33246,108,2,68,98,1.46154e+06,0,0,0,0,1,267,0,388,405,3701,0,0,0,0,0,0,0,0,400,-385,0,0,40
2431.51,0,0,0,0,99,3770,1.53517,0.00405106,1.53522,39,0,29,23,28,0,-2,0,0,1,57,3663,3933,399,136,35,711,34052,33246,108,2,68,98,1.46154e+06,0,0,0,0,1,35,550,0,414,3682,0,0,0,0,0,0,0,0,400,-382,0,0,40
2431.52,0,0,0,0,99,3772,1.53541,0.00406704,1.53582,39,0,29,23,28,0,-2,0,0,1,57,3651,3933,383,136,35,711,34052,33246,108,2,68,98,1.39833e+06,0,0,0,0,1,0,0,648,399,3647,0,0,0,0,0,0,0,0,400,-405,0,0,40
2431.53,0,0,0,0,99,3775,1.53565,0.00408302,1.53643,39,0,29,23,28,0,-2,0,0,1,57,3651,3933,383,136,35,711,34052,33246,108,2,68,98,1.39833e+06,0,0,0,0,1,329,383,0,400,3669,0,0,0,0,0,0,0,0,400,-416,0,0,40
2431.54,0,0,0,0,99,3775,1.53589,0.004099,1.53704,39,0,29,23,28,0,-2,0,0,1,57,3651,3933,379,136,35,711,34052,33246,108,2,68,98,1.38373e+06,0,0,0,0,1,329,383,0,400,3651,0,0,0,0,0,0,0,0,400,-367,0,0,40
2431.55,0,0,0,0,99,3776,1.53613,0.00411499,1.53765,39,0,29,23,28,0,-2,0,0,1,57,3651,3933,379,136,35,711,34052,33246,108,2,68,98,1.38373e+06,0,0,0,0,1,0,0,607,406,3651,0,0,0,0,0,0,0,0,400,-367,0,0,40
2431.56,0,0,0,0,99,3775,1.53637,0.00413097,1.53825,39,0,29,23,28,0,-2,0,0,1,57,3656,3933,401,136,35,711,34052,33246,108,2,68,98,1.46606e+06,0,0,0,0,1,685,0,0,415,3656,0,0,0,0,0,0,0,0,400,-423,0,0,40
2431.57,0,0,0,0,99,3776,1.5366,0.00414695,1.53886,39,0,29,23,28,0,-2,0,0,1,57,3656,3933,398,136,35,711,34052,33246,108,2,68,98,1.45509e+06,0,0,0,0,1,0,286,440,404,3656,0,0,0,0,0,0,0,0,400,-420,0,0,40
2431.58,0,0,0,0,99,3783,1.53684,0.00416293,1.53947,39,0,29,23,28,0,-2,0,0,1,57,3656,3933,379,136,35,711,34052,33246,108,2,68,98,1.38562e+06,0,0,0,0,1,587,0,0,391,3671,0,0,0,0,0,0,0,0,400,-371,0,0,40
2431.59,0,0,0,0,99,3788,1.53708,0.00417892,1.54007,39,0,29,23,28,0,-2,0,0,1,57,3656,3933,379,136,35,711,34052,33246,108,2,68,98,1.38562e+06,0,0,0,0,1,0,668,0,397,3706,0,0,0,0,0,0,0,0,400,-401,0,0,40
2431.6,0,0,0,0,99,3788,1.53732,0.0041949,1.54068,39,0,29,23,28,0,-2,0,0,1,56,3655,3933,390,136,35,711,34037,33263,108,2,68,98,1.42545e+06,0,0,0,0,1,0,668,0,397,3697,0,0,0,0,0,0,0,0,400,-370,0,0,40
2431.61,0,0,0,0,99,3792,1.53705,0.00417279,1.5406,39,0,29,23,28,0,-2,0,0,1,56,3655,3933,387,136,35,711,34037,33263,108,2,68,98,1.41448e+06,0,0,0,0,1,117,0,489,402,3697,0,0,0,0,0,0,0,0,400,-370,0,0,40
2431.62,0,0,0,0,99,3792,1.53677,0.00415067,1.54053,39,0,29,23,28,0,-2,0,0,1,56,3657,3933,400,136,35,711,34037,33263,108,2,68,98,1.4628e+06,0,0,0,0,1,276,436,0,419,3660,0,0,0,0,0,0,0,0,400,-420,0,0,40
2431.63,0,0,0,0,99,3790,1.5365,0.00412856,1.54045,39,0,29,23,28,0,-2,0,0,1,56,3657,3933,400,136,35,711,34037,33263,108,2,68,98,1.4628e+06,0,0,0,0,1,0,0,628,417,3647,0,0,0,0,0,0,0,0,400,-405,0,0,40
2431.64,0,0,0,0,99,3789,1.53622,0.00410645,1.54037,39,0,29,23,28,0,-2,0,0,1,56,3657,3933,376,136,35,711,34037,33263,108,2,68,98,1.37503e+06,0,0,0,0,1,683,0,0,403,3658,0,0,0,0,0,0,0,0,400,-409,0,0,40
2431.65,0,0,0,0,99,3796,1.53595,0.00408434,1.54029,39,0,29,23,28,0,-2,0,0,1,56,3652,3933,382,136,35,711,34037,33263,108,2,68,98,1.39506e+06,0,0,0,0,1,0,444,156,388,3663,0,0,0,0,0,0,0,0,400,-358,0,0,40
2431.66,0,0,0,0,99,3796,1.53568,0.00406222,1.54022,39,0,29,23,28,0,-2,0,0,1,56,3652,3933,379,136,35,711,34037,33263,108,2,68,98,1.38411e+06,0,0,0,0,1,0,444,156,388,3703,0,0,0,0,0,0,0,0,400,-401,0,0,40
2431.67,0,0,0,0,99,3805,1.5354,0.00404011,1.54014,39,0,29,23,28,0,-2,0,0,1,56,3652,3933,379,136,35,711,34037,33263,108,2,68,98,1.38411e+06,0,0,0,0,1,451,0,247,396,3703,0,0,0,0,0,0,0,0,400,-401,0,0,40
2431.68,0,0,0,0,99,3808,1.53513,0.004018,1.54006,39,0,29,23,28,0,-2,0,0,1,56,3655,3932,403,136,35,711,34037,33263,108,2,68,98,1.47296e+06,0,0,0,0,1,212,492,0,417,3671,0,0,0,0,0,0,0,0,400,-422,0,0,40
2431.69,0,0,0,0,99,3808,1.53486,0.00399589,1.53998,39,0,29,23,28,0,-2,0,0,1,56,3655,3932,399,136,35,711,34037,33263,108,2,68,98,1.45834e+06,0,0,0,0,1,0,0,591,415,3647,0,0,0,0,0,0,0,0,400,-394,0,0,40
2431.7,0,0,0,0,99,3808,1.53458,0.00397378,1.53991,39,0,29,23,28,0,-2,0,0,1,57,3655,3932,396,136,35,711,34064,33227,107,2,87,98,1.44738e+06,0,0,0,0,1,554,0,0,405,3663,0,0,0,0,0,0,0,0,400,-366,0,0,40
2431.71,0,0,0,0,99,3810,1.53466,0.00394922,1.54001,39,0,29,23,28,0,-2,0,0,1,57,3655,3932,396,136,35,711,34064,33227,107,2,87,98,1.44738e+06,0,0,0,0,1,0,682,0,402,3701,0,0,0,0,0,0,0,0,400,-410,0,0,40
2431.72,0,0,0,0,99,3810,1.53475,0.00392467,1.54012,39,0,29,23,28,0,-2,0,0,1,57,3656,3932,372,136,35,711,34064,33227,107,2,87,98,1.36003e+06,0,0,0,0,1,0,682,0,402,3651,0,0,0,0,0,0,0,0,400,-381,0,0,40
2431.73,0,0,0,0,99,3812,1.53483,0.00390011,1.54022,39,0,29,23,28,0,-2,0,0,1,57,3656,3932,392,136,35,711,34064,33227,107,2,87,98,1.43315e+06,0,0,0,0,1,0,0,591,407,3651,0,0,0,0,0,0,0,0,400,-381,0,0,40
2431.74,0,0,0,0,99,3818,1.53491,0.00387556,1.54033,39,0,29,23,28,0,-2,0,0,1,57,3656,3931,393,136,35,711,34064,33227,107,2,87,98,1.43681e+06,0,0,0,0,1,522,79,0,407,3665,0,0,0,0,0,0,0,0,400,-383,0,0,40
2431.75,0,0,0,0,99,3824,1.53499,0.003851,1.54043,39,0,29,23,28,0,-2,0,0,1,57,3656,3931,393,136,35,711,34064,33227,107,2,87,98,1.43681e+06,0,0,0,0,1,0,428,208,407,3651,0,0,0,0,0,0,0,0,400,-387,0,0,40
2431.76,0,0,0,0,99,3825,1.53507,0.00382645,1.54054,39,0,29,23,28,0,-2,0,0,1,57,3650,3931,400,136,35,711,34064,33227,107,2,87,98,1.46e+06,0,0,0,0,1,296,0,372,416,3690,0,0,0,0,0,0,0,0,400,-408,0,0,40
2431.77,0,0,0,0,99,3830,1.53515,0.00380189,1.54064,39,0,29,23,28,0,-2,0,0,1,57,3650,3931,387,136,35,711,34064,33227,107,2,87,98,1.41255e+06,0,0,0,0,1,372,305,0,402,3656,0,0,0,0,0,0,0,0,400,-397,0,0,40
2431.78,0,0,0,0,99,3830,1.53523,0.00377734,1.54075,39,0,29,23,28,0,-2,0,0,1,57,3650,3931,387,136,35,711,34064,33227,107,2,87,98,1.41255e+06,0,0,0,0,1,372,305,0,402,3656,0,0,0,0,0,0,0,0,400,-400,0,0,40
2431.79,0,0,0,0,99,3833,1.53531,0.00375278,1.54085,39,0,29,23,28,0,-2,0,0,1,57,3650,3931,387,136,35,711,34064,33227,107,2,87,98,1.41255e+06,0,0,0,0,1,0,374,331,409,3656,0,0,0,0,0,0,0,0,400,-400,0,0,40
2431.8,0,0,0,0,99,3834,1.53539,0.00372823,1.54096,39,0,29,23,28,0,-2,0,0,1,56,3651,3931,387,136,35,711,34021,33210,107,2,68,98,1.41294e+06,0,0,0,0,1,345,0,366,418,3703,0,0,0,0,0,0,0,0,400,-386,0,0,40
2431.81,0,0,0,0,99,3833,1.53524,0.00372475,1.54074,39,0,29,23,28,0,-2,0,0,1,56,3654,3931,394,136,35,711,34021,33210,107,2,68,98,1.43968e+06,0,0,0,0,1,376,325,0,419,3654,0,0,0,0,0,0,0,0,400,-409,0,0,40
2431.82,0,0,0,0,99,3838,1.53509,0.00372127,1.54053,39,0,29,23,28,0,-2,0,0,1,56,3654,3931,402,136,35,711,34021,33210,107,2,68,98,1.46891e+06,0,0,0,0,1,0,372,308,406,3645,0,0,0,0,0,0,0,0,400,-383,0,0,40
2431.83,0,0,0,0,99,3847,1.53494,0.00371779,1.54031,39,0,29,23,28,0,-2,0,0,1,56,3654,3931,402,136,35,711,34021,33210,107,2,68,98,1.46891e+06,0,0,0,0,1,103,0,480,397,3695,0,0,0,0,0,0,0,0,400,-403,0,0,40
2431.84,0,0,0,0,99,3847,1.53479,0.00371431,1.5401,39,0,29,23,28,0,-2,0,0,1,56,3649,3930,391,136,35,711,34021,33210,107,2,68,98,1.42676e+06,0,0,0,0,1,103,0,480,397,3663,0,0,0,0,0,0,0,0,400,-421,0,0,40
2431.85,0,0,0,0,100,3851,1.53464,0.00371083,1.53988,39,0,29,23,28,0,-2,0,0,1,56,3649,3930,398,136,35,711,34021,33210,107,2,68,98,1.4523e+06,0,0,0,0,1,603,0,0,409,3663,0,0,0,0,0,0,0,0,400,-421,0,0,40
2431.86,0,0,0,0,99,3855,1.53449,0.00370735,1.53967,39,0,29,23,28,0,-2,0,0,1,56,3649,3930,393,136,35,711,34021,33210,107,2,68,98,1.43406e+06,0,0,0,0,1,0,662,0,413,3692,0,0,0,0,0,0,0,0,400,-377,0,0,40
2431.87,0,0,0,0,100,3853,1.53434,0.00370387,1.53945,39,0,29,23,28,0,-2,0,0,1,56,3649,3930,393,136,35,711,34021,33210,107,2,68,98,1.43406e+06,0,0,0,0,1,0,0,610,420,3643,0,0,0,0,0,0,0,0,400,-384,0,0,40
2431.88,0,0,0,0,100,3852,1.53419,0.00370039,1.53924,39,0,29,23,28,0,-2,0,0,1,56,3654,3930,387,136,35,711,34021,33210,107,2,68,98,1.4141e+06,0,0,0,0,1,542,0,140,423,3666,0,0,0,0,0,0,0,0,400,-414,0,0,40
2431.89,0,0,0,0,99,3857,1.53403,0.00369691,1.53902,39,0,29,23,28,0,-2,0,0,1,56,3651,3930,378,136,35,711,34021,33210,107,2,68,98,1.38008e+06,0,0,0,0,1,229,448,0,406,3666,0,0,0,0,0,0,0,0,400,-403,0,0,40
2431.9,0,0,0,0,99,3857,1.53388,0.00369343,1.53881,39,0,29,23,28,0,-2,0,0,1,56,3651,3930,387,136,35,711,34059,33155,108,2,65,98,1.41294e+06,0,0,0,0,1,229,448,0,406,3645,0,0,0,0,0,0,0,0,400,-386,0,0,40
2431.91,0,0,0,0,99,3865,1.53425,0.00370002,1.53883,39,0,29,23,28,0,-2,0,0,1,56,3651,3930,387,136,35,711,34059,33155,108,2,65,98,1.41294e+06,0,0,0,0,1,0,383,247,403,3645,0,0,0,0,0,0,0,0,400,-386,0,0,40
2431.92,0,0,0,0,100,3873,1.53462,0.00370661,1.53884,39,0,29,23,28,0,-2,0,0,1,56,3655,3930,396,136,35,711,34059,33155,108,2,65,98,1.44738e+06,0,0,0,0,1,0,0,703,416,3637,0,0,0,0,0,0,0,0,400,-416,0,0,40
2431.93,0,0,0,0,99,3872,1.53498,0.0037132,1.53886,39,0,29,23,28,0,-2,0,0,1,56,3655,3930,410,136,35,711,34059,33155,108,2,65,98,1.49855e+06,0,0,0,0,1,665,0,0,425,3651,0,0,0,0,0,0,0,0,400,-398,0,0,40
2431.94,0,0,0,0,99,3874,1.53535,0.0037198,1.53888,39,0,29,23,28,0,-2,0,0,1,56,3647,3930,405,136,35,711,34059,33155,108,2,65,98,1.47704e+06,0,0,0,0,1,191,489,0,423,3675,0,0,0,0,0,0,0,0,400,-409,0,0,40
2431.95,0,0,0,0,99,3876,1.53571,0.00372639,1.5389,39,0,29,23,28,0,-2,0,0,1,56,3647,3930,405,136,35,711,34059,33155,108,2,65,98,1.47704e+06,0,0,0,0,1,0,588,21,413,3654,0,0,0,0,0,0,0,0,400,-381,0,0,40
2431.96,0,0,0,0,99,3876,1.53608,0.00373298,1.53892,39,0,29,23,28,0,-2,0,0,1,56,3648,3930,383,136,35,711,34059,33155,108,2,65,98,1.39718e+06,0,0,0,0,1,0,588,21,413,3639,0,0,0,0,0,0,0,0,400,-393,0,0,40
2431.97,0,0,0,0,99,3878,1.53645,0.00373957,1.53893,39,0,29,23,28,0,-2,0,0,1,56,3648,3930,382,136,35,711,34059,33155,108,2,65,98,1.39354e+06,0,0,0,0,1,0,0,698,414,3639,0,0,0,0,0,0,0,0,400,-393,0,0,40
2431.98,0,0,0,0,99,3880,1.53681,0.00374617,1.53895,39,0,29,23,28,0,-2,0,0,1,56,3648,3930,387,136,35,711,34059,33155,108,2,65,98,1.41178e+06,0,0,0,0,1,634,0,0,416,3660,0,0,0,0,0,0,0,0,400,-388,0,0,40
2431.99,0,0,0,0,99,3886,1.53718,0.00375276,1.53897,39,0,29,23,28,0,-2,0,0,1,56,3648,3930,387,136,35,711,34059,33155,108,2,65,98,1.41178e+06,0,0,0,0,1,290,450,0,415,3647,0,0,0,0,0,0,0,0,400,-436,0,0,40
2432,0,0,0,0,100,3891,1.53754,0.00375935,1.53899,39,0,29,23,28,0,-2,0,0,1,56,3656,3930,406,136,35,711,34052,33267,108,2,68,98,1.48434e+06,0,0,0,0,1,0,647,0,421,3669,0,0,0,0,0,0,0,0,400,-403,0,0,40
2432.01,0,0,0,0,100,3894,1.53775,0.00377336,1.53891,39,0,29,23,28,0,-2,0,0,1,56,3656,3930,395,136,35,711,34052,33267,108,2,68,98,1.44412e+06,0,0,0,0,1,0,0,585,412,3647,0,0,0,0,0,0,0,0,400,-388,0,0,40
2432.02,0,0,0,0,100,3894,1.53795,0.00378736,1.53883,39,0,29,23,28,0,-2,0,0,1,56,3647,3930,398,136,35,711,34052,33267,108,2,68,98,1.45151e+06,0,0,0,0,1,0,0,585,412,3690,0,0,0,0,0,0,0,0,400,-402,0,0,40
2432.03,0,0,0,0,99,3899,1.53815,0.00380136,1.53876,39,0,29,23,28,0,-2,0,0,1,56,3647,3930,398,136,35,711,34052,33267,108,2,68,98,1.45151e+06,0,0,0,0,1,304,0,361,418,3690,0,0,0,0,0,0,0,0,400,-402,0,0,40
2432.04,0,0,0,0,99,3900,1.53835,0.00381537,1.53868,39,0,29,23,28,0,-2,0,0,1,56,3654,3930,388,136,35,711,34052,33267,108,2,68,98,1.41775e+06,0,0,0,0,1,767,0,0,429,3651,0,0,0,0,0,0,0,0,400,-450,0,0,40
2432.05,0,0,0,0,99,3896,1.53855,0.00382937,1.5386,39,0,29,23,28,0,-2,0,0,1,56,3654,3930,394,136,35,711,34052,33267,108,2,68,98,1.43968e+06,0,0,0,0,1,206,479,0,429,3665,0,0,0,0,0,0,0,0,400,-411,0,0,40
2432.06,0,0,0,0,99,3898,1.53876,0.00384338,1.53853,39,0,29,23,28,0,-2,0,0,1,56,3654,3932,394,136,35,711,34052,33267,108,2,68,98,1.43968e+06,0,0,0,0,1,0,555,46,415,3656,0,0,0,0,0,0,0,0,400,-378,0,0,40
2432.07,0,0,0,0,99,3906,1.53896,0.00385738,1.53845,39,0,29,23,28,0,-2,0,0,1,56,3654,3932,394,136,35,711,34052,33267,108,2,68,98,1.43968e+06,0,0,0,0,1,0,0,587,397,3645,0,0,0,0,0,0,0,0,400,-352,0,0,40
2432.08,0,0,0,0,99,3906,1.53916,0.00387139,1.53837,39,0,29,23,28,0,-2,0,0,1,56,3654,3932,391,136,35,711,34052,33267,108,2,68,98,1.42871e+06,0,0,0,0,1,0,0,587,397,3697,0,0,0,0,0,0,0,0,400,-356,0,0,40
2432.09,0,0,0,0,99,3912,1.53936,0.00388539,1.5383,39,0,29,23,28,0,-2,0,0,1,56,3654,3932,402,136,35,711,34052,33267,108,2,68,98,1.46891e+06,0,0,0,0,1,152,0,448,413,3697,0,0,0,0,0,0,0,0,400,-356,0,0,40
2432.1,0,0,0,0,99,3916,1.53956,0.00389939,1.53822,39,0,29,23,28,0,-2,0,0,1,56,3648,3932,394,136,35,711,34026,33236,108,2,68,98,1.43731e+06,0,0,0,0,1,622,0,0,420,3656,0,0,0,0,0,0,0,0,400,-384,0,0,40
2432.11,0,0,0,0,99,3916,1.53956,0.00389992,1.53817,39,0,29,23,28,0,-2,0,0,0.9,56,3648,3932,394,136,35,711,34026,33236,108,2,68,98,1.43731e+06,0,0,0,0,1,517,106,0,435,3656,0,0,0,0,0,0,0,0,400,-390,0,0,40
2432.12,0,0,0,0,99,3914,1.53956,0.00390045,1.53812,39,0,29,23,28,0,-2,0,0,0.8,56,3649,3932,404,136,35,711,34026,33236,108,2,68,98,1.4742e+06,0,0,0,0,1,0,615,0,427,3684,0,0,0,0,0,0,0,0,400,-390,0,0,40
2432.13,0,0,0,0,99,3914,1.53956,0.00390098,1.53807,39,0,29,23,28,0,-2,0,0,0.7,56,3649,3932,397,136,35,711,34026,33236,108,2,68,98,1.44865e+06,0,0,0,0,1,0,418,216,421,3647,0,0,0,0,0,0,0,0,400,-391,0,0,40
2432.14,0,0,0,0,99,3914,1.53956,0.00390151,1.53802,39,0,29,23,28,0,-2,0,0,0.6,56,3649,3932,389,136,35,711,34026,33236,108,2,68,98,1.41946e+06,0,0,0,0,1,0,418,216,421,3643,0,0,0,0,0,0,0,0,400,-390,0,0,40
2432.15,0,0,0,0,99,3919,1.53956,0.00390205,1.53798,39,0,29,23,28,0,-2,0,0,0.5,56,3649,3932,389,136,35,711,34026,33236,108,2,68,98,1.41946e+06,0,0,0,0,1,0,0,599,410,3643,0,0,0,0,0,0,0,0,400,-390,0,0,40
2432.16,0,0,0,0,99,3927,1.53956,0.00390258,1.53793,39,0,29,23,28,0,-2,0,0,0.4,56,3649,3932,402,136,35,711,34026,33236,108,2,68,98,1.4669e+06,0,0,0,0,1,65,0,533,411,3666,0,0,0,0,0,0,0,0,400,-384,0,0,40
2432.17,0,0,0,0,99,3928,1.53956,0.00390311,1.53788,39,0,29,23,28,0,-2,0,0,0.3,56,3649,3932,402,136,35,711,34026,33236,108,2,68,98,1.4669e+06,0,0,0,0,1,544,0,112,427,3658,0,0,0,0,0,0,0,0,400,-406,0,0,40
2432.18,0,0,0,0,99,3929,1.53956,0.00390364,1.53783,39,0,29,23,28,0,-2,0,0,0.2,56,3649,3932,415,136,35,711,34026,33236,108,2,68,98,1.51434e+06,0,0,0,0,1,683,0,0,421,3654,0,0,0,0,0,0,0,0,400,-422,0,0,40
2432.19,0,0,0,0,99,3931,1.53956,0.00390417,1.53778,39,0,29,23,28,0,-2,0,0,0.1,56,3649,3932,415,136,35,711,34026,33236,108,2,68,98,1.51434e+06,0,0,0,0,1,282,456,0,421,3660,0,0,0,0,0,0,0,0,400,-436,0,0,40
2432.2,0,0,0,0,99,3931,1.53956,0.0039047,1.53773,39,0,29,23,28,0,-2,0,0,0,56,3647,3932,398,136,35,711,33966,33145,108,2,68,98,1.45151e+06,0,0,0,0,1,282,456,0,421,3660,0,0,0,0,0,0,0,0,400,-375,0,0,40
2432.21,0,0,0,0,99,3931,1.53941,0.00388316,1.53828,39,0,29,23,28,0,-2,0,0,0.1,56,3644,3932,387,136,35,711,33966,33145,108,2,68,98,1.41023e+06,0,0,0,0,1,0,571,0,419,3680,0,0,0,0,0,0,0,0,400,-375,0,0,40
2432.22,0,0,0,0,99,3930,1.53927,0.00386162,1.53882,39,0,29,23,28,0,-2,0,0,0.2,56,3644,3932,391,136,35,711,33966,33145,108,2,68,98,1.4248e+06,0,0,0,0,1,0,416,275,421,3632,0,0,0,0,0,0,0,0,400,-389,0,0,40
2432.23,0,0,0,0,99,3932,1.53912,0.00384008,1.53937,39,0,29,23,28,0,-2,0,0,0.3,56,3644,3932,391,136,35,711,33966,33145,108,2,68,98,1.4248e+06,0,0,0,0,1,0,0,583,415,3649,0,0,0,0,0,0,0,0,400,-373,0,0,40
2432.24,0,0,0,0,99,3936,1.53898,0.00381855,1.53992,39,0,29,23,28,0,-2,0,0,0.4,56,3653,3934,412,136,35,711,33966,33145,108,2,68,98,1.50504e+06,0,0,0,0,1,0,0,642,422,3647,0,0,0,0,0,0,0,0,400,-388,0,0,40
2432.25,0,0,0,0,99,3940,1.53883,0.00379701,1.54047,39,0,29,23,28,0,-2,0,0,0.5,56,3653,3934,409,136,35,711,33966,33145,108,2,68,98,1.49408e+06,0,0,0,0,1,501,0,222,422,3688,0,0,0,0,0,0,0,0,400,-423,0,0,40
2432.26,0,0,0,0,99,3940,1.53869,0.00377547,1.54101,39,0,29,23,28,0,-2,0,0,0.6,56,3653,3934,409,136,35,711,33966,33145,108,2,68,98,1.49408e+06,0,0,0,0,1,501,0,222,422,3654,0,0,0,0,0,0,0,0,400,-395,0,0,40
2432.27,0,0,0,0,99,3946,1.53854,0.00375394,1.54156,39,0,29,23,28,0,-2,0,0,0.7,56,3653,3934,409,136,35,711,33966,33145,108,2,68,98,1.49408e+06,0,0,0,0,1,657,0,0,427,3654,0,0,0,0,0,0,0,0,400,-395,0,0,40
2432.28,0,0,0,0,99,3946,1.5384,0.0037324,1.54211,39,0,29,23,28,0,-2,0,0,0.8,56,3644,3934,405,136,35,711,33966,33145,108,2,68,98,1.47582e+06,0,0,0,0,1,683,0,0,438,3651,0,0,0,0,0,0,0,0,400,-419,0,0,40
2432.29,0,0,0,0,99,3941,1.53825,0.00371086,1.54265,39,0,29,23,28,0,-2,0,0,0.9,56,3647,3934,401,136,35,711,33966,33145,108,2,68,98,1.46245e+06,0,0,0,0,1,339,457,0,441,3651,0,0,0,0,0,0,0,0,400,-468,0,0,40
2432.3,0,0,0,0,100,3940,1.53811,0.00368932,1.5432,39,0,29,23,28,0,-2,0,0,1,56,3647,3934,401,136,35,711,33963,33131,108,2,87,98,1.46245e+06,0,0,0,0,1,0,610,0,421,3682,0,0,0,0,0,0,0,0,400,-367,0,0,40
2432.31,0,0,0,0,99,3946,1.5382,0.00371691,1.54306,39,0,29,23,28,0,-2,0,0,1,56,3647,3934,401,136,35,711,33963,33131,108,2,87,98,1.46245e+06,0,0,0,0,1,0,547,0,407,3663,0,0,0,0,0,0,0,0,400,-368,0,0,40
2432.32,0,0,0,0,99,3946,1.53828,0.0037445,1.54291,39,0,29,23,28,0,-2,0,0,1,56,3646,3934,403,136,35,711,33963,33131,108,2,87,98,1.46934e+06,0,0,0,0,1,0,547,0,407,3641,0,0,0,0,0,0,0,0,400,-375,0,0,40
2432.33,0,0,0,0,99,3954,1.53837,0.00377209,1.54276,39,0,29,23,28,0,-2,0,0,1,56,3646,3934,406,136,35,711,33963,33131,108,2,87,98,1.48028e+06,0,0,0,0,1,0,278,421,417,3641,0,0,0,0,0,0,0,0,400,-375,0,0,40
2432.34,0,0,0,0,99,3958,1.53846,0.00379968,1.54262,39,0,29,23,28,0,-2,0,0,1,56,3650,3934,405,136,35,711,33963,33131,108,2,87,98,1.47825e+06,0,0,0,0,1,0,81,534,424,3641,0,0,0,0,0,0,0,0,400,-437,0,0,40
2432.35,0,0,0,0,99,3957,1.53854,0.00382727,1.54247,39,0,29,23,28,0,-2,0,0,1,56,3650,3934,405,136,35,711,33963,33131,108,2,87,98,1.47825e+06,0,0,0,0,1,0,0,724,440,3619,0,0,0,0,0,0,0,0,400,-400,0,0,40
2432.36,0,0,0,0,99,3953,1.53863,0.00385486,1.54233,39,0,29,23,28,0,-2,0,0,1,56,3646,3934,413,136,35,711,33963,33131,108,2,87,98,1.5058e+06,0,0,0,0,1,41,0,550,432,3656,0,0,0,0,0,0,0,0,400,-426,0,0,40
2432.37,0,0,0,0,100,3952,1.53872,0.00388245,1.54218,39,0,29,23,28,0,-2,0,0,1,56,3646,3934,408,136,35,711,33963,33131,108,2,87,98,1.48757e+06,0,0,0,0,1,466,0,238,426,3692,0,0,0,0,0,0,0,0,400,-392,0,0,40
2432.38,0,0,0,0,99,3952,1.5388,0.00391004,1.54203,39,0,29,23,28,0,-2,0,0,1,56,3646,3934,397,136,35,711,33963,33131,108,2,87,98,1.44746e+06,0,0,0,0,1,466,0,238,426,3666,0,0,0,0,0,0,0,0,400,-401,0,0,40
2432.39,0,0,0,0,99,3957,1.53889,0.00393763,1.54189,39,0,29,23,28,0,-2,0,0,1,56,3646,3934,397,136,35,711,33963,33131,108,2,87,98,1.44746e+06,0,0,0,0,1,460,0,175,413,3666,0,0,0,0,0,0,0,0,400,-401,0,0,40
2432.4,0,0,0,0,99,3965,1.53898,0.00396522,1.54174,39,0,29,23,29,0,-2,0,0,1,56,3648,3934,408,136,35,711,33990,33162,108,2,87,98,1.48838e+06,0,0,0,0,1,626,0,0,415,3656,0,0,0,0,0,0,0,0,400,-381,0,0,40
2432.41,0,0,0,0,99,3966,1.53873,0.00396415,1.54167,39,0,29,23,29,0,-2,0,0,1,56,3648,3934,413,136,35,711,33990,33162,108,2,87,98,1.50662e+06,0,0,0,0,1,720,0,0,433,3651,0,0,0,0,0,0,0,0,400,-429,0,0,40
2432.42,0,0,0,0,99,3968,1.53849,0.00396309,1.5416,39,0,29,23,29,0,-2,0,0,1,56,3649,3934,423,136,35,711,33990,33162,108,2,87,98,1.54353e+06,0,0,0,0,1,558,30,0,423,3647,0,0,0,0,0,0,0,0,400,-388,0,0,40
2432.43,0,0,0,0,99,3970,1.53825,0.00396202,1.54153,39,0,29,23,29,0,-2,0,0,1,56,3649,3934,423,136,35,711,33990,33162,108,2,87,98,1.54353e+06,0,0,0,0,1,376,339,0,424,3651,0,0,0,0,0,0,0,0,400,-418,0,0,40
2432.44,0,0,0,0,99,3970,1.53801,0.00396096,1.54146,39,0,29,23,29,0,-2,0,0,1,56,3638,3934,415,136,35,711,33990,33162,108,2,87,98,1.50977e+06,0,0,0,0,1,376,339,0,424,3665,0,0,0,0,0,0,0,0,400,-409,0,0,40
2432.45,0,0,0,0,99,3970,1.53777,0.0039599,1.54139,39,0,29,23,29,0,-2,0,0,1,56,3638,3934,402,136,35,711,33990,33162,108,2,87,98,1.46248e+06,0,0,0,0,1,224,463,0,424,3665,0,0,0,0,0,0,0,0,400,-409,0,0,40
2432.46,0,0,0,0,99,3969,1.53753,0.00395883,1.54132,39,0,29,23,29,0,-2,0,0,1,56,3638,3934,399,136,35,711,33990,33162,108,2,87,98,1.45156e+06,0,0,0,0,1,210,491,0,428,3658,0,0,0,0,0,0,0,0,400,-419,0,0,40
2432.47,0,0,0,0,99,3971,1.53728,0.00395777,1.54125,39,0,29,23,29,0,-2,0,0,1,56,3638,3934,399,136,35,711,33990,33162,108,2,87,98,1.45156e+06,0,0,0,0,1,0,684,0,419,3690,0,0,0,0,0,0,0,0,400,-400,0,0,40
2432.48,0,0,0,0,99,3976,1.53704,0.0039567,1.54118,39,0,29,23,29,0,-2,0,0,1,56,3648,3934,419,136,35,711,33990,33162,108,2,87,98,1.52851e+06,0,0,0,0,1,0,653,0,424,3680,0,0,0,0,0,0,0,0,400,-402,0,0,40
2432.49,0,0,0,0,99,3981,1.5368,0.00395564,1.5411,39,0,29,23,29,0,-2,0,0,1,56,3648,3934,414,136,35,711,33990,33162,108,2,87,98,1.51027e+06,0,0,0,0,1,0,538,42,417,3647,0,0,0,0,0,0,0,0,400,-371,0,0,40
2432.5,0,0,0,0,99,3981,1.53656,0.00395458,1.54103,39,0,29,23,28,0,-2,0,0,1,56,3646,3934,416,136,35,711,33972,33151,108,2,61,98,1.51674e+06,0,0,0,0,1,0,538,42,417,3630,0,0,0,0,0,0,0,0,400,-389,0,0,40
2432.51,0,0,0,0,99,3986,1.53706,0.00396937,1.54122,39,0,29,23,28,0,-2,0,0,1,56,3646,3934,416,136,35,711,33972,33151,108,2,61,98,1.51674e+06,0,0,0,0,1,0,498,159,427,3630,0,0,0,0,0,0,0,0,400,-389,0,0,40
2432.52,0,0,0,0,99,3986,1.53757,0.00398417,1.54141,39,0,29,23,28,0,-2,0,0,1,56,3643,3934,416,136,35,711,33972,33151,108,2,61,98,1.51549e+06,0,0,0,0,1,0,403,333,439,3632,0,0,0,0,0,0,0,0,400,-414,0,0,40
2432.53,0,0,0,0,99,3982,1.53807,0.00399897,1.5416,39,0,29,23,28,0,-2,0,0,1,56,3643,3934,410,136,35,711,33972,33151,108,2,61,98,1.49363e+06,0,0,0,0,1,0,281,472,443,3630,0,0,0,0,0,0,0,0,400,-432,0,0,40
2432.54,0,0,0,0,99,3982,1.53857,0.00401377,1.54178,39,0,29,23,28,0,-2,0,0,1,56,3643,3934,415,136,35,711,33972,33151,108,2,61,98,1.51184e+06,0,0,0,0,1,0,249,476,423,3632,0,0,0,0,0,0,0,0,400,-401,0,0,40
2432.55,0,0,0,0,99,3990,1.53908,0.00402857,1.54197,39,0,29,23,28,0,-2,0,0,1,56,3643,3934,415,136,35,711,33972,33151,108,2,61,98,1.51184e+06,0,0,0,0,1,0,149,503,411,3643,0,0,0,0,0,0,0,0,400,-391,0,0,40
2432.56,0,0,0,0,99,3990,1.53958,0.00404336,1.54216,39,0,29,23,28,0,-2,0,0,1,56,3643,3934,404,136,35,711,33972,33151,108,2,61,98,1.47177e+06,0,0,0,0,1,0,149,503,411,3641,0,0,0,0,0,0,0,0,400,-386,0,0,40
2432.57,0,0,0,0,99,3998,1.54009,0.00405816,1.54235,39,0,29,23,28,0,-2,0,0,1,56,3647,3934,400,136,35,711,33972,33151,108,2,61,98,1.4588e+06,0,0,0,0,1,0,161,503,420,3641,0,0,0,0,0,0,0,0,400,-386,0,0,40
2432.58,0,0,0,0,99,4001,1.54059,0.00407296,1.54253,39,0,29,23,28,0,-2,0,0,1,56,3647,3934,419,136,35,711,33972,33151,108,2,61,98,1.52809e+06,0,0,0,0,1,0,199,507,431,3630,0,0,0,0,0,0,0,0,400,-398,0,0,40
2432.59,0,0,0,0,99,4000,1.54109,0.00408776,1.54272,39,0,29,23,28,0,-2,0,0,1,56,3647,3934,419,136,35,711,33972,33151,108,2,61,98,1.52809e+06,0,0,0,0,1,0,186,505,438,3639,0,0,0,0,0,0,0,0,400,-413,0,0,40
2432.6,0,0,0,0,99,3999,1.5416,0.00410255,1.54291,39,0,29,23,28,0,-2,0,0,1,56,3645,3934,434,136,35,711,33968,33058,108,2,87,98,1.58193e+06,0,0,0,0,1,0,213,498,432,3634,0,0,0,0,0,0,0,0,400,-402,0,0,40
2432.61,0,0,0,0,100,4001,1.54143,0.00409616,1.54242,39,0,29,23,28,0,-2,0,0,1,56,3645,3934,415,136,35,711,33968,33058,108,2,87,98,1.51268e+06,0,0,0,0,1,0,170,503,423,3645,0,0,0,0,0,0,0,0,400,-401,0,0,40
2432.62,0,0,0,0,99,4001,1.54126,0.00408976,1.54194,39,0,29,23,28,0,-2,0,0,1,56,3638,3934,404,136,35,711,33968,33058,108,2,87,98,1.46975e+06,0,0,0,0,1,0,170,503,423,3643,0,0,0,0,0,0,0,0,400,-394,0,0,40
2432.63,0,0,0,0,99,4006,1.54109,0.00408336,1.54146,39,0,29,23,28,0,-2,0,0,1,56,3638,3934,404,136,35,711,33968,33058,108,2,87,98,1.46975e+06,0,0,0,0,1,0,229,448,414,3643,0,0,0,0,0,0,0,0,400,-394,0,0,40
2432.64,0,0,0,0,99,4013,1.54092,0.00407696,1.54098,39,0,29,23,28,0,-2,0,0,1,56,3647,3934,406,136,35,711,33968,33058,108,2,87,98,1.48068e+06,0,0,0,0,1,0,246,517,425,3632,0,0,0,0,0,0,0,0,400,-426,0,0,40
2432.65,0,0,0,0,99,4015,1.54075,0.00407056,1.54049,39,0,29,23,28,0,-2,0,0,1,56,3647,3934,410,136,35,711,33968,33058,108,2,87,98,1.49527e+06,0,0,0,0,1,0,350,363,432,3628,0,0,0,0,0,0,0,0,400,-411,0,0,40
2432.66,0,0,0,0,99,4019,1.54058,0.00406416,1.54001,39,0,29,23,28,0,-2,0,0,1,56,3645,3934,420,136,35,711,33968,33058,108,2,87,98,1.5309e+06,0,0,0,0,1,0,473,165,430,3639,0,0,0,0,0,0,0,0,400,-392,0,0,40
2432.67,0,0,0,0,99,4021,1.54041,0.00405776,1.53953,39,0,29,23,28,0,-2,0,0,1,56,3645,3934,420,136,35,711,33968,33058,108,2,87,98,1.5309e+06,0,0,0,0,1,0,612,0,431,3656,0,0,0,0,0,0,0,0,400,-385,0,0,40
2432.68,0,0,0,0,99,4021,1.54024,0.00405137,1.53904,39,0,29,23,28,0,-2,0,0,1,56,3637,3934,413,136,35,711,33968,33058,108,2,87,98,1.50208e+06,0,0,0,0,1,0,612,0,431,3690,0,0,0,0,0,0,0,0,400,-422,0,0,40
2432.69,0,0,0,0,99,4021,1.54008,0.00404497,1.53856,39,0,29,23,28,0,-2,0,0,1,56,3637,3934,408,136,35,711,33968,33058,108,2,87,98,1.4839e+06,0,0,0,0,1,0,709,0,434,3690,0,0,0,0,0,0,0,0,400,-422,0,0,40
2432.7,0,0,0,0,99,4020,1.53991,0.00403857,1.53808,39,0,29,23,28,0,-2,0,0,1,56,3637,3934,406,136,35,711,33903,33058,107,2,68,98,1.47662e+06,0,0,0,0,1,0,659,0,429,3692,0,0,0,0,0,0,0,0,400,-386,0,0,40
2432.71,0,0,0,0,99,4025,1.53977,0.00401798,1.53851,39,0,29,23,28,0,-2,0,0,1,56,3637,3934,406,136,35,711,33903,33058,107,2,68,98,1.47662e+06,0,0,0,0,1,222,465,0,425,3665,0,0,0,0,0,0,0,0,400,-408,0,0,40
2432.72,0,0,0,0,99,4032,1.53964,0.0039974,1.53894,39,0,29,23,28,0,-2,0,0,1,56,3644,3934,417,136,35,711,33903,33058,107,2,68,98,1.51955e+06,0,0,0,0,1,228,451,0,421,3660,0,0,0,0,0,0,0,0,400,-404,0,0,40
2432.73,0,0,0,0,99,4039,1.53951,0.00397681,1.53937,39,0,29,23,28,0,-2,0,0,1,56,3644,3934,419,136,35,711,33903,33058,107,2,68,98,1.52684e+06,0,0,0,0,1,425,223,0,423,3651,0,0,0,0,0,0,0,0,400,-385,0,0,40
2432.74,0,0,0,0,99,4039,1.53937,0.00395623,1.5398,39,0,29,23,28,0,-2,0,0,1,56,3644,3934,420,136,35,711,33903,33058,107,2,68,98,1.53048e+06,0,0,0,0,1,425,223,0,423,3634,0,0,0,0,0,0,0,0,400,-432,0,0,40
2432.75,0,0,0,0,99,4042,1.53924,0.00393564,1.54023,39,0,29,23,28,0,-2,0,0,1,56,3644,3934,420,136,35,711,33903,33058,107,2,68,98,1.53048e+06,0,0,0,0,1,706,0,0,442,3634,0,0,0,0,0,0,0,0,400,-432,0,0,40
2432.76,0,0,0,0,99,4039,1.53911,0.00391506,1.54066,39,0,29,23,28,0,-2,0,0,1,56,3640,3934,423,136,35,711,33903,33058,107,2,68,98,1.53972e+06,0,0,0,0,1,645,0,0,450,3645,0,0,0,0,0,0,0,0,400,-397,0,0,40
2432.77,0,0,0,0,99,4036,1.53898,0.00389447,1.54108,39,0,29,23,28,0,-2,0,0,1,56,3641,3934,419,136,35,711,33903,33058,107,2,68,98,1.52558e+06,0,0,0,0,1,511,0,177,438,3658,0,0,0,0,0,0,0,0,400,-409,0,0,40
2432.78,0,0,0,0,99,4041,1.53884,0.00387389,1.54151,39,0,29,23,28,0,-2,0,0,1,56,3641,3934,418,136,35,711,33903,33058,107,2,68,98,1.52194e+06,0,0,0,0,1,317,0,349,421,3690,0,0,0,0,0,0,0,0,400,-393,0,0,40
2432.79,0,0,0,0,99,4052,1.53871,0.0038533,1.54194,39,0,29,23,28,0,-2,0,0,1,56,3641,3934,418,136,35,711,33903,33058,107,2,68,98,1.52194e+06,0,0,0,0,1,0,0,634,414,3641,0,0,0,0,0,0,0,0,400,-383,0,0,40
2432.8,0,0,0,0,99,4052,1.53858,0.00383272,1.54237,39,0,29,23,29,0,-2,0,0,1,56,3638,3934,413,136,35,711,33892,33021,107,2,68,98,1.50249e+06,0,0,0,0,1,0,0,634,414,3639,0,0,0,0,0,0,0,0,400,-397,0,0,40
2432.81,0,0,0,0,99,4056,1.53861,0.00384382,1.54241,39,0,29,23,29,0,-2,0,0,1,56,3642,3934,408,136,35,711,33892,33021,107,2,68,98,1.48594e+06,0,0,0,0,1,0,0,569,440,3639,0,0,0,0,0,0,0,0,400,-397,0,0,40
2432.82,0,0,0,0,99,4059,1.53864,0.00385492,1.54245,39,0,29,23,29,0,-2,0,0,1,56,3642,3934,422,136,35,711,33892,33021,107,2,68,98,1.53692e+06,0,0,0,0,1,0,385,322,442,3628,0,0,0,0,0,0,0,0,400,-424,0,0,40
2432.83,0,0,0,0,99,4057,1.53868,0.00386601,1.54249,39,0,29,23,29,0,-2,0,0,1,56,3642,3934,422,136,35,711,33892,33021,107,2,68,98,1.53692e+06,0,0,0,0,1,0,711,0,445,3684,0,0,0,0,0,0,0,0,400,-426,0,0,40
2432.84,0,0,0,0,100,4057,1.53871,0.00387711,1.54253,39,0,29,23,29,0,-2,0,0,1,56,3644,3934,430,136,35,711,33892,33021,107,2,68,98,1.56692e+06,0,0,0,0,1,56,526,0,437,3666,0,0,0,0,0,0,0,0,400,-421,0,0,40
2432.85,0,0,0,0,99,4059,1.53874,0.00388821,1.54257,39,0,29,23,29,0,-2,0,0,1,56,3644,3934,418,136,35,711,33892,33021,107,2,68,98,1.52319e+06,0,0,0,0,1,429,240,0,427,3647,0,0,0,0,0,0,0,0,400,-393,0,0,40
2432.86,0,0,0,0,99,4059,1.53877,0.00389931,1.54261,39,0,29,23,29,0,-2,0,0,1,56,3637,3934,403,136,35,711,33892,33021,107,2,68,98,1.46571e+06,0,0,0,0,1,429,240,0,427,3649,0,0,0,0,0,0,0,0,400,-377,0,0,40
2432.87,0,0,0,0,99,4064,1.53881,0.00391041,1.54265,39,0,29,23,29,0,-2,0,0,1,56,3637,3934,403,136,35,711,33892,33021,107,2,68,98,1.46571e+06,0,0,0,0,1,708,0,0,430,3649,0,0,0,0,0,0,0,0,400,-377,0,0,40
2432.88,0,0,0,0,99,4068,1.53884,0.00392151,1.54269,39,0,29,23,29,0,-2,0,0,1,56,3637,3934,420,136,35,711,33892,33021,107,2,68,98,1.52754e+06,0,0,0,0,1,478,0,247,443,3665,0,0,0,0,0,0,0,0,400,-405,0,0,40
2432.89,0,0,0,0,99,4072,1.53887,0.00393261,1.54273,39,0,29,23,29,0,-2,0,0,1,56,3646,3934,418,136,35,711,33892,33021,107,2,68,98,1.52403e+06,0,0,0,0,1,0,0,692,430,3613,0,0,0,0,0,0,0,0,400,-391,0,0,40
2432.9,0,0,0,0,99,4077,1.53891,0.00394371,1.54278,39,0,29,23,28,0,-2,0,0,1,56,3646,3934,435,136,35,711,33979,33134,108,2,87,98,1.58601e+06,0,0,0,0,1,0,249,495,441,3628,0,0,0,0,0,0,0,0,400,-421,0,0,40
2432.91,0,0,0,0,99,4077,1.53883,0.0039307,1.54251,39,0,29,23,28,0,-2,0,0,1,56,3646,3934,435,136,35,711,33979,33134,108,2,87,98,1.58601e+06,0,0,0,0,1,0,692,0,440,3686,0,0,0,0,0,0,0,0,400,-411,0,0,40
2432.92,0,0,0,0,99,4077,1.53875,0.00391769,1.54224,39,0,29,23,28,0,-2,0,0,1,56,3640,3934,419,136,35,711,33979,33134,108,2,87,98,1.52516e+06,0,0,0,0,1,0,692,0,440,3651,0,0,0,0,0,0,0,0,400,-430,0,0,40
2432.93,0,0,0,0,99,4074,1.53867,0.00390468,1.54197,39,0,29,23,28,0,-2,0,0,1,56,3640,3934,405,136,35,711,33979,33134,108,2,87,98,1.4742e+06,0,0,0,0,1,290,444,0,446,3651,0,0,0,0,0,0,0,0,400,-430,0,0,40
2432.94,0,0,0,0,99,4075,1.53859,0.00389167,1.5417,39,0,29,23,28,0,-2,0,0,1,56,3639,3934,404,136,35,711,33979,33134,108,2,87,98,1.47016e+06,0,0,0,0,1,665,0,0,435,3641,0,0,0,0,0,0,0,0,400,-409,0,0,40
2432.95,0,0,0,0,99,4082,1.53851,0.00387867,1.54143,39,0,29,23,28,0,-2,0,0,1,56,3639,3934,404,136,35,711,33979,33134,108,2,87,98,1.47016e+06,0,0,0,0,1,501,0,159,423,3658,0,0,0,0,0,0,0,0,400,-403,0,0,40
2432.96,0,0,0,0,99,4089,1.53843,0.00386566,1.54117,39,0,29,23,28,0,-2,0,0,1,56,3643,3934,422,136,35,711,33979,33134,108,2,87,98,1.53735e+06,0,0,0,0,1,0,0,667,428,3622,0,0,0,0,0,0,0,0,400,-408,0,0,40
2432.97,0,0,0,0,99,4095,1.53835,0.00385265,1.5409,39,0,29,23,28,0,-2,0,0,1,56,3643,3934,420,136,35,711,33979,33134,108,2,87,98,1.53006e+06,0,0,0,0,1,0,262,481,439,3632,0,0,0,0,0,0,0,0,400,-419,0,0,40
2432.98,0,0,0,0,99,4095,1.53827,0.00383964,1.54063,39,0,29,23,28,0,-2,0,0,1,56,3643,3934,421,136,35,711,33979,33134,108,2,87,98,1.5337e+06,0,0,0,0,1,0,262,481,439,3686,0,0,0,0,0,0,0,0,400,-411,0,0,40
2432.99,0,0,0,0,99,4094,1.53819,0.00382663,1.54036,39,0,29,23,28,0,-2,0,0,1,56,3643,3934,421,136,35,711,33979,33134,108,2,87,98,1.5337e+06,0,0,0,0,1,0,702,0,457,3686,0,0,0,0,0,0,0,0,400,-411,0,0,40
2433,0,0,0,0,99,4090,1.53811,0.00381362,1.54009,39,0,29,23,29,0,-2,0,0,1,56,3635,3934,432,136,35,711,33888,32947,108,2,65,98,1.57032e+06,0,0,0,0,1,347,383,0,452,3630,0,0,0,0,0,0,0,0,400,-426,0,0,40
2433.01,0,0,0,0,99,4089,1.53813,0.00384283,1.54039,39,0,29,23,29,0,-2,0,0,1,56,3636,3934,419,136,35,711,33888,32947,108,2,65,98,1.52348e+06,0,0,0,0,1,651,0,0,431,3656,0,0,0,0,0,0,0,0,400,-384,0,0,40
2433.02,0,0,0,0,99,4096,1.53815,0.00387203,1.54069,39,0,29,23,29,0,-2,0,0,1,56,3636,3934,415,136,35,711,33888,32947,108,2,65,98,1.50894e+06,0,0,0,0,1,200,0,416,421,3690,0,0,0,0,0,0,0,0,400,-352,0,0,40
2433.03,0,0,0,0,99,4102,1.53816,0.00390123,1.54099,39,0,29,23,29,0,-2,0,0,1,56,3636,3934,415,136,35,711,33888,32947,108,2,65,98,1.50894e+06,0,0,0,0,1,0,90,544,435,3634,0,0,0,0,0,0,0,0,400,-380,0,0,40
2433.04,0,0,0,0,99,4102,1.53818,0.00393044,1.54129,39,0,29,23,29,0,-2,0,0,1,56,3637,3934,413,136,35,711,33888,32947,108,2,65,98,1.50208e+06,0,0,0,0,1,0,90,544,435,3682,0,0,0,0,0,0,0,0,400,-421,0,0,40
2433.05,0,0,0,0,99,4105,1.5382,0.00395964,1.54159,39,0,29,23,29,0,-2,0,0,1,56,3637,3934,417,136,35,711,33888,32947,108,2,65,98,1.51663e+06,0,0,0,0,1,0,696,0,442,3682,0,0,0,0,0,0,0,0,400,-421,0,0,40
2433.06,0,0,0,0,99,4106,1.53822,0.00398884,1.54188,39,0,29,23,29,0,-2,0,0,1,56,3640,3934,431,136,35,711,33888,32947,108,2,65,98,1.56884e+06,0,0,0,0,1,369,368,0,449,3641,0,0,0,0,0,0,0,0,400,-430,0,0,40
2433.07,0,0,0,0,99,4107,1.53824,0.00401805,1.54218,39,0,29,23,29,0,-2,0,0,1,56,3640,3934,431,136,35,711,33888,32947,108,2,65,98,1.56884e+06,0,0,0,0,1,597,0,0,440,3649,0,0,0,0,0,0,0,0,400,-385,0,0,40
2433.08,0,0,0,0,99,4106,1.53825,0.00404725,1.54248,39,0,29,23,29,0,-2,0,0,1,56,3640,3934,430,136,35,711,33888,32947,108,2,65,98,1.5652e+06,0,0,0,0,1,0,0,632,441,3630,0,0,0,0,0,0,0,0,400,-393,0,0,40
2433.09,0,0,0,0,99,4108,1.53827,0.00407645,1.54278,39,0,29,23,29,0,-2,0,0,1,56,3634,3934,410,136,35,711,33888,32947,108,2,65,98,1.48994e+06,0,0,0,0,1,0,233,493,436,3622,0,0,0,0,0,0,0,0,400,-434,0,0,40
2433.1,0,0,0,0,100,4108,1.53829,0.00410566,1.54308,39,0,29,23,28,0,-2,0,0,1,56,3634,3934,412,136,35,711,33852,32971,108,2,68,98,1.49721e+06,0,0,0,0,1,0,233,493,436,3669,0,0,0,0,0,0,0,0,400,-394,0,0,40
2433.11,0,0,0,0,99,4113,1.53845,0.00409139,1.54313,39,0,29,23,28,0,-2,0,0,1,56,3634,3934,412,136,35,711,33852,32971,108,2,68,98,1.49721e+06,0,0,0,0,1,0,633,0,443,3669,0,0,0,0,0,0,0,0,400,-394,0,0,40
2433.12,0,0,0,0,99,4115,1.53861,0.00407713,1.54318,39,0,29,23,28,0,-2,0,0,1,56,3640,3934,433,136,35,711,33852,32971,108,2,68,98,1.57612e+06,0,0,0,0,1,662,0,0,443,3649,0,0,0,0,0,0,0,0,400,-406,0,0,40
2433.13,0,0,0,0,99,4121,1.53878,0.00406287,1.54323,39,0,29,23,28,0,-2,0,0,1,56,3640,3934,434,136,35,711,33852,32971,108,2,68,98,1.57976e+06,0,0,0,0,1,341,0,343,440,3692,0,0,0,0,0,0,0,0,400,-393,0,0,40
2433.14,0,0,0,0,99,4123,1.53894,0.00404861,1.54328,39,0,29,23,28,0,-2,0,0,1,56,3635,3934,435,136,35,711,33852,32971,108,2,68,98,1.58122e+06,0,0,0,0,1,0,147,533,443,3628,0,0,0,0,0,0,0,0,400,-397,0,0,40
2433.15,0,0,0,0,99,4120,1.5391,0.00403435,1.54333,39,0,29,23,28,0,-2,0,0,1,56,3635,3934,435,136,35,711,33852,32971,108,2,68,98,1.58122e+06,0,0,0,0,1,0,686,0,459,3675,0,0,0,0,0,0,0,0,400,-401,0,0,40
2433.16,0,0,0,0,99,4120,1.53927,0.00402009,1.54338,39,0,29,23,28,0,-2,0,0,1,56,3630,3934,421,136,35,711,33852,32971,108,2,68,98,1.52823e+06,0,0,0,0,1,0,686,0,459,3639,0,0,0,0,0,0,0,0,400,-402,0,0,40
2433.17,0,0,0,0,99,4117,1.53943,0.00400583,1.54343,39,0,29,23,28,0,-2,0,0,1,56,3630,3934,411,136,35,711,33852,32971,108,2,68,98,1.49193e+06,0,0,0,0,1,568,52,0,444,3639,0,0,0,0,0,0,0,0,400,-402,0,0,40
2433.18,0,0,0,0,99,4122,1.53959,0.00399156,1.54348,39,0,29,23,28,0,-2,0,0,1,56,3630,3934,422,136,35,711,33852,32971,108,2,68,98,1.53186e+06,0,0,0,0,1,446,0,235,427,3680,0,0,0,0,0,0,0,0,400,-419,0,0,40
2433.19,0,0,0,0,99,4129,1.53975,0.0039773,1.54353,39,0,29,23,28,0,-2,0,0,1,56,3630,3934,422,136,35,711,33852,32971,108,2,68,98,1.53186e+06,0,0,0,0,1,0,38,540,433,3634,0,0,0,0,0,0,0,0,400,-386,0,0,40
2433.2,0,0,0,0,99,4135,1.53992,0.00396304,1.54358,39,0,29,23,28,0,-2,0,0,1,56,3637,3934,423,136,35,711,33892,32977,107,2,65,98,1.53845e+06,0,0,0,0,1,0,647,0,435,3688,0,0,0,0,0,0,0,0,400,-379,0,0,40
2433.21,0,0,0,0,99,4135,1.53944,0.0039738,1.54332,39,0,29,23,28,0,-2,0,0,1,56,3634,3934,438,136,35,711,33892,32977,107,2,65,98,1.59169e+06,0,0,0,0,1,714,0,0,457,3641,0,0,0,0,0,0,0,0,400,-418,0,0,40
2433.22,0,0,0,0,99,4135,1.53896,0.00398456,1.54306,39,0,29,23,28,0,-2,0,0,1,56,3634,3934,431,136,35,711,33892,32977,107,2,65,98,1.56625e+06,0,0,0,0,1,714,0,0,457,3675,0,0,0,0,0,0,0,0,400,-382,0,0,40
2433.23,0,0,0,0,99,4131,1.53848,0.00399532,1.5428,39,0,29,23,28,0,-2,0,0,1,56,3634,3934,431,136,35,711,33892,32977,107,2,65,98,1.56625e+06,0,0,0,0,1,206,0,462,459,3675,0,0,0,0,0,0,0,0,400,-382,0,0,40
2433.24,0,0,0,0,99,4129,1.538,0.00400607,1.54253,39,0,29,23,28,0,-2,0,0,1,56,3635,3934,439,136,35,711,33892,32977,107,2,65,98,1.59576e+06,0,0,0,0,1,0,246,445,440,3625,0,0,0,0,0,0,0,0,400,-409,0,0,40
2433.25,0,0,0,0,99,4135,1.53752,0.00401683,1.54227,39,0,29,23,28,0,-2,0,0,1,56,3635,3938,427,136,35,711,33892,32977,107,2,65,98,1.55214e+06,0,0,0,0,1,7,524,0,426,3673,0,0,0,0,0,0,0,0,400,-356,0,0,40
2433.26,0,0,0,0,99,4141,1.53704,0.00402759,1.54201,39,0,29,23,28,0,-2,0,0,1,56,3635,3938,413,136,35,711,33892,32977,107,2,65,98,1.50126e+06,0,0,0,0,1,659,0,0,440,3647,0,0,0,0,0,0,0,0,400,-388,0,0,40
2433.27,0,0,0,0,99,4142,1.53656,0.00403835,1.54174,39,0,29,23,28,0,-2,0,0,1,56,3635,3938,413,136,35,711,33892,32977,107,2,65,98,1.50126e+06,0,0,0,0,1,0,0,710,446,3619,0,0,0,0,0,0,0,0,400,-414,0,0,40
2433.28,0,0,0,0,99,4142,1.53608,0.00404911,1.54148,39,0,29,23,28,0,-2,0,0,1,56,3633,3938,416,136,35,711,33892,32977,107,2,65,98,1.51133e+06,0,0,0,0,1,0,0,710,446,3645,0,0,0,0,0,0,0,0,400,-400,0,0,40
2433.29,0,0,0,0,99,4146,1.5356,0.00405987,1.54122,39,0,29,23,28,0,-2,0,0,1,56,3641,3938,436,136,35,711,33892,32977,107,2,65,98,1.58748e+06,0,0,0,0,1,0,629,0,451,3645,0,0,0,0,0,0,0,0,400,-400,0,0,40
2433.3,0,0,0,0,99,4147,1.53512,0.00407062,1.54095,39,0,29,23,28,0,-2,0,0,1,56,3641,3938,450,136,35,711,33923,33060,108,2,82,98,1.63845e+06,0,0,0,0,1,531,106,0,447,3634,0,0,0,0,0,0,0,0,400,-399,0,0,40
2433.31,0,0,0,0,99,4145,1.53537,0.00406151,1.54093,39,0,29,23,28,0,-2,0,0,1,56,3641,3938,450,136,35,711,33923,33060,108,2,82,98,1.63845e+06,0,0,0,0,1,369,0,343,449,3690,0,0,0,0,0,0,0,0,400,-402,0,0,40
2433.32,0,0,0,0,99,4145,1.53563,0.0040524,1.54091,39,0,29,23,28,0,-2,0,0,1,56,3632,3938,423,136,35,711,33923,33060,108,2,82,98,1.53634e+06,0,0,0,0,1,0,251,445,446,3632,0,0,0,0,0,0,0,0,400,-421,0,0,40
2433.33,0,0,0,0,99,4148,1.53588,0.00404328,1.54089,39,0,29,23,28,0,-2,0,0,1,56,3632,3938,416,136,35,711,33923,33060,108,2,82,98,1.51091e+06,0,0,0,0,1,191,477,0,439,3660,0,0,0,0,0,0,0,0,400,-399,0,0,40
2433.34,0,0,0,0,99,4148,1.53613,0.00403417,1.54087,39,0,29,23,28,0,-2,0,0,1,56,3632,3938,417,136,35,711,33923,33060,108,2,82,98,1.51454e+06,0,0,0,0,1,191,477,0,439,3651,0,0,0,0,0,0,0,0,400,-371,0,0,40
2433.35,0,0,0,0,99,4151,1.53638,0.00402505,1.54086,39,0,29,23,28,0,-2,0,0,1,56,3632,3938,417,136,35,711,33923,33060,108,2,82,98,1.51454e+06,0,0,0,0,1,542,0,29,437,3651,0,0,0,0,0,0,0,0,400,-371,0,0,40
2433.36,0,0,0,0,99,4160,1.53663,0.00401594,1.54084,39,0,29,23,28,0,-2,0,0,1,56,3639,3938,431,136,35,711,33923,33060,108,2,82,98,1.56841e+06,0,0,0,0,1,0,0,563,431,3630,0,0,0,0,0,0,0,0,400,-421,0,0,40
2433.37,0,0,0,0,99,4163,1.53688,0.00400683,1.54082,39,0,29,23,28,0,-2,0,0,1,56,3632,3938,441,136,35,711,33923,33060,108,2,82,98,1.60171e+06,0,0,0,0,1,0,591,0,448,3658,0,0,0,0,0,0,0,0,400,-399,0,0,40
2433.38,0,0,0,0,99,4160,1.53713,0.00399771,1.5408,39,0,29,23,28,0,-2,0,0,1,56,3632,3938,438,136,35,711,33923,33060,108,2,82,98,1.59082e+06,0,0,0,0,1,642,0,0,463,3641,0,0,0,0,0,0,0,0,400,-414,0,0,40
2433.39,0,0,0,0,99,4155,1.53738,0.0039886,1.54078,39,0,29,23,28,0,-2,0,0,1,56,3632,3938,438,136,35,711,33923,33060,108,2,82,98,1.59082e+06,0,0,0,0,1,0,0,656,451,3628,0,0,0,0,0,0,0,0,400,-369,0,0,40
2433.4,0,0,0,0,99,4155,1.53763,0.00397948,1.54076,39,0,29,23,29,0,-2,0,0,1,56,3631,3938,425,136,35,711,33854,32982,107,2,68,98,1.54318e+06,0,0,0,0,1,0,0,656,451,3675,0,0,0,0,0,0,0,0,400,-355,0,0,40
2433.41,0,0,0,0,99,4160,1.53757,0.00398332,1.54048,39,0,29,23,29,0,-2,0,0,1,56,3631,3942,429,136,35,711,33854,32982,107,2,68,98,1.5577e+06,0,0,0,0,1,0,533,0,428,3675,0,0,0,0,0,0,0,0,400,-355,0,0,40
2433.42,0,0,0,0,99,4167,1.53752,0.00398716,1.5402,39,0,29,23,29,0,-2,0,0,1,56,3631,3942,442,136,35,711,33854,32982,107,2,68,98,1.6049e+06,0,0,0,0,1,568,0,0,432,3643,0,0,0,0,0,0,0,0,400,-372,0,0,40
2433.43,0,0,0,0,99,4174,1.53746,0.00399099,1.53992,39,0,29,23,29,0,-2,0,0,1,56,3631,3942,442,136,35,711,33854,32982,107,2,68,98,1.6049e+06,0,0,0,0,1,0,46,531,434,3637,0,0,0,0,0,0,0,0,400,-365,0,0,40
2433.44,0,0,0,0,99,4176,1.5374,0.00399483,1.53964,39,0,29,23,29,0,-2,0,0,1,56,3632,3942,434,136,35,711,33854,32982,107,2,68,98,1.57629e+06,0,0,0,0,1,152,491,0,456,3656,0,0,0,0,0,0,0,0,400,-389,0,0,40
2433.45,0,0,0,0,99,4173,1.53735,0.00399867,1.53936,39,0,29,23,29,0,-2,0,0,1,56,3631,3942,436,136,35,711,33854,32982,107,2,68,98,1.58312e+06,0,0,0,0,1,511,0,206,462,3647,0,0,0,0,0,0,0,0,400,-419,0,0,40
2433.46,0,0,0,0,99,4173,1.53729,0.0040025,1.53908,39,0,29,23,29,0,-2,0,0,1,56,3631,3942,443,136,35,711,33854,32982,107,2,68,98,1.60853e+06,0,0,0,0,1,511,0,206,462,3647,0,0,0,0,0,0,0,0,400,-419,0,0,40
2433.47,0,0,0,0,99,4172,1.53723,0.00400634,1.5388,39,0,29,23,29,0,-2,0,0,1,56,3631,3942,443,136,35,711,33854,32982,107,2,68,98,1.60853e+06,0,0,0,0,1,0,333,402,446,3622,0,0,0,0,0,0,0,0,400,-419,0,0,40
2433.48,0,0,0,0,99,4177,1.53718,0.00401018,1.53852,39,0,29,23,29,0,-2,0,0,1,56,3633,3942,431,136,35,711,33854,32982,107,2,68,98,1.56582e+06,0,0,0,0,1,251,410,0,434,3654,0,0,0,0,0,0,0,0,400,-391,0,0,40
2433.49,0,0,0,0,99,4181,1.53712,0.00401401,1.53824,39,0,29,23,29,0,-2,0,0,1,56,3633,3943,418,136,35,711,33854,32982,107,2,68,98,1.51859e+06,0,0,0,0,1,423,0,316,448,3675,0,0,0,0,0,0,0,0,400,-430,0,0,40
2433.5,0,0,0,0,99,4184,1.53707,0.00401785,1.53796,39,0,29,23,28,0,-2,0,0,1,56,3633,3943,426,136,35,711,33853,32939,108,2,82,98,1.54766e+06,0,0,0,0,1,0,395,249,448,3625,0,0,0,0,0,0,0,0,400,-400,0,0,40
2433.51,0,0,0,0,99,4188,1.53746,0.0040287,1.53824,39,0,29,23,28,0,-2,0,0,1,56,3633,3943,426,136,35,711,33853,32939,108,2,82,98,1.54766e+06,0,0,0,0,1,589,0,0,448,3641,0,0,0,0,0,0,0,0,400,-393,0,0,40
2433.52,0,0,0,0,99,4188,1.53785,0.00403955,1.53852,39,0,29,23,28,0,-2,0,0,1,56,3636,3943,449,136,35,711,33853,32939,108,2,82,98,1.63256e+06,0,0,0,0,1,589,0,0,448,3619,0,0,0,0,0,0,0,0,400,-400,0,0,40
2433.53,0,0,0,0,99,4191,1.53824,0.0040504,1.53881,39,0,29,23,28,0,-2,0,0,1,56,3637,3943,449,136,35,711,33853,32939,108,2,82,98,1.63301e+06,0,0,0,0,1,0,0,697,448,3619,0,0,0,0,0,0,0,0,400,-400,0,0,40
2433.54,0,0,0,0,99,4191,1.53863,0.00406125,1.53909,39,0,29,23,28,0,-2,0,0,1,56,3637,3943,453,136,35,711,33853,32939,108,2,82,98,1.64756e+06,0,0,0,0,1,0,673,0,456,3684,0,0,0,0,0,0,0,0,400,-394,0,0,40
2433.55,0,0,0,0,99,4191,1.53902,0.00407209,1.53937,39,0,29,23,28,0,-2,0,0,1,56,3637,3943,453,136,35,711,33853,32939,108,2,82,98,1.64756e+06,0,0,0,0,1,581,0,0,457,3643,0,0,0,0,0,0,0,0,400,-385,0,0,40
2433.56,0,0,0,0,99,4194,1.53941,0.00408294,1.53965,39,0,29,23,28,0,-2,0,0,1,56,3625,3943,419,136,35,711,33853,32939,108,2,82,98,1.51888e+06,0,0,0,0,1,0,208,478,452,3617,0,0,0,0,0,0,0,0,400,-429,0,0,40
2433.57,0,0,0,0,99,4197,1.5398,0.00409379,1.53993,39,0,29,23,28,0,-2,0,0,1,56,3625,3945,421,136,35,711,33853,32939,108,2,82,98,1.52612e+06,0,0,0,0,1,325,369,0,446,3639,0,0,0,0,0,0,0,0,400,-405,0,0,40
2433.58,0,0,0,0,99,4197,1.54019,0.00410464,1.54022,39,0,29,23,28,0,-2,0,0,1,56,3625,3945,442,136,35,711,33853,32939,108,2,82,98,1.60225e+06,0,0,0,0,1,325,369,0,446,3625,0,0,0,0,0,0,0,0,400,-361,0,0,40
2433.59,0,0,0,0,99,4205,1.54059,0.00411549,1.5405,39,0,29,23,28,0,-2,0,0,1,56,3625,3945,442,136,35,711,33853,32939,108,2,82,98,1.60225e+06,0,0,0,0,1,0,0,577,437,3625,0,0,0,0,0,0,0,0,400,-361,0,0,40
2433.6,0,0,0,0,99,4210,1.54098,0.00412634,1.54078,39,0,29,23,29,0,-2,0,0,1,56,3635,3945,432,137,35,711,33879,33007,108,2,87,98,1.57032e+06,0,0,0,0,1,0,665,0,454,3680,0,0,0,0,0,0,0,0,400,-390,0,0,40
2433.61,0,0,0,0,99,4207,1.54036,0.00412949,1.54085,39,0,29,23,29,0,-2,0,0,1,56,3632,3945,440,137,35,711,33879,33007,108,2,87,98,1.59808e+06,0,0,0,0,1,531,0,140,471,3639,0,0,0,0,0,0,0,0,400,-420,0,0,40
2433.62,0,0,0,0,99,4205,1.53975,0.00413264,1.54092,39,0,29,23,29,0,-2,0,0,1,56,3632,3945,446,137,35,711,33879,33007,108,2,87,98,1.61987e+06,0,0,0,0,1,0,295,466,462,3617,0,0,0,0,0,0,0,0,400,-453,0,0,40
2433.63,0,0,0,0,100,4210,1.53913,0.00413579,1.54099,39,0,29,23,29,0,-2,0,0,1,56,3632,3945,446,137,35,711,33879,33007,108,2,87,98,1.61987e+06,0,0,0,0,1,554,0,0,436,3637,0,0,0,0,0,0,0,0,400,-366,0,0,40
2433.64,0,0,0,0,99,4210,1.53852,0.00413894,1.54107,39,0,29,23,29,0,-2,0,0,1,56,3630,3945,433,137,35,711,33879,33007,108,2,87,98,1.57179e+06,0,0,0,0,1,554,0,0,436,3617,0,0,0,0,0,0,0,0,400,-377,0,0,40
2433.65,0,0,0,0,99,4215,1.53791,0.00414209,1.54114,39,0,29,23,29,0,-2,0,0,1,56,3630,3945,442,137,35,711,33879,33007,108,2,87,98,1.60446e+06,0,0,0,0,1,0,0,642,443,3617,0,0,0,0,0,0,0,0,400,-377,0,0,40
2433.66,0,0,0,0,100,4222,1.53729,0.00414524,1.54121,39,0,29,23,29,0,-2,0,0,1,56,3630,3945,433,137,35,711,33879,33007,108,2,87,98,1.57179e+06,0,0,0,0,1,279,442,0,445,3649,0,0,0,0,0,0,0,0,400,-423,0,0,40
2433.67,0,0,0,0,99,4223,1.53668,0.00414839,1.54128,39,0,29,23,29,0,-2,0,0,1,56,3630,3945,433,137,35,711,33879,33007,108,2,87,98,1.57179e+06,0,0,0,0,1,3,0,572,460,3624,0,0,0,0,0,0,0,0,400,-401,0,0,40
2433.68,0,0,0,0,99,4223,1.53606,0.00415154,1.54135,39,0,29,23,29,0,-2,0,0,1,56,3637,3945,448,137,35,711,33879,33007,108,2,87,98,1.62938e+06,0,0,0,0,1,0,647,0,459,3673,0,0,0,0,0,0,0,0,400,-381,0,0,40
2433.69,0,0,0,0,99,4223,1.53545,0.00415469,1.54142,39,0,29,23,29,0,-2,0,0,1,56,3637,3945,460,137,35,711,33879,33007,108,2,87,98,1.67302e+06,0,0,0,0,1,462,0,212,455,3666,0,0,0,0,0,0,0,0,400,-411,0,0,40
2433.7,0,0,0,0,99,4223,1.53484,0.00415784,1.5415,39,0,29,23,28,0,-2,0,0,1,56,3637,3945,455,137,35,711,33899,32963,108,2,65,98,1.65484e+06,0,0,0,0,1,462,0,212,455,3643,0,0,0,0,0,0,0,0,400,-367,0,0,40
2433.71,0,0,0,0,100,4227,1.5352,0.00414472,1.54142,39,0,29,23,28,0,-2,0,0,0.9,56,3637,3945,455,137,35,711,33899,32963,108,2,65,98,1.65484e+06,0,0,0,0,1,0,553,5,442,3643,0,0,0,0,0,0,0,0,400,-367,0,0,40
2433.72,0,0,0,0,99,4230,1.53557,0.0041316,1.54135,39,0,29,23,28,0,-2,0,0,0.8,56,3626,3945,427,137,35,711,33899,32963,108,2,65,98,1.5483e+06,0,0,0,0,1,478,0,185,459,3651,0,0,0,0,0,0,0,0,400,-416,0,0,40
2433.73,0,0,0,0,99,4234,1.53593,0.00411849,1.54128,39,0,29,23,28,0,-2,0,0,0.7,56,3626,3945,432,137,35,711,33899,32963,108,2,65,98,1.56643e+06,0,0,0,0,1,0,336,372,451,3611,0,0,0,0,0,0,0,0,400,-427,0,0,40
2433.74,0,0,0,0,100,4239,1.53629,0.00410537,1.54121,39,0,29,23,28,0,-2,0,0,0.6,56,3626,3945,428,137,35,711,33899,32963,108,2,65,98,1.55193e+06,0,0,0,0,1,712,0,0,451,3639,0,0,0,0,0,0,0,0,400,-418,0,0,40
2433.75,0,0,0,0,99,4242,1.53666,0.00409226,1.54114,39,0,29,23,28,0,-2,0,0,0.5,56,3626,3945,428,137,35,711,33899,32963,108,2,65,98,1.55193e+06,0,0,0,0,1,0,246,480,456,3622,0,0,0,0,0,0,0,0,400,-410,0,0,40
2433.76,0,0,0,0,99,4242,1.53702,0.00407914,1.54107,39,0,29,23,28,0,-2,0,0,0.4,56,3636,3945,461,137,35,711,33899,32963,108,2,65,98,1.6762e+06,0,0,0,0,1,0,246,480,456,3634,0,0,0,0,0,0,0,0,400,-438,0,0,40
2433.77,0,0,0,0,99,4241,1.53739,0.00406603,1.541,39,0,29,23,28,0,-2,0,0,0.3,56,3627,3945,451,137,35,711,33899,32963,108,2,65,98,1.63578e+06,0,0,0,0,1,724,0,0,465,3634,0,0,0,0,0,0,0,0,400,-438,0,0,40
2433.78,0,0,0,0,99,4241,1.53775,0.00405291,1.54093,39,0,29,23,28,0,-2,0,0,0.2,56,3627,3945,436,137,35,711,33899,32963,108,2,65,98,1.58137e+06,0,0,0,0,1,0,199,489,462,3615,0,0,0,0,0,0,0,0,400,-431,0,0,40
2433.79,0,0,0,0,99,4244,1.53811,0.0040398,1.54086,39,0,29,23,28,0,-2,0,0,0.1,56,3627,3945,436,137,35,711,33899,32963,108,2,65,98,1.58137e+06,0,0,0,0,1,650,0,0,459,3628,0,0,0,0,0,0,0,0,400,-415,0,0,40
2433.8,0,0,0,0,99,4249,1.53848,0.00402668,1.54079,39,0,29,23,28,0,-2,0,0,0,56,3625,3945,445,137,35,711,33799,32859,108,2,65,98,1.61312e+06,0,0,0,0,1,0,147,501,438,3634,0,0,0,0,0,0,0,0,400,-372,0,0,40
2433.81,0,0,0,0,99,4257,1.53846,0.00403289,1.54075,39,0,29,23,28,0,-2,0,0,0.1,56,3625,3945,439,137,35,711,33799,32859,108,2,65,98,1.59138e+06,0,0,0,0,1,665,0,0,448,3637,0,0,0,0,0,0,0,0,400,-408,0,0,40
2433.82,0,0,0,0,99,4257,1.53844,0.0040391,1.54071,39,0,29,23,28,0,-2,0,0,0.2,56,3625,3945,437,137,35,711,33799,32859,108,2,65,98,1.58412e+06,0,0,0,0,1,665,0,0,448,3611,0,0,0,0,0,0,0,0,400,-448,0,0,40
2433.83,0,0,0,0,99,4258,1.53842,0.0040453,1.54067,39,0,29,23,28,0,-2,0,0,0.3,56,3625,3945,437,137,35,711,33799,32859,108,2,65,98,1.58412e+06,0,0,0,0,1,0,240,464,470,3611,0,0,0,0,0,0,0,0,400,-448,0,0,40
2433.84,0,0,0,0,99,4254,1.5384,0.00405151,1.54062,39,0,29,23,28,0,-2,0,0,0.4,56,3628,3945,443,137,35,711,33799,32859,108,2,65,98,1.6072e+06,0,0,0,0,1,751,0,0,473,3628,0,0,0,0,0,0,0,0,400,-447,0,0,40
2433.85,0,0,0,0,99,4255,1.53838,0.00405772,1.54058,39,0,29,23,28,0,-2,0,0,0.5,56,3628,3945,448,137,35,711,33799,32859,108,2,65,98,1.62534e+06,0,0,0,0,1,0,257,474,448,3624,0,0,0,0,0,0,0,0,400,-416,0,0,40
2433.86,0,0,0,0,99,4263,1.53836,0.00406393,1.54054,39,0,29,23,28,0,-2,0,0,0.6,56,3628,3945,448,137,35,711,33799,32859,108,2,65,98,1.62534e+06,0,0,0,0,1,685,0,0,450,3639,0,0,0,0,0,0,0,0,400,-400,0,0,40
2433.87,0,0,0,0,99,4266,1.53834,0.00407014,1.5405,39,0,29,23,28,0,-2,0,0,0.7,56,3628,3945,448,137,35,711,33799,32859,108,2,65,98,1.62534e+06,0,0,0,0,1,0,407,246,455,3619,0,0,0,0,0,0,0,0,400,-387,0,0,40
2433.88,0,0,0,0,100,4266,1.53832,0.00407635,1.54046,39,0,29,23,28,0,-2,0,0,0.8,56,3627,3945,439,137,35,711,33799,32859,108,2,65,98,1.59225e+06,0,0,0,0,1,0,407,246,455,3637,0,0,0,0,0,0,0,0,400,-423,0,0,40
2433.89,0,0,0,0,99,4269,1.5383,0.00408255,1.54042,39,0,29,23,28,0,-2,0,0,0.9,56,3627,3945,420,137,35,711,33799,32859,108,2,65,98,1.52334e+06,0,0,0,0,1,552,0,76,464,3637,0,0,0,0,0,0,0,0,400,-423,0,0,40
2433.9,0,0,0,0,99,4272,1.53828,0.00408876,1.54038,39,0,29,23,28,0,-2,0,0,1,56,3626,3945,436,137,35,711,33813,32922,108,2,68,98,1.58094e+06,0,0,0,0,1,0,682,0,463,3671,0,0,0,0,0,0,0,0,400,-381,0,0,40
2433.91,0,0,0,0,99,4273,1.53839,0.0040769,1.54044,39,0,29,23,28,0,-2,0,0,1,56,3626,3945,436,137,35,711,33813,32922,108,2,68,98,1.58094e+06,0,0,0,0,1,425,0,296,457,3637,0,0,0,0,0,0,0,0,400,-383,0,0,40
2433.92,0,0,0,0,99,4275,1.5385,0.00406503,1.54051,39,0,29,23,28,0,-2,0,0,1,56,3630,3945,468,137,35,711,33813,32922,108,2,68,98,1.69884e+06,0,0,0,0,1,220,473,0,461,3639,0,0,0,0,0,0,0,0,400,-412,0,0,40
2433.93,0,0,0,0,99,4277,1.53862,0.00405316,1.54057,39,0,29,23,28,0,-2,0,0,1,56,3630,3945,453,137,35,711,33813,32922,108,2,68,98,1.64439e+06,0,0,0,0,1,0,0,677,454,3611,0,0,0,0,0,0,0,0,400,-378,0,0,40
2433.94,0,0,0,0,99,4277,1.53873,0.00404129,1.54063,39,0,29,23,28,0,-2,0,0,1,56,3630,3945,435,137,35,711,33813,32922,108,2,68,98,1.57905e+06,0,0,0,0,1,0,0,677,454,3624,0,0,0,0,0,0,0,0,400,-398,0,0,40
2433.95,0,0,0,0,99,4277,1.53884,0.00402943,1.54069,39,0,29,23,28,0,-2,0,0,1,56,3630,3945,435,137,35,711,33813,32922,108,2,68,98,1.57905e+06,0,0,0,0,1,521,117,0,460,3624,0,0,0,0,0,0,0,0,400,-398,0,0,40
2433.96,0,0,0,0,99,4284,1.53895,0.00401756,1.54075,39,0,29,23,28,0,-2,0,0,1,56,3621,3948,441,137,35,711,33813,32922,108,2,68,98,1.59686e+06,0,0,0,0,1,0,227,472,449,3619,0,0,0,0,0,0,0,0,400,-420,0,0,40
2433.97,0,0,0,0,99,4289,1.53906,0.00400569,1.54082,39,0,29,23,28,0,-2,0,0,1,56,3633,3948,441,137,35,711,33813,32922,108,2,68,98,1.60215e+06,0,0,0,0,1,522,0,147,454,3643,0,0,0,0,0,0,0,0,400,-399,0,0,40
2433.98,0,0,0,0,99,4291,1.53917,0.00399383,1.54088,39,0,29,23,28,0,-2,0,0,1,56,3633,3948,451,137,35,711,33813,32922,108,2,68,98,1.63848e+06,0,0,0,0,1,0,680,0,464,3660,0,0,0,0,0,0,0,0,400,-414,0,0,40
2433.99,0,0,0,0,99,4289,1.53929,0.00398196,1.54094,39,0,29,23,28,0,-2,0,0,1,56,3633,3948,451,137,35,711,33813,32922,108,2,68,98,1.63848e+06,0,0,0,0,1,273,0,386,469,3675,0,0,0,0,0,0,0,0,400,-399,0,0,40
2434,0,0,0,0,100,4289,1.5394,0.00397009,1.541,39,0,29,23,28,0,-2,0,0,1,56,3627,3948,449,137,35,711,33812,32889,108,2,65,98,1.62852e+06,0,0,0,0,1,273,0,386,469,3643,0,0,0,0,0,0,0,0,400,-405,0,0,40
2434.01,0,0,0,0,99,4290,1.5392,0.00397812,1.54085,39,0,29,23,28,0,-2,0,0,0.9,56,3626,3948,441,137,35,711,33812,32889,108,2,65,98,1.59907e+06,0,0,0,0,1,205,475,0,459,3643,0,0,0,0,0,0,0,0,400,-405,0,0,40
2434.02,0,0,0,0,99,4293,1.539,0.00398616,1.5407,39,0,29,23,28,0,-2,0,0,0.8,56,3626,3948,436,137,35,711,33812,32889,108,2,65,98,1.58094e+06,0,0,0,0,1,0,0,609,450,3622,0,0,0,0,0,0,0,0,400,-361,0,0,40
2434.03,0,0,0,0,99,4301,1.5388,0.00399419,1.54055,39,0,29,23,28,0,-2,0,0,0.7,56,3626,3948,436,137,35,711,33812,32889,108,2,65,98,1.58094e+06,0,0,0,0,1,706,0,0,449,3641,0,0,0,0,0,0,0,0,400,-428,0,0,40
2434.04,0,0,0,0,99,4304,1.5386,0.00400222,1.5404,39,0,29,23,28,0,-2,0,0,0.6,56,3626,3948,442,137,35,711,33812,32889,108,2,65,98,1.60269e+06,0,0,0,0,1,0,524,77,468,3617,0,0,0,0,0,0,0,0,400,-394,0,0,40
2434.05,0,0,0,0,99,4301,1.5384,0.00401025,1.54025,39,0,29,23,28,0,-2,0,0,0.5,56,3621,3948,445,137,35,711,33812,32889,108,2,65,98,1.61134e+06,0,0,0,0,1,445,0,310,473,3677,0,0,0,0,0,0,0,0,400,-432,0,0,40
2434.06,0,0,0,0,99,4301,1.5382,0.00401829,1.5401,39,0,29,23,28,0,-2,0,0,0.4,56,3621,3948,443,137,35,711,33812,32889,108,2,65,98,1.6041e+06,0,0,0,0,1,445,0,310,473,3647,0,0,0,0,0,0,0,0,400,-392,0,0,40
2434.07,0,0,0,0,99,4302,1.538,0.00402632,1.53995,39,0,29,23,28,0,-2,0,0,0.3,56,3621,3948,443,137,35,711,33812,32889,108,2,65,98,1.6041e+06,0,0,0,0,1,218,446,0,455,3647,0,0,0,0,0,0,0,0,400,-392,0,0,40
2434.08,0,0,0,0,99,4308,1.5378,0.00403435,1.5398,39,0,29,23,28,0,-2,0,0,0.2,56,3624,3948,461,137,35,711,33812,32889,108,2,65,98,1.67066e+06,0,0,0,0,1,0,0,563,447,3619,0,0,0,0,0,0,0,0,400,-387,0,0,40
2434.09,0,0,0,0,99,4310,1.5376,0.00404239,1.53965,39,0,29,23,28,0,-2,0,0,0.1,56,3624,3948,453,137,35,711,33812,32889,108,2,65,98,1.64167e+06,0,0,0,0,1,657,0,0,461,3643,0,0,0,0,0,0,0,0,400,-386,0,0,40
2434.1,0,0,0,0,99,4313,1.5374,0.00405042,1.5395,39,0,29,23,29,0,-2,0,0,0,56,3622,3948,442,137,35,711,33790,32883,108,2,65,98,1.60092e+06,0,0,0,0,1,0,739,0,459,3675,0,0,0,0,0,0,0,0,400,-438,0,0,40
2434.11,0,0,0,0,99,4314,1.53739,0.00405104,1.5398,39,0,29,23,29,0,-2,0,0,0.1,56,3622,3948,442,137,35,711,33790,32883,108,2,65,98,1.60092e+06,0,0,0,0,1,0,0,615,462,3613,0,0,0,0,0,0,0,0,400,-398,0,0,40
2434.12,0,0,0,0,99,4314,1.53737,0.00405166,1.54009,39,0,29,23,29,0,-2,0,0,0.2,56,3622,3948,444,137,35,711,33790,32883,108,2,65,98,1.60817e+06,0,0,0,0,1,0,0,615,462,3625,0,0,0,0,0,0,0,0,400,-393,0,0,40
2434.13,0,0,0,0,100,4317,1.53736,0.00405227,1.54039,39,0,29,23,29,0,-2,0,0,0.3,56,3622,3948,456,137,35,711,33790,32883,108,2,65,98,1.65163e+06,0,0,0,0,1,540,75,0,463,3625,0,0,0,0,0,0,0,0,400,-393,0,0,40
2434.14,0,0,0,0,100,4319,1.53735,0.00405289,1.54068,39,0,29,23,29,0,-2,0,0,0.4,56,3631,3948,464,137,35,711,33790,32883,108,2,65,98,1.68478e+06,0,0,0,0,1,0,428,247,459,3624,0,0,0,0,0,0,0,0,400,-376,0,0,40
2434.15,0,0,0,0,99,4323,1.53733,0.00405351,1.54098,39,0,29,23,29,0,-2,0,0,0.5,56,3631,3948,464,137,35,711,33790,32883,108,2,65,98,1.68478e+06,0,0,0,0,1,329,0,343,459,3675,0,0,0,0,0,0,0,0,400,-406,0,0,40
2434.16,0,0,0,0,99,4322,1.53732,0.00405413,1.54128,39,0,29,23,29,0,-2,0,0,0.6,56,3620,3948,440,137,35,711,33790,32883,108,2,65,98,1.5928e+06,0,0,0,0,1,343,403,0,470,3628,0,0,0,0,0,0,0,0,400,-436,0,0,40
2434.17,0,0,0,0,99,4324,1.5373,0.00405475,1.54157,39,0,29,23,29,0,-2,0,0,0.7,56,3620,3948,438,137,35,711,33790,32883,108,2,65,98,1.58556e+06,0,0,0,0,1,0,213,457,454,3624,0,0,0,0,0,0,0,0,400,-405,0,0,40
2434.18,0,0,0,0,99,4324,1.53729,0.00405537,1.54187,39,0,29,23,29,0,-2,0,0,0.8,56,3620,3948,450,137,35,711,33790,32883,108,2,65,98,1.629e+06,0,0,0,0,1,0,213,457,454,3680,0,0,0,0,0,0,0,0,400,-414,0,0,40
2434.19,0,0,0,0,99,4331,1.53728,0.00405599,1.54216,39,0,29,23,29,0,-2,0,0,0.9,56,3620,3948,450,137,35,711,33790,32883,108,2,65,98,1.629e+06,0,0,0,0,1,468,0,212,455,3680,0,0,0,0,0,0,0,0,400,-414,0,0,40
2434.2,0,0,0,0,99,4335,1.53726,0.00405661,1.54246,39,0,29,23,28,0,-2,0,0,1,56,3628,3946,457,137,35,711,33823,32950,108,2,68,98,1.658e+06,0,0,0,0,1,255,457,0,470,3630,0,0,0,0,0,0,0,0,400,-422,0,0,40
2434.21,0,0,0,0,99,4334,1.53735,0.00405283,1.54219,39,0,29,23,28,0,-2,0,0,1,56,3628,3946,453,137,35,711,33823,32950,108,2,68,98,1.64348e+06,0,0,0,0,1,0,258,499,480,3602,0,0,0,0,0,0,0,0,400,-433,0,0,40
2434.22,0,0,0,0,99,4334,1.53744,0.00404906,1.54193,39,0,29,23,28,0,-2,0,0,1,56,3623,3946,449,137,35,711,33823,32950,108,2,68,98,1.62673e+06,0,0,0,0,1,167,0,445,470,3665,0,0,0,0,0,0,0,0,400,-399,0,0,40
2434.23,0,0,0,0,99,4337,1.53753,0.00404528,1.54166,39,0,29,23,28,0,-2,0,0,1,56,3623,3946,449,137,35,711,33823,32950,108,2,68,98,1.62673e+06,0,0,0,0,1,253,456,0,462,3625,0,0,0,0,0,0,0,0,400,-417,0,0,40
2434.24,0,0,0,0,99,4337,1.53761,0.00404151,1.5414,39,0,29,23,28,0,-2,0,0,1,56,3620,3946,453,137,35,711,33823,32950,108,2,68,98,1.63986e+06,0,0,0,0,1,253,456,0,462,3608,0,0,0,0,0,0,0,0,400,-423,0,0,40
2434.25,0,0,0,0,99,4343,1.5377,0.00403773,1.54113,39,0,29,23,28,0,-2,0,0,1,56,3620,3946,463,137,35,711,33823,32950,108,2,68,98,1.67606e+06,0,0,0,0,1,0,303,439,453,3608,0,0,0,0,0,0,0,0,400,-423,0,0,40
2434.26,0,0,0,0,100,4347,1.53779,0.00403396,1.54086,39,0,29,23,28,0,-2,0,0,1,56,3627,3946,456,137,35,711,33823,32950,108,2,68,98,1.65391e+06,0,0,0,0,1,214,0,410,465,3673,0,0,0,0,0,0,0,0,400,-376,0,0,40
2434.27,0,0,0,0,99,4347,1.53787,0.00403018,1.5406,39,0,29,23,28,0,-2,0,0,1,56,3627,3946,456,137,35,711,33823,32950,108,2,68,98,1.65391e+06,0,0,0,0,1,558,65,0,481,3615,0,0,0,0,0,0,0,0,400,-401,0,0,40
2434.28,0,0,0,0,99,4347,1.53796,0.00402641,1.54033,39,0,29,23,28,0,-2,0,0,1,56,3627,3948,454,137,35,711,33823,32950,108,2,68,98,1.64666e+06,0,0,0,0,1,0,614,0,469,3634,0,0,0,0,0,0,0,0,400,-388,0,0,40
2434.29,0,0,0,0,100,4352,1.53805,0.00402263,1.54007,39,0,29,23,28,0,-2,0,0,1,56,3627,3948,458,137,35,711,33823,32950,108,2,68,98,1.66117e+06,0,0,0,0,1,0,0,697,459,3602,0,0,0,0,0,0,0,0,400,-410,0,0,40
2434.3,0,0,0,0,99,4352,1.53814,0.00401885,1.5398,39,0,29,23,29,0,-2,0,0,1,56,3624,3948,467,137,35,711,33806,32907,108,2,68,98,1.69241e+06,0,0,0,0,1,0,0,697,459,3632,0,0,0,0,0,0,0,0,400,-386,0,0,40
2434.31,0,0,0,0,100,4357,1.53841,0.00401144,1.53995,39,0,29,23,29,0,-2,0,0,1,56,3624,3948,467,137,35,711,33806,32907,108,2,68,98,1.69241e+06,0,0,0,0,1,657,0,0,469,3632,0,0,0,0,0,0,0,0,400,-386,0,0,40
2434.32,0,0,0,0,99,4358,1.53868,0.00400403,1.54009,39,0,29,23,29,0,-2,0,0,1,56,3619,3948,457,137,35,711,33806,32907,108,2,68,98,1.65388e+06,0,0,0,0,1,38,545,0,468,3643,0,0,0,0,0,0,0,0,400,-378,0,0,40
2434.33,0,0,0,0,99,4361,1.53895,0.00399661,1.54024,39,0,29,23,29,0,-2,0,0,1,56,3619,3948,443,136,35,711,33806,32907,108,2,68,98,1.60322e+06,0,0,0,0,1,0,257,454,476,3611,0,0,0,0,0,0,0,0,400,-432,0,0,40
2434.34,0,0,0,0,99,4363,1.53923,0.0039892,1.54038,39,0,29,23,29,0,-2,0,0,1,56,3619,3948,445,136,35,711,33806,32907,108,2,68,98,1.61046e+06,0,0,0,0,1,392,0,314,465,3682,0,0,0,0,0,0,0,0,400,-405,0,0,40
2434.35,0,0,0,0,99,4367,1.5395,0.00398178,1.54052,39,0,29,23,29,0,-2,0,0,1,56,3619,3948,445,136,35,711,33806,32907,108,2,68,98,1.61046e+06,0,0,0,0,1,597,0,0,465,3622,0,0,0,0,0,0,0,0,400,-400,0,0,40
2434.36,0,0,0,0,99,4367,1.53977,0.00397437,1.54067,39,0,29,23,29,0,-2,0,0,1,56,3621,3946,473,136,35,711,33806,32907,108,2,68,98,1.71273e+06,0,0,0,0,1,597,0,0,465,3669,0,0,0,0,0,0,0,0,400,-402,0,0,40
2434.37,0,0,0,0,99,4370,1.54004,0.00396695,1.54081,39,0,29,23,29,0,-2,0,0,1,56,3621,3946,464,136,35,711,33806,32907,108,2,68,98,1.68014e+06,0,0,0,0,1,0,686,0,464,3669,0,0,0,0,0,0,0,0,400,-402,0,0,40
2434.38,0,0,0,0,99,4371,1.54031,0.00395954,1.54096,39,0,29,23,29,0,-2,0,0,1,56,3620,3946,452,136,35,711,33806,32907,108,2,68,98,1.63624e+06,0,0,0,0,1,0,38,563,479,3606,0,0,0,0,0,0,0,0,400,-373,0,0,40
2434.39,0,0,0,0,99,4373,1.54059,0.00395212,1.5411,39,0,29,23,29,0,-2,0,0,1,56,3620,3946,452,136,35,711,33806,32907,108,2,68,98,1.63624e+06,0,0,0,0,1,476,0,212,467,3675,0,0,0,0,0,0,0,0,400,-370,0,0,40
2434.4,0,0,0,0,99,4380,1.54086,0.00394471,1.54125,39,0,29,23,29,0,-2,0,0,1,56,3622,3946,457,136,35,711,33771,32821,108,2,65,73,1.65525e+06,0,0,0,0,1,581,47,0,470,3624,0,0,0,0,0,0,0,0,400,-430,0,0,40
2434.41,0,0,0,0,99,4384,1.54074,0.00396029,1.54103,39,0,29,23,29,0,-2,0,0,0.9,56,3622,3946,458,136,35,711,33771,32821,108,2,65,73,1.65888e+06,0,0,0,0,1,0,659,0,472,3665,0,0,0,0,0,0,0,0,400,-381,0,0,40
2434.42,0,0,0,0,100,4384,1.54062,0.00397588,1.54082,39,0,29,23,29,0,-2,0,0,0.8,56,3622,3946,463,136,35,711,33771,32821,108,2,65,73,1.67699e+06,0,0,0,0,1,0,659,0,472,3598,0,0,0,0,0,0,0,0,400,-458,0,0,40
2434.43,0,0,0,0,99,4382,1.5405,0.00399146,1.54061,39,0,29,23,29,0,-2,0,0,0.7,56,3622,3946,463,136,35,711,33771,32821,108,2,65,73,1.67699e+06,0,0,0,0,1,0,227,478,482,3598,0,0,0,0,0,0,0,0,400,-458,0,0,40
2434.44,0,0,0,0,99,4382,1.54038,0.00400705,1.54039,39,0,29,23,29,0,-2,0,0,0.6,56,3621,3946,458,136,35,711,33771,32821,108,2,65,73,1.65842e+06,0,0,0,0,1,0,0,607,465,3613,0,0,0,0,0,0,0,0,400,-377,0,0,40
2434.45,0,0,0,0,99,4387,1.54026,0.00402263,1.54018,39,0,29,23,29,0,-2,0,0,0.5,56,3621,3946,455,136,35,711,33771,32821,108,2,65,73,1.64756e+06,0,0,0,0,1,610,0,0,466,3637,0,0,0,0,0,0,0,0,400,-372,0,0,40
2434.46,0,0,0,0,99,4394,1.54014,0.00403822,1.53997,39,0,29,23,29,0,-2,0,0,0.4,56,3621,3946,457,136,35,711,33771,32821,108,2,65,73,1.6548e+06,0,0,0,0,1,234,468,0,464,3637,0,0,0,0,0,0,0,0,400,-412,0,0,40
2434.47,0,0,0,0,99,4398,1.54002,0.0040538,1.53976,39,0,29,23,29,0,-2,0,0,0.3,56,3621,3946,457,136,35,711,33771,32821,108,2,65,73,1.6548e+06,0,0,0,0,1,0,639,0,473,3666,0,0,0,0,0,0,0,0,400,-377,0,0,40
2434.48,0,0,0,0,99,4398,1.53989,0.00406939,1.53954,39,0,29,23,29,0,-2,0,0,0.2,56,3619,3946,459,136,35,711,33771,32821,108,2,65,73,1.66112e+06,0,0,0,0,1,0,639,0,473,3593,0,0,0,0,0,0,0,0,400,-421,0,0,40
2434.49,0,0,0,0,99,4398,1.53977,0.00408497,1.53933,39,0,29,23,29,0,-2,0,0,0.1,56,3619,3946,451,136,35,711,33771,32821,108,2,65,73,1.63217e+06,0,0,0,0,1,0,143,525,487,3593,0,0,0,0,0,0,0,0,400,-421,0,0,40
2434.5,0,0,0,0,99,4397,1.53965,0.00410055,1.53912,39,0,29,23,28,0,-2,0,0,0,56,3619,3946,448,136,35,711,33765,32690,107,2,87,73,1.62131e+06,0,0,0,0,1,153,0,478,481,3645,0,0,0,0,0,0,0,0,400,-371,0,0,40
2434.51,0,0,0,0,99,4402,1.53938,0.00407721,1.53964,39,0,29,23,28,0,-2,0,0,0.1,56,3619,3946,448,136,35,711,33765,32690,107,2,87,73,1.62131e+06,0,0,0,0,1,616,0,0,457,3645,0,0,0,0,0,0,0,0,400,-364,0,0,40
2434.52,0,0,0,0,99,4407,1.53911,0.00405386,1.54017,39,0,29,23,28,0,-2,0,0,0.2,56,3625,3946,472,136,35,711,33765,32690,107,2,87,73,1.711e+06,0,0,0,0,1,306,422,0,478,3622,0,0,0,0,0,0,0,0,400,-425,0,0,40
2434.53,0,0,0,0,99,4408,1.53884,0.00403051,1.54069,39,0,29,23,28,0,-2,0,0,0.3,56,3614,3946,464,136,35,711,33765,32690,107,2,87,73,1.6769e+06,0,0,0,0,1,0,697,0,476,3673,0,0,0,0,0,0,0,0,400,-410,0,0,40
2434.54,0,0,0,0,99,4408,1.53857,0.00400716,1.54121,39,0,29,23,28,0,-2,0,0,0.4,56,3614,3946,452,137,35,711,33765,32690,107,2,87,73,1.63353e+06,0,0,0,0,1,0,697,0,476,3608,0,0,0,0,0,0,0,0,400,-423,0,0,40
2434.55,0,0,0,0,99,4411,1.5383,0.00398381,1.54174,39,0,29,23,28,0,-2,0,0,0.5,56,3614,3946,452,137,35,711,33765,32690,107,2,87,73,1.63353e+06,0,0,0,0,1,0,217,478,479,3608,0,0,0,0,0,0,0,0,400,-423,0,0,40
2434.56,0,0,0,0,99,4414,1.53803,0.00396046,1.54226,39,0,29,23,28,0,-2,0,0,0.6,56,3621,3946,448,137,35,711,33765,32690,107,2,87,73,1.62221e+06,0,0,0,0,1,0,0,726,471,3598,0,0,0,0,0,0,0,0,400,-414,0,0,40
2434.57,0,0,0,0,99,4417,1.53776,0.00393711,1.54279,39,0,29,23,28,0,-2,0,0,0.7,56,3621,3946,465,137,35,711,33765,32690,107,2,87,73,1.68376e+06,0,0,0,0,1,457,0,234,477,3665,0,0,0,0,0,0,0,0,400,-418,0,0,40
2434.58,0,0,0,0,99,4418,1.53749,0.00391376,1.54331,39,0,29,23,28,0,-2,0,0,0.8,56,3621,3946,474,137,35,711,33765,32690,107,2,87,73,1.71635e+06,0,0,0,0,1,761,0,0,484,3624,0,0,0,0,0,0,0,0,400,-453,0,0,40
2434.59,0,0,0,0,99,4419,1.53722,0.00389041,1.54383,39,0,29,23,28,0,-2,0,0,0.9,56,3621,3946,474,137,35,711,33765,32690,107,2,87,73,1.71635e+06,0,0,0,0,1,279,428,0,481,3625,0,0,0,0,0,0,0,0,400,-417,0,0,40
2434.6,0,0,0,0,99,4419,1.53694,0.00386706,1.54436,39,0,29,23,28,0,-2,0,0,1,56,3621,3945,461,137,35,711,33752,32841,107,2,68,98,1.66928e+06,0,0,0,0,1,279,428,0,481,3675,0,0,0,0,0,0,0,0,400,-389,0,0,40
2434.61,0,0,0,0,99,4423,1.53715,0.00388838,1.5445,39,0,29,23,28,0,-2,0,0,1,56,3621,3945,446,137,35,711,33752,32841,107,2,68,98,1.61497e+06,0,0,0,0,1,0,665,0,468,3675,0,0,0,0,0,0,0,0,400,-389,0,0,40
2434.62,0,0,0,0,99,4429,1.53735,0.0039097,1.54465,39,0,29,23,28,0,-2,0,0,1,56,3620,3945,466,137,35,711,33752,32841,107,2,68,98,1.68692e+06,0,0,0,0,1,0,356,390,470,3602,0,0,0,0,0,0,0,0,400,-415,0,0,40
2434.63,0,0,0,0,99,4432,1.53755,0.00393101,1.54479,39,0,29,23,28,0,-2,0,0,1,56,3620,3945,466,137,35,711,33752,32841,107,2,68,98,1.68692e+06,0,0,0,0,1,0,0,583,477,3604,0,0,0,0,0,0,0,0,400,-415,0,0,40
2434.64,0,0,0,0,99,4428,1.53775,0.00395233,1.54494,39,0,29,23,28,0,-2,0,0,1,56,3617,3945,471,137,35,711,33752,32841,107,2,68,98,1.70361e+06,0,0,0,0,1,52,0,556,487,3611,0,0,0,0,0,0,0,0,400,-378,0,0,40
2434.65,0,0,0,0,99,4430,1.53795,0.00397365,1.54509,39,0,29,23,28,0,-2,0,0,1,56,3617,3945,468,137,35,711,33752,32841,107,2,68,98,1.69276e+06,0,0,0,0,1,495,0,159,470,3651,0,0,0,0,0,0,0,0,400,-388,0,0,40
2434.66,0,0,0,0,99,4430,1.53815,0.00399497,1.54523,39,0,29,23,28,0,-2,0,0,1,56,3617,3945,461,137,35,711,33752,32841,107,2,68,98,1.66744e+06,0,0,0,0,1,495,0,159,470,3617,0,0,0,0,0,0,0,0,400,-434,0,0,40
2434.67,0,0,0,0,99,4435,1.53835,0.00401628,1.54538,39,0,29,23,28,0,-2,0,0,1,56,3617,3945,461,137,35,711,33752,32841,107,2,68,98,1.66744e+06,0,0,0,0,1,726,0,0,473,3617,0,0,0,0,0,0,0,0,400,-434,0,0,40
2434.68,0,0,0,0,100,4440,1.53855,0.0040376,1.54552,39,0,29,23,28,0,-2,0,0,1,56,3617,3945,457,137,35,711,33752,32841,107,2,68,98,1.65297e+06,0,0,0,0,1,376,328,0,471,3619,0,0,0,0,0,0,0,0,400,-410,0,0,40
2434.69,0,0,0,0,99,4443,1.53875,0.00405892,1.54567,39,0,29,23,28,0,-2,0,0,1,56,3619,3945,476,137,35,711,33752,32841,107,2,68,98,1.72264e+06,0,0,0,0,1,89,512,0,489,3645,0,0,0,0,0,0,0,0,400,-375,0,0,40
2434.7,0,0,0,0,99,4441,1.53895,0.00408024,1.54581,39,0,29,23,27,0,-2,0,0,1,56,3619,3945,465,137,35,711,33732,32805,108,2,68,98,1.68284e+06,0,0,0,0,1,0,673,0,486,3665,0,0,0,0,0,0,0,0,400,-407,0,0,40
2434.71,0,0,0,0,99,4443,1.53902,0.00409224,1.54486,39,0,29,23,27,0,-2,0,0,0.9,56,3619,3945,465,137,35,711,33732,32805,108,2,68,98,1.68284e+06,0,0,0,0,1,0,299,435,481,3600,0,0,0,0,0,0,0,0,400,-440,0,0,40
2434.72,0,0,0,0,99,4443,1.53909,0.00410424,1.5439,39,0,29,23,27,0,-2,0,0,0.8,56,3614,3945,472,137,35,711,33732,32805,108,2,68,98,1.70581e+06,0,0,0,0,1,0,299,435,481,3600,0,0,0,0,0,0,0,0,400,-413,0,0,40
2434.73,0,0,0,0,99,4448,1.53916,0.00411624,1.54295,39,0,29,23,27,0,-2,0,0,0.7,56,3614,3945,478,137,35,711,33732,32805,108,2,68,98,1.72749e+06,0,0,0,0,1,0,257,440,465,3604,0,0,0,0,0,0,0,0,400,-413,0,0,40
2434.74,0,0,0,0,99,4450,1.53923,0.00412824,1.542,39,0,29,23,27,0,-2,0,0,0.6,56,3619,3945,479,137,35,711,33732,32805,108,2,68,98,1.7335e+06,0,0,0,0,1,0,0,724,483,3591,0,0,0,0,0,0,0,0,400,-435,0,0,40
2434.75,0,0,0,0,99,4450,1.5393,0.00414024,1.54104,39,0,29,23,27,0,-2,0,0,0.5,56,3619,3945,479,137,35,711,33732,32805,108,2,68,98,1.7335e+06,0,0,0,0,1,222,0,407,473,3666,0,0,0,0,0,0,0,0,400,-353,0,0,40
2434.76,0,0,0,0,99,4454,1.53937,0.00415224,1.54009,39,0,29,23,27,0,-2,0,0,0.4,56,3619,3947,459,137,35,711,33732,32805,108,2,68,98,1.66112e+06,0,0,0,0,1,457,0,222,473,3658,0,0,0,0,0,0,0,0,400,-409,0,0,40
2434.77,0,0,0,0,99,4457,1.53945,0.00416424,1.53913,39,0,29,23,27,0,-2,0,0,0.3,56,3617,3947,456,137,35,711,33732,32805,108,2,68,98,1.64935e+06,0,0,0,0,1,624,0,0,476,3634,0,0,0,0,0,0,0,0,400,-372,0,0,40
2434.78,0,0,0,0,99,4457,1.53952,0.00417624,1.53818,39,0,29,23,27,0,-2,0,0,0.2,56,3617,3947,455,137,35,711,33732,32805,108,2,68,98,1.64574e+06,0,0,0,0,1,624,0,0,476,3632,0,0,0,0,0,0,0,0,400,-401,0,0,40
2434.79,0,0,0,0,99,4458,1.53959,0.00418824,1.53723,39,0,29,23,27,0,-2,0,0,0.1,56,3617,3947,455,137,35,711,33732,32805,108,2,68,98,1.64574e+06,0,0,0,0,1,657,0,0,481,3632,0,0,0,0,0,0,0,0,400,-401,0,0,40
2434.8,0,0,0,0,99,4459,1.53966,0.00420024,1.53627,39,0,29,23,28,0,-2,0,0,0,56,3617,3947,467,137,35,711,33748,32681,108,2,87,73,1.68914e+06,0,0,0,0,1,437,233,0,482,3625,0,0,0,0,0,0,0,0,400,-398,0,0,40
2434.81,0,0,0,0,99,4460,1.53956,0.00420002,1.53653,39,0,29,23,28,0,-2,0,0,0.1,56,3617,3947,478,137,35,711,33748,32681,108,2,87,73,1.72893e+06,0,0,0,0,1,275,434,0,478,3624,0,0,0,0,0,0,0,0,400,-414,0,0,40
2434.82,0,0,0,0,99,4465,1.53946,0.00419979,1.53679,39,0,29,23,28,0,-2,0,0,0.2,56,3612,3947,462,137,35,711,33748,32681,108,2,87,73,1.66874e+06,0,0,0,0,1,0,561,0,466,3651,0,0,0,0,0,0,0,0,400,-358,0,0,40
2434.83,0,0,0,0,99,4469,1.53936,0.00419957,1.53704,39,0,29,23,28,0,-2,0,0,0.3,56,3612,3947,462,137,35,711,33748,32681,108,2,87,73,1.66874e+06,0,0,0,0,1,0,692,0,473,3669,0,0,0,0,0,0,0,0,400,-405,0,0,40
2434.84,0,0,0,0,99,4469,1.53926,0.00419935,1.5373,39,0,29,23,28,0,-2,0,0,0.4,56,3612,3947,480,137,35,711,33748,32681,108,2,87,73,1.73376e+06,0,0,0,0,1,0,692,0,473,3622,0,0,0,0,0,0,0,0,400,-400,0,0,40
2434.85,0,0,0,0,99,4470,1.53916,0.00419912,1.53756,39,0,29,23,28,0,-2,0,0,0.5,56,3618,3947,471,136,35,711,33748,32681,108,2,87,73,1.70408e+06,0,0,0,0,1,0,626,0,489,3622,0,0,0,0,0,0,0,0,400,-400,0,0,40
2434.86,0,0,0,0,99,4467,1.53906,0.0041989,1.53782,39,0,29,23,28,0,-2,0,0,0.6,56,3618,3947,466,136,35,711,33748,32681,108,2,87,73,1.68599e+06,0,0,0,0,1,0,368,333,480,3598,0,0,0,0,0,0,0,0,400,-405,0,0,40
2434.87,0,0,0,0,99,4471,1.53896,0.00419868,1.53807,39,0,29,23,28,0,-2,0,0,0.7,56,3618,3947,466,136,35,711,33748,32681,108,2,87,73,1.68599e+06,0,0,0,0,1,0,217,448,465,3608,0,0,0,0,0,0,0,0,400,-415,0,0,40
2434.88,0,0,0,0,99,4476,1.53887,0.00419845,1.53833,39,0,29,23,28,0,-2,0,0,0.8,56,3614,3947,473,136,35,711,33748,32681,108,2,87,73,1.70942e+06,0,0,0,0,1,0,131,499,468,3615,0,0,0,0,0,0,0,0,400,-372,0,0,40
2434.89,0,0,0,0,99,4481,1.53877,0.00419823,1.53859,39,0,29,23,28,0,-2,0,0,0.9,56,3612,3947,477,136,35,711,33748,32681,108,2,87,73,1.72292e+06,0,0,0,0,1,0,0,566,474,3606,0,0,0,0,0,0,0,0,400,-425,0,0,40
2434.9,0,0,0,0,99,4481,1.53867,0.004198,1.53885,39,0,29,23,29,0,-2,0,0,1,56,3612,3947,468,136,35,711,33688,32690,108,2,66,98,1.69042e+06,0,0,0,0,1,0,0,566,474,3602,0,0,0,0,0,0,0,0,400,-367,0,0,40
2434.91,0,0,0,0,99,4480,1.53866,0.00418501,1.53941,39,0,29,23,29,0,-2,0,0,1,56,3612,3947,468,136,35,711,33688,32690,108,2,66,98,1.69042e+06,0,0,0,0,1,0,0,628,485,3645,0,0,0,0,0,0,0,0,400,-427,0,0,40
2434.92,0,0,0,0,100,4481,1.53865,0.00417202,1.53997,39,0,29,23,29,0,-2,0,0,1,56,3612,3947,455,136,35,711,33688,32690,108,2,66,98,1.64346e+06,0,0,0,0,1,462,0,263,489,3645,0,0,0,0,0,0,0,0,400,-427,0,0,40
2434.93,0,0,0,0,100,4481,1.53864,0.00415903,1.54053,39,0,29,23,29,0,-2,0,0,1,56,3610,3947,469,136,35,711,33688,32690,108,2,66,98,1.69309e+06,0,0,0,0,1,640,0,0,481,3628,0,0,0,0,0,0,0,0,400,-384,0,0,40
2434.94,0,0,0,0,100,4486,1.53863,0.00414603,1.54109,39,0,29,23,29,0,-2,0,0,1,56,3610,3947,467,136,35,711,33688,32690,108,2,66,98,1.68587e+06,0,0,0,0,1,677,0,0,470,3617,0,0,0,0,0,0,0,0,400,-396,0,0,40
2434.95,0,0,0,0,99,4488,1.53862,0.00413304,1.54165,39,0,29,23,29,0,-2,0,0,1,56,3610,3947,467,136,35,711,33688,32690,108,2,66,98,1.68587e+06,0,0,0,0,1,750,0,0,489,3604,0,0,0,0,0,0,0,0,400,-443,0,0,40
2434.96,0,0,0,0,99,4490,1.53861,0.00412005,1.54221,39,0,29,23,29,0,-2,0,0,1,56,3613,3947,471,136,35,711,33688,32690,108,2,66,98,1.70172e+06,0,0,0,0,1,659,0,0,473,3632,0,0,0,0,0,0,0,0,400,-402,0,0,40
2434.97,0,0,0,0,99,4494,1.5386,0.00410706,1.54277,39,0,29,23,29,0,-2,0,0,1,56,3613,3947,466,136,35,711,33688,32690,108,2,66,98,1.68366e+06,0,0,0,0,1,644,0,0,473,3625,0,0,0,0,0,0,0,0,400,-394,0,0,40
2434.98,0,0,0,0,99,4494,1.53859,0.00409406,1.54333,39,0,29,23,29,0,-2,0,0,1,56,3610,3947,472,136,35,711,33688,32690,108,2,66,98,1.70392e+06,0,0,0,0,1,644,0,0,473,3625,0,0,0,0,0,0,0,0,400,-394,0,0,40
2434.99,0,0,0,0,99,4497,1.53858,0.00408107,1.54389,39,0,29,23,29,0,-2,0,0,1,56,3610,3947,472,136,35,711,33688,32690,108,2,66,98,1.70392e+06,0,0,0,0,1,651,0,0,480,3625,0,0,0,0,0,0,0,0,400,-396,0,0,40
2435,0,0,0,0,99,4497,1.53857,0.00406808,1.54445,39,0,29,23,29,0,-2,0,0,1,56,3610,3952,489,136,35,711,33686,32594,108,2,82,98,1.76529e+06,0,0,0,0,1,687,0,0,490,3619,0,0,0,0,0,0,0,0,400,-425,0,0,40
2435.01,0,0,0,0,99,4498,1.53866,0.00408853,1.54436,39,0,29,23,29,0,-2,0,0,1,56,3615,3952,490,136,35,711,33686,32594,108,2,82,98,1.77135e+06,0,0,0,0,1,673,0,0,481,3619,0,0,0,0,0,0,0,0,400,-415,0,0,40
2435.02,0,0,0,0,99,4501,1.53875,0.00410898,1.54427,39,0,29,23,29,0,-2,0,0,1,56,3615,3952,486,136,35,711,33686,32594,108,2,82,98,1.75689e+06,0,0,0,0,1,669,0,0,484,3615,0,0,0,0,0,0,0,0,400,-413,0,0,40
2435.03,0,0,0,0,99,4507,1.53883,0.00412943,1.54418,39,0,29,23,29,0,-2,0,0,1,56,3615,3952,486,136,35,711,33686,32594,108,2,82,98,1.75689e+06,0,0,0,0,1,632,0,0,463,3632,0,0,0,0,0,0,0,0,400,-384,0,0,40
2435.04,0,0,0,0,99,4507,1.53892,0.00414988,1.54409,39,0,29,23,29,0,-2,0,0,1,56,3610,3952,470,136,35,711,33686,32594,108,2,82,98,1.6967e+06,0,0,0,0,1,632,0,0,463,3632,0,0,0,0,0,0,0,0,400,-384,0,0,40
2435.05,0,0,0,0,100,4511,1.53901,0.00417033,1.544,39,0,29,23,29,0,-2,0,0,1,56,3617,3952,481,136,35,711,33686,32594,108,2,82,98,1.73978e+06,0,0,0,0,1,730,0,0,484,3604,0,0,0,0,0,0,0,0,400,-433,0,0,40
2435.06,0,0,0,0,99,4511,1.5391,0.00419079,1.54391,39,0,29,23,29,0,-2,0,0,1,56,3617,3952,482,136,35,711,33686,32594,108,2,82,98,1.74339e+06,0,0,0,0,1,720,0,0,490,3602,0,0,0,0,0,0,0,0,400,-421,0,0,40
2435.07,0,0,0,0,99,4510,1.53918,0.00421124,1.54381,39,0,29,23,29,0,-2,0,0,1,56,3617,3952,482,136,35,711,33686,32594,108,2,82,98,1.74339e+06,0,0,0,0,1,626,0,0,480,3625,0,0,0,0,0,0,0,0,400,-369,0,0,40
2435.08,0,0,0,0,99,4515,1.53927,0.00423169,1.54372,39,0,29,23,29,0,-2,0,0,1,56,3617,3952,480,136,35,711,33686,32594,108,2,82,98,1.73616e+06,0,0,0,0,1,577,0,0,469,3637,0,0,0,0,0,0,0,0,400,-366,0,0,40
2435.09,0,0,0,0,99,4519,1.53936,0.00425214,1.54363,39,0,29,23,29,0,-2,0,0,1,56,3617,3950,479,136,35,711,33686,32594,108,2,82,98,1.73254e+06,0,0,0,0,1,476,0,150,476,3634,0,0,0,0,0,0,0,0,400,-369,0,0,40
2435.1,0,0,0,0,100,4522,1.53945,0.00427259,1.54354,39,0,29,23,28,0,-2,0,0,1,56,3617,3950,478,136,35,711,33738,32671,108,2,65,73,1.72893e+06,0,0,0,0,1,706,0,0,484,3596,0,0,0,0,0,0,0,0,400,-413,0,0,40
2435.11,0,0,0,0,100,4522,1.5392,0.00428506,1.54362,39,0,29,23,28,0,-2,0,0,1,56,3617,3950,478,136,35,711,33738,32671,108,2,65,73,1.72893e+06,0,0,0,0,1,706,0,0,484,3608,0,0,0,0,0,0,0,0,400,-443,0,0,40
2435.12,0,0,0,0,99,4523,1.53894,0.00429752,1.54371,39,0,29,23,28,0,-2,0,0,1,56,3617,3950,481,136,35,711,33738,32671,108,2,65,73,1.73978e+06,0,0,0,0,1,626,0,0,495,3608,0,0,0,0,0,0,0,0,400,-443,0,0,40
2435.13,0,0,0,0,99,4524,1.53869,0.00430999,1.54379,39,0,29,23,28,0,-2,0,0,1,56,3617,3950,472,136,35,711,33738,32671,108,2,65,73,1.70722e+06,0,0,0,0,1,683,0,0,481,3628,0,0,0,0,0,0,0,0,400,-360,0,0,40
2435.14,0,0,0,0,99,4528,1.53844,0.00432245,1.54387,39,0,29,23,28,0,-2,0,0,1,56,3617,3950,464,136,35,711,33738,32671,108,2,65,73,1.67829e+06,0,0,0,0,1,603,0,138,472,3628,0,0,0,0,0,0,0,0,400,-371,0,0,40
2435.15,0,0,0,0,99,4534,1.53819,0.00433492,1.54395,39,0,29,23,28,0,-2,0,0,1,56,3617,3950,464,136,35,711,33738,32671,108,2,65,73,1.67829e+06,0,0,0,0,1,472,0,234,476,3651,0,0,0,0,0,0,0,0,400,-420,0,0,40
2435.16,0,0,0,0,99,4532,1.53794,0.00434738,1.54403,39,0,29,23,28,0,-2,0,0,1,56,3617,3950,492,136,35,711,33738,32671,108,2,65,73,1.77956e+06,0,0,0,0,1,466,0,243,496,3639,0,0,0,0,0,0,0,0,400,-365,0,0,40
2435.17,0,0,0,0,99,4532,1.53769,0.00435985,1.54412,39,0,29,23,28,0,-2,0,0,1,56,3617,3950,477,136,35,711,33738,32671,108,2,65,73,1.72531e+06,0,0,0,0,1,466,0,243,496,3596,0,0,0,0,0,0,0,0,400,-387,0,0,40
2435.18,0,0,0,0,99,4535,1.53743,0.00437231,1.5442,39,0,29,23,28,0,-2,0,0,1,56,3617,3950,469,136,35,711,33738,32671,108,2,65,73,1.69637e+06,0,0,0,0,1,109,0,673,474,3596,0,0,0,0,0,0,0,0,400,-387,0,0,40
2435.19,0,0,0,0,99,4540,1.53718,0.00438478,1.54428,39,0,29,23,28,0,-2,0,0,1,56,3617,3950,469,136,35,711,33738,32671,108,2,65,73,1.69637e+06,0,0,0,0,1,0,0,589,471,3606,0,0,0,0,0,0,0,0,400,-350,0,0,40
2435.2,0,0,0,0,99,4544,1.53693,0.00439724,1.54436,39,0,29,23,28,0,-2,0,0,1,56,3608,3950,477,136,35,711,33738,32671,108,2,65,73,1.72102e+06,0,0,0,0,1,0,276,472,493,3596,0,0,0,0,0,0,0,0,400,-430,0,0,40
2435.21,0,0,0,0,99,4543,1.53683,0.00438629,1.54382,39,0,29,23,28,0,-2,0,0,0.9,56,3608,3950,482,136,35,711,33738,32671,108,2,65,73,1.73906e+06,0,0,0,0,1,0,442,208,494,3602,0,0,0,0,0,0,0,0,400,-399,0,0,40
2435.22,0,0,0,0,99,4546,1.53673,0.00437534,1.54327,39,0,29,23,28,0,-2,0,0,0.8,56,3608,3949,484,136,35,711,33738,32671,108,2,65,73,1.74627e+06,0,0,0,0,1,0,667,0,494,3663,0,0,0,0,0,0,0,0,400,-405,0,0,40
2435.23,0,0,0,0,99,4546,1.53663,0.00436438,1.54272,39,0,29,23,28,0,-2,0,0,0.7,56,3608,3949,484,136,35,711,33738,32671,108,2,65,73,1.74627e+06,0,0,0,0,1,0,667,0,494,3628,0,0,0,0,0,0,0,0,400,-375,0,0,40
2435.24,0,0,0,0,99,4548,1.53653,0.00435343,1.54217,39,0,29,23,28,0,-2,0,0,0.6,56,3608,3949,475,136,35,711,33738,32671,108,2,65,73,1.7138e+06,0,0,0,0,1,52,538,0,481,3628,0,0,0,0,0,0,0,0,400,-375,0,0,40
2435.25,0,0,0,0,99,4556,1.53643,0.00434248,1.54163,39,0,29,23,28,0,-2,0,0,0.5,56,3608,3949,475,136,35,711,33738,32671,108,2,65,73,1.7138e+06,0,0,0,0,1,214,450,0,483,3613,0,0,0,0,0,0,0,0,400,-433,0,0,40
2435.26,0,0,0,0,100,4559,1.53633,0.00433153,1.54108,39,0,29,23,28,0,-2,0,0,0.4,56,3611,3949,489,136,35,711,33738,32671,108,2,65,73,1.76578e+06,0,0,0,0,1,489,120,0,492,3617,0,0,0,0,0,0,0,0,400,-405,0,0,40
2435.27,0,0,0,0,99,4556,1.53623,0.00432057,1.54053,39,0,29,23,28,0,-2,0,0,0.3,56,3611,3949,489,137,35,711,33738,32671,108,2,65,73,1.76578e+06,0,0,0,0,1,689,0,58,498,3615,0,0,0,0,0,0,0,0,400,-400,0,0,40
2435.28,0,0,0,0,99,4557,1.53613,0.00430962,1.53998,39,0,29,23,28,0,-2,0,0,0.2,56,3604,3949,488,137,35,711,33738,32671,108,2,65,73,1.75875e+06,0,0,0,0,1,481,0,302,487,3649,0,0,0,0,0,0,0,0,400,-419,0,0,40
2435.29,0,0,0,0,99,4561,1.53602,0.00429867,1.53943,39,0,29,23,28,0,-2,0,0,0.1,56,3604,3949,475,137,35,711,33738,32671,108,2,65,73,1.7119e+06,0,0,0,0,1,581,0,0,476,3637,0,0,0,0,0,0,0,0,400,-370,0,0,40
2435.3,0,0,0,0,99,4565,1.53592,0.00428772,1.53889,39,0,29,23,28,0,-2,0,0,0,56,3604,3949,485,137,35,711,33623,32559,107,2,65,73,1.74794e+06,0,0,0,0,1,472,0,158,483,3645,0,0,0,0,0,0,0,0,400,-388,0,0,40
2435.31,0,0,0,0,99,4565,1.53631,0.00428144,1.53914,39,0,29,23,28,0,-2,0,0,0.1,56,3604,3949,485,137,35,711,33623,32559,107,2,65,73,1.74794e+06,0,0,0,0,1,472,0,158,483,3645,0,0,0,0,0,0,0,0,400,-388,0,0,40
2435.32,0,0,0,0,99,4568,1.5367,0.00427516,1.5394,39,0,29,23,28,0,-2,0,0,0.2,56,3610,3949,485,137,35,711,33623,32559,107,2,65,73,1.75085e+06,0,0,0,0,1,114,0,495,497,3606,0,0,0,0,0,0,0,0,400,-380,0,0,40
2435.33,0,0,0,0,99,4570,1.53709,0.00426888,1.53965,39,0,29,23,28,0,-2,0,0,0.3,56,3602,3949,493,137,35,711,33623,32559,107,2,65,73,1.77579e+06,0,0,0,0,1,0,0,607,497,3589,0,0,0,0,0,0,0,0,400,-398,0,0,40
2435.34,0,0,0,0,99,4571,1.53747,0.00426259,1.53991,39,0,29,23,28,0,-2,0,0,0.4,56,3602,3949,486,137,35,711,33623,32559,107,2,65,73,1.75057e+06,0,0,0,0,1,0,299,476,495,3617,0,0,0,0,0,0,0,0,400,-420,0,0,40
2435.35,0,0,0,0,99,4575,1.53786,0.00425631,1.54017,39,0,29,23,28,0,-2,0,0,0.5,56,3602,3949,486,137,35,711,33623,32559,107,2,65,73,1.75057e+06,0,0,0,0,1,0,661,0,490,3647,0,0,0,0,0,0,0,0,400,-387,0,0,40
2435.36,0,0,0,0,99,4577,1.53825,0.00425003,1.54042,39,0,29,23,28,0,-2,0,0,0.6,56,3607,3949,482,137,35,711,33623,32559,107,2,65,73,1.73857e+06,0,0,0,0,1,284,468,0,495,3615,0,0,0,0,0,0,0,0,400,-375,0,0,40
2435.37,0,0,0,0,99,4577,1.53863,0.00424375,1.54068,39,0,29,23,28,0,-2,0,0,0.7,56,3607,3949,490,137,35,711,33623,32559,107,2,65,73,1.76743e+06,0,0,0,0,1,284,468,0,495,3615,0,0,0,0,0,0,0,0,400,-375,0,0,40
2435.38,0,0,0,0,100,4576,1.53902,0.00423747,1.54093,39,0,29,23,28,0,-2,0,0,0.8,56,3607,3949,495,137,35,711,33623,32559,107,2,65,73,1.78546e+06,0,0,0,0,1,708,0,0,498,3604,0,0,0,0,0,0,0,0,400,-374,0,0,40
2435.39,0,0,0,0,99,4581,1.53941,0.00423119,1.54119,39,0,29,23,28,0,-2,0,0,0.9,56,3607,3949,495,137,35,711,33623,32559,107,2,65,73,1.78546e+06,0,0,0,0,1,481,0,229,485,3637,0,0,0,0,0,0,0,0,400,-402,0,0,40
2435.4,0,0,0,0,99,4586,1.5398,0.00422491,1.54144,39,0,29,23,28,0,-2,0,0,1,56,3601,3949,482,137,35,711,33609,32534,108,2,65,73,1.73568e+06,0,0,0,0,1,0,0,685,488,3596,0,0,0,0,0,0,0,0,400,-355,0,0,40
2435.41,0,0,0,0,99,4586,1.53974,0.00422684,1.54154,39,0,29,23,28,0,-2,0,0,0.9,56,3601,3949,479,137,35,711,33609,32534,108,2,65,73,1.72488e+06,0,0,0,0,1,0,229,282,500,3593,0,0,0,0,0,0,0,0,400,-405,0,0,40
2435.42,0,0,0,0,100,4584,1.53969,0.00422877,1.54163,39,0,29,23,28,0,-2,0,0,0.8,56,3614,3949,483,137,35,711,33609,32534,108,2,65,73,1.74556e+06,0,0,0,0,1,0,143,527,500,3600,0,0,0,0,0,0,0,0,400,-434,0,0,40
2435.43,0,0,0,0,99,4588,1.53964,0.00423069,1.54172,39,0,29,23,28,0,-2,0,0,0.7,56,3614,3949,483,137,35,711,33609,32534,108,2,65,73,1.74556e+06,0,0,0,0,1,0,621,0,501,3602,0,0,0,0,0,0,0,0,400,-425,0,0,40
2435.44,0,0,0,0,99,4588,1.53958,0.00423262,1.54181,39,0,29,23,28,0,-2,0,0,0.6,56,3603,3949,483,137,35,711,33609,32534,108,2,65,73,1.74025e+06,0,0,0,0,1,0,621,0,501,3632,0,0,0,0,0,0,0,0,400,-415,0,0,40
2435.45,0,0,0,0,99,4591,1.53953,0.00423455,1.5419,39,0,29,23,28,0,-2,0,0,0.5,56,3603,3949,470,137,35,711,33609,32534,108,2,65,73,1.69341e+06,0,0,0,0,1,218,454,0,489,3632,0,0,0,0,0,0,0,0,400,-415,0,0,40
2435.46,0,0,0,0,99,4596,1.53948,0.00423648,1.54199,39,0,29,23,28,0,-2,0,0,0.4,56,3603,3946,476,137,35,711,33609,32534,108,2,65,73,1.71503e+06,0,0,0,0,1,714,0,0,500,3602,0,0,0,0,0,0,0,0,400,-368,0,0,40
2435.47,0,0,0,0,99,4597,1.53943,0.0042384,1.54208,39,0,29,23,28,0,-2,0,0,0.3,56,3603,3946,476,137,35,711,33609,32534,108,2,65,73,1.71503e+06,0,0,0,0,1,464,0,276,506,3615,0,0,0,0,0,0,0,0,400,-389,0,0,40
2435.48,0,0,0,0,99,4595,1.53937,0.00424033,1.54218,39,0,29,23,28,0,-2,0,0,0.2,56,3606,3946,492,137,35,711,33609,32534,108,2,65,73,1.77415e+06,0,0,0,0,1,0,264,493,500,3600,0,0,0,0,0,0,0,0,400,-426,0,0,40
2435.49,0,0,0,0,99,4599,1.53932,0.00424226,1.54227,39,0,29,23,28,0,-2,0,0,0.1,56,3600,3946,485,137,35,711,33609,32534,108,2,65,73,1.746e+06,0,0,0,0,1,0,649,0,483,3634,0,0,0,0,0,0,0,0,400,-401,0,0,40
2435.5,0,0,0,0,99,4599,1.53927,0.00424418,1.54236,39,0,29,23,28,0,-2,0,0,0,56,3600,3946,480,137,35,711,33596,32553,108,2,65,73,1.728e+06,0,0,0,0,1,0,649,0,483,3613,0,0,0,0,0,0,0,0,400,-431,0,0,40
2435.51,0,0,0,0,99,4603,1.53898,0.00424502,1.54193,39,0,29,23,28,0,-2,0,0,0.1,56,3600,3946,480,137,35,711,33596,32553,108,2,65,73,1.728e+06,0,0,0,0,1,292,440,0,489,3613,0,0,0,0,0,0,0,0,400,-431,0,0,40
2435.52,0,0,0,0,99,4604,1.53869,0.00424585,1.5415,39,0,29,23,28,0,-2,0,0,0.2,56,3607,3946,494,137,35,711,33596,32553,108,2,65,73,1.78186e+06,0,0,0,0,1,695,0,0,493,3611,0,0,0,0,0,0,0,0,400,-373,0,0,40
2435.53,0,0,0,0,99,4605,1.53841,0.00424668,1.54107,39,0,29,23,28,0,-2,0,0,0.3,56,3607,3949,489,137,35,711,33596,32553,108,2,65,73,1.76382e+06,0,0,0,0,1,421,0,517,498,3602,0,0,0,0,0,0,0,0,400,-384,0,0,40
2435.54,0,0,0,0,99,4606,1.53812,0.00424751,1.54064,39,0,29,23,28,0,-2,0,0,0.4,56,3607,3949,497,137,35,711,33596,32553,108,2,65,73,1.79268e+06,0,0,0,0,1,0,0,601,492,3602,0,0,0,0,0,0,0,0,400,-407,0,0,40
2435.55,0,0,0,0,99,4609,1.53783,0.00424834,1.54021,39,0,29,23,28,0,-2,0,0,0.5,56,3607,3949,497,137,35,711,33596,32553,108,2,65,73,1.79268e+06,0,0,0,0,1,0,665,0,490,3649,0,0,0,0,0,0,0,0,400,-389,0,0,40
2435.56,0,0,0,0,99,4609,1.53754,0.00424917,1.53978,39,0,29,23,28,0,-2,0,0,0.6,56,3601,3949,489,137,35,711,33596,32553,108,2,65,73,1.76089e+06,0,0,0,0,1,0,665,0,490,3613,0,0,0,0,0,0,0,0,400,-363,0,0,40
2435.57,0,0,0,0,99,4613,1.53726,0.00425,1.53935,39,0,29,23,28,0,-2,0,0,0.7,56,3606,3949,492,137,35,711,33596,32553,108,2,65,73,1.77415e+06,0,0,0,0,1,265,114,0,487,3613,0,0,0,0,0,0,0,0,400,-363,0,0,40
2435.58,0,0,0,0,99,4612,1.53697,0.00425083,1.53892,39,0,29,23,28,0,-2,0,0,0.8,56,3606,3949,503,137,35,711,33596,32553,108,2,65,73,1.81382e+06,0,0,0,0,1,595,0,210,510,3625,0,0,0,0,0,0,0,0,400,-434,0,0,40
2435.59,0,0,0,0,99,4616,1.53668,0.00425166,1.53849,39,0,29,23,28,0,-2,0,0,0.9,56,3606,3949,503,137,35,711,33596,32553,108,2,65,73,1.81382e+06,0,0,0,0,1,0,0,624,488,3600,0,0,0,0,0,0,0,0,400,-381,0,0,40
2435.6,0,0,0,0,99,4620,1.5364,0.00425249,1.53806,39,0,29,23,29,0,-2,0,0,1,56,3601,3950,485,137,35,711,33601,32611,108,2,65,73,1.74648e+06,0,0,0,0,1,0,598,0,490,3611,0,0,0,0,0,0,0,0,400,-387,0,0,40
2435.61,0,0,0,0,99,4620,1.53668,0.00425045,1.53855,39,0,29,23,29,0,-2,0,0,1,56,3601,3950,488,137,35,711,33601,32611,108,2,65,73,1.75729e+06,0,0,0,0,1,300,457,0,503,3615,0,0,0,0,0,0,0,0,400,-442,0,0,40
2435.62,0,0,0,0,99,4620,1.53696,0.00424841,1.53903,39,0,29,23,29,0,-2,0,0,1,56,3613,3950,496,137,35,711,33601,32611,108,2,65,73,1.79205e+06,0,0,0,0,1,300,457,0,503,3613,0,0,0,0,0,0,0,0,400,-390,0,0,40
2435.63,0,0,0,0,99,4619,1.53724,0.00424637,1.53951,39,0,29,23,29,0,-2,0,0,1,56,3613,3950,496,137,35,711,33601,32611,108,2,65,73,1.79205e+06,0,0,0,0,1,675,0,52,500,3613,0,0,0,0,0,0,0,0,400,-390,0,0,40
2435.64,0,0,0,0,99,4621,1.53752,0.00424433,1.54,39,0,29,23,29,0,-2,0,0,1,56,3604,3950,499,137,35,711,33601,32611,108,2,65,73,1.7984e+06,0,0,0,0,1,0,0,691,487,3598,0,0,0,0,0,0,0,0,400,-397,0,0,40
2435.65,0,0,0,0,99,4626,1.5378,0.00424229,1.54048,39,0,29,23,29,0,-2,0,0,1,56,3604,3950,486,137,35,711,33601,32611,108,2,65,73,1.75154e+06,0,0,0,0,1,0,477,130,486,3600,0,0,0,0,0,0,0,0,400,-379,0,0,40
2435.66,0,0,0,0,99,4630,1.53808,0.00424025,1.54096,39,0,29,23,29,0,-2,0,0,1,56,3604,3950,486,137,35,711,33601,32611,108,2,65,73,1.75154e+06,0,0,0,0,1,288,428,0,487,3611,0,0,0,0,0,0,0,0,400,-421,0,0,40
2435.67,0,0,0,0,99,4630,1.53836,0.00423821,1.54145,39,0,29,23,29,0,-2,0,0,1,56,3604,3950,486,137,35,711,33601,32611,108,2,65,73,1.75154e+06,0,0,0,0,1,522,0,138,504,3625,0,0,0,0,0,0,0,0,400,-386,0,0,40
2435.68,0,0,0,0,99,4630,1.53864,0.00423617,1.54193,39,0,29,23,29,0,-2,0,0,1,56,3605,3950,495,137,35,711,33601,32611,108,2,65,73,1.78448e+06,0,0,0,0,1,522,0,138,504,3591,0,0,0,0,0,0,0,0,400,-408,0,0,40
2435.69,0,0,0,0,99,4627,1.53893,0.00423413,1.54242,39,0,29,23,29,0,-2,0,0,1,56,3605,3950,497,137,35,711,33601,32611,108,2,65,73,1.79168e+06,0,0,0,0,1,0,0,677,503,3591,0,0,0,0,0,0,0,0,400,-408,0,0,40
2435.7,0,0,0,0,99,4628,1.53921,0.00423209,1.5429,39,0,29,23,29,0,-2,0,0,1,56,3602,3950,479,137,35,711,33623,32601,108,2,68,73,1.72536e+06,0,0,0,0,1,0,618,0,489,3625,0,0,0,0,0,0,0,0,400,-387,0,0,40
2435.71,0,0,0,0,99,4632,1.53905,0.00423082,1.54285,39,0,29,23,29,0,-2,0,0,1,56,3602,3950,479,137,35,711,33623,32601,108,2,68,73,1.72536e+06,0,0,0,0,1,378,315,0,502,3611,0,0,0,0,0,0,0,0,400,-401,0,0,40
2435.72,0,0,0,0,99,4632,1.5389,0.00422956,1.54281,39,0,29,23,29,0,-2,0,0,1,56,3602,3950,498,137,35,711,33623,32601,108,2,68,73,1.7938e+06,0,0,0,0,1,462,0,235,505,3622,0,0,0,0,0,0,0,0,400,-437,0,0,40
2435.73,0,0,0,0,99,4633,1.53874,0.00422829,1.54276,39,0,29,23,29,0,-2,0,0,1,56,3602,3950,504,137,35,711,33623,32601,108,2,68,73,1.81541e+06,0,0,0,0,1,0,284,457,505,3596,0,0,0,0,0,0,0,0,400,-427,0,0,40
2435.74,0,0,0,0,99,4633,1.53859,0.00422703,1.54271,39,0,29,23,29,0,-2,0,0,1,56,3602,3950,496,137,35,711,33623,32601,108,2,68,73,1.78659e+06,0,0,0,0,1,0,284,457,505,3647,0,0,0,0,0,0,0,0,400,-391,0,0,40
2435.75,0,0,0,0,99,4635,1.53844,0.00422576,1.54267,39,0,29,23,29,0,-2,0,0,1,56,3602,3950,496,137,35,711,33623,32601,108,2,68,73,1.78659e+06,0,0,0,0,1,0,668,0,503,3647,0,0,0,0,0,0,0,0,400,-391,0,0,40
2435.76,0,0,0,0,99,4636,1.53828,0.0042245,1.54262,39,0,29,23,29,0,-2,0,0,1,56,3599,3950,484,137,35,711,33623,32601,108,2,68,73,1.74192e+06,0,0,0,0,1,685,0,0,506,3602,0,0,0,0,0,0,0,0,400,-422,0,0,40
2435.77,0,0,0,0,99,4635,1.53813,0.00422323,1.54257,39,0,29,23,29,0,-2,0,0,1,56,3599,3950,503,137,35,711,33623,32601,108,2,68,73,1.8103e+06,0,0,0,0,1,173,0,458,500,3628,0,0,0,0,0,0,0,0,400,-379,0,0,40
2435.78,0,0,0,0,99,4632,1.53797,0.00422197,1.54253,39,0,29,23,29,0,-2,0,0,1,56,3603,3950,500,137,35,711,33623,32601,108,2,68,73,1.8015e+06,0,0,0,0,1,0,225,452,511,3596,0,0,0,0,0,0,0,0,400,-460,0,0,40
2435.79,0,0,0,0,99,4633,1.53782,0.0042207,1.54248,39,0,29,23,29,0,-2,0,0,1,56,3603,3950,500,137,35,711,33623,32601,108,2,68,73,1.8015e+06,0,0,0,0,1,0,645,0,487,3622,0,0,0,0,0,0,0,0,400,-385,0,0,40
2435.8,0,0,0,0,99,4633,1.53766,0.00421944,1.54244,39,0,29,23,28,0,-2,0,0,1,56,3596,3950,485,137,35,711,33607,32624,108,2,68,73,1.74406e+06,0,0,0,0,1,0,645,0,487,3596,0,0,0,0,0,0,0,0,400,-386,0,0,40
2435.81,0,0,0,0,99,4635,1.53764,0.00421397,1.54232,39,0,29,23,28,0,-2,0,0,1,56,3596,3950,485,137,35,711,33607,32624,108,2,68,73,1.74406e+06,0,0,0,0,1,654,0,0,487,3596,0,0,0,0,0,0,0,0,400,-386,0,0,40
2435.82,0,0,0,0,99,4635,1.53762,0.0042085,1.5422,39,0,29,23,28,0,-2,0,0,1,56,3607,3950,493,137,35,711,33607,32624,108,2,68,73,1.77825e+06,0,0,0,0,1,0,0,677,500,3585,0,0,0,0,0,0,0,0,400,-409,0,0,40
2435.83,0,0,0,0,99,4629,1.5376,0.00420303,1.54209,39,0,29,23,28,0,-2,0,0,1,56,3607,3950,493,137,35,711,33607,32624,108,2,68,73,1.77825e+06,0,0,0,0,1,0,416,284,502,3587,0,0,0,0,0,0,0,0,400,-402,0,0,40
2435.84,0,0,0,0,99,4629,1.53758,0.00419756,1.54197,39,0,29,23,28,0,-2,0,0,1,56,3607,3952,498,137,35,711,33607,32624,108,2,68,73,1.79629e+06,0,0,0,0,1,273,428,0,490,3608,0,0,0,0,0,0,0,0,400,-413,0,0,40
2435.85,0,0,0,0,99,4629,1.53756,0.00419209,1.54185,39,0,29,23,28,0,-2,0,0,1,56,3607,3952,498,137,35,711,33607,32624,108,2,68,73,1.79629e+06,0,0,0,0,1,554,0,0,488,3622,0,0,0,0,0,0,0,0,400,-369,0,0,40
2435.86,0,0,0,0,99,4629,1.53753,0.00418661,1.54174,39,0,29,23,28,0,-2,0,0,1,56,3596,3952,498,137,35,711,33607,32624,108,2,68,73,1.79081e+06,0,0,0,0,1,554,0,0,488,3570,0,0,0,0,0,0,0,0,400,-406,0,0,40
2435.87,0,0,0,0,99,4629,1.53751,0.00418114,1.54162,39,0,29,23,28,0,-2,0,0,1,56,3596,3952,498,137,35,711,33607,32624,108,2,68,73,1.79081e+06,0,0,0,0,1,0,0,738,498,3570,0,0,0,0,0,0,0,0,400,-406,0,0,40
2435.88,0,0,0,0,99,4626,1.53749,0.00417567,1.5415,39,0,29,23,28,0,-2,0,0,1,56,3605,3952,497,137,35,711,33607,32624,108,2,68,73,1.79168e+06,0,0,0,0,1,0,524,56,512,3591,0,0,0,0,0,0,0,0,400,-395,0,0,40
2435.89,0,0,0,0,99,4621,1.53747,0.0041702,1.54139,39,0,29,23,28,0,-2,0,0,1,56,3605,3952,510,137,35,711,33607,32624,108,2,68,73,1.83855e+06,0,0,0,0,1,275,450,0,500,3617,0,0,0,0,0,0,0,0,400,-428,0,0,40
2435.9,0,0,0,0,99,4621,1.53745,0.00416473,1.54127,39,0,29,23,28,0,-2,0,0,1,56,3605,3952,497,137,35,711,33621,32637,107,2,87,98,1.79168e+06,0,0,0,0,1,591,0,0,492,3613,0,0,0,0,0,0,0,0,400,-381,0,0,40
2435.91,0,0,0,0,99,4623,1.53742,0.00414547,1.54149,39,0,29,23,28,0,-2,0,0,1,56,3605,3952,497,137,35,711,33621,32637,107,2,87,98,1.79168e+06,0,0,0,0,1,0,0,712,506,3583,0,0,0,0,0,0,0,0,400,-423,0,0,40
2435.92,0,0,0,0,99,4623,1.53739,0.0041262,1.54172,39,0,29,23,28,0,-2,0,0,1,56,3596,3951,499,137,35,711,33621,32637,107,2,87,98,1.7944e+06,0,0,0,0,1,0,0,712,506,3593,0,0,0,0,0,0,0,0,400,-392,0,0,40
2435.93,0,0,0,0,99,4619,1.53737,0.00410694,1.54194,39,0,29,23,28,0,-2,0,0,1,56,3596,3951,512,137,35,711,33621,32637,107,2,87,98,1.84115e+06,0,0,0,0,1,0,413,265,506,3593,0,0,0,0,0,0,0,0,400,-392,0,0,40
2435.94,0,0,0,0,99,4616,1.53734,0.00408768,1.54217,39,0,29,23,28,0,-2,0,0,1,56,3602,3951,510,137,35,711,33621,32637,107,2,87,98,1.83702e+06,0,0,0,0,1,240,481,0,510,3606,0,0,0,0,0,0,0,0,400,-432,0,0,40
2435.95,0,0,0,0,99,4615,1.53732,0.00406841,1.54239,39,0,29,23,28,0,-2,0,0,1,56,3602,3951,510,137,35,711,33621,32637,107,2,87,98,1.83702e+06,0,0,0,0,1,683,0,0,492,3589,0,0,0,0,0,0,0,0,400,-387,0,0,40
2435.96,0,0,0,0,99,4612,1.53729,0.00404915,1.54261,39,0,29,23,28,0,-2,0,0,1,56,3597,3951,488,137,35,711,33621,32637,107,2,87,98,1.75534e+06,0,0,0,0,1,109,0,487,495,3608,0,0,0,0,0,0,0,0,400,-394,0,0,40
2435.97,0,0,0,0,99,4611,1.53726,0.00402989,1.54284,39,0,29,23,28,0,-2,0,0,1,56,3597,3951,493,137,35,711,33621,32637,107,2,87,98,1.77332e+06,0,0,0,0,1,0,268,458,503,3593,0,0,0,0,0,0,0,0,400,-437,0,0,40
2435.98,0,0,0,0,99,4611,1.53724,0.00401062,1.54306,39,0,29,23,28,0,-2,0,0,1,56,3597,3951,511,137,35,711,33621,32637,107,2,87,98,1.83807e+06,0,0,0,0,1,0,268,458,503,3593,0,0,0,0,0,0,0,0,400,-418,0,0,40
2435.99,0,0,0,0,99,4607,1.53721,0.00399136,1.54329,39,0,29,23,28,0,-2,0,0,1,56,3597,3951,511,137,35,711,33621,32637,107,2,87,98,1.83807e+06,0,0,0,0,1,273,436,0,499,3617,0,0,0,0,0,0,0,0,400,-418,0,0,40
2436,0,0,0,0,99,4607,1.53719,0.00397209,1.54351,39,0,29,23,28,0,-2,0,0,1,56,3600,3950,499,137,35,711,33565,32617,107,2,68,98,1.7964e+06,0,0,0,0,1,667,0,0,481,3611,0,0,0,0,0,0,0,0,400,-411,0,0,40
2436.01,0,0,0,0,99,4609,1.53738,0.00399343,1.543,39,0,29,23,28,0,-2,0,0,1,56,3600,3950,496,137,35,711,33565,32617,107,2,68,98,1.7856e+06,0,0,0,0,1,458,0,251,487,3630,0,0,0,0,0,0,0,0,400,-414,0,0,40
2436.02,0,0,0,0,99,4606,1.53758,0.00401478,1.54248,39,0,29,23,28,0,-2,0,0,1,56,3594,3950,494,137,35,711,33565,32617,107,2,68,98,1.77544e+06,0,0,0,0,1,0,0,609,499,3585,0,0,0,0,0,0,0,0,400,-373,0,0,40
2436.03,0,0,0,0,99,4601,1.53778,0.00403612,1.54197,39,0,29,23,28,0,-2,0,0,1,56,3594,3950,494,137,35,711,33565,32617,107,2,68,98,1.77544e+06,0,0,0,0,1,0,618,0,505,3600,0,0,0,0,0,0,0,0,400,-404,0,0,40
2436.04,0,0,0,0,99,4601,1.53798,0.00405746,1.54146,39,0,29,23,28,0,-2,0,0,1,56,3596,3950,505,137,35,711,33565,32617,107,2,68,98,1.81598e+06,0,0,0,0,1,0,618,0,505,3628,0,0,0,0,0,0,0,0,400,-401,0,0,40
2436.05,0,0,0,0,99,4601,1.53817,0.0040788,1.54094,39,0,29,23,28,0,-2,0,0,1,56,3596,3950,495,137,35,711,33565,32617,107,2,68,98,1.78002e+06,0,0,0,0,1,0,551,0,481,3628,0,0,0,0,0,0,0,0,400,-401,0,0,40
2436.06,0,0,0,0,99,4603,1.53837,0.00410014,1.54043,39,0,29,23,28,0,-2,0,0,1,56,3601,3950,511,137,35,711,33565,32617,107,2,68,98,1.84011e+06,0,0,0,0,1,634,0,0,489,3596,0,0,0,0,0,0,0,0,400,-418,0,0,40
2436.07,0,0,0,0,99,4606,1.53857,0.00412148,1.53992,39,0,29,23,28,0,-2,0,0,1,56,3601,3950,511,137,35,711,33565,32617,107,2,68,98,1.84011e+06,0,0,0,0,1,462,0,407,484,3647,0,0,0,0,0,0,0,0,400,-376,0,0,40
2436.08,0,0,0,0,100,4603,1.53877,0.00414282,1.5394,39,0,29,23,28,0,-2,0,0,1,56,3601,3950,504,137,35,711,33565,32617,107,2,68,98,1.8149e+06,0,0,0,0,1,0,122,546,505,3591,0,0,0,0,0,0,0,0,400,-391,0,0,40
2436.09,0,0,0,0,100,4599,1.53896,0.00416416,1.53889,39,0,29,23,28,0,-2,0,0,1,56,3601,3950,521,137,35,711,33565,32617,107,2,68,98,1.87612e+06,0,0,0,0,1,0,670,0,506,3641,0,0,0,0,0,0,0,0,400,-411,0,0,40
2436.1,0,0,0,0,100,4599,1.53916,0.0041855,1.53838,39,0,29,23,28,0,-2,0,0,1,56,3598,3950,498,137,35,711,33587,32557,108,2,65,73,1.7918e+06,0,0,0,0,1,0,670,0,506,3613,0,0,0,0,0,0,0,0,400,-418,0,0,40
2436.11,0,0,0,0,99,4599,1.53905,0.00419159,1.53864,39,0,29,23,28,0,-2,0,0,1,56,3598,3950,498,137,35,711,33587,32557,108,2,65,73,1.7918e+06,0,0,0,0,1,253,451,0,484,3613,0,0,0,0,0,0,0,0,400,-418,0,0,40
2436.12,0,0,0,0,99,4602,1.53894,0.00419767,1.5389,39,0,29,23,28,0,-2,0,0,1,56,3594,3950,501,137,35,711,33587,32557,108,2,65,73,1.80059e+06,0,0,0,0,1,685,0,0,484,3602,0,0,0,0,0,0,0,0,400,-384,0,0,40
2436.13,0,0,0,0,99,4601,1.53883,0.00420376,1.53917,39,0,29,23,28,0,-2,0,0,1,56,3594,3950,509,137,35,711,33587,32557,108,2,65,73,1.82935e+06,0,0,0,0,1,462,0,489,494,3622,0,0,0,0,0,0,0,0,400,-372,0,0,40
2436.14,0,0,0,0,99,4601,1.53872,0.00420984,1.53943,39,0,29,23,28,0,-2,0,0,1,56,3594,3950,520,137,35,711,33587,32557,108,2,65,73,1.86888e+06,0,0,0,0,1,0,169,486,484,3604,0,0,0,0,0,0,0,0,400,-379,0,0,40
2436.15,0,0,0,0,99,4603,1.53861,0.00421593,1.5397,39,0,29,23,28,0,-2,0,0,1,56,3594,3950,520,137,35,711,33587,32557,108,2,65,73,1.86888e+06,0,0,0,0,1,0,651,0,487,3663,0,0,0,0,0,0,0,0,400,-394,0,0,40
2436.16,0,0,0,0,99,4603,1.5385,0.00422201,1.53996,39,0,29,23,28,0,-2,0,0,1,56,3595,3950,498,137,35,711,33587,32557,108,2,65,73,1.79031e+06,0,0,0,0,1,0,651,0,487,3596,0,0,0,0,0,0,0,0,400,-428,0,0,40
2436.17,0,0,0,0,99,4603,1.53839,0.0042281,1.54023,39,0,29,23,28,0,-2,0,0,1,56,3595,3950,501,137,35,711,33587,32557,108,2,65,73,1.8011e+06,0,0,0,0,1,300,434,0,492,3596,0,0,0,0,0,0,0,0,400,-428,0,0,40
2436.18,0,0,0,0,99,4603,1.53828,0.00423418,1.54049,39,0,29,23,28,0,-2,0,0,1,56,3595,3950,501,137,35,711,33587,32557,108,2,65,73,1.8011e+06,0,0,0,0,1,722,0,0,498,3624,0,0,0,0,0,0,0,0,400,-373,0,0,40
2436.19,0,0,0,0,99,4602,1.53817,0.00424027,1.54075,39,0,29,23,28,0,-2,0,0,1,56,3595,3950,501,137,35,711,33587,32557,108,2,65,73,1.8011e+06,0,0,0,0,1,372,0,562,510,3585,0,0,0,0,0,0,0,0,400,-420,0,0,40
2436.2,0,0,0,0,99,4603,1.53806,0.00424635,1.54102,39,0,29,23,29,0,-2,0,0,1,56,3603,3950,500,137,35,711,33625,32584,107,2,87,73,1.8015e+06,0,0,0,0,1,0,268,462,492,3591,0,0,0,0,0,0,0,0,400,-410,0,0,40
2436.21,0,0,0,0,99,4609,1.53799,0.00421196,1.54134,39,0,29,23,29,0,-2,0,0,1,56,3592,3950,495,137,35,711,33625,32584,107,2,87,73,1.77804e+06,0,0,0,0,1,0,643,0,493,3647,0,0,0,0,0,0,0,0,400,-377,0,0,40
2436.22,0,0,0,0,99,4609,1.53792,0.00417756,1.54166,39,0,29,23,29,0,-2,0,0,1,56,3592,3950,489,137,35,711,33625,32584,107,2,87,73,1.75649e+06,0,0,0,0,1,0,643,0,493,3598,0,0,0,0,0,0,0,0,400,-389,0,0,40
2436.23,0,0,0,0,99,4609,1.53785,0.00414317,1.54197,39,0,29,23,29,0,-2,0,0,1,56,3592,3950,489,137,35,711,33625,32584,107,2,87,73,1.75649e+06,0,0,0,0,1,312,102,0,506,3598,0,0,0,0,0,0,0,0,400,-389,0,0,40
2436.24,0,0,0,0,99,4605,1.53778,0.00410877,1.54229,39,0,29,23,29,0,-2,0,0,1,56,3596,3948,503,137,35,711,33625,32584,107,2,87,73,1.80879e+06,0,0,0,0,1,452,0,279,509,3641,0,0,0,0,0,0,0,0,400,-418,0,0,40
2436.25,0,0,0,0,99,4608,1.53771,0.00407438,1.54261,39,0,29,23,29,0,-2,0,0,1,56,3596,3948,515,137,35,711,33625,32584,107,2,87,73,1.85194e+06,0,0,0,0,1,0,0,706,489,3585,0,0,0,0,0,0,0,0,400,-420,0,0,40
2436.26,0,0,0,0,100,4611,1.53764,0.00403998,1.54293,39,0,29,23,29,0,-2,0,0,1,56,3596,3948,504,137,35,711,33625,32584,107,2,87,73,1.81238e+06,0,0,0,0,1,0,436,216,483,3591,0,0,0,0,0,0,0,0,400,-385,0,0,40
2436.27,0,0,0,0,99,4616,1.53757,0.00400559,1.54325,39,0,29,23,29,0,-2,0,0,1,56,3596,3948,504,137,35,711,33625,32584,107,2,87,73,1.81238e+06,0,0,0,0,1,0,469,0,491,3617,0,0,0,0,0,0,0,0,400,-401,0,0,40
2436.28,0,0,0,0,99,4616,1.53749,0.00397119,1.54357,39,0,29,23,29,0,-2,0,0,1,56,3599,3948,491,137,35,711,33625,32584,107,2,87,73,1.76711e+06,0,0,0,0,1,0,469,0,491,3581,0,0,0,0,0,0,0,0,400,-408,0,0,40
2436.29,0,0,0,0,99,4615,1.53742,0.0039368,1.54389,39,0,29,23,29,0,-2,0,0,1,56,3599,3948,505,137,35,711,33625,32584,107,2,87,73,1.8175e+06,0,0,0,0,1,697,0,0,500,3581,0,0,0,0,0,0,0,0,400,-408,0,0,40
2436.3,0,0,0,0,99,4612,1.53735,0.0039024,1.54421,39,0,29,23,28,0,-2,0,0,1,56,3599,3948,503,137,35,711,33579,32622,108,2,65,98,1.8103e+06,0,0,0,0,1,458,0,247,495,3613,0,0,0,0,0,0,0,0,400,-359,0,0,40
2436.31,0,0,0,0,99,4615,1.53707,0.00393194,1.5441,39,0,29,23,28,0,-2,0,0,0.9,56,3599,3948,503,137,35,711,33579,32622,108,2,65,98,1.8103e+06,0,0,0,0,1,0,245,462,488,3591,0,0,0,0,0,0,0,0,400,-430,0,0,40
2436.32,0,0,0,0,99,4619,1.53678,0.00396147,1.54399,39,0,29,23,28,0,-2,0,0,0.8,56,3598,3948,486,137,35,711,33579,32622,108,2,65,98,1.74863e+06,0,0,0,0,1,0,571,0,479,3651,0,0,0,0,0,0,0,0,400,-346,0,0,40
2436.33,0,0,0,0,99,4618,1.5365,0.003991,1.54389,39,0,29,23,28,0,-2,0,0,0.7,56,3598,3948,512,137,35,711,33579,32622,108,2,65,98,1.84218e+06,0,0,0,0,1,656,0,0,503,3600,0,0,0,0,0,0,0,0,400,-407,0,0,40
2436.34,0,0,0,0,99,4618,1.53621,0.00402053,1.54378,39,0,29,23,28,0,-2,0,0,0.6,56,3596,3948,512,137,35,711,33579,32622,108,2,65,98,1.84115e+06,0,0,0,0,1,656,0,0,503,3634,0,0,0,0,0,0,0,0,400,-427,0,0,40
2436.35,0,0,0,0,99,4619,1.53593,0.00405006,1.54368,39,0,29,23,28,0,-2,0,0,0.5,56,3596,3948,512,137,35,711,33579,32622,108,2,65,98,1.84115e+06,0,0,0,0,1,451,0,288,498,3634,0,0,0,0,0,0,0,0,400,-427,0,0,40
2436.36,0,0,0,0,99,4622,1.53564,0.0040796,1.54357,39,0,29,23,28,0,-2,0,0,0.4,56,3594,3948,501,137,35,711,33579,32622,108,2,65,98,1.80059e+06,0,0,0,0,1,0,161,486,492,3606,0,0,0,0,0,0,0,0,400,-381,0,0,40
2436.37,0,0,0,0,100,4623,1.53536,0.00410913,1.54347,39,0,29,23,28,0,-2,0,0,0.3,56,3594,3948,495,137,35,711,33579,32622,108,2,65,98,1.77903e+06,0,0,0,0,1,0,678,0,505,3639,0,0,0,0,0,0,0,0,400,-396,0,0,40
2436.38,0,0,0,0,100,4621,1.53508,0.00413866,1.54336,39,0,29,23,28,0,-2,0,0,0.2,56,3594,3948,495,137,35,711,33579,32622,108,2,65,98,1.77903e+06,0,0,0,0,1,574,12,0,503,3596,0,0,0,0,0,0,0,0,400,-392,0,0,40
2436.39,0,0,0,0,99,4621,1.53479,0.00416819,1.54326,39,0,29,23,28,0,-2,0,0,0.1,56,3594,3948,495,137,35,711,33579,32622,108,2,65,98,1.77903e+06,0,0,0,0,1,433,0,267,509,3628,0,0,0,0,0,0,0,0,400,-435,0,0,40
2436.4,0,0,0,0,99,4621,1.53451,0.00419773,1.54315,39,0,29,23,28,0,-2,0,0,0,56,3602,3952,503,137,35,711,33625,32609,108,2,87,73,1.81181e+06,0,0,0,0,1,433,0,267,509,3591,0,0,0,0,0,0,0,0,400,-382,0,0,40
2436.41,0,0,0,0,99,4623,1.53506,0.00416914,1.54265,39,0,29,23,28,0,-2,0,0,0.1,56,3594,3952,498,137,35,711,33625,32609,108,2,87,73,1.78981e+06,0,0,0,0,1,0,28,558,491,3591,0,0,0,0,0,0,0,0,400,-382,0,0,40
2436.42,0,0,0,0,99,4628,1.53562,0.00414056,1.54215,39,0,29,23,28,0,-2,0,0,0.2,56,3594,3952,492,137,35,711,33625,32609,108,2,87,73,1.76825e+06,0,0,0,0,1,0,717,0,495,3645,0,0,0,0,0,0,0,0,400,-420,0,0,40
2436.43,0,0,0,0,99,4628,1.53618,0.00411198,1.54165,39,0,29,23,28,0,-2,0,0,0.3,56,3594,3952,492,137,35,711,33625,32609,108,2,87,73,1.76825e+06,0,0,0,0,1,581,8,0,506,3598,0,0,0,0,0,0,0,0,400,-396,0,0,40
2436.44,0,0,0,0,100,4623,1.53673,0.0040834,1.54114,39,0,29,23,28,0,-2,0,0,0.4,56,3599,3952,500,137,35,711,33625,32609,108,2,87,73,1.7995e+06,0,0,0,0,1,454,0,270,514,3625,0,0,0,0,0,0,0,0,400,-393,0,0,40
2436.45,0,0,0,0,99,4623,1.53729,0.00405482,1.54064,39,0,29,23,28,0,-2,0,0,0.5,56,3599,3952,486,137,35,711,33625,32609,108,2,87,73,1.74911e+06,0,0,0,0,1,0,71,542,488,3591,0,0,0,0,0,0,0,0,400,-426,0,0,40
2436.46,0,0,0,0,99,4623,1.53785,0.00402624,1.54014,39,0,29,23,28,0,-2,0,0,0.6,56,3597,3952,494,137,35,711,33625,32609,108,2,87,73,1.77692e+06,0,0,0,0,1,0,71,542,488,3647,0,0,0,0,0,0,0,0,400,-363,0,0,40
2436.47,0,0,0,0,99,4626,1.53841,0.00399766,1.53964,39,0,29,23,28,0,-2,0,0,0.7,56,3597,3952,494,137,35,711,33625,32609,108,2,87,73,1.77692e+06,0,0,0,0,1,0,680,0,495,3647,0,0,0,0,0,0,0,0,400,-363,0,0,40
2436.48,0,0,0,0,99,4627,1.53896,0.00396908,1.53914,39,0,29,23,28,0,-2,0,0,0.8,56,3597,3952,498,137,35,711,33625,32609,108,2,87,73,1.79131e+06,0,0,0,0,1,554,35,0,493,3604,0,0,0,0,0,0,0,0,400,-417,0,0,40
2436.49,0,0,0,0,99,4625,1.53952,0.00394049,1.53863,39,0,29,23,28,0,-2,0,0,0.9,56,3599,3952,500,137,35,711,33625,32609,108,2,87,73,1.7995e+06,0,0,0,0,1,0,0,700,502,3593,0,0,0,0,0,0,0,0,400,-390,0,0,40
2436.5,0,0,0,0,99,4623,1.54008,0.00391191,1.53813,39,0,29,23,29,0,-2,0,0,1,56,3599,3952,510,137,35,711,33616,32550,108,2,65,98,1.83549e+06,0,0,0,0,1,0,249,464,506,3593,0,0,0,0,0,0,0,0,400,-437,0,0,40
2436.51,0,0,0,0,99,4624,1.53976,0.00391462,1.53835,39,0,29,23,29,0,-2,0,0,1,56,3599,3952,510,137,35,711,33616,32550,108,2,65,98,1.83549e+06,0,0,0,0,1,0,567,0,492,3637,0,0,0,0,0,0,0,0,400,-378,0,0,40
2436.52,0,0,0,0,99,4624,1.53945,0.00391733,1.53857,39,0,29,23,29,0,-2,0,0,1,56,3595,3952,495,137,35,711,33616,32550,108,2,65,98,1.77952e+06,0,0,0,0,1,0,567,0,492,3587,0,0,0,0,0,0,0,0,400,-429,0,0,40
2436.53,0,0,0,0,99,4626,1.53913,0.00392003,1.53879,39,0,29,23,29,0,-2,0,0,1,56,3595,3952,492,137,35,711,33616,32550,108,2,65,98,1.76874e+06,0,0,0,0,1,726,0,0,499,3587,0,0,0,0,0,0,0,0,400,-429,0,0,40
2436.54,0,0,0,0,99,4622,1.53882,0.00392274,1.53902,39,0,29,23,29,0,-2,0,0,1,56,3604,3952,504,137,35,711,33616,32550,108,2,65,98,1.81642e+06,0,0,0,0,1,114,0,499,506,3617,0,0,0,0,0,0,0,0,400,-388,0,0,40
2436.55,0,0,0,0,99,4621,1.5385,0.00392544,1.53924,39,0,29,23,29,0,-2,0,0,1,56,3604,3952,504,137,35,711,33616,32550,108,2,65,98,1.81642e+06,0,0,0,0,1,0,252,481,496,3598,0,0,0,0,0,0,0,0,400,-438,0,0,40
2436.56,0,0,0,0,99,4623,1.53819,0.00392815,1.53946,39,0,29,23,29,0,-2,0,0,1,56,3604,3952,492,137,35,711,33616,32550,108,2,65,98,1.77317e+06,0,0,0,0,1,0,569,0,492,3639,0,0,0,0,0,0,0,0,400,-357,0,0,40
2436.57,0,0,0,0,99,4622,1.53787,0.00393086,1.53968,39,0,29,23,29,0,-2,0,0,1,56,3591,3952,495,137,35,711,33616,32550,108,2,65,98,1.77754e+06,0,0,0,0,1,671,0,0,497,3598,0,0,0,0,0,0,0,0,400,-405,0,0,40
2436.58,0,0,0,0,99,4622,1.53756,0.00393356,1.5399,39,0,29,23,29,0,-2,0,0,1,56,3591,3952,496,137,35,711,33616,32550,108,2,65,98,1.78114e+06,0,0,0,0,1,671,0,0,497,3637,0,0,0,0,0,0,0,0,400,-414,0,0,40
2436.59,0,0,0,0,99,4619,1.53724,0.00393627,1.54012,39,0,29,23,29,0,-2,0,0,1,56,3591,3952,496,137,35,711,33616,32550,108,2,65,98,1.78114e+06,0,0,0,0,1,331,0,380,506,3637,0,0,0,0,0,0,0,0,400,-414,0,0,40
2436.6,0,0,0,0,99,4618,1.53693,0.00393897,1.54034,39,0,29,23,29,0,-2,0,0,1,56,3605,3952,510,137,35,711,33639,32549,108,2,65,73,1.83855e+06,0,0,0,0,1,0,182,476,498,3587,0,0,0,0,0,0,0,0,400,-408,0,0,40
2436.61,0,0,0,0,99,4616,1.53704,0.00394917,1.54029,39,0,29,23,29,0,-2,0,0,1,56,3598,3952,491,137,35,711,33639,32549,108,2,65,73,1.76662e+06,0,0,0,0,1,0,673,0,489,3649,0,0,0,0,0,0,0,0,400,-393,0,0,40
2436.62,0,0,0,0,99,4619,1.53716,0.00395938,1.54024,39,0,29,23,29,0,-2,0,0,1,56,3598,3952,496,137,35,711,33639,32549,108,2,65,73,1.78461e+06,0,0,0,0,1,519,53,0,487,3602,0,0,0,0,0,0,0,0,400,-370,0,0,40
2436.63,0,0,0,0,99,4617,1.53727,0.00396958,1.54018,39,0,29,23,29,0,-2,0,0,1,56,3598,3952,496,137,35,711,33639,32549,108,2,65,73,1.78461e+06,0,0,0,0,1,470,0,247,500,3628,0,0,0,0,0,0,0,0,400,-425,0,0,40
2436.64,0,0,0,0,99,4617,1.53739,0.00397978,1.54013,39,0,29,23,29,0,-2,0,0,1,56,3598,3957,515,137,35,711,33639,32549,108,2,65,73,1.85297e+06,0,0,0,0,1,470,0,247,500,3608,0,0,0,0,0,0,0,0,400,-373,0,0,40
2436.65,0,0,0,0,99,4610,1.5375,0.00398998,1.54008,39,0,29,23,29,0,-2,0,0,1,56,3602,3957,501,137,35,711,33639,32549,108,2,65,73,1.8046e+06,0,0,0,0,1,0,0,616,503,3608,0,0,0,0,0,0,0,0,400,-373,0,0,40
2436.66,0,0,0,0,100,4609,1.53762,0.00400018,1.54003,39,0,29,23,29,0,-2,0,0,1,56,3602,3957,499,137,35,711,33639,32549,108,2,65,73,1.7974e+06,0,0,0,0,1,0,530,30,492,3596,0,0,0,0,0,0,0,0,400,-380,0,0,40
2436.67,0,0,0,0,100,4611,1.53773,0.00401038,1.53998,39,0,29,23,29,0,-2,0,0,1,56,3602,3957,499,137,35,711,33639,32549,108,2,65,73,1.7974e+06,0,0,0,0,1,251,471,0,496,3608,0,0,0,0,0,0,0,0,400,-430,0,0,40
2436.68,0,0,0,0,99,4611,1.53785,0.00402058,1.53992,39,0,29,23,29,0,-2,0,0,1,56,3595,3957,515,137,35,711,33639,32549,108,2,65,73,1.85142e+06,0,0,0,0,1,621,0,0,496,3602,0,0,0,0,0,0,0,0,400,-373,0,0,40
2436.69,0,0,0,0,99,4609,1.53796,0.00403078,1.53987,39,0,29,23,29,0,-2,0,0,1,56,3595,3957,500,137,35,711,33639,32549,108,2,65,73,1.7975e+06,0,0,0,0,1,5,0,568,511,3581,0,0,0,0,0,0,0,0,400,-383,0,0,40
2436.7,0,0,0,0,99,4609,1.53808,0.00404098,1.53982,39,0,29,23,28,0,-2,0,0,1,56,3597,3957,510,137,35,711,33549,32448,108,2,65,73,1.83447e+06,0,0,0,0,1,5,0,568,511,3585,0,0,0,0,0,0,0,0,400,-442,0,0,40
2436.71,0,0,0,0,99,4606,1.53786,0.00406371,1.53973,39,0,29,23,28,0,-2,0,0,1,56,3597,3957,510,137,35,711,33549,32448,108,2,65,73,1.83447e+06,0,0,0,0,1,0,245,472,504,3585,0,0,0,0,0,0,0,0,400,-442,0,0,40
2436.72,0,0,0,0,99,4606,1.53764,0.00408643,1.53964,39,0,29,23,28,0,-2,0,0,1,56,3597,3957,485,137,35,711,33549,32448,108,2,65,73,1.74454e+06,0,0,0,0,1,0,643,0,491,3639,0,0,0,0,0,0,0,0,400,-377,0,0,40
2436.73,0,0,0,0,99,4607,1.53742,0.00410916,1.53955,39,0,29,23,28,0,-2,0,0,1,56,3590,3957,506,137,35,711,33549,32448,108,2,65,73,1.81654e+06,0,0,0,0,1,460,131,0,484,3611,0,0,0,0,0,0,0,0,400,-363,0,0,40
2436.74,0,0,0,0,99,4604,1.53719,0.00413188,1.53946,39,0,29,23,28,0,-2,0,0,1,56,3590,3957,495,137,35,711,33549,32448,108,2,65,73,1.77705e+06,0,0,0,0,1,481,0,263,503,3632,0,0,0,0,0,0,0,0,400,-427,0,0,40
2436.75,0,0,0,0,99,4604,1.53697,0.00415461,1.53937,39,0,29,23,28,0,-2,0,0,1,56,3590,3957,495,137,35,711,33549,32448,108,2,65,73,1.77705e+06,0,0,0,0,1,0,0,685,489,3593,0,0,0,0,0,0,0,0,400,-404,0,0,40
2436.76,0,0,0,0,100,4604,1.53675,0.00417733,1.53929,39,0,29,23,28,0,-2,0,0,1,56,3594,3957,504,137,35,711,33549,32448,108,2,65,73,1.81138e+06,0,0,0,0,1,0,0,685,489,3596,0,0,0,0,0,0,0,0,400,-413,0,0,40
2436.77,0,0,0,0,99,4606,1.53653,0.00420006,1.5392,39,0,29,23,28,0,-2,0,0,1,56,3591,3957,494,137,35,711,33549,32448,108,2,65,73,1.77395e+06,0,0,0,0,1,0,299,457,484,3596,0,0,0,0,0,0,0,0,400,-413,0,0,40
2436.78,0,0,0,0,99,4606,1.53631,0.00422278,1.53911,39,0,29,23,28,0,-2,0,0,1,56,3591,3957,501,137,35,711,33549,32448,108,2,65,73,1.79909e+06,0,0,0,0,1,23,536,0,495,3619,0,0,0,0,0,0,0,0,400,-366,0,0,40
2436.79,0,0,0,0,99,4602,1.53609,0.00424551,1.53902,39,0,29,23,28,0,-2,0,0,1,56,3591,3957,501,137,35,711,33549,32448,108,2,65,73,1.79909e+06,0,0,0,0,1,656,0,0,499,3604,0,0,0,0,0,0,0,0,400,-415,0,0,40
2436.8,0,0,0,0,99,4600,1.53587,0.00426823,1.53893,39,0,29,23,28,0,-2,0,0,1,57,3591,3956,499,137,35,711,33517,32414,108,2,65,98,1.79191e+06,0,0,0,0,1,540,0,54,489,3625,0,0,0,0,0,0,0,0,400,-428,0,0,40
2436.81,0,0,0,0,99,4602,1.53593,0.00422603,1.53914,39,0,29,23,28,0,-2,0,0,1,57,3595,3956,511,137,35,711,33517,32414,108,2,65,98,1.83704e+06,0,0,0,0,1,0,0,665,484,3585,0,0,0,0,0,0,0,0,400,-396,0,0,40
2436.82,0,0,0,0,99,4602,1.53599,0.00418382,1.53934,39,0,29,23,28,0,-2,0,0,1,57,3595,3956,489,137,35,711,33517,32414,108,2,65,98,1.75796e+06,0,0,0,0,1,0,0,665,484,3596,0,0,0,0,0,0,0,0,400,-386,0,0,40
2436.83,0,0,0,0,99,4606,1.53605,0.00414161,1.53955,39,0,29,23,28,0,-2,0,0,1,57,3595,3956,489,137,35,711,33517,32414,108,2,65,98,1.75796e+06,0,0,0,0,1,0,475,164,484,3596,0,0,0,0,0,0,0,0,400,-386,0,0,40
2436.84,0,0,0,0,99,4606,1.53611,0.0040994,1.53975,39,0,29,23,28,0,-2,0,0,1,57,3594,3956,514,137,35,711,33517,32414,108,2,65,98,1.84732e+06,0,0,0,0,1,199,471,0,508,3624,0,0,0,0,0,0,0,0,400,-397,0,0,40
2436.85,0,0,0,0,100,4601,1.53617,0.0040572,1.53996,39,0,29,23,28,0,-2,0,0,1,57,3594,3956,509,137,35,711,33517,32414,108,2,65,98,1.82935e+06,0,0,0,0,1,738,0,0,511,3581,0,0,0,0,0,0,0,0,400,-440,0,0,40
2436.86,0,0,0,0,99,4600,1.53622,0.00401499,1.54016,39,0,29,23,28,0,-2,0,0,1,57,3594,3956,501,137,35,711,33517,32414,108,2,65,98,1.80059e+06,0,0,0,0,1,460,0,263,493,3634,0,0,0,0,0,0,0,0,400,-406,0,0,40
2436.87,0,0,0,0,99,4605,1.53628,0.00397278,1.54036,39,0,29,23,28,0,-2,0,0,1,57,3594,3956,501,137,35,711,33517,32414,108,2,65,98,1.80059e+06,0,0,0,0,1,0,0,595,495,3581,0,0,0,0,0,0,0,0,400,-394,0,0,40
2436.88,0,0,0,0,99,4605,1.53634,0.00393057,1.54057,39,0,29,23,28,0,-2,0,0,1,57,3598,3956,500,137,35,711,33517,32414,108,2,65,98,1.799e+06,0,0,0,0,1,0,0,595,495,3596,0,0,0,0,0,0,0,0,400,-398,0,0,40
2436.89,0,0,0,0,99,4606,1.5364,0.00388837,1.54077,39,0,29,23,28,0,-2,0,0,1,57,3598,3956,505,137,35,711,33517,32414,108,2,65,98,1.81699e+06,0,0,0,0,1,0,615,0,493,3596,0,0,0,0,0,0,0,0,400,-398,0,0,40
2436.9,0,0,0,0,99,4607,1.53646,0.00384616,1.54098,39,0,29,23,29,0,-2,0,0,1,56,3598,3956,510,137,35,711,33588,32477,108,2,65,98,1.83498e+06,0,0,0,0,1,246,475,0,502,3608,0,0,0,0,0,0,0,0,400,-429,0,0,40
2436.91,0,0,0,0,99,4605,1.53666,0.00386493,1.54076,39,0,29,23,29,0,-2,0,0,1,56,3598,3956,510,137,35,711,33588,32477,108,2,65,98,1.83498e+06,0,0,0,0,1,665,0,0,489,3589,0,0,0,0,0,0,0,0,400,-392,0,0,40
2436.92,0,0,0,0,99,4605,1.53687,0.00388371,1.54054,39,0,29,23,29,0,-2,0,0,1,56,3593,3956,499,137,35,711,33588,32477,108,2,65,98,1.79291e+06,0,0,0,0,1,117,0,470,490,3613,0,0,0,0,0,0,0,0,400,-374,0,0,40
2436.93,0,0,0,0,99,4608,1.53707,0.00390248,1.54032,39,0,29,23,29,0,-2,0,0,1,56,3593,3956,485,137,35,711,33588,32477,108,2,65,98,1.7426e+06,0,0,0,0,1,0,199,489,495,3585,0,0,0,0,0,0,0,0,400,-418,0,0,40
2436.94,0,0,0,0,99,4608,1.53727,0.00392126,1.5401,39,0,29,23,29,0,-2,0,0,1,56,3596,3956,501,137,35,711,33588,32477,108,2,65,98,1.8016e+06,0,0,0,0,1,0,199,489,495,3641,0,0,0,0,0,0,0,0,400,-416,0,0,40
2436.95,0,0,0,0,100,4606,1.53747,0.00394003,1.53988,39,0,29,23,29,0,-2,0,0,1,56,3596,3956,501,137,35,711,33588,32477,108,2,65,98,1.8016e+06,0,0,0,0,1,0,709,0,509,3641,0,0,0,0,0,0,0,0,400,-416,0,0,40
2436.96,0,0,0,0,99,4607,1.53767,0.0039588,1.53966,39,0,29,23,29,0,-2,0,0,1,56,3596,3956,495,137,35,711,33588,32477,108,2,65,98,1.78002e+06,0,0,0,0,1,378,281,0,489,3600,0,0,0,0,0,0,0,0,400,-383,0,0,40
2436.97,0,0,0,0,99,4612,1.53788,0.00397758,1.53944,39,0,29,23,29,0,-2,0,0,1,56,3592,3956,492,137,35,711,33588,32477,108,2,65,98,1.76726e+06,0,0,0,0,1,466,0,146,484,3630,0,0,0,0,0,0,0,0,400,-420,0,0,40
2436.98,0,0,0,0,99,4612,1.53808,0.00399635,1.53922,39,0,29,23,29,0,-2,0,0,1,56,3592,3956,501,137,35,711,33588,32477,108,2,65,98,1.79959e+06,0,0,0,0,1,0,0,703,502,3572,0,0,0,0,0,0,0,0,400,-372,0,0,40
2436.99,0,0,0,0,99,4610,1.53828,0.00401513,1.539,39,0,29,23,29,0,-2,0,0,1,56,3592,3956,501,137,35,711,33588,32477,108,2,65,98,1.79959e+06,0,0,0,0,1,0,673,0,510,3634,0,0,0,0,0,0,0,0,400,-394,0,0,40
2437,0,0,0,0,99,4610,1.53848,0.0040339,1.53878,39,0,29,23,29,0,-2,0,0,1,56,3600,3956,509,137,35,711,33595,32567,108,2,82,73,1.8324e+06,0,0,0,0,1,0,673,0,510,3608,0,0,0,0,0,0,0,0,400,-425,0,0,40
2437.01,0,0,0,0,100,4609,1.53838,0.00403344,1.53897,39,0,29,23,29,0,-2,0,0,1,56,3600,3956,504,137,35,711,33595,32567,108,2,82,73,1.8144e+06,0,0,0,0,1,179,454,0,490,3608,0,0,0,0,0,0,0,0,400,-425,0,0,40
2437.02,0,0,0,0,99,4612,1.53828,0.00403298,1.53916,39,0,29,23,29,0,-2,0,0,1,56,3595,3956,506,137,35,711,33595,32567,108,2,82,73,1.81907e+06,0,0,0,0,1,587,0,0,492,3617,0,0,0,0,0,0,0,0,400,-370,0,0,40
2437.03,0,0,0,0,99,4618,1.53818,0.00403252,1.53935,39,0,29,23,29,0,-2,0,0,1,56,3595,3956,506,137,35,711,33595,32567,108,2,82,73,1.81907e+06,0,0,0,0,1,0,0,675,484,3578,0,0,0,0,0,0,0,0,400,-406,0,0,40
2437.04,0,0,0,0,99,4619,1.53807,0.00403206,1.53954,39,0,29,23,29,0,-2,0,0,1,56,3600,3951,490,137,35,711,33595,32567,108,2,82,73,1.764e+06,0,0,0,0,1,0,380,343,499,3598,0,0,0,0,0,0,0,0,400,-422,0,0,40
2437.05,0,0,0,0,99,4615,1.53797,0.0040316,1.53973,39,0,29,23,29,0,-2,0,0,1,56,3600,3951,504,137,35,711,33595,32567,108,2,82,73,1.8144e+06,0,0,0,0,1,0,610,0,506,3617,0,0,0,0,0,0,0,0,400,-388,0,0,40
2437.06,0,0,0,0,99,4615,1.53787,0.00403114,1.53991,39,0,29,23,29,0,-2,0,0,1,56,3600,3951,505,137,35,711,33595,32567,108,2,82,73,1.818e+06,0,0,0,0,1,0,610,0,506,3589,0,0,0,0,0,0,0,0,400,-421,0,0,40
2437.07,0,0,0,0,99,4614,1.53777,0.00403068,1.5401,39,0,29,23,29,0,-2,0,0,1,56,3600,3951,505,137,35,711,33595,32567,108,2,82,73,1.818e+06,0,0,0,0,1,714,0,0,489,3589,0,0,0,0,0,0,0,0,400,-421,0,0,40
2437.08,0,0,0,0,99,4619,1.53766,0.00403022,1.54029,39,0,29,23,29,0,-2,0,0,1,56,3592,3951,504,137,35,711,33595,32567,108,2,82,73,1.81037e+06,0,0,0,0,1,146,0,445,475,3625,0,0,0,0,0,0,0,0,400,-365,0,0,40
2437.09,0,0,0,0,99,4620,1.53756,0.00402976,1.54048,39,0,29,23,29,0,-2,0,0,1,56,3592,3951,514,137,35,711,33595,32567,108,2,82,73,1.84629e+06,0,0,0,0,1,0,249,478,503,3581,0,0,0,0,0,0,0,0,400,-442,0,0,40
2437.1,0,0,0,0,99,4620,1.53746,0.0040293,1.54067,39,0,29,23,28,0,-2,0,0,1,56,3592,3951,512,137,35,711,33536,32478,107,2,65,98,1.8391e+06,0,0,0,0,1,0,610,0,500,3643,0,0,0,0,0,0,0,0,400,-372,0,0,40
2437.11,0,0,0,0,99,4620,1.53737,0.0040209,1.54071,39,0,29,23,28,0,-2,0,0,1,56,3592,3951,512,137,35,711,33536,32478,107,2,65,98,1.8391e+06,0,0,0,0,1,650,0,0,500,3604,0,0,0,0,0,0,0,0,400,-405,0,0,40
2437.12,0,0,0,0,99,4620,1.53727,0.0040125,1.54075,39,0,29,23,28,0,-2,0,0,1,56,3597,3953,497,137,35,711,33536,32478,107,2,65,98,1.78771e+06,0,0,0,0,1,650,0,0,500,3619,0,0,0,0,0,0,0,0,400,-431,0,0,40
2437.13,0,0,0,0,100,4620,1.53718,0.0040041,1.54078,39,0,29,23,28,0,-2,0,0,1,56,3597,3953,481,137,35,711,33536,32478,107,2,65,98,1.73016e+06,0,0,0,0,1,431,0,290,500,3619,0,0,0,0,0,0,0,0,400,-431,0,0,40
2437.14,0,0,0,0,99,4620,1.53709,0.00399569,1.54082,39,0,29,23,28,0,-2,0,0,1,56,3597,3953,489,137,35,711,33536,32478,107,2,65,98,1.75893e+06,0,0,0,0,1,0,170,498,497,3589,0,0,0,0,0,0,0,0,400,-381,0,0,40
2437.15,0,0,0,0,100,4619,1.537,0.00398729,1.54086,39,0,29,23,28,0,-2,0,0,1,56,3597,3953,489,137,35,711,33536,32478,107,2,65,98,1.75893e+06,0,0,0,0,1,0,690,0,511,3645,0,0,0,0,0,0,0,0,400,-404,0,0,40
2437.16,0,0,0,0,99,4618,1.5369,0.00397889,1.5409,39,0,29,23,28,0,-2,0,0,1,56,3595,3953,510,137,35,711,33536,32478,107,2,65,98,1.83345e+06,0,0,0,0,1,478,108,0,492,3611,0,0,0,0,0,0,0,0,400,-364,0,0,40
2437.17,0,0,0,0,99,4623,1.53681,0.00397049,1.54094,39,0,29,23,28,0,-2,0,0,1,56,3595,3953,488,137,35,711,33536,32478,107,2,65,98,1.75436e+06,0,0,0,0,1,486,0,235,487,3628,0,0,0,0,0,0,0,0,400,-420,0,0,40
2437.18,0,0,0,0,99,4623,1.53672,0.00396209,1.54098,39,0,29,23,28,0,-2,0,0,1,56,3595,3953,480,137,35,711,33536,32478,107,2,65,98,1.7256e+06,0,0,0,0,1,486,0,235,487,3585,0,0,0,0,0,0,0,0,400,-410,0,0,40
2437.19,0,0,0,0,99,4624,1.53662,0.00395369,1.54102,39,0,29,23,28,0,-2,0,0,1,56,3595,3953,480,137,35,711,33536,32478,107,2,65,98,1.7256e+06,0,0,0,0,1,0,0,580,508,3585,0,0,0,0,0,0,0,0,400,-410,0,0,40
2437.2,0,0,0,0,100,4619,1.53653,0.00394529,1.54106,39,0,29,23,29,0,-2,0,0,1,57,3588,3951,505,137,35,711,33472,32470,107,2,65,98,1.81194e+06,0,0,0,0,1,0,690,0,511,3643,0,0,0,0,0,0,0,0,400,-413,0,0,40
2437.21,0,0,0,0,99,4618,1.53644,0.00398343,1.54115,39,0,29,23,29,0,-2,0,0,1,57,3588,3951,509,137,35,711,33472,32470,107,2,65,98,1.82629e+06,0,0,0,0,1,384,268,0,495,3608,0,0,0,0,0,0,0,0,400,-380,0,0,40
2437.22,0,0,0,0,99,4619,1.53636,0.00402157,1.54125,39,0,29,23,29,0,-2,0,0,1,57,3599,3951,504,137,35,711,33472,32470,107,2,65,98,1.8139e+06,0,0,0,0,1,474,0,173,487,3634,0,0,0,0,0,0,0,0,400,-399,0,0,40
2437.23,0,0,0,0,99,4621,1.53627,0.00405972,1.54135,39,0,29,23,29,0,-2,0,0,1,57,3599,3951,504,137,35,711,33472,32470,107,2,65,98,1.8139e+06,0,0,0,0,1,0,0,648,480,3589,0,0,0,0,0,0,0,0,400,-354,0,0,40
2437.24,0,0,0,0,99,4621,1.53618,0.00409786,1.54145,39,0,29,23,29,0,-2,0,0,1,57,3596,3951,485,136,35,711,33472,32470,107,2,65,98,1.74406e+06,0,0,0,0,1,0,0,648,480,3589,0,0,0,0,0,0,0,0,400,-406,0,0,40
2437.25,0,0,0,0,99,4622,1.53609,0.004136,1.54154,39,0,29,23,29,0,-2,0,0,1,57,3596,3951,494,136,35,711,33472,32470,107,2,65,98,1.77642e+06,0,0,0,0,1,0,692,0,502,3641,0,0,0,0,0,0,0,0,400,-406,0,0,40
2437.26,0,0,0,0,99,4617,1.53601,0.00417415,1.54164,39,0,29,23,29,0,-2,0,0,1,57,3594,3951,511,136,35,711,33472,32470,107,2,65,98,1.83653e+06,0,0,0,0,1,282,456,0,500,3600,0,0,0,0,0,0,0,0,400,-433,0,0,40
2437.27,0,0,0,0,99,4616,1.53592,0.00421229,1.54174,39,0,29,23,29,0,-2,0,0,1,57,3594,3951,511,136,35,711,33472,32470,107,2,65,98,1.83653e+06,0,0,0,0,1,556,0,0,496,3608,0,0,0,0,0,0,0,0,400,-377,0,0,40
2437.28,0,0,0,0,99,4619,1.53583,0.00425043,1.54184,39,0,29,23,29,0,-2,0,0,1,57,3594,3951,484,136,35,711,33472,32470,107,2,65,98,1.7395e+06,0,0,0,0,1,0,0,679,491,3585,0,0,0,0,0,0,0,0,400,-415,0,0,40
2437.29,0,0,0,0,99,4616,1.53574,0.00428858,1.54193,39,0,29,23,29,0,-2,0,0,1,57,3594,3951,509,136,35,711,33472,32470,107,2,65,98,1.82935e+06,0,0,0,0,1,0,399,317,503,3583,0,0,0,0,0,0,0,0,400,-408,0,0,40
2437.3,0,0,0,0,99,4616,1.53566,0.00432672,1.54203,39,0,29,23,28,0,-2,0,0,1,57,3594,3951,509,136,35,711,33557,32536,108,2,87,73,1.82935e+06,0,0,0,0,1,0,399,317,503,3619,0,0,0,0,0,0,0,0,400,-387,0,0,40
2437.31,0,0,0,0,99,4615,1.53578,0.00431934,1.54185,39,0,29,23,28,0,-2,0,0,1,57,3594,3951,509,136,35,711,33557,32536,108,2,87,73,1.82935e+06,0,0,0,0,1,0,588,0,504,3619,0,0,0,0,0,0,0,0,400,-387,0,0,40
2437.32,0,0,0,0,99,4614,1.53591,0.00431196,1.54168,39,0,29,23,28,0,-2,0,0,1,57,3590,3951,500,136,35,711,33557,32536,108,2,87,73,1.795e+06,0,0,0,0,1,716,0,0,493,3585,0,0,0,0,0,0,0,0,400,-419,0,0,40
2437.33,0,0,0,0,100,4615,1.53603,0.00430458,1.5415,39,0,29,23,28,0,-2,0,0,1,57,3590,3951,498,136,35,711,33557,32536,108,2,87,73,1.78782e+06,0,0,0,0,1,128,0,493,494,3608,0,0,0,0,0,0,0,0,400,-376,0,0,40
2437.34,0,0,0,0,99,4615,1.53616,0.0042972,1.54133,39,0,29,23,28,0,-2,0,0,1,57,3595,3951,490,136,35,711,33557,32536,108,2,87,73,1.76155e+06,0,0,0,0,1,0,235,468,504,3591,0,0,0,0,0,0,0,0,400,-428,0,0,40
2437.35,0,0,0,0,99,4613,1.53628,0.00428982,1.54115,39,0,29,23,28,0,-2,0,0,1,57,3595,3951,490,136,35,711,33557,32536,108,2,87,73,1.76155e+06,0,0,0,0,1,0,665,0,506,3641,0,0,0,0,0,0,0,0,400,-394,0,0,40
2437.36,0,0,0,0,99,4613,1.53641,0.00428244,1.54098,39,0,29,23,28,0,-2,0,0,1,57,3595,3951,501,136,35,711,33557,32536,108,2,87,73,1.8011e+06,0,0,0,0,1,0,665,0,506,3602,0,0,0,0,0,0,0,0,400,-363,0,0,40
2437.37,0,0,0,0,99,4610,1.53653,0.00427507,1.5408,39,0,29,23,28,0,-2,0,0,1,57,3589,3951,504,136,35,711,33557,32536,108,2,87,73,1.80886e+06,0,0,0,0,1,501,67,0,495,3602,0,0,0,0,0,0,0,0,400,-363,0,0,40
2437.38,0,0,0,0,99,4613,1.53666,0.00426769,1.54063,39,0,29,23,28,0,-2,0,0,1,57,3589,3951,492,136,35,711,33557,32536,108,2,87,73,1.76579e+06,0,0,0,0,1,464,0,238,489,3622,0,0,0,0,0,0,0,0,400,-432,0,0,40
2437.39,0,0,0,0,99,4612,1.53678,0.00426031,1.54045,39,0,29,23,28,0,-2,0,0,1,57,3589,3951,492,136,35,711,33557,32536,108,2,87,73,1.76579e+06,0,0,0,0,1,0,0,632,492,3604,0,0,0,0,0,0,0,0,400,-375,0,0,40
2437.4,0,0,0,0,99,4608,1.53691,0.00425293,1.54028,39,0,29,23,29,0,-2,0,0,1,56,3586,3951,506,136,35,711,33473,32368,108,2,82,73,1.81452e+06,0,0,0,0,1,0,489,101,506,3589,0,0,0,0,0,0,0,0,400,-383,0,0,40
2437.41,0,0,0,0,99,4606,1.53707,0.00423614,1.54044,39,0,29,23,29,0,-2,0,0,1,56,3586,3951,504,136,35,711,33473,32368,108,2,82,73,1.80734e+06,0,0,0,0,1,247,468,0,496,3615,0,0,0,0,0,0,0,0,400,-422,0,0,40
2437.42,0,0,0,0,99,4606,1.53723,0.00421934,1.5406,39,0,29,23,29,0,-2,0,0,1,56,3592,3951,506,136,35,711,33473,32368,108,2,82,73,1.81755e+06,0,0,0,0,1,247,468,0,496,3585,0,0,0,0,0,0,0,0,400,-397,0,0,40
2437.43,0,0,0,0,99,4608,1.53739,0.00420255,1.54076,39,0,29,23,29,0,-2,0,0,1,56,3592,3951,506,136,35,711,33473,32368,108,2,82,73,1.81755e+06,0,0,0,0,1,679,0,0,492,3585,0,0,0,0,0,0,0,0,400,-397,0,0,40
2437.44,0,0,0,0,99,4610,1.53755,0.00418576,1.54092,39,0,29,23,29,0,-2,0,0,1,56,3592,3951,505,136,35,711,33473,32368,108,2,82,73,1.81396e+06,0,0,0,0,1,132,0,486,492,3608,0,0,0,0,0,0,0,0,400,-375,0,0,40
2437.45,0,0,0,0,99,4608,1.53771,0.00416897,1.54109,39,0,29,23,29,0,-2,0,0,1,56,3598,3951,499,136,35,711,33473,32368,108,2,82,73,1.7954e+06,0,0,0,0,1,0,225,480,507,3585,0,0,0,0,0,0,0,0,400,-411,0,0,40
2437.46,0,0,0,0,99,4604,1.53787,0.00415218,1.54125,39,0,29,23,29,0,-2,0,0,1,56,3598,3951,506,136,35,711,33473,32368,108,2,82,73,1.82059e+06,0,0,0,0,1,0,723,0,511,3632,0,0,0,0,0,0,0,0,400,-426,0,0,40
2437.47,0,0,0,0,99,4603,1.53803,0.00413539,1.54141,39,0,29,23,29,0,-2,0,0,1,56,3598,3951,506,136,35,711,33473,32368,108,2,82,73,1.82059e+06,0,0,0,0,1,386,311,0,490,3598,0,0,0,0,0,0,0,0,400,-406,0,0,40
2437.48,0,0,0,0,99,4603,1.53819,0.00411859,1.54157,39,0,29,23,29,0,-2,0,0,1,56,3590,3951,489,136,35,711,33473,32368,108,2,82,73,1.75551e+06,0,0,0,0,1,386,311,0,490,3611,0,0,0,0,0,0,0,0,400,-419,0,0,40
2437.49,0,0,0,0,99,4607,1.53835,0.0041018,1.54173,39,0,29,23,29,0,-2,0,0,1,56,3593,3951,486,136,35,711,33473,32368,108,2,82,73,1.7462e+06,0,0,0,0,1,540,0,35,488,3611,0,0,0,0,0,0,0,0,400,-419,0,0,40
2437.5,0,0,0,0,99,4607,1.53851,0.00408501,1.54189,39,0,29,23,28,0,-2,0,0,1,56,3593,3951,516,136,35,711,33485,32431,107,2,65,73,1.85399e+06,0,0,0,0,1,0,98,522,505,3583,0,0,0,0,0,0,0,0,400,-412,0,0,40
2437.51,0,0,0,0,99,4605,1.53832,0.00409793,1.54206,39,0,29,23,28,0,-2,0,0,1,56,3593,3951,516,136,35,711,33485,32431,107,2,65,73,1.85399e+06,0,0,0,0,1,0,290,460,495,3604,0,0,0,0,0,0,0,0,400,-378,0,0,40
2437.52,0,0,0,0,99,4605,1.53814,0.00411085,1.54222,39,0,29,23,28,0,-2,0,0,1,56,3593,3946,503,136,35,711,33485,32431,107,2,65,73,1.80728e+06,0,0,0,0,1,0,574,0,489,3615,0,0,0,0,0,0,0,0,400,-383,0,0,40
2437.53,0,0,0,0,99,4605,1.53795,0.00412378,1.54238,39,0,29,23,28,0,-2,0,0,1,56,3590,3946,499,136,35,711,33485,32431,107,2,65,73,1.79141e+06,0,0,0,0,1,724,0,0,490,3585,0,0,0,0,0,0,0,0,400,-427,0,0,40
2437.54,0,0,0,0,99,4605,1.53777,0.0041367,1.54254,39,0,29,23,28,0,-2,0,0,1,56,3590,3946,499,136,35,711,33485,32431,107,2,65,73,1.79141e+06,0,0,0,0,1,724,0,0,490,3637,0,0,0,0,0,0,0,0,400,-407,0,0,40
2437.55,0,0,0,0,100,4604,1.53758,0.00414962,1.5427,39,0,29,23,28,0,-2,0,0,1,56,3590,3946,499,136,35,711,33485,32431,107,2,65,73,1.79141e+06,0,0,0,0,1,366,0,333,494,3637,0,0,0,0,0,0,0,0,400,-407,0,0,40
2437.56,0,0,0,0,99,4605,1.53739,0.00416254,1.54286,39,0,29,23,28,0,-2,0,0,1,56,3595,3946,511,136,35,711,33485,32431,107,2,65,73,1.83704e+06,0,0,0,0,1,0,0,589,497,3581,0,0,0,0,0,0,0,0,400,-406,0,0,40
2437.57,0,0,0,0,99,4603,1.53721,0.00417547,1.54302,39,0,29,23,28,0,-2,0,0,1,56,3595,3946,496,136,35,711,33485,32431,107,2,65,73,1.78312e+06,0,0,0,0,1,0,624,0,491,3625,0,0,0,0,0,0,0,0,400,-385,0,0,40
2437.58,0,0,0,0,99,4608,1.53702,0.00418839,1.54318,39,0,29,23,28,0,-2,0,0,1,56,3590,3946,506,136,35,711,33485,32431,107,2,65,73,1.81654e+06,0,0,0,0,1,267,450,0,489,3596,0,0,0,0,0,0,0,0,400,-423,0,0,40
2437.59,0,0,0,0,99,4609,1.53683,0.00420131,1.54334,39,0,29,23,28,0,-2,0,0,1,56,3590,3946,506,136,35,711,33485,32431,107,2,65,73,1.81654e+06,0,0,0,0,1,599,0,0,499,3613,0,0,0,0,0,0,0,0,400,-368,0,0,40
2437.6,0,0,0,0,99,4609,1.53665,0.00421423,1.54351,39,0,29,23,29,0,-2,0,0,1,56,3590,3945,514,136,35,711,33480,32463,108,2,65,98,1.84526e+06,0,0,0,0,1,599,0,0,499,3581,0,0,0,0,0,0,0,0,400,-386,0,0,40
2437.61,0,0,0,0,99,4604,1.53661,0.00421411,1.54296,39,0,29,23,29,0,-2,0,0,1,56,3598,3945,506,136,35,711,33480,32463,108,2,65,98,1.82059e+06,0,0,0,0,1,5,0,587,511,3581,0,0,0,0,0,0,0,0,400,-386,0,0,40
2437.62,0,0,0,0,99,4602,1.53657,0.004214,1.54242,39,0,29,23,29,0,-2,0,0,1,56,3598,3945,506,136,35,711,33480,32463,108,2,65,98,1.82059e+06,0,0,0,0,1,0,240,472,504,3581,0,0,0,0,0,0,0,0,400,-436,0,0,40
2437.63,0,0,0,0,99,4607,1.53654,0.00421388,1.54188,39,0,29,23,29,0,-2,0,0,1,56,3598,3945,506,136,35,711,33480,32463,108,2,65,98,1.82059e+06,0,0,0,0,1,0,653,0,486,3647,0,0,0,0,0,0,0,0,400,-382,0,0,40
2437.64,0,0,0,0,99,4610,1.5365,0.00421376,1.54134,39,0,29,23,29,0,-2,0,0,1,56,3593,3945,497,136,35,711,33480,32463,108,2,65,98,1.78572e+06,0,0,0,0,1,468,131,0,489,3596,0,0,0,0,0,0,0,0,400,-369,0,0,40
2437.65,0,0,0,0,99,4611,1.53647,0.00421365,1.5408,39,0,29,23,29,0,-2,0,0,1,56,3597,3945,492,136,35,711,33480,32463,108,2,65,98,1.76972e+06,0,0,0,0,1,495,0,238,501,3632,0,0,0,0,0,0,0,0,400,-418,0,0,40
2437.66,0,0,0,0,99,4611,1.53643,0.00421353,1.54025,39,0,29,23,29,0,-2,0,0,1,56,3597,3945,500,136,35,711,33480,32463,108,2,65,98,1.7985e+06,0,0,0,0,1,495,0,238,501,3583,0,0,0,0,0,0,0,0,400,-395,0,0,40
2437.67,0,0,0,0,99,4608,1.5364,0.00421341,1.53971,39,0,29,23,29,0,-2,0,0,1,56,3597,3945,500,136,35,711,33480,32463,108,2,65,98,1.7985e+06,0,0,0,0,1,0,0,716,504,3583,0,0,0,0,0,0,0,0,400,-395,0,0,40
2437.68,0,0,0,0,99,4608,1.53636,0.0042133,1.53917,39,0,29,23,29,0,-2,0,0,1,56,3597,3945,486,136,35,711,33480,32463,108,2,65,98,1.74814e+06,0,0,0,0,1,0,401,253,493,3585,0,0,0,0,0,0,0,0,400,-404,0,0,40
2437.69,0,0,0,0,99,4612,1.53633,0.00421318,1.53863,39,0,29,23,29,0,-2,0,0,1,56,3588,3945,499,136,35,711,33480,32463,108,2,65,98,1.79041e+06,0,0,0,0,1,181,457,0,481,3628,0,0,0,0,0,0,0,0,400,-380,0,0,40
2437.7,0,0,0,0,99,4611,1.53629,0.00421306,1.53809,39,0,29,23,29,0,-2,0,0,1,57,3588,3945,499,136,35,711,33484,32360,108,2,65,73,1.79041e+06,0,0,0,0,1,738,0,0,508,3570,0,0,0,0,0,0,0,0,400,-433,0,0,40
2437.71,0,0,0,0,99,4611,1.53635,0.00420805,1.53816,39,0,29,23,29,0,-2,0,0,1,57,3588,3945,499,136,35,711,33484,32360,108,2,65,73,1.79041e+06,0,0,0,0,1,161,0,443,487,3632,0,0,0,0,0,0,0,0,400,-378,0,0,40
2437.72,0,0,0,0,99,4611,1.53642,0.00420303,1.53824,39,0,29,23,29,0,-2,0,0,1,57,3596,3945,505,136,35,711,33484,32360,108,2,65,73,1.81598e+06,0,0,0,0,1,161,0,443,487,3593,0,0,0,0,0,0,0,0,400,-375,0,0,40
2437.73,0,0,0,0,99,4612,1.53648,0.00419802,1.53831,39,0,29,23,29,0,-2,0,0,1,57,3596,3945,495,136,35,711,33484,32360,108,2,65,73,1.78002e+06,0,0,0,0,1,0,188,503,489,3593,0,0,0,0,0,0,0,0,400,-375,0,0,40
2437.74,0,0,0,0,99,4615,1.53654,0.004193,1.53839,39,0,29,23,29,0,-2,0,0,1,57,3591,3945,499,136,35,711,33484,32360,108,2,65,73,1.79191e+06,0,0,0,0,1,0,678,0,495,3634,0,0,0,0,0,0,0,0,400,-397,0,0,40
2437.75,0,0,0,0,99,4614,1.53661,0.00418799,1.53846,39,0,29,23,29,0,-2,0,0,1,57,3591,3945,499,136,35,711,33484,32360,108,2,65,73,1.79191e+06,0,0,0,0,1,683,0,0,502,3600,0,0,0,0,0,0,0,0,400,-407,0,0,40
2437.76,0,0,0,0,99,4614,1.53667,0.00418297,1.53853,39,0,29,23,29,0,-2,0,0,1,57,3591,3945,501,136,35,711,33484,32360,108,2,65,73,1.79909e+06,0,0,0,0,1,486,0,229,506,3613,0,0,0,0,0,0,0,0,400,-436,0,0,40
2437.77,0,0,0,0,99,4614,1.53673,0.00417796,1.53861,39,0,29,23,29,0,-2,0,0,1,57,3592,3945,510,136,35,711,33484,32360,108,2,65,73,1.83192e+06,0,0,0,0,1,0,0,615,493,3585,0,0,0,0,0,0,0,0,400,-374,0,0,40
2437.78,0,0,0,0,99,4614,1.5368,0.00417294,1.53868,39,0,29,23,29,0,-2,0,0,1,57,3592,3945,504,136,35,711,33484,32360,108,2,65,73,1.81037e+06,0,0,0,0,1,0,0,615,493,3611,0,0,0,0,0,0,0,0,400,-385,0,0,40
2437.79,0,0,0,0,99,4618,1.53686,0.00416793,1.53876,39,0,29,23,29,0,-2,0,0,1,57,3592,3945,504,136,35,711,33484,32360,108,2,65,73,1.81037e+06,0,0,0,0,1,0,585,0,484,3611,0,0,0,0,0,0,0,0,400,-385,0,0,40
2437.8,0,0,0,0,99,4621,1.53692,0.00416291,1.53883,39,0,29,23,30,0,-2,0,0,1,56,3585,3945,506,136,35,711,33453,32249,107,2,87,73,1.81401e+06,0,0,0,0,1,308,448,0,503,3593,0,0,0,0,0,0,0,0,400,-441,0,0,40
2437.81,0,0,0,0,99,4617,1.53665,0.00415367,1.53889,39,0,29,23,30,0,-2,0,0,1,56,3585,3945,506,136,35,711,33453,32249,107,2,87,73,1.81401e+06,0,0,0,0,1,560,0,62,506,3598,0,0,0,0,0,0,0,0,400,-394,0,0,40
2437.82,0,0,0,0,99,4615,1.53638,0.00414443,1.53894,39,0,29,23,30,0,-2,0,0,1,56,3600,3945,497,136,35,711,33453,32249,107,2,87,73,1.7892e+06,0,0,0,0,1,0,0,665,489,3589,0,0,0,0,0,0,0,0,400,-391,0,0,40
2437.83,0,0,0,0,99,4620,1.53611,0.0041352,1.539,39,0,29,23,30,0,-2,0,0,1,56,3600,3945,497,136,35,711,33453,32249,107,2,87,73,1.7892e+06,0,0,0,0,1,0,397,288,492,3589,0,0,0,0,0,0,0,0,400,-411,0,0,40
2437.84,0,0,0,0,99,4620,1.53583,0.00412596,1.53905,39,0,29,23,30,0,-2,0,0,1,56,3593,3945,490,136,35,711,33453,32249,107,2,87,73,1.76057e+06,0,0,0,0,1,0,397,288,492,3617,0,0,0,0,0,0,0,0,400,-414,0,0,40
2437.85,0,0,0,0,99,4621,1.53556,0.00411672,1.53911,39,0,29,23,30,0,-2,0,0,1,56,3593,3945,510,136,35,711,33453,32249,107,2,87,73,1.83243e+06,0,0,0,0,1,241,462,0,499,3617,0,0,0,0,0,0,0,0,400,-414,0,0,40
2437.86,0,0,0,0,99,4621,1.53529,0.00410748,1.53917,39,0,29,23,30,0,-2,0,0,1,56,3593,3945,503,136,35,711,33453,32249,107,2,87,73,1.80728e+06,0,0,0,0,1,645,0,0,507,3591,0,0,0,0,0,0,0,0,400,-384,0,0,40
2437.87,0,0,0,0,99,4618,1.53502,0.00409824,1.53922,39,0,29,23,30,0,-2,0,0,1,56,3593,3945,503,136,35,711,33453,32249,107,2,87,73,1.80728e+06,0,0,0,0,1,0,0,640,509,3565,0,0,0,0,0,0,0,0,400,-415,0,0,40
2437.88,0,0,0,0,99,4617,1.53475,0.00408901,1.53928,39,0,29,23,30,0,-2,0,0,1,56,3593,3945,496,136,35,711,33453,32249,107,2,87,73,1.78213e+06,0,0,0,0,1,0,254,460,491,3596,0,0,0,0,0,0,0,0,400,-414,0,0,40
2437.89,0,0,0,0,99,4621,1.53447,0.00407977,1.53933,39,0,29,23,30,0,-2,0,0,1,56,3593,3945,489,136,35,711,33453,32249,107,2,87,73,1.75698e+06,0,0,0,0,1,58,539,0,493,3613,0,0,0,0,0,0,0,0,400,-381,0,0,40
2437.9,0,0,0,0,99,4621,1.5342,0.00407053,1.53939,39,0,29,23,29,0,-2,0,0,1,57,3593,3945,487,136,35,711,33521,32462,108,2,68,73,1.74979e+06,0,0,0,0,1,58,539,0,493,3574,0,0,0,0,0,0,0,0,400,-423,0,0,40
2437.91,0,0,0,0,99,4619,1.5344,0.0040726,1.53965,39,0,29,23,29,0,-2,0,0,1,57,3593,3945,487,136,35,711,33521,32462,108,2,68,73,1.74979e+06,0,0,0,0,1,716,0,0,507,3574,0,0,0,0,0,0,0,0,400,-423,0,0,40
2437.92,0,0,0,0,99,4617,1.5346,0.00407468,1.53991,39,0,29,23,29,0,-2,0,0,1,57,3595,3945,510,136,35,711,33521,32462,108,2,68,73,1.83345e+06,0,0,0,0,1,199,0,419,496,3632,0,0,0,0,0,0,0,0,400,-372,0,0,40
2437.93,0,0,0,0,99,4620,1.5348,0.00407675,1.54017,39,0,29,23,29,0,-2,0,0,1,57,3595,3945,504,136,35,711,33521,32462,108,2,68,73,1.81188e+06,0,0,0,0,1,0,240,474,500,3578,0,0,0,0,0,0,0,0,400,-426,0,0,40
2437.94,0,0,0,0,99,4622,1.535,0.00407883,1.54043,39,0,29,23,29,0,-2,0,0,1,57,3585,3945,492,136,35,711,33521,32462,108,2,68,73,1.76382e+06,0,0,0,0,1,0,596,0,492,3660,0,0,0,0,0,0,0,0,400,-363,0,0,40
2437.95,0,0,0,0,99,4619,1.5352,0.0040809,1.54069,39,0,29,23,29,0,-2,0,0,1,57,3585,3945,492,136,35,711,33521,32462,108,2,68,73,1.76382e+06,0,0,0,0,1,689,0,0,515,3591,0,0,0,0,0,0,0,0,400,-429,0,0,40
2437.96,0,0,0,0,99,4619,1.5354,0.00408298,1.54095,39,0,29,23,29,0,-2,0,0,1,57,3597,3945,492,136,35,711,33521,32462,108,2,68,73,1.76972e+06,0,0,0,0,1,689,0,0,515,3625,0,0,0,0,0,0,0,0,400,-423,0,0,40
2437.97,0,0,0,0,99,4617,1.5356,0.00408505,1.54121,39,0,29,23,29,0,-2,0,0,1,57,3597,3945,507,136,35,711,33521,32462,108,2,68,73,1.82368e+06,0,0,0,0,1,429,0,298,500,3625,0,0,0,0,0,0,0,0,400,-423,0,0,40
2437.98,0,0,0,0,99,4614,1.5358,0.00408713,1.54147,39,0,29,23,29,0,-2,0,0,1,57,3597,3945,511,136,35,711,33521,32462,108,2,68,73,1.83807e+06,0,0,0,0,1,0,53,556,492,3585,0,0,0,0,0,0,0,0,400,-361,0,0,40
2437.99,0,0,0,0,99,4619,1.53599,0.0040892,1.54173,39,0,29,23,29,0,-2,0,0,1,57,3597,3945,511,136,35,711,33521,32462,108,2,68,73,1.83807e+06,0,0,0,0,1,0,688,0,487,3647,0,0,0,0,0,0,0,0,400,-366,0,0,40
2438,0,0,0,0,98,4619,1.53619,0.00409128,1.54199,39,0,29,23,29,0,-2,0,0,1,57,3595,3945,481,136,35,711,33512,32521,108,2,68,4,1.7292e+06,0,0,0,0,1,700,0,0,492,3574,0,0,0,0,0,0,0,0,400,-410,0,0,40
2438.01,0,0,0,0,98,4613,1.53624,0.00409734,1.542,39,0,29,23,29,0,-2,0,0,0.9,57,3595,3945,509,136,35,711,33512,32521,108,2,68,4,1.82986e+06,0,0,0,0,1,507,0,179,513,3630,0,0,0,0,0,0,0,0,400,-422,0,0,40
2438.02,0,0,0,0,97,4613,1.53628,0.00410341,1.54201,39,0,29,23,29,0,-2,0,0,0.8,57,3595,3945,517,136,35,711,33512,32521,108,2,68,4,1.85862e+06,0,0,0,0,1,507,0,179,513,3570,0,0,0,0,0,0,0,0,400,-404,0,0,40
2438.03,0,0,0,0,96,4611,1.53633,0.00410947,1.54203,39,0,29,23,29,0,-2,0,0,0.7,57,3595,3945,517,136,35,711,33512,32521,108,2,68,4,1.85862e+06,0,0,0,0,1,0,0,714,495,3570,0,0,0,0,0,0,0,0,400,-404,0,0,40
2438.04,0,0,0,0,94,4615,1.53637,0.00411554,1.54204,39,0,29,23,29,0,-2,0,0,0.6,57,3593,3945,499,136,35,711,33512,32521,108,2,68,4,1.79291e+06,0,0,0,0,1,0,661,0,482,3645,0,0,0,0,0,0,0,0,400,-397,0,0,40
2438.05,0,0,0,0,93,4615,1.53642,0.0041216,1.54205,39,0,29,23,29,0,-2,0,0,0.5,57,3594,3945,505,136,35,711,33512,32521,108,2,68,4,1.81497e+06,0,0,0,0,1,317,387,0,501,3591,0,0,0,0,0,0,0,0,400,-406,0,0,40
2438.06,0,0,0,0,92,4614,1.53646,0.00412767,1.54206,39,0,29,23,29,0,-2,0,0,0.4,57,3594,3945,509,136,35,711,33512,32521,108,2,68,4,1.82935e+06,0,0,0,0,1,536,0,101,508,3600,0,0,0,0,0,0,0,0,400,-404,0,0,40
2438.07,0,0,0,0,91,4607,1.53651,0.00413373,1.54207,39,0,29,23,29,0,-2,0,0,0.3,57,3594,3945,509,136,35,711,33512,32521,108,2,68,4,1.82935e+06,0,0,0,0,1,0,0,679,503,3596,0,0,0,0,0,0,0,0,400,-385,0,0,40
2438.08,0,0,0,0,90,4607,1.53655,0.0041398,1.54208,39,0,29,23,29,0,-2,0,0,0.2,57,3597,3945,499,136,35,711,33512,32521,108,2,68,4,1.7949e+06,0,0,0,0,1,0,0,679,503,3585,0,0,0,0,0,0,0,0,400,-437,0,0,40
2438.09,0,0,0,0,89,4607,1.5366,0.00414586,1.54209,39,0,29,23,29,0,-2,0,0,0.1,57,3597,3945,482,136,35,711,33512,32521,108,2,68,4,1.73375e+06,0,0,0,0,1,0,301,452,502,3585,0,0,0,0,0,0,0,0,400,-437,0,0,40
2438.1,0,0,0,0,88,4609,1.53664,0.00415193,1.5421,39,0,29,23,28,0,-2,0,0,0,56,3597,3945,495,136,35,711,33566,32440,108,2,65,73,1.78052e+06,0,0,0,0,1,30,526,0,481,3630,0,0,0,0,0,0,0,0,400,-362,0,0,39
2438.11,0,0,0,0,87,4609,1.53642,0.00411911,1.54202,39,0,29,23,28,0,-2,0,0,0,56,3597,3945,495,136,35,711,33566,32440,108,2,65,73,1.78052e+06,0,0,0,0,1,689,0,0,506,3585,0,0,0,0,0,0,0,0,389,-421,0,0,39
2438.12,0,0,0,0,86,4606,1.5362,0.00408629,1.54194,39,0,29,23,28,0,-2,0,0,0,56,3589,3945,518,136,35,711,33566,32440,108,2,65,73,1.8591e+06,0,0,0,0,1,440,0,261,488,3632,0,0,0,0,0,0,0,0,389,-414,0,0,38
2438.13,0,0,0,0,84,4605,1.53597,0.00405347,1.54186,39,0,29,23,28,0,-2,0,0,0,56,3589,3945,498,136,35,711,33566,32440,108,2,65,73,1.78732e+06,0,0,0,0,1,0,0,569,471,3593,0,0,0,0,0,0,0,0,379,-342,0,0,37
2438.14,0,0,0,0,83,4605,1.53575,0.00402065,1.54177,39,0,29,23,28,0,-2,0,0,0,56,3589,3945,493,136,35,711,33566,32440,108,2,65,73,1.76938e+06,0,0,0,0,1,0,0,569,471,3596,0,0,0,0,0,0,0,0,369,-376,0,0,37
2438.15,0,0,0,0,82,4604,1.53553,0.00398783,1.54169,39,0,29,23,28,0,-2,0,0,0,56,3589,3945,493,136,35,711,33566,32440,108,2,65,73,1.76938e+06,0,0,0,0,1,0,544,0,468,3596,0,0,0,0,0,0,0,0,369,-376,0,0,36
2438.16,0,0,0,0,80,4597,1.5353,0.00395501,1.54161,39,0,29,23,28,0,-2,0,0,0,56,3587,3945,507,136,35,711,33566,32440,108,2,65,73,1.81861e+06,0,0,0,0,1,197,410,0,460,3630,0,0,0,0,0,0,0,0,369,-360,0,0,36
2438.17,0,0,0,0,79,4594,1.53508,0.00392219,1.54153,39,0,29,23,28,0,-2,0,0,0,56,3597,3945,509,136,35,711,33566,32440,108,2,65,73,1.83087e+06,0,0,0,0,1,626,0,0,443,3613,0,0,0,0,0,0,0,0,359,-377,0,0,35
2438.18,0,0,0,0,78,4594,1.53486,0.00388937,1.54144,39,0,29,23,28,0,-2,0,0,0,56,3597,3945,516,136,35,711,33566,32440,108,2,65,73,1.85605e+06,0,0,0,0,1,370,0,240,425,3669,0,0,0,0,0,0,0,0,349,-363,0,0,35
2438.19,0,0,0,0,77,4596,1.53463,0.00385655,1.54136,39,0,29,23,28,0,-2,0,0,0,56,3597,3945,516,136,35,711,33566,32440,108,2,65,73,1.85605e+06,0,0,0,0,1,0,0,554,413,3615,0,0,0,0,0,0,0,0,349,-330,0,0,34
2438.2,0,0,0,0,76,4596,1.53441,0.00382373,1.54128,39,0,29,23,28,0,-2,0,0,0,56,3587,3947,496,136,35,711,33550,32541,108,2,87,98,1.77915e+06,0,0,0,0,1,0,0,554,413,3608,0,0,0,0,0,0,0,0,339,-349,0,0,34
2438.21,0,0,0,0,76,4595,1.5345,0.00379438,1.54091,39,0,29,23,28,0,-2,0,0,0,56,3587,3947,491,136,35,711,33550,32541,108,2,87,98,1.76122e+06,0,0,0,0,1,0,366,202,424,3608,0,0,0,0,0,0,0,0,339,-349,0,0,34
2438.22,0,0,0,0,75,4584,1.53458,0.00376502,1.54054,39,0,29,23,28,0,-2,0,0,0,56,3587,3947,505,136,35,711,33550,32541,108,2,87,98,1.81144e+06,0,0,0,0,1,0,528,0,435,3660,0,0,0,0,0,0,0,0,339,-328,0,0,33
2438.23,0,0,0,0,74,4577,1.53467,0.00373566,1.54017,39,0,29,23,28,0,-2,0,0,0,56,3587,3947,505,136,35,711,33550,32541,108,2,87,98,1.81144e+06,0,0,0,0,1,375,243,0,421,3625,0,0,0,0,0,0,0,0,329,-362,0,0,33
2438.24,0,0,0,0,73,4577,1.53476,0.00370631,1.5398,39,0,29,23,28,0,-2,0,0,0,56,3593,3947,497,136,35,711,33550,32541,108,2,87,98,1.78572e+06,0,0,0,0,1,517,0,0,384,3643,0,0,0,0,0,0,0,0,329,-304,0,0,32
2438.25,0,0,0,0,72,4575,1.53484,0.00367695,1.53943,39,0,29,23,28,0,-2,0,0,0,56,3590,3947,501,136,35,711,33550,32541,108,2,87,98,1.79859e+06,0,0,0,0,1,95,0,417,388,3641,0,0,0,0,0,0,0,0,319,-274,0,0,32
2438.26,0,0,0,0,72,4575,1.53493,0.00364759,1.53907,39,0,29,23,28,0,-2,0,0,0,56,3590,3947,511,136,35,711,33550,32541,108,2,87,98,1.83449e+06,0,0,0,0,1,95,0,417,388,3608,0,0,0,0,0,0,0,0,319,-369,0,0,32
2438.27,0,0,0,0,71,4574,1.53501,0.00361824,1.5387,39,0,29,23,28,0,-2,0,0,0,56,3590,3947,511,136,35,711,33550,32541,108,2,87,98,1.83449e+06,0,0,0,0,1,0,0,604,393,3608,0,0,0,0,0,0,0,0,319,-369,0,0,32
2438.28,0,0,0,0,70,4569,1.5351,0.00358888,1.53833,39,0,29,23,28,0,-2,0,0,0,56,3590,3947,516,135,35,711,33550,32541,108,2,87,98,1.85244e+06,0,0,0,0,1,0,249,369,386,3615,0,0,0,0,0,0,0,0,319,-343,0,0,31
2438.29,0,0,0,0,69,4566,1.53518,0.00355953,1.53796,39,0,29,23,28,0,-2,0,0,0,56,3589,3947,500,135,35,711,33550,32541,108,2,87,98,1.7945e+06,0,0,0,0,1,0,475,0,383,3625,0,0,0,0,0,0,0,0,310,-322,0,0,31
2438.3,0,0,0,0,68,4562,1.53527,0.00353017,1.53759,39,0,29,23,28,0,-2,0,0,0,57,3589,3947,482,135,35,711,33505,32481,108,2,68,73,1.7299e+06,0,0,0,0,1,0,462,0,375,3675,0,0,0,0,0,0,0,0,310,-290,0,0,30
2438.31,0,0,0,0,67,4557,1.53534,0.00348403,1.53794,39,0,29,23,28,0,-2,0,0,0,57,3589,3947,482,135,35,711,33505,32481,108,2,68,73,1.7299e+06,0,0,0,0,1,165,344,0,379,3654,0,0,0,0,0,0,0,0,300,-321,0,0,30
2438.32,0,0,0,0,66,4557,1.53541,0.00343789,1.53828,39,0,29,23,28,0,-2,0,0,0,57,3592,3947,504,135,35,711,33505,32481,108,2,68,73,1.81037e+06,0,0,0,0,1,165,344,0,379,3643,0,0,0,0,0,0,0,0,300,-329,0,0,29
2438.33,0,0,0,0,65,4548,1.53547,0.00339176,1.53863,39,0,29,23,28,0,-2,0,0,0,57,3592,3947,514,135,35,711,33505,32481,108,2,68,73,1.84629e+06,0,0,0,0,1,503,0,0,364,3643,0,0,0,0,0,0,0,0,300,-329,0,0,29
2438.34,0,0,0,0,64,4547,1.53554,0.00334562,1.53897,39,0,29,23,28,0,-2,0,0,0,57,3587,3947,500,135,35,711,33505,32481,108,2,68,73,1.7935e+06,0,0,0,0,1,443,0,0,342,3665,0,0,0,0,0,0,0,0,290,-262,0,0,28
2438.35,0,0,0,0,63,4547,1.53561,0.00329948,1.53932,39,0,29,23,28,0,-2,0,0,0,57,3587,3947,500,135,35,711,33505,32481,108,2,68,73,1.7935e+06,0,0,0,0,1,341,0,177,337,3673,0,0,0,0,0,0,0,0,280,-309,0,0,28
2438.36,0,0,0,0,63,4541,1.53568,0.00325334,1.53967,39,0,29,23,28,0,-2,0,0,0,57,3595,3947,509,135,35,711,33505,32481,108,2,68,73,1.82986e+06,0,0,0,0,1,161,0,298,339,3699,0,0,0,0,0,0,0,0,280,-284,0,0,28
2438.37,0,0,0,0,62,4536,1.53575,0.0032072,1.54001,39,0,29,23,28,0,-2,0,0,0,57,3595,3947,517,135,35,711,33505,32481,108,2,68,73,1.85862e+06,0,0,0,0,1,0,0,451,337,3643,0,0,0,0,0,0,0,0,280,-259,0,0,28
2438.38,0,0,0,0,61,4536,1.53581,0.00316107,1.54036,39,0,29,23,28,0,-2,0,0,0,57,3595,3947,505,135,35,711,33505,32481,108,2,68,73,1.81548e+06,0,0,0,0,1,0,0,451,337,3637,0,0,0,0,0,0,0,0,280,-267,0,0,27
2438.39,0,0,0,0,59,4532,1.53588,0.00311493,1.5407,39,0,29,23,28,0,-2,0,0,0,57,3595,3947,505,135,35,711,33505,32481,108,2,68,73,1.81548e+06,0,0,0,0,1,0,0,466,333,3637,0,0,0,0,0,0,0,0,280,-267,0,0,26
2438.4,0,0,0,0,58,4531,1.53595,0.00306879,1.54105,39,0,29,23,28,0,-2,0,0,0,56,3591,3947,483,135,35,711,33491,32532,108,2,68,98,1.73445e+06,0,0,0,0,1,0,52,351,317,3651,0,0,0,0,0,0,0,0,270,-267,0,0,26
2438.41,0,0,0,0,57,4526,1.53602,0.00304935,1.54085,39,0,29,23,28,0,-2,0,0,0,56,3586,3947,493,135,35,711,33491,32532,108,2,68,98,1.7679e+06,0,0,0,0,1,0,217,298,317,3647,0,0,0,0,0,0,0,0,260,-286,0,0,25
2438.42,0,0,0,0,55,4518,1.53609,0.0030299,1.54064,39,0,29,23,28,0,-2,0,0,0,56,3586,3947,498,135,35,711,33491,32532,108,2,68,98,1.78583e+06,0,0,0,0,1,0,205,275,314,3647,0,0,0,0,0,0,0,0,250,-277,0,0,24
2438.43,0,0,0,0,54,4509,1.53615,0.00301046,1.54044,39,0,29,23,28,0,-2,0,0,0,56,3586,3947,498,135,35,711,33491,32532,108,2,68,98,1.78583e+06,0,0,0,0,1,0,198,302,293,3654,0,0,0,0,0,0,0,0,240,-269,0,0,24
2438.44,0,0,0,0,54,4509,1.53622,0.00299101,1.54023,39,0,29,23,28,0,-2,0,0,0,56,3594,3947,478,135,35,711,33491,32532,108,2,68,98,1.71793e+06,0,0,0,0,1,0,198,302,293,3669,0,0,0,0,0,0,0,0,240,-242,0,0,24
2438.45,0,0,0,0,53,4508,1.53629,0.00297157,1.54003,39,0,29,23,28,0,-2,0,0,0,56,3594,3947,471,135,35,711,33491,32532,108,2,68,98,1.69277e+06,0,0,0,0,1,0,202,185,270,3669,0,0,0,0,0,0,0,0,240,-242,0,0,24
2438.46,0,0,0,0,52,4507,1.53636,0.00295212,1.53983,39,0,29,23,28,0,-2,0,0,0,56,3592,3947,472,135,35,711,33491,32532,108,2,68,98,1.69542e+06,0,0,0,0,1,0,223,199,273,3673,0,0,0,0,0,0,0,0,240,-226,0,0,23
2438.47,0,0,0,0,52,4504,1.53643,0.00293268,1.53962,39,0,29,23,28,0,-2,0,0,0,56,3592,3947,472,135,35,711,33491,32532,108,2,68,98,1.69542e+06,0,0,0,0,1,0,231,140,276,3671,0,0,0,0,0,0,0,0,229,-219,0,0,23
2438.48,0,0,0,0,51,4496,1.5365,0.00291323,1.53942,39,0,29,23,28,0,-2,0,0,0,56,3592,3947,437,135,35,711,33491,32532,108,2,68,98,1.5697e+06,0,0,0,0,1,0,221,179,281,3671,0,0,0,0,0,0,0,0,229,-227,0,0,23
2438.49,0,0,0,0,51,4489,1.53656,0.00289379,1.53921,39,0,29,23,28,0,-2,0,0,0,56,3604,3947,443,130,35,711,33491,32532,108,2,68,98,1.59657e+06,0,0,0,0,1,0,239,179,280,3656,0,0,0,0,0,0,0,0,229,-261,0,0,23
2438.5,0,0,0,0,50,4489,1.53663,0.00287434,1.53901,39,0,29,23,29,0,-2,0,0,0,56,3604,3947,424,130,35,711,33608,32648,108,2,82,73,1.5281e+06,0,0,0,0,1,0,239,179,280,3656,0,0,0,0,0,0,0,0,229,-203,0,0,22
2438.51,0,0,0,0,49,4483,1.53628,0.00288198,1.53848,39,0,29,23,29,0,-2,0,0,0,56,3604,3947,424,130,35,711,33608,32648,108,2,82,73,1.5281e+06,0,0,0,0,1,0,328,0,262,3706,0,0,0,0,0,0,0,0,229,-203,0,0,22
2438.52,0,0,0,0,49,4480,1.53593,0.00288962,1.53795,39,0,29,23,29,0,-2,0,0,0,56,3610,3947,431,130,35,711,33608,32648,108,2,82,73,1.55591e+06,0,0,0,0,1,0,163,235,262,3666,0,0,0,0,0,0,0,0,219,-239,0,0,22
2438.53,0,0,0,0,48,4472,1.53559,0.00289726,1.53742,39,0,29,23,29,0,-2,0,0,0,56,3610,3947,431,130,35,711,33608,32648,108,2,82,73,1.55591e+06,0,0,0,0,1,0,41,273,259,3675,0,0,0,0,0,0,0,0,219,-227,0,0,21
2438.54,0,0,0,0,47,4469,1.53524,0.0029049,1.53689,39,0,29,23,29,0,-2,0,0,0,56,3618,3947,423,130,35,711,33608,32648,108,2,82,73,1.53041e+06,0,0,0,0,1,0,0,343,240,3673,0,0,0,0,0,0,0,0,209,-199,0,0,21
2438.55,0,0,0,0,46,4466,1.53489,0.00291254,1.53636,39,0,29,23,29,0,-2,0,0,0,56,3618,3947,423,130,35,711,33608,32648,108,2,82,73,1.53041e+06,0,0,0,0,1,0,0,361,238,3673,0,0,0,0,0,0,0,0,209,-200,0,0,20
2438.56,0,0,0,0,45,4466,1.53454,0.00292018,1.53582,39,0,29,23,29,0,-2,0,0,0,56,3619,3947,391,130,35,711,33608,32648,108,2,82,73,1.41503e+06,0,0,0,0,1,0,0,361,238,3686,0,0,0,0,0,0,0,0,199,-214,0,0,20
2438.57,0,0,0,0,45,4461,1.53419,0.00292782,1.53529,39,0,29,23,29,0,-2,0,0,0,56,3619,3947,381,130,35,711,33608,32648,108,2,82,73,1.37884e+06,0,0,0,0,1,161,0,308,236,3686,0,0,0,0,0,0,0,0,199,-214,0,0,20
2438.58,0,0,0,0,44,4450,1.53384,0.00293546,1.53476,39,0,29,23,29,0,-2,0,0,0,56,3619,3942,396,130,35,711,33608,32648,108,2,82,73,1.43312e+06,0,0,0,0,1,222,0,156,243,3723,0,0,0,0,0,0,0,0,199,-211,0,0,20
2438.59,0,0,0,0,44,4445,1.53349,0.0029431,1.53423,39,0,29,23,29,0,-2,0,0,0,56,3619,3942,396,131,35,711,33608,32648,108,2,82,73,1.43312e+06,0,0,0,0,1,290,0,0,224,3710,0,0,0,0,0,0,0,0,199,-181,0,0,20
2438.6,0,0,0,0,43,4442,1.53314,0.00295074,1.5337,39,0,29,23,28,0,-2,0,0,0,57,3629,3942,383,131,35,614,33844,32717,108,2,66,73,1.38991e+06,0,0,0,0,1,308,0,0,225,3697,0,0,0,0,0,0,0,0,199,-192,0,0,19
2438.61,0,0,0,0,42,4442,1.53308,0.00292383,1.53383,39,0,29,23,28,0,-2,0,0,0.1,57,3629,3942,383,131,35,614,33844,32717,108,2,66,73,1.38991e+06,0,0,0,0,1,173,180,0,214,3708,0,0,0,0,0,0,0,0,189,-207,0,0,19
2438.62,0,0,0,0,42,4442,1.53302,0.00289691,1.53397,39,0,29,23,28,0,-2,0,0,0.2,57,3627,3942,374,131,35,614,33844,32717,108,2,66,73,1.3565e+06,0,0,0,0,1,173,180,0,214,3738,0,0,0,0,0,0,0,0,189,-189,0,0,19
2438.63,0,0,0,0,41,4436,1.53296,0.00287,1.5341,39,0,29,23,28,0,-2,0,0,0.3,57,3627,3942,374,131,35,614,33844,32717,108,2,66,73,1.3565e+06,0,0,0,0,1,0,315,0,229,3738,0,0,0,0,0,0,0,0,189,-189,0,0,18
2438.64,0,0,0,0,40,4425,1.5329,0.00284308,1.53424,39,0,29,23,28,0,-2,0,0,0.4,57,3634,3942,343,131,35,614,33844,32717,108,2,66,73,1.24646e+06,0,0,0,0,1,0,210,152,228,3688,0,0,0,0,0,0,0,0,189,-198,0,0,18
2438.65,0,0,0,0,40,4416,1.53284,0.00281617,1.53437,39,0,29,23,28,0,-2,0,0,0.5,57,3634,3942,334,131,35,614,33844,32717,108,2,66,73,1.21376e+06,0,0,0,0,1,0,0,255,207,3690,0,0,0,0,0,0,0,0,179,-179,0,0,18
2438.66,0,0,0,0,39,4413,1.53278,0.00278926,1.53451,39,0,29,23,28,0,-2,0,0,0.6,57,3634,3942,333,131,35,614,33844,32717,108,2,66,73,1.21012e+06,0,0,0,0,1,177,0,158,193,3751,0,0,0,0,0,0,0,0,179,-161,0,0,17
2438.67,0,0,0,0,38,4409,1.53271,0.00276234,1.53464,39,0,29,23,28,0,-2,0,0,0.7,57,3634,3942,333,131,35,614,33844,32717,108,2,66,73,1.21012e+06,0,0,0,0,1,294,0,0,196,3712,0,0,0,0,0,0,0,0,169,-172,0,0,17
2438.68,0,0,0,0,37,4409,1.53265,0.00273543,1.53478,39,0,29,23,28,0,-2,0,0,0.8,57,3650,3942,342,131,35,614,33844,32717,108,2,66,73,1.2483e+06,0,0,0,0,1,294,0,0,196,3716,0,0,0,0,0,0,0,0,169,-166,0,0,16
2438.69,0,0,0,0,36,4403,1.53259,0.00270851,1.53491,39,0,29,23,28,0,-2,0,0,0.9,57,3649,3942,322,131,35,614,33844,32717,108,2,66,73,1.17498e+06,0,0,0,0,1,89,151,0,192,3716,0,0,0,0,0,0,0,0,169,-166,0,0,16
2438.7,0,0,0,0,36,4397,1.53253,0.0026816,1.53504,39,0,29,23,29,0,-2,0,0,1,57,3649,3942,335,132,35,614,33985,33039,108,2,82,73,1.22242e+06,0,0,0,0,1,0,266,0,182,3742,0,0,0,0,0,0,0,0,159,-157,0,0,16
2438.71,0,0,0,0,35,4392,1.53257,0.00264863,1.5349,39,0,29,23,29,0,-2,0,0,0.9,57,3649,3942,335,132,35,614,33985,33039,108,2,82,73,1.22242e+06,0,0,0,0,1,0,55,212,180,3701,0,0,0,0,0,0,0,0,159,-176,0,0,16
2438.72,0,0,0,0,34,4385,1.5326,0.00261566,1.53476,39,0,29,23,29,0,-2,0,0,0.8,57,3647,3942,316,132,35,614,33985,33039,108,2,82,73,1.15245e+06,0,0,0,0,1,146,0,153,186,3751,0,0,0,0,0,0,0,0,159,-172,0,0,15
2438.73,0,0,0,0,33,4379,1.53264,0.00258269,1.53462,39,0,29,23,29,0,-2,0,0,0.7,57,3647,3919,305,132,35,614,33985,33039,108,2,82,73,1.11234e+06,0,0,0,0,1,175,122,0,180,3725,0,0,0,0,0,0,0,0,150,-157,0,0,15
2438.74,0,0,0,0,32,4379,1.53268,0.00254973,1.53448,39,0,29,23,29,0,-2,0,0,0.6,57,3647,3919,295,132,35,614,33985,33039,108,2,82,73,1.07586e+06,0,0,0,0,1,175,122,0,180,3768,0,0,0,0,0,0,0,0,150,-162,0,0,14
2438.75,0,0,0,0,32,4366,1.53271,0.00251676,1.53434,39,0,29,23,29,0,-2,0,0,0.5,57,3647,3919,295,132,35,614,33985,33039,108,2,82,73,1.07586e+06,0,0,0,0,1,0,278,0,180,3768,0,0,0,0,0,0,0,0,150,-162,0,0,14
2438.76,0,0,0,0,31,4360,1.53275,0.00248379,1.53419,39,0,29,23,29,0,-2,0,0,0.4,57,3664,3919,262,132,35,614,33985,33039,108,2,82,73,959968,0,0,0,0,1,0,125,152,150,3723,0,0,0,0,0,0,0,0,140,-140,0,0,14
2438.77,0,0,0,0,30,4358,1.53278,0.00245082,1.53405,39,0,29,23,29,0,-2,0,0,0.3,57,3664,3919,267,132,35,614,33985,33039,108,2,82,73,978288,0,0,0,0,1,183,0,0,147,3742,0,0,0,0,0,0,0,0,140,-123,0,0,13
2438.78,0,0,0,0,29,4353,1.53282,0.00241786,1.53391,39,0,29,23,29,0,-2,0,0,0.2,57,3664,3919,272,132,35,614,33985,33039,108,2,82,73,996608,0,0,0,0,1,87,110,0,153,3733,0,0,0,0,0,0,0,0,130,-145,0,0,13
2438.79,0,0,0,0,28,4342,1.53286,0.00238489,1.53377,39,0,29,23,29,0,-2,0,0,0.1,57,3664,3919,272,132,35,614,33985,33039,108,2,82,73,996608,0,0,0,0,1,0,153,144,158,3712,0,0,0,0,0,0,0,0,130,-142,0,0,12
2438.8,0,0,0,0,28,4342,1.53289,0.00235192,1.53363,39,0,29,23,29,0,-2,0,0,0,57,3672,3892,262,133,35,614,34176,33447,108,2,68,73,962064,0,0,0,0,1,0,153,144,158,3764,0,0,0,0,0,0,0,0,120,-128,0,0,12
2438.81,0,0,0,0,27,4333,1.53285,0.00231881,1.53385,39,0,29,23,29,0,-2,0,0,0.1,57,3672,3892,259,133,35,614,34176,33447,108,2,68,73,951048,0,0,0,0,1,120,0,117,143,3764,0,0,0,0,0,0,0,0,120,-128,0,0,12
2438.82,0,0,0,0,26,4324,1.5328,0.00228571,1.53407,39,0,29,23,29,0,-2,0,0,0.2,57,3671,3892,251,133,35,614,34176,33447,108,2,68,73,921421,0,0,0,0,1,101,114,0,133,3742,0,0,0,0,0,0,0,0,120,-122,0,0,12
2438.83,0,0,0,0,26,4319,1.53275,0.0022526,1.53428,39,0,29,23,29,0,-2,0,0,0.3,57,3671,3892,251,133,35,614,34176,33447,108,2,68,73,921421,0,0,0,0,1,0,20,117,119,3723,0,0,0,0,0,0,0,0,120,-115,0,0,12
2438.84,0,0,0,0,25,4313,1.5327,0.00221949,1.5345,39,0,29,23,29,0,-2,0,0,0.4,57,3679,3892,254,133,35,614,34176,33447,108,2,68,73,934466,0,0,0,0,1,210,0,0,134,3731,0,0,0,0,0,0,0,0,120,-120,0,0,11
2438.85,0,0,0,0,25,4304,1.53266,0.00218639,1.53472,39,0,29,23,29,0,-2,0,0,0.5,57,3679,3892,239,133,35,614,34176,33447,108,2,68,73,879281,0,0,0,0,1,0,198,0,134,3783,0,0,0,0,0,0,0,0,110,-101,0,0,11
2438.86,0,0,0,0,24,4304,1.53261,0.00215328,1.53494,39,0,29,23,29,0,-2,0,0,0.6,57,3679,3892,228,133,35,614,34176,33447,108,2,68,73,838812,0,0,0,0,1,0,198,0,134,3729,0,0,0,0,0,0,0,0,110,-95,0,0,11
2438.87,0,0,0,0,24,4295,1.53256,0.00212017,1.53516,39,0,29,23,29,0,-2,0,0,0.7,57,3679,3892,228,133,35,614,34176,33447,108,2,68,73,838812,0,0,0,0,1,46,0,105,120,3729,0,0,0,0,0,0,0,0,110,-95,0,0,11
2438.88,0,0,0,0,23,4291,1.53251,0.00208707,1.53538,39,0,29,23,29,0,-2,0,0,0.8,57,3676,3892,232,133,35,614,34176,33447,108,2,68,73,852832,0,0,0,0,1,147,79,0,117,3753,0,0,0,0,0,0,0,0,110,-109,0,0,10
2438.89,0,0,0,0,23,4282,1.53247,0.00205396,1.5356,39,0,29,23,29,0,-2,0,0,0.9,57,3676,3837,229,133,35,614,34176,33447,108,2,68,73,841804,0,0,0,0,1,0,0,171,126,3729,0,0,0,0,0,0,0,0,100,-120,0,0,10
2438.9,0,0,0,0,23,4271,1.53242,0.00202085,1.53582,39,0,29,23,28,0,-2,0,0,1,57,3685,3837,223,133,35,614,34309,33400,108,2,65,73,821755,0,0,0,0,1,161,0,0,121,3747,0,0,0,0,0,0,0,0,100,-121,0,0,10
2438.91,0,0,0,0,22,4261,1.53244,0.001997,1.53595,39,0,29,23,28,0,-2,0,0,1,57,3685,3837,223,134,35,614,34309,33400,108,2,65,73,821755,0,0,0,0,1,0,100,117,114,3733,0,0,0,0,0,0,0,0,100,-112,0,0,10
2438.92,0,0,0,0,22,4261,1.53246,0.00197314,1.53609,39,0,29,23,28,0,-2,0,0,1,57,3689,3837,205,134,35,614,34309,33400,108,2,65,73,756245,0,0,0,0,1,0,100,117,114,3751,0,0,0,0,0,0,0,0,100,-100,0,0,10
2438.93,0,0,0,0,22,4255,1.53247,0.00194929,1.53622,39,0,29,23,28,0,-2,0,0,1,57,3689,3837,210,134,35,614,34309,33400,108,2,65,73,774690,0,0,0,0,1,173,0,0,104,3751,0,0,0,0,0,0,0,0,100,-100,0,0,10
2438.94,0,0,0,0,21,4250,1.53249,0.00192543,1.53636,39,0,29,23,28,0,-2,0,0,1,57,3689,3837,218,134,35,614,34309,33400,108,2,65,73,804202,0,0,0,0,1,0,84,103,109,3731,0,0,0,0,0,0,0,0,100,-109,0,0,9
2438.95,0,0,0,0,21,4243,1.53251,0.00190158,1.53649,39,0,29,23,28,0,-2,0,0,1,57,3689,3837,218,134,35,614,34309,33400,108,2,65,73,804202,0,0,0,0,1,199,0,0,110,3753,0,0,0,0,0,0,0,0,90,-114,0,0,9
2438.96,0,0,0,0,20,4231,1.53253,0.00187772,1.53663,39,0,29,23,28,0,-2,0,0,1,57,3695,3837,193,134,35,614,34309,33400,108,2,65,73,713135,0,0,0,0,1,0,125,79,111,3733,0,0,0,0,0,0,0,0,90,-111,0,0,9
2438.97,0,0,0,0,20,4222,1.53255,0.00185387,1.53676,39,0,29,23,28,0,-2,0,0,1,57,3689,3837,181,134,35,614,34309,33400,108,2,65,73,667709,0,0,0,0,1,118,22,0,101,3753,0,0,0,0,0,0,0,0,90,-87,0,0,9
2438.98,0,0,0,0,19,4222,1.53257,0.00183001,1.5369,39,0,29,23,28,0,-2,0,0,1,57,3689,3837,192,134,35,614,34309,33400,108,2,65,73,708288,0,0,0,0,1,118,22,0,101,3733,0,0,0,0,0,0,0,0,90,-94,0,0,8
2438.99,0,0,0,0,18,4217,1.53259,0.00180616,1.53703,39,0,29,23,28,0,-2,0,0,1,57,3689,3837,192,134,35,614,34309,33400,108,2,65,73,708288,0,0,0,0,1,0,0,171,97,3733,0,0,0,0,0,0,0,0,90,-94,0,0,8
2439,0,0,0,0,17,4210,1.53261,0.0017823,1.53717,39,0,29,23,29,0,-2,0,0,1,57,3701,3837,178,134,35,614,34458,33482,108,2,65,73,658778,0,0,0,0,1,56,81,0,94,3770,0,0,0,0,0,0,0,0,80,-79,0,0,8
2439.01,0,0,0,0,17,4198,1.53271,0.00176002,1.53751,39,0,29,23,29,0,-2,0,0,1,57,3702,3837,166,135,35,614,34458,33482,108,2,65,73,614532,0,0,0,0,1,36,0,106,95,3785,0,0,0,0,0,0,0,0,80,-84,0,0,8
2439.02,0,0,0,0,16,4185,1.53281,0.00173775,1.53785,39,0,29,23,29,0,-2,0,0,1,57,3702,3837,172,135,35,614,34458,33482,108,2,65,73,636744,0,0,0,0,1,0,87,77,93,3744,0,0,0,0,0,0,0,0,80,-85,0,0,7
2439.03,0,0,0,0,16,4177,1.53291,0.00171547,1.53819,39,0,29,23,29,0,-2,0,0,1,57,3702,3837,172,135,35,614,34458,33482,108,2,65,73,636744,0,0,0,0,1,87,49,0,89,3747,0,0,0,0,0,0,0,0,69,-95,0,0,7
2439.04,0,0,0,0,15,4177,1.53302,0.00169319,1.53853,39,0,29,23,29,0,-2,0,0,1,57,3705,3837,169,135,35,614,34458,33482,108,2,65,73,626145,0,0,0,0,1,87,49,0,89,3783,0,0,0,0,0,0,0,0,69,-94,0,0,7
2439.05,0,0,0,0,14,4171,1.53312,0.00167091,1.53888,39,0,29,23,29,0,-2,0,0,1,57,3705,3837,171,135,35,614,34458,33482,108,2,65,73,633555,0,0,0,0,1,23,0,97,84,3783,0,0,0,0,0,0,0,0,69,-94,0,0,6
2439.06,0,0,0,0,14,4167,1.53322,0.00164864,1.53922,39,0,29,23,29,0,-2,0,0,1,57,3707,3837,162,135,35,614,34458,33482,108,2,65,73,600534,0,0,0,0,1,0,93,11,83,3749,0,0,0,0,0,0,0,0,69,-95,0,0,6
2439.07,0,0,0,0,13,4157,1.53332,0.00162636,1.53956,39,0,29,23,29,0,-2,0,0,1,57,3707,3837,162,135,35,614,34458,33482,108,2,65,73,600534,0,0,0,0,1,82,59,0,79,3757,0,0,0,0,0,0,0,0,59,-66,0,0,6
2439.08,0,0,0,0,12,4144,1.53343,0.00160408,1.5399,39,0,29,23,29,0,-2,0,0,1,57,3707,3837,130,135,35,614,34458,33482,108,2,65,73,481910,0,0,0,0,1,91,0,62,73,3790,0,0,0,0,0,0,0,0,59,-68,0,0,5
2439.09,0,0,0,0,12,4134,1.53353,0.0015818,1.54024,39,0,29,23,29,0,-2,0,0,1,57,3712,3837,138,135,35,614,34458,33482,108,2,65,73,512256,0,0,0,0,1,0,24,105,61,3753,0,0,0,0,0,0,0,0,49,-59,0,0,5
2439.1,0,0,0,0,11,4134,1.53363,0.00155953,1.54059,39,0,29,23,29,0,-2,0,0,1,57,3712,3837,138,135,35,614,34534,33828,107,2,65,73,512256,0,0,0,0,1,0,24,105,61,3791,0,0,0,0,0,0,0,0,49,-64,0,0,5
2439.11,0,0,0,0,10,4124,1.53331,0.00155706,1.54082,39,0,29,23,29,0,-2,0,0,1,57,3712,3837,138,136,35,614,34534,33828,107,2,65,73,512256,0,0,0,0,1,0,98,0,57,3791,0,0,0,0,0,0,0,0,49,-64,0,0,4
2439.12,0,0,0,0,10,4109,1.53298,0.00155459,1.54104,39,0,29,23,29,0,-2,0,0,1,57,3716,3837,122,136,35,614,34534,33828,107,2,65,73,453352,0,0,0,0,1,82,0,0,60,3768,0,0,0,0,0,0,0,0,49,-77,0,0,4
2439.13,0,0,0,0,9,4096,1.53265,0.00155212,1.54127,39,0,29,23,29,0,-2,0,0,1,57,3716,3837,113,136,35,614,34534,33828,107,2,65,73,419908,0,0,0,0,1,44,0,46,50,3796,0,0,0,0,0,0,0,0,39,-59,0,0,4
2439.14,0,0,0,0,9,4082,1.53232,0.00154965,1.5415,39,0,29,23,29,0,-2,0,0,1,57,3716,3837,106,136,35,614,34534,33828,107,2,65,73,393896,0,0,0,0,1,0,0,65,44,3762,0,0,0,0,0,0,0,0,39,-53,0,0,4
2439.15,0,0,0,0,8,4069,1.53199,0.00154718,1.54173,39,0,29,23,29,0,-2,0,0,1,57,3716,3837,106,136,35,614,34534,33828,107,2,65,73,393896,0,0,0,0,1,0,6,41,43,3768,0,0,0,0,0,0,0,0,39,-50,0,0,4
2439.16,0,0,0,0,8,4069,1.53167,0.00154472,1.54196,39,0,29,23,29,0,-2,0,0,1,57,3723,3837,115,136,35,614,34534,33828,107,2,65,73,428145,0,0,0,0,1,0,6,41,43,3770,0,0,0,0,0,0,0,0,39,-40,0,0,4
2439.17,0,0,0,0,7,4054,1.53134,0.00154225,1.54219,39,0,29,23,29,0,-2,0,0,1,57,3726,3837,106,136,35,614,34534,33828,107,2,65,73,394956,0,0,0,0,1,0,40,0,43,3770,0,0,0,0,0,0,0,0,39,-40,0,0,3
2439.18,0,0,0,0,7,4040,1.53101,0.00153978,1.54242,39,0,29,23,29,0,-2,0,0,1,57,3726,3837,97,136,35,614,34534,33828,107,2,65,73,361422,0,0,0,0,1,0,41,0,46,3817,0,0,0,0,0,0,0,0,39,-47,0,0,3
2439.19,0,0,0,0,7,4026,1.53068,0.00153731,1.54265,39,0,29,23,29,0,-2,0,0,1,57,3726,3837,97,136,35,614,34534,33828,107,2,65,73,361422,0,0,0,0,1,0,73,0,38,3815,0,0,0,0,0,0,0,0,29,-41,0,0,3
2439.2,0,0,0,0,6,4016,1.53036,0.00153484,1.54288,39,0,29,23,29,0,-2,0,0,1,57,3730,3837,103,136,35,614,34682,34120,108,2,65,73,384190,0,0,0,0,1,0,32,0,24,3811,0,0,0,0,0,0,0,0,29,-19,0,0,3
2439.21,0,0,0,0,6,4015,1.53072,0.00152679,1.543,39,0,29,23,29,0,-2,0,0,1,57,3733,3837,97,136,35,614,34682,34120,108,2,65,73,362101,0,0,0,0,1,1,0,0,10,3803,0,0,0,0,0,0,0,0,29,-15,0,0,3
2439.22,0,0,0,0,6,4015,1.53108,0.00151874,1.54312,39,0,29,23,29,0,-2,0,0,1,57,3733,3837,94,137,35,614,34682,34120,108,2,65,73,350902,0,0,0,0,1,1,0,0,10,3791,0,0,0,0,0,0,0,0,29,-23,0,0,3
2439.23,0,0,0,0,5,4018,1.53145,0.00151069,1.54324,39,0,29,23,29,0,-2,0,0,1,57,3733,3837,94,137,35,614,34682,34120,108,2,65,73,350902,0,0,0,0,1,11,0,0,14,3791,0,0,0,0,0,0,0,0,29,-23,0,0,0
2439.24,0,0,0,0,5,4019,1.53181,0.00150264,1.54336,39,0,29,23,29,0,-2,0,0,1,57,3733,3837,82,137,35,614,34682,34120,108,2,65,73,306106,0,0,0,0,1,54,0,0,22,3791,0,0,0,0,0,0,0,0,29,-43,0,0,0
2439.25,0,0,0,0,5,4016,1.53217,0.00149459,1.54348,39,0,29,23,29,0,-2,0,0,1,57,3733,3837,85,137,35,614,34682,34120,108,2,65,73,317305,0,0,0,0,1,3,18,0,12,3794,0,0,0,0,0,0,0,0,0,-19,0,0,0
2439.26,0,0,0,0,4,4001,1.53254,0.00148654,1.54361,39,0,29,23,29,0,-2,0,0,1,57,3733,3837,89,137,35,614,34682,34120,108,2,65,73,332237,0,0,0,0,1,38,0,0,17,3791,0,0,0,0,0,0,0,0,0,-22,0,0,0
2439.27,0,0,0,0,4,3979,1.5329,0.00147849,1.54373,39,0,29,23,29,0,-2,0,0,1,57,3733,3837,89,137,35,614,34682,34120,108,2,65,73,332237,0,0,0,0,1,58,0,0,21,3788,0,0,0,0,0,0,0,0,0,-32,0,0,0
2439.28,0,0,0,0,3,3979,1.53327,0.00147044,1.54385,39,0,29,23,29,0,-2,0,0,1,57,3738,3837,80,137,35,614,34682,34120,108,2,65,73,299040,0,0,0,0,1,58,0,0,21,3805,0,0,0,0,0,0,0,0,0,-9,0,0,0
2439.29,0,0,0,0,3,3957,1.53363,0.00146239,1.54397,39,0,29,23,29,0,-2,0,0,1,57,3738,3801,76,137,35,614,34682,34120,108,2,65,73,284088,0,0,0,0,1,15,28,0,17,3805,0,0,0,0,0,0,0,0,0,-9,0,0,0
2439.3,0,0,0,0,2,3934,1.53399,0.00145434,1.54409,39,0,29,23,29,0,-2,0,0,1,56,3738,3801,75,137,35,614,34738,34161,108,2,82,73,280350,0,0,0,0,1,0,0,0,15,3831,0,0,0,0,0,0,0,0,0,-10,0,0,0
2439.31,0,0,0,0,2,3915,1.5343,0.00145215,1.5444,39,0,29,23,29,0,-2,0,0,1,56,3738,3801,75,137,35,614,34738,34161,108,2,82,73,280350,0,0,0,0,1,0,0,0,5,3798,0,0,0,0,0,0,0,0,0,-10,0,0,0
2439.32,0,0,0,0,1,3900,1.5346,0.00144996,1.54471,39,0,29,23,29,0,-2,0,0,1,56,3742,3801,73,138,35,614,34738,34161,108,2,82,73,273166,0,0,0,0,1,11,0,0,0,3837,0,0,0,0,0,0,0,0,0,-23,0,0,0
2439.33,0,0,0,0,1,3889,1.53491,0.00144776,1.54502,39,0,29,23,29,0,-2,0,0,1,56,3742,3801,75,138,35,614,34738,34161,108,2,82,73,280650,0,0,0,0,1,13,40,0,0,3809,0,0,0,0,0,0,0,0,0,19,0,0,0
2439.34,0,0,0,0,0,3889,1.53522,0.00144557,1.54533,39,0,29,23,29,0,-2,0,0,1,56,3742,3801,70,138,35,614,34738,34161,108,2,82,73,261940,0,0,0,0,1,13,40,0,0,3813,0,0,0,0,0,0,0,0,0,26,0,0,0
2439.35,0,0,0,0,0,3882,1.53552,0.00144337,1.54564,39,0,29,23,29,0,-2,0,0,1,56,3742,3801,70,138,35,614,34738,34161,108,2,82,73,261940,0,0,0,0,1,0,0,27,0,3813,0,0,0,0,0,0,0,0,0,26,0,0,0
2439.36,0,0,0,0,0,3872,1.53583,0.00144118,1.54595,39,0,29,23,29,0,-2,0,0,1,56,3743,3801,61,138,35,614,34738,34161,108,2,82,73,228323,0,0,0,0,1,0,0,15,0,3794,0,0,0,0,0,0,0,0,0,5,0,0,0
2439.37,0,0,0,0,0,3861,1.53613,0.00143898,1.54626,39,0,29,23,29,0,-2,0,0,1,56,3744,3801,61,138,35,614,34738,34161,108,2,82,73,228384,0,0,0,0,1,0,0,0,0,3803,0,0,0,0,0,0,0,0,0,14,0,0,0
2439.38,0,0,0,0,0,3847,1.53644,0.00143679,1.54656,39,0,29,23,29,0,-2,0,0,1,56,3744,3801,57,138,35,614,34738,34161,108,2,82,73,213408,0,0,0,0,1,13,14,9,2,3805,0,0,0,0,0,0,0,0,0,-10,0,0,0
2439.39,0,0,0,0,0,3834,1.53674,0.00143459,1.54687,39,0,29,23,29,0,-2,0,0,1,56,3744,3801,57,138,35,614,34738,34161,108,2,82,73,213408,0,0,0,0,1,0,6,0,3,3837,0,0,0,0,0,0,0,0,0,-11,0,0,0
2439.4,0,0,0,0,0,3834,1.53705,0.0014324,1.54718,39,0,29,23,29,0,-2,0,0,1,56,3747,3801,50,138,35,614,34831,34364,108,2,82,73,187350,0,0,0,0,1,0,6,0,3,3805,0,0,0,0,0,0,0,0,0,-30,0,0,0
2439.41,0,0,0,0,0,3823,1.53716,0.00143819,1.54693,39,0,29,23,29,0,-2,0,0,1,56,3749,3801,36,138,35,614,34831,34364,108,2,82,73,134964,0,0,0,0,1,0,0,7,0,3805,0,0,0,0,0,0,0,0,0,-30,0,0,0
2439.42,0,0,0,0,0,3817,1.53727,0.00144398,1.54668,39,0,29,23,29,0,-2,0,0,1,56,3749,3801,38,138,35,614,34831,34364,108,2,82,73,142462,0,0,0,0,1,0,26,3,0,3811,0,0,0,0,0,0,0,0,0,-1,0,0,0
2439.43,0,0,0,0,0,3815,1.53738,0.00144977,1.54642,39,0,29,23,29,0,-2,0,0,1,56,3749,3801,38,135,35,614,34831,34364,108,2,82,73,142462,0,0,0,0,1,5,0,23,0,3803,0,0,0,0,0,0,0,0,0,10,0,0,0
2439.44,0,0,0,0,0,3807,1.5375,0.00145556,1.54617,39,0,29,23,29,0,-2,0,0,1,56,3756,3801,27,135,35,614,34831,34364,108,2,82,73,101412,0,0,0,0,1,0,16,30,0,3831,0,0,0,0,0,0,0,0,0,-5,0,0,0
2439.45,0,0,0,0,0,3797,1.53761,0.00146134,1.54591,39,0,29,23,29,0,-2,0,0,1,56,3756,3801,20,135,35,614,34831,34364,108,2,82,73,75120,0,0,0,0,1,19,0,0,6,3813,0,0,0,0,0,0,0,0,0,-5,0,0,0
2439.46,0,0,0,0,0,3797,1.53772,0.00146713,1.54566,39,0,29,23,29,0,-2,0,0,1,56,3760,3801,21,135,35,614,34831,34364,108,2,82,73,78960,0,0,0,0,1,19,0,0,6,3791,0,0,0,0,0,0,0,0,0,-19,0,0,0
2439.47,0,0,0,0,0,3781,1.53783,0.00147292,1.54541,39,0,29,23,29,0,-2,0,0,1,56,3760,3801,21,135,35,614,34831,34364,108,2,82,73,78960,0,0,0,0,1,0,0,27,9,3791,0,0,0,0,0,0,0,0,0,-19,0,0,0
2439.48,0,0,0,0,0,3762,1.53794,0.00147871,1.54515,39,0,29,23,29,0,-2,0,0,1,56,3762,3801,14,135,35,614,34831,34364,108,2,82,73,52668,0,0,0,0,1,19,0,0,10,3796,0,0,0,0,0,0,0,0,0,-2,0,0,0
2439.49,0,0,0,0,0,3741,1.53805,0.0014845,1.5449,39,0,29,23,29,0,-2,0,0,1,56,3762,3801,20,135,35,614,34831,34364,108,2,82,73,75240,0,0,0,0,1,0,2,21,11,3791,0,0,0,0,0,0,0,0,0,-10,0,0,0
2439.5,0,0,0,0,0,3722,1.53817,0.00149029,1.54465,39,0,29,23,29,0,-2,0,0,1,56,3762,3801,10,135,35,614,34954,34628,107,2,20,57,37620,0,0,0,0,1,42,0,0,8,3805,0,0,0,0,0,0,0,0,0,-9,0,0,0
2439.51,0,0,0,0,0,3705,1.53796,0.0014903,1.54448,39,0,29,23,29,0,-2,0,0,1,56,3762,3801,10,135,35,614,34954,34628,107,2,20,57,37620,0,0,0,0,1,0,0,9,3,3813,0,0,0,0,0,0,0,0,0,-18,0,0,0
2439.52,0,0,0,0,0,3705,1.53776,0.0014903,1.54432,39,0,29,23,29,0,-2,0,0,1,56,3763,3801,-13,135,35,614,34954,34628,107,2,20,57,-48919,0,0,0,0,1,0,0,9,3,3811,0,0,0,0,0,0,0,0,0,1,0,0,0
2439.53,0,0,0,0,0,3692,1.53756,0.0014903,1.54416,39,0,29,23,29,0,-2,0,0,1,56,3768,3801,-14,135,35,614,34954,34628,107,2,20,57,-52752,0,0,0,0,1,1,0,30,0,3811,0,0,0,0,0,0,0,0,0,1,0,0,0
2439.54,0,0,0,0,0,3690,1.53735,0.0014903,1.54399,39,0,29,23,29,0,-2,0,0,1,56,3768,3801,-10,135,35,614,34954,34628,107,2,20,57,-37680,0,0,0,0,1,0,34,0,0,3811,0,0,0,0,0,0,0,0,0,2,0,0,0
2439.55,0,0,0,0,0,3694,1.53715,0.00149031,1.54383,39,0,29,23,29,0,-2,0,0,1,56,3768,3801,-10,135,35,614,34954,34628,107,2,20,57,-37680,0,0,0,0,1,42,0,0,0,3807,0,0,0,0,0,0,0,0,0,8,0,0,0
2439.56,0,0,0,0,0,3693,1.53695,0.00149031,1.54366,39,0,29,23,29,0,-2,0,0,1,56,3775,3801,-14,135,35,614,34954,34628,107,2,20,57,-52850,0,0,0,0,1,3,0,7,0,3824,0,0,0,0,0,0,0,0,0,-2,0,0,0
2439.57,0,0,0,0,0,3681,1.53674,0.00149031,1.5435,39,0,29,23,29,0,-2,0,0,1,56,3775,3801,-12,135,35,614,34954,34628,107,2,20,57,-45300,0,0,0,0,1,0,2,23,3,3807,0,0,0,0,0,0,0,0,0,6,0,0,0
2439.58,0,0,0,0,0,3681,1.53654,0.00149031,1.54334,39,0,29,23,29,0,-2,0,0,1,56,3777,3801,-9,135,35,614,34954,34628,107,2,20,57,-33993,0,0,0,0,1,0,2,23,3,3796,0,0,0,0,0,0,0,0,0,-23,0,0,0
2439.59,0,0,0,0,0,3664,1.53634,0.00149032,1.54317,39,0,29,23,29,0,-2,0,0,1,56,3777,3801,-9,135,35,614,34954,34628,107,2,20,57,-33993,0,0,0,0,1,0,53,0,13,3796,0,0,0,0,0,0,0,0,0,-23,0,0,0
2439.6,0,0,0,0,0,3643,1.53613,0.00149032,1.54301,39,0,29,23,29,0,-2,0,0,1,56,3772,3801,-13,135,35,614,35074,34759,108,2,20,57,-49036,0,0,0,0,1,64,0,0,13,3811,0,0,0,0,0,0,0,0,0,-8,0,0,0
2439.61,0,0,0,0,0,3618,1.53595,0.00147531,1.54286,39,0,29,23,29,0,-2,0,0,1,56,3772,3801,-13,135,35,614,35074,34759,108,2,20,57,-49036,0,0,0,0,1,41,0,0,13,3803,0,0,0,0,0,0,0,0,0,-16,0,0,0
2439.62,0,0,0,0,0,3599,1.53577,0.0014603,1.54271,39,0,29,23,29,0,-2,0,0,1,56,3772,3801,-20,135,35,614,35074,34759,108,2,20,57,-75440,0,0,0,0,1,0,0,7,3,3835,0,0,0,0,0,0,0,0,0,-2,0,0,0
2439.63,0,0,0,0,0,3581,1.53558,0.00144529,1.54255,39,0,29,23,29,0,-2,0,0,1,56,3772,3801,-20,135,35,614,35074,34759,108,2,20,57,-75440,0,0,0,0,1,9,0,19,0,3807,0,0,0,0,0,0,0,0,0,5,0,0,0
2439.64,0,0,0,0,0,3581,1.5354,0.00143028,1.5424,39,0,29,23,29,0,-2,0,0,1,56,3775,3801,-32,135,35,614,35074,34759,108,2,20,57,-120800,0,0,0,0,1,9,0,19,0,3800,0,0,0,0,0,0,0,0,0,5,0,0,0
2439.65,0,0,0,0,0,3572,1.53522,0.00141527,1.54225,39,0,29,23,29,0,-2,0,0,1,56,3781,3801,-35,135,35,614,35074,34759,108,2,20,57,-132335,0,0,0,0,1,0,0,0,0,3800,0,0,0,0,0,0,0,0,0,5,0,0,0
2439.66,0,0,0,0,0,3570,1.53503,0.00140026,1.5421,39,0,29,23,29,0,-2,0,0,1,56,3781,3801,-35,135,35,614,35074,34759,108,2,20,57,-132335,0,0,0,0,1,7,0,48,0,3850,0,0,0,0,0,0,0,0,0,8,0,0,0
2439.67,0,0,0,0,0,3573,1.53485,0.00138526,1.54195,39,0,29,23,29,0,-2,0,0,1,56,3781,3801,-35,135,35,614,35074,34759,108,2,20,57,-132335,0,0,0,0,1,0,0,30,0,3809,0,0,0,0,0,0,0,0,0,7,0,0,0
2439.68,0,0,0,0,0,3572,1.53466,0.00137025,1.5418,39,0,29,23,29,0,-2,0,0,1,56,3784,3772,-27,135,35,614,35074,34759,108,2,20,57,-102168,0,0,0,0,1,0,0,3,0,3813,0,0,0,0,0,0,0,0,0,4,0,0,0
2439.69,0,0,0,0,0,3561,1.53448,0.00135524,1.54164,39,0,29,23,29,0,-2,0,0,1,56,3784,3772,-24,135,35,614,35074,34759,108,2,20,57,-90816,0,0,0,0,1,15,12,0,5,3800,0,0,0,0,0,0,0,0,0,-6,0,0,0
2439.7,0,0,0,0,0,3561,1.5343,0.00134023,1.54149,39,0,29,23,29,0,-2,0,0,1,56,3784,3772,-26,135,35,614,35144,34830,108,2,20,57,-98384,0,0,0,0,1,15,12,0,5,3824,0,0,0,0,0,0,0,0,0,-16,0,0,0
2439.71,0,0,0,0,0,3543,1.53413,0.00135166,1.54176,39,0,29,23,29,0,-2,0,0,1,56,3784,3772,-26,135,35,614,35144,34830,108,2,20,57,-98384,0,0,0,0,1,0,0,41,11,3824,0,0,0,0,0,0,0,0,0,-16,0,0,0
2439.72,0,0,0,0,0,3522,1.53396,0.00136309,1.54203,39,0,29,23,29,0,-2,0,0,1,56,3781,3772,-30,135,35,614,35144,34830,108,2,20,57,-113430,0,0,0,0,1,0,0,23,16,3833,0,0,0,0,0,0,0,0,0,4,0,0,0
2439.73,0,0,0,0,0,3501,1.53379,0.00137452,1.54229,39,0,29,23,29,0,-2,0,0,1,56,3782,3772,-36,135,35,614,35144,34830,108,2,20,57,-136152,0,0,0,0,1,0,0,36,8,3829,0,0,0,0,0,0,0,0,0,-27,0,0,0
2439.74,0,0,0,0,0,3481,1.53362,0.00138596,1.54256,39,0,29,23,29,0,-2,0,0,1,56,3782,3772,-36,135,35,614,35144,34830,108,2,20,57,-136152,0,0,0,0,1,0,5,9,2,3829,0,0,0,0,0,0,0,0,0,12,0,0,0
2439.75,0,0,0,0,0,3469,1.53345,0.00139739,1.54283,39,0,29,23,29,0,-2,0,0,1,56,3782,3772,-36,135,35,614,35144,34830,108,2,20,57,-136152,0,0,0,0,1,0,12,0,0,3811,0,0,0,0,0,0,0,0,0,4,0,0,0
2439.76,0,0,0,0,0,3469,1.53328,0.00140882,1.5431,39,0,29,23,29,0,-2,0,0,1,56,3785,3772,-23,135,35,614,35144,34830,108,2,20,57,-87055,0,0,0,0,1,0,12,0,0,3811,0,0,0,0,0,0,0,0,0,14,0,0,0
2439.77,0,0,0,0,0,3460,1.53311,0.00142025,1.54336,39,0,29,23,29,0,-2,0,0,1,56,3785,3772,-21,135,35,614,35144,34830,108,2,20,57,-79485,0,0,0,0,1,0,20,0,0,3822,0,0,0,0,0,0,0,0,0,14,0,0,0
2439.78,0,0,0,0,0,3458,1.53293,0.00143169,1.54363,39,0,29,23,29,0,-2,0,0,1,56,3785,3772,-18,135,35,614,35144,34830,108,2,20,57,-68130,0,0,0,0,1,0,16,7,0,3807,0,0,0,0,0,0,0,0,0,3,0,0,0
2439.79,0,0,0,0,0,3455,1.53276,0.00144312,1.5439,39,0,29,23,29,0,-2,0,0,1,56,3785,3772,-18,135,35,614,35144,34830,108,2,20,57,-68130,0,0,0,0,1,0,0,3,0,3807,0,0,0,0,0,0,0,0,0,1,0,0,0
2439.8,0,0,0,0,0,3449,1.53259,0.00145455,1.54416,39,0,29,23,28,0,-2,0,0,1,57,3781,3772,-16,135,35,614,35120,34799,108,2,65,57,-60496,0,0,0,0,1,17,0,0,0,3809,0,0,0,0,0,0,0,0,0,-5,0,0,0
2439.81,0,0,0,0,0,3441,1.53285,0.00146355,1.54415,39,0,29,23,28,0,-2,0,0,1,57,3778,3772,-18,135,35,614,35120,34799,108,2,65,57,-68004,0,0,0,0,1,11,20,0,5,3835,0,0,0,0,0,0,0,0,0,-1,0,0,0
2439.82,0,0,0,0,0,3441,1.5331,0.00147255,1.54414,39,0,29,23,28,0,-2,0,0,1,57,3778,3772,-23,135,35,614,35120,34799,108,2,65,57,-86894,0,0,0,0,1,11,20,0,5,3811,0,0,0,0,0,0,0,0,0,-2,0,0,0
2439.83,0,0,0,0,0,3428,1.53336,0.00148155,1.54413,39,0,29,23,28,0,-2,0,0,1,57,3778,3772,-23,135,35,614,35120,34799,108,2,65,57,-86894,0,0,0,0,1,0,20,7,5,3811,0,0,0,0,0,0,0,0,0,-2,0,0,0
2439.84,0,0,0,0,0,3412,1.53361,0.00149055,1.54413,39,0,29,23,28,0,-2,0,0,1,57,3781,3768,-34,135,35,614,35120,34799,108,2,65,57,-128554,0,0,0,0,1,0,0,36,9,3807,0,0,0,0,0,0,0,0,0,-31,0,0,0
2439.85,0,0,0,0,0,3391,1.53386,0.00149955,1.54412,39,0,29,23,28,0,-2,0,0,1,57,3781,3768,-37,135,35,614,35120,34799,108,2,65,57,-139897,0,0,0,0,1,5,0,15,12,3809,0,0,0,0,0,0,0,0,0,-12,0,0,0
2439.86,0,0,0,0,0,3373,1.53412,0.00150855,1.54411,39,0,29,23,28,0,-2,0,0,1,57,3781,3768,-38,135,35,614,35120,34799,108,2,65,57,-143678,0,0,0,0,1,21,20,3,5,3811,0,0,0,0,0,0,0,0,0,-1,0,0,0
2439.87,0,0,0,0,0,3359,1.53437,0.00151755,1.5441,39,0,29,23,28,0,-2,0,0,1,57,3781,3768,-38,135,35,614,35120,34799,108,2,65,57,-143678,0,0,0,0,1,0,0,13,0,3826,0,0,0,0,0,0,0,0,0,9,0,0,0
2439.88,0,0,0,0,0,3359,1.53462,0.00152655,1.54409,39,0,29,23,28,0,-2,0,0,1,57,3786,3768,-24,135,35,614,35120,34799,108,2,65,57,-90864,0,0,0,0,1,0,0,13,0,3813,0,0,0,0,0,0,0,0,0,13,0,0,0
2439.89,0,0,0,0,0,3348,1.53488,0.00153555,1.54408,39,0,29,23,28,0,-2,0,0,1,57,3786,3768,-18,135,35,614,35120,34799,108,2,65,57,-68148,0,0,0,0,1,23,18,7,0,3813,0,0,0,0,0,0,0,0,0,13,0,0,0
2439.9,0,0,0,0,0,3340,1.53513,0.00154455,1.54407,39,0,29,23,29,0,-2,0,0,1,57,3786,3765,-11,135,35,614,35164,34852,108,2,20,57,-41646,0,0,0,0,1,0,10,3,0,3809,0,0,0,0,0,0,0,0,0,2,0,0,0
2439.91,0,0,0,0,0,3334,1.53478,0.00153881,1.54351,39,0,29,23,29,0,-2,0,0,1,57,3786,3765,-11,135,35,614,35164,34852,108,2,20,57,-41646,0,0,0,0,1,0,0,5,0,3852,0,0,0,0,0,0,0,0,0,2,0,0,0
2439.92,0,0,0,0,0,3327,1.53442,0.00153307,1.54296,39,0,29,23,29,0,-2,0,0,1,57,3778,3765,-13,135,35,614,35164,34852,108,2,20,57,-49114,0,0,0,0,1,13,12,0,0,3822,0,0,0,0,0,0,0,0,0,6,0,0,0
2439.93,0,0,0,0,0,3321,1.53407,0.00152733,1.54241,39,0,29,23,29,0,-2,0,0,1,57,3778,3765,-17,135,35,614,35164,34852,108,2,20,57,-64226,0,0,0,0,1,0,5,29,0,3813,0,0,0,0,0,0,0,0,0,0,0,0,0
2439.94,0,0,0,0,0,3321,1.53372,0.00152159,1.54185,39,0,29,23,29,0,-2,0,0,1,57,3778,3765,-21,135,35,614,35164,34852,108,2,20,57,-79338,0,0,0,0,1,0,5,29,0,3822,0,0,0,0,0,0,0,0,0,0,0,0,0
2439.95,0,0,0,0,0,3312,1.53336,0.00151585,1.5413,39,0,29,23,29,0,-2,0,0,1,57,3778,3765,-21,135,35,614,35164,34852,108,2,20,57,-79338,0,0,0,0,1,0,0,5,5,3822,0,0,0,0,0,0,0,0,0,0,0,0,0
2439.96,0,0,0,0,0,3301,1.53301,0.00151011,1.54075,39,0,29,23,29,0,-2,0,0,1,57,3779,3765,-34,135,35,614,35164,34852,108,2,20,57,-128486,0,0,0,0,1,5,0,38,5,3829,0,0,0,0,0,0,0,0,0,1,0,0,0
2439.97,0,0,0,0,0,3287,1.53266,0.00150436,1.54019,39,0,29,23,29,0,-2,0,0,1,57,3783,3765,-36,135,35,614,35164,34852,108,2,20,57,-136188,0,0,0,0,1,21,12,0,7,3817,0,0,0,0,0,0,0,0,0,-15,0,0,0
2439.98,0,0,0,0,0,3269,1.5323,0.00149862,1.53964,39,0,29,23,29,0,-2,0,0,1,57,3783,3765,-36,135,35,614,35164,34852,108,2,20,57,-136188,0,0,0,0,1,0,0,29,7,3815,0,0,0,0,0,0,0,0,0,-22,0,0,0
2439.99,0,0,0,0,0,3251,1.53195,0.00149288,1.53909,39,0,29,23,29,0,-2,0,0,1,57,3783,3765,-36,135,35,614,35164,34852,108,2,20,57,-136188,0,0,0,0,1,35,2,0,6,3813,0,0,0,0,0,0,0,0,0,-22,0,0,0
2440,0,0,0,0,0,3251,1.53159,0.00148714,1.53853,39,0,29,23,29,0,-2,0,0,1,57,3787,3766,-20,135,35,614,35164,34883,108,2,82,57,-75740,0,0,0,0,1,0,5,3,0,3829,0,0,0,0,0,0,0,0,0,3,0,0,0
2440.01,0,0,0,0,0,3235,1.5318,0.00148923,1.53856,39,0,29,23,29,0,-2,0,0,1,57,3787,3766,-15,135,35,614,35164,34883,108,2,82,57,-56805,0,0,0,0,1,0,5,3,0,3829,0,0,0,0,0,0,0,0,0,3,0,0,0
2440.02,0,0,0,0,0,3226,1.53201,0.00149132,1.53858,39,0,29,23,29,0,-2,0,0,1,57,3787,3766,-10,135,35,614,35164,34883,108,2,82,57,-37870,0,0,0,0,1,32,6,23,0,3824,0,0,0,0,0,0,0,0,0,10,0,0,0
2440.03,0,0,0,0,0,3222,1.53222,0.00149341,1.53861,39,0,29,23,29,0,-2,0,0,1,57,3787,3766,-10,135,35,614,35164,34883,108,2,82,57,-37870,0,0,0,0,1,0,16,0,0,3833,0,0,0,0,0,0,0,0,0,9,0,0,0
2440.04,0,0,0,0,0,3217,1.53242,0.0014955,1.53863,39,0,29,23,29,0,-2,0,0,1,57,3779,3766,-14,135,35,614,35164,34883,108,2,82,57,-52906,0,0,0,0,1,3,10,0,0,3829,0,0,0,0,0,0,0,0,0,-5,0,0,0
2440.05,0,0,0,0,0,3209,1.53263,0.0014976,1.53866,39,0,29,23,29,0,-2,0,0,1,57,3779,3766,-18,135,35,614,35164,34883,108,2,82,57,-68022,0,0,0,0,1,0,22,0,0,3811,0,0,0,0,0,0,0,0,0,9,0,0,0
2440.06,0,0,0,0,0,3209,1.53284,0.00149969,1.53868,39,0,29,23,29,0,-2,0,0,1,57,3779,3766,-25,135,35,614,35164,34883,108,2,82,57,-94475,0,0,0,0,1,0,22,0,0,3822,0,0,0,0,0,0,0,0,0,-5,0,0,0
2440.07,0,0,0,0,0,3200,1.53305,0.00150178,1.5387,39,0,29,23,29,0,-2,0,0,1,57,3779,3766,-25,135,35,614,35164,34883,108,2,82,57,-94475,0,0,0,0,1,7,10,11,0,3822,0,0,0,0,0,0,0,0,0,-5,0,0,0
2440.08,0,0,0,0,0,3188,1.53325,0.00150387,1.53873,39,0,29,23,29,0,-2,0,0,1,57,3779,3766,-32,135,35,614,35164,34883,108,2,82,57,-120928,0,0,0,0,1,15,0,0,2,3817,0,0,0,0,0,0,0,0,0,-19,0,0,0
2440.09,0,0,0,0,0,3176,1.53346,0.00150596,1.53875,39,0,29,23,29,0,-2,0,0,1,57,3783,3766,-33,135,35,614,35164,34883,108,2,82,57,-124839,0,0,0,0,1,0,0,24,2,3822,0,0,0,0,0,0,0,0,0,-11,0,0,0
2440.1,0,0,0,0,0,3163,1.53367,0.00150805,1.53878,39,0,29,23,29,0,-2,0,0,1,57,3783,3766,-31,135,35,614,35100,34800,108,2,82,55,-117273,0,0,0,0,1,0,0,3,6,3817,0,0,0,0,0,0,0,0,0,-2,0,0,0
2440.11,0,0,0,0,0,3149,1.53351,0.00150302,1.53927,39,0,29,23,29,0,-2,0,0,1,57,3783,3766,-31,135,35,614,35100,34800,108,2,82,55,-117273,0,0,0,0,1,24,0,0,4,3807,0,0,0,0,0,0,0,0,0,-8,0,0,0
2440.12,0,0,0,0,0,3149,1.53335,0.00149799,1.53976,39,0,29,23,29,0,-2,0,0,1,57,3787,3766,-22,135,35,614,35100,34800,108,2,82,55,-83314,0,0,0,0,1,24,0,0,4,3817,0,0,0,0,0,0,0,0,0,1,0,0,0
2440.13,0,0,0,0,0,3133,1.5332,0.00149296,1.54026,39,0,29,23,29,0,-2,0,0,1,57,3787,3766,-20,135,35,614,35100,34800,108,2,82,55,-75740,0,0,0,0,1,13,2,7,5,3817,0,0,0,0,0,0,0,0,0,1,0,0,0
2440.14,0,0,0,0,0,3119,1.53304,0.00148793,1.54075,39,0,29,23,29,0,-2,0,0,1,57,3787,3766,-17,135,35,614,35100,34800,108,2,82,55,-64379,0,0,0,0,1,3,0,15,0,3824,0,0,0,0,0,0,0,0,0,7,0,0,0
2440.15,0,0,0,0,0,3107,1.53289,0.0014829,1.54124,39,0,29,23,29,0,-2,0,0,1,57,3787,3766,-17,136,35,614,35100,34800,108,2,82,55,-64379,0,0,0,0,1,0,0,1,0,3820,0,0,0,0,0,0,0,0,0,11,0,0,0
2440.16,0,0,0,0,0,3102,1.53273,0.00147787,1.54174,39,0,29,23,29,0,-2,0,0,1,57,3783,3766,-11,136,35,614,35100,34800,108,2,82,55,-41613,0,0,0,0,1,3,0,29,0,3829,0,0,0,0,0,0,0,0,0,14,0,0,0
2440.17,0,0,0,0,0,3096,1.53257,0.00147284,1.54223,39,0,29,23,29,0,-2,0,0,1,57,3783,3766,-18,136,35,614,35100,34800,108,2,82,55,-68094,0,0,0,0,1,0,0,7,0,3813,0,0,0,0,0,0,0,0,0,-1,0,0,0
2440.18,0,0,0,0,0,3096,1.53242,0.00146781,1.54272,39,0,29,23,29,0,-2,0,0,1,57,3783,3766,-18,136,35,614,35100,34800,108,2,82,55,-68094,0,0,0,0,1,0,0,7,0,3822,0,0,0,0,0,0,0,0,0,-5,0,0,0
2440.19,0,0,0,0,0,3089,1.53226,0.00146278,1.54322,39,0,29,23,29,0,-2,0,0,1,57,3783,3766,-18,136,35,614,35100,34800,108,2,82,55,-68094,0,0,0,0,1,0,0,13,0,3822,0,0,0,0,0,0,0,0,0,-5,0,0,0
2440.2,0,0,0,0,0,3078,1.53211,0.00145775,1.54371,39,0,29,23,29,0,-2,0,0,1,57,3781,3766,-25,136,35,614,35107,34812,108,2,82,57,-94525,0,0,0,0,1,0,12,21,1,3829,0,0,0,0,0,0,0,0,0,-19,0,0,0
2440.21,0,0,0,0,0,3066,1.53205,0.00146215,1.54316,39,0,29,23,29,0,-2,0,0,1,57,3785,3766,-28,136,35,614,35107,34812,108,2,82,57,-105980,0,0,0,0,1,0,12,13,3,3824,0,0,0,0,0,0,0,0,0,-25,0,0,0
2440.22,0,0,0,0,0,3053,1.532,0.00146655,1.54261,39,0,29,23,29,0,-2,0,0,1,57,3785,3766,-27,136,35,614,35107,34812,108,2,82,57,-102195,0,0,0,0,1,0,0,0,5,3824,0,0,0,0,0,0,0,0,0,-7,0,0,0
2440.23,0,0,0,0,0,3040,1.53195,0.00147095,1.54206,39,0,29,23,29,0,-2,0,0,1,57,3785,3766,-27,136,35,614,35107,34812,108,2,82,57,-102195,0,0,0,0,1,1,2,0,2,3833,0,0,0,0,0,0,0,0,0,-1,0,0,0
2440.24,0,0,0,0,0,3040,1.53189,0.00147535,1.54151,39,0,29,23,29,0,-2,0,0,1,57,3785,3766,-26,136,35,614,35107,34812,108,2,82,57,-98410,0,0,0,0,1,1,2,0,2,3837,0,0,0,0,0,0,0,0,0,2,0,0,0
2440.25,0,0,0,0,0,3030,1.53184,0.00147975,1.54096,39,0,29,23,29,0,-2,0,0,1,57,3785,3766,-21,136,35,614,35107,34812,108,2,82,57,-79485,0,0,0,0,1,0,12,0,2,3837,0,0,0,0,0,0,0,0,0,2,0,0,0
2440.26,0,0,0,0,0,3022,1.53178,0.00148415,1.54041,39,0,29,23,29,0,-2,0,0,1,57,3785,3766,-17,136,35,614,35107,34812,108,2,82,57,-64345,0,0,0,0,1,11,2,0,0,3833,0,0,0,0,0,0,0,0,0,3,0,0,0
2440.27,0,0,0,0,0,3011,1.53173,0.00148855,1.53986,39,0,29,23,29,0,-2,0,0,1,57,3785,3766,-17,136,35,614,35107,34812,108,2,82,57,-64345,0,0,0,0,1,23,0,0,0,3817,0,0,0,0,0,0,0,0,0,-8,0,0,0
2440.28,0,0,0,0,0,2999,1.53168,0.00149295,1.53932,39,0,29,23,29,0,-2,0,0,1,57,3785,3766,-13,136,35,614,35107,34812,108,2,82,57,-49205,0,0,0,0,1,9,0,19,4,3829,0,0,0,0,0,0,0,0,0,6,0,0,0
2440.29,0,0,0,0,0,2985,1.53162,0.00149735,1.53877,39,0,29,23,29,0,-2,0,0,1,57,3783,3766,-13,136,35,614,35107,34812,108,2,82,57,-49179,0,0,0,0,1,0,0,0,3,3831,0,0,0,0,0,0,0,0,0,-5,0,0,0
2440.3,0,0,0,0,0,2985,1.53157,0.00150175,1.53822,39,0,29,23,29,0,-2,0,0,1,57,3783,3766,-11,136,35,614,35132,34846,108,2,82,57,-41613,0,0,0,0,1,0,0,0,3,3848,0,0,0,0,0,0,0,0,0,-7,0,0,0
2440.31,0,0,0,0,0,2973,1.53179,0.00150423,1.53843,39,0,29,23,29,0,-2,0,0,1,57,3783,3766,-11,136,35,614,35132,34846,108,2,82,57,-41613,0,0,0,0,1,11,12,0,0,3848,0,0,0,0,0,0,0,0,0,-7,0,0,0
2440.32,0,0,0,0,0,2968,1.532,0.00150672,1.53865,39,0,29,23,29,0,-2,0,0,1,57,3779,3766,-23,136,35,614,35132,34846,108,2,82,57,-86917,0,0,0,0,1,0,0,0,0,3829,0,0,0,0,0,0,0,0,0,3,0,0,0
2440.33,0,0,0,0,0,2961,1.53221,0.00150921,1.53886,39,0,29,23,29,0,-2,0,0,1,57,3779,3768,-24,136,35,614,35132,34846,108,2,82,57,-90696,0,0,0,0,1,0,0,1,0,3820,0,0,0,0,0,0,0,0,0,-6,0,0,0
2440.34,0,0,0,0,0,2954,1.53243,0.0015117,1.53908,39,0,29,23,29,0,-2,0,0,1,57,3779,3768,-28,136,35,614,35132,34846,108,2,82,57,-105812,0,0,0,0,1,0,0,0,0,3835,0,0,0,0,0,0,0,0,0,-7,0,0,0
2440.35,0,0,0,0,0,2942,1.53264,0.00151419,1.5393,39,0,29,23,29,0,-2,0,0,1,57,3779,3768,-28,136,35,614,35132,34846,108,2,82,57,-105812,0,0,0,0,1,0,12,13,4,3822,0,0,0,0,0,0,0,0,0,-20,0,0,0
2440.36,0,0,0,0,0,2942,1.53286,0.00151668,1.53951,39,0,29,23,29,0,-2,0,0,1,57,3785,3768,-22,136,35,614,35132,34846,108,2,82,57,-83270,0,0,0,0,1,0,12,13,4,3835,0,0,0,0,0,0,0,0,0,-15,0,0,0
2440.37,0,0,0,0,0,2928,1.53307,0.00151917,1.53973,39,0,29,23,29,0,-2,0,0,1,57,3786,3768,-22,136,35,614,35132,34846,108,2,82,57,-83292,0,0,0,0,1,0,0,19,2,3835,0,0,0,0,0,0,0,0,0,-15,0,0,0
2440.38,0,0,0,0,0,2912,1.53329,0.00152166,1.53994,39,0,29,23,29,0,-2,0,0,1,57,3786,3768,-20,136,35,614,35132,34846,108,2,82,57,-75720,0,0,0,0,1,19,6,5,5,3809,0,0,0,0,0,0,0,0,0,-2,0,0,0
2440.39,0,0,0,0,0,2898,1.5335,0.00152415,1.54016,39,0,29,23,29,0,-2,0,0,1,57,3786,3768,-20,136,35,614,35132,34846,108,2,82,57,-75720,0,0,0,0,1,21,0,0,1,3820,0,0,0,0,0,0,0,0,0,-14,0,0,0
2440.4,0,0,0,0,0,2889,1.53371,0.00152664,1.54038,39,0,29,23,29,0,-2,0,0,1,57,3785,3770,-16,136,35,614,35138,34861,108,2,20,57,-60560,0,0,0,0,1,27,8,44,0,3829,0,0,0,0,0,0,0,0,0,13,0,0,0
2440.41,0,0,0,0,0,2880,1.53354,0.00150689,1.54041,39,0,29,23,29,0,-2,0,0,1,57,3785,3770,-14,136,35,614,35138,34861,108,2,20,57,-52990,0,0,0,0,1,7,18,15,0,3826,0,0,0,0,0,0,0,0,0,11,0,0,0
2440.42,0,0,0,0,0,2880,1.53336,0.00148713,1.54044,39,0,29,23,29,0,-2,0,0,1,57,3785,3770,-14,136,35,614,35138,34861,108,2,20,57,-52990,0,0,0,0,1,7,18,15,0,3820,0,0,0,0,0,0,0,0,0,1,0,0,0
2440.43,0,0,0,0,0,2875,1.53318,0.00146738,1.54047,39,0,29,23,29,0,-2,0,0,1,57,3785,3770,-14,136,35,614,35138,34861,108,2,20,57,-52990,0,0,0,0,1,9,24,7,0,3820,0,0,0,0,0,0,0,0,0,1,0,0,0
2440.44,0,0,0,0,0,2868,1.533,0.00144762,1.5405,39,0,29,23,29,0,-2,0,0,1,57,3781,3770,-16,136,35,614,35138,34861,108,2,20,57,-60496,0,0,0,0,1,11,2,0,1,3807,0,0,0,0,0,0,0,0,0,-6,0,0,0
2440.45,0,0,0,0,0,2858,1.53282,0.00142787,1.54053,39,0,29,23,29,0,-2,0,0,1,57,3783,3770,-20,136,35,614,35138,34861,108,2,20,57,-75660,0,0,0,0,1,0,0,0,3,3822,0,0,0,0,0,0,0,0,0,-1,0,0,0
2440.46,0,0,0,0,0,2847,1.53264,0.00140811,1.54057,39,0,29,23,29,0,-2,0,0,1,57,3783,3770,-20,136,35,614,35138,34861,108,2,20,57,-75660,0,0,0,0,1,0,6,3,0,3833,0,0,0,0,0,0,0,0,0,7,0,0,0
2440.47,0,0,0,0,0,2836,1.53246,0.00138836,1.5406,39,0,29,23,29,0,-2,0,0,1,57,3783,3770,-20,136,35,614,35138,34861,108,2,20,57,-75660,0,0,0,0,1,7,0,0,1,3820,0,0,0,0,0,0,0,0,0,-14,0,0,0
2440.48,0,0,0,0,0,2836,1.53229,0.0013686,1.54063,39,0,29,23,29,0,-2,0,0,1,57,3784,3770,-23,136,35,614,35138,34861,108,2,20,57,-87032,0,0,0,0,1,7,0,0,1,3826,0,0,0,0,0,0,0,0,0,5,0,0,0
2440.49,0,0,0,0,0,2827,1.53211,0.00134885,1.54066,39,0,29,23,29,0,-2,0,0,1,57,3784,3770,-23,136,35,614,35138,34861,108,2,20,57,-87032,0,0,0,0,1,3,0,24,0,3826,0,0,0,0,0,0,0,0,0,5,0,0,0
2440.5,0,0,0,0,0,2814,1.53193,0.0013291,1.54069,39,0,29,23,29,0,-2,0,0,1,57,3784,3770,-17,136,35,614,35141,34843,108,2,66,57,-64328,0,0,0,0,1,9,28,7,2,3837,0,0,0,0,0,0,0,0,0,22,0,0,0
2440.51,0,0,0,0,0,2803,1.53211,0.00133821,1.54078,39,0,29,23,29,0,-2,0,0,1,57,3784,3770,-17,136,35,614,35141,34843,108,2,66,57,-64328,0,0,0,0,1,11,0,0,4,3815,0,0,0,0,0,0,0,0,0,-4,0,0,0
2440.52,0,0,0,0,0,2789,1.53228,0.00134732,1.54087,39,0,29,23,29,0,-2,0,0,1,57,3785,3770,-13,136,35,614,35141,34843,108,2,66,57,-49205,0,0,0,0,1,0,5,0,3,3831,0,0,0,0,0,0,0,0,0,-8,0,0,0
2440.53,0,0,0,0,0,2776,1.53246,0.00135644,1.54095,39,0,29,23,29,0,-2,0,0,1,57,3781,3770,-14,136,35,614,35141,34843,108,2,66,57,-52934,0,0,0,0,1,0,0,5,0,3820,0,0,0,0,0,0,0,0,0,1,0,0,0
2440.54,0,0,0,0,0,2776,1.53264,0.00136555,1.54104,39,0,29,23,29,0,-2,0,0,1,57,3781,3770,-13,136,35,614,35141,34843,108,2,66,57,-49153,0,0,0,0,1,0,0,5,0,3835,0,0,0,0,0,0,0,0,0,7,0,0,0
2440.55,0,0,0,0,0,2767,1.53282,0.00137467,1.54112,39,0,29,23,29,0,-2,0,0,1,57,3781,3770,-13,136,35,614,35141,34843,108,2,66,57,-49153,0,0,0,0,1,11,0,5,0,3835,0,0,0,0,0,0,0,0,0,7,0,0,0
2440.56,0,0,0,0,0,2760,1.533,0.00138378,1.54121,39,0,29,23,29,0,-2,0,0,1,57,3783,3770,-17,136,35,614,35141,34843,108,2,66,57,-64311,0,0,0,0,1,5,30,3,0,3813,0,0,0,0,0,0,0,0,0,2,0,0,0
2440.57,0,0,0,0,0,2759,1.53318,0.0013929,1.5413,39,0,29,23,29,0,-2,0,0,1,57,3783,3770,-17,136,35,614,35141,34843,108,2,66,57,-64311,0,0,0,0,1,0,0,0,0,3831,0,0,0,0,0,0,0,0,0,12,0,0,0
2440.58,0,0,0,0,0,2751,1.53335,0.00140201,1.54138,39,0,29,23,29,0,-2,0,0,1,57,3783,3770,-15,136,35,614,35141,34843,108,2,66,57,-56745,0,0,0,0,1,0,8,0,0,3813,0,0,0,0,0,0,0,0,0,8,0,0,0
2440.59,0,0,0,0,0,2743,1.53353,0.00141112,1.54147,39,0,29,23,29,0,-2,0,0,1,57,3783,3770,-15,136,35,614,35141,34843,108,2,66,57,-56745,0,0,0,0,1,0,0,19,0,3824,0,0,0,0,0,0,0,0,0,1,0,0,0
2440.6,0,0,0,0,0,2743,1.53371,0.00142024,1.54156,39,0,29,23,28,0,-2,0,0,1,57,3785,3770,-11,136,35,614,35153,34869,108,2,20,57,-41635,0,0,0,0,1,0,0,19,0,3809,0,0,0,0,0,0,0,0,0,-16,0,0,0
2440.61,0,0,0,0,0,2728,1.53358,0.0014313,1.54143,39,0,29,23,28,0,-2,0,0,1,57,3785,3770,-13,136,35,614,35153,34869,108,2,20,57,-49205,0,0,0,0,1,32,0,0,8,3809,0,0,0,0,0,0,0,0,0,-16,0,0,0
2440.62,0,0,0,0,0,2712,1.53346,0.00144236,1.5413,39,0,29,23,28,0,-2,0,0,1,57,3785,3770,-15,136,35,614,35153,34869,108,2,20,57,-56775,0,0,0,0,1,0,12,0,6,3837,0,0,0,0,0,0,0,0,0,-23,0,0,0
2440.63,0,0,0,0,0,2695,1.53333,0.00145342,1.54118,39,0,29,23,28,0,-2,0,0,1,57,3785,3770,-15,136,35,614,35153,34869,108,2,20,57,-56775,0,0,0,0,1,11,0,0,2,3815,0,0,0,0,0,0,0,0,0,-17,0,0,0
2440.64,0,0,0,0,0,2681,1.53321,0.00146448,1.54105,39,0,29,23,28,0,-2,0,0,1,57,3785,3770,-18,136,35,614,35153,34869,108,2,20,57,-68130,0,0,0,0,1,3,10,0,0,3833,0,0,0,0,0,0,0,0,0,5,0,0,0
2440.65,0,0,0,0,0,2677,1.53308,0.00147554,1.54093,39,0,29,23,28,0,-2,0,0,1,57,3785,3773,-16,136,35,614,35153,34869,108,2,20,57,-60560,0,0,0,0,1,3,0,0,0,3833,0,0,0,0,0,0,0,0,0,10,0,0,0
2440.66,0,0,0,0,0,2677,1.53295,0.0014866,1.5408,39,0,29,23,28,0,-2,0,0,1,57,3785,3773,-13,136,35,614,35153,34869,108,2,20,57,-49205,0,0,0,0,1,3,0,0,0,3820,0,0,0,0,0,0,0,0,0,8,0,0,0
2440.67,0,0,0,0,0,2674,1.53283,0.00149766,1.54067,39,0,29,23,28,0,-2,0,0,1,57,3785,3773,-13,136,35,614,35153,34869,108,2,20,57,-49205,0,0,0,0,1,0,14,15,0,3820,0,0,0,0,0,0,0,0,0,8,0,0,0
2440.68,0,0,0,0,0,2668,1.5327,0.00150872,1.54055,39,0,29,23,28,0,-2,0,0,1,57,3785,3773,-11,136,35,614,35153,34869,108,2,20,57,-41635,0,0,0,0,1,5,24,0,0,3841,0,0,0,0,0,0,0,0,0,17,0,0,0
2440.69,0,0,0,0,0,2662,1.53258,0.00151978,1.54042,39,0,29,23,28,0,-2,0,0,1,57,3782,3773,-12,136,35,614,35153,34869,108,2,20,57,-45384,0,0,0,0,1,0,2,0,3,3831,0,0,0,0,0,0,0,0,0,-6,0,0,0
2440.7,0,0,0,0,0,2650,1.53245,0.00153084,1.5403,39,0,29,23,30,0,-2,0,0,1,57,3782,3773,-13,136,35,614,35116,34823,108,2,66,57,-49166,0,0,0,0,1,11,10,0,2,3811,0,0,0,0,0,0,0,0,0,-8,0,0,0
2440.71,0,0,0,0,0,2636,1.53254,0.00152655,1.5401,39,0,29,23,30,0,-2,0,0,1,57,3782,3773,-13,136,35,614,35116,34823,108,2,66,57,-49166,0,0,0,0,1,7,10,24,4,3817,0,0,0,0,0,0,0,0,0,-12,0,0,0
2440.72,0,0,0,0,0,2636,1.53262,0.00152225,1.53991,39,0,29,23,30,0,-2,0,0,1,57,3783,3773,-18,136,35,614,35116,34823,108,2,66,57,-68094,0,0,0,0,1,7,10,24,4,3835,0,0,0,0,0,0,0,0,0,-11,0,0,0
2440.73,0,0,0,0,0,2623,1.53271,0.00151795,1.53972,39,0,29,23,30,0,-2,0,0,1,57,3783,3774,-22,136,35,614,35116,34823,108,2,66,57,-83226,0,0,0,0,1,0,2,17,3,3835,0,0,0,0,0,0,0,0,0,-11,0,0,0
2440.74,0,0,0,0,0,2611,1.5328,0.00151365,1.53952,39,0,29,23,30,0,-2,0,0,1,57,3783,3774,-18,136,35,614,35116,34823,108,2,66,57,-68094,0,0,0,0,1,19,0,13,0,3839,0,0,0,0,0,0,0,0,0,-3,0,0,0
2440.75,0,0,0,0,0,2603,1.53289,0.00150935,1.53933,39,0,29,23,30,0,-2,0,0,1,57,3783,3774,-18,136,35,614,35116,34823,108,2,66,57,-68094,0,0,0,0,1,17,0,0,0,3813,0,0,0,0,0,0,0,0,0,-14,0,0,0
2440.76,0,0,0,0,0,2593,1.53297,0.00150505,1.53913,39,0,29,23,30,0,-2,0,0,1,57,3785,3774,-11,136,35,614,35116,34823,108,2,66,57,-41635,0,0,0,0,1,1,0,0,0,3822,0,0,0,0,0,0,0,0,0,1,0,0,0
2440.77,0,0,0,0,0,2587,1.53306,0.00150075,1.53894,39,0,29,23,30,0,-2,0,0,1,57,3785,3774,-13,136,35,614,35116,34823,108,2,66,57,-49205,0,0,0,0,1,0,34,0,0,3835,0,0,0,0,0,0,0,0,0,22,0,0,0
2440.78,0,0,0,0,0,2587,1.53315,0.00149645,1.53875,39,0,29,23,30,0,-2,0,0,1,57,3785,3774,-14,136,35,614,35116,34823,108,2,66,57,-52990,0,0,0,0,1,0,34,0,0,3829,0,0,0,0,0,0,0,0,0,-5,0,0,0
2440.79,0,0,0,0,0,2578,1.53324,0.00149215,1.53855,39,0,29,23,30,0,-2,0,0,1,57,3785,3774,-14,136,35,614,35116,34823,108,2,66,57,-52990,0,0,0,0,1,0,8,9,1,3829,0,0,0,0,0,0,0,0,0,-5,0,0,0
2440.8,0,0,0,0,0,2567,1.53332,0.00148785,1.53836,39,0,29,23,29,0,-2,0,0,1,57,3783,3774,-15,136,35,614,35141,34856,108,2,66,57,-56745,0,0,0,0,1,0,12,17,0,3831,0,0,0,0,0,0,0,0,0,-6,0,0,0
2440.81,0,0,0,0,0,2557,1.5331,0.00149069,1.53839,39,0,29,23,29,0,-2,0,0,1,57,3783,3775,-13,136,35,614,35141,34856,108,2,66,57,-49179,0,0,0,0,1,0,0,0,4,3826,0,0,0,0,0,0,0,0,0,-3,0,0,0
2440.82,0,0,0,0,0,2548,1.53287,0.00149352,1.53842,39,0,29,23,29,0,-2,0,0,1,57,3783,3775,-10,136,35,614,35141,34856,108,2,66,57,-37830,0,0,0,0,1,3,0,17,0,3846,0,0,0,0,0,0,0,0,0,0,0,0,0
2440.83,0,0,0,0,0,2541,1.53264,0.00149636,1.53845,39,0,29,23,29,0,-2,0,0,1,57,3783,3775,-10,136,35,614,35141,34856,108,2,66,57,-37830,0,0,0,0,1,0,0,0,0,3831,0,0,0,0,0,0,0,0,0,-21,0,0,0
2440.84,0,0,0,0,0,2541,1.53241,0.0014992,1.53848,39,0,29,23,29,0,-2,0,0,1,57,3783,3775,-14,136,35,614,35141,34856,108,2,66,57,-52962,0,0,0,0,1,0,0,0,0,3817,0,0,0,0,0,0,0,0,0,-13,0,0,0
2440.85,0,0,0,0,0,2533,1.53219,0.00150203,1.53851,39,0,29,23,29,0,-2,0,0,1,57,3783,3775,-13,136,35,614,35141,34856,108,2,66,57,-49179,0,0,0,0,1,15,0,0,0,3817,0,0,0,0,0,0,0,0,0,-13,0,0,0
2440.86,0,0,0,0,0,2521,1.53196,0.00150487,1.53853,39,0,29,23,29,0,-2,0,0,1,57,3783,3775,-21,136,35,614,35141,34856,108,2,66,57,-79443,0,0,0,0,1,19,0,0,3,3813,0,0,0,0,0,0,0,0,0,-18,0,0,0
2440.87,0,0,0,0,0,2509,1.53173,0.0015077,1.53856,39,0,29,23,29,0,-2,0,0,1,57,3783,3775,-21,136,35,614,35141,34856,108,2,66,57,-79443,0,0,0,0,1,17,0,0,2,3813,0,0,0,0,0,0,0,0,0,-11,0,0,0
2440.88,0,0,0,0,0,2494,1.5315,0.00151054,1.53859,39,0,29,23,29,0,-2,0,0,1,57,3784,3775,-19,136,35,614,35141,34856,108,2,66,57,-71896,0,0,0,0,1,13,0,0,2,3815,0,0,0,0,0,0,0,0,0,-10,0,0,0
2440.89,0,0,0,0,0,2484,1.53127,0.00151338,1.53862,39,0,29,23,29,0,-2,0,0,1,57,3784,3775,-14,136,35,614,35141,34856,108,2,66,57,-52976,0,0,0,0,1,11,0,0,0,3815,0,0,0,0,0,0,0,0,0,-2,0,0,0
2440.9,0,0,0,0,0,2484,1.53105,0.00151621,1.53865,39,0,29,23,29,0,-2,0,0,1,57,3784,3775,-14,136,35,614,35132,34838,108,2,20,57,-52976,0,0,0,0,1,11,0,0,0,3817,0,0,0,0,0,0,0,0,0,4,0,0,0
2440.91,0,0,0,0,0,2474,1.53087,0.00151237,1.53844,39,0,29,23,29,0,-2,0,0,1,57,3784,3775,-14,136,35,614,35132,34838,108,2,20,57,-52976,0,0,0,0,1,9,0,0,0,3817,0,0,0,0,0,0,0,0,0,4,0,0,0
2440.92,0,0,0,0,0,2470,1.53069,0.00150853,1.53823,39,0,29,23,29,0,-2,0,0,1,57,3786,3775,-3,136,35,614,35132,34838,108,2,20,57,-11358,0,0,0,0,1,9,0,35,0,3833,0,0,0,0,0,0,0,0,0,8,0,0,0
2440.93,0,0,0,0,0,2467,1.53052,0.00150469,1.53802,39,0,29,23,29,0,-2,0,0,1,57,3783,3775,-6,136,35,614,35132,34838,108,2,20,57,-22698,0,0,0,0,1,0,0,0,0,3846,0,0,0,0,0,0,0,0,0,-4,0,0,0
2440.94,0,0,0,0,0,2463,1.53034,0.00150085,1.53781,39,0,29,23,29,0,-2,0,0,1,57,3783,3775,-9,136,35,614,35132,34838,108,2,20,57,-34047,0,0,0,0,1,0,0,0,0,3841,0,0,0,0,0,0,0,0,0,-2,0,0,0
2440.95,0,0,0,0,0,2454,1.53017,0.00149701,1.5376,39,0,29,23,29,0,-2,0,0,1,57,3783,3775,-9,136,35,614,35132,34838,108,2,20,57,-34047,0,0,0,0,1,0,2,0,5,3831,0,0,0,0,0,0,0,0,0,-11,0,0,0
2440.96,0,0,0,0,0,2454,1.52999,0.00149317,1.53739,39,0,29,23,29,0,-2,0,0,1,57,3782,3775,-16,136,35,614,35132,34838,108,2,20,57,-60512,0,0,0,0,1,0,2,0,5,3822,0,0,0,0,0,0,0,0,0,8,0,0,0
2440.97,0,0,0,0,0,2440,1.52981,0.00148933,1.53718,39,0,29,23,29,0,-2,0,0,1,57,3782,3775,-19,136,35,614,35132,34838,108,2,20,57,-71858,0,0,0,0,1,0,6,13,2,3822,0,0,0,0,0,0,0,0,0,8,0,0,0
2440.98,0,0,0,0,0,2424,1.52964,0.00148549,1.53697,39,0,29,23,29,0,-2,0,0,1,57,3782,3775,-16,136,35,614,35132,34838,108,2,20,57,-60512,0,0,0,0,1,0,10,21,5,3841,0,0,0,0,0,0,0,0,0,-8,0,0,0
2440.99,0,0,0,0,0,2406,1.52946,0.00148165,1.53676,39,0,29,23,29,0,-2,0,0,1,57,3782,3775,-16,137,35,614,35132,34838,108,2,20,57,-60512,0,0,0,0,1,5,6,0,3,3824,0,0,0,0,0,0,0,0,0,6,0,0,0
2441,0,0,0,0,0,2393,1.52929,0.00147781,1.53655,39,0,29,23,29,0,-2,0,0,1,58,3787,3775,-7,137,35,614,35159,34880,107,2,20,57,-26509,0,0,0,0,1,13,5,0,0,3815,0,0,0,0,0,0,0,0,0,-14,0,0,0
2441.01,0,0,0,0,0,2386,1.52965,0.00149074,1.53667,39,0,29,23,29,0,-2,0,0,1,58,3785,3775,-10,137,35,614,35159,34880,107,2,20,57,-37850,0,0,0,0,1,15,0,0,0,3848,0,0,0,0,0,0,0,0,0,11,0,0,0
2441.02,0,0,0,0,0,2386,1.53001,0.00150367,1.53679,39,0,29,23,29,0,-2,0,0,1,58,3785,3775,-11,137,35,614,35159,34880,107,2,20,57,-41635,0,0,0,0,1,15,0,0,0,3848,0,0,0,0,0,0,0,0,0,14,0,0,0
2441.03,0,0,0,0,0,2383,1.53037,0.0015166,1.53692,39,0,29,23,29,0,-2,0,0,1,58,3785,3775,-11,137,35,614,35159,34880,107,2,20,57,-41635,0,0,0,0,1,38,0,13,0,3843,0,0,0,0,0,0,0,0,0,14,0,0,0
2441.04,0,0,0,0,0,2386,1.53073,0.00152953,1.53704,39,0,29,23,29,0,-2,0,0,1,58,3782,3775,-10,137,35,614,35159,34880,107,2,20,57,-37820,0,0,0,0,1,0,26,0,0,3837,0,0,0,0,0,0,0,0,0,15,0,0,0
2441.05,0,0,0,0,0,2380,1.53109,0.00154246,1.53717,39,0,29,23,29,0,-2,0,0,1,58,3782,3775,-13,137,35,614,35159,34880,107,2,20,57,-49166,0,0,0,0,1,7,8,0,2,3817,0,0,0,0,0,0,0,0,0,-6,0,0,0
2441.06,0,0,0,0,0,2371,1.53145,0.00155539,1.53729,39,0,29,23,29,0,-2,0,0,1,58,3782,3775,-15,137,35,614,35159,34880,107,2,20,57,-56730,0,0,0,0,1,15,16,0,1,3848,0,0,0,0,0,0,0,0,0,-13,0,0,0
2441.07,0,0,0,0,0,2357,1.53181,0.00156831,1.53742,39,0,29,23,29,0,-2,0,0,1,58,3782,3775,-15,137,35,614,35159,34880,107,2,20,57,-56730,0,0,0,0,1,0,2,9,5,3833,0,0,0,0,0,0,0,0,0,-10,0,0,0
2441.08,0,0,0,0,0,2357,1.53217,0.00158124,1.53754,39,0,29,23,29,0,-2,0,0,1,58,3783,3775,-17,137,35,614,35159,34880,107,2,20,57,-64311,0,0,0,0,1,0,2,9,5,3813,0,0,0,0,0,0,0,0,0,-3,0,0,0
2441.09,0,0,0,0,0,2339,1.53253,0.00159417,1.53767,39,0,29,23,29,0,-2,0,0,1,58,3783,3775,-10,137,35,614,35159,34880,107,2,20,57,-37830,0,0,0,0,1,9,0,11,5,3813,0,0,0,0,0,0,0,0,0,-3,0,0,0
2441.1,0,0,0,0,0,2324,1.53289,0.0016071,1.53779,39,0,29,23,29,0,-2,0,0,1,57,3784,3775,-8,137,35,614,35134,34839,108,2,66,57,-30272,0,0,0,0,1,15,10,0,1,3831,0,0,0,0,0,0,0,0,0,-5,0,0,0
2441.11,0,0,0,0,0,2311,1.53285,0.00159014,1.5378,39,0,29,23,29,0,-2,0,0,1,57,3784,3775,-8,137,35,614,35134,34839,108,2,66,57,-30272,0,0,0,0,1,0,0,0,0,3837,0,0,0,0,0,0,0,0,0,-6,0,0,0
2441.12,0,0,0,0,0,2303,1.5328,0.00157317,1.53781,39,0,29,23,29,0,-2,0,0,1,57,3783,3775,-8,137,35,614,35134,34839,108,2,66,57,-30264,0,0,0,0,1,9,16,9,0,3829,0,0,0,0,0,0,0,0,0,4,0,0,0
2441.13,0,0,0,0,0,2300,1.53276,0.00155621,1.53782,39,0,29,23,29,0,-2,0,0,1,57,3783,3775,-14,137,35,614,35134,34839,108,2,66,57,-52962,0,0,0,0,1,24,0,29,0,3843,0,0,0,0,0,0,0,0,0,8,0,0,0
2441.14,0,0,0,0,0,2300,1.53271,0.00153925,1.53783,39,0,29,23,29,0,-2,0,0,1,57,3783,3776,-15,137,35,614,35134,34839,108,2,66,57,-56745,0,0,0,0,1,24,0,29,0,3839,0,0,0,0,0,0,0,0,0,0,0,0,0
2441.15,0,0,0,0,0,2298,1.53267,0.00152228,1.53784,39,0,29,23,29,0,-2,0,0,1,57,3783,3776,-15,137,35,614,35134,34839,108,2,66,57,-56745,0,0,0,0,1,0,16,0,0,3839,0,0,0,0,0,0,0,0,0,0,0,0,0
2441.16,0,0,0,0,0,2293,1.53262,0.00150532,1.53785,39,0,29,23,29,0,-2,0,0,1,57,3785,3776,-10,137,35,614,35134,34839,108,2,66,57,-37850,0,0,0,0,1,13,0,5,0,3831,0,0,0,0,0,0,0,0,0,7,0,0,0
2441.17,0,0,0,0,0,2287,1.53258,0.00148835,1.53786,39,0,29,23,29,0,-2,0,0,1,57,3784,3776,-5,137,35,614,35134,34839,108,2,66,57,-18920,0,0,0,0,1,5,16,30,0,3831,0,0,0,0,0,0,0,0,0,-4,0,0,0
2441.18,0,0,0,0,0,2276,1.53253,0.00147139,1.53787,39,0,29,23,29,0,-2,0,0,1,57,3784,3776,-7,137,35,614,35134,34839,108,2,66,57,-26488,0,0,0,0,1,23,0,0,4,3817,0,0,0,0,0,0,0,0,0,-14,0,0,0
2441.19,0,0,0,0,0,2261,1.53249,0.00145443,1.53788,39,0,29,23,29,0,-2,0,0,1,57,3784,3776,-7,137,35,614,35134,34839,108,2,66,57,-26488,0,0,0,0,1,0,5,13,5,3839,0,0,0,0,0,0,0,0,0,-15,0,0,0
2441.2,0,0,0,0,0,2261,1.53244,0.00143746,1.53789,39,0,29,23,29,0,-2,0,0,1,57,3784,3776,-10,137,35,614,35131,34857,108,2,20,57,-37840,0,0,0,0,1,0,5,13,5,3820,0,0,0,0,0,0,0,0,0,-7,0,0,0
2441.21,0,0,0,0,0,2245,1.53241,0.00144037,1.53814,39,0,29,23,29,0,-2,0,0,1,57,3784,3778,-12,137,35,614,35131,34857,108,2,20,57,-45408,0,0,0,0,1,9,5,0,5,3839,0,0,0,0,0,0,0,0,0,-9,0,0,0
2441.22,0,0,0,0,0,2237,1.53238,0.00144328,1.53839,39,0,29,23,29,0,-2,0,0,1,57,3784,3778,-10,137,35,614,35131,34857,108,2,20,57,-37840,0,0,0,0,1,0,2,1,0,3839,0,0,0,0,0,0,0,0,0,-9,0,0,0
2441.23,0,0,0,0,0,2229,1.53235,0.00144619,1.53863,39,0,29,23,29,0,-2,0,0,1,57,3784,3778,-10,137,35,614,35131,34857,108,2,20,57,-37840,0,0,0,0,1,0,0,0,0,3848,0,0,0,0,0,0,0,0,0,5,0,0,0
2441.24,0,0,0,0,0,2222,1.53232,0.00144909,1.53888,39,0,29,23,29,0,-2,0,0,1,57,3784,3778,-12,137,35,614,35131,34857,108,2,20,57,-45408,0,0,0,0,1,0,26,0,0,3829,0,0,0,0,0,0,0,0,0,16,0,0,0
2441.25,0,0,0,0,0,2218,1.53229,0.001452,1.53913,39,0,29,23,29,0,-2,0,0,1,57,3786,3778,-14,137,35,614,35131,34857,108,2,20,57,-53004,0,0,0,0,1,19,0,23,0,3841,0,0,0,0,0,0,0,0,0,4,0,0,0
2441.26,0,0,0,0,0,2209,1.53225,0.00145491,1.53938,39,0,29,23,29,0,-2,0,0,1,57,3786,3778,-9,137,35,614,35131,34857,108,2,20,57,-34074,0,0,0,0,1,1,0,0,0,3822,0,0,0,0,0,0,0,0,0,0,0,0,0
2441.27,0,0,0,0,0,2201,1.53222,0.00145782,1.53963,39,0,29,23,29,0,-2,0,0,1,57,3786,3778,-9,137,35,614,35131,34857,108,2,20,57,-34074,0,0,0,0,1,0,0,0,1,3835,0,0,0,0,0,0,0,0,0,-7,0,0,0
2441.28,0,0,0,0,0,2201,1.53219,0.00146072,1.53988,39,0,29,23,29,0,-2,0,0,1,57,3785,3778,-2,137,35,614,35131,34857,108,2,20,57,-7570,0,0,0,0,1,0,0,0,1,3835,0,0,0,0,0,0,0,0,0,-7,0,0,0
2441.29,0,0,0,0,0,2188,1.53216,0.00146363,1.54013,39,0,29,23,29,0,-2,0,0,1,57,3785,3778,-3,137,35,614,35131,34857,108,2,20,57,-11355,0,0,0,0,1,17,2,0,2,3822,0,0,0,0,0,0,0,0,0,-11,0,0,0
2441.3,0,0,0,0,0,2176,1.53213,0.00146654,1.54038,39,0,29,23,29,0,-2,0,0,1,57,3785,3778,-7,137,35,614,35142,34856,108,2,66,98,-26495,0,0,0,0,1,0,14,13,0,3826,0,0,0,0,0,0,0,0,0,8,0,0,0
2441.31,0,0,0,0,0,2167,1.53215,0.00147589,1.54013,39,0,29,23,29,0,-2,0,0,1,57,3785,3778,-7,137,35,614,35142,34856,108,2,66,98,-26495,0,0,0,0,1,23,30,23,0,3824,0,0,0,0,0,0,0,0,0,11,0,0,0
2441.32,0,0,0,0,0,2161,1.53218,0.00148524,1.53989,39,0,29,23,29,0,-2,0,0,1,57,3783,3778,-13,137,35,614,35142,34856,108,2,66,98,-49179,0,0,0,0,1,0,0,15,0,3829,0,0,0,0,0,0,0,0,0,1,0,0,0
2441.33,0,0,0,0,0,2157,1.53221,0.00149459,1.53964,39,0,29,23,29,0,-2,0,0,1,57,3784,3778,-15,137,35,614,35142,34856,108,2,66,98,-56760,0,0,0,0,1,0,0,0,0,3820,0,0,0,0,0,0,0,0,0,-4,0,0,0
2441.34,0,0,0,0,0,2157,1.53223,0.00150394,1.5394,39,0,29,23,29,0,-2,0,0,1,57,3784,3778,-17,137,35,614,35142,34856,108,2,66,98,-64328,0,0,0,0,1,0,0,0,0,3820,0,0,0,0,0,0,0,0,0,-4,0,0,0
2441.35,0,0,0,0,0,2152,1.53226,0.00151329,1.53916,39,0,29,23,29,0,-2,0,0,1,57,3784,3778,-17,137,35,614,35142,34856,108,2,66,98,-64328,0,0,0,0,1,0,2,1,0,3835,0,0,0,0,0,0,0,0,0,-9,0,0,0
2441.36,0,0,0,0,0,2143,1.53229,0.00152264,1.53891,39,0,29,23,29,0,-2,0,0,1,57,3786,3778,-7,137,35,614,35142,34856,108,2,66,98,-26502,0,0,0,0,1,15,5,0,2,3833,0,0,0,0,0,0,0,0,0,-8,0,0,0
2441.37,0,0,0,0,0,2131,1.53231,0.00153199,1.53867,39,0,29,23,29,0,-2,0,0,1,57,3786,3778,-7,137,35,614,35142,34856,108,2,66,98,-26502,0,0,0,0,1,5,0,0,3,3820,0,0,0,0,0,0,0,0,0,-3,0,0,0
2441.38,0,0,0,0,0,2117,1.53234,0.00154134,1.53843,39,0,29,23,29,0,-2,0,0,1,57,3786,3778,-4,137,35,614,35142,34856,108,2,66,98,-15144,0,0,0,0,1,0,6,11,2,3831,0,0,0,0,0,0,0,0,0,3,0,0,0
2441.39,0,0,0,0,0,2104,1.53236,0.00155069,1.53818,39,0,29,23,29,0,-2,0,0,1,57,3786,3778,-4,137,35,614,35142,34856,108,2,66,98,-15144,0,0,0,0,1,3,12,3,0,3839,0,0,0,0,0,0,0,0,0,4,0,0,0
2441.4,0,0,0,0,0,2095,1.53239,0.00156004,1.53794,39,0,29,23,29,0,-2,0,0,1,57,3785,3778,-2,137,35,614,35136,34851,108,2,66,98,-7570,0,0,0,0,1,0,0,0,2,3833,0,0,0,0,0,0,0,0,0,2,0,0,0
2441.41,0,0,0,0,0,2095,1.53225,0.00155174,1.53799,39,0,29,23,29,0,-2,0,0,1,57,3782,3778,-5,137,35,614,35136,34851,108,2,66,98,-18910,0,0,0,0,1,0,0,0,2,3829,0,0,0,0,0,0,0,0,0,25,0,0,0
2441.42,0,0,0,0,0,2085,1.53211,0.00154344,1.53804,39,0,29,23,29,0,-2,0,0,1,57,3782,3778,-4,137,35,614,35136,34851,108,2,66,98,-15128,0,0,0,0,1,15,0,0,0,3829,0,0,0,0,0,0,0,0,0,25,0,0,0
2441.43,0,0,0,0,0,2078,1.53197,0.00153514,1.53809,39,0,29,23,29,0,-2,0,0,1,57,3782,3778,-4,137,35,614,35136,34851,108,2,66,98,-15128,0,0,0,0,1,0,12,5,0,3826,0,0,0,0,0,0,0,0,0,16,0,0,0
2441.44,0,0,0,0,0,2077,1.53183,0.00152684,1.53814,39,0,29,23,29,0,-2,0,0,1,57,3783,3780,-14,137,35,614,35136,34851,108,2,66,98,-52962,0,0,0,0,1,0,38,0,0,3822,0,0,0,0,0,0,0,0,0,18,0,0,0
2441.45,0,0,0,0,0,2077,1.53169,0.00151854,1.53819,39,0,29,23,29,0,-2,0,0,1,57,3783,3780,-14,137,35,614,35136,34851,108,2,66,98,-52962,0,0,0,0,1,17,28,0,0,3835,0,0,0,0,0,0,0,0,0,20,0,0,0
2441.46,0,0,0,0,0,2073,1.53155,0.00151023,1.53824,39,0,29,23,29,0,-2,0,0,1,57,3783,3780,-12,137,35,614,35136,34851,108,2,66,98,-45396,0,0,0,0,1,11,12,15,0,3841,0,0,0,0,0,0,0,0,0,4,0,0,0
2441.47,0,0,0,0,0,2073,1.5314,0.00150193,1.53829,39,0,29,23,29,0,-2,0,0,1,57,3783,3780,-12,137,35,614,35136,34851,108,2,66,98,-45396,0,0,0,0,1,11,12,15,0,3833,0,0,0,0,0,0,0,0,0,-6,0,0,0
2441.48,0,0,0,0,0,2063,1.53126,0.00149363,1.53834,39,0,29,23,29,0,-2,0,0,1,57,3785,3780,-7,137,35,614,35136,34851,108,2,66,98,-26495,0,0,0,0,1,0,14,17,2,3833,0,0,0,0,0,0,0,0,0,-6,0,0,0
2441.49,0,0,0,0,0,2048,1.53112,0.00148533,1.53839,39,0,29,23,29,0,-2,0,0,1,57,3785,3780,-4,137,35,614,35136,34851,108,2,66,98,-15140,0,0,0,0,1,17,18,5,2,3837,0,0,0,0,0,0,0,0,0,-8,0,0,0
2441.5,0,0,0,0,0,2033,1.53098,0.00147703,1.53844,39,0,29,23,29,0,-2,0,0,1,57,3785,3780,-5,137,35,614,35145,34867,108,2,20,57,-18925,0,0,0,0,1,0,12,0,1,3841,0,0,0,0,0,0,0,0,0,-3,0,0,0
2441.51,0,0,0,0,0,2018,1.53099,0.00147291,1.53859,39,0,29,23,29,0,-2,0,0,1,57,3785,3780,-5,137,35,614,35145,34867,108,2,20,57,-18925,0,0,0,0,1,3,2,3,0,3843,0,0,0,0,0,0,0,0,0,-12,0,0,0
2441.52,0,0,0,0,0,2004,1.531,0.0014688,1.53874,39,0,29,23,29,0,-2,0,0,1,57,3782,3780,-5,137,35,614,35145,34867,108,2,20,57,-18910,0,0,0,0,1,5,0,13,0,3835,0,0,0,0,0,0,0,0,0,-1,0,0,0
2441.53,0,0,0,0,0,2004,1.53101,0.00146468,1.53889,39,0,29,23,29,0,-2,0,0,1,57,3782,3780,-10,137,35,614,35145,34867,108,2,20,57,-37820,0,0,0,0,1,5,0,13,0,3839,0,0,0,0,0,0,0,0,0,0,0,0,0
2441.54,0,0,0,0,0,1995,1.53102,0.00146056,1.53904,39,0,29,23,29,0,-2,0,0,1,57,3782,3780,-9,137,35,614,35145,34867,108,2,20,57,-34038,0,0,0,0,1,13,0,32,0,3839,0,0,0,0,0,0,0,0,0,0,0,0,0
2441.55,0,0,0,0,0,1992,1.53103,0.00145645,1.53918,39,0,29,23,29,0,-2,0,0,1,57,3782,3780,-9,137,35,614,35145,34867,108,2,20,57,-34038,0,0,0,0,1,5,0,19,0,3837,0,0,0,0,0,0,0,0,0,2,0,0,0
2441.56,0,0,0,0,0,1994,1.53104,0.00145233,1.53933,39,0,29,23,29,0,-2,0,0,1,57,3783,3780,-9,137,35,614,35145,34867,108,2,20,57,-34047,0,0,0,0,1,0,0,23,0,3848,0,0,0,0,0,0,0,0,0,9,0,0,0
2441.57,0,0,0,0,0,1993,1.53105,0.00144821,1.53948,39,0,29,23,29,0,-2,0,0,1,57,3785,3780,-6,137,35,614,35145,34867,108,2,20,57,-22710,0,0,0,0,1,9,12,17,0,3843,0,0,0,0,0,0,0,0,0,-10,0,0,0
2441.58,0,0,0,0,0,1987,1.53106,0.0014441,1.53963,39,0,29,23,29,0,-2,0,0,1,57,3785,3780,-8,137,35,614,35145,34867,108,2,20,57,-30280,0,0,0,0,1,0,5,7,0,3843,0,0,0,0,0,0,0,0,0,-3,0,0,0
2441.59,0,0,0,0,0,1981,1.53107,0.00143998,1.53978,39,0,29,23,29,0,-2,0,0,1,57,3785,3780,-8,137,35,614,35145,34867,108,2,20,57,-30280,0,0,0,0,1,19,28,0,4,3846,0,0,0,0,0,0,0,0,0,-19,0,0,0
2441.6,0,0,0,0,0,1968,1.53108,0.00143586,1.53993,39,0,29,23,29,0,-2,0,0,1,57,3784,3780,-4,137,35,614,35128,34854,108,2,20,57,-15136,0,0,0,0,1,0,16,0,6,3837,0,0,0,0,0,0,0,0,0,-11,0,0,0
2441.61,0,0,0,0,0,1956,1.53109,0.00143696,1.53977,39,0,29,23,29,0,-2,0,0,1,57,3784,3780,-4,137,35,614,35128,34854,108,2,20,57,-15136,0,0,0,0,1,0,28,21,2,3839,0,0,0,0,0,0,0,0,0,-12,0,0,0
2441.62,0,0,0,0,0,1956,1.5311,0.00143805,1.53961,39,0,29,23,29,0,-2,0,0,1,57,3784,3780,-8,137,35,614,35128,34854,108,2,20,57,-30272,0,0,0,0,1,0,28,21,2,3833,0,0,0,0,0,0,0,0,0,-1,0,0,0
2441.63,0,0,0,0,0,1942,1.53111,0.00143914,1.53945,39,0,29,23,29,0,-2,0,0,1,57,3784,3780,-8,137,35,614,35128,34854,108,2,20,57,-30272,0,0,0,0,1,0,0,17,2,3833,0,0,0,0,0,0,0,0,0,-1,0,0,0
2441.64,0,0,0,0,0,1928,1.53113,0.00144024,1.53929,39,0,29,23,29,0,-2,0,0,1,57,3785,3780,-8,137,35,614,35128,34854,108,2,20,57,-30280,0,0,0,0,1,0,10,13,2,3843,0,0,0,0,0,0,0,0,0,0,0,0,0
2441.65,0,0,0,0,0,1915,1.53114,0.00144133,1.53912,39,0,29,23,29,0,-2,0,0,1,57,3785,3780,-9,137,35,614,35128,34854,108,2,20,57,-34065,0,0,0,0,1,17,0,0,4,3826,0,0,0,0,0,0,0,0,0,-2,0,0,0
2441.66,0,0,0,0,0,1910,1.53115,0.00144242,1.53896,39,0,29,23,29,0,-2,0,0,1,57,3785,3780,-8,137,35,614,35128,34854,108,2,20,57,-30280,0,0,0,0,1,0,8,7,2,3824,0,0,0,0,0,0,0,0,0,-12,0,0,0
2441.67,0,0,0,0,0,1910,1.53116,0.00144352,1.5388,39,0,29,23,29,0,-2,0,0,1,57,3785,3780,-8,137,35,614,35128,34854,108,2,20,57,-30280,0,0,0,0,1,0,0,0,0,3833,0,0,0,0,0,0,0,0,0,12,0,0,0
2441.68,0,0,0,0,0,1910,1.53117,0.00144461,1.53864,39,0,29,23,29,0,-2,0,0,1,57,3785,3780,-1,137,35,614,35128,34854,108,2,20,57,-3785,0,0,0,0,1,0,0,0,0,3841,0,0,0,0,0,0,0,0,0,10,0,0,0
2441.69,0,0,0,0,0,1915,1.53118,0.0014457,1.53848,39,0,29,23,29,0,-2,0,0,1,57,3785,3780,-4,137,35,614,35128,34854,108,2,20,57,-15140,0,0,0,0,1,1,0,0,0,3841,0,0,0,0,0,0,0,0,0,10,0,0,0
2441.7,0,0,0,0,0,1913,1.53119,0.0014468,1.53831,39,0,29,23,29,0,-2,0,0,1,57,3785,3780,-2,137,35,614,35137,34869,108,2,82,57,-7570,0,0,0,0,1,0,6,7,1,3837,0,0,0,0,0,0,0,0,0,0,0,0,0
2441.71,0,0,0,0,0,1901,1.53141,0.00145296,1.53828,39,0,29,23,29,0,-2,0,0,1,57,3785,3780,-2,137,35,614,35137,34869,108,2,82,57,-7570,0,0,0,0,1,0,0,29,5,3833,0,0,0,0,0,0,0,0,0,-5,0,0,0
2441.72,0,0,0,0,0,1888,1.53163,0.00145913,1.53825,39,0,29,23,29,0,-2,0,0,1,57,3784,3780,-4,137,35,614,35137,34869,108,2,82,57,-15136,0,0,0,0,1,27,0,0,8,3824,0,0,0,0,0,0,0,0,0,-16,0,0,0
2441.73,0,0,0,0,0,1877,1.53185,0.00146529,1.53822,39,0,29,23,29,0,-2,0,0,1,57,3784,3780,-9,137,35,614,35137,34869,108,2,82,57,-34056,0,0,0,0,1,35,22,0,6,3829,0,0,0,0,0,0,0,0,0,-29,0,0,0
2441.74,0,0,0,0,0,1877,1.53207,0.00147146,1.53819,39,0,29,23,29,0,-2,0,0,1,57,3784,3780,-8,137,35,614,35137,34869,108,2,82,57,-30272,0,0,0,0,1,35,22,0,6,3843,0,0,0,0,0,0,0,0,0,-11,0,0,0
2441.75,0,0,0,0,0,1866,1.53228,0.00147762,1.53816,39,0,29,23,29,0,-2,0,0,1,57,3784,3780,-8,137,35,614,35137,34869,108,2,82,57,-30272,0,0,0,0,1,0,20,15,5,3843,0,0,0,0,0,0,0,0,0,-11,0,0,0
2441.76,0,0,0,0,0,1855,1.5325,0.00148379,1.53813,39,0,29,23,29,0,-2,0,0,1,57,3785,3780,-8,137,35,614,35137,34869,108,2,82,57,-30280,0,0,0,0,1,7,0,17,8,3824,0,0,0,0,0,0,0,0,0,-11,0,0,0
2441.77,0,0,0,0,0,1845,1.53272,0.00148995,1.5381,39,0,29,23,29,0,-2,0,0,1,57,3785,3780,-7,137,35,614,35137,34869,108,2,82,57,-26495,0,0,0,0,1,35,0,0,9,3820,0,0,0,0,0,0,0,0,0,-24,0,0,0
2441.78,0,0,0,0,0,1838,1.53294,0.00149612,1.53807,39,0,29,23,29,0,-2,0,0,1,57,3785,3780,-4,137,35,614,35137,34869,108,2,82,57,-15140,0,0,0,0,1,0,34,0,8,3835,0,0,0,0,0,0,0,0,0,-17,0,0,0
2441.79,0,0,0,0,0,1833,1.53316,0.00150228,1.53804,39,0,29,23,29,0,-2,0,0,1,57,3785,3780,-4,137,35,614,35137,34869,108,2,82,57,-15140,0,0,0,0,1,0,0,13,6,3837,0,0,0,0,0,0,0,0,0,-20,0,0,0
2441.8,0,0,0,0,0,1833,1.53337,0.00150845,1.538,39,0,29,23,29,0,-2,0,0,1,57,3784,3780,0,137,35,614,35140,34863,108,2,66,98,0,0,0,0,0,1,0,0,13,6,3820,0,0,0,0,0,0,0,0,0,-15,0,0,0
2441.81,0,0,0,0,0,1832,1.53311,0.00150526,1.53804,39,0,29,23,29,0,-2,0,0,1,57,3784,3780,-1,137,35,614,35140,34863,108,2,66,98,-3784,0,0,0,0,1,17,10,0,4,3820,0,0,0,0,0,0,0,0,0,-15,0,0,0
2441.82,0,0,0,0,0,1829,1.53285,0.00150207,1.53808,39,0,29,23,29,0,-2,0,0,1,57,3784,3780,-3,137,35,614,35140,34863,108,2,66,98,-11352,0,0,0,0,1,0,0,17,2,3839,0,0,0,0,0,0,0,0,0,-4,0,0,0
2441.83,0,0,0,0,0,1823,1.53259,0.00149887,1.53812,39,0,29,23,29,0,-2,0,0,1,57,3784,3780,-3,137,35,614,35140,34863,108,2,66,98,-11352,0,0,0,0,1,3,0,23,5,3829,0,0,0,0,0,0,0,0,0,0,0,0,0
2441.84,0,0,0,0,0,1817,1.53232,0.00149568,1.53815,39,0,29,23,29,0,-2,0,0,1,57,3783,3781,-7,137,35,614,35140,34863,108,2,66,98,-26481,0,0,0,0,1,24,10,0,8,3822,0,0,0,0,0,0,0,0,0,-29,0,0,0
2441.85,0,0,0,0,0,1811,1.53206,0.00149249,1.53819,39,0,29,23,29,0,-2,0,0,1,57,3783,3781,-8,137,35,614,35140,34863,108,2,66,98,-30264,0,0,0,0,1,0,34,5,10,3837,0,0,0,0,0,0,0,0,0,-29,0,0,0
2441.86,0,0,0,0,0,1811,1.5318,0.0014893,1.53823,39,0,29,23,29,0,-2,0,0,1,57,3784,3781,-10,137,35,614,35140,34863,108,2,66,98,-37840,0,0,0,0,1,0,34,5,10,3815,0,0,0,0,0,0,0,0,0,-17,0,0,0
2441.87,0,0,0,0,0,1802,1.53153,0.00148611,1.53826,39,0,29,23,29,0,-2,0,0,1,57,3784,3781,-10,137,35,614,35140,34863,108,2,66,98,-37840,0,0,0,0,1,19,0,13,10,3815,0,0,0,0,0,0,0,0,0,-17,0,0,0
2441.88,0,0,0,0,0,1793,1.53127,0.00148292,1.5383,39,0,29,23,29,0,-2,0,0,1,57,3787,3781,-6,137,35,614,35140,34863,108,2,66,98,-22722,0,0,0,0,1,0,49,0,9,3837,0,0,0,0,0,0,0,0,0,-30,0,0,0
2441.89,0,0,0,0,0,1784,1.53101,0.00147973,1.53834,39,0,29,23,29,0,-2,0,0,1,57,3787,3781,-6,137,35,614,35140,34863,108,2,66,98,-22722,0,0,0,0,1,3,0,32,10,3839,0,0,0,0,0,0,0,0,0,-17,0,0,0
2441.9,0,0,0,0,0,1778,1.53074,0.00147654,1.53837,39,0,29,23,29,0,-2,0,0,1,57,3787,3781,-3,137,35,614,35153,34880,108,2,82,98,-11361,0,0,0,0,1,35,22,0,11,3824,0,0,0,0,0,0,0,0,0,-32,0,0,0
2441.91,0,0,0,0,0,1771,1.53083,0.00148116,1.53874,39,0,29,23,29,0,-2,0,0,1,57,3787,3781,-3,137,35,614,35153,34880,108,2,82,98,-11361,0,0,0,0,1,0,0,46,12,3841,0,0,0,0,0,0,0,0,0,-44,0,0,0
2441.92,0,0,0,0,0,1771,1.53091,0.00148579,1.53911,39,0,29,23,29,0,-2,0,0,1,57,3786,3782,0,137,35,614,35153,34880,108,2,82,98,0,0,0,0,0,1,0,0,46,12,3820,0,0,0,0,0,0,0,0,0,-20,0,0,0
2441.93,0,0,0,0,0,1766,1.531,0.00149041,1.53948,39,0,29,23,29,0,-2,0,0,1,57,3783,3782,2,137,35,614,35153,34880,108,2,82,98,7566,0,0,0,0,1,41,6,0,12,3820,0,0,0,0,0,0,0,0,0,-20,0,0,0
2441.94,0,0,0,0,0,1759,1.53108,0.00149503,1.53984,39,0,29,23,29,0,-2,0,0,1,57,3783,3782,0,137,35,614,35153,34880,108,2,82,98,0,0,0,0,0,1,0,5,54,10,3835,0,0,0,0,0,0,0,0,0,-19,0,0,0
2441.95,0,0,0,0,0,1753,1.53116,0.00149966,1.54021,39,0,29,23,29,0,-2,0,0,1,57,3783,3782,0,137,35,614,35153,34880,108,2,82,98,0,0,0,0,0,1,30,8,0,12,3817,0,0,0,0,0,0,0,0,0,-24,0,0,0
2441.96,0,0,0,0,0,1750,1.53125,0.00150428,1.54058,39,0,29,23,29,0,-2,0,0,1,57,3784,3782,0,137,35,614,35153,34880,108,2,82,98,0,0,0,0,0,1,0,0,41,11,3839,0,0,0,0,0,0,0,0,0,-23,0,0,0
2441.97,0,0,0,0,0,1745,1.53133,0.0015089,1.54094,39,0,29,23,29,0,-2,0,0,1,57,3784,3782,-4,137,35,614,35153,34880,108,2,82,98,-15136,0,0,0,0,1,36,5,0,10,3813,0,0,0,0,0,0,0,0,0,-27,0,0,0
2441.98,0,0,0,0,0,1745,1.53142,0.00151353,1.54131,39,0,29,23,29,0,-2,0,0,1,57,3782,3782,-3,137,35,614,35153,34880,108,2,82,98,-11346,0,0,0,0,1,36,5,0,10,3837,0,0,0,0,0,0,0,0,0,-17,0,0,0
2441.99,0,0,0,0,0,1738,1.5315,0.00151815,1.54168,39,0,29,23,29,0,-2,0,0,1,57,3782,3782,-3,137,35,614,35153,34880,108,2,82,98,-11346,0,0,0,0,1,0,0,58,9,3837,0,0,0,0,0,0,0,0,0,-17,0,0,0
2442,0,0,0,0,0,1733,1.53159,0.00152277,1.54205,39,0,29,23,28,0,-2,0,0,1,57,3782,3783,-6,137,35,614,35111,34823,108,2,66,98,-22692,0,0,0,0,1,30,26,0,12,3824,0,0,0,0,0,0,0,0,0,-33,0,0,0
2442.01,0,0,0,0,0,1729,1.53154,0.00152441,1.54209,39,0,29,23,28,0,-2,0,0,1,57,3786,3783,-2,137,35,614,35111,34823,108,2,66,98,-7572,0,0,0,0,1,0,0,46,11,3835,0,0,0,0,0,0,0,0,0,-30,0,0,0
2442.02,0,0,0,0,0,1723,1.53148,0.00152605,1.54214,39,0,29,23,28,0,-2,0,0,1,57,3786,3783,3,137,35,614,35111,34823,108,2,66,98,11358,0,0,0,0,1,11,35,0,10,3826,0,0,0,0,0,0,0,0,0,-28,0,0,0
2442.03,0,0,0,0,0,1716,1.53143,0.00152769,1.54218,39,0,29,23,28,0,-2,0,0,1,57,3786,3783,3,137,35,614,35111,34823,108,2,66,98,11358,0,0,0,0,1,9,0,38,11,3822,0,0,0,0,0,0,0,0,0,-22,0,0,0
2442.04,0,0,0,0,0,1716,1.53138,0.00152933,1.54222,39,0,29,23,28,0,-2,0,0,1,57,3783,3783,4,137,35,614,35111,34823,108,2,66,98,15132,0,0,0,0,1,0,67,0,14,3837,0,0,0,0,0,0,0,0,0,-35,0,0,0
2442.05,0,0,0,0,0,1711,1.53133,0.00153096,1.54227,39,0,29,23,28,0,-2,0,0,1,57,3783,3783,4,137,35,614,35111,34823,108,2,66,98,15132,0,0,0,0,1,0,67,0,14,3837,0,0,0,0,0,0,0,0,0,-35,0,0,0
2442.06,0,0,0,0,0,1704,1.53128,0.0015326,1.54231,39,0,29,23,28,0,-2,0,0,1,57,3782,3783,2,137,35,614,35111,34823,108,2,66,98,7564,0,0,0,0,1,48,0,0,13,3820,0,0,0,0,0,0,0,0,0,-30,0,0,0
2442.07,0,0,0,0,0,1697,1.53123,0.00153424,1.54236,39,0,29,23,28,0,-2,0,0,1,57,3782,3783,2,137,35,614,35111,34823,108,2,66,98,7564,0,0,0,0,1,0,0,56,11,3839,0,0,0,0,0,0,0,0,0,-21,0,0,0
2442.08,0,0,0,0,0,1691,1.53118,0.00153588,1.5424,39,0,29,23,28,0,-2,0,0,1,57,3782,3783,7,137,35,614,35111,34823,108,2,66,98,26474,0,0,0,0,1,24,32,0,14,3824,0,0,0,0,0,0,0,0,0,-33,0,0,0
2442.09,0,0,0,0,0,1688,1.53113,0.00153752,1.54245,39,0,29,23,28,0,-2,0,0,1,57,3782,3783,3,137,35,614,35111,34823,108,2,66,98,11346,0,0,0,0,1,9,0,23,13,3820,0,0,0,0,0,0,0,0,0,-33,0,0,0
2442.1,0,0,0,0,0,1688,1.53108,0.00153915,1.54249,39,0,29,23,29,0,-2,0,0,1,57,3782,3783,4,137,35,614,35110,34833,108,2,20,98,15128,0,0,0,0,1,9,0,23,13,3835,0,0,0,0,0,0,0,0,0,-22,0,0,0
2442.11,0,0,0,0,0,1684,1.53121,0.00152645,1.54209,39,0,29,23,29,0,-2,0,0,1,57,3782,3783,4,137,35,614,35110,34833,108,2,20,98,15128,0,0,0,0,1,0,34,30,10,3835,0,0,0,0,0,0,0,0,0,-22,0,0,0
2442.12,0,0,0,0,0,1678,1.53134,0.00151374,1.54169,39,0,29,23,29,0,-2,0,0,1,57,3783,3783,0,137,35,614,35110,34833,108,2,20,98,0,0,0,0,0,1,29,5,0,12,3817,0,0,0,0,0,0,0,0,0,-26,0,0,0
2442.13,0,0,0,0,0,1674,1.53147,0.00150104,1.54129,39,0,29,23,29,0,-2,0,0,1,57,3783,3783,0,137,35,614,35110,34833,108,2,20,98,0,0,0,0,0,1,0,0,38,12,3837,0,0,0,0,0,0,0,0,0,-27,0,0,0
2442.14,0,0,0,0,0,1669,1.5316,0.00148833,1.54089,39,0,29,23,29,0,-2,0,0,1,57,3783,3783,3,137,35,614,35110,34833,108,2,20,98,11349,0,0,0,0,1,0,49,17,10,3835,0,0,0,0,0,0,0,0,0,-29,0,0,0
2442.15,0,0,0,0,0,1663,1.53173,0.00147562,1.54049,39,0,29,23,29,0,-2,0,0,1,57,3783,3783,3,137,35,614,35110,34833,108,2,20,98,11349,0,0,0,0,1,41,0,0,13,3820,0,0,0,0,0,0,0,0,0,-25,0,0,0
2442.16,0,0,0,0,0,1663,1.53187,0.00146292,1.54009,39,0,29,23,29,0,-2,0,0,1,57,3784,3783,5,137,35,614,35110,34833,108,2,20,98,18920,0,0,0,0,1,41,0,0,13,3835,0,0,0,0,0,0,0,0,0,-26,0,0,0
2442.17,0,0,0,0,0,1660,1.532,0.00145021,1.53969,39,0,29,23,29,0,-2,0,0,1,57,3784,3783,7,137,35,614,35110,34833,108,2,20,98,26488,0,0,0,0,1,0,0,56,12,3835,0,0,0,0,0,0,0,0,0,-26,0,0,0
2442.18,0,0,0,0,0,1655,1.53213,0.0014375,1.53929,39,0,29,23,29,0,-2,0,0,1,57,3783,3783,7,137,35,614,35110,34833,108,2,20,98,26481,0,0,0,0,1,0,26,46,11,3837,0,0,0,0,0,0,0,0,0,-26,0,0,0
2442.19,0,0,0,0,0,1648,1.53226,0.0014248,1.53889,39,0,29,23,29,0,-2,0,0,1,57,3783,3783,7,137,35,614,35110,34833,108,2,20,98,26481,0,0,0,0,1,24,10,0,13,3822,0,0,0,0,0,0,0,0,0,-21,0,0,0
2442.2,0,0,0,0,0,1643,1.53239,0.00141209,1.53849,39,0,29,23,29,0,-2,0,0,1,57,3781,3783,7,137,35,614,35112,34833,108,2,82,98,26467,0,0,0,0,1,30,0,36,13,3826,0,0,0,0,0,0,0,0,0,-37,0,0,0
2442.21,0,0,0,0,0,1637,1.5324,0.0014063,1.53878,39,0,29,23,29,0,-2,0,0,1,57,3781,3783,7,137,35,614,35112,34833,108,2,82,98,26467,0,0,0,0,1,0,6,48,13,3843,0,0,0,0,0,0,0,0,0,-33,0,0,0
2442.22,0,0,0,0,0,1637,1.5324,0.00140051,1.53907,39,0,29,23,29,0,-2,0,0,1,57,3781,3783,9,137,35,614,35112,34833,108,2,82,98,34029,0,0,0,0,1,0,6,48,13,3839,0,0,0,0,0,0,0,0,0,-36,0,0,0
2442.23,0,0,0,0,0,1631,1.53241,0.00139472,1.53936,39,0,29,23,29,0,-2,0,0,1,57,3781,3783,9,138,35,614,35112,34833,108,2,82,98,34029,0,0,0,0,1,0,61,0,16,3839,0,0,0,0,0,0,0,0,0,-36,0,0,0
2442.24,0,0,0,0,0,1626,1.53242,0.00138893,1.53966,39,0,29,23,29,0,-2,0,0,1,57,3781,3784,8,138,35,614,35112,34833,108,2,82,98,30248,0,0,0,0,1,73,0,0,16,3820,0,0,0,0,0,0,0,0,0,-44,0,0,0
2442.25,0,0,0,0,0,1616,1.53242,0.00138314,1.53995,39,0,29,23,29,0,-2,0,0,1,57,3781,3784,8,138,35,614,35112,34833,108,2,82,98,30248,0,0,0,0,1,19,0,32,16,3826,0,0,0,0,0,0,0,0,0,-40,0,0,0
2442.26,0,0,0,0,0,1607,1.53243,0.00137735,1.54024,39,0,29,23,29,0,-2,0,0,1,57,3781,3784,10,138,35,614,35112,34833,108,2,82,98,37810,0,0,0,0,1,0,0,48,18,3839,0,0,0,0,0,0,0,0,0,-45,0,0,0
2442.27,0,0,0,0,0,1598,1.53243,0.00137156,1.54054,39,0,29,23,29,0,-2,0,0,1,57,3781,3784,10,138,35,614,35112,34833,108,2,82,98,37810,0,0,0,0,1,0,73,0,16,3831,0,0,0,0,0,0,0,0,0,-43,0,0,0
2442.28,0,0,0,0,0,1598,1.53244,0.00136577,1.54083,39,0,29,23,29,0,-2,0,0,1,57,3781,3784,9,138,35,614,35112,34833,108,2,82,98,34029,0,0,0,0,1,0,73,0,16,3822,0,0,0,0,0,0,0,0,0,-46,0,0,0
2442.29,0,0,0,0,0,1593,1.53245,0.00135998,1.54112,39,0,29,23,29,0,-2,0,0,1,57,3781,3784,8,138,35,614,35112,34833,108,2,82,98,30248,0,0,0,0,1,44,35,0,17,3822,0,0,0,0,0,0,0,0,0,-46,0,0,0
2442.3,0,0,0,0,0,1590,1.53245,0.00135419,1.54142,39,0,29,23,29,0,-2,0,0,1,57,3781,3784,8,138,35,614,35096,34811,108,2,82,98,30248,0,0,0,0,1,87,0,0,17,3820,0,0,0,0,0,0,0,0,0,-52,0,0,0
2442.31,0,0,0,0,0,1586,1.53247,0.00135692,1.5415,39,0,29,23,29,0,-2,0,0,1,57,3781,3784,8,138,35,614,35096,34811,108,2,82,98,30248,0,0,0,0,1,46,0,38,16,3820,0,0,0,0,0,0,0,0,0,-36,0,0,0
2442.32,0,0,0,0,0,1580,1.53249,0.00135965,1.54158,39,0,29,23,29,0,-2,0,0,1,57,3781,3785,9,138,35,614,35096,34811,108,2,82,98,34029,0,0,0,0,1,0,0,73,16,3833,0,0,0,0,0,0,0,0,0,-42,0,0,0
2442.33,0,0,0,0,0,1575,1.53251,0.00136238,1.54167,39,0,29,23,29,0,-2,0,0,1,57,3781,3785,9,138,35,614,35096,34811,108,2,82,98,34029,0,0,0,0,1,0,47,60,13,3833,0,0,0,0,0,0,0,0,0,-33,0,0,0
2442.34,0,0,0,0,0,1575,1.53252,0.00136511,1.54175,39,0,29,23,29,0,-2,0,0,1,57,3781,3785,10,138,35,614,35096,34811,108,2,82,98,37810,0,0,0,0,1,0,47,60,13,3835,0,0,0,0,0,0,0,0,0,-41,0,0,0
2442.35,0,0,0,0,0,1568,1.53254,0.00136784,1.54184,39,0,29,23,29,0,-2,0,0,1,57,3781,3785,10,138,35,614,35096,34811,108,2,82,98,37810,0,0,0,0,1,0,46,0,17,3835,0,0,0,0,0,0,0,0,0,-41,0,0,0
2442.36,0,0,0,0,0,1565,1.53256,0.00137057,1.54192,39,0,29,23,29,0,-2,0,0,1,57,3781,3785,11,138,35,614,35096,34811,108,2,82,98,41591,0,0,0,0,1,0,65,0,16,3839,0,0,0,0,0,0,0,0,0,-42,0,0,0
2442.37,0,0,0,0,0,1560,1.53258,0.0013733,1.542,39,0,29,23,29,0,-2,0,0,1,57,3781,3785,12,138,35,614,35096,34811,108,2,82,98,45372,0,0,0,0,1,58,43,0,16,3820,0,0,0,0,0,0,0,0,0,-60,0,0,0
2442.38,0,0,0,0,0,1559,1.5326,0.00137603,1.54209,39,0,29,23,29,0,-2,0,0,1,57,3781,3785,12,138,35,614,35096,34811,108,2,82,98,45372,0,0,0,0,1,70,0,0,16,3826,0,0,0,0,0,0,0,0,0,-43,0,0,0
2442.39,0,0,0,0,0,1557,1.53262,0.00137876,1.54217,39,0,29,23,29,0,-2,0,0,1,57,3781,3785,12,138,35,614,35096,34811,108,2,82,98,45372,0,0,0,0,1,64,0,0,13,3824,0,0,0,0,0,0,0,0,0,-29,0,0,0
2442.4,0,0,0,0,0,1557,1.53263,0.0013815,1.54226,39,0,29,23,29,0,-2,0,0,1,57,3780,3787,11,138,35,614,35092,34806,108,2,66,98,41580,0,0,0,0,1,64,0,0,13,3829,0,0,0,0,0,0,0,0,0,-36,0,0,0
2442.41,0,0,0,0,0,1555,1.53269,0.00138951,1.54237,39,0,29,23,29,0,-2,0,0,1,57,3780,3787,10,138,35,614,35092,34806,108,2,66,98,37800,0,0,0,0,1,21,0,23,12,3829,0,0,0,0,0,0,0,0,0,-36,0,0,0
2442.42,0,0,0,0,0,1549,1.53274,0.00139752,1.54248,39,0,29,23,29,0,-2,0,0,1,57,3780,3787,9,138,35,614,35092,34806,108,2,66,98,34020,0,0,0,0,1,0,0,65,11,3833,0,0,0,0,0,0,0,0,0,-26,0,0,0
2442.43,0,0,0,0,0,1545,1.53279,0.00140554,1.5426,39,0,29,23,29,0,-2,0,0,1,57,3780,3787,9,138,35,614,35092,34806,108,2,66,98,34020,0,0,0,0,1,0,0,56,13,3841,0,0,0,0,0,0,0,0,0,-36,0,0,0
2442.44,0,0,0,0,0,1540,1.53284,0.00141355,1.54271,39,0,29,23,29,0,-2,0,0,1,57,3780,3787,10,138,35,614,35092,34806,108,2,66,98,37800,0,0,0,0,1,0,22,42,11,3846,0,0,0,0,0,0,0,0,0,-33,0,0,0
2442.45,0,0,0,0,0,1534,1.5329,0.00142156,1.54282,39,0,29,23,29,0,-2,0,0,1,57,3780,3787,10,138,35,614,35092,34806,108,2,66,98,37800,0,0,0,0,1,0,43,21,16,3833,0,0,0,0,0,0,0,0,0,-40,0,0,0
2442.46,0,0,0,0,0,1534,1.53295,0.00142958,1.54294,39,0,29,23,29,0,-2,0,0,1,57,3780,3787,11,138,35,614,35092,34806,108,2,66,98,41580,0,0,0,0,1,0,43,21,16,3831,0,0,0,0,0,0,0,0,0,-42,0,0,0
2442.47,0,0,0,0,0,1528,1.533,0.00143759,1.54305,39,0,29,23,29,0,-2,0,0,1,57,3780,3787,11,138,35,614,35092,34806,108,2,66,98,41580,0,0,0,0,1,0,63,0,13,3831,0,0,0,0,0,0,0,0,0,-42,0,0,0
2442.48,0,0,0,0,0,1525,1.53305,0.00144561,1.54316,39,0,29,23,29,0,-2,0,0,1,57,3781,3787,10,138,35,614,35092,34806,108,2,66,98,37810,0,0,0,0,1,0,84,0,16,3835,0,0,0,0,0,0,0,0,0,-47,0,0,0
2442.49,0,0,0,0,0,1519,1.53311,0.00145362,1.54328,39,0,29,23,29,0,-2,0,0,1,57,3781,3787,11,138,35,614,35092,34806,108,2,66,98,41591,0,0,0,0,1,0,82,0,15,3837,0,0,0,0,0,0,0,0,0,-49,0,0,0
2442.5,0,0,0,0,0,1513,1.53316,0.00146163,1.54339,39,0,29,23,29,0,-2,0,0,1,57,3781,3787,12,138,35,614,35095,34811,108,2,82,98,45372,0,0,0,0,1,0,61,0,16,3833,0,0,0,0,0,0,0,0,0,-35,0,0,0
2442.51,0,0,0,0,0,1508,1.53329,0.00146239,1.54315,39,0,29,23,29,0,-2,0,0,1,57,3781,3787,12,138,35,614,35095,34811,108,2,82,98,45372,0,0,0,0,1,0,61,0,16,3835,0,0,0,0,0,0,0,0,0,-38,0,0,0
2442.52,0,0,0,0,0,1508,1.53342,0.00146314,1.54291,39,0,29,23,29,0,-2,0,0,1,57,3780,3787,12,138,35,614,35095,34811,108,2,82,98,45360,0,0,0,0,1,0,46,0,16,3839,0,0,0,0,0,0,0,0,0,-24,0,0,0
2442.53,0,0,0,0,0,1502,1.53355,0.00146389,1.54266,39,0,29,23,29,0,-2,0,0,1,57,3780,3787,13,138,35,614,35095,34811,108,2,82,98,49140,0,0,0,0,1,0,46,0,16,3839,0,0,0,0,0,0,0,0,0,-24,0,0,0
2442.54,0,0,0,0,0,1497,1.53369,0.00146465,1.54242,39,0,29,23,29,0,-2,0,0,1,57,3780,3787,14,138,35,614,35095,34811,108,2,82,98,52920,0,0,0,0,1,9,71,0,16,3835,0,0,0,0,0,0,0,0,0,-51,0,0,0
2442.55,0,0,0,0,0,1495,1.53382,0.0014654,1.54217,39,0,29,23,29,0,-2,0,0,1,57,3780,3787,14,138,35,614,35095,34811,108,2,82,98,52920,0,0,0,0,1,0,61,0,17,3831,0,0,0,0,0,0,0,0,0,-32,0,0,0
2442.56,0,0,0,0,0,1496,1.53395,0.00146616,1.54193,39,0,29,23,29,0,-2,0,0,1,57,3780,3787,14,138,35,614,35095,34811,108,2,82,98,52920,0,0,0,0,1,0,82,0,16,3831,0,0,0,0,0,0,0,0,0,-49,0,0,0
2442.57,0,0,0,0,0,1493,1.53408,0.00146691,1.54169,39,0,29,23,29,0,-2,0,0,1,57,3780,3787,15,138,35,614,35095,34811,108,2,82,98,56700,0,0,0,0,1,0,79,0,16,3843,0,0,0,0,0,0,0,0,0,-47,0,0,0
2442.58,0,0,0,0,0,1493,1.53421,0.00146766,1.54144,39,0,29,23,29,0,-2,0,0,1,57,3780,3787,15,138,35,614,35095,34811,108,2,82,98,56700,0,0,0,0,1,0,82,0,13,3837,0,0,0,0,0,0,0,0,0,-48,0,0,0
2442.59,0,0,0,0,0,1489,1.53434,0.00146842,1.5412,39,0,29,23,29,0,-2,0,0,1,57,3780,3787,15,138,35,614,35095,34811,108,2,82,98,56700,0,0,0,0,1,0,82,0,13,3837,0,0,0,0,0,0,0,0,0,-48,0,0,0
2442.6,0,0,0,0,0,1485,1.53447,0.00146917,1.54096,39,0,29,23,29,0,-2,0,0,1,56,3780,3787,16,138,35,614,35087,34794,108,2,65,98,60480,0,0,0,0,1,0,69,0,15,3841,0,0,0,0,0,0,0,0,0,-41,0,0,0
2442.61,0,0,0,0,0,1479,1.53454,0.00146616,1.54071,39,0,29,23,29,0,-2,0,0,1,56,3779,3787,16,138,35,614,35087,34794,108,2,65,98,60464,0,0,0,0,1,0,65,7,13,3837,0,0,0,0,0,0,0,0,0,-45,0,0,0
2442.62,0,0,0,0,0,1472,1.53461,0.00146315,1.54046,39,0,29,23,29,0,-2,0,0,1,56,3779,3787,15,138,35,614,35087,34794,108,2,65,98,56685,0,0,0,0,1,0,38,13,16,3835,0,0,0,0,0,0,0,0,0,-44,0,0,0
2442.63,0,0,0,0,0,1464,1.53468,0.00146014,1.54021,39,0,29,23,29,0,-2,0,0,1,56,3779,3787,15,138,35,614,35087,34794,108,2,65,98,56685,0,0,0,0,1,0,46,41,13,3837,0,0,0,0,0,0,0,0,0,-43,0,0,0
2442.64,0,0,0,0,0,1464,1.53474,0.00145713,1.53996,39,0,29,23,29,0,-2,0,0,1,56,3780,3788,15,138,35,614,35087,34794,108,2,65,98,56700,0,0,0,0,1,0,46,41,13,3837,0,0,0,0,0,0,0,0,0,-42,0,0,0
2442.65,0,0,0,0,0,1458,1.53481,0.00145412,1.53971,39,0,29,23,29,0,-2,0,0,1,56,3780,3788,15,138,35,614,35087,34794,108,2,65,98,56700,0,0,0,0,1,0,0,48,17,3837,0,0,0,0,0,0,0,0,0,-42,0,0,0
2442.66,0,0,0,0,0,1447,1.53488,0.00145111,1.53946,39,0,29,23,29,0,-2,0,0,1,56,3780,3788,15,138,35,614,35087,34794,108,2,65,98,56700,0,0,0,0,1,0,0,95,16,3837,0,0,0,0,0,0,0,0,0,-47,0,0,0
2442.67,0,0,0,0,0,1443,1.53494,0.0014481,1.53921,39,0,29,23,29,0,-2,0,0,1,56,3780,3788,15,138,35,614,35087,34794,108,2,65,98,56700,0,0,0,0,1,24,0,54,17,3826,0,0,0,0,0,0,0,0,0,-54,0,0,0
2442.68,0,0,0,0,0,1437,1.53501,0.00144509,1.53896,39,0,29,23,29,0,-2,0,0,1,56,3779,3788,16,138,35,614,35087,34794,108,2,65,98,60464,0,0,0,0,1,60,0,1,16,3815,0,0,0,0,0,0,0,0,0,-42,0,0,0
2442.69,0,0,0,0,0,1437,1.53508,0.00144208,1.53871,39,0,29,23,29,0,-2,0,0,1,56,3779,3788,15,138,35,614,35087,34794,108,2,65,98,56685,0,0,0,0,1,82,2,0,18,3824,0,0,0,0,0,0,0,0,0,-43,0,0,0
2442.7,0,0,0,0,0,1437,1.53515,0.00143907,1.53846,39,0,29,23,29,0,-2,0,0,1,57,3779,3788,14,138,35,614,35083,34793,108,2,65,98,52906,0,0,0,0,1,82,2,0,18,3829,0,0,0,0,0,0,0,0,0,-44,0,0,0
2442.71,0,0,0,0,0,1435,1.53467,0.00143394,1.53848,39,0,29,23,29,0,-2,0,0,1,57,3779,3788,14,138,35,614,35083,34793,108,2,65,98,52906,0,0,0,0,1,17,38,0,16,3829,0,0,0,0,0,0,0,0,0,-44,0,0,0
2442.72,0,0,0,0,0,1435,1.53419,0.00142881,1.5385,39,0,29,23,29,0,-2,0,0,1,57,3780,3788,10,138,35,614,35083,34793,108,2,65,98,37800,0,0,0,0,1,0,82,0,16,3839,0,0,0,0,0,0,0,0,0,-49,0,0,0
2442.73,0,0,0,0,0,1432,1.53371,0.00142369,1.53851,39,0,29,23,29,0,-2,0,0,1,57,3780,3788,12,138,35,614,35083,34793,108,2,65,98,45360,0,0,0,0,1,0,24,24,16,3841,0,0,0,0,0,0,0,0,0,-50,0,0,0
2442.74,0,0,0,0,0,1426,1.53323,0.00141856,1.53853,39,0,29,23,29,0,-2,0,0,1,57,3780,3788,12,138,35,614,35083,34793,108,2,65,98,45360,0,0,0,0,1,0,0,79,13,3837,0,0,0,0,0,0,0,0,0,-35,0,0,0
2442.75,0,0,0,0,0,1422,1.53275,0.00141343,1.53855,39,0,29,23,29,0,-2,0,0,1,57,3780,3788,12,138,35,614,35083,34793,108,2,65,98,45360,0,0,0,0,1,0,0,64,15,3839,0,0,0,0,0,0,0,0,0,-39,0,0,0
2442.76,0,0,0,0,0,1422,1.53227,0.00140831,1.53856,39,0,29,23,29,0,-2,0,0,1,57,3781,3788,14,138,35,614,35083,34793,108,2,65,98,52934,0,0,0,0,1,0,0,64,15,3829,0,0,0,0,0,0,0,0,0,-35,0,0,0
2442.77,0,0,0,0,0,1415,1.53179,0.00140318,1.53858,39,0,29,23,29,0,-2,0,0,1,57,3780,3788,14,138,35,614,35083,34793,108,2,65,98,52920,0,0,0,0,1,58,0,0,14,3829,0,0,0,0,0,0,0,0,0,-35,0,0,0
2442.78,0,0,0,0,0,1410,1.53131,0.00139805,1.5386,39,0,29,23,29,0,-2,0,0,1,57,3780,3788,14,138,35,614,35083,34793,108,2,65,98,52920,0,0,0,0,1,46,16,0,16,3824,0,0,0,0,0,0,0,0,0,-54,0,0,0
2442.79,0,0,0,0,0,1402,1.53083,0.00139292,1.53862,39,0,29,23,29,0,-2,0,0,1,57,3780,3788,14,138,35,614,35083,34793,108,2,65,98,52920,0,0,0,0,1,0,49,0,16,3854,0,0,0,0,0,0,0,0,0,-27,0,0,0
2442.8,0,0,0,0,0,1397,1.53035,0.0013878,1.53863,39,0,29,23,29,0,-2,0,0,1,57,3780,3789,15,138,35,614,35089,34802,108,2,82,98,56700,0,0,0,0,1,0,61,36,15,3831,0,0,0,0,0,0,0,0,0,-49,0,0,0
2442.81,0,0,0,0,0,1392,1.53072,0.00139439,1.53867,39,0,29,23,29,0,-2,0,0,1,57,3780,3789,15,138,35,614,35089,34802,108,2,82,98,56700,0,0,0,0,1,0,0,83,18,3835,0,0,0,0,0,0,0,0,0,-61,0,0,0
2442.82,0,0,0,0,0,1392,1.53109,0.00140098,1.5387,39,0,29,23,29,0,-2,0,0,1,57,3780,3789,15,138,35,614,35089,34802,108,2,82,98,56700,0,0,0,0,1,0,0,83,18,3820,0,0,0,0,0,0,0,0,0,-45,0,0,0
2442.83,0,0,0,0,0,1385,1.53146,0.00140757,1.53873,39,0,29,23,29,0,-2,0,0,1,57,3780,3789,15,138,35,614,35089,34802,108,2,82,98,56700,0,0,0,0,1,64,0,0,17,3820,0,0,0,0,0,0,0,0,0,-45,0,0,0
2442.84,0,0,0,0,0,1385,1.53183,0.00141416,1.53876,39,0,29,23,29,0,-2,0,0,1,57,3780,3789,15,138,35,614,35089,34802,108,2,82,98,56700,0,0,0,0,1,50,32,0,17,3835,0,0,0,0,0,0,0,0,0,-49,0,0,0
2442.85,0,0,0,0,0,1382,1.5322,0.00142075,1.53879,39,0,29,23,29,0,-2,0,0,1,57,3780,3789,15,138,35,614,35089,34802,108,2,82,98,56700,0,0,0,0,1,0,67,0,19,3829,0,0,0,0,0,0,0,0,0,-48,0,0,0
2442.86,0,0,0,0,0,1375,1.53257,0.00142734,1.53882,39,0,29,23,29,0,-2,0,0,1,57,3780,3789,15,138,35,614,35089,34802,108,2,82,98,56700,0,0,0,0,1,0,0,95,16,3837,0,0,0,0,0,0,0,0,0,-38,0,0,0
2442.87,0,0,0,0,0,1372,1.53294,0.00143393,1.53886,39,0,29,23,29,0,-2,0,0,1,57,3780,3789,15,138,35,614,35089,34802,108,2,82,98,56700,0,0,0,0,1,60,0,11,18,3824,0,0,0,0,0,0,0,0,0,-42,0,0,0
2442.88,0,0,0,0,0,1372,1.53331,0.00144052,1.53889,39,0,29,23,29,0,-2,0,0,1,57,3780,3789,14,138,35,614,35089,34802,108,2,82,98,52920,0,0,0,0,1,60,0,11,18,3826,0,0,0,0,0,0,0,0,0,-41,0,0,0
2442.89,0,0,0,0,0,1369,1.53368,0.00144711,1.53892,39,0,29,23,29,0,-2,0,0,1,57,3780,3789,14,138,35,614,35089,34802,108,2,82,98,52920,0,0,0,0,1,42,35,0,18,3826,0,0,0,0,0,0,0,0,0,-41,0,0,0
2442.9,0,0,0,0,0,1367,1.53406,0.0014537,1.53895,39,0,29,23,29,0,-2,0,0,1,57,3780,3789,14,138,35,614,35086,34796,108,2,65,98,52920,0,0,0,0,1,0,69,27,16,3835,0,0,0,0,0,0,0,0,0,-46,0,0,0
2442.91,0,0,0,0,0,1364,1.53368,0.00146148,1.53867,39,0,29,23,29,0,-2,0,0,1,57,3780,3789,14,138,35,614,35086,34796,108,2,65,98,52920,0,0,0,0,1,0,0,85,18,3833,0,0,0,0,0,0,0,0,0,-59,0,0,0
2442.92,0,0,0,0,0,1361,1.53331,0.00146926,1.53838,39,0,29,23,29,0,-2,0,0,1,57,3780,3789,14,138,35,614,35086,34796,108,2,65,98,52920,0,0,0,0,1,87,0,0,16,3822,0,0,0,0,0,0,0,0,0,-43,0,0,0
2442.93,0,0,0,0,0,1361,1.53294,0.00147705,1.53809,39,0,29,23,29,0,-2,0,0,1,57,3780,3789,14,138,35,614,35086,34796,108,2,65,98,52920,0,0,0,0,1,0,67,0,16,3841,0,0,0,0,0,0,0,0,0,-39,0,0,0
2442.94,0,0,0,0,0,1361,1.53257,0.00148483,1.53781,39,0,29,23,29,0,-2,0,0,1,57,3780,3789,14,138,35,614,35086,34796,108,2,65,98,52920,0,0,0,0,1,0,67,0,16,3837,0,0,0,0,0,0,0,0,0,-51,0,0,0
2442.95,0,0,0,0,0,1358,1.5322,0.00149261,1.53752,39,0,29,23,29,0,-2,0,0,1,57,3780,3789,14,138,35,614,35086,34796,108,2,65,98,52920,0,0,0,0,1,0,16,42,16,3837,0,0,0,0,0,0,0,0,0,-51,0,0,0
2442.96,0,0,0,0,0,1345,1.53183,0.0015004,1.53723,39,0,29,23,29,0,-2,0,0,1,57,3780,3789,15,138,35,614,35086,34796,108,2,65,98,56700,0,0,0,0,1,24,0,68,16,3820,0,0,0,0,0,0,0,0,0,-44,0,0,0
2442.97,0,0,0,0,0,1338,1.53146,0.00150818,1.53695,39,0,29,23,29,0,-2,0,0,1,57,3780,3789,16,138,35,614,35086,34796,108,2,65,98,60480,0,0,0,0,1,50,32,0,17,3817,0,0,0,0,0,0,0,0,0,-58,0,0,0
2442.98,0,0,0,0,0,1331,1.53109,0.00151596,1.53666,39,0,29,23,29,0,-2,0,0,1,57,3780,3789,16,138,35,614,35086,34796,108,2,65,98,60480,0,0,0,0,1,0,46,24,19,3841,0,0,0,0,0,0,0,0,0,-54,0,0,0
2442.99,0,0,0,0,0,1323,1.53072,0.00152375,1.53637,39,0,29,23,29,0,-2,0,0,1,57,3780,3789,16,138,35,614,35086,34796,108,2,65,98,60480,0,0,0,0,1,42,0,46,17,3824,0,0,0,0,0,0,0,0,0,-45,0,0,0
2443,0,0,0,0,0,1323,1.53035,0.00153153,1.53609,39,0,29,23,29,0,-2,0,0,1,57,3780,3789,16,138,35,614,35088,34802,108,2,82,98,60480,0,0,0,0,1,24,35,0,17,3831,0,0,0,0,0,0,0,0,0,-35,0,0,0
2443.01,0,0,0,0,0,1323,1.53059,0.00151909,1.53683,39,0,29,23,29,0,-2,0,0,1,57,3780,3789,16,138,35,614,35088,34802,108,2,82,98,60480,0,0,0,0,1,24,35,0,17,3831,0,0,0,0,0,0,0,0,0,-35,0,0,0
2443.02,0,0,0,0,0,1324,1.53083,0.00150664,1.53757,39,0,29,23,29,0,-2,0,0,1,57,3780,3789,15,138,35,614,35088,34802,108,2,82,98,56700,0,0,0,0,1,0,0,60,18,3835,0,0,0,0,0,0,0,0,0,-48,0,0,0
2443.03,0,0,0,0,0,1323,1.53107,0.0014942,1.53831,39,0,29,23,29,0,-2,0,0,1,57,3780,3789,15,138,35,614,35088,34802,108,2,82,98,56700,0,0,0,0,1,73,0,0,16,3824,0,0,0,0,0,0,0,0,0,-41,0,0,0
2443.04,0,0,0,0,0,1323,1.53131,0.00148176,1.53905,39,0,29,23,29,0,-2,0,0,1,57,3780,3789,14,138,35,614,35088,34802,108,2,82,98,52920,0,0,0,0,1,0,75,0,14,3833,0,0,0,0,0,0,0,0,0,-43,0,0,0
2443.05,0,0,0,0,0,1321,1.53155,0.00146932,1.53979,39,0,29,23,29,0,-2,0,0,1,57,3780,3789,14,138,35,614,35088,34802,108,2,82,98,52920,0,0,0,0,1,0,0,54,16,3835,0,0,0,0,0,0,0,0,0,-66,0,0,0
2443.06,0,0,0,0,0,1321,1.53179,0.00145687,1.54053,39,0,29,23,29,0,-2,0,0,1,57,3780,3789,14,138,35,614,35088,34802,108,2,82,98,52920,0,0,0,0,1,73,0,0,13,3822,0,0,0,0,0,0,0,0,0,-43,0,0,0
2443.07,0,0,0,0,0,1316,1.53203,0.00144443,1.54127,39,0,29,23,29,0,-2,0,0,1,57,3780,3789,14,138,35,614,35088,34802,108,2,82,98,52920,0,0,0,0,1,73,0,0,13,3822,0,0,0,0,0,0,0,0,0,-43,0,0,0
2443.08,0,0,0,0,0,1314,1.53227,0.00143199,1.54201,39,0,29,23,29,0,-2,0,0,1,57,3781,3789,14,138,35,614,35088,34802,108,2,82,98,52934,0,0,0,0,1,0,84,0,13,3839,0,0,0,0,0,0,0,0,0,-47,0,0,0
2443.09,0,0,0,0,0,1306,1.53251,0.00141955,1.54275,39,0,29,23,29,0,-2,0,0,1,57,3781,3789,15,138,35,614,35088,34802,108,2,82,98,56715,0,0,0,0,1,0,0,71,15,3835,0,0,0,0,0,0,0,0,0,-43,0,0,0
2443.1,0,0,0,0,0,1297,1.53275,0.0014071,1.54349,39,0,29,23,29,0,-2,0,0,1,57,3781,3789,15,138,35,614,35090,34805,108,2,66,98,56715,0,0,0,0,1,54,26,0,16,3826,0,0,0,0,0,0,0,0,0,-47,0,0,0
2443.11,0,0,0,0,0,1292,1.53255,0.00141697,1.54284,39,0,29,23,29,0,-2,0,0,1,57,3781,3789,15,138,35,614,35090,34805,108,2,66,98,56715,0,0,0,0,1,0,8,62,15,3833,0,0,0,0,0,0,0,0,0,-41,0,0,0
2443.12,0,0,0,0,0,1292,1.53235,0.00142684,1.5422,39,0,29,23,29,0,-2,0,0,1,57,3780,3789,16,138,35,614,35090,34805,108,2,66,98,60480,0,0,0,0,1,0,8,62,15,3826,0,0,0,0,0,0,0,0,0,-45,0,0,0
2443.13,0,0,0,0,0,1288,1.53215,0.00143671,1.54156,39,0,29,23,29,0,-2,0,0,1,57,3780,3789,16,138,35,614,35090,34805,108,2,66,98,60480,0,0,0,0,1,77,0,0,18,3826,0,0,0,0,0,0,0,0,0,-45,0,0,0
2443.14,0,0,0,0,0,1282,1.53195,0.00144658,1.54091,39,0,29,23,29,0,-2,0,0,1,57,3780,3789,16,138,35,614,35090,34805,108,2,66,98,60480,0,0,0,0,1,0,82,0,19,3843,0,0,0,0,0,0,0,0,0,-48,0,0,0
2443.15,0,0,0,0,0,1277,1.53175,0.00145645,1.54027,39,0,29,23,29,0,-2,0,0,1,57,3780,3789,16,138,35,614,35090,34805,108,2,66,98,60480,0,0,0,0,1,44,0,48,17,3826,0,0,0,0,0,0,0,0,0,-45,0,0,0
2443.16,0,0,0,0,0,1280,1.53155,0.00146631,1.53962,39,0,29,23,29,0,-2,0,0,1,57,3780,3789,16,138,35,614,35090,34805,108,2,66,98,60480,0,0,0,0,1,0,76,0,17,3837,0,0,0,0,0,0,0,0,0,-57,0,0,0
2443.17,0,0,0,0,0,1278,1.53135,0.00147618,1.53898,39,0,29,23,29,0,-2,0,0,1,57,3780,3789,16,138,35,614,35090,34805,108,2,66,98,60480,0,0,0,0,1,0,0,54,16,3839,0,0,0,0,0,0,0,0,0,-51,0,0,0
2443.18,0,0,0,0,0,1278,1.53115,0.00148605,1.53834,39,0,29,23,29,0,-2,0,0,1,57,3780,3789,16,138,35,614,35090,34805,108,2,66,98,60480,0,0,0,0,1,0,0,54,16,3837,0,0,0,0,0,0,0,0,0,-34,0,0,0
2443.19,0,0,0,0,0,1273,1.53095,0.00149592,1.53769,39,0,29,23,29,0,-2,0,0,1,57,3780,3789,16,138,35,614,35090,34805,108,2,66,98,60480,0,0,0,0,1,13,32,0,16,3837,0,0,0,0,0,0,0,0,0,-34,0,0,0
2443.2,0,0,0,0,0,1267,1.53075,0.00150579,1.53705,39,0,29,23,29,0,-2,0,0,1,57,3780,3790,16,138,35,614,35088,34804,108,2,66,98,60480,0,0,0,0,1,0,0,93,16,3841,0,0,0,0,0,0,0,0,0,-37,0,0,0
2443.21,0,0,0,0,0,1263,1.5307,0.00150097,1.53688,39,0,29,23,29,0,-2,0,0,1,57,3780,3790,16,138,35,614,35088,34804,108,2,66,98,60480,0,0,0,0,1,62,30,0,17,3831,0,0,0,0,0,0,0,0,0,-48,0,0,0
2443.22,0,0,0,0,0,1256,1.53066,0.00149615,1.53672,39,0,29,23,29,0,-2,0,0,1,57,3780,3790,16,138,35,614,35088,34804,108,2,66,98,60480,0,0,0,0,1,0,0,76,19,3837,0,0,0,0,0,0,0,0,0,-62,0,0,0
2443.23,0,0,0,0,0,1251,1.53061,0.00149132,1.53656,39,0,29,23,29,0,-2,0,0,1,57,3780,3790,16,138,35,614,35088,34804,108,2,66,98,60480,0,0,0,0,1,60,22,0,19,3826,0,0,0,0,0,0,0,0,0,-52,0,0,0
2443.24,0,0,0,0,0,1251,1.53057,0.0014865,1.53639,39,0,29,23,29,0,-2,0,0,1,57,3780,3790,15,138,35,614,35088,34804,108,2,66,98,56700,0,0,0,0,1,60,22,0,19,3837,0,0,0,0,0,0,0,0,0,-29,0,0,0
2443.25,0,0,0,0,0,1251,1.53052,0.00148168,1.53623,39,0,29,23,29,0,-2,0,0,1,57,3781,3790,15,138,35,614,35088,34804,108,2,66,98,56715,0,0,0,0,1,0,0,105,16,3837,0,0,0,0,0,0,0,0,0,-29,0,0,0
2443.26,0,0,0,0,0,1253,1.53048,0.00147686,1.53606,39,0,29,23,29,0,-2,0,0,1,57,3781,3790,14,138,35,614,35088,34804,108,2,66,98,52934,0,0,0,0,1,60,41,0,17,3826,0,0,0,0,0,0,0,0,0,-34,0,0,0
2443.27,0,0,0,0,0,1250,1.53043,0.00147204,1.5359,39,0,29,23,29,0,-2,0,0,1,57,3781,3790,14,138,35,614,35088,34804,108,2,66,98,52934,0,0,0,0,1,0,0,65,17,3835,0,0,0,0,0,0,0,0,0,-59,0,0,0
2443.28,0,0,0,0,0,1243,1.53038,0.00146722,1.53574,39,0,29,23,29,0,-2,0,0,1,57,3781,3790,15,138,35,614,35088,34804,108,2,66,98,56715,0,0,0,0,1,30,14,0,16,3826,0,0,0,0,0,0,0,0,0,-40,0,0,0
2443.29,0,0,0,0,0,1239,1.53034,0.0014624,1.53557,39,0,29,23,29,0,-2,0,0,1,57,3781,3790,16,138,35,614,35088,34804,108,2,66,98,60496,0,0,0,0,1,0,0,99,16,3833,0,0,0,0,0,0,0,0,0,-33,0,0,0
2443.3,0,0,0,0,0,1239,1.53029,0.00145757,1.53541,39,0,29,23,30,0,-2,0,0,1,57,3781,3790,16,138,35,614,35095,34812,108,2,82,98,60496,0,0,0,0,1,0,0,99,16,3820,0,0,0,0,0,0,0,0,0,-54,0,0,0
2443.31,0,0,0,0,0,1237,1.53048,0.00146767,1.53556,39,0,29,23,30,0,-2,0,0,1,57,3781,3790,16,138,35,614,35095,34812,108,2,82,98,60496,0,0,0,0,1,36,30,0,16,3820,0,0,0,0,0,0,0,0,0,-54,0,0,0
2443.32,0,0,0,0,0,1233,1.53067,0.00147776,1.53571,39,0,29,23,30,0,-2,0,0,1,57,3780,3790,16,138,35,614,35095,34812,108,2,82,98,60480,0,0,0,0,1,0,0,99,17,3839,0,0,0,0,0,0,0,0,0,-53,0,0,0
2443.33,0,0,0,0,0,1225,1.53086,0.00148785,1.53585,39,0,29,23,30,0,-2,0,0,1,57,3780,3790,15,138,35,614,35095,34812,108,2,82,98,56700,0,0,0,0,1,1,55,0,19,3831,0,0,0,0,0,0,0,0,0,-38,0,0,0
2443.34,0,0,0,0,0,1219,1.53105,0.00149794,1.536,39,0,29,23,30,0,-2,0,0,1,57,3780,3790,15,138,35,614,35095,34812,108,2,82,98,56700,0,0,0,0,1,38,0,93,18,3831,0,0,0,0,0,0,0,0,0,-37,0,0,0
2443.35,0,0,0,0,0,1218,1.53124,0.00150803,1.53615,39,0,29,23,30,0,-2,0,0,1,57,3780,3790,15,138,35,614,35095,34812,108,2,82,98,56700,0,0,0,0,1,0,134,0,19,3843,0,0,0,0,0,0,0,0,0,-63,0,0,0
2443.36,0,0,0,0,0,1218,1.53142,0.00151812,1.5363,39,0,29,23,30,0,-2,0,0,1,57,3781,3790,14,138,35,614,35095,34812,108,2,82,98,52934,0,0,0,0,1,0,134,0,19,3822,0,0,0,0,0,0,0,0,0,-49,0,0,0
2443.37,0,0,0,0,0,1215,1.53161,0.00152821,1.53645,39,0,29,23,30,0,-2,0,0,1,57,3781,3790,14,138,35,614,35095,34812,108,2,82,98,52934,0,0,0,0,1,79,0,0,19,3822,0,0,0,0,0,0,0,0,0,-49,0,0,0
2443.38,0,0,0,0,0,1209,1.5318,0.0015383,1.5366,39,0,29,23,30,0,-2,0,0,1,57,3781,3790,14,138,35,614,35095,34812,108,2,82,98,52934,0,0,0,0,1,0,52,48,22,3835,0,0,0,0,0,0,0,0,0,-63,0,0,0
2443.39,0,0,0,0,0,1204,1.53199,0.00154839,1.53675,39,0,29,23,30,0,-2,0,0,1,57,3781,3790,14,138,35,614,35095,34812,108,2,82,98,52934,0,0,0,0,1,64,6,0,20,3820,0,0,0,0,0,0,0,0,0,-47,0,0,0
2443.4,0,0,0,0,0,1205,1.53218,0.00155849,1.5369,39,0,29,23,29,0,-2,0,0,1,57,3781,3790,14,138,35,614,35098,34818,108,2,82,98,52934,0,0,0,0,1,0,0,112,17,3831,0,0,0,0,0,0,0,0,0,-45,0,0,0
2443.41,0,0,0,0,0,1207,1.53202,0.00156982,1.53711,39,0,29,23,29,0,-2,0,0,1,57,3782,3790,14,138,35,614,35098,34818,108,2,82,98,52948,0,0,0,0,1,0,90,0,17,3839,0,0,0,0,0,0,0,0,0,-51,0,0,0
2443.42,0,0,0,0,0,1207,1.53187,0.00158115,1.53731,39,0,29,23,29,0,-2,0,0,1,57,3782,3790,15,138,35,614,35098,34818,108,2,82,98,56730,0,0,0,0,1,0,90,0,17,3829,0,0,0,0,0,0,0,0,0,-43,0,0,0
2443.43,0,0,0,0,0,1203,1.53172,0.00159249,1.53752,39,0,29,23,29,0,-2,0,0,1,57,3782,3790,15,138,35,614,35098,34818,108,2,82,98,56730,0,0,0,0,1,64,0,29,16,3829,0,0,0,0,0,0,0,0,0,-43,0,0,0
2443.44,0,0,0,0,0,1202,1.53156,0.00160382,1.53773,39,0,29,23,29,0,-2,0,0,1,57,3781,3790,16,138,35,614,35098,34818,108,2,82,98,60496,0,0,0,0,1,0,26,21,18,3846,0,0,0,0,0,0,0,0,0,-56,0,0,0
2443.45,0,0,0,0,0,1198,1.53141,0.00161516,1.53794,39,0,29,23,29,0,-2,0,0,1,57,3781,3790,16,138,35,614,35098,34818,108,2,82,98,60496,0,0,0,0,1,58,24,0,15,3829,0,0,0,0,0,0,0,0,0,-38,0,0,0
2443.46,0,0,0,0,0,1192,1.53126,0.00162649,1.53815,39,0,29,23,29,0,-2,0,0,1,57,3781,3790,17,138,35,614,35098,34818,108,2,82,98,64277,0,0,0,0,1,0,0,95,15,3837,0,0,0,0,0,0,0,0,0,-49,0,0,0
2443.47,0,0,0,0,0,1184,1.5311,0.00163783,1.53836,39,0,29,23,29,0,-2,0,0,1,57,3781,3790,17,138,35,614,35098,34818,108,2,82,98,64277,0,0,0,0,1,0,93,0,17,3833,0,0,0,0,0,0,0,0,0,-54,0,0,0
2443.48,0,0,0,0,0,1184,1.53095,0.00164916,1.53856,39,0,29,23,29,0,-2,0,0,1,57,3781,3790,15,138,35,614,35098,34818,108,2,82,98,56715,0,0,0,0,1,97,0,0,20,3824,0,0,0,0,0,0,0,0,0,-56,0,0,0
2443.49,0,0,0,0,0,1178,1.53079,0.0016605,1.53877,39,0,29,23,29,0,-2,0,0,1,57,3781,3790,15,138,35,614,35098,34818,108,2,82,98,56715,0,0,0,0,1,97,0,0,20,3824,0,0,0,0,0,0,0,0,0,-56,0,0,0
2443.5,0,0,0,0,0,1179,1.53064,0.00167183,1.53898,39,0,29,23,30,0,-2,0,0,1,57,3781,3790,15,138,35,614,35093,34814,108,2,82,98,56715,0,0,0,0,1,0,0,73,19,3835,0,0,0,0,0,0,0,0,0,-64,0,0,0
2443.51,0,0,0,0,0,1178,1.53092,0.00166655,1.539,39,0,29,23,30,0,-2,0,0,1,57,3781,3790,15,138,35,614,35093,34814,108,2,82,98,56715,0,0,0,0,1,0,69,0,17,3835,0,0,0,0,0,0,0,0,0,-40,0,0,0
2443.52,0,0,0,0,0,1169,1.5312,0.00166127,1.53901,39,0,29,23,30,0,-2,0,0,1,57,3781,3790,16,138,35,614,35093,34814,108,2,82,98,60496,0,0,0,0,1,93,0,0,16,3829,0,0,0,0,0,0,0,0,0,-43,0,0,0
2443.53,0,0,0,0,0,1162,1.53147,0.00165598,1.53903,39,0,29,23,30,0,-2,0,0,1,57,3781,3790,16,138,35,614,35093,34814,108,2,82,98,60496,0,0,0,0,1,0,24,89,19,3837,0,0,0,0,0,0,0,0,0,-60,0,0,0
2443.54,0,0,0,0,0,1162,1.53175,0.0016507,1.53904,39,0,29,23,30,0,-2,0,0,1,57,3781,3790,16,138,35,614,35093,34814,108,2,82,98,60496,0,0,0,0,1,0,24,89,19,3837,0,0,0,0,0,0,0,0,0,-76,0,0,0
2443.55,0,0,0,0,0,1163,1.53203,0.00164542,1.53906,39,0,29,23,30,0,-2,0,0,1,57,3781,3790,16,138,35,614,35093,34814,108,2,82,98,60496,0,0,0,0,1,44,88,0,21,3837,0,0,0,0,0,0,0,0,0,-76,0,0,0
2443.56,0,0,0,0,0,1164,1.53231,0.00164014,1.53907,39,0,29,23,30,0,-2,0,0,1,57,3781,3790,16,138,35,614,35093,34814,108,2,82,98,60496,0,0,0,0,1,77,0,0,17,3826,0,0,0,0,0,0,0,0,0,-46,0,0,0
2443.57,0,0,0,0,0,1162,1.53259,0.00163486,1.53908,39,0,29,23,30,0,-2,0,0,1,57,3781,3790,15,138,35,614,35093,34814,108,2,82,98,56715,0,0,0,0,1,0,0,89,18,3837,0,0,0,0,0,0,0,0,0,-48,0,0,0
2443.58,0,0,0,0,0,1156,1.53286,0.00162957,1.5391,39,0,29,23,30,0,-2,0,0,1,57,3781,3790,15,138,35,614,35093,34814,108,2,82,98,56715,0,0,0,0,1,0,93,0,17,3835,0,0,0,0,0,0,0,0,0,-54,0,0,0
2443.59,0,0,0,0,0,1151,1.53314,0.00162429,1.53911,39,0,29,23,30,0,-2,0,0,1,57,3781,3790,15,138,35,614,35093,34814,108,2,82,98,56715,0,0,0,0,1,85,0,0,16,3833,0,0,0,0,0,0,0,0,0,-49,0,0,0
2443.6,0,0,0,0,0,1151,1.53342,0.00161901,1.53913,39,0,29,23,29,0,-2,0,0,1,57,3781,3791,15,138,35,614,35097,34822,108,2,20,98,56715,0,0,0,0,1,0,0,106,16,3833,0,0,0,0,0,0,0,0,0,-52,0,0,0
2443.61,0,0,0,0,0,1148,1.53322,0.00162168,1.53882,39,0,29,23,29,0,-2,0,0,1,57,3781,3791,15,138,35,614,35097,34822,108,2,20,98,56715,0,0,0,0,1,0,0,106,16,3833,0,0,0,0,0,0,0,0,0,-52,0,0,0
2443.62,0,0,0,0,0,1145,1.53302,0.00162436,1.53851,39,0,29,23,29,0,-2,0,0,1,57,3781,3791,15,138,35,614,35097,34822,108,2,20,98,56715,0,0,0,0,1,0,108,0,16,3839,0,0,0,0,0,0,0,0,0,-58,0,0,0
2443.63,0,0,0,0,0,1141,1.53283,0.00162704,1.5382,39,0,29,23,29,0,-2,0,0,1,57,3781,3791,15,138,35,614,35097,34822,108,2,20,98,56715,0,0,0,0,1,79,30,0,19,3839,0,0,0,0,0,0,0,0,0,-66,0,0,0
2443.64,0,0,0,0,0,1139,1.53263,0.00162971,1.53789,39,0,29,23,29,0,-2,0,0,1,57,3781,3791,16,138,35,614,35097,34822,108,2,20,98,60496,0,0,0,0,1,27,0,38,19,3835,0,0,0,0,0,0,0,0,0,-56,0,0,0
2443.65,0,0,0,0,0,1137,1.53243,0.00163239,1.53758,39,0,29,23,29,0,-2,0,0,1,57,3781,3791,18,138,35,614,35097,34822,108,2,20,98,68058,0,0,0,0,1,0,18,65,19,3839,0,0,0,0,0,0,0,0,0,-61,0,0,0
2443.66,0,0,0,0,0,1137,1.53223,0.00163506,1.53727,39,0,29,23,29,0,-2,0,0,1,57,3781,3791,17,138,35,614,35097,34822,108,2,20,98,64277,0,0,0,0,1,0,18,65,19,3841,0,0,0,0,0,0,0,0,0,-55,0,0,0
2443.67,0,0,0,0,0,1133,1.53203,0.00163774,1.53697,39,0,29,23,29,0,-2,0,0,1,57,3781,3791,17,138,35,614,35097,34822,108,2,20,98,64277,0,0,0,0,1,0,82,0,18,3841,0,0,0,0,0,0,0,0,0,-55,0,0,0
2443.68,0,0,0,0,0,1126,1.53184,0.00164041,1.53666,39,0,29,23,29,0,-2,0,0,1,57,3781,3791,17,138,35,614,35097,34822,108,2,20,98,64277,0,0,0,0,1,97,0,0,17,3835,0,0,0,0,0,0,0,0,0,-66,0,0,0
2443.69,0,0,0,0,0,1123,1.53164,0.00164309,1.53635,39,0,29,23,29,0,-2,0,0,1,57,3781,3791,18,138,35,614,35097,34822,108,2,20,98,68058,0,0,0,0,1,21,0,82,18,3833,0,0,0,0,0,0,0,0,0,-42,0,0,0
2443.7,0,0,0,0,0,1123,1.53144,0.00164576,1.53604,39,0,29,23,30,0,-2,0,0,1,57,3781,3791,18,138,35,614,35091,34812,108,2,20,98,68058,0,0,0,0,1,0,46,68,17,3837,0,0,0,0,0,0,0,0,0,-55,0,0,0
2443.71,0,0,0,0,0,1121,1.53148,0.0016906,1.536,39,0,29,23,30,0,-2,0,0,1,57,3781,3791,18,138,35,614,35091,34812,108,2,20,98,68058,0,0,0,0,1,0,98,0,17,3841,0,0,0,0,0,0,0,0,0,-58,0,0,0
2443.72,0,0,0,0,0,1121,1.53153,0.00173544,1.53595,39,0,29,23,30,0,-2,0,0,1,57,3781,3791,16,138,35,614,35091,34812,108,2,20,98,60496,0,0,0,0,1,0,98,0,17,3822,0,0,0,0,0,0,0,0,0,-71,0,0,0
2443.73,0,0,0,0,0,1114,1.53157,0.00178028,1.53591,39,0,29,23,30,0,-2,0,0,1,57,3781,3791,15,138,35,614,35091,34812,108,2,20,98,56715,0,0,0,0,1,112,0,0,21,3822,0,0,0,0,0,0,0,0,0,-71,0,0,0
2443.74,0,0,0,0,0,1107,1.53162,0.00182512,1.53587,39,0,29,23,30,0,-2,0,0,1,57,3781,3791,15,138,35,614,35091,34812,108,2,20,98,56715,0,0,0,0,1,85,0,52,27,3824,0,0,0,0,0,0,0,0,0,-81,0,0,0
2443.75,0,0,0,0,0,1105,1.53166,0.00186996,1.53582,39,0,29,23,30,0,-2,0,0,1,57,3781,3791,15,138,35,614,35091,34812,108,2,20,98,56715,0,0,0,0,1,0,0,112,24,3843,0,0,0,0,0,0,0,0,0,-66,0,0,0
2443.76,0,0,0,0,0,1102,1.53171,0.0019148,1.53578,39,0,29,23,30,0,-2,0,0,1,57,3782,3791,15,138,35,614,35091,34812,108,2,20,98,56730,0,0,0,0,1,0,90,1,24,3829,0,0,0,0,0,0,0,0,0,-70,0,0,0
2443.77,0,0,0,0,0,1097,1.53175,0.00195964,1.53574,39,0,29,23,30,0,-2,0,0,1,57,3782,3791,14,138,35,614,35091,34812,108,2,20,98,52948,0,0,0,0,1,0,88,0,22,3835,0,0,0,0,0,0,0,0,0,-62,0,0,0
2443.78,0,0,0,0,0,1097,1.5318,0.00200448,1.5357,39,0,29,23,30,0,-2,0,0,1,57,3782,3791,14,138,35,614,35091,34812,108,2,20,98,52948,0,0,0,0,1,0,88,0,22,3820,0,0,0,0,0,0,0,0,0,-83,0,0,0
2443.79,0,0,0,0,0,1090,1.53184,0.00204932,1.53565,39,0,29,23,30,0,-2,0,0,1,57,3782,3791,14,138,35,614,35091,34812,108,2,20,98,52948,0,0,0,0,1,140,0,0,24,3820,0,0,0,0,0,0,0,0,0,-83,0,0,0
2443.8,0,0,0,0,0,1086,1.53189,0.00209416,1.53561,39,0,29,23,29,0,-2,0,0,1,57,3782,3791,18,138,35,614,35101,34827,108,2,82,98,68076,0,0,0,0,1,87,0,54,24,3826,0,0,0,0,0,0,0,0,0,-65,0,0,0
2443.81,0,0,0,0,0,1085,1.53178,0.00204977,1.53563,39,0,29,23,29,0,-2,0,0,1,57,3782,3791,16,138,35,614,35101,34827,108,2,82,98,60512,0,0,0,0,1,0,0,118,19,3831,0,0,0,0,0,0,0,0,0,-55,0,0,0
2443.82,0,0,0,0,0,1082,1.53166,0.00200539,1.53566,39,0,29,23,29,0,-2,0,0,1,57,3782,3791,15,138,35,614,35101,34827,108,2,82,98,56730,0,0,0,0,1,0,52,97,19,3837,0,0,0,0,0,0,0,0,0,-63,0,0,0
2443.83,0,0,0,0,0,1080,1.53155,0.00196101,1.53568,39,0,29,23,29,0,-2,0,0,1,57,3782,3791,15,138,35,614,35101,34827,108,2,82,98,56730,0,0,0,0,1,0,135,0,21,3835,0,0,0,0,0,0,0,0,0,-75,0,0,0
2443.84,0,0,0,0,0,1080,1.53144,0.00191662,1.5357,39,0,29,23,29,0,-2,0,0,1,57,3781,3791,18,138,35,614,35101,34827,108,2,82,98,68058,0,0,0,0,1,0,135,0,21,3831,0,0,0,0,0,0,0,0,0,-61,0,0,0
2443.85,0,0,0,0,0,1078,1.53133,0.00187224,1.53572,39,0,29,23,29,0,-2,0,0,1,57,3782,3791,20,138,35,614,35101,34827,108,2,82,98,75640,0,0,0,0,1,29,73,0,17,3831,0,0,0,0,0,0,0,0,0,-61,0,0,0
2443.86,0,0,0,0,0,1075,1.53122,0.00182785,1.53574,39,0,29,23,29,0,-2,0,0,1,57,3782,3791,18,138,35,614,35101,34827,108,2,82,98,68076,0,0,0,0,1,70,12,0,17,3820,0,0,0,0,0,0,0,0,0,-57,0,0,0
2443.87,0,0,0,0,0,1074,1.53111,0.00178347,1.53576,39,0,29,23,29,0,-2,0,0,1,57,3782,3791,18,138,35,614,35101,34827,108,2,82,98,68076,0,0,0,0,1,77,0,0,16,3829,0,0,0,0,0,0,0,0,0,-43,0,0,0
2443.88,0,0,0,0,0,1072,1.53099,0.00173909,1.53579,39,0,29,23,29,0,-2,0,0,1,57,3780,3791,15,138,35,614,35101,34827,108,2,82,98,56700,0,0,0,0,1,24,0,60,15,3833,0,0,0,0,0,0,0,0,0,-39,0,0,0
2443.89,0,0,0,0,0,1063,1.53088,0.0016947,1.53581,39,0,29,23,29,0,-2,0,0,1,57,3780,3792,15,138,35,614,35101,34827,108,2,82,98,56700,0,0,0,0,1,0,0,83,19,3837,0,0,0,0,0,0,0,0,0,-78,0,0,0
2443.9,0,0,0,0,0,1063,1.53077,0.00165032,1.53583,39,0,29,23,29,0,-2,0,0,1,57,3780,3792,15,138,35,614,35091,34799,108,2,66,98,56700,0,0,0,0,1,0,30,105,30,3835,0,0,0,0,0,0,0,0,0,-107,0,0,0
2443.91,0,0,0,0,0,1055,1.53069,0.00170006,1.53573,39,0,29,23,29,0,-2,0,0,1,57,3780,3792,15,138,35,614,35091,34799,108,2,66,98,56700,0,0,0,0,1,0,30,105,30,3835,0,0,0,0,0,0,0,0,0,-107,0,0,0
2443.92,0,0,0,0,0,1056,1.5306,0.00174981,1.53563,39,0,29,23,29,0,-2,0,0,1,57,3782,3792,16,138,35,614,35091,34799,108,2,66,98,60512,0,0,0,0,1,0,63,9,22,3839,0,0,0,0,0,0,0,0,0,-59,0,0,0
2443.93,0,0,0,0,0,1050,1.53052,0.00179955,1.53553,39,0,29,23,29,0,-2,0,0,1,57,3782,3792,16,138,35,614,35091,34799,108,2,66,98,60512,0,0,0,0,1,0,114,0,21,3837,0,0,0,0,0,0,0,0,0,-67,0,0,0
2443.94,0,0,0,0,0,1043,1.53044,0.0018493,1.53543,39,0,29,23,29,0,-2,0,0,1,57,3782,3792,16,138,35,614,35091,34799,108,2,66,98,60512,0,0,0,0,1,0,116,0,27,3826,0,0,0,0,0,0,0,0,0,-76,0,0,0
2443.95,0,0,0,0,0,1041,1.53036,0.00189904,1.53533,39,0,29,23,29,0,-2,0,0,1,57,3782,3792,16,138,35,614,35091,34799,108,2,66,98,60512,0,0,0,0,1,41,73,0,24,3835,0,0,0,0,0,0,0,0,0,-68,0,0,0
2443.96,0,0,0,0,0,1041,1.53027,0.00194878,1.53523,39,0,29,23,29,0,-2,0,0,1,57,3782,3792,16,138,35,614,35091,34799,108,2,66,98,60512,0,0,0,0,1,97,24,0,23,3831,0,0,0,0,0,0,0,0,0,-67,0,0,0
2443.97,0,0,0,0,0,1035,1.53019,0.00199853,1.53513,39,0,29,23,29,0,-2,0,0,1,57,3782,3792,15,138,35,614,35091,34799,108,2,66,98,56730,0,0,0,0,1,97,24,0,23,3831,0,0,0,0,0,0,0,0,0,-67,0,0,0
2443.98,0,0,0,0,0,1036,1.53011,0.00204827,1.53503,39,0,29,23,29,0,-2,0,0,1,57,3782,3792,15,138,35,614,35091,34799,108,2,66,98,56730,0,0,0,0,1,93,0,0,16,3831,0,0,0,0,0,0,0,0,0,-48,0,0,0
2443.99,0,0,0,0,0,1031,1.53002,0.00209802,1.53493,39,0,29,23,29,0,-2,0,0,1,57,3782,3792,15,138,35,614,35091,34799,108,2,66,98,56730,0,0,0,0,1,82,0,0,16,3831,0,0,0,0,0,0,0,0,0,-46,0,0,0
2444,0,0,0,0,0,1025,1.52994,0.00214776,1.53483,39,0,29,23,30,0,-2,0,0,1,57,3782,3792,17,138,35,614,35100,34821,108,2,82,98,64294,0,0,0,0,1,97,0,13,19,3826,0,0,0,0,0,0,0,0,0,-55,0,0,0
2444.01,0,0,0,0,0,1023,1.53014,0.00213405,1.53485,39,0,29,23,30,0,-2,0,0,1,57,3782,3792,17,138,35,614,35100,34821,108,2,82,98,64294,0,0,0,0,1,76,0,44,19,3824,0,0,0,0,0,0,0,0,0,-55,0,0,0
2444.02,0,0,0,0,0,1023,1.53034,0.00212034,1.53486,39,0,29,23,30,0,-2,0,0,1,57,3782,3792,15,138,35,614,35100,34821,108,2,82,98,56730,0,0,0,0,1,36,0,73,19,3824,0,0,0,0,0,0,0,0,0,-49,0,0,0
2444.03,0,0,0,0,0,1019,1.53053,0.00210663,1.53488,39,0,29,23,30,0,-2,0,0,1,57,3782,3792,15,138,35,614,35100,34821,108,2,82,98,56730,0,0,0,0,1,36,0,73,19,3824,0,0,0,0,0,0,0,0,0,-49,0,0,0
2444.04,0,0,0,0,0,1017,1.53073,0.00209292,1.5349,39,0,29,23,30,0,-2,0,0,1,57,3781,3792,21,138,35,614,35100,34821,108,2,82,98,79401,0,0,0,0,1,13,0,71,18,3829,0,0,0,0,0,0,0,0,0,-51,0,0,0
2444.05,0,0,0,0,0,1013,1.53093,0.0020792,1.53491,39,0,29,23,30,0,-2,0,0,1,57,3781,3792,24,138,35,614,35100,34821,108,2,82,98,90744,0,0,0,0,1,0,0,103,16,3839,0,0,0,0,0,0,0,0,0,-51,0,0,0
2444.06,0,0,0,0,0,1010,1.53113,0.00206549,1.53493,39,0,29,23,30,0,-2,0,0,1,57,3781,3792,21,138,35,614,35100,34821,108,2,82,98,79401,0,0,0,0,1,0,0,123,17,3835,0,0,0,0,0,0,0,0,0,-62,0,0,0
2444.07,0,0,0,0,0,1007,1.53133,0.00205178,1.53495,39,0,29,23,30,0,-2,0,0,1,57,3781,3792,21,138,35,614,35100,34821,108,2,82,98,79401,0,0,0,0,1,0,0,118,16,3837,0,0,0,0,0,0,0,0,0,-58,0,0,0
2444.08,0,0,0,0,0,1007,1.53153,0.00203807,1.53497,39,0,29,23,30,0,-2,0,0,1,57,3781,3792,19,138,35,614,35100,34821,108,2,82,98,71839,0,0,0,0,1,0,0,123,19,3835,0,0,0,0,0,0,0,0,0,-70,0,0,0
2444.09,0,0,0,0,0,1003,1.53172,0.00202436,1.53498,39,0,29,23,30,0,-2,0,0,1,57,3780,3792,22,138,35,614,35100,34821,108,2,82,98,83160,0,0,0,0,1,0,0,123,19,3835,0,0,0,0,0,0,0,0,0,-70,0,0,0
2444.1,0,0,0,0,0,1004,1.53192,0.00201065,1.535,39,0,29,23,29,0,-2,0,0,1,57,3780,3792,23,138,35,614,35083,34795,108,2,82,98,86940,0,0,0,0,1,0,0,111,15,3833,0,0,0,0,0,0,0,0,0,-41,0,0,0
2444.11,0,0,0,0,0,1000,1.53152,0.00201227,1.53494,39,0,29,23,29,0,-2,0,0,1,57,3780,3792,23,138,35,614,35083,34795,108,2,82,98,86940,0,0,0,0,1,0,0,101,13,3839,0,0,0,0,0,0,0,0,0,-43,0,0,0
2444.12,0,0,0,0,0,993,1.53112,0.00201389,1.53488,39,0,29,23,29,0,-2,0,0,1,57,3780,3792,18,138,35,614,35083,34795,108,2,82,98,68040,0,0,0,0,1,0,0,144,19,3833,0,0,0,0,0,0,0,0,0,-74,0,0,0
2444.13,0,0,0,0,0,990,1.53073,0.00201551,1.53482,39,0,29,23,29,0,-2,0,0,1,57,3780,3792,17,138,35,614,35083,34795,108,2,82,98,64260,0,0,0,0,1,0,0,142,22,3837,0,0,0,0,0,0,0,0,0,-76,0,0,0
2444.14,0,0,0,0,0,990,1.53033,0.00201713,1.53476,39,0,29,23,29,0,-2,0,0,1,57,3780,3792,18,138,35,614,35083,34795,108,2,82,98,68040,0,0,0,0,1,0,0,142,22,3837,0,0,0,0,0,0,0,0,0,-64,0,0,0
2444.15,0,0,0,0,0,987,1.52993,0.00201875,1.5347,39,0,29,23,29,0,-2,0,0,1,57,3780,3792,18,138,35,614,35083,34795,108,2,82,98,68040,0,0,0,0,1,0,0,132,19,3837,0,0,0,0,0,0,0,0,0,-64,0,0,0
2444.16,0,0,0,0,0,984,1.52953,0.00202037,1.53463,39,0,29,23,29,0,-2,0,0,1,57,3781,3792,15,138,35,614,35083,34795,108,2,82,98,56715,0,0,0,0,1,9,0,95,16,3843,0,0,0,0,0,0,0,0,0,-46,0,0,0
2444.17,0,0,0,0,0,980,1.52913,0.002022,1.53457,39,0,29,23,29,0,-2,0,0,1,57,3781,3792,16,138,35,614,35083,34795,108,2,82,98,60496,0,0,0,0,1,24,0,73,17,3833,0,0,0,0,0,0,0,0,0,-48,0,0,0
2444.18,0,0,0,0,0,975,1.52873,0.00202362,1.53451,39,0,29,23,29,0,-2,0,0,1,57,3782,3792,15,138,35,614,35083,34795,108,2,82,98,56730,0,0,0,0,1,62,0,58,21,3826,0,0,0,0,0,0,0,0,0,-64,0,0,0
2444.19,0,0,0,0,0,970,1.52833,0.00202524,1.53445,39,0,29,23,29,0,-2,0,0,1,57,3782,3792,15,138,35,614,35083,34795,108,2,82,98,56730,0,0,0,0,1,95,0,27,24,3831,0,0,0,0,0,0,0,0,0,-71,0,0,0
2444.2,0,0,0,0,0,970,1.52794,0.00202686,1.53439,39,0,29,23,29,0,-2,0,0,1,57,3783,3792,15,138,35,614,35102,34830,108,2,20,98,56745,0,0,0,0,1,95,0,27,24,3829,0,0,0,0,0,0,0,0,0,-69,0,0,0
2444.21,0,0,0,0,0,965,1.52857,0.00201355,1.53478,39,0,29,23,29,0,-2,0,0,1,57,3783,3792,22,138,35,614,35102,34830,108,2,20,98,83226,0,0,0,0,1,114,0,0,22,3829,0,0,0,0,0,0,0,0,0,-69,0,0,0
2444.22,0,0,0,0,0,964,1.5292,0.00200025,1.53517,39,0,29,23,29,0,-2,0,0,1,57,3783,3792,26,138,35,614,35102,34830,108,2,20,98,98358,0,0,0,0,1,101,0,0,19,3815,0,0,0,0,0,0,0,0,0,-59,0,0,0
2444.23,0,0,0,0,0,962,1.52984,0.00198694,1.53555,39,0,29,23,29,0,-2,0,0,1,57,3783,3792,26,138,35,614,35102,34830,108,2,20,98,98358,0,0,0,0,1,79,0,0,15,3822,0,0,0,0,0,0,0,0,0,-51,0,0,0
2444.24,0,0,0,0,0,958,1.53047,0.00197363,1.53594,39,0,29,23,29,0,-2,0,0,1,57,3780,3792,18,138,35,614,35102,34830,108,2,20,98,68040,0,0,0,0,1,41,57,0,19,3831,0,0,0,0,0,0,0,0,0,-54,0,0,0
2444.25,0,0,0,0,0,956,1.53111,0.00196033,1.53633,39,0,29,23,29,0,-2,0,0,1,57,3781,3792,23,138,35,614,35102,34830,108,2,20,98,86963,0,0,0,0,1,0,75,0,19,3837,0,0,0,0,0,0,0,0,0,-58,0,0,0
2444.26,0,0,0,0,0,956,1.53174,0.00194702,1.53671,39,0,29,23,29,0,-2,0,0,1,57,3781,3792,26,138,35,614,35102,34830,108,2,20,98,98306,0,0,0,0,1,0,75,0,19,3839,0,0,0,0,0,0,0,0,0,-50,0,0,0
2444.27,0,0,0,0,0,955,1.53237,0.00193371,1.5371,39,0,29,23,29,0,-2,0,0,1,57,3781,3792,26,138,35,614,35102,34830,108,2,20,98,98306,0,0,0,0,1,0,87,0,19,3839,0,0,0,0,0,0,0,0,0,-50,0,0,0
2444.28,0,0,0,0,0,952,1.53301,0.00192041,1.53749,39,0,29,23,29,0,-2,0,0,1,57,3780,3792,21,138,35,614,35102,34830,108,2,20,98,79380,0,0,0,0,1,0,79,0,19,3839,0,0,0,0,0,0,0,0,0,-56,0,0,0
2444.29,0,0,0,0,0,953,1.53364,0.0019071,1.53788,39,0,29,23,29,0,-2,0,0,1,57,3780,3792,14,138,35,614,35102,34830,108,2,20,98,52920,0,0,0,0,1,0,35,52,16,3837,0,0,0,0,0,0,0,0,0,-49,0,0,0
2444.3,0,0,0,0,0,952,1.53428,0.0018938,1.53826,39,0,29,23,29,0,-2,0,0,1,57,3780,3792,15,138,35,614,35080,34803,108,2,20,98,56700,0,0,0,0,1,0,0,71,13,3837,0,0,0,0,0,0,0,0,0,-49,0,0,0
2444.31,0,0,0,0,0,946,1.53404,0.00191946,1.53779,39,0,29,23,29,0,-2,0,0,1,57,3780,3792,15,139,35,614,35080,34803,108,2,20,98,56700,0,0,0,0,1,0,0,134,13,3835,0,0,0,0,0,0,0,0,0,-54,0,0,0
2444.32,0,0,0,0,0,946,1.53381,0.00194512,1.53731,39,0,29,23,29,0,-2,0,0,1,57,3783,3792,20,139,35,614,35080,34803,108,2,20,98,75660,0,0,0,0,1,0,0,134,13,3826,0,0,0,0,0,0,0,0,0,-74,0,0,0
2444.33,0,0,0,0,0,941,1.53358,0.00197078,1.53684,39,0,29,23,29,0,-2,0,0,1,57,3783,3792,19,139,35,614,35080,34803,108,2,20,98,71877,0,0,0,0,1,83,0,41,21,3826,0,0,0,0,0,0,0,0,0,-74,0,0,0
2444.34,0,0,0,0,0,942,1.53334,0.00199644,1.53636,39,0,29,23,29,0,-2,0,0,1,57,3783,3792,18,139,35,614,35080,34803,108,2,20,98,68094,0,0,0,0,1,91,0,0,16,3839,0,0,0,0,0,0,0,0,0,-43,0,0,0
2444.35,0,0,0,0,0,939,1.53311,0.0020221,1.53589,39,0,29,23,29,0,-2,0,0,1,57,3783,3792,18,139,35,614,35080,34803,108,2,20,98,68094,0,0,0,0,1,77,14,0,14,3831,0,0,0,0,0,0,0,0,0,-60,0,0,0
2444.36,0,0,0,0,0,931,1.53288,0.00204777,1.53541,39,0,29,23,29,0,-2,0,0,1,57,3782,3792,16,139,35,614,35080,34803,108,2,20,98,60512,0,0,0,0,1,21,129,0,23,3833,0,0,0,0,0,0,0,0,0,-104,0,0,0
2444.37,0,0,0,0,0,929,1.53264,0.00207343,1.53493,39,0,29,23,29,0,-2,0,0,1,57,3781,3792,17,139,35,614,35080,34803,108,2,20,98,64277,0,0,0,0,1,0,151,0,24,3833,0,0,0,0,0,0,0,0,0,-93,0,0,0
2444.38,0,0,0,0,0,929,1.53241,0.00209909,1.53446,39,0,29,23,29,0,-2,0,0,1,57,3781,3792,18,139,35,614,35080,34803,108,2,20,98,68058,0,0,0,0,1,0,151,0,24,3833,0,0,0,0,0,0,0,0,0,-103,0,0,0
2444.39,0,0,0,0,0,923,1.53218,0.00212475,1.53398,39,0,29,23,29,0,-2,0,0,1,57,3781,3792,18,139,35,614,35080,34803,108,2,20,98,68058,0,0,0,0,1,0,46,138,24,3833,0,0,0,0,0,0,0,0,0,-103,0,0,0
2444.4,0,0,0,0,0,918,1.53194,0.00215041,1.53351,39,0,29,23,30,0,-2,0,0,1,57,3782,3792,19,139,35,614,35103,34820,108,2,65,98,71858,0,0,0,0,1,0,0,183,24,3837,0,0,0,0,0,0,0,0,0,-80,0,0,0
2444.41,0,0,0,0,0,915,1.53207,0.00213765,1.53377,39,0,29,23,30,0,-2,0,0,1,57,3782,3792,15,139,35,614,35103,34820,108,2,65,98,56730,0,0,0,0,1,73,0,38,18,3829,0,0,0,0,0,0,0,0,0,-59,0,0,0
2444.42,0,0,0,0,0,911,1.53219,0.00212488,1.53404,39,0,29,23,30,0,-2,0,0,1,57,3782,3792,13,139,35,614,35103,34820,108,2,65,98,49166,0,0,0,0,1,128,0,0,21,3833,0,0,0,0,0,0,0,0,0,-77,0,0,0
2444.43,0,0,0,0,0,911,1.53232,0.00211211,1.5343,39,0,29,23,30,0,-2,0,0,1,57,3782,3792,13,139,35,614,35103,34820,108,2,65,98,49166,0,0,0,0,1,19,82,0,19,3835,0,0,0,0,0,0,0,0,0,-72,0,0,0
2444.44,0,0,0,0,0,911,1.53244,0.00209935,1.53457,39,0,29,23,30,0,-2,0,0,1,57,3783,3792,21,139,35,614,35103,34820,108,2,65,98,79443,0,0,0,0,1,19,82,0,19,3837,0,0,0,0,0,0,0,0,0,-87,0,0,0
2444.45,0,0,0,0,0,905,1.53257,0.00208658,1.53484,39,0,29,23,30,0,-2,0,0,1,57,3783,3792,22,139,35,614,35103,34820,108,2,65,98,83226,0,0,0,0,1,0,134,0,24,3837,0,0,0,0,0,0,0,0,0,-87,0,0,0
2444.46,0,0,0,0,0,904,1.53269,0.00207381,1.5351,39,0,29,23,30,0,-2,0,0,1,57,3783,3792,19,139,35,614,35103,34820,108,2,65,98,71877,0,0,0,0,1,0,2,109,22,3846,0,0,0,0,0,0,0,0,0,-79,0,0,0
2444.47,0,0,0,0,0,903,1.53282,0.00206105,1.53537,39,0,29,23,30,0,-2,0,0,1,57,3783,3792,19,139,35,614,35103,34820,108,2,65,98,71877,0,0,0,0,1,0,0,54,13,3831,0,0,0,0,0,0,0,0,0,-55,0,0,0
2444.48,0,0,0,0,0,899,1.53294,0.00204828,1.53564,39,0,29,23,30,0,-2,0,0,1,57,3781,3792,16,139,35,614,35103,34820,108,2,65,98,60496,0,0,0,0,1,85,0,0,16,3837,0,0,0,0,0,0,0,0,0,-47,0,0,0
2444.49,0,0,0,0,0,900,1.53307,0.00203552,1.5359,39,0,29,23,30,0,-2,0,0,1,57,3782,3792,20,139,35,614,35103,34820,108,2,65,98,75640,0,0,0,0,1,19,52,0,13,3826,0,0,0,0,0,0,0,0,0,-49,0,0,0
2444.5,0,0,0,0,0,900,1.5332,0.00202275,1.53617,39,0,29,23,29,0,-2,0,0,1,57,3782,3792,24,139,35,614,35103,34826,108,2,66,98,90768,0,0,0,0,1,0,110,0,13,3841,0,0,0,0,0,0,0,0,0,-60,0,0,0
2444.51,0,0,0,0,0,896,1.53301,0.00199606,1.53629,39,0,29,23,29,0,-2,0,0,1,57,3782,3792,24,139,35,614,35103,34826,108,2,66,98,90768,0,0,0,0,1,0,110,0,13,3841,0,0,0,0,0,0,0,0,0,-60,0,0,0
2444.52,0,0,0,0,0,891,1.53283,0.00196937,1.53642,39,0,29,23,29,0,-2,0,0,1,57,3781,3792,24,139,35,614,35103,34826,108,2,66,98,90744,0,0,0,0,1,0,0,124,16,3841,0,0,0,0,0,0,0,0,0,-63,0,0,0
2444.53,0,0,0,0,0,889,1.53265,0.00194268,1.53654,39,0,29,23,29,0,-2,0,0,1,57,3781,3792,17,139,35,614,35103,34826,108,2,66,98,64277,0,0,0,0,1,50,0,46,13,3833,0,0,0,0,0,0,0,0,0,-41,0,0,0
2444.54,0,0,0,0,0,886,1.53247,0.00191599,1.53666,39,0,29,23,29,0,-2,0,0,1,57,3781,3792,15,139,35,614,35103,34826,108,2,66,98,56715,0,0,0,0,1,105,0,0,13,3841,0,0,0,0,0,0,0,0,0,-63,0,0,0
2444.55,0,0,0,0,0,883,1.53229,0.0018893,1.53679,39,0,29,23,29,0,-2,0,0,1,57,3781,3792,15,139,35,614,35103,34826,108,2,66,98,56715,0,0,0,0,1,0,82,0,17,3846,0,0,0,0,0,0,0,0,0,-46,0,0,0
