Time,Car.DigitalInput.MSS.PDOC.Pin,Car.DigitalInput.MSS.BMS.Pin,Car.DigitalInput.MSS.BSPD.Pin,Car.DigitalInput.MSS.IMD.Pin,Car.Data.Driver.ThrottlePressure,Car.Data.Motor.MotorRPM,Car.AnalogInput.BMS.CellTempASensor,Car.AnalogInput.BMS.CellTempBSensor,Car.AnalogInput.BMS.CellTempCSensor,Car.Data.Battery.PackSOC,Car.Data.PDM.LVBatteryVoltage,Car.Data.Battery.BMSInternalTemp,Car.Data.Inverter.InverterTemp,Car.Data.Motor.MotorTemp,Car.Data.Inverter.InverterLock,Car.Data.Driver.SteeringAngle,Car.Data.Driver.FrontBrakePressure,Car.Data.Driver.RearBrakePressure,Car.Data.Driver.ThrottleDifference,Car.Data.Battery.HotSpotTemp,Car.Data.Battery.PackInstantaneousVoltage,Car.Data.Battery.PackOpenVoltage,Car.Data.Battery.PackCurrent,Car.Data.Battery.PackDCL,Car.Data.Battery.PackCCL,Car.Data.Battery.PackResistance,Car.Data.Battery.HighCellVoltage,Car.Data.Battery.LowCellVoltage,Car.Data.Battery.InputSupplyVoltage,Car.Data.Battery.CurrentLimitsStatus,Car.Data.Battery.HighCellVoltageID,Car.Data.Battery.LowCellVoltageID,Car.Data.Battery.BatteryPower,Car.Data.PDM.CoolingFanCurrent,Car.Data.PDM.CoolingPumpCurrent,Car.Data.PDM.FanState,Car.Data.PDM.PumpState,Car.Data.Inverter.InverterRelay.Relay2,Car.Data.Inverter.PhaseA,Car.Data.Inverter.PhaseB,Car.Data.Inverter.PhaseC,Car.Data.Inverter.InverterDCCurrent,Car.Data.Inverter.InverterDCVoltage,Car.Data.Inverter.InverterFault.Byte0,Car.Data.Inverter.InverterFault.Byte1,Car.Data.Inverter.InverterFault.Byte2,Car.Data.Inverter.InverterFault.Byte3,Car.Data.Inverter.InverterFault.Byte4,Car.Data.Inverter.InverterFault.Byte5,Car.Data.Inverter.InverterFault.Byte6,Car.Data.Inverter.InverterFault.Byte7,Car.Data.Inverter.InverterCMDTorque,Car.Data.Inverter.InverterFDBTorque,Car.DigitalInput.WheelSpeed.WheelSpeedFrontLeft,Car.DigitalInput.WheelSpeed.WheelSpeedFrontRight,Car.Data.Inverter.InverterCalculatedTorque
152.03,0,0,0,0,46,1153,1.7686,0.00604351,1.78525,90,0,21,20,23,0,-2,0,0,1,26,4405,4423,2,175,12,711,40846,40768,109,1024,67,98,8810,0,0,0,0,1,0,0,100,13,4464,0,0,0,0,0,0,0,0,250,-63,0,0,26
152.04,0,0,0,0,45,1153,1.76775,0.00600718,1.78484,90,0,21,20,23,0,-2,0,0,1,26,4405,4423,2,175,12,711,40846,40768,109,1024,67,98,8810,0,0,0,0,1,0,0,100,13,4464,0,0,0,0,0,0,0,0,260,-236,0,0,25
152.05,0,0,0,0,45,1203,1.7669,0.00597085,1.78444,90,0,21,20,23,0,-2,0,0,1,26,4405,4423,1,175,12,711,40846,40768,109,1024,67,98,4405,0,0,0,0,1,0,380,0,73,4430,0,0,0,0,0,0,0,0,260,-236,0,0,25
152.06,0,0,0,0,45,1144,1.76606,0.00593452,1.78403,90,0,21,20,23,0,-2,0,0,1,26,4409,4423,18,175,12,711,40846,40768,109,1024,67,98,79362,0,0,0,0,1,1121,0,0,170,4387,0,0,0,0,0,0,0,0,250,-658,0,0,25
152.07,0,0,0,0,45,857,1.76521,0.00589819,1.78362,90,0,21,20,23,0,-2,0,0,1,26,4409,4423,58,175,12,711,40846,40768,109,1024,67,98,255722,0,0,0,0,1,467,761,0,140,4413,0,0,0,0,0,0,0,0,250,-759,0,0,25
152.08,0,0,0,0,45,557,1.76436,0.00586186,1.78322,90,0,21,20,23,0,-2,0,0,1,26,4409,4423,58,175,13,711,40846,40768,109,1024,67,98,255722,0,0,0,0,1,174,0,0,19,4454,0,0,0,0,0,0,0,0,250,-103,0,0,25
152.09,0,0,0,0,45,462,1.76351,0.00582553,1.78281,90,0,21,21,23,0,-2,0,0,1,26,4402,4423,135,175,13,711,40846,40768,109,1024,67,98,594270,0,0,0,0,1,21,17,0,0,4464,0,0,0,0,0,0,0,0,250,15,0,0,25
152.1,0,0,0,0,46,462,1.76266,0.0057892,1.78241,90,0,21,21,23,0,-2,0,0,1,27,4402,4423,56,175,13,711,40845,40780,109,1024,14,98,246512,0,0,0,0,1,2,41,0,0,4469,0,0,0,0,0,0,0,0,250,8,0,0,26
152.11,0,0,0,0,46,537,1.76173,0.00575673,1.78192,90,0,21,21,23,0,-2,0,0,1,27,4402,4423,5,175,13,711,40845,40780,109,1024,14,98,22010,0,0,0,0,1,2,41,0,0,4469,0,0,0,0,0,0,0,0,250,8,0,0,26
152.12,0,0,0,0,46,897,1.76079,0.00572425,1.78144,90,0,21,21,23,0,-2,0,0,1,27,4402,4423,5,175,13,711,40845,40780,109,1024,14,98,22010,0,0,0,0,1,0,0,268,0,4484,0,0,0,0,0,0,0,0,260,-19,0,0,26
152.13,0,0,0,0,46,1181,1.75986,0.00569177,1.78096,90,0,21,21,23,0,-2,0,0,1,27,4384,4423,2,175,13,711,40845,40780,109,1024,14,98,8768,0,0,0,0,1,123,0,0,15,4449,0,0,0,0,0,0,0,0,260,-68,0,0,26
152.14,0,0,0,0,46,1219,1.75893,0.0056593,1.78048,90,0,21,21,23,0,-2,0,0,1,27,4384,4423,0,175,13,711,40845,40780,109,1024,14,98,0,0,0,0,0,1,156,287,0,66,4428,0,0,0,0,0,0,0,0,260,-244,0,0,26
152.15,0,0,0,0,45,1193,1.758,0.00562682,1.78,90,0,21,21,23,0,-2,0,0,1,27,4408,4423,6,175,13,711,40845,40780,109,1024,14,98,26448,0,0,0,0,1,47,0,842,161,4389,0,0,0,0,0,0,0,0,260,-598,0,0,25
152.16,0,0,0,0,45,929,1.75706,0.00559434,1.77951,90,0,21,21,23,0,-2,0,0,1,27,4408,4423,6,175,13,711,40845,40780,109,1024,14,98,26448,0,0,0,0,1,865,0,529,168,4391,0,0,0,0,0,0,0,0,250,-837,0,0,25
152.17,0,0,0,0,45,607,1.75613,0.00556187,1.77903,90,0,21,21,23,0,-2,0,0,1,27,4406,4423,109,175,13,711,40845,40780,109,1024,14,98,480254,0,0,0,0,1,0,13,322,30,4454,0,0,0,0,0,0,0,0,250,-202,0,0,25
152.18,0,0,0,0,45,607,1.7552,0.00552939,1.77855,90,0,21,21,23,0,-2,0,0,1,27,4406,4423,172,175,13,711,40845,40780,109,1024,14,98,757832,0,0,0,0,1,0,13,322,30,4454,0,0,0,0,0,0,0,0,250,-202,0,0,25
152.19,0,0,0,0,46,477,1.75427,0.00549691,1.77807,90,0,21,21,23,0,-2,0,0,1,27,4406,4423,140,175,13,711,40845,40780,109,1024,14,98,616840,0,0,0,0,1,0,0,49,0,4467,0,0,0,0,0,0,0,0,250,-22,0,0,26
152.2,0,0,0,0,46,519,1.75334,0.00546444,1.77758,90,0,21,21,23,0,-2,0,0,1,27,4406,4423,140,175,13,711,40822,40694,109,1024,71,98,616840,0,0,0,0,1,4,0,12,0,4473,0,0,0,0,0,0,0,0,250,0,0,0,26
152.21,0,0,0,0,46,857,1.75311,0.00542574,1.77755,90,0,21,21,23,0,-2,0,0,0.9,27,4330,4423,2,175,13,711,40822,40694,109,1024,71,98,8660,0,0,0,0,1,0,270,0,0,4462,0,0,0,0,0,0,0,0,260,-21,0,0,26
152.22,0,0,0,0,46,1186,1.75288,0.00538704,1.77752,90,0,21,20,23,0,-2,0,0,0.8,27,4405,4423,2,175,13,711,40822,40694,109,1024,71,98,8810,0,0,0,0,1,0,0,112,10,4464,0,0,0,0,0,0,0,0,260,-49,0,0,26
152.23,0,0,0,0,46,1246,1.75265,0.00534834,1.77749,90,0,21,20,23,0,-2,0,0,0.7,27,4405,4423,1,175,13,711,40822,40694,109,1024,71,98,4405,0,0,0,0,1,205,238,0,71,4419,0,0,0,0,0,0,0,0,260,-259,0,0,26
152.24,0,0,0,0,46,1246,1.75242,0.00530964,1.77746,90,0,21,20,23,0,-2,0,0,0.6,27,4405,4423,1,175,13,711,40822,40694,109,1024,71,98,4405,0,0,0,0,1,205,238,0,71,4419,0,0,0,0,0,0,0,0,260,-259,0,0,26
152.25,0,0,0,0,45,1195,1.75219,0.00527094,1.77743,90,0,21,20,23,0,-2,0,0,0.5,27,4408,4423,22,175,13,711,40822,40694,109,1024,71,98,96976,0,0,0,0,1,0,0,1102,179,4380,0,0,0,0,0,0,0,0,260,-701,0,0,25
152.26,0,0,0,0,46,902,1.75197,0.00523225,1.7774,90,0,21,20,23,0,-2,0,0,0.4,27,4408,4423,66,175,13,711,40822,40694,109,1024,71,98,290928,0,0,0,0,1,926,0,451,159,4397,0,0,0,0,0,0,0,0,260,-828,0,0,26
152.27,0,0,0,0,45,586,1.75174,0.00519355,1.77737,90,0,21,21,23,0,-2,0,0,0.3,27,4408,4423,126,175,13,711,40822,40694,109,1024,71,98,555408,0,0,0,0,1,0,0,142,19,4467,0,0,0,0,0,0,0,0,260,-83,0,0,25
152.28,0,0,0,0,46,485,1.75151,0.00515485,1.77734,90,0,21,21,23,0,-2,0,0,0.2,27,4408,4423,126,175,13,711,40822,40694,109,1024,71,98,555408,0,0,0,0,1,0,0,6,0,4460,0,0,0,0,0,0,0,0,250,-23,0,0,26
152.29,0,0,0,0,46,557,1.75128,0.00511615,1.77731,90,0,21,21,23,0,-2,0,0,0.1,27,4324,4423,54,175,13,711,40822,40694,109,1024,71,98,233496,0,0,0,0,1,16,0,25,0,4473,0,0,0,0,0,0,0,0,260,5,0,0,26
152.3,0,0,0,0,46,557,1.75105,0.00507745,1.77728,90,0,21,21,24,0,-2,0,0,0,28,4324,4423,4,175,13,711,40124,38599,109,1024,64,98,17296,0,0,0,0,1,16,0,25,0,4473,0,0,0,0,0,0,0,0,260,5,0,0,26
152.31,0,0,0,0,46,932,1.75093,0.0050555,1.7771,90,0,21,21,24,0,-2,0,0,0,28,4324,4423,2,175,13,711,40124,38599,109,1024,64,98,8648,0,0,0,0,1,273,87,0,0,4475,0,0,0,0,0,0,0,0,260,-8,0,0,26
152.32,0,0,0,0,46,1222,1.7508,0.00503354,1.77691,90,0,21,21,24,0,-2,0,0,0,28,4324,4423,2,175,13,711,40124,38599,109,1024,64,98,8648,0,0,0,0,1,0,101,13,13,4467,0,0,0,0,0,0,0,0,260,-67,0,0,26
152.33,0,0,0,0,46,1258,1.75067,0.00501158,1.77673,90,0,21,21,24,0,-2,0,0,0,28,4385,4415,-4,175,13,711,40124,38599,109,1024,64,98,-17540,0,0,0,0,1,0,253,180,66,4445,0,0,0,0,0,0,0,0,260,-234,0,0,26
152.34,0,0,0,0,46,1226,1.75055,0.00498962,1.77655,90,0,21,21,24,0,-2,0,0,0,28,4385,4415,8,175,13,711,40124,38599,109,1024,64,98,35080,0,0,0,0,1,1097,0,0,167,4380,0,0,0,0,0,0,0,0,260,-654,0,0,26
152.35,0,0,0,0,46,958,1.75042,0.00496766,1.77636,90,0,21,21,24,0,-2,0,0,0,28,4409,4415,25,175,13,711,40124,38599,109,1024,64,98,110225,0,0,0,0,1,1402,0,0,173,4382,0,0,0,0,0,0,0,0,260,-857,0,0,26
152.36,0,0,0,0,46,633,1.75029,0.00494571,1.77618,90,0,21,21,24,0,-2,0,0,0,28,4409,4415,78,175,13,711,40124,38599,109,1024,64,98,343902,0,0,0,0,1,0,0,279,31,4452,0,0,0,0,0,0,0,0,260,-181,0,0,26
152.37,0,0,0,0,46,633,1.75017,0.00492375,1.77599,90,0,21,21,24,0,-2,0,0,0,28,4409,4415,78,175,13,711,40124,38599,109,1024,64,98,343902,0,0,0,0,1,0,0,19,0,4464,0,0,0,0,0,0,0,0,260,-20,0,0,26
152.38,0,0,0,0,46,508,1.75004,0.00490179,1.77581,90,0,21,21,24,0,-2,0,0,0,28,4394,4415,134,175,13,711,40124,38599,109,1024,64,98,588796,0,0,0,0,1,0,0,19,0,4464,0,0,0,0,0,0,0,0,260,-20,0,0,26
152.39,0,0,0,0,47,550,1.74991,0.00487983,1.77562,90,0,21,21,24,0,-2,0,0,0,28,4341,4415,47,175,12,711,40124,38599,109,1024,64,98,204027,0,0,0,0,1,0,0,0,0,4469,0,0,0,0,0,0,0,0,260,15,0,0,26
152.4,0,0,0,0,47,886,1.74979,0.00485787,1.77544,90,0,21,21,23,0,-2,0,0,0,29,4341,4415,47,175,12,711,40731,40465,109,1024,14,98,204027,0,0,0,0,1,4,316,0,0,4473,0,0,0,0,0,0,0,0,260,-26,0,0,26
152.41,0,0,0,0,47,1217,1.74988,0.00483285,1.77531,90,0,21,21,23,0,-2,0,0,0,29,4341,4415,2,175,12,711,40731,40465,109,1024,14,98,8682,0,0,0,0,1,0,0,123,11,4464,0,0,0,0,0,0,0,0,260,-67,0,0,26
152.42,0,0,0,0,47,1278,1.74997,0.00480783,1.77518,90,0,21,21,23,0,-2,0,0,0,29,4405,4415,1,175,12,711,40731,40465,109,1024,14,98,4405,0,0,0,0,1,463,0,0,75,4423,0,0,0,0,0,0,0,0,260,-263,0,0,26
152.43,0,0,0,0,47,1278,1.75007,0.00478281,1.77504,90,0,21,21,23,0,-2,0,0,0,29,4405,4415,-11,175,12,711,40731,40465,109,1024,14,98,-48455,0,0,0,0,1,0,630,555,189,4378,0,0,0,0,0,0,0,0,260,-706,0,0,26
152.44,0,0,0,0,47,1227,1.75016,0.00475779,1.77491,90,0,21,21,23,0,-2,0,0,0,29,4405,4415,-11,175,12,711,40731,40465,109,1024,14,98,-48455,0,0,0,0,1,0,630,555,189,4378,0,0,0,0,0,0,0,0,260,-706,0,0,26
152.45,0,0,0,0,47,933,1.75025,0.00473277,1.77478,90,0,21,21,23,0,-2,0,0,0,29,4409,4415,83,175,12,711,40731,40465,109,1024,14,98,365947,0,0,0,0,1,0,173,1115,164,4404,0,0,0,0,0,0,0,0,260,-837,0,0,26
152.46,0,0,0,0,47,619,1.75035,0.00470774,1.77464,90,0,21,21,23,0,-2,0,0,0,29,4389,4415,157,175,12,711,40731,40465,109,1024,14,98,689073,0,0,0,0,1,6,175,0,21,4460,0,0,0,0,0,0,0,0,260,-110,0,0,26
152.47,0,0,0,0,48,516,1.75044,0.00468272,1.77451,90,0,21,21,23,0,-2,0,0,0,29,4389,4415,186,175,12,711,40731,40465,109,1024,14,98,816354,0,0,0,0,1,0,15,0,0,4467,0,0,0,0,0,0,0,0,260,-9,0,0,27
152.48,0,0,0,0,48,595,1.75053,0.0046577,1.77438,90,0,21,21,23,0,-2,0,0,0,29,4389,4415,186,175,12,711,40731,40465,109,1024,14,98,816354,0,0,0,0,1,0,30,0,0,4462,0,0,0,0,0,0,0,0,270,-5,0,0,27
152.49,0,0,0,0,48,595,1.75062,0.00463268,1.77425,90,0,21,21,23,0,-2,0,0,0,29,4353,4415,3,175,12,711,40731,40465,109,1024,14,98,13059,0,0,0,0,1,0,82,320,0,4475,0,0,0,0,0,0,0,0,270,-11,0,0,27
152.5,0,0,0,0,48,970,1.75072,0.00460766,1.77411,90,0,21,21,22,0,-2,0,0,0,30,4353,4415,2,175,12,711,40372,39475,109,1024,66,98,8706,0,0,0,0,1,0,82,320,0,4475,0,0,0,0,0,0,0,0,270,-11,0,0,27
152.51,0,0,0,0,48,1259,1.751,0.00461114,1.77413,90,0,21,21,22,0,-2,0,0,0.1,30,4353,4415,2,175,12,711,40372,39475,109,1024,66,98,8706,0,0,0,0,1,18,0,66,16,4458,0,0,0,0,0,0,0,0,270,-78,0,0,27
152.52,0,0,0,0,48,1296,1.75129,0.00461462,1.77415,90,0,21,21,22,0,-2,0,0,0.2,30,4353,4415,2,175,12,711,40372,39475,109,1024,66,98,8706,0,0,0,0,1,80,0,291,73,4428,0,0,0,0,0,0,0,0,270,-241,0,0,27
152.53,0,0,0,0,48,1269,1.75158,0.00461809,1.77417,90,0,21,21,22,0,-2,0,0,0.3,30,4409,4415,12,175,12,711,40372,39475,109,1024,66,98,52908,0,0,0,0,1,80,892,0,179,4380,0,0,0,0,0,0,0,0,270,-631,0,0,27
152.54,0,0,0,0,48,1081,1.75186,0.00462157,1.77419,90,0,21,20,22,0,-2,0,0,0.4,30,4409,4415,50,175,12,711,40372,39475,109,1024,66,98,220450,0,0,0,0,1,0,0,1472,211,4365,0,0,0,0,0,0,0,0,270,-875,0,0,27
152.55,0,0,0,0,48,743,1.75215,0.00462505,1.77421,90,0,21,21,22,0,-2,0,0,0.5,30,4409,4414,90,175,12,711,40372,39475,109,1024,66,98,396810,0,0,0,0,1,697,0,0,72,4430,0,0,0,0,0,0,0,0,270,-467,0,0,27
152.56,0,0,0,0,48,551,1.75244,0.00462853,1.77423,90,0,21,21,22,0,-2,0,0,0.6,30,4409,4414,90,175,12,711,40372,39475,109,1024,66,98,396810,0,0,0,0,1,19,0,0,1,4464,0,0,0,0,0,0,0,0,270,-11,0,0,27
152.57,0,0,0,0,48,556,1.75272,0.00463201,1.77425,90,0,21,21,22,0,-2,0,0,0.7,30,4364,4414,111,175,12,711,40372,39475,109,1024,66,98,484404,0,0,0,0,1,12,0,0,0,4458,0,0,0,0,0,0,0,0,270,-9,0,0,27
152.58,0,0,0,0,49,556,1.75301,0.00463549,1.77426,90,0,21,21,22,0,-2,0,0,0.8,30,4364,4414,24,175,12,711,40372,39475,109,1024,66,98,104736,0,0,0,0,1,0,0,160,0,4475,0,0,0,0,0,0,0,0,270,0,0,0,27
152.59,0,0,0,0,49,824,1.7533,0.00463896,1.77428,90,0,21,21,22,0,-2,0,0,0.9,30,4360,4414,2,175,12,711,40372,39475,109,1024,66,98,8720,0,0,0,0,1,0,0,160,0,4475,0,0,0,0,0,0,0,0,270,0,0,0,27
152.6,0,0,0,0,49,1207,1.75358,0.00464244,1.7743,90,0,21,20,23,0,-2,0,0,1,30,4360,4414,2,175,12,711,40427,39705,109,1024,67,98,8720,0,0,0,0,1,109,15,0,6,4458,0,0,0,0,0,0,0,0,270,-52,0,0,27
152.61,0,0,0,0,48,1314,1.75417,0.00463352,1.7747,90,0,21,20,23,0,-2,0,0,1,30,4406,4414,0,175,12,711,40427,39705,109,1024,67,98,0,0,0,0,0,1,0,366,0,67,4434,0,0,0,0,0,0,0,0,270,-222,0,0,27
152.62,0,0,0,0,48,1305,1.75475,0.00462459,1.7751,90,0,21,20,23,0,-2,0,0,1,30,4406,4414,-13,175,12,711,40427,39705,109,1024,67,98,-57278,0,0,0,0,1,0,0,1006,162,4374,0,0,0,0,0,0,0,0,270,-572,0,0,27
152.63,0,0,0,0,48,1055,1.75534,0.00461566,1.77551,90,0,21,20,23,0,-2,0,0,1,30,4406,4414,16,175,12,711,40427,39705,109,1024,67,98,70496,0,0,0,0,1,0,681,804,200,4385,0,0,0,0,0,0,0,0,270,-874,0,0,27
152.64,0,0,0,0,48,1055,1.75592,0.00460674,1.77591,90,0,21,20,23,0,-2,0,0,1,30,4406,4414,16,175,12,711,40427,39705,109,1024,67,98,70496,0,0,0,0,1,0,681,804,200,4385,0,0,0,0,0,0,0,0,270,-298,0,0,27
152.65,0,0,0,0,48,713,1.75651,0.00459781,1.77631,90,0,21,20,23,0,-2,0,0,1,30,4413,4414,189,175,12,711,40427,39705,109,1024,67,98,834057,0,0,0,0,1,500,0,0,54,4449,0,0,0,0,0,0,0,0,270,-298,0,0,27
152.66,0,0,0,0,48,558,1.75709,0.00458889,1.77671,90,0,21,20,23,0,-2,0,0,1,30,4356,4414,177,175,12,711,40427,39705,109,1024,67,98,771012,0,0,0,0,1,19,0,0,1,4462,0,0,0,0,0,0,0,0,270,-12,0,0,27
152.67,0,0,0,0,48,585,1.75767,0.00457996,1.77711,90,0,21,20,23,0,-2,0,0,1,30,4356,4414,94,175,12,711,40427,39705,109,1024,67,98,409464,0,0,0,0,1,33,0,6,0,4473,0,0,0,0,0,0,0,0,270,-11,0,0,27
152.68,0,0,0,0,48,920,1.75826,0.00457103,1.77751,90,0,21,20,23,0,-2,0,0,1,30,4356,4414,94,175,12,711,40427,39705,109,1024,67,98,409464,0,0,0,0,1,0,328,0,0,4473,0,0,0,0,0,0,0,0,270,20,0,0,27
152.69,0,0,0,0,48,1270,1.75884,0.00456211,1.77791,90,0,21,20,23,0,-2,0,0,1,30,4328,4414,2,175,12,711,40427,39705,109,1024,67,98,8656,0,0,0,0,1,0,0,113,10,4469,0,0,0,0,0,0,0,0,270,-58,0,0,27
152.7,0,0,0,0,48,1270,1.75943,0.00455318,1.77831,90,0,21,20,23,0,-2,0,0,1,31,4328,4424,2,175,11,711,40155,38806,108,1024,65,98,8656,0,0,0,0,1,0,0,113,10,4432,0,0,0,0,0,0,0,0,270,-235,0,0,27
152.71,0,0,0,0,48,1344,1.76008,0.00454112,1.77879,90,0,21,20,23,0,-2,0,0,1,31,4328,4424,-2,175,11,711,40155,38806,108,1024,65,98,-8656,0,0,0,0,1,10,0,365,77,4432,0,0,0,0,0,0,0,0,270,-235,0,0,27
152.72,0,0,0,0,48,1303,1.76073,0.00452905,1.77927,90,0,21,20,23,0,-2,0,0,1,31,4328,4424,-2,175,11,711,40155,38806,108,1024,65,98,-8656,0,0,0,0,1,646,531,0,195,4361,0,0,0,0,0,0,0,0,270,-690,0,0,27
152.73,0,0,0,0,48,1016,1.76138,0.00451698,1.77974,90,0,21,20,23,0,-2,0,0,1,31,4409,4424,69,175,11,711,40155,38806,108,1024,65,98,304221,0,0,0,0,1,1387,0,0,188,4376,0,0,0,0,0,0,0,0,270,-869,0,0,27
152.74,0,0,0,0,48,697,1.76203,0.00450492,1.78022,90,0,21,20,23,0,-2,0,0,1,31,4409,4424,116,175,11,711,40155,38806,108,1024,65,98,511444,0,0,0,0,1,0,0,265,34,4456,0,0,0,0,0,0,0,0,270,-167,0,0,27
152.75,0,0,0,0,49,584,1.76268,0.00449285,1.78069,90,0,21,20,23,0,-2,0,0,1,31,4409,4424,203,175,11,711,40155,38806,108,1024,65,98,895027,0,0,0,0,1,0,19,12,0,4467,0,0,0,0,0,0,0,0,270,-14,0,0,27
152.76,0,0,0,0,49,584,1.76333,0.00448078,1.78117,90,0,21,20,23,0,-2,0,0,1,31,4409,4424,203,175,11,711,40155,38806,108,1024,65,98,895027,0,0,0,0,1,0,19,12,0,4467,0,0,0,0,0,0,0,0,270,-5,0,0,27
152.77,0,0,0,0,49,638,1.76398,0.00446872,1.78165,90,0,21,20,23,0,-2,0,0,1,31,4377,4424,7,175,11,711,40155,38806,108,1024,65,98,30639,0,0,0,0,1,0,11,0,0,4464,0,0,0,0,0,0,0,0,270,-5,0,0,27
152.78,0,0,0,0,49,997,1.76462,0.00445665,1.78212,90,0,21,20,23,0,-2,0,0,1,31,4377,4424,2,175,11,711,40155,38806,108,1024,65,98,8754,0,0,0,0,1,0,0,350,0,4478,0,0,0,0,0,0,0,0,270,-4,0,0,27
152.79,0,0,0,0,49,1306,1.76527,0.00444459,1.7826,90,0,21,20,23,0,-2,0,0,1,31,4376,4424,2,175,11,711,40155,38806,108,1024,65,98,8752,0,0,0,0,1,2,0,101,14,4467,0,0,0,0,0,0,0,0,270,-77,0,0,27
152.8,0,0,0,0,50,1362,1.76592,0.00443252,1.78307,90,0,21,20,22,0,-2,0,0,1,31,4376,4424,2,175,11,711,40567,40092,109,1024,64,98,8752,0,0,0,0,1,494,0,0,87,4421,0,0,0,0,0,0,0,0,270,-289,0,0,28
152.81,0,0,0,0,50,1296,1.76682,0.00444167,1.7837,90,0,21,20,22,0,-2,0,0,1,31,4407,4424,3,175,11,711,40567,40092,109,1024,64,98,13221,0,0,0,0,1,0,1290,0,213,4365,0,0,0,0,0,0,0,0,280,-761,0,0,28
152.82,0,0,0,0,49,1296,1.76772,0.00445083,1.78433,90,0,21,20,22,0,-2,0,0,1,31,4407,4424,22,175,11,711,40567,40092,109,1024,64,98,96954,0,0,0,0,1,0,1363,0,177,4391,0,0,0,0,0,0,0,0,280,-808,0,0,27
152.83,0,0,0,0,50,994,1.76862,0.00445998,1.78496,90,0,21,20,22,0,-2,0,0,1,31,4406,4424,81,175,11,711,40567,40092,109,1024,64,98,356886,0,0,0,0,1,0,1363,0,177,4391,0,0,0,0,0,0,0,0,280,-808,0,0,28
152.84,0,0,0,0,49,691,1.76952,0.00446913,1.78559,90,0,21,20,22,0,-2,0,0,1,31,4406,4424,81,175,11,711,40567,40092,109,1024,64,98,356886,0,0,0,0,1,142,0,19,24,4454,0,0,0,0,0,0,0,0,270,-101,0,0,27
152.85,0,0,0,0,50,603,1.77042,0.00447829,1.78623,90,0,21,20,22,0,-2,0,0,1,31,4406,4424,165,175,11,711,40567,40092,109,1024,64,98,726990,0,0,0,0,1,0,0,18,1,4473,0,0,0,0,0,0,0,0,280,-21,0,0,28
152.86,0,0,0,0,50,694,1.77133,0.00448744,1.78686,90,0,21,20,22,0,-2,0,0,1,31,4311,4424,65,175,11,711,40567,40092,109,1024,64,98,280215,0,0,0,0,1,0,0,21,1,4471,0,0,0,0,0,0,0,0,280,-2,0,0,28
152.87,0,0,0,0,50,1073,1.77223,0.00449659,1.78749,90,0,21,20,22,0,-2,0,0,1,31,4311,4424,5,175,11,711,40567,40092,109,1024,64,98,21555,0,0,0,0,1,0,70,332,0,4486,0,0,0,0,0,0,0,0,280,-15,0,0,28
152.88,0,0,0,0,50,1073,1.77313,0.00450575,1.78812,90,0,21,20,22,0,-2,0,0,1,31,4311,4424,5,175,11,711,40567,40092,109,1024,64,98,21555,0,0,0,0,1,0,70,332,0,4486,0,0,0,0,0,0,0,0,280,-73,0,0,28
152.89,0,0,0,0,50,1345,1.77403,0.0045149,1.78875,90,0,21,20,22,0,-2,0,0,1,31,4379,4424,1,175,11,711,40567,40092,109,1024,64,98,4379,0,0,0,0,1,0,0,133,17,4456,0,0,0,0,0,0,0,0,280,-73,0,0,28
152.9,0,0,0,0,50,1391,1.77493,0.00452405,1.78938,90,0,21,20,23,0,-2,0,0,1,31,4407,4424,-15,175,11,711,40597,40123,109,1024,84,98,-66105,0,0,0,0,1,236,0,293,100,4421,0,0,0,0,0,0,0,0,280,-325,0,0,28
152.91,0,0,0,0,50,1297,1.77621,0.00452901,1.79039,90,0,21,20,23,0,-2,0,0,1,31,4407,4424,9,175,11,711,40597,40123,109,1024,84,98,39663,0,0,0,0,1,610,771,0,228,4350,0,0,0,0,0,0,0,0,280,-809,0,0,28
152.92,0,0,0,0,50,983,1.77749,0.00453396,1.7914,90,0,21,20,23,0,-2,0,0,1,31,4407,4424,9,175,11,711,40597,40123,109,1024,84,98,39663,0,0,0,0,1,789,521,0,166,4389,0,0,0,0,0,0,0,0,280,-772,0,0,28
152.93,0,0,0,0,50,698,1.77877,0.00453891,1.79241,90,0,21,20,23,0,-2,0,0,1,31,4407,4424,166,175,11,711,40597,40123,109,1024,84,98,731562,0,0,0,0,1,0,0,62,16,4458,0,0,0,0,0,0,0,0,280,-49,0,0,28
152.94,0,0,0,0,50,698,1.78006,0.00454387,1.79342,90,0,21,20,23,0,-2,0,0,1,31,4389,4424,217,175,11,711,40597,40123,109,1024,84,98,952413,0,0,0,0,1,0,29,18,0,4469,0,0,0,0,0,0,0,0,280,-9,0,0,28
152.95,0,0,0,0,50,632,1.78134,0.00454882,1.79444,90,0,21,20,23,0,-2,0,0,1,31,4389,4424,151,175,11,711,40597,40123,109,1024,84,98,662739,0,0,0,0,1,0,29,18,0,4469,0,0,0,0,0,0,0,0,280,-9,0,0,28
152.96,0,0,0,0,50,742,1.78262,0.00455377,1.79545,90,0,21,20,23,0,-2,0,0,1,31,4309,4424,50,175,11,711,40597,40123,109,1024,84,98,215450,0,0,0,0,1,0,35,0,0,4462,0,0,0,0,0,0,0,0,280,2,0,0,28
152.97,0,0,0,0,50,1129,1.7839,0.00455873,1.79646,90,0,21,20,23,0,-2,0,0,1,31,4309,4424,50,175,11,711,40597,40123,109,1024,84,98,215450,0,0,0,0,1,246,95,0,0,4467,0,0,0,0,0,0,0,0,280,-17,0,0,28
152.98,0,0,0,0,50,1373,1.78518,0.00456368,1.79747,90,0,21,20,23,0,-2,0,0,1,31,4388,4424,3,175,11,711,40597,40123,109,1024,84,98,13164,0,0,0,0,1,113,24,0,22,4445,0,0,0,0,0,0,0,0,280,-86,0,0,28
152.99,0,0,0,0,50,1415,1.78647,0.00456863,1.79848,90,0,21,20,23,0,-2,0,0,1,31,4388,4424,0,175,11,711,40597,40123,109,1024,84,98,0,0,0,0,0,1,0,505,0,106,4417,0,0,0,0,0,0,0,0,280,-317,0,0,28
153,0,0,0,0,50,1415,1.78775,0.00457359,1.79949,90,0,21,20,23,0,-2,0,0,1,30,4388,4424,0,175,11,711,40670,40386,109,1024,65,98,0,0,0,0,0,1,0,505,0,106,4417,0,0,0,0,0,0,0,0,280,-781,0,0,28
153.01,0,0,0,0,50,1303,1.78882,0.00457764,1.80035,90,0,21,20,23,0,-2,0,0,1,30,4410,4429,53,175,11,711,40670,40386,109,1024,65,98,233730,0,0,0,0,1,0,0,1311,233,4372,0,0,0,0,0,0,0,0,280,-781,0,0,28
153.02,0,0,0,0,50,980,1.78989,0.0045817,1.8012,90,0,21,20,23,0,-2,0,0,1,30,4410,4429,101,175,11,711,40670,40386,109,1024,65,98,445410,0,0,0,0,1,0,0,1086,156,4397,0,0,0,0,0,0,0,0,280,-722,0,0,28
153.03,0,0,0,0,50,710,1.79097,0.00458576,1.80205,90,0,21,20,23,0,-2,0,0,1,30,4380,4429,197,175,11,711,40670,40386,109,1024,65,98,862860,0,0,0,0,1,39,3,0,11,4460,0,0,0,0,0,0,0,0,280,-19,0,0,28
153.04,0,0,0,0,50,657,1.79204,0.00458981,1.8029,90,0,21,20,23,0,-2,0,0,1,30,4380,4429,197,175,11,711,40670,40386,109,1024,65,98,862860,0,0,0,0,1,2,0,2,1,4458,0,0,0,0,0,0,0,0,280,-15,0,0,28
153.05,0,0,0,0,50,791,1.79311,0.00459387,1.80376,90,0,21,20,23,0,-2,0,0,1,30,4313,4429,29,175,11,711,40670,40386,109,1024,65,98,125077,0,0,0,0,1,0,3,39,0,4471,0,0,0,0,0,0,0,0,280,-3,0,0,28
153.06,0,0,0,0,50,791,1.79418,0.00459793,1.80461,90,0,21,20,23,0,-2,0,0,1,30,4313,4429,3,175,11,711,40670,40386,109,1024,65,98,12939,0,0,0,0,1,0,300,0,0,4469,0,0,0,0,0,0,0,0,280,-23,0,0,28
153.07,0,0,0,0,50,1182,1.79526,0.00460198,1.80546,90,0,21,20,23,0,-2,0,0,1,30,4313,4429,3,175,11,711,40670,40386,109,1024,65,98,12939,0,0,0,0,1,0,300,0,0,4469,0,0,0,0,0,0,0,0,280,-23,0,0,28
153.08,0,0,0,0,50,1405,1.79633,0.00460604,1.80631,90,0,21,20,23,0,-2,0,0,1,30,4313,4429,3,175,11,711,40670,40386,109,1024,65,98,12939,0,0,0,0,1,59,123,0,26,4441,0,0,0,0,0,0,0,0,280,-108,0,0,28
153.09,0,0,0,0,50,1442,1.7974,0.00461009,1.80717,90,0,21,20,23,0,-2,0,0,1,30,4313,4429,3,175,11,711,40670,40386,109,1024,65,98,12939,0,0,0,0,1,0,615,0,114,4404,0,0,0,0,0,0,0,0,280,-359,0,0,28
153.1,0,0,0,0,50,1307,1.79848,0.00461415,1.80802,90,0,21,20,24,0,-2,0,0,1,30,4405,4429,18,175,11,711,40029,38371,109,1024,65,98,79290,0,0,0,0,1,0,0,1442,246,4359,0,0,0,0,0,0,0,0,280,-862,0,0,28
153.11,0,0,0,0,50,974,1.79955,0.00465463,1.80899,90,0,21,20,24,0,-2,0,0,0.9,30,4405,4429,70,175,11,711,40029,38371,109,1024,65,98,308350,0,0,0,0,1,0,0,1190,148,4402,0,0,0,0,0,0,0,0,280,-703,0,0,28
153.12,0,0,0,0,50,974,1.80063,0.00469511,1.80996,90,0,21,20,24,0,-2,0,0,0.8,30,4405,4429,70,175,12,711,40029,38371,109,1024,65,98,308350,0,0,0,0,1,0,0,1190,148,4402,0,0,0,0,0,0,0,0,280,-31,0,0,28
153.13,0,0,0,0,50,720,1.80171,0.00473559,1.81093,90,0,21,21,24,0,-2,0,0,0.7,30,4401,4429,206,175,12,711,40029,38371,109,1024,65,98,906606,0,0,0,0,1,33,24,0,7,4464,0,0,0,0,0,0,0,0,280,-31,0,0,28
153.14,0,0,0,0,50,675,1.80279,0.00477607,1.8119,90,0,21,21,24,0,-2,0,0,0.6,30,4401,4429,110,175,12,711,40029,38371,109,1024,65,98,484110,0,0,0,0,1,16,0,12,1,4458,0,0,0,0,0,0,0,0,280,-12,0,0,28
153.15,0,0,0,0,50,846,1.80386,0.00481655,1.81287,90,0,21,21,24,0,-2,0,0,0.5,30,4401,4429,20,175,12,711,40029,38371,109,1024,65,98,88020,0,0,0,0,1,0,38,27,0,4462,0,0,0,0,0,0,0,0,280,-8,0,0,28
153.16,0,0,0,0,50,1245,1.80494,0.00485703,1.81384,90,0,21,21,24,0,-2,0,0,0.4,30,4401,4429,20,175,12,711,40029,38371,109,1024,65,98,88020,0,0,0,0,1,358,0,0,0,4469,0,0,0,0,0,0,0,0,280,-36,0,0,28
153.17,0,0,0,0,50,1437,1.80602,0.00489751,1.81481,90,0,21,20,24,0,-2,0,0,0.3,30,4360,4429,3,175,12,711,40029,38371,109,1024,65,98,13080,0,0,0,0,1,183,0,59,38,4438,0,0,0,0,0,0,0,0,280,-149,0,0,28
153.18,0,0,0,0,50,1437,1.8071,0.00493798,1.81578,90,0,21,20,24,0,-2,0,0,0.2,30,4406,4429,-7,175,12,711,40029,38371,109,1024,65,98,-30842,0,0,0,0,1,662,0,0,129,4395,0,0,0,0,0,0,0,0,280,-394,0,0,28
153.19,0,0,0,0,50,1466,1.80818,0.00497846,1.81675,90,0,21,21,24,0,-2,0,0,0.1,30,4406,4429,-7,175,12,711,40029,38371,109,1024,65,98,-30842,0,0,0,0,1,662,0,0,129,4395,0,0,0,0,0,0,0,0,280,-394,0,0,28
153.2,0,0,0,0,50,1307,1.80925,0.00501894,1.81772,90,0,21,21,23,0,-2,0,0,0,29,4415,4429,21,175,12,711,40820,40729,109,1024,14,98,92715,0,0,0,0,1,0,1421,0,246,4353,0,0,0,0,0,0,0,0,280,-845,0,0,28
153.21,0,0,0,0,50,971,1.80986,0.00504892,1.81833,90,0,21,21,23,0,-2,0,0,0.1,29,4415,4429,21,175,12,711,40820,40729,109,1024,14,98,92715,0,0,0,0,1,0,1013,0,133,4413,0,0,0,0,0,0,0,0,280,-628,0,0,28
153.22,0,0,0,0,50,738,1.81046,0.0050789,1.81893,90,0,21,21,23,0,-2,0,0,0.2,29,4399,4429,225,175,13,711,40820,40729,109,1024,14,98,989775,0,0,0,0,1,0,0,37,5,4452,0,0,0,0,0,0,0,0,280,-23,0,0,28
153.23,0,0,0,0,50,709,1.81106,0.00510888,1.81953,90,0,21,21,23,0,-2,0,0,0.3,29,4399,4429,199,175,13,711,40820,40729,109,1024,14,98,875401,0,0,0,0,1,0,7,0,2,4458,0,0,0,0,0,0,0,0,280,-22,0,0,28
153.24,0,0,0,0,50,709,1.81166,0.00513886,1.82013,90,0,21,21,23,0,-2,0,0,0.4,29,4399,4429,199,175,13,711,40820,40729,109,1024,14,98,875401,0,0,0,0,1,0,7,0,2,4458,0,0,0,0,0,0,0,0,280,1,0,0,28
153.25,0,0,0,0,50,895,1.81226,0.00516884,1.82074,90,0,21,21,23,0,-2,0,0,0.5,29,4318,4429,3,175,13,711,40820,40729,109,1024,14,98,12954,0,0,0,0,1,78,0,0,0,4471,0,0,0,0,0,0,0,0,280,1,0,0,28
153.26,0,0,0,0,50,1289,1.81286,0.00519882,1.82134,90,0,21,21,23,0,-2,0,0,0.6,29,4318,4429,3,175,13,711,40820,40729,109,1024,14,98,12954,0,0,0,0,1,0,273,0,0,4460,0,0,0,0,0,0,0,0,280,-67,0,0,28
153.27,0,0,0,0,50,1456,1.81346,0.0052288,1.82194,90,0,21,21,23,0,-2,0,0,0.7,29,4318,4429,3,175,13,711,40820,40729,109,1024,14,98,12954,0,0,0,0,1,66,249,0,48,4434,0,0,0,0,0,0,0,0,280,-200,0,0,28
153.28,0,0,0,0,50,1482,1.81406,0.00525878,1.82255,90,0,21,21,23,0,-2,0,0,0.8,29,4318,4429,3,175,13,711,40820,40729,109,1024,14,98,12954,0,0,0,0,1,18,581,0,137,4395,0,0,0,0,0,0,0,0,280,-395,0,0,28
153.29,0,0,0,0,50,1310,1.81467,0.00528876,1.82315,90,0,21,20,23,0,-2,0,0,0.9,29,4405,4429,23,175,13,711,40820,40729,109,1024,14,98,101315,0,0,0,0,1,0,19,1240,248,4350,0,0,0,0,0,0,0,0,280,-841,0,0,28
153.3,0,0,0,0,50,1310,1.81527,0.00531874,1.82375,90,0,21,20,23,0,-2,0,0,1,29,4405,4429,86,175,13,711,40809,40709,110,1024,14,98,378830,0,0,0,0,1,0,114,826,127,4406,0,0,0,0,0,0,0,0,280,-595,0,0,28
153.31,0,0,0,0,50,982,1.81563,0.0053467,1.82406,90,0,21,20,23,0,-2,0,0,1,29,4406,4429,150,175,13,711,40809,40709,110,1024,14,98,660900,0,0,0,0,1,0,114,826,127,4406,0,0,0,0,0,0,0,0,280,-595,0,0,28
153.32,0,0,0,0,50,766,1.81599,0.00537465,1.82437,90,0,21,20,23,0,-2,0,0,1,29,4406,4429,150,175,13,711,40809,40709,110,1024,14,98,660900,0,0,0,0,1,43,0,0,5,4454,0,0,0,0,0,0,0,0,280,-21,0,0,28
153.33,0,0,0,0,50,747,1.81635,0.00540261,1.82468,90,0,21,20,23,0,-2,0,0,1,29,4406,4428,91,175,14,711,40809,40709,110,1024,14,98,400946,0,0,0,0,1,0,0,21,3,4469,0,0,0,0,0,0,0,0,280,-24,0,0,28
153.34,0,0,0,0,50,935,1.81671,0.00543057,1.82499,90,0,21,20,23,0,-2,0,0,1,29,4300,4428,9,175,14,711,40809,40709,110,1024,14,98,38700,0,0,0,0,1,86,0,0,2,4467,0,0,0,0,0,0,0,0,280,-18,0,0,28
153.35,0,0,0,0,50,1315,1.81707,0.00545852,1.8253,90,0,21,20,23,0,-2,0,0,1,29,4300,4428,4,175,14,711,40809,40709,110,1024,14,98,17200,0,0,0,0,1,0,257,0,0,4454,0,0,0,0,0,0,0,0,280,-75,0,0,28
153.36,0,0,0,0,50,1315,1.81743,0.00548648,1.82561,90,0,21,20,23,0,-2,0,0,1,29,4300,4428,4,175,14,711,40809,40709,110,1024,14,98,17200,0,0,0,0,1,0,257,0,0,4454,0,0,0,0,0,0,0,0,280,-212,0,0,28
153.37,0,0,0,0,50,1476,1.81779,0.00551443,1.82592,90,0,21,20,23,0,-2,0,0,1,29,4401,4428,-18,175,14,711,40809,40709,110,1024,14,98,-79218,0,0,0,0,1,148,214,0,51,4428,0,0,0,0,0,0,0,0,280,-212,0,0,28
153.38,0,0,0,0,50,1505,1.81815,0.00554239,1.82623,90,0,21,20,23,0,-2,0,0,1,29,4405,4428,6,175,14,711,40809,40709,110,1024,14,98,26430,0,0,0,0,1,306,452,0,143,4380,0,0,0,0,0,0,0,0,280,-447,0,0,28
153.39,0,0,0,0,50,1333,1.8185,0.00557035,1.82654,90,0,21,20,23,0,-2,0,0,1,29,4405,4428,27,175,14,711,40809,40709,110,1024,14,98,118935,0,0,0,0,1,0,1003,426,253,4353,0,0,0,0,0,0,0,0,280,-844,0,0,28
153.4,0,0,0,0,50,1005,1.81886,0.0055983,1.82685,90,0,21,20,23,0,-2,0,0,1,28,4405,4428,27,175,14,711,40817,40720,109,1024,13,98,118935,0,0,0,0,1,0,929,0,128,4411,0,0,0,0,0,0,0,0,280,-581,0,0,28
153.41,0,0,0,0,50,793,1.81899,0.0056394,1.82662,90,0,21,20,23,0,-2,0,0,1,28,4391,4423,239,175,14,711,40817,40720,109,1024,13,98,1.04945e+06,0,0,0,0,1,0,0,41,5,4456,0,0,0,0,0,0,0,0,280,-29,0,0,28
153.42,0,0,0,0,50,793,1.81912,0.00568051,1.82639,90,0,21,20,23,0,-2,0,0,1,28,4391,4423,188,175,14,711,40817,40720,109,1024,13,98,825508,0,0,0,0,1,0,30,0,2,4469,0,0,0,0,0,0,0,0,280,-17,0,0,28
153.43,0,0,0,0,50,775,1.81925,0.00572161,1.82616,90,0,21,20,23,0,-2,0,0,1,28,4391,4423,81,175,14,711,40817,40720,109,1024,13,98,355671,0,0,0,0,1,0,30,0,2,4469,0,0,0,0,0,0,0,0,280,-17,0,0,28
153.44,0,0,0,0,50,965,1.81938,0.00576271,1.82594,90,0,21,20,23,0,-2,0,0,1,28,4297,4423,7,175,14,711,40817,40720,109,1024,13,98,30079,0,0,0,0,1,0,0,92,2,4475,0,0,0,0,0,0,0,0,280,-13,0,0,28
153.45,0,0,0,0,50,1342,1.81951,0.00580381,1.82571,90,0,21,20,23,0,-2,0,0,1,28,4297,4423,7,175,14,711,40817,40720,109,1024,13,98,30079,0,0,0,0,1,242,0,0,0,4473,0,0,0,0,0,0,0,0,280,-31,0,0,28
153.46,0,0,0,0,50,1503,1.81964,0.00584491,1.82548,90,0,21,20,23,0,-2,0,0,1,28,4401,4423,1,175,14,711,40817,40720,109,1024,13,98,4401,0,0,0,0,1,0,0,347,56,4443,0,0,0,0,0,0,0,0,280,-224,0,0,28
153.47,0,0,0,0,50,1529,1.81976,0.00588601,1.82525,90,0,21,20,23,0,-2,0,0,1,28,4401,4423,-27,175,14,711,40817,40720,109,1024,13,98,-118827,0,0,0,0,1,0,0,730,141,4402,0,0,0,0,0,0,0,0,280,-416,0,0,28
153.48,0,0,0,0,50,1529,1.81989,0.00592711,1.82503,90,0,21,20,23,0,-2,0,0,1,28,4401,4423,-27,175,14,711,40817,40720,109,1024,13,98,-118827,0,0,0,0,1,0,0,730,141,4402,0,0,0,0,0,0,0,0,280,-858,0,0,28
153.49,0,0,0,0,50,1356,1.82002,0.00596821,1.8248,90,0,21,20,23,0,-2,0,0,1,28,4420,4407,97,175,14,711,40817,40720,109,1024,13,98,428740,0,0,0,0,1,1209,0,107,260,4337,0,0,0,0,0,0,0,0,280,-858,0,0,28
153.5,0,0,0,0,50,1026,1.82015,0.00600932,1.82457,90,0,21,20,23,0,-2,0,0,1,27,4420,4407,184,175,14,711,41041,40862,109,1024,98,102,813280,0,0,0,0,1,265,0,719,139,4402,0,0,0,0,0,0,0,0,280,-621,0,0,28
153.51,0,0,0,0,50,819,1.81978,0.0060443,1.82434,90,0,21,20,23,0,-2,0,0,1,27,4360,4407,239,175,14,711,41041,40862,109,1024,98,102,1.04204e+06,0,0,0,0,1,43,7,0,5,4460,0,0,0,0,0,0,0,0,280,-28,0,0,28
153.52,0,0,0,0,50,800,1.8194,0.00607928,1.82412,90,0,21,20,23,0,-2,0,0,1,27,4360,4407,239,175,14,711,41041,40862,109,1024,98,102,1.04204e+06,0,0,0,0,1,0,0,0,2,4469,0,0,0,0,0,0,0,0,280,-10,0,0,28
153.53,0,0,0,0,50,993,1.81903,0.00611427,1.82389,90,0,21,20,23,0,-2,0,0,1,27,4297,4407,6,175,14,711,41041,40862,109,1024,98,102,25782,0,0,0,0,1,112,0,0,0,4467,0,0,0,0,0,0,0,0,280,2,0,0,28
153.54,0,0,0,0,50,993,1.81865,0.00614925,1.82366,90,0,21,20,23,0,-2,0,0,1,27,4297,4407,4,175,14,711,41041,40862,109,1024,98,102,17188,0,0,0,0,1,113,123,0,0,4462,0,0,0,0,0,0,0,0,280,-50,0,0,28
153.55,0,0,0,0,50,1371,1.81828,0.00618424,1.82343,90,0,21,20,23,0,-2,0,0,1,27,4297,4407,5,175,14,711,41041,40862,109,1024,98,102,21485,0,0,0,0,1,113,123,0,0,4462,0,0,0,0,0,0,0,0,280,-50,0,0,28
153.56,0,0,0,0,50,1521,1.81791,0.00621922,1.82321,90,0,21,20,23,0,-2,0,0,1,27,4297,4407,0,175,14,711,41041,40862,109,1024,98,102,0,0,0,0,0,1,246,0,65,53,4430,0,0,0,0,0,0,0,0,280,-195,0,0,28
153.57,0,0,0,0,50,1553,1.81753,0.00625421,1.82298,90,0,21,20,23,0,-2,0,0,1,27,4297,4407,0,175,14,711,41041,40862,109,1024,98,102,0,0,0,0,0,1,177,0,484,142,4394,0,0,0,0,0,0,0,0,280,-408,0,0,28
153.58,0,0,0,0,50,1383,1.81716,0.00628919,1.82275,90,0,21,20,23,0,-2,0,0,1,27,4420,4407,54,175,14,711,41041,40862,109,1024,98,102,238680,0,0,0,0,1,1373,0,0,263,4342,0,0,0,0,0,0,0,0,280,-837,0,0,28
153.59,0,0,0,0,49,1050,1.81678,0.00632417,1.82253,90,0,21,20,23,0,-2,0,0,1,27,4420,4407,101,175,14,711,41041,40862,109,1024,98,102,446420,0,0,0,0,1,252,0,725,143,4397,0,0,0,0,0,0,0,0,280,-583,0,0,27
153.6,0,0,0,0,49,1050,1.81641,0.00635916,1.8223,90,0,21,20,23,0,-2,0,0,1,27,4420,4407,101,175,14,711,41012,40872,110,1024,73,93,446420,0,0,0,0,1,252,0,725,143,4397,0,0,0,0,0,0,0,0,270,-23,0,0,27
153.61,0,0,0,0,48,841,1.81484,0.00635029,1.82123,90,0,21,20,23,0,-2,0,0,1,27,4378,4407,175,175,14,711,41012,40872,110,1024,73,93,766150,0,0,0,0,1,41,0,0,6,4456,0,0,0,0,0,0,0,0,270,-23,0,0,27
153.62,0,0,0,0,48,824,1.81327,0.00634143,1.82016,90,0,21,20,23,0,-2,0,0,1,27,4297,4407,65,175,14,711,41012,40872,110,1024,73,93,279305,0,0,0,0,1,0,15,6,4,4467,0,0,0,0,0,0,0,0,270,-34,0,0,27
153.63,0,0,0,0,48,1012,1.8117,0.00633257,1.81909,90,0,21,20,23,0,-2,0,0,1,27,4297,4407,6,175,14,711,41012,40872,110,1024,73,93,25782,0,0,0,0,1,25,0,54,1,4473,0,0,0,0,0,0,0,0,270,0,0,0,27
153.64,0,0,0,0,48,1385,1.81013,0.0063237,1.81802,90,0,21,20,23,0,-2,0,0,1,27,4297,4407,6,175,12,711,41012,40872,110,1024,73,93,25782,0,0,0,0,1,260,0,0,0,4475,0,0,0,0,0,0,0,0,270,-44,0,0,27
153.65,0,0,0,0,48,1545,1.80856,0.00631484,1.81695,90,0,21,20,23,0,-2,0,0,1,27,4379,4407,0,175,12,711,41012,40872,110,1024,73,93,0,0,0,0,0,1,0,0,293,47,4441,0,0,0,0,0,0,0,0,270,-182,0,0,27
153.66,0,0,0,0,48,1545,1.80699,0.00630597,1.81588,90,0,21,20,23,0,-2,0,0,1,27,4404,4407,-21,175,12,711,41012,40872,110,1024,73,93,-92484,0,0,0,0,1,0,218,490,136,4402,0,0,0,0,0,0,0,0,270,-411,0,0,27
153.67,0,0,0,0,48,1569,1.80542,0.00629711,1.81481,90,0,21,20,23,0,-2,0,0,1,27,4404,4407,15,175,12,711,41012,40872,110,1024,73,93,66060,0,0,0,0,1,0,218,490,136,4402,0,0,0,0,0,0,0,0,270,-411,0,0,27
153.68,0,0,0,0,48,1403,1.80385,0.00628824,1.81374,90,0,21,20,23,0,-2,0,0,1,27,4416,4407,56,175,12,711,41012,40872,110,1024,73,93,247296,0,0,0,0,1,0,0,1472,262,4353,0,0,0,0,0,0,0,0,270,-869,0,0,27
153.69,0,0,0,0,48,1079,1.80228,0.00627938,1.81267,90,0,21,20,23,0,-2,0,0,1,27,4416,4407,56,175,12,711,41012,40872,110,1024,73,93,247296,0,0,0,0,1,0,679,311,147,4402,0,0,0,0,0,0,0,0,270,-614,0,0,27
153.7,0,0,0,0,48,872,1.80071,0.00627052,1.8116,90,0,21,20,23,0,-2,0,0,1,26,4376,4407,245,175,12,711,40575,40073,109,1024,67,98,1.07212e+06,0,0,0,0,1,0,0,66,7,4454,0,0,0,0,0,0,0,0,270,-38,0,0,27
153.71,0,0,0,0,48,851,1.80028,0.00627381,1.81088,90,0,21,20,23,0,-2,0,0,1,26,4376,4407,180,175,12,711,40575,40073,109,1024,67,98,787680,0,0,0,0,1,53,0,0,3,4464,0,0,0,0,0,0,0,0,270,-31,0,0,27
153.72,0,0,0,0,48,851,1.79985,0.00627711,1.81016,90,0,21,20,23,0,-2,0,0,1,26,4376,4407,180,175,12,711,40575,40073,109,1024,67,98,787680,0,0,0,0,1,53,0,0,3,4464,0,0,0,0,0,0,0,0,270,3,0,0,27
153.73,0,0,0,0,48,1030,1.79941,0.00628041,1.80944,90,0,21,20,23,0,-2,0,0,1,26,4378,4407,5,175,12,711,40575,40073,109,1024,67,98,21890,0,0,0,0,1,0,89,0,1,4456,0,0,0,0,0,0,0,0,270,3,0,0,27
153.74,0,0,0,0,48,1399,1.79898,0.00628371,1.80871,90,0,21,20,23,0,-2,0,0,1,26,4378,4407,6,175,12,711,40575,40073,109,1024,67,98,26268,0,0,0,0,1,0,99,90,0,4469,0,0,0,0,0,0,0,0,270,-45,0,0,27
153.75,0,0,0,0,48,1557,1.79854,0.00628701,1.80799,90,0,21,20,23,0,-2,0,0,1,26,4403,4407,1,175,12,711,40575,40073,109,1024,67,98,4403,0,0,0,0,1,182,93,0,46,4432,0,0,0,0,0,0,0,0,270,-160,0,0,27
153.76,0,0,0,0,48,1585,1.79811,0.00629031,1.80727,90,0,21,20,23,0,-2,0,0,1,26,4403,4407,1,175,12,711,40575,40073,109,1024,67,98,4403,0,0,0,0,1,686,0,0,134,4397,0,0,0,0,0,0,0,0,270,-401,0,0,27
153.77,0,0,0,0,48,1433,1.79768,0.00629361,1.80655,90,0,21,20,23,0,-2,0,0,1,26,4407,4407,60,175,12,711,40575,40073,109,1024,67,98,264420,0,0,0,0,1,1264,0,0,260,4339,0,0,0,0,0,0,0,0,270,-817,0,0,27
153.78,0,0,0,0,48,1433,1.79724,0.00629691,1.80583,90,0,21,20,23,0,-2,0,0,1,26,4407,4407,106,175,12,711,40575,40073,109,1024,67,98,467142,0,0,0,0,1,244,0,746,155,4395,0,0,0,0,0,0,0,0,270,-620,0,0,27
153.79,0,0,0,0,48,1114,1.79681,0.0063002,1.80511,90,0,21,20,23,0,-2,0,0,1,26,4375,4407,202,175,12,711,40575,40073,109,1024,67,98,883750,0,0,0,0,1,244,0,746,155,4395,0,0,0,0,0,0,0,0,270,-620,0,0,27
153.8,0,0,0,0,48,900,1.79638,0.0063035,1.80439,90,0,21,20,22,0,-2,0,0,1,26,4375,4407,202,175,12,711,40556,40060,109,1024,14,1,883750,0,0,0,0,1,72,0,0,9,4452,0,0,0,0,0,0,0,0,270,-43,0,0,27
153.81,0,0,0,0,48,871,1.79533,0.00629464,1.80379,90,0,21,20,22,0,-2,0,0,1,26,4308,4407,70,175,12,711,40556,40060,109,1024,14,1,301560,0,0,0,0,1,0,50,0,4,4464,0,0,0,0,0,0,0,0,270,-32,0,0,27
153.82,0,0,0,0,48,1031,1.79428,0.00628578,1.80319,90,0,21,20,22,0,-2,0,0,1,26,4308,4407,7,175,12,711,40556,40060,109,1024,14,1,30156,0,0,0,0,1,0,62,51,1,4462,0,0,0,0,0,0,0,0,270,-29,0,0,27
153.83,0,0,0,0,48,1397,1.79323,0.00627692,1.80259,90,0,21,20,22,0,-2,0,0,1,26,4326,4407,5,175,12,711,40556,40060,109,1024,14,1,21630,0,0,0,0,1,0,0,213,0,4475,0,0,0,0,0,0,0,0,270,-50,0,0,27
153.84,0,0,0,0,48,1397,1.79218,0.00626806,1.802,90,0,21,20,22,0,-2,0,0,1,26,4326,4407,5,175,12,711,40556,40060,109,1024,14,1,21630,0,0,0,0,1,0,0,213,0,4475,0,0,0,0,0,0,0,0,270,-152,0,0,27
153.85,0,0,0,0,48,1572,1.79113,0.0062592,1.8014,90,0,21,20,22,0,-2,0,0,1,26,4403,4407,-24,175,12,711,40556,40060,109,1024,14,1,-105672,0,0,0,0,1,0,267,0,39,4458,0,0,0,0,0,0,0,0,270,-152,0,0,27
153.86,0,0,0,0,48,1603,1.79008,0.00625034,1.8008,90,0,21,20,22,0,-2,0,0,1,26,4408,4407,16,175,12,711,40556,40060,109,1024,14,1,70528,0,0,0,0,1,367,270,0,130,4394,0,0,0,0,0,0,0,0,270,-375,0,0,27
153.87,0,0,0,0,48,1468,1.78903,0.00624148,1.8002,90,0,21,20,22,0,-2,0,0,1,26,4408,4407,59,175,12,711,40556,40060,109,1024,14,1,260072,0,0,0,0,1,662,710,0,256,4342,0,0,0,0,0,0,0,0,270,-803,0,0,27
153.88,0,0,0,0,48,1156,1.78798,0.00623262,1.79961,90,0,21,20,22,0,-2,0,0,1,26,4408,4407,59,175,12,711,40556,40060,109,1024,14,1,260072,0,0,0,0,1,388,0,750,171,4391,0,0,0,0,0,0,0,0,270,-664,0,0,27
153.89,0,0,0,0,48,932,1.78693,0.00622376,1.79901,90,0,21,20,22,0,-2,0,0,1,26,4400,4407,255,175,12,711,40556,40060,109,1024,14,1,1.122e+06,0,0,0,0,1,59,0,6,12,4458,0,0,0,0,0,0,0,0,270,-39,0,0,27
153.9,0,0,0,0,48,932,1.78588,0.0062149,1.79841,90,0,21,20,23,0,-2,0,0,1,26,4310,4407,194,175,12,711,40769,40595,110,1024,87,98,836140,0,0,0,0,1,31,17,0,4,4460,0,0,0,0,0,0,0,0,270,-28,0,0,27
153.91,0,0,0,0,48,897,1.78545,0.00620839,1.79826,90,0,21,20,23,0,-2,0,0,1,26,4310,4407,70,175,12,711,40769,40595,110,1024,87,98,301700,0,0,0,0,1,31,17,0,4,4460,0,0,0,0,0,0,0,0,270,-28,0,0,27
153.92,0,0,0,0,48,1032,1.78502,0.00620188,1.79811,90,0,21,20,23,0,-2,0,0,1,26,4310,4407,70,175,12,711,40769,40595,110,1024,87,98,301700,0,0,0,0,1,0,54,0,2,4452,0,0,0,0,0,0,0,0,270,-23,0,0,27
153.93,0,0,0,0,48,1389,1.78459,0.00619537,1.79796,90,0,21,20,23,0,-2,0,0,1,26,4400,4421,6,175,12,711,40769,40595,110,1024,87,98,26400,0,0,0,0,1,0,0,277,0,4478,0,0,0,0,0,0,0,0,270,-21,0,0,27
153.94,0,0,0,0,48,1582,1.78416,0.00618885,1.79781,90,0,21,20,23,0,-2,0,0,1,26,4400,4421,0,175,12,711,40769,40595,110,1024,87,98,0,0,0,0,0,1,30,147,0,32,4445,0,0,0,0,0,0,0,0,270,-109,0,0,27
153.95,0,0,0,0,48,1618,1.78373,0.00618234,1.79765,90,0,21,20,23,0,-2,0,0,1,26,4400,4421,-29,175,12,711,40769,40595,110,1024,87,98,-127600,0,0,0,0,1,580,0,0,117,4394,0,0,0,0,0,0,0,0,270,-344,0,0,27
153.96,0,0,0,0,48,1618,1.7833,0.00617583,1.7975,90,0,21,20,23,0,-2,0,0,1,26,4400,4421,-29,175,12,711,40769,40595,110,1024,87,98,-127600,0,0,0,0,1,580,0,0,117,4394,0,0,0,0,0,0,0,0,270,-739,0,0,27
153.97,0,0,0,0,47,1510,1.78287,0.00616932,1.79735,90,0,21,20,23,0,-2,0,0,1,26,4404,4421,103,175,12,711,40769,40595,110,1024,87,98,453612,0,0,0,0,1,1105,0,0,254,4339,0,0,0,0,0,0,0,0,270,-739,0,0,26
153.98,0,0,0,0,47,1214,1.78244,0.00616281,1.7972,90,0,21,20,23,0,-2,0,0,1,26,4401,4421,196,175,12,711,40769,40595,110,1024,87,98,862596,0,0,0,0,1,0,804,385,197,4387,0,0,0,0,0,0,0,0,270,-731,0,0,26
153.99,0,0,0,0,47,972,1.78201,0.0061563,1.79705,90,0,21,20,23,0,-2,0,0,1,26,4401,4421,253,175,12,711,40769,40595,110,1024,87,98,1.11345e+06,0,0,0,0,1,0,48,13,21,4464,0,0,0,0,0,0,0,0,260,-49,0,0,26
154,0,0,0,0,47,925,1.78158,0.00614978,1.7969,90,0,21,20,23,0,-2,0,0,1,26,4401,4421,253,175,12,711,40777,40610,108,1024,22,98,1.11345e+06,0,0,0,0,1,0,0,59,5,4464,0,0,0,0,0,0,0,0,260,-32,0,0,26
154.01,0,0,0,0,47,1024,1.78114,0.00613521,1.79656,90,0,21,20,23,0,-2,0,0,0.9,26,4309,4421,8,175,12,711,40777,40610,108,1024,22,98,34472,0,0,0,0,1,27,0,4,3,4460,0,0,0,0,0,0,0,0,260,-15,0,0,26
154.02,0,0,0,0,47,1024,1.78071,0.00612063,1.79623,90,0,21,20,23,0,-2,0,0,0.8,26,4309,4421,6,175,12,711,40777,40610,108,1024,22,98,25854,0,0,0,0,1,0,325,0,0,4467,0,0,0,0,0,0,0,0,260,-9,0,0,26
154.03,0,0,0,0,47,1365,1.78027,0.00610606,1.79589,90,0,21,20,23,0,-2,0,0,0.7,26,4377,4421,6,175,12,711,40777,40610,108,1024,22,98,26262,0,0,0,0,1,0,325,0,0,4467,0,0,0,0,0,0,0,0,260,-9,0,0,26
154.04,0,0,0,0,47,1591,1.77983,0.00609148,1.79556,90,0,21,20,23,0,-2,0,0,0.6,26,4377,4421,0,175,12,711,40777,40610,108,1024,22,98,0,0,0,0,0,1,60,0,71,24,4447,0,0,0,0,0,0,0,0,260,-68,0,0,26
154.05,0,0,0,0,47,1627,1.7794,0.00607691,1.79522,90,0,21,20,23,0,-2,0,1,0.5,26,4377,4421,0,175,12,711,40777,40610,108,1024,22,98,0,0,0,0,0,1,0,95,385,101,4413,0,0,0,0,0,0,0,0,260,-288,0,0,26
154.06,0,0,0,0,47,1551,1.77896,0.00606233,1.79489,90,0,21,20,23,0,-2,0,1,0.4,26,4419,4421,50,175,12,711,40777,40610,108,1024,22,98,220950,0,0,0,0,1,0,1025,0,240,4359,0,0,0,0,0,0,0,0,260,-702,0,0,26
154.07,0,0,0,0,46,1268,1.77852,0.00604776,1.79455,90,0,21,20,23,0,-2,0,0,0.3,26,4419,4421,99,175,12,711,40777,40610,108,1024,22,98,437481,0,0,0,0,1,656,0,574,207,4372,0,0,0,0,0,0,0,0,260,-709,0,0,26
154.08,0,0,0,0,46,1268,1.77809,0.00603318,1.79422,90,0,21,20,23,0,-2,0,0,0.2,26,4419,4421,99,175,12,711,40777,40610,108,1024,22,98,437481,0,0,0,0,1,656,0,574,207,4372,0,0,0,0,0,0,0,0,260,-102,0,0,26
154.09,0,0,0,0,46,1015,1.77765,0.00601861,1.79388,90,0,21,20,23,0,-2,0,0,0.1,26,4379,4421,198,175,12,711,40777,40610,108,1024,22,98,867042,0,0,0,0,1,0,0,180,35,4443,0,0,0,0,0,0,0,0,260,-102,0,0,26
154.1,0,0,0,0,46,955,1.77721,0.00600403,1.79355,90,0,21,20,23,0,-2,0,0,0,26,4379,4421,84,175,12,711,40595,40164,109,1024,67,98,367836,0,0,0,0,1,35,0,12,5,4452,0,0,0,0,0,0,0,0,260,-25,0,0,26
154.11,0,0,0,0,46,1013,1.77701,0.00597403,1.7934,90,0,21,20,23,0,-2,0,0,0.1,26,4379,4421,9,175,12,711,40595,40164,109,1024,67,98,39411,0,0,0,0,1,59,0,0,5,4462,0,0,0,0,0,0,0,0,260,-23,0,0,26
154.12,0,0,0,0,46,1320,1.77681,0.00594404,1.79325,90,0,21,20,23,0,-2,0,0,0.2,26,4379,4421,9,175,12,711,40595,40164,109,1024,67,98,39411,0,0,0,0,1,0,91,285,0,4473,0,0,0,0,0,0,0,0,260,-28,0,0,26
154.13,0,0,0,0,46,1579,1.77661,0.00591404,1.7931,90,0,21,20,23,0,-2,0,0,0.3,26,4402,4421,1,175,12,711,40595,40164,109,1024,67,98,4402,0,0,0,0,1,51,64,0,21,4437,0,0,0,0,0,0,0,0,260,-66,0,0,26
154.14,0,0,0,0,46,1579,1.7764,0.00588404,1.79295,90,0,21,20,23,0,-2,0,0,0.4,26,4402,4421,-29,175,12,711,40595,40164,109,1024,67,98,-127658,0,0,0,0,1,285,0,125,92,4408,0,0,0,0,0,0,0,0,260,-250,0,0,26
154.15,0,0,0,0,46,1632,1.7762,0.00585404,1.7928,90,0,21,20,23,0,-2,0,0,0.5,26,4407,4421,12,175,12,711,40595,40164,109,1024,67,98,52884,0,0,0,0,1,285,0,125,92,4408,0,0,0,0,0,0,0,0,260,-250,0,0,26
154.16,0,0,0,0,46,1601,1.776,0.00582404,1.79265,90,0,21,20,23,0,-2,0,0,0.6,26,4407,4421,43,175,12,711,40595,40164,109,1024,67,98,189501,0,0,0,0,1,0,0,1015,210,4361,0,0,0,0,0,0,0,0,260,-595,0,0,26
154.17,0,0,0,0,46,1351,1.7758,0.00579404,1.7925,90,0,21,20,23,0,-2,0,0,0.7,26,4407,4421,43,175,12,711,40595,40164,109,1024,67,98,189501,0,0,0,0,1,971,0,326,235,4348,0,0,0,0,0,0,0,0,260,-792,0,0,26
154.18,0,0,0,0,46,1077,1.7756,0.00576404,1.79236,90,0,21,20,23,0,-2,0,0,0.8,26,4401,4421,249,175,12,711,40595,40164,109,1024,67,98,1.09585e+06,0,0,0,0,1,0,0,418,71,4434,0,0,0,0,0,0,0,0,260,-262,0,0,26
154.19,0,0,0,0,46,984,1.77539,0.00573404,1.79221,90,0,21,20,23,0,-2,0,0,0.9,26,4315,4421,209,175,12,711,40595,40164,109,1024,67,98,901835,0,0,0,0,1,0,0,47,6,4456,0,0,0,0,0,0,0,0,260,-38,0,0,26
154.2,0,0,0,0,46,984,1.77519,0.00570404,1.79206,90,0,21,20,23,0,-2,0,0,1,26,4315,4421,209,175,12,711,40057,38736,109,1024,67,98,901835,0,0,0,0,1,0,0,47,6,4456,0,0,0,0,0,0,0,0,260,-28,0,0,26
154.21,0,0,0,0,46,1010,1.77491,0.00570322,1.79201,90,0,21,20,23,0,-2,0,0,1,26,4314,4421,7,175,12,711,40057,38736,109,1024,67,98,30198,0,0,0,0,1,27,0,31,6,4460,0,0,0,0,0,0,0,0,260,-28,0,0,26
154.22,0,0,0,0,46,1268,1.77463,0.00570239,1.79196,90,0,21,20,23,0,-2,0,0,1,26,4314,4421,7,175,12,711,40057,38736,109,1024,67,98,30198,0,0,0,0,1,0,103,164,1,4479,0,0,0,0,0,0,0,0,260,-12,0,0,26
154.23,0,0,0,0,46,1565,1.77435,0.00570156,1.79191,90,0,21,20,23,0,-2,0,0,1,26,4398,4421,3,175,12,711,40057,38736,109,1024,67,98,13194,0,0,0,0,1,0,140,0,16,4445,0,0,0,0,0,0,0,0,260,-74,0,0,26
154.24,0,0,0,0,46,1638,1.77407,0.00570073,1.79186,90,0,21,20,23,0,-2,0,0,1,26,4398,4421,3,175,12,711,40057,38736,109,1024,67,98,13194,0,0,0,0,1,305,0,106,84,4417,0,0,0,0,0,0,0,0,260,-231,0,0,26
154.25,0,0,0,0,45,1645,1.77379,0.00569991,1.79181,90,0,21,20,23,0,-2,0,0,1,26,4406,4421,33,175,12,711,40057,38736,109,1024,67,98,145398,0,0,0,0,1,0,112,715,180,4385,0,0,0,0,0,0,0,0,260,-528,0,0,25
154.26,0,0,0,0,45,1645,1.7735,0.00569908,1.79176,90,0,21,20,23,0,-2,0,0,1,26,4406,4421,92,175,10,711,40057,38736,109,1024,67,98,405352,0,0,0,0,1,0,0,1340,251,4350,0,0,0,0,0,0,0,0,250,-774,0,0,25
154.27,0,0,0,0,44,1433,1.77322,0.00569825,1.79171,90,0,21,20,23,0,-2,0,0,1,26,4406,4421,166,175,10,711,40057,38736,109,1024,67,98,731396,0,0,0,0,1,0,0,1340,251,4350,0,0,0,0,0,0,0,0,250,-774,0,0,24
154.28,0,0,0,0,43,1147,1.77294,0.00569743,1.79166,90,0,21,20,23,0,-2,0,0,1,26,4387,4421,250,175,10,711,40057,38736,109,1024,67,98,1.09675e+06,0,0,0,0,1,0,622,0,103,4426,0,0,0,0,0,0,0,0,250,-361,0,0,24
154.29,0,0,0,0,42,1013,1.77266,0.0056966,1.79161,90,0,21,20,23,0,-2,0,0,1,26,4387,4421,250,175,10,711,40057,38736,109,1024,67,98,1.09675e+06,0,0,0,0,1,0,65,0,7,4462,0,0,0,0,0,0,0,0,240,-39,0,0,23
154.3,0,0,0,0,42,1013,1.77238,0.00569577,1.79156,90,0,21,20,23,0,-2,0,0,1,26,4387,4423,17,175,10,711,40669,40349,109,1024,67,98,74579,0,0,0,0,1,0,60,0,5,4469,0,0,0,0,0,0,0,0,229,-35,0,0,23
154.31,0,0,0,0,42,1204,1.77255,0.00564773,1.79168,90,0,21,20,23,0,-2,0,0,0.9,26,4387,4423,7,175,10,711,40669,40349,109,1024,67,98,30709,0,0,0,0,1,47,97,0,2,4454,0,0,0,0,0,0,0,0,229,-17,0,0,23
154.32,0,0,0,0,42,1204,1.77272,0.0055997,1.79179,90,0,21,20,23,0,-2,0,0,0.8,26,4387,4423,7,175,10,711,40669,40349,109,1024,67,98,30709,0,0,0,0,1,47,97,0,2,4454,0,0,0,0,0,0,0,0,229,-53,0,0,23
154.33,0,0,0,0,42,1522,1.77289,0.00555166,1.79191,90,0,21,20,23,0,-2,0,0,0.7,26,4402,4423,-17,175,10,711,40669,40349,109,1024,67,98,-74834,0,0,0,0,1,125,30,0,5,4456,0,0,0,0,0,0,0,0,229,-53,0,0,23
154.34,0,0,0,0,42,1636,1.77306,0.00550362,1.79203,90,0,21,20,23,0,-2,0,0,0.6,26,4402,4423,0,175,10,711,40669,40349,109,1024,67,98,0,0,0,0,0,1,0,0,252,48,4443,0,0,0,0,0,0,0,0,229,-164,0,0,23
154.35,0,0,0,0,42,1653,1.77323,0.00545558,1.79215,90,0,21,20,23,0,-2,0,0,0.5,26,4402,4423,25,175,10,711,40669,40349,109,1024,67,98,110050,0,0,0,0,1,0,575,0,116,4411,0,0,0,0,0,0,0,0,229,-336,0,0,23
154.36,0,0,0,0,42,1516,1.7734,0.00540754,1.79227,90,0,21,20,23,0,-2,0,0,0.4,26,4402,4423,25,175,10,711,40669,40349,109,1024,67,98,110050,0,0,0,0,1,0,1020,0,231,4356,0,0,0,0,0,0,0,0,229,-673,0,0,23
154.37,0,0,0,0,42,1244,1.77357,0.0053595,1.79238,90,0,21,20,23,0,-2,0,0,0.3,26,4405,4423,238,175,10,711,40669,40349,109,1024,67,98,1.04839e+06,0,0,0,0,1,0,0,815,147,4391,0,0,0,0,0,0,0,0,229,-509,0,0,23
154.38,0,0,0,0,42,1244,1.77374,0.00531147,1.7925,90,0,21,20,23,0,-2,0,0,0.2,26,4405,4423,232,175,10,711,40669,40349,109,1024,67,98,1.02196e+06,0,0,0,0,1,0,1,78,13,4464,0,0,0,0,0,0,0,0,229,-36,0,0,23
154.39,0,0,0,0,42,1058,1.77391,0.00526343,1.79262,90,0,21,20,23,0,-2,0,0,0.1,26,4293,4423,139,175,10,711,40669,40349,109,1024,67,98,596727,0,0,0,0,1,0,1,78,13,4464,0,0,0,0,0,0,0,0,229,-36,0,0,23
154.4,0,0,0,0,42,1033,1.77409,0.00521539,1.79274,90,0,21,20,23,0,-2,0,0,0,26,4293,4423,139,175,10,711,39864,38204,109,1024,13,98,596727,0,0,0,0,1,0,0,39,6,4467,0,0,0,0,0,0,0,0,229,-40,0,0,23
154.41,0,0,0,0,42,1122,1.77419,0.00523276,1.7927,90,0,21,20,23,0,-2,0,0,0,26,4293,4423,8,175,10,711,39864,38204,109,1024,13,98,34344,0,0,0,0,1,0,15,19,5,4462,0,0,0,0,0,0,0,0,229,-17,0,0,23
154.42,0,0,0,0,42,1417,1.77429,0.00525013,1.79266,90,0,21,20,23,0,-2,0,0,0,26,4393,4423,8,175,10,711,39864,38204,109,1024,13,98,35144,0,0,0,0,1,71,0,136,1,4475,0,0,0,0,0,0,0,0,229,-43,0,0,23
154.43,0,0,0,0,42,1612,1.7744,0.0052675,1.79262,90,0,21,20,23,0,-2,0,0,0,26,4393,4423,0,175,10,711,39864,38204,109,1024,13,98,0,0,0,0,0,1,0,136,0,24,4460,0,0,0,0,0,0,0,0,229,-79,0,0,23
154.44,0,0,0,0,42,1612,1.7745,0.00528487,1.79258,90,0,21,20,23,0,-2,0,0,0,26,4393,4423,0,175,10,711,39864,38204,109,1024,13,98,0,0,0,0,0,1,0,136,0,24,4460,0,0,0,0,0,0,0,0,229,-234,0,0,23
154.45,0,0,0,0,42,1644,1.7746,0.00530224,1.79253,90,0,21,20,23,0,-2,0,0,0,26,4403,4426,79,175,10,711,39864,38204,109,1024,13,98,347837,0,0,0,0,1,388,0,0,85,4419,0,0,0,0,0,0,0,0,229,-234,0,0,23
154.46,0,0,0,0,42,1603,1.77471,0.00531961,1.79249,90,0,21,20,23,0,-2,0,0,0,26,4403,4426,115,175,10,711,39864,38204,109,1024,13,98,506345,0,0,0,0,1,391,0,535,195,4372,0,0,0,0,0,0,0,0,229,-559,0,0,23
154.47,0,0,0,0,42,1371,1.77481,0.00533698,1.79245,90,0,21,20,23,0,-2,0,0,0,26,4403,4426,211,175,10,711,39864,38204,109,1024,13,98,929033,0,0,0,0,1,1155,0,0,208,4372,0,0,0,0,0,0,0,0,229,-675,0,0,23
154.48,0,0,0,0,42,1136,1.77491,0.00535436,1.79241,90,0,21,20,23,0,-2,0,0,0,26,4403,4426,211,175,10,711,39864,38204,109,1024,13,98,929033,0,0,0,0,1,0,0,293,60,4434,0,0,0,0,0,0,0,0,229,-171,0,0,23
154.49,0,0,0,0,42,1058,1.77502,0.00537173,1.79237,90,0,21,20,23,0,-2,0,0,0,26,4371,4426,64,175,10,711,39864,38204,109,1024,13,98,279744,0,0,0,0,1,0,0,71,7,4460,0,0,0,0,0,0,0,0,229,-26,0,0,23
154.5,0,0,0,0,42,1058,1.77512,0.0053891,1.79233,90,0,21,20,22,0,-2,0,0,0,26,4371,4426,9,175,10,711,40525,40025,109,1024,87,98,39339,0,0,0,0,1,0,36,53,7,4467,0,0,0,0,0,0,0,0,229,-39,0,0,23
154.51,0,0,0,0,42,1074,1.77564,0.00539482,1.79267,90,0,21,20,22,0,-2,0,0,0,26,4328,4426,8,175,10,711,40525,40025,109,1024,87,98,34624,0,0,0,0,1,0,36,53,7,4467,0,0,0,0,0,0,0,0,229,-39,0,0,23
154.52,0,0,0,0,42,1274,1.77615,0.00540054,1.79302,90,0,21,20,22,0,-2,0,0,0,26,4328,4426,8,175,10,711,40525,40025,109,1024,87,98,34624,0,0,0,0,1,45,105,0,5,4454,0,0,0,0,0,0,0,0,229,-33,0,0,23
154.53,0,0,0,0,42,1548,1.77667,0.00540626,1.79336,90,0,21,20,22,0,-2,0,0,0,26,4328,4442,-17,175,10,711,40525,40025,109,1024,87,98,-73576,0,0,0,0,1,131,0,0,16,4438,0,0,0,0,0,0,0,0,229,-59,0,0,23
154.54,0,0,0,0,42,1630,1.77719,0.00541199,1.79371,90,0,21,20,22,0,-2,0,0,0,26,4402,4442,17,175,10,711,40525,40025,109,1024,87,98,74834,0,0,0,0,1,0,0,305,65,4426,0,0,0,0,0,0,0,0,229,-202,0,0,23
154.55,0,0,0,0,42,1656,1.7777,0.00541771,1.79405,90,0,21,20,22,0,-2,0,0,0,26,4402,4442,57,175,10,711,40525,40025,109,1024,87,98,250914,0,0,0,0,1,0,589,0,117,4413,0,0,0,0,0,0,0,0,229,-336,0,0,23
154.56,0,0,0,0,42,1656,1.77822,0.00542343,1.79439,90,0,21,20,22,0,-2,0,0,0,26,4402,4442,57,175,10,711,40525,40025,109,1024,87,98,250914,0,0,0,0,1,0,589,0,117,4413,0,0,0,0,0,0,0,0,229,-681,0,0,23
154.57,0,0,0,0,42,1519,1.77874,0.00542915,1.79474,90,0,21,20,22,0,-2,0,0,0,26,4398,4442,251,175,8,711,40525,40025,109,1024,87,98,1.1039e+06,0,0,0,0,1,106,952,0,232,4356,0,0,0,0,0,0,0,0,229,-681,0,0,23
154.58,0,0,0,0,42,1256,1.77925,0.00543488,1.79508,90,0,21,20,22,0,-2,0,0,0,26,4315,4442,212,175,8,711,40525,40025,109,1024,87,98,914780,0,0,0,0,1,0,0,848,145,4400,0,0,0,0,0,0,0,0,229,-482,0,0,23
154.59,0,0,0,0,42,1093,1.77977,0.0054406,1.79542,90,0,21,20,22,0,-2,0,0,0,26,4315,4442,95,175,8,711,40525,40025,109,1024,87,98,409925,0,0,0,0,1,0,68,37,13,4460,0,0,0,0,0,0,0,0,229,-35,0,0,23
154.6,0,0,0,0,43,1076,1.78029,0.00544632,1.79577,90,0,21,20,23,0,-2,0,0,0,26,4315,4442,95,175,8,711,40047,38760,109,1024,67,98,409925,0,0,0,0,1,0,89,0,8,4471,0,0,0,0,0,0,0,0,229,-49,0,0,24
154.61,0,0,0,0,43,1155,1.78103,0.00545627,1.79632,90,0,21,20,23,0,-2,0,1,0,26,4397,4436,9,175,8,711,40047,38760,109,1024,67,98,39573,0,0,0,0,1,12,73,0,9,4458,0,0,0,0,0,0,0,0,240,-23,0,0,24
154.62,0,0,0,0,43,1155,1.78176,0.00546622,1.79686,90,0,21,20,23,0,-2,0,1,0,26,4397,4436,5,175,8,711,40047,38760,109,1024,67,98,21985,0,0,0,0,1,0,142,41,8,4460,0,0,0,0,0,0,0,0,240,-41,0,0,24
154.63,0,0,0,0,44,1429,1.7825,0.00547617,1.79741,90,0,21,20,23,0,-2,0,0,0,26,4397,4436,-15,175,8,711,40047,38760,109,1024,67,98,-65955,0,0,0,0,1,0,142,41,8,4460,0,0,0,0,0,0,0,0,240,-41,0,0,24
154.64,0,0,0,0,44,1618,1.78323,0.00548612,1.79796,90,0,21,20,23,0,-2,0,0,0,26,4401,4436,5,175,8,711,40047,38760,109,1024,67,98,22005,0,0,0,0,1,158,0,0,29,4445,0,0,0,0,0,0,0,0,240,-93,0,0,24
154.65,0,0,0,0,44,1658,1.78397,0.00549607,1.79851,90,0,21,20,23,0,-2,0,0,0,26,4401,4436,5,175,8,711,40047,38760,109,1024,67,98,22005,0,0,0,0,1,0,0,399,86,4419,0,0,0,0,0,0,0,0,240,-230,0,0,24
154.66,0,0,0,0,44,1632,1.78471,0.00550602,1.79905,90,0,21,20,23,0,-2,0,0,0,26,4404,4436,119,175,8,711,40047,38760,109,1024,67,98,524076,0,0,0,0,1,0,823,0,192,4372,0,0,0,0,0,0,0,0,240,-538,0,0,24
154.67,0,0,0,0,44,1419,1.78544,0.00551598,1.7996,90,0,21,20,23,0,-2,0,0,0,26,4404,4436,204,175,8,711,40047,38760,109,1024,67,98,898416,0,0,0,0,1,0,375,771,215,4370,0,0,0,0,0,0,0,0,240,-688,0,0,24
154.68,0,0,0,0,44,1419,1.78618,0.00552593,1.80015,90,0,21,20,23,0,-2,0,0,0,26,4404,4436,204,175,9,711,40047,38760,109,1024,67,98,898416,0,0,0,0,1,0,375,771,215,4370,0,0,0,0,0,0,0,0,240,-248,0,0,24
154.69,0,0,0,0,45,1187,1.78692,0.00553588,1.8007,90,0,21,20,23,0,-2,0,0,0,26,4307,4436,40,175,9,711,40047,38760,109,1024,67,98,172280,0,0,0,0,1,387,13,0,78,4421,0,0,0,0,0,0,0,0,240,-248,0,0,25
154.7,0,0,0,0,46,1102,1.78765,0.00554583,1.80125,90,0,21,20,23,0,-2,0,0,0,26,4307,4436,10,175,9,711,39979,38587,109,1024,68,98,43070,0,0,0,0,1,65,0,0,10,4449,0,0,0,0,0,0,0,0,240,-38,0,0,26
154.71,0,0,0,0,46,1110,1.78845,0.00559573,1.80188,90,0,21,20,23,0,-2,0,0,0,26,4388,4436,10,175,9,711,39979,38587,109,1024,68,98,43880,0,0,0,0,1,0,0,51,10,4456,0,0,0,0,0,0,0,0,250,-53,0,0,26
154.72,0,0,0,0,47,1275,1.78926,0.00564564,1.80251,90,0,21,20,23,0,-2,0,0,0,26,4388,4436,10,175,9,711,39979,38587,109,1024,68,98,43880,0,0,0,0,1,0,87,0,10,4456,0,0,0,0,0,0,0,0,260,-31,0,0,26
154.73,0,0,0,0,47,1551,1.79006,0.00569554,1.80314,90,0,21,20,23,0,-2,0,0,0,26,4401,4436,-5,175,9,711,39979,38587,109,1024,68,98,-22005,0,0,0,0,1,0,165,0,21,4437,0,0,0,0,0,0,0,0,260,-88,0,0,26
154.74,0,0,0,0,48,1551,1.79086,0.00574545,1.80377,90,0,21,20,23,0,-2,0,0,0,26,4401,4436,19,175,9,711,39979,38587,109,1024,68,98,83619,0,0,0,0,1,262,0,123,78,4419,0,0,0,0,0,0,0,0,260,-219,0,0,27
154.75,0,0,0,0,48,1656,1.79166,0.00579535,1.8044,90,0,21,20,23,0,-2,0,0,0,26,4401,4436,48,175,9,711,39979,38587,109,1024,68,98,211248,0,0,0,0,1,262,0,123,78,4419,0,0,0,0,0,0,0,0,260,-219,0,0,27
154.76,0,0,0,0,48,1699,1.79246,0.00584526,1.80503,90,0,21,20,23,0,-2,0,0,0,26,4401,4436,85,175,9,711,39979,38587,109,1024,68,98,374085,0,0,0,0,1,0,451,94,136,4406,0,0,0,0,0,0,0,0,270,-339,0,0,27
154.77,0,0,0,0,48,1592,1.79326,0.00589516,1.80566,90,0,21,20,23,0,-2,0,0,0,26,4401,4436,85,175,9,711,39979,38587,109,1024,68,98,374085,0,0,0,0,1,250,909,0,252,4337,0,0,0,0,0,0,0,0,270,-714,0,0,27
154.78,0,0,0,0,48,1335,1.79406,0.00594507,1.80629,90,0,21,20,23,0,-2,0,0,0,26,4333,4436,200,175,10,711,39979,38587,109,1024,68,98,866600,0,0,0,0,1,0,470,588,191,4376,0,0,0,0,0,0,0,0,270,-643,0,0,27
154.79,0,0,0,0,48,1148,1.79486,0.00599497,1.80692,90,0,21,20,23,0,-2,0,0,0,26,4333,4436,109,175,10,711,39979,38587,109,1024,68,98,472297,0,0,0,0,1,60,58,0,32,4449,0,0,0,0,0,0,0,0,270,-65,0,0,27
154.8,0,0,0,0,48,1148,1.79567,0.00604488,1.80755,90,0,21,20,23,0,-2,0,0,0,26,4333,4436,109,175,10,711,40206,39216,109,1024,61,98,472297,0,0,0,0,1,60,58,0,32,4449,0,0,0,0,0,0,0,0,270,-41,0,0,27
154.81,0,0,0,0,48,1119,1.79629,0.0060571,1.80792,90,0,21,20,23,0,-2,0,0,0,26,4318,4436,10,175,10,711,40206,39216,109,1024,61,98,43180,0,0,0,0,1,71,0,0,10,4445,0,0,0,0,0,0,0,0,270,-41,0,0,27
154.82,0,0,0,0,49,1173,1.79691,0.00606932,1.80828,90,0,21,20,23,0,-2,0,0,0,26,4318,4453,11,175,10,711,40206,39216,109,1024,61,98,47498,0,0,0,0,1,0,0,80,10,4464,0,0,0,0,0,0,0,0,270,-37,0,0,27
154.83,0,0,0,0,49,1432,1.79753,0.00608154,1.80864,90,0,21,20,23,0,-2,0,0,0,26,4318,4453,5,175,10,711,40206,39216,109,1024,61,98,21590,0,0,0,0,1,293,0,0,11,4462,0,0,0,0,0,0,0,0,270,-84,0,0,27
154.84,0,0,0,0,49,1665,1.79815,0.00609376,1.80901,90,0,21,20,23,0,-2,0,0,0,26,4318,4453,5,175,10,711,40206,39216,109,1024,61,98,21590,0,0,0,0,1,0,36,147,31,4449,0,0,0,0,0,0,0,0,270,-91,0,0,27
154.85,0,0,0,0,49,1725,1.79877,0.00610598,1.80937,90,0,21,20,23,0,-2,0,0,0,26,4403,4453,68,175,10,711,40206,39216,109,1024,61,98,299404,0,0,0,0,1,420,0,0,102,4402,0,0,0,0,0,0,0,0,270,-264,0,0,27
154.86,0,0,0,0,49,1725,1.79939,0.00611821,1.80974,90,0,21,20,23,0,-2,0,0,0,26,4403,4453,92,175,10,711,40206,39216,109,1024,61,98,405076,0,0,0,0,1,0,0,865,213,4361,0,0,0,0,0,0,0,0,270,-572,0,0,27
154.87,0,0,0,0,49,1722,1.80001,0.00613043,1.8101,90,0,21,20,23,0,-2,0,0,0,26,4403,4453,167,175,10,711,40206,39216,109,1024,61,98,735301,0,0,0,0,1,0,0,865,213,4361,0,0,0,0,0,0,0,0,270,-572,0,0,27
154.88,0,0,0,0,49,1502,1.80064,0.00614265,1.81047,90,0,21,20,23,0,-2,0,0,0,26,4374,4453,229,175,10,711,40206,39216,109,1024,61,98,1.00165e+06,0,0,0,0,1,0,298,977,262,4350,0,0,0,0,0,0,0,0,270,-778,0,0,27
154.89,0,0,0,0,49,1244,1.80126,0.00615487,1.81083,90,0,21,20,23,0,-2,0,0,0,26,4374,4453,229,175,11,711,40206,39216,109,1024,61,98,1.00165e+06,0,0,0,0,1,629,0,0,106,4411,0,0,0,0,0,0,0,0,270,-366,0,0,27
154.9,0,0,0,0,49,1145,1.80188,0.00616709,1.8112,90,0,21,20,23,0,-2,0,0,0,26,4374,4443,14,175,11,711,40547,40073,108,1024,64,98,61236,0,0,0,0,1,0,0,66,11,4458,0,0,0,0,0,0,0,0,270,-59,0,0,27
154.91,0,0,0,0,49,1153,1.80252,0.00614557,1.81169,90,0,21,20,23,0,-2,0,0,0,26,4369,4443,11,175,11,711,40547,40073,108,1024,64,98,48059,0,0,0,0,1,0,38,24,11,4460,0,0,0,0,0,0,0,0,270,-49,0,0,27
154.92,0,0,0,0,50,1153,1.80316,0.00612404,1.81218,90,0,21,20,23,0,-2,0,0,0,26,4369,4443,11,175,11,711,40547,40073,108,1024,64,98,48059,0,0,0,0,1,0,38,24,11,4460,0,0,0,0,0,0,0,0,270,-37,0,0,28
154.93,0,0,0,0,50,1327,1.8038,0.00610252,1.81268,90,0,21,20,23,0,-2,0,0,0,26,4400,4443,5,175,11,711,40547,40073,108,1024,64,98,22000,0,0,0,0,1,117,0,0,9,4458,0,0,0,0,0,0,0,0,270,-37,0,0,28
154.94,0,0,0,0,50,1629,1.80444,0.00608099,1.81317,90,0,21,20,23,0,-2,0,0,0,26,4400,4443,14,175,11,711,40547,40073,108,1024,64,98,61600,0,0,0,0,1,19,0,147,19,4460,0,0,0,0,0,0,0,0,280,-82,0,0,28
154.95,0,0,0,0,50,1742,1.80507,0.00605947,1.81366,90,0,21,20,23,0,-2,0,0,0,26,4405,4443,30,175,11,711,40547,40073,108,1024,64,98,132150,0,0,0,0,1,289,117,0,88,4408,0,0,0,0,0,0,0,0,280,-244,0,0,28
154.96,0,0,0,0,50,1782,1.80571,0.00603794,1.81416,90,0,21,20,23,0,-2,0,0,0,26,4405,4443,30,175,11,711,40547,40073,108,1024,64,98,132150,0,0,0,0,1,0,97,510,150,4387,0,0,0,0,0,0,0,0,280,-393,0,0,28
154.97,0,0,0,0,49,1650,1.80635,0.00601642,1.81465,90,0,21,20,23,0,-2,0,0,0,26,4405,4431,194,175,11,711,40547,40073,108,1024,64,98,854570,0,0,0,0,1,434,841,0,284,4322,0,0,0,0,0,0,0,0,280,-758,0,0,27
154.98,0,0,0,0,49,1650,1.80699,0.00599489,1.81515,90,0,21,20,23,0,-2,0,0,0,26,4405,4431,229,175,11,711,40547,40073,108,1024,64,98,1.00874e+06,0,0,0,0,1,0,950,0,192,4378,0,0,0,0,0,0,0,0,270,-606,0,0,27
154.99,0,0,0,0,50,1381,1.80763,0.00597337,1.81564,90,0,21,20,23,0,-2,0,0,0,26,4352,4431,172,175,12,711,40547,40073,108,1024,64,98,748544,0,0,0,0,1,0,950,0,192,4378,0,0,0,0,0,0,0,0,270,-606,0,0,28
155,0,0,0,0,50,1197,1.80827,0.00595184,1.81613,90,0,21,20,22,0,-2,0,0,0,26,4352,4431,73,175,12,711,40815,40730,109,1024,13,98,317696,0,0,0,0,1,117,0,0,24,4445,0,0,0,0,0,0,0,0,270,-67,0,0,28
155.01,0,0,0,0,50,1175,1.80856,0.00594726,1.81641,90,0,21,20,22,0,-2,0,0,0.1,26,4352,4431,73,175,12,711,40815,40730,109,1024,13,98,317696,0,0,0,0,1,0,0,119,11,4469,0,0,0,0,0,0,0,0,280,-54,0,0,28
155.02,0,0,0,0,50,1250,1.80885,0.00594267,1.8167,90,0,21,20,22,0,-2,0,0,0.2,26,4397,4431,12,175,12,711,40815,40730,109,1024,13,98,52764,0,0,0,0,1,0,77,0,11,4458,0,0,0,0,0,0,0,0,280,-32,0,0,28
155.03,0,0,0,0,50,1538,1.80913,0.00593809,1.81698,90,0,21,20,22,0,-2,0,0,0.3,26,4397,4431,14,175,12,711,40815,40730,109,1024,13,98,61558,0,0,0,0,1,0,281,0,5,4454,0,0,0,0,0,0,0,0,280,-70,0,0,28
155.04,0,0,0,0,50,1538,1.80942,0.0059335,1.81726,90,0,21,20,22,0,-2,0,0,0.4,26,4397,4431,14,175,12,711,40815,40730,109,1024,13,98,61558,0,0,0,0,1,0,281,0,5,4454,0,0,0,0,0,0,0,0,280,-105,0,0,28
155.05,0,0,0,0,50,1754,1.80971,0.00592892,1.81754,90,0,21,20,22,0,-2,0,0,0.5,26,4397,4431,46,175,12,711,40815,40730,109,1024,13,98,202262,0,0,0,0,1,0,0,201,36,4449,0,0,0,0,0,0,0,0,280,-105,0,0,28
155.06,0,0,0,0,50,1810,1.81,0.00592433,1.81782,90,0,21,20,22,0,-2,0,0,0.6,26,4402,4431,95,175,12,711,40815,40730,109,1024,13,98,418190,0,0,0,0,1,459,0,0,115,4389,0,0,0,0,0,0,0,0,280,-284,0,0,28
155.07,0,0,0,0,50,1779,1.81028,0.00591975,1.8181,90,0,21,20,22,0,-2,0,0,0.7,26,4402,4431,140,175,12,711,40815,40730,109,1024,13,98,616280,0,0,0,0,1,0,733,347,257,4350,0,0,0,0,0,0,0,0,280,-652,0,0,28
155.08,0,0,0,0,50,1530,1.81057,0.00591516,1.81838,90,0,21,20,22,0,-2,0,0,0.8,26,4402,4431,140,175,12,711,40815,40730,109,1024,13,98,616280,0,0,0,0,1,0,1318,0,268,4346,0,0,0,0,0,0,0,0,280,-771,0,0,28
155.09,0,0,0,0,50,1278,1.81086,0.00591058,1.81866,90,0,21,20,22,0,-2,0,0,0.9,26,4362,4431,181,175,13,711,40815,40730,109,1024,13,98,789522,0,0,0,0,1,0,0,440,93,4421,0,0,0,0,0,0,0,0,280,-284,0,0,28
155.1,0,0,0,0,50,1278,1.81115,0.00590599,1.81895,90,0,21,20,23,0,-2,0,0,1,26,4362,4431,72,175,13,711,40789,40650,110,1024,13,98,314064,0,0,0,0,1,0,97,0,12,4456,0,0,0,0,0,0,0,0,280,-52,0,0,28
155.11,0,0,0,0,51,1205,1.81138,0.00593359,1.81923,90,0,21,20,23,0,-2,0,0,1,26,4362,4431,14,175,13,711,40789,40650,110,1024,13,98,61068,0,0,0,0,1,0,97,0,12,4456,0,0,0,0,0,0,0,0,280,-52,0,0,28
155.12,0,0,0,0,51,1226,1.81161,0.00596119,1.81952,90,0,21,20,23,0,-2,0,0,1,26,4362,4431,13,175,13,711,40789,40650,110,1024,13,98,56706,0,0,0,0,1,86,0,0,11,4452,0,0,0,0,0,0,0,0,280,-50,0,0,28
155.13,0,0,0,0,51,1453,1.81184,0.00598879,1.81981,90,0,21,20,23,0,-2,0,0,1,26,4362,4431,13,175,13,711,40789,40650,110,1024,13,98,56706,0,0,0,0,1,0,270,0,8,4449,0,0,0,0,0,0,0,0,280,-37,0,0,28
155.14,0,0,0,0,52,1738,1.81207,0.00601639,1.8201,90,0,21,20,23,0,-2,0,0,1,26,4374,4431,6,175,13,711,40789,40650,110,1024,13,98,26244,0,0,0,0,1,0,0,156,22,4469,0,0,0,0,0,0,0,0,280,-69,0,0,29
155.15,0,0,0,0,52,1822,1.8123,0.00604399,1.82039,90,0,21,20,23,0,-2,0,0,1,26,4399,4431,26,175,13,711,40789,40650,110,1024,13,98,114374,0,0,0,0,1,434,0,0,107,4400,0,0,0,0,0,0,0,0,290,-258,0,0,29
155.16,0,0,0,0,52,1822,1.81254,0.00607159,1.82068,90,0,21,20,23,0,-2,0,0,1,26,4399,4431,26,175,13,711,40789,40650,110,1024,13,98,114374,0,0,0,0,1,434,0,0,107,4400,0,0,0,0,0,0,0,0,290,-458,0,0,29
155.17,0,0,0,0,52,1855,1.81277,0.00609918,1.82097,90,0,21,20,23,0,-2,0,0,1,26,4394,4431,159,175,13,711,40789,40650,110,1024,13,98,698646,0,0,0,0,1,95,628,0,188,4368,0,0,0,0,0,0,0,0,290,-458,0,0,29
155.18,0,0,0,0,52,1682,1.813,0.00612678,1.82126,90,0,21,20,23,0,-2,0,0,1,26,4394,4431,256,175,13,711,40789,40650,110,1024,13,98,1.12486e+06,0,0,0,0,1,728,0,660,308,4324,0,0,0,0,0,0,0,0,290,-839,0,0,29
155.19,0,0,0,0,52,1397,1.81323,0.00615438,1.82154,90,0,21,20,23,0,-2,0,0,1,26,4394,4415,253,175,13,711,40789,40650,110,1024,13,98,1.11168e+06,0,0,0,0,1,961,0,0,180,4380,0,0,0,0,0,0,0,0,290,-560,0,0,29
155.2,0,0,0,0,52,1248,1.81346,0.00618198,1.82183,90,0,21,20,23,0,-2,0,0,1,26,4394,4415,253,175,14,711,40716,40492,109,1024,64,98,1.11168e+06,0,0,0,0,1,0,76,33,16,4460,0,0,0,0,0,0,0,0,290,-40,0,0,29
155.21,0,0,0,0,52,1243,1.81386,0.00618402,1.82218,90,0,21,20,23,0,-2,0,0,1,26,4284,4415,13,175,14,711,40716,40492,109,1024,64,98,55692,0,0,0,0,1,98,0,0,13,4452,0,0,0,0,0,0,0,0,290,-55,0,0,29
155.22,0,0,0,0,52,1243,1.81427,0.00618606,1.82252,90,0,21,20,23,0,-2,0,0,1,26,4385,4415,13,175,14,711,40716,40492,109,1024,64,98,57005,0,0,0,0,1,98,0,0,13,4460,0,0,0,0,0,0,0,0,290,-46,0,0,29
155.23,0,0,0,0,53,1369,1.81467,0.0061881,1.82287,90,0,21,20,23,0,-2,0,1,1,26,4385,4415,14,175,14,711,40716,40492,109,1024,64,98,61390,0,0,0,0,1,0,71,12,11,4460,0,0,0,0,0,0,0,0,290,-46,0,0,29
155.24,0,0,0,0,53,1672,1.81507,0.00619014,1.82322,90,0,21,20,23,0,-2,0,1,1,26,4385,4415,10,175,14,711,40716,40492,109,1024,64,98,43850,0,0,0,0,1,27,216,0,8,4447,0,0,0,0,0,0,0,0,290,-75,0,0,29
155.25,0,0,0,0,53,1840,1.81547,0.00619218,1.82356,90,0,21,20,23,0,-2,0,0,1,26,4385,4415,10,175,14,711,40716,40492,109,1024,64,98,43850,0,0,0,0,1,0,337,0,63,4430,0,0,0,0,0,0,0,0,290,-195,0,0,29
155.26,0,0,0,0,53,1892,1.81587,0.00619422,1.82391,90,0,21,20,23,0,-2,0,0,1,26,4399,4415,93,175,14,711,40716,40492,109,1024,64,98,409107,0,0,0,0,1,0,44,481,136,4391,0,0,0,0,0,0,0,0,290,-315,0,0,29
155.27,0,0,0,0,53,1814,1.81627,0.00619626,1.82426,90,0,21,20,23,0,-2,0,0,1,26,4399,4410,118,175,14,711,40716,40492,109,1024,64,98,519082,0,0,0,0,1,986,0,150,296,4312,0,0,0,0,0,0,0,0,290,-728,0,0,29
155.28,0,0,0,0,53,1814,1.81668,0.0061983,1.8246,90,0,21,20,23,0,-2,0,0,1,26,4399,4410,118,175,14,711,40716,40492,109,1024,64,98,519082,0,0,0,0,1,986,0,150,296,4312,0,0,0,0,0,0,0,0,290,-733,0,0,29
155.29,0,0,0,0,53,1550,1.81708,0.00620034,1.82495,90,0,21,20,23,0,-2,0,0,1,26,4361,4410,235,175,14,711,40716,40492,109,1024,64,98,1.02484e+06,0,0,0,0,1,0,0,1096,261,4350,0,0,0,0,0,0,0,0,290,-733,0,0,29
155.3,0,0,0,0,53,1325,1.81748,0.00620238,1.82529,90,0,21,20,23,0,-2,0,0,1,26,4361,4410,125,175,14,711,40443,39817,110,1024,87,98,545125,0,0,0,0,1,314,0,0,70,4426,0,0,0,0,0,0,0,0,290,-195,0,0,29
155.31,0,0,0,0,53,1279,1.81782,0.0061959,1.82563,90,0,21,20,23,0,-2,0,0,1,26,4275,4410,20,175,14,711,40443,39817,110,1024,87,98,85500,0,0,0,0,1,0,41,47,11,4464,0,0,0,0,0,0,0,0,290,-35,0,0,29
155.32,0,0,0,0,53,1321,1.81816,0.00618942,1.82597,90,0,21,20,23,0,-2,0,0,1,26,4275,4410,20,175,14,711,40443,39817,110,1024,87,98,85500,0,0,0,0,1,95,0,0,14,4452,0,0,0,0,0,0,0,0,290,-53,0,0,29
155.33,0,0,0,0,54,1574,1.8185,0.00618294,1.82632,90,0,21,20,23,0,-2,0,0,1,26,4392,4410,14,175,14,711,40443,39817,110,1024,87,98,61488,0,0,0,0,1,344,0,0,6,4460,0,0,0,0,0,0,0,0,290,-62,0,0,30
155.34,0,0,0,0,54,1574,1.81884,0.00617646,1.82666,90,0,21,20,23,0,-2,0,0,1,26,4392,4409,7,175,14,711,40443,39817,110,1024,87,98,30744,0,0,0,0,1,16,118,0,32,4423,0,0,0,0,0,0,0,0,300,-82,0,0,30
155.35,0,0,0,0,54,1836,1.81918,0.00616997,1.827,90,0,21,20,23,0,-2,0,0,1,26,4392,4409,15,175,14,711,40443,39817,110,1024,87,98,65880,0,0,0,0,1,16,118,0,32,4423,0,0,0,0,0,0,0,0,300,-82,0,0,30
155.36,0,0,0,0,54,1908,1.81952,0.00616349,1.82734,90,0,21,20,23,0,-2,0,0,1,26,4392,4409,15,175,14,711,40443,39817,110,1024,87,98,65880,0,0,0,0,1,0,466,0,123,4406,0,0,0,0,0,0,0,0,300,-278,0,0,30
155.37,0,0,0,0,54,1923,1.81986,0.00615701,1.82768,90,0,21,20,23,0,-2,0,0,1,26,4404,4409,140,175,14,711,40443,39817,110,1024,87,98,616560,0,0,0,0,1,0,507,441,238,4361,0,0,0,0,0,0,0,0,300,-582,0,0,30
155.38,0,0,0,0,54,1709,1.82019,0.00615053,1.82802,90,0,21,20,23,0,-2,0,0,1,26,4357,4409,258,175,14,711,40443,39817,110,1024,87,98,1.12411e+06,0,0,0,0,1,1500,0,0,331,4307,0,0,0,0,0,0,0,0,300,-884,0,0,30
155.39,0,0,0,0,54,1433,1.82053,0.00614405,1.82836,90,0,21,20,23,0,-2,0,0,1,26,4357,4409,291,175,14,711,40443,39817,110,1024,87,98,1.26789e+06,0,0,0,0,1,666,32,0,156,4387,0,0,0,0,0,0,0,0,300,-445,0,0,30
155.4,0,0,0,0,54,1433,1.82087,0.00613757,1.8287,90,0,21,20,23,0,-2,0,0,1,26,4357,4409,291,175,14,711,40400,39773,110,1024,14,98,1.26789e+06,0,0,0,0,1,666,32,0,156,4387,0,0,0,0,0,0,0,0,300,-42,0,0,30
155.41,0,0,0,0,54,1322,1.82115,0.00615714,1.8291,90,0,21,20,23,0,-2,0,0,1,26,4281,4409,15,175,14,711,40400,39773,110,1024,14,98,64215,0,0,0,0,1,0,76,49,14,4452,0,0,0,0,0,0,0,0,300,-42,0,0,30
155.42,0,0,0,0,54,1328,1.82142,0.0061767,1.82949,90,0,21,20,23,0,-2,0,0,1,26,4281,4409,13,175,14,711,40400,39773,110,1024,14,98,55653,0,0,0,0,1,39,0,51,14,4441,0,0,0,0,0,0,0,0,300,-56,0,0,30
155.43,0,0,0,0,54,1483,1.82169,0.00619627,1.82989,90,0,21,20,23,0,-2,0,0,1,26,4281,4409,14,175,14,711,40400,39773,110,1024,14,98,59934,0,0,0,0,1,119,19,0,13,4452,0,0,0,0,0,0,0,0,300,-49,0,0,30
155.44,0,0,0,0,54,1788,1.82197,0.00621584,1.83028,90,0,21,20,23,0,-2,0,0,1,26,4281,4409,14,175,14,711,40400,39773,110,1024,14,98,59934,0,0,0,0,1,0,73,145,19,4454,0,0,0,0,0,0,0,0,300,-83,0,0,30
155.45,0,0,0,0,54,1922,1.82224,0.0062354,1.83068,90,0,21,20,23,0,-2,0,0,1,26,4401,4409,25,175,14,711,40400,39773,110,1024,14,98,110025,0,0,0,0,1,0,142,285,100,4413,0,0,0,0,0,0,0,0,300,-271,0,0,30
155.46,0,0,0,0,54,1922,1.82251,0.00625497,1.83108,90,0,21,20,23,0,-2,0,0,1,26,4401,4409,74,175,14,711,40400,39773,110,1024,14,98,325674,0,0,0,0,1,0,48,547,161,4382,0,0,0,0,0,0,0,0,300,-370,0,0,30
155.47,0,0,0,0,54,1977,1.82278,0.00627454,1.83147,90,0,21,20,23,0,-2,0,0,1,26,4401,4409,115,175,14,711,40400,39773,110,1024,14,98,506115,0,0,0,0,1,0,48,547,161,4382,0,0,0,0,0,0,0,0,300,-370,0,0,30
155.48,0,0,0,0,54,1866,1.82306,0.00629411,1.83187,90,0,21,20,23,0,-2,0,0,1,26,4401,4409,190,175,14,711,40400,39773,110,1024,14,98,836190,0,0,0,0,1,121,0,1070,332,4316,0,0,0,0,0,0,0,0,300,-778,0,0,30
155.49,0,0,0,0,54,1583,1.82333,0.00631367,1.83226,90,0,21,20,23,0,-2,0,0,1,26,4401,4409,190,175,14,711,40400,39773,110,1024,14,98,836190,0,0,0,0,1,0,101,1023,261,4348,0,0,0,0,0,0,0,0,300,-704,0,0,30
155.5,0,0,0,0,54,1380,1.8236,0.00633324,1.83266,90,0,21,20,23,0,-2,0,0,1,26,4393,4409,170,175,14,711,40710,40494,110,1024,14,98,746810,0,0,0,0,1,0,0,194,49,4430,0,0,0,0,0,0,0,0,300,-106,0,0,30
155.51,0,0,0,0,54,1354,1.82401,0.00632879,1.83283,90,0,21,20,23,0,-2,0,0,1,26,4279,4409,45,175,11,711,40710,40494,110,1024,14,98,192555,0,0,0,0,1,76,17,0,13,4447,0,0,0,0,0,0,0,0,300,-58,0,0,30
155.52,0,0,0,0,54,1354,1.82442,0.00632433,1.83301,90,0,21,20,23,0,-2,0,0,1,26,4279,4409,45,175,11,711,40710,40494,110,1024,14,98,192555,0,0,0,0,1,76,17,0,13,4447,0,0,0,0,0,0,0,0,300,-61,0,0,30
155.53,0,0,0,0,54,1424,1.82482,0.00631988,1.83318,90,0,21,20,23,0,-2,0,0,1,26,4384,4409,16,175,11,711,40710,40494,110,1024,14,98,70144,0,0,0,0,1,0,105,0,13,4460,0,0,0,0,0,0,0,0,300,-61,0,0,30
155.54,0,0,0,0,54,1710,1.82523,0.00631542,1.83336,90,0,21,20,23,0,-2,0,0,1,26,4384,4409,8,175,11,711,40710,40494,110,1024,14,98,35072,0,0,0,0,1,174,241,0,0,4454,0,0,0,0,0,0,0,0,300,-42,0,0,30
155.55,0,0,0,0,54,1939,1.82563,0.00631097,1.83353,90,0,21,20,23,0,-2,0,0,1,26,4397,4409,2,175,11,711,40710,40494,110,1024,14,98,8794,0,0,0,0,1,176,0,0,41,4428,0,0,0,0,0,0,0,0,300,-107,0,0,30
155.56,0,0,0,0,54,1997,1.82604,0.00630651,1.83371,90,0,21,20,23,0,-2,0,0,1,26,4397,4409,2,175,11,711,40710,40494,110,1024,14,98,8794,0,0,0,0,1,484,0,0,136,4382,0,0,0,0,0,0,0,0,300,-294,0,0,30
155.57,0,0,0,0,54,1977,1.82645,0.00630206,1.83388,90,0,21,20,23,0,-2,0,0,1,26,4400,4409,137,175,11,711,40710,40494,110,1024,14,98,602800,0,0,0,0,1,1021,0,0,282,4313,0,0,0,0,0,0,0,0,300,-658,0,0,30
155.58,0,0,0,0,54,1977,1.82685,0.0062976,1.83406,90,0,21,20,23,0,-2,0,0,1,26,4400,4409,240,175,11,711,40710,40494,110,1024,14,98,1.056e+06,0,0,0,0,1,0,325,1020,326,4316,0,0,0,0,0,0,0,0,300,-844,0,0,30
155.59,0,0,0,0,54,1741,1.82726,0.00629315,1.83423,90,0,21,20,23,0,-2,0,0,1,26,4400,4406,307,175,11,711,40710,40494,110,1024,14,98,1.3508e+06,0,0,0,0,1,0,325,1020,326,4316,0,0,0,0,0,0,0,0,300,-844,0,0,30
155.6,0,0,0,0,54,1481,1.82766,0.00628869,1.83441,90,0,21,20,22,0,-2,0,0,1,26,4400,4406,250,175,11,711,40778,40652,109,1024,14,98,1.1e+06,0,0,0,0,1,0,187,457,136,4406,0,0,0,0,0,0,0,0,300,-359,0,0,30
155.61,0,0,0,0,54,1399,1.82785,0.00628065,1.83468,90,0,21,20,22,0,-2,0,0,1,26,4400,4406,250,175,11,711,40778,40652,109,1024,14,98,1.1e+06,0,0,0,0,1,0,0,74,16,4449,0,0,0,0,0,0,0,0,300,-63,0,0,30
155.62,0,0,0,0,54,1414,1.82804,0.00627261,1.83496,90,0,21,20,22,0,-2,0,0,1,26,4350,4406,15,175,11,711,40778,40652,109,1024,14,98,65250,0,0,0,0,1,104,0,0,16,4449,0,0,0,0,0,0,0,0,300,-55,0,0,30
155.63,0,0,0,0,54,1606,1.82822,0.00626457,1.83523,90,0,21,20,22,0,-2,0,0,1,26,4350,4406,16,175,11,711,40778,40652,109,1024,14,98,69600,0,0,0,0,1,236,0,0,13,4456,0,0,0,0,0,0,0,0,300,-62,0,0,30
155.64,0,0,0,0,54,1606,1.82841,0.00625653,1.8355,90,0,21,20,22,0,-2,0,0,1,26,4350,4406,16,175,11,711,40778,40652,109,1024,14,98,69600,0,0,0,0,1,236,0,0,13,4456,0,0,0,0,0,0,0,0,300,-102,0,0,30
155.65,0,0,0,0,54,1901,1.82859,0.00624849,1.83578,90,0,21,20,22,0,-2,0,0,1,26,4395,4405,21,175,11,711,40778,40652,109,1024,14,98,92295,0,0,0,0,1,162,15,0,25,4441,0,0,0,0,0,0,0,0,300,-102,0,0,30
155.66,0,0,0,0,54,2007,1.82878,0.00624045,1.83605,90,0,21,20,22,0,-2,0,0,1,26,4395,4405,57,175,11,711,40778,40652,109,1024,14,98,250515,0,0,0,0,1,434,0,0,114,4397,0,0,0,0,0,0,0,0,300,-256,0,0,30
155.67,0,0,0,0,54,2050,1.82896,0.00623241,1.83633,90,0,21,20,22,0,-2,0,0,1,26,4395,4405,122,175,11,711,40778,40652,109,1024,14,98,536190,0,0,0,0,1,517,0,230,195,4354,0,0,0,0,0,0,0,0,300,-450,0,0,30
155.68,0,0,0,0,54,1901,1.82915,0.00622437,1.8366,90,0,21,20,22,0,-2,0,0,1,26,4395,4405,122,175,11,711,40778,40652,109,1024,14,98,536190,0,0,0,0,1,1412,0,0,347,4283,0,0,0,0,0,0,0,0,300,-835,0,0,30
155.69,0,0,0,0,54,1620,1.82934,0.00621632,1.83688,90,0,21,20,22,0,-2,0,0,1,26,4319,4405,318,175,11,711,40778,40652,109,1024,14,98,1.37344e+06,0,0,0,0,1,0,0,986,238,4359,0,0,0,0,0,0,0,0,300,-619,0,0,30
155.7,0,0,0,0,54,1620,1.82952,0.00620828,1.83715,90,0,21,20,23,0,-2,0,0,1,26,4319,4405,215,175,11,711,40091,39066,109,1024,68,98,928585,0,0,0,0,1,24,0,100,35,4430,0,0,0,0,0,0,0,0,300,-73,0,0,30
155.71,0,0,0,0,54,1454,1.82981,0.00620553,1.83756,90,0,21,20,23,0,-2,0,1,1,26,4319,4405,75,175,11,711,40091,39066,109,1024,68,98,323925,0,0,0,0,1,24,0,100,35,4430,0,0,0,0,0,0,0,0,300,-73,0,0,30
155.72,0,0,0,0,54,1440,1.8301,0.00620278,1.83797,90,0,21,20,23,0,-2,0,1,1,26,4258,4405,17,175,11,711,40091,39066,109,1024,68,98,72386,0,0,0,0,1,101,0,0,17,4449,0,0,0,0,0,0,0,0,300,-59,0,0,30
155.73,0,0,0,0,54,1528,1.83038,0.00620003,1.83839,90,0,21,20,23,0,-2,0,1,1,26,4258,4405,17,175,11,711,40091,39066,109,1024,68,98,72386,0,0,0,0,1,117,0,0,17,4445,0,0,0,0,0,0,0,0,300,-56,0,0,30
155.74,0,0,0,0,54,1811,1.83067,0.00619727,1.8388,90,0,21,20,23,0,-2,0,1,1,26,4258,4431,13,175,11,711,40091,39066,109,1024,68,98,55354,0,0,0,0,1,0,0,285,4,4473,0,0,0,0,0,0,0,0,300,-59,0,0,30
155.75,0,0,0,0,54,2010,1.83095,0.00619452,1.83921,90,0,21,20,23,0,-2,0,0,1,26,4395,4431,-1,175,11,711,40091,39066,109,1024,68,98,-4395,0,0,0,0,1,0,241,0,50,4441,0,0,0,0,0,0,0,0,300,-139,0,0,30
155.76,0,0,0,0,54,2010,1.83124,0.00619177,1.83963,90,0,21,20,23,0,-2,0,0,1,26,4395,4431,-1,175,11,711,40091,39066,109,1024,68,98,-4395,0,0,0,0,1,0,241,0,50,4441,0,0,0,0,0,0,0,0,300,-301,0,0,30
155.77,0,0,0,0,54,2068,1.83153,0.00618902,1.84004,90,0,21,20,23,0,-2,0,0,1,26,4404,4431,128,175,11,711,40091,39066,109,1024,68,98,563712,0,0,0,0,1,127,370,0,138,4389,0,0,0,0,0,0,0,0,300,-301,0,0,30
155.78,0,0,0,0,54,2038,1.83181,0.00618627,1.84045,90,0,21,20,23,0,-2,0,0,1,26,4404,4431,221,175,11,711,40091,39066,109,1024,68,98,973284,0,0,0,0,1,889,161,0,298,4309,0,0,0,0,0,0,0,0,300,-661,0,0,30
155.79,0,0,0,0,54,1793,1.8321,0.00618351,1.84087,90,0,21,20,23,0,-2,0,0,1,26,4355,4431,325,175,11,711,40091,39066,109,1024,68,98,1.41538e+06,0,0,0,0,1,0,832,533,326,4318,0,0,0,0,0,0,0,0,300,-805,0,0,30
155.8,0,0,0,0,54,1543,1.83239,0.00618076,1.84128,90,0,21,20,23,0,-2,0,0,1,26,4355,4431,325,175,11,711,40821,40677,109,1024,70,98,1.41538e+06,0,0,0,0,1,0,589,0,135,4404,0,0,0,0,0,0,0,0,300,-343,0,0,30
155.81,0,0,0,0,54,1471,1.83252,0.0061462,1.84134,90,0,21,20,23,0,-2,0,1,1,26,4355,4431,42,175,11,711,40821,40677,109,1024,70,98,182910,0,0,0,0,1,0,87,13,16,4452,0,0,0,0,0,0,0,0,300,-59,0,0,30
155.82,0,0,0,0,54,1471,1.83266,0.00611165,1.84141,90,0,21,20,23,0,-2,0,1,1,26,4268,4431,17,175,8,711,40821,40677,109,1024,70,98,72556,0,0,0,0,1,0,48,37,19,4456,0,0,0,0,0,0,0,0,300,-67,0,0,30
155.83,0,0,0,0,54,1493,1.83279,0.00607709,1.84147,90,0,21,20,23,0,-2,0,1,1,26,4268,4431,17,175,8,711,40821,40677,109,1024,70,98,72556,0,0,0,0,1,0,48,37,19,4456,0,0,0,0,0,0,0,0,300,-67,0,0,30
155.84,0,0,0,0,54,1693,1.83293,0.00604253,1.84154,90,0,21,20,23,0,-2,0,1,1,26,4268,4431,18,175,8,711,40821,40677,109,1024,70,98,76824,0,0,0,0,1,0,316,0,13,4445,0,0,0,0,0,0,0,0,300,-90,0,0,30
155.85,0,0,0,0,54,1974,1.83306,0.00600797,1.8416,90,0,21,20,23,0,-2,0,0,1,26,4268,4431,18,175,8,711,40821,40677,109,1024,70,98,76824,0,0,0,0,1,0,188,0,29,4441,0,0,0,0,0,0,0,0,300,-107,0,0,30
155.86,0,0,0,0,54,2070,1.8332,0.00597342,1.84167,90,0,21,20,23,0,-2,0,0,1,26,4405,4431,40,175,8,711,40821,40677,109,1024,70,98,176200,0,0,0,0,1,457,0,0,122,4391,0,0,0,0,0,0,0,0,300,-283,0,0,30
155.87,0,0,0,0,54,2116,1.83333,0.00593886,1.84174,90,0,21,20,23,0,-2,0,0,1,26,4405,4431,121,175,8,711,40821,40677,109,1024,70,98,533005,0,0,0,0,1,383,0,350,197,4368,0,0,0,0,0,0,0,0,300,-438,0,0,30
155.88,0,0,0,0,54,2116,1.83346,0.0059043,1.8418,90,0,21,20,23,0,-2,0,0,1,26,4405,4431,121,175,8,711,40821,40677,109,1024,70,98,533005,0,0,0,0,1,383,0,350,197,4368,0,0,0,0,0,0,0,0,300,-820,0,0,30
155.89,0,0,0,0,54,1967,1.8336,0.00586975,1.84187,90,0,21,20,23,0,-2,0,0,1,26,4405,4431,330,175,8,711,40821,40677,109,1024,70,98,1.45365e+06,0,0,0,0,1,834,0,543,358,4290,0,0,0,0,0,0,0,0,300,-820,0,0,30
155.9,0,0,0,0,54,1687,1.83373,0.00583519,1.84193,90,0,21,20,22,0,-2,0,0,1,26,4324,4431,264,175,8,711,40829,40718,109,1024,35,98,1.14154e+06,0,0,0,0,1,0,921,39,246,4356,0,0,0,0,0,0,0,0,300,-625,0,0,30
155.91,0,0,0,0,54,1520,1.83387,0.00583483,1.84209,90,0,21,20,22,0,-2,0,0,1,26,4324,4431,124,175,8,711,40829,40718,109,1024,35,98,536176,0,0,0,0,1,0,150,0,42,4447,0,0,0,0,0,0,0,0,300,-88,0,0,30
155.92,0,0,0,0,54,1506,1.834,0.00583448,1.84224,90,0,21,20,22,0,-2,0,0,1,26,4324,4431,124,175,8,711,40829,40718,109,1024,35,98,536176,0,0,0,0,1,0,103,0,17,4452,0,0,0,0,0,0,0,0,300,-59,0,0,30
155.93,0,0,0,0,54,1590,1.83413,0.00583412,1.8424,90,0,21,20,22,0,-2,0,0,1,26,4286,4431,18,175,9,711,40829,40718,109,1024,35,98,77148,0,0,0,0,1,0,109,0,19,4458,0,0,0,0,0,0,0,0,300,-52,0,0,30
155.94,0,0,0,0,54,1590,1.83426,0.00583377,1.84255,90,0,21,20,22,0,-2,0,0,1,26,4286,4431,16,175,9,711,40829,40718,109,1024,35,98,68576,0,0,0,0,1,4,0,229,5,4475,0,0,0,0,0,0,0,0,300,-78,0,0,30
155.95,0,0,0,0,54,1874,1.83439,0.00583341,1.84271,90,0,21,20,22,0,-2,0,0,1,26,4393,4431,-7,175,9,711,40829,40718,109,1024,35,98,-30751,0,0,0,0,1,4,0,229,5,4475,0,0,0,0,0,0,0,0,300,-78,0,0,30
155.96,0,0,0,0,54,2073,1.83453,0.00583306,1.84286,90,0,21,20,22,0,-2,0,0,1,26,4393,4431,-7,175,9,711,40829,40718,109,1024,35,98,-30751,0,0,0,0,1,0,224,0,54,4441,0,0,0,0,0,0,0,0,300,-140,0,0,30
155.97,0,0,0,0,54,2131,1.83466,0.0058327,1.84302,90,0,21,20,22,0,-2,0,0,1,26,4393,4432,128,175,9,711,40829,40718,109,1024,35,98,562304,0,0,0,0,1,299,187,0,145,4370,0,0,0,0,0,0,0,0,300,-286,0,0,30
155.98,0,0,0,0,54,2099,1.83479,0.00583234,1.84317,90,0,21,20,22,0,-2,0,0,1,26,4392,4432,194,175,9,711,40829,40718,109,1024,35,98,852048,0,0,0,0,1,821,0,268,307,4305,0,0,0,0,0,0,0,0,300,-664,0,0,30
155.99,0,0,0,0,54,1861,1.83492,0.00583199,1.84333,90,0,21,20,22,0,-2,0,0,1,26,4392,4432,316,175,9,711,40829,40718,109,1024,35,98,1.38787e+06,0,0,0,0,1,867,495,0,346,4294,0,0,0,0,0,0,0,0,300,-807,0,0,30
156,0,0,0,0,54,1861,1.83505,0.00583163,1.84348,90,0,21,20,23,0,-2,0,0,1,26,4392,4432,316,175,9,711,40716,40491,109,1024,13,98,1.38787e+06,0,0,0,0,1,867,495,0,346,4294,0,0,0,0,0,0,0,0,300,-365,0,0,30
156.01,0,0,0,0,54,1608,1.83475,0.00579489,1.84353,90,0,21,20,23,0,-2,0,0,1,26,4305,4432,83,175,9,711,40716,40491,109,1024,13,98,357315,0,0,0,0,1,465,0,135,143,4382,0,0,0,0,0,0,0,0,300,-365,0,0,30
156.02,0,0,0,0,54,1532,1.83444,0.00575814,1.84358,90,0,21,20,23,0,-2,0,0,1,26,4302,4432,20,175,9,711,40716,40491,109,1024,13,98,86040,0,0,0,0,1,37,0,60,19,4438,0,0,0,0,0,0,0,0,300,-52,0,0,30
156.03,0,0,0,0,54,1554,1.83414,0.00572139,1.84362,90,0,21,20,23,0,-2,0,1,1,26,4302,4432,19,175,10,711,40716,40491,109,1024,13,98,81738,0,0,0,0,1,6,0,72,20,4449,0,0,0,0,0,0,0,0,300,-64,0,0,30
156.04,0,0,0,0,54,1744,1.83383,0.00568465,1.84367,90,0,21,20,23,0,-2,0,1,1,26,4302,4432,19,175,10,711,40716,40491,109,1024,13,98,81738,0,0,0,0,1,0,91,207,13,4471,0,0,0,0,0,0,0,0,300,-63,0,0,30
156.05,0,0,0,0,54,2028,1.83353,0.0056479,1.84372,90,0,21,20,23,0,-2,0,1,1,26,4393,4450,-2,175,10,711,40716,40491,109,1024,13,98,-8786,0,0,0,0,1,0,167,0,28,4456,0,0,0,0,0,0,0,0,300,-91,0,0,30
156.06,0,0,0,0,54,2028,1.83323,0.00561115,1.84377,90,0,21,20,23,0,-2,0,1,1,26,4393,4450,36,175,10,711,40716,40491,109,1024,13,98,158148,0,0,0,0,1,473,0,0,123,4382,0,0,0,0,0,0,0,0,300,-282,0,0,30
156.07,0,0,0,0,54,2125,1.83292,0.0055744,1.84381,90,0,21,20,23,0,-2,0,0,1,26,4393,4450,108,175,10,711,40716,40491,109,1024,13,98,474444,0,0,0,0,1,473,0,0,123,4382,0,0,0,0,0,0,0,0,300,-282,0,0,30
156.08,0,0,0,0,54,2169,1.83262,0.00553766,1.84386,90,0,21,20,23,0,-2,0,0,1,26,4393,4450,108,175,10,711,40716,40491,109,1024,13,98,474444,0,0,0,0,1,0,0,754,201,4354,0,0,0,0,0,0,0,0,300,-448,0,0,30
156.09,0,0,0,0,54,2027,1.83231,0.00550091,1.84391,90,0,21,20,23,0,-2,0,0,1,26,4404,4450,335,175,10,711,40716,40491,109,1024,13,98,1.47534e+06,0,0,0,0,1,0,0,1176,368,4288,0,0,0,0,0,0,0,0,300,-820,0,0,30
156.1,0,0,0,0,54,1744,1.83201,0.00546416,1.84395,90,0,21,20,23,0,-2,0,0,1,26,4338,4450,311,175,10,711,40817,40708,108,1024,14,102,1.34912e+06,0,0,0,0,1,1067,0,0,262,4335,0,0,0,0,0,0,0,0,300,-650,0,0,30
156.11,0,0,0,0,54,1577,1.83192,0.00544058,1.84365,90,0,21,20,23,0,-2,0,0,1,26,4338,4450,192,175,10,711,40817,40708,108,1024,14,102,832896,0,0,0,0,1,86,0,53,43,4428,0,0,0,0,0,0,0,0,300,-75,0,0,30
156.12,0,0,0,0,54,1577,1.83183,0.00541701,1.84334,90,0,21,20,23,0,-2,0,0,1,26,4338,4450,192,175,10,711,40817,40708,108,1024,14,102,832896,0,0,0,0,1,86,0,53,43,4428,0,0,0,0,0,0,0,0,300,-67,0,0,30
156.13,0,0,0,0,54,1570,1.83174,0.00539343,1.84304,90,0,21,20,23,0,-2,0,0,1,26,4317,4433,20,175,9,711,40817,40708,108,1024,14,102,86340,0,0,0,0,1,0,0,72,20,4449,0,0,0,0,0,0,0,0,300,-67,0,0,30
156.14,0,0,0,0,54,1645,1.83165,0.00536985,1.84273,90,0,21,20,23,0,-2,0,0,1,26,4317,4433,21,175,9,711,40817,40708,108,1024,14,102,90657,0,0,0,0,1,0,0,127,19,4454,0,0,0,0,0,0,0,0,300,-64,0,0,30
156.15,0,0,0,0,54,1910,1.83156,0.00534627,1.84243,90,0,21,20,23,0,-2,0,0,1,26,4392,4433,8,175,9,711,40817,40708,108,1024,14,102,35136,0,0,0,0,1,297,0,0,9,4469,0,0,0,0,0,0,0,0,300,-43,0,0,30
156.16,0,0,0,0,54,2107,1.83148,0.00532269,1.84212,90,0,21,20,23,0,-2,0,0,1,26,4392,4433,8,175,9,711,40817,40708,108,1024,14,102,35136,0,0,0,0,1,0,112,133,52,4434,0,0,0,0,0,0,0,0,300,-135,0,0,30
156.17,0,0,0,0,54,2166,1.83139,0.00529911,1.84182,90,0,21,20,23,0,-2,0,0,1,26,4402,4433,121,175,9,711,40817,40708,108,1024,14,102,532642,0,0,0,0,1,201,290,0,139,4376,0,0,0,0,0,0,0,0,300,-290,0,0,30
156.18,0,0,0,0,54,2166,1.8313,0.00527553,1.84151,90,0,21,20,23,0,-2,0,0,1,26,4402,4433,154,175,9,711,40817,40708,108,1024,14,102,677908,0,0,0,0,1,576,0,502,295,4313,0,0,0,0,0,0,0,0,300,-648,0,0,30
156.19,0,0,0,0,54,2155,1.83121,0.00525195,1.84121,90,0,21,20,23,0,-2,0,0,1,26,4384,4433,269,175,9,711,40817,40708,108,1024,14,102,1.1793e+06,0,0,0,0,1,576,0,502,295,4313,0,0,0,0,0,0,0,0,300,-648,0,0,30
156.2,0,0,0,0,54,1925,1.83112,0.00522837,1.8409,90,0,21,20,23,0,-2,0,0,1,27,4384,4433,348,175,9,711,40798,40668,109,1024,76,98,1.52563e+06,0,0,0,0,1,1267,0,0,360,4290,0,0,0,0,0,0,0,0,300,-809,0,0,30
156.21,0,0,0,0,54,1673,1.83103,0.00521138,1.84083,90,0,21,20,23,0,-2,0,0,1,27,4384,4433,348,175,9,711,40798,40668,109,1024,76,98,1.52563e+06,0,0,0,0,1,0,152,498,160,4397,0,0,0,0,0,0,0,0,300,-379,0,0,30
156.22,0,0,0,0,54,1599,1.83095,0.00519439,1.84076,90,0,21,20,23,0,-2,0,0,1,27,4243,4433,35,175,9,711,40798,40668,109,1024,76,98,148505,0,0,0,0,1,0,132,0,24,4449,0,0,0,0,0,0,0,0,300,-71,0,0,30
156.23,0,0,0,0,54,1612,1.83086,0.0051774,1.84069,90,0,21,20,23,0,-2,0,0,1,27,4243,4433,20,175,9,711,40798,40668,109,1024,76,98,84860,0,0,0,0,1,84,52,0,23,4443,0,0,0,0,0,0,0,0,300,-80,0,0,30
156.24,0,0,0,0,54,1612,1.83077,0.0051604,1.84062,90,0,21,20,23,0,-2,0,0,1,27,4243,4433,20,175,10,711,40798,40668,109,1024,76,98,84860,0,0,0,0,1,84,52,0,23,4443,0,0,0,0,0,0,0,0,300,-41,0,0,30
156.25,0,0,0,0,54,1760,1.83069,0.00514341,1.84055,90,0,21,20,23,0,-2,0,0,1,27,4384,4433,2,175,10,711,40798,40668,109,1024,76,98,8768,0,0,0,0,1,98,0,60,19,4456,0,0,0,0,0,0,0,0,300,-41,0,0,30
156.26,0,0,0,0,54,2031,1.8306,0.00512642,1.84048,90,0,21,20,23,0,-2,0,0,1,27,4394,4433,18,175,10,711,40798,40668,109,1024,76,98,79092,0,0,0,0,1,39,0,205,30,4445,0,0,0,0,0,0,0,0,300,-111,0,0,30
156.27,0,0,0,0,54,2145,1.83051,0.00510943,1.84041,90,0,21,20,23,0,-2,0,0,1,27,4394,4433,52,175,10,711,40798,40668,109,1024,76,98,228488,0,0,0,0,1,0,439,0,114,4411,0,0,0,0,0,0,0,0,300,-258,0,0,30
156.28,0,0,0,0,54,2201,1.83043,0.00509244,1.84034,90,0,21,20,23,0,-2,0,0,1,27,4394,4433,52,175,10,711,40798,40668,109,1024,76,98,228488,0,0,0,0,1,576,0,0,172,4359,0,0,0,0,0,0,0,0,300,-344,0,0,30
156.29,0,0,0,0,54,2102,1.83034,0.00507544,1.84026,90,0,21,20,23,0,-2,0,0,1,27,4394,4433,306,175,10,711,40798,40668,109,1024,76,98,1.34456e+06,0,0,0,0,1,0,0,1248,356,4296,0,0,0,0,0,0,0,0,300,-761,0,0,30
156.3,0,0,0,0,54,2102,1.83025,0.00505845,1.84019,90,0,21,20,23,0,-2,0,0,1,27,4346,4433,344,175,10,711,40726,40531,109,1024,64,98,1.49502e+06,0,0,0,0,1,1270,0,0,301,4316,0,0,0,0,0,0,0,0,300,-743,0,0,30
156.31,0,0,0,0,53,1836,1.82975,0.00501707,1.83969,90,0,21,20,23,0,-2,0,0,1,27,4346,4433,276,175,10,711,40726,40531,109,1024,64,98,1.1995e+06,0,0,0,0,1,1270,0,0,301,4316,0,0,0,0,0,0,0,0,300,-743,0,0,29
156.32,0,0,0,0,53,1641,1.82925,0.00497568,1.83919,90,0,21,20,23,0,-2,0,0,1,27,4241,4433,129,175,10,711,40726,40531,109,1024,64,98,547089,0,0,0,0,1,0,0,287,81,4426,0,0,0,0,0,0,0,0,300,-149,0,0,29
156.33,0,0,0,0,53,1615,1.82874,0.0049343,1.83869,90,0,21,20,23,0,-2,0,1,1,27,4241,4433,129,175,10,711,40726,40531,109,1024,64,98,547089,0,0,0,0,1,0,68,33,22,4445,0,0,0,0,0,0,0,0,290,-73,0,0,29
156.34,0,0,0,0,53,1655,1.82824,0.00489291,1.83819,90,0,21,20,23,0,-2,0,1,1,27,4344,4433,21,175,11,711,40726,40531,109,1024,64,98,91224,0,0,0,0,1,13,93,0,23,4441,0,0,0,0,0,0,0,0,290,-69,0,0,29
156.35,0,0,0,0,53,1878,1.82774,0.00485153,1.83769,90,0,21,20,23,0,-2,0,1,1,27,4344,4444,17,175,11,711,40726,40531,109,1024,64,98,73848,0,0,0,0,1,0,0,330,11,4467,0,0,0,0,0,0,0,0,290,-71,0,0,29
156.36,0,0,0,0,53,1878,1.82724,0.00481015,1.83719,90,0,21,20,23,0,-2,0,1,1,27,4344,4444,17,175,11,711,40726,40531,109,1024,64,98,73848,0,0,0,0,1,0,0,330,11,4467,0,0,0,0,0,0,0,0,290,-110,0,0,29
156.37,0,0,0,0,53,2110,1.82673,0.00476876,1.83669,90,0,21,20,23,0,-2,0,0,1,27,4396,4444,84,175,11,711,40726,40531,109,1024,64,98,369264,0,0,0,0,1,0,193,0,41,4441,0,0,0,0,0,0,0,0,290,-110,0,0,29
156.38,0,0,0,0,53,2176,1.82623,0.00472738,1.83619,90,0,21,20,23,0,-2,0,0,1,27,4396,4444,132,175,11,711,40726,40531,109,1024,64,98,580272,0,0,0,0,1,394,0,0,131,4374,0,0,0,0,0,0,0,0,290,-249,0,0,29
156.39,0,0,0,0,53,2205,1.82573,0.00468599,1.83568,90,0,21,20,23,0,-2,0,0,1,27,4358,4444,199,175,11,711,40726,40531,109,1024,64,98,867242,0,0,0,0,1,0,341,476,228,4350,0,0,0,0,0,0,0,0,290,-504,0,0,29
156.4,0,0,0,0,53,2030,1.82522,0.00464461,1.83518,90,0,21,20,23,0,-2,0,0,1,27,4358,4444,199,175,11,711,40415,39902,109,1024,14,98,867242,0,0,0,0,1,0,1208,0,362,4296,0,0,0,0,0,0,0,0,290,-789,0,0,29
156.41,0,0,0,0,53,1765,1.82482,0.00464138,1.83484,90,0,21,20,23,0,-2,0,0,1,27,4303,4444,245,175,11,711,40415,39902,109,1024,14,98,1.05424e+06,0,0,0,0,1,488,0,416,227,4361,0,0,0,0,0,0,0,0,290,-554,0,0,29
156.42,0,0,0,0,53,1765,1.82441,0.00463815,1.8345,90,0,21,20,23,0,-2,0,0,1,27,4303,4444,93,175,11,711,40415,39902,109,1024,14,98,400179,0,0,0,0,1,0,21,100,32,4449,0,0,0,0,0,0,0,0,290,-64,0,0,29
156.43,0,0,0,0,53,1631,1.82401,0.00463492,1.83416,90,0,21,20,23,0,-2,0,1,1,27,4303,4438,23,175,11,711,40415,39902,109,1024,14,98,98969,0,0,0,0,1,0,21,100,32,4449,0,0,0,0,0,0,0,0,290,-64,0,0,29
156.44,0,0,0,0,53,1629,1.8236,0.00463169,1.83381,90,0,21,20,23,0,-2,0,1,1,27,4303,4438,21,175,11,711,40415,39902,109,1024,14,98,90363,0,0,0,0,1,0,130,0,24,4452,0,0,0,0,0,0,0,0,290,-76,0,0,29
156.45,0,0,0,0,53,1716,1.8232,0.00462845,1.83347,90,0,21,20,23,0,-2,0,1,1,27,4303,4438,21,175,11,711,40415,39902,109,1024,14,98,90363,0,0,0,0,1,121,0,0,22,4441,0,0,0,0,0,0,0,0,290,-61,0,0,29
156.46,0,0,0,0,53,1981,1.82279,0.00462522,1.83313,90,0,21,20,23,0,-2,0,1,1,27,4391,4438,2,175,11,711,40415,39902,109,1024,14,98,8782,0,0,0,0,1,60,202,0,13,4434,0,0,0,0,0,0,0,0,290,-77,0,0,29
156.47,0,0,0,0,53,2150,1.82238,0.00462199,1.83279,90,0,21,20,23,0,-2,0,0,1,27,4391,4438,38,175,11,711,40415,39902,109,1024,14,98,166858,0,0,0,0,1,0,0,287,65,4428,0,0,0,0,0,0,0,0,290,-187,0,0,29
156.48,0,0,0,0,53,2150,1.82198,0.00461876,1.83244,90,0,21,20,23,0,-2,0,0,1,27,4391,4438,38,175,11,711,40415,39902,109,1024,14,98,166858,0,0,0,0,1,0,0,287,65,4428,0,0,0,0,0,0,0,0,290,-269,0,0,29
156.49,0,0,0,0,53,2204,1.82157,0.00461553,1.8321,90,0,21,20,23,0,-2,0,0,1,27,4401,4438,219,175,11,711,40415,39902,109,1024,14,98,963819,0,0,0,0,1,0,445,0,143,4395,0,0,0,0,0,0,0,0,290,-269,0,0,29
156.5,0,0,0,0,53,2178,1.82117,0.0046123,1.83176,90,0,21,20,25,0,-2,0,0,1,27,4401,4428,338,175,11,711,40786,40669,109,1024,54,1,1.48754e+06,0,0,0,0,1,930,0,0,298,4301,0,0,0,0,0,0,0,0,290,-607,0,0,29
156.51,0,0,0,0,53,1946,1.8206,0.00460418,1.83125,90,0,21,20,25,0,-2,0,0,1,27,4401,4428,343,175,11,711,40786,40669,109,1024,54,1,1.50954e+06,0,0,0,0,1,1367,0,0,347,4292,0,0,0,0,0,0,0,0,290,-800,0,0,29
156.52,0,0,0,0,53,1705,1.82003,0.00459605,1.83074,90,0,21,20,25,0,-2,0,0,1,27,4401,4428,343,175,11,711,40786,40669,109,1024,54,1,1.50954e+06,0,0,0,0,1,0,152,459,154,4394,0,0,0,0,0,0,0,0,290,-374,0,0,29
156.53,0,0,0,0,53,1636,1.81946,0.00458793,1.83023,90,0,21,20,25,0,-2,0,0,1,27,4292,4428,23,175,11,711,40786,40669,109,1024,54,1,98716,0,0,0,0,1,0,130,0,22,4445,0,0,0,0,0,0,0,0,290,-78,0,0,29
156.54,0,0,0,0,53,1636,1.8189,0.0045798,1.82972,90,0,21,20,25,0,-2,0,0,1,27,4300,4428,24,175,11,711,40786,40669,109,1024,54,1,103200,0,0,0,0,1,125,0,0,23,4434,0,0,0,0,0,0,0,0,290,-71,0,0,29
156.55,0,0,0,0,53,1649,1.81833,0.00457168,1.82921,90,0,21,20,25,0,-2,0,1,1,27,4300,4428,24,175,11,711,40786,40669,109,1024,54,1,103200,0,0,0,0,1,125,0,0,23,4434,0,0,0,0,0,0,0,0,290,-71,0,0,29
156.56,0,0,0,0,53,1808,1.81776,0.00456356,1.8287,90,0,21,20,25,0,-2,0,1,1,27,4389,4428,18,175,11,711,40786,40669,109,1024,54,1,79002,0,0,0,0,1,0,0,194,21,4464,0,0,0,0,0,0,0,0,290,-81,0,0,29
156.57,0,0,0,0,53,2071,1.81719,0.00455543,1.82819,90,0,21,21,25,0,-2,0,0,1,27,4389,4428,18,175,11,711,40786,40669,109,1024,54,1,79002,0,0,0,0,1,0,181,21,31,4452,0,0,0,0,0,0,0,0,290,-112,0,0,29
156.58,0,0,0,0,53,2173,1.81662,0.00454731,1.82768,90,0,21,21,25,0,-2,0,0,1,27,4389,4428,116,175,11,711,40786,40669,109,1024,54,1,509124,0,0,0,0,1,420,0,0,117,4389,0,0,0,0,0,0,0,0,290,-246,0,0,29
156.59,0,0,0,0,53,2225,1.81606,0.00453918,1.82717,90,0,21,21,25,0,-2,0,0,1,27,4389,4428,140,175,11,711,40786,40669,109,1024,54,1,614460,0,0,0,0,1,0,216,400,168,4376,0,0,0,0,0,0,0,0,290,-350,0,0,29
156.6,0,0,0,0,53,2225,1.81549,0.00453106,1.82666,90,0,21,21,24,0,-2,0,0,1,28,4389,4428,140,175,11,711,40679,40467,110,1024,64,98,614460,0,0,0,0,1,0,216,400,168,4376,0,0,0,0,0,0,0,0,290,-737,0,0,29
156.61,0,0,0,0,53,2120,1.81505,0.00452455,1.8263,90,0,21,21,24,0,-2,0,0,1,28,4287,4428,332,175,11,711,40679,40467,110,1024,64,98,1.42328e+06,0,0,0,0,1,123,1009,0,350,4294,0,0,0,0,0,0,0,0,290,-737,0,0,29
156.62,0,0,0,0,53,1860,1.81461,0.00451804,1.82594,90,0,21,21,24,0,-2,0,0,1,28,4287,4428,220,175,11,711,40679,40467,110,1024,64,98,943140,0,0,0,0,1,0,718,446,290,4333,0,0,0,0,0,0,0,0,290,-664,0,0,29
156.63,0,0,0,0,53,1677,1.81417,0.00451154,1.82557,90,0,21,21,24,0,-2,0,0,1,28,4287,4428,70,175,11,711,40679,40467,110,1024,64,98,300090,0,0,0,0,1,297,0,0,81,4406,0,0,0,0,0,0,0,0,290,-182,0,0,29
156.64,0,0,0,0,53,1653,1.81373,0.00450503,1.82521,90,0,21,21,24,0,-2,0,0,1,28,4287,4428,70,175,11,711,40679,40467,110,1024,64,98,300090,0,0,0,0,1,35,0,60,23,4434,0,0,0,0,0,0,0,0,290,-77,0,0,29
156.65,0,0,0,0,53,1687,1.81328,0.00449852,1.82485,90,0,21,21,24,0,-2,0,0,1,28,4306,4428,25,175,12,711,40679,40467,110,1024,64,98,107650,0,0,0,0,1,0,58,78,24,4456,0,0,0,0,0,0,0,0,290,-67,0,0,29
156.66,0,0,0,0,53,1687,1.81284,0.00449201,1.82449,90,0,21,21,24,0,-2,0,0,1,28,4306,4428,16,175,12,711,40679,40467,110,1024,64,98,68896,0,0,0,0,1,262,0,10,19,4454,0,0,0,0,0,0,0,0,290,-48,0,0,29
156.67,0,0,0,0,53,1894,1.8124,0.0044855,1.82413,90,0,21,21,24,0,-2,0,0,1,28,4306,4428,6,175,12,711,40679,40467,110,1024,64,98,25836,0,0,0,0,1,262,0,10,19,4454,0,0,0,0,0,0,0,0,290,-48,0,0,29
156.68,0,0,0,0,53,2125,1.81196,0.004479,1.82377,90,0,21,21,24,0,-2,0,0,1,28,4390,4428,42,175,12,711,40679,40467,110,1024,64,98,184380,0,0,0,0,1,0,70,119,42,4441,0,0,0,0,0,0,0,0,290,-102,0,0,29
156.69,0,0,0,0,53,2196,1.81152,0.00447249,1.8234,90,0,21,21,24,0,-2,0,0,1,28,4390,4428,42,175,12,711,40679,40467,110,1024,64,98,184380,0,0,0,0,1,414,0,0,129,4380,0,0,0,0,0,0,0,0,290,-254,0,0,29
156.7,0,0,0,0,53,2228,1.81108,0.00446598,1.82304,90,0,21,21,23,0,-2,0,0,1,28,4383,4428,227,175,12,711,40626,40359,109,1024,67,98,994941,0,0,0,0,1,0,0,686,221,4346,0,0,0,0,0,0,0,0,290,-466,0,0,29
156.71,0,0,0,0,53,2066,1.81037,0.00446633,1.82234,90,0,21,21,23,0,-2,0,0,1,28,4383,4428,336,175,12,711,40626,40359,109,1024,67,98,1.47269e+06,0,0,0,0,1,0,1103,16,363,4296,0,0,0,0,0,0,0,0,290,-762,0,0,29
156.72,0,0,0,0,53,2066,1.80965,0.00446668,1.82164,90,0,21,21,23,0,-2,0,0,1,28,4383,4428,336,175,12,711,40626,40359,109,1024,67,98,1.47269e+06,0,0,0,0,1,0,1103,16,363,4296,0,0,0,0,0,0,0,0,290,-543,0,0,29
156.73,0,0,0,0,53,1806,1.80894,0.00446703,1.82094,90,0,21,21,23,0,-2,0,0,1,28,4288,4432,68,175,12,711,40626,40359,109,1024,67,98,291584,0,0,0,0,1,106,0,744,238,4350,0,0,0,0,0,0,0,0,290,-543,0,0,29
156.74,0,0,0,0,53,1669,1.80823,0.00446738,1.82024,90,0,21,21,23,0,-2,0,0,1,28,4288,4432,24,175,12,711,40626,40359,109,1024,67,98,102912,0,0,0,0,1,0,146,0,36,4454,0,0,0,0,0,0,0,0,290,-78,0,0,29
156.75,0,0,0,0,53,1669,1.80751,0.00446773,1.81954,90,0,21,21,23,0,-2,0,0,1,28,4288,4432,24,175,12,711,40626,40359,109,1024,67,98,102912,0,0,0,0,1,101,30,0,24,4438,0,0,0,0,0,0,0,0,290,-81,0,0,29
156.76,0,0,0,0,53,1739,1.8068,0.00446808,1.81884,90,0,21,21,23,0,-2,0,0,1,28,4288,4432,24,175,12,711,40626,40359,109,1024,67,98,102912,0,0,0,0,1,0,0,115,27,4452,0,0,0,0,0,0,0,0,290,-96,0,0,29
156.77,0,0,0,0,53,1979,1.80609,0.00446843,1.81814,90,0,21,21,23,0,-2,0,0,1,28,4370,4432,6,175,12,711,40626,40359,109,1024,67,98,26220,0,0,0,0,1,240,0,0,21,4456,0,0,0,0,0,0,0,0,290,-67,0,0,29
156.78,0,0,0,0,53,1979,1.80537,0.00446878,1.81745,90,0,21,20,23,0,-2,0,0,1,28,4390,4432,42,175,12,711,40626,40359,109,1024,67,98,184380,0,0,0,0,1,0,181,18,58,4434,0,0,0,0,0,0,0,0,290,-136,0,0,29
156.79,0,0,0,0,53,2160,1.80466,0.00446913,1.81675,90,0,21,20,23,0,-2,0,0,1,28,4390,4432,112,175,12,711,40626,40359,109,1024,67,98,491680,0,0,0,0,1,0,181,18,58,4434,0,0,0,0,0,0,0,0,290,-136,0,0,29
156.8,0,0,0,0,53,2217,1.80395,0.00446948,1.81605,90,0,21,21,23,0,-2,0,0,1,28,4390,4432,140,175,12,711,40684,40471,108,1024,64,98,614600,0,0,0,0,1,470,0,0,139,4382,0,0,0,0,0,0,0,0,290,-277,0,0,29
156.81,0,0,0,0,53,2218,1.80329,0.00446699,1.81548,90,0,21,21,23,0,-2,0,0,1,28,4390,4432,140,175,12,711,40684,40471,108,1024,64,98,614600,0,0,0,0,1,0,275,656,267,4329,0,0,0,0,0,0,0,0,290,-552,0,0,29
156.82,0,0,0,0,53,2013,1.80263,0.00446451,1.81492,90,0,21,21,23,0,-2,0,0,1,28,4383,4422,332,175,12,711,40684,40471,108,1024,64,98,1.45516e+06,0,0,0,0,1,0,886,428,355,4294,0,0,0,0,0,0,0,0,290,-776,0,0,29
156.83,0,0,0,0,53,1767,1.80198,0.00446203,1.81435,90,0,21,21,23,0,-2,0,0,1,28,4242,4422,213,175,12,711,40684,40471,108,1024,64,98,903546,0,0,0,0,1,592,0,94,187,4370,0,0,0,0,0,0,0,0,290,-429,0,0,29
156.84,0,0,0,0,53,1767,1.80132,0.00445954,1.81379,90,0,21,20,23,0,-2,0,0,1,28,4242,4422,213,175,12,711,40684,40471,108,1024,64,98,903546,0,0,0,0,1,592,0,94,187,4370,0,0,0,0,0,0,0,0,290,-74,0,0,29
156.85,0,0,0,0,53,1683,1.80066,0.00445706,1.81322,90,0,21,20,23,0,-2,0,0,1,28,4242,4422,25,175,12,711,40684,40471,108,1024,64,98,106050,0,0,0,0,1,0,38,66,29,4445,0,0,0,0,0,0,0,0,290,-74,0,0,29
156.86,0,0,0,0,53,1691,1.80001,0.00445458,1.81266,90,0,21,20,23,0,-2,0,0,1,28,4374,4422,25,175,12,711,40684,40471,108,1024,64,98,109350,0,0,0,0,1,71,60,0,26,4438,0,0,0,0,0,0,0,0,290,-75,0,0,29
156.87,0,0,0,0,53,1795,1.79935,0.00445209,1.8121,90,0,21,20,23,0,-2,0,0,1,28,4374,4422,16,175,12,711,40684,40471,108,1024,64,98,69984,0,0,0,0,1,24,0,150,24,4456,0,0,0,0,0,0,0,0,290,-58,0,0,29
156.88,0,0,0,0,53,2047,1.79869,0.00444961,1.81153,90,0,21,20,23,0,-2,0,0,1,28,4374,4422,16,175,12,711,40684,40471,108,1024,64,98,69984,0,0,0,0,1,0,0,260,27,4456,0,0,0,0,0,0,0,0,290,-78,0,0,29
156.89,0,0,0,0,53,2189,1.79803,0.00444713,1.81097,90,0,21,20,23,0,-2,0,0,1,28,4389,4423,120,175,12,711,40684,40471,108,1024,64,98,526680,0,0,0,0,1,148,214,0,91,4395,0,0,0,0,0,0,0,0,290,-214,0,0,29
156.9,0,0,0,0,53,2189,1.79738,0.00444465,1.8104,90,0,21,20,23,0,-2,0,0,1,28,4389,4423,134,175,12,711,40679,40474,109,1024,14,98,588126,0,0,0,0,1,0,0,522,150,4380,0,0,0,0,0,0,0,0,290,-313,0,0,29
156.91,0,0,0,0,53,2246,1.79706,0.00445232,1.81029,90,0,21,20,23,0,-2,0,0,1,28,4389,4423,233,175,12,711,40679,40474,109,1024,14,98,1.02264e+06,0,0,0,0,1,0,0,522,150,4380,0,0,0,0,0,0,0,0,290,-313,0,0,29
156.92,0,0,0,0,53,2200,1.79675,0.00445999,1.81017,90,0,21,20,23,0,-2,0,0,1,28,4349,4423,342,175,12,711,40679,40474,109,1024,14,98,1.48736e+06,0,0,0,0,1,0,966,0,322,4309,0,0,0,0,0,0,0,0,290,-646,0,0,29
156.93,0,0,0,0,53,1963,1.79643,0.00446766,1.81005,90,0,21,20,23,0,-2,0,0,1,28,4349,4423,342,175,12,711,40679,40474,109,1024,14,98,1.48736e+06,0,0,0,0,1,0,1237,0,336,4312,0,0,0,0,0,0,0,0,290,-745,0,0,29
156.94,0,0,0,0,53,1747,1.79612,0.00447533,1.80994,90,0,21,20,23,0,-2,0,0,1,28,4241,4423,71,175,12,711,40679,40474,109,1024,14,98,301111,0,0,0,0,1,0,0,443,132,4406,0,0,0,0,0,0,0,0,290,-282,0,0,29
156.95,0,0,0,0,53,1697,1.7958,0.004483,1.80982,90,0,21,20,23,0,-2,0,0,1,28,4307,4423,25,175,12,711,40679,40474,109,1024,14,98,107675,0,0,0,0,1,0,117,0,24,4452,0,0,0,0,0,0,0,0,290,-68,0,0,29
156.96,0,0,0,0,53,1697,1.79549,0.00449067,1.80971,90,0,21,20,23,0,-2,0,0,1,28,4307,4423,25,175,12,711,40679,40474,109,1024,14,98,107675,0,0,0,0,1,0,117,0,24,4452,0,0,0,0,0,0,0,0,290,-74,0,0,29
156.97,0,0,0,0,53,1714,1.79518,0.00449834,1.80959,90,0,21,20,23,0,-2,0,0,1,28,4307,4423,20,175,13,711,40679,40474,109,1024,14,98,86140,0,0,0,0,1,127,0,0,27,4434,0,0,0,0,0,0,0,0,290,-74,0,0,29
156.98,0,0,0,0,53,1863,1.79486,0.00450601,1.80947,90,0,21,20,23,0,-2,0,0,1,28,4307,4423,12,175,13,711,40679,40474,109,1024,14,98,51684,0,0,0,0,1,0,147,30,26,4449,0,0,0,0,0,0,0,0,290,-82,0,0,29
156.99,0,0,0,0,53,2114,1.79455,0.00451368,1.80936,90,0,21,20,23,0,-2,0,0,1,28,4389,4423,44,175,13,711,40679,40474,109,1024,14,98,193116,0,0,0,0,1,84,103,0,36,4423,0,0,0,0,0,0,0,0,290,-94,0,0,29
157,0,0,0,0,53,2211,1.79423,0.00452135,1.80924,90,0,21,20,23,0,-2,0,0,1,28,4389,4423,44,175,13,711,40676,40467,109,1024,64,98,193116,0,0,0,0,1,0,0,435,119,4395,0,0,0,0,0,0,0,0,290,-259,0,0,29
157.01,0,0,0,0,53,2265,1.79404,0.00452718,1.80889,90,0,21,20,23,0,-2,0,0,1,28,4382,4423,219,175,13,711,40676,40467,109,1024,64,98,959658,0,0,0,0,1,334,259,0,171,4356,0,0,0,0,0,0,0,0,290,-348,0,0,29
157.02,0,0,0,0,53,2265,1.79385,0.00453302,1.80853,90,0,21,21,23,0,-2,0,0,1,28,4382,4423,337,175,13,711,40676,40467,109,1024,64,98,1.47673e+06,0,0,0,0,1,0,0,1053,345,4294,0,0,0,0,0,0,0,0,290,-695,0,0,29
157.03,0,0,0,0,53,2175,1.79366,0.00453885,1.80818,90,0,21,21,23,0,-2,0,0,1,28,4337,4423,331,175,13,711,40676,40467,109,1024,64,98,1.43555e+06,0,0,0,0,1,0,0,1053,345,4294,0,0,0,0,0,0,0,0,290,-695,0,0,29
157.04,0,0,0,0,53,1924,1.79347,0.00454469,1.80782,90,0,21,20,23,0,-2,0,0,1,28,4337,4423,331,175,13,711,40676,40467,109,1024,64,98,1.43555e+06,0,0,0,0,1,816,0,369,306,4312,0,0,0,0,0,0,0,0,290,-702,0,0,29
157.05,0,0,0,0,53,1738,1.79328,0.00455052,1.80747,90,0,21,20,23,0,-2,0,0,1,28,4337,4423,25,175,13,711,40676,40467,109,1024,64,98,108425,0,0,0,0,1,0,281,0,87,4419,0,0,0,0,0,0,0,0,290,-158,0,0,29
157.06,0,0,0,0,53,1714,1.79309,0.00455635,1.80711,90,0,21,20,23,0,-2,0,0,1,28,4299,4423,26,175,13,711,40676,40467,109,1024,64,98,111774,0,0,0,0,1,123,0,0,26,4432,0,0,0,0,0,0,0,0,290,-72,0,0,29
157.07,0,0,0,0,53,1747,1.7929,0.00456219,1.80676,90,0,21,20,23,0,-2,0,1,1,28,4299,4423,26,175,11,711,40676,40467,109,1024,64,98,111774,0,0,0,0,1,0,54,49,29,4449,0,0,0,0,0,0,0,0,290,-84,0,0,29
157.08,0,0,0,0,53,1747,1.79271,0.00456802,1.8064,90,0,21,20,23,0,-2,0,1,1,28,4299,4423,26,175,11,711,40676,40467,109,1024,64,98,111774,0,0,0,0,1,0,54,49,29,4449,0,0,0,0,0,0,0,0,290,-97,0,0,29
157.09,0,0,0,0,53,1937,1.79252,0.00457385,1.80605,90,0,21,20,23,0,-2,0,0,1,28,4387,4423,43,175,11,711,40676,40467,109,1024,64,98,188641,0,0,0,0,1,133,0,119,26,4445,0,0,0,0,0,0,0,0,290,-97,0,0,29
157.1,0,0,0,0,53,2162,1.79233,0.00457969,1.80569,90,0,21,20,23,0,-2,0,0,1,28,4387,4423,109,175,11,711,40666,40438,109,1024,65,98,478183,0,0,0,0,1,0,177,0,47,4454,0,0,0,0,0,0,0,0,290,-114,0,0,29
157.11,0,0,0,0,53,2234,1.792,0.00458909,1.80555,90,0,21,20,23,0,-2,0,0,0.9,28,4387,4423,135,175,11,711,40666,40438,109,1024,65,98,592245,0,0,0,0,1,328,0,84,132,4385,0,0,0,0,0,0,0,0,290,-252,0,0,29
157.12,0,0,0,0,53,2284,1.79166,0.00459849,1.80541,90,0,21,20,23,0,-2,0,0,0.8,28,4387,4423,135,175,11,711,40666,40438,109,1024,65,98,592245,0,0,0,0,1,0,663,0,195,4368,0,0,0,0,0,0,0,0,290,-389,0,0,29
157.13,0,0,0,0,53,2149,1.79133,0.00460789,1.80527,90,0,21,20,23,0,-2,0,0,0.7,28,4382,4411,340,175,11,711,40666,40438,109,1024,65,98,1.48988e+06,0,0,0,0,1,1256,0,0,366,4277,0,0,0,0,0,0,0,0,290,-731,0,0,29
157.14,0,0,0,0,53,2149,1.79099,0.00461728,1.80513,90,0,21,20,23,0,-2,0,0,0.6,28,4382,4411,243,175,11,711,40666,40438,109,1024,65,98,1.06483e+06,0,0,0,0,1,703,345,0,269,4331,0,0,0,0,0,0,0,0,290,-602,0,0,29
157.15,0,0,0,0,53,1895,1.79066,0.00462668,1.80499,90,0,21,20,23,0,-2,0,0,0.5,28,4247,4411,100,175,11,711,40666,40438,109,1024,65,98,424700,0,0,0,0,1,703,345,0,269,4331,0,0,0,0,0,0,0,0,290,-602,0,0,29
157.16,0,0,0,0,53,1741,1.79032,0.00463608,1.80485,90,0,21,20,23,0,-2,0,0,0.4,28,4247,4411,27,175,11,711,40666,40438,109,1024,65,98,114669,0,0,0,0,1,0,0,201,60,4432,0,0,0,0,0,0,0,0,290,-104,0,0,29
157.17,0,0,0,0,53,1734,1.78999,0.00464548,1.80471,90,0,21,20,23,0,-2,0,0,0.3,28,4247,4411,27,175,11,711,40666,40438,109,1024,65,98,114669,0,0,0,0,1,76,70,0,27,4441,0,0,0,0,0,0,0,0,290,-62,0,0,29
157.18,0,0,0,0,53,1783,1.78965,0.00465488,1.80457,90,0,21,20,23,0,-2,0,0,0.2,28,4357,4411,25,175,11,711,40666,40438,109,1024,65,98,108925,0,0,0,0,1,0,0,136,30,4445,0,0,0,0,0,0,0,0,290,-83,0,0,29
157.19,0,0,0,0,53,2002,1.78931,0.00466428,1.80443,90,0,21,20,23,0,-2,0,1,0.1,28,4386,4411,15,175,11,711,40666,40438,109,1024,65,98,65790,0,0,0,0,1,194,0,84,22,4443,0,0,0,0,0,0,0,0,290,-99,0,0,29
157.2,0,0,0,0,53,2002,1.78898,0.00467368,1.80429,90,0,21,20,23,0,-2,0,1,0,28,4386,4411,15,175,11,711,40406,39966,109,1024,66,98,65790,0,0,0,0,1,194,0,84,22,4443,0,0,0,0,0,0,0,0,290,-109,0,0,29
157.21,0,0,0,0,53,2206,1.78905,0.004692,1.80427,90,0,21,20,23,0,-2,0,0,0.1,28,4386,4408,133,175,11,711,40406,39966,109,1024,66,98,583338,0,0,0,0,1,0,193,0,52,4432,0,0,0,0,0,0,0,0,290,-109,0,0,29
157.22,0,0,0,0,53,2267,1.78911,0.00471032,1.80425,90,0,21,20,23,0,-2,0,0,0.2,28,4383,4408,181,175,11,711,40406,39966,109,1024,66,98,793323,0,0,0,0,1,0,0,391,136,4397,0,0,0,0,0,0,0,0,290,-248,0,0,29
157.23,0,0,0,0,53,2297,1.78918,0.00472863,1.80424,90,0,21,20,23,0,-2,0,0,0.3,28,4383,4408,318,175,11,711,40406,39966,109,1024,66,98,1.39379e+06,0,0,0,0,1,611,175,0,235,4324,0,0,0,0,0,0,0,0,290,-482,0,0,29
157.24,0,0,0,0,53,2117,1.78925,0.00474695,1.80422,90,0,21,20,23,0,-2,0,0,0.4,28,4383,4408,318,175,11,711,40406,39966,109,1024,66,98,1.39379e+06,0,0,0,0,1,551,0,758,377,4286,0,0,0,0,0,0,0,0,290,-779,0,0,29
157.25,0,0,0,0,53,1864,1.78931,0.00476527,1.8042,90,0,21,20,23,0,-2,0,0,0.5,28,4309,4408,121,175,11,711,40406,39966,109,1024,66,98,521389,0,0,0,0,1,824,0,0,232,4344,0,0,0,0,0,0,0,0,290,-530,0,0,29
157.26,0,0,0,0,53,1864,1.78938,0.00478359,1.80419,90,0,21,20,23,0,-2,0,0,0.6,28,4282,4408,29,175,11,711,40406,39966,109,1024,66,98,124178,0,0,0,0,1,0,15,107,35,4441,0,0,0,0,0,0,0,0,290,-67,0,0,29
157.27,0,0,0,0,53,1750,1.78945,0.00480191,1.80417,90,0,21,20,23,0,-2,0,0,0.7,28,4282,4408,26,175,11,711,40406,39966,109,1024,66,98,111332,0,0,0,0,1,0,15,107,35,4441,0,0,0,0,0,0,0,0,290,-67,0,0,29
157.28,0,0,0,0,53,1755,1.78952,0.00482023,1.80415,90,0,21,20,23,0,-2,0,0,0.8,28,4282,4408,27,175,8,711,40406,39966,109,1024,66,98,115614,0,0,0,0,1,112,0,0,28,4434,0,0,0,0,0,0,0,0,290,-69,0,0,29
157.29,0,0,0,0,53,1834,1.78958,0.00483854,1.80414,90,0,21,20,23,0,-2,0,1,0.9,28,4282,4408,27,175,8,711,40406,39966,109,1024,66,98,115614,0,0,0,0,1,0,29,106,30,4438,0,0,0,0,0,0,0,0,290,-69,0,0,29
157.3,0,0,0,0,53,2073,1.78965,0.00485686,1.80412,90,0,21,20,23,0,-2,0,1,1,27,4387,4428,35,175,8,711,39761,38557,109,1024,65,98,153545,0,0,0,0,1,0,130,147,26,4449,0,0,0,0,0,0,0,0,290,-102,0,0,29
157.31,0,0,0,0,53,2240,1.78985,0.00486188,1.80449,90,0,21,20,23,0,-2,0,0,1,27,4387,4428,77,175,8,711,39761,38557,109,1024,65,98,337799,0,0,0,0,1,186,0,100,68,4419,0,0,0,0,0,0,0,0,290,-164,0,0,29
157.32,0,0,0,0,53,2240,1.79005,0.0048669,1.80487,90,0,21,20,23,0,-2,0,0,1,27,4387,4428,77,175,8,711,39761,38557,109,1024,65,98,337799,0,0,0,0,1,186,0,100,68,4419,0,0,0,0,0,0,0,0,290,-253,0,0,29
157.33,0,0,0,0,53,2299,1.79024,0.00487191,1.80525,90,0,21,20,23,0,-2,0,0,1,27,4384,4428,299,175,8,711,39761,38557,109,1024,65,98,1.31082e+06,0,0,0,0,1,0,402,0,139,4400,0,0,0,0,0,0,0,0,290,-253,0,0,29
157.34,0,0,0,0,53,2295,1.79044,0.00487693,1.80562,90,0,21,20,23,0,-2,0,0,1,27,4384,4428,354,175,8,711,39761,38557,109,1024,65,98,1.55194e+06,0,0,0,0,1,0,0,1000,288,4312,0,0,0,0,0,0,0,0,290,-581,0,0,29
157.35,0,0,0,0,53,2089,1.79064,0.00488195,1.806,90,0,21,20,23,0,-2,0,0,1,27,4318,4428,291,175,8,711,39761,38557,109,1024,65,98,1.25654e+06,0,0,0,0,1,0,1062,86,367,4286,0,0,0,0,0,0,0,0,290,-756,0,0,29
157.36,0,0,0,0,53,1852,1.79084,0.00488696,1.80638,90,0,21,20,23,0,-2,0,0,1,27,4318,4428,291,175,8,711,39761,38557,109,1024,65,98,1.25654e+06,0,0,0,0,1,0,0,701,191,4378,0,0,0,0,0,0,0,0,290,-427,0,0,29
157.37,0,0,0,0,53,1770,1.79103,0.00489198,1.80675,90,0,21,20,23,0,-2,0,0,1,27,4318,4428,26,175,8,711,39761,38557,109,1024,65,98,112268,0,0,0,0,1,82,60,0,31,4447,0,0,0,0,0,0,0,0,290,-81,0,0,29
157.38,0,0,0,0,53,1770,1.79123,0.004897,1.80713,90,0,21,20,23,0,-2,0,0,1,27,4334,4428,28,175,9,711,39761,38557,109,1024,65,98,121352,0,0,0,0,1,0,0,139,29,4445,0,0,0,0,0,0,0,0,290,-66,0,0,29
157.39,0,0,0,0,53,1779,1.79143,0.00490202,1.80751,90,0,21,20,23,0,-2,0,1,1,27,4334,4428,30,175,9,711,39761,38557,109,1024,65,98,130020,0,0,0,0,1,0,0,139,29,4445,0,0,0,0,0,0,0,0,290,-66,0,0,29
157.4,0,0,0,0,53,1886,1.79163,0.00490703,1.80788,90,0,21,20,23,0,-2,0,1,1,27,4334,4428,21,175,9,711,40219,39533,109,1024,65,98,91014,0,0,0,0,1,147,0,0,28,4438,0,0,0,0,0,0,0,0,290,-64,0,0,29
157.41,0,0,0,0,53,2132,1.79187,0.00494544,1.80816,90,0,21,20,23,0,-2,0,1,1,27,4334,4428,21,175,9,711,40219,39533,109,1024,65,98,91014,0,0,0,0,1,59,0,180,30,4437,0,0,0,0,0,0,0,0,290,-115,0,0,29
157.42,0,0,0,0,53,2266,1.79211,0.00498385,1.80843,90,0,21,20,23,0,-2,0,1,1,27,4385,4428,130,175,9,711,40219,39533,109,1024,65,98,570050,0,0,0,0,1,281,50,0,98,4397,0,0,0,0,0,0,0,0,290,-208,0,0,29
157.43,0,0,0,0,53,2326,1.79235,0.00502225,1.80871,90,0,21,20,23,0,-2,0,0,1,27,4385,4428,151,175,9,711,40219,39533,109,1024,65,98,662135,0,0,0,0,1,0,265,207,149,4385,0,0,0,0,0,0,0,0,290,-287,0,0,29
157.44,0,0,0,0,53,2326,1.7926,0.00506066,1.80899,90,0,21,20,23,0,-2,0,0,1,27,4385,4428,151,175,9,711,40219,39533,109,1024,65,98,662135,0,0,0,0,1,0,265,207,149,4385,0,0,0,0,0,0,0,0,290,-625,0,0,29
157.45,0,0,0,0,53,2294,1.79284,0.00509907,1.80926,90,0,21,20,23,0,-2,0,0,1,27,4385,4428,318,175,9,711,40219,39533,109,1024,65,98,1.39443e+06,0,0,0,0,1,664,0,387,315,4303,0,0,0,0,0,0,0,0,290,-625,0,0,29
157.46,0,0,0,0,53,2068,1.79308,0.00513748,1.80954,90,0,21,20,23,0,-2,0,0,1,27,4271,4428,191,175,9,711,40219,39533,109,1024,65,98,815761,0,0,0,0,1,0,0,1283,356,4301,0,0,0,0,0,0,0,0,290,-752,0,0,29
157.47,0,0,0,0,53,1848,1.79332,0.00517589,1.80981,90,0,21,20,23,0,-2,0,0,1,27,4271,4428,49,175,9,711,40219,39533,109,1024,65,98,209279,0,0,0,0,1,555,0,0,161,4372,0,0,0,0,0,0,0,0,290,-342,0,0,29
157.48,0,0,0,0,53,1792,1.79357,0.00521429,1.81009,90,0,21,20,23,0,-2,0,0,1,27,4271,4428,49,175,9,711,40219,39533,109,1024,65,98,209279,0,0,0,0,1,0,118,0,30,4443,0,0,0,0,0,0,0,0,290,-72,0,0,29
157.49,0,0,0,0,53,1808,1.79381,0.0052527,1.81037,90,0,21,20,23,0,-2,0,1,1,27,4385,4428,29,175,10,711,40219,39533,109,1024,65,98,127165,0,0,0,0,1,0,0,98,30,4441,0,0,0,0,0,0,0,0,290,-79,0,0,29
157.5,0,0,0,0,53,1808,1.79405,0.00529111,1.81064,90,0,21,20,23,0,-2,0,1,1,26,4385,4428,23,175,10,711,40075,39262,109,1024,65,98,100855,0,0,0,0,1,177,42,0,28,4432,0,0,0,0,0,0,0,0,290,-85,0,0,29
157.51,0,0,0,0,53,1939,1.79439,0.00531266,1.81084,90,0,21,21,23,0,-2,0,0,1,26,4385,4425,19,175,10,711,40075,39262,109,1024,65,98,83315,0,0,0,0,1,177,42,0,28,4432,0,0,0,0,0,0,0,0,290,-85,0,0,29
157.52,0,0,0,0,53,2186,1.79474,0.00533422,1.81103,90,0,21,21,23,0,-2,0,0,1,26,4385,4425,50,175,10,711,40075,39262,109,1024,65,98,219250,0,0,0,0,1,0,0,186,37,4447,0,0,0,0,0,0,0,0,290,-107,0,0,29
157.53,0,0,0,0,53,2296,1.79508,0.00535578,1.81123,90,0,21,20,23,0,-2,0,0,1,26,4385,4425,50,175,10,711,40075,39262,109,1024,65,98,219250,0,0,0,0,1,428,0,0,120,4382,0,0,0,0,0,0,0,0,290,-251,0,0,29
157.54,0,0,0,0,53,2353,1.79542,0.00537733,1.81143,90,0,21,20,23,0,-2,0,0,1,26,4389,4425,232,175,10,711,40075,39262,109,1024,65,98,1.01825e+06,0,0,0,0,1,0,533,0,165,4382,0,0,0,0,0,0,0,0,290,-316,0,0,29
157.55,0,0,0,0,53,2287,1.79576,0.00539889,1.81162,90,0,21,20,23,0,-2,0,0,1,26,4332,4425,349,175,10,711,40075,39262,109,1024,65,98,1.51187e+06,0,0,0,0,1,0,0,1160,346,4286,0,0,0,0,0,0,0,0,290,-688,0,0,29
157.56,0,0,0,0,53,2287,1.7961,0.00542044,1.81182,90,0,21,20,23,0,-2,0,0,1,26,4332,4425,349,175,10,711,40075,39262,109,1024,65,98,1.51187e+06,0,0,0,0,1,0,0,1160,346,4286,0,0,0,0,0,0,0,0,290,-723,0,0,29
157.57,0,0,0,0,53,2049,1.79645,0.005442,1.81201,90,0,21,21,23,0,-2,0,0,1,26,4233,4425,69,175,10,711,40075,39262,109,1024,65,98,292077,0,0,0,0,1,0,261,914,339,4313,0,0,0,0,0,0,0,0,290,-723,0,0,29
157.58,0,0,0,0,53,1851,1.79679,0.00546355,1.81221,90,0,21,21,23,0,-2,0,0,1,26,4233,4425,27,175,10,711,40075,39262,109,1024,65,98,114291,0,0,0,0,1,142,0,268,122,4397,0,0,0,0,0,0,0,0,290,-237,0,0,29
157.59,0,0,0,0,53,1819,1.79713,0.00548511,1.81241,90,0,21,21,23,0,-2,0,0,1,26,4233,4451,29,175,9,711,40075,39262,109,1024,65,98,122757,0,0,0,0,1,53,93,0,28,4434,0,0,0,0,0,0,0,0,290,-84,0,0,29
157.6,0,0,0,0,53,1839,1.79747,0.00550667,1.8126,90,0,21,21,23,0,-2,0,0,1,25,4233,4451,29,175,9,711,39344,37369,108,1024,65,98,122757,0,0,0,0,1,0,23,106,30,4452,0,0,0,0,0,0,0,0,290,-67,0,0,29
157.61,0,0,0,0,53,1994,1.7984,0.00553368,1.81343,90,0,21,21,23,0,-2,0,1,1,25,4368,4451,20,175,9,711,39344,37369,108,1024,65,98,87360,0,0,0,0,1,47,0,205,28,4452,0,0,0,0,0,0,0,0,290,-79,0,0,29
157.62,0,0,0,0,53,1994,1.79933,0.00556069,1.81427,90,0,21,21,23,0,-2,0,1,1,25,4386,4451,47,175,9,711,39344,37369,108,1024,65,98,206142,0,0,0,0,1,0,212,0,43,4421,0,0,0,0,0,0,0,0,290,-121,0,0,29
157.63,0,0,0,0,53,2230,1.80026,0.00558769,1.8151,90,0,21,21,23,0,-2,0,0,1,25,4386,4451,117,175,9,711,39344,37369,108,1024,65,98,513162,0,0,0,0,1,0,212,0,43,4421,0,0,0,0,0,0,0,0,290,-121,0,0,29
157.64,0,0,0,0,53,2320,1.80118,0.0056147,1.81593,90,0,21,21,23,0,-2,0,0,1,25,4386,4451,134,175,9,711,39344,37369,108,1024,65,98,587724,0,0,0,0,1,0,124,299,131,4395,0,0,0,0,0,0,0,0,290,-263,0,0,29
157.65,0,0,0,0,53,2376,1.80211,0.00564171,1.81676,90,0,21,21,23,0,-2,0,0,1,25,4386,4451,134,175,9,711,39344,37369,108,1024,65,98,587724,0,0,0,0,1,47,0,449,180,4378,0,0,0,0,0,0,0,0,290,-327,0,0,29
157.66,0,0,0,0,53,2284,1.80304,0.00566872,1.81759,90,0,21,21,23,0,-2,0,0,1,25,4379,4433,351,175,9,711,39344,37369,108,1024,65,98,1.53703e+06,0,0,0,0,1,604,621,0,362,4275,0,0,0,0,0,0,0,0,290,-700,0,0,29
157.67,0,0,0,0,53,2040,1.80397,0.00569573,1.81843,90,0,21,21,23,0,-2,0,0,1,25,4379,4433,254,175,9,711,39344,37369,108,1024,65,98,1.11227e+06,0,0,0,0,1,1131,0,0,318,4294,0,0,0,0,0,0,0,0,290,-684,0,0,29
157.68,0,0,0,0,53,2040,1.80489,0.00572274,1.81926,90,0,21,21,23,0,-2,0,0,1,25,4379,4433,254,175,9,711,39344,37369,108,1024,65,98,1.11227e+06,0,0,0,0,1,1131,0,0,318,4294,0,0,0,0,0,0,0,0,290,-203,0,0,29
157.69,0,0,0,0,53,1862,1.80582,0.00574975,1.82009,90,0,21,21,23,0,-2,0,0,1,25,4240,4433,28,175,10,711,39344,37369,108,1024,65,98,118720,0,0,0,0,1,8,317,0,100,4417,0,0,0,0,0,0,0,0,290,-203,0,0,29
157.7,0,0,0,0,53,1838,1.80675,0.00577676,1.82092,90,0,21,20,22,0,-2,0,0,1,25,4355,4433,29,175,10,711,39401,37540,108,1024,64,98,126295,0,0,0,0,1,0,0,135,30,4449,0,0,0,0,0,0,0,0,290,-77,0,0,29
157.71,0,0,0,0,53,1866,1.80789,0.00581426,1.8218,90,0,21,20,22,0,-2,0,0,1,25,4355,4433,27,175,10,711,39401,37540,108,1024,64,98,117585,0,0,0,0,1,119,0,0,32,4430,0,0,0,0,0,0,0,0,290,-73,0,0,29
157.72,0,0,0,0,53,2041,1.80903,0.00585176,1.82267,90,0,21,20,22,0,-2,0,0,1,25,4355,4433,27,175,10,711,39401,37540,108,1024,64,98,117585,0,0,0,0,1,265,0,0,30,4434,0,0,0,0,0,0,0,0,290,-96,0,0,29
157.73,0,0,0,0,53,2270,1.81017,0.00588926,1.82355,90,0,21,20,22,0,-2,0,0,1,25,4386,4433,99,175,10,711,39401,37540,108,1024,64,98,434214,0,0,0,0,1,0,206,0,46,4445,0,0,0,0,0,0,0,0,290,-128,0,0,29
157.74,0,0,0,0,53,2270,1.81131,0.00592676,1.82442,90,0,21,20,22,0,-2,0,0,1,25,4386,4433,137,175,10,711,39401,37540,108,1024,64,98,600882,0,0,0,0,1,0,206,0,46,4391,0,0,0,0,0,0,0,0,290,-263,0,0,29
157.75,0,0,0,0,53,2349,1.81245,0.00596426,1.8253,90,0,21,20,22,0,-2,0,0,1,25,4351,4433,183,175,10,711,39401,37540,108,1024,64,98,796233,0,0,0,0,1,0,0,391,139,4391,0,0,0,0,0,0,0,0,290,-263,0,0,29
157.76,0,0,0,0,53,2397,1.81359,0.00600176,1.82617,90,0,21,20,22,0,-2,0,0,1,25,4351,4433,314,175,10,711,39401,37540,108,1024,64,98,1.36621e+06,0,0,0,0,1,428,0,250,198,4354,0,0,0,0,0,0,0,0,290,-389,0,0,29
157.77,0,0,0,0,53,2282,1.81473,0.00603926,1.82705,90,0,21,20,22,0,-2,0,0,1,25,4351,4433,314,175,10,711,39401,37540,108,1024,64,98,1.36621e+06,0,0,0,0,1,176,972,0,378,4277,0,0,0,0,0,0,0,0,290,-723,0,0,29
157.78,0,0,0,0,53,2033,1.81587,0.00607676,1.82792,90,0,21,20,22,0,-2,0,0,1,25,4310,4433,148,175,10,711,39401,37540,108,1024,64,98,637880,0,0,0,0,1,756,273,0,298,4312,0,0,0,0,0,0,0,0,290,-621,0,0,29
157.79,0,0,0,0,53,1874,1.81701,0.00611426,1.8288,90,0,21,20,22,0,-2,0,0,1,25,4267,4433,35,175,10,711,39401,37540,108,1024,64,98,149345,0,0,0,0,1,0,229,0,76,4430,0,0,0,0,0,0,0,0,290,-121,0,0,29
157.8,0,0,0,0,53,1874,1.81815,0.00615176,1.82967,90,0,21,20,22,0,-2,0,0,1,25,4267,4433,35,175,11,711,40011,39098,109,1024,61,98,149345,0,0,0,0,1,0,229,0,76,4430,0,0,0,0,0,0,0,0,290,-83,0,0,29
157.81,0,0,0,0,53,1863,1.81907,0.00611326,1.83066,90,0,21,20,22,0,-2,0,0,1,25,4267,4433,32,175,11,711,40011,39098,109,1024,61,98,136544,0,0,0,0,1,0,0,153,30,4437,0,0,0,0,0,0,0,0,290,-83,0,0,29
157.82,0,0,0,0,53,1900,1.81999,0.00607476,1.83165,90,0,21,20,22,0,-2,0,0,1,25,4267,4433,21,175,11,711,40011,39098,109,1024,61,98,89607,0,0,0,0,1,129,0,8,33,4428,0,0,0,0,0,0,0,0,290,-80,0,0,29
157.83,0,0,0,0,53,2093,1.82091,0.00603626,1.83265,90,0,21,20,22,0,-2,0,0,1,25,4385,4433,33,175,11,711,40011,39098,109,1024,61,98,144705,0,0,0,0,1,287,0,0,28,4458,0,0,0,0,0,0,0,0,290,-57,0,0,29
157.84,0,0,0,0,53,2306,1.82183,0.00599776,1.83364,90,0,21,20,22,0,-2,0,0,1,25,4385,4433,33,175,11,711,40011,39098,109,1024,61,98,144705,0,0,0,0,1,95,111,0,53,4417,0,0,0,0,0,0,0,0,290,-120,0,0,29
157.85,0,0,0,0,53,2374,1.82275,0.00595925,1.83463,90,0,21,20,22,0,-2,0,0,1,25,4384,4433,162,175,11,711,40011,39098,109,1024,61,98,710208,0,0,0,0,1,0,431,0,145,4387,0,0,0,0,0,0,0,0,290,-265,0,0,29
157.86,0,0,0,0,53,2374,1.82367,0.00592075,1.83562,90,0,21,20,22,0,-2,0,0,1,25,4338,4433,283,175,11,711,40011,39098,109,1024,61,98,1.22765e+06,0,0,0,0,1,0,167,528,216,4354,0,0,0,0,0,0,0,0,290,-428,0,0,29
157.87,0,0,0,0,53,2414,1.82459,0.00588225,1.83661,90,0,21,20,22,0,-2,0,0,1,25,4338,4433,367,175,11,711,40011,39098,109,1024,61,98,1.59205e+06,0,0,0,0,1,0,167,528,216,4354,0,0,0,0,0,0,0,0,290,-428,0,0,29
157.88,0,0,0,0,53,2279,1.82551,0.00584375,1.8376,90,0,21,20,22,0,-2,0,0,1,25,4338,4433,321,175,11,711,40011,39098,109,1024,61,98,1.3925e+06,0,0,0,0,1,1191,0,0,381,4266,0,0,0,0,0,0,0,0,290,-728,0,0,29
157.89,0,0,0,0,53,2031,1.82643,0.00580525,1.83859,90,0,21,20,22,0,-2,0,0,1,25,4338,4433,321,175,11,711,40011,39098,109,1024,61,98,1.3925e+06,0,0,0,0,1,610,0,412,284,4318,0,0,0,0,0,0,0,0,290,-598,0,0,29
157.9,0,0,0,0,53,1894,1.82735,0.00576674,1.83958,90,0,21,20,23,0,-2,0,0,1,25,4254,4443,28,175,12,711,39526,37978,109,1024,65,98,119112,0,0,0,0,1,194,0,0,61,4415,0,0,0,0,0,0,0,0,290,-110,0,0,29
157.91,0,0,0,0,53,1893,1.82824,0.0057408,1.84025,90,0,21,20,23,0,-2,0,0,1,25,4254,4443,31,175,12,711,39526,37978,109,1024,65,98,131874,0,0,0,0,1,0,144,0,32,4452,0,0,0,0,0,0,0,0,290,-86,0,0,29
157.92,0,0,0,0,53,1893,1.82912,0.00571486,1.84091,90,0,21,20,23,0,-2,0,0,1,25,4254,4443,31,175,12,711,39526,37978,109,1024,65,98,131874,0,0,0,0,1,0,144,0,32,4452,0,0,0,0,0,0,0,0,290,-78,0,0,29
157.93,0,0,0,0,53,1937,1.83,0.00568892,1.84158,90,0,21,20,23,0,-2,0,0,1,25,4383,4443,25,175,12,711,39526,37978,109,1024,65,98,109575,0,0,0,0,1,0,82,98,33,4437,0,0,0,0,0,0,0,0,290,-78,0,0,29
157.94,0,0,0,0,53,2134,1.83089,0.00566298,1.84224,90,0,21,20,23,0,-2,0,0,1,25,4384,4443,53,175,12,711,39526,37978,109,1024,65,98,232352,0,0,0,0,1,0,257,0,32,4437,0,0,0,0,0,0,0,0,290,-98,0,0,29
157.95,0,0,0,0,53,2330,1.83177,0.00563703,1.84291,90,0,21,20,23,0,-2,0,0,1,25,4384,4443,129,175,12,711,39526,37978,109,1024,65,98,565536,0,0,0,0,1,0,0,194,60,4428,0,0,0,0,0,0,0,0,290,-136,0,0,29
157.96,0,0,0,0,53,2395,1.83266,0.00561109,1.84357,90,0,21,20,23,0,-2,0,0,1,25,4384,4443,129,175,12,711,39526,37978,109,1024,65,98,565536,0,0,0,0,1,60,0,344,145,4391,0,0,0,0,0,0,0,0,290,-238,0,0,29
157.97,0,0,0,0,53,2435,1.83354,0.00558515,1.84423,90,0,21,21,23,0,-2,0,0,1,25,4342,4417,352,175,12,711,39526,37978,109,1024,65,98,1.52838e+06,0,0,0,0,1,552,0,141,229,4329,0,0,0,0,0,0,0,0,290,-432,0,0,29
157.98,0,0,0,0,53,2435,1.83443,0.00555921,1.8449,90,0,21,21,23,0,-2,0,0,1,25,4342,4417,348,175,12,711,39526,37978,109,1024,65,98,1.51102e+06,0,0,0,0,1,0,1149,0,391,4275,0,0,0,0,0,0,0,0,290,-736,0,0,29
157.99,0,0,0,0,53,2290,1.83531,0.00553327,1.84556,90,0,21,21,23,0,-2,0,0,1,25,4342,4417,240,175,12,711,39526,37978,109,1024,65,98,1.04208e+06,0,0,0,0,1,0,1149,0,391,4275,0,0,0,0,0,0,0,0,290,-736,0,0,29
158,0,0,0,0,53,2037,1.83619,0.00550732,1.84623,90,0,21,21,23,0,-2,0,0,1,26,4235,4417,89,175,12,711,40274,39676,109,1024,87,98,376915,0,0,0,0,1,692,261,0,280,4318,0,0,0,0,0,0,0,0,290,-574,0,0,29
158.01,0,0,0,0,53,1911,1.83618,0.00545431,1.84617,90,0,21,21,23,0,-2,0,0,1,26,4235,4417,89,175,13,711,40274,39676,109,1024,87,98,376915,0,0,0,0,1,0,183,0,57,4438,0,0,0,0,0,0,0,0,290,-106,0,0,29
158.02,0,0,0,0,53,1914,1.83616,0.00540129,1.84611,90,0,21,21,23,0,-2,0,0,1,26,4359,4417,32,175,13,711,40274,39676,109,1024,87,98,139488,0,0,0,0,1,0,71,60,35,4445,0,0,0,0,0,0,0,0,290,-91,0,0,29
158.03,0,0,0,0,53,1967,1.83614,0.00534828,1.84605,90,0,21,20,23,0,-2,0,0,1,26,4359,4421,29,175,13,711,40274,39676,109,1024,87,98,126411,0,0,0,0,1,0,0,150,37,4441,0,0,0,0,0,0,0,0,290,-96,0,0,29
158.04,0,0,0,0,53,1967,1.83612,0.00529527,1.84599,90,0,21,20,23,0,-2,0,0,1,26,4359,4421,29,175,13,711,40274,39676,109,1024,87,98,126411,0,0,0,0,1,0,0,150,37,4441,0,0,0,0,0,0,0,0,290,-109,0,0,29
158.05,0,0,0,0,53,2174,1.8361,0.00524225,1.84593,90,0,21,20,23,0,-2,0,0,1,26,4386,4421,116,175,13,711,40274,39676,109,1024,87,98,508776,0,0,0,0,1,0,200,109,32,4449,0,0,0,0,0,0,0,0,290,-109,0,0,29
158.06,0,0,0,0,53,2358,1.83608,0.00518924,1.84587,90,0,21,20,23,0,-2,0,0,1,26,4386,4421,138,175,13,711,40274,39676,109,1024,87,98,605268,0,0,0,0,1,0,0,230,60,4419,0,0,0,0,0,0,0,0,290,-123,0,0,29
158.07,0,0,0,0,53,2423,1.83607,0.00513622,1.84581,90,0,21,20,23,0,-2,0,0,1,26,4386,4421,195,175,13,711,40274,39676,109,1024,87,98,855270,0,0,0,0,1,0,0,388,147,4394,0,0,0,0,0,0,0,0,290,-272,0,0,29
158.08,0,0,0,0,53,2451,1.83605,0.00508321,1.84576,90,0,21,20,23,0,-2,0,0,1,26,4386,4421,195,175,13,711,40274,39676,109,1024,87,98,855270,0,0,0,0,1,457,0,388,251,4324,0,0,0,0,0,0,0,0,290,-481,0,0,29
158.09,0,0,0,0,53,2292,1.83603,0.00503019,1.8457,90,0,21,20,23,0,-2,0,0,1,26,4378,4421,279,175,13,711,40274,39676,109,1024,87,98,1.22146e+06,0,0,0,0,1,387,896,0,390,4266,0,0,0,0,0,0,0,0,290,-770,0,0,29
158.1,0,0,0,0,53,2292,1.83601,0.00497718,1.84564,90,0,21,20,23,0,-2,0,0,1,26,4378,4421,140,175,13,711,40582,40310,110,1024,14,98,612920,0,0,0,0,1,850,0,0,262,4329,0,0,0,0,0,0,0,0,290,-539,0,0,29
158.11,0,0,0,0,53,2050,1.83529,0.00494432,1.84508,90,0,21,20,23,0,-2,0,0,1,26,4240,4421,36,175,14,711,40582,40310,110,1024,14,98,152640,0,0,0,0,1,850,0,0,262,4329,0,0,0,0,0,0,0,0,290,-539,0,0,29
158.12,0,0,0,0,53,1937,1.83458,0.00491147,1.84453,90,0,21,20,23,0,-2,0,0,1,26,4240,4421,36,175,14,711,40582,40310,110,1024,14,98,152640,0,0,0,0,1,92,89,0,49,4430,0,0,0,0,0,0,0,0,290,-98,0,0,29
158.13,0,0,0,0,53,1943,1.83386,0.00487861,1.84398,90,0,21,20,23,0,-2,0,0,1,26,4240,4421,34,175,14,711,40582,40310,110,1024,14,98,144160,0,0,0,0,1,0,171,0,34,4449,0,0,0,0,0,0,0,0,290,-99,0,0,29
158.14,0,0,0,0,53,1998,1.83315,0.00484575,1.84342,90,0,21,20,23,0,-2,0,0,1,26,4240,4421,24,175,14,711,40582,40310,110,1024,14,98,101760,0,0,0,0,1,0,147,0,36,4441,0,0,0,0,0,0,0,0,290,-95,0,0,29
158.15,0,0,0,0,53,2205,1.83243,0.00481289,1.84287,90,0,21,20,23,0,-2,0,0,1,26,4382,4421,37,175,14,711,40582,40310,110,1024,14,98,162134,0,0,0,0,1,199,103,0,34,4430,0,0,0,0,0,0,0,0,290,-122,0,0,29
158.16,0,0,0,0,53,2205,1.83172,0.00478004,1.84232,90,0,21,20,23,0,-2,0,0,1,26,4382,4421,37,175,14,711,40582,40310,110,1024,14,98,162134,0,0,0,0,1,199,103,0,34,4430,0,0,0,0,0,0,0,0,290,-142,0,0,29
158.17,0,0,0,0,53,2379,1.831,0.00474718,1.84176,90,0,21,20,23,0,-2,0,0,1,26,4382,4421,163,175,14,711,40582,40310,110,1024,14,98,714266,0,0,0,0,1,0,197,0,65,4415,0,0,0,0,0,0,0,0,290,-142,0,0,29
158.18,0,0,0,0,53,2442,1.83029,0.00471432,1.84121,90,0,21,20,23,0,-2,0,0,1,26,4382,4421,289,175,14,711,40582,40310,110,1024,14,98,1.2664e+06,0,0,0,0,1,0,440,0,142,4397,0,0,0,0,0,0,0,0,290,-261,0,0,29
158.19,0,0,0,0,53,2477,1.82957,0.00468147,1.84066,90,0,21,20,23,0,-2,0,0,1,26,4382,4421,367,175,14,711,40582,40310,110,1024,14,98,1.60819e+06,0,0,0,0,1,0,0,566,202,4348,0,0,0,0,0,0,0,0,290,-390,0,0,29
158.2,0,0,0,0,53,2367,1.82886,0.00464861,1.8401,90,0,21,20,22,0,-2,0,0,1,27,4382,4421,367,175,14,711,40622,40361,109,1024,13,98,1.60819e+06,0,0,0,0,1,763,0,440,380,4272,0,0,0,0,0,0,0,0,290,-725,0,0,29
158.21,0,0,0,0,53,2125,1.82819,0.00464036,1.83936,90,0,21,20,22,0,-2,0,0,1,27,4317,4421,50,175,11,711,40622,40361,109,1024,13,98,215850,0,0,0,0,1,0,146,844,319,4309,0,0,0,0,0,0,0,0,290,-657,0,0,29
158.22,0,0,0,0,53,1971,1.82752,0.00463211,1.83863,90,0,21,20,22,0,-2,0,0,1,27,4317,4421,32,175,11,711,40622,40361,109,1024,13,98,138144,0,0,0,0,1,0,0,273,93,4415,0,0,0,0,0,0,0,0,290,-177,0,0,29
158.23,0,0,0,0,53,1964,1.82686,0.00462387,1.83789,90,0,21,20,22,0,-2,0,0,1,27,4315,4421,34,175,11,711,40622,40361,109,1024,13,98,146710,0,0,0,0,1,0,0,158,35,4441,0,0,0,0,0,0,0,0,290,-92,0,0,29
158.24,0,0,0,0,53,1964,1.82619,0.00461562,1.83715,90,0,21,20,22,0,-2,0,0,1,27,4315,4421,34,175,11,711,40622,40361,109,1024,13,98,146710,0,0,0,0,1,0,0,158,35,4441,0,0,0,0,0,0,0,0,290,-92,0,0,29
158.25,0,0,0,0,53,1998,1.82552,0.00460737,1.83641,90,0,21,20,22,0,-2,0,0,1,27,4315,4421,34,175,11,711,40622,40361,109,1024,13,98,146710,0,0,0,0,1,0,0,129,38,4441,0,0,0,0,0,0,0,0,290,-90,0,0,29
158.26,0,0,0,0,53,2171,1.82486,0.00459912,1.83567,90,0,21,20,22,0,-2,0,0,1,27,4382,4421,56,175,11,711,40622,40361,109,1024,13,98,245392,0,0,0,0,1,0,0,281,38,4443,0,0,0,0,0,0,0,0,290,-102,0,0,29
158.27,0,0,0,0,53,2376,1.82419,0.00459088,1.83494,90,0,21,20,22,0,-2,0,0,1,27,4386,4421,128,175,11,711,40622,40361,109,1024,13,98,561408,0,0,0,0,1,0,0,183,54,4430,0,0,0,0,0,0,0,0,290,-130,0,0,29
158.28,0,0,0,0,53,2450,1.82352,0.00458263,1.8342,90,0,21,20,22,0,-2,0,0,1,27,4386,4421,128,175,11,711,40622,40361,109,1024,13,98,561408,0,0,0,0,1,115,0,271,145,4395,0,0,0,0,0,0,0,0,290,-241,0,0,29
158.29,0,0,0,0,53,2497,1.82286,0.00457438,1.83346,90,0,21,20,22,0,-2,0,0,1,27,4386,4412,350,175,11,711,40622,40361,109,1024,13,98,1.5351e+06,0,0,0,0,1,195,0,410,210,4356,0,0,0,0,0,0,0,0,290,-370,0,0,29
158.3,0,0,0,0,53,2497,1.82219,0.00456613,1.83272,90,0,21,20,23,0,-2,0,0,1,27,4331,4412,362,175,11,711,40173,39454,109,1024,87,98,1.56782e+06,0,0,0,0,1,195,0,410,210,4356,0,0,0,0,0,0,0,0,290,-370,0,0,29
158.31,0,0,0,0,53,2384,1.82137,0.00455622,1.83203,90,0,21,20,23,0,-2,0,0,1,27,4331,4412,266,175,11,711,40173,39454,109,1024,87,98,1.15205e+06,0,0,0,0,1,1244,0,0,382,4255,0,0,0,0,0,0,0,0,290,-729,0,0,29
158.32,0,0,0,0,53,2147,1.82056,0.0045463,1.83133,90,0,21,20,23,0,-2,0,0,1,27,4331,4412,266,175,11,711,40173,39454,109,1024,87,98,1.15205e+06,0,0,0,0,1,0,0,1067,315,4309,0,0,0,0,0,0,0,0,290,-640,0,0,29
158.33,0,0,0,0,53,1996,1.81975,0.00453639,1.83064,90,0,21,20,23,0,-2,0,0,1,27,4229,4412,33,175,11,711,40173,39454,109,1024,87,98,139557,0,0,0,0,1,0,0,279,93,4417,0,0,0,0,0,0,0,0,290,-176,0,0,29
158.34,0,0,0,0,53,1991,1.81893,0.00452647,1.82994,90,0,21,20,23,0,-2,0,0,1,27,4379,4412,33,175,11,711,40173,39454,109,1024,87,98,144507,0,0,0,0,1,0,0,180,36,4438,0,0,0,0,0,0,0,0,290,-92,0,0,29
158.35,0,0,0,0,53,2023,1.81812,0.00451656,1.82925,90,0,21,20,23,0,-2,0,0,1,27,4379,4412,32,175,11,711,40173,39454,109,1024,87,98,140128,0,0,0,0,1,0,0,147,40,4441,0,0,0,0,0,0,0,0,290,-104,0,0,29
158.36,0,0,0,0,54,2023,1.8173,0.00450664,1.82855,90,0,21,20,23,0,-2,0,0,1,27,4379,4411,25,175,11,711,40173,39454,109,1024,87,98,109475,0,0,0,0,1,0,0,147,40,4441,0,0,0,0,0,0,0,0,290,-104,0,0,30
158.37,0,0,0,0,53,2189,1.81649,0.00449673,1.82786,90,0,21,20,23,0,-2,0,0,1,27,4379,4411,25,175,11,711,40173,39454,109,1024,87,98,109475,0,0,0,0,1,0,197,90,40,4443,0,0,0,0,0,0,0,0,290,-123,0,0,29
158.38,0,0,0,0,53,2355,1.81567,0.00448681,1.82716,90,0,21,20,23,0,-2,0,0,1,27,4388,4411,141,175,11,711,40173,39454,109,1024,87,98,618708,0,0,0,0,1,39,0,180,52,4426,0,0,0,0,0,0,0,0,300,-140,0,0,29
158.39,0,0,0,0,53,2452,1.81486,0.0044769,1.82647,90,0,21,20,23,0,-2,0,0,1,27,4388,4411,184,175,11,711,40173,39454,109,1024,87,98,807392,0,0,0,0,1,238,0,174,132,4389,0,0,0,0,0,0,0,0,290,-241,0,0,29
158.4,0,0,0,0,53,2515,1.81404,0.00446698,1.82577,90,0,21,20,23,0,-2,0,0,1,27,4388,4411,184,175,11,711,40678,40449,110,1024,64,98,807392,0,0,0,0,1,195,0,289,172,4370,0,0,0,0,0,0,0,0,290,-303,0,0,29
158.41,0,0,0,0,53,2461,1.81335,0.00448129,1.82513,90,0,21,20,23,0,-2,0,0,1,27,4246,4411,315,175,11,711,40678,40449,110,1024,64,98,1.33749e+06,0,0,0,0,1,660,0,428,357,4286,0,0,0,0,0,0,0,0,290,-648,0,0,29
158.42,0,0,0,0,53,2238,1.81266,0.00449559,1.82448,90,0,21,20,23,0,-2,0,0,1,27,4246,4411,170,175,7,711,40678,40449,110,1024,64,98,721820,0,0,0,0,1,0,1234,0,367,4294,0,0,0,0,0,0,0,0,290,-722,0,0,29
158.43,0,0,0,0,53,2238,1.81197,0.0045099,1.82384,90,0,21,20,23,0,-2,0,0,1,27,4246,4428,41,175,7,711,40678,40449,110,1024,64,98,174086,0,0,0,0,1,133,364,0,153,4387,0,0,0,0,0,0,0,0,290,-292,0,0,29
158.44,0,0,0,0,53,2041,1.81127,0.00452421,1.82319,90,0,21,20,23,0,-2,0,0,1,27,4246,4428,41,175,7,711,40678,40449,110,1024,64,98,174086,0,0,0,0,1,133,364,0,153,4387,0,0,0,0,0,0,0,0,290,-292,0,0,29
158.45,0,0,0,0,53,2007,1.81058,0.00453851,1.82254,90,0,21,20,23,0,-2,0,0,1,27,4374,4428,38,175,7,711,40678,40449,110,1024,64,98,166212,0,0,0,0,1,10,106,0,35,4443,0,0,0,0,0,0,0,0,290,-76,0,0,29
158.46,0,0,0,0,53,2027,1.80989,0.00455282,1.8219,90,0,21,20,23,0,-2,0,0,1,27,4374,4428,30,175,7,711,40678,40449,110,1024,64,98,131220,0,0,0,0,1,72,77,0,39,4430,0,0,0,0,0,0,0,0,290,-86,0,0,29
158.47,0,0,0,0,53,2151,1.8092,0.00456712,1.82125,90,0,21,20,23,0,-2,0,0,1,27,4381,4428,37,175,7,711,40678,40449,110,1024,64,98,162097,0,0,0,0,1,195,3,0,38,4417,0,0,0,0,0,0,0,0,290,-85,0,0,29
158.48,0,0,0,0,53,2374,1.80851,0.00458143,1.82061,90,0,21,20,23,0,-2,0,0,1,27,4381,4428,63,175,7,711,40678,40449,110,1024,64,98,276003,0,0,0,0,1,0,218,0,47,4419,0,0,0,0,0,0,0,0,290,-112,0,0,29
158.49,0,0,0,0,53,2374,1.80782,0.00459574,1.81996,90,0,21,20,23,0,-2,0,0,1,27,4381,4428,63,175,7,711,40678,40449,110,1024,64,98,276003,0,0,0,0,1,45,323,0,126,4387,0,0,0,0,0,0,0,0,290,-234,0,0,29
158.5,0,0,0,0,53,2477,1.80712,0.00461004,1.81931,90,0,21,20,23,0,-2,0,0,1,28,4380,4428,252,175,7,6,40607,40357,109,1024,14,98,1.10376e+06,0,0,0,0,1,45,323,0,126,4387,0,0,0,0,0,0,0,0,290,-234,0,0,29
158.51,0,0,0,0,53,2537,1.80663,0.00460628,1.81889,90,0,21,20,23,0,-2,0,0,1,28,4380,4428,357,175,7,6,40607,40357,109,1024,14,98,1.56366e+06,0,0,0,0,1,235,306,0,173,4353,0,0,0,0,0,0,0,0,290,-317,0,0,29
158.52,0,0,0,0,53,2485,1.80614,0.00460251,1.81846,90,0,21,20,23,0,-2,0,0,1,28,4380,4428,357,175,7,6,40607,40357,109,1024,14,98,1.56366e+06,0,0,0,0,1,533,581,0,354,4275,0,0,0,0,0,0,0,0,290,-652,0,0,29
158.53,0,0,0,0,53,2264,1.80565,0.00459874,1.81804,90,0,21,20,23,0,-2,0,0,1,28,4273,4428,94,175,8,6,40607,40357,109,1024,14,98,401662,0,0,0,0,1,0,0,1096,374,4286,0,0,0,0,0,0,0,0,290,-697,0,0,29
158.54,0,0,0,0,53,2068,1.80516,0.00459498,1.81761,90,0,21,20,23,0,-2,0,0,1,28,4288,4428,35,175,8,6,40607,40357,109,1024,14,98,150080,0,0,0,0,1,0,423,49,164,4380,0,0,0,0,0,0,0,0,290,-297,0,0,29
158.55,0,0,0,0,53,2068,1.80467,0.00459121,1.81719,90,0,21,20,23,0,-2,0,0,1,28,4288,4428,35,175,8,6,40607,40357,109,1024,14,98,150080,0,0,0,0,1,0,130,0,38,4430,0,0,0,0,0,0,0,0,290,-83,0,0,29
158.56,0,0,0,0,53,2034,1.80418,0.00458744,1.81676,90,0,21,20,23,0,-2,0,0,1,28,4288,4428,35,175,8,6,40607,40357,109,1024,14,98,150080,0,0,0,0,1,0,181,0,42,4441,0,0,0,0,0,0,0,0,290,-106,0,0,29
158.57,0,0,0,0,53,2043,1.80369,0.00458368,1.81634,90,0,21,20,23,0,-2,0,0,1,28,4378,4428,25,175,8,6,40607,40357,109,1024,14,98,109450,0,0,0,0,1,0,181,0,42,4441,0,0,0,0,0,0,0,0,290,-106,0,0,29
158.58,0,0,0,0,53,2119,1.8032,0.00457991,1.81592,90,0,21,20,23,0,-2,0,0,1,28,4378,4428,50,175,8,6,40607,40357,109,1024,14,98,218900,0,0,0,0,1,0,181,0,42,4421,0,0,0,0,0,0,0,0,290,-110,0,0,29
158.59,0,0,0,0,53,2333,1.80271,0.00457615,1.81549,90,0,21,20,23,0,-2,0,0,1,28,4378,4428,117,175,8,6,40607,40357,109,1024,14,98,512226,0,0,0,0,1,0,0,238,39,4441,0,0,0,0,0,0,0,0,290,-142,0,0,29
158.6,0,0,0,0,53,2478,1.80222,0.00457238,1.81507,90,0,21,20,23,0,-2,0,0,1,27,4378,4428,117,175,8,6,40659,40441,108,1024,13,98,512226,0,0,0,0,1,0,9,297,88,4408,0,0,0,0,0,0,0,0,290,-195,0,0,29
158.61,0,0,0,0,53,2539,1.80203,0.0045896,1.8147,90,0,21,20,23,0,-2,0,0,1,27,4386,4428,322,175,8,6,40659,40441,108,1024,13,98,1.41229e+06,0,0,0,0,1,0,183,324,159,4370,0,0,0,0,0,0,0,0,290,-283,0,0,29
158.62,0,0,0,0,53,2546,1.80184,0.00460683,1.81434,90,0,21,20,23,0,-2,0,0,1,27,4334,4428,379,175,8,6,40659,40441,108,1024,13,98,1.64259e+06,0,0,0,0,1,0,818,0,287,4312,0,0,0,0,0,0,0,0,290,-528,0,0,29
158.63,0,0,0,0,53,2546,1.80166,0.00462405,1.81398,90,0,21,20,23,0,-2,0,0,1,27,4334,4428,311,175,9,6,40659,40441,108,1024,13,98,1.34787e+06,0,0,0,0,1,0,818,0,287,4312,0,0,0,0,0,0,0,0,290,-528,0,0,29
158.64,0,0,0,0,53,2363,1.80147,0.00464128,1.81362,90,0,21,20,23,0,-2,0,0,1,27,4334,4428,311,175,9,6,40659,40441,108,1024,13,98,1.34787e+06,0,0,0,0,1,0,0,1226,406,4266,0,0,0,0,0,0,0,0,290,-755,0,0,29
158.65,0,0,0,0,53,2134,1.80129,0.0046585,1.81326,90,0,21,20,23,0,-2,0,0,1,27,4227,4458,34,175,9,6,40659,40441,108,1024,13,98,143718,0,0,0,0,1,0,745,0,241,4361,0,0,0,0,0,0,0,0,290,-444,0,0,29
158.66,0,0,0,0,53,2051,1.8011,0.00467573,1.8129,90,0,21,20,23,0,-2,0,0,1,27,4227,4458,40,175,9,6,40659,40441,108,1024,13,98,169080,0,0,0,0,1,78,89,0,47,4430,0,0,0,0,0,0,0,0,290,-91,0,0,29
158.67,0,0,0,0,53,2063,1.80092,0.00469295,1.81254,90,0,21,20,23,0,-2,0,0,1,27,4379,4458,39,175,9,6,40659,40441,108,1024,13,98,170781,0,0,0,0,1,125,3,0,42,4413,0,0,0,0,0,0,0,0,290,-85,0,0,29
158.68,0,0,0,0,53,2103,1.80073,0.00471018,1.81217,90,0,21,20,23,0,-2,0,0,1,27,4379,4458,39,175,9,6,40659,40441,108,1024,13,98,170781,0,0,0,0,1,168,0,0,42,4423,0,0,0,0,0,0,0,0,290,-92,0,0,29
158.69,0,0,0,0,53,2290,1.80055,0.0047274,1.81181,90,0,21,20,23,0,-2,0,0,1,27,4379,4458,66,175,9,6,40659,40441,108,1024,13,98,289014,0,0,0,0,1,0,0,242,39,4441,0,0,0,0,0,0,0,0,290,-94,0,0,29
158.7,0,0,0,0,53,2290,1.80036,0.00474463,1.81145,90,0,21,20,23,0,-2,0,0,1,27,4379,4458,137,175,9,6,40593,40332,108,1024,13,98,599923,0,0,0,0,1,0,111,131,62,4417,0,0,0,0,0,0,0,0,290,-130,0,0,29
158.71,0,0,0,0,53,2474,1.80047,0.00476018,1.81188,90,0,21,21,23,0,-2,0,0,0.9,27,4364,4458,153,175,9,6,40593,40332,108,1024,13,98,667692,0,0,0,0,1,0,111,131,62,4417,0,0,0,0,0,0,0,0,290,-130,0,0,29
158.72,0,0,0,0,51,2539,1.80057,0.00477573,1.81232,90,0,21,21,23,0,-2,0,0,0.8,27,4364,4458,153,175,9,6,40593,40332,108,1024,13,98,667692,0,0,0,0,1,0,439,0,154,4389,0,0,0,0,0,0,0,0,290,-265,0,0,28
158.73,0,0,0,0,50,2582,1.80068,0.00479128,1.81275,90,0,21,21,23,0,-2,0,0,0.7,27,4364,4448,371,175,9,6,40593,40332,108,1024,13,98,1.61904e+06,0,0,0,0,1,305,423,0,226,4324,0,0,0,0,0,0,0,0,290,-427,0,0,28
158.74,0,0,0,0,49,2450,1.80078,0.00480683,1.81318,90,0,21,21,23,0,-2,0,0,0.6,27,4364,4448,259,175,9,6,40593,40332,108,1024,13,98,1.13028e+06,0,0,0,0,1,86,1003,0,406,4270,0,0,0,0,0,0,0,0,280,-708,0,0,27
158.75,0,0,0,0,48,2205,1.80089,0.00482237,1.81362,90,0,21,21,23,0,-2,0,0,0.5,27,4224,4448,104,175,9,6,40593,40332,108,1024,13,98,439296,0,0,0,0,1,66,0,769,295,4324,0,0,0,0,0,0,0,0,270,-521,0,0,27
158.76,0,0,0,0,47,2205,1.801,0.00483792,1.81405,90,0,21,21,23,0,-2,0,0,0.4,27,4224,4448,104,175,9,6,40593,40332,108,1024,13,98,439296,0,0,0,0,1,66,0,769,295,4324,0,0,0,0,0,0,0,0,270,-110,0,0,26
158.77,0,0,0,0,47,2075,1.8011,0.00485347,1.81448,90,0,21,21,23,0,-2,0,0,0.3,27,4351,4448,37,175,9,6,40593,40332,108,1024,13,98,160987,0,0,0,0,1,0,0,211,71,4423,0,0,0,0,0,0,0,0,270,-110,0,0,26
158.78,0,0,0,0,47,2073,1.80121,0.00486902,1.81492,90,0,21,21,23,0,-2,0,0,0.2,27,4351,4448,36,175,9,6,40593,40332,108,1024,13,98,156636,0,0,0,0,1,0,77,68,35,4443,0,0,0,0,0,0,0,0,260,-81,0,0,26
158.79,0,0,0,0,47,2112,1.80132,0.00488457,1.81535,90,0,21,21,23,0,-2,0,1,0.1,27,4380,4448,28,175,9,6,40593,40332,108,1024,13,98,122640,0,0,0,0,1,0,171,0,38,4443,0,0,0,0,0,0,0,0,260,-99,0,0,26
158.8,0,0,0,0,47,2295,1.80142,0.00490012,1.81578,90,0,21,21,23,0,-2,0,1,0,27,4380,4448,28,175,9,6,40362,39860,109,1024,64,98,122640,0,0,0,0,1,271,0,0,24,4443,0,0,0,0,0,0,0,0,260,-71,0,0,26
158.81,0,0,0,0,46,2484,1.80137,0.00488812,1.81593,90,0,21,21,23,0,-2,0,0,0,27,4385,4448,142,175,9,6,40362,39860,109,1024,64,98,622670,0,0,0,0,1,164,0,33,51,4432,0,0,0,0,0,0,0,0,260,-92,0,0,26
158.82,0,0,0,0,46,2484,1.80133,0.00487612,1.81607,90,0,21,21,23,0,-2,0,0,0,27,4385,4448,183,175,9,6,40362,39860,109,1024,64,98,802455,0,0,0,0,1,0,0,388,134,4397,0,0,0,0,0,0,0,0,260,-238,0,0,26
158.83,0,0,0,0,45,2541,1.80128,0.00486412,1.81622,90,0,21,21,23,0,-2,0,0,0,27,4345,4448,324,175,9,6,40362,39860,109,1024,64,98,1.40778e+06,0,0,0,0,1,0,0,388,134,4397,0,0,0,0,0,0,0,0,260,-238,0,0,25
158.84,0,0,0,0,45,2581,1.80123,0.00485212,1.81636,90,0,21,21,23,0,-2,0,0,0,27,4345,4448,387,175,9,6,40362,39860,109,1024,64,98,1.68152e+06,0,0,0,0,1,0,169,388,185,4372,0,0,0,0,0,0,0,0,260,-335,0,0,25
158.85,0,0,0,0,44,2470,1.80118,0.00484012,1.81651,90,0,21,21,23,0,-2,0,0,0,27,4345,4448,387,175,9,6,40362,39860,109,1024,64,98,1.68152e+06,0,0,0,0,1,0,206,840,364,4286,0,0,0,0,0,0,0,0,250,-661,0,0,24
158.86,0,0,0,0,44,2240,1.80113,0.00482812,1.81666,90,0,21,21,23,0,-2,0,0,0,27,4251,4448,50,175,9,6,40362,39860,109,1024,64,98,212550,0,0,0,0,1,910,0,0,287,4316,0,0,0,0,0,0,0,0,240,-549,0,0,24
158.87,0,0,0,0,44,2097,1.80109,0.00481613,1.8168,90,0,21,21,23,0,-2,0,0,0,27,4251,4448,35,175,9,6,40362,39860,109,1024,64,98,148785,0,0,0,0,1,88,0,125,79,4406,0,0,0,0,0,0,0,0,240,-114,0,0,24
158.88,0,0,0,0,44,2097,1.80104,0.00480413,1.81695,90,0,21,21,23,0,-2,0,0,0,27,4251,4448,35,175,9,6,40362,39860,109,1024,64,98,148785,0,0,0,0,1,88,0,125,79,4406,0,0,0,0,0,0,0,0,240,-72,0,0,24
158.89,0,0,0,0,44,2085,1.80099,0.00479213,1.81709,90,0,21,21,23,0,-2,0,0,0,27,4370,4448,36,175,9,6,40362,39860,109,1024,64,98,157320,0,0,0,0,1,0,0,168,35,4447,0,0,0,0,0,0,0,0,240,-72,0,0,24
158.9,0,0,0,0,44,2112,1.80094,0.00478013,1.81724,90,0,21,21,23,0,-2,0,0,0,26,4378,4448,37,175,9,6,40526,40201,109,1024,27,98,161986,0,0,0,0,1,0,65,98,36,4438,0,0,0,0,0,0,0,0,240,-86,0,0,24
158.91,0,0,0,0,44,2266,1.80185,0.00483648,1.81785,90,0,21,21,23,0,-2,0,0,0,26,4378,4448,61,175,9,6,40526,40201,109,1024,27,98,267058,0,0,0,0,1,125,128,0,24,4434,0,0,0,0,0,0,0,0,240,-73,0,0,24
158.92,0,0,0,0,44,2456,1.80277,0.00489284,1.81845,90,0,21,21,23,0,-2,0,0,0,26,4378,4448,61,175,9,6,40526,40201,109,1024,27,98,267058,0,0,0,0,1,82,95,0,41,4415,0,0,0,0,0,0,0,0,240,-91,0,0,24
158.93,0,0,0,0,44,2517,1.80368,0.00494919,1.81906,90,0,21,21,23,0,-2,0,0,0,26,4380,4448,230,175,9,6,40526,40201,109,1024,27,98,1.0074e+06,0,0,0,0,1,365,0,0,113,4382,0,0,0,0,0,0,0,0,240,-219,0,0,24
158.94,0,0,0,0,44,2517,1.8046,0.00500555,1.81966,90,0,21,21,23,0,-2,0,0,0,26,4336,4448,360,175,9,6,40526,40201,109,1024,27,98,1.56096e+06,0,0,0,0,1,371,0,0,144,4372,0,0,0,0,0,0,0,0,240,-241,0,0,24
158.95,0,0,0,0,44,2559,1.80551,0.0050619,1.82027,90,0,21,21,23,0,-2,0,0,0,26,4336,4448,387,175,9,6,40526,40201,109,1024,27,98,1.67803e+06,0,0,0,0,1,371,0,0,144,4372,0,0,0,0,0,0,0,0,240,-241,0,0,24
158.96,0,0,0,0,44,2502,1.80642,0.00511826,1.82088,90,0,21,21,23,0,-2,0,0,0,26,4336,4448,387,175,9,6,40526,40201,109,1024,27,98,1.67803e+06,0,0,0,0,1,670,0,188,303,4303,0,0,0,0,0,0,0,0,240,-545,0,0,24
158.97,0,0,0,0,44,2302,1.80734,0.00517461,1.82148,90,0,21,21,23,0,-2,0,0,0,26,4226,4448,39,175,9,6,40526,40201,109,1024,27,98,164814,0,0,0,0,1,49,829,0,316,4318,0,0,0,0,0,0,0,0,240,-576,0,0,24
158.98,0,0,0,0,44,2126,1.80825,0.00523096,1.82209,90,0,21,21,23,0,-2,0,0,0,26,4274,4448,37,175,9,6,40526,40201,109,1024,27,98,158138,0,0,0,0,1,399,0,0,133,4391,0,0,0,0,0,0,0,0,240,-233,0,0,24
158.99,0,0,0,0,44,2092,1.80916,0.00528732,1.8227,90,0,21,21,23,0,-2,0,0,0,26,4274,4448,40,175,9,6,40526,40201,109,1024,27,98,170960,0,0,0,0,1,59,0,84,37,4419,0,0,0,0,0,0,0,0,240,-86,0,0,24
159,0,0,0,0,44,2092,1.81008,0.00534367,1.8233,90,0,21,21,23,0,-2,0,0,0,25,4274,4448,40,175,9,6,39696,38511,109,1024,65,98,170960,0,0,0,0,1,59,0,84,37,4419,0,0,0,0,0,0,0,0,240,-75,0,0,24
159.01,0,0,0,0,44,2107,1.81158,0.00534482,1.82462,90,0,21,21,23,0,-2,0,1,0.1,25,4377,4448,48,175,9,6,39696,38511,109,1024,65,98,210096,0,0,0,0,1,0,0,148,38,4434,0,0,0,0,0,0,0,0,240,-75,0,0,24
159.02,0,0,0,0,44,2198,1.81307,0.00534596,1.82594,90,0,21,21,23,0,-2,0,1,0.2,25,4377,4448,102,175,9,6,39696,38511,109,1024,65,98,446454,0,0,0,0,1,0,164,0,35,4443,0,0,0,0,0,0,0,0,240,-76,0,0,24
159.03,0,0,0,0,44,2390,1.81457,0.0053471,1.82726,90,0,21,21,23,0,-2,0,0,0.3,25,4383,4448,146,175,9,6,39696,38511,109,1024,65,98,639918,0,0,0,0,1,0,0,186,38,4437,0,0,0,0,0,0,0,0,240,-114,0,0,24
159.04,0,0,0,0,44,2492,1.81607,0.00534825,1.82858,90,0,21,21,23,0,-2,0,0,0.4,25,4383,4448,146,175,9,6,39696,38511,109,1024,65,98,639918,0,0,0,0,1,0,153,127,79,4406,0,0,0,0,0,0,0,0,240,-164,0,0,24
159.05,0,0,0,0,43,2535,1.81756,0.00534939,1.8299,90,0,21,21,23,0,-2,0,0,0.5,25,4330,4448,394,175,10,6,39696,38511,109,1024,65,98,1.70602e+06,0,0,0,0,1,0,302,8,128,4397,0,0,0,0,0,0,0,0,240,-211,0,0,24
159.06,0,0,0,0,43,2535,1.81906,0.00535054,1.83122,90,0,21,21,23,0,-2,0,0,0.6,25,4255,4448,344,175,10,6,39696,38511,109,1024,65,98,1.46372e+06,0,0,0,0,1,0,726,0,231,4353,0,0,0,0,0,0,0,0,240,-424,0,0,24
159.07,0,0,0,0,42,2539,1.82056,0.00535168,1.83254,90,0,21,21,23,0,-2,0,0,0.7,25,4255,4448,204,175,10,6,39696,38511,109,1024,65,98,868020,0,0,0,0,1,0,726,0,231,4353,0,0,0,0,0,0,0,0,240,-424,0,0,23
159.08,0,0,0,0,42,2384,1.82206,0.00535282,1.83386,90,0,21,21,23,0,-2,0,0,0.8,25,4255,4448,59,175,10,6,39696,38511,109,1024,65,98,251045,0,0,0,0,1,0,378,681,342,4292,0,0,0,0,0,0,0,0,240,-634,0,0,23
159.09,0,0,0,0,41,2183,1.82355,0.00535397,1.83518,90,0,21,21,23,0,-2,0,0,0.9,25,4255,4448,59,175,10,6,39696,38511,109,1024,65,98,251045,0,0,0,0,1,473,164,0,204,4353,0,0,0,0,0,0,0,0,229,-382,0,0,23
159.1,0,0,0,0,41,2100,1.82505,0.00535511,1.8365,90,0,21,21,23,0,-2,0,0,1,25,4243,4448,38,175,10,6,39429,37857,109,1024,65,98,161234,0,0,0,0,1,147,0,0,46,4417,0,0,0,0,0,0,0,0,229,-85,0,0,23
159.11,0,0,0,0,41,2105,1.82602,0.00527873,1.83728,90,0,21,21,23,0,-2,0,0,0.9,25,4243,4448,25,175,10,6,39429,37857,109,1024,65,98,106075,0,0,0,0,1,4,0,104,38,4441,0,0,0,0,0,0,0,0,229,-74,0,0,23
159.12,0,0,0,0,41,2105,1.82698,0.00520236,1.83807,90,0,21,21,23,0,-2,0,0,0.8,25,4243,4448,25,175,10,6,39429,37857,109,1024,65,98,106075,0,0,0,0,1,4,0,104,38,4441,0,0,0,0,0,0,0,0,229,-93,0,0,23
159.13,0,0,0,0,41,2141,1.82795,0.00512598,1.83885,90,0,21,21,23,0,-2,0,0,0.7,25,4388,4448,114,175,10,6,39429,37857,109,1024,65,98,500232,0,0,0,0,1,0,48,98,40,4434,0,0,0,0,0,0,0,0,229,-93,0,0,23
159.14,0,0,0,0,41,2299,1.82892,0.0050496,1.83964,90,0,21,21,23,0,-2,0,0,0.6,25,4388,4448,127,175,10,6,39429,37857,109,1024,65,98,557276,0,0,0,0,1,203,1,0,32,4426,0,0,0,0,0,0,0,0,229,-75,0,0,23
159.15,0,0,0,0,41,2457,1.82988,0.00497322,1.84042,90,0,21,21,23,0,-2,0,0,0.5,25,4345,4448,182,175,11,6,39429,37857,109,1024,65,98,790790,0,0,0,0,1,197,0,0,52,4417,0,0,0,0,0,0,0,0,229,-118,0,0,23
159.16,0,0,0,0,41,2501,1.83085,0.00489685,1.84121,90,0,21,21,23,0,-2,0,0,0.4,25,4345,4448,182,175,11,6,39429,37857,109,1024,65,98,790790,0,0,0,0,1,365,0,0,117,4389,0,0,0,0,0,0,0,0,229,-213,0,0,23
159.17,0,0,0,0,41,2540,1.83182,0.00482047,1.84199,90,0,21,20,23,0,-2,0,0,0.3,25,4308,4448,270,175,11,6,39429,37857,109,1024,65,98,1.16316e+06,0,0,0,0,1,405,0,0,144,4370,0,0,0,0,0,0,0,0,229,-261,0,0,23
159.18,0,0,0,0,41,2540,1.83278,0.00474409,1.84278,90,0,21,20,23,0,-2,0,0,0.2,25,4308,4448,127,175,11,6,39429,37857,109,1024,65,98,547116,0,0,0,0,1,850,0,0,300,4294,0,0,0,0,0,0,0,0,229,-550,0,0,23
159.19,0,0,0,0,41,2471,1.83375,0.00466771,1.84356,90,0,21,20,23,0,-2,0,0,0.1,25,4275,4448,39,175,11,6,39429,37857,109,1024,65,98,166725,0,0,0,0,1,850,0,0,300,4294,0,0,0,0,0,0,0,0,229,-550,0,0,23
159.2,0,0,0,0,41,2277,1.83472,0.00459134,1.84435,90,0,21,20,23,0,-2,0,0,0,26,4275,4448,34,175,11,6,39993,39109,109,1024,61,98,145350,0,0,0,0,1,0,909,0,287,4331,0,0,0,0,0,0,0,0,229,-531,0,0,23
159.21,0,0,0,0,41,2130,1.83345,0.00454082,1.8433,90,0,21,20,23,0,-2,0,0,0,26,4275,4448,34,175,11,6,39993,39109,109,1024,61,98,145350,0,0,0,0,1,322,0,0,109,4395,0,0,0,0,0,0,0,0,229,-199,0,0,23
159.22,0,0,0,0,41,2109,1.83219,0.0044903,1.84225,90,0,21,20,23,0,-2,0,0,0,26,4275,4411,16,175,11,6,39993,39109,109,1024,61,98,68400,0,0,0,0,1,100,0,16,38,4430,0,0,0,0,0,0,0,0,229,-84,0,0,23
159.23,0,0,0,0,41,2125,1.83092,0.00443978,1.8412,90,0,21,20,23,0,-2,0,0,0,26,4380,4411,23,175,11,6,39993,39109,109,1024,61,98,100740,0,0,0,0,1,0,0,166,40,4438,0,0,0,0,0,0,0,0,229,-70,0,0,23
159.24,0,0,0,0,41,2125,1.82966,0.00438927,1.84015,90,0,21,20,23,0,-2,0,0,0,26,4380,4411,23,175,11,6,39993,39109,109,1024,61,98,100740,0,0,0,0,1,0,0,166,40,4438,0,0,0,0,0,0,0,0,229,-105,0,0,23
159.25,0,0,0,0,41,2201,1.82839,0.00433875,1.83911,90,0,21,20,23,0,-2,0,0,0,26,4387,4411,116,175,12,6,39993,39109,109,1024,61,98,508892,0,0,0,0,1,0,199,0,41,4428,0,0,0,0,0,0,0,0,229,-105,0,0,23
159.26,0,0,0,0,42,2369,1.82713,0.00428823,1.83806,90,0,21,20,23,0,-2,0,0,0,26,4350,4411,184,175,12,6,39993,39109,109,1024,61,98,800400,0,0,0,0,1,0,0,180,43,4432,0,0,0,0,0,0,0,0,229,-108,0,0,23
159.27,0,0,0,0,41,2463,1.82586,0.00423772,1.83701,90,0,21,20,23,0,-2,0,0,0,26,4350,4411,296,175,12,6,39993,39109,109,1024,61,98,1.2876e+06,0,0,0,0,1,0,0,252,78,4417,0,0,0,0,0,0,0,0,229,-143,0,0,23
159.28,0,0,0,0,41,2506,1.8246,0.0041872,1.83596,90,0,21,20,23,0,-2,0,0,0,26,4350,4411,296,175,12,6,39993,39109,109,1024,61,98,1.2876e+06,0,0,0,0,1,0,0,293,119,4397,0,0,0,0,0,0,0,0,229,-217,0,0,23
159.29,0,0,0,0,42,2528,1.82333,0.00413668,1.83491,90,0,21,20,23,0,-2,0,0,0,26,4307,4411,120,175,12,6,39993,39109,109,1024,61,98,516840,0,0,0,0,1,0,269,359,184,4359,0,0,0,0,0,0,0,0,229,-334,0,0,23
159.3,0,0,0,0,42,2528,1.82207,0.00408617,1.83386,90,0,21,20,23,0,-2,0,0,0,27,4284,4411,38,175,12,6,39970,39045,110,1024,61,98,162792,0,0,0,0,1,0,0,1002,313,4309,0,0,0,0,0,0,0,0,229,-592,0,0,23
159.31,0,0,0,0,42,2415,1.82108,0.00405453,1.83292,90,0,21,20,23,0,-2,0,0,0,27,4284,4411,35,175,12,6,39970,39045,110,1024,61,98,149940,0,0,0,0,1,0,0,1002,313,4309,0,0,0,0,0,0,0,0,229,-592,0,0,23
159.32,0,0,0,0,42,2224,1.8201,0.0040229,1.83197,90,0,21,20,23,0,-2,0,0,0,27,4376,4411,37,175,12,6,39970,39045,110,1024,61,98,161912,0,0,0,0,1,361,411,0,240,4342,0,0,0,0,0,0,0,0,229,-451,0,0,23
159.33,0,0,0,0,42,2122,1.81911,0.00399127,1.83103,90,0,21,20,23,0,-2,0,0,0,27,4376,4411,37,175,12,6,39970,39045,110,1024,61,98,161912,0,0,0,0,1,180,0,0,65,4419,0,0,0,0,0,0,0,0,229,-112,0,0,23
159.34,0,0,0,0,42,2123,1.81813,0.00395963,1.83008,90,0,21,20,23,0,-2,0,0,0,27,4380,4411,30,175,12,6,39970,39045,110,1024,61,98,131400,0,0,0,0,1,0,0,154,39,4443,0,0,0,0,0,0,0,0,229,-98,0,0,23
159.35,0,0,0,0,42,2143,1.81714,0.003928,1.82914,90,0,21,20,23,0,-2,0,0,0,27,4380,4411,53,175,12,6,39970,39045,110,1024,61,98,232140,0,0,0,0,1,0,136,41,43,4434,0,0,0,0,0,0,0,0,229,-87,0,0,23
159.36,0,0,0,0,43,2143,1.81616,0.00389637,1.82819,90,0,21,20,23,0,-2,0,0,0,27,4380,4411,53,175,14,6,39970,39045,110,1024,61,98,232140,0,0,0,0,1,0,136,41,43,4434,0,0,0,0,0,0,0,0,229,-107,0,0,24
159.37,0,0,0,0,43,2235,1.81517,0.00386473,1.82725,90,0,21,20,23,0,-2,0,0,0,27,4383,4411,174,175,14,6,39970,39045,110,1024,61,98,762642,0,0,0,0,1,194,3,0,45,4426,0,0,0,0,0,0,0,0,229,-107,0,0,24
159.38,0,0,0,0,43,2394,1.81419,0.0038331,1.82631,90,0,21,20,23,0,-2,0,0,0,27,4350,4411,287,175,14,6,39970,39045,110,1024,61,98,1.24845e+06,0,0,0,0,1,0,208,0,53,4419,0,0,0,0,0,0,0,0,240,-112,0,0,24
159.39,0,0,0,0,43,2470,1.8132,0.00380147,1.82536,90,0,21,20,23,0,-2,0,0,0,27,4350,4411,326,175,14,6,39970,39045,110,1024,61,98,1.4181e+06,0,0,0,0,1,0,308,0,108,4406,0,0,0,0,0,0,0,0,240,-201,0,0,24
159.4,0,0,0,0,43,2518,1.81222,0.00376983,1.82442,90,0,21,20,23,0,-2,0,0,0,27,4350,4411,326,175,14,6,40334,39848,110,1024,87,98,1.4181e+06,0,0,0,0,1,57,282,0,128,4391,0,0,0,0,0,0,0,0,240,-213,0,0,24
159.41,0,0,0,0,43,2527,1.81162,0.00382496,1.82379,90,0,21,20,23,0,-2,0,1,0,27,4263,4411,40,175,14,6,40334,39848,110,1024,87,98,170520,0,0,0,0,1,429,333,0,229,4329,0,0,0,0,0,0,0,0,240,-447,0,0,24
159.42,0,0,0,0,44,2527,1.81103,0.00388008,1.82316,90,0,21,20,23,0,-2,0,1,0,27,4263,4411,35,175,14,6,40334,39848,110,1024,87,98,149205,0,0,0,0,1,0,996,0,329,4313,0,0,0,0,0,0,0,0,240,-592,0,0,24
159.43,0,0,0,0,44,2381,1.81043,0.0039352,1.82254,90,0,21,20,23,0,-2,0,1,0,27,4341,4411,37,175,14,6,40334,39848,110,1024,87,98,160617,0,0,0,0,1,0,996,0,329,4313,0,0,0,0,0,0,0,0,240,-592,0,0,24
159.44,0,0,0,0,45,2198,1.80984,0.00399032,1.82191,90,0,21,20,23,0,-2,0,1,0,27,4341,4411,39,175,14,6,40334,39848,110,1024,87,98,169299,0,0,0,0,1,607,0,0,209,4346,0,0,0,0,0,0,0,0,240,-378,0,0,25
159.45,0,0,0,0,46,2122,1.80924,0.00404545,1.82128,90,0,21,20,23,0,-2,0,1,0,27,4341,4411,39,175,14,6,40334,39848,110,1024,87,98,169299,0,0,0,0,1,0,0,195,52,4437,0,0,0,0,0,0,0,0,250,-88,0,0,26
159.46,0,0,0,0,47,2134,1.80865,0.00410057,1.82066,90,0,21,20,23,0,-2,0,1,0,27,4385,4411,50,175,13,6,40334,39848,110,1024,87,98,219250,0,0,0,0,1,0,130,45,42,4430,0,0,0,0,0,0,0,0,260,-95,0,0,26
159.47,0,0,0,0,48,2164,1.80805,0.00415569,1.82003,90,0,21,20,23,0,-2,0,1,0,27,4385,4411,96,175,13,6,40334,39848,110,1024,87,98,420960,0,0,0,0,1,95,68,0,52,4419,0,0,0,0,0,0,0,0,260,-96,0,0,27
159.48,0,0,0,0,49,2164,1.80745,0.00421081,1.81941,90,0,21,20,23,0,-2,0,1,0,27,4385,4411,96,175,13,6,40334,39848,110,1024,87,98,420960,0,0,0,0,1,95,68,0,52,4419,0,0,0,0,0,0,0,0,270,-123,0,0,27
159.49,0,0,0,0,49,2279,1.80686,0.00426594,1.81878,90,0,21,20,23,0,-2,0,0,0,27,4375,4411,245,175,13,6,40334,39848,110,1024,87,98,1.07188e+06,0,0,0,0,1,0,0,215,55,4432,0,0,0,0,0,0,0,0,270,-123,0,0,27
159.5,0,0,0,0,49,2428,1.80626,0.00432106,1.81815,90,0,21,21,23,0,-2,0,0,0,27,4331,4411,308,175,13,6,40555,40284,109,1024,14,98,1.33395e+06,0,0,0,0,1,78,0,170,68,4426,0,0,0,0,0,0,0,0,270,-128,0,0,27
159.51,0,0,0,0,49,2501,1.80595,0.00436124,1.81811,90,0,21,21,23,0,-2,0,0,0,27,4331,4411,274,175,13,6,40555,40284,109,1024,14,98,1.18669e+06,0,0,0,0,1,0,0,393,136,4394,0,0,0,0,0,0,0,0,270,-242,0,0,27
159.52,0,0,0,0,49,2561,1.80563,0.00440142,1.81807,90,0,21,21,23,0,-2,0,0,0,27,4331,4411,274,175,13,6,40555,40284,109,1024,14,98,1.18669e+06,0,0,0,0,1,0,0,455,158,4372,0,0,0,0,0,0,0,0,270,-260,0,0,27
159.53,0,0,0,0,49,2529,1.80532,0.00444161,1.81803,90,0,21,21,23,0,-2,0,0,0,27,4254,4411,36,175,13,6,40555,40284,109,1024,14,98,153144,0,0,0,0,1,0,238,676,316,4309,0,0,0,0,0,0,0,0,270,-580,0,0,27
159.54,0,0,0,0,49,2529,1.805,0.00448179,1.81799,90,0,21,21,23,0,-2,0,0,0,27,4329,4411,37,175,13,6,40555,40284,109,1024,14,98,160173,0,0,0,0,1,473,0,599,347,4292,0,0,0,0,0,0,0,0,270,-619,0,0,27
159.55,0,0,0,0,49,2348,1.80469,0.00452197,1.81795,90,0,21,21,23,0,-2,0,0,0,27,4329,4411,39,175,13,6,40555,40284,109,1024,14,98,168831,0,0,0,0,1,473,0,599,347,4292,0,0,0,0,0,0,0,0,270,-619,0,0,27
159.56,0,0,0,0,50,2178,1.80437,0.00456215,1.81791,90,0,21,21,23,0,-2,0,0,0,27,4379,4411,39,175,13,6,40555,40284,109,1024,14,98,170781,0,0,0,0,1,0,451,31,173,4380,0,0,0,0,0,0,0,0,270,-308,0,0,28
159.57,0,0,0,0,50,2141,1.80405,0.00460234,1.81787,90,0,21,21,23,0,-2,0,1,0,27,4379,4411,39,175,14,6,40555,40284,109,1024,14,98,170781,0,0,0,0,1,74,89,0,47,4426,0,0,0,0,0,0,0,0,270,-110,0,0,28
159.58,0,0,0,0,51,2158,1.80374,0.00464252,1.81783,90,0,21,21,23,0,-2,0,1,0,27,4381,4411,77,175,14,6,40555,40284,109,1024,14,98,337337,0,0,0,0,1,101,0,74,58,4417,0,0,0,0,0,0,0,0,280,-126,0,0,28
159.59,0,0,0,0,51,2217,1.80342,0.0046827,1.81779,90,0,21,21,23,0,-2,0,1,0,27,4381,4411,110,175,14,6,40555,40284,109,1024,14,98,481910,0,0,0,0,1,0,101,106,55,4428,0,0,0,0,0,0,0,0,280,-113,0,0,28
159.6,0,0,0,0,51,2217,1.80311,0.00472289,1.81775,90,0,21,21,23,0,-2,0,1,0,27,4381,4411,110,175,14,6,40596,40358,109,1024,14,98,481910,0,0,0,0,1,0,101,106,55,4428,0,0,0,0,0,0,0,0,280,-131,0,0,28
159.61,0,0,0,0,51,2368,1.80347,0.00479727,1.81808,90,0,21,21,23,0,-2,0,0,0,27,4349,4416,282,175,14,6,40596,40358,109,1024,14,98,1.22642e+06,0,0,0,0,1,123,0,129,61,4434,0,0,0,0,0,0,0,0,280,-131,0,0,28
159.62,0,0,0,0,51,2497,1.80383,0.00487165,1.81841,90,0,21,21,23,0,-2,0,0,0,27,4349,4416,294,175,14,6,40596,40358,109,1024,14,98,1.27861e+06,0,0,0,0,1,21,0,262,98,4408,0,0,0,0,0,0,0,0,280,-193,0,0,28
159.63,0,0,0,0,51,2559,1.80419,0.00494603,1.81874,90,0,21,21,23,0,-2,0,0,0,27,4265,4416,227,175,14,6,40596,40358,109,1024,14,98,968155,0,0,0,0,1,0,0,440,147,4376,0,0,0,0,0,0,0,0,280,-243,0,0,28
159.64,0,0,0,0,51,2612,1.80454,0.00502041,1.81906,90,0,21,21,23,0,-2,0,0,0,27,4265,4416,227,175,14,6,40596,40358,109,1024,14,98,968155,0,0,0,0,1,0,533,0,212,4346,0,0,0,0,0,0,0,0,280,-357,0,0,28
159.65,0,0,0,0,51,2509,1.8049,0.00509479,1.81939,90,0,21,21,23,0,-2,0,0,0,27,4298,4416,37,175,14,6,40596,40358,109,1024,14,98,159026,0,0,0,0,1,0,1138,0,377,4283,0,0,0,0,0,0,0,0,280,-668,0,0,28
159.66,0,0,0,0,51,2509,1.80526,0.00516917,1.81972,90,0,21,21,23,0,-2,0,0,0,27,4298,4416,40,175,14,6,40596,40358,109,1024,14,98,171920,0,0,0,0,1,0,0,968,317,4305,0,0,0,0,0,0,0,0,280,-592,0,0,28
159.67,0,0,0,0,51,2299,1.80562,0.00524356,1.82004,90,0,21,21,23,0,-2,0,0,0,27,4298,4416,42,175,12,6,40596,40358,109,1024,14,98,180516,0,0,0,0,1,0,0,968,317,4305,0,0,0,0,0,0,0,0,280,-592,0,0,28
159.68,0,0,0,0,51,2172,1.80598,0.00531794,1.82037,90,0,21,21,23,0,-2,0,0,0,27,4298,4416,42,175,12,6,40596,40358,109,1024,14,98,180516,0,0,0,0,1,0,314,0,109,4404,0,0,0,0,0,0,0,0,280,-180,0,0,28
159.69,0,0,0,0,51,2172,1.80634,0.00539232,1.8207,90,0,21,21,23,0,-2,0,0,0,27,4298,4416,42,175,12,6,40596,40358,109,1024,14,98,180516,0,0,0,0,1,176,0,0,46,4413,0,0,0,0,0,0,0,0,280,-100,0,0,28
159.7,0,0,0,0,51,2199,1.8067,0.0054667,1.82102,90,0,21,21,22,0,-2,0,0,0,25,4377,4416,105,175,12,6,40578,40315,109,1024,13,98,459585,0,0,0,0,1,0,0,203,57,4434,0,0,0,0,0,0,0,0,280,-104,0,0,28
159.71,0,0,0,0,51,2310,1.80813,0.00550186,1.82224,90,0,21,21,22,0,-2,0,0,0,25,4378,4416,120,175,12,6,40578,40315,109,1024,13,98,525360,0,0,0,0,1,135,112,0,55,4408,0,0,0,0,0,0,0,0,280,-137,0,0,28
159.72,0,0,0,0,51,2310,1.80956,0.00553703,1.82346,90,0,21,21,22,0,-2,0,0,0,25,4378,4416,120,175,12,6,40578,40315,109,1024,13,98,525360,0,0,0,0,1,135,112,0,55,4408,0,0,0,0,0,0,0,0,280,-138,0,0,28
159.73,0,0,0,0,51,2488,1.811,0.00557219,1.82467,90,0,21,21,22,0,-2,0,0,0,25,4346,4416,312,175,12,6,40578,40315,109,1024,13,98,1.35595e+06,0,0,0,0,1,92,142,0,65,4402,0,0,0,0,0,0,0,0,280,-138,0,0,28
159.74,0,0,0,0,51,2574,1.81243,0.00560736,1.82589,90,0,21,21,22,0,-2,0,0,0,25,4346,4423,290,175,12,6,40578,40315,109,1024,13,98,1.26034e+06,0,0,0,0,1,396,0,0,136,4380,0,0,0,0,0,0,0,0,280,-228,0,0,28
159.75,0,0,0,0,51,2636,1.81387,0.00564252,1.8271,90,0,21,21,22,0,-2,0,0,0,25,4346,4423,196,175,12,6,40578,40315,109,1024,13,98,851816,0,0,0,0,1,0,0,481,159,4363,0,0,0,0,0,0,0,0,280,-252,0,0,28
159.76,0,0,0,0,51,2618,1.8153,0.00567769,1.82832,90,0,21,21,22,0,-2,0,0,0,25,4346,4423,196,175,12,6,40578,40315,109,1024,13,98,851816,0,0,0,0,1,0,956,0,323,4309,0,0,0,0,0,0,0,0,280,-566,0,0,28
159.77,0,0,0,0,51,2433,1.81673,0.00571285,1.82954,90,0,21,21,22,0,-2,0,0,0,25,4264,4423,41,175,12,6,40578,40315,109,1024,13,98,174824,0,0,0,0,1,0,636,531,383,4281,0,0,0,0,0,0,0,0,280,-677,0,0,28
159.78,0,0,0,0,51,2433,1.81817,0.00574802,1.83075,90,0,21,21,22,0,-2,0,0,0,25,4362,4423,52,175,12,6,40578,40315,109,1024,13,98,226824,0,0,0,0,1,637,0,0,205,4348,0,0,0,0,0,0,0,0,280,-373,0,0,28
159.79,0,0,0,0,51,2243,1.8196,0.00578318,1.83197,90,0,21,21,22,0,-2,0,0,0,25,4362,4423,48,175,12,6,40578,40315,109,1024,13,98,209376,0,0,0,0,1,637,0,0,205,4348,0,0,0,0,0,0,0,0,280,-373,0,0,28
159.8,0,0,0,0,51,2194,1.82104,0.00581835,1.83319,90,0,21,21,23,0,-2,0,0,0,25,4373,4423,51,175,12,6,40450,40059,110,1024,65,98,223023,0,0,0,0,1,0,0,168,53,4417,0,0,0,0,0,0,0,0,280,-121,0,0,28
159.81,0,0,0,0,51,2210,1.82233,0.00579443,1.83451,90,0,21,21,23,0,-2,0,1,0,25,4373,4423,51,175,12,6,40450,40059,110,1024,65,98,223023,0,0,0,0,1,104,112,0,54,4426,0,0,0,0,0,0,0,0,280,-123,0,0,28
159.82,0,0,0,0,51,2273,1.82363,0.00577052,1.83583,90,0,21,21,23,0,-2,0,1,0,25,4373,4418,130,175,12,6,40450,40059,110,1024,65,98,568490,0,0,0,0,1,49,0,186,52,4428,0,0,0,0,0,0,0,0,280,-115,0,0,28
159.83,0,0,0,0,51,2457,1.82493,0.00574661,1.83715,90,0,21,21,23,0,-2,0,1,0,25,4373,4418,139,175,12,6,40450,40059,110,1024,65,98,607847,0,0,0,0,1,262,0,0,54,4432,0,0,0,0,0,0,0,0,280,-128,0,0,28
159.84,0,0,0,0,51,2457,1.82623,0.0057227,1.83847,90,0,21,21,23,0,-2,0,1,0,25,4373,4418,139,175,12,6,40450,40059,110,1024,65,98,607847,0,0,0,0,1,262,0,0,54,4432,0,0,0,0,0,0,0,0,280,-176,0,0,28
159.85,0,0,0,0,51,2592,1.82753,0.00569879,1.8398,90,0,21,21,23,0,-2,0,0,0,25,4302,4418,348,175,12,6,40450,40059,110,1024,65,98,1.4971e+06,0,0,0,0,1,0,0,311,92,4400,0,0,0,0,0,0,0,0,280,-176,0,0,28
159.86,0,0,0,0,51,2651,1.82882,0.00567487,1.84112,90,0,21,21,23,0,-2,0,0,0,25,4302,4418,293,175,12,6,40450,40059,110,1024,65,98,1.26049e+06,0,0,0,0,1,0,411,0,154,4394,0,0,0,0,0,0,0,0,280,-241,0,0,28
159.87,0,0,0,0,51,2686,1.83012,0.00565096,1.84244,90,0,21,21,23,0,-2,0,0,0,25,4302,4418,161,175,12,6,40450,40059,110,1024,65,98,692622,0,0,0,0,1,660,0,0,249,4313,0,0,0,0,0,0,0,0,280,-431,0,0,28
159.88,0,0,0,0,51,2550,1.83142,0.00562705,1.84376,90,0,21,21,23,0,-2,0,0,0,25,4302,4418,161,175,11,6,40450,40059,110,1024,65,98,692622,0,0,0,0,1,260,0,807,401,4272,0,0,0,0,0,0,0,0,280,-670,0,0,28
159.89,0,0,0,0,51,2338,1.83272,0.00560314,1.84508,90,0,21,21,23,0,-2,0,0,0,25,4264,4418,55,175,11,6,40450,40059,110,1024,65,98,234520,0,0,0,0,1,818,0,0,292,4313,0,0,0,0,0,0,0,0,280,-524,0,0,28
159.9,0,0,0,0,51,2338,1.83402,0.00557923,1.84641,90,0,21,21,23,0,-2,0,0,0,25,4264,4430,54,175,11,6,39612,38264,109,1024,65,98,230256,0,0,0,0,1,0,0,217,82,4415,0,0,0,0,0,0,0,0,280,-148,0,0,28
159.91,0,0,0,0,51,2232,1.83378,0.00551057,1.84641,90,0,21,21,23,0,-2,0,0,0,25,4264,4430,53,175,11,6,39612,38264,109,1024,65,98,225992,0,0,0,0,1,0,0,217,82,4415,0,0,0,0,0,0,0,0,280,-148,0,0,28
159.92,0,0,0,0,51,2240,1.83354,0.00544191,1.84642,90,0,21,21,23,0,-2,0,0,0,25,4368,4430,57,175,11,6,39612,38264,109,1024,65,98,248976,0,0,0,0,1,123,68,0,50,4413,0,0,0,0,0,0,0,0,280,-112,0,0,28
159.93,0,0,0,0,52,2273,1.8333,0.00537325,1.84643,90,0,21,21,23,0,-2,0,0,0,25,4368,4430,57,175,11,6,39612,38264,109,1024,65,98,248976,0,0,0,0,1,0,0,194,53,4432,0,0,0,0,0,0,0,0,280,-106,0,0,29
159.94,0,0,0,0,51,2413,1.83307,0.0053046,1.84644,90,0,21,21,23,0,-2,0,0,0,25,4370,4430,140,175,11,6,39612,38264,109,1024,65,98,611800,0,0,0,0,1,258,0,0,54,4421,0,0,0,0,0,0,0,0,290,-137,0,0,28
159.95,0,0,0,0,51,2592,1.83283,0.00523594,1.84644,90,0,21,21,23,0,-2,0,0,0,25,4370,4430,161,175,11,6,39612,38264,109,1024,65,98,703570,0,0,0,0,1,0,0,250,68,4417,0,0,0,0,0,0,0,0,280,-143,0,0,28
159.96,0,0,0,0,51,2592,1.83259,0.00516728,1.84645,90,0,21,21,23,0,-2,0,0,0,25,4370,4430,161,175,11,6,39612,38264,109,1024,65,98,703570,0,0,0,0,1,0,0,250,68,4417,0,0,0,0,0,0,0,0,280,-248,0,0,28
159.97,0,0,0,0,51,2662,1.83236,0.00509863,1.84646,90,0,21,21,23,0,-2,0,0,0,25,4333,4430,346,175,11,6,39612,38264,109,1024,65,98,1.49922e+06,0,0,0,0,1,0,423,0,150,4400,0,0,0,0,0,0,0,0,280,-248,0,0,28
159.98,0,0,0,0,51,2718,1.83212,0.00502997,1.84647,90,0,21,21,23,0,-2,0,0,0,25,4333,4430,228,175,12,6,39612,38264,109,1024,65,98,987924,0,0,0,0,1,406,0,78,187,4354,0,0,0,0,0,0,0,0,280,-306,0,0,28
159.99,0,0,0,0,51,2658,1.83188,0.00496131,1.84647,90,0,21,21,23,0,-2,0,0,0,25,4333,4430,94,175,12,6,39612,38264,109,1024,65,98,407302,0,0,0,0,1,0,287,775,372,4272,0,0,0,0,0,0,0,0,280,-647,0,0,28
160,0,0,0,0,51,2450,1.83164,0.00489266,1.84648,90,0,21,21,23,0,-2,0,0,0,26,4333,4430,94,175,12,6,39399,37786,109,1024,65,98,407302,0,0,0,0,1,0,0,988,369,4286,0,0,0,0,0,0,0,0,280,-636,0,0,28
160.01,0,0,0,0,51,2291,1.83113,0.0048418,1.84562,90,0,21,21,23,0,-2,0,0,0,26,4373,4430,53,175,12,6,39399,37786,109,1024,65,98,231769,0,0,0,0,1,437,0,0,153,4365,0,0,0,0,0,0,0,0,280,-255,0,0,28
160.02,0,0,0,0,52,2291,1.83061,0.00479094,1.84475,90,0,21,21,23,0,-2,0,0,0,26,4373,4430,51,175,12,6,39399,37786,109,1024,65,98,223023,0,0,0,0,1,0,109,57,46,4428,0,0,0,0,0,0,0,0,280,-97,0,0,29
160.03,0,0,0,0,51,2276,1.8301,0.00474008,1.84389,90,0,21,21,23,0,-2,0,0,0,26,4372,4430,52,175,12,6,39399,37786,109,1024,65,98,227344,0,0,0,0,1,0,109,57,46,4428,0,0,0,0,0,0,0,0,280,-97,0,0,28
160.04,0,0,0,0,52,2298,1.82958,0.00468922,1.84303,90,0,21,21,23,0,-2,0,0,0,26,4372,4430,61,175,12,6,39399,37786,109,1024,65,98,266692,0,0,0,0,1,156,0,54,65,4408,0,0,0,0,0,0,0,0,290,-122,0,0,29
160.05,0,0,0,0,52,2382,1.82907,0.00463836,1.84216,90,0,21,21,23,0,-2,0,0,0,26,4372,4430,61,175,12,6,39399,37786,109,1024,65,98,266692,0,0,0,0,1,0,199,0,57,4408,0,0,0,0,0,0,0,0,280,-106,0,0,29
160.06,0,0,0,0,52,2557,1.82855,0.0045875,1.8413,90,0,21,21,23,0,-2,0,0,0,26,4372,4430,153,175,12,6,39399,37786,109,1024,65,98,668916,0,0,0,0,1,172,101,0,65,4408,0,0,0,0,0,0,0,0,290,-146,0,0,29
160.07,0,0,0,0,51,2664,1.82803,0.00453664,1.84044,90,0,21,21,23,0,-2,0,0,0,26,4345,4430,245,175,12,6,39399,37786,109,1024,65,98,1.06452e+06,0,0,0,0,1,0,0,367,125,4395,0,0,0,0,0,0,0,0,290,-227,0,0,28
160.08,0,0,0,0,51,2664,1.82752,0.00448578,1.83957,90,0,21,21,23,0,-2,0,0,0,26,4345,4430,245,175,12,6,39399,37786,109,1024,65,98,1.06452e+06,0,0,0,0,1,0,0,367,125,4395,0,0,0,0,0,0,0,0,280,-247,0,0,28
160.09,0,0,0,0,51,2729,1.827,0.00443492,1.83871,90,0,21,21,23,0,-2,0,0,0,26,4345,4430,265,175,13,6,39399,37786,109,1024,65,98,1.15142e+06,0,0,0,0,1,0,405,0,161,4387,0,0,0,0,0,0,0,0,280,-247,0,0,28
160.1,0,0,0,0,51,2745,1.82649,0.00438406,1.83785,90,0,21,21,23,0,-2,0,0,0,26,4277,4430,118,175,13,6,40306,39746,109,1024,87,98,504686,0,0,0,0,1,35,0,670,284,4324,0,0,0,0,0,0,0,0,280,-466,0,0,28
160.11,0,0,0,0,51,2593,1.82582,0.00438076,1.83729,90,0,21,21,23,0,-2,0,0,0,26,4277,4430,45,175,13,6,40306,39746,109,1024,87,98,192465,0,0,0,0,1,0,302,845,407,4262,0,0,0,0,0,0,0,0,280,-691,0,0,28
160.12,0,0,0,0,51,2389,1.82515,0.00437746,1.83674,90,0,21,21,23,0,-2,0,0,0,26,4277,4430,45,175,13,6,40306,39746,109,1024,87,98,192465,0,0,0,0,1,0,0,717,271,4333,0,0,0,0,0,0,0,0,280,-458,0,0,28
160.13,0,0,0,0,52,2309,1.82448,0.00437416,1.83618,90,0,21,21,23,0,-2,0,0,0,26,4371,4435,50,175,13,6,40306,39746,109,1024,87,98,218550,0,0,0,0,1,158,52,0,70,4400,0,0,0,0,0,0,0,0,280,-126,0,0,29
160.14,0,0,0,0,52,2309,1.82381,0.00437086,1.83563,90,0,21,21,23,0,-2,0,0,0,26,4371,4435,47,175,13,6,40306,39746,109,1024,87,98,205437,0,0,0,0,1,0,132,84,56,4423,0,0,0,0,0,0,0,0,290,-109,0,0,29
160.15,0,0,0,0,52,2324,1.82314,0.00436756,1.83508,90,0,21,21,23,0,-2,0,0,0,26,4371,4435,54,175,13,6,40306,39746,109,1024,87,98,236034,0,0,0,0,1,0,132,84,56,4423,0,0,0,0,0,0,0,0,290,-109,0,0,29
160.16,0,0,0,0,52,2367,1.82247,0.00436426,1.83452,90,0,21,21,23,0,-2,0,0,0,26,4373,4435,88,175,13,6,40306,39746,109,1024,87,98,384824,0,0,0,0,1,66,0,127,60,4423,0,0,0,0,0,0,0,0,290,-107,0,0,29
160.17,0,0,0,0,52,2510,1.8218,0.00436096,1.83397,90,0,21,21,23,0,-2,0,0,0,26,4373,4435,88,175,13,6,40306,39746,109,1024,87,98,384824,0,0,0,0,1,254,0,10,62,4428,0,0,0,0,0,0,0,0,290,-124,0,0,29
160.18,0,0,0,0,52,2667,1.82113,0.00435766,1.83341,90,0,21,21,23,0,-2,0,0,0,26,4351,4435,246,175,13,6,40306,39746,109,1024,87,98,1.07035e+06,0,0,0,0,1,0,128,150,84,4406,0,0,0,0,0,0,0,0,290,-152,0,0,29
160.19,0,0,0,0,52,2733,1.82046,0.00435436,1.83286,90,0,21,21,23,0,-2,0,0,0,26,4351,4435,361,175,14,6,40306,39746,109,1024,87,98,1.57071e+06,0,0,0,0,1,457,0,0,161,4363,0,0,0,0,0,0,0,0,290,-269,0,0,29
160.2,0,0,0,0,51,2733,1.81979,0.00435106,1.83231,90,0,21,21,23,0,-2,0,0,0,26,4351,4435,361,175,14,6,40540,40235,108,1024,27,98,1.57071e+06,0,0,0,0,1,457,0,0,161,4363,0,0,0,0,0,0,0,0,290,-329,0,0,28
160.21,0,0,0,0,51,2796,1.81906,0.00436217,1.8317,90,0,21,21,23,0,-2,0,0,0,26,4224,4435,132,175,14,6,40540,40235,108,1024,27,98,557568,0,0,0,0,1,0,478,4,199,4344,0,0,0,0,0,0,0,0,290,-329,0,0,28
160.22,0,0,0,0,52,2725,1.81834,0.00437327,1.83109,90,0,21,21,23,0,-2,0,0,0,26,4224,4435,45,175,14,6,40540,40235,108,1024,27,98,190080,0,0,0,0,1,910,0,0,388,4253,0,0,0,0,0,0,0,0,280,-624,0,0,29
160.23,0,0,0,0,52,2519,1.81761,0.00438437,1.83049,90,0,21,21,23,0,-2,0,0,0,26,4339,4435,47,175,14,6,40540,40235,108,1024,27,98,203933,0,0,0,0,1,627,0,461,377,4275,0,0,0,0,0,0,0,0,280,-630,0,0,29
160.24,0,0,0,0,52,2362,1.81689,0.00439547,1.82988,90,0,21,21,23,0,-2,0,0,0,26,4339,4435,47,175,14,6,40540,40235,108,1024,27,98,203933,0,0,0,0,1,399,15,0,164,4365,0,0,0,0,0,0,0,0,290,-267,0,0,29
160.25,0,0,0,0,52,2351,1.81616,0.00440657,1.82927,90,0,21,21,23,0,-2,0,0,0,26,4372,4435,48,175,14,6,40540,40235,108,1024,27,98,209856,0,0,0,0,1,0,126,18,52,4428,0,0,0,0,0,0,0,0,290,-94,0,0,29
160.26,0,0,0,0,52,2351,1.81544,0.00441767,1.82867,90,0,21,21,23,0,-2,0,0,0,26,4372,4435,54,175,14,6,40540,40235,108,1024,27,98,236088,0,0,0,0,1,0,126,18,52,4411,0,0,0,0,0,0,0,0,290,-141,0,0,29
160.27,0,0,0,0,52,2376,1.81471,0.00442878,1.82806,90,0,21,21,23,0,-2,0,0,0,26,4372,4435,85,175,14,6,40540,40235,108,1024,27,98,371620,0,0,0,0,1,0,0,224,70,4411,0,0,0,0,0,0,0,0,290,-141,0,0,29
160.28,0,0,0,0,52,2467,1.81399,0.00443988,1.82745,90,0,21,21,23,0,-2,0,0,0,26,4372,4435,85,175,14,6,40540,40235,108,1024,27,98,371620,0,0,0,0,1,117,0,112,60,4426,0,0,0,0,0,0,0,0,290,-104,0,0,29
160.29,0,0,0,0,52,2649,1.81326,0.00445098,1.82684,90,0,21,21,23,0,-2,0,0,0,26,4372,4418,223,175,13,6,40540,40235,108,1024,27,98,974956,0,0,0,0,1,0,0,248,69,4408,0,0,0,0,0,0,0,0,290,-142,0,0,29
160.3,0,0,0,0,52,2749,1.81254,0.00446208,1.82624,90,0,21,21,23,0,-2,0,0,0,27,4331,4418,361,175,13,6,40177,39506,110,1024,65,98,1.56349e+06,0,0,0,0,1,422,0,0,142,4361,0,0,0,0,0,0,0,0,290,-249,0,0,29
160.31,0,0,0,0,51,2811,1.81234,0.00449342,1.82585,90,0,21,21,23,0,-2,0,0,0,27,4331,4418,384,175,13,6,40177,39506,110,1024,65,98,1.6631e+06,0,0,0,0,1,0,454,0,166,4385,0,0,0,0,0,0,0,0,290,-271,0,0,28
160.32,0,0,0,0,51,2811,1.81215,0.00452476,1.82546,90,0,21,21,23,0,-2,0,0,0,27,4331,4418,384,175,13,6,40177,39506,110,1024,65,98,1.6631e+06,0,0,0,0,1,0,454,0,166,4385,0,0,0,0,0,0,0,0,280,-503,0,0,28
160.33,0,0,0,0,51,2822,1.81196,0.0045561,1.82508,90,0,21,21,23,0,-2,0,0,0,27,4227,4418,49,175,13,6,40177,39506,110,1024,65,98,207123,0,0,0,0,1,0,0,881,309,4294,0,0,0,0,0,0,0,0,280,-503,0,0,28
160.34,0,0,0,0,51,2654,1.81177,0.00458744,1.82469,90,0,21,21,23,0,-2,0,0,0,27,4334,4418,46,175,13,6,40177,39506,110,1024,65,98,199364,0,0,0,0,1,0,1177,0,426,4272,0,0,0,0,0,0,0,0,280,-689,0,0,28
160.35,0,0,0,0,51,2452,1.81158,0.00461877,1.8243,90,0,21,21,23,0,-2,0,0,0,27,4334,4418,61,175,13,6,40177,39506,110,1024,65,98,264374,0,0,0,0,1,0,691,0,266,4329,0,0,0,0,0,0,0,0,280,-439,0,0,28
160.36,0,0,0,0,51,2383,1.81139,0.00465011,1.82391,90,0,21,21,23,0,-2,0,0,0,27,4334,4418,61,175,13,6,40177,39506,110,1024,65,98,264374,0,0,0,0,1,0,0,215,67,4419,0,0,0,0,0,0,0,0,280,-127,0,0,28
160.37,0,0,0,0,52,2398,1.8112,0.00468145,1.82353,90,0,21,21,23,0,-2,0,1,0,27,4334,4418,60,175,13,6,40177,39506,110,1024,65,98,260040,0,0,0,0,1,125,0,60,59,4415,0,0,0,0,0,0,0,0,280,-102,0,0,29
160.38,0,0,0,0,51,2398,1.81101,0.00471279,1.82314,90,0,21,21,23,0,-2,0,1,0,27,4370,4418,85,175,13,6,40177,39506,110,1024,65,98,371450,0,0,0,0,1,205,0,0,60,4402,0,0,0,0,0,0,0,0,290,-122,0,0,28
160.39,0,0,0,0,52,2446,1.81081,0.00474413,1.82275,90,0,21,21,23,0,-2,0,1,0,27,4370,4418,150,175,13,6,40177,39506,110,1024,65,98,655500,0,0,0,0,1,205,0,0,60,4402,0,0,0,0,0,0,0,0,290,-122,0,0,29
160.4,0,0,0,0,52,2605,1.81062,0.00477547,1.82236,90,0,21,21,23,0,-2,0,1,0,26,4370,4418,150,175,12,6,40519,40192,110,1024,64,98,655500,0,0,0,0,1,318,0,0,57,4428,0,0,0,0,0,0,0,0,280,-130,0,0,29
160.41,0,0,0,0,51,2761,1.81066,0.0047955,1.82264,90,0,21,21,23,0,-2,0,0,0.1,26,4323,4418,341,175,12,6,40519,40192,110,1024,64,98,1.47414e+06,0,0,0,0,1,0,257,0,84,4417,0,0,0,0,0,0,0,0,290,-147,0,0,28
160.42,0,0,0,0,51,2820,1.81069,0.00481554,1.82292,90,0,21,21,23,0,-2,0,0,0.2,26,4323,4418,389,175,12,6,40519,40192,110,1024,64,98,1.68165e+06,0,0,0,0,1,0,0,437,167,4359,0,0,0,0,0,0,0,0,280,-260,0,0,28
160.43,0,0,0,0,51,2872,1.81072,0.00483558,1.82319,90,0,21,21,23,0,-2,0,0,0.3,26,4323,4418,322,175,12,6,40519,40192,110,1024,64,98,1.39201e+06,0,0,0,0,1,498,0,10,216,4335,0,0,0,0,0,0,0,0,280,-337,0,0,28
160.44,0,0,0,0,51,2872,1.81075,0.00485562,1.82347,90,0,21,21,23,0,-2,0,0,0.4,26,4323,4418,322,175,12,6,40519,40192,110,1024,64,98,1.39201e+06,0,0,0,0,1,498,0,10,216,4335,0,0,0,0,0,0,0,0,280,-641,0,0,28
160.45,0,0,0,0,51,2779,1.81078,0.00487566,1.82375,90,0,21,21,23,0,-2,0,0,0.5,26,4249,4418,47,175,12,6,40519,40192,110,1024,64,98,199703,0,0,0,0,1,0,1095,0,407,4277,0,0,0,0,0,0,0,0,280,-641,0,0,28
160.46,0,0,0,0,51,2568,1.81082,0.0048957,1.82402,90,0,21,21,23,0,-2,0,0,0.6,26,4249,4418,63,175,12,6,40519,40192,110,1024,64,98,267687,0,0,0,0,1,555,457,0,362,4272,0,0,0,0,0,0,0,0,280,-592,0,0,28
160.47,0,0,0,0,52,2434,1.81085,0.00491574,1.8243,90,0,21,21,23,0,-2,0,0,0.7,26,4370,4418,54,175,12,6,40519,40192,110,1024,64,98,235980,0,0,0,0,1,0,329,0,133,4404,0,0,0,0,0,0,0,0,280,-205,0,0,29
160.48,0,0,0,0,52,2435,1.81088,0.00493578,1.82458,90,0,21,21,23,0,-2,0,0,0.8,26,4370,4418,54,175,12,6,40519,40192,110,1024,64,98,235980,0,0,0,0,1,0,136,8,57,4428,0,0,0,0,0,0,0,0,290,-102,0,0,29
160.49,0,0,0,0,52,2459,1.81091,0.00495582,1.82485,90,0,21,21,23,0,-2,0,0,0.9,26,4370,4418,78,175,12,6,40519,40192,110,1024,64,98,340860,0,0,0,0,1,0,73,160,69,4428,0,0,0,0,0,0,0,0,290,-115,0,0,29
160.5,0,0,0,0,51,2459,1.81095,0.00497586,1.82513,90,0,21,21,23,0,-2,0,0,1,26,4370,4418,144,175,12,6,40515,40199,109,1024,39,98,629280,0,0,0,0,1,0,54,188,65,4419,0,0,0,0,0,0,0,0,290,-115,0,0,28
160.51,0,0,0,0,51,2557,1.81169,0.00502959,1.8259,90,0,21,21,23,0,-2,0,0,0.9,26,4370,4407,147,175,12,6,40515,40199,109,1024,39,98,642390,0,0,0,0,1,0,54,188,65,4419,0,0,0,0,0,0,0,0,290,-115,0,0,28
160.52,0,0,0,0,51,2732,1.81243,0.00508333,1.82667,90,0,21,21,23,0,-2,0,0,0.8,26,4370,4407,147,175,12,6,40515,40199,109,1024,39,98,642390,0,0,0,0,1,248,0,0,71,4402,0,0,0,0,0,0,0,0,280,-135,0,0,28
160.53,0,0,0,0,51,2821,1.81317,0.00513706,1.82745,90,0,21,21,23,0,-2,0,0,0.7,26,4328,4407,403,175,12,6,40515,40199,109,1024,39,98,1.74418e+06,0,0,0,0,1,0,410,0,145,4394,0,0,0,0,0,0,0,0,280,-244,0,0,28
160.54,0,0,0,0,51,2879,1.81391,0.0051908,1.82822,90,0,21,21,23,0,-2,0,0,0.6,26,4240,4407,356,175,12,6,40515,40199,109,1024,39,98,1.50944e+06,0,0,0,0,1,0,0,424,167,4356,0,0,0,0,0,0,0,0,280,-248,0,0,28
160.55,0,0,0,0,51,2881,1.81466,0.00524453,1.82899,90,0,21,21,23,0,-2,0,1,0.5,26,4240,4407,221,175,12,6,40515,40199,109,1024,39,98,937040,0,0,0,0,1,446,0,432,319,4296,0,0,0,0,0,0,0,0,280,-508,0,0,28
160.56,0,0,0,0,51,2881,1.8154,0.00529827,1.82976,90,0,21,21,23,0,-2,0,1,0.4,26,4240,4407,221,175,12,6,40515,40199,109,1024,39,98,937040,0,0,0,0,1,446,0,432,319,4296,0,0,0,0,0,0,0,0,280,-679,0,0,28
160.57,0,0,0,0,51,2718,1.81614,0.005352,1.83053,90,0,21,21,23,0,-2,0,1,0.3,26,4232,4407,62,175,12,6,40515,40199,109,1024,39,98,262384,0,0,0,0,1,0,1154,0,426,4264,0,0,0,0,0,0,0,0,280,-679,0,0,28
160.58,0,0,0,0,51,2526,1.81688,0.00540574,1.8313,90,0,21,21,23,0,-2,0,1,0.2,26,4232,4426,57,175,12,6,40515,40199,109,1024,39,98,241224,0,0,0,0,1,0,657,0,265,4342,0,0,0,0,0,0,0,0,280,-412,0,0,28
160.59,0,0,0,0,52,2464,1.81762,0.00545947,1.83207,90,0,21,21,23,0,-2,0,1,0.1,26,4232,4426,56,175,12,6,40515,40199,109,1024,39,98,236992,0,0,0,0,1,0,193,0,70,4417,0,0,0,0,0,0,0,0,280,-113,0,0,29
160.6,0,0,0,0,51,2481,1.81837,0.00551321,1.83285,90,0,21,21,23,0,-2,0,1,0,25,4232,4426,56,175,12,6,40468,40099,110,1024,87,98,236992,0,0,0,0,1,0,200,10,65,4408,0,0,0,0,0,0,0,0,290,-118,0,0,28
160.61,0,0,0,0,51,2526,1.81989,0.00551706,1.83433,90,0,21,21,23,0,-2,0,0,0,25,4365,4426,134,175,11,6,40468,40099,110,1024,87,98,584910,0,0,0,0,1,0,197,0,68,4411,0,0,0,0,0,0,0,0,280,-123,0,0,28
160.62,0,0,0,0,51,2526,1.82141,0.00552091,1.83582,90,0,21,21,23,0,-2,0,0,0,25,4369,4426,153,175,11,6,40468,40099,110,1024,87,98,668457,0,0,0,0,1,84,161,0,66,4400,0,0,0,0,0,0,0,0,280,-118,0,0,28
160.63,0,0,0,0,51,2660,1.82293,0.00552477,1.8373,90,0,21,21,23,0,-2,0,0,0,25,4369,4426,177,175,11,6,40468,40099,110,1024,87,98,773313,0,0,0,0,1,84,161,0,66,4400,0,0,0,0,0,0,0,0,280,-118,0,0,28
160.64,0,0,0,0,51,2805,1.82445,0.00552862,1.83879,90,0,21,21,23,0,-2,0,0,0,25,4324,4426,306,175,11,6,40468,40099,110,1024,87,98,1.32314e+06,0,0,0,0,1,0,136,147,85,4402,0,0,0,0,0,0,0,0,280,-152,0,0,28
160.65,0,0,0,0,51,2867,1.82597,0.00553247,1.84027,90,0,21,21,23,0,-2,0,0,0,25,4324,4426,306,175,11,6,40468,40099,110,1024,87,98,1.32314e+06,0,0,0,0,1,0,0,371,163,4378,0,0,0,0,0,0,0,0,280,-242,0,0,28
160.66,0,0,0,0,51,2926,1.82749,0.00553633,1.84176,90,0,21,21,23,0,-2,0,0,0,25,4324,4433,248,175,11,6,40468,40099,110,1024,87,98,1.07235e+06,0,0,0,0,1,418,0,59,197,4342,0,0,0,0,0,0,0,0,280,-301,0,0,28
160.67,0,0,0,0,51,2871,1.82901,0.00554018,1.84324,90,0,21,21,23,0,-2,0,0,0,25,4224,4433,97,175,11,6,40468,40099,110,1024,87,98,409728,0,0,0,0,1,783,152,0,385,4255,0,0,0,0,0,0,0,0,280,-586,0,0,28
160.68,0,0,0,0,51,2871,1.83053,0.00554404,1.84473,90,0,21,21,23,0,-2,0,0,0,25,4224,4433,97,175,11,6,40468,40099,110,1024,87,98,409728,0,0,0,0,1,783,152,0,385,4255,0,0,0,0,0,0,0,0,280,-631,0,0,28
160.69,0,0,0,0,51,2679,1.83205,0.00554789,1.84621,90,0,21,21,23,0,-2,0,0,0,25,4349,4433,56,175,11,6,40468,40099,110,1024,87,98,243544,0,0,0,0,1,0,0,1041,399,4272,0,0,0,0,0,0,0,0,280,-631,0,0,28
160.7,0,0,0,0,51,2520,1.83357,0.00555174,1.8477,90,0,21,20,23,0,-2,0,0,0,25,4349,4433,55,175,11,6,40354,39856,109,1024,66,98,239195,0,0,0,0,1,0,0,504,186,4374,0,0,0,0,0,0,0,0,280,-264,0,0,28
160.71,0,0,0,0,51,2504,1.8338,0.00550564,1.84766,90,0,21,20,23,0,-2,0,1,0,25,4369,4433,50,175,12,6,40354,39856,109,1024,66,98,218450,0,0,0,0,1,0,0,209,60,4423,0,0,0,0,0,0,0,0,280,-128,0,0,28
160.72,0,0,0,0,51,2525,1.83402,0.00545953,1.84762,90,0,21,20,23,0,-2,0,1,0,25,4369,4433,50,175,12,6,40354,39856,109,1024,66,98,218450,0,0,0,0,1,0,0,262,73,4402,0,0,0,0,0,0,0,0,280,-136,0,0,28
160.73,0,0,0,0,51,2592,1.83425,0.00541342,1.84758,90,0,21,20,23,0,-2,0,1,0,25,4373,4433,155,175,12,6,40354,39856,109,1024,66,98,677815,0,0,0,0,1,0,29,148,70,4417,0,0,0,0,0,0,0,0,280,-125,0,0,28
160.74,0,0,0,0,51,2592,1.83448,0.00536731,1.84754,90,0,21,20,23,0,-2,0,1,0,25,4373,4433,169,175,12,6,40354,39856,109,1024,66,98,739037,0,0,0,0,1,260,35,0,71,4402,0,0,0,0,0,0,0,0,280,-144,0,0,28
160.75,0,0,0,0,51,2748,1.8347,0.0053212,1.8475,90,0,21,20,23,0,-2,0,1,0,25,4373,4433,272,175,12,6,40354,39856,109,1024,66,98,1.18946e+06,0,0,0,0,1,260,35,0,71,4402,0,0,0,0,0,0,0,0,280,-144,0,0,28
160.76,0,0,0,0,51,2862,1.83493,0.00527509,1.84746,90,0,21,20,23,0,-2,0,1,0,25,4373,4433,392,175,12,6,40354,39856,109,1024,66,98,1.71422e+06,0,0,0,0,1,0,337,0,117,4389,0,0,0,0,0,0,0,0,280,-198,0,0,28
160.77,0,0,0,0,51,2921,1.83515,0.00522899,1.84743,90,0,21,20,23,0,-2,0,0,0,25,4373,4433,392,175,12,6,40354,39856,109,1024,66,98,1.71422e+06,0,0,0,0,1,0,421,0,165,4385,0,0,0,0,0,0,0,0,280,-255,0,0,28
160.78,0,0,0,0,51,2959,1.83538,0.00518288,1.84739,90,0,21,20,23,0,-2,0,0,0,25,4218,4433,117,175,12,6,40354,39856,109,1024,66,98,493506,0,0,0,0,1,0,333,342,249,4318,0,0,0,0,0,0,0,0,280,-381,0,0,28
160.79,0,0,0,0,51,2849,1.83561,0.00513677,1.84735,90,0,21,20,23,0,-2,0,0,0,25,4218,4433,49,175,12,6,40354,39856,109,1024,66,98,206682,0,0,0,0,1,0,0,996,425,4262,0,0,0,0,0,0,0,0,280,-651,0,0,28
160.8,0,0,0,0,52,2849,1.83583,0.00509066,1.84731,90,0,21,20,23,0,-2,0,0,0,25,4218,4433,49,175,12,6,39214,37353,110,1024,64,98,206682,0,0,0,0,1,0,0,996,425,4262,0,0,0,0,0,0,0,0,280,-535,0,0,29
160.81,0,0,0,0,51,2651,1.83497,0.00502431,1.84649,90,0,21,20,23,0,-2,0,0,0.1,25,4341,4433,60,175,13,6,39214,37353,110,1024,64,98,260460,0,0,0,0,1,0,808,0,349,4292,0,0,0,0,0,0,0,0,280,-535,0,0,28
160.82,0,0,0,0,51,2542,1.83411,0.00495795,1.84567,90,0,21,20,23,0,-2,0,0,0.2,25,4341,4433,57,175,13,6,39214,37353,110,1024,64,98,247437,0,0,0,0,1,0,304,0,124,4400,0,0,0,0,0,0,0,0,290,-173,0,0,28
160.83,0,0,0,0,52,2553,1.83325,0.00489159,1.84485,90,0,21,20,23,0,-2,0,1,0.3,25,4341,4433,65,175,13,6,39214,37353,110,1024,64,98,282165,0,0,0,0,1,0,191,0,62,4419,0,0,0,0,0,0,0,0,280,-109,0,0,29
160.84,0,0,0,0,52,2580,1.83239,0.00482524,1.84403,90,0,21,21,23,0,-2,0,1,0.4,25,4341,4433,65,175,13,6,39214,37353,110,1024,64,98,282165,0,0,0,0,1,195,44,0,82,4394,0,0,0,0,0,0,0,0,290,-149,0,0,29
160.85,0,0,0,0,52,2664,1.83153,0.00475888,1.84321,90,0,21,21,23,0,-2,0,1,0.5,25,4344,4433,158,175,13,6,39214,37353,110,1024,64,98,686352,0,0,0,0,1,156,0,71,73,4417,0,0,0,0,0,0,0,0,290,-115,0,0,29
160.86,0,0,0,0,51,2664,1.83067,0.00469253,1.84239,90,0,21,21,23,0,-2,0,1,0.6,25,4344,4433,240,175,13,6,39214,37353,110,1024,64,98,1.04256e+06,0,0,0,0,1,19,240,0,82,4389,0,0,0,0,0,0,0,0,290,-159,0,0,28
160.87,0,0,0,0,52,2813,1.82981,0.00462617,1.84157,90,0,21,21,23,0,-2,0,0,0.7,25,4344,4433,373,175,13,6,39214,37353,110,1024,64,98,1.62031e+06,0,0,0,0,1,19,240,0,82,4389,0,0,0,0,0,0,0,0,290,-159,0,0,29
160.88,0,0,0,0,52,2902,1.82895,0.00455981,1.84074,90,0,21,21,23,0,-2,0,0,0.8,25,4320,4433,403,175,13,6,39214,37353,110,1024,64,98,1.74096e+06,0,0,0,0,1,0,407,0,151,4385,0,0,0,0,0,0,0,0,280,-251,0,0,29
160.89,0,0,0,0,51,2964,1.82809,0.00449346,1.83992,90,0,21,21,23,0,-2,0,0,0.9,25,4320,4433,403,175,13,6,39214,37353,110,1024,64,98,1.74096e+06,0,0,0,0,1,0,296,107,182,4356,0,0,0,0,0,0,0,0,290,-264,0,0,28
160.9,0,0,0,0,51,2987,1.82723,0.0044271,1.8391,90,0,21,21,23,0,-2,0,0,1,26,4320,4440,59,175,13,6,40089,39379,109,1024,64,98,254880,0,0,0,0,1,0,525,211,301,4283,0,0,0,0,0,0,0,0,280,-459,0,0,28
160.91,0,0,0,0,51,2846,1.82669,0.00442778,1.83861,90,0,21,21,23,0,-2,0,0,0.9,26,4320,4440,53,175,13,6,40089,39379,109,1024,64,98,228960,0,0,0,0,1,0,0,1035,437,4253,0,0,0,0,0,0,0,0,280,-660,0,0,28
160.92,0,0,0,0,52,2846,1.82615,0.00442845,1.83812,90,0,21,21,23,0,-2,0,0,0.8,26,4320,4440,53,175,14,6,40089,39379,109,1024,64,98,228960,0,0,0,0,1,0,0,1035,437,4253,0,0,0,0,0,0,0,0,280,-448,0,0,29
160.93,0,0,0,0,52,2652,1.82562,0.00442912,1.83762,90,0,21,21,23,0,-2,0,0,0.7,26,4367,4440,60,175,14,6,40089,39379,109,1024,64,98,262020,0,0,0,0,1,0,710,0,305,4320,0,0,0,0,0,0,0,0,280,-448,0,0,29
160.94,0,0,0,0,52,2574,1.82508,0.0044298,1.83713,90,0,21,21,23,0,-2,0,0,0.6,26,4367,4440,62,175,14,6,40089,39379,109,1024,64,98,270754,0,0,0,0,1,0,220,0,98,4419,0,0,0,0,0,0,0,0,290,-141,0,0,29
160.95,0,0,0,0,52,2592,1.82454,0.00443047,1.83664,90,0,21,21,23,0,-2,0,0,0.5,26,4367,4440,79,175,14,6,40089,39379,109,1024,64,98,344993,0,0,0,0,1,189,23,0,73,4397,0,0,0,0,0,0,0,0,290,-137,0,0,29
160.96,0,0,0,0,52,2627,1.824,0.00443114,1.83614,90,0,21,21,23,0,-2,0,0,0.4,26,4367,4440,79,175,14,6,40089,39379,109,1024,64,98,344993,0,0,0,0,1,168,0,49,85,4402,0,0,0,0,0,0,0,0,290,-128,0,0,29
160.97,0,0,0,0,52,2731,1.82347,0.00443182,1.83565,90,0,21,21,23,0,-2,0,0,0.3,26,4367,4419,193,175,14,6,40089,39379,109,1024,64,98,842831,0,0,0,0,1,0,114,101,77,4406,0,0,0,0,0,0,0,0,290,-131,0,0,29
160.98,0,0,0,0,52,2731,1.82293,0.00443249,1.83516,90,0,21,21,23,0,-2,0,0,0.2,26,4367,4419,317,175,14,6,40089,39379,109,1024,64,98,1.38434e+06,0,0,0,0,1,0,0,281,93,4397,0,0,0,0,0,0,0,0,290,-167,0,0,29
160.99,0,0,0,0,52,2872,1.82239,0.00443316,1.83466,90,0,21,21,23,0,-2,0,0,0.1,26,4325,4419,403,175,14,6,40089,39379,109,1024,64,98,1.74298e+06,0,0,0,0,1,0,0,281,93,4397,0,0,0,0,0,0,0,0,290,-167,0,0,29
161,0,0,0,0,52,2946,1.82186,0.00443384,1.83417,90,0,21,21,23,0,-2,0,0,0,26,4325,4419,379,175,14,6,40493,40147,109,1024,64,98,1.63918e+06,0,0,0,0,1,121,0,273,172,4382,0,0,0,0,0,0,0,0,290,-250,0,0,29
161.01,0,0,0,0,52,3013,1.82134,0.00444259,1.83389,90,0,21,21,23,0,-2,0,0,0.2,26,4325,4419,379,175,14,6,40493,40147,109,1024,64,98,1.63918e+06,0,0,0,0,1,78,0,328,181,4374,0,0,0,0,0,0,0,0,290,-259,0,0,29
161.02,0,0,0,0,52,3010,1.82082,0.00445135,1.83361,90,0,21,20,23,0,-2,0,0,0.4,26,4205,4419,51,175,14,6,40493,40147,109,1024,64,98,214455,0,0,0,0,1,0,0,930,352,4262,0,0,0,0,0,0,0,0,290,-567,0,0,29
161.03,0,0,0,0,52,2846,1.82031,0.0044601,1.83334,90,0,21,20,23,0,-2,0,0,0.6,26,4205,4419,58,175,14,6,40493,40147,109,1024,64,98,243890,0,0,0,0,1,1196,0,0,451,4229,0,0,0,0,0,0,0,0,290,-699,0,0,29
161.04,0,0,0,0,52,2846,1.81979,0.00446885,1.83306,90,0,21,20,23,0,-2,0,0,0.8,26,4205,4419,58,175,14,6,40493,40147,109,1024,64,98,243890,0,0,0,0,1,1196,0,0,451,4229,0,0,0,0,0,0,0,0,290,-397,0,0,29
161.05,0,0,0,0,53,2660,1.81927,0.00447761,1.83278,90,0,21,20,23,0,-2,0,0,1,26,4348,4416,59,175,14,6,40493,40147,109,1024,64,98,256532,0,0,0,0,1,0,0,695,273,4333,0,0,0,0,0,0,0,0,290,-397,0,0,29
161.06,0,0,0,0,54,2612,1.81876,0.00448636,1.8325,90,0,21,20,23,0,-2,0,0,1.2,26,4348,4416,68,175,14,6,40493,40147,109,1024,64,98,295664,0,0,0,0,1,0,165,27,84,4404,0,0,0,0,0,0,0,0,290,-127,0,0,30
161.07,0,0,0,0,55,2634,1.81824,0.00449512,1.83222,90,0,21,20,23,0,-2,0,1,1.4,26,4365,4416,112,175,14,6,40493,40147,109,1024,64,98,488880,0,0,0,0,1,112,111,0,74,4408,0,0,0,0,0,0,0,0,290,-128,0,0,31
161.08,0,0,0,0,56,2678,1.81772,0.00450387,1.83195,90,0,21,20,23,0,-2,0,1,1.6,26,4365,4416,112,175,14,6,40493,40147,109,1024,64,98,488880,0,0,0,0,1,215,0,0,86,4404,0,0,0,0,0,0,0,0,310,-136,0,0,31
161.09,0,0,0,0,56,2802,1.8172,0.00451263,1.83167,90,0,21,20,23,0,-2,0,0,1.8,26,4337,4416,243,175,14,6,40493,40147,109,1024,64,98,1.05389e+06,0,0,0,0,1,0,279,0,84,4408,0,0,0,0,0,0,0,0,310,-147,0,0,31
161.1,0,0,0,0,57,2802,1.81669,0.00452138,1.83139,90,0,21,20,23,0,-2,0,0,2,26,4337,4416,370,175,14,6,40240,39679,110,1024,61,98,1.60469e+06,0,0,0,0,1,0,281,0,114,4389,0,0,0,0,0,0,0,0,310,-195,0,0,32
161.11,0,0,0,0,57,2938,1.81694,0.0045994,1.83154,90,0,21,21,23,0,-2,0,0,2,26,4337,4416,408,175,14,6,40240,39679,110,1024,61,98,1.7695e+06,0,0,0,0,1,0,281,0,114,4389,0,0,0,0,0,0,0,0,310,-195,0,0,32
161.12,0,0,0,0,57,3010,1.81719,0.00467741,1.83169,90,0,21,21,23,0,-2,0,0,2,26,4337,4416,408,175,14,6,40240,39679,110,1024,61,98,1.7695e+06,0,0,0,0,1,0,452,0,193,4359,0,0,0,0,0,0,0,0,319,-281,0,0,32
161.13,0,0,0,0,57,3078,1.81744,0.00475543,1.83184,90,0,21,21,23,0,-2,0,0,2,26,4222,4416,65,175,14,6,40240,39679,110,1024,61,98,274430,0,0,0,0,1,86,474,0,238,4327,0,0,0,0,0,0,0,0,319,-352,0,0,32
161.14,0,0,0,0,57,3029,1.81769,0.00483344,1.83198,90,0,21,21,23,0,-2,0,0,2,26,4222,4416,54,175,14,6,40240,39679,110,1024,61,98,227988,0,0,0,0,1,699,366,0,448,4228,0,0,0,0,0,0,0,0,319,-634,0,0,32
161.15,0,0,0,0,57,2832,1.81794,0.00491146,1.83213,90,0,21,21,23,0,-2,0,0,2,26,4222,4416,71,175,14,6,40240,39679,110,1024,61,98,299762,0,0,0,0,1,0,873,150,463,4229,0,0,0,0,0,0,0,0,319,-672,0,0,32
161.16,0,0,0,0,57,2832,1.81819,0.00498948,1.83228,90,0,21,21,23,0,-2,0,0,2,26,4222,4416,71,175,14,6,40240,39679,110,1024,61,98,299762,0,0,0,0,1,0,873,150,463,4229,0,0,0,0,0,0,0,0,319,-351,0,0,32
161.17,0,0,0,0,57,2676,1.81844,0.00506749,1.83243,90,0,21,21,23,0,-2,0,0,2,26,4360,4416,70,175,14,6,40240,39679,110,1024,61,98,305200,0,0,0,0,1,557,0,0,235,4331,0,0,0,0,0,0,0,0,319,-351,0,0,32
161.18,0,0,0,0,58,2662,1.81869,0.00514551,1.83258,90,0,21,21,23,0,-2,0,0,2,26,4362,4416,86,175,14,6,40240,39679,110,1024,61,98,375132,0,0,0,0,1,41,0,164,78,4411,0,0,0,0,0,0,0,0,319,-114,0,0,32
161.19,0,0,0,0,58,2695,1.81894,0.00522353,1.83273,90,0,21,21,23,0,-2,0,0,2,26,4362,4416,142,175,14,6,40240,39679,110,1024,61,98,619404,0,0,0,0,1,0,263,0,102,4397,0,0,0,0,0,0,0,0,319,-168,0,0,32
161.2,0,0,0,0,58,2760,1.81919,0.00530154,1.83288,90,0,21,21,23,0,-2,0,0,2,26,4362,4416,142,175,14,6,40447,40093,108,1024,13,98,619404,0,0,0,0,1,235,0,0,93,4394,0,0,0,0,0,0,0,0,319,-146,0,0,32
161.21,0,0,0,0,58,2891,1.81976,0.00536815,1.8335,90,0,21,21,23,0,-2,0,1,1.9,26,4353,4416,294,175,14,6,40447,40093,108,1024,13,98,1.27978e+06,0,0,0,0,1,66,228,0,95,4380,0,0,0,0,0,0,0,0,319,-164,0,0,32
161.22,0,0,0,0,58,2891,1.82033,0.00543476,1.83413,90,0,21,21,23,0,-2,0,1,1.8,26,4353,4416,401,175,14,6,40447,40093,108,1024,13,98,1.74555e+06,0,0,0,0,1,229,210,0,156,4356,0,0,0,0,0,0,0,0,319,-251,0,0,32
161.23,0,0,0,0,58,3001,1.8209,0.00550137,1.83475,90,0,21,21,23,0,-2,0,1,1.7,26,4248,4416,391,175,14,6,40447,40093,108,1024,13,98,1.66097e+06,0,0,0,0,1,229,210,0,156,4356,0,0,0,0,0,0,0,0,319,-251,0,0,32
161.24,0,0,0,0,58,3074,1.82147,0.00556798,1.83538,90,0,21,21,23,0,-2,0,1,1.6,26,4248,4416,286,175,14,6,40447,40093,108,1024,13,98,1.21493e+06,0,0,0,0,1,504,0,0,198,4335,0,0,0,0,0,0,0,0,319,-279,0,0,32
161.25,0,0,0,0,58,3133,1.82204,0.00563459,1.836,90,0,21,21,23,0,-2,0,1,1.5,26,4248,4416,286,175,14,6,40447,40093,108,1024,13,98,1.21493e+06,0,0,0,0,1,0,0,611,273,4305,0,0,0,0,0,0,0,0,319,-411,0,0,32
161.26,0,0,0,0,58,3035,1.82261,0.0057012,1.83662,90,0,21,21,23,0,-2,0,1,1.4,26,4214,4416,64,175,14,6,40447,40093,108,1024,13,98,269696,0,0,0,0,1,0,0,1109,486,4210,0,0,0,0,0,0,0,0,319,-697,0,0,32
161.27,0,0,0,0,58,2824,1.82318,0.00576781,1.83725,90,0,21,21,23,0,-2,0,1,1.3,26,4361,4416,78,175,14,6,40447,40093,108,1024,13,98,340158,0,0,0,0,1,656,0,405,427,4251,0,0,0,0,0,0,0,0,319,-637,0,0,32
161.28,0,0,0,0,58,2824,1.82375,0.00583442,1.83787,90,0,21,21,23,0,-2,0,1,1.2,26,4361,4416,78,175,14,6,40447,40093,108,1024,13,98,340158,0,0,0,0,1,656,0,405,427,4251,0,0,0,0,0,0,0,0,319,-244,0,0,32
161.29,0,0,0,0,58,2704,1.82432,0.00590103,1.8385,90,0,21,21,23,0,-2,0,1,1.1,26,4361,4407,75,175,14,6,40447,40093,108,1024,13,98,327075,0,0,0,0,1,0,261,158,175,4370,0,0,0,0,0,0,0,0,319,-244,0,0,32
161.3,0,0,0,0,58,2714,1.82489,0.00596764,1.83912,90,0,21,21,22,0,-2,0,1,1,25,4361,4407,105,175,14,6,40441,40079,109,1024,65,98,457905,0,0,0,0,1,215,0,0,81,4389,0,0,0,0,0,0,0,0,319,-138,0,0,32
161.31,0,0,0,0,58,2752,1.82577,0.00595545,1.84009,90,0,21,21,22,0,-2,0,1,1,25,4361,4407,162,175,14,6,40441,40079,109,1024,65,98,706482,0,0,0,0,1,0,0,273,107,4389,0,0,0,0,0,0,0,0,319,-178,0,0,32
161.32,0,0,0,0,58,2840,1.82665,0.00594326,1.84107,90,0,21,21,22,0,-2,0,1,1,25,4361,4407,162,175,14,6,40441,40079,109,1024,65,98,706482,0,0,0,0,1,289,0,0,90,4385,0,0,0,0,0,0,0,0,319,-153,0,0,32
161.33,0,0,0,0,58,2983,1.82754,0.00593108,1.84204,90,0,21,21,22,0,-2,0,0,1,25,4318,4407,340,175,14,6,40441,40079,109,1024,65,98,1.46812e+06,0,0,0,0,1,305,0,0,104,4382,0,0,0,0,0,0,0,0,319,-178,0,0,32
161.34,0,0,0,0,58,2983,1.82842,0.00591889,1.84301,90,0,21,21,22,0,-2,0,0,1,25,4291,4407,424,175,14,6,40441,40079,109,1024,65,98,1.81938e+06,0,0,0,0,1,289,0,176,185,4359,0,0,0,0,0,0,0,0,319,-305,0,0,32
161.35,0,0,0,0,58,3074,1.8293,0.0059067,1.84398,90,0,21,21,22,0,-2,0,0,1,25,4291,4407,391,175,14,6,40441,40079,109,1024,65,98,1.67778e+06,0,0,0,0,1,289,0,176,185,4359,0,0,0,0,0,0,0,0,319,-305,0,0,32
161.36,0,0,0,0,58,3148,1.83018,0.00589451,1.84495,90,0,21,21,22,0,-2,0,0,1,25,4291,4407,391,175,14,6,40441,40079,109,1024,65,98,1.67778e+06,0,0,0,0,1,0,120,385,206,4331,0,0,0,0,0,0,0,0,319,-303,0,0,32
161.37,0,0,0,0,58,3171,1.83107,0.00588233,1.84592,90,0,21,21,22,0,-2,0,0,1,25,4291,4414,61,175,14,6,40441,40079,109,1024,65,98,261751,0,0,0,0,1,396,519,0,365,4251,0,0,0,0,0,0,0,0,319,-537,0,0,32
161.38,0,0,0,0,58,3016,1.83195,0.00587014,1.84689,90,0,21,21,22,0,-2,0,0,1,25,4281,4414,67,175,14,6,40441,40079,109,1024,65,98,286827,0,0,0,0,1,955,153,0,511,4195,0,0,0,0,0,0,0,0,319,-702,0,0,32
161.39,0,0,0,0,58,2818,1.83283,0.00585795,1.84787,90,0,21,21,22,0,-2,0,0,1,25,4281,4414,82,175,14,6,40441,40079,109,1024,65,98,351042,0,0,0,0,1,0,651,164,358,4275,0,0,0,0,0,0,0,0,319,-520,0,0,32
161.4,0,0,0,0,58,2818,1.83371,0.00584576,1.84884,90,0,21,21,23,0,-2,0,0,1,25,4281,4414,82,175,14,6,39768,38718,110,1024,65,98,351042,0,0,0,0,1,0,651,164,358,4275,0,0,0,0,0,0,0,0,319,-164,0,0,32
161.41,0,0,0,0,58,2746,1.83318,0.00577621,1.84783,90,0,21,21,23,0,-2,0,0,1,25,4358,4414,88,175,14,6,39768,38718,110,1024,65,98,383504,0,0,0,0,1,277,0,0,114,4380,0,0,0,0,0,0,0,0,319,-164,0,0,32
161.42,0,0,0,0,58,2773,1.83265,0.00570666,1.84683,90,0,21,21,23,0,-2,0,0,1,25,4359,4414,146,175,14,6,39768,38718,110,1024,65,98,636414,0,0,0,0,1,0,187,43,90,4397,0,0,0,0,0,0,0,0,319,-137,0,0,32
161.43,0,0,0,0,58,2817,1.83212,0.00563711,1.84582,90,0,21,21,23,0,-2,0,1,1,25,4359,4414,180,175,14,6,39768,38718,110,1024,65,98,784620,0,0,0,0,1,142,0,121,105,4397,0,0,0,0,0,0,0,0,319,-165,0,0,32
161.44,0,0,0,0,58,2922,1.83158,0.00556756,1.84482,90,0,21,21,23,0,-2,0,1,1,25,4359,4414,180,175,13,6,39768,38718,110,1024,65,98,784620,0,0,0,0,1,297,0,0,95,4385,0,0,0,0,0,0,0,0,319,-174,0,0,32
161.45,0,0,0,0,58,3048,1.83105,0.00549801,1.84381,90,0,21,21,23,0,-2,0,1,1,25,4307,4412,432,175,13,6,39768,38718,110,1024,65,98,1.86062e+06,0,0,0,0,1,334,0,0,128,4365,0,0,0,0,0,0,0,0,319,-198,0,0,32
161.46,0,0,0,0,58,3048,1.83052,0.00542846,1.84281,90,0,21,21,23,0,-2,0,1,1,25,4307,4412,466,175,13,6,39768,38718,110,1024,65,98,2.00706e+06,0,0,0,0,1,0,0,496,197,4333,0,0,0,0,0,0,0,0,319,-268,0,0,32
161.47,0,0,0,0,58,3126,1.82999,0.00535891,1.8418,90,0,21,21,23,0,-2,0,1,1,25,4189,4412,369,175,13,6,39768,38718,110,1024,65,98,1.54574e+06,0,0,0,0,1,0,0,496,197,4333,0,0,0,0,0,0,0,0,319,-268,0,0,32
161.48,0,0,0,0,58,3201,1.82946,0.00528936,1.8408,90,0,21,21,23,0,-2,0,1,1,25,4189,4412,213,175,13,6,39768,38718,110,1024,65,98,892257,0,0,0,0,1,0,451,0,221,4335,0,0,0,0,0,0,0,0,319,-304,0,0,32
161.49,0,0,0,0,58,3179,1.82892,0.00521981,1.8398,90,0,21,21,23,0,-2,0,1,1,25,4189,4412,213,175,13,6,39768,38718,110,1024,65,98,892257,0,0,0,0,1,674,0,365,431,4231,0,0,0,0,0,0,0,0,319,-614,0,0,32
161.5,0,0,0,0,58,2992,1.82839,0.00515026,1.83879,90,0,21,21,23,0,-2,0,1,1,25,4225,4412,95,175,13,6,38979,36752,109,1024,65,98,401375,0,0,0,0,1,701,0,520,500,4212,0,0,0,0,0,0,0,0,319,-718,0,0,32
161.51,0,0,0,0,58,2815,1.82815,0.00509364,1.83881,90,0,21,21,23,0,-2,0,0,1,25,4225,4412,90,175,13,6,38979,36752,109,1024,65,98,380250,0,0,0,0,1,244,427,0,285,4316,0,0,0,0,0,0,0,0,319,-394,0,0,32
161.52,0,0,0,0,58,2815,1.82791,0.00503702,1.83882,90,0,21,21,23,0,-2,0,0,1,25,4225,4412,90,175,13,6,38979,36752,109,1024,65,98,380250,0,0,0,0,1,244,427,0,285,4316,0,0,0,0,0,0,0,0,319,-129,0,0,32
161.53,0,0,0,0,58,2785,1.82767,0.0049804,1.83884,90,0,21,21,23,0,-2,0,0,1,25,4347,4412,119,175,13,6,38979,36752,109,1024,65,98,517293,0,0,0,0,1,0,0,227,87,4404,0,0,0,0,0,0,0,0,319,-129,0,0,32
161.54,0,0,0,0,58,2816,1.82744,0.00492378,1.83885,90,0,21,21,23,0,-2,0,0,1,25,4347,4412,176,175,12,6,38979,36752,109,1024,65,98,765072,0,0,0,0,1,299,0,0,103,4387,0,0,0,0,0,0,0,0,319,-177,0,0,32
161.55,0,0,0,0,58,2870,1.8272,0.00486716,1.83887,90,0,21,21,23,0,-2,0,0,1,25,4351,4412,181,175,12,6,38979,36752,109,1024,65,98,787531,0,0,0,0,1,0,269,0,101,4411,0,0,0,0,0,0,0,0,319,-153,0,0,32
161.56,0,0,0,0,58,2986,1.82696,0.00481054,1.83888,90,0,21,21,23,0,-2,0,0,1,25,4351,4412,181,175,12,6,38979,36752,109,1024,65,98,787531,0,0,0,0,1,0,279,0,101,4404,0,0,0,0,0,0,0,0,319,-175,0,0,32
161.57,0,0,0,0,58,3099,1.82672,0.00475392,1.8389,90,0,21,21,23,0,-2,0,0,1,25,4307,4412,463,175,12,6,38979,36752,109,1024,65,98,1.99414e+06,0,0,0,0,1,160,241,0,150,4363,0,0,0,0,0,0,0,0,319,-235,0,0,32
161.58,0,0,0,0,58,3099,1.82648,0.0046973,1.83892,90,0,21,21,23,0,-2,0,0,1,25,4307,4412,451,175,12,6,38979,36752,109,1024,65,98,1.94246e+06,0,0,0,0,1,312,0,195,201,4354,0,0,0,0,0,0,0,0,319,-279,0,0,32
161.59,0,0,0,0,58,3171,1.82624,0.00464068,1.83893,90,0,21,21,23,0,-2,0,0,1,25,4307,4412,321,175,12,6,38979,36752,109,1024,65,98,1.38255e+06,0,0,0,0,1,312,0,195,201,4354,0,0,0,0,0,0,0,0,319,-279,0,0,32
161.6,0,0,0,0,58,3236,1.826,0.00458406,1.83895,90,0,21,21,22,0,-2,0,0,1,26,4307,4412,321,175,12,6,39981,39231,109,1024,68,98,1.38255e+06,0,0,0,0,1,0,642,0,255,4339,0,0,0,0,0,0,0,0,319,-376,0,0,32
161.61,0,0,0,0,58,3170,1.82573,0.00456623,1.83862,90,0,21,21,22,0,-2,0,0,1,26,4184,4412,82,175,12,6,39981,39231,109,1024,68,98,343088,0,0,0,0,1,1129,0,0,477,4202,0,0,0,0,0,0,0,0,319,-666,0,0,32
161.62,0,0,0,0,58,2968,1.82547,0.00454839,1.83829,90,0,21,21,22,0,-2,0,0,1,26,4353,4412,97,175,12,6,39981,39231,109,1024,68,98,422241,0,0,0,0,1,1162,0,0,472,4221,0,0,0,0,0,0,0,0,319,-680,0,0,32
161.63,0,0,0,0,58,2822,1.8252,0.00453056,1.83797,90,0,21,21,22,0,-2,0,0,1,26,4353,4412,82,175,12,6,39981,39231,109,1024,68,98,356946,0,0,0,0,1,0,542,0,227,4346,0,0,0,0,0,0,0,0,319,-314,0,0,32
161.64,0,0,0,0,58,2822,1.82493,0.00451272,1.83764,90,0,21,21,22,0,-2,0,0,1,26,4353,4412,82,175,12,6,39981,39231,109,1024,68,98,356946,0,0,0,0,1,0,542,0,227,4346,0,0,0,0,0,0,0,0,319,-108,0,0,32
161.65,0,0,0,0,58,2816,1.82466,0.00449488,1.83731,90,0,21,21,22,0,-2,0,0,1,26,4353,4412,145,175,12,6,39981,39231,109,1024,68,98,631185,0,0,0,0,1,0,0,195,83,4417,0,0,0,0,0,0,0,0,319,-108,0,0,32
161.66,0,0,0,0,58,2848,1.82439,0.00447705,1.83698,90,0,21,21,22,0,-2,0,0,1,26,4353,4412,183,175,12,6,39981,39231,109,1024,68,98,796599,0,0,0,0,1,277,0,0,110,4382,0,0,0,0,0,0,0,0,319,-173,0,0,32
161.67,0,0,0,0,58,2908,1.82412,0.00445921,1.83666,90,0,21,21,22,0,-2,0,0,1,26,4353,4414,188,175,12,6,39981,39231,109,1024,68,98,818364,0,0,0,0,1,0,259,0,104,4397,0,0,0,0,0,0,0,0,319,-150,0,0,32
161.68,0,0,0,0,58,3022,1.82386,0.00444138,1.83633,90,0,21,21,22,0,-2,0,0,1,26,4353,4414,188,175,12,6,39981,39231,109,1024,68,98,818364,0,0,0,0,1,0,270,0,109,4385,0,0,0,0,0,0,0,0,319,-169,0,0,32
161.69,0,0,0,0,59,3117,1.82359,0.00442354,1.836,90,0,21,21,22,0,-2,0,0,1,26,4306,4414,484,175,12,6,39981,39231,109,1024,68,98,2.0841e+06,0,0,0,0,1,492,0,0,175,4337,0,0,0,0,0,0,0,0,319,-288,0,0,33
161.7,0,0,0,0,59,3117,1.82332,0.00440571,1.83568,90,0,21,21,23,0,-2,0,0,1,26,4306,4414,410,175,12,6,39959,39107,110,1024,64,98,1.76546e+06,0,0,0,0,1,0,0,463,202,4333,0,0,0,0,0,0,0,0,329,-259,0,0,33
161.71,0,0,0,0,60,3191,1.82349,0.00442367,1.83578,90,0,21,21,23,0,-2,0,0,1,26,4188,4414,245,175,12,6,39959,39107,110,1024,64,98,1.02606e+06,0,0,0,0,1,0,0,463,202,4333,0,0,0,0,0,0,0,0,329,-259,0,0,33
161.72,0,0,0,0,62,3249,1.82366,0.00444164,1.83589,90,0,21,21,23,0,-2,0,0,1,26,4188,4414,95,175,12,6,39959,39107,110,1024,64,98,397860,0,0,0,0,1,531,138,0,287,4277,0,0,0,0,0,0,0,0,329,-413,0,0,34
161.73,0,0,0,0,63,3154,1.82384,0.0044596,1.83599,90,0,21,21,23,0,-2,0,0,1,26,4188,4414,95,175,12,6,39959,39107,110,1024,64,98,397860,0,0,0,0,1,65,0,959,503,4216,0,0,0,0,0,0,0,0,329,-672,0,0,35
161.74,0,0,0,0,65,2950,1.82401,0.00447757,1.8361,90,0,21,21,23,0,-2,0,0,1,26,4281,4419,97,175,12,6,39959,39107,110,1024,64,98,415257,0,0,0,0,1,602,0,506,461,4238,0,0,0,0,0,0,0,0,349,-640,0,0,36
161.75,0,0,0,0,66,2826,1.82418,0.00449554,1.8362,90,0,21,21,23,0,-2,0,0,1,26,4281,4419,85,175,11,6,39959,39107,110,1024,64,98,363885,0,0,0,0,1,285,267,0,223,4337,0,0,0,0,0,0,0,0,359,-294,0,0,37
161.76,0,0,0,0,68,2826,1.82435,0.0045135,1.83631,90,0,21,21,23,0,-2,0,0,1,26,4281,4419,85,175,11,6,39959,39107,110,1024,64,98,363885,0,0,0,0,1,285,267,0,223,4337,0,0,0,0,0,0,0,0,369,-163,0,0,38
161.77,0,0,0,0,70,2838,1.82453,0.00453147,1.83642,90,0,21,21,23,0,-2,0,0,1,26,4347,4419,173,175,11,6,39959,39107,110,1024,64,98,752031,0,0,0,0,1,0,140,186,106,4387,0,0,0,0,0,0,0,0,369,-163,0,0,39
161.78,0,0,0,0,71,2887,1.8247,0.00454943,1.83652,90,0,21,21,23,0,-2,0,0,1,26,4334,4419,188,175,11,6,39959,39107,110,1024,64,98,814792,0,0,0,0,1,0,0,385,142,4370,0,0,0,0,0,0,0,0,379,-217,0,0,39
161.79,0,0,0,0,72,2961,1.82487,0.0045674,1.83663,90,0,21,21,23,0,-2,0,0,1,26,4334,4419,208,175,11,6,39959,39107,110,1024,64,98,901472,0,0,0,0,1,324,0,71,153,4376,0,0,0,0,0,0,0,0,389,-237,0,0,40
161.8,0,0,0,0,73,3062,1.82505,0.00458536,1.83673,90,0,21,21,23,0,-2,0,0,1,25,4334,4419,208,175,11,6,40215,39656,110,1024,61,98,901472,0,0,0,0,1,0,0,476,180,4342,0,0,0,0,0,0,0,0,400,-279,0,0,41
161.81,0,0,0,0,74,3158,1.82534,0.0047293,1.83708,90,0,21,21,23,0,-2,0,0,1,25,4306,4427,466,175,11,6,40215,39656,110,1024,61,98,2.0066e+06,0,0,0,0,1,0,513,0,236,4329,0,0,0,0,0,0,0,0,410,-335,0,0,41
161.82,0,0,0,0,75,3158,1.82564,0.00487323,1.83743,90,0,21,21,23,0,-2,0,0,1,25,4306,4427,344,175,11,6,40215,39656,110,1024,61,98,1.48126e+06,0,0,0,0,1,482,0,49,260,4309,0,0,0,0,0,0,0,0,410,-353,0,0,42
161.83,0,0,0,0,76,3255,1.82593,0.00501717,1.83778,90,0,21,21,23,0,-2,0,0,1,25,4306,4427,181,175,11,6,40215,39656,110,1024,61,98,779386,0,0,0,0,1,482,0,49,260,4309,0,0,0,0,0,0,0,0,410,-353,0,0,42
161.84,0,0,0,0,77,3273,1.82623,0.0051611,1.83813,90,0,21,21,23,0,-2,0,0,1,25,4175,4427,76,175,11,6,40215,39656,110,1024,61,98,317300,0,0,0,0,1,0,1085,0,482,4229,0,0,0,0,0,0,0,0,420,-636,0,0,43
161.85,0,0,0,0,78,3110,1.82653,0.00530503,1.83848,90,0,21,21,23,0,-2,0,0,1,25,4175,4427,76,175,11,6,40215,39656,110,1024,61,98,317300,0,0,0,0,1,1367,0,0,618,4154,0,0,0,0,0,0,0,0,420,-850,0,0,43
161.86,0,0,0,0,80,2913,1.82682,0.00544897,1.83883,90,0,21,21,23,0,-2,0,0,1,25,4352,4427,90,175,11,6,40215,39656,110,1024,61,98,391680,0,0,0,0,1,254,732,0,442,4242,0,0,0,0,0,0,0,0,430,-596,0,0,44
161.87,0,0,0,0,81,2860,1.82712,0.0055929,1.83918,90,0,21,21,23,0,-2,0,0,1,25,4352,4427,87,175,11,6,40215,39656,110,1024,61,98,378624,0,0,0,0,1,0,212,218,189,4342,0,0,0,0,0,0,0,0,440,-262,0,0,45
161.88,0,0,0,0,83,2860,1.82741,0.00573683,1.83952,90,0,21,21,23,0,-2,0,0,1,25,4352,4427,87,175,11,6,40215,39656,110,1024,61,98,378624,0,0,0,0,1,0,212,218,189,4342,0,0,0,0,0,0,0,0,450,-268,0,0,46
161.89,0,0,0,0,84,2918,1.82771,0.00588077,1.83987,90,0,21,21,23,0,-2,0,0,1,25,4344,4427,188,175,11,6,40215,39656,110,1024,61,98,816672,0,0,0,0,1,0,0,412,156,4353,0,0,0,0,0,0,0,0,450,-268,0,0,47
161.9,0,0,0,0,85,2993,1.828,0.0060247,1.84022,90,0,21,21,23,0,-2,0,0,1,25,4344,4427,195,175,11,6,40305,39803,110,1024,64,98,847080,0,0,0,0,1,0,0,476,197,4333,0,0,0,0,0,0,0,0,460,-296,0,0,47
161.91,0,0,0,0,86,3092,1.82826,0.00610828,1.84062,90,0,21,21,23,0,-2,0,0,1,25,4307,4427,244,175,11,6,40305,39803,110,1024,64,98,1.05091e+06,0,0,0,0,1,0,35,488,232,4324,0,0,0,0,0,0,0,0,470,-364,0,0,48
161.92,0,0,0,0,87,3199,1.82851,0.00619186,1.84103,90,0,21,21,23,0,-2,0,0,1,25,4307,4427,244,175,11,6,40305,39803,110,1024,64,98,1.05091e+06,0,0,0,0,1,174,480,0,265,4296,0,0,0,0,0,0,0,0,479,-387,0,0,48
161.93,0,0,0,0,87,3307,1.82877,0.00627544,1.84143,90,0,21,21,23,0,-2,0,0,1,25,4269,4427,440,175,11,6,40305,39803,110,1024,64,98,1.87836e+06,0,0,0,0,1,0,65,586,306,4275,0,0,0,0,0,0,0,0,479,-420,0,0,48
161.94,0,0,0,0,88,3307,1.82902,0.00635902,1.84183,90,0,21,21,23,0,-2,0,0,1,25,4269,4427,288,175,11,6,40305,39803,110,1024,64,98,1.22947e+06,0,0,0,0,1,932,0,238,551,4173,0,0,0,0,0,0,0,0,479,-724,0,0,49
161.95,0,0,0,0,89,3318,1.82928,0.0064426,1.84223,90,0,21,21,23,0,-2,0,0,1,25,4190,4427,135,175,11,6,40305,39803,110,1024,64,98,565650,0,0,0,0,1,932,0,238,551,4173,0,0,0,0,0,0,0,0,479,-724,0,0,49
161.96,0,0,0,0,90,3150,1.82953,0.00652617,1.84264,90,0,21,21,23,0,-2,0,0,1,25,4190,4427,73,175,13,6,40305,39803,110,1024,64,98,305870,0,0,0,0,1,0,300,1086,685,4120,0,0,0,0,0,0,0,0,489,-926,0,0,50
161.97,0,0,0,0,91,2961,1.82978,0.00660975,1.84304,90,0,21,21,23,0,-2,0,0,1,25,4190,4427,73,175,13,6,40305,39803,110,1024,64,98,305870,0,0,0,0,1,0,0,1055,484,4204,0,0,0,0,0,0,0,0,499,-644,0,0,50
161.98,0,0,0,0,93,2926,1.83004,0.00669333,1.84344,90,0,21,21,23,0,-2,0,0,1,25,4346,4427,92,175,13,6,40305,39803,110,1024,64,98,399832,0,0,0,0,1,76,0,371,217,4342,0,0,0,0,0,0,0,0,499,-282,0,0,50
161.99,0,0,0,0,95,3001,1.83029,0.00677691,1.84384,90,0,21,21,23,0,-2,0,0,1,25,4346,4427,93,175,13,6,40305,39803,110,1024,64,98,404178,0,0,0,0,1,201,0,242,192,4356,0,0,0,0,0,0,0,0,499,-281,0,0,50
162,0,0,0,0,96,3001,1.83055,0.00686049,1.84425,90,0,21,21,23,0,-2,0,0,1,25,4346,4427,93,175,13,6,40315,39855,110,1024,27,98,404178,0,0,0,0,1,201,0,242,192,4356,0,0,0,0,0,0,0,0,499,-348,0,0,50
162.01,0,0,0,0,97,3092,1.83042,0.00684722,1.84412,90,0,21,21,23,0,-2,0,0,1,25,4348,4427,190,175,13,6,40315,39855,110,1024,27,98,826120,0,0,0,0,1,0,0,572,233,4305,0,0,0,0,0,0,0,0,499,-348,0,0,50
162.02,0,0,0,0,98,3198,1.8303,0.00683395,1.84398,90,0,21,21,23,0,-2,0,0,1,25,4314,4427,198,175,13,6,40315,39855,110,1024,27,98,854172,0,0,0,0,1,0,558,0,263,4305,0,0,0,0,0,0,0,0,499,-354,0,0,50
162.03,0,0,0,0,99,3307,1.83017,0.00682068,1.84385,90,0,21,21,23,0,-2,0,0,1,25,4314,4427,273,175,13,6,40315,39855,110,1024,27,98,1.17772e+06,0,0,0,0,1,0,0,656,303,4272,0,0,0,0,0,0,0,0,499,-388,0,0,50
162.04,0,0,0,0,100,3347,1.83005,0.00680741,1.84372,90,0,21,21,23,0,-2,0,0,1,25,4314,4427,273,175,13,6,40315,39855,110,1024,27,98,1.17772e+06,0,0,0,0,1,1012,0,0,498,4193,0,0,0,0,0,0,0,0,499,-639,0,0,50
162.05,0,0,0,0,100,3221,1.82992,0.00679414,1.84359,90,0,21,21,23,0,-2,0,0,1,25,4298,4434,429,175,13,6,40315,39855,110,1024,27,98,1.84384e+06,0,0,0,0,1,0,1005,414,677,4113,0,0,0,0,0,0,0,0,499,-861,0,0,50
162.06,0,0,0,0,100,3221,1.8298,0.00678087,1.84346,90,0,21,21,23,0,-2,0,0,1,25,4298,4434,273,175,13,6,40315,39855,110,1024,27,98,1.17335e+06,0,0,0,0,1,0,1220,0,551,4195,0,0,0,0,0,0,0,0,499,-730,0,0,50
162.07,0,0,0,0,100,3033,1.82967,0.0067676,1.84333,90,0,21,21,23,0,-2,0,0,1,25,4298,4434,135,175,13,6,40315,39855,110,1024,27,98,580230,0,0,0,0,1,0,1220,0,551,4195,0,0,0,0,0,0,0,0,499,-730,0,0,50
162.08,0,0,0,0,100,2957,1.82955,0.00675433,1.8432,90,0,21,21,23,0,-2,0,0,1,25,4298,4434,135,175,13,6,40315,39855,110,1024,27,98,580230,0,0,0,0,1,0,405,195,285,4288,0,0,0,0,0,0,0,0,499,-373,0,0,50
162.09,0,0,0,0,100,3016,1.82943,0.00674107,1.84307,90,0,21,21,23,0,-2,0,1,1,25,4194,4434,139,175,13,6,40315,39855,110,1024,27,98,582966,0,0,0,0,1,0,270,194,191,4322,0,0,0,0,0,0,0,0,499,-277,0,0,50
162.1,0,0,0,0,100,3104,1.8293,0.0067278,1.84294,90,0,21,21,24,0,-2,0,1,1,25,4194,4434,144,175,13,6,39002,37322,109,1024,65,98,603936,0,0,0,0,1,0,513,0,229,4331,0,0,0,0,0,0,0,0,499,-305,0,0,50
162.11,0,0,0,0,100,3204,1.82902,0.00669242,1.84254,90,0,21,21,24,0,-2,0,1,1,25,4330,4434,158,175,13,6,39002,37322,109,1024,65,98,684140,0,0,0,0,1,543,0,43,260,4305,0,0,0,0,0,0,0,0,499,-390,0,0,50
162.12,0,0,0,0,100,3204,1.82874,0.00665705,1.84214,90,0,21,21,24,0,-2,0,1,1,25,4330,4434,158,175,13,6,39002,37322,109,1024,65,98,684140,0,0,0,0,1,543,0,43,260,4305,0,0,0,0,0,0,0,0,499,-442,0,0,50
162.13,0,0,0,0,100,3293,1.82847,0.00662168,1.84175,90,0,21,21,24,0,-2,0,0,1,25,4330,4423,229,175,13,6,39002,37322,109,1024,65,98,991570,0,0,0,0,1,0,732,0,338,4272,0,0,0,0,0,0,0,0,499,-442,0,0,50
162.14,0,0,0,0,100,3284,1.82819,0.00658631,1.84135,90,0,21,21,24,0,-2,0,0,1,25,4301,4423,291,175,13,6,39002,37322,109,1024,65,98,1.25159e+06,0,0,0,0,1,0,0,1219,550,4154,0,0,0,0,0,0,0,0,499,-737,0,0,50
162.15,0,0,0,0,100,3142,1.82791,0.00655093,1.84095,90,0,21,21,24,0,-2,0,0,1,25,4301,4423,468,175,13,6,39002,37322,109,1024,65,98,2.01287e+06,0,0,0,0,1,0,1319,0,621,4163,0,0,0,0,0,0,0,0,499,-809,0,0,50
162.16,0,0,0,0,100,2997,1.82763,0.00651556,1.84056,90,0,21,21,24,0,-2,0,0,1,25,4301,4423,468,175,13,6,39002,37322,109,1024,65,98,2.01287e+06,0,0,0,0,1,0,1007,0,457,4240,0,0,0,0,0,0,0,0,499,-606,0,0,50
162.17,0,0,0,0,100,2965,1.82735,0.00648019,1.84016,90,0,21,21,24,0,-2,0,0,1,25,4245,4423,410,175,13,6,39002,37322,109,1024,65,98,1.74045e+06,0,0,0,0,1,0,363,177,251,4303,0,0,0,0,0,0,0,0,499,-338,0,0,50
162.18,0,0,0,0,100,2965,1.82707,0.00644482,1.83976,90,0,21,21,24,0,-2,0,0,1,25,4134,4423,235,175,13,6,39002,37322,109,1024,65,98,971490,0,0,0,0,1,0,380,74,206,4324,0,0,0,0,0,0,0,0,499,-283,0,0,50
162.19,0,0,0,0,100,3032,1.8268,0.00640945,1.83937,90,0,21,21,24,0,-2,0,0,1,25,4134,4423,133,175,13,6,39002,37322,109,1024,65,98,549822,0,0,0,0,1,0,380,74,206,4324,0,0,0,0,0,0,0,0,499,-283,0,0,50
162.2,0,0,0,0,100,3121,1.82652,0.00637407,1.83897,90,0,21,21,23,0,-2,0,0,1,25,4134,4423,133,175,13,6,38501,36445,110,1024,64,98,549822,0,0,0,0,1,147,460,0,245,4305,0,0,0,0,0,0,0,0,499,-370,0,0,50
162.21,0,0,0,0,100,3206,1.82598,0.00637469,1.83849,90,0,21,21,23,0,-2,0,0,1,25,4279,4423,200,175,13,6,38501,36445,110,1024,64,98,855800,0,0,0,0,1,301,0,434,302,4303,0,0,0,0,0,0,0,0,499,-405,0,0,50
162.22,0,0,0,0,100,3236,1.82544,0.00637531,1.83801,90,0,21,21,23,0,-2,0,0,1,25,4301,4423,219,175,13,6,38501,36445,110,1024,64,98,941919,0,0,0,0,1,0,988,0,442,4234,0,0,0,0,0,0,0,0,499,-585,0,0,50
162.23,0,0,0,0,100,3154,1.8249,0.00637592,1.83753,90,0,21,21,23,0,-2,0,0,1,25,4301,4423,247,175,13,6,38501,36445,110,1024,64,98,1.06235e+06,0,0,0,0,1,1258,0,0,563,4156,0,0,0,0,0,0,0,0,499,-744,0,0,50
162.24,0,0,0,0,100,3154,1.82436,0.00637654,1.83705,90,0,21,21,23,0,-2,0,0,1,25,4301,4423,247,175,13,6,38501,36445,110,1024,64,98,1.06235e+06,0,0,0,0,1,1258,0,0,563,4156,0,0,0,0,0,0,0,0,499,-657,0,0,50
162.25,0,0,0,0,100,3030,1.82382,0.00637716,1.83657,90,0,21,21,23,0,-2,0,0,1,25,4274,4423,442,175,13,6,38501,36445,110,1024,64,98,1.88911e+06,0,0,0,0,1,863,0,191,487,4197,0,0,0,0,0,0,0,0,499,-657,0,0,50
162.26,0,0,0,0,100,2973,1.82328,0.00637778,1.83609,90,0,21,21,23,0,-2,0,0,1,25,4274,4423,609,175,13,6,38501,36445,110,1024,64,98,2.60287e+06,0,0,0,0,1,695,0,0,322,4266,0,0,0,0,0,0,0,0,499,-426,0,0,50
162.27,0,0,0,0,100,3010,1.82274,0.00637839,1.83561,90,0,21,21,23,0,-2,0,0,1,25,4169,4423,643,175,13,6,38501,36445,110,1024,64,98,2.68067e+06,0,0,0,0,1,531,0,0,230,4307,0,0,0,0,0,0,0,0,499,-321,0,0,50
162.28,0,0,0,0,100,3087,1.8222,0.00637901,1.83513,90,0,21,21,23,0,-2,0,0,1,25,4169,4423,643,175,13,6,38501,36445,110,1024,64,98,2.68067e+06,0,0,0,0,1,0,0,602,249,4296,0,0,0,0,0,0,0,0,499,-383,0,0,50
162.29,0,0,0,0,100,3162,1.82166,0.00637963,1.83465,90,0,21,21,23,0,-2,0,0,1,25,4091,4423,197,175,13,6,38501,36445,110,1024,64,98,805927,0,0,0,0,1,0,292,429,301,4281,0,0,0,0,0,0,0,0,499,-408,0,0,50
162.3,0,0,0,0,100,3162,1.82112,0.00638024,1.83417,90,0,21,21,23,0,-2,0,0,1,25,4091,4423,170,175,13,6,38132,35864,110,1024,65,98,695470,0,0,0,0,1,838,5,0,426,4206,0,0,0,0,0,0,0,0,499,-602,0,0,50
162.31,0,0,0,0,100,3188,1.82066,0.00642237,1.83409,90,0,21,21,23,0,-2,0,0,1,25,4288,4423,200,175,13,6,38132,35864,110,1024,65,98,857600,0,0,0,0,1,838,5,0,426,4206,0,0,0,0,0,0,0,0,499,-602,0,0,50
162.32,0,0,0,0,100,3130,1.8202,0.00646449,1.83401,90,0,21,21,23,0,-2,0,0,1,25,4288,4423,223,175,13,6,38132,35864,110,1024,65,98,956224,0,0,0,0,1,117,0,967,514,4206,0,0,0,0,0,0,0,0,499,-648,0,0,50
162.33,0,0,0,0,100,3039,1.81973,0.00650662,1.83393,90,0,21,21,23,0,-2,0,0,1,25,4288,4423,223,175,13,6,38132,35864,110,1024,65,98,956224,0,0,0,0,1,0,0,1070,457,4212,0,0,0,0,0,0,0,0,499,-610,0,0,50
162.34,0,0,0,0,100,2997,1.81927,0.00654874,1.83386,90,0,21,21,23,0,-2,0,0,1,25,4289,4423,297,175,13,6,38132,35864,110,1024,65,98,1.27383e+06,0,0,0,0,1,0,0,768,334,4264,0,0,0,0,0,0,0,0,499,-440,0,0,50
162.35,0,0,0,0,100,3033,1.81881,0.00659087,1.83378,90,0,21,21,23,0,-2,0,0,1,25,4273,4423,404,175,13,6,38132,35864,110,1024,65,98,1.72629e+06,0,0,0,0,1,0,0,610,253,4288,0,0,0,0,0,0,0,0,499,-343,0,0,50
162.36,0,0,0,0,100,3033,1.81834,0.00663299,1.8337,90,0,21,21,23,0,-2,0,0,1,25,4273,4423,404,175,13,6,38132,35864,110,1024,65,98,1.72629e+06,0,0,0,0,1,0,0,610,253,4288,0,0,0,0,0,0,0,0,499,-362,0,0,50
162.37,0,0,0,0,100,3101,1.81788,0.00667511,1.83362,90,0,21,21,23,0,-2,0,0,1,25,4188,4423,584,175,13,6,38132,35864,110,1024,65,98,2.44579e+06,0,0,0,0,1,0,440,186,267,4288,0,0,0,0,0,0,0,0,499,-362,0,0,50
162.38,0,0,0,0,100,3159,1.81742,0.00671724,1.83354,90,0,21,21,23,0,-2,0,0,1,25,4188,4423,432,175,13,6,38132,35864,110,1024,65,98,1.80922e+06,0,0,0,0,1,525,282,0,336,4251,0,0,0,0,0,0,0,0,499,-480,0,0,50
162.39,0,0,0,0,100,3164,1.81696,0.00675936,1.83346,90,0,21,20,23,0,-2,0,0,1,25,4188,4423,264,175,13,6,38132,35864,110,1024,65,98,1.10563e+06,0,0,0,0,1,264,0,668,429,4242,0,0,0,0,0,0,0,0,499,-562,0,0,50
162.4,0,0,0,0,100,3113,1.81649,0.00680149,1.83339,90,0,21,20,23,0,-2,0,0,1,26,4188,4423,264,175,13,6,38347,36439,109,1024,68,98,1.10563e+06,0,0,0,0,1,0,269,756,477,4204,0,0,0,0,0,0,0,0,499,-650,0,0,50
162.41,0,0,0,0,100,3056,1.81679,0.00682586,1.83391,90,0,21,20,23,0,-2,0,0,1,26,4293,4423,224,175,13,6,38347,36439,109,1024,68,98,961632,0,0,0,0,1,0,753,66,418,4225,0,0,0,0,0,0,0,0,499,-536,0,0,50
162.42,0,0,0,0,100,3056,1.81708,0.00685023,1.83444,90,0,21,20,23,0,-2,0,0,1,26,4293,4423,241,175,13,6,38347,36439,109,1024,68,98,1.03461e+06,0,0,0,0,1,0,759,0,328,4290,0,0,0,0,0,0,0,0,499,-451,0,0,50
162.43,0,0,0,0,100,3040,1.81738,0.0068746,1.83497,90,0,21,20,23,0,-2,0,0,1,26,4293,4423,271,175,13,6,38347,36439,109,1024,68,98,1.1634e+06,0,0,0,0,1,0,759,0,328,4290,0,0,0,0,0,0,0,0,499,-451,0,0,50
162.44,0,0,0,0,100,3076,1.81767,0.00689896,1.8355,90,0,21,20,23,0,-2,0,0,1,26,4293,4423,271,175,13,6,38347,36439,109,1024,68,98,1.1634e+06,0,0,0,0,1,141,499,0,282,4288,0,0,0,0,0,0,0,0,499,-393,0,0,50
162.45,0,0,0,0,100,3135,1.81797,0.00692333,1.83603,90,0,21,20,23,0,-2,0,0,1,26,4222,4423,583,175,13,6,38347,36439,109,1024,68,98,2.46143e+06,0,0,0,0,1,699,0,0,300,4270,0,0,0,0,0,0,0,0,499,-409,0,0,50
162.46,0,0,0,0,100,3173,1.81826,0.0069477,1.83656,90,0,21,20,23,0,-2,0,0,1,26,4222,4423,587,175,13,6,38347,36439,109,1024,68,98,2.47831e+06,0,0,0,0,1,0,0,791,368,4240,0,0,0,0,0,0,0,0,499,-464,0,0,50
162.47,0,0,0,0,100,3162,1.81855,0.00697207,1.83709,90,0,21,20,23,0,-2,0,0,1,26,4111,4423,497,175,13,6,38347,36439,109,1024,68,98,2.04317e+06,0,0,0,0,1,0,890,0,440,4228,0,0,0,0,0,0,0,0,499,-569,0,0,50
162.48,0,0,0,0,100,3162,1.81885,0.00699644,1.83762,90,0,21,20,23,0,-2,0,0,1,26,4111,4423,497,175,8,6,38347,36439,109,1024,68,98,2.04317e+06,0,0,0,0,1,0,890,0,440,4228,0,0,0,0,0,0,0,0,499,-613,0,0,50
162.49,0,0,0,0,100,3117,1.81914,0.00702081,1.83814,90,0,21,20,23,0,-2,0,0,1,26,4156,4423,197,175,8,6,38347,36439,109,1024,68,98,818732,0,0,0,0,1,1026,0,0,443,4204,0,0,0,0,0,0,0,0,499,-613,0,0,50
162.5,0,0,0,0,100,3085,1.81944,0.00704518,1.83867,90,0,21,20,23,0,-2,0,0,1,26,4156,4423,205,175,8,619,38686,37025,109,1024,65,98,851980,0,0,0,0,1,588,0,285,378,4251,0,0,0,0,0,0,0,0,499,-519,0,0,50
162.51,0,0,0,0,100,3094,1.81909,0.00705295,1.83854,90,0,21,20,23,0,-2,0,0,1.1,26,4286,4423,238,175,8,619,38686,37025,109,1024,65,98,1.02007e+06,0,0,0,0,1,0,0,760,320,4255,0,0,0,0,0,0,0,0,499,-452,0,0,50
162.52,0,0,0,0,100,3135,1.81874,0.00706071,1.8384,90,0,21,20,23,0,-2,0,0,1.2,26,4286,4423,238,175,8,619,38686,37025,109,1024,65,98,1.02007e+06,0,0,0,0,1,0,566,19,303,4275,0,0,0,0,0,0,0,0,499,-404,0,0,50
162.53,0,0,0,0,100,3177,1.81839,0.00706848,1.83826,90,0,21,20,23,0,-2,0,0,1.3,26,4272,4423,434,175,8,619,38686,37025,109,1024,65,98,1.85405e+06,0,0,0,0,1,854,0,0,347,4251,0,0,0,0,0,0,0,0,499,-516,0,0,50
162.54,0,0,0,0,100,3177,1.81803,0.00707624,1.83812,90,0,21,20,23,0,-2,0,0,1.4,26,4272,4423,520,175,8,619,38686,37025,109,1024,65,98,2.22144e+06,0,0,0,0,1,0,0,932,399,4216,0,0,0,0,0,0,0,0,499,-533,0,0,50
162.55,0,0,0,0,100,3192,1.81768,0.00708401,1.83798,90,0,21,20,23,0,-2,0,0,1.5,26,4227,4423,528,175,8,619,38686,37025,109,1024,65,98,2.23186e+06,0,0,0,0,1,0,0,932,399,4216,0,0,0,0,0,0,0,0,499,-533,0,0,50
162.56,0,0,0,0,100,3174,1.81733,0.00709177,1.83784,90,0,21,20,23,0,-2,0,0,1.6,26,4227,4423,528,175,8,619,38686,37025,109,1024,65,98,2.23186e+06,0,0,0,0,1,0,974,0,429,4236,0,0,0,0,0,0,0,0,499,-569,0,0,50
162.57,0,0,0,0,100,3144,1.81698,0.00709954,1.83771,90,0,21,20,23,0,-2,0,0,1.7,26,4136,4423,262,175,8,619,38686,37025,109,1024,65,98,1.08363e+06,0,0,0,0,1,945,0,0,418,4219,0,0,0,0,0,0,0,0,499,-566,0,0,50
162.58,0,0,0,0,100,3130,1.81663,0.0071073,1.83757,90,0,21,20,23,0,-2,0,0,1.8,26,4136,4423,220,175,8,619,38686,37025,109,1024,65,98,909920,0,0,0,0,1,112,0,605,364,4272,0,0,0,0,0,0,0,0,499,-451,0,0,50
162.59,0,0,0,0,100,3151,1.81628,0.00711507,1.83743,90,0,21,20,23,0,-2,0,0,1.9,26,4136,4423,232,175,8,619,38686,37025,109,1024,65,98,959552,0,0,0,0,1,0,366,388,326,4253,0,0,0,0,0,0,0,0,499,-449,0,0,50
162.6,0,0,0,0,100,3151,1.81593,0.00712283,1.83729,90,0,21,20,23,0,-2,0,0,2,26,4136,4423,232,175,8,619,39567,38601,110,1024,87,98,959552,0,0,0,0,1,0,366,388,326,4253,0,0,0,0,0,0,0,0,499,-433,0,0,50
162.61,0,0,0,0,100,3188,1.8162,0.00709373,1.83687,90,0,21,20,23,0,-2,0,0,1.9,26,4262,4423,370,175,8,619,39567,38601,110,1024,87,98,1.57694e+06,0,0,0,0,1,549,156,0,334,4257,0,0,0,0,0,0,0,0,499,-433,0,0,50
162.62,0,0,0,0,100,3216,1.81648,0.00706463,1.83644,90,0,21,20,23,0,-2,0,0,1.8,26,4262,4423,453,175,8,619,39567,38601,110,1024,87,98,1.93069e+06,0,0,0,0,1,0,0,863,369,4234,0,0,0,0,0,0,0,0,499,-494,0,0,50
162.63,0,0,0,0,100,3217,1.81676,0.00703553,1.83602,90,0,21,20,23,0,-2,0,0,1.7,26,4262,4423,496,175,8,619,39567,38601,110,1024,87,98,2.11395e+06,0,0,0,0,1,139,703,0,416,4231,0,0,0,0,0,0,0,0,499,-526,0,0,50
162.64,0,0,0,0,100,3195,1.81703,0.00700643,1.83559,90,0,21,20,23,0,-2,0,0,1.6,26,4262,4423,496,175,8,619,39567,38601,110,1024,87,98,2.11395e+06,0,0,0,0,1,584,0,365,424,4231,0,0,0,0,0,0,0,0,499,-575,0,0,50
162.65,0,0,0,0,100,3178,1.81731,0.00697733,1.83517,90,0,21,20,23,0,-2,0,0,1.5,26,4167,4423,323,175,8,619,39567,38601,110,1024,87,98,1.34594e+06,0,0,0,0,1,0,413,428,391,4229,0,0,0,0,0,0,0,0,499,-511,0,0,50
162.66,0,0,0,0,100,3178,1.81759,0.00694823,1.83475,90,0,21,20,23,0,-2,0,0,1.4,26,4167,4423,258,175,8,619,39567,38601,110,1024,87,98,1.07509e+06,0,0,0,0,1,552,218,0,358,4240,0,0,0,0,0,0,0,0,499,-465,0,0,50
162.67,0,0,0,0,100,3183,1.81786,0.00691913,1.83432,90,0,21,20,23,0,-2,0,0,1.3,26,4235,4423,246,175,8,619,39567,38601,110,1024,87,98,1.04181e+06,0,0,0,0,1,552,218,0,358,4240,0,0,0,0,0,0,0,0,499,-465,0,0,50
162.68,0,0,0,0,100,3204,1.81814,0.00689003,1.8339,90,0,21,20,23,0,-2,0,0,1.2,26,4235,4423,246,175,8,619,39567,38601,110,1024,87,98,1.04181e+06,0,0,0,0,1,0,0,728,342,4257,0,0,0,0,0,0,0,0,499,-429,0,0,50
162.69,0,0,0,0,100,3232,1.81842,0.00686093,1.83348,90,0,21,20,23,0,-2,0,0,1.1,26,4266,4423,358,175,8,619,39567,38601,110,1024,87,98,1.52723e+06,0,0,0,0,1,0,681,0,355,4264,0,0,0,0,0,0,0,0,499,-457,0,0,50
162.7,0,0,0,0,100,3244,1.81869,0.00683183,1.83305,90,0,21,21,24,0,-2,0,0,1,26,4266,4423,417,175,8,619,39640,38714,110,1024,64,98,1.77892e+06,0,0,0,0,1,35,0,709,394,4253,0,0,0,0,0,0,0,0,499,-497,0,0,50
162.71,0,0,0,0,100,3234,1.81812,0.00683922,1.83348,90,0,21,21,24,0,-2,0,0,1,26,4211,4423,458,175,8,619,39640,38714,110,1024,64,98,1.92864e+06,0,0,0,0,1,0,832,0,417,4245,0,0,0,0,0,0,0,0,499,-496,0,0,50
162.72,0,0,0,0,100,3234,1.81755,0.00684661,1.8339,90,0,21,21,24,0,-2,0,0,1,26,4211,4423,458,175,8,619,39640,38714,110,1024,64,98,1.92864e+06,0,0,0,0,1,0,832,0,417,4245,0,0,0,0,0,0,0,0,499,-553,0,0,50
162.73,0,0,0,0,100,3214,1.81698,0.006854,1.83433,90,0,21,21,24,0,-2,0,0,1,26,4211,4461,340,175,8,619,39640,38714,110,1024,64,98,1.43174e+06,0,0,0,0,1,666,0,305,416,4236,0,0,0,0,0,0,0,0,499,-553,0,0,50
162.74,0,0,0,0,100,3206,1.8164,0.00686139,1.83475,90,0,21,21,24,0,-2,0,0,1,26,4211,4461,291,175,8,619,39640,38714,110,1024,64,98,1.2254e+06,0,0,0,0,1,0,568,211,373,4234,0,0,0,0,0,0,0,0,499,-461,0,0,50
162.75,0,0,0,0,100,3219,1.81583,0.00686877,1.83518,90,0,21,21,24,0,-2,0,0,1,26,4197,4461,273,175,8,619,39640,38714,110,1024,64,98,1.14578e+06,0,0,0,0,1,830,0,0,354,4238,0,0,0,0,0,0,0,0,499,-491,0,0,50
162.76,0,0,0,0,100,3243,1.81526,0.00687616,1.83561,90,0,21,20,24,0,-2,0,0,1,26,4197,4461,273,175,8,619,39640,38714,110,1024,64,98,1.14578e+06,0,0,0,0,1,0,216,578,355,4242,0,0,0,0,0,0,0,0,499,-483,0,0,50
162.77,0,0,0,0,100,3255,1.81468,0.00688355,1.83603,90,0,21,20,24,0,-2,0,0,1,26,4252,4461,362,175,8,619,39640,38714,110,1024,64,98,1.53922e+06,0,0,0,0,1,903,0,0,391,4229,0,0,0,0,0,0,0,0,499,-500,0,0,50
162.78,0,0,0,0,100,3255,1.81411,0.00689094,1.83646,90,0,21,20,24,0,-2,0,0,1,26,4252,4461,411,175,8,619,39640,38714,110,1024,64,98,1.74757e+06,0,0,0,0,1,903,0,0,391,4231,0,0,0,0,0,0,0,0,499,-496,0,0,50
162.79,0,0,0,0,100,3249,1.81354,0.00689833,1.83688,90,0,21,20,24,0,-2,0,0,1,26,4214,4461,433,175,8,619,39640,38714,110,1024,64,98,1.82466e+06,0,0,0,0,1,0,728,86,408,4231,0,0,0,0,0,0,0,0,499,-496,0,0,50
162.8,0,0,0,0,100,3235,1.81296,0.00690572,1.83731,90,0,21,20,23,0,-2,0,0,1,26,4214,4461,421,175,8,619,39525,38386,109,1024,65,98,1.77409e+06,0,0,0,0,1,895,0,0,410,4210,0,0,0,0,0,0,0,0,499,-555,0,0,50
162.81,0,0,0,0,100,3222,1.81398,0.00692425,1.8374,90,0,21,20,23,0,-2,0,0,1.1,26,4214,4461,421,175,8,619,39525,38386,109,1024,65,98,1.77409e+06,0,0,0,0,1,0,0,750,388,4231,0,0,0,0,0,0,0,0,499,-520,0,0,50
162.82,0,0,0,0,100,3224,1.81499,0.00694279,1.83749,90,0,21,20,23,0,-2,0,0,1.2,26,4177,4461,307,175,8,619,39525,38386,109,1024,65,98,1.28234e+06,0,0,0,0,1,607,136,0,369,4231,0,0,0,0,0,0,0,0,499,-463,0,0,50
162.83,0,0,0,0,100,3236,1.81601,0.00696132,1.83759,90,0,21,20,23,0,-2,0,0,1.3,26,4200,4461,291,175,8,619,39525,38386,109,1024,65,98,1.2222e+06,0,0,0,0,1,0,0,783,358,4236,0,0,0,0,0,0,0,0,499,-456,0,0,50
162.84,0,0,0,0,100,3236,1.81702,0.00697986,1.83768,90,0,21,20,23,0,-2,0,0,1.4,26,4200,4461,291,175,8,619,39525,38386,109,1024,65,98,1.2222e+06,0,0,0,0,1,0,0,783,358,4236,0,0,0,0,0,0,0,0,499,-472,0,0,50
162.85,0,0,0,0,100,3252,1.81804,0.00699839,1.83777,90,0,21,20,23,0,-2,0,0,1.5,26,4242,4461,371,175,8,619,39525,38386,109,1024,65,98,1.57378e+06,0,0,0,0,1,453,355,0,372,4229,0,0,0,0,0,0,0,0,499,-472,0,0,50
162.86,0,0,0,0,100,3255,1.81905,0.00701693,1.83786,90,0,21,20,23,0,-2,0,0,1.6,26,4225,4461,402,175,8,619,39525,38386,109,1024,65,98,1.69845e+06,0,0,0,0,1,0,0,807,394,4223,0,0,0,0,0,0,0,0,499,-491,0,0,50
162.87,0,0,0,0,100,3241,1.82007,0.00703546,1.83795,90,0,21,20,23,0,-2,0,0,1.7,26,4225,4461,413,175,8,619,39525,38386,109,1024,65,98,1.74492e+06,0,0,0,0,1,535,357,0,417,4219,0,0,0,0,0,0,0,0,499,-525,0,0,50
162.88,0,0,0,0,100,3222,1.82108,0.007054,1.83805,90,0,21,20,23,0,-2,0,0,1.8,26,4225,4461,413,175,8,619,39525,38386,109,1024,65,98,1.74492e+06,0,0,0,0,1,0,0,904,398,4216,0,0,0,0,0,0,0,0,499,-511,0,0,50
162.89,0,0,0,0,100,3219,1.8221,0.00707253,1.83814,90,0,21,20,23,0,-2,0,0,1.9,26,4192,4461,350,175,8,619,39525,38386,109,1024,65,98,1.4672e+06,0,0,0,0,1,6,695,0,369,4251,0,0,0,0,0,0,0,0,499,-470,0,0,50
162.9,0,0,0,0,100,3219,1.82311,0.00709107,1.83823,90,0,21,20,22,0,-2,0,0,2,26,4200,4461,317,175,8,619,39004,37443,109,1024,87,98,1.3314e+06,0,0,0,0,1,317,0,461,361,4272,0,0,0,0,0,0,0,0,499,-462,0,0,50
162.91,0,0,0,0,100,3227,1.82269,0.00706566,1.838,90,0,21,20,22,0,-2,0,0,1.9,26,4200,4461,309,175,8,619,39004,37443,109,1024,87,98,1.2978e+06,0,0,0,0,1,317,0,461,361,4272,0,0,0,0,0,0,0,0,499,-462,0,0,50
162.92,0,0,0,0,100,3241,1.82226,0.00704025,1.83777,90,0,21,20,22,0,-2,0,0,1.8,26,4200,4461,309,175,8,619,39004,37443,109,1024,87,98,1.2978e+06,0,0,0,0,1,0,839,0,369,4264,0,0,0,0,0,0,0,0,499,-489,0,0,50
162.93,0,0,0,0,100,3244,1.82183,0.00701484,1.83755,90,0,21,20,22,0,-2,0,0,1.7,26,4231,4461,373,175,8,619,39004,37443,109,1024,87,98,1.57816e+06,0,0,0,0,1,516,0,391,390,4253,0,0,0,0,0,0,0,0,499,-523,0,0,50
162.94,0,0,0,0,100,3237,1.82141,0.00698944,1.83732,90,0,21,20,22,0,-2,0,0,1.6,26,4229,4461,402,175,8,619,39004,37443,109,1024,87,98,1.70006e+06,0,0,0,0,1,0,903,0,400,4255,0,0,0,0,0,0,0,0,499,-532,0,0,50
162.95,0,0,0,0,100,3226,1.82098,0.00696403,1.83709,90,0,21,21,22,0,-2,0,0,1.5,26,4229,4461,407,175,8,619,39004,37443,109,1024,87,98,1.7212e+06,0,0,0,0,1,664,0,106,396,4228,0,0,0,0,0,0,0,0,499,-511,0,0,50
162.96,0,0,0,0,100,3226,1.82055,0.00693862,1.83686,90,0,21,21,22,0,-2,0,0,1.4,26,4229,4461,407,175,8,619,39004,37443,109,1024,87,98,1.7212e+06,0,0,0,0,1,664,0,106,396,4228,0,0,0,0,0,0,0,0,499,-510,0,0,50
162.97,0,0,0,0,100,3219,1.82013,0.00691321,1.83664,90,0,21,21,22,0,-2,0,0,1.3,26,4191,4461,350,175,8,619,39004,37443,109,1024,87,98,1.46685e+06,0,0,0,0,1,0,556,248,391,4229,0,0,0,0,0,0,0,0,499,-510,0,0,50
162.98,0,0,0,0,100,3219,1.8197,0.0068878,1.83641,90,0,21,21,22,0,-2,0,0,1.2,26,4191,4461,341,175,8,619,39004,37443,109,1024,87,98,1.42913e+06,0,0,0,0,1,844,0,0,372,4231,0,0,0,0,0,0,0,0,499,-502,0,0,50
162.99,0,0,0,0,100,3230,1.81927,0.00686239,1.83618,90,0,21,21,22,0,-2,0,0,1.1,26,4191,4461,336,175,8,619,39004,37443,109,1024,87,98,1.40818e+06,0,0,0,0,1,0,93,645,363,4253,0,0,0,0,0,0,0,0,499,-486,0,0,50
163,0,0,0,0,100,3239,1.81885,0.00683698,1.83595,90,0,21,21,23,0,-2,0,0,1,26,4191,4461,336,175,9,619,39001,37348,109,1024,65,98,1.40818e+06,0,0,0,0,1,742,0,0,379,4231,0,0,0,0,0,0,0,0,499,-490,0,0,50
163.01,0,0,0,0,100,3237,1.81873,0.00686261,1.83562,90,0,21,21,23,0,-2,0,0,1,26,4225,4461,384,175,9,619,39001,37348,109,1024,65,98,1.6224e+06,0,0,0,0,1,0,0,791,397,4223,0,0,0,0,0,0,0,0,499,-523,0,0,50
163.02,0,0,0,0,100,3237,1.81862,0.00688823,1.83529,90,0,21,21,23,0,-2,0,0,1,26,4225,4461,399,175,9,619,39001,37348,109,1024,65,98,1.68578e+06,0,0,0,0,1,467,433,0,399,4225,0,0,0,0,0,0,0,0,499,-526,0,0,50
163.03,0,0,0,0,100,3227,1.8185,0.00691386,1.83496,90,0,21,21,23,0,-2,0,0,1,26,4212,4461,410,175,9,619,39001,37348,109,1024,65,98,1.72692e+06,0,0,0,0,1,467,433,0,399,4225,0,0,0,0,0,0,0,0,499,-526,0,0,50
163.04,0,0,0,0,100,3220,1.81839,0.00693948,1.83463,90,0,21,21,23,0,-2,0,0,1,26,4212,4461,401,175,9,619,39001,37348,109,1024,65,98,1.68901e+06,0,0,0,0,1,0,0,881,383,4223,0,0,0,0,0,0,0,0,499,-488,0,0,50
163.05,0,0,0,0,100,3224,1.81827,0.00696511,1.8343,90,0,21,21,23,0,-2,0,0,1,26,4212,4461,401,175,9,619,39001,37348,109,1024,65,98,1.68901e+06,0,0,0,0,1,0,712,0,366,4257,0,0,0,0,0,0,0,0,499,-462,0,0,50
163.06,0,0,0,0,100,3234,1.81816,0.00699073,1.83397,90,0,21,21,23,0,-2,0,0,1,26,4206,4461,335,175,9,619,39001,37348,109,1024,65,98,1.40901e+06,0,0,0,0,1,281,0,528,368,4264,0,0,0,0,0,0,0,0,499,-483,0,0,50
163.07,0,0,0,0,100,3238,1.81804,0.00701636,1.83364,90,0,21,21,23,0,-2,0,0,1,26,4206,4461,341,175,9,619,39001,37348,109,1024,65,98,1.43425e+06,0,0,0,0,1,0,861,0,385,4257,0,0,0,0,0,0,0,0,499,-503,0,0,50
163.08,0,0,0,0,100,3238,1.81793,0.00704198,1.83331,90,0,21,21,23,0,-2,0,0,1,26,4206,4461,341,175,9,619,39001,37348,109,1024,65,98,1.43425e+06,0,0,0,0,1,0,861,0,385,4257,0,0,0,0,0,0,0,0,499,-531,0,0,50
163.09,0,0,0,0,100,3238,1.81781,0.00706761,1.83298,90,0,21,21,23,0,-2,0,0,1,26,4206,4461,394,175,9,619,39001,37348,109,1024,65,98,1.65716e+06,0,0,0,0,1,588,0,299,392,4242,0,0,0,0,0,0,0,0,499,-531,0,0,50
163.1,0,0,0,0,100,3235,1.8177,0.00709323,1.83265,90,0,21,21,23,0,-2,0,0,1,26,4206,4461,393,175,10,619,39122,37640,109,1024,87,98,1.65296e+06,0,0,0,0,1,0,882,0,394,4253,0,0,0,0,0,0,0,0,499,-532,0,0,50
163.11,0,0,0,0,100,3231,1.81723,0.00706976,1.8327,90,0,21,21,23,0,-2,0,0,1,26,4206,4461,391,175,10,619,39122,37640,109,1024,87,98,1.64455e+06,0,0,0,0,1,678,0,76,387,4236,0,0,0,0,0,0,0,0,499,-495,0,0,50
163.12,0,0,0,0,100,3234,1.81675,0.00704628,1.83274,90,0,21,21,23,0,-2,0,0,1,26,4206,4461,391,175,10,619,39122,37640,109,1024,87,98,1.64455e+06,0,0,0,0,1,0,616,90,375,4236,0,0,0,0,0,0,0,0,499,-477,0,0,50
163.13,0,0,0,0,100,3240,1.81628,0.00702281,1.83278,90,0,21,21,23,0,-2,0,0,1,26,4206,4461,355,175,10,619,39122,37640,109,1024,87,98,1.49313e+06,0,0,0,0,1,797,0,0,370,4236,0,0,0,0,0,0,0,0,499,-471,0,0,50
163.14,0,0,0,0,100,3240,1.81581,0.00699933,1.83283,90,0,21,21,23,0,-2,0,0,1,26,4206,4461,349,175,10,619,39122,37640,109,1024,87,98,1.46789e+06,0,0,0,0,1,0,531,285,375,4228,0,0,0,0,0,0,0,0,499,-472,0,0,50
163.15,0,0,0,0,100,3251,1.81533,0.00697586,1.83287,90,0,21,21,23,0,-2,0,0,1,26,4206,4461,351,175,10,619,39122,37640,109,1024,87,98,1.47631e+06,0,0,0,0,1,0,531,285,375,4228,0,0,0,0,0,0,0,0,499,-472,0,0,50
163.16,0,0,0,0,100,3255,1.81486,0.00695238,1.83291,90,0,21,21,23,0,-2,0,0,1,26,4206,4461,351,175,10,619,39122,37640,109,1024,87,98,1.47631e+06,0,0,0,0,1,810,0,0,393,4223,0,0,0,0,0,0,0,0,499,-499,0,0,50
163.17,0,0,0,0,100,3249,1.81439,0.00692891,1.83295,90,0,21,21,23,0,-2,0,0,1,26,4206,4461,388,175,10,619,39122,37640,109,1024,87,98,1.63193e+06,0,0,0,0,1,0,615,172,400,4225,0,0,0,0,0,0,0,0,499,-497,0,0,50
163.18,0,0,0,0,100,3245,1.81391,0.00690543,1.833,90,0,21,21,23,0,-2,0,0,1,26,4206,4461,402,175,10,619,39122,37640,109,1024,87,98,1.69081e+06,0,0,0,0,1,821,0,0,389,4238,0,0,0,0,0,0,0,0,499,-492,0,0,50
163.19,0,0,0,0,100,3250,1.81344,0.00688196,1.83304,90,0,21,21,23,0,-2,0,0,1,26,4206,4461,396,175,10,619,39122,37640,109,1024,87,98,1.66558e+06,0,0,0,0,1,0,552,240,378,4221,0,0,0,0,0,0,0,0,499,-475,0,0,50
163.2,0,0,0,0,100,3250,1.81297,0.00685848,1.83308,90,0,21,21,23,0,-2,0,0,1,26,4206,4461,396,175,10,619,39122,37640,110,1024,87,98,1.66558e+06,0,0,0,0,1,0,552,240,378,4221,0,0,0,0,0,0,0,0,499,-489,0,0,50
163.21,0,0,0,0,100,3260,1.81293,0.00684595,1.83336,90,0,21,21,23,0,-2,0,0,1,26,4195,4432,348,175,11,619,39122,37640,110,1024,87,98,1.45986e+06,0,0,0,0,1,789,0,0,373,4228,0,0,0,0,0,0,0,0,499,-489,0,0,50
163.22,0,0,0,0,100,3269,1.81288,0.00683342,1.83364,90,0,21,21,23,0,-2,0,0,1,26,4195,4432,344,175,11,619,39122,37640,110,1024,87,98,1.44308e+06,0,0,0,0,1,0,796,0,385,4238,0,0,0,0,0,0,0,0,499,-498,0,0,50
163.23,0,0,0,0,100,3270,1.81284,0.00682089,1.83392,90,0,21,20,23,0,-2,0,0,1,26,4195,4432,355,175,11,619,39122,37640,110,1024,87,98,1.48922e+06,0,0,0,0,1,592,0,265,393,4245,0,0,0,0,0,0,0,0,499,-512,0,0,50
163.24,0,0,0,0,100,3271,1.8128,0.00680836,1.83419,90,0,21,20,23,0,-2,0,0,1,26,4195,4432,355,175,11,619,39122,37640,110,1024,87,98,1.48922e+06,0,0,0,0,1,0,856,0,391,4262,0,0,0,0,0,0,0,0,499,-501,0,0,50
163.25,0,0,0,0,100,3272,1.81276,0.00679583,1.83447,90,0,21,20,23,0,-2,0,0,1,26,4213,4432,387,175,11,619,39122,37640,110,1024,87,98,1.63043e+06,0,0,0,0,1,53,0,654,388,4260,0,0,0,0,0,0,0,0,499,-481,0,0,50
163.26,0,0,0,0,100,3272,1.81272,0.0067833,1.83475,90,0,21,20,23,0,-2,0,0,1,26,4207,4432,384,175,11,619,39122,37640,110,1024,87,98,1.61549e+06,0,0,0,0,1,195,642,0,389,4234,0,0,0,0,0,0,0,0,499,-512,0,0,50
163.27,0,0,0,0,100,3275,1.81268,0.00677077,1.83503,90,0,21,20,23,0,-2,0,0,1,26,4207,4432,377,175,11,619,39122,37640,110,1024,87,98,1.58604e+06,0,0,0,0,1,195,642,0,389,4234,0,0,0,0,0,0,0,0,499,-512,0,0,50
163.28,0,0,0,0,100,3282,1.81264,0.00675824,1.8353,90,0,21,20,23,0,-2,0,0,1,26,4207,4432,374,175,11,619,39122,37640,110,1024,87,98,1.57342e+06,0,0,0,0,1,0,0,830,377,4223,0,0,0,0,0,0,0,0,499,-470,0,0,50
163.29,0,0,0,0,100,3291,1.81259,0.00674571,1.83558,90,0,21,20,23,0,-2,0,0,1,26,4207,4432,374,175,11,619,39122,37640,110,1024,87,98,1.57342e+06,0,0,0,0,1,869,0,0,388,4225,0,0,0,0,0,0,0,0,499,-508,0,0,50
163.3,0,0,0,0,100,3296,1.81255,0.00673318,1.83586,90,0,21,20,23,0,-2,0,0,1,27,4208,4432,351,175,11,619,39047,37535,109,1024,87,98,1.47701e+06,0,0,0,0,1,0,413,418,394,4214,0,0,0,0,0,0,0,0,499,-483,0,0,50
163.31,0,0,0,0,100,3294,1.81281,0.00676854,1.83611,90,0,21,21,23,0,-2,0,0,1,27,4208,4432,362,175,11,619,39047,37535,109,1024,87,98,1.5233e+06,0,0,0,0,1,707,0,127,402,4225,0,0,0,0,0,0,0,0,499,-523,0,0,50
163.32,0,0,0,0,100,3294,1.81307,0.0068039,1.83636,90,0,21,21,23,0,-2,0,0,1,27,4208,4432,362,175,11,619,39047,37535,109,1024,87,98,1.5233e+06,0,0,0,0,1,707,0,127,402,4225,0,0,0,0,0,0,0,0,499,-470,0,0,50
163.33,0,0,0,0,100,3295,1.81332,0.00683926,1.83662,90,0,21,21,23,0,-2,0,0,1,27,4218,4432,387,175,11,619,39047,37535,109,1024,87,98,1.63237e+06,0,0,0,0,1,0,820,0,389,4253,0,0,0,0,0,0,0,0,499,-470,0,0,50
163.34,0,0,0,0,100,3302,1.81358,0.00687462,1.83687,90,0,21,21,23,0,-2,0,0,1,27,4203,4432,380,175,11,619,39047,37535,109,1024,87,98,1.59714e+06,0,0,0,0,1,0,0,840,386,4212,0,0,0,0,0,0,0,0,499,-504,0,0,50
163.35,0,0,0,0,100,3311,1.81383,0.00690998,1.83712,90,0,21,21,23,0,-2,0,0,1,27,4203,4432,373,175,11,619,39047,37535,109,1024,87,98,1.56772e+06,0,0,0,0,1,862,0,0,391,4231,0,0,0,0,0,0,0,0,499,-526,0,0,50
163.36,0,0,0,0,100,3314,1.81409,0.00694534,1.83738,90,0,21,21,23,0,-2,0,0,1,27,4203,4432,373,175,11,619,39047,37535,109,1024,87,98,1.56772e+06,0,0,0,0,1,0,786,0,395,4229,0,0,0,0,0,0,0,0,499,-504,0,0,50
163.37,0,0,0,0,100,3316,1.81435,0.0069807,1.83763,90,0,21,21,23,0,-2,0,0,1,27,4201,4432,354,175,11,619,39047,37535,109,1024,87,98,1.48715e+06,0,0,0,0,1,94,0,643,394,4245,0,0,0,0,0,0,0,0,499,-497,0,0,50
163.38,0,0,0,0,100,3316,1.8146,0.00701606,1.83788,90,0,21,21,23,0,-2,0,0,1,27,4201,4432,369,175,11,619,39047,37535,109,1024,87,98,1.55017e+06,0,0,0,0,1,510,345,0,400,4216,0,0,0,0,0,0,0,0,499,-503,0,0,50
163.39,0,0,0,0,100,3316,1.81486,0.00705142,1.83814,90,0,21,21,23,0,-2,0,0,1,27,4210,4432,370,175,11,619,39047,37535,109,1024,87,98,1.5577e+06,0,0,0,0,1,510,345,0,400,4216,0,0,0,0,0,0,0,0,499,-503,0,0,50
163.4,0,0,0,0,100,3318,1.81511,0.00708678,1.83839,90,0,21,21,23,0,-2,0,0,1,26,4210,4432,379,175,11,619,39142,37781,110,1024,87,98,1.59559e+06,0,0,0,0,1,0,370,529,393,4214,0,0,0,0,0,0,0,0,499,-517,0,0,50
163.41,0,0,0,0,100,3325,1.81524,0.00708717,1.83791,90,0,21,21,23,0,-2,0,0,1.1,26,4210,4432,379,175,11,619,39142,37781,110,1024,87,98,1.59559e+06,0,0,0,0,1,558,0,281,388,4247,0,0,0,0,0,0,0,0,499,-509,0,0,50
163.42,0,0,0,0,100,3331,1.81536,0.00708756,1.83743,90,0,21,21,23,0,-2,0,0,1.2,26,4203,4432,375,175,11,619,39142,37781,110,1024,87,98,1.57612e+06,0,0,0,0,1,295,556,0,391,4223,0,0,0,0,0,0,0,0,499,-506,0,0,50
163.43,0,0,0,0,100,3336,1.81548,0.00708796,1.83695,90,0,21,21,23,0,-2,0,0,1.3,26,4199,4432,366,175,11,619,39142,37781,110,1024,87,98,1.53683e+06,0,0,0,0,1,0,302,576,389,4221,0,0,0,0,0,0,0,0,499,-499,0,0,50
163.44,0,0,0,0,100,3336,1.8156,0.00708835,1.83647,90,0,21,21,23,0,-2,0,0,1.4,26,4199,4432,366,175,11,619,39142,37781,110,1024,87,98,1.53683e+06,0,0,0,0,1,0,302,576,389,4221,0,0,0,0,0,0,0,0,499,-528,0,0,50
163.45,0,0,0,0,100,3338,1.81573,0.00708874,1.83599,90,0,21,21,23,0,-2,0,0,1.5,26,4204,4432,364,175,11,619,39142,37781,110,1024,87,98,1.53026e+06,0,0,0,0,1,564,0,350,406,4247,0,0,0,0,0,0,0,0,499,-528,0,0,50
163.46,0,0,0,0,100,3332,1.81585,0.00708913,1.83551,90,0,21,21,23,0,-2,0,0,1.6,26,4211,4432,366,175,11,619,39142,37781,110,1024,87,98,1.54123e+06,0,0,0,0,1,355,539,0,407,4212,0,0,0,0,0,0,0,0,499,-527,0,0,50
163.47,0,0,0,0,100,3332,1.81597,0.00708953,1.83503,90,0,21,21,23,0,-2,0,0,1.7,26,4211,4432,377,175,11,619,39142,37781,110,1024,87,98,1.58755e+06,0,0,0,0,1,0,302,547,390,4219,0,0,0,0,0,0,0,0,499,-501,0,0,50
163.48,0,0,0,0,100,3339,1.81609,0.00708992,1.83455,90,0,21,21,23,0,-2,0,0,1.8,26,4211,4432,377,175,11,619,39142,37781,110,1024,87,98,1.58755e+06,0,0,0,0,1,535,0,326,390,4242,0,0,0,0,0,0,0,0,499,-514,0,0,50
163.49,0,0,0,0,100,3346,1.81622,0.00709031,1.83408,90,0,21,21,23,0,-2,0,0,1.9,26,4205,4432,378,175,11,619,39142,37781,110,1024,87,98,1.58949e+06,0,0,0,0,1,473,366,0,392,4214,0,0,0,0,0,0,0,0,499,-492,0,0,50
163.5,0,0,0,0,100,3346,1.81634,0.0070907,1.8336,90,0,21,21,23,0,-2,0,0,2,26,4199,4432,371,175,11,619,39106,37699,110,1024,61,98,1.55783e+06,0,0,0,0,1,0,610,199,399,4214,0,0,0,0,0,0,0,0,499,-491,0,0,50
163.51,0,0,0,0,100,3348,1.81644,0.0070909,1.83389,90,0,21,21,23,0,-2,0,0,1.9,26,4199,4432,361,175,11,619,39106,37699,110,1024,61,98,1.51584e+06,0,0,0,0,1,0,610,199,399,4214,0,0,0,0,0,0,0,0,499,-491,0,0,50
163.52,0,0,0,0,100,3345,1.81655,0.00709109,1.83418,90,0,21,21,23,0,-2,0,0,1.8,26,4199,4432,361,175,11,619,39106,37699,110,1024,61,98,1.51584e+06,0,0,0,0,1,6,0,703,402,4240,0,0,0,0,0,0,0,0,499,-491,0,0,50
163.53,0,0,0,0,100,3342,1.81665,0.00709129,1.83447,90,0,21,21,23,0,-2,0,0,1.7,26,4206,4432,375,175,11,619,39106,37699,110,1024,61,98,1.57725e+06,0,0,0,0,1,793,0,0,402,4214,0,0,0,0,0,0,0,0,499,-503,0,0,50
163.54,0,0,0,0,100,3343,1.81676,0.00709148,1.83476,90,0,21,21,23,0,-2,0,0,1.6,26,4209,4432,384,175,11,619,39106,37699,110,1024,61,98,1.61626e+06,0,0,0,0,1,0,892,0,395,4257,0,0,0,0,0,0,0,0,499,-525,0,0,50
163.55,0,0,0,0,100,3344,1.81686,0.00709167,1.83505,90,0,21,21,23,0,-2,0,0,1.5,26,4209,4432,380,175,11,619,39106,37699,110,1024,61,98,1.59942e+06,0,0,0,0,1,0,0,863,396,4204,0,0,0,0,0,0,0,0,499,-520,0,0,50
163.56,0,0,0,0,100,3344,1.81696,0.00709187,1.83534,90,0,21,21,23,0,-2,0,0,1.4,26,4209,4432,380,175,11,619,39106,37699,110,1024,61,98,1.59942e+06,0,0,0,0,1,0,0,863,396,4204,0,0,0,0,0,0,0,0,499,-517,0,0,50
163.57,0,0,0,0,100,3349,1.81707,0.00709206,1.83563,90,0,21,21,23,0,-2,0,0,1.3,26,4202,4432,373,175,11,619,39106,37699,110,1024,61,98,1.56735e+06,0,0,0,0,1,881,0,0,393,4216,0,0,0,0,0,0,0,0,499,-517,0,0,50
163.58,0,0,0,0,100,3351,1.81717,0.00709226,1.83592,90,0,21,21,23,0,-2,0,0,1.2,26,4200,4432,373,175,11,619,39106,37699,110,1024,61,98,1.5666e+06,0,0,0,0,1,0,826,0,398,4249,0,0,0,0,0,0,0,0,499,-493,0,0,50
163.59,0,0,0,0,100,3348,1.81728,0.00709245,1.83621,90,0,21,21,23,0,-2,0,0,1.1,26,4200,4432,365,175,11,619,39106,37699,110,1024,61,98,1.533e+06,0,0,0,0,1,0,0,791,408,4204,0,0,0,0,0,0,0,0,499,-517,0,0,50
163.6,0,0,0,0,100,3342,1.81738,0.00709264,1.8365,90,0,21,21,23,0,-2,0,0,1,26,4200,4432,365,175,11,619,39090,37630,110,1024,65,98,1.533e+06,0,0,0,0,1,742,0,27,406,4214,0,0,0,0,0,0,0,0,499,-507,0,0,50
163.61,0,0,0,0,100,3342,1.81766,0.0070661,1.83634,90,0,21,21,23,0,-2,0,0,1,26,4209,4437,379,175,11,619,39090,37630,110,1024,65,98,1.59521e+06,0,0,0,0,1,127,624,0,388,4240,0,0,0,0,0,0,0,0,499,-470,0,0,50
163.62,0,0,0,0,100,3342,1.81793,0.00703955,1.83617,90,0,21,21,23,0,-2,0,0,1,26,4209,4437,391,175,11,619,39090,37630,110,1024,65,98,1.64572e+06,0,0,0,0,1,0,224,578,386,4221,0,0,0,0,0,0,0,0,499,-516,0,0,50
163.63,0,0,0,0,100,3347,1.81821,0.00701301,1.83601,90,0,21,21,23,0,-2,0,0,1,26,4195,4437,384,175,11,619,39090,37630,110,1024,65,98,1.61088e+06,0,0,0,0,1,0,224,578,386,4221,0,0,0,0,0,0,0,0,499,-516,0,0,50
163.64,0,0,0,0,100,3350,1.81848,0.00698646,1.83584,90,0,21,21,23,0,-2,0,0,1,26,4195,4437,384,175,11,619,39090,37630,110,1024,65,98,1.61088e+06,0,0,0,0,1,539,0,355,399,4242,0,0,0,0,0,0,0,0,499,-509,0,0,50
163.65,0,0,0,0,100,3349,1.81876,0.00695992,1.83568,90,0,21,21,23,0,-2,0,0,1,26,4201,4437,363,175,11,619,39090,37630,110,1024,65,98,1.52496e+06,0,0,0,0,1,533,314,0,397,4219,0,0,0,0,0,0,0,0,499,-501,0,0,50
163.66,0,0,0,0,100,3347,1.81903,0.00693338,1.83551,90,0,21,21,23,0,-2,0,0,1,26,4201,4437,377,175,11,619,39090,37630,110,1024,65,98,1.58378e+06,0,0,0,0,1,0,624,142,405,4225,0,0,0,0,0,0,0,0,499,-488,0,0,50
163.67,0,0,0,0,100,3342,1.81931,0.00690683,1.83535,90,0,21,21,23,0,-2,0,0,1,26,4201,4437,380,175,11,619,39090,37630,110,1024,65,98,1.59638e+06,0,0,0,0,1,6,0,707,401,4242,0,0,0,0,0,0,0,0,499,-476,0,0,50
163.68,0,0,0,0,100,3342,1.81959,0.00688029,1.83518,90,0,21,21,23,0,-2,0,0,1,26,4201,4437,380,175,11,619,39090,37630,110,1024,65,98,1.59638e+06,0,0,0,0,1,6,0,707,401,4242,0,0,0,0,0,0,0,0,499,-498,0,0,50
163.69,0,0,0,0,100,3343,1.81986,0.00685374,1.83502,90,0,21,21,23,0,-2,0,0,1,26,4203,4437,383,175,11,619,39090,37630,110,1024,65,98,1.60975e+06,0,0,0,0,1,787,0,0,393,4219,0,0,0,0,0,0,0,0,499,-498,0,0,50
163.7,0,0,0,0,100,3346,1.82014,0.0068272,1.83485,90,0,21,21,23,0,-2,0,0,1,26,4203,4437,382,175,11,619,39100,37687,109,1024,87,98,1.60555e+06,0,0,0,0,1,0,794,0,388,4253,0,0,0,0,0,0,0,0,499,-485,0,0,50
163.71,0,0,0,0,100,3351,1.82011,0.00683956,1.83494,90,0,21,21,23,0,-2,0,0,1,26,4194,4437,381,175,11,619,39100,37687,109,1024,87,98,1.59791e+06,0,0,0,0,1,0,0,867,391,4212,0,0,0,0,0,0,0,0,499,-497,0,0,50
163.72,0,0,0,0,100,3354,1.82008,0.00685192,1.83502,90,0,21,21,23,0,-2,0,0,1,26,4194,4437,381,175,11,619,39100,37687,109,1024,87,98,1.59791e+06,0,0,0,0,1,848,0,0,396,4223,0,0,0,0,0,0,0,0,499,-502,0,0,50
163.73,0,0,0,0,100,3351,1.82005,0.00686427,1.8351,90,0,21,21,23,0,-2,0,0,1,26,4201,4437,375,175,12,619,39100,37687,109,1024,87,98,1.57538e+06,0,0,0,0,1,0,794,0,415,4229,0,0,0,0,0,0,0,0,499,-517,0,0,50
163.74,0,0,0,0,100,3351,1.82002,0.00687663,1.83518,90,0,21,21,23,0,-2,0,0,1,26,4201,4437,384,175,12,619,39100,37687,109,1024,87,98,1.61318e+06,0,0,0,0,1,0,85,725,402,4223,0,0,0,0,0,0,0,0,499,-502,0,0,50
163.75,0,0,0,0,100,3344,1.81999,0.00688899,1.83527,90,0,21,21,23,0,-2,0,0,1,26,4201,4437,376,175,12,619,39100,37687,109,1024,87,98,1.57958e+06,0,0,0,0,1,0,85,725,402,4223,0,0,0,0,0,0,0,0,499,-502,0,0,50
163.76,0,0,0,0,100,3347,1.81996,0.00690135,1.83535,90,0,21,21,23,0,-2,0,0,1,26,4202,4437,392,175,12,619,39100,37687,109,1024,87,98,1.64718e+06,0,0,0,0,1,658,0,160,391,4229,0,0,0,0,0,0,0,0,499,-517,0,0,50
163.77,0,0,0,0,100,3354,1.81993,0.00691371,1.83543,90,0,21,21,23,0,-2,0,0,1,26,4202,4437,392,175,12,619,39100,37687,109,1024,87,98,1.64718e+06,0,0,0,0,1,328,534,0,388,4223,0,0,0,0,0,0,0,0,499,-509,0,0,50
163.78,0,0,0,0,100,3360,1.8199,0.00692607,1.83551,90,0,21,21,23,0,-2,0,0,1,26,4192,4437,379,175,12,619,39100,37687,109,1024,87,98,1.58877e+06,0,0,0,0,1,0,525,309,393,4214,0,0,0,0,0,0,0,0,499,-480,0,0,50
163.79,0,0,0,0,100,3361,1.81987,0.00693843,1.8356,90,0,21,21,23,0,-2,0,0,1,26,4192,4437,372,175,12,619,39100,37687,109,1024,87,98,1.55942e+06,0,0,0,0,1,0,0,903,407,4197,0,0,0,0,0,0,0,0,499,-522,0,0,50
163.8,0,0,0,0,100,3361,1.81984,0.00695079,1.83568,90,0,21,21,23,0,-2,0,0,1,26,4192,4437,372,175,12,619,38998,37449,109,1024,65,98,1.55942e+06,0,0,0,0,1,0,0,903,407,4197,0,0,0,0,0,0,0,0,499,-494,0,0,50
163.81,0,0,0,0,100,3359,1.8198,0.00695398,1.83532,90,0,21,21,23,0,-2,0,0,1,26,4202,4437,381,175,12,619,38998,37449,109,1024,65,98,1.60096e+06,0,0,0,0,1,904,0,0,409,4208,0,0,0,0,0,0,0,0,499,-494,0,0,50
163.82,0,0,0,0,100,3360,1.81975,0.00695717,1.83495,90,0,21,21,23,0,-2,0,0,1,26,4202,4437,393,175,12,619,38998,37449,109,1024,65,98,1.65139e+06,0,0,0,0,1,0,791,0,396,4249,0,0,0,0,0,0,0,0,499,-477,0,0,50
163.83,0,0,0,0,100,3362,1.8197,0.00696036,1.83459,90,0,21,21,23,0,-2,0,0,1,26,4202,4436,385,175,12,619,38998,37449,109,1024,65,98,1.61777e+06,0,0,0,0,1,0,101,633,396,4228,0,0,0,0,0,0,0,0,499,-517,0,0,50
163.84,0,0,0,0,100,3366,1.81965,0.00696355,1.83423,90,0,21,21,23,0,-2,0,0,1,26,4202,4436,385,175,12,619,38998,37449,109,1024,65,98,1.61777e+06,0,0,0,0,1,531,0,320,395,4249,0,0,0,0,0,0,0,0,499,-458,0,0,50
163.85,0,0,0,0,100,3374,1.8196,0.00696674,1.83386,90,0,21,21,23,0,-2,0,0,1,26,4194,4436,380,175,12,619,38998,37449,109,1024,65,98,1.59372e+06,0,0,0,0,1,725,0,0,390,4214,0,0,0,0,0,0,0,0,499,-516,0,0,50
163.86,0,0,0,0,100,3374,1.81955,0.00696993,1.8335,90,0,21,21,23,0,-2,0,0,1,26,4194,4436,378,175,12,619,38998,37449,109,1024,65,98,1.58533e+06,0,0,0,0,1,0,763,0,399,4238,0,0,0,0,0,0,0,0,499,-469,0,0,50
163.87,0,0,0,0,100,3377,1.8195,0.00697312,1.83314,90,0,21,20,23,0,-2,0,0,1,26,4194,4436,376,175,12,619,38998,37449,109,1024,65,98,1.57694e+06,0,0,0,0,1,0,763,0,399,4238,0,0,0,0,0,0,0,0,499,-469,0,0,50
163.88,0,0,0,0,100,3377,1.81945,0.00697631,1.83277,90,0,21,20,23,0,-2,0,0,1,26,4194,4436,377,175,12,619,38998,37449,109,1024,65,98,1.58114e+06,0,0,0,0,1,0,243,637,407,4212,0,0,0,0,0,0,0,0,499,-537,0,0,50
163.89,0,0,0,0,100,3377,1.8194,0.0069795,1.83241,90,0,21,20,23,0,-2,0,0,1,26,4194,4436,377,175,12,619,38998,37449,109,1024,65,98,1.58114e+06,0,0,0,0,1,127,0,623,402,4251,0,0,0,0,0,0,0,0,499,-475,0,0,50
163.9,0,0,0,0,100,3383,1.81935,0.00698269,1.83205,90,0,21,20,23,0,-2,0,0,1,26,4199,4436,393,175,12,619,39025,37515,109,1024,87,98,1.65021e+06,0,0,0,0,1,865,0,0,394,4214,0,0,0,0,0,0,0,0,499,-510,0,0,50
163.91,0,0,0,0,100,3392,1.81919,0.00700698,1.83236,90,0,21,20,23,0,-2,0,0,1,26,4199,4434,390,175,12,619,39025,37515,109,1024,87,98,1.63761e+06,0,0,0,0,1,166,621,0,388,4236,0,0,0,0,0,0,0,0,499,-483,0,0,50
163.92,0,0,0,0,100,3392,1.81904,0.00703127,1.83267,90,0,21,20,23,0,-2,0,0,1,26,4199,4434,390,175,12,619,39025,37515,109,1024,87,98,1.63761e+06,0,0,0,0,1,166,621,0,388,4236,0,0,0,0,0,0,0,0,499,-483,0,0,50
163.93,0,0,0,0,100,3395,1.81888,0.00705556,1.83297,90,0,21,20,23,0,-2,0,0,1,26,4192,4434,369,175,12,619,39025,37515,109,1024,87,98,1.54685e+06,0,0,0,0,1,0,640,113,406,4212,0,0,0,0,0,0,0,0,499,-483,0,0,50
163.94,0,0,0,0,100,3395,1.81872,0.00707985,1.83328,90,0,21,20,23,0,-2,0,0,1,26,4198,4434,371,175,12,619,39025,37515,109,1024,87,98,1.55746e+06,0,0,0,0,1,0,0,877,407,4199,0,0,0,0,0,0,0,0,499,-497,0,0,50
163.95,0,0,0,0,100,3397,1.81857,0.00710414,1.83359,90,0,21,21,23,0,-2,0,0,1,26,4198,4434,388,175,12,619,39025,37515,109,1024,87,98,1.62882e+06,0,0,0,0,1,545,0,268,403,4231,0,0,0,0,0,0,0,0,499,-520,0,0,50
163.96,0,0,0,0,100,3400,1.81841,0.00712843,1.8339,90,0,21,21,23,0,-2,0,0,1,26,4198,4434,388,175,12,619,39025,37515,109,1024,87,98,1.62882e+06,0,0,0,0,1,810,0,0,400,4223,0,0,0,0,0,0,0,0,499,-501,0,0,50
163.97,0,0,0,0,100,3407,1.81825,0.00715272,1.83421,90,0,21,21,23,0,-2,0,0,1,26,4195,4434,391,175,12,619,39025,37515,109,1024,87,98,1.64024e+06,0,0,0,0,1,115,645,0,395,4229,0,0,0,0,0,0,0,0,499,-477,0,0,50
163.98,0,0,0,0,100,3407,1.8181,0.00717701,1.83452,90,0,21,21,23,0,-2,0,0,1,26,4195,4434,397,175,12,619,39025,37515,109,1024,87,98,1.66542e+06,0,0,0,0,1,0,718,0,399,4225,0,0,0,0,0,0,0,0,499,-481,0,0,50
163.99,0,0,0,0,100,3414,1.81794,0.0072013,1.83483,90,0,21,21,23,0,-2,0,0,1,26,4195,4434,378,175,12,619,39025,37515,109,1024,87,98,1.58571e+06,0,0,0,0,1,0,718,0,399,4225,0,0,0,0,0,0,0,0,499,-481,0,0,50
164,0,0,0,0,100,3418,1.81778,0.00722559,1.83514,90,0,21,21,23,0,-2,0,0,1,26,4195,4434,378,175,12,619,38960,37414,109,1024,66,98,1.58571e+06,0,0,0,0,1,0,82,697,403,4228,0,0,0,0,0,0,0,0,499,-468,0,0,50
164.01,0,0,0,0,100,3421,1.81764,0.00720087,1.83496,90,0,21,21,23,0,-2,0,0,1,26,4190,4434,369,175,12,619,38960,37414,109,1024,66,98,1.54611e+06,0,0,0,0,1,0,0,807,420,4210,0,0,0,0,0,0,0,0,499,-515,0,0,50
164.02,0,0,0,0,100,3418,1.8175,0.00717615,1.83479,90,0,21,21,23,0,-2,0,0,1,26,4196,4434,380,175,12,619,38960,37414,109,1024,66,98,1.59448e+06,0,0,0,0,1,684,0,131,413,4212,0,0,0,0,0,0,0,0,499,-512,0,0,50
164.03,0,0,0,0,100,3421,1.81735,0.00715142,1.83462,90,0,21,21,23,0,-2,0,0,1,26,4196,4434,377,175,12,619,38960,37414,109,1024,66,98,1.58189e+06,0,0,0,0,1,801,0,0,399,4214,0,0,0,0,0,0,0,0,499,-495,0,0,50
164.04,0,0,0,0,100,3421,1.81721,0.0071267,1.83445,90,0,21,21,23,0,-2,0,0,1,26,4196,4434,377,175,12,619,38960,37414,109,1024,66,98,1.58189e+06,0,0,0,0,1,801,0,0,399,4214,0,0,0,0,0,0,0,0,499,-487,0,0,50
164.05,0,0,0,0,100,3428,1.81707,0.00710197,1.83428,90,0,21,21,23,0,-2,0,0,1,26,4196,4434,392,175,12,619,38960,37414,109,1024,66,98,1.64483e+06,0,0,0,0,1,426,407,0,399,4212,0,0,0,0,0,0,0,0,499,-487,0,0,50
164.06,0,0,0,0,100,3436,1.81692,0.00707725,1.83411,90,0,21,21,23,0,-2,0,0,1,26,4196,4434,378,175,12,619,38960,37414,109,1024,66,98,1.58609e+06,0,0,0,0,1,0,853,0,397,4253,0,0,0,0,0,0,0,0,499,-498,0,0,50
164.07,0,0,0,0,100,3439,1.81678,0.00705253,1.83394,90,0,21,21,23,0,-2,0,0,1,26,4196,4434,377,175,12,619,38960,37414,109,1024,66,98,1.58189e+06,0,0,0,0,1,0,587,177,417,4204,0,0,0,0,0,0,0,0,499,-488,0,0,50
164.08,0,0,0,0,100,3439,1.81664,0.0070278,1.83376,90,0,21,21,23,0,-2,0,0,1,26,4196,4434,377,175,12,619,38960,37414,109,1024,66,98,1.58189e+06,0,0,0,0,1,0,124,664,416,4212,0,0,0,0,0,0,0,0,499,-509,0,0,50
164.09,0,0,0,0,100,3441,1.81649,0.00700308,1.83359,90,0,21,21,23,0,-2,0,0,1,26,4191,4434,383,175,12,619,38960,37414,109,1024,66,98,1.60515e+06,0,0,0,0,1,0,0,908,415,4197,0,0,0,0,0,0,0,0,499,-526,0,0,50
164.1,0,0,0,0,100,3441,1.81635,0.00697835,1.83342,90,0,21,21,23,0,-2,0,0,1,26,4191,4434,384,175,12,619,38988,37471,109,1024,64,98,1.60934e+06,0,0,0,0,1,299,0,523,407,4238,0,0,0,0,0,0,0,0,499,-475,0,0,50
164.11,0,0,0,0,100,3443,1.81618,0.00697001,1.83336,90,0,21,21,23,0,-2,0,0,1,26,4202,4434,391,175,12,619,38988,37471,109,1024,64,98,1.64298e+06,0,0,0,0,1,299,0,523,407,4238,0,0,0,0,0,0,0,0,499,-475,0,0,50
164.12,0,0,0,0,100,3446,1.81601,0.00696167,1.8333,90,0,21,21,23,0,-2,0,0,1,26,4202,4434,393,175,12,619,38988,37471,109,1024,64,98,1.65139e+06,0,0,0,0,1,697,0,88,407,4206,0,0,0,0,0,0,0,0,499,-496,0,0,50
164.13,0,0,0,0,100,3452,1.81584,0.00695332,1.83324,90,0,21,21,23,0,-2,0,0,1,26,4202,4434,393,175,12,619,38988,37471,109,1024,64,98,1.65139e+06,0,0,0,0,1,857,0,0,406,4212,0,0,0,0,0,0,0,0,499,-503,0,0,50
164.14,0,0,0,0,100,3455,1.81567,0.00694498,1.83317,90,0,21,21,23,0,-2,0,0,1,26,4187,4434,379,175,12,619,38988,37471,109,1024,64,98,1.58687e+06,0,0,0,0,1,727,35,0,410,4210,0,0,0,0,0,0,0,0,499,-503,0,0,50
164.15,0,0,0,0,100,3455,1.8155,0.00693664,1.83311,90,0,21,21,23,0,-2,0,0,1,26,4187,4434,383,175,12,619,38988,37471,109,1024,64,98,1.60362e+06,0,0,0,0,1,312,550,0,416,4214,0,0,0,0,0,0,0,0,499,-511,0,0,50
164.16,0,0,0,0,100,3455,1.81534,0.0069283,1.83305,90,0,21,21,23,0,-2,0,0,1,26,4187,4434,383,175,12,619,38988,37471,109,1024,64,98,1.60362e+06,0,0,0,0,1,312,550,0,416,4214,0,0,0,0,0,0,0,0,499,-474,0,0,50
164.17,0,0,0,0,100,3453,1.81517,0.00691995,1.83299,90,0,21,21,23,0,-2,0,0,1,26,4193,4434,384,175,12,619,38988,37471,109,1024,64,98,1.61011e+06,0,0,0,0,1,0,759,0,410,4234,0,0,0,0,0,0,0,0,499,-474,0,0,50
164.18,0,0,0,0,100,3457,1.815,0.00691161,1.83292,90,0,21,21,23,0,-2,0,0,1,26,4197,4434,393,175,12,619,38988,37471,109,1024,64,98,1.64942e+06,0,0,0,0,1,0,832,0,405,4245,0,0,0,0,0,0,0,0,499,-503,0,0,50
164.19,0,0,0,0,100,3462,1.81483,0.00690327,1.83286,90,0,21,21,23,0,-2,0,0,1,26,4197,4434,393,175,12,619,38988,37471,109,1024,64,98,1.64942e+06,0,0,0,0,1,0,630,158,404,4206,0,0,0,0,0,0,0,0,499,-470,0,0,50
164.2,0,0,0,0,100,3463,1.81466,0.00689492,1.8328,90,0,21,21,23,0,-2,0,0,1,26,4197,4434,393,175,12,619,39004,37466,109,1024,65,98,1.64942e+06,0,0,0,0,1,0,290,593,416,4197,0,0,0,0,0,0,0,0,499,-540,0,0,50
164.21,0,0,0,0,100,3460,1.81456,0.0069026,1.83281,90,0,21,21,23,0,-2,0,0,1,26,4190,4433,380,175,12,619,39004,37466,109,1024,65,98,1.5922e+06,0,0,0,0,1,0,0,722,413,4208,0,0,0,0,0,0,0,0,499,-488,0,0,50
164.22,0,0,0,0,100,3460,1.81445,0.00691028,1.83283,90,0,21,21,23,0,-2,0,0,1,26,4190,4433,381,175,12,619,39004,37466,109,1024,65,98,1.59639e+06,0,0,0,0,1,0,0,895,415,4190,0,0,0,0,0,0,0,0,499,-526,0,0,50
164.23,0,0,0,0,100,3461,1.81435,0.00691797,1.83284,90,0,21,21,23,0,-2,0,0,1,26,4190,4433,380,175,12,619,39004,37466,109,1024,65,98,1.5922e+06,0,0,0,0,1,0,0,895,415,4190,0,0,0,0,0,0,0,0,499,-526,0,0,50
164.24,0,0,0,0,100,3461,1.81424,0.00692565,1.83286,90,0,21,21,23,0,-2,0,0,1,26,4192,4433,389,175,12,619,39004,37466,109,1024,65,98,1.63069e+06,0,0,0,0,1,0,0,733,405,4229,0,0,0,0,0,0,0,0,499,-460,0,0,50
164.25,0,0,0,0,100,3465,1.81414,0.00693333,1.83287,90,0,21,21,23,0,-2,0,0,1,26,4192,4433,389,175,12,619,39004,37466,109,1024,65,98,1.63069e+06,0,0,0,0,1,429,0,394,407,4236,0,0,0,0,0,0,0,0,499,-505,0,0,50
164.26,0,0,0,0,100,3467,1.81404,0.00694101,1.83289,90,0,21,21,23,0,-2,0,0,1,26,4189,4433,388,175,12,619,39004,37466,109,1024,65,98,1.62533e+06,0,0,0,0,1,662,0,194,407,4225,0,0,0,0,0,0,0,0,499,-506,0,0,50
164.27,0,0,0,0,100,3470,1.81393,0.00694869,1.8329,90,0,21,21,23,0,-2,0,0,1,26,4189,4433,387,175,12,619,39004,37466,109,1024,65,98,1.62114e+06,0,0,0,0,1,804,0,0,410,4206,0,0,0,0,0,0,0,0,499,-494,0,0,50
164.28,0,0,0,0,100,3470,1.81383,0.00695637,1.83292,90,0,21,21,23,0,-2,0,0,1,26,4189,4433,387,175,12,619,39004,37466,109,1024,65,98,1.62114e+06,0,0,0,0,1,804,0,0,410,4206,0,0,0,0,0,0,0,0,499,-537,0,0,50
164.29,0,0,0,0,100,3469,1.81373,0.00696405,1.83293,90,0,21,21,23,0,-2,0,0,1,26,4193,4432,387,175,12,619,39004,37466,109,1024,65,98,1.62269e+06,0,0,0,0,1,916,0,0,421,4197,0,0,0,0,0,0,0,0,499,-537,0,0,50
164.3,0,0,0,0,100,3464,1.81362,0.00697173,1.83295,90,0,21,21,23,0,-2,0,0,1,26,4193,4432,383,175,12,619,39010,37499,109,1024,65,98,1.60592e+06,0,0,0,0,1,930,0,0,420,4193,0,0,0,0,0,0,0,0,499,-514,0,0,50
164.31,0,0,0,0,100,3466,1.81419,0.00698318,1.83312,90,0,21,21,23,0,-2,0,0,1,26,4193,4432,392,175,12,619,39010,37499,109,1024,65,98,1.64366e+06,0,0,0,0,1,469,361,0,408,4208,0,0,0,0,0,0,0,0,499,-487,0,0,50
164.32,0,0,0,0,100,3471,1.81475,0.00699463,1.83328,90,0,21,21,23,0,-2,0,0,1,26,4193,4432,392,175,12,619,39010,37499,109,1024,65,98,1.64366e+06,0,0,0,0,1,256,604,0,407,4216,0,0,0,0,0,0,0,0,499,-513,0,0,50
164.33,0,0,0,0,100,3475,1.81531,0.00700609,1.83345,90,0,21,21,23,0,-2,0,0,1,26,4193,4432,398,175,12,619,39010,37499,109,1024,65,98,1.66881e+06,0,0,0,0,1,51,673,0,410,4216,0,0,0,0,0,0,0,0,499,-504,0,0,50
164.34,0,0,0,0,100,3475,1.81588,0.00701754,1.83362,90,0,21,21,23,0,-2,0,0,1,26,4185,4432,388,175,12,619,39010,37499,109,1024,65,98,1.62378e+06,0,0,0,0,1,0,833,0,419,4229,0,0,0,0,0,0,0,0,499,-508,0,0,50
164.35,0,0,0,0,100,3474,1.81644,0.00702899,1.83379,90,0,21,21,23,0,-2,0,0,1,26,4185,4432,383,175,12,619,39010,37499,109,1024,65,98,1.60286e+06,0,0,0,0,1,0,833,0,419,4229,0,0,0,0,0,0,0,0,499,-508,0,0,50
164.36,0,0,0,0,100,3473,1.817,0.00704044,1.83395,90,0,21,21,23,0,-2,0,0,1,26,4185,4432,383,175,12,619,39010,37499,109,1024,65,98,1.60286e+06,0,0,0,0,1,0,890,0,420,4242,0,0,0,0,0,0,0,0,499,-473,0,0,50
164.37,0,0,0,0,100,3473,1.81757,0.00705189,1.83412,90,0,21,21,23,0,-2,0,0,1,26,4192,4432,385,175,12,619,39010,37499,109,1024,65,98,1.61392e+06,0,0,0,0,1,0,861,0,404,4240,0,0,0,0,0,0,0,0,499,-513,0,0,50
164.38,0,0,0,0,100,3476,1.81813,0.00706334,1.83429,90,0,21,21,23,0,-2,0,0,1,26,4192,4432,403,175,12,619,39010,37499,109,1024,65,98,1.68938e+06,0,0,0,0,1,0,771,0,413,4210,0,0,0,0,0,0,0,0,499,-495,0,0,50
164.39,0,0,0,0,100,3478,1.8187,0.0070748,1.83446,90,0,21,21,23,0,-2,0,0,1,26,4192,4432,403,175,12,619,39010,37499,109,1024,65,98,1.68938e+06,0,0,0,0,1,0,599,224,407,4204,0,0,0,0,0,0,0,0,499,-485,0,0,50
164.4,0,0,0,0,100,3478,1.81926,0.00708625,1.83463,90,0,21,21,23,0,-2,0,0,1,26,4192,4432,403,175,12,619,38992,37463,109,1024,64,98,1.68938e+06,0,0,0,0,1,0,599,224,407,4204,0,0,0,0,0,0,0,0,499,-507,0,0,50
164.41,0,0,0,0,100,3482,1.81879,0.00708346,1.83457,90,0,21,21,23,0,-2,0,0,1,26,4186,4432,397,175,12,619,38992,37463,109,1024,64,98,1.66184e+06,0,0,0,0,1,0,417,461,413,4197,0,0,0,0,0,0,0,0,499,-507,0,0,50
164.42,0,0,0,0,100,3482,1.81831,0.00708066,1.83452,90,0,21,21,23,0,-2,0,0,1,26,4186,4432,391,175,12,619,38992,37463,109,1024,64,98,1.63673e+06,0,0,0,0,1,0,296,592,417,4197,0,0,0,0,0,0,0,0,499,-523,0,0,50
164.43,0,0,0,0,100,3482,1.81784,0.00707787,1.83447,90,0,21,21,23,0,-2,0,0,1,26,4186,4432,387,175,12,619,38992,37463,109,1024,64,98,1.61998e+06,0,0,0,0,1,0,205,625,416,4202,0,0,0,0,0,0,0,0,499,-521,0,0,50
164.44,0,0,0,0,100,3482,1.81737,0.00707508,1.83441,90,0,21,21,23,0,-2,0,0,1,26,4186,4432,387,175,12,619,38992,37463,109,1024,64,98,1.61998e+06,0,0,0,0,1,0,0,746,408,4206,0,0,0,0,0,0,0,0,499,-471,0,0,50
164.45,0,0,0,0,100,3489,1.8169,0.00707229,1.83436,90,0,21,20,23,0,-2,0,0,1,26,4188,4432,389,175,12,619,38992,37463,109,1024,64,98,1.62913e+06,0,0,0,0,1,0,0,734,405,4202,0,0,0,0,0,0,0,0,499,-487,0,0,50
164.46,0,0,0,0,100,3489,1.81642,0.00706949,1.83431,90,0,21,20,23,0,-2,0,0,1,26,4188,4432,404,175,12,619,38992,37463,109,1024,64,98,1.69195e+06,0,0,0,0,1,0,0,775,410,4190,0,0,0,0,0,0,0,0,499,-453,0,0,50
164.47,0,0,0,0,100,3494,1.81595,0.0070667,1.83425,90,0,21,21,23,0,-2,0,0,1,26,4187,4432,409,175,12,619,38992,37463,109,1024,64,98,1.71248e+06,0,0,0,0,1,0,0,775,410,4190,0,0,0,0,0,0,0,0,499,-453,0,0,50
164.48,0,0,0,0,100,3494,1.81548,0.00706391,1.8342,90,0,21,21,23,0,-2,0,0,1,26,4187,4432,396,175,12,619,38992,37463,109,1024,64,98,1.65805e+06,0,0,0,0,1,0,0,867,427,4182,0,0,0,0,0,0,0,0,499,-535,0,0,50
164.49,0,0,0,0,100,3492,1.81501,0.00706112,1.83415,90,0,21,21,23,0,-2,0,0,1,26,4187,4432,396,175,12,619,38992,37463,109,1024,64,98,1.65805e+06,0,0,0,0,1,0,870,0,417,4236,0,0,0,0,0,0,0,0,499,-514,0,0,50
164.5,0,0,0,0,100,3494,1.81453,0.00705833,1.83409,90,0,21,21,23,0,-2,0,0,1,26,4184,4432,393,175,12,619,38966,37413,109,1024,87,98,1.64431e+06,0,0,0,0,1,0,544,246,414,4195,0,0,0,0,0,0,0,0,499,-487,0,0,50
164.51,0,0,0,0,100,3497,1.81435,0.00704247,1.83354,90,0,21,21,23,0,-2,0,0,1,26,4184,4432,402,175,12,619,38966,37413,109,1024,87,98,1.68197e+06,0,0,0,0,1,0,480,324,407,4204,0,0,0,0,0,0,0,0,499,-467,0,0,50
164.52,0,0,0,0,100,3504,1.81416,0.00702661,1.83298,90,0,21,21,23,0,-2,0,0,1,26,4184,4432,402,175,12,619,38966,37413,109,1024,87,98,1.68197e+06,0,0,0,0,1,0,519,289,407,4199,0,0,0,0,0,0,0,0,499,-479,0,0,50
164.53,0,0,0,0,100,3507,1.81398,0.00701076,1.83243,90,0,21,21,23,0,-2,0,0,1,26,4189,4432,394,175,12,619,38966,37413,109,1024,87,98,1.65047e+06,0,0,0,0,1,0,624,180,410,4193,0,0,0,0,0,0,0,0,499,-497,0,0,50
164.54,0,0,0,0,100,3507,1.8138,0.0069949,1.83187,90,0,21,21,23,0,-2,0,0,1,26,4184,4432,393,175,12,619,38966,37413,109,1024,87,98,1.64431e+06,0,0,0,0,1,0,624,180,410,4193,0,0,0,0,0,0,0,0,499,-497,0,0,50
164.55,0,0,0,0,100,3510,1.81361,0.00697904,1.83131,90,0,21,21,23,0,-2,0,0,1,26,4184,4432,395,175,12,619,38966,37413,109,1024,87,98,1.65268e+06,0,0,0,0,1,0,695,18,424,4204,0,0,0,0,0,0,0,0,499,-484,0,0,50
164.56,0,0,0,0,100,3510,1.81343,0.00696319,1.83076,90,0,21,21,23,0,-2,0,0,1,26,4184,4432,395,175,12,619,38966,37413,109,1024,87,98,1.65268e+06,0,0,0,0,1,0,786,0,418,4212,0,0,0,0,0,0,0,0,499,-527,0,0,50
164.57,0,0,0,0,100,3508,1.81324,0.00694733,1.8302,90,0,21,21,23,0,-2,0,0,1,26,4184,4432,396,175,12,619,38966,37413,109,1024,87,98,1.65686e+06,0,0,0,0,1,0,810,0,427,4223,0,0,0,0,0,0,0,0,499,-511,0,0,50
164.58,0,0,0,0,100,3514,1.81306,0.00693147,1.82965,90,0,21,21,23,0,-2,0,0,1,26,4184,4432,396,175,12,619,38966,37413,109,1024,87,98,1.65686e+06,0,0,0,0,1,0,796,0,402,4249,0,0,0,0,0,0,0,0,499,-453,0,0,50
164.59,0,0,0,0,100,3521,1.81288,0.00691562,1.82909,90,0,21,21,23,0,-2,0,0,1,26,4184,4432,400,175,12,619,38966,37413,109,1024,87,98,1.6736e+06,0,0,0,0,1,0,833,0,410,4242,0,0,0,0,0,0,0,0,499,-482,0,0,50
164.6,0,0,0,0,100,3521,1.81269,0.00689976,1.82854,90,0,21,21,23,0,-2,0,0,1,27,4184,4432,400,175,12,619,38968,37396,110,1024,65,98,1.6736e+06,0,0,0,0,1,0,833,0,410,4242,0,0,0,0,0,0,0,0,499,-482,0,0,50
164.61,0,0,0,0,100,3526,1.81307,0.0069075,1.82941,90,0,21,21,23,0,-2,0,0,1,27,4182,4432,394,175,12,619,38968,37396,110,1024,65,98,1.64771e+06,0,0,0,0,1,0,736,0,413,4231,0,0,0,0,0,0,0,0,499,-497,0,0,50
164.62,0,0,0,0,100,3525,1.81344,0.00691525,1.83029,90,0,21,21,23,0,-2,0,0,1,27,4182,4432,393,175,12,619,38968,37396,110,1024,65,98,1.64353e+06,0,0,0,0,1,209,644,0,429,4208,0,0,0,0,0,0,0,0,499,-519,0,0,50
164.63,0,0,0,0,100,3526,1.81381,0.00692299,1.83117,90,0,21,21,23,0,-2,0,0,1,27,4182,4432,386,175,12,619,38968,37396,110,1024,65,98,1.61425e+06,0,0,0,0,1,418,481,0,420,4199,0,0,0,0,0,0,0,0,499,-492,0,0,50
164.64,0,0,0,0,100,3529,1.81418,0.00693073,1.83205,90,0,21,21,23,0,-2,0,0,1,27,4182,4432,386,175,12,619,38968,37396,110,1024,65,98,1.61425e+06,0,0,0,0,1,637,97,0,414,4206,0,0,0,0,0,0,0,0,499,-466,0,0,50
164.65,0,0,0,0,100,3534,1.81456,0.00693847,1.83293,90,0,21,21,23,0,-2,0,0,1,27,4184,4431,403,175,12,619,38968,37396,110,1024,65,98,1.68615e+06,0,0,0,0,1,854,0,0,416,4208,0,0,0,0,0,0,0,0,499,-522,0,0,50
164.66,0,0,0,0,100,3534,1.81493,0.00694621,1.83381,90,0,21,21,23,0,-2,0,0,1,27,4184,4431,393,175,12,619,38968,37396,110,1024,65,98,1.64431e+06,0,0,0,0,1,854,0,0,416,4208,0,0,0,0,0,0,0,0,499,-522,0,0,50
164.67,0,0,0,0,100,3537,1.8153,0.00695396,1.83469,90,0,21,21,23,0,-2,0,0,1,27,4187,4431,409,175,12,619,38968,37396,110,1024,65,98,1.71248e+06,0,0,0,0,1,844,0,0,421,4197,0,0,0,0,0,0,0,0,499,-497,0,0,50
164.68,0,0,0,0,100,3542,1.81568,0.0069617,1.83557,90,0,21,21,23,0,-2,0,0,1,27,4187,4431,409,175,12,619,38968,37396,110,1024,65,98,1.71248e+06,0,0,0,0,1,0,175,627,419,4195,0,0,0,0,0,0,0,0,499,-531,0,0,50
164.69,0,0,0,0,100,3542,1.81605,0.00696944,1.83645,90,0,21,21,23,0,-2,0,0,1,27,4179,4431,396,175,12,619,38968,37396,110,1024,65,98,1.65488e+06,0,0,0,0,1,0,304,541,422,4190,0,0,0,0,0,0,0,0,499,-512,0,0,50
164.7,0,0,0,0,100,3544,1.81642,0.00697718,1.83733,90,0,21,21,23,0,-2,0,0,1,26,4179,4431,401,175,12,619,38880,37252,110,1024,65,98,1.67578e+06,0,0,0,0,1,0,636,78,427,4202,0,0,0,0,0,0,0,0,499,-472,0,0,50
164.71,0,0,0,0,100,3545,1.81641,0.0069933,1.83667,90,0,21,21,23,0,-2,0,0,1,26,4183,4431,388,175,12,619,38880,37252,110,1024,65,98,1.623e+06,0,0,0,0,1,0,886,0,416,4240,0,0,0,0,0,0,0,0,499,-521,0,0,50
164.72,0,0,0,0,100,3554,1.81639,0.00700943,1.83601,90,0,21,21,23,0,-2,0,0,1,26,4183,4431,388,175,12,619,38880,37252,110,1024,65,98,1.623e+06,0,0,0,0,1,121,642,0,412,4210,0,0,0,0,0,0,0,0,499,-479,0,0,50
164.73,0,0,0,0,100,3559,1.81638,0.00702555,1.83535,90,0,21,21,23,0,-2,0,0,1,26,4183,4431,403,175,12,619,38880,37252,110,1024,65,98,1.68575e+06,0,0,0,0,1,629,138,0,413,4195,0,0,0,0,0,0,0,0,499,-478,0,0,50
164.74,0,0,0,0,100,3559,1.81637,0.00704167,1.83469,90,0,21,21,23,0,-2,0,0,1,26,4184,4431,398,175,12,619,38880,37252,110,1024,65,98,1.66523e+06,0,0,0,0,1,629,138,0,413,4195,0,0,0,0,0,0,0,0,499,-478,0,0,50
164.75,0,0,0,0,100,3557,1.81635,0.00705779,1.83403,90,0,21,21,23,0,-2,0,0,1,26,4184,4431,404,175,12,619,38880,37252,110,1024,65,98,1.69034e+06,0,0,0,0,1,873,0,0,435,4193,0,0,0,0,0,0,0,0,499,-511,0,0,50
164.76,0,0,0,0,100,3557,1.81634,0.00707392,1.83337,90,0,21,21,23,0,-2,0,0,1,26,4184,4431,404,175,12,619,38880,37252,110,1024,65,98,1.69034e+06,0,0,0,0,1,633,0,189,424,4206,0,0,0,0,0,0,0,0,499,-510,0,0,50
164.77,0,0,0,0,100,3558,1.81633,0.00709004,1.83271,90,0,21,21,23,0,-2,0,0,1,26,4179,4431,399,175,12,619,38880,37252,110,1024,65,98,1.66742e+06,0,0,0,0,1,98,0,637,424,4229,0,0,0,0,0,0,0,0,499,-479,0,0,50
164.78,0,0,0,0,100,3566,1.81631,0.00710616,1.83205,90,0,21,21,23,0,-2,0,0,1,26,4190,4431,407,175,12,619,38880,37252,110,1024,65,98,1.70533e+06,0,0,0,0,1,0,0,838,416,4180,0,0,0,0,0,0,0,0,499,-506,0,0,50
164.79,0,0,0,0,100,3570,1.8163,0.00712228,1.83139,90,0,21,21,23,0,-2,0,0,1,26,4190,4431,409,175,12,619,38880,37252,110,1024,65,98,1.71371e+06,0,0,0,0,1,0,417,469,418,4182,0,0,0,0,0,0,0,0,499,-514,0,0,50
164.8,0,0,0,0,100,3570,1.81629,0.0071384,1.83073,90,0,21,21,23,0,-2,0,0,1,26,4190,4431,409,175,12,619,38894,37218,109,1024,87,98,1.71371e+06,0,0,0,0,1,0,417,469,418,4182,0,0,0,0,0,0,0,0,499,-514,0,0,50
164.81,0,0,0,0,100,3574,1.81638,0.00712797,1.83062,90,0,21,21,23,0,-2,0,0,1,26,4190,4431,396,175,12,619,38894,37218,109,1024,87,98,1.65924e+06,0,0,0,0,1,0,902,0,425,4229,0,0,0,0,0,0,0,0,499,-530,0,0,50
164.82,0,0,0,0,100,3575,1.81647,0.00711754,1.83052,90,0,21,21,23,0,-2,0,0,1,26,4181,4431,397,175,12,619,38894,37218,109,1024,87,98,1.65986e+06,0,0,0,0,1,277,597,0,429,4199,0,0,0,0,0,0,0,0,499,-505,0,0,50
164.83,0,0,0,0,100,3573,1.81656,0.0071071,1.83041,90,0,21,21,23,0,-2,0,0,1,26,4181,4431,393,175,12,619,38894,37218,109,1024,87,98,1.64313e+06,0,0,0,0,1,867,0,0,434,4190,0,0,0,0,0,0,0,0,499,-511,0,0,50
164.84,0,0,0,0,100,3574,1.81666,0.00709667,1.8303,90,0,21,21,23,0,-2,0,0,1,26,4181,4431,393,175,12,619,38894,37218,109,1024,87,98,1.64313e+06,0,0,0,0,1,645,0,104,421,4206,0,0,0,0,0,0,0,0,499,-505,0,0,50
164.85,0,0,0,0,100,3574,1.81675,0.00708623,1.8302,90,0,21,21,23,0,-2,0,0,1,26,4186,4431,399,175,12,619,38894,37218,109,1024,87,98,1.67021e+06,0,0,0,0,1,0,0,740,415,4204,0,0,0,0,0,0,0,0,499,-489,0,0,50
164.86,0,0,0,0,100,3581,1.81684,0.0070758,1.83009,90,0,21,21,23,0,-2,0,0,1,26,4186,4431,408,175,12,619,38894,37218,109,1024,87,98,1.70789e+06,0,0,0,0,1,0,0,740,415,4204,0,0,0,0,0,0,0,0,499,-489,0,0,50
164.87,0,0,0,0,100,3587,1.81693,0.00706537,1.82998,90,0,21,21,23,0,-2,0,0,1,26,4186,4431,405,175,12,619,38894,37218,109,1024,87,98,1.69533e+06,0,0,0,0,1,0,123,676,425,4182,0,0,0,0,0,0,0,0,499,-523,0,0,50
164.88,0,0,0,0,100,3587,1.81703,0.00705493,1.82987,90,0,21,21,23,0,-2,0,0,1,26,4186,4431,405,175,12,619,38894,37218,109,1024,87,98,1.69533e+06,0,0,0,0,1,0,896,0,430,4229,0,0,0,0,0,0,0,0,499,-528,0,0,50
164.89,0,0,0,0,100,3586,1.81712,0.0070445,1.82977,90,0,21,21,23,0,-2,0,0,1,26,4182,4429,398,175,12,619,38894,37218,109,1024,87,98,1.66444e+06,0,0,0,0,1,373,525,0,431,4193,0,0,0,0,0,0,0,0,499,-527,0,0,50
164.9,0,0,0,0,100,3589,1.81721,0.00703406,1.82966,90,0,21,21,23,0,-2,0,0,1,26,4182,4429,388,175,12,619,38915,37399,109,1024,68,98,1.62262e+06,0,0,0,0,1,879,0,0,426,4190,0,0,0,0,0,0,0,0,499,-514,0,0,50
164.91,0,0,0,0,100,3589,1.81621,0.00703242,1.82978,90,0,21,21,23,0,-2,0,0,1,26,4189,4429,397,175,12,619,38915,37399,109,1024,68,98,1.66303e+06,0,0,0,0,1,373,0,446,427,4229,0,0,0,0,0,0,0,0,499,-507,0,0,50
164.92,0,0,0,0,100,3593,1.81521,0.00703077,1.82991,90,0,21,21,23,0,-2,0,0,1,26,4189,4429,397,175,12,619,38915,37399,109,1024,68,98,1.66303e+06,0,0,0,0,1,373,0,446,427,4229,0,0,0,0,0,0,0,0,499,-507,0,0,50
164.93,0,0,0,0,100,3595,1.8142,0.00702912,1.83003,90,0,21,21,23,0,-2,0,0,1,26,4182,4429,405,175,12,619,38915,37399,109,1024,68,98,1.69371e+06,0,0,0,0,1,0,117,672,429,4197,0,0,0,0,0,0,0,0,499,-513,0,0,50
164.94,0,0,0,0,100,3597,1.8132,0.00702747,1.83015,90,0,21,21,23,0,-2,0,0,1,26,4182,4429,409,175,12,619,38915,37399,109,1024,68,98,1.71044e+06,0,0,0,0,1,0,722,33,427,4195,0,0,0,0,0,0,0,0,499,-483,0,0,50
164.95,0,0,0,0,100,3598,1.8122,0.00702583,1.83028,90,0,21,21,23,0,-2,0,0,1,26,4182,4430,401,175,12,619,38915,37399,109,1024,68,98,1.67698e+06,0,0,0,0,1,177,638,0,430,4202,0,0,0,0,0,0,0,0,499,-500,0,0,50
164.96,0,0,0,0,100,3598,1.81119,0.00702418,1.8304,90,0,21,21,23,0,-2,0,0,1,26,4182,4430,401,175,12,619,38915,37399,109,1024,68,98,1.67698e+06,0,0,0,0,1,881,0,0,428,4193,0,0,0,0,0,0,0,0,499,-526,0,0,50
164.97,0,0,0,0,100,3598,1.81019,0.00702253,1.83052,90,0,21,21,23,0,-2,0,0,1,26,4182,4430,401,175,12,619,38915,37399,109,1024,68,98,1.67698e+06,0,0,0,0,1,459,0,387,420,4234,0,0,0,0,0,0,0,0,499,-491,0,0,50
164.98,0,0,0,0,100,3600,1.80919,0.00702088,1.83065,90,0,21,21,23,0,-2,0,0,1,26,4182,4430,405,175,12,619,38915,37399,109,1024,68,98,1.69371e+06,0,0,0,0,1,459,0,387,420,4234,0,0,0,0,0,0,0,0,499,-491,0,0,50
164.99,0,0,0,0,100,3607,1.80818,0.00701923,1.83077,90,0,21,20,23,0,-2,0,0,1,26,4184,4430,404,175,12,619,38915,37399,109,1024,68,98,1.69034e+06,0,0,0,0,1,0,0,771,423,4197,0,0,0,0,0,0,0,0,499,-482,0,0,50
165,0,0,0,0,100,3611,1.80718,0.00701759,1.83089,89,0,21,21,23,0,-2,0,0,1,27,4184,4430,404,175,12,619,38920,37352,110,1024,87,98,1.69034e+06,0,0,0,0,1,0,832,0,424,4216,0,0,0,0,0,0,0,0,499,-507,0,0,50
165.01,0,0,0,0,100,3608,1.80812,0.0070281,1.83129,89,0,21,21,23,0,-2,0,0,1,27,4180,4430,407,175,12,619,38920,37352,110,1024,87,98,1.70126e+06,0,0,0,0,1,387,501,0,439,4199,0,0,0,0,0,0,0,0,499,-521,0,0,50
165.02,0,0,0,0,100,3607,1.80907,0.00703861,1.83169,89,0,21,21,23,0,-2,0,0,1,27,4180,4430,406,175,12,619,38920,37352,110,1024,87,98,1.69708e+06,0,0,0,0,1,842,0,0,432,4197,0,0,0,0,0,0,0,0,499,-504,0,0,50
165.03,0,0,0,0,100,3607,1.81001,0.00704912,1.83209,89,0,21,21,23,0,-2,0,0,1,27,4180,4430,399,175,12,619,38920,37352,110,1024,87,98,1.66782e+06,0,0,0,0,1,0,0,746,427,4197,0,0,0,0,0,0,0,0,499,-457,0,0,50
165.04,0,0,0,0,100,3609,1.81096,0.00705963,1.83249,89,0,21,21,23,0,-2,0,0,1,27,4180,4430,399,175,12,619,38920,37352,110,1024,87,98,1.66782e+06,0,0,0,0,1,0,0,746,427,4197,0,0,0,0,0,0,0,0,499,-457,0,0,50
165.05,0,0,0,0,100,3615,1.8119,0.00707014,1.83289,89,0,21,20,23,0,-2,0,0,1,27,4180,4430,412,175,12,619,38920,37352,110,1024,87,98,1.72216e+06,0,0,0,0,1,0,298,535,422,4184,0,0,0,0,0,0,0,0,499,-518,0,0,50
165.06,0,0,0,0,100,3620,1.81285,0.00708065,1.83329,89,0,21,20,23,0,-2,0,0,1,27,4182,4430,416,175,12,619,38920,37352,110,1024,87,98,1.73971e+06,0,0,0,0,1,0,738,0,424,4223,0,0,0,0,0,0,0,0,499,-476,0,0,50
165.07,0,0,0,0,100,3620,1.81379,0.00709116,1.83369,89,0,21,20,23,0,-2,0,0,1,27,4182,4430,409,175,12,619,38920,37352,110,1024,87,98,1.71044e+06,0,0,0,0,1,906,0,0,437,4199,0,0,0,0,0,0,0,0,499,-543,0,0,50
165.08,0,0,0,0,100,3621,1.81474,0.00710167,1.83409,89,0,21,21,23,0,-2,0,0,1,27,4182,4430,409,175,12,619,38920,37352,110,1024,87,98,1.71044e+06,0,0,0,0,1,172,0,590,429,4228,0,0,0,0,0,0,0,0,499,-474,0,0,50
165.09,0,0,0,0,100,3621,1.81568,0.00711218,1.83449,89,0,21,21,23,0,-2,0,1,1,27,4173,4430,402,175,12,619,38920,37352,110,1024,87,98,1.67755e+06,0,0,0,0,1,0,228,633,435,4187,0,0,0,0,0,0,0,0,499,-519,0,0,50
165.1,0,0,0,0,100,3618,1.81663,0.00712269,1.83489,89,0,21,21,23,0,-2,0,1,1,26,4173,4430,395,175,12,619,38906,37367,109,1024,87,98,1.64834e+06,0,0,0,0,1,0,228,633,435,4187,0,0,0,0,0,0,0,0,499,-519,0,0,50
165.11,0,0,0,0,100,3620,1.81638,0.00713464,1.83472,89,0,21,21,23,0,-2,0,1,1.1,26,4173,4430,405,175,12,619,38906,37367,109,1024,87,98,1.69006e+06,0,0,0,0,1,0,796,0,422,4231,0,0,0,0,0,0,0,0,499,-469,0,0,50
165.12,0,0,0,0,100,3627,1.81613,0.00714658,1.83454,89,0,21,21,23,0,-2,0,1,1.2,26,4173,4430,405,175,12,619,38906,37367,109,1024,87,98,1.69006e+06,0,0,0,0,1,834,0,0,423,4193,0,0,0,0,0,0,0,0,499,-513,0,0,50
165.13,0,0,0,0,100,3631,1.81588,0.00715853,1.83437,89,0,21,21,23,0,-2,0,1,1.3,26,4179,4430,414,175,12,619,38906,37367,109,1024,87,98,1.73011e+06,0,0,0,0,1,281,0,522,429,4234,0,0,0,0,0,0,0,0,499,-472,0,0,50
165.14,0,0,0,0,100,3631,1.81563,0.00717048,1.8342,89,0,21,21,23,0,-2,0,1,1.4,26,4179,4430,414,175,12,619,38906,37367,109,1024,87,98,1.73011e+06,0,0,0,0,1,0,275,602,442,4171,0,0,0,0,0,0,0,0,499,-560,0,0,50
165.15,0,0,0,0,100,3631,1.81538,0.00718243,1.83402,89,0,21,21,23,0,-2,0,0,1.5,26,4176,4430,418,175,12,619,38906,37367,109,1024,87,98,1.74557e+06,0,0,0,0,1,0,714,0,430,4219,0,0,0,0,0,0,0,0,499,-461,0,0,50
165.16,0,0,0,0,100,3631,1.81513,0.00719437,1.83385,89,0,21,21,23,0,-2,0,0,1.6,26,4176,4430,418,175,12,619,38906,37367,109,1024,87,98,1.74557e+06,0,0,0,0,1,0,714,0,430,4219,0,0,0,0,0,0,0,0,499,-461,0,0,50
165.17,0,0,0,0,100,3635,1.81488,0.00720632,1.83367,89,0,21,21,23,0,-2,0,0,1.7,26,4176,4430,401,175,12,619,38906,37367,109,1024,87,98,1.67458e+06,0,0,0,0,1,918,0,0,429,4184,0,0,0,0,0,0,0,0,499,-538,0,0,50
165.18,0,0,0,0,100,3640,1.81463,0.00721827,1.8335,89,0,21,21,23,0,-2,0,0,1.8,26,4176,4430,410,175,12,619,38906,37367,109,1024,87,98,1.71216e+06,0,0,0,0,1,0,0,891,431,4169,0,0,0,0,0,0,0,0,499,-518,0,0,50
165.19,0,0,0,0,100,3640,1.81438,0.00723022,1.83333,89,0,21,21,23,0,-2,0,0,1.9,26,4176,4430,411,175,12,619,38906,37367,109,1024,87,98,1.71634e+06,0,0,0,0,1,0,628,131,431,4190,0,0,0,0,0,0,0,0,499,-474,0,0,50
165.2,0,0,0,0,100,3643,1.81414,0.00724216,1.83315,89,0,21,21,23,0,-2,0,0,2,26,4176,4430,411,175,12,619,38848,37257,109,1024,68,98,1.71634e+06,0,0,0,0,1,443,423,0,435,4190,0,0,0,0,0,0,0,0,499,-506,0,0,50
165.21,0,0,0,0,100,3643,1.81468,0.00723433,1.83314,89,0,21,21,23,0,-2,0,0,2,26,4176,4430,414,175,12,619,38848,37257,109,1024,68,98,1.72886e+06,0,0,0,0,1,578,0,246,430,4208,0,0,0,0,0,0,0,0,499,-519,0,0,50
165.22,0,0,0,0,100,3643,1.81523,0.00722651,1.83312,89,0,21,21,23,0,-2,0,0,2,26,4176,4430,404,175,12,619,38848,37257,109,1024,68,98,1.6871e+06,0,0,0,0,1,578,0,246,430,4208,0,0,0,0,0,0,0,0,499,-519,0,0,50
165.23,0,0,0,0,100,3645,1.81578,0.00721868,1.83311,89,0,21,21,23,0,-2,0,0,2,26,4176,4430,412,175,12,619,38848,37257,109,1024,68,98,1.72051e+06,0,0,0,0,1,0,120,681,429,4195,0,0,0,0,0,0,0,0,499,-490,0,0,50
165.24,0,0,0,0,100,3651,1.81632,0.00721085,1.83309,89,0,21,21,23,0,-2,0,0,2,26,4176,4430,412,175,12,619,38848,37257,109,1024,68,98,1.72051e+06,0,0,0,0,1,0,732,0,425,4221,0,0,0,0,0,0,0,0,499,-458,0,0,50
165.25,0,0,0,0,100,3657,1.81687,0.00720302,1.83308,89,0,21,21,23,0,-2,0,0,2,26,4178,4430,413,175,12,619,38848,37257,109,1024,68,98,1.72551e+06,0,0,0,0,1,797,0,0,429,4199,0,0,0,0,0,0,0,0,499,-484,0,0,50
165.26,0,0,0,0,100,3659,1.81742,0.00719519,1.83306,89,0,21,21,23,0,-2,0,0,2,26,4178,4430,416,175,12,619,38848,37257,109,1024,68,98,1.73805e+06,0,0,0,0,1,0,0,859,438,4173,0,0,0,0,0,0,0,0,499,-487,0,0,50
165.27,0,0,0,0,100,3659,1.81797,0.00718736,1.83305,89,0,21,21,23,0,-2,0,0,2,26,4178,4430,412,175,12,619,38848,37257,109,1024,68,98,1.72134e+06,0,0,0,0,1,0,892,0,447,4223,0,0,0,0,0,0,0,0,499,-522,0,0,50
165.28,0,0,0,0,100,3655,1.81851,0.00717953,1.83303,89,0,21,20,23,0,-2,0,0,2,26,4178,4430,412,175,12,619,38848,37257,109,1024,68,98,1.72134e+06,0,0,0,0,1,0,892,0,447,4223,0,0,0,0,0,0,0,0,499,-522,0,0,50
165.29,0,0,0,0,100,3657,1.81906,0.0071717,1.83302,89,0,21,21,23,0,-2,0,0,2,26,4175,4431,406,175,12,619,38848,37257,109,1024,68,98,1.69505e+06,0,0,0,0,1,879,0,0,433,4190,0,0,0,0,0,0,0,0,499,-520,0,0,50
165.3,0,0,0,0,100,3660,1.81961,0.00716387,1.833,89,0,21,21,23,0,-2,0,0,2,26,4175,4431,406,175,12,619,38851,37262,109,1024,64,98,1.69505e+06,0,0,0,0,1,0,0,834,424,4171,0,0,0,0,0,0,0,0,499,-497,0,0,50
165.31,0,0,0,0,100,3668,1.81925,0.00713688,1.83344,89,0,21,21,23,0,-2,0,0,1.9,26,4176,4431,406,175,12,619,38851,37262,109,1024,64,98,1.69546e+06,0,0,0,0,1,0,853,0,429,4223,0,0,0,0,0,0,0,0,499,-512,0,0,50
165.32,0,0,0,0,100,3670,1.8189,0.00710989,1.83388,89,0,21,21,23,0,-2,0,0,1.8,26,4176,4431,406,175,12,619,38851,37262,109,1024,64,98,1.69546e+06,0,0,0,0,1,892,0,0,437,4180,0,0,0,0,0,0,0,0,499,-530,0,0,50
165.33,0,0,0,0,100,3670,1.81854,0.00708289,1.83432,89,0,21,21,23,0,-2,0,0,1.7,26,4173,4431,416,175,12,619,38851,37262,109,1024,64,98,1.73597e+06,0,0,0,0,1,0,0,903,441,4161,0,0,0,0,0,0,0,0,499,-477,0,0,50
165.34,0,0,0,0,100,3672,1.81819,0.0070559,1.83476,89,0,21,21,23,0,-2,0,0,1.6,26,4173,4431,407,175,12,619,38851,37262,109,1024,64,98,1.69841e+06,0,0,0,0,1,0,0,903,441,4161,0,0,0,0,0,0,0,0,499,-477,0,0,50
165.35,0,0,0,0,100,3673,1.81784,0.0070289,1.8352,89,0,21,21,23,0,-2,0,0,1.5,26,4173,4430,403,175,12,619,38851,37262,109,1024,64,98,1.68172e+06,0,0,0,0,1,0,845,0,440,4225,0,0,0,0,0,0,0,0,499,-472,0,0,50
165.36,0,0,0,0,100,3672,1.81748,0.00700191,1.83564,89,0,21,21,23,0,-2,0,0,1.4,26,4173,4430,403,175,12,619,38851,37262,109,1024,64,98,1.68172e+06,0,0,0,0,1,834,0,0,437,4182,0,0,0,0,0,0,0,0,499,-484,0,0,50
165.37,0,0,0,0,100,3677,1.81713,0.00697491,1.83608,89,0,21,20,23,0,-2,0,0,1.3,26,4175,4430,411,175,12,619,38851,37262,109,1024,64,98,1.71592e+06,0,0,0,0,1,0,0,774,425,4178,0,0,0,0,0,0,0,0,499,-482,0,0,50
165.38,0,0,0,0,100,3682,1.81677,0.00694792,1.83652,89,0,21,21,23,0,-2,0,0,1.2,26,4175,4430,416,175,12,619,38851,37262,109,1024,64,98,1.7368e+06,0,0,0,0,1,0,733,0,435,4195,0,0,0,0,0,0,0,0,499,-501,0,0,50
165.39,0,0,0,0,100,3682,1.81642,0.00692092,1.83695,89,0,21,21,23,0,-2,0,0,1.1,26,4178,4430,419,175,13,619,38851,37262,109,1024,64,98,1.75058e+06,0,0,0,0,1,547,0,332,440,4208,0,0,0,0,0,0,0,0,499,-525,0,0,50
165.4,0,0,0,0,100,3685,1.81606,0.00689393,1.83739,89,0,21,21,23,0,-2,0,0,1,26,4178,4430,419,175,13,619,38849,37262,109,1024,68,98,1.75058e+06,0,0,0,0,1,547,0,332,440,4208,0,0,0,0,0,0,0,0,499,-525,0,0,50
165.41,0,0,0,0,100,3683,1.81622,0.0069095,1.83666,89,0,21,21,23,0,-2,0,0,1,26,4170,4430,416,175,13,619,38849,37262,109,1024,68,98,1.73472e+06,0,0,0,0,1,0,517,393,440,4165,0,0,0,0,0,0,0,0,499,-507,0,0,50
165.42,0,0,0,0,100,3686,1.81638,0.00692508,1.83593,89,0,21,21,23,0,-2,0,0,1,26,4170,4430,398,175,13,619,38849,37262,109,1024,68,98,1.65966e+06,0,0,0,0,1,693,64,0,437,4187,0,0,0,0,0,0,0,0,499,-491,0,0,50
165.43,0,0,0,0,100,3692,1.81654,0.00694065,1.8352,89,0,21,21,23,0,-2,0,0,1,26,4170,4430,411,175,13,619,38849,37262,109,1024,68,98,1.71387e+06,0,0,0,0,1,0,0,867,431,4167,0,0,0,0,0,0,0,0,499,-504,0,0,50
165.44,0,0,0,0,100,3694,1.8167,0.00695623,1.83447,89,0,21,21,23,0,-2,0,0,1,26,4170,4430,411,175,13,619,38849,37262,109,1024,68,98,1.71387e+06,0,0,0,0,1,0,890,0,437,4216,0,0,0,0,0,0,0,0,499,-521,0,0,50
165.45,0,0,0,0,100,3694,1.81686,0.0069718,1.83374,89,0,21,21,23,0,-2,0,0,1,26,4176,4430,426,175,13,619,38849,37262,109,1024,68,98,1.77898e+06,0,0,0,0,1,769,0,0,436,4182,0,0,0,0,0,0,0,0,499,-474,0,0,50
165.46,0,0,0,0,100,3694,1.81702,0.00698738,1.83301,89,0,21,21,23,0,-2,0,0,1,26,4175,4430,416,175,13,619,38849,37262,109,1024,68,98,1.7368e+06,0,0,0,0,1,769,0,0,436,4182,0,0,0,0,0,0,0,0,499,-474,0,0,50
165.47,0,0,0,0,100,3696,1.81718,0.00700295,1.83228,89,0,21,21,23,0,-2,0,0,1,26,4175,4430,419,175,13,619,38849,37262,109,1024,68,98,1.74932e+06,0,0,0,0,1,0,181,607,446,4173,0,0,0,0,0,0,0,0,499,-525,0,0,50
165.48,0,0,0,0,100,3698,1.81734,0.00701853,1.83155,89,0,21,21,23,0,-2,0,0,1,26,4175,4430,419,175,13,619,38849,37262,109,1024,68,98,1.74932e+06,0,0,0,0,1,470,402,0,435,4190,0,0,0,0,0,0,0,0,499,-511,0,0,50
165.49,0,0,0,0,100,3699,1.8175,0.0070341,1.83082,89,0,21,21,23,0,-2,0,0,1,26,4169,4430,421,175,13,619,38849,37262,109,1024,68,98,1.75515e+06,0,0,0,0,1,16,0,709,436,4199,0,0,0,0,0,0,0,0,499,-471,0,0,50
165.5,0,0,0,0,100,3705,1.81766,0.00704967,1.83009,89,0,21,21,23,0,-2,0,0,1,26,4169,4430,419,175,13,619,38813,37072,108,1024,65,98,1.74681e+06,0,0,0,0,1,0,843,0,437,4221,0,0,0,0,0,0,0,0,499,-497,0,0,50
165.51,0,0,0,0,100,3705,1.81695,0.00704829,1.83015,89,0,21,21,23,0,-2,0,0,1,26,4169,4430,413,175,13,619,38813,37072,108,1024,65,98,1.7218e+06,0,0,0,0,1,692,0,0,435,4184,0,0,0,0,0,0,0,0,499,-468,0,0,50
165.52,0,0,0,0,100,3710,1.81624,0.00704691,1.83022,89,0,21,21,23,0,-2,0,0,1,26,4169,4430,413,175,13,619,38813,37072,108,1024,65,98,1.7218e+06,0,0,0,0,1,692,0,0,435,4184,0,0,0,0,0,0,0,0,499,-468,0,0,50
165.53,0,0,0,0,100,3708,1.81553,0.00704553,1.83028,89,0,21,20,23,0,-2,0,0,1,26,4169,4430,418,175,13,619,38813,37072,108,1024,65,98,1.74264e+06,0,0,0,0,1,0,361,572,450,4167,0,0,0,0,0,0,0,0,499,-529,0,0,50
165.54,0,0,0,0,100,3707,1.81482,0.00704414,1.83034,89,0,21,20,23,0,-2,0,0,1,26,4169,4430,414,175,13,619,38813,37072,108,1024,65,98,1.72597e+06,0,0,0,0,1,719,32,0,445,4176,0,0,0,0,0,0,0,0,499,-497,0,0,50
165.55,0,0,0,0,100,3711,1.81411,0.00704276,1.83041,89,0,21,20,23,0,-2,0,0,1,26,4170,4430,408,175,13,619,38813,37072,108,1024,65,98,1.70136e+06,0,0,0,0,1,0,0,879,440,4158,0,0,0,0,0,0,0,0,499,-512,0,0,50
165.56,0,0,0,0,100,3716,1.8134,0.00704138,1.83047,89,0,21,20,23,0,-2,0,0,1,26,4170,4430,408,175,13,619,38813,37072,108,1024,65,98,1.70136e+06,0,0,0,0,1,136,662,0,435,4197,0,0,0,0,0,0,0,0,499,-497,0,0,50
165.57,0,0,0,0,100,3716,1.81269,0.00704,1.83053,89,0,21,20,23,0,-2,0,0,1,26,4170,4430,418,175,13,619,38813,37072,108,1024,65,98,1.74306e+06,0,0,0,0,1,369,0,475,443,4221,0,0,0,0,0,0,0,0,499,-489,0,0,50
165.58,0,0,0,0,100,3717,1.81198,0.00703861,1.8306,89,0,21,20,23,0,-2,0,0,1,26,4170,4430,433,175,13,619,38813,37072,108,1024,65,98,1.80561e+06,0,0,0,0,1,369,0,475,443,4221,0,0,0,0,0,0,0,0,499,-489,0,0,50
165.59,0,0,0,0,100,3720,1.81127,0.00703723,1.83066,89,0,21,20,23,0,-2,0,0,1,26,4173,4430,421,175,13,619,38813,37072,108,1024,65,98,1.75683e+06,0,0,0,0,1,0,896,0,448,4214,0,0,0,0,0,0,0,0,499,-536,0,0,50
165.6,0,0,0,0,100,3722,1.81056,0.00703585,1.83072,89,0,21,20,23,0,-2,0,0,1,26,4173,4430,421,175,13,619,38829,37183,109,1024,87,98,1.75683e+06,0,0,0,0,1,717,0,19,441,4184,0,0,0,0,0,0,0,0,499,-482,0,0,50
165.61,0,0,0,0,100,3722,1.81081,0.00699259,1.83093,89,0,21,20,23,0,-2,0,0,1.1,26,4166,4430,407,175,13,619,38829,37183,109,1024,87,98,1.69556e+06,0,0,0,0,1,0,499,394,446,4167,0,0,0,0,0,0,0,0,499,-497,0,0,50
165.62,0,0,0,0,100,3724,1.81106,0.00694933,1.83113,89,0,21,20,23,0,-2,0,0,1.2,26,4166,4430,410,175,13,619,38829,37183,109,1024,87,98,1.70806e+06,0,0,0,0,1,871,0,0,440,4176,0,0,0,0,0,0,0,0,499,-521,0,0,50
165.63,0,0,0,0,100,3724,1.81131,0.00690607,1.83134,89,0,21,20,23,0,-2,0,0,1.3,26,4171,4430,415,175,13,619,38829,37183,109,1024,87,98,1.73096e+06,0,0,0,0,1,0,132,635,443,4178,0,0,0,0,0,0,0,0,499,-513,0,0,50
165.64,0,0,0,0,100,3728,1.81156,0.00686281,1.83155,89,0,21,20,23,0,-2,0,0,1.4,26,4171,4430,415,175,13,619,38829,37183,109,1024,87,98,1.73096e+06,0,0,0,0,1,0,132,635,443,4178,0,0,0,0,0,0,0,0,499,-513,0,0,50
165.65,0,0,0,0,100,3729,1.8118,0.00681955,1.83175,89,0,21,20,23,0,-2,0,0,1.5,26,4171,4428,421,175,13,619,38829,37183,109,1024,87,98,1.75599e+06,0,0,0,0,1,646,117,0,438,4184,0,0,0,0,0,0,0,0,499,-481,0,0,50
165.66,0,0,0,0,100,3729,1.81205,0.00677629,1.83196,89,0,21,20,23,0,-2,0,0,1.6,26,4170,4428,417,175,13,619,38829,37183,109,1024,87,98,1.73889e+06,0,0,0,0,1,0,0,865,446,4158,0,0,0,0,0,0,0,0,499,-487,0,0,50
165.67,0,0,0,0,100,3732,1.8123,0.00673303,1.83216,89,0,21,20,23,0,-2,0,0,1.7,26,4170,4428,423,175,13,619,38829,37183,109,1024,87,98,1.76391e+06,0,0,0,0,1,332,548,0,443,4178,0,0,0,0,0,0,0,0,499,-521,0,0,50
165.68,0,0,0,0,100,3738,1.81255,0.00668977,1.83237,89,0,21,20,23,0,-2,0,0,1.8,26,4170,4428,423,175,13,619,38829,37183,109,1024,87,98,1.76391e+06,0,0,0,0,1,0,0,822,435,4169,0,0,0,0,0,0,0,0,499,-499,0,0,50
165.69,0,0,0,0,100,3738,1.8128,0.00664651,1.83257,89,0,21,20,23,0,-2,0,0,1.9,26,4165,4428,421,175,13,619,38829,37183,109,1024,87,98,1.75346e+06,0,0,0,0,1,182,630,0,446,4195,0,0,0,0,0,0,0,0,499,-497,0,0,50
165.7,0,0,0,0,100,3741,1.81305,0.00660325,1.83278,89,0,21,20,23,0,-2,0,0,2,26,4171,4428,414,175,13,619,38780,37034,110,1024,87,98,1.72679e+06,0,0,0,0,1,182,630,0,446,4195,0,0,0,0,0,0,0,0,499,-497,0,0,50
165.71,0,0,0,0,100,3739,1.81303,0.00661979,1.8325,89,0,21,20,23,0,-2,0,0,1.9,26,4171,4428,428,175,13,619,38780,37034,110,1024,87,98,1.78519e+06,0,0,0,0,1,0,0,750,448,4180,0,0,0,0,0,0,0,0,499,-484,0,0,50
165.72,0,0,0,0,100,3740,1.81301,0.00663633,1.83221,89,0,21,20,23,0,-2,0,0,1.8,26,4171,4428,428,175,13,619,38780,37034,110,1024,87,98,1.78519e+06,0,0,0,0,1,0,703,0,454,4193,0,0,0,0,0,0,0,0,499,-457,0,0,50
165.73,0,0,0,0,100,3741,1.813,0.00665287,1.83193,89,0,21,20,23,0,-2,0,0,1.7,26,4164,4428,415,175,13,619,38780,37034,110,1024,87,98,1.72806e+06,0,0,0,0,1,201,0,564,440,4212,0,0,0,0,0,0,0,0,499,-481,0,0,50
165.74,0,0,0,0,100,3744,1.81298,0.0066694,1.83165,89,0,21,20,23,0,-2,0,0,1.6,26,4164,4428,412,175,13,619,38780,37034,110,1024,87,98,1.71557e+06,0,0,0,0,1,0,763,0,430,4221,0,0,0,0,0,0,0,0,499,-460,0,0,50
165.75,0,0,0,0,100,3750,1.81296,0.00668594,1.83137,89,0,21,20,23,0,-2,0,0,1.5,26,4164,4428,420,175,13,619,38780,37034,110,1024,87,98,1.74888e+06,0,0,0,0,1,334,0,528,437,4214,0,0,0,0,0,0,0,0,499,-477,0,0,50
165.76,0,0,0,0,100,3750,1.81294,0.00670248,1.83108,89,0,21,20,23,0,-2,0,0,1.4,26,4164,4428,420,175,13,619,38780,37034,110,1024,87,98,1.74888e+06,0,0,0,0,1,334,0,528,437,4214,0,0,0,0,0,0,0,0,499,-477,0,0,50
165.77,0,0,0,0,100,3755,1.81293,0.00671902,1.8308,89,0,21,21,23,0,-2,0,0,1.3,26,4168,4428,428,175,13,619,38780,37034,110,1024,87,98,1.7839e+06,0,0,0,0,1,0,771,0,442,4212,0,0,0,0,0,0,0,0,499,-474,0,0,50
165.78,0,0,0,0,100,3754,1.81291,0.00673556,1.83052,89,0,21,21,23,0,-2,0,0,1.2,26,4168,4428,424,175,13,619,38780,37034,110,1024,87,98,1.76723e+06,0,0,0,0,1,121,0,648,456,4199,0,0,0,0,0,0,0,0,499,-492,0,0,50
165.79,0,0,0,0,100,3750,1.81289,0.00675209,1.83024,89,0,21,21,23,0,-2,0,0,1.1,26,4168,4428,429,175,13,619,38780,37034,110,1024,87,98,1.78807e+06,0,0,0,0,1,0,738,0,450,4208,0,0,0,0,0,0,0,0,499,-466,0,0,50
165.8,0,0,0,0,100,3753,1.81288,0.00676863,1.82995,89,0,21,21,23,0,-2,0,0,1,26,4168,4428,429,175,13,619,38802,37027,109,1024,65,98,1.78807e+06,0,0,0,0,1,88,0,648,444,4206,0,0,0,0,0,0,0,0,499,-459,0,0,50
165.81,0,0,0,0,100,3760,1.81284,0.00675157,1.83024,89,0,21,21,23,0,-2,0,0,1,26,4167,4428,421,174,12,619,38802,37027,109,1024,65,98,1.75431e+06,0,0,0,0,1,92,656,0,437,4202,0,0,0,0,0,0,0,0,499,-474,0,0,50
165.82,0,0,0,0,100,3760,1.81281,0.00673451,1.83053,89,0,21,21,23,0,-2,0,0,1,26,4167,4428,415,174,12,619,38802,37027,109,1024,65,98,1.7293e+06,0,0,0,0,1,92,656,0,437,4202,0,0,0,0,0,0,0,0,499,-474,0,0,50
165.83,0,0,0,0,100,3763,1.81277,0.00671745,1.83083,89,0,21,21,23,0,-2,0,0,1,26,4168,4428,423,174,12,619,38802,37027,109,1024,65,98,1.76306e+06,0,0,0,0,1,0,0,824,442,4165,0,0,0,0,0,0,0,0,499,-497,0,0,50
165.84,0,0,0,0,100,3764,1.81273,0.00670039,1.83112,89,0,21,21,23,0,-2,0,0,1,26,4168,4428,423,174,12,619,38802,37027,109,1024,65,98,1.76306e+06,0,0,0,0,1,332,581,0,451,4173,0,0,0,0,0,0,0,0,499,-541,0,0,50
165.85,0,0,0,0,100,3765,1.8127,0.00668333,1.83141,89,0,21,21,23,0,-2,0,0,1,26,4168,4428,422,174,12,619,38802,37027,109,1024,65,98,1.7589e+06,0,0,0,0,1,0,0,840,448,4152,0,0,0,0,0,0,0,0,499,-464,0,0,50
165.86,0,0,0,0,100,3767,1.81266,0.00666627,1.8317,89,0,21,21,23,0,-2,0,0,1,26,4161,4428,428,174,12,619,38802,37027,109,1024,65,98,1.78091e+06,0,0,0,0,1,529,279,0,451,4171,0,0,0,0,0,0,0,0,499,-497,0,0,50
165.87,0,0,0,0,100,3767,1.81263,0.0066492,1.83199,89,0,21,21,23,0,-2,0,0,1,26,4161,4428,415,174,12,619,38802,37027,109,1024,65,98,1.72682e+06,0,0,0,0,1,0,0,693,441,4176,0,0,0,0,0,0,0,0,499,-521,0,0,50
165.88,0,0,0,0,100,3770,1.81259,0.00663214,1.83228,89,0,21,21,23,0,-2,0,0,1,26,4161,4428,415,174,12,619,38802,37027,109,1024,65,98,1.72682e+06,0,0,0,0,1,0,0,693,441,4176,0,0,0,0,0,0,0,0,499,-521,0,0,50
165.89,0,0,0,0,100,3774,1.81255,0.00661508,1.83257,89,0,21,21,23,0,-2,0,0,1,26,4167,4428,426,174,12,619,38802,37027,109,1024,65,98,1.77514e+06,0,0,0,0,1,857,0,0,442,4176,0,0,0,0,0,0,0,0,499,-515,0,0,50
165.9,0,0,0,0,100,3775,1.81252,0.00659802,1.83286,89,0,21,21,24,0,-2,0,0,1,26,4167,4428,427,174,12,619,38773,37059,110,1024,66,98,1.77931e+06,0,0,0,0,1,0,636,109,448,4173,0,0,0,0,0,0,0,0,499,-468,0,0,50
165.91,0,0,0,0,100,3774,1.81196,0.0066365,1.83255,89,0,21,21,24,0,-2,0,0,1,26,4167,4428,429,173,12,619,38773,37059,110,1024,66,98,1.78764e+06,0,0,0,0,1,674,0,164,450,4190,0,0,0,0,0,0,0,0,499,-512,0,0,50
165.92,0,0,0,0,100,3778,1.81139,0.00667497,1.83224,89,0,21,21,24,0,-2,0,0,1,26,4167,4428,429,173,12,619,38773,37059,110,1024,66,98,1.78764e+06,0,0,0,0,1,0,849,0,443,4214,0,0,0,0,0,0,0,0,499,-498,0,0,50
165.93,0,0,0,0,100,3778,1.81083,0.00671345,1.83193,89,0,21,21,24,0,-2,0,0,1,26,4162,4428,422,173,12,619,38773,37059,110,1024,66,98,1.75636e+06,0,0,0,0,1,0,849,0,443,4161,0,0,0,0,0,0,0,0,499,-509,0,0,50
165.94,0,0,0,0,100,3784,1.81027,0.00675192,1.83162,89,0,21,21,24,0,-2,0,0,1,26,4162,4428,422,173,12,619,38773,37059,110,1024,66,98,1.75636e+06,0,0,0,0,1,0,0,821,440,4161,0,0,0,0,0,0,0,0,499,-509,0,0,50
165.95,0,0,0,0,100,3788,1.80971,0.0067904,1.83131,89,0,21,21,24,0,-2,0,0,1,26,4162,4428,423,173,12,619,38773,37059,110,1024,66,98,1.76053e+06,0,0,0,0,1,306,580,0,451,4178,0,0,0,0,0,0,0,0,499,-527,0,0,50
165.96,0,0,0,0,100,3786,1.80914,0.00682887,1.83099,89,0,21,21,24,0,-2,0,0,1,26,4162,4428,423,173,12,619,38773,37059,110,1024,66,98,1.76053e+06,0,0,0,0,1,0,0,793,452,4163,0,0,0,0,0,0,0,0,499,-470,0,0,50
165.97,0,0,0,0,100,3786,1.80858,0.00686735,1.83068,89,0,21,21,24,0,-2,0,0,1,26,4163,4428,432,173,12,619,38773,37059,110,1024,66,98,1.79842e+06,0,0,0,0,1,871,0,0,457,4178,0,0,0,0,0,0,0,0,499,-530,0,0,50
165.98,0,0,0,0,100,3788,1.80802,0.00690582,1.83037,89,0,21,21,24,0,-2,0,0,1,26,4163,4428,423,173,12,619,38773,37059,110,1024,66,98,1.76095e+06,0,0,0,0,1,0,498,361,455,4154,0,0,0,0,0,0,0,0,499,-519,0,0,50
165.99,0,0,0,0,100,3788,1.80746,0.0069443,1.83006,89,0,21,21,24,0,-2,0,0,1,26,4162,4428,421,173,12,619,38773,37059,110,1024,66,98,1.7522e+06,0,0,0,0,1,569,0,227,441,4199,0,0,0,0,0,0,0,0,499,-495,0,0,50
166,0,0,0,0,100,3793,1.80689,0.00698277,1.82975,89,0,21,21,23,0,-2,0,0,1,26,4162,4428,421,173,12,619,38744,37028,109,1024,65,98,1.7522e+06,0,0,0,0,1,569,0,227,441,4199,0,0,0,0,0,0,0,0,499,-495,0,0,50
166.01,0,0,0,0,100,3798,1.80738,0.00695715,1.82975,89,0,21,21,23,0,-2,0,0,1.1,26,4164,4428,435,173,12,619,38744,37028,109,1024,65,98,1.81134e+06,0,0,0,0,1,0,774,0,446,4210,0,0,0,0,0,0,0,0,499,-479,0,0,50
166.02,0,0,0,0,100,3802,1.80788,0.00693153,1.82975,89,0,21,21,23,0,-2,0,0,1.2,26,4164,4427,431,173,12,619,38744,37028,109,1024,65,98,1.79468e+06,0,0,0,0,1,0,0,906,447,4150,0,0,0,0,0,0,0,0,499,-512,0,0,50
166.03,0,0,0,0,100,3801,1.80837,0.00690591,1.82975,89,0,21,21,23,0,-2,0,0,1.3,26,4164,4427,437,173,12,619,38744,37028,109,1024,65,98,1.81967e+06,0,0,0,0,1,822,0,0,470,4173,0,0,0,0,0,0,0,0,499,-531,0,0,50
166.04,0,0,0,0,100,3799,1.80886,0.00688029,1.82975,89,0,21,21,23,0,-2,0,0,1.4,26,4164,4427,437,173,12,619,38744,37028,109,1024,65,98,1.81967e+06,0,0,0,0,1,0,431,420,458,4163,0,0,0,0,0,0,0,0,499,-503,0,0,50
166.05,0,0,0,0,100,3799,1.80935,0.00685467,1.82975,89,0,21,21,23,0,-2,0,0,1.5,26,4159,4427,422,173,12,619,38744,37028,109,1024,65,98,1.7551e+06,0,0,0,0,1,613,0,218,441,4193,0,0,0,0,0,0,0,0,499,-510,0,0,50
166.06,0,0,0,0,100,3802,1.80984,0.00682905,1.82975,89,0,21,21,23,0,-2,0,0,1.6,26,4167,4427,420,173,12,619,38744,37028,109,1024,65,98,1.75014e+06,0,0,0,0,1,613,0,218,441,4193,0,0,0,0,0,0,0,0,499,-510,0,0,50
166.07,0,0,0,0,100,3807,1.81034,0.00680343,1.82975,89,0,21,21,23,0,-2,0,0,1.7,26,4167,4427,426,173,12,619,38744,37028,109,1024,65,98,1.77514e+06,0,0,0,0,1,6,687,0,438,4197,0,0,0,0,0,0,0,0,499,-464,0,0,50
166.08,0,0,0,0,100,3809,1.81083,0.00677781,1.82975,89,0,21,21,23,0,-2,0,0,1.8,26,4167,4427,426,173,12,619,38744,37028,109,1024,65,98,1.77514e+06,0,0,0,0,1,0,0,824,448,4167,0,0,0,0,0,0,0,0,499,-482,0,0,50
166.09,0,0,0,0,100,3812,1.81132,0.00675219,1.82975,89,0,21,21,23,0,-2,0,0,1.9,26,4167,4427,442,173,12,619,38744,37028,109,1024,65,98,1.84181e+06,0,0,0,0,1,920,0,0,462,4156,0,0,0,0,0,0,0,0,499,-546,0,0,50
166.1,0,0,0,0,100,3815,1.81181,0.00672656,1.82975,89,0,21,21,23,0,-2,0,0,2,26,4167,4427,437,173,12,619,38784,37155,109,1026,68,98,1.82098e+06,0,0,0,0,1,0,826,0,458,4195,0,0,0,0,0,0,0,0,499,-510,0,0,50
166.11,0,0,0,0,100,3815,1.81252,0.00672252,1.83048,89,0,21,21,23,0,-2,0,0,1.9,26,4167,4428,430,173,12,619,38784,37155,109,1026,68,98,1.79181e+06,0,0,0,0,1,0,0,697,454,4182,0,0,0,0,0,0,0,0,499,-487,0,0,50
166.12,0,0,0,0,100,3815,1.81323,0.00671848,1.83122,89,0,21,21,23,0,-2,0,0,1.8,26,4167,4428,430,173,12,619,38784,37155,109,1026,68,98,1.79181e+06,0,0,0,0,1,0,0,697,454,4182,0,0,0,0,0,0,0,0,499,-487,0,0,50
166.13,0,0,0,0,100,3817,1.81394,0.00671444,1.83195,89,0,21,21,23,0,-2,0,0,1.7,26,4164,4428,432,173,12,619,38784,37155,109,1026,68,98,1.79885e+06,0,0,0,0,1,543,249,0,449,4180,0,0,0,0,0,0,0,0,499,-474,0,0,50
166.14,0,0,0,0,100,3819,1.81466,0.00671039,1.83268,89,0,21,21,23,0,-2,0,0,1.6,26,4164,4428,431,173,12,619,38784,37155,109,1026,68,98,1.79468e+06,0,0,0,0,1,0,413,465,450,4161,0,0,0,0,0,0,0,0,499,-509,0,0,50
166.15,0,0,0,0,100,3821,1.81537,0.00670635,1.83342,89,0,21,21,23,0,-2,0,0,1.5,26,4163,4428,433,173,12,619,38784,37155,109,1026,68,98,1.80258e+06,0,0,0,0,1,582,0,320,457,4202,0,0,0,0,0,0,0,0,499,-530,0,0,50
166.16,0,0,0,0,100,3823,1.81608,0.00670231,1.83415,89,0,21,21,23,0,-2,0,0,1.4,26,4163,4428,433,173,12,619,38784,37155,109,1026,68,98,1.80258e+06,0,0,0,0,1,305,572,0,454,4173,0,0,0,0,0,0,0,0,499,-521,0,0,50
166.17,0,0,0,0,100,3823,1.81679,0.00669826,1.83489,89,0,21,21,23,0,-2,0,0,1.3,26,4157,4428,433,173,12,619,38784,37155,109,1026,68,98,1.79998e+06,0,0,0,0,1,0,247,566,449,4169,0,0,0,0,0,0,0,0,499,-507,0,0,50
166.18,0,0,0,0,100,3826,1.8175,0.00669422,1.83562,89,0,21,21,23,0,-2,0,0,1.2,26,4157,4428,431,173,12,619,38784,37155,109,1026,68,98,1.79167e+06,0,0,0,0,1,0,247,566,449,4169,0,0,0,0,0,0,0,0,499,-507,0,0,50
166.19,0,0,0,0,100,3832,1.81821,0.00669018,1.83635,89,0,21,21,23,0,-2,0,0,1.1,26,4157,4426,422,173,12,619,38784,37155,109,1026,68,98,1.75425e+06,0,0,0,0,1,441,0,365,448,4210,0,0,0,0,0,0,0,0,499,-490,0,0,50
166.2,0,0,0,0,100,3832,1.81892,0.00668614,1.83709,89,0,21,21,23,0,-2,0,0,1,26,4157,4426,422,173,12,619,38720,36832,109,1026,65,98,1.75425e+06,0,0,0,0,1,254,583,0,458,4178,0,0,0,0,0,0,0,0,499,-501,0,0,50
166.21,0,0,0,0,100,3829,1.81891,0.00670865,1.83638,89,0,21,21,23,0,-2,0,0,1,26,4162,4426,434,173,12,619,38720,36832,109,1026,65,98,1.80631e+06,0,0,0,0,1,0,208,664,460,4156,0,0,0,0,0,0,0,0,499,-521,0,0,50
166.22,0,0,0,0,100,3830,1.8189,0.00673117,1.83568,89,0,21,21,23,0,-2,0,0,1,26,4158,4426,432,173,12,619,38720,36832,109,1026,65,98,1.79626e+06,0,0,0,0,1,674,0,168,459,4180,0,0,0,0,0,0,0,0,499,-518,0,0,50
166.23,0,0,0,0,100,3830,1.81889,0.00675368,1.83497,89,0,21,21,23,0,-2,0,0,1,26,4158,4426,431,173,12,619,38720,36832,109,1026,65,98,1.7921e+06,0,0,0,0,1,209,626,0,451,4178,0,0,0,0,0,0,0,0,499,-508,0,0,50
166.24,0,0,0,0,100,3835,1.81888,0.0067762,1.83426,89,0,21,21,23,0,-2,0,0,1,26,4158,4426,431,173,12,619,38720,36832,109,1026,65,98,1.7921e+06,0,0,0,0,1,209,626,0,451,4178,0,0,0,0,0,0,0,0,499,-508,0,0,50
166.25,0,0,0,0,100,3840,1.81886,0.00679871,1.83356,89,0,21,21,23,0,-2,0,0,1,26,4159,4426,424,173,12,619,38720,36832,109,1026,65,98,1.76342e+06,0,0,0,0,1,0,238,564,453,4163,0,0,0,0,0,0,0,0,499,-515,0,0,50
166.26,0,0,0,0,100,3843,1.81885,0.00682123,1.83285,89,0,21,21,23,0,-2,0,0,1,26,4159,4426,438,173,12,619,38720,36832,109,1026,65,98,1.82164e+06,0,0,0,0,1,610,0,256,457,4190,0,0,0,0,0,0,0,0,499,-531,0,0,50
166.27,0,0,0,0,100,3844,1.81884,0.00684374,1.83215,89,0,21,21,23,0,-2,0,0,1,26,4159,4426,439,173,12,619,38720,36832,109,1026,65,98,1.8258e+06,0,0,0,0,1,402,534,0,461,4165,0,0,0,0,0,0,0,0,499,-549,0,0,50
166.28,0,0,0,0,100,3840,1.81883,0.00686626,1.83144,89,0,21,21,23,0,-2,0,0,1,26,4159,4426,439,173,12,619,38720,36832,109,1026,65,98,1.8258e+06,0,0,0,0,1,0,458,434,461,4150,0,0,0,0,0,0,0,0,499,-513,0,0,50
166.29,0,0,0,0,100,3842,1.81882,0.00688877,1.83073,89,0,21,21,23,0,-2,0,1,1,26,4160,4426,434,173,12,619,38720,36832,109,1026,65,98,1.80544e+06,0,0,0,0,1,322,0,517,454,4208,0,0,0,0,0,0,0,0,499,-478,0,0,50
166.3,0,0,0,0,100,3842,1.81881,0.00691129,1.83003,89,0,21,21,23,0,-2,0,1,1,26,4159,4426,429,173,12,619,38720,37027,109,1026,68,98,1.78421e+06,0,0,0,0,1,322,0,517,454,4208,0,0,0,0,0,0,0,0,499,-478,0,0,50
166.31,0,0,0,0,100,3847,1.81853,0.0069228,1.83027,89,0,21,21,23,0,-2,0,1,1,26,4159,4426,424,173,12,619,38720,37027,109,1026,68,98,1.76342e+06,0,0,0,0,1,668,85,0,448,4173,0,0,0,0,0,0,0,0,499,-482,0,0,50
166.32,0,0,0,0,100,3852,1.81825,0.00693431,1.83052,89,0,21,21,23,0,-2,0,1,1,26,4159,4426,424,173,12,619,38720,37027,109,1026,68,98,1.76342e+06,0,0,0,0,1,0,741,0,457,4176,0,0,0,0,0,0,0,0,499,-479,0,0,50
166.33,0,0,0,0,100,3852,1.81796,0.00694583,1.83077,89,0,21,21,23,0,-2,0,0,1,26,4160,4426,438,173,12,619,38720,37027,109,1026,68,98,1.82208e+06,0,0,0,0,1,0,0,879,464,4147,0,0,0,0,0,0,0,0,499,-521,0,0,50
166.34,0,0,0,0,100,3853,1.81768,0.00695734,1.83102,89,0,21,21,23,0,-2,0,0,1,26,4160,4426,453,173,12,619,38720,37027,109,1026,68,98,1.88448e+06,0,0,0,0,1,910,0,0,460,4169,0,0,0,0,0,0,0,0,499,-531,0,0,50
166.35,0,0,0,0,100,3853,1.8174,0.00696886,1.83126,89,0,21,21,23,0,-2,0,0,1,26,4158,4426,445,173,12,619,38720,37027,109,1026,68,98,1.85031e+06,0,0,0,0,1,0,757,0,455,4195,0,0,0,0,0,0,0,0,499,-470,0,0,50
166.36,0,0,0,0,100,3856,1.81712,0.00698037,1.83151,89,0,21,21,23,0,-2,0,0,1,26,4158,4426,445,173,12,619,38720,37027,109,1026,68,98,1.85031e+06,0,0,0,0,1,0,757,0,455,4195,0,0,0,0,0,0,0,0,499,-470,0,0,50
166.37,0,0,0,0,100,3857,1.81684,0.00699188,1.83176,89,0,21,21,23,0,-2,0,0,1,26,4154,4426,423,173,12,619,38720,37027,109,1026,68,98,1.75714e+06,0,0,0,0,1,0,147,658,454,4167,0,0,0,0,0,0,0,0,499,-525,0,0,50
166.38,0,0,0,0,100,3860,1.81656,0.0070034,1.832,89,0,21,21,23,0,-2,0,0,1,26,4154,4426,431,173,12,619,38720,37027,109,1026,68,98,1.79037e+06,0,0,0,0,1,578,0,301,455,4193,0,0,0,0,0,0,0,0,499,-470,0,0,50
166.39,0,0,0,0,100,3862,1.81628,0.00701491,1.83225,89,0,21,21,23,0,-2,0,0,1,26,4161,4426,428,173,12,619,38720,37027,109,1026,68,98,1.78091e+06,0,0,0,0,1,605,199,0,465,4167,0,0,0,0,0,0,0,0,499,-527,0,0,50
166.4,0,0,0,0,100,3864,1.816,0.00702643,1.8325,89,0,21,21,24,0,-2,0,0,1,26,4161,4426,428,173,12,619,38682,36794,109,1026,65,98,1.78091e+06,0,0,0,0,1,0,800,0,467,4197,0,0,0,0,0,0,0,0,499,-520,0,0,50
166.41,0,0,0,0,100,3864,1.81629,0.00700846,1.83281,89,0,21,21,24,0,-2,0,0,1,26,4161,4426,443,173,12,619,38682,36794,109,1026,65,98,1.84332e+06,0,0,0,0,1,0,0,766,457,4154,0,0,0,0,0,0,0,0,499,-485,0,0,50
166.42,0,0,0,0,100,3865,1.81658,0.00699049,1.83313,89,0,21,21,24,0,-2,0,0,1,26,4161,4426,439,173,12,619,38682,36794,109,1026,65,98,1.82668e+06,0,0,0,0,1,0,0,766,457,4154,0,0,0,0,0,0,0,0,499,-485,0,0,50
166.43,0,0,0,0,100,3870,1.81687,0.00697253,1.83345,89,0,21,21,24,0,-2,0,0,1,26,4156,4426,435,173,12,619,38682,36794,109,1026,65,98,1.80786e+06,0,0,0,0,1,570,0,236,446,4195,0,0,0,0,0,0,0,0,499,-499,0,0,50
166.44,0,0,0,0,100,3873,1.81716,0.00695456,1.83376,89,0,21,21,24,0,-2,0,0,1,26,4156,4426,435,173,12,619,38682,36794,109,1026,65,98,1.80786e+06,0,0,0,0,1,769,0,0,457,4167,0,0,0,0,0,0,0,0,499,-485,0,0,50
166.45,0,0,0,0,100,3872,1.81746,0.00693659,1.83408,89,0,21,21,24,0,-2,0,0,1,26,4156,4426,440,173,12,619,38682,36794,109,1026,65,98,1.82864e+06,0,0,0,0,1,0,843,0,462,4202,0,0,0,0,0,0,0,0,499,-512,0,0,50
166.46,0,0,0,0,100,3873,1.81775,0.00691863,1.8344,89,0,21,21,24,0,-2,0,0,1,26,4156,4426,439,173,12,619,38682,36794,109,1026,65,98,1.82448e+06,0,0,0,0,1,0,0,828,462,4150,0,0,0,0,0,0,0,0,499,-481,0,0,50
166.47,0,0,0,0,100,3873,1.81804,0.00690066,1.83471,89,0,21,21,24,0,-2,0,0,1,26,4156,4426,440,173,12,619,38682,36794,109,1026,65,98,1.82864e+06,0,0,0,0,1,615,0,186,458,4187,0,0,0,0,0,0,0,0,499,-497,0,0,50
166.48,0,0,0,0,100,3875,1.81833,0.00688269,1.83503,89,0,21,21,24,0,-2,0,0,1,26,4156,4426,440,173,12,619,38682,36794,109,1026,65,98,1.82864e+06,0,0,0,0,1,615,0,186,458,4187,0,0,0,0,0,0,0,0,499,-497,0,0,50
166.49,0,0,0,0,100,3880,1.81862,0.00686472,1.83534,89,0,21,21,24,0,-2,0,0,1,26,4157,4426,433,173,12,619,38682,36794,109,1026,65,98,1.79998e+06,0,0,0,0,1,533,284,0,452,4176,0,0,0,0,0,0,0,0,499,-485,0,0,50
166.5,0,0,0,0,100,3882,1.81892,0.00684676,1.83566,89,0,21,21,23,0,-2,0,0,1,26,4157,4426,437,173,12,619,38716,36827,110,1026,65,98,1.81661e+06,0,0,0,0,1,0,843,0,460,4214,0,0,0,0,0,0,0,0,499,-509,0,0,50
166.51,0,0,0,0,100,3886,1.81872,0.00684544,1.83519,89,0,21,21,23,0,-2,0,0,1,26,4157,4426,444,173,12,619,38716,36827,110,1026,65,98,1.84571e+06,0,0,0,0,1,0,5,703,465,4154,0,0,0,0,0,0,0,0,499,-495,0,0,50
166.52,0,0,0,0,100,3886,1.81852,0.00684413,1.83471,89,0,21,21,23,0,-2,0,0,1,26,4157,4426,444,173,12,619,38716,36827,110,1026,65,98,1.84571e+06,0,0,0,0,1,428,0,451,471,4204,0,0,0,0,0,0,0,0,499,-505,0,0,50
166.53,0,0,0,0,100,3886,1.81832,0.00684282,1.83424,89,0,21,21,23,0,-2,0,0,1,26,4152,4426,437,173,12,619,38716,36827,110,1026,65,98,1.81442e+06,0,0,0,0,1,863,0,0,460,4163,0,0,0,0,0,0,0,0,499,-527,0,0,50
166.54,0,0,0,0,100,3886,1.81813,0.0068415,1.83376,89,0,21,21,23,0,-2,0,0,1,26,4152,4426,438,173,12,619,38716,36827,110,1026,65,98,1.81858e+06,0,0,0,0,1,863,0,0,460,4163,0,0,0,0,0,0,0,0,499,-527,0,0,50
166.55,0,0,0,0,100,3890,1.81793,0.00684019,1.83329,89,0,21,21,23,0,-2,0,0,1,26,4152,4426,427,173,12,619,38716,36827,110,1026,65,98,1.7729e+06,0,0,0,0,1,0,703,0,450,4193,0,0,0,0,0,0,0,0,499,-468,0,0,50
166.56,0,0,0,0,100,3894,1.81773,0.00683888,1.83281,89,0,21,21,23,0,-2,0,0,1,26,4152,4426,427,173,12,619,38716,36827,110,1026,65,98,1.7729e+06,0,0,0,0,1,0,425,432,457,4147,0,0,0,0,0,0,0,0,499,-488,0,0,50
166.57,0,0,0,0,100,3895,1.81754,0.00683757,1.83234,89,0,21,21,23,0,-2,0,0,1,26,4157,4426,438,173,12,619,38716,36827,110,1026,65,98,1.82077e+06,0,0,0,0,1,0,0,912,464,4139,0,0,0,0,0,0,0,0,499,-506,0,0,50
166.58,0,0,0,0,100,3897,1.81734,0.00683625,1.83187,89,0,21,21,23,0,-2,0,0,1,26,4157,4427,442,173,12,619,38716,36827,110,1026,65,98,1.83739e+06,0,0,0,0,1,648,0,142,469,4180,0,0,0,0,0,0,0,0,499,-511,0,0,50
166.59,0,0,0,0,100,3897,1.81714,0.00683494,1.83139,89,0,21,21,23,0,-2,0,0,1,26,4157,4427,448,173,12,619,38716,36827,110,1026,65,98,1.86234e+06,0,0,0,0,1,713,1,0,458,4165,0,0,0,0,0,0,0,0,499,-482,0,0,50
166.6,0,0,0,0,100,3902,1.81695,0.00683363,1.83092,89,0,21,21,23,0,-2,0,0,1,26,4157,4427,448,173,12,619,38698,36922,109,1026,64,98,1.86234e+06,0,0,0,0,1,713,1,0,458,4165,0,0,0,0,0,0,0,0,499,-482,0,0,50
166.61,0,0,0,0,100,3905,1.81661,0.00684706,1.83089,89,0,21,21,23,0,-2,0,0,1,26,4159,4427,434,173,12,619,38698,36922,109,1026,64,98,1.80501e+06,0,0,0,0,1,0,733,0,462,4197,0,0,0,0,0,0,0,0,499,-467,0,0,50
166.62,0,0,0,0,100,3907,1.81628,0.00686049,1.83086,89,0,21,21,23,0,-2,0,0,1,26,4151,4427,429,173,12,619,38698,36922,109,1026,64,98,1.78078e+06,0,0,0,0,1,0,546,283,464,4147,0,0,0,0,0,0,0,0,499,-492,0,0,50
166.63,0,0,0,0,100,3909,1.81594,0.00687392,1.83084,89,0,21,21,23,0,-2,0,0,1,26,4151,4427,440,173,12,619,38698,36922,109,1026,64,98,1.82644e+06,0,0,0,0,1,0,0,775,469,4143,0,0,0,0,0,0,0,0,499,-484,0,0,50
166.64,0,0,0,0,100,3910,1.81561,0.00688736,1.83081,89,0,21,21,23,0,-2,0,0,1,26,4151,4427,440,174,12,619,38698,36922,109,1026,64,98,1.82644e+06,0,0,0,0,1,405,0,422,460,4199,0,0,0,0,0,0,0,0,499,-506,0,0,50
166.65,0,0,0,0,100,3910,1.81527,0.00690079,1.83078,89,0,21,21,23,0,-2,0,0,1,26,4154,4427,444,174,12,619,38698,36922,109,1026,64,98,1.84438e+06,0,0,0,0,1,857,0,0,462,4154,0,0,0,0,0,0,0,0,499,-501,0,0,50
166.66,0,0,0,0,100,3913,1.81494,0.00691422,1.83075,89,0,21,21,23,0,-2,0,0,1,26,4154,4427,438,174,12,619,38698,36922,109,1026,64,98,1.81945e+06,0,0,0,0,1,857,0,0,462,4154,0,0,0,0,0,0,0,0,499,-501,0,0,50
166.67,0,0,0,0,100,3919,1.8146,0.00692765,1.83073,89,0,21,21,23,0,-2,0,0,1,26,4154,4427,442,174,12,619,38698,36922,109,1026,64,98,1.83607e+06,0,0,0,0,1,455,458,0,459,4163,0,0,0,0,0,0,0,0,499,-534,0,0,50
166.68,0,0,0,0,100,3925,1.81427,0.00694109,1.8307,89,0,21,21,23,0,-2,0,0,1,26,4154,4427,442,174,12,619,38698,36922,109,1026,64,98,1.83607e+06,0,0,0,0,1,0,796,0,458,4202,0,0,0,0,0,0,0,0,499,-470,0,0,50
166.69,0,0,0,0,100,3924,1.81393,0.00695452,1.83067,89,0,21,21,23,0,-2,0,0,1,26,4150,4427,436,174,12,619,38698,36922,109,1026,64,98,1.8094e+06,0,0,0,0,1,0,780,0,473,4167,0,0,0,0,0,0,0,0,499,-502,0,0,50
166.7,0,0,0,0,100,3923,1.8136,0.00696795,1.83065,89,0,21,21,24,0,-2,0,0,1,26,4150,4427,445,174,12,619,38666,36727,109,1026,65,98,1.84675e+06,0,0,0,0,1,0,0,780,465,4143,0,0,0,0,0,0,0,0,499,-470,0,0,50
166.71,0,0,0,0,100,3923,1.81376,0.00695447,1.83078,89,0,21,21,24,0,-2,0,0,1,26,4158,4427,449,174,12,619,38666,36727,109,1026,65,98,1.86694e+06,0,0,0,0,1,37,0,693,463,4171,0,0,0,0,0,0,0,0,499,-458,0,0,50
166.72,0,0,0,0,100,3926,1.81393,0.00694099,1.8309,89,0,21,21,24,0,-2,0,0,1,26,4158,4427,449,174,12,619,38666,36727,109,1026,65,98,1.86694e+06,0,0,0,0,1,37,0,693,463,4171,0,0,0,0,0,0,0,0,499,-458,0,0,50
166.73,0,0,0,0,100,3932,1.81409,0.00692751,1.83103,89,0,21,21,24,0,-2,0,0,1,26,4158,4427,439,174,12,619,38666,36727,109,1026,65,98,1.82536e+06,0,0,0,0,1,666,0,166,462,4182,0,0,0,0,0,0,0,0,499,-502,0,0,50
166.74,0,0,0,0,100,3936,1.81425,0.00691403,1.83116,89,0,21,21,24,0,-2,0,0,1,26,4152,4427,438,174,12,619,38666,36727,109,1026,65,98,1.81858e+06,0,0,0,0,1,910,0,0,465,4156,0,0,0,0,0,0,0,0,499,-539,0,0,50
166.75,0,0,0,0,100,3941,1.81442,0.00690055,1.83129,89,0,21,21,24,0,-2,0,0,1,26,4152,4427,443,174,12,619,38666,36727,109,1026,65,98,1.83934e+06,0,0,0,0,1,506,333,0,468,4154,0,0,0,0,0,0,0,0,499,-494,0,0,50
166.76,0,0,0,0,100,3943,1.81458,0.00688707,1.83142,89,0,21,21,24,0,-2,0,0,1,26,4152,4427,443,174,12,619,38666,36727,109,1026,65,98,1.83934e+06,0,0,0,0,1,66,695,0,474,4180,0,0,0,0,0,0,0,0,499,-491,0,0,50
166.77,0,0,0,0,100,3943,1.81474,0.00687359,1.83155,89,0,21,21,24,0,-2,0,0,1,26,4158,4427,441,174,12,619,38666,36727,109,1026,65,98,1.83368e+06,0,0,0,0,1,0,868,0,477,4199,0,0,0,0,0,0,0,0,499,-525,0,0,50
166.78,0,0,0,0,100,3943,1.81491,0.00686011,1.83168,89,0,21,21,24,0,-2,0,0,1,26,4152,4427,447,174,12,619,38666,36727,109,1026,65,98,1.85594e+06,0,0,0,0,1,0,868,0,477,4199,0,0,0,0,0,0,0,0,499,-525,0,0,50
166.79,0,0,0,0,100,3948,1.81507,0.00684663,1.83181,89,0,21,21,24,0,-2,0,0,1,26,4152,4427,443,174,12,619,38666,36727,109,1026,65,98,1.83934e+06,0,0,0,0,1,0,458,381,466,4150,0,0,0,0,0,0,0,0,499,-490,0,0,50
166.8,0,0,0,0,100,3951,1.81523,0.00683315,1.83193,89,0,21,21,23,0,-2,0,0,1,26,4152,4427,443,174,12,619,38742,36993,109,1026,87,98,1.83934e+06,0,0,0,0,1,0,152,666,469,4152,0,0,0,0,0,0,0,0,499,-503,0,0,50
166.81,0,0,0,0,100,3953,1.81554,0.00684765,1.83181,89,0,21,21,23,0,-2,0,0,1,26,4159,4431,442,174,12,619,38742,36993,109,1026,87,98,1.83828e+06,0,0,0,0,1,0,0,883,474,4128,0,0,0,0,0,0,0,0,499,-519,0,0,50
166.82,0,0,0,0,100,3953,1.81585,0.00686216,1.83169,89,0,21,21,23,0,-2,0,0,1,26,4159,4431,444,174,12,619,38742,36993,109,1026,87,98,1.8466e+06,0,0,0,0,1,39,0,689,466,4171,0,0,0,0,0,0,0,0,499,-481,0,0,50
166.83,0,0,0,0,100,3959,1.81615,0.00687667,1.83157,89,0,21,21,23,0,-2,0,0,1,26,4159,4431,443,174,12,619,38742,36993,109,1026,87,98,1.84244e+06,0,0,0,0,1,564,0,322,470,4187,0,0,0,0,0,0,0,0,499,-530,0,0,50
166.84,0,0,0,0,100,3959,1.81646,0.00689118,1.83145,89,0,21,21,23,0,-2,0,0,1,26,4159,4431,443,174,12,619,38742,36993,109,1026,87,98,1.84244e+06,0,0,0,0,1,564,0,322,470,4187,0,0,0,0,0,0,0,0,499,-530,0,0,50
166.85,0,0,0,0,100,3963,1.81677,0.00690569,1.83133,89,0,21,21,23,0,-2,0,0,1,26,4150,4431,436,174,12,619,38742,36993,109,1026,87,98,1.8094e+06,0,0,0,0,1,699,0,76,470,4167,0,0,0,0,0,0,0,0,499,-489,0,0,50
166.86,0,0,0,0,100,3965,1.81707,0.0069202,1.83121,89,0,21,21,23,0,-2,0,0,1,26,4150,4431,443,174,12,619,38742,36993,109,1026,87,98,1.83845e+06,0,0,0,0,1,845,0,0,470,4158,0,0,0,0,0,0,0,0,499,-494,0,0,50
166.87,0,0,0,0,100,3966,1.81738,0.00693471,1.83109,89,0,21,21,23,0,-2,0,0,1,26,4150,4431,435,174,12,619,38742,36993,109,1026,87,98,1.80525e+06,0,0,0,0,1,834,0,0,475,4161,0,0,0,0,0,0,0,0,499,-513,0,0,50
166.88,0,0,0,0,100,3966,1.81769,0.00694922,1.83097,89,0,21,21,23,0,-2,0,0,1,26,4150,4431,435,174,12,619,38742,36993,109,1026,87,98,1.80525e+06,0,0,0,0,1,602,216,0,470,4161,0,0,0,0,0,0,0,0,499,-500,0,0,50
166.89,0,0,0,0,100,3966,1.81799,0.00696373,1.83085,89,0,21,21,23,0,-2,0,0,1,26,4152,4432,445,174,12,619,38742,36993,109,1026,87,98,1.84764e+06,0,0,0,0,1,353,536,0,469,4163,0,0,0,0,0,0,0,0,499,-489,0,0,50
166.9,0,0,0,0,100,3970,1.8183,0.00697823,1.83073,89,0,21,21,23,0,-2,0,0,1,26,4152,4432,443,174,12,619,38662,36884,109,1026,87,98,1.83934e+06,0,0,0,0,1,353,536,0,469,4163,0,0,0,0,0,0,0,0,499,-489,0,0,50
166.91,0,0,0,0,100,3977,1.81791,0.00696526,1.83065,89,0,21,21,23,0,-2,0,0,1,26,4151,4432,443,174,12,619,38662,36884,109,1026,87,98,1.83889e+06,0,0,0,0,1,191,638,0,461,4165,0,0,0,0,0,0,0,0,499,-525,0,0,50
166.92,0,0,0,0,100,3983,1.81752,0.00695229,1.83056,89,0,21,21,23,0,-2,0,0,1,26,4151,4432,443,174,12,619,38662,36884,109,1026,87,98,1.83889e+06,0,0,0,0,1,6,706,0,463,4169,0,0,0,0,0,0,0,0,499,-515,0,0,50
166.93,0,0,0,0,100,3981,1.81714,0.00693932,1.83047,89,0,21,21,23,0,-2,0,0,1,26,4151,4432,442,174,12,619,38662,36884,109,1026,87,98,1.83474e+06,0,0,0,0,1,172,654,0,488,4169,0,0,0,0,0,0,0,0,499,-504,0,0,50
166.94,0,0,0,0,100,3979,1.81675,0.00692635,1.83039,89,0,21,21,23,0,-2,0,0,1,26,4151,4431,452,174,12,619,38662,36884,109,1026,87,98,1.87625e+06,0,0,0,0,1,176,630,0,473,4169,0,0,0,0,0,0,0,0,499,-495,0,0,50
166.95,0,0,0,0,100,3979,1.81636,0.00691338,1.8303,89,0,21,21,23,0,-2,0,0,1,26,4151,4431,451,173,12,619,38662,36884,109,1026,87,98,1.8721e+06,0,0,0,0,1,0,829,0,468,4199,0,0,0,0,0,0,0,0,499,-487,0,0,50
166.96,0,0,0,0,100,3982,1.81597,0.00690041,1.83021,89,0,21,21,23,0,-2,0,0,1,26,4151,4431,451,173,12,619,38662,36884,109,1026,87,98,1.8721e+06,0,0,0,0,1,0,829,0,468,4199,0,0,0,0,0,0,0,0,499,-487,0,0,50
166.97,0,0,0,0,100,3987,1.81558,0.00688744,1.83013,89,0,21,21,23,0,-2,0,0,1,26,4150,4431,441,173,12,619,38662,36884,109,1026,87,98,1.83015e+06,0,0,0,0,1,0,851,0,468,4208,0,0,0,0,0,0,0,0,499,-500,0,0,50
166.98,0,0,0,0,100,3992,1.81519,0.00687447,1.83004,89,0,21,21,23,0,-2,0,0,1,26,4150,4431,443,173,12,619,38662,36884,109,1026,87,98,1.83845e+06,0,0,0,0,1,0,862,0,468,4210,0,0,0,0,0,0,0,0,499,-515,0,0,50
166.99,0,0,0,0,100,3994,1.8148,0.00686149,1.82996,89,0,21,21,23,0,-2,0,0,1,26,4150,4431,446,173,12,619,38662,36884,109,1026,87,98,1.8509e+06,0,0,0,0,1,0,874,0,473,4202,0,0,0,0,0,0,0,0,499,-523,0,0,50
167,0,0,0,0,100,3995,1.81442,0.00684852,1.82987,89,0,21,21,23,0,-2,0,0,1,26,4150,4431,446,173,12,619,38652,36796,110,1026,65,98,1.8509e+06,0,0,0,0,1,0,851,0,484,4188,0,0,0,0,0,0,0,0,499,-519,0,0,50
167.01,0,0,0,0,100,3995,1.81464,0.00686005,1.82989,89,0,21,21,23,0,-2,0,0,1.1,26,4154,4431,452,173,12,619,38652,36796,110,1026,65,98,1.87761e+06,0,0,0,0,1,0,814,0,478,4195,0,0,0,0,0,0,0,0,499,-501,0,0,50
167.02,0,0,0,0,100,3996,1.81487,0.00687158,1.82991,89,0,21,21,23,0,-2,0,0,1.2,26,4154,4431,454,173,12,619,38652,36796,110,1026,65,98,1.88592e+06,0,0,0,0,1,0,814,0,478,4195,0,0,0,0,0,0,0,0,499,-501,0,0,50
167.03,0,0,0,0,100,3999,1.8151,0.00688311,1.82992,89,0,21,21,23,0,-2,0,0,1.3,26,4154,4431,449,173,12,619,38652,36796,110,1026,65,98,1.86515e+06,0,0,0,0,1,0,832,0,470,4193,0,0,0,0,0,0,0,0,499,-505,0,0,50
167.04,0,0,0,0,100,4002,1.81533,0.00689464,1.82994,89,0,21,21,23,0,-2,0,0,1.4,26,4154,4431,449,173,12,619,38652,36796,110,1026,65,98,1.86515e+06,0,0,0,0,1,0,815,0,473,4187,0,0,0,0,0,0,0,0,499,-500,0,0,50
167.05,0,0,0,0,100,4004,1.81555,0.00690617,1.82996,89,0,21,21,23,0,-2,0,0,1.5,26,4150,4431,441,172,12,619,38652,36796,110,1026,65,98,1.83015e+06,0,0,0,0,1,0,845,0,477,4193,0,0,0,0,0,0,0,0,499,-510,0,0,50
167.06,0,0,0,0,100,4004,1.81578,0.0069177,1.82998,89,0,21,21,23,0,-2,0,0,1.6,26,4150,4431,449,172,12,619,38652,36796,110,1026,65,98,1.86335e+06,0,0,0,0,1,0,859,0,470,4204,0,0,0,0,0,0,0,0,499,-513,0,0,50
167.07,0,0,0,0,100,4004,1.81601,0.00692922,1.83,89,0,21,21,23,0,-2,0,0,1.7,26,4150,4431,453,172,12,619,38652,36796,110,1026,65,98,1.87995e+06,0,0,0,0,1,0,849,0,470,4208,0,0,0,0,0,0,0,0,499,-500,0,0,50
167.08,0,0,0,0,100,4009,1.81624,0.00694075,1.83001,89,0,21,21,23,0,-2,0,0,1.8,26,4150,4431,453,172,12,619,38652,36796,110,1026,65,98,1.87995e+06,0,0,0,0,1,0,849,0,470,4208,0,0,0,0,0,0,0,0,499,-500,0,0,50
167.09,0,0,0,0,100,4013,1.81647,0.00695228,1.83003,89,0,21,21,23,0,-2,0,0,1.9,26,4148,4431,447,172,12,619,38652,36796,110,1026,65,98,1.85416e+06,0,0,0,0,1,0,843,0,477,4193,0,0,0,0,0,0,0,0,499,-493,0,0,50
167.1,0,0,0,0,100,4015,1.81669,0.00696381,1.83005,89,0,21,21,23,0,-2,0,0,2,26,4148,4431,444,172,12,619,38630,36874,110,1026,68,98,1.84171e+06,0,0,0,0,1,0,757,0,478,4182,0,0,0,0,0,0,0,0,499,-465,0,0,50
167.11,0,0,0,0,100,4014,1.81682,0.00697817,1.83036,89,0,21,21,23,0,-2,0,0,1.9,26,4152,4431,454,172,12,619,38630,36874,110,1026,68,98,1.88501e+06,0,0,0,0,1,30,689,0,481,4176,0,0,0,0,0,0,0,0,499,-474,0,0,50
167.12,0,0,0,0,100,4014,1.81696,0.00699252,1.83068,89,0,21,21,23,0,-2,0,0,1.8,26,4152,4431,454,172,12,619,38630,36874,110,1026,68,98,1.88501e+06,0,0,0,0,1,176,638,0,481,4169,0,0,0,0,0,0,0,0,499,-500,0,0,50
167.13,0,0,0,0,100,4014,1.81709,0.00700688,1.83099,89,0,21,21,23,0,-2,0,0,1.7,26,4150,4431,462,172,12,619,38630,36874,110,1026,68,98,1.9173e+06,0,0,0,0,1,297,558,0,466,4163,0,0,0,0,0,0,0,0,499,-508,0,0,50
167.14,0,0,0,0,100,4017,1.81722,0.00702124,1.8313,89,0,21,21,23,0,-2,0,0,1.6,26,4150,4431,450,172,12,619,38630,36874,110,1026,68,98,1.8675e+06,0,0,0,0,1,297,558,0,466,4163,0,0,0,0,0,0,0,0,499,-508,0,0,50
167.15,0,0,0,0,100,4025,1.81735,0.0070356,1.83162,89,0,21,21,23,0,-2,0,0,1.5,26,4147,4431,453,172,12,619,38630,36874,110,1026,68,98,1.87859e+06,0,0,0,0,1,437,405,0,468,4152,0,0,0,0,0,0,0,0,499,-491,0,0,50
167.16,0,0,0,0,100,4029,1.81748,0.00704995,1.83193,89,0,21,21,23,0,-2,0,0,1.4,26,4147,4431,453,172,12,619,38630,36874,110,1026,68,98,1.87859e+06,0,0,0,0,1,736,0,0,473,4158,0,0,0,0,0,0,0,0,499,-494,0,0,50
167.17,0,0,0,0,100,4027,1.81761,0.00706431,1.83225,89,0,21,21,23,0,-2,0,0,1.3,26,4147,4431,460,172,12,619,38630,36874,110,1026,68,98,1.90762e+06,0,0,0,0,1,891,0,0,487,4150,0,0,0,0,0,0,0,0,499,-536,0,0,50
167.18,0,0,0,0,100,4027,1.81775,0.00707867,1.83256,89,0,21,21,23,0,-2,0,0,1.2,26,4143,4431,454,172,12,619,38630,36874,110,1026,68,98,1.88092e+06,0,0,0,0,1,830,0,0,479,4158,0,0,0,0,0,0,0,0,499,-489,0,0,50
167.19,0,0,0,0,100,4027,1.81788,0.00709302,1.83287,89,0,21,21,23,0,-2,0,0,1.1,26,4143,4431,452,172,12,619,38630,36874,110,1026,68,98,1.87264e+06,0,0,0,0,1,830,0,0,479,4182,0,0,0,0,0,0,0,0,499,-507,0,0,50
167.2,0,0,0,0,100,4029,1.81801,0.00710738,1.83319,89,0,21,21,24,0,-2,0,0,1,26,4143,4431,452,172,12,619,38611,36731,109,1026,87,98,1.87264e+06,0,0,0,0,1,598,0,242,470,4182,0,0,0,0,0,0,0,0,499,-507,0,0,50
167.21,0,0,0,0,100,4034,1.81796,0.00708017,1.83291,89,0,21,21,24,0,-2,0,0,1,26,4146,4429,441,172,12,619,38611,36731,109,1026,87,98,1.82839e+06,0,0,0,0,1,558,0,297,473,4190,0,0,0,0,0,0,0,0,499,-532,0,0,50
167.22,0,0,0,0,100,4037,1.81791,0.00705296,1.83263,89,0,21,21,24,0,-2,0,0,1,26,4146,4429,456,172,12,619,38611,36731,109,1026,87,98,1.89058e+06,0,0,0,0,1,186,0,584,476,4187,0,0,0,0,0,0,0,0,499,-469,0,0,50
167.23,0,0,0,0,100,4041,1.81786,0.00702575,1.83234,89,0,21,21,24,0,-2,0,0,1,26,4146,4429,442,172,12,619,38611,36731,109,1026,87,98,1.83253e+06,0,0,0,0,1,0,0,886,476,4124,0,0,0,0,0,0,0,0,499,-510,0,0,50
167.24,0,0,0,0,100,4041,1.81781,0.00699854,1.83206,89,0,21,21,24,0,-2,0,0,1,26,4146,4429,442,172,12,619,38611,36731,109,1026,87,98,1.83253e+06,0,0,0,0,1,0,0,768,487,4132,0,0,0,0,0,0,0,0,499,-499,0,0,50
167.25,0,0,0,0,100,4042,1.81776,0.00697133,1.83178,89,0,21,21,24,0,-2,0,0,1,26,4141,4429,462,172,12,619,38611,36731,109,1026,87,98,1.91314e+06,0,0,0,0,1,0,257,605,482,4132,0,0,0,0,0,0,0,0,499,-531,0,0,50
167.26,0,0,0,0,100,4042,1.81771,0.00694411,1.8315,89,0,21,21,24,0,-2,0,0,1,26,4141,4429,460,172,12,619,38611,36731,109,1026,87,98,1.90486e+06,0,0,0,0,1,0,257,605,482,4132,0,0,0,0,0,0,0,0,499,-531,0,0,50
167.27,0,0,0,0,100,4046,1.81766,0.0069169,1.83122,89,0,21,21,24,0,-2,0,0,1,26,4141,4429,461,172,12,619,38611,36731,109,1026,87,98,1.909e+06,0,0,0,0,1,0,630,107,481,4141,0,0,0,0,0,0,0,0,499,-473,0,0,50
167.28,0,0,0,0,100,4049,1.81761,0.00688969,1.83094,89,0,21,21,24,0,-2,0,0,1,26,4141,4429,461,172,12,619,38611,36731,109,1026,87,98,1.909e+06,0,0,0,0,1,0,896,0,484,4195,0,0,0,0,0,0,0,0,499,-526,0,0,50
167.29,0,0,0,0,100,4049,1.81756,0.00686248,1.83066,89,0,21,21,24,0,-2,0,0,1,26,4148,4427,455,172,12,619,38611,36731,109,1026,87,98,1.88734e+06,0,0,0,0,1,127,671,0,482,4167,0,0,0,0,0,0,0,0,499,-498,0,0,50
167.3,0,0,0,0,100,4053,1.81751,0.00683527,1.83038,89,0,21,21,23,0,-2,0,0,1,26,4148,4427,456,172,12,619,38620,36885,109,1026,68,98,1.89149e+06,0,0,0,0,1,457,376,0,473,4154,0,0,0,0,0,0,0,0,499,-486,0,0,50
167.31,0,0,0,0,100,4060,1.8175,0.00684788,1.83078,89,0,21,21,23,0,-2,0,0,1,26,4148,4427,462,172,12,619,38620,36885,109,1026,68,98,1.91638e+06,0,0,0,0,1,908,0,0,476,4150,0,0,0,0,0,0,0,0,499,-539,0,0,50
167.32,0,0,0,0,100,4060,1.81748,0.00686048,1.83119,89,0,21,21,23,0,-2,0,0,1,26,4148,4427,462,172,12,619,38620,36885,109,1026,68,98,1.91638e+06,0,0,0,0,1,908,0,0,476,4150,0,0,0,0,0,0,0,0,499,-539,0,0,50
167.33,0,0,0,0,100,4061,1.81747,0.00687308,1.83159,89,0,21,21,23,0,-2,0,0,1,26,4141,4427,450,172,12,619,38620,36885,109,1026,68,98,1.86345e+06,0,0,0,0,1,658,0,166,495,4158,0,0,0,0,0,0,0,0,499,-513,0,0,50
167.34,0,0,0,0,100,4061,1.81746,0.00688569,1.83199,89,0,21,21,23,0,-2,0,0,1,26,4141,4428,460,172,12,619,38620,36885,109,1026,68,98,1.90486e+06,0,0,0,0,1,141,0,631,485,4169,0,0,0,0,0,0,0,0,499,-464,0,0,50
167.35,0,0,0,0,100,4060,1.81745,0.00689829,1.8324,89,0,21,21,23,0,-2,0,0,1,26,4141,4428,455,172,12,619,38620,36885,109,1026,68,98,1.88416e+06,0,0,0,0,1,0,0,854,481,4130,0,0,0,0,0,0,0,0,499,-481,0,0,50
167.36,0,0,0,0,100,4064,1.81743,0.0069109,1.8328,89,0,21,21,23,0,-2,0,0,1,26,4141,4428,455,172,12,619,38620,36885,109,1026,68,98,1.88416e+06,0,0,0,0,1,0,275,586,476,4143,0,0,0,0,0,0,0,0,499,-509,0,0,50
167.37,0,0,0,0,100,4064,1.81742,0.0069235,1.83321,89,0,21,21,23,0,-2,0,0,1,26,4144,4428,456,173,13,619,38620,36885,109,1026,68,98,1.88966e+06,0,0,0,0,1,0,815,0,471,4193,0,0,0,0,0,0,0,0,499,-502,0,0,50
167.38,0,0,0,0,100,4070,1.81741,0.00693611,1.83361,89,0,21,21,23,0,-2,0,0,1,26,4141,4428,456,173,13,619,38620,36885,109,1026,68,98,1.8883e+06,0,0,0,0,1,0,815,0,471,4193,0,0,0,0,0,0,0,0,499,-502,0,0,50
167.39,0,0,0,0,100,4077,1.81739,0.00694871,1.83401,89,0,21,21,23,0,-2,0,0,1,26,4141,4428,457,173,13,619,38620,36885,109,1026,68,98,1.89244e+06,0,0,0,0,1,176,636,0,479,4169,0,0,0,0,0,0,0,0,499,-531,0,0,50
167.4,0,0,0,0,100,4078,1.81738,0.00696132,1.83442,89,0,21,21,24,0,-2,0,0,1,26,4141,4428,457,173,13,619,38569,36756,109,1026,68,98,1.89244e+06,0,0,0,0,1,804,0,0,492,4147,0,0,0,0,0,0,0,0,499,-545,0,0,50
167.41,0,0,0,0,100,4075,1.81664,0.00695673,1.83425,89,0,21,21,24,0,-2,0,0,1,26,4144,4428,467,173,13,619,38569,36756,109,1026,68,98,1.93525e+06,0,0,0,0,1,744,0,0,487,4156,0,0,0,0,0,0,0,0,499,-522,0,0,50
167.42,0,0,0,0,100,4078,1.81591,0.00695214,1.83409,89,0,21,21,24,0,-2,0,0,1,26,4144,4428,471,173,13,619,38569,36756,109,1026,68,98,1.95182e+06,0,0,0,0,1,43,0,645,481,4171,0,0,0,0,0,0,0,0,499,-504,0,0,50
167.43,0,0,0,0,100,4078,1.81517,0.00694755,1.83392,89,0,21,21,24,0,-2,0,0,1,26,4144,4428,459,173,13,619,38569,36756,109,1026,68,98,1.9021e+06,0,0,0,0,1,0,0,727,478,4132,0,0,0,0,0,0,0,0,499,-522,0,0,50
167.44,0,0,0,0,100,4083,1.81443,0.00694297,1.83376,89,0,21,21,24,0,-2,0,0,1,26,4144,4428,459,173,13,619,38569,36756,109,1026,68,98,1.9021e+06,0,0,0,0,1,0,0,727,478,4132,0,0,0,0,0,0,0,0,499,-522,0,0,50
167.45,0,0,0,0,100,4086,1.81369,0.00693838,1.83359,89,0,21,21,24,0,-2,0,0,1,26,4142,4428,449,173,13,619,38569,36756,109,1026,68,98,1.85976e+06,0,0,0,0,1,0,849,0,487,4188,0,0,0,0,0,0,0,0,499,-497,0,0,50
167.46,0,0,0,0,100,4091,1.81295,0.00693379,1.83343,89,0,21,21,24,0,-2,0,0,1,26,4144,4428,456,173,13,619,38569,36756,109,1026,68,98,1.88966e+06,0,0,0,0,1,311,572,0,485,4152,0,0,0,0,0,0,0,0,499,-524,0,0,50
167.47,0,0,0,0,100,4094,1.81222,0.0069292,1.83326,89,0,21,21,24,0,-2,0,0,1,26,4144,4428,460,173,12,619,38569,36756,109,1026,68,98,1.90624e+06,0,0,0,0,1,912,0,0,493,4141,0,0,0,0,0,0,0,0,499,-535,0,0,50
167.48,0,0,0,0,100,4093,1.81148,0.00692462,1.8331,89,0,21,21,24,0,-2,0,0,1,26,4144,4428,460,173,12,619,38569,36756,109,1026,68,98,1.90624e+06,0,0,0,0,1,457,0,410,495,4178,0,0,0,0,0,0,0,0,499,-504,0,0,50
167.49,0,0,0,0,100,4093,1.81074,0.00692003,1.83293,89,0,21,21,24,0,-2,0,0,1,26,4147,4428,467,173,12,619,38569,36756,109,1026,68,98,1.93665e+06,0,0,0,0,1,0,0,807,484,4124,0,0,0,0,0,0,0,0,499,-466,0,0,50
167.5,0,0,0,0,100,4096,1.81,0.00691544,1.83277,89,0,21,21,23,0,-2,0,0,1,26,4147,4428,463,173,12,619,38626,36781,109,1026,65,98,1.92006e+06,0,0,0,0,1,0,0,807,484,4124,0,0,0,0,0,0,0,0,499,-466,0,0,50
167.51,0,0,0,0,100,4098,1.81083,0.00693105,1.83263,89,0,21,21,23,0,-2,0,0,1,26,4138,4428,454,173,12,619,38626,36781,109,1026,65,98,1.87865e+06,0,0,0,0,1,0,716,68,484,4139,0,0,0,0,0,0,0,0,499,-489,0,0,50
167.52,0,0,0,0,100,4101,1.81165,0.00694666,1.8325,89,0,21,21,23,0,-2,0,0,1,26,4138,4428,454,173,12,619,38626,36781,109,1026,65,98,1.87865e+06,0,0,0,0,1,218,636,0,490,4156,0,0,0,0,0,0,0,0,499,-518,0,0,50
167.53,0,0,0,0,100,4105,1.81248,0.00696227,1.83237,89,0,21,21,23,0,-2,0,0,1,26,4147,4428,464,173,12,619,38626,36781,109,1026,65,98,1.92421e+06,0,0,0,0,1,914,0,0,484,4139,0,0,0,0,0,0,0,0,499,-539,0,0,50
167.54,0,0,0,0,100,4111,1.8133,0.00697788,1.83223,89,0,21,21,23,0,-2,0,0,1,26,4147,4428,465,173,12,619,38626,36781,109,1026,65,98,1.92836e+06,0,0,0,0,1,271,0,522,477,4184,0,0,0,0,0,0,0,0,499,-463,0,0,50
167.55,0,0,0,0,100,4111,1.81413,0.00699349,1.8321,89,0,21,21,23,0,-2,0,0,1,26,4139,4428,463,173,12,619,38626,36781,109,1026,65,98,1.91636e+06,0,0,0,0,1,0,161,686,496,4124,0,0,0,0,0,0,0,0,499,-533,0,0,50
167.56,0,0,0,0,100,4114,1.81495,0.0070091,1.83197,89,0,21,21,23,0,-2,0,0,1,26,4139,4428,463,173,12,619,38626,36781,109,1026,65,98,1.91636e+06,0,0,0,0,1,0,161,686,496,4124,0,0,0,0,0,0,0,0,499,-533,0,0,50
167.57,0,0,0,0,100,4113,1.81578,0.00702471,1.83183,89,0,21,21,23,0,-2,0,0,1,26,4139,4427,463,173,12,619,38626,36781,109,1026,65,98,1.91636e+06,0,0,0,0,1,0,882,0,494,4182,0,0,0,0,0,0,0,0,499,-518,0,0,50
167.58,0,0,0,0,100,4112,1.8166,0.00704032,1.8317,89,0,21,21,23,0,-2,0,0,1,26,4139,4427,461,173,12,619,38626,36781,109,1026,65,98,1.90808e+06,0,0,0,0,1,598,181,0,489,4145,0,0,0,0,0,0,0,0,499,-477,0,0,50
167.59,0,0,0,0,100,4115,1.81743,0.00705593,1.83157,89,0,21,21,23,0,-2,0,0,1,26,4142,4427,463,173,12,619,38626,36781,109,1026,65,98,1.91775e+06,0,0,0,0,1,621,0,207,489,4165,0,0,0,0,0,0,0,0,499,-502,0,0,50
167.6,0,0,0,0,100,4121,1.81825,0.00707154,1.83144,89,0,21,21,23,0,-2,0,0,1,26,4142,4427,463,173,12,619,38532,36649,109,1026,87,98,1.91775e+06,0,0,0,0,1,0,0,810,477,4128,0,0,0,0,0,0,0,0,499,-467,0,0,50
167.61,0,0,0,0,100,4121,1.81834,0.00708767,1.83115,89,0,21,21,23,0,-2,0,0,1,26,4141,4427,462,173,12,619,38532,36649,109,1026,87,98,1.91314e+06,0,0,0,0,1,0,791,0,485,4176,0,0,0,0,0,0,0,0,499,-493,0,0,50
167.62,0,0,0,0,100,4127,1.81842,0.00710381,1.83087,89,0,21,21,23,0,-2,0,0,1,26,4137,4427,455,173,12,619,38532,36649,109,1026,87,98,1.88234e+06,0,0,0,0,1,0,791,0,485,4176,0,0,0,0,0,0,0,0,499,-493,0,0,50
167.63,0,0,0,0,100,4129,1.8185,0.00711995,1.83059,89,0,21,21,23,0,-2,0,0,1,26,4137,4427,467,173,12,619,38532,36649,109,1026,87,98,1.93198e+06,0,0,0,0,1,576,263,0,492,4135,0,0,0,0,0,0,0,0,499,-503,0,0,50
167.64,0,0,0,0,100,4125,1.81858,0.00713608,1.83031,89,0,21,21,23,0,-2,0,0,1,26,4137,4427,467,173,12,619,38532,36649,109,1026,87,98,1.93198e+06,0,0,0,0,1,596,0,238,500,4158,0,0,0,0,0,0,0,0,499,-524,0,0,50
167.65,0,0,0,0,100,4127,1.81866,0.00715222,1.83002,89,0,21,21,23,0,-2,0,0,1,26,4137,4427,476,173,12,619,38532,36649,109,1026,87,98,1.96921e+06,0,0,0,0,1,0,0,793,488,4122,0,0,0,0,0,0,0,0,499,-491,0,0,50
167.66,0,0,0,0,100,4132,1.81875,0.00716836,1.82974,89,0,21,21,23,0,-2,0,0,1,26,4135,4427,469,173,12,619,38532,36649,109,1026,87,98,1.93932e+06,0,0,0,0,1,0,856,0,482,4188,0,0,0,0,0,0,0,0,499,-510,0,0,50
167.67,0,0,0,0,100,4132,1.81883,0.00718449,1.82946,89,0,21,21,23,0,-2,0,0,1,26,4135,4427,469,173,12,619,38532,36649,109,1026,87,98,1.93932e+06,0,0,0,0,1,742,15,0,492,4143,0,0,0,0,0,0,0,0,499,-507,0,0,50
167.68,0,0,0,0,100,4135,1.81891,0.00720063,1.82918,89,0,21,21,23,0,-2,0,0,1,26,4135,4427,469,173,12,619,38532,36649,109,1026,87,98,1.93932e+06,0,0,0,0,1,742,15,0,492,4143,0,0,0,0,0,0,0,0,499,-507,0,0,50
167.69,0,0,0,0,100,4137,1.81899,0.00721677,1.8289,89,0,21,21,23,0,-2,0,0,1,26,4137,4427,463,173,12,619,38532,36649,109,1026,87,98,1.91543e+06,0,0,0,0,1,443,0,434,496,4184,0,0,0,0,0,0,0,0,499,-497,0,0,50
167.7,0,0,0,0,100,4141,1.81908,0.0072329,1.82861,89,0,21,21,23,0,-2,0,0,1,26,4140,4427,471,173,12,619,38522,36646,110,1026,65,98,1.94994e+06,0,0,0,0,1,0,445,402,483,4130,0,0,0,0,0,0,0,0,499,-485,0,0,50
167.71,0,0,0,0,100,4142,1.81821,0.00722864,1.82901,89,0,21,21,23,0,-2,0,0,1.1,26,4140,4427,477,173,12,619,38522,36646,110,1026,65,98,1.97478e+06,0,0,0,0,1,92,650,0,489,4161,0,0,0,0,0,0,0,0,499,-471,0,0,50
167.72,0,0,0,0,100,4145,1.81734,0.00722437,1.82941,89,0,21,21,23,0,-2,0,0,1.2,26,4140,4427,477,173,12,619,38522,36646,110,1026,65,98,1.97478e+06,0,0,0,0,1,787,0,0,487,4147,0,0,0,0,0,0,0,0,499,-479,0,0,50
167.73,0,0,0,0,100,4145,1.81646,0.00722011,1.82981,89,0,21,21,23,0,-2,0,0,1.3,26,4130,4427,468,173,12,619,38522,36646,110,1026,65,98,1.93284e+06,0,0,0,0,1,0,0,869,493,4120,0,0,0,0,0,0,0,0,499,-508,0,0,50
167.74,0,0,0,0,100,4146,1.81559,0.00721584,1.83021,89,0,21,21,23,0,-2,0,0,1.4,26,4130,4427,451,173,12,619,38522,36646,110,1026,65,98,1.86263e+06,0,0,0,0,1,0,0,869,493,4120,0,0,0,0,0,0,0,0,499,-508,0,0,50
167.75,0,0,0,0,100,4147,1.81472,0.00721157,1.83061,89,0,21,21,23,0,-2,0,0,1.5,26,4135,4427,460,173,12,619,38522,36646,110,1026,65,98,1.9021e+06,0,0,0,0,1,0,855,0,498,4182,0,0,0,0,0,0,0,0,499,-519,0,0,50
167.76,0,0,0,0,100,4149,1.81385,0.00720731,1.83101,89,0,21,21,23,0,-2,0,0,1.6,26,4135,4427,460,173,12,619,38522,36646,110,1026,65,98,1.9021e+06,0,0,0,0,1,760,0,0,489,4150,0,0,0,0,0,0,0,0,499,-488,0,0,50
167.77,0,0,0,0,100,4155,1.81298,0.00720304,1.8314,89,0,21,21,23,0,-2,0,0,1.7,26,4136,4427,471,173,12,619,38522,36646,110,1026,65,98,1.94806e+06,0,0,0,0,1,62,0,660,483,4158,0,0,0,0,0,0,0,0,499,-465,0,0,50
167.78,0,0,0,0,100,4159,1.81211,0.00719878,1.8318,89,0,21,21,23,0,-2,0,0,1.8,26,4136,4427,470,173,12,619,38522,36646,110,1026,65,98,1.94392e+06,0,0,0,0,1,0,613,205,494,4122,0,0,0,0,0,0,0,0,499,-483,0,0,50
167.79,0,0,0,0,100,4158,1.81124,0.00719451,1.8322,89,0,21,21,23,0,-2,0,0,1.9,26,4136,4427,474,173,12,619,38522,36646,110,1026,65,98,1.96046e+06,0,0,0,0,1,598,220,0,496,4137,0,0,0,0,0,0,0,0,499,-495,0,0,50
167.8,0,0,0,0,100,4158,1.81037,0.00719025,1.8326,89,0,21,21,23,0,-2,0,0,2,27,4136,4427,474,173,12,619,38512,36634,109,1026,64,98,1.96046e+06,0,0,0,0,1,598,220,0,496,4137,0,0,0,0,0,0,0,0,499,-495,0,0,50
167.81,0,0,0,0,100,4157,1.81106,0.00718151,1.83258,89,0,21,21,23,0,-2,0,0,1.9,27,4139,4427,474,173,12,619,38512,36634,109,1026,64,98,1.96189e+06,0,0,0,0,1,379,0,451,498,4180,0,0,0,0,0,0,0,0,499,-508,0,0,50
167.82,0,0,0,0,100,4161,1.81176,0.00717277,1.83256,89,0,21,21,23,0,-2,0,0,1.8,27,4139,4427,475,173,12,619,38512,36634,109,1026,64,98,1.96602e+06,0,0,0,0,1,0,396,457,492,4126,0,0,0,0,0,0,0,0,499,-520,0,0,50
167.83,0,0,0,0,100,4165,1.81245,0.00716403,1.83254,89,0,21,21,23,0,-2,0,0,1.7,27,4133,4427,475,173,12,619,38512,36634,109,1026,64,98,1.96318e+06,0,0,0,0,1,400,484,0,486,4137,0,0,0,0,0,0,0,0,499,-516,0,0,50
167.84,0,0,0,0,100,4171,1.81315,0.00715529,1.83252,89,0,21,21,23,0,-2,0,0,1.6,27,4133,4427,475,173,12,619,38512,36634,109,1026,64,98,1.96318e+06,0,0,0,0,1,440,0,422,489,4188,0,0,0,0,0,0,0,0,499,-492,0,0,50
167.85,0,0,0,0,100,4174,1.81384,0.00714655,1.8325,89,0,21,21,23,0,-2,0,0,1.5,27,4132,4427,474,173,12,619,38512,36634,109,1026,64,98,1.95857e+06,0,0,0,0,1,0,480,373,498,4120,0,0,0,0,0,0,0,0,499,-495,0,0,50
167.86,0,0,0,0,100,4174,1.81454,0.00713781,1.83248,89,0,21,21,23,0,-2,0,0,1.4,27,4132,4427,472,173,12,619,38512,36634,109,1026,64,98,1.9503e+06,0,0,0,0,1,0,480,373,498,4120,0,0,0,0,0,0,0,0,499,-495,0,0,50
167.87,0,0,0,0,100,4171,1.81523,0.00712907,1.83246,89,0,21,21,23,0,-2,0,0,1.3,27,4132,4427,480,173,12,619,38512,36634,109,1026,64,98,1.98336e+06,0,0,0,0,1,592,202,0,502,4137,0,0,0,0,0,0,0,0,499,-483,0,0,50
167.88,0,0,0,0,100,4173,1.81593,0.00712033,1.83244,89,0,21,21,23,0,-2,0,0,1.2,27,4132,4427,480,173,12,619,38512,36634,109,1026,64,98,1.98336e+06,0,0,0,0,1,145,0,623,498,4154,0,0,0,0,0,0,0,0,499,-484,0,0,50
167.89,0,0,0,0,100,4178,1.81662,0.00711159,1.83242,89,0,21,21,23,0,-2,0,0,1.1,27,4130,4427,471,173,12,619,38512,36634,109,1026,64,98,1.94523e+06,0,0,0,0,1,0,698,21,492,4135,0,0,0,0,0,0,0,0,499,-485,0,0,50
167.9,0,0,0,0,100,4180,1.81732,0.00710285,1.8324,89,0,21,21,23,0,-2,0,0,1,26,4130,4427,465,173,12,619,38487,36537,109,1026,64,98,1.92045e+06,0,0,0,0,1,832,0,0,496,4130,0,0,0,0,0,0,0,0,499,-551,0,0,50
167.91,0,0,0,0,100,4180,1.81675,0.00711352,1.83245,89,0,21,21,23,0,-2,0,0,1,26,4130,4427,471,173,12,619,38487,36537,109,1026,64,98,1.94523e+06,0,0,0,0,1,0,0,912,498,4115,0,0,0,0,0,0,0,0,499,-466,0,0,50
167.92,0,0,0,0,100,4183,1.81617,0.0071242,1.8325,89,0,21,21,23,0,-2,0,0,1,26,4130,4427,471,173,12,619,38487,36537,109,1026,64,98,1.94523e+06,0,0,0,0,1,0,0,912,498,4115,0,0,0,0,0,0,0,0,499,-466,0,0,50
167.93,0,0,0,0,100,4188,1.8156,0.00713488,1.83254,89,0,21,21,23,0,-2,0,0,1,26,4136,4426,473,173,12,619,38487,36537,109,1026,64,98,1.95633e+06,0,0,0,0,1,0,820,0,495,4178,0,0,0,0,0,0,0,0,499,-474,0,0,50
167.94,0,0,0,0,100,4189,1.81503,0.00714556,1.83259,89,0,21,21,23,0,-2,0,0,1,26,4136,4426,488,173,12,619,38487,36537,109,1026,64,98,2.01837e+06,0,0,0,0,1,746,0,0,496,4143,0,0,0,0,0,0,0,0,499,-512,0,0,50
167.95,0,0,0,0,100,4192,1.81445,0.00715624,1.83264,89,0,21,21,23,0,-2,0,0,1,26,4136,4426,490,173,12,619,38487,36537,109,1026,64,98,2.02664e+06,0,0,0,0,1,0,621,148,500,4117,0,0,0,0,0,0,0,0,499,-487,0,0,50
167.96,0,0,0,0,100,4193,1.81388,0.00716692,1.83269,89,0,21,21,23,0,-2,0,0,1,26,4136,4426,490,173,12,619,38487,36537,109,1026,64,98,2.02664e+06,0,0,0,0,1,621,150,0,500,4139,0,0,0,0,0,0,0,0,499,-479,0,0,50
167.97,0,0,0,0,100,4193,1.8133,0.0071776,1.83273,89,0,21,21,23,0,-2,0,0,1,26,4134,4426,468,173,12,619,38487,36537,109,1026,64,98,1.93471e+06,0,0,0,0,1,0,0,815,503,4106,0,0,0,0,0,0,0,0,499,-495,0,0,50
167.98,0,0,0,0,100,4194,1.81273,0.00718828,1.83278,89,0,21,21,23,0,-2,0,0,1,26,4133,4426,471,173,12,619,38487,36537,109,1026,64,98,1.94664e+06,0,0,0,0,1,0,0,815,503,4106,0,0,0,0,0,0,0,0,499,-495,0,0,50
167.99,0,0,0,0,100,4198,1.81216,0.00719895,1.83283,89,0,21,21,23,0,-2,0,0,1,26,4133,4426,477,173,12,619,38487,36537,109,1026,64,98,1.97144e+06,0,0,0,0,1,0,847,0,492,4184,0,0,0,0,0,0,0,0,499,-495,0,0,50
168,0,0,0,0,100,4205,1.81158,0.00720963,1.83288,89,0,21,21,23,0,-2,0,0,1,26,4133,4426,477,173,12,619,38476,36602,109,1026,65,98,1.97144e+06,0,0,0,0,1,676,0,45,484,4152,0,0,0,0,0,0,0,0,499,-470,0,0,50
168.01,0,0,0,0,100,4208,1.81245,0.0072094,1.83293,89,0,21,21,23,0,-2,0,0,1,26,4134,4426,478,173,12,619,38476,36602,109,1026,65,98,1.97605e+06,0,0,0,0,1,0,345,578,506,4120,0,0,0,0,0,0,0,0,499,-555,0,0,50
168.02,0,0,0,0,100,4207,1.81331,0.00720916,1.83298,89,0,21,21,23,0,-2,0,0,1,26,4134,4427,476,173,12,619,38476,36602,109,1026,65,98,1.96778e+06,0,0,0,0,1,725,15,0,505,4137,0,0,0,0,0,0,0,0,499,-495,0,0,50
168.03,0,0,0,0,100,4207,1.81418,0.00720893,1.83304,89,0,21,21,23,0,-2,0,0,1,26,4130,4427,472,173,12,619,38476,36602,109,1026,65,98,1.94936e+06,0,0,0,0,1,0,0,877,502,4113,0,0,0,0,0,0,0,0,499,-490,0,0,50
168.04,0,0,0,0,100,4206,1.81504,0.00720869,1.83309,89,0,21,21,23,0,-2,0,0,1,26,4130,4427,472,173,12,619,38476,36602,109,1026,65,98,1.94936e+06,0,0,0,0,1,0,0,877,502,4113,0,0,0,0,0,0,0,0,499,-490,0,0,50
168.05,0,0,0,0,100,4211,1.81591,0.00720845,1.83314,89,0,21,21,23,0,-2,0,0,1,26,4133,4427,474,173,12,619,38476,36602,109,1026,65,98,1.95904e+06,0,0,0,0,1,59,659,0,495,4165,0,0,0,0,0,0,0,0,499,-464,0,0,50
168.06,0,0,0,0,100,4216,1.81677,0.00720822,1.8332,89,0,21,21,23,0,-2,0,0,1,26,4133,4427,483,173,12,619,38476,36602,109,1026,65,98,1.99624e+06,0,0,0,0,1,473,0,396,493,4176,0,0,0,0,0,0,0,0,499,-520,0,0,50
168.07,0,0,0,0,100,4221,1.81764,0.00720798,1.83325,89,0,21,21,23,0,-2,0,0,1,26,4133,4427,473,173,12,619,38476,36602,109,1026,65,98,1.95491e+06,0,0,0,0,1,0,855,0,503,4176,0,0,0,0,0,0,0,0,499,-520,0,0,50
168.08,0,0,0,0,100,4222,1.8185,0.00720775,1.8333,89,0,21,21,23,0,-2,0,0,1,26,4133,4427,473,173,12,619,38476,36602,109,1026,65,98,1.95491e+06,0,0,0,0,1,758,0,0,510,4135,0,0,0,0,0,0,0,0,499,-488,0,0,50
168.09,0,0,0,0,100,4222,1.81937,0.00720751,1.83336,89,0,21,21,23,0,-2,0,0,1,26,4131,4427,479,173,12,619,38476,36602,109,1026,65,98,1.97875e+06,0,0,0,0,1,0,358,543,504,4113,0,0,0,0,0,0,0,0,499,-532,0,0,50
168.1,0,0,0,0,100,4220,1.82023,0.00720727,1.83341,89,0,21,21,23,0,-2,0,0,1,26,4131,4427,490,173,12,619,38487,36571,109,1026,65,98,2.02419e+06,0,0,0,0,1,0,358,543,504,4113,0,0,0,0,0,0,0,0,499,-532,0,0,50
168.11,0,0,0,0,100,4223,1.82051,0.00718795,1.83331,89,0,21,21,23,0,-2,0,0,1,26,4131,4427,486,173,12,619,38487,36571,109,1026,65,98,2.00767e+06,0,0,0,0,1,818,0,0,500,4139,0,0,0,0,0,0,0,0,499,-501,0,0,50
168.12,0,0,0,0,100,4228,1.82078,0.00716863,1.83321,89,0,21,21,23,0,-2,0,0,1,26,4131,4427,486,173,12,619,38487,36571,109,1026,65,98,2.00767e+06,0,0,0,0,1,0,41,676,500,4128,0,0,0,0,0,0,0,0,499,-499,0,0,50
168.13,0,0,0,0,100,4231,1.82106,0.00714931,1.83312,89,0,21,21,23,0,-2,0,0,1,26,4128,4427,478,173,12,619,38487,36571,109,1026,65,98,1.97318e+06,0,0,0,0,1,574,273,0,506,4130,0,0,0,0,0,0,0,0,499,-506,0,0,50
168.14,0,0,0,0,100,4234,1.82133,0.00712999,1.83302,89,0,21,21,23,0,-2,0,0,1,26,4128,4427,474,173,12,619,38487,36571,109,1026,65,98,1.95667e+06,0,0,0,0,1,0,0,859,500,4113,0,0,0,0,0,0,0,0,499,-483,0,0,50
168.15,0,0,0,0,100,4234,1.82161,0.00711067,1.83292,89,0,21,21,23,0,-2,0,0,1,26,4125,4427,481,173,12,619,38487,36571,109,1026,65,98,1.98412e+06,0,0,0,0,1,334,552,0,504,4141,0,0,0,0,0,0,0,0,499,-524,0,0,50
168.16,0,0,0,0,100,4238,1.82188,0.00709135,1.83282,89,0,21,21,23,0,-2,0,0,1,26,4125,4427,481,173,12,619,38487,36571,109,1026,65,98,1.98412e+06,0,0,0,0,1,334,552,0,504,4141,0,0,0,0,0,0,0,0,499,-524,0,0,50
168.17,0,0,0,0,100,4239,1.82216,0.00707203,1.83272,89,0,21,21,23,0,-2,0,0,1,26,4125,4427,490,173,12,619,38487,36571,109,1026,65,98,2.02125e+06,0,0,0,0,1,0,0,859,508,4109,0,0,0,0,0,0,0,0,499,-520,0,0,50
168.18,0,0,0,0,100,4241,1.82243,0.00705271,1.83262,89,0,21,21,23,0,-2,0,0,1,26,4128,4427,489,173,12,619,38487,36571,109,1026,65,98,2.01859e+06,0,0,0,0,1,232,630,0,511,4139,0,0,0,0,0,0,0,0,499,-520,0,0,50
168.19,0,0,0,0,100,4241,1.82271,0.00703339,1.83253,89,0,21,21,23,0,-2,0,0,1,26,4128,4427,488,173,12,619,38487,36571,109,1026,65,98,2.01446e+06,0,0,0,0,1,0,0,752,504,4122,0,0,0,0,0,0,0,0,499,-468,0,0,50
168.2,0,0,0,0,100,4243,1.82298,0.00701407,1.83243,89,0,21,21,24,0,-2,0,0,1,26,4128,4427,488,173,12,619,38440,36460,109,1026,65,98,2.01446e+06,0,0,0,0,1,273,574,0,506,4150,0,0,0,0,0,0,0,0,499,-506,0,0,50
168.21,0,0,0,0,100,4249,1.82246,0.00701315,1.83256,89,0,21,21,24,0,-2,0,0,1,26,4132,4427,481,173,12,619,38440,36460,109,1026,65,98,1.98749e+06,0,0,0,0,1,8,0,705,498,4132,0,0,0,0,0,0,0,0,499,-479,0,0,50
168.22,0,0,0,0,100,4249,1.82193,0.00701223,1.83269,89,0,21,21,24,0,-2,0,0,1,26,4132,4427,489,173,12,619,38440,36460,109,1026,65,98,2.02055e+06,0,0,0,0,1,8,0,705,498,4132,0,0,0,0,0,0,0,0,499,-479,0,0,50
168.23,0,0,0,0,100,4255,1.8214,0.0070113,1.83282,89,0,21,21,24,0,-2,0,0,1,26,4132,4427,480,173,12,619,38440,36460,109,1026,65,98,1.98336e+06,0,0,0,0,1,80,665,0,498,4147,0,0,0,0,0,0,0,0,499,-477,0,0,50
168.24,0,0,0,0,100,4252,1.82088,0.00701038,1.83295,89,0,21,21,24,0,-2,0,0,1,26,4132,4427,480,173,12,619,38440,36460,109,1026,65,98,1.98336e+06,0,0,0,0,1,0,0,730,512,4117,0,0,0,0,0,0,0,0,499,-471,0,0,50
168.25,0,0,0,0,100,4252,1.82035,0.00700946,1.83309,89,0,21,21,24,0,-2,0,0,1,26,4129,4427,486,173,12,619,38440,36460,109,1026,65,98,2.00669e+06,0,0,0,0,1,182,628,0,514,4143,0,0,0,0,0,0,0,0,499,-492,0,0,50
168.26,0,0,0,0,100,4253,1.81982,0.00700854,1.83322,89,0,21,21,24,0,-2,0,0,1,26,4129,4427,481,173,12,619,38440,36460,109,1026,65,98,1.98605e+06,0,0,0,0,1,0,0,780,500,4104,0,0,0,0,0,0,0,0,499,-501,0,0,50
168.27,0,0,0,0,100,4253,1.8193,0.00700762,1.83335,89,0,21,21,24,0,-2,0,0,1,26,4129,4427,489,173,12,619,38440,36460,109,1026,65,98,2.01908e+06,0,0,0,0,1,232,601,0,500,4141,0,0,0,0,0,0,0,0,499,-502,0,0,50
168.28,0,0,0,0,100,4258,1.81877,0.0070067,1.83348,89,0,21,21,24,0,-2,0,0,1,26,4129,4427,489,173,12,619,38440,36460,109,1026,65,98,2.01908e+06,0,0,0,0,1,232,601,0,500,4141,0,0,0,0,0,0,0,0,499,-502,0,0,50
168.29,0,0,0,0,100,4261,1.81824,0.00700578,1.83361,89,0,21,21,24,0,-2,0,0,1,26,4124,4427,485,173,12,619,38440,36460,109,1026,65,98,2.00014e+06,0,0,0,0,1,0,0,886,499,4102,0,0,0,0,0,0,0,0,499,-501,0,0,50
168.3,0,0,0,0,100,4265,1.81772,0.00700486,1.83374,89,0,21,21,24,0,-2,0,0,1,26,4124,4427,484,173,12,619,38410,36479,110,1026,65,98,1.99602e+06,0,0,0,0,1,410,519,0,505,4132,0,0,0,0,0,0,0,0,499,-544,0,0,50
168.31,0,0,0,0,100,4263,1.81818,0.00700172,1.83405,89,0,21,21,24,0,-2,0,0,1,26,4128,4427,474,173,12,619,38410,36479,110,1026,65,98,1.95667e+06,0,0,0,0,1,0,0,801,511,4113,0,0,0,0,0,0,0,0,499,-486,0,0,50
168.32,0,0,0,0,100,4262,1.81864,0.00699858,1.83436,89,0,21,21,24,0,-2,0,0,1,26,4128,4427,474,173,12,619,38410,36479,110,1026,65,98,1.95667e+06,0,0,0,0,1,637,142,0,506,4130,0,0,0,0,0,0,0,0,499,-485,0,0,50
168.33,0,0,0,0,100,4264,1.8191,0.00699544,1.83467,89,0,21,21,24,0,-2,0,1,1,26,4131,4427,493,173,12,619,38410,36479,110,1026,65,98,2.03658e+06,0,0,0,0,1,0,58,695,500,4124,0,0,0,0,0,0,0,0,499,-472,0,0,50
168.34,0,0,0,0,100,4264,1.81956,0.0069923,1.83498,89,0,21,21,24,0,-2,0,1,1,26,4131,4427,492,173,12,619,38410,36479,110,1026,65,98,2.03245e+06,0,0,0,0,1,0,58,695,500,4124,0,0,0,0,0,0,0,0,499,-472,0,0,50
168.35,0,0,0,0,100,4268,1.82002,0.00698915,1.83529,89,0,21,21,24,0,-2,0,1,1,26,4124,4427,484,173,12,619,38410,36479,110,1026,65,98,1.99602e+06,0,0,0,0,1,845,0,0,502,4139,0,0,0,0,0,0,0,0,499,-521,0,0,50
168.36,0,0,0,0,100,4270,1.82048,0.00698601,1.8356,89,0,21,21,24,0,-2,0,1,1,26,4124,4427,484,173,12,619,38410,36479,110,1026,65,98,1.99602e+06,0,0,0,0,1,0,357,541,511,4117,0,0,0,0,0,0,0,0,499,-540,0,0,50
168.37,0,0,0,0,100,4274,1.82094,0.00698287,1.83591,89,0,21,21,24,0,-2,0,0,1,26,4125,4427,484,173,12,619,38410,36479,110,1026,65,98,1.9965e+06,0,0,0,0,1,785,0,0,506,4139,0,0,0,0,0,0,0,0,499,-474,0,0,50
168.38,0,0,0,0,100,4277,1.8214,0.00697973,1.83622,89,0,21,21,24,0,-2,0,0,1,26,4125,4427,488,173,12,619,38410,36479,110,1026,65,98,2.013e+06,0,0,0,0,1,0,724,0,506,4147,0,0,0,0,0,0,0,0,499,-466,0,0,50
168.39,0,0,0,0,100,4277,1.82186,0.00697659,1.83653,89,0,21,21,24,0,-2,0,0,1,26,4128,4427,489,173,12,619,38410,36479,110,1026,65,98,2.01859e+06,0,0,0,0,1,566,0,265,511,4167,0,0,0,0,0,0,0,0,499,-534,0,0,50
168.4,0,0,0,0,100,4277,1.82233,0.00697345,1.83683,89,0,21,21,24,0,-2,0,0,1,26,4128,4427,489,173,12,619,38452,36323,109,1026,65,98,2.01859e+06,0,0,0,0,1,566,0,265,511,4167,0,0,0,0,0,0,0,0,499,-534,0,0,50
168.41,0,0,0,0,100,4275,1.82157,0.00696927,1.83617,89,0,21,21,24,0,-2,0,0,1,26,4124,4427,482,173,12,619,38452,36323,109,1026,65,98,1.98777e+06,0,0,0,0,1,0,765,0,511,4167,0,0,0,0,0,0,0,0,499,-455,0,0,50
168.42,0,0,0,0,100,4275,1.8208,0.00696509,1.83551,89,0,21,21,24,0,-2,0,0,1,26,4124,4427,485,173,12,619,38452,36323,109,1026,65,98,2.00014e+06,0,0,0,0,1,0,0,719,510,4117,0,0,0,0,0,0,0,0,499,-515,0,0,50
168.43,0,0,0,0,100,4280,1.82004,0.00696091,1.83485,89,0,21,21,24,0,-2,0,0,1,26,4124,4427,483,173,12,619,38452,36323,109,1026,65,98,1.99189e+06,0,0,0,0,1,268,591,0,499,4137,0,0,0,0,0,0,0,0,499,-483,0,0,50
168.44,0,0,0,0,100,4288,1.81928,0.00695673,1.83419,89,0,21,21,24,0,-2,0,0,1,26,4124,4427,483,173,12,619,38452,36323,109,1026,65,98,1.99189e+06,0,0,0,0,1,0,0,715,495,4117,0,0,0,0,0,0,0,0,499,-509,0,0,50
168.45,0,0,0,0,100,4288,1.81852,0.00695256,1.83353,89,0,21,21,24,0,-2,0,0,1,26,4121,4427,489,173,12,619,38452,36323,109,1026,65,98,2.01517e+06,0,0,0,0,1,0,0,715,495,4137,0,0,0,0,0,0,0,0,499,-491,0,0,50
168.46,0,0,0,0,100,4290,1.81776,0.00694838,1.83286,89,0,21,21,24,0,-2,0,0,1,26,4121,4427,485,173,12,619,38452,36323,109,1026,65,98,1.99868e+06,0,0,0,0,1,715,0,72,517,4137,0,0,0,0,0,0,0,0,499,-491,0,0,50
168.47,0,0,0,0,100,4287,1.817,0.0069442,1.8322,89,0,21,21,24,0,-2,0,0,1,26,4124,4427,499,173,12,619,38452,36323,109,1026,65,98,2.05788e+06,0,0,0,0,1,0,785,0,516,4150,0,0,0,0,0,0,0,0,499,-488,0,0,50
168.48,0,0,0,0,100,4286,1.81624,0.00694002,1.83154,89,0,21,21,24,0,-2,0,0,1,26,4124,4427,499,173,12,619,38452,36323,109,1026,65,98,2.05788e+06,0,0,0,0,1,500,0,383,516,4163,0,0,0,0,0,0,0,0,499,-541,0,0,50
168.49,0,0,0,0,100,4289,1.81548,0.00693584,1.83088,89,0,21,21,24,0,-2,0,0,1,26,4124,4427,499,173,12,619,38452,36323,109,1026,65,98,2.05788e+06,0,0,0,0,1,119,636,0,500,4150,0,0,0,0,0,0,0,0,499,-472,0,0,50
168.5,0,0,0,0,100,4293,1.81472,0.00693166,1.83022,89,0,21,21,24,0,-2,0,0,1,26,4124,4427,494,173,12,619,38414,36507,109,1026,87,98,2.03726e+06,0,0,0,0,1,0,0,854,507,4102,0,0,0,0,0,0,0,0,499,-488,0,0,50
168.51,0,0,0,0,100,4293,1.81524,0.00693264,1.83044,89,0,21,21,24,0,-2,0,0,1,26,4118,4427,493,173,12,619,38414,36507,109,1026,87,98,2.03017e+06,0,0,0,0,1,797,0,0,506,4135,0,0,0,0,0,0,0,0,499,-492,0,0,50
168.52,0,0,0,0,100,4299,1.81576,0.00693361,1.83067,89,0,21,21,24,0,-2,0,0,1,26,4118,4427,493,173,12,619,38414,36507,109,1026,87,98,2.03017e+06,0,0,0,0,1,797,0,0,506,4135,0,0,0,0,0,0,0,0,499,-492,0,0,50
168.53,0,0,0,0,100,4302,1.81628,0.00693458,1.83089,89,0,21,21,24,0,-2,0,0,1,26,4122,4427,483,173,12,619,38414,36507,109,1026,87,98,1.99093e+06,0,0,0,0,1,0,569,250,525,4106,0,0,0,0,0,0,0,0,499,-503,0,0,50
168.54,0,0,0,0,100,4299,1.81681,0.00693556,1.83112,89,0,21,21,24,0,-2,0,0,1,26,4122,4427,488,173,12,619,38414,36507,109,1026,87,98,2.01154e+06,0,0,0,0,1,635,0,252,516,4163,0,0,0,0,0,0,0,0,499,-513,0,0,50
168.55,0,0,0,0,100,4302,1.81733,0.00693653,1.83134,89,0,21,21,24,0,-2,0,0,1,26,4124,4427,498,173,12,619,38414,36507,109,1026,87,98,2.05375e+06,0,0,0,0,1,100,667,0,506,4150,0,0,0,0,0,0,0,0,499,-484,0,0,50
168.56,0,0,0,0,100,4305,1.81785,0.00693751,1.83157,89,0,21,21,24,0,-2,0,0,1,26,4124,4427,498,173,12,619,38414,36507,109,1026,87,98,2.05375e+06,0,0,0,0,1,0,0,807,509,4111,0,0,0,0,0,0,0,0,499,-493,0,0,50
168.57,0,0,0,0,100,4305,1.81837,0.00693848,1.83179,89,0,21,21,24,0,-2,0,0,1,26,4124,4427,487,173,12,619,38414,36507,109,1026,87,98,2.00839e+06,0,0,0,0,1,947,0,0,520,4126,0,0,0,0,0,0,0,0,499,-565,0,0,50
168.58,0,0,0,0,100,4307,1.81889,0.00693946,1.83202,89,0,21,21,24,0,-2,0,0,1,26,4122,4427,485,173,12,619,38414,36507,109,1026,87,98,1.99917e+06,0,0,0,0,1,947,0,0,520,4126,0,0,0,0,0,0,0,0,499,-565,0,0,50
168.59,0,0,0,0,100,4311,1.81941,0.00694043,1.83224,89,0,21,21,24,0,-2,0,0,1,26,4122,4427,489,173,12,619,38414,36507,109,1026,87,98,2.01566e+06,0,0,0,0,1,0,720,0,501,4150,0,0,0,0,0,0,0,0,499,-460,0,0,50
168.6,0,0,0,0,100,4316,1.81993,0.00694141,1.83247,89,0,21,21,23,0,-2,0,0,1,26,4122,4427,489,173,12,619,38408,36438,109,1026,65,98,2.01566e+06,0,0,0,0,1,62,0,674,514,4128,0,0,0,0,0,0,0,0,499,-493,0,0,50
168.61,0,0,0,0,100,4316,1.81985,0.00691745,1.83263,89,0,21,21,23,0,-2,0,0,1,26,4120,4427,507,173,12,619,38408,36438,109,1026,65,98,2.08884e+06,0,0,0,0,1,479,378,0,517,4113,0,0,0,0,0,0,0,0,499,-500,0,0,50
168.62,0,0,0,0,100,4316,1.81976,0.00689349,1.83279,89,0,21,21,23,0,-2,0,0,1,26,4124,4427,500,173,12,619,38408,36438,109,1026,65,98,2.062e+06,0,0,0,0,1,0,341,584,519,4106,0,0,0,0,0,0,0,0,499,-536,0,0,50
168.63,0,0,0,0,100,4316,1.81967,0.00686953,1.83295,89,0,21,21,23,0,-2,0,0,1,26,4124,4427,500,173,12,619,38408,36438,109,1026,65,98,2.062e+06,0,0,0,0,1,590,0,283,511,4161,0,0,0,0,0,0,0,0,499,-513,0,0,50
168.64,0,0,0,0,100,4318,1.81958,0.00684557,1.83311,89,0,21,21,23,0,-2,0,0,1,26,4124,4427,500,173,12,619,38408,36438,109,1026,65,98,2.062e+06,0,0,0,0,1,590,0,283,511,4161,0,0,0,0,0,0,0,0,499,-513,0,0,50
168.65,0,0,0,0,100,4322,1.81949,0.00682161,1.83326,89,0,21,21,23,0,-2,0,0,1,26,4119,4427,485,173,12,619,38408,36438,109,1026,65,98,1.99772e+06,0,0,0,0,1,195,607,0,511,4130,0,0,0,0,0,0,0,0,499,-487,0,0,50
168.66,0,0,0,0,100,4327,1.8194,0.00679765,1.83342,89,0,21,21,23,0,-2,0,0,1,26,4118,4427,499,173,12,619,38408,36438,109,1026,65,98,2.05488e+06,0,0,0,0,1,0,153,627,498,4120,0,0,0,0,0,0,0,0,499,-465,0,0,50
168.67,0,0,0,0,100,4334,1.81931,0.00677369,1.83358,89,0,21,21,23,0,-2,0,0,1,26,4118,4427,497,173,12,619,38408,36438,109,1026,65,98,2.04665e+06,0,0,0,0,1,646,0,148,517,4143,0,0,0,0,0,0,0,0,499,-497,0,0,50
168.68,0,0,0,0,100,4332,1.81922,0.00674973,1.83374,89,0,21,21,23,0,-2,0,0,1,26,4118,4427,497,173,12,619,38408,36438,109,1026,65,98,2.04665e+06,0,0,0,0,1,168,650,0,530,4126,0,0,0,0,0,0,0,0,499,-501,0,0,50
168.69,0,0,0,0,100,4332,1.81913,0.00672577,1.8339,89,0,21,21,23,0,-2,0,0,1,26,4118,4427,492,173,12,619,38408,36438,109,1026,65,98,2.02606e+06,0,0,0,0,1,0,106,658,518,4106,0,0,0,0,0,0,0,0,499,-482,0,0,50
168.7,0,0,0,0,100,4331,1.81904,0.00670181,1.83406,89,0,21,21,23,0,-2,0,0,1,26,4122,4427,500,173,12,619,38377,36449,109,1026,87,98,2.061e+06,0,0,0,0,1,0,106,658,518,4106,0,0,0,0,0,0,0,0,499,-482,0,0,50
168.71,0,0,0,0,100,4334,1.81888,0.00670871,1.83399,89,0,21,21,23,0,-2,0,0,1,26,4122,4427,498,173,12,619,38377,36449,109,1026,87,98,2.05276e+06,0,0,0,0,1,610,0,252,514,4158,0,0,0,0,0,0,0,0,499,-525,0,0,50
168.72,0,0,0,0,100,4338,1.81872,0.00671562,1.83392,89,0,21,21,23,0,-2,0,0,1,26,4122,4427,498,172,12,619,38377,36449,109,1026,87,98,2.05276e+06,0,0,0,0,1,183,607,0,508,4150,0,0,0,0,0,0,0,0,499,-479,0,0,50
168.73,0,0,0,0,100,4343,1.81855,0.00672253,1.83385,89,0,21,21,23,0,-2,0,0,1,26,4116,4427,492,172,12,619,38377,36449,109,1026,87,98,2.02507e+06,0,0,0,0,1,0,243,617,511,4111,0,0,0,0,0,0,0,0,499,-500,0,0,50
168.74,0,0,0,0,100,4346,1.81839,0.00672943,1.83379,89,0,21,21,23,0,-2,0,0,1,26,4116,4427,489,172,12,619,38377,36449,109,1026,87,98,2.01272e+06,0,0,0,0,1,613,0,265,517,4158,0,0,0,0,0,0,0,0,499,-532,0,0,50
168.75,0,0,0,0,100,4346,1.81823,0.00673634,1.83372,89,0,21,21,23,0,-2,0,0,1,26,4116,4427,475,172,12,619,38377,36449,109,1026,87,98,1.9551e+06,0,0,0,0,1,379,509,0,522,4124,0,0,0,0,0,0,0,0,499,-520,0,0,50
168.76,0,0,0,0,100,4345,1.81807,0.00674324,1.83365,89,0,21,21,23,0,-2,0,0,1,26,4116,4427,475,172,12,619,38377,36449,109,1026,87,98,1.9551e+06,0,0,0,0,1,379,509,0,522,4124,0,0,0,0,0,0,0,0,499,-520,0,0,50
168.77,0,0,0,0,100,4347,1.81791,0.00675015,1.83358,89,0,21,21,23,0,-2,0,0,1,26,4123,4427,515,172,12,619,38377,36449,109,1026,87,98,2.12334e+06,0,0,0,0,1,0,445,440,510,4111,0,0,0,0,0,0,0,0,499,-496,0,0,50
168.78,0,0,0,0,100,4351,1.81774,0.00675706,1.83351,89,0,21,21,23,0,-2,0,0,1,26,4123,4427,501,172,12,619,38377,36449,109,1026,87,98,2.06562e+06,0,0,0,0,1,65,0,664,518,4126,0,0,0,0,0,0,0,0,499,-486,0,0,50
168.79,0,0,0,0,100,4352,1.81758,0.00676396,1.83345,89,0,21,21,23,0,-2,0,0,1,26,4115,4427,505,172,12,619,38377,36449,109,1026,87,98,2.07808e+06,0,0,0,0,1,787,0,0,522,4115,0,0,0,0,0,0,0,0,499,-491,0,0,50
168.8,0,0,0,0,100,4354,1.81742,0.00677087,1.83338,89,0,21,21,23,0,-2,0,0,1,26,4115,4427,505,172,12,619,38386,36491,109,1026,68,98,2.07808e+06,0,0,0,0,1,0,862,0,517,4169,0,0,0,0,0,0,0,0,499,-517,0,0,50
168.81,0,0,0,0,100,4361,1.81744,0.00675785,1.83349,89,0,21,21,23,0,-2,0,0,1,26,4116,4427,493,172,12,619,38386,36491,109,1026,68,98,2.02919e+06,0,0,0,0,1,0,0,793,509,4102,0,0,0,0,0,0,0,0,499,-480,0,0,50
168.82,0,0,0,0,100,4361,1.81745,0.00674484,1.8336,89,0,21,21,23,0,-2,0,0,1,26,4116,4427,490,172,12,619,38386,36491,109,1026,68,98,2.01684e+06,0,0,0,0,1,0,0,793,509,4102,0,0,0,0,0,0,0,0,499,-480,0,0,50
168.83,0,0,0,0,100,4363,1.81747,0.00673182,1.83371,89,0,21,21,23,0,-2,0,0,1,26,4116,4427,501,172,12,619,38386,36491,109,1026,68,98,2.06212e+06,0,0,0,0,1,680,0,109,520,4135,0,0,0,0,0,0,0,0,499,-485,0,0,50
168.84,0,0,0,0,100,4363,1.81748,0.00671881,1.83382,89,0,21,21,23,0,-2,0,0,1,26,4116,4427,501,172,12,619,38386,36491,109,1026,68,98,2.06212e+06,0,0,0,0,1,297,601,0,524,4135,0,0,0,0,0,0,0,0,499,-534,0,0,50
168.85,0,0,0,0,100,4363,1.8175,0.00670579,1.83393,89,0,21,21,23,0,-2,0,0,1,26,4115,4427,494,172,12,619,38386,36491,109,1026,68,98,2.03281e+06,0,0,0,0,1,0,503,303,528,4106,0,0,0,0,0,0,0,0,499,-505,0,0,50
168.86,0,0,0,0,100,4364,1.81752,0.00669277,1.83404,89,0,21,21,23,0,-2,0,0,1,26,4115,4427,494,172,12,619,38386,36491,109,1026,68,98,2.03281e+06,0,0,0,0,1,0,0,780,518,4100,0,0,0,0,0,0,0,0,499,-481,0,0,50
168.87,0,0,0,0,100,4370,1.81753,0.00667976,1.83415,89,0,21,21,23,0,-2,0,0,1,26,4115,4427,492,172,12,619,38386,36491,109,1026,68,98,2.02458e+06,0,0,0,0,1,815,0,0,506,4124,0,0,0,0,0,0,0,0,499,-476,0,0,50
168.88,0,0,0,0,100,4370,1.81755,0.00666674,1.83426,89,0,21,21,23,0,-2,0,0,1,26,4115,4427,492,172,12,619,38386,36491,109,1026,68,98,2.02458e+06,0,0,0,0,1,815,0,0,506,4124,0,0,0,0,0,0,0,0,499,-476,0,0,50
168.89,0,0,0,0,100,4377,1.81757,0.00665373,1.83437,89,0,21,21,23,0,-2,0,0,1,26,4116,4427,504,172,12,619,38386,36491,109,1026,68,98,2.07446e+06,0,0,0,0,1,125,640,0,515,4139,0,0,0,0,0,0,0,0,499,-478,0,0,50
168.9,0,0,0,0,100,4375,1.81758,0.00664071,1.83447,89,0,21,21,24,0,-2,0,0,1,26,4116,4427,493,172,12,619,38355,36437,109,1026,87,98,2.02919e+06,0,0,0,0,1,0,413,523,525,4096,0,0,0,0,0,0,0,0,499,-540,0,0,50
168.91,0,0,0,0,100,4375,1.81768,0.00664134,1.83396,89,0,21,21,24,0,-2,0,0,1.1,26,4115,4427,501,172,12,619,38355,36437,109,1026,87,98,2.06162e+06,0,0,0,0,1,0,0,766,516,4098,0,0,0,0,0,0,0,0,499,-489,0,0,50
168.92,0,0,0,0,100,4376,1.81778,0.00664196,1.83345,89,0,21,21,24,0,-2,0,0,1.2,26,4115,4427,501,172,12,619,38355,36437,109,1026,87,98,2.06162e+06,0,0,0,0,1,826,0,0,516,4122,0,0,0,0,0,0,0,0,499,-484,0,0,50
168.93,0,0,0,0,100,4376,1.81788,0.00664259,1.83294,89,0,21,21,24,0,-2,0,0,1.3,26,4116,4427,500,172,12,619,38355,36437,109,1026,87,98,2.058e+06,0,0,0,0,1,191,615,0,513,4135,0,0,0,0,0,0,0,0,499,-521,0,0,50
168.94,0,0,0,0,100,4380,1.81798,0.00664321,1.83243,89,0,21,21,24,0,-2,0,0,1.4,26,4116,4427,501,172,12,619,38355,36437,109,1026,87,98,2.06212e+06,0,0,0,0,1,191,615,0,513,4135,0,0,0,0,0,0,0,0,499,-521,0,0,50
168.95,0,0,0,0,100,4383,1.81808,0.00664384,1.83192,89,0,21,21,24,0,-2,0,0,1.5,26,4116,4427,498,172,12,619,38355,36437,109,1026,87,98,2.04977e+06,0,0,0,0,1,0,507,330,522,4104,0,0,0,0,0,0,0,0,499,-492,0,0,50
168.96,0,0,0,0,100,4386,1.81818,0.00664446,1.83141,89,0,21,21,24,0,-2,0,0,1.6,26,4116,4427,498,172,12,619,38355,36437,109,1026,87,98,2.04977e+06,0,0,0,0,1,0,188,637,520,4111,0,0,0,0,0,0,0,0,499,-499,0,0,50
168.97,0,0,0,0,100,4387,1.81828,0.00664509,1.8309,89,0,21,21,24,0,-2,0,0,1.7,26,4114,4427,493,172,12,619,38355,36437,109,1026,87,98,2.0282e+06,0,0,0,0,1,660,0,125,524,4158,0,0,0,0,0,0,0,0,499,-536,0,0,50
168.98,0,0,0,0,100,4390,1.81838,0.00664572,1.83039,89,0,21,21,24,0,-2,0,0,1.8,26,4114,4426,501,172,12,619,38355,36437,109,1026,87,98,2.06111e+06,0,0,0,0,1,758,0,0,513,4124,0,0,0,0,0,0,0,0,499,-479,0,0,50
168.99,0,0,0,0,100,4390,1.81848,0.00664634,1.82988,89,0,21,21,24,0,-2,0,0,1.9,26,4114,4426,507,172,12,619,38355,36437,109,1026,87,98,2.0858e+06,0,0,0,0,1,0,744,0,517,4158,0,0,0,0,0,0,0,0,499,-458,0,0,50
169,0,0,0,0,100,4392,1.81858,0.00664697,1.82937,89,0,21,21,24,0,-2,0,0,2,26,4114,4426,507,172,12,619,38344,36384,110,1026,64,98,2.0858e+06,0,0,0,0,1,0,744,0,517,4158,0,0,0,0,0,0,0,0,499,-458,0,0,50
169.01,0,0,0,0,100,4393,1.81809,0.00668268,1.8296,89,0,21,21,24,0,-2,0,0,1.9,26,4120,4426,498,172,12,619,38344,36384,110,1026,64,98,2.05176e+06,0,0,0,0,1,0,333,572,530,4087,0,0,0,0,0,0,0,0,499,-558,0,0,50
169.02,0,0,0,0,100,4394,1.8176,0.0067184,1.82982,89,0,21,21,24,0,-2,0,0,1.8,26,4109,4426,499,172,12,619,38344,36384,110,1026,64,98,2.05039e+06,0,0,0,0,1,0,0,857,519,4098,0,0,0,0,0,0,0,0,499,-502,0,0,50
169.03,0,0,0,0,100,4402,1.81711,0.00675412,1.83004,89,0,21,21,24,0,-2,0,0,1.7,26,4109,4426,496,173,13,619,38344,36384,110,1026,64,98,2.03806e+06,0,0,0,0,1,658,0,115,507,4139,0,0,0,0,0,0,0,0,499,-477,0,0,50
169.04,0,0,0,0,100,4404,1.81662,0.00678984,1.83027,89,0,21,21,24,0,-2,0,0,1.6,26,4109,4426,496,173,13,619,38344,36384,110,1026,64,98,2.03806e+06,0,0,0,0,1,693,77,0,525,4126,0,0,0,0,0,0,0,0,499,-497,0,0,50
169.05,0,0,0,0,100,4404,1.81613,0.00682556,1.83049,89,0,21,21,24,0,-2,0,0,1.5,26,4120,4426,505,173,13,619,38344,36384,110,1026,64,98,2.0806e+06,0,0,0,0,1,0,771,0,528,4152,0,0,0,0,0,0,0,0,499,-474,0,0,50
169.06,0,0,0,0,100,4404,1.81564,0.00686128,1.83071,89,0,21,21,24,0,-2,0,0,1.4,26,4120,4426,507,173,13,619,38344,36384,110,1026,64,98,2.08884e+06,0,0,0,0,1,0,771,0,528,4152,0,0,0,0,0,0,0,0,499,-474,0,0,50
169.07,0,0,0,0,100,4404,1.81514,0.006897,1.83093,89,0,21,21,24,0,-2,0,0,1.3,26,4120,4426,506,173,13,619,38344,36384,110,1026,64,98,2.08472e+06,0,0,0,0,1,0,404,482,531,4091,0,0,0,0,0,0,0,0,499,-533,0,0,50
169.08,0,0,0,0,100,4405,1.81465,0.00693272,1.83116,89,0,21,21,24,0,-2,0,0,1.2,26,4120,4426,506,173,13,619,38344,36384,110,1026,64,98,2.08472e+06,0,0,0,0,1,0,0,879,517,4091,0,0,0,0,0,0,0,0,499,-481,0,0,50
169.09,0,0,0,0,100,4411,1.81416,0.00696844,1.83138,89,0,21,21,24,0,-2,0,0,1.1,26,4112,4426,509,173,13,619,38344,36384,110,1026,64,98,2.09301e+06,0,0,0,0,1,576,0,256,506,4167,0,0,0,0,0,0,0,0,499,-512,0,0,50
169.1,0,0,0,0,100,4418,1.81367,0.00700415,1.8316,89,0,21,21,24,0,-2,0,0,1,26,4112,4426,509,173,13,619,38325,36243,109,1026,65,98,2.09301e+06,0,0,0,0,1,898,0,0,517,4128,0,0,0,0,0,0,0,0,499,-532,0,0,50
169.11,0,0,0,0,100,4418,1.81401,0.00701538,1.83172,89,0,21,21,24,0,-2,0,0,1,26,4115,4426,509,173,13,619,38325,36243,109,1026,65,98,2.09454e+06,0,0,0,0,1,355,569,0,534,4111,0,0,0,0,0,0,0,0,499,-546,0,0,50
169.12,0,0,0,0,100,4419,1.81436,0.0070266,1.83183,89,0,21,21,24,0,-2,0,0,1,26,4115,4426,509,173,13,619,38325,36243,109,1026,65,98,2.09454e+06,0,0,0,0,1,355,569,0,534,4111,0,0,0,0,0,0,0,0,499,-546,0,0,50
169.13,0,0,0,0,100,4419,1.8147,0.00703783,1.83194,89,0,21,21,24,0,-2,0,0,1,26,4115,4425,506,173,13,619,38325,36243,109,1026,65,98,2.08219e+06,0,0,0,0,1,0,855,0,526,4158,0,0,0,0,0,0,0,0,499,-501,0,0,50
169.14,0,0,0,0,100,4421,1.81504,0.00704905,1.83205,89,0,21,21,24,0,-2,0,0,1,26,4115,4425,512,173,13,619,38325,36243,109,1026,65,98,2.10688e+06,0,0,0,0,1,0,349,563,519,4091,0,0,0,0,0,0,0,0,499,-525,0,0,50
169.15,0,0,0,0,100,4425,1.81538,0.00706027,1.83217,89,0,21,21,24,0,-2,0,0,1,26,4115,4425,514,173,13,619,38325,36243,109,1026,65,98,2.11511e+06,0,0,0,0,1,0,0,815,527,4083,0,0,0,0,0,0,0,0,499,-497,0,0,50
169.16,0,0,0,0,100,4427,1.81572,0.0070715,1.83228,89,0,21,21,24,0,-2,0,0,1,26,4115,4425,514,173,13,619,38325,36243,109,1026,65,98,2.11511e+06,0,0,0,0,1,291,0,523,525,4152,0,0,0,0,0,0,0,0,499,-470,0,0,50
169.17,0,0,0,0,100,4427,1.81606,0.00708272,1.83239,89,0,21,21,24,0,-2,0,0,1,26,4109,4425,500,173,13,619,38325,36243,109,1026,65,98,2.0545e+06,0,0,0,0,1,693,0,12,520,4126,0,0,0,0,0,0,0,0,499,-472,0,0,50
169.18,0,0,0,0,100,4432,1.8164,0.00709394,1.8325,89,0,21,21,24,0,-2,0,0,1,26,4106,4425,499,173,13,619,38325,36243,109,1026,65,98,2.04889e+06,0,0,0,0,1,693,0,12,520,4126,0,0,0,0,0,0,0,0,499,-472,0,0,50
169.19,0,0,0,0,100,4435,1.81675,0.00710517,1.83262,89,0,21,21,24,0,-2,0,0,1,26,4106,4425,497,173,13,619,38325,36243,109,1026,65,98,2.04068e+06,0,0,0,0,1,816,0,0,527,4113,0,0,0,0,0,0,0,0,499,-501,0,0,50
169.2,0,0,0,0,100,4439,1.81709,0.00711639,1.83273,89,0,21,21,23,0,-2,0,0,1,26,4106,4425,497,173,13,619,38289,36197,109,1026,65,98,2.04068e+06,0,0,0,0,1,317,569,0,518,4122,0,0,0,0,0,0,0,0,499,-525,0,0,50
169.21,0,0,0,0,100,4442,1.8172,0.00709712,1.8323,89,0,21,21,23,0,-2,0,0,1,26,4118,4424,522,173,13,619,38289,36197,109,1026,65,98,2.1496e+06,0,0,0,0,1,183,628,0,531,4128,0,0,0,0,0,0,0,0,499,-493,0,0,50
169.22,0,0,0,0,100,4441,1.81732,0.00707785,1.83188,89,0,21,21,23,0,-2,0,0,1,26,4118,4424,509,173,13,619,38289,36197,109,1026,65,98,2.09606e+06,0,0,0,0,1,0,744,12,533,4111,0,0,0,0,0,0,0,0,499,-486,0,0,50
169.23,0,0,0,0,100,4441,1.81744,0.00705859,1.83145,89,0,21,21,23,0,-2,0,0,1,26,4118,4424,511,173,13,619,38289,36197,109,1026,65,98,2.1043e+06,0,0,0,0,1,0,270,584,525,4096,0,0,0,0,0,0,0,0,499,-520,0,0,50
169.24,0,0,0,0,100,4444,1.81755,0.00703932,1.83103,89,0,21,21,23,0,-2,0,0,1,26,4118,4424,511,173,12,619,38289,36197,109,1026,65,98,2.1043e+06,0,0,0,0,1,0,270,584,525,4096,0,0,0,0,0,0,0,0,499,-520,0,0,50
169.25,0,0,0,0,100,4450,1.81767,0.00702005,1.8306,89,0,21,21,23,0,-2,0,0,1,26,4111,4424,514,173,12,619,38289,36197,109,1026,65,98,2.11305e+06,0,0,0,0,1,0,0,744,517,4106,0,0,0,0,0,0,0,0,499,-452,0,0,50
169.26,0,0,0,0,100,4454,1.81778,0.00700078,1.83018,89,0,21,21,23,0,-2,0,0,1,26,4111,4424,507,173,12,619,38289,36197,109,1026,65,98,2.08428e+06,0,0,0,0,1,0,0,832,535,4087,0,0,0,0,0,0,0,0,499,-509,0,0,50
169.27,0,0,0,0,100,4456,1.8179,0.00698151,1.82975,89,0,21,21,23,0,-2,0,0,1,26,4111,4424,506,173,12,619,38289,36197,109,1026,65,98,2.08017e+06,0,0,0,0,1,371,0,476,536,4152,0,0,0,0,0,0,0,0,499,-503,0,0,50
169.28,0,0,0,0,100,4458,1.81801,0.00696224,1.82933,89,0,21,21,23,0,-2,0,0,1,26,4111,4424,506,173,12,619,38289,36197,109,1026,65,98,2.08017e+06,0,0,0,0,1,617,0,230,533,4137,0,0,0,0,0,0,0,0,499,-512,0,0,50
169.29,0,0,0,0,100,4460,1.81813,0.00694297,1.8289,89,0,21,21,23,0,-2,0,0,1,26,4111,4424,507,173,12,619,38289,36197,109,1026,65,98,2.08428e+06,0,0,0,0,1,803,0,0,531,4111,0,0,0,0,0,0,0,0,499,-480,0,0,50
169.3,0,0,0,0,100,4460,1.81825,0.0069237,1.82848,89,0,21,21,23,0,-2,0,0,1,26,4111,4424,512,173,12,619,38299,36309,110,1026,87,98,2.10483e+06,0,0,0,0,1,803,0,0,531,4111,0,0,0,0,0,0,0,0,499,-480,0,0,50
169.31,0,0,0,0,100,4466,1.81828,0.00693744,1.8289,89,0,21,21,23,0,-2,0,0,1,26,4115,4424,514,173,12,619,38299,36309,110,1026,87,98,2.11511e+06,0,0,0,0,1,895,0,0,523,4113,0,0,0,0,0,0,0,0,499,-542,0,0,50
169.32,0,0,0,0,100,4471,1.81831,0.00695117,1.82933,89,0,21,21,23,0,-2,0,0,1,26,4115,4424,514,173,12,619,38299,36309,110,1026,87,98,2.11511e+06,0,0,0,0,1,689,71,0,526,4120,0,0,0,0,0,0,0,0,499,-492,0,0,50
169.33,0,0,0,0,100,4469,1.81834,0.0069649,1.82976,89,0,21,21,23,0,-2,0,0,1,26,4115,4424,507,173,12,619,38299,36309,110,1026,87,98,2.0863e+06,0,0,0,0,1,414,501,0,539,4109,0,0,0,0,0,0,0,0,499,-533,0,0,50
169.34,0,0,0,0,100,4472,1.81836,0.00697864,1.83018,89,0,21,21,23,0,-2,0,0,1,26,4110,4424,501,172,12,619,38299,36309,110,1026,87,98,2.05911e+06,0,0,0,0,1,252,589,0,536,4122,0,0,0,0,0,0,0,0,499,-504,0,0,50
169.35,0,0,0,0,100,4476,1.81839,0.00699237,1.83061,89,0,21,21,23,0,-2,0,0,1,26,4110,4424,509,172,12,619,38299,36309,110,1026,87,98,2.09199e+06,0,0,0,0,1,30,677,0,525,4132,0,0,0,0,0,0,0,0,499,-465,0,0,50
169.36,0,0,0,0,100,4476,1.81842,0.0070061,1.83104,89,0,21,21,23,0,-2,0,0,1,26,4110,4424,509,172,12,619,38299,36309,110,1026,87,98,2.09199e+06,0,0,0,0,1,30,677,0,525,4132,0,0,0,0,0,0,0,0,499,-465,0,0,50
169.37,0,0,0,0,100,4478,1.81845,0.00701984,1.83146,89,0,21,21,23,0,-2,0,0,1,26,4109,4424,518,172,12,619,38299,36309,110,1026,87,98,2.12846e+06,0,0,0,0,1,0,777,0,536,4147,0,0,0,0,0,0,0,0,499,-464,0,0,50
169.38,0,0,0,0,100,4481,1.81848,0.00703357,1.83189,89,0,21,21,23,0,-2,0,0,1,26,4109,4424,516,172,12,619,38299,36309,110,1026,87,98,2.12024e+06,0,0,0,0,1,0,843,0,531,4161,0,0,0,0,0,0,0,0,499,-495,0,0,50
169.39,0,0,0,0,100,4486,1.81851,0.0070473,1.83232,89,0,21,21,23,0,-2,0,0,1,26,4109,4424,503,172,12,619,38299,36309,110,1026,87,98,2.06683e+06,0,0,0,0,1,0,845,0,536,4158,0,0,0,0,0,0,0,0,499,-507,0,0,50
169.4,0,0,0,0,100,4487,1.81854,0.00706104,1.83274,89,0,21,21,24,0,-2,0,0,1,26,4109,4424,503,172,12,619,38284,36360,109,1026,68,98,2.06683e+06,0,0,0,0,1,0,786,0,530,4141,0,0,0,0,0,0,0,0,499,-491,0,0,50
169.41,0,0,0,0,100,4491,1.81868,0.0070579,1.83248,89,0,21,21,24,0,-2,0,0,1.1,26,4112,4424,503,172,12,619,38284,36360,109,1026,68,98,2.06834e+06,0,0,0,0,1,0,739,0,539,4100,0,0,0,0,0,0,0,0,499,-504,0,0,50
169.42,0,0,0,0,100,4491,1.81881,0.00705476,1.83222,89,0,21,21,24,0,-2,0,0,1.2,26,4112,4424,527,172,12,619,38284,36360,109,1026,68,98,2.16702e+06,0,0,0,0,1,0,739,0,539,4100,0,0,0,0,0,0,0,0,499,-504,0,0,50
169.43,0,0,0,0,100,4491,1.81895,0.00705162,1.83196,89,0,21,21,24,0,-2,0,0,1.3,26,4112,4424,526,172,12,619,38284,36360,109,1026,68,98,2.16291e+06,0,0,0,0,1,0,644,133,537,4111,0,0,0,0,0,0,0,0,499,-473,0,0,50
169.44,0,0,0,0,100,4491,1.81908,0.00704848,1.8317,89,0,21,21,24,0,-2,0,0,1.4,26,4112,4424,526,173,12,619,38284,36360,109,1026,68,98,2.16291e+06,0,0,0,0,1,0,544,250,533,4104,0,0,0,0,0,0,0,0,499,-494,0,0,50
169.45,0,0,0,0,100,4495,1.81922,0.00704534,1.83144,89,0,21,21,24,0,-2,0,0,1.5,26,4102,4424,512,173,12,619,38284,36360,109,1026,68,98,2.10022e+06,0,0,0,0,1,0,466,361,518,4098,0,0,0,0,0,0,0,0,499,-470,0,0,50
169.46,0,0,0,0,100,4501,1.81936,0.0070422,1.83118,89,0,21,21,24,0,-2,0,0,1.6,26,4102,4424,510,173,12,619,38284,36360,109,1026,68,98,2.09202e+06,0,0,0,0,1,0,856,0,535,4150,0,0,0,0,0,0,0,0,499,-501,0,0,50
169.47,0,0,0,0,100,4501,1.81949,0.00703906,1.83092,89,0,21,21,24,0,-2,0,0,1.7,26,4108,4424,517,173,12,619,38284,36360,109,1026,68,98,2.12384e+06,0,0,0,0,1,0,562,279,539,4094,0,0,0,0,0,0,0,0,499,-511,0,0,50
169.48,0,0,0,0,100,4501,1.81963,0.00703592,1.83066,89,0,21,21,24,0,-2,0,0,1.8,26,4108,4424,517,173,12,619,38284,36360,109,1026,68,98,2.12384e+06,0,0,0,0,1,0,562,279,539,4094,0,0,0,0,0,0,0,0,499,-511,0,0,50
169.49,0,0,0,0,100,4502,1.81976,0.00703278,1.8304,89,0,21,21,24,0,-2,0,0,1.9,26,4107,4424,514,173,12,619,38284,36360,109,1026,68,98,2.111e+06,0,0,0,0,1,0,580,217,541,4145,0,0,0,0,0,0,0,0,499,-505,0,0,50
169.5,0,0,0,0,100,4502,1.8199,0.00702965,1.83014,89,0,21,21,22,0,-2,0,0,2,26,4107,4424,518,173,12,619,38271,36316,109,1026,64,98,2.12743e+06,0,0,0,0,1,0,833,0,533,4152,0,0,0,0,0,0,0,0,499,-506,0,0,50
169.51,0,0,0,0,100,4506,1.81976,0.00704178,1.83066,89,0,21,21,22,0,-2,0,0,1.9,26,4107,4425,504,173,12,619,38271,36316,109,1026,64,98,2.06993e+06,0,0,0,0,1,0,835,0,530,4161,0,0,0,0,0,0,0,0,499,-502,0,0,50
169.52,0,0,0,0,100,4512,1.81962,0.00705391,1.83119,89,0,21,21,22,0,-2,0,0,1.8,26,4107,4425,504,173,12,619,38271,36316,109,1026,64,98,2.06993e+06,0,0,0,0,1,0,878,0,528,4150,0,0,0,0,0,0,0,0,499,-517,0,0,50
169.53,0,0,0,0,100,4512,1.81948,0.00706604,1.83171,89,0,21,21,22,0,-2,0,0,1.7,26,4102,4425,520,173,12,619,38271,36316,109,1026,64,98,2.13304e+06,0,0,0,0,1,0,835,0,543,4145,0,0,0,0,0,0,0,0,499,-490,0,0,50
169.54,0,0,0,0,100,4514,1.81934,0.00707817,1.83223,89,0,21,21,22,0,-2,0,0,1.6,26,4104,4425,518,173,12,619,38271,36316,109,1026,64,98,2.12587e+06,0,0,0,0,1,0,835,0,543,4145,0,0,0,0,0,0,0,0,499,-490,0,0,50
169.55,0,0,0,0,100,4513,1.8192,0.0070903,1.83276,89,0,21,21,22,0,-2,0,0,1.5,26,4104,4425,510,173,12,619,38271,36316,109,1026,64,98,2.09304e+06,0,0,0,0,1,0,741,0,533,4139,0,0,0,0,0,0,0,0,499,-454,0,0,50
169.56,0,0,0,0,100,4515,1.81907,0.00710243,1.83328,89,0,21,21,22,0,-2,0,0,1.4,26,4104,4425,510,173,12,619,38271,36316,109,1026,64,98,2.09304e+06,0,0,0,0,1,39,689,0,534,4122,0,0,0,0,0,0,0,0,499,-474,0,0,50
169.57,0,0,0,0,100,4516,1.81893,0.00711456,1.83381,89,0,21,21,22,0,-2,0,0,1.3,26,4101,4425,523,173,12,619,38271,36316,109,1026,64,98,2.14482e+06,0,0,0,0,1,194,609,0,530,4124,0,0,0,0,0,0,0,0,499,-486,0,0,50
169.58,0,0,0,0,100,4516,1.81879,0.00712669,1.83433,89,0,21,21,22,0,-2,0,0,1.2,26,4101,4425,520,173,12,619,38271,36316,109,1026,64,98,2.13252e+06,0,0,0,0,1,281,599,0,537,4117,0,0,0,0,0,0,0,0,499,-526,0,0,50
169.59,0,0,0,0,100,4516,1.81865,0.00713882,1.83485,89,0,21,21,22,0,-2,0,0,1.1,26,4101,4425,520,173,12,619,38271,36316,109,1026,64,98,2.13252e+06,0,0,0,0,1,361,511,0,528,4117,0,0,0,0,0,0,0,0,499,-508,0,0,50
169.6,0,0,0,0,100,4520,1.81851,0.00715095,1.83538,89,0,21,21,23,0,-2,0,0,1,26,4101,4425,520,173,12,619,38215,36121,110,1026,65,98,2.13252e+06,0,0,0,0,1,361,511,0,528,4117,0,0,0,0,0,0,0,0,499,-508,0,0,50
169.61,0,0,0,0,100,4525,1.81866,0.00710522,1.83515,89,0,21,21,23,0,-2,0,0,1,26,4103,4425,518,173,12,619,38215,36121,110,1026,65,98,2.12535e+06,0,0,0,0,1,652,87,0,534,4106,0,0,0,0,0,0,0,0,499,-473,0,0,50
169.62,0,0,0,0,100,4529,1.8188,0.00705948,1.83493,89,0,21,21,23,0,-2,0,0,1,26,4105,4425,518,173,12,619,38215,36121,110,1026,65,98,2.12639e+06,0,0,0,0,1,885,0,0,538,4100,0,0,0,0,0,0,0,0,499,-544,0,0,50
169.63,0,0,0,0,100,4528,1.81895,0.00701375,1.83471,89,0,21,21,23,0,-2,0,0,1,26,4105,4425,520,173,12,619,38215,36121,110,1026,65,98,2.1346e+06,0,0,0,0,1,885,0,0,549,4102,0,0,0,0,0,0,0,0,499,-516,0,0,50
169.64,0,0,0,0,100,4527,1.81909,0.00696801,1.83448,89,0,21,21,23,0,-2,0,0,1,26,4105,4425,520,173,12,619,38215,36121,110,1026,65,98,2.1346e+06,0,0,0,0,1,722,0,0,544,4109,0,0,0,0,0,0,0,0,499,-480,0,0,50
169.65,0,0,0,0,100,4527,1.81923,0.00692227,1.83426,89,0,21,21,23,0,-2,0,0,1,26,4106,4426,525,173,12,619,38215,36121,110,1026,65,98,2.15565e+06,0,0,0,0,1,631,0,232,529,4130,0,0,0,0,0,0,0,0,499,-521,0,0,50
169.66,0,0,0,0,100,4528,1.81938,0.00687654,1.83403,89,0,21,21,23,0,-2,0,0,1,26,4106,4426,518,173,12,619,38215,36121,110,1026,65,98,2.12691e+06,0,0,0,0,1,631,0,232,529,4130,0,0,0,0,0,0,0,0,499,-521,0,0,50
169.67,0,0,0,0,100,4536,1.81952,0.0068308,1.83381,89,0,21,21,23,0,-2,0,0,1,26,4100,4426,520,173,12,619,38215,36121,110,1026,65,98,2.132e+06,0,0,0,0,1,443,0,399,521,4156,0,0,0,0,0,0,0,0,499,-506,0,0,50
169.68,0,0,0,0,100,4538,1.81966,0.00678506,1.83359,89,0,21,21,23,0,-2,0,0,1,26,4100,4426,520,173,12,619,38215,36121,110,1026,65,98,2.132e+06,0,0,0,0,1,0,0,785,540,4083,0,0,0,0,0,0,0,0,499,-483,0,0,50
169.69,0,0,0,0,100,4540,1.81981,0.00673933,1.83336,89,0,21,21,23,0,-2,0,0,1,26,4106,4426,521,173,12,619,38215,36121,110,1026,65,98,2.13923e+06,0,0,0,0,1,0,0,856,538,4076,0,0,0,0,0,0,0,0,499,-489,0,0,50
169.7,0,0,0,0,100,4539,1.81995,0.00669359,1.83314,89,0,21,21,24,0,-2,0,0,1,26,4106,4426,520,173,12,619,38255,36367,110,1026,68,98,2.13512e+06,0,0,0,0,1,0,152,633,536,4096,0,0,0,0,0,0,0,0,499,-481,0,0,50
169.71,0,0,0,0,100,4539,1.8199,0.00669339,1.83344,89,0,21,21,24,0,-2,0,0,1,26,4103,4426,518,173,12,619,38255,36367,110,1026,68,98,2.12535e+06,0,0,0,0,1,0,152,633,536,4098,0,0,0,0,0,0,0,0,499,-470,0,0,50
169.72,0,0,0,0,100,4542,1.81985,0.00669319,1.83375,89,0,21,21,24,0,-2,0,0,1,26,4103,4426,518,173,12,619,38255,36367,110,1026,68,98,2.12535e+06,0,0,0,0,1,0,645,78,535,4098,0,0,0,0,0,0,0,0,499,-470,0,0,50
169.73,0,0,0,0,100,4545,1.8198,0.00669299,1.83405,89,0,21,21,24,0,-2,0,0,1,26,4103,4426,527,173,12,619,38255,36367,110,1026,68,98,2.16228e+06,0,0,0,0,1,0,769,0,534,4124,0,0,0,0,0,0,0,0,499,-490,0,0,50
169.74,0,0,0,0,100,4550,1.81975,0.0066928,1.83436,89,0,21,21,24,0,-2,0,0,1,26,4103,4426,531,173,12,619,38255,36367,110,1026,68,98,2.17869e+06,0,0,0,0,1,0,744,0,536,4143,0,0,0,0,0,0,0,0,499,-448,0,0,50
169.75,0,0,0,0,100,4550,1.8197,0.0066926,1.83466,89,0,21,21,24,0,-2,0,0,1,26,4100,4426,525,173,12,619,38255,36367,110,1026,68,98,2.1525e+06,0,0,0,0,1,305,597,0,550,4104,0,0,0,0,0,0,0,0,499,-537,0,0,50
169.76,0,0,0,0,100,4555,1.81965,0.0066924,1.83497,89,0,21,21,24,0,-2,0,0,1,26,4100,4426,525,173,12,619,38255,36367,110,1026,68,98,2.1525e+06,0,0,0,0,1,701,44,0,543,4104,0,0,0,0,0,0,0,0,499,-490,0,0,50
169.77,0,0,0,0,100,4557,1.8196,0.0066922,1.83528,89,0,21,21,24,0,-2,0,0,1,26,4103,4426,525,173,12,619,38255,36367,110,1026,68,98,2.15408e+06,0,0,0,0,1,807,0,0,541,4109,0,0,0,0,0,0,0,0,499,-479,0,0,50
169.78,0,0,0,0,100,4557,1.81954,0.006692,1.83558,89,0,21,21,24,0,-2,0,0,1,26,4103,4426,531,173,12,619,38255,36367,110,1026,68,98,2.17869e+06,0,0,0,0,1,807,0,0,541,4109,0,0,0,0,0,0,0,0,499,-479,0,0,50
169.79,0,0,0,0,100,4557,1.81949,0.0066918,1.83589,89,0,21,21,24,0,-2,0,0,1,26,4109,4426,531,173,12,619,38255,36367,110,1026,68,98,2.18188e+06,0,0,0,0,1,639,0,262,550,4139,0,0,0,0,0,0,0,0,499,-537,0,0,50
169.8,0,0,0,0,100,4560,1.81944,0.0066916,1.83619,89,0,21,21,23,0,-2,0,0,1,26,4109,4426,531,173,12,619,38225,36182,109,1026,87,98,2.18188e+06,0,0,0,0,1,0,0,746,538,4083,0,0,0,0,0,0,0,0,499,-489,0,0,50
169.81,0,0,0,0,100,4565,1.81912,0.00669339,1.83615,89,0,21,21,23,0,-2,0,0,1,26,4109,4426,526,173,12,619,38225,36182,109,1026,87,98,2.16133e+06,0,0,0,0,1,0,0,746,535,4089,0,0,0,0,0,0,0,0,499,-466,0,0,50
169.82,0,0,0,0,100,4569,1.8188,0.00669518,1.83611,89,0,21,21,23,0,-2,0,0,1,26,4099,4426,518,173,12,619,38225,36182,109,1026,87,98,2.12328e+06,0,0,0,0,1,0,427,440,539,4083,0,0,0,0,0,0,0,0,499,-514,0,0,50
169.83,0,0,0,0,100,4571,1.81848,0.00669698,1.83606,89,0,21,21,23,0,-2,0,0,1,26,4099,4426,518,173,12,619,38225,36182,109,1026,87,98,2.12328e+06,0,0,0,0,1,0,837,0,545,4139,0,0,0,0,0,0,0,0,499,-490,0,0,50
169.84,0,0,0,0,100,4571,1.81816,0.00669877,1.83602,89,0,21,21,23,0,-2,0,0,1,26,4099,4426,518,173,12,619,38225,36182,109,1026,87,98,2.12328e+06,0,0,0,0,1,0,837,0,545,4139,0,0,0,0,0,0,0,0,499,-490,0,0,50
169.85,0,0,0,0,100,4572,1.81783,0.00670056,1.83598,89,0,21,21,23,0,-2,0,0,1,26,4106,4426,538,173,12,619,38225,36182,109,1026,87,98,2.20903e+06,0,0,0,0,1,287,610,0,550,4098,0,0,0,0,0,0,0,0,499,-535,0,0,50
169.86,0,0,0,0,100,4572,1.81751,0.00670235,1.83594,89,0,21,21,23,0,-2,0,0,1,26,4102,4426,528,173,12,619,38225,36182,109,1026,87,98,2.16586e+06,0,0,0,0,1,842,0,0,542,4104,0,0,0,0,0,0,0,0,499,-506,0,0,50
169.87,0,0,0,0,100,4578,1.81719,0.00670414,1.83589,89,0,21,21,23,0,-2,0,0,1,26,4102,4426,531,173,12,619,38225,36182,109,1026,87,98,2.17816e+06,0,0,0,0,1,652,0,197,535,4132,0,0,0,0,0,0,0,0,499,-514,0,0,50
169.88,0,0,0,0,100,4584,1.81687,0.00670593,1.83585,89,0,21,21,23,0,-2,0,0,1,26,4102,4426,531,173,12,619,38225,36182,109,1026,87,98,2.17816e+06,0,0,0,0,1,0,0,856,544,4072,0,0,0,0,0,0,0,0,499,-503,0,0,50
169.89,0,0,0,0,100,4585,1.81655,0.00670772,1.83581,89,0,21,21,23,0,-2,0,0,1,26,4101,4426,537,173,12,619,38225,36182,109,1026,87,98,2.20224e+06,0,0,0,0,1,0,284,604,552,4076,0,0,0,0,0,0,0,0,499,-528,0,0,50
169.9,0,0,0,0,100,4585,1.81623,0.00670951,1.83577,89,0,21,21,23,0,-2,0,0,1,26,4101,4426,528,173,12,619,38242,36238,109,1026,87,98,2.16533e+06,0,0,0,0,1,0,284,604,552,4076,0,0,0,0,0,0,0,0,499,-528,0,0,50
169.91,0,0,0,0,100,4588,1.81648,0.00673304,1.83504,89,0,21,21,23,0,-2,0,0,1,26,4101,4426,517,173,12,619,38242,36238,109,1026,87,98,2.12022e+06,0,0,0,0,1,0,843,0,550,4147,0,0,0,0,0,0,0,0,499,-505,0,0,50
169.92,0,0,0,0,100,4590,1.81673,0.00675658,1.83431,89,0,21,21,23,0,-2,0,0,1,26,4101,4426,517,173,12,619,38242,36238,109,1026,87,98,2.12022e+06,0,0,0,0,1,297,622,0,543,4102,0,0,0,0,0,0,0,0,499,-548,0,0,50
169.93,0,0,0,0,100,4594,1.81698,0.00678011,1.83359,89,0,21,21,23,0,-2,0,0,1,26,4099,4426,528,173,12,619,38242,36238,109,1026,87,98,2.16427e+06,0,0,0,0,1,850,0,0,540,4111,0,0,0,0,0,0,0,0,499,-497,0,0,50
169.94,0,0,0,0,100,4599,1.81723,0.00680365,1.83286,89,0,21,21,23,0,-2,0,0,1,26,4099,4426,538,173,12,619,38242,36238,109,1026,87,98,2.20526e+06,0,0,0,0,1,365,0,447,538,4154,0,0,0,0,0,0,0,0,499,-497,0,0,50
169.95,0,0,0,0,100,4599,1.81748,0.00682718,1.83213,89,0,21,21,23,0,-2,0,0,1,26,4099,4429,534,173,12,619,38242,36238,109,1026,87,98,2.18887e+06,0,0,0,0,1,0,1,721,546,4087,0,0,0,0,0,0,0,0,499,-526,0,0,50
169.96,0,0,0,0,100,4599,1.81773,0.00685072,1.83141,89,0,21,21,23,0,-2,0,0,1,26,4099,4429,534,173,12,619,38242,36238,109,1026,87,98,2.18887e+06,0,0,0,0,1,0,1,721,546,4087,0,0,0,0,0,0,0,0,499,-526,0,0,50
169.97,0,0,0,0,100,4604,1.81798,0.00687425,1.83068,89,0,21,21,23,0,-2,0,0,1,26,4094,4429,516,173,12,619,38242,36238,109,1026,87,98,2.1125e+06,0,0,0,0,1,19,667,0,533,4128,0,0,0,0,0,0,0,0,499,-454,0,0,50
169.98,0,0,0,0,100,4607,1.81824,0.00689779,1.82995,89,0,21,21,23,0,-2,0,0,1,26,4094,4429,520,173,12,619,38242,36238,109,1026,87,98,2.12888e+06,0,0,0,0,1,338,589,0,539,4100,0,0,0,0,0,0,0,0,499,-497,0,0,50
169.99,0,0,0,0,100,4608,1.81849,0.00692132,1.82923,89,0,21,21,23,0,-2,0,0,1,26,4102,4429,527,173,12,619,38242,36238,109,1026,87,98,2.16175e+06,0,0,0,0,1,763,0,0,550,4109,0,0,0,0,0,0,0,0,499,-491,0,0,50
170,0,0,0,0,100,4609,1.81874,0.00694486,1.8285,89,0,21,21,23,0,-2,0,0,1,26,4102,4429,527,173,12,619,38211,36245,109,1026,61,98,2.16175e+06,0,0,0,0,1,0,0,748,550,4068,0,0,0,0,0,0,0,0,499,-533,0,0,50
170.01,0,0,0,0,100,4609,1.81866,0.00695377,1.82864,89,0,21,21,23,0,-2,0,0,1,26,4094,4429,527,173,12,619,38211,36245,109,1026,61,98,2.15754e+06,0,0,0,0,1,0,534,299,538,4083,0,0,0,0,0,0,0,0,499,-487,0,0,50
170.02,0,0,0,0,100,4613,1.81859,0.00696267,1.82878,89,0,21,21,23,0,-2,0,0,1,26,4094,4429,531,173,12,619,38211,36245,109,1026,61,98,2.17391e+06,0,0,0,0,1,0,534,299,538,4083,0,0,0,0,0,0,0,0,499,-487,0,0,50
170.03,0,0,0,0,100,4618,1.81852,0.00697158,1.82891,89,0,21,21,23,0,-2,0,0,1,26,4095,4429,521,173,12,619,38211,36245,109,1026,61,98,2.1335e+06,0,0,0,0,1,244,610,0,551,4115,0,0,0,0,0,0,0,0,499,-514,0,0,50
170.04,0,0,0,0,100,4621,1.81844,0.00698048,1.82905,89,0,21,21,23,0,-2,0,0,1,26,4095,4429,521,173,12,619,38211,36245,109,1026,61,98,2.1335e+06,0,0,0,0,1,821,0,0,555,4106,0,0,0,0,0,0,0,0,499,-486,0,0,50
170.05,0,0,0,0,100,4620,1.81837,0.00698939,1.82919,89,0,21,21,23,0,-2,0,0,1,26,4095,4429,534,173,12,619,38211,36245,109,1026,61,98,2.18673e+06,0,0,0,0,1,0,0,804,557,4070,0,0,0,0,0,0,0,0,499,-487,0,0,50
170.06,0,0,0,0,100,4621,1.8183,0.0069983,1.82933,89,0,21,21,23,0,-2,0,0,1,26,4094,4429,539,173,12,619,38211,36245,109,1026,61,98,2.20667e+06,0,0,0,0,1,0,351,549,555,4083,0,0,0,0,0,0,0,0,499,-533,0,0,50
170.07,0,0,0,0,100,4621,1.81822,0.0070072,1.82946,89,0,21,21,23,0,-2,0,1,1,26,4094,4429,521,173,12,619,38211,36245,109,1026,61,98,2.13297e+06,0,0,0,0,1,189,626,0,537,4115,0,0,0,0,0,0,0,0,499,-493,0,0,50
170.08,0,0,0,0,100,4626,1.81815,0.00701611,1.8296,89,0,21,21,23,0,-2,0,1,1,26,4094,4429,521,173,12,619,38211,36245,109,1026,61,98,2.13297e+06,0,0,0,0,1,189,626,0,537,4115,0,0,0,0,0,0,0,0,499,-493,0,0,50
170.09,0,0,0,0,100,4630,1.81808,0.00702502,1.82974,89,0,21,21,23,0,-2,0,1,1,26,4090,4429,533,173,12,619,38211,36245,109,1026,61,98,2.17997e+06,0,0,0,0,1,836,0,0,552,4098,0,0,0,0,0,0,0,0,499,-496,0,0,50
170.1,0,0,0,0,100,4631,1.818,0.00703392,1.82988,89,0,21,21,23,0,-2,0,1,1,26,4090,4429,542,173,12,619,38139,36150,109,1026,68,98,2.21678e+06,0,0,0,0,1,0,0,826,554,4065,0,0,0,0,0,0,0,0,499,-505,0,0,50
170.11,0,0,0,0,100,4634,1.81795,0.00701301,1.83016,89,0,21,21,23,0,-2,0,0,1,26,4096,4429,536,173,12,619,38139,36150,109,1026,68,98,2.19546e+06,0,0,0,0,1,0,563,265,550,4079,0,0,0,0,0,0,0,0,499,-493,0,0,50
170.12,0,0,0,0,100,4637,1.8179,0.0069921,1.83044,89,0,21,21,23,0,-2,0,0,1,26,4096,4429,536,173,12,619,38139,36150,109,1026,68,98,2.19546e+06,0,0,0,0,1,361,544,0,548,4094,0,0,0,0,0,0,0,0,499,-533,0,0,50
170.13,0,0,0,0,100,4637,1.81785,0.00697119,1.83072,89,0,21,21,23,0,-2,0,0,1,26,4096,4429,533,173,12,619,38139,36150,109,1026,68,98,2.18317e+06,0,0,0,0,1,604,0,205,549,4122,0,0,0,0,0,0,0,0,499,-487,0,0,50
170.14,0,0,0,0,100,4638,1.8178,0.00695028,1.831,89,0,21,21,23,0,-2,0,0,1,26,4096,4429,543,173,12,619,38139,36150,109,1026,68,98,2.22413e+06,0,0,0,0,1,604,0,205,549,4122,0,0,0,0,0,0,0,0,499,-487,0,0,50
170.15,0,0,0,0,100,4640,1.81775,0.00692937,1.83129,89,0,21,21,23,0,-2,0,0,1,26,4097,4429,544,173,12,619,38139,36150,109,1026,68,98,2.22877e+06,0,0,0,0,1,0,0,774,546,4076,0,0,0,0,0,0,0,0,499,-456,0,0,50
170.16,0,0,0,0,100,4641,1.8177,0.00690846,1.83157,89,0,21,21,23,0,-2,0,0,1,26,4097,4429,544,173,12,619,38139,36150,109,1026,68,98,2.22877e+06,0,0,0,0,1,0,835,0,553,4139,0,0,0,0,0,0,0,0,499,-489,0,0,50
170.17,0,0,0,0,100,4645,1.81766,0.00688755,1.83185,89,0,21,21,23,0,-2,0,0,1,26,4095,4429,529,174,12,619,38139,36150,109,1026,68,98,2.16626e+06,0,0,0,0,1,869,0,0,543,4102,0,0,0,0,0,0,0,0,499,-525,0,0,50
170.18,0,0,0,0,100,4648,1.81761,0.00686664,1.83213,89,0,21,21,23,0,-2,0,0,1,26,4095,4429,526,174,12,619,38139,36150,109,1026,68,98,2.15397e+06,0,0,0,0,1,0,0,742,550,4074,0,0,0,0,0,0,0,0,499,-469,0,0,50
170.19,0,0,0,0,100,4648,1.81756,0.00684573,1.83242,89,0,21,21,23,0,-2,0,0,1,26,4090,4429,526,174,12,619,38139,36150,109,1026,68,98,2.15134e+06,0,0,0,0,1,0,632,160,560,4074,0,0,0,0,0,0,0,0,499,-496,0,0,50
170.2,0,0,0,0,100,4651,1.81751,0.00682481,1.8327,89,0,21,21,24,0,-2,0,0,1,26,4090,4429,526,174,12,619,38188,36090,110,1026,65,98,2.15134e+06,0,0,0,0,1,0,632,160,560,4074,0,0,0,0,0,0,0,0,499,-496,0,0,50
170.21,0,0,0,0,100,4651,1.81752,0.00683726,1.83283,89,0,21,21,24,0,-2,0,0,1,26,4090,4429,540,174,12,619,38188,36090,110,1026,65,98,2.2086e+06,0,0,0,0,1,504,390,0,556,4087,0,0,0,0,0,0,0,0,499,-523,0,0,50
170.22,0,0,0,0,100,4654,1.81754,0.00684971,1.83296,89,0,21,21,24,0,-2,0,0,1,26,4090,4429,538,174,12,619,38188,36090,110,1026,65,98,2.20042e+06,0,0,0,0,1,84,0,656,549,4079,0,0,0,0,0,0,0,0,499,-467,0,0,50
170.23,0,0,0,0,100,4657,1.81755,0.00686216,1.83309,89,0,21,21,24,0,-2,0,0,1,26,4090,4429,528,174,12,619,38188,36090,110,1026,65,98,2.15952e+06,0,0,0,0,1,0,279,640,555,4072,0,0,0,0,0,0,0,0,499,-540,0,0,50
170.24,0,0,0,0,100,4659,1.81757,0.00687461,1.83321,89,0,21,21,24,0,-2,0,0,1,26,4090,4429,528,174,12,619,38188,36090,110,1026,65,98,2.15952e+06,0,0,0,0,1,299,604,0,555,4104,0,0,0,0,0,0,0,0,499,-539,0,0,50
170.25,0,0,0,0,100,4660,1.81759,0.00688706,1.83334,89,0,21,21,24,0,-2,0,0,1,26,4090,4429,536,174,12,619,38188,36090,110,1026,65,98,2.19224e+06,0,0,0,0,1,645,0,235,563,4126,0,0,0,0,0,0,0,0,499,-537,0,0,50
170.26,0,0,0,0,100,4660,1.8176,0.00689951,1.83347,89,0,21,21,24,0,-2,0,0,1,26,4092,4429,549,174,12,619,38188,36090,110,1026,65,98,2.24651e+06,0,0,0,0,1,645,0,235,563,4126,0,0,0,0,0,0,0,0,499,-537,0,0,50
170.27,0,0,0,0,100,4662,1.81762,0.00691196,1.8336,89,0,21,21,24,0,-2,0,0,1,26,4092,4429,548,174,12,619,38188,36090,110,1026,65,98,2.24242e+06,0,0,0,0,1,0,235,604,555,4081,0,0,0,0,0,0,0,0,499,-510,0,0,50
170.28,0,0,0,0,100,4667,1.81763,0.00692441,1.83373,89,0,21,21,24,0,-2,0,0,1,26,4092,4429,548,174,12,619,38188,36090,110,1026,65,98,2.24242e+06,0,0,0,0,1,238,574,0,541,4122,0,0,0,0,0,0,0,0,499,-485,0,0,50
170.29,0,0,0,0,100,4670,1.81765,0.00693686,1.83386,89,0,21,21,24,0,-2,0,0,1,26,4087,4426,540,174,12,619,38188,36090,110,1026,65,98,2.20698e+06,0,0,0,0,1,635,0,229,564,4135,0,0,0,0,0,0,0,0,499,-526,0,0,50
170.3,0,0,0,0,100,4669,1.81766,0.00694931,1.83399,89,0,21,21,24,0,-2,0,0,1,26,4087,4426,543,174,12,619,38119,36021,109,1026,65,98,2.21924e+06,0,0,0,0,1,0,253,637,572,4065,0,0,0,0,0,0,0,0,499,-547,0,0,50
170.31,0,0,0,0,100,4669,1.8175,0.00696568,1.83355,89,0,21,21,24,0,-2,0,0,1,26,4087,4426,549,174,12,619,38119,36021,109,1026,65,98,2.24376e+06,0,0,0,0,1,285,603,0,553,4100,0,0,0,0,0,0,0,0,499,-531,0,0,50
170.32,0,0,0,0,100,4669,1.81734,0.00698206,1.8331,89,0,21,21,24,0,-2,0,0,1,26,4087,4426,549,174,12,619,38119,36021,109,1026,65,98,2.24376e+06,0,0,0,0,1,285,603,0,553,4100,0,0,0,0,0,0,0,0,499,-531,0,0,50
170.33,0,0,0,0,100,4673,1.81717,0.00699843,1.83266,89,0,21,21,24,0,-2,0,0,1,26,4092,4426,529,174,12,619,38119,36021,109,1026,65,98,2.16467e+06,0,0,0,0,1,635,0,277,547,4150,0,0,0,0,0,0,0,0,499,-514,0,0,50
170.34,0,0,0,0,100,4676,1.81701,0.00701481,1.83222,89,0,21,21,24,0,-2,0,0,1,26,4092,4426,538,174,12,619,38119,36021,109,1026,65,98,2.2015e+06,0,0,0,0,1,0,347,551,553,4079,0,0,0,0,0,0,0,0,499,-533,0,0,50
170.35,0,0,0,0,100,4680,1.81685,0.00703118,1.83178,89,0,21,21,24,0,-2,0,0,1,26,4092,4425,539,174,12,619,38119,36021,109,1026,65,98,2.20559e+06,0,0,0,0,1,440,427,0,552,4091,0,0,0,0,0,0,0,0,499,-503,0,0,50
170.36,0,0,0,0,100,4680,1.81668,0.00704756,1.83134,89,0,21,21,24,0,-2,0,0,1,26,4092,4425,539,174,12,619,38119,36021,109,1026,65,98,2.20559e+06,0,0,0,0,1,227,0,566,560,4100,0,0,0,0,0,0,0,0,499,-464,0,0,50
170.37,0,0,0,0,100,4684,1.81652,0.00706393,1.83089,89,0,21,21,24,0,-2,0,0,1,26,4088,4425,551,174,12,619,38119,36021,109,1026,65,98,2.25249e+06,0,0,0,0,1,0,716,0,558,4106,0,0,0,0,0,0,0,0,499,-483,0,0,50
170.38,0,0,0,0,100,4684,1.81635,0.00708031,1.83045,89,0,21,21,24,0,-2,0,0,1,26,4088,4425,536,174,12,619,38119,36021,109,1026,65,98,2.19117e+06,0,0,0,0,1,0,716,0,558,4106,0,0,0,0,0,0,0,0,499,-483,0,0,50
170.39,0,0,0,0,100,4687,1.81619,0.00709668,1.83001,89,0,21,21,24,0,-2,0,0,1,26,4087,4425,540,174,12,619,38119,36021,109,1026,65,98,2.20698e+06,0,0,0,0,1,916,0,0,561,4094,0,0,0,0,0,0,0,0,499,-555,0,0,50
170.4,0,0,0,0,100,4687,1.81603,0.00711306,1.82957,89,0,21,21,23,0,-2,0,0,1,26,4087,4425,540,174,12,619,38075,36021,109,1026,64,98,2.20698e+06,0,0,0,0,1,0,0,875,563,4065,0,0,0,0,0,0,0,0,499,-491,0,0,50
170.41,0,0,0,0,100,4689,1.81634,0.00709564,1.83013,89,0,21,21,23,0,-2,0,0,1,26,4094,4425,543,174,12,619,38075,36021,109,1026,64,98,2.22304e+06,0,0,0,0,1,0,745,0,558,4124,0,0,0,0,0,0,0,0,499,-465,0,0,50
170.42,0,0,0,0,100,4694,1.81665,0.00707823,1.83069,89,0,21,21,23,0,-2,0,0,1,26,4094,4426,540,174,12,619,38075,36021,109,1026,64,98,2.21076e+06,0,0,0,0,1,598,0,197,545,4122,0,0,0,0,0,0,0,0,499,-488,0,0,50
170.43,0,0,0,0,100,4697,1.81696,0.00706081,1.83125,89,0,21,21,23,0,-2,0,0,1,26,4094,4426,540,174,12,619,38075,36021,109,1026,64,98,2.21076e+06,0,0,0,0,1,0,333,619,560,4065,0,0,0,0,0,0,0,0,499,-548,0,0,50
170.44,0,0,0,0,100,4697,1.81727,0.00704339,1.83181,89,0,21,21,23,0,-2,0,0,1,26,4094,4426,540,174,12,619,38075,36021,109,1026,64,98,2.21076e+06,0,0,0,0,1,0,333,619,560,4065,0,0,0,0,0,0,0,0,499,-548,0,0,50
170.45,0,0,0,0,100,4699,1.81759,0.00702598,1.83237,89,0,21,21,23,0,-2,0,0,1,26,4086,4426,554,174,12,619,38075,36021,109,1026,64,98,2.26364e+06,0,0,0,0,1,646,142,0,561,4083,0,0,0,0,0,0,0,0,499,-492,0,0,50
170.46,0,0,0,0,100,4699,1.8179,0.00700856,1.83293,89,0,21,21,23,0,-2,0,0,1,26,4088,4426,543,174,12,619,38075,36021,109,1026,64,98,2.21978e+06,0,0,0,0,1,0,0,842,561,4061,0,0,0,0,0,0,0,0,499,-506,0,0,50
170.47,0,0,0,0,100,4701,1.81821,0.00699114,1.83349,89,0,21,21,23,0,-2,0,0,1,26,4088,4426,549,174,12,619,38075,36021,109,1026,64,98,2.24431e+06,0,0,0,0,1,328,577,0,556,4104,0,0,0,0,0,0,0,0,499,-535,0,0,50
170.48,0,0,0,0,100,4705,1.81852,0.00697373,1.83405,89,0,21,21,23,0,-2,0,0,1,26,4088,4426,549,173,12,619,38075,36021,109,1026,64,98,2.24431e+06,0,0,0,0,1,610,0,177,547,4122,0,0,0,0,0,0,0,0,499,-510,0,0,50
170.49,0,0,0,0,100,4705,1.81883,0.00695631,1.83461,89,0,21,21,23,0,-2,0,0,1,26,4088,4426,548,173,12,619,38075,36021,109,1026,64,98,2.24022e+06,0,0,0,0,1,0,380,523,565,4068,0,0,0,0,0,0,0,0,499,-478,0,0,50
170.5,0,0,0,0,100,4708,1.81914,0.00693889,1.83517,89,0,21,21,24,0,-2,0,0,1,26,4088,4426,548,173,12,619,38090,36100,109,1026,87,98,2.24022e+06,0,0,0,0,1,0,380,523,565,4068,0,0,0,0,0,0,0,0,499,-478,0,0,50
170.51,0,0,0,0,100,4708,1.819,0.00696364,1.83471,89,0,21,21,24,0,-2,0,0,1,26,4088,4426,557,173,12,619,38090,36100,109,1026,87,98,2.27702e+06,0,0,0,0,1,787,0,0,558,4085,0,0,0,0,0,0,0,0,499,-499,0,0,50
170.52,0,0,0,0,100,4710,1.81885,0.00698838,1.83424,89,0,21,21,24,0,-2,0,0,1,26,4088,4426,557,173,12,619,38090,36100,109,1026,87,98,2.27702e+06,0,0,0,0,1,0,123,648,555,4083,0,0,0,0,0,0,0,0,499,-480,0,0,50
170.53,0,0,0,0,100,4715,1.8187,0.00701312,1.83377,89,0,21,21,24,0,-2,0,0,1,26,4083,4426,547,173,12,619,38090,36100,109,1026,87,98,2.2334e+06,0,0,0,0,1,400,474,0,555,4094,0,0,0,0,0,0,0,0,499,-506,0,0,50
170.54,0,0,0,0,100,4717,1.81855,0.00703786,1.83331,89,0,21,21,24,0,-2,0,0,1,26,4083,4426,542,173,12,619,38090,36100,109,1026,87,98,2.21299e+06,0,0,0,0,1,0,0,840,564,4061,0,0,0,0,0,0,0,0,499,-518,0,0,50
170.55,0,0,0,0,100,4717,1.81841,0.0070626,1.83284,89,0,21,21,24,0,-2,0,0,1,26,4083,4426,547,173,12,619,38090,36100,109,1026,87,98,2.2334e+06,0,0,0,0,1,0,710,0,558,4104,0,0,0,0,0,0,0,0,499,-467,0,0,50
170.56,0,0,0,0,100,4720,1.81826,0.00708735,1.83237,89,0,21,21,24,0,-2,0,0,1,26,4083,4426,547,173,12,619,38090,36100,109,1026,87,98,2.2334e+06,0,0,0,0,1,0,710,0,558,4104,0,0,0,0,0,0,0,0,499,-467,0,0,50
170.57,0,0,0,0,100,4720,1.81811,0.00711209,1.83191,89,0,21,21,24,0,-2,0,0,1,26,4087,4426,551,173,12,619,38090,36100,109,1026,87,98,2.25194e+06,0,0,0,0,1,569,0,340,563,4152,0,0,0,0,0,0,0,0,499,-526,0,0,50
170.58,0,0,0,0,100,4725,1.81797,0.00713683,1.83144,89,0,21,21,24,0,-2,0,0,1,26,4087,4426,543,173,12,619,38090,36100,109,1026,87,98,2.21924e+06,0,0,0,0,1,0,827,0,558,4132,0,0,0,0,0,0,0,0,499,-512,0,0,50
170.59,0,0,0,0,100,4728,1.81782,0.00716157,1.83097,89,0,21,21,24,0,-2,0,0,1,26,4082,4426,534,173,12,619,38090,36100,109,1026,87,98,2.17979e+06,0,0,0,0,1,684,0,41,564,4091,0,0,0,0,0,0,0,0,499,-481,0,0,50
170.6,0,0,0,0,100,4728,1.81767,0.00718631,1.83051,89,0,21,21,24,0,-2,0,0,1,26,4082,4426,534,173,12,619,38054,36009,109,1026,61,98,2.17979e+06,0,0,0,0,1,0,468,449,570,4063,0,0,0,0,0,0,0,0,499,-513,0,0,50
170.61,0,0,0,0,100,4728,1.81783,0.00721023,1.83083,89,0,21,21,24,0,-2,0,0,1,26,4089,4426,562,173,12,619,38054,36009,109,1026,61,98,2.29802e+06,0,0,0,0,1,875,0,0,565,4091,0,0,0,0,0,0,0,0,499,-513,0,0,50
170.62,0,0,0,0,100,4731,1.81799,0.00723414,1.83116,89,0,21,21,24,0,-2,0,0,1,26,4089,4426,553,173,12,619,38054,36009,109,1026,61,98,2.26122e+06,0,0,0,0,1,875,0,0,565,4091,0,0,0,0,0,0,0,0,499,-513,0,0,50
170.63,0,0,0,0,100,4737,1.81815,0.00725805,1.83148,89,0,21,21,24,0,-2,0,0,1,26,4080,4426,543,173,12,619,38054,36009,109,1026,61,98,2.21544e+06,0,0,0,0,1,0,287,610,563,4053,0,0,0,0,0,0,0,0,499,-539,0,0,50
170.64,0,0,0,0,100,4738,1.81831,0.00728196,1.83181,89,0,21,21,24,0,-2,0,0,1,26,4080,4426,543,173,12,619,38054,36009,109,1026,61,98,2.21544e+06,0,0,0,0,1,832,0,0,571,4087,0,0,0,0,0,0,0,0,499,-516,0,0,50
170.65,0,0,0,0,100,4738,1.81847,0.00730587,1.83213,89,0,21,21,24,0,-2,0,0,1,26,4080,4428,544,173,12,619,38054,36009,109,1026,61,98,2.21952e+06,0,0,0,0,1,0,136,646,574,4063,0,0,0,0,0,0,0,0,499,-498,0,0,50
170.66,0,0,0,0,100,4739,1.81863,0.00732978,1.83246,89,0,21,21,24,0,-2,0,0,1,26,4086,4428,549,173,12,619,38054,36009,109,1026,61,98,2.24321e+06,0,0,0,0,1,0,739,0,566,4100,0,0,0,0,0,0,0,0,499,-487,0,0,50
170.67,0,0,0,0,100,4741,1.81879,0.00735369,1.83278,89,0,21,21,24,0,-2,0,0,1,26,4086,4428,550,173,12,619,38054,36009,109,1026,61,98,2.2473e+06,0,0,0,0,1,824,0,0,556,4091,0,0,0,0,0,0,0,0,499,-480,0,0,50
170.68,0,0,0,0,100,4747,1.81895,0.0073776,1.83311,89,0,21,21,24,0,-2,0,0,1,26,4086,4428,550,173,12,619,38054,36009,109,1026,61,98,2.2473e+06,0,0,0,0,1,0,212,607,550,4083,0,0,0,0,0,0,0,0,499,-512,0,0,50
170.69,0,0,0,0,100,4747,1.8191,0.00740151,1.83343,89,0,21,21,24,0,-2,0,0,1,26,4084,4428,550,173,12,619,38054,36009,109,1026,61,98,2.2462e+06,0,0,0,0,1,0,212,607,550,4083,0,0,0,0,0,0,0,0,499,-512,0,0,50
170.7,0,0,0,0,100,4749,1.81926,0.00742543,1.83376,89,0,21,21,24,0,-2,0,0,1,26,4086,4428,559,173,12,619,38077,36045,109,1026,64,98,2.28407e+06,0,0,0,0,1,822,0,0,569,4087,0,0,0,0,0,0,0,0,499,-495,0,0,50
170.71,0,0,0,0,100,4749,1.81878,0.00739595,1.83347,89,0,21,21,24,0,-2,0,0,1,26,4086,4428,554,173,12,619,38077,36045,109,1026,64,98,2.26364e+06,0,0,0,0,1,0,212,586,568,4076,0,0,0,0,0,0,0,0,499,-527,0,0,50
170.72,0,0,0,0,100,4751,1.8183,0.00736648,1.83318,89,0,21,21,24,0,-2,0,0,1,26,4086,4428,554,173,12,619,38077,36045,109,1026,64,98,2.26364e+06,0,0,0,0,1,818,0,0,557,4100,0,0,0,0,0,0,0,0,499,-506,0,0,50
170.73,0,0,0,0,100,4754,1.81781,0.007337,1.8329,89,0,21,21,24,0,-2,0,0,1,26,4086,4428,534,173,12,619,38077,36045,109,1026,64,98,2.18192e+06,0,0,0,0,1,0,269,592,564,4070,0,0,0,0,0,0,0,0,499,-510,0,0,50
170.74,0,0,0,0,100,4756,1.81733,0.00730753,1.83261,89,0,21,21,24,0,-2,0,0,1,26,4083,4428,545,173,12,619,38077,36045,109,1026,64,98,2.22524e+06,0,0,0,0,1,927,0,0,569,4089,0,0,0,0,0,0,0,0,499,-475,0,0,50
170.75,0,0,0,0,100,4756,1.81685,0.00727805,1.83232,89,0,21,21,24,0,-2,0,0,1,26,4083,4428,562,173,12,619,38077,36045,109,1026,64,98,2.29465e+06,0,0,0,0,1,927,0,0,569,4089,0,0,0,0,0,0,0,0,499,-475,0,0,50
170.76,0,0,0,0,100,4760,1.81636,0.00724858,1.83204,89,0,21,21,24,0,-2,0,0,1,26,4083,4428,562,173,12,619,38077,36045,109,1026,64,98,2.29465e+06,0,0,0,0,1,0,304,610,574,4050,0,0,0,0,0,0,0,0,499,-490,0,0,50
170.77,0,0,0,0,100,4761,1.81588,0.0072191,1.83175,89,0,21,21,24,0,-2,0,0,1,26,4085,4428,560,173,12,619,38077,36045,109,1026,64,98,2.2876e+06,0,0,0,0,1,842,0,0,566,4096,0,0,0,0,0,0,0,0,499,-482,0,0,50
170.78,0,0,0,0,100,4766,1.8154,0.00718963,1.83146,89,0,21,21,24,0,-2,0,0,1,26,4083,4428,557,173,12,619,38077,36045,109,1026,64,98,2.27423e+06,0,0,0,0,1,0,498,330,559,4072,0,0,0,0,0,0,0,0,499,-492,0,0,50
170.79,0,0,0,0,100,4766,1.81492,0.00716015,1.83117,89,0,21,21,24,0,-2,0,0,1,26,4083,4428,553,173,12,619,38077,36045,109,1026,64,98,2.2579e+06,0,0,0,0,1,684,0,57,575,4094,0,0,0,0,0,0,0,0,499,-534,0,0,50
170.8,0,0,0,0,100,4765,1.81443,0.00713068,1.83089,89,0,21,21,24,0,-2,0,0,1,26,4083,4428,553,173,12,619,38083,36138,109,1026,65,98,2.2579e+06,0,0,0,0,1,0,808,0,573,4111,0,0,0,0,0,0,0,0,499,-488,0,0,50
170.81,0,0,0,0,100,4765,1.8152,0.00713285,1.83106,89,0,21,21,24,0,-2,0,1,1,26,4084,4428,565,173,12,619,38083,36138,109,1026,65,98,2.30746e+06,0,0,0,0,1,0,808,0,573,4111,0,0,0,0,0,0,0,0,499,-488,0,0,50
170.82,0,0,0,0,100,4769,1.81596,0.00713501,1.83124,89,0,21,21,24,0,-2,0,1,1,26,4084,4428,549,173,12,619,38083,36138,109,1026,65,98,2.24212e+06,0,0,0,0,1,598,0,276,558,4137,0,0,0,0,0,0,0,0,499,-499,0,0,50
170.83,0,0,0,0,100,4775,1.81672,0.00713718,1.83142,89,0,21,21,24,0,-2,0,0,1,26,4076,4428,556,173,12,619,38083,36138,109,1026,65,98,2.26626e+06,0,0,0,0,1,0,794,0,566,4124,0,0,0,0,0,0,0,0,499,-487,0,0,50
170.84,0,0,0,0,100,4776,1.81748,0.00713934,1.83159,89,0,21,21,24,0,-2,0,0,1,26,4076,4428,556,173,12,619,38083,36138,109,1026,65,98,2.26626e+06,0,0,0,0,1,30,0,680,568,4063,0,0,0,0,0,0,0,0,499,-505,0,0,50
170.85,0,0,0,0,100,4776,1.81825,0.00714151,1.83177,89,0,21,21,24,0,-2,0,0,1,26,4083,4428,566,173,12,619,38083,36138,109,1026,65,98,2.31098e+06,0,0,0,0,1,0,503,311,572,4057,0,0,0,0,0,0,0,0,499,-488,0,0,50
170.86,0,0,0,0,100,4776,1.81901,0.00714368,1.83194,89,0,21,21,24,0,-2,0,0,1,26,4083,4428,554,173,12,619,38083,36138,109,1026,65,98,2.26198e+06,0,0,0,0,1,797,0,0,569,4089,0,0,0,0,0,0,0,0,499,-475,0,0,50
170.87,0,0,0,0,100,4778,1.81977,0.00714584,1.83212,89,0,21,21,24,0,-2,0,0,1,26,4083,4428,550,173,12,619,38083,36138,109,1026,65,98,2.24565e+06,0,0,0,0,1,0,703,0,558,4091,0,0,0,0,0,0,0,0,499,-464,0,0,50
170.88,0,0,0,0,100,4778,1.82053,0.00714801,1.8323,89,0,21,21,24,0,-2,0,0,1,26,4083,4428,550,173,12,619,38083,36138,109,1026,65,98,2.24565e+06,0,0,0,0,1,0,703,0,558,4091,0,0,0,0,0,0,0,0,499,-527,0,0,50
170.89,0,0,0,0,100,4782,1.8213,0.00715018,1.83247,89,0,21,21,24,0,-2,0,0,1,26,4079,4428,550,173,12,619,38083,36138,109,1026,65,98,2.24345e+06,0,0,0,0,1,633,0,287,563,4141,0,0,0,0,0,0,0,0,499,-527,0,0,50
170.9,0,0,0,0,100,4784,1.82206,0.00715234,1.83265,89,0,21,21,24,0,-2,0,0,1,26,4079,4428,553,173,12,619,38021,36067,109,1026,68,98,2.25569e+06,0,0,0,0,1,0,726,0,573,4104,0,0,0,0,0,0,0,0,499,-471,0,0,50
170.91,0,0,0,0,100,4785,1.82193,0.00715854,1.83206,89,0,21,21,24,0,-2,0,0,1,26,4083,4428,560,173,12,619,38021,36067,109,1026,68,98,2.28648e+06,0,0,0,0,1,0,0,851,572,4059,0,0,0,0,0,0,0,0,499,-512,0,0,50
170.92,0,0,0,0,100,4788,1.82181,0.00716475,1.83148,89,0,21,21,24,0,-2,0,0,1,26,4083,4428,560,173,12,619,38021,36067,109,1026,68,98,2.28648e+06,0,0,0,0,1,514,323,0,561,4087,0,0,0,0,0,0,0,0,499,-492,0,0,50
170.93,0,0,0,0,100,4790,1.82168,0.00717095,1.83089,89,0,21,21,24,0,-2,0,0,1,26,4077,4428,551,173,12,619,38021,36067,109,1026,68,98,2.24643e+06,0,0,0,0,1,0,267,598,572,4059,0,0,0,0,0,0,0,0,499,-519,0,0,50
170.94,0,0,0,0,100,4790,1.82156,0.00717715,1.8303,89,0,21,21,24,0,-2,0,0,1,26,4077,4428,560,173,12,619,38021,36067,109,1026,68,98,2.28312e+06,0,0,0,0,1,803,0,0,582,4089,0,0,0,0,0,0,0,0,499,-485,0,0,50
170.95,0,0,0,0,100,4790,1.82143,0.00718335,1.82971,89,0,21,21,24,0,-2,0,1,1,26,4077,4428,561,173,12,619,38021,36067,109,1026,68,98,2.2872e+06,0,0,0,0,1,803,0,0,582,4089,0,0,0,0,0,0,0,0,499,-485,0,0,50
170.96,0,0,0,0,100,4793,1.82131,0.00718955,1.82913,89,0,21,21,24,0,-2,0,1,1,26,4077,4428,561,173,12,619,38021,36067,109,1026,68,98,2.2872e+06,0,0,0,0,1,0,843,0,574,4122,0,0,0,0,0,0,0,0,499,-518,0,0,50
170.97,0,0,0,0,100,4794,1.82118,0.00719575,1.82854,89,0,21,21,24,0,-2,0,1,1,26,4082,4428,562,173,12,619,38021,36067,109,1026,68,98,2.29408e+06,0,0,0,0,1,262,0,514,566,4106,0,0,0,0,0,0,0,0,499,-486,0,0,50
170.98,0,0,0,0,100,4800,1.82106,0.00720196,1.82795,89,0,21,21,24,0,-2,0,1,1,26,4078,4428,556,173,12,619,38021,36067,109,1026,68,98,2.26737e+06,0,0,0,0,1,317,577,0,570,4091,0,0,0,0,0,0,0,0,499,-506,0,0,50
170.99,0,0,0,0,100,4801,1.82094,0.00720816,1.82737,89,0,21,21,24,0,-2,0,1,1,26,4078,4428,543,173,12,619,38021,36067,109,1026,68,98,2.21435e+06,0,0,0,0,1,0,95,678,569,4059,0,0,0,0,0,0,0,0,499,-538,0,0,50
171,0,0,0,0,100,4801,1.82081,0.00721436,1.82678,89,0,21,21,24,0,-2,0,1,1,26,4078,4428,543,173,12,619,38023,35999,109,1026,65,98,2.21435e+06,0,0,0,0,1,0,95,678,569,4059,0,0,0,0,0,0,0,0,499,-485,0,0,50
171.01,0,0,0,0,100,4800,1.82028,0.0072179,1.82712,89,0,21,21,24,0,-2,0,0,1,26,4081,4428,560,173,12,619,38023,35999,109,1026,65,98,2.28536e+06,0,0,0,0,1,844,0,0,581,4083,0,0,0,0,0,0,0,0,499,-485,0,0,50
171.02,0,0,0,0,100,4806,1.81976,0.00722143,1.82746,89,0,21,21,24,0,-2,0,0,1,26,4081,4428,556,173,12,619,38023,35999,109,1026,65,98,2.26904e+06,0,0,0,0,1,0,823,0,567,4137,0,0,0,0,0,0,0,0,499,-451,0,0,50
171.03,0,0,0,0,100,4810,1.81923,0.00722497,1.82781,89,0,21,21,24,0,-2,0,0,1,26,4081,4425,562,173,12,619,38023,35999,109,1026,65,98,2.29352e+06,0,0,0,0,1,12,0,703,566,4046,0,0,0,0,0,0,0,0,499,-525,0,0,50
171.04,0,0,0,0,100,4810,1.81871,0.00722851,1.82815,89,0,21,21,24,0,-2,0,0,1,26,4081,4425,562,173,12,619,38023,35999,109,1026,65,98,2.29352e+06,0,0,0,0,1,787,0,0,579,4079,0,0,0,0,0,0,0,0,499,-496,0,0,50
171.05,0,0,0,0,100,4811,1.81818,0.00723204,1.82849,89,0,21,21,24,0,-2,0,0,1,26,4076,4425,575,173,12,619,38023,35999,109,1026,65,98,2.3437e+06,0,0,0,0,1,0,587,223,567,4063,0,0,0,0,0,0,0,0,499,-475,0,0,50
171.06,0,0,0,0,100,4811,1.81766,0.00723558,1.82883,89,0,21,21,24,0,-2,0,0,1,26,4076,4425,562,173,12,619,38023,35999,109,1026,65,98,2.29071e+06,0,0,0,0,1,543,0,369,565,4132,0,0,0,0,0,0,0,0,499,-522,0,0,50
171.07,0,0,0,0,100,4813,1.81713,0.00723911,1.82917,89,0,21,21,24,0,-2,0,0,1,26,4076,4425,565,173,12,619,38023,35999,109,1026,65,98,2.30294e+06,0,0,0,0,1,543,0,369,565,4132,0,0,0,0,0,0,0,0,499,-522,0,0,50
171.08,0,0,0,0,100,4819,1.81661,0.00724265,1.82951,89,0,21,21,24,0,-2,0,0,1,26,4076,4425,565,173,12,619,38023,35999,109,1026,65,98,2.30294e+06,0,0,0,0,1,297,597,0,564,4083,0,0,0,0,0,0,0,0,499,-532,0,0,50
171.09,0,0,0,0,100,4823,1.81608,0.00724619,1.82986,89,0,21,21,24,0,-2,0,0,1,26,4073,4425,568,173,12,619,38023,35999,109,1026,65,98,2.31346e+06,0,0,0,0,1,0,302,592,572,4053,0,0,0,0,0,0,0,0,499,-540,0,0,50
171.1,0,0,0,0,100,4822,1.81556,0.00724972,1.8302,89,0,21,21,24,0,-2,0,0,1,26,4073,4426,565,173,12,619,37997,35850,109,1026,64,98,2.30124e+06,0,0,0,0,1,563,0,334,588,4132,0,0,0,0,0,0,0,0,499,-475,0,0,50
171.11,0,0,0,0,100,4826,1.8154,0.00721123,1.8303,89,0,21,21,24,0,-2,0,0,1,26,4073,4426,565,173,11,619,37997,35850,109,1026,64,98,2.30124e+06,0,0,0,0,1,172,616,0,561,4106,0,0,0,0,0,0,0,0,499,-477,0,0,50
171.12,0,0,0,0,100,4826,1.81524,0.00717274,1.83041,89,0,21,21,24,0,-2,0,0,1,26,4073,4426,565,173,11,619,37997,35850,109,1026,64,98,2.30124e+06,0,0,0,0,1,172,616,0,561,4106,0,0,0,0,0,0,0,0,499,-469,0,0,50
171.13,0,0,0,0,100,4829,1.81509,0.00713425,1.83051,89,0,21,21,24,0,-2,0,0,1,26,4073,4426,544,173,11,619,37997,35850,109,1026,64,98,2.21571e+06,0,0,0,0,1,0,106,662,565,4055,0,0,0,0,0,0,0,0,499,-469,0,0,50
171.14,0,0,0,0,100,4829,1.81493,0.00709576,1.83061,89,0,21,21,24,0,-2,0,0,1,26,4070,4426,568,173,11,619,37997,35850,109,1026,64,98,2.31176e+06,0,0,0,0,1,693,0,43,583,4076,0,0,0,0,0,0,0,0,499,-481,0,0,50
171.15,0,0,0,0,100,4832,1.81478,0.00705727,1.83072,89,0,21,21,24,0,-2,0,0,1,26,4070,4426,575,173,11,619,37997,35850,109,1026,64,98,2.34025e+06,0,0,0,0,1,54,663,0,571,4098,0,0,0,0,0,0,0,0,499,-463,0,0,50
171.16,0,0,0,0,100,4836,1.81462,0.00701878,1.83082,89,0,21,21,24,0,-2,0,0,1,26,4070,4426,575,173,11,619,37997,35850,109,1026,64,98,2.34025e+06,0,0,0,0,1,0,54,674,569,4063,0,0,0,0,0,0,0,0,499,-497,0,0,50
171.17,0,0,0,0,100,4840,1.81446,0.00698028,1.83092,89,0,21,21,24,0,-2,0,0,1,26,4076,4426,560,173,11,619,37997,35850,109,1026,64,98,2.28256e+06,0,0,0,0,1,621,0,133,562,4104,0,0,0,0,0,0,0,0,499,-476,0,0,50
171.18,0,0,0,0,100,4840,1.81431,0.00694179,1.83103,89,0,21,21,24,0,-2,0,0,1,26,4076,4426,570,173,11,619,37997,35850,109,1026,64,98,2.32332e+06,0,0,0,0,1,236,613,0,583,4087,0,0,0,0,0,0,0,0,499,-506,0,0,50
171.19,0,0,0,0,100,4839,1.81415,0.0069033,1.83113,89,0,21,21,24,0,-2,0,0,1,26,4076,4426,549,173,11,619,37997,35850,109,1026,64,98,2.23772e+06,0,0,0,0,1,236,613,0,583,4087,0,0,0,0,0,0,0,0,499,-506,0,0,50
171.2,0,0,0,0,100,4836,1.814,0.00686481,1.83123,89,0,21,21,24,0,-2,0,0,1,26,4074,4426,559,173,11,619,37984,35966,109,1026,65,98,2.27737e+06,0,0,0,0,1,0,234,621,584,4065,0,0,0,0,0,0,0,0,499,-496,0,0,50
171.21,0,0,0,0,100,4838,1.81482,0.00688454,1.83122,89,0,21,21,24,0,-2,0,0,1,26,4074,4426,559,174,12,619,37984,35966,109,1026,65,98,2.27737e+06,0,0,0,0,1,604,0,258,571,4126,0,0,0,0,0,0,0,0,499,-510,0,0,50
171.22,0,0,0,0,100,4843,1.81565,0.00690427,1.8312,89,0,21,21,24,0,-2,0,0,1,26,4083,4426,564,174,12,619,37984,35966,109,1026,65,98,2.30281e+06,0,0,0,0,1,279,603,0,580,4079,0,0,0,0,0,0,0,0,499,-527,0,0,50
171.23,0,0,0,0,100,4842,1.81648,0.006924,1.83118,89,0,21,21,24,0,-2,0,0,1,26,4070,4426,561,174,12,619,37984,35966,109,1026,65,98,2.28327e+06,0,0,0,0,1,0,329,599,587,4046,0,0,0,0,0,0,0,0,499,-548,0,0,50
171.24,0,0,0,0,100,4842,1.81731,0.00694373,1.83116,89,0,21,21,24,0,-2,0,0,1,26,4070,4426,561,174,12,619,37984,35966,109,1026,65,98,2.28327e+06,0,0,0,0,1,0,329,599,587,4046,0,0,0,0,0,0,0,0,499,-533,0,0,50
171.25,0,0,0,0,100,4839,1.81814,0.00696347,1.83114,89,0,21,21,24,0,-2,0,0,1,26,4070,4426,568,174,12,619,37984,35966,109,1026,65,98,2.31176e+06,0,0,0,0,1,547,0,350,589,4122,0,0,0,0,0,0,0,0,499,-533,0,0,50
171.26,0,0,0,0,100,4838,1.81896,0.0069832,1.83112,89,0,21,21,24,0,-2,0,0,1,26,4070,4426,568,174,12,619,37984,35966,109,1026,65,98,2.31176e+06,0,0,0,0,1,408,468,0,571,4091,0,0,0,0,0,0,0,0,499,-508,0,0,50
171.27,0,0,0,0,100,4839,1.81979,0.00700293,1.8311,89,0,21,21,24,0,-2,0,0,1,26,4072,4426,565,174,12,619,37984,35966,109,1026,65,98,2.30068e+06,0,0,0,0,1,0,457,426,574,4061,0,0,0,0,0,0,0,0,499,-506,0,0,50
171.28,0,0,0,0,100,4839,1.82062,0.00702266,1.83109,89,0,21,21,24,0,-2,0,0,1,26,4072,4426,565,174,12,619,37984,35966,109,1026,65,98,2.30068e+06,0,0,0,0,1,303,0,506,580,4100,0,0,0,0,0,0,0,0,499,-476,0,0,50
171.29,0,0,0,0,100,4835,1.82145,0.00704239,1.83107,89,0,21,21,24,0,-2,0,0,1,26,4072,4426,572,174,12,619,37984,35966,109,1026,65,98,2.32918e+06,0,0,0,0,1,617,183,0,588,4068,0,0,0,0,0,0,0,0,499,-491,0,0,50
171.3,0,0,0,0,100,4834,1.82228,0.00706212,1.83105,89,0,21,21,24,0,-2,0,0,1,26,4072,4426,566,174,12,619,37979,35923,109,1026,65,98,2.30475e+06,0,0,0,0,1,0,566,224,574,4063,0,0,0,0,0,0,0,0,499,-489,0,0,50
171.31,0,0,0,0,100,4834,1.82158,0.00705276,1.83138,89,0,21,21,24,0,-2,0,0,1,26,4080,4426,566,174,12,619,37979,35923,109,1026,65,98,2.30928e+06,0,0,0,0,1,0,566,224,574,4063,0,0,0,0,0,0,0,0,499,-489,0,0,50
171.32,0,0,0,0,100,4833,1.82088,0.00704339,1.83171,89,0,21,21,24,0,-2,0,0,1,26,4080,4426,566,175,12,619,37979,35923,109,1026,65,98,2.30928e+06,0,0,0,0,1,189,0,557,573,4091,0,0,0,0,0,0,0,0,499,-477,0,0,50
171.33,0,0,0,0,100,4828,1.82018,0.00703403,1.83205,89,0,21,21,24,0,-2,0,0,1,26,4080,4426,560,175,12,619,37979,35923,109,1026,65,98,2.2848e+06,0,0,0,0,1,566,290,0,585,4074,0,0,0,0,0,0,0,0,499,-509,0,0,50
171.34,0,0,0,0,100,4825,1.81949,0.00702466,1.83238,89,0,21,21,24,0,-2,0,0,1,26,4072,4426,560,175,12,619,37979,35923,109,1026,65,98,2.28032e+06,0,0,0,0,1,0,435,481,581,4055,0,0,0,0,0,0,0,0,499,-514,0,0,50
171.35,0,0,0,0,100,4825,1.81879,0.0070153,1.83271,89,0,21,21,24,0,-2,0,0,1,26,4072,4426,577,175,12,619,37979,35923,109,1026,65,98,2.34954e+06,0,0,0,0,1,16,0,693,574,4065,0,0,0,0,0,0,0,0,499,-494,0,0,50
171.36,0,0,0,0,100,4825,1.81809,0.00700593,1.83304,89,0,21,21,24,0,-2,0,0,1,26,4072,4426,577,175,12,619,37979,35923,109,1026,65,98,2.34954e+06,0,0,0,0,1,16,0,693,574,4065,0,0,0,0,0,0,0,0,499,-545,0,0,50
171.37,0,0,0,0,100,4825,1.81739,0.00699657,1.83338,89,0,21,21,24,0,-2,0,0,1,26,4069,4426,565,175,12,619,37979,35923,109,1026,65,98,2.29898e+06,0,0,0,0,1,353,574,0,581,4076,0,0,0,0,0,0,0,0,499,-545,0,0,50
171.38,0,0,0,0,100,4822,1.8167,0.00698721,1.83371,89,0,21,21,24,0,-2,0,0,1,26,4069,4426,570,175,12,619,37979,35923,109,1026,65,98,2.31933e+06,0,0,0,0,1,0,284,617,586,4046,0,0,0,0,0,0,0,0,499,-544,0,0,50
171.39,0,0,0,0,100,4816,1.816,0.00697784,1.83404,89,0,21,21,24,0,-2,0,0,1,26,4069,4426,559,175,12,619,37979,35923,109,1026,65,98,2.27457e+06,0,0,0,0,1,602,0,227,591,4106,0,0,0,0,0,0,0,0,499,-511,0,0,50
171.4,0,0,0,0,100,4812,1.8153,0.00696848,1.83437,89,0,21,21,23,0,-2,0,0,1,26,4069,4426,559,175,12,619,37956,36006,110,1026,68,98,2.27457e+06,0,0,0,0,1,0,718,0,569,4100,0,0,0,0,0,0,0,0,499,-476,0,0,50
171.41,0,0,0,0,100,4815,1.81558,0.00697863,1.83407,89,0,21,21,23,0,-2,0,0,1,26,4074,4429,582,175,12,619,37956,36006,110,1026,68,98,2.37107e+06,0,0,0,0,1,0,0,804,555,4065,0,0,0,0,0,0,0,0,499,-452,0,0,50
171.42,0,0,0,0,100,4813,1.81586,0.00698879,1.83377,89,0,21,21,23,0,-2,0,0,1,26,4074,4429,572,175,12,619,37956,36006,110,1026,68,98,2.33033e+06,0,0,0,0,1,900,0,0,577,4074,0,0,0,0,0,0,0,0,499,-530,0,0,50
171.43,0,0,0,0,100,4813,1.81614,0.00699894,1.83346,89,0,21,21,23,0,-2,0,0,1,26,4074,4429,571,175,12,619,37956,36006,110,1026,68,98,2.32625e+06,0,0,0,0,1,900,0,0,577,4074,0,0,0,0,0,0,0,0,499,-530,0,0,50
171.44,0,0,0,0,100,4810,1.81642,0.0070091,1.83316,89,0,21,21,23,0,-2,0,0,1,26,4070,4429,571,175,12,619,37956,36006,110,1026,68,98,2.32397e+06,0,0,0,0,1,0,798,0,577,4104,0,0,0,0,0,0,0,0,499,-502,0,0,50
171.45,0,0,0,0,100,4808,1.8167,0.00701925,1.83286,89,0,21,21,23,0,-2,0,0,1,26,4070,4429,571,175,12,619,37956,36006,110,1026,68,98,2.32397e+06,0,0,0,0,1,191,0,564,566,4081,0,0,0,0,0,0,0,0,499,-479,0,0,50
171.46,0,0,0,0,100,4807,1.81697,0.0070294,1.83255,89,0,21,21,23,0,-2,0,0,1,26,4074,4429,571,175,12,619,37956,36006,110,1026,68,98,2.32625e+06,0,0,0,0,1,367,531,0,571,4087,0,0,0,0,0,0,0,0,499,-526,0,0,50
171.47,0,0,0,0,100,4806,1.81725,0.00703956,1.83225,89,0,21,21,23,0,-2,0,0,1,26,4074,4429,578,175,12,619,37956,36006,110,1026,68,98,2.35477e+06,0,0,0,0,1,0,251,604,564,4070,0,0,0,0,0,0,0,0,499,-511,0,0,50
171.48,0,0,0,0,100,4806,1.81753,0.00704971,1.83195,89,0,21,21,23,0,-2,0,0,1,26,4074,4429,578,175,12,619,37956,36006,110,1026,68,98,2.35477e+06,0,0,0,0,1,0,251,604,564,4070,0,0,0,0,0,0,0,0,499,-481,0,0,50
171.49,0,0,0,0,100,4803,1.81781,0.00705987,1.83164,89,0,21,21,23,0,-2,0,0,1,26,4072,4429,587,175,12,619,37956,36006,110,1026,68,98,2.39026e+06,0,0,0,0,1,760,0,0,579,4083,0,0,0,0,0,0,0,0,499,-481,0,0,50
171.5,0,0,0,0,100,4804,1.81809,0.00707002,1.83134,89,0,21,21,24,0,-2,0,0,1,26,4072,4429,584,175,12,619,37968,35998,109,1026,65,98,2.37805e+06,0,0,0,0,1,0,818,0,563,4141,0,0,0,0,0,0,0,0,499,-460,0,0,50
171.51,0,0,0,0,100,4807,1.81789,0.00707828,1.83098,89,0,21,21,24,0,-2,0,0,1,26,4067,4429,583,175,12,619,37968,35998,109,1026,65,98,2.37106e+06,0,0,0,0,1,0,0,799,559,4059,0,0,0,0,0,0,0,0,499,-479,0,0,50
171.52,0,0,0,0,100,4805,1.81769,0.00708653,1.83062,89,0,21,21,24,0,-2,0,0,1,26,4067,4429,583,175,12,619,37968,35998,109,1026,65,98,2.37106e+06,0,0,0,0,1,635,140,0,574,4072,0,0,0,0,0,0,0,0,499,-531,0,0,50
171.53,0,0,0,0,100,4802,1.81749,0.00709479,1.83026,89,0,21,21,24,0,-2,0,0,1,26,4071,4429,582,175,12,619,37968,35998,109,1026,65,98,2.36932e+06,0,0,0,0,1,0,331,596,583,4053,0,0,0,0,0,0,0,0,499,-472,0,0,50
171.54,0,0,0,0,100,4802,1.8173,0.00710304,1.8299,89,0,21,21,24,0,-2,0,0,1,26,4071,4430,595,175,12,619,37968,35998,109,1026,65,98,2.42224e+06,0,0,0,0,1,590,0,215,555,4143,0,0,0,0,0,0,0,0,499,-507,0,0,50
171.55,0,0,0,0,100,4804,1.8171,0.00711129,1.82954,89,0,21,21,24,0,-2,0,0,1,26,4071,4430,573,175,12,619,37968,35998,109,1026,65,98,2.33268e+06,0,0,0,0,1,590,0,215,555,4143,0,0,0,0,0,0,0,0,499,-507,0,0,50
171.56,0,0,0,0,100,4806,1.8169,0.00711955,1.82918,89,0,21,21,24,0,-2,0,0,1,26,4071,4430,573,175,12,619,37968,35998,109,1026,65,98,2.33268e+06,0,0,0,0,1,270,593,0,564,4089,0,0,0,0,0,0,0,0,499,-514,0,0,50
171.57,0,0,0,0,100,4809,1.8167,0.0071278,1.82882,89,0,21,21,24,0,-2,0,0,1,26,4061,4430,572,175,12,619,37968,35998,109,1026,65,98,2.32289e+06,0,0,0,0,1,0,17,674,572,4063,0,0,0,0,0,0,0,0,499,-494,0,0,50
171.58,0,0,0,0,100,4809,1.8165,0.00713606,1.82846,89,0,21,21,24,0,-2,0,0,1,26,4063,4430,581,175,12,619,37968,35998,109,1026,65,98,2.3606e+06,0,0,0,0,1,812,0,0,578,4087,0,0,0,0,0,0,0,0,499,-483,0,0,50
171.59,0,0,0,0,100,4808,1.8163,0.00714431,1.8281,89,0,21,21,24,0,-2,0,0,1,26,4063,4430,575,175,12,619,37968,35998,109,1026,65,98,2.33622e+06,0,0,0,0,1,0,874,0,575,4130,0,0,0,0,0,0,0,0,499,-523,0,0,50
171.6,0,0,0,0,100,4808,1.8161,0.00715256,1.82774,89,0,21,21,24,0,-2,0,0,1,26,4063,4430,575,175,12,619,37910,35827,110,1024,65,98,2.33622e+06,0,0,0,0,1,0,874,0,575,4130,0,0,0,0,0,0,0,0,499,-461,0,0,50
171.61,0,0,0,0,100,4810,1.81653,0.00712967,1.82819,89,0,21,21,24,0,-2,0,0,1,26,4069,4430,582,175,12,619,37910,35827,110,1024,65,98,2.36816e+06,0,0,0,0,1,0,0,851,563,4050,0,0,0,0,0,0,0,0,499,-461,0,0,50
171.62,0,0,0,0,100,4814,1.81696,0.00710679,1.82864,89,0,21,21,24,0,-2,0,0,1,26,4069,4430,568,175,12,619,37910,35827,110,1024,65,98,2.31119e+06,0,0,0,0,1,652,130,0,580,4070,0,0,0,0,0,0,0,0,499,-491,0,0,50
171.63,0,0,0,0,100,4812,1.81738,0.0070839,1.82909,89,0,21,21,24,0,-2,0,0,1,26,4069,4430,568,175,12,619,37910,35827,110,1024,65,98,2.31119e+06,0,0,0,0,1,0,390,523,580,4053,0,0,0,0,0,0,0,0,499,-536,0,0,50
171.64,0,0,0,0,100,4814,1.81781,0.00706101,1.82954,89,0,21,21,24,0,-2,0,0,1,26,4069,4430,568,175,12,619,37910,35827,110,1024,65,98,2.31119e+06,0,0,0,0,1,596,0,268,572,4135,0,0,0,0,0,0,0,0,499,-522,0,0,50
171.65,0,0,0,0,100,4819,1.81824,0.00703812,1.82999,89,0,21,21,24,0,-2,0,0,1,26,4064,4430,584,175,12,619,37910,35827,110,1024,65,98,2.37338e+06,0,0,0,0,1,289,574,0,561,4094,0,0,0,0,0,0,0,0,499,-509,0,0,50
171.66,0,0,0,0,100,4819,1.81867,0.00701523,1.83044,89,0,21,21,24,0,-2,0,0,1,26,4064,4430,554,175,12,619,37910,35827,110,1024,65,98,2.25146e+06,0,0,0,0,1,0,175,670,579,4055,0,0,0,0,0,0,0,0,499,-501,0,0,50
171.67,0,0,0,0,100,4822,1.81909,0.00699234,1.83089,89,0,21,21,24,0,-2,0,0,1,26,4064,4430,566,175,12,619,37910,35827,110,1024,65,98,2.30022e+06,0,0,0,0,1,0,175,670,579,4055,0,0,0,0,0,0,0,0,499,-501,0,0,50
171.68,0,0,0,0,100,4822,1.81952,0.00696945,1.83134,89,0,21,21,24,0,-2,0,0,1,26,4064,4430,566,175,12,619,37910,35827,110,1024,65,98,2.30022e+06,0,0,0,0,1,697,0,49,583,4081,0,0,0,0,0,0,0,0,499,-478,0,0,50
171.69,0,0,0,0,100,4821,1.81995,0.00694656,1.8318,89,0,21,21,24,0,-2,0,0,1,26,4066,4430,577,175,12,619,37910,35827,110,1024,65,98,2.34608e+06,0,0,0,0,1,0,730,0,572,4104,0,0,0,0,0,0,0,0,499,-461,0,0,50
171.7,0,0,0,0,100,4826,1.82037,0.00692367,1.83225,89,0,21,21,23,0,-2,0,0,1,26,4066,4430,582,175,12,619,37912,36000,109,1024,68,98,2.36641e+06,0,0,0,0,1,0,0,771,568,4055,0,0,0,0,0,0,0,0,499,-485,0,0,50
171.71,0,0,0,0,100,4829,1.82004,0.00693981,1.83217,89,0,21,21,23,0,-2,0,0,1.1,26,4065,4430,567,175,12,619,37912,36000,109,1024,68,98,2.30486e+06,0,0,0,0,1,804,0,0,569,4083,0,0,0,0,0,0,0,0,499,-476,0,0,50
171.72,0,0,0,0,100,4829,1.81971,0.00695595,1.8321,89,0,21,21,23,0,-2,0,0,1.2,26,4065,4430,567,175,12,619,37912,36000,109,1024,68,98,2.30486e+06,0,0,0,0,1,804,0,0,569,4083,0,0,0,0,0,0,0,0,499,-484,0,0,50
171.73,0,0,0,0,100,4829,1.81937,0.00697209,1.83202,89,0,21,21,23,0,-2,0,0,1.3,26,4070,4430,559,175,13,619,37912,36000,109,1024,68,98,2.27513e+06,0,0,0,0,1,0,823,0,577,4117,0,0,0,0,0,0,0,0,499,-484,0,0,50
171.74,0,0,0,0,100,4830,1.81904,0.00698823,1.83195,89,0,21,21,23,0,-2,0,0,1.4,26,4070,4430,583,175,13,619,37912,36000,109,1024,68,98,2.37281e+06,0,0,0,0,1,0,0,842,572,4048,0,0,0,0,0,0,0,0,499,-476,0,0,50
171.75,0,0,0,0,100,4833,1.81871,0.00700437,1.83187,89,0,21,21,23,0,-2,0,0,1.5,26,4073,4430,576,175,13,619,37912,36000,109,1024,68,98,2.34605e+06,0,0,0,0,1,840,0,0,574,4085,0,0,0,0,0,0,0,0,499,-492,0,0,50
171.76,0,0,0,0,100,4835,1.81837,0.00702051,1.8318,89,0,21,21,23,0,-2,0,0,1.6,26,4073,4430,576,175,13,619,37912,36000,109,1024,68,98,2.34605e+06,0,0,0,0,1,0,810,0,577,4117,0,0,0,0,0,0,0,0,499,-475,0,0,50
171.77,0,0,0,0,100,4833,1.81804,0.00703665,1.83172,89,0,21,21,23,0,-2,0,0,1.7,26,4068,4430,566,175,13,619,37912,36000,109,1024,68,98,2.30249e+06,0,0,0,0,1,0,0,815,580,4048,0,0,0,0,0,0,0,0,499,-481,0,0,50
171.78,0,0,0,0,100,4832,1.81771,0.00705279,1.83165,89,0,21,21,23,0,-2,0,0,1.8,26,4068,4430,556,175,13,619,37912,36000,109,1024,68,98,2.26181e+06,0,0,0,0,1,845,0,0,571,4091,0,0,0,0,0,0,0,0,499,-495,0,0,50
171.79,0,0,0,0,100,4832,1.81737,0.00706893,1.83157,89,0,21,21,23,0,-2,0,0,1.9,26,4068,4429,572,175,13,619,37912,36000,109,1024,68,98,2.3269e+06,0,0,0,0,1,845,0,0,571,4091,0,0,0,0,0,0,0,0,499,-495,0,0,50
171.8,0,0,0,0,100,4836,1.81704,0.00708507,1.8315,89,0,21,21,24,0,-2,0,0,2,26,4068,4429,572,175,13,619,37923,36063,109,1024,68,98,2.3269e+06,0,0,0,0,1,0,796,0,558,4135,0,0,0,0,0,0,0,0,499,-467,0,0,50
171.81,0,0,0,0,100,4840,1.81741,0.0070641,1.83143,89,0,21,21,24,0,-2,0,0,2,26,4072,4429,562,175,13,619,37923,36063,109,1024,68,98,2.28846e+06,0,0,0,0,1,0,0,760,561,4050,0,0,0,0,0,0,0,0,499,-447,0,0,50
171.82,0,0,0,0,100,4836,1.81779,0.00704312,1.83136,89,0,21,21,24,0,-2,0,0,2,26,4069,4429,557,175,13,619,37923,36063,109,1024,68,98,2.26643e+06,0,0,0,0,1,812,0,0,593,4089,0,0,0,0,0,0,0,0,499,-488,0,0,50
171.83,0,0,0,0,100,4833,1.81816,0.00702214,1.8313,89,0,21,21,24,0,-2,0,0,2,26,4069,4429,577,175,13,619,37923,36063,109,1024,68,98,2.34781e+06,0,0,0,0,1,0,757,0,585,4104,0,0,0,0,0,0,0,0,499,-461,0,0,50
171.84,0,0,0,0,100,4833,1.81853,0.00700116,1.83123,89,0,21,21,24,0,-2,0,0,2,26,4069,4429,577,175,13,619,37923,36063,109,1024,68,98,2.34781e+06,0,0,0,0,1,0,757,0,585,4104,0,0,0,0,0,0,0,0,499,-475,0,0,50
171.85,0,0,0,0,100,4833,1.8189,0.00698018,1.83116,89,0,21,21,24,0,-2,0,0,2,26,4075,4426,562,175,13,619,37923,36063,109,1024,68,98,2.29015e+06,0,0,0,0,1,0,0,771,570,4053,0,0,0,0,0,0,0,0,499,-475,0,0,50
171.86,0,0,0,0,100,4832,1.81928,0.00695921,1.8311,89,0,21,21,24,0,-2,0,0,2,26,4075,4426,555,175,13,619,37923,36063,109,1024,68,98,2.26162e+06,0,0,0,0,1,615,0,191,577,4106,0,0,0,0,0,0,0,0,499,-532,0,0,50
171.87,0,0,0,0,100,4831,1.81965,0.00693823,1.83103,89,0,21,21,24,0,-2,0,0,2,26,4075,4426,561,175,13,619,37923,36063,109,1024,68,98,2.28608e+06,0,0,0,0,1,0,765,0,573,4120,0,0,0,0,0,0,0,0,499,-463,0,0,50
171.88,0,0,0,0,100,4828,1.82002,0.00691725,1.83096,89,0,21,21,24,0,-2,0,0,2,26,4075,4426,561,175,13,619,37923,36063,109,1024,68,98,2.28608e+06,0,0,0,0,1,0,0,799,574,4053,0,0,0,0,0,0,0,0,499,-467,0,0,50
171.89,0,0,0,0,100,4829,1.82039,0.00689627,1.8309,89,0,21,21,24,0,-2,0,0,2,26,4071,4426,575,175,13,619,37923,36063,109,1024,68,98,2.34082e+06,0,0,0,0,1,803,0,0,564,4094,0,0,0,0,0,0,0,0,499,-471,0,0,50
171.9,0,0,0,0,100,4829,1.82077,0.00687529,1.83083,89,0,21,21,24,0,-2,0,0,2,26,4071,4426,576,175,13,619,37978,36015,109,1024,65,98,2.3449e+06,0,0,0,0,1,0,832,0,578,4120,0,0,0,0,0,0,0,0,499,-487,0,0,50
171.91,0,0,0,0,100,4829,1.8209,0.0068784,1.83069,89,0,21,21,24,0,-2,0,0,1.9,26,4071,4426,557,175,13,619,37978,36015,109,1024,65,98,2.26755e+06,0,0,0,0,1,0,832,0,578,4120,0,0,0,0,0,0,0,0,499,-487,0,0,50
171.92,0,0,0,0,100,4823,1.82104,0.00688151,1.83055,89,0,21,21,24,0,-2,0,0,1.8,26,4071,4426,557,175,13,619,37978,36015,109,1024,65,98,2.26755e+06,0,0,0,0,1,0,0,886,586,4040,0,0,0,0,0,0,0,0,499,-521,0,0,50
171.93,0,0,0,0,100,4819,1.82118,0.00688461,1.83042,89,0,21,21,24,0,-2,0,0,1.7,26,4067,4423,572,175,13,619,37978,36015,109,1024,65,98,2.32632e+06,0,0,0,0,1,889,0,0,582,4083,0,0,0,0,0,0,0,0,499,-532,0,0,50
171.94,0,0,0,0,100,4821,1.82131,0.00688772,1.83028,89,0,21,21,24,0,-2,0,0,1.6,26,4067,4423,576,174,12,619,37978,36015,109,1024,65,98,2.34259e+06,0,0,0,0,1,0,788,0,566,4111,0,0,0,0,0,0,0,0,499,-492,0,0,50
171.95,0,0,0,0,100,4820,1.82145,0.00689083,1.83014,89,0,21,21,24,0,-2,0,0,1.5,26,4070,4423,578,174,12,619,37978,36015,109,1024,65,98,2.35246e+06,0,0,0,0,1,19,0,709,576,4055,0,0,0,0,0,0,0,0,499,-472,0,0,50
171.96,0,0,0,0,100,4820,1.82159,0.00689394,1.83,89,0,21,21,24,0,-2,0,0,1.4,26,4070,4423,578,174,12,619,37978,36015,109,1024,65,98,2.35246e+06,0,0,0,0,1,19,0,709,576,4055,0,0,0,0,0,0,0,0,499,-504,0,0,50
171.97,0,0,0,0,100,4818,1.82172,0.00689704,1.82986,89,0,21,21,24,0,-2,0,0,1.3,26,4067,4423,565,174,12,619,37978,36015,109,1024,65,98,2.29786e+06,0,0,0,0,1,648,165,0,587,4065,0,0,0,0,0,0,0,0,499,-504,0,0,50
171.98,0,0,0,0,100,4813,1.82186,0.00690015,1.82973,89,0,21,21,24,0,-2,0,0,1.2,26,4067,4423,573,174,12,619,37978,36015,109,1024,65,98,2.33039e+06,0,0,0,0,1,0,388,520,580,4055,0,0,0,0,0,0,0,0,499,-539,0,0,50
171.99,0,0,0,0,100,4812,1.822,0.00690326,1.82959,89,0,21,21,24,0,-2,0,0,1.1,26,4072,4423,586,174,12,619,37978,36015,109,1024,65,98,2.38619e+06,0,0,0,0,1,584,0,265,575,4128,0,0,0,0,0,0,0,0,499,-525,0,0,50
172,0,0,0,0,100,4814,1.82213,0.00690637,1.82945,89,0,21,21,24,0,-2,0,0,1,26,4072,4423,586,174,12,619,37919,35968,109,1024,65,98,2.38619e+06,0,0,0,0,1,232,589,0,577,4094,0,0,0,0,0,0,0,0,499,-531,0,0,50
172.01,0,0,0,0,100,4811,1.82124,0.00690812,1.82956,89,0,21,21,24,0,-2,0,0,1,26,4072,4423,566,174,12,619,37919,35968,109,1024,65,98,2.30475e+06,0,0,0,0,1,0,0,748,583,4055,0,0,0,0,0,0,0,0,499,-535,0,0,50
172.02,0,0,0,0,100,4811,1.82035,0.00690988,1.82967,89,0,21,21,24,0,-2,0,0,1,26,4065,4423,570,174,12,619,37919,35968,109,1024,65,98,2.31705e+06,0,0,0,0,1,844,0,0,572,4085,0,0,0,0,0,0,0,0,499,-480,0,0,50
172.03,0,0,0,0,100,4809,1.81946,0.00691163,1.82978,89,0,21,21,24,0,-2,0,0,1,26,4065,4423,578,174,12,619,37919,35968,109,1024,65,98,2.34957e+06,0,0,0,0,1,844,0,0,572,4085,0,0,0,0,0,0,0,0,499,-480,0,0,50
172.04,0,0,0,0,100,4808,1.81857,0.00691339,1.82989,89,0,21,21,24,0,-2,0,0,1,26,4065,4423,578,174,12,619,37919,35968,109,1024,65,98,2.34957e+06,0,0,0,0,1,0,843,0,569,4128,0,0,0,0,0,0,0,0,499,-452,0,0,50
172.05,0,0,0,0,100,4809,1.81768,0.00691515,1.83,89,0,21,21,24,0,-2,0,0,1,26,4068,4423,568,174,12,619,37919,35968,109,1024,65,98,2.31062e+06,0,0,0,0,1,16,0,703,562,4042,0,0,0,0,0,0,0,0,499,-530,0,0,50
172.06,0,0,0,0,100,4808,1.8168,0.0069169,1.83011,89,0,21,21,24,0,-2,0,0,1,26,4069,4423,578,174,12,619,37919,35968,109,1024,65,98,2.35188e+06,0,0,0,0,1,780,0,0,577,4065,0,0,0,0,0,0,0,0,499,-500,0,0,50
172.07,0,0,0,0,100,4808,1.81591,0.00691866,1.83022,89,0,21,21,24,0,-2,0,0,1,26,4069,4423,572,174,12,619,37919,35968,109,1024,65,98,2.32747e+06,0,0,0,0,1,0,531,320,566,4057,0,0,0,0,0,0,0,0,499,-490,0,0,50
172.08,0,0,0,0,100,4808,1.81502,0.00692041,1.83033,89,0,21,21,24,0,-2,0,0,1,26,4069,4423,572,174,12,619,37919,35968,109,1024,65,98,2.32747e+06,0,0,0,0,1,0,531,320,566,4057,0,0,0,0,0,0,0,0,499,-545,0,0,50
172.09,0,0,0,0,100,4806,1.81413,0.00692217,1.83044,89,0,21,21,24,0,-2,0,0,1,26,4069,4423,575,174,12,619,37919,35968,109,1024,65,98,2.33968e+06,0,0,0,0,1,645,0,306,580,4126,0,0,0,0,0,0,0,0,499,-545,0,0,50
172.1,0,0,0,0,100,4809,1.81324,0.00692393,1.83056,89,0,21,21,24,0,-2,0,0,1,26,4069,4423,586,174,12,619,37935,36021,109,1024,65,98,2.38443e+06,0,0,0,0,1,232,597,0,567,4091,0,0,0,0,0,0,0,0,499,-497,0,0,50
172.11,0,0,0,0,100,4807,1.81355,0.00693547,1.83071,89,0,21,21,24,0,-2,0,0,1,26,4064,4423,565,174,12,619,37935,36021,109,1024,65,98,2.29616e+06,0,0,0,0,1,0,288,588,582,4050,0,0,0,0,0,0,0,0,499,-536,0,0,50
172.12,0,0,0,0,100,4804,1.81386,0.00694702,1.83087,89,0,21,21,24,0,-2,0,0,1,26,4064,4423,565,174,12,619,37935,36021,109,1024,65,98,2.29616e+06,0,0,0,0,1,889,0,0,574,4074,0,0,0,0,0,0,0,0,499,-520,0,0,50
172.13,0,0,0,0,100,4809,1.81418,0.00695857,1.83103,89,0,21,21,24,0,-2,0,0,1,26,4075,4423,589,174,12,619,37935,36021,109,1024,65,98,2.40018e+06,0,0,0,0,1,0,780,0,552,4128,0,0,0,0,0,0,0,0,499,-484,0,0,50
172.14,0,0,0,0,100,4809,1.81449,0.00697012,1.83119,89,0,21,21,24,0,-2,0,0,1,26,4075,4423,586,174,12,619,37935,36021,109,1024,65,98,2.38795e+06,0,0,0,0,1,72,0,654,567,4070,0,0,0,0,0,0,0,0,499,-462,0,0,50
172.15,0,0,0,0,100,4812,1.8148,0.00698167,1.83135,89,0,21,21,24,0,-2,0,0,1,26,4075,4423,573,175,12,619,37935,36021,109,1024,65,98,2.33498e+06,0,0,0,0,1,72,0,654,567,4070,0,0,0,0,0,0,0,0,499,-462,0,0,50
172.16,0,0,0,0,100,4811,1.81512,0.00699322,1.8315,89,0,21,21,24,0,-2,0,0,1,26,4075,4423,573,175,12,619,37935,36021,109,1024,65,98,2.33498e+06,0,0,0,0,1,488,384,0,574,4072,0,0,0,0,0,0,0,0,499,-509,0,0,50
172.17,0,0,0,0,100,4809,1.81543,0.00700477,1.83166,89,0,21,21,24,0,-2,0,0,1,26,4066,4423,573,175,12,619,37935,36021,109,1024,65,98,2.32982e+06,0,0,0,0,1,0,287,592,572,4057,0,0,0,0,0,0,0,0,499,-545,0,0,50
172.18,0,0,0,0,100,4809,1.81574,0.00701631,1.83182,89,0,21,21,24,0,-2,0,0,1,26,4066,4423,576,175,12,619,37935,36021,109,1024,65,98,2.34202e+06,0,0,0,0,1,621,0,186,572,4106,0,0,0,0,0,0,0,0,499,-489,0,0,50
172.19,0,0,0,0,100,4814,1.81606,0.00702786,1.83198,89,0,21,21,24,0,-2,0,0,1,26,4068,4423,588,175,12,619,37935,36021,109,1024,65,98,2.39198e+06,0,0,0,0,1,0,698,0,558,4104,0,0,0,0,0,0,0,0,499,-460,0,0,50
172.2,0,0,0,0,100,4814,1.81637,0.00703941,1.83214,89,0,21,21,24,0,-2,0,0,1,26,4068,4423,588,175,12,619,37913,36107,110,1024,68,98,2.39198e+06,0,0,0,0,1,0,698,0,558,4104,0,0,0,0,0,0,0,0,499,-464,0,0,50
172.21,0,0,0,0,100,4817,1.81648,0.00701213,1.83218,89,0,21,21,24,0,-2,0,0,1,26,4058,4423,579,175,12,619,37913,36107,110,1024,68,98,2.34958e+06,0,0,0,0,1,0,0,809,579,4048,0,0,0,0,0,0,0,0,499,-464,0,0,50
172.22,0,0,0,0,100,4814,1.81659,0.00698484,1.83222,89,0,21,21,24,0,-2,0,0,1,26,4058,4424,579,175,12,619,37913,36107,110,1024,68,98,2.34958e+06,0,0,0,0,1,895,0,0,585,4074,0,0,0,0,0,0,0,0,499,-525,0,0,50
172.23,0,0,0,0,100,4816,1.8167,0.00695756,1.83226,89,0,21,21,24,0,-2,0,0,1,26,4058,4424,582,175,12,619,37913,36107,110,1024,68,98,2.36176e+06,0,0,0,0,1,0,853,0,577,4122,0,0,0,0,0,0,0,0,499,-518,0,0,50
172.24,0,0,0,0,100,4819,1.81681,0.00693028,1.8323,89,0,21,21,24,0,-2,0,0,1,26,4058,4424,582,175,12,619,37913,36107,110,1024,68,98,2.36176e+06,0,0,0,0,1,0,0,771,572,4035,0,0,0,0,0,0,0,0,499,-494,0,0,50
172.25,0,0,0,0,100,4819,1.81692,0.00690299,1.83235,89,0,21,21,24,0,-2,0,0,1,26,4059,4424,571,175,13,619,37913,36107,110,1024,68,98,2.31769e+06,0,0,0,0,1,668,95,0,585,4074,0,0,0,0,0,0,0,0,499,-487,0,0,50
172.26,0,0,0,0,100,4819,1.81703,0.00687571,1.83239,89,0,21,21,24,0,-2,0,0,1,26,4061,4424,572,175,13,619,37913,36107,110,1024,68,98,2.32289e+06,0,0,0,0,1,0,495,355,572,4063,0,0,0,0,0,0,0,0,499,-486,0,0,50
172.27,0,0,0,0,100,4819,1.81714,0.00684843,1.83243,89,0,21,21,24,0,-2,0,0,1,26,4061,4424,572,175,13,619,37913,36107,110,1024,68,98,2.32289e+06,0,0,0,0,1,0,495,355,572,4063,0,0,0,0,0,0,0,0,499,-486,0,0,50
172.28,0,0,0,0,100,4821,1.81726,0.00682114,1.83247,89,0,21,21,24,0,-2,0,0,1,26,4061,4424,572,175,13,619,37913,36107,110,1024,68,98,2.32289e+06,0,0,0,0,1,516,0,381,566,4132,0,0,0,0,0,0,0,0,499,-501,0,0,50
172.29,0,0,0,0,100,4825,1.81737,0.00679386,1.83251,89,0,21,21,24,0,-2,0,0,1,26,4063,4424,564,175,13,619,37913,36107,110,1024,68,98,2.29153e+06,0,0,0,0,1,369,528,0,567,4083,0,0,0,0,0,0,0,0,499,-525,0,0,50
172.3,0,0,0,0,100,4827,1.81748,0.00676658,1.83255,89,0,21,21,24,0,-2,0,0,1,26,4063,4424,571,175,13,619,37902,35895,109,1026,64,98,2.31997e+06,0,0,0,0,1,0,317,617,583,4044,0,0,0,0,0,0,0,0,499,-568,0,0,50
172.31,0,0,0,0,100,4824,1.81755,0.00676834,1.83206,89,0,21,21,24,0,-2,0,0,1,26,4063,4425,560,175,13,619,37902,35895,109,1026,64,98,2.27528e+06,0,0,0,0,1,635,0,265,588,4122,0,0,0,0,0,0,0,0,499,-543,0,0,50
172.32,0,0,0,0,100,4824,1.81762,0.00677011,1.83156,89,0,21,21,24,0,-2,0,0,1,26,4063,4425,560,175,13,619,37902,35895,109,1026,64,98,2.27528e+06,0,0,0,0,1,635,0,265,588,4122,0,0,0,0,0,0,0,0,499,-520,0,0,50
172.33,0,0,0,0,100,4825,1.81769,0.00677188,1.83107,89,0,21,21,24,0,-2,0,0,1,26,4067,4425,578,175,13,619,37902,35895,109,1026,64,98,2.35073e+06,0,0,0,0,1,303,575,0,575,4083,0,0,0,0,0,0,0,0,499,-520,0,0,50
172.34,0,0,0,0,100,4830,1.81776,0.00677365,1.83057,89,0,21,21,24,0,-2,0,0,1,26,4067,4425,564,175,13,619,37902,35895,109,1026,64,98,2.29379e+06,0,0,0,0,1,0,251,617,573,4046,0,0,0,0,0,0,0,0,499,-526,0,0,50
172.35,0,0,0,0,100,4829,1.81783,0.00677542,1.83007,89,0,21,21,24,0,-2,0,0,1,26,4065,4425,567,175,13,619,37902,35895,109,1026,64,98,2.30486e+06,0,0,0,0,1,619,0,232,588,4113,0,0,0,0,0,0,0,0,499,-511,0,0,50
172.36,0,0,0,0,100,4828,1.81791,0.00677718,1.82958,89,0,21,21,24,0,-2,0,0,1,26,4065,4425,567,175,13,619,37902,35895,109,1026,64,98,2.30486e+06,0,0,0,0,1,379,556,0,590,4068,0,0,0,0,0,0,0,0,499,-503,0,0,50
172.37,0,0,0,0,100,4828,1.81798,0.00677895,1.82908,89,0,21,21,24,0,-2,0,0,1,26,4067,4425,578,175,13,619,37902,35895,109,1026,64,98,2.35073e+06,0,0,0,0,1,0,134,637,573,4050,0,0,0,0,0,0,0,0,499,-511,0,0,50
172.38,0,0,0,0,100,4830,1.81805,0.00678072,1.82858,89,0,21,21,24,0,-2,0,0,1,26,4067,4425,564,175,13,619,37902,35895,109,1026,64,98,2.29379e+06,0,0,0,0,1,643,0,101,563,4091,0,0,0,0,0,0,0,0,499,-465,0,0,50
172.39,0,0,0,0,100,4830,1.81812,0.00678249,1.82809,89,0,21,21,24,0,-2,0,0,1,26,4067,4425,567,175,13,619,37902,35895,109,1026,64,98,2.30599e+06,0,0,0,0,1,643,0,101,563,4091,0,0,0,0,0,0,0,0,499,-465,0,0,50
172.4,0,0,0,0,100,4833,1.81819,0.00678425,1.82759,89,0,21,21,24,0,-2,0,0,1,26,4067,4425,567,175,13,619,37906,36039,109,1024,87,98,2.30599e+06,0,0,0,0,1,109,656,0,569,4087,0,0,0,0,0,0,0,0,499,-479,0,0,50
172.41,0,0,0,0,100,4829,1.818,0.00678932,1.82808,89,0,21,21,24,0,-2,0,0,1,26,4068,4425,564,175,13,619,37906,36039,109,1024,87,98,2.29435e+06,0,0,0,0,1,0,68,693,585,4046,0,0,0,0,0,0,0,0,499,-479,0,0,50
172.42,0,0,0,0,100,4829,1.81782,0.00679439,1.82857,89,0,21,21,24,0,-2,0,0,1,26,4073,4425,576,175,13,619,37906,36039,109,1024,87,98,2.34605e+06,0,0,0,0,1,736,0,0,574,4076,0,0,0,0,0,0,0,0,499,-487,0,0,50
172.43,0,0,0,0,100,4831,1.81763,0.00679946,1.82906,89,0,21,21,24,0,-2,0,0,1,26,4073,4425,577,175,13,619,37906,36039,109,1024,87,98,2.35012e+06,0,0,0,0,1,0,718,0,565,4096,0,0,0,0,0,0,0,0,499,-468,0,0,50
172.44,0,0,0,0,100,4831,1.81744,0.00680453,1.82955,89,0,21,21,24,0,-2,0,0,1,26,4073,4425,577,175,13,619,37906,36039,109,1024,87,98,2.35012e+06,0,0,0,0,1,0,718,0,565,4096,0,0,0,0,0,0,0,0,499,-475,0,0,50
172.45,0,0,0,0,100,4829,1.81726,0.0068096,1.83003,89,0,21,21,24,0,-2,0,0,1,26,4061,4425,568,175,13,619,37906,36039,109,1024,87,98,2.30665e+06,0,0,0,0,1,0,0,744,576,4053,0,0,0,0,0,0,0,0,499,-475,0,0,50
172.46,0,0,0,0,100,4827,1.81707,0.00681467,1.83052,89,0,21,21,24,0,-2,0,0,1,26,4061,4425,572,175,14,619,37906,36039,109,1024,87,98,2.32289e+06,0,0,0,0,1,795,0,0,585,4079,0,0,0,0,0,0,0,0,499,-479,0,0,50
172.47,0,0,0,0,100,4827,1.81688,0.00681974,1.83101,89,0,21,21,24,0,-2,0,0,1,26,4061,4425,573,175,14,619,37906,36039,109,1024,87,98,2.32695e+06,0,0,0,0,1,0,774,0,569,4120,0,0,0,0,0,0,0,0,499,-461,0,0,50
172.48,0,0,0,0,100,4828,1.81669,0.00682481,1.8315,89,0,21,21,24,0,-2,0,0,1,26,4061,4425,573,175,14,619,37906,36039,109,1024,87,98,2.32695e+06,0,0,0,0,1,0,0,809,561,4053,0,0,0,0,0,0,0,0,499,-458,0,0,50
172.49,0,0,0,0,100,4827,1.81651,0.00682987,1.83199,89,0,21,21,24,0,-2,0,0,1,26,4067,4425,564,175,14,619,37906,36039,109,1024,87,98,2.29379e+06,0,0,0,0,1,867,0,0,581,4081,0,0,0,0,0,0,0,0,499,-507,0,0,50
172.5,0,0,0,0,100,4827,1.81632,0.00683494,1.83248,89,0,21,21,23,0,-2,0,0,1,26,4066,4425,551,175,14,619,37914,36091,108,1024,65,98,2.24037e+06,0,0,0,0,1,0,851,0,579,4126,0,0,0,0,0,0,0,0,499,-503,0,0,50
172.51,0,0,0,0,100,4822,1.8164,0.00684521,1.83228,89,0,21,21,23,0,-2,0,0,1,26,4066,4425,571,175,14,619,37914,36091,108,1024,65,98,2.32169e+06,0,0,0,0,1,0,851,0,579,4126,0,0,0,0,0,0,0,0,499,-503,0,0,50
172.52,0,0,0,0,100,4820,1.81649,0.00685548,1.83209,89,0,21,21,23,0,-2,0,0,1,26,4066,4425,571,175,14,619,37914,36091,108,1024,65,98,2.32169e+06,0,0,0,0,1,0,0,851,566,4046,0,0,0,0,0,0,0,0,499,-481,0,0,50
172.53,0,0,0,0,100,4823,1.81657,0.00686575,1.8319,89,0,21,21,23,0,-2,0,0,1,26,4071,4421,570,175,14,619,37914,36091,108,1024,65,98,2.32047e+06,0,0,0,0,1,771,0,0,556,4083,0,0,0,0,0,0,0,0,499,-492,0,0,50
172.54,0,0,0,0,100,4823,1.81665,0.00687602,1.83171,89,0,21,21,23,0,-2,0,0,1,26,4071,4421,571,175,14,619,37914,36091,108,1024,65,98,2.32454e+06,0,0,0,0,1,0,708,19,570,4070,0,0,0,0,0,0,0,0,499,-508,0,0,50
172.55,0,0,0,0,100,4820,1.81674,0.00688629,1.83151,89,0,21,21,23,0,-2,0,0,1,26,4064,4421,567,175,14,619,37914,36091,108,1024,65,98,2.30429e+06,0,0,0,0,1,147,0,627,584,4059,0,0,0,0,0,0,0,0,499,-512,0,0,50
172.56,0,0,0,0,100,4820,1.81682,0.00689656,1.83132,89,0,21,21,23,0,-2,0,0,1,26,4064,4421,567,175,14,619,37914,36091,108,1024,65,98,2.30429e+06,0,0,0,0,1,147,0,627,584,4059,0,0,0,0,0,0,0,0,499,-493,0,0,50
172.57,0,0,0,0,100,4816,1.8169,0.00690683,1.83113,89,0,21,21,23,0,-2,0,0,1,26,4070,4421,578,175,14,619,37914,36091,108,1024,65,98,2.35246e+06,0,0,0,0,1,441,435,0,576,4076,0,0,0,0,0,0,0,0,499,-493,0,0,50
172.58,0,0,0,0,100,4815,1.81699,0.0069171,1.83094,89,0,21,21,23,0,-2,0,0,1,26,4070,4421,555,175,14,619,37914,36091,108,1024,65,98,2.25885e+06,0,0,0,0,1,0,593,186,569,4055,0,0,0,0,0,0,0,0,499,-477,0,0,50
172.59,0,0,0,0,100,4816,1.81707,0.00692737,1.83074,89,0,21,21,23,0,-2,0,0,1,26,4059,4421,566,175,14,619,37914,36091,108,1024,65,98,2.29739e+06,0,0,0,0,1,467,0,396,570,4128,0,0,0,0,0,0,0,0,499,-524,0,0,50
172.6,0,0,0,0,100,4815,1.81715,0.00693764,1.83055,89,0,21,21,24,0,-2,0,0,1,26,4059,4421,566,175,14,619,37946,36070,109,1024,65,98,2.29739e+06,0,0,0,0,1,324,572,0,578,4085,0,0,0,0,0,0,0,0,499,-530,0,0,50
172.61,0,0,0,0,100,4812,1.81718,0.00692471,1.83034,89,0,21,21,24,0,-2,0,0,1,26,4059,4419,577,175,14,619,37946,36070,109,1024,65,98,2.34204e+06,0,0,0,0,1,0,370,535,567,4048,0,0,0,0,0,0,0,0,499,-468,0,0,50
172.62,0,0,0,0,100,4812,1.81721,0.00691178,1.83013,89,0,21,21,24,0,-2,0,0,1,26,4059,4419,584,175,14,619,37946,36070,109,1024,65,98,2.37046e+06,0,0,0,0,1,705,0,51,569,4074,0,0,0,0,0,0,0,0,499,-482,0,0,50
172.63,0,0,0,0,100,4813,1.81724,0.00689885,1.82993,89,0,21,21,24,0,-2,0,0,1,26,4063,4419,579,175,14,619,37946,36070,109,1024,65,98,2.35248e+06,0,0,0,0,1,705,0,51,569,4074,0,0,0,0,0,0,0,0,499,-482,0,0,50
172.64,0,0,0,0,100,4813,1.81726,0.00688592,1.82972,89,0,21,21,24,0,-2,0,0,1,26,4063,4419,579,175,14,619,37946,36070,109,1024,65,98,2.35248e+06,0,0,0,0,1,0,759,0,585,4102,0,0,0,0,0,0,0,0,499,-461,0,0,50
172.65,0,0,0,0,100,4809,1.81729,0.00687299,1.82951,89,0,21,21,24,0,-2,0,0,1,26,4066,4419,578,175,14,619,37946,36070,109,1024,65,98,2.35015e+06,0,0,0,0,1,0,0,877,583,4029,0,0,0,0,0,0,0,0,499,-512,0,0,50
172.66,0,0,0,0,100,4809,1.81732,0.00686006,1.8293,89,0,21,21,24,0,-2,0,0,1,26,4069,4419,584,175,14,619,37946,36070,109,1024,65,98,2.3763e+06,0,0,0,0,1,801,0,0,571,4074,0,0,0,0,0,0,0,0,499,-500,0,0,50
172.67,0,0,0,0,100,4810,1.81735,0.00684712,1.82909,89,0,21,21,24,0,-2,0,0,1,26,4069,4419,576,175,13,619,37946,36070,109,1024,65,98,2.34374e+06,0,0,0,0,1,0,587,215,567,4057,0,0,0,0,0,0,0,0,499,-469,0,0,50
172.68,0,0,0,0,100,4810,1.81737,0.00683419,1.82889,89,0,21,21,24,0,-2,0,0,1,26,4069,4419,576,175,13,619,37946,36070,109,1024,65,98,2.34374e+06,0,0,0,0,1,0,587,215,567,4057,0,0,0,0,0,0,0,0,499,-515,0,0,50
172.69,0,0,0,0,100,4812,1.8174,0.00682126,1.82868,89,0,21,21,24,0,-2,0,0,1,26,4069,4414,567,175,13,619,37946,36070,109,1024,65,98,2.30712e+06,0,0,0,0,1,490,0,400,573,4132,0,0,0,0,0,0,0,0,499,-515,0,0,50
172.7,0,0,0,0,100,4809,1.81743,0.00680833,1.82847,89,0,21,21,24,0,-2,0,0,1,26,4064,4414,579,175,13,619,37895,36060,109,1024,64,98,2.35306e+06,0,0,0,0,1,293,616,0,587,4079,0,0,0,0,0,0,0,0,499,-544,0,0,50
172.71,0,0,0,0,100,4807,1.81728,0.00680177,1.82865,89,0,21,21,24,0,-2,0,0,1.1,26,4064,4414,571,175,13,619,37895,36060,109,1024,64,98,2.32054e+06,0,0,0,0,1,0,91,674,577,4048,0,0,0,0,0,0,0,0,499,-508,0,0,50
172.72,0,0,0,0,100,4809,1.81714,0.0067952,1.82884,89,0,21,21,24,0,-2,0,0,1.2,26,4064,4414,571,175,13,619,37895,36060,109,1024,64,98,2.32054e+06,0,0,0,0,1,768,0,0,568,4091,0,0,0,0,0,0,0,0,499,-464,0,0,50
172.73,0,0,0,0,100,4811,1.81699,0.00678864,1.82902,89,0,21,21,24,0,-2,0,0,1.3,26,4068,4414,575,175,13,619,37895,36060,109,1024,64,98,2.3391e+06,0,0,0,0,1,0,864,0,574,4124,0,0,0,0,0,0,0,0,499,-507,0,0,50
172.74,0,0,0,0,100,4811,1.81685,0.00678207,1.8292,89,0,21,21,24,0,-2,0,0,1.4,26,4060,4414,572,175,13,619,37895,36060,109,1024,64,98,2.32232e+06,0,0,0,0,1,0,0,822,574,4048,0,0,0,0,0,0,0,0,499,-488,0,0,50
172.75,0,0,0,0,100,4809,1.8167,0.00677551,1.82939,89,0,21,21,24,0,-2,0,0,1.5,26,4060,4414,578,175,13,619,37895,36060,109,1024,64,98,2.34668e+06,0,0,0,0,1,0,0,822,574,4048,0,0,0,0,0,0,0,0,499,-488,0,0,50
172.76,0,0,0,0,100,4808,1.81655,0.00676894,1.82957,89,0,21,21,24,0,-2,0,0,1.6,26,4060,4414,578,175,13,619,37895,36060,109,1024,64,98,2.34668e+06,0,0,0,0,1,652,120,0,582,4070,0,0,0,0,0,0,0,0,499,-487,0,0,50
172.77,0,0,0,0,100,4810,1.81641,0.00676238,1.82975,89,0,21,21,24,0,-2,0,0,1.7,26,4065,4414,578,175,13,619,37895,36060,109,1024,64,98,2.34957e+06,0,0,0,0,1,0,372,517,557,4046,0,0,0,0,0,0,0,0,499,-524,0,0,50
172.78,0,0,0,0,100,4812,1.81626,0.00675581,1.82993,89,0,21,21,24,0,-2,0,0,1.8,26,4065,4414,572,175,13,619,37895,36060,109,1024,64,98,2.32518e+06,0,0,0,0,1,611,0,271,571,4124,0,0,0,0,0,0,0,0,499,-533,0,0,50
172.79,0,0,0,0,100,4814,1.81612,0.00674925,1.83012,89,0,21,21,24,0,-2,0,0,1.9,26,4065,4414,567,175,13,619,37895,36060,109,1024,64,98,2.30486e+06,0,0,0,0,1,224,621,0,574,4091,0,0,0,0,0,0,0,0,499,-504,0,0,50
172.8,0,0,0,0,100,4814,1.81597,0.00674268,1.8303,89,0,21,21,23,0,-2,0,0,2,26,4065,4414,567,175,13,619,37907,36169,110,1024,68,98,2.30486e+06,0,0,0,0,1,224,621,0,574,4091,0,0,0,0,0,0,0,0,499,-467,0,0,50
172.81,0,0,0,0,100,4811,1.81638,0.00675322,1.8304,89,0,21,21,23,0,-2,0,0,1.9,26,4066,4414,590,175,13,619,37907,36169,110,1024,68,98,2.39894e+06,0,0,0,0,1,0,0,752,576,4050,0,0,0,0,0,0,0,0,499,-467,0,0,50
172.82,0,0,0,0,100,4814,1.81679,0.00676376,1.83049,89,0,21,21,23,0,-2,0,0,1.8,26,4064,4414,586,175,13,619,37907,36169,110,1024,68,98,2.3815e+06,0,0,0,0,1,836,0,0,561,4083,0,0,0,0,0,0,0,0,499,-488,0,0,50
172.83,0,0,0,0,100,4816,1.81719,0.0067743,1.83059,89,0,21,21,23,0,-2,0,0,1.7,26,4064,4414,560,175,13,619,37907,36169,110,1024,68,98,2.27584e+06,0,0,0,0,1,0,859,0,567,4132,0,0,0,0,0,0,0,0,499,-508,0,0,50
172.84,0,0,0,0,100,4813,1.8176,0.00678484,1.83068,89,0,21,21,23,0,-2,0,0,1.6,26,4064,4414,560,175,13,619,37907,36169,110,1024,68,98,2.27584e+06,0,0,0,0,1,0,0,818,578,4044,0,0,0,0,0,0,0,0,499,-501,0,0,50
172.85,0,0,0,0,100,4814,1.81801,0.00679538,1.83077,89,0,21,21,23,0,-2,0,0,1.5,26,4067,4414,571,175,13,619,37907,36169,110,1024,68,98,2.32226e+06,0,0,0,0,1,658,103,0,572,4083,0,0,0,0,0,0,0,0,499,-483,0,0,50
172.86,0,0,0,0,100,4814,1.81842,0.00680592,1.83087,89,0,21,21,23,0,-2,0,0,1.4,26,4067,4414,576,175,13,619,37907,36169,110,1024,68,98,2.34259e+06,0,0,0,0,1,658,103,0,572,4115,0,0,0,0,0,0,0,0,499,-466,0,0,50
172.87,0,0,0,0,100,4818,1.81882,0.00681646,1.83096,89,0,21,21,23,0,-2,0,0,1.3,26,4067,4414,582,175,13,619,37907,36169,110,1024,68,98,2.36699e+06,0,0,0,0,1,0,788,0,563,4115,0,0,0,0,0,0,0,0,499,-466,0,0,50
172.88,0,0,0,0,100,4821,1.81923,0.006827,1.83106,89,0,21,21,23,0,-2,0,0,1.2,26,4067,4414,576,175,13,619,37907,36169,110,1024,68,98,2.34259e+06,0,0,0,0,1,488,0,385,566,4135,0,0,0,0,0,0,0,0,499,-511,0,0,50
172.89,0,0,0,0,100,4821,1.81964,0.00683754,1.83115,89,0,21,21,23,0,-2,0,0,1.1,26,4067,4414,576,175,13,619,37907,36169,110,1024,68,98,2.34259e+06,0,0,0,0,1,336,581,0,583,4074,0,0,0,0,0,0,0,0,499,-540,0,0,50
172.9,0,0,0,0,100,4818,1.82004,0.00684808,1.83125,89,0,21,21,24,0,-2,0,0,1,26,4067,4414,562,175,13,619,37862,36111,109,1024,68,98,2.28565e+06,0,0,0,0,1,0,290,584,585,4046,0,0,0,0,0,0,0,0,499,-538,0,0,50
172.91,0,0,0,0,100,4821,1.81989,0.00684466,1.83088,89,0,21,21,24,0,-2,0,0,1,26,4067,4414,575,175,13,619,37862,36111,109,1024,68,98,2.33852e+06,0,0,0,0,1,610,0,203,569,4120,0,0,0,0,0,0,0,0,499,-500,0,0,50
172.92,0,0,0,0,100,4821,1.81974,0.00684124,1.83051,89,0,21,21,24,0,-2,0,0,1,26,4067,4414,575,175,13,619,37862,36111,109,1024,68,98,2.33852e+06,0,0,0,0,1,610,0,203,569,4120,0,0,0,0,0,0,0,0,499,-491,0,0,50
172.93,0,0,0,0,100,4828,1.81958,0.00683781,1.83014,89,0,21,21,24,0,-2,0,0,1,26,4067,4417,573,175,13,619,37862,36111,109,1024,68,98,2.33039e+06,0,0,0,0,1,197,616,0,568,4094,0,0,0,0,0,0,0,0,499,-491,0,0,50
172.94,0,0,0,0,100,4826,1.81943,0.00683439,1.82977,89,0,21,21,24,0,-2,0,0,1,26,4064,4417,556,175,13,619,37862,36111,109,1024,68,98,2.25958e+06,0,0,0,0,1,0,146,658,581,4044,0,0,0,0,0,0,0,0,499,-480,0,0,50
172.95,0,0,0,0,100,4823,1.81927,0.00683097,1.8294,89,0,21,21,24,0,-2,0,0,1,26,4064,4417,578,175,13,619,37862,36111,109,1024,68,98,2.34899e+06,0,0,0,0,1,750,0,0,589,4061,0,0,0,0,0,0,0,0,499,-495,0,0,50
172.96,0,0,0,0,100,4825,1.81912,0.00682754,1.82903,89,0,21,21,24,0,-2,0,0,1,26,4064,4417,578,175,13,619,37862,36111,109,1024,68,98,2.34899e+06,0,0,0,0,1,0,718,0,570,4104,0,0,0,0,0,0,0,0,499,-452,0,0,50
172.97,0,0,0,0,100,4827,1.81897,0.00682412,1.82866,89,0,21,21,24,0,-2,0,0,1,26,4067,4417,572,175,13,619,37862,36111,109,1024,68,98,2.32632e+06,0,0,0,0,1,0,0,758,579,4050,0,0,0,0,0,0,0,0,499,-475,0,0,50
172.98,0,0,0,0,100,4829,1.81881,0.00682069,1.82829,89,0,21,21,24,0,-2,0,0,1,26,4062,4417,554,175,13,619,37862,36111,109,1024,68,98,2.25035e+06,0,0,0,0,1,810,0,0,584,4083,0,0,0,0,0,0,0,0,499,-485,0,0,50
172.99,0,0,0,0,100,4829,1.81866,0.00681727,1.82792,89,0,21,21,24,0,-2,0,0,1,26,4062,4417,568,175,13,619,37862,36111,109,1024,68,98,2.30722e+06,0,0,0,0,1,810,0,0,584,4083,0,0,0,0,0,0,0,0,499,-485,0,0,50
173,0,0,0,0,100,4827,1.8185,0.00681385,1.82755,89,0,21,21,23,0,-2,0,0,1,26,4062,4417,568,175,13,619,37926,36170,110,1024,64,98,2.30722e+06,0,0,0,0,1,0,794,0,573,4113,0,0,0,0,0,0,0,0,499,-469,0,0,50
173.01,0,0,0,0,100,4826,1.81838,0.0068249,1.82761,89,0,21,21,23,0,-2,0,1,1,26,4067,4418,579,175,13,619,37926,36170,110,1024,64,98,2.35479e+06,0,0,0,0,1,0,0,867,572,4038,0,0,0,0,0,0,0,0,499,-483,0,0,50
173.02,0,0,0,0,100,4829,1.81826,0.00683596,1.82767,89,0,21,21,23,0,-2,0,1,1,26,4067,4418,573,175,13,619,37926,36170,110,1024,64,98,2.33039e+06,0,0,0,0,1,873,0,0,573,4076,0,0,0,0,0,0,0,0,499,-512,0,0,50
173.03,0,0,0,0,100,4827,1.81814,0.00684702,1.82772,89,0,21,21,23,0,-2,0,1,1,26,4063,4418,565,175,13,619,37926,36170,110,1024,64,98,2.2956e+06,0,0,0,0,1,0,880,0,584,4113,0,0,0,0,0,0,0,0,499,-469,0,0,50
173.04,0,0,0,0,100,4827,1.81801,0.00685808,1.82778,89,0,21,21,23,0,-2,0,1,1,26,4063,4418,565,175,13,619,37926,36170,110,1024,64,98,2.2956e+06,0,0,0,0,1,0,880,0,584,4113,0,0,0,0,0,0,0,0,499,-490,0,0,50
173.05,0,0,0,0,100,4824,1.81789,0.00686913,1.82784,89,0,21,21,23,0,-2,0,1,1,26,4066,4418,581,175,13,619,37926,36170,110,1024,64,98,2.36235e+06,0,0,0,0,1,0,0,904,585,4024,0,0,0,0,0,0,0,0,499,-490,0,0,50
173.06,0,0,0,0,100,4827,1.81777,0.00688019,1.8279,89,0,21,21,23,0,-2,0,1,1,26,4066,4418,572,175,13,619,37926,36170,110,1024,64,98,2.32575e+06,0,0,0,0,1,815,0,0,561,4081,0,0,0,0,0,0,0,0,499,-471,0,0,50
173.07,0,0,0,0,100,4828,1.81765,0.00689125,1.82796,89,0,21,21,23,0,-2,0,0,1,26,4066,4418,581,175,13,619,37926,36170,110,1024,64,98,2.36235e+06,0,0,0,0,1,0,812,0,579,4094,0,0,0,0,0,0,0,0,499,-503,0,0,50
173.08,0,0,0,0,100,4827,1.81753,0.00690231,1.82801,89,0,21,21,23,0,-2,0,0,1,26,4066,4418,581,175,13,619,37926,36170,110,1024,64,98,2.36235e+06,0,0,0,0,1,0,0,883,584,4035,0,0,0,0,0,0,0,0,499,-501,0,0,50
173.09,0,0,0,0,100,4822,1.8174,0.00691336,1.82807,89,0,21,21,23,0,-2,0,0,1,26,4066,4420,565,175,13,619,37926,36170,110,1024,64,98,2.29729e+06,0,0,0,0,1,912,0,0,589,4065,0,0,0,0,0,0,0,0,499,-544,0,0,50
173.1,0,0,0,0,100,4822,1.81728,0.00692442,1.82813,89,0,21,21,24,0,-2,0,0,1,26,4060,4420,564,175,13,619,37931,36155,109,1024,87,98,2.28984e+06,0,0,0,0,1,0,812,0,574,4106,0,0,0,0,0,0,0,0,499,-504,0,0,50
173.11,0,0,0,0,100,4820,1.81723,0.00690532,1.82782,89,0,21,21,24,0,-2,0,0,1,26,4060,4420,588,175,13,619,37931,36155,109,1024,87,98,2.38728e+06,0,0,0,0,1,0,812,0,574,4106,0,0,0,0,0,0,0,0,499,-504,0,0,50
173.12,0,0,0,0,100,4823,1.81717,0.00688621,1.8275,89,0,21,21,24,0,-2,0,0,1,26,4060,4420,588,175,13,619,37931,36155,109,1024,87,98,2.38728e+06,0,0,0,0,1,0,0,848,558,4046,0,0,0,0,0,0,0,0,499,-464,0,0,50
173.13,0,0,0,0,100,4822,1.81711,0.00686711,1.82718,89,0,21,21,24,0,-2,0,0,1,26,4068,4420,559,175,13,619,37931,36155,109,1024,87,98,2.27401e+06,0,0,0,0,1,684,85,0,583,4068,0,0,0,0,0,0,0,0,499,-493,0,0,50
173.14,0,0,0,0,100,4819,1.81706,0.006848,1.82687,89,0,21,21,24,0,-2,0,0,1,26,4068,4420,562,175,13,619,37931,36155,109,1024,87,98,2.28622e+06,0,0,0,0,1,0,472,391,573,4048,0,0,0,0,0,0,0,0,499,-507,0,0,50
173.15,0,0,0,0,100,4817,1.817,0.00682889,1.82655,89,0,21,21,24,0,-2,0,0,1,26,4068,4420,584,175,13,619,37931,36155,109,1024,87,98,2.37571e+06,0,0,0,0,1,541,0,358,568,4137,0,0,0,0,0,0,0,0,499,-500,0,0,50
173.16,0,0,0,0,100,4817,1.81695,0.00680979,1.82624,89,0,21,21,24,0,-2,0,0,1,26,4068,4420,584,175,13,619,37931,36155,109,1024,87,98,2.37571e+06,0,0,0,0,1,541,0,358,568,4137,0,0,0,0,0,0,0,0,499,-529,0,0,50
173.17,0,0,0,0,100,4817,1.81689,0.00679068,1.82592,89,0,21,21,24,0,-2,0,0,1,26,4066,4420,568,175,13,619,37931,36155,109,1024,87,98,2.30949e+06,0,0,0,0,1,299,589,0,569,4081,0,0,0,0,0,0,0,0,499,-529,0,0,50
173.18,0,0,0,0,100,4816,1.81684,0.00677158,1.82561,89,0,21,21,24,0,-2,0,0,1,26,4068,4420,557,175,13,619,37931,36155,109,1024,87,98,2.26588e+06,0,0,0,0,1,0,208,615,580,4055,0,0,0,0,0,0,0,0,499,-528,0,0,50
173.19,0,0,0,0,100,4814,1.81678,0.00675247,1.82529,89,0,21,21,24,0,-2,0,0,1,26,4068,4420,564,175,13,619,37931,36155,109,1024,87,98,2.29435e+06,0,0,0,0,1,721,0,6,576,4074,0,0,0,0,0,0,0,0,499,-478,0,0,50
173.2,0,0,0,0,100,4812,1.81673,0.00673337,1.82498,89,0,21,21,24,0,-2,0,0,1,26,4068,4420,564,175,13,619,37899,36196,109,1024,61,98,2.29435e+06,0,0,0,0,1,0,785,0,569,4120,0,0,0,0,0,0,0,0,499,-471,0,0,50
173.21,0,0,0,0,100,4813,1.81633,0.0067613,1.82538,89,0,21,21,24,0,-2,0,0,1,26,4066,4420,581,175,13,619,37899,36196,109,1024,61,98,2.36235e+06,0,0,0,0,1,0,0,869,563,4046,0,0,0,0,0,0,0,0,499,-489,0,0,50
173.22,0,0,0,0,100,4813,1.81593,0.00678924,1.82579,89,0,21,21,24,0,-2,0,0,1,26,4066,4420,570,175,13,619,37899,36196,109,1024,61,98,2.31762e+06,0,0,0,0,1,828,0,0,576,4072,0,0,0,0,0,0,0,0,499,-510,0,0,50
173.23,0,0,0,0,100,4813,1.81554,0.00681717,1.82619,89,0,21,21,24,0,-2,0,0,1,26,4066,4420,562,175,13,619,37899,36196,109,1024,61,98,2.28509e+06,0,0,0,0,1,828,0,0,576,4072,0,0,0,0,0,0,0,0,499,-510,0,0,50
173.24,0,0,0,0,100,4808,1.81514,0.00684511,1.8266,89,0,21,21,24,0,-2,0,0,1,26,4066,4420,562,175,13,619,37899,36196,109,1024,61,98,2.28509e+06,0,0,0,0,1,0,644,98,588,4050,0,0,0,0,0,0,0,0,499,-488,0,0,50
173.25,0,0,0,0,100,4809,1.81474,0.00687304,1.82701,89,0,21,21,24,0,-2,0,0,1,26,4063,4420,586,175,13,619,37899,36196,109,1024,61,98,2.38092e+06,0,0,0,0,1,496,0,369,562,4137,0,0,0,0,0,0,0,0,499,-516,0,0,50
173.26,0,0,0,0,100,4811,1.81435,0.00690098,1.82741,89,0,21,21,24,0,-2,0,0,1,26,4063,4420,588,175,13,619,37899,36196,109,1024,61,98,2.38904e+06,0,0,0,0,1,289,585,0,568,4087,0,0,0,0,0,0,0,0,499,-521,0,0,50
173.27,0,0,0,0,100,4811,1.81395,0.00692891,1.82782,89,0,21,21,24,0,-2,0,0,1,26,4063,4420,576,175,13,619,37899,36196,109,1024,61,98,2.34029e+06,0,0,0,0,1,0,220,613,578,4053,0,0,0,0,0,0,0,0,499,-492,0,0,50
173.28,0,0,0,0,100,4811,1.81356,0.00695685,1.82822,89,0,21,21,24,0,-2,0,0,1,26,4063,4420,576,175,13,619,37899,36196,109,1024,61,98,2.34029e+06,0,0,0,0,1,0,220,613,578,4053,0,0,0,0,0,0,0,0,499,-490,0,0,50
173.29,0,0,0,0,100,4808,1.81316,0.00698478,1.82863,89,0,21,21,24,0,-2,0,0,1,26,4060,4420,579,175,13,619,37899,36196,109,1024,61,98,2.35074e+06,0,0,0,0,1,793,0,0,582,4072,0,0,0,0,0,0,0,0,499,-490,0,0,50
173.3,0,0,0,0,100,4806,1.81276,0.00701271,1.82903,89,0,21,21,24,0,-2,0,0,1,26,4060,4420,568,175,13,619,37890,35991,109,1024,65,98,2.30608e+06,0,0,0,0,1,0,855,0,574,4115,0,0,0,0,0,0,0,0,499,-501,0,0,50
173.31,0,0,0,0,100,4810,1.81279,0.0070114,1.82929,89,0,21,21,24,0,-2,0,0,1,26,4064,4420,573,175,13,619,37890,35991,109,1024,65,98,2.32867e+06,0,0,0,0,1,0,0,799,557,4046,0,0,0,0,0,0,0,0,499,-478,0,0,50
173.32,0,0,0,0,100,4814,1.81282,0.00701008,1.82955,89,0,21,21,24,0,-2,0,0,1,26,4064,4420,573,175,13,619,37890,35991,109,1024,65,98,2.32867e+06,0,0,0,0,1,734,27,0,574,4065,0,0,0,0,0,0,0,0,499,-506,0,0,50
173.33,0,0,0,0,100,4809,1.81285,0.00700876,1.82981,89,0,21,21,24,0,-2,0,0,1,26,4059,4420,575,175,13,619,37890,35991,109,1024,65,98,2.33392e+06,0,0,0,0,1,0,451,453,592,4055,0,0,0,0,0,0,0,0,499,-515,0,0,50
173.34,0,0,0,0,100,4809,1.81288,0.00700744,1.83008,89,0,21,21,24,0,-2,0,0,1,26,4059,4420,586,175,13,619,37890,35991,109,1024,65,98,2.37857e+06,0,0,0,0,1,627,0,277,570,4137,0,0,0,0,0,0,0,0,499,-525,0,0,50
173.35,0,0,0,0,100,4809,1.81291,0.00700612,1.83034,89,0,21,21,24,0,-2,0,0,1,26,4062,4420,592,175,13,619,37890,35991,109,1024,65,98,2.4047e+06,0,0,0,0,1,627,0,277,570,4137,0,0,0,0,0,0,0,0,499,-525,0,0,50
173.36,0,0,0,0,100,4810,1.81294,0.00700481,1.8306,89,0,21,21,24,0,-2,0,0,1,26,4062,4420,592,175,13,619,37890,35991,109,1024,65,98,2.4047e+06,0,0,0,0,1,229,609,0,580,4083,0,0,0,0,0,0,0,0,499,-500,0,0,50
173.37,0,0,0,0,100,4811,1.81297,0.00700349,1.83086,89,0,21,21,24,0,-2,0,1,1,26,4062,4420,579,175,13,619,37890,35991,109,1024,65,98,2.3519e+06,0,0,0,0,1,0,253,596,578,4048,0,0,0,0,0,0,0,0,499,-524,0,0,50
173.38,0,0,0,0,100,4812,1.813,0.00700217,1.83112,89,0,21,21,24,0,-2,0,1,1,26,4065,4420,588,175,13,619,37890,35991,109,1024,65,98,2.39022e+06,0,0,0,0,1,810,0,0,569,4087,0,0,0,0,0,0,0,0,499,-476,0,0,50
173.39,0,0,0,0,100,4811,1.81303,0.00700085,1.83138,89,0,21,21,24,0,-2,0,1,1,26,4065,4420,566,175,13,619,37890,35991,109,1024,65,98,2.30079e+06,0,0,0,0,1,0,882,0,574,4122,0,0,0,0,0,0,0,0,499,-529,0,0,50
173.4,0,0,0,0,100,4811,1.81306,0.00699953,1.83164,89,0,21,21,24,0,-2,0,1,1,26,4065,4420,566,175,13,619,37923,36084,109,1024,64,98,2.30079e+06,0,0,0,0,1,0,882,0,574,4122,0,0,0,0,0,0,0,0,499,-471,0,0,50
173.41,0,0,0,0,100,4813,1.81379,0.0069989,1.8313,89,0,21,21,24,0,-2,0,1,1,26,4059,4420,577,175,13,619,37923,36084,109,1024,64,98,2.34204e+06,0,0,0,0,1,0,0,754,561,4046,0,0,0,0,0,0,0,0,499,-471,0,0,50
173.42,0,0,0,0,100,4816,1.81451,0.00699827,1.83097,89,0,21,21,24,0,-2,0,1,1,26,4058,4420,565,175,13,619,37923,36084,109,1024,64,98,2.29277e+06,0,0,0,0,1,658,120,0,573,4068,0,0,0,0,0,0,0,0,499,-491,0,0,50
173.43,0,0,0,0,100,4813,1.81524,0.00699764,1.83064,89,0,21,21,24,0,-2,0,0,1,26,4058,4420,554,175,13,619,37923,36084,109,1024,64,98,2.24813e+06,0,0,0,0,1,0,437,479,582,4042,0,0,0,0,0,0,0,0,499,-532,0,0,50
173.44,0,0,0,0,100,4814,1.81597,0.00699701,1.8303,89,0,21,21,24,0,-2,0,0,1,26,4058,4420,554,175,13,619,37923,36084,109,1024,64,98,2.24813e+06,0,0,0,0,1,643,0,252,561,4124,0,0,0,0,0,0,0,0,499,-523,0,0,50
173.45,0,0,0,0,100,4820,1.8167,0.00699638,1.82997,89,0,21,21,24,0,-2,0,0,1,26,4064,4419,576,175,13,619,37923,36084,109,1024,64,98,2.34086e+06,0,0,0,0,1,273,560,0,561,4087,0,0,0,0,0,0,0,0,499,-495,0,0,50
173.46,0,0,0,0,100,4820,1.81743,0.00699575,1.82964,89,0,21,21,24,0,-2,0,0,1,26,4064,4419,572,175,13,619,37923,36084,109,1024,64,98,2.32461e+06,0,0,0,0,1,0,191,639,579,4053,0,0,0,0,0,0,0,0,499,-501,0,0,50
173.47,0,0,0,0,100,4820,1.81816,0.00699512,1.82931,89,0,21,21,24,0,-2,0,0,1,26,4064,4419,567,175,13,619,37923,36084,109,1024,64,98,2.30429e+06,0,0,0,0,1,0,191,639,579,4053,0,0,0,0,0,0,0,0,499,-501,0,0,50
173.48,0,0,0,0,100,4818,1.81888,0.00699449,1.82897,89,0,21,21,24,0,-2,0,0,1,26,4064,4419,567,175,13,619,37923,36084,109,1024,64,98,2.30429e+06,0,0,0,0,1,742,0,0,588,4072,0,0,0,0,0,0,0,0,499,-487,0,0,50
173.49,0,0,0,0,100,4816,1.81961,0.00699386,1.82864,89,0,21,21,24,0,-2,0,0,1,26,4063,4419,575,175,13,619,37923,36084,109,1024,64,98,2.33622e+06,0,0,0,0,1,0,769,0,577,4109,0,0,0,0,0,0,0,0,499,-464,0,0,50
173.5,0,0,0,0,100,4819,1.82034,0.00699323,1.82831,89,0,21,21,25,0,-2,0,0,1,26,4063,4419,575,175,13,619,37899,36134,109,1024,87,98,2.33622e+06,0,0,0,0,1,0,0,842,558,4038,0,0,0,0,0,0,0,0,499,-491,0,0,50
173.51,0,0,0,0,100,4825,1.82021,0.00699143,1.8283,89,0,21,21,25,0,-2,0,0,1,26,4063,4419,566,175,13,619,37899,36134,109,1024,87,98,2.29966e+06,0,0,0,0,1,859,0,0,558,4076,0,0,0,0,0,0,0,0,499,-509,0,0,50
173.52,0,0,0,0,100,4825,1.82008,0.00698962,1.82829,89,0,21,21,25,0,-2,0,0,1,26,4063,4419,566,175,13,619,37899,36134,109,1024,87,98,2.29966e+06,0,0,0,0,1,859,0,0,558,4076,0,0,0,0,0,0,0,0,499,-525,0,0,50
173.53,0,0,0,0,100,4823,1.81995,0.00698782,1.82828,89,0,21,21,25,0,-2,0,0,1,26,4067,4419,582,175,13,619,37899,36134,109,1024,87,98,2.36699e+06,0,0,0,0,1,0,882,0,587,4120,0,0,0,0,0,0,0,0,499,-525,0,0,50
173.54,0,0,0,0,100,4821,1.81982,0.00698602,1.82828,89,0,21,21,25,0,-2,0,0,1,26,4067,4419,570,175,13,619,37899,36134,109,1024,87,98,2.31819e+06,0,0,0,0,1,0,0,816,574,4046,0,0,0,0,0,0,0,0,499,-489,0,0,50
173.55,0,0,0,0,100,4822,1.81969,0.00698421,1.82827,89,0,21,21,25,0,-2,0,0,1,26,4060,4419,583,175,13,619,37899,36134,109,1024,87,98,2.36698e+06,0,0,0,0,1,728,0,0,563,4072,0,0,0,0,0,0,0,0,499,-514,0,0,50
173.56,0,0,0,0,100,4823,1.81956,0.00698241,1.82826,89,0,21,21,25,0,-2,0,0,1,26,4060,4419,583,175,13,619,37899,36134,109,1024,87,98,2.36698e+06,0,0,0,0,1,0,654,121,579,4053,0,0,0,0,0,0,0,0,499,-531,0,0,50
173.57,0,0,0,0,100,4822,1.81943,0.0069806,1.82825,89,0,21,21,25,0,-2,0,0,1,26,4059,4419,570,175,13,619,37899,36134,109,1024,87,98,2.31363e+06,0,0,0,0,1,299,0,514,577,4094,0,0,0,0,0,0,0,0,499,-507,0,0,50
173.58,0,0,0,0,100,4822,1.8193,0.0069788,1.82825,89,0,21,21,25,0,-2,0,0,1,26,4059,4419,573,175,13,619,37899,36134,109,1024,87,98,2.32581e+06,0,0,0,0,1,457,421,0,574,4072,0,0,0,0,0,0,0,0,499,-494,0,0,50
173.59,0,0,0,0,100,4823,1.81917,0.00697699,1.82824,89,0,21,21,25,0,-2,0,0,1,26,4065,4419,576,175,13,619,37899,36134,109,1024,87,98,2.34144e+06,0,0,0,0,1,457,421,0,574,4072,0,0,0,0,0,0,0,0,499,-494,0,0,50
173.6,0,0,0,0,100,4824,1.81904,0.00697519,1.82823,89,0,21,21,24,0,-2,0,0,1,26,4065,4419,576,175,13,619,37837,35998,109,1024,65,98,2.34144e+06,0,0,0,0,1,0,659,106,574,4061,0,0,0,0,0,0,0,0,499,-468,0,0,50
173.61,0,0,0,0,100,4826,1.81874,0.00694472,1.82869,89,0,21,21,24,0,-2,0,0,1,26,4058,4419,561,175,13,619,37837,35998,109,1024,65,98,2.27654e+06,0,0,0,0,1,131,0,637,587,4048,0,0,0,0,0,0,0,0,499,-469,0,0,50
173.62,0,0,0,0,100,4822,1.81845,0.00691424,1.82915,89,0,21,21,24,0,-2,0,0,1,26,4058,4419,559,175,13,619,37837,35998,109,1024,65,98,2.26842e+06,0,0,0,0,1,857,0,0,589,4065,0,0,0,0,0,0,0,0,499,-508,0,0,50
173.63,0,0,0,0,100,4819,1.81815,0.00688377,1.82961,89,0,21,21,24,0,-2,0,0,1,26,4064,4419,564,175,13,619,37837,35998,109,1024,65,98,2.2921e+06,0,0,0,0,1,0,382,523,580,4042,0,0,0,0,0,0,0,0,499,-543,0,0,50
173.64,0,0,0,0,100,4819,1.81785,0.0068533,1.83007,89,0,21,21,24,0,-2,0,0,1,26,4064,4419,564,175,13,619,37837,35998,109,1024,65,98,2.2921e+06,0,0,0,0,1,0,382,523,580,4042,0,0,0,0,0,0,0,0,499,-531,0,0,50
173.65,0,0,0,0,100,4823,1.81755,0.00682283,1.83053,89,0,21,21,24,0,-2,0,0,1,26,4064,4419,568,175,13,619,37837,35998,109,1024,65,98,2.30835e+06,0,0,0,0,1,580,0,299,563,4128,0,0,0,0,0,0,0,0,499,-531,0,0,50
173.66,0,0,0,0,100,4826,1.81725,0.00679235,1.83099,89,0,21,21,24,0,-2,0,0,1,26,4055,4419,560,175,13,619,37837,35998,109,1024,65,98,2.2708e+06,0,0,0,0,1,320,601,0,575,4074,0,0,0,0,0,0,0,0,499,-547,0,0,50
173.67,0,0,0,0,100,4824,1.81696,0.00676188,1.83144,89,0,21,21,24,0,-2,0,0,1,26,4055,4419,576,175,13,619,37837,35998,109,1024,65,98,2.33568e+06,0,0,0,0,1,0,275,643,588,4033,0,0,0,0,0,0,0,0,499,-539,0,0,50
173.68,0,0,0,0,100,4821,1.81666,0.00673141,1.8319,89,0,21,21,24,0,-2,0,0,1,26,4055,4419,576,175,13,619,37837,35998,109,1024,65,98,2.33568e+06,0,0,0,0,1,621,0,227,593,4102,0,0,0,0,0,0,0,0,499,-504,0,0,50
173.69,0,0,0,0,100,4820,1.81636,0.00670093,1.83236,89,0,21,21,24,0,-2,0,0,1,26,4066,4419,568,175,13,619,37837,35998,109,1024,65,98,2.30949e+06,0,0,0,0,1,101,662,0,577,4087,0,0,0,0,0,0,0,0,499,-478,0,0,50
173.7,0,0,0,0,100,4820,1.81606,0.00667046,1.83282,89,0,21,21,24,0,-2,0,0,1,26,4058,4419,575,175,13,619,37891,36163,109,1024,87,98,2.33335e+06,0,0,0,0,1,0,0,774,569,4048,0,0,0,0,0,0,0,0,499,-481,0,0,50
173.71,0,0,0,0,100,4822,1.81587,0.00668111,1.83229,89,0,21,21,24,0,-2,0,0,1,26,4058,4419,571,175,13,619,37891,36163,109,1024,87,98,2.31712e+06,0,0,0,0,1,0,0,774,569,4048,0,0,0,0,0,0,0,0,499,-481,0,0,50
173.72,0,0,0,0,100,4821,1.81567,0.00669177,1.83176,89,0,21,21,24,0,-2,0,0,1,26,4058,4419,571,175,13,619,37891,36163,109,1024,87,98,2.31712e+06,0,0,0,0,1,797,0,0,586,4081,0,0,0,0,0,0,0,0,499,-480,0,0,50
173.73,0,0,0,0,100,4818,1.81547,0.00670242,1.83122,89,0,21,21,24,0,-2,0,0,1,26,4061,4419,581,175,13,619,37891,36163,109,1024,87,98,2.35944e+06,0,0,0,0,1,0,862,0,577,4111,0,0,0,0,0,0,0,0,499,-505,0,0,50
173.74,0,0,0,0,100,4819,1.81528,0.00671307,1.83069,89,0,21,21,24,0,-2,0,0,1,26,4066,4419,579,175,13,619,37891,36163,109,1024,87,98,2.35421e+06,0,0,0,0,1,0,0,867,570,4042,0,0,0,0,0,0,0,0,499,-516,0,0,50
173.75,0,0,0,0,100,4820,1.81508,0.00672372,1.83016,89,0,21,21,24,0,-2,0,0,1,26,4066,4419,573,175,13,619,37891,36163,109,1024,87,98,2.32982e+06,0,0,0,0,1,821,0,0,569,4074,0,0,0,0,0,0,0,0,499,-507,0,0,50
173.76,0,0,0,0,100,4820,1.81488,0.00673438,1.82963,89,0,21,21,24,0,-2,0,0,1,26,4066,4419,573,175,13,619,37891,36163,109,1024,87,98,2.32982e+06,0,0,0,0,1,821,0,0,569,4074,0,0,0,0,0,0,0,0,499,-487,0,0,50
173.77,0,0,0,0,100,4818,1.81469,0.00674503,1.82909,89,0,21,21,24,0,-2,0,0,1,26,4057,4419,570,175,13,619,37891,36163,109,1024,87,98,2.31249e+06,0,0,0,0,1,0,710,10,579,4063,0,0,0,0,0,0,0,0,499,-487,0,0,50
173.78,0,0,0,0,100,4817,1.81449,0.00675568,1.82856,89,0,21,21,24,0,-2,0,0,1,26,4067,4419,579,175,13,619,37891,36163,109,1024,87,98,2.35479e+06,0,0,0,0,1,252,0,520,562,4096,0,0,0,0,0,0,0,0,499,-466,0,0,50
173.79,0,0,0,0,100,4816,1.81429,0.00676633,1.82803,89,0,21,21,24,0,-2,0,0,1,26,4067,4419,586,175,13,619,37891,36163,109,1024,87,98,2.38326e+06,0,0,0,0,1,402,472,0,561,4076,0,0,0,0,0,0,0,0,499,-509,0,0,50
173.8,0,0,0,0,100,4818,1.8141,0.00677699,1.8275,89,0,21,21,24,0,-2,0,0,1,26,4067,4419,586,175,13,619,37938,36216,110,1024,87,98,2.38326e+06,0,0,0,0,1,0,282,599,559,4046,0,0,0,0,0,0,0,0,499,-527,0,0,50
173.81,0,0,0,0,100,4817,1.81433,0.00674442,1.82767,89,0,21,21,24,0,-2,0,0,1,26,4060,4419,556,175,13,619,37938,36216,110,1024,87,98,2.25736e+06,0,0,0,0,1,627,0,235,580,4113,0,0,0,0,0,0,0,0,499,-521,0,0,50
173.82,0,0,0,0,100,4813,1.81456,0.00671186,1.82785,89,0,21,21,24,0,-2,0,0,1,26,4060,4419,575,175,13,619,37938,36216,110,1024,87,98,2.3345e+06,0,0,0,0,1,119,656,0,574,4087,0,0,0,0,0,0,0,0,499,-479,0,0,50
173.83,0,0,0,0,100,4813,1.81479,0.0066793,1.82803,89,0,21,21,24,0,-2,0,0,1,26,4063,4419,576,175,13,619,37938,36216,110,1024,87,98,2.34029e+06,0,0,0,0,1,119,656,0,574,4087,0,0,0,0,0,0,0,0,499,-479,0,0,50
173.84,0,0,0,0,100,4815,1.81502,0.00664674,1.82821,89,0,21,21,24,0,-2,0,0,1,26,4063,4419,576,175,13,619,37938,36216,110,1024,87,98,2.34029e+06,0,0,0,0,1,0,0,754,565,4050,0,0,0,0,0,0,0,0,499,-465,0,0,50
173.85,0,0,0,0,100,4817,1.81525,0.00661418,1.82838,89,0,21,21,24,0,-2,0,0,1,26,4063,4420,568,175,13,619,37938,36216,110,1024,87,98,2.30778e+06,0,0,0,0,1,818,0,0,570,4083,0,0,0,0,0,0,0,0,499,-479,0,0,50
173.86,0,0,0,0,100,4815,1.81549,0.00658162,1.82856,89,0,21,21,24,0,-2,0,0,1,26,4055,4420,560,175,13,619,37938,36216,110,1024,87,98,2.2708e+06,0,0,0,0,1,0,853,0,576,4124,0,0,0,0,0,0,0,0,499,-508,0,0,50
173.87,0,0,0,0,100,4811,1.81572,0.00654906,1.82874,89,0,21,21,24,0,-2,0,0,1,26,4055,4420,567,175,13,619,37938,36216,110,1024,87,98,2.29918e+06,0,0,0,0,1,0,0,881,577,4031,0,0,0,0,0,0,0,0,499,-462,0,0,50
173.88,0,0,0,0,100,4811,1.81595,0.00651649,1.82891,89,0,21,21,24,0,-2,0,0,1,26,4055,4420,567,175,13,619,37938,36216,110,1024,87,98,2.29918e+06,0,0,0,0,1,0,0,881,577,4031,0,0,0,0,0,0,0,0,499,-483,0,0,50
173.89,0,0,0,0,100,4811,1.81618,0.00648393,1.82909,89,0,21,21,24,0,-2,0,0,1,26,4067,4420,568,175,13,619,37938,36216,110,1024,87,98,2.31006e+06,0,0,0,0,1,604,187,0,560,4063,0,0,0,0,0,0,0,0,499,-483,0,0,50
173.9,0,0,0,0,100,4815,1.81641,0.00645137,1.82927,89,0,21,21,24,0,-2,0,0,1,26,4061,4420,570,175,13,619,37895,36230,109,1024,64,98,2.31477e+06,0,0,0,0,1,0,390,488,559,4053,0,0,0,0,0,0,0,0,499,-511,0,0,50
173.91,0,0,0,0,100,4818,1.81656,0.00645635,1.82933,89,0,21,21,24,0,-2,0,0,1,26,4061,4420,575,175,13,619,37895,36230,109,1024,64,98,2.33508e+06,0,0,0,0,1,619,0,301,569,4117,0,0,0,0,0,0,0,0,499,-543,0,0,50
173.92,0,0,0,0,100,4814,1.81671,0.00646133,1.8294,89,0,21,21,24,0,-2,0,0,1,26,4061,4420,575,175,13,619,37895,36230,109,1024,64,98,2.33508e+06,0,0,0,0,1,264,593,0,581,4085,0,0,0,0,0,0,0,0,499,-511,0,0,50
173.93,0,0,0,0,100,4813,1.81686,0.00646631,1.82947,89,0,21,21,24,0,-2,0,0,1,26,4064,4420,587,175,13,619,37895,36230,109,1024,64,98,2.38557e+06,0,0,0,0,1,0,89,670,569,4050,0,0,0,0,0,0,0,0,499,-471,0,0,50
173.94,0,0,0,0,100,4814,1.81701,0.00647129,1.82954,89,0,21,21,24,0,-2,0,0,1,26,4060,4420,593,175,13,619,37895,36230,109,1024,64,98,2.40758e+06,0,0,0,0,1,781,0,0,577,4081,0,0,0,0,0,0,0,0,499,-474,0,0,50
173.95,0,0,0,0,100,4814,1.81716,0.00647627,1.8296,89,0,21,21,24,0,-2,0,0,1,26,4060,4420,570,175,13,619,37895,36230,109,1024,64,98,2.3142e+06,0,0,0,0,1,781,0,0,577,4081,0,0,0,0,0,0,0,0,499,-474,0,0,50
173.96,0,0,0,0,100,4813,1.8173,0.00648125,1.82967,89,0,21,21,24,0,-2,0,0,1,26,4060,4420,570,175,13,619,37895,36230,109,1024,64,98,2.3142e+06,0,0,0,0,1,0,849,0,584,4111,0,0,0,0,0,0,0,0,499,-497,0,0,50
173.97,0,0,0,0,100,4814,1.81745,0.00648622,1.82974,89,0,21,21,24,0,-2,0,0,1,26,4056,4420,581,175,13,619,37895,36230,109,1024,64,98,2.35654e+06,0,0,0,0,1,0,0,877,582,4035,0,0,0,0,0,0,0,0,499,-521,0,0,50
173.98,0,0,0,0,100,4816,1.8176,0.0064912,1.8298,89,0,21,21,24,0,-2,0,0,1,26,4064,4420,593,175,13,619,37895,36230,109,1024,64,98,2.40995e+06,0,0,0,0,1,787,0,0,572,4065,0,0,0,0,0,0,0,0,499,-500,0,0,50
173.99,0,0,0,0,100,4819,1.81775,0.00649618,1.82987,89,0,21,21,24,0,-2,0,0,1,26,4064,4420,573,175,13,619,37895,36230,109,1024,64,98,2.32867e+06,0,0,0,0,1,0,640,131,574,4057,0,0,0,0,0,0,0,0,499,-468,0,0,50
174,0,0,0,0,100,4819,1.8179,0.00650116,1.82994,89,0,21,21,24,0,-2,0,0,1,26,4064,4420,573,175,13,619,37916,36163,109,1024,65,98,2.32867e+06,0,0,0,0,1,0,640,131,574,4057,0,0,0,0,0,0,0,0,499,-483,0,0,50
174.01,0,0,0,0,100,4817,1.81782,0.00651844,1.82968,89,0,21,21,24,0,-2,0,0,1,26,4054,4420,564,175,13,619,37916,36163,109,1024,65,98,2.28646e+06,0,0,0,0,1,306,0,528,583,4098,0,0,0,0,0,0,0,0,499,-483,0,0,50
174.02,0,0,0,0,100,4814,1.81773,0.00653572,1.82943,89,0,21,21,24,0,-2,0,0,1,26,4054,4420,578,175,13,619,37916,36163,109,1024,65,98,2.34321e+06,0,0,0,0,1,379,556,0,593,4061,0,0,0,0,0,0,0,0,499,-547,0,0,50
174.03,0,0,0,0,100,4815,1.81765,0.006553,1.82918,89,0,21,21,24,0,-2,0,0,1,26,4059,4420,586,175,13,619,37916,36163,109,1024,65,98,2.37857e+06,0,0,0,0,1,0,276,592,577,4050,0,0,0,0,0,0,0,0,499,-539,0,0,50
174.04,0,0,0,0,100,4820,1.81757,0.00657027,1.82892,89,0,21,21,24,0,-2,0,0,1,26,4059,4420,586,175,13,619,37916,36163,109,1024,65,98,2.37857e+06,0,0,0,0,1,596,0,207,563,4109,0,0,0,0,0,0,0,0,499,-492,0,0,50
174.05,0,0,0,0,100,4820,1.81749,0.00658755,1.82867,89,0,21,21,24,0,-2,0,0,1,26,4054,4420,570,175,13,619,37916,36163,109,1024,65,98,2.31078e+06,0,0,0,0,1,101,685,0,580,4076,0,0,0,0,0,0,0,0,499,-494,0,0,50
174.06,0,0,0,0,100,4820,1.81741,0.00660483,1.82841,89,0,21,21,24,0,-2,0,0,1,26,4054,4420,572,175,13,619,37916,36163,109,1024,65,98,2.31889e+06,0,0,0,0,1,0,0,766,572,4055,0,0,0,0,0,0,0,0,499,-502,0,0,50
174.07,0,0,0,0,100,4818,1.81732,0.00662211,1.82816,89,0,21,21,24,0,-2,0,0,1,26,4054,4420,577,175,13,619,37916,36163,109,1024,65,98,2.33916e+06,0,0,0,0,1,0,0,766,572,4055,0,0,0,0,0,0,0,0,499,-502,0,0,50
174.08,0,0,0,0,100,4817,1.81724,0.00663939,1.82791,89,0,21,21,24,0,-2,0,0,1,26,4054,4420,577,175,13,619,37916,36163,109,1024,65,98,2.33916e+06,0,0,0,0,1,821,0,0,568,4074,0,0,0,0,0,0,0,0,499,-475,0,0,50
174.09,0,0,0,0,100,4820,1.81716,0.00665666,1.82765,89,0,21,21,24,0,-2,0,0,1,26,4063,4420,582,175,13,619,37916,36163,109,1024,65,98,2.36467e+06,0,0,0,0,1,0,861,0,567,4117,0,0,0,0,0,0,0,0,499,-457,0,0,50
174.1,0,0,0,0,100,4822,1.81708,0.00667394,1.8274,89,0,21,21,24,0,-2,0,0,1,26,4058,4420,559,175,13,619,37898,36156,110,1024,87,98,2.26842e+06,0,0,0,0,1,0,0,875,578,4046,0,0,0,0,0,0,0,0,499,-476,0,0,50
174.11,0,0,0,0,100,4819,1.81738,0.00667523,1.82718,89,0,21,21,24,0,-2,0,0,1,26,4058,4420,566,175,13,619,37898,36156,110,1024,87,98,2.29683e+06,0,0,0,0,1,883,0,0,585,4063,0,0,0,0,0,0,0,0,499,-516,0,0,50
174.12,0,0,0,0,100,4819,1.81768,0.00667652,1.82697,89,0,21,21,24,0,-2,0,0,1,26,4058,4420,566,175,13,619,37898,36156,110,1024,87,98,2.29683e+06,0,0,0,0,1,883,0,0,585,4063,0,0,0,0,0,0,0,0,499,-454,0,0,50
174.13,0,0,0,0,100,4818,1.81798,0.00667781,1.82675,89,0,21,21,24,0,-2,0,1,1,26,4062,4420,583,175,13,619,37898,36156,110,1024,87,98,2.36815e+06,0,0,0,0,1,0,741,0,569,4106,0,0,0,0,0,0,0,0,499,-454,0,0,50
174.14,0,0,0,0,100,4819,1.81829,0.00667909,1.82654,89,0,21,21,24,0,-2,0,1,1,26,4062,4420,568,175,13,619,37898,36156,110,1024,87,98,2.30722e+06,0,0,0,0,1,0,0,809,561,4046,0,0,0,0,0,0,0,0,499,-475,0,0,50
174.15,0,0,0,0,100,4820,1.81859,0.00668038,1.82632,89,0,21,21,24,0,-2,0,1,1,26,4060,4420,555,175,13,619,37898,36156,110,1024,87,98,2.2533e+06,0,0,0,0,1,758,0,0,569,4063,0,0,0,0,0,0,0,0,499,-503,0,0,50
174.16,0,0,0,0,100,4820,1.81889,0.00668167,1.8261,89,0,21,21,24,0,-2,0,1,1,26,4060,4420,555,175,13,619,37898,36156,110,1024,87,98,2.2533e+06,0,0,0,0,1,0,589,203,572,4042,0,0,0,0,0,0,0,0,499,-482,0,0,50
174.17,0,0,0,0,100,4821,1.81919,0.00668296,1.82589,89,0,21,21,24,0,-2,0,1,1,26,4068,4420,573,175,13,619,37898,36156,110,1024,87,98,2.33096e+06,0,0,0,0,1,361,0,461,563,4122,0,0,0,0,0,0,0,0,499,-491,0,0,50
174.18,0,0,0,0,100,4821,1.8195,0.00668425,1.82567,89,0,21,21,24,0,-2,0,1,1,26,4068,4420,586,175,13,619,37898,36156,110,1024,87,98,2.38385e+06,0,0,0,0,1,361,522,0,566,4081,0,0,0,0,0,0,0,0,499,-514,0,0,50
174.19,0,0,0,0,100,4822,1.8198,0.00668553,1.82546,89,0,21,21,24,0,-2,0,0,1,26,4061,4420,572,175,13,619,37898,36156,110,1024,87,98,2.32289e+06,0,0,0,0,1,361,522,0,566,4081,0,0,0,0,0,0,0,0,499,-514,0,0,50
174.2,0,0,0,0,100,4822,1.8201,0.00668682,1.82524,89,0,21,21,24,0,-2,0,0,1,26,4061,4420,572,175,13,619,37930,36257,109,1024,87,98,2.32289e+06,0,0,0,0,1,0,300,607,574,4048,0,0,0,0,0,0,0,0,499,-529,0,0,50
174.21,0,0,0,0,100,4818,1.81999,0.00668835,1.82553,89,0,21,21,24,0,-2,0,0,1,26,4059,4420,565,175,13,619,37930,36257,109,1024,87,98,2.29334e+06,0,0,0,0,1,629,0,289,583,4113,0,0,0,0,0,0,0,0,499,-527,0,0,50
174.22,0,0,0,0,100,4817,1.81988,0.00668987,1.82582,89,0,21,21,24,0,-2,0,0,1,26,4068,4420,560,175,13,619,37930,36257,109,1024,87,98,2.27808e+06,0,0,0,0,1,199,624,0,580,4083,0,0,0,0,0,0,0,0,499,-497,0,0,50
174.23,0,0,0,0,100,4822,1.81976,0.00669139,1.82612,89,0,21,21,24,0,-2,0,0,1,26,4068,4420,581,175,14,619,37930,36257,109,1024,87,98,2.36351e+06,0,0,0,0,1,0,44,639,563,4057,0,0,0,0,0,0,0,0,499,-477,0,0,50
174.24,0,0,0,0,100,4822,1.81965,0.00669292,1.82641,89,0,21,21,24,0,-2,0,0,1,26,4068,4420,581,175,14,619,37930,36257,109,1024,87,98,2.36351e+06,0,0,0,0,1,0,44,639,563,4057,0,0,0,0,0,0,0,0,499,-481,0,0,50
174.25,0,0,0,0,100,4824,1.81953,0.00669444,1.8267,89,0,21,21,24,0,-2,0,0,1,26,4068,4414,566,175,14,619,37930,36257,109,1024,87,98,2.30249e+06,0,0,0,0,1,746,0,0,580,4074,0,0,0,0,0,0,0,0,499,-481,0,0,50
174.26,0,0,0,0,100,4821,1.81942,0.00669597,1.82699,89,0,21,21,24,0,-2,0,0,1,26,4060,4414,561,175,14,619,37930,36257,109,1024,87,98,2.27766e+06,0,0,0,0,1,0,780,0,588,4109,0,0,0,0,0,0,0,0,499,-477,0,0,50
174.27,0,0,0,0,100,4818,1.81931,0.00669749,1.82728,89,0,21,21,24,0,-2,0,0,1,26,4060,4414,583,175,14,619,37930,36257,109,1024,87,98,2.36698e+06,0,0,0,0,1,0,0,836,573,4031,0,0,0,0,0,0,0,0,499,-480,0,0,50
174.28,0,0,0,0,100,4819,1.81919,0.00669902,1.82758,89,0,21,21,24,0,-2,0,0,1,26,4060,4414,583,175,14,619,37930,36257,109,1024,87,98,2.36698e+06,0,0,0,0,1,879,0,0,569,4074,0,0,0,0,0,0,0,0,499,-521,0,0,50
174.29,0,0,0,0,100,4822,1.81908,0.00670054,1.82787,89,0,21,21,24,0,-2,0,0,1,26,4063,4414,571,175,14,619,37930,36257,109,1024,87,98,2.31997e+06,0,0,0,0,1,0,837,0,572,4120,0,0,0,0,0,0,0,0,499,-515,0,0,50
174.3,0,0,0,0,100,4822,1.81897,0.00670207,1.82816,89,0,21,21,24,0,-2,0,0,1,26,4062,4414,560,175,14,619,37904,36145,110,1024,64,98,2.27472e+06,0,0,0,0,1,0,0,809,582,4038,0,0,0,0,0,0,0,0,499,-499,0,0,50
174.31,0,0,0,0,100,4822,1.81829,0.00669392,1.82823,89,0,21,21,24,0,-2,0,0,1,26,4062,4414,561,175,14,619,37904,36145,110,1024,64,98,2.27878e+06,0,0,0,0,1,0,0,809,582,4038,0,0,0,0,0,0,0,0,499,-499,0,0,50
174.32,0,0,0,0,100,4819,1.81761,0.00668577,1.82829,89,0,21,21,24,0,-2,0,0,1,26,4062,4414,561,175,14,619,37904,36145,110,1024,64,98,2.27878e+06,0,0,0,0,1,695,77,0,585,4059,0,0,0,0,0,0,0,0,499,-498,0,0,50
174.33,0,0,0,0,100,4821,1.81693,0.00667763,1.82835,89,0,21,21,24,0,-2,0,0,1,26,4062,4414,572,175,14,619,37904,36145,110,1024,64,98,2.32346e+06,0,0,0,0,1,0,519,297,566,4059,0,0,0,0,0,0,0,0,499,-467,0,0,50
174.34,0,0,0,0,100,4820,1.81625,0.00666948,1.82842,89,0,21,21,24,0,-2,0,0,1,26,4062,4414,572,175,14,619,37904,36145,110,1024,64,98,2.32346e+06,0,0,0,0,1,434,0,447,585,4111,0,0,0,0,0,0,0,0,499,-517,0,0,50
174.35,0,0,0,0,100,4818,1.81557,0.00666133,1.82848,89,0,21,21,24,0,-2,0,0,1,26,4059,4414,547,175,14,619,37904,36145,110,1024,64,98,2.22027e+06,0,0,0,0,1,364,575,0,595,4065,0,0,0,0,0,0,0,0,499,-552,0,0,50
174.36,0,0,0,0,100,4818,1.81489,0.00665319,1.82855,89,0,21,21,24,0,-2,0,0,1,26,4059,4414,547,175,14,619,37904,36145,110,1024,64,98,2.22027e+06,0,0,0,0,1,364,575,0,595,4065,0,0,0,0,0,0,0,0,499,-532,0,0,50
174.37,0,0,0,0,100,4819,1.81421,0.00664504,1.82861,89,0,21,21,24,0,-2,0,0,1,26,4071,4414,572,175,14,619,37904,36145,110,1024,64,98,2.32861e+06,0,0,0,0,1,0,276,593,574,4040,0,0,0,0,0,0,0,0,499,-532,0,0,50
174.38,0,0,0,0,100,4821,1.81353,0.00663689,1.82868,89,0,21,21,24,0,-2,0,0,1,26,4071,4414,581,175,14,619,37904,36145,110,1024,64,98,2.36525e+06,0,0,0,0,1,525,0,350,569,4120,0,0,0,0,0,0,0,0,499,-485,0,0,50
174.39,0,0,0,0,100,4823,1.81285,0.00662875,1.82874,89,0,21,21,24,0,-2,0,0,1,26,4071,4414,567,175,14,619,37904,36145,110,1024,64,98,2.30826e+06,0,0,0,0,1,142,642,0,563,4089,0,0,0,0,0,0,0,0,499,-482,0,0,50
174.4,0,0,0,0,100,4819,1.81217,0.0066206,1.8288,89,0,21,21,23,0,-2,0,0,1,26,4071,4414,567,175,14,619,37941,36351,108,1024,68,98,2.30826e+06,0,0,0,0,1,0,0,752,580,4042,0,0,0,0,0,0,0,0,499,-466,0,0,50
174.41,0,0,0,0,100,4816,1.81276,0.00663734,1.82866,89,0,21,21,23,0,-2,0,0,1,26,4056,4414,575,175,14,619,37941,36351,108,1024,68,98,2.3322e+06,0,0,0,0,1,821,0,0,575,4079,0,0,0,0,0,0,0,0,499,-485,0,0,50
174.42,0,0,0,0,100,4819,1.81335,0.00665408,1.82851,89,0,21,21,23,0,-2,0,0,1,26,4056,4414,588,175,14,619,37941,36351,108,1024,68,98,2.38493e+06,0,0,0,0,1,0,856,0,563,4120,0,0,0,0,0,0,0,0,499,-503,0,0,50
174.43,0,0,0,0,100,4819,1.81394,0.00667082,1.82836,89,0,21,21,23,0,-2,0,0,1,26,4057,4414,581,175,14,619,37941,36351,108,1024,68,98,2.35712e+06,0,0,0,0,1,0,856,0,563,4120,0,0,0,0,0,0,0,0,499,-503,0,0,50
174.44,0,0,0,0,100,4823,1.81453,0.00668756,1.82821,89,0,21,21,23,0,-2,0,0,1,26,4057,4414,581,175,14,619,37941,36351,108,1024,68,98,2.35712e+06,0,0,0,0,1,0,0,869,574,4035,0,0,0,0,0,0,0,0,499,-529,0,0,50
174.45,0,0,0,0,100,4820,1.81512,0.0067043,1.82807,89,0,21,21,23,0,-2,0,0,1,26,4058,4414,572,175,14,619,37941,36351,108,1024,68,98,2.32118e+06,0,0,0,0,1,830,0,0,585,4072,0,0,0,0,0,0,0,0,499,-513,0,0,50
174.46,0,0,0,0,100,4817,1.81571,0.00672104,1.82792,89,0,21,21,23,0,-2,0,0,1,26,4058,4414,567,175,14,619,37941,36351,108,1024,68,98,2.30089e+06,0,0,0,0,1,0,671,76,571,4061,0,0,0,0,0,0,0,0,499,-475,0,0,50
174.47,0,0,0,0,100,4817,1.81631,0.00673778,1.82777,89,0,21,21,23,0,-2,0,0,1,26,4058,4415,583,175,14,619,37941,36351,108,1024,68,98,2.36581e+06,0,0,0,0,1,256,0,520,562,4087,0,0,0,0,0,0,0,0,499,-454,0,0,50
174.48,0,0,0,0,100,4817,1.8169,0.00675451,1.82762,89,0,21,21,23,0,-2,0,0,1,26,4058,4415,583,175,14,619,37941,36351,108,1024,68,98,2.36581e+06,0,0,0,0,1,256,0,520,562,4087,0,0,0,0,0,0,0,0,499,-513,0,0,50
174.49,0,0,0,0,100,4819,1.81749,0.00677125,1.82747,89,0,21,21,23,0,-2,0,0,1,26,4060,4415,568,175,14,619,37941,36351,108,1024,68,98,2.30608e+06,0,0,0,0,1,428,454,0,566,4068,0,0,0,0,0,0,0,0,499,-513,0,0,50
174.5,0,0,0,0,100,4820,1.81808,0.00678799,1.82733,89,0,21,21,24,0,-2,0,0,1,26,4058,4415,572,175,14,619,37855,36183,110,1024,87,98,2.32118e+06,0,0,0,0,1,0,290,639,569,4044,0,0,0,0,0,0,0,0,499,-552,0,0,50
174.51,0,0,0,0,100,4818,1.81816,0.00679436,1.82745,89,0,21,21,24,0,-2,0,0,1,26,4058,4415,576,175,14,619,37855,36183,110,1024,87,98,2.33741e+06,0,0,0,0,1,598,0,260,574,4117,0,0,0,0,0,0,0,0,499,-522,0,0,50
174.52,0,0,0,0,100,4820,1.81823,0.00680072,1.82757,89,0,21,21,24,0,-2,0,0,1,26,4058,4415,576,175,14,619,37855,36183,110,1024,87,98,2.33741e+06,0,0,0,0,1,221,601,0,563,4089,0,0,0,0,0,0,0,0,499,-491,0,0,50
174.53,0,0,0,0,100,4821,1.81831,0.00680708,1.82769,89,0,21,21,24,0,-2,0,0,1,26,4054,4415,575,175,14,619,37855,36183,110,1024,87,98,2.33105e+06,0,0,0,0,1,0,56,684,572,4050,0,0,0,0,0,0,0,0,499,-480,0,0,50
174.54,0,0,0,0,100,4817,1.81839,0.00681344,1.82782,89,0,21,21,24,0,-2,0,0,1,26,4054,4415,571,175,14,619,37855,36183,110,1024,87,98,2.31483e+06,0,0,0,0,1,783,0,0,583,4074,0,0,0,0,0,0,0,0,499,-479,0,0,50
174.55,0,0,0,0,100,4817,1.81847,0.00681981,1.82794,89,0,21,21,24,0,-2,0,0,1,26,4054,4414,555,175,14,619,37855,36183,110,1024,87,98,2.24997e+06,0,0,0,0,1,783,0,0,583,4074,0,0,0,0,0,0,0,0,499,-479,0,0,50
174.56,0,0,0,0,100,4816,1.81854,0.00682617,1.82806,89,0,21,21,24,0,-2,0,0,1,26,4054,4414,555,175,14,619,37855,36183,110,1024,87,98,2.24997e+06,0,0,0,0,1,0,820,0,574,4113,0,0,0,0,0,0,0,0,499,-481,0,0,50
174.57,0,0,0,0,100,4819,1.81862,0.00683253,1.82818,89,0,21,21,24,0,-2,0,0,1,26,4064,4414,578,175,14,619,37855,36183,110,1024,87,98,2.34899e+06,0,0,0,0,1,0,0,865,569,4033,0,0,0,0,0,0,0,0,499,-466,0,0,50
174.58,0,0,0,0,100,4821,1.8187,0.00683889,1.8283,89,0,21,21,24,0,-2,0,0,1,26,4064,4414,577,175,14,619,37855,36183,110,1024,87,98,2.34493e+06,0,0,0,0,1,873,0,0,570,4079,0,0,0,0,0,0,0,0,499,-479,0,0,50
174.59,0,0,0,0,100,4821,1.81878,0.00684526,1.82843,89,0,21,21,24,0,-2,0,0,1,26,4058,4414,573,175,14,619,37855,36183,110,1024,87,98,2.32523e+06,0,0,0,0,1,0,808,0,586,4091,0,0,0,0,0,0,0,0,499,-502,0,0,50
174.6,0,0,0,0,100,4821,1.81885,0.00685162,1.82855,89,0,21,21,24,0,-2,0,0,1,26,4058,4414,573,175,14,619,37900,36263,109,1024,61,98,2.32523e+06,0,0,0,0,1,0,808,0,586,4091,0,0,0,0,0,0,0,0,499,-527,0,0,50
174.61,0,0,0,0,100,4817,1.81849,0.00686347,1.82882,89,0,21,21,24,0,-2,0,0,1,26,4059,4414,565,175,14,619,37900,36263,109,1024,61,98,2.29334e+06,0,0,0,0,1,90,0,676,585,4044,0,0,0,0,0,0,0,0,499,-527,0,0,50
174.62,0,0,0,0,100,4818,1.81812,0.00687532,1.82909,89,0,21,21,24,0,-2,0,0,1,26,4059,4414,579,175,14,619,37900,36263,109,1024,61,98,2.35016e+06,0,0,0,0,1,543,270,0,569,4074,0,0,0,0,0,0,0,0,499,-509,0,0,50
174.63,0,0,0,0,100,4823,1.81776,0.00688718,1.82937,89,0,21,21,24,0,-2,0,0,1,26,4059,4414,583,175,14,619,37900,36263,109,1024,61,98,2.3664e+06,0,0,0,0,1,0,835,0,565,4122,0,0,0,0,0,0,0,0,499,-493,0,0,50
174.64,0,0,0,0,100,4822,1.81739,0.00689903,1.82964,89,0,21,21,24,0,-2,0,0,1,26,4059,4414,583,175,14,619,37900,36263,109,1024,61,98,2.3664e+06,0,0,0,0,1,71,0,651,585,4048,0,0,0,0,0,0,0,0,499,-489,0,0,50
174.65,0,0,0,0,100,4820,1.81703,0.00691088,1.82991,89,0,21,21,24,0,-2,0,0,1,26,4060,4414,587,175,14,619,37900,36263,109,1024,61,98,2.38322e+06,0,0,0,0,1,529,302,0,576,4068,0,0,0,0,0,0,0,0,499,-491,0,0,50
174.66,0,0,0,0,100,4820,1.81667,0.00692273,1.83018,89,0,21,21,24,0,-2,0,0,1,26,4060,4414,575,175,14,619,37900,36263,109,1024,61,98,2.3345e+06,0,0,0,0,1,0,375,541,565,4046,0,0,0,0,0,0,0,0,499,-515,0,0,50
174.67,0,0,0,0,100,4821,1.8163,0.00693459,1.83046,89,0,21,21,24,0,-2,0,0,1,26,4060,4414,577,175,14,619,37900,36263,109,1024,61,98,2.34262e+06,0,0,0,0,1,0,375,541,565,4046,0,0,0,0,0,0,0,0,499,-515,0,0,50
174.68,0,0,0,0,100,4822,1.81594,0.00694644,1.83073,89,0,21,21,24,0,-2,0,0,1,26,4060,4414,577,175,14,619,37900,36263,109,1024,61,98,2.34262e+06,0,0,0,0,1,613,0,338,581,4124,0,0,0,0,0,0,0,0,499,-534,0,0,50
174.69,0,0,0,0,100,4823,1.81557,0.00695829,1.831,89,0,21,21,24,0,-2,0,0,1,26,4056,4414,577,175,14,619,37900,36263,109,1024,61,98,2.34031e+06,0,0,0,0,1,305,599,0,583,4070,0,0,0,0,0,0,0,0,499,-538,0,0,50
174.7,0,0,0,0,100,4823,1.81521,0.00697014,1.83127,89,0,21,21,24,0,-2,0,0,1,26,4056,4414,560,175,14,619,37832,36144,109,1024,61,98,2.27136e+06,0,0,0,0,1,0,263,604,589,4038,0,0,0,0,0,0,0,0,499,-546,0,0,50
174.71,0,0,0,0,100,4822,1.81512,0.00695751,1.83077,89,0,21,21,24,0,-2,0,0,1,26,4056,4414,571,175,14,619,37832,36144,109,1024,61,98,2.31598e+06,0,0,0,0,1,605,0,195,583,4100,0,0,0,0,0,0,0,0,499,-502,0,0,50
174.72,0,0,0,0,100,4822,1.81504,0.00694487,1.83027,89,0,21,21,24,0,-2,0,0,1,26,4056,4414,571,175,14,619,37832,36144,109,1024,61,98,2.31598e+06,0,0,0,0,1,605,0,195,583,4100,0,0,0,0,0,0,0,0,499,-485,0,0,50
174.73,0,0,0,0,100,4826,1.81495,0.00693224,1.82977,89,0,21,21,24,0,-2,0,0,1,26,4061,4414,553,175,14,619,37832,36144,109,1024,61,98,2.24573e+06,0,0,0,0,1,142,645,0,566,4089,0,0,0,0,0,0,0,0,499,-485,0,0,50
174.74,0,0,0,0,100,4824,1.81487,0.0069196,1.82926,89,0,21,21,24,0,-2,0,0,1,26,4051,4414,570,175,14,619,37832,36144,109,1024,61,98,2.30907e+06,0,0,0,0,1,0,19,711,582,4046,0,0,0,0,0,0,0,0,499,-468,0,0,50
174.75,0,0,0,0,100,4822,1.81479,0.00690697,1.82876,89,0,21,21,24,0,-2,0,0,1,26,4051,4414,575,175,15,619,37832,36144,109,1024,61,98,2.32932e+06,0,0,0,0,1,777,0,0,576,4072,0,0,0,0,0,0,0,0,499,-478,0,0,50
174.76,0,0,0,0,100,4826,1.8147,0.00689433,1.82826,89,0,21,21,24,0,-2,0,0,1,26,4051,4414,575,175,15,619,37832,36144,109,1024,61,98,2.32932e+06,0,0,0,0,1,0,741,0,555,4115,0,0,0,0,0,0,0,0,499,-444,0,0,50
174.77,0,0,0,0,100,4828,1.81462,0.0068817,1.82776,89,0,21,21,24,0,-2,0,0,1,26,4060,4414,570,175,15,619,37832,36144,109,1024,61,98,2.3142e+06,0,0,0,0,1,0,0,791,565,4044,0,0,0,0,0,0,0,0,499,-463,0,0,50
174.78,0,0,0,0,100,4828,1.81453,0.00686906,1.82726,89,0,21,21,24,0,-2,0,0,1,26,4060,4415,573,175,15,619,37832,36144,109,1024,61,98,2.32638e+06,0,0,0,0,1,842,0,0,575,4083,0,0,0,0,0,0,0,0,499,-493,0,0,50
174.79,0,0,0,0,100,4828,1.81445,0.00685643,1.82675,89,0,21,21,24,0,-2,0,0,1,26,4060,4415,562,175,15,619,37832,36144,109,1024,61,98,2.28172e+06,0,0,0,0,1,842,0,0,575,4083,0,0,0,0,0,0,0,0,499,-493,0,0,50
174.8,0,0,0,0,100,4824,1.81437,0.00684379,1.82625,89,0,21,21,24,0,-2,0,0,1,26,4060,4415,562,175,15,619,37868,36208,109,1024,87,98,2.28172e+06,0,0,0,0,1,0,864,0,577,4120,0,0,0,0,0,0,0,0,499,-507,0,0,50
174.81,0,0,0,0,100,4824,1.81422,0.00684917,1.82709,89,0,21,21,24,0,-2,0,0,1,26,4062,4415,576,175,15,619,37868,36208,109,1024,87,98,2.33971e+06,0,0,0,0,1,0,0,885,569,4035,0,0,0,0,0,0,0,0,499,-495,0,0,50
174.82,0,0,0,0,100,4829,1.81407,0.00685455,1.82794,89,0,21,21,24,0,-2,0,0,1,26,4062,4415,570,175,15,619,37868,36208,109,1024,87,98,2.31534e+06,0,0,0,0,1,886,0,0,566,4068,0,0,0,0,0,0,0,0,499,-537,0,0,50
174.83,0,0,0,0,100,4830,1.81393,0.00685993,1.82878,89,0,21,21,24,0,-2,0,0,1,26,4062,4415,566,175,15,619,37868,36208,109,1024,87,98,2.29909e+06,0,0,0,0,1,0,855,0,584,4113,0,0,0,0,0,0,0,0,499,-519,0,0,50
174.84,0,0,0,0,100,4830,1.81378,0.0068653,1.82962,89,0,21,21,24,0,-2,0,0,1,26,4062,4415,566,175,15,619,37868,36208,109,1024,87,98,2.29909e+06,0,0,0,0,1,0,855,0,584,4113,0,0,0,0,0,0,0,0,499,-505,0,0,50
174.85,0,0,0,0,100,4826,1.81364,0.00687068,1.83046,89,0,21,21,24,0,-2,0,0,1,26,4056,4415,586,175,15,619,37868,36208,109,1024,87,98,2.37682e+06,0,0,0,0,1,0,0,816,577,4038,0,0,0,0,0,0,0,0,499,-505,0,0,50
174.86,0,0,0,0,100,4826,1.81349,0.00687606,1.83131,89,0,21,21,24,0,-2,0,0,1,26,4056,4412,579,175,15,619,37868,36208,109,1024,87,98,2.34842e+06,0,0,0,0,1,783,0,0,572,4068,0,0,0,0,0,0,0,0,499,-496,0,0,50
174.87,0,0,0,0,100,4827,1.81334,0.00688144,1.83215,89,0,21,21,24,0,-2,0,0,1,26,4056,4412,570,175,15,619,37868,36208,109,1024,87,98,2.31192e+06,0,0,0,0,1,0,708,0,559,4079,0,0,0,0,0,0,0,0,499,-464,0,0,50
174.88,0,0,0,0,100,4826,1.8132,0.00688682,1.83299,89,0,21,21,24,0,-2,0,0,1,26,4056,4412,570,175,15,619,37868,36208,109,1024,87,98,2.31192e+06,0,0,0,0,1,0,0,883,575,4035,0,0,0,0,0,0,0,0,499,-453,0,0,50
174.89,0,0,0,0,100,4826,1.81305,0.0068922,1.83383,89,0,21,21,24,0,-2,0,0,1,26,4054,4412,567,175,15,619,37868,36208,109,1024,87,98,2.29862e+06,0,0,0,0,1,645,130,0,573,4061,0,0,0,0,0,0,0,0,499,-486,0,0,50
174.9,0,0,0,0,100,4825,1.81291,0.00689757,1.83468,89,0,21,21,24,0,-2,0,0,1,26,4064,4412,576,175,15,619,37897,36223,109,1024,65,98,2.34086e+06,0,0,0,0,1,0,533,279,570,4046,0,0,0,0,0,0,0,0,499,-479,0,0,50
174.91,0,0,0,0,100,4825,1.8131,0.00687726,1.8342,89,0,21,21,24,0,-2,0,0,1.1,26,4064,4412,571,175,15,619,37897,36223,109,1024,65,98,2.32054e+06,0,0,0,0,1,0,533,279,570,4046,0,0,0,0,0,0,0,0,499,-479,0,0,50
174.92,0,0,0,0,100,4828,1.81329,0.00685696,1.83373,89,0,21,21,24,0,-2,0,0,1.2,26,4064,4412,571,175,15,619,37897,36223,109,1024,65,98,2.32054e+06,0,0,0,0,1,364,0,481,574,4104,0,0,0,0,0,0,0,0,499,-506,0,0,50
174.93,0,0,0,0,100,4826,1.81349,0.00683665,1.83326,89,0,21,21,24,0,-2,0,0,1.3,26,4051,4410,549,175,15,619,37897,36223,109,1024,65,98,2.224e+06,0,0,0,0,1,447,440,0,582,4070,0,0,0,0,0,0,0,0,499,-516,0,0,50
174.94,0,0,0,0,100,4820,1.81368,0.00681634,1.83279,89,0,21,21,24,0,-2,0,0,1.4,26,4051,4410,562,175,15,619,37897,36223,109,1024,65,98,2.27666e+06,0,0,0,0,1,0,351,607,592,4035,0,0,0,0,0,0,0,0,499,-545,0,0,50
174.95,0,0,0,0,100,4821,1.81387,0.00679603,1.83232,89,0,21,21,24,0,-2,0,0,1.5,26,4051,4410,571,175,15,619,37897,36223,109,1024,65,98,2.31312e+06,0,0,0,0,1,651,0,252,575,4115,0,0,0,0,0,0,0,0,499,-536,0,0,50
174.96,0,0,0,0,100,4821,1.81407,0.00677572,1.83185,89,0,21,21,24,0,-2,0,0,1.6,26,4051,4410,571,175,15,619,37897,36223,109,1024,65,98,2.31312e+06,0,0,0,0,1,651,0,252,575,4115,0,0,0,0,0,0,0,0,499,-505,0,0,50
174.97,0,0,0,0,100,4824,1.81426,0.00675541,1.83138,89,0,21,21,24,0,-2,0,0,1.7,26,4062,4410,570,175,15,619,37897,36223,109,1024,65,98,2.31534e+06,0,0,0,0,1,293,560,0,572,4081,0,0,0,0,0,0,0,0,499,-505,0,0,50
174.98,0,0,0,0,100,4824,1.81445,0.0067351,1.8309,89,0,21,21,24,0,-2,0,0,1.8,26,4057,4410,572,175,15,619,37897,36223,109,1024,65,98,2.3206e+06,0,0,0,0,1,0,218,615,584,4044,0,0,0,0,0,0,0,0,499,-525,0,0,50
174.99,0,0,0,0,100,4821,1.81465,0.00671479,1.83043,89,0,21,21,24,0,-2,0,0,1.9,26,4057,4410,583,175,15,619,37897,36223,109,1024,65,98,2.36523e+06,0,0,0,0,1,676,0,101,580,4076,0,0,0,0,0,0,0,0,499,-488,0,0,50
175,0,0,0,0,100,4817,1.81484,0.00669448,1.82996,89,0,21,21,24,0,-2,0,0,2,26,4057,4410,583,175,15,619,37820,36122,109,1024,87,98,2.36523e+06,0,0,0,0,1,0,714,0,570,4094,0,0,0,0,0,0,0,0,499,-459,0,0,50
175.01,0,0,0,0,100,4819,1.81481,0.00670736,1.83004,89,0,21,21,24,0,-2,0,0,1.9,26,4056,4410,586,175,15,619,37820,36122,109,1024,87,98,2.37682e+06,0,0,0,0,1,0,0,807,563,4040,0,0,0,0,0,0,0,0,499,-458,0,0,50
175.02,0,0,0,0,100,4821,1.81478,0.00672023,1.83011,89,0,21,21,24,0,-2,0,0,1.8,26,4056,4410,573,175,15,619,37820,36122,109,1024,87,98,2.32409e+06,0,0,0,0,1,881,0,0,577,4068,0,0,0,0,0,0,0,0,499,-515,0,0,50
175.03,0,0,0,0,100,4821,1.81475,0.00673311,1.83019,89,0,21,21,24,0,-2,0,0,1.7,26,4050,4410,561,175,15,619,37820,36122,109,1024,87,98,2.27205e+06,0,0,0,0,1,881,0,0,577,4068,0,0,0,0,0,0,0,0,499,-515,0,0,50
175.04,0,0,0,0,100,4818,1.81472,0.00674599,1.83026,89,0,21,21,24,0,-2,0,0,1.6,26,4050,4410,561,175,15,619,37820,36122,109,1024,87,98,2.27205e+06,0,0,0,0,1,0,888,0,596,4109,0,0,0,0,0,0,0,0,499,-530,0,0,50
175.05,0,0,0,0,100,4817,1.81469,0.00675886,1.83034,89,0,21,21,24,0,-2,0,0,1.5,26,4050,4410,581,175,15,619,37820,36122,109,1024,87,98,2.35305e+06,0,0,0,0,1,0,0,807,577,4029,0,0,0,0,0,0,0,0,499,-508,0,0,50
175.06,0,0,0,0,100,4818,1.81467,0.00677174,1.83041,89,0,21,21,24,0,-2,0,0,1.4,26,4059,4410,571,175,14,619,37820,36122,109,1024,87,98,2.31769e+06,0,0,0,0,1,670,97,0,574,4068,0,0,0,0,0,0,0,0,499,-489,0,0,50
175.07,0,0,0,0,100,4816,1.81464,0.00678461,1.83048,89,0,21,21,24,0,-2,0,0,1.3,26,4059,4410,566,175,14,619,37820,36122,109,1024,87,98,2.29739e+06,0,0,0,0,1,0,509,377,579,4048,0,0,0,0,0,0,0,0,499,-499,0,0,50
175.08,0,0,0,0,100,4816,1.81461,0.00679749,1.83056,89,0,21,21,24,0,-2,0,0,1.2,26,4059,4410,566,175,14,619,37820,36122,109,1024,87,98,2.29739e+06,0,0,0,0,1,0,509,377,579,4048,0,0,0,0,0,0,0,0,499,-482,0,0,50
175.09,0,0,0,0,100,4815,1.81458,0.00681036,1.83063,89,0,21,21,24,0,-2,0,0,1.1,26,4058,4410,572,175,14,619,37820,36122,109,1024,87,98,2.32118e+06,0,0,0,0,1,590,0,334,587,4117,0,0,0,0,0,0,0,0,499,-482,0,0,50
175.1,0,0,0,0,100,4814,1.81455,0.00682324,1.83071,89,0,21,21,24,0,-2,0,0,1,26,4058,4410,590,175,14,619,37844,36149,109,1024,87,98,2.39422e+06,0,0,0,0,1,279,589,0,574,4076,0,0,0,0,0,0,0,0,499,-502,0,0,50
175.11,0,0,0,0,100,4817,1.81478,0.00682277,1.83035,89,0,21,21,24,0,-2,0,0,1.1,26,4058,4410,581,175,14,619,37844,36149,109,1024,87,98,2.3577e+06,0,0,0,0,1,0,194,611,563,4055,0,0,0,0,0,0,0,0,499,-553,0,0,50
175.12,0,0,0,0,100,4816,1.81501,0.00682229,1.83,89,0,21,21,24,0,-2,0,0,1.2,26,4058,4410,581,175,14,619,37844,36149,109,1024,87,98,2.3577e+06,0,0,0,0,1,736,0,0,572,4070,0,0,0,0,0,0,0,0,499,-533,0,0,50
175.13,0,0,0,0,100,4813,1.81525,0.00682181,1.82964,89,0,21,21,24,0,-2,0,0,1.3,26,4052,4410,562,175,14,619,37844,36149,109,1024,87,98,2.27722e+06,0,0,0,0,1,346,560,0,574,4074,0,0,0,0,0,0,0,0,499,-534,0,0,50
175.14,0,0,0,0,100,4813,1.81548,0.00682134,1.82928,89,0,21,21,24,0,-2,0,0,1.4,26,4052,4410,582,175,14,619,37844,36149,109,1024,87,98,2.35826e+06,0,0,0,0,1,0,0,734,557,4050,0,0,0,0,0,0,0,0,499,-454,0,0,50
175.15,0,0,0,0,100,4813,1.81571,0.00682086,1.82893,89,0,21,21,24,0,-2,0,0,1.5,26,4057,4410,577,175,14,619,37844,36149,109,1024,87,98,2.34089e+06,0,0,0,0,1,0,0,734,557,4050,0,0,0,0,0,0,0,0,499,-454,0,0,50
175.16,0,0,0,0,100,4818,1.81595,0.00682039,1.82857,89,0,21,21,24,0,-2,0,0,1.6,26,4057,4410,577,175,14,619,37844,36149,109,1024,87,98,2.34089e+06,0,0,0,0,1,828,0,0,554,4081,0,0,0,0,0,0,0,0,499,-485,0,0,50
175.17,0,0,0,0,100,4818,1.81618,0.00681991,1.82821,89,0,21,21,24,0,-2,0,0,1.7,26,4050,4410,562,175,14,619,37844,36149,109,1024,87,98,2.2761e+06,0,0,0,0,1,0,862,0,577,4115,0,0,0,0,0,0,0,0,499,-507,0,0,50
175.18,0,0,0,0,100,4816,1.81641,0.00681944,1.82786,89,0,21,21,24,0,-2,0,0,1.8,26,4050,4410,562,175,14,619,37844,36149,109,1024,87,98,2.2761e+06,0,0,0,0,1,0,0,863,583,4024,0,0,0,0,0,0,0,0,499,-525,0,0,50
175.19,0,0,0,0,100,4813,1.81664,0.00681896,1.8275,89,0,21,21,24,0,-2,0,0,1.9,26,4050,4408,581,175,14,619,37844,36149,109,1024,87,98,2.35305e+06,0,0,0,0,1,689,44,0,564,4070,0,0,0,0,0,0,0,0,499,-482,0,0,50
175.2,0,0,0,0,100,4813,1.81688,0.00681849,1.82714,89,0,21,21,24,0,-2,0,0,2,26,4050,4408,581,175,14,619,37765,36079,110,1024,87,98,2.35305e+06,0,0,0,0,1,689,44,0,564,4070,0,0,0,0,0,0,0,0,499,-482,0,0,50
175.21,0,0,0,0,100,4814,1.81656,0.00681353,1.82719,89,0,21,21,24,0,-2,0,0,1.8,26,4060,4408,583,175,14,619,37765,36079,110,1024,87,98,2.36698e+06,0,0,0,0,1,0,492,347,563,4059,0,0,0,0,0,0,0,0,499,-482,0,0,50
175.22,0,0,0,0,100,4818,1.81624,0.00680857,1.82723,89,0,21,21,24,0,-2,0,0,1.6,26,4058,4408,568,175,14,619,37765,36079,110,1024,87,98,2.30494e+06,0,0,0,0,1,523,0,358,562,4126,0,0,0,0,0,0,0,0,499,-504,0,0,50
175.23,0,0,0,0,100,4818,1.81592,0.00680361,1.82727,89,0,21,21,24,0,-2,0,0,1.4,26,4058,4408,573,175,14,619,37765,36079,110,1024,87,98,2.32523e+06,0,0,0,0,1,305,607,0,582,4065,0,0,0,0,0,0,0,0,499,-541,0,0,50
175.24,0,0,0,0,100,4817,1.8156,0.00679865,1.82731,89,0,21,21,24,0,-2,0,0,1.2,26,4058,4408,573,175,14,619,37765,36079,110,1024,87,98,2.32523e+06,0,0,0,0,1,0,259,582,572,4055,0,0,0,0,0,0,0,0,499,-511,0,0,50
175.25,0,0,0,0,100,4818,1.81528,0.00679369,1.82736,89,0,21,21,24,0,-2,0,0,1,26,4059,4409,592,175,14,619,37765,36079,110,1024,87,98,2.40293e+06,0,0,0,0,1,646,0,148,564,4083,0,0,0,0,0,0,0,0,499,-485,0,0,50
175.26,0,0,0,0,100,4818,1.81496,0.00678874,1.8274,89,0,21,21,24,0,-2,0,0,0.8,26,4059,4409,575,175,14,619,37765,36079,110,1024,87,98,2.33392e+06,0,0,0,0,1,0,732,0,574,4087,0,0,0,0,0,0,0,0,499,-480,0,0,50
175.27,0,0,0,0,100,4818,1.81464,0.00678378,1.82744,89,0,21,21,24,0,-2,0,0,0.6,26,4059,4409,547,175,14,619,37765,36079,110,1024,87,98,2.22027e+06,0,0,0,0,1,0,732,0,574,4087,0,0,0,0,0,0,0,0,499,-480,0,0,50
175.28,0,0,0,0,99,4817,1.81432,0.00677882,1.82748,89,0,21,21,24,0,-2,0,0,0.4,26,4059,4409,547,175,14,619,37765,36079,110,1024,87,98,2.22027e+06,0,0,0,0,1,0,0,791,579,4035,0,0,0,0,0,0,0,0,499,-456,0,0,50
175.29,0,0,0,0,96,4819,1.814,0.00677386,1.82753,89,0,21,21,24,0,-2,0,0,0.2,26,4057,4409,575,175,14,619,37765,36079,110,1024,87,98,2.33278e+06,0,0,0,0,1,885,0,0,577,4065,0,0,0,0,0,0,0,0,499,-518,0,0,50
175.3,0,0,0,0,92,4821,1.81368,0.0067689,1.82757,89,0,21,21,24,0,-2,0,0,0,26,4057,4409,572,175,14,619,37829,36099,109,1024,65,98,2.3206e+06,0,0,0,0,1,0,847,0,575,4117,0,0,0,0,0,0,0,0,499,-509,0,0,50
175.31,0,0,0,0,88,4823,1.81397,0.0066659,1.8275,89,0,21,21,24,0,-2,0,0,0,26,4057,4409,577,175,14,619,37829,36099,109,1024,65,98,2.34089e+06,0,0,0,0,1,0,0,854,577,4035,0,0,0,0,0,0,0,0,499,-508,0,0,49
175.32,0,0,0,0,82,4823,1.81425,0.00656289,1.82743,89,0,21,21,24,0,-2,0,0,0,26,4057,4409,577,175,14,619,37829,36099,109,1024,65,98,2.34089e+06,0,0,0,0,1,0,0,854,577,4035,0,0,0,0,0,0,0,0,489,-504,0,0,46
175.33,0,0,0,0,76,4820,1.81454,0.00645989,1.82736,89,0,21,21,24,0,-2,0,0,0,26,4052,4410,557,175,14,619,37829,36099,109,1024,65,98,2.25696e+06,0,0,0,0,1,801,0,0,582,4061,0,0,0,0,0,0,0,0,489,-504,0,0,42
175.34,0,0,0,0,69,4815,1.81483,0.00635688,1.82729,89,0,21,21,24,0,-2,0,0,0,26,4052,4410,581,175,14,619,37829,36099,109,1024,65,98,2.35421e+06,0,0,0,0,1,0,580,174,549,4065,0,0,0,0,0,0,0,0,460,-451,0,0,38
175.35,0,0,0,0,61,4809,1.81511,0.00625388,1.82723,89,0,21,21,24,0,-2,0,0,0,26,4059,4410,592,175,14,619,37829,36099,109,1024,65,98,2.40293e+06,0,0,0,0,1,412,0,326,486,4161,0,0,0,0,0,0,0,0,420,-434,0,0,34
175.36,0,0,0,0,53,4802,1.8154,0.00615087,1.82716,89,0,21,21,24,0,-2,0,0,0,26,4059,4410,592,175,14,619,37829,36099,109,1024,65,98,2.40293e+06,0,0,0,0,1,246,416,0,427,4150,0,0,0,0,0,0,0,0,339,-388,0,0,29
175.37,0,0,0,0,45,4790,1.81569,0.00604787,1.82709,89,0,21,21,24,0,-2,0,0,0,26,4048,4410,572,175,14,619,37829,36099,109,1024,65,98,2.31546e+06,0,0,0,0,1,0,0,492,347,4156,0,0,0,0,0,0,0,0,290,-307,0,0,25
175.38,0,0,0,0,37,4790,1.81597,0.00594487,1.82702,89,0,21,21,24,0,-2,0,0,0,26,4048,4410,571,175,14,619,37829,36099,109,1024,65,98,2.31141e+06,0,0,0,0,1,482,0,0,290,4212,0,0,0,0,0,0,0,0,250,-250,0,0,21
175.39,0,0,0,0,30,4776,1.81626,0.00584186,1.82695,89,0,21,21,24,0,-2,0,0,0,26,4062,4410,572,175,14,619,37829,36099,109,1024,65,98,2.32346e+06,0,0,0,0,1,482,0,0,290,4212,0,0,0,0,0,0,0,0,250,-250,0,0,17
175.4,0,0,0,0,23,4764,1.81655,0.00573886,1.82688,89,0,21,21,25,0,-2,0,0,0,26,4062,4410,572,175,14,619,37772,35972,109,1024,64,98,2.32346e+06,0,0,0,0,1,0,140,242,227,4221,0,0,0,0,0,0,0,0,209,-204,0,0,13
175.41,0,0,0,0,18,4750,1.81706,0.00546102,1.82756,89,0,21,21,25,0,-2,0,0,0,26,4062,4410,572,175,14,619,37772,35972,109,1024,64,98,2.32346e+06,0,0,0,0,1,301,0,0,188,4264,0,0,0,0,0,0,0,0,169,-183,0,0,10
175.42,0,0,0,0,12,4727,1.81758,0.00518318,1.82823,89,0,21,21,25,0,-2,0,0,0,26,4055,4410,557,175,14,619,37772,35972,109,1024,64,98,2.25864e+06,0,0,0,0,1,0,13,176,145,4264,0,0,0,0,0,0,0,0,100,-134,0,0,7
175.43,0,0,0,0,8,4695,1.8181,0.00490534,1.82891,89,0,21,21,25,0,-2,0,0,0,26,4055,4410,571,175,14,619,37772,35972,109,1024,64,98,2.3154e+06,0,0,0,0,1,94,95,0,110,4313,0,0,0,0,0,0,0,0,69,-110,0,0,4
175.44,0,0,0,0,4,4695,1.81862,0.0046275,1.82958,89,0,21,21,25,0,-2,0,0,0,26,4055,4410,571,175,14,619,37772,35972,109,1024,64,98,2.3154e+06,0,0,0,0,1,94,95,0,110,4313,0,0,0,0,0,0,0,0,39,-82,0,0,0
175.45,0,0,0,0,1,4666,1.81914,0.00434965,1.83026,89,0,21,21,25,0,-2,0,0,0,26,4058,4410,567,175,14,619,37772,35972,109,1024,64,98,2.30089e+06,0,0,0,0,1,119,0,31,86,4324,0,0,0,0,0,0,0,0,39,-82,0,0,0
175.46,0,0,0,0,0,4636,1.81965,0.00407181,1.83093,89,0,21,21,25,0,-2,0,0,0,26,4051,4410,567,175,14,619,37772,35972,109,1024,64,98,2.29692e+06,0,0,0,0,1,0,0,100,38,4322,0,0,0,0,0,0,0,0,0,-40,0,0,0
175.47,0,0,0,0,0,4597,1.82017,0.00379397,1.83161,89,0,21,21,25,0,-2,0,0,0,26,4051,4410,548,175,14,619,37772,35972,109,1024,64,98,2.21995e+06,0,0,0,0,1,0,19,71,24,4356,0,0,0,0,0,0,0,0,0,-18,0,0,0
175.48,0,0,0,0,0,4569,1.82069,0.00351613,1.83228,89,0,21,21,25,0,-2,0,0,0,26,4051,4410,548,175,14,619,37772,35972,109,1024,64,98,2.21995e+06,0,0,0,0,1,0,13,19,2,4394,0,0,0,0,0,0,0,0,0,3,0,0,0
175.49,0,0,0,0,0,4554,1.82121,0.00323829,1.83295,89,0,21,21,25,0,-2,0,0,0,26,4051,4410,577,175,14,619,37772,35972,109,1024,64,98,2.33743e+06,0,0,0,0,1,0,56,0,0,4368,0,0,0,0,0,0,0,0,0,-17,0,0,0
175.5,0,0,0,0,0,4541,1.82173,0.00296045,1.83363,89,0,21,21,25,0,-2,0,0,0,26,4060,4410,579,175,14,619,37778,35954,108,1024,64,98,2.35074e+06,0,0,0,0,1,0,58,0,0,4372,0,0,0,0,0,0,0,0,0,7,0,0,0
175.51,0,0,0,0,0,4541,1.82202,0.00293363,1.83394,89,0,21,21,25,0,-2,0,0,0,26,4060,4410,567,175,14,619,37778,35954,108,1024,64,98,2.30202e+06,0,0,0,0,1,0,58,0,0,4372,0,0,0,0,0,0,0,0,0,7,0,0,0
175.52,0,0,0,0,0,4537,1.82232,0.0029068,1.83424,89,0,21,21,25,0,-2,0,0,0,26,4060,4410,567,175,14,619,37778,35954,108,1024,64,98,2.30202e+06,0,0,0,0,1,0,79,0,0,4376,0,0,0,0,0,0,0,0,0,14,0,0,0
175.53,0,0,0,0,0,4534,1.82262,0.00287998,1.83455,89,0,21,21,25,0,-2,0,0,0,26,4063,4410,566,175,14,619,37778,35954,108,1024,64,98,2.29966e+06,0,0,0,0,1,0,41,2,0,4382,0,0,0,0,0,0,0,0,0,30,0,0,0
175.54,0,0,0,0,0,4514,1.82291,0.00285315,1.83485,89,0,21,21,25,0,-2,0,0,0,26,4063,4410,577,175,14,619,37778,35954,108,1024,64,98,2.34435e+06,0,0,0,0,1,0,0,54,0,4372,0,0,0,0,0,0,0,0,0,5,0,0,0
175.55,0,0,0,0,0,4482,1.82321,0.00282633,1.83516,89,0,21,21,25,0,-2,0,0,0,26,4063,4412,586,175,14,619,37778,35954,108,1024,64,98,2.38092e+06,0,0,0,0,1,0,0,47,12,4368,0,0,0,0,0,0,0,0,0,0,0,0,0
175.56,0,0,0,0,0,4482,1.82351,0.0027995,1.83547,89,0,21,21,25,0,-2,0,0,0,26,4063,4412,586,175,14,619,37778,35954,108,1024,64,98,2.38092e+06,0,0,0,0,1,0,0,47,12,4368,0,0,0,0,0,0,0,0,0,-30,0,0,0
175.57,0,0,0,0,0,4447,1.8238,0.00277268,1.83577,89,0,21,21,25,0,-2,0,0,0,26,4057,4412,571,175,14,619,37778,35954,108,1024,64,98,2.31655e+06,0,0,0,0,1,51,0,0,13,4368,0,0,0,0,0,0,0,0,0,-30,0,0,0
175.58,0,0,0,0,0,4412,1.8241,0.00274586,1.83608,89,0,21,21,25,0,-2,0,0,0,26,4057,4412,586,175,14,619,37778,35954,108,1024,64,98,2.3774e+06,0,0,0,0,1,65,0,0,13,4372,0,0,0,0,0,0,0,0,0,-13,0,0,0
175.59,0,0,0,0,0,4377,1.8244,0.00271903,1.83638,89,0,21,21,25,0,-2,0,0,0,26,4055,4412,583,175,14,619,37778,35954,108,1024,64,98,2.36406e+06,0,0,0,0,1,6,0,0,5,4356,0,0,0,0,0,0,0,0,0,4,0,0,0
175.6,0,0,0,0,0,4345,1.82469,0.00269221,1.83669,89,0,21,21,24,0,-2,0,0,0,26,4055,4412,583,175,14,619,37841,36086,110,1024,65,98,2.36406e+06,0,0,0,0,1,0,0,12,0,4389,0,0,0,0,0,0,0,0,0,-4,0,0,0
175.61,0,0,0,0,0,4320,1.82455,0.00266823,1.83692,89,0,21,21,24,0,-2,0,0,0,26,4053,4412,571,175,14,619,37841,36086,110,1024,65,98,2.31426e+06,0,0,0,0,1,0,0,0,0,4380,0,0,0,0,0,0,0,0,0,0,0,0,0
175.62,0,0,0,0,0,4320,1.82441,0.00264425,1.83715,89,0,21,21,24,0,-2,0,0,0,26,4053,4412,573,175,14,619,37841,36086,110,1024,65,98,2.32237e+06,0,0,0,0,1,12,0,13,0,4353,0,0,0,0,0,0,0,0,0,12,0,0,0
175.63,0,0,0,0,0,4306,1.82426,0.00262027,1.83738,89,0,21,21,24,0,-2,0,0,0,26,4053,4413,579,175,14,619,37841,36086,110,1024,65,98,2.34669e+06,0,0,0,0,1,12,0,13,0,4353,0,0,0,0,0,0,0,0,0,12,0,0,0
175.64,0,0,0,0,0,4298,1.82412,0.00259629,1.83761,89,0,21,21,24,0,-2,0,0,0,26,4053,4413,579,175,14,619,37841,36086,110,1024,65,98,2.34669e+06,0,0,0,0,1,0,0,0,0,4408,0,0,0,0,0,0,0,0,0,-3,0,0,0
175.65,0,0,0,0,0,4284,1.82398,0.00257231,1.83784,89,0,21,21,24,0,-2,0,0,0,26,4056,4413,504,175,14,619,37841,36086,110,1024,65,98,2.04422e+06,0,0,0,0,1,13,0,2,0,4404,0,0,0,0,0,0,0,0,0,6,0,0,0
175.66,0,0,0,0,0,4262,1.82384,0.00254833,1.83807,89,0,21,21,24,0,-2,0,0,0,26,4067,4413,485,175,14,619,37841,36086,110,1024,65,98,1.9725e+06,0,0,0,0,1,0,0,18,2,4380,0,0,0,0,0,0,0,0,0,-16,0,0,0
175.67,0,0,0,0,0,4239,1.82369,0.00252435,1.8383,89,0,21,21,24,0,-2,0,0,0,26,4067,4413,446,175,14,619,37841,36086,110,1024,65,98,1.81388e+06,0,0,0,0,1,62,0,0,4,4394,0,0,0,0,0,0,0,0,0,-16,0,0,0
175.68,0,0,0,0,0,4239,1.82355,0.00250037,1.83852,89,0,21,21,24,0,-2,0,0,0,26,4067,4413,446,175,14,619,37841,36086,110,1024,65,98,1.81388e+06,0,0,0,0,1,62,0,0,4,4394,0,0,0,0,0,0,0,0,0,0,0,0,0
175.69,0,0,0,0,0,4214,1.82341,0.00247639,1.83875,89,0,21,21,24,0,-2,0,0,0,26,4101,4413,323,175,14,619,37841,36086,110,1024,65,98,1.32462e+06,0,0,0,0,1,0,7,12,7,4397,0,0,0,0,0,0,0,0,0,0,0,0,0
175.7,0,0,0,0,0,4189,1.82326,0.00245241,1.83898,89,0,21,21,25,0,-2,0,0,0,26,4101,4410,257,175,14,619,38233,36750,109,1024,65,98,1.05396e+06,0,0,0,0,1,2,0,0,9,4365,0,0,0,0,0,0,0,0,0,2,0,0,0
175.71,0,0,0,0,0,4163,1.82343,0.00242308,1.8392,89,0,21,21,25,0,-2,0,0,0,26,4101,4410,217,175,14,619,38233,36750,109,1024,65,98,889917,0,0,0,0,1,21,0,0,8,4368,0,0,0,0,0,0,0,0,0,-9,0,0,0
175.72,0,0,0,0,0,4137,1.82359,0.00239376,1.83941,89,0,21,21,25,0,-2,0,0,0,26,4101,4410,217,175,14,619,38233,36750,109,1024,65,98,889917,0,0,0,0,1,0,15,0,2,4394,0,0,0,0,0,0,0,0,0,9,0,0,0
175.73,0,0,0,0,0,4118,1.82376,0.00236443,1.83963,89,0,21,21,25,0,-2,0,0,0,26,4179,4410,123,175,14,619,38233,36750,109,1024,65,98,514017,0,0,0,0,1,16,0,0,0,4387,0,0,0,0,0,0,0,0,0,9,0,0,0
175.74,0,0,0,0,0,4118,1.82392,0.00233511,1.83984,89,0,21,21,25,0,-2,0,0,0,26,4244,4410,106,175,14,619,38233,36750,109,1024,65,98,449864,0,0,0,0,1,8,0,13,0,4413,0,0,0,0,0,0,0,0,0,3,0,0,0
175.75,0,0,0,0,0,4106,1.82409,0.00230578,1.84005,89,0,21,21,25,0,-2,0,0,0,26,4244,4410,85,175,14,619,38233,36750,109,1024,65,98,360740,0,0,0,0,1,8,0,13,0,4413,0,0,0,0,0,0,0,0,0,3,0,0,0
175.76,0,0,0,0,0,4094,1.82425,0.00227646,1.84027,89,0,21,21,25,0,-2,0,0,0,26,4244,4410,85,175,14,619,38233,36750,109,1024,65,98,360740,0,0,0,0,1,16,0,21,0,4387,0,0,0,0,0,0,0,0,0,1,0,0,0
175.77,0,0,0,0,0,4079,1.82442,0.00224713,1.84048,89,0,21,21,25,0,-2,0,0,0,26,4279,4410,13,175,14,619,38233,36750,109,1024,65,98,55627,0,0,0,0,1,19,0,0,3,4380,0,0,0,0,0,0,0,0,0,-11,0,0,0
175.78,0,0,0,0,0,4061,1.82458,0.00221781,1.8407,89,0,21,21,25,0,-2,0,0,0,26,4279,4410,1,175,14,619,38233,36750,109,1024,65,98,4279,0,0,0,0,1,0,0,31,2,4385,0,0,0,0,0,0,0,0,0,1,0,0,0
175.79,0,0,0,0,0,4040,1.82475,0.00218848,1.84091,89,0,21,21,25,0,-2,0,0,0,26,4314,4410,-18,175,15,619,38233,36750,109,1024,65,98,-77652,0,0,0,0,1,0,3,12,4,4402,0,0,0,0,0,0,0,0,0,0,0,0,0
175.8,0,0,0,0,0,4040,1.82491,0.00215916,1.84112,89,0,21,21,24,0,-2,0,0,0,25,4314,4410,-18,175,15,583,40023,39718,109,1024,64,98,-77652,0,0,0,0,1,0,3,12,4,4402,0,0,0,0,0,0,0,0,0,0,0,0,0
175.81,0,0,0,0,0,4020,1.82476,0.00214305,1.84104,89,0,21,21,24,0,-2,0,0,0,25,4339,4410,-42,175,15,583,40023,39718,109,1024,64,98,-182238,0,0,0,0,1,0,9,24,4,4413,0,0,0,0,0,0,0,0,0,0,0,0,0
175.82,0,0,0,0,0,3996,1.82462,0.00212694,1.84097,89,0,21,21,24,0,-2,0,0,0,25,4339,4410,-47,175,15,583,40023,39718,109,1024,64,98,-203933,0,0,0,0,1,0,9,4,7,4415,0,0,0,0,0,0,0,0,0,3,0,0,0
175.83,0,0,0,0,0,3973,1.82447,0.00211083,1.84089,89,0,21,21,24,0,-2,0,0,0,25,4348,4410,-50,175,15,583,40023,39718,109,1024,64,98,-217400,0,0,0,0,1,0,0,0,5,4395,0,0,0,0,0,0,0,0,0,-9,0,0,0
175.84,0,0,0,0,0,3952,1.82432,0.00209472,1.84081,89,0,21,21,24,0,-2,0,0,0,25,4348,4410,-50,175,15,583,40023,39718,109,1024,64,98,-217400,0,0,0,0,1,0,11,21,1,4372,0,0,0,0,0,0,0,0,0,6,0,0,0
175.85,0,0,0,0,0,3936,1.82417,0.0020786,1.84073,89,0,21,21,24,0,-2,0,0,0,25,4355,4410,-33,175,15,583,40023,39718,109,1024,64,98,-143715,0,0,0,0,1,0,7,10,0,4382,0,0,0,0,0,0,0,0,0,-1,0,0,0
175.86,0,0,0,0,0,3925,1.82402,0.00206249,1.84065,89,0,21,21,24,0,-2,0,0,0,25,4355,4410,-21,175,15,583,40023,39718,109,1024,64,98,-91455,0,0,0,0,1,16,0,10,0,4394,0,0,0,0,0,0,0,0,0,-1,0,0,0
175.87,0,0,0,0,0,3925,1.82387,0.00204638,1.84057,89,0,21,21,24,0,-2,0,0,0,25,4355,4410,-18,175,15,583,40023,39718,109,1024,64,98,-78390,0,0,0,0,1,16,0,10,0,4394,0,0,0,0,0,0,0,0,0,-1,0,0,0
175.88,0,0,0,0,0,3910,1.82372,0.00203027,1.84049,89,0,21,21,24,0,-2,0,0,0,25,4355,4410,-18,175,15,583,40023,39718,109,1024,64,98,-78390,0,0,0,0,1,8,5,6,0,4421,0,0,0,0,0,0,0,0,0,-2,0,0,0
175.89,0,0,0,0,0,3894,1.82357,0.00201416,1.84041,89,0,21,21,24,0,-2,0,0,0,25,4342,4410,-21,175,16,583,40023,39718,109,1024,64,98,-91182,0,0,0,0,1,0,9,2,0,4378,0,0,0,0,0,0,0,0,0,-2,0,0,0
175.9,0,0,0,0,0,3875,1.82342,0.00199805,1.84033,89,0,21,21,25,0,-2,0,0,0,26,4342,4410,-23,175,16,583,40262,40103,109,1024,14,102,-99866,0,0,0,0,1,2,0,2,3,4397,0,0,0,0,0,0,0,0,0,0,0,0,0
175.91,0,0,0,0,0,3857,1.82331,0.00201905,1.84019,89,0,21,21,25,0,-2,0,0,0,26,4342,4410,-24,175,16,583,40262,40103,109,1024,14,102,-104208,0,0,0,0,1,0,0,0,2,4385,0,0,0,0,0,0,0,0,0,7,0,0,0
175.92,0,0,0,0,0,3857,1.8232,0.00204005,1.84005,89,0,21,21,25,0,-2,0,0,0,26,4342,4410,-24,175,16,583,40262,40103,109,1024,14,102,-104208,0,0,0,0,1,0,0,0,2,4385,0,0,0,0,0,0,0,0,0,-4,0,0,0
175.93,0,0,0,0,0,3839,1.82309,0.00206105,1.83991,89,0,21,21,25,0,-2,0,0,0,26,4352,4410,-44,175,16,583,40262,40103,109,1024,14,102,-191488,0,0,0,0,1,0,9,0,4,4378,0,0,0,0,0,0,0,0,0,-4,0,0,0
175.94,0,0,0,0,0,3820,1.82298,0.00208205,1.83977,89,0,21,21,25,0,-2,0,0,0,26,4352,4410,-47,175,16,583,40262,40103,109,1024,14,102,-204544,0,0,0,0,1,0,15,10,2,4411,0,0,0,0,0,0,0,0,0,5,0,0,0
175.95,0,0,0,0,0,3799,1.82287,0.00210305,1.83963,89,0,21,21,25,0,-2,0,0,0,26,4356,4410,-45,175,16,583,40262,40103,109,1024,14,102,-196020,0,0,0,0,1,27,0,0,5,4385,0,0,0,0,0,0,0,0,0,-15,0,0,0
175.96,0,0,0,0,0,3779,1.82276,0.00212405,1.83949,89,0,21,21,25,0,-2,0,0,0,26,4356,4410,-45,175,16,583,40262,40103,109,1024,14,102,-196020,0,0,0,0,1,0,5,19,0,4387,0,0,0,0,0,0,0,0,0,3,0,0,0
175.97,0,0,0,0,0,3763,1.82265,0.00214505,1.83935,89,0,21,21,25,0,-2,0,0,0,26,4355,4410,-26,175,16,583,40262,40103,109,1024,14,102,-113230,0,0,0,0,1,0,7,13,0,4385,0,0,0,0,0,0,0,0,0,4,0,0,0
175.98,0,0,0,0,0,3752,1.82254,0.00216605,1.83921,89,0,21,21,25,0,-2,0,0,0,26,4355,4410,-25,175,16,583,40262,40103,109,1024,14,102,-108875,0,0,0,0,1,0,0,0,0,4389,0,0,0,0,0,0,0,0,0,-7,0,0,0
175.99,0,0,0,0,0,3752,1.82243,0.00218705,1.83907,89,0,21,21,25,0,-2,0,0,0,26,4351,4410,-25,175,16,583,40262,40103,109,1024,14,102,-108775,0,0,0,0,1,0,0,0,0,4389,0,0,0,0,0,0,0,0,0,-7,0,0,0
176,0,0,0,0,0,3740,1.82232,0.00220805,1.83893,89,0,21,21,25,0,-2,0,0,0,26,4351,4410,-23,175,17,583,40385,40245,109,1024,9,102,-100073,0,0,0,0,1,4,9,16,0,4387,0,0,0,0,0,0,0,0,0,-6,0,0,0
176.01,0,0,0,0,0,3726,1.82206,0.00220549,1.83876,89,0,21,21,25,0,-2,0,0,0,26,4351,4410,-23,175,17,583,40385,40245,109,1024,9,102,-100073,0,0,0,0,1,0,0,30,0,4380,0,0,0,0,0,0,0,0,0,-2,0,0,0
176.02,0,0,0,0,0,3713,1.8218,0.00220294,1.8386,89,0,21,21,25,0,-2,0,0,0,26,4347,4410,-20,175,17,583,40385,40245,109,1024,9,102,-86940,0,0,0,0,1,0,0,0,0,4395,0,0,0,0,0,0,0,0,0,8,0,0,0
176.03,0,0,0,0,0,3704,1.82154,0.00220038,1.83844,89,0,21,21,25,0,-2,0,0,0,26,4346,4410,-30,175,17,583,40385,40245,109,1024,9,102,-130380,0,0,0,0,1,0,11,0,0,4404,0,0,0,0,0,0,0,0,0,5,0,0,0
176.04,0,0,0,0,0,3704,1.82129,0.00219783,1.83828,89,0,21,21,25,0,-2,0,0,0,26,4346,4410,-30,175,17,583,40385,40245,109,1024,9,102,-130380,0,0,0,0,1,0,11,0,0,4404,0,0,0,0,0,0,0,0,0,-2,0,0,0
176.05,0,0,0,0,0,3694,1.82103,0.00219528,1.83812,89,0,21,21,25,0,-2,0,0,0,26,4350,4410,-37,175,17,583,40385,40245,109,1024,9,102,-160950,0,0,0,0,1,19,23,0,0,4380,0,0,0,0,0,0,0,0,0,-2,0,0,0
176.06,0,0,0,0,0,3680,1.82077,0.00219272,1.83795,89,0,21,21,25,0,-2,0,0,0,26,4355,4410,-37,175,17,583,40385,40245,109,1024,9,102,-161135,0,0,0,0,1,16,0,0,8,4382,0,0,0,0,0,0,0,0,0,-6,0,0,0
176.07,0,0,0,0,0,3660,1.82051,0.00219017,1.83779,89,0,21,21,25,0,-2,0,0,0,26,4355,4410,-34,175,17,583,40385,40245,109,1024,9,102,-148070,0,0,0,0,1,0,5,10,8,4408,0,0,0,0,0,0,0,0,0,-5,0,0,0
176.08,0,0,0,0,0,3638,1.82026,0.00218761,1.83763,89,0,21,21,25,0,-2,0,0,0,26,4355,4410,-34,175,17,583,40385,40245,109,1024,9,102,-148070,0,0,0,0,1,0,3,16,7,4385,0,0,0,0,0,0,0,0,0,-3,0,0,0
176.09,0,0,0,0,0,3618,1.82,0.00218506,1.83747,89,0,21,21,25,0,-2,0,0,0,26,4355,4410,-25,175,17,583,40385,40245,109,1024,9,102,-108875,0,0,0,0,1,8,0,0,4,4394,0,0,0,0,0,0,0,0,0,1,0,0,0
176.1,0,0,0,0,0,3603,1.81974,0.0021825,1.83731,89,0,21,21,24,0,-2,0,0,0,26,4355,4333,-23,175,18,583,40380,40230,110,1024,73,102,-100165,0,0,0,0,1,0,13,0,0,4385,0,0,0,0,0,0,0,0,0,4,0,0,0
176.11,0,0,0,0,0,3603,1.81952,0.00219201,1.83711,89,0,21,21,24,0,-2,0,0,0,26,4352,4333,-21,175,18,583,40380,40230,110,1024,73,102,-91392,0,0,0,0,1,0,13,0,0,4385,0,0,0,0,0,0,0,0,0,4,0,0,0
176.12,0,0,0,0,0,3592,1.8193,0.00220151,1.83692,89,0,21,21,24,0,-2,0,0,0,26,4352,4333,-21,175,18,583,40380,40230,110,1024,73,102,-91392,0,0,0,0,1,6,17,0,0,4411,0,0,0,0,0,0,0,0,0,11,0,0,0
176.13,0,0,0,0,0,3581,1.81908,0.00221101,1.83672,89,0,21,21,24,0,-2,0,0,0,26,4348,4333,-23,175,18,583,40380,40230,110,1024,73,102,-100004,0,0,0,0,1,6,0,27,0,4391,0,0,0,0,0,0,0,0,0,-11,0,0,0
176.14,0,0,0,0,0,3568,1.81886,0.00222052,1.83653,89,0,21,21,24,0,-2,0,0,0,26,4348,4333,-22,175,18,583,40380,40230,110,1024,73,102,-95656,0,0,0,0,1,10,0,16,0,4391,0,0,0,0,0,0,0,0,0,11,0,0,0
176.15,0,0,0,0,0,3555,1.81864,0.00223002,1.83634,89,0,21,21,24,0,-2,0,0,0,26,4348,4333,-28,175,18,583,40380,40230,110,1024,73,102,-121744,0,0,0,0,1,2,0,0,0,4402,0,0,0,0,0,0,0,0,0,-3,0,0,0
176.16,0,0,0,0,0,3555,1.81842,0.00223953,1.83614,89,0,21,21,24,0,-2,0,0,0,26,4348,4333,-28,175,18,583,40380,40230,110,1024,73,102,-121744,0,0,0,0,1,2,0,0,0,4402,0,0,0,0,0,0,0,0,0,1,0,0,0
176.17,0,0,0,0,0,3543,1.8182,0.00224903,1.83595,89,0,21,21,24,0,-2,0,0,0,26,4348,4333,-32,175,18,583,40380,40230,110,1024,73,102,-139136,0,0,0,0,1,0,11,16,0,4423,0,0,0,0,0,0,0,0,0,1,0,0,0
176.18,0,0,0,0,0,3531,1.81798,0.00225854,1.83575,89,0,21,21,24,0,-2,0,0,0,26,4352,4333,-31,175,18,583,40380,40230,110,1024,73,102,-134912,0,0,0,0,1,19,0,0,3,4391,0,0,0,0,0,0,0,0,0,1,0,0,0
176.19,0,0,0,0,0,3515,1.81776,0.00226804,1.83556,89,0,21,21,24,0,-2,0,0,0,26,4352,4333,-28,175,18,583,40380,40230,110,1024,73,102,-121856,0,0,0,0,1,18,1,0,5,4380,0,0,0,0,0,0,0,0,0,-12,0,0,0
176.2,0,0,0,0,0,3497,1.81754,0.00227754,1.83537,89,0,21,21,25,0,-2,0,0,0,26,4352,4333,-28,175,19,583,40361,40201,110,1024,6,93,-121856,0,0,0,0,1,25,0,0,6,4389,0,0,0,0,0,0,0,0,0,-12,0,0,0
176.21,0,0,0,0,0,3478,1.81735,0.00225615,1.83516,89,0,21,21,25,0,-2,0,0,0,26,4354,4333,-22,175,19,583,40361,40201,110,1024,6,93,-95788,0,0,0,0,1,0,3,0,0,4397,0,0,0,0,0,0,0,0,0,-2,0,0,0
176.22,0,0,0,0,0,3478,1.81716,0.00223475,1.83496,89,0,21,21,25,0,-2,0,0,0,26,4354,4333,-22,175,19,583,40361,40201,110,1024,6,93,-95788,0,0,0,0,1,13,0,0,0,4415,0,0,0,0,0,0,0,0,0,1,0,0,0
176.23,0,0,0,0,0,3465,1.81697,0.00221335,1.83476,89,0,21,21,25,0,-2,0,0,0,26,4352,4333,-21,175,19,583,40361,40201,110,1024,6,93,-91392,0,0,0,0,1,13,0,0,0,4415,0,0,0,0,0,0,0,0,0,1,0,0,0
176.24,0,0,0,0,0,3454,1.81678,0.00219195,1.83456,89,0,21,21,25,0,-2,0,0,0,26,4352,4333,-21,175,19,583,40361,40201,110,1024,6,93,-91392,0,0,0,0,1,8,0,19,0,4417,0,0,0,0,0,0,0,0,0,10,0,0,0
176.25,0,0,0,0,0,3448,1.81659,0.00217055,1.83436,89,0,21,21,25,0,-2,0,0,0,26,4352,4333,-21,175,19,583,40361,40201,110,1024,6,93,-91392,0,0,0,0,1,0,0,0,0,4402,0,0,0,0,0,0,0,0,0,-5,0,0,0
176.26,0,0,0,0,0,3436,1.8164,0.00214915,1.83416,89,0,21,21,25,0,-2,0,0,0,26,4352,4333,-19,175,19,583,40361,40201,110,1024,6,93,-82688,0,0,0,0,1,10,3,21,0,4389,0,0,0,0,0,0,0,0,0,8,0,0,0
176.27,0,0,0,0,0,3422,1.81621,0.00212776,1.83396,89,0,21,21,25,0,-2,0,0,0,26,4352,4333,-23,175,19,583,40361,40201,110,1024,6,93,-100096,0,0,0,0,1,0,5,10,4,4413,0,0,0,0,0,0,0,0,0,1,0,0,0
176.28,0,0,0,0,0,3422,1.81602,0.00210636,1.83376,89,0,21,21,25,0,-2,0,0,0,26,4352,4333,-23,175,19,583,40361,40201,110,1024,6,93,-100096,0,0,0,0,1,0,5,10,4,4413,0,0,0,0,0,0,0,0,0,-3,0,0,0
176.29,0,0,0,0,0,3403,1.81583,0.00208496,1.83356,89,0,21,21,25,0,-2,0,0,0,26,4351,4333,-30,175,19,583,40361,40201,110,1024,6,93,-130530,0,0,0,0,1,6,0,0,7,4391,0,0,0,0,0,0,0,0,0,-3,0,0,0
176.3,0,0,0,0,0,3384,1.81563,0.00206356,1.83336,89,0,21,21,25,0,-2,0,0,0,26,4356,4333,-28,175,19,583,40319,40207,109,1024,13,102,-121968,0,0,0,0,1,37,0,0,4,4394,0,0,0,0,0,0,0,0,0,-15,0,0,0
176.31,0,0,0,0,0,3365,1.81555,0.00205625,1.83334,89,0,21,21,25,0,-2,0,0,0,26,4356,4333,-25,175,20,583,40319,40207,109,1024,13,102,-108900,0,0,0,0,1,0,3,0,6,4385,0,0,0,0,0,0,0,0,0,-13,0,0,0
176.32,0,0,0,0,0,3347,1.81547,0.00204893,1.83332,89,0,21,21,25,0,-2,0,0,0,26,4356,4333,-25,175,20,583,40319,40207,109,1024,13,102,-108900,0,0,0,0,1,0,21,2,1,4417,0,0,0,0,0,0,0,0,0,9,0,0,0
176.33,0,0,0,0,0,3333,1.81539,0.00204162,1.83329,89,0,21,21,25,0,-2,0,0,0,26,4356,4333,-28,175,20,583,40319,40207,109,1024,13,102,-121968,0,0,0,0,1,19,0,16,0,4387,0,0,0,0,0,0,0,0,0,-12,0,0,0
176.34,0,0,0,0,0,3322,1.81531,0.00203431,1.83327,89,0,21,21,25,0,-2,0,0,0,26,4354,4333,-29,175,20,583,40319,40207,109,1024,13,102,-126266,0,0,0,0,1,4,0,0,0,4389,0,0,0,0,0,0,0,0,0,6,0,0,0
176.35,0,0,0,0,0,3322,1.81522,0.00202699,1.83324,89,0,21,21,25,0,-2,0,0,0,26,4354,4333,-28,175,20,583,40319,40207,109,1024,13,102,-121912,0,0,0,0,1,4,0,0,0,4389,0,0,0,0,0,0,0,0,0,6,0,0,0
176.36,0,0,0,0,0,3314,1.81514,0.00201968,1.83322,89,0,21,21,25,0,-2,0,0,0,26,4354,4333,-28,175,20,583,40319,40207,109,1024,13,102,-121912,0,0,0,0,1,0,32,0,0,4415,0,0,0,0,0,0,0,0,0,21,0,0,0
176.37,0,0,0,0,0,3313,1.81506,0.00201236,1.8332,89,0,21,21,25,0,-2,0,0,0,26,4356,4333,-12,175,20,583,40319,40207,109,1024,13,102,-52272,0,0,0,0,1,2,0,10,0,4404,0,0,0,0,0,0,0,0,0,12,0,0,0
176.38,0,0,0,0,0,3309,1.81498,0.00200505,1.83317,89,0,21,21,25,0,-2,0,0,0,26,4352,4333,-15,175,20,583,40319,40207,109,1024,13,102,-65280,0,0,0,0,1,8,0,0,0,4411,0,0,0,0,0,0,0,0,0,5,0,0,0
176.39,0,0,0,0,0,3298,1.81489,0.00199773,1.83315,89,0,21,21,25,0,-2,0,0,0,26,4352,4333,-12,175,20,583,40319,40207,109,1024,13,102,-52224,0,0,0,0,1,6,0,6,8,4382,0,0,0,0,0,0,0,0,0,-4,0,0,0
176.4,0,0,0,0,0,3298,1.81481,0.00199042,1.83312,89,0,21,21,25,0,-2,0,0,0,26,4352,4333,-12,175,20,583,40333,40223,109,1024,6,1,-52224,0,0,0,0,1,6,0,6,8,4382,0,0,0,0,0,0,0,0,0,-12,0,0,0
176.41,0,0,0,0,0,3278,1.81472,0.00200889,1.83302,89,0,21,21,25,0,-2,0,0,0,26,4349,4333,-23,175,21,583,40333,40223,109,1024,6,1,-100027,0,0,0,0,1,0,27,0,11,4397,0,0,0,0,0,0,0,0,0,-12,0,0,0
176.42,0,0,0,0,0,3256,1.81464,0.00202737,1.83291,89,0,21,21,25,0,-2,0,0,0,26,4349,4333,-27,175,21,583,40333,40223,109,1024,6,1,-117423,0,0,0,0,1,10,0,13,10,4385,0,0,0,0,0,0,0,0,0,-11,0,0,0
176.43,0,0,0,0,0,3235,1.81455,0.00204585,1.8328,89,0,21,21,25,0,-2,0,0,0,26,4352,4333,-24,175,21,583,40333,40223,109,1024,6,1,-104448,0,0,0,0,1,0,19,0,8,4394,0,0,0,0,0,0,0,0,0,-8,0,0,0
176.44,0,0,0,0,0,3214,1.81446,0.00206432,1.83269,89,0,21,21,25,0,-2,0,0,0,26,4352,4333,-24,175,21,583,40333,40223,109,1024,6,1,-104448,0,0,0,0,1,16,5,0,3,4389,0,0,0,0,0,0,0,0,0,-8,0,0,0
176.45,0,0,0,0,0,3200,1.81437,0.0020828,1.83259,89,0,21,21,25,0,-2,0,0,0,26,4356,4333,-23,175,21,583,40333,40223,109,1024,6,1,-100188,0,0,0,0,1,45,1,16,0,4406,0,0,0,0,0,0,0,0,0,31,0,0,0
176.46,0,0,0,0,0,3195,1.81428,0.00210127,1.83248,89,0,21,21,25,0,-2,0,0,0,26,4354,4333,-20,175,21,583,40333,40223,109,1024,6,1,-87080,0,0,0,0,1,0,0,6,0,4402,0,0,0,0,0,0,0,0,0,16,0,0,0
176.47,0,0,0,0,0,3195,1.81419,0.00211975,1.83237,89,0,21,21,25,0,-2,0,0,0,26,4354,4333,-24,175,21,583,40333,40223,109,1024,6,1,-104496,0,0,0,0,1,0,0,6,0,4402,0,0,0,0,0,0,0,0,0,16,0,0,0
176.48,0,0,0,0,0,3190,1.8141,0.00213822,1.83227,89,0,21,21,25,0,-2,0,0,0,26,4354,4333,-24,175,21,583,40333,40223,109,1024,6,1,-104496,0,0,0,0,1,0,21,0,0,4408,0,0,0,0,0,0,0,0,0,11,0,0,0
176.49,0,0,0,0,0,3185,1.81402,0.0021567,1.83216,89,0,21,21,25,0,-2,0,0,0,26,4354,4339,-14,175,21,583,40333,40223,109,1024,6,1,-60956,0,0,0,0,1,0,0,8,0,4400,0,0,0,0,0,0,0,0,0,7,0,0,0
176.5,0,0,0,0,0,3176,1.81393,0.00217517,1.83205,89,0,21,21,25,0,-2,0,0,0,26,4355,4339,-17,175,21,583,40385,40251,110,1024,6,93,-74035,0,0,0,0,1,25,0,0,1,4385,0,0,0,0,0,0,0,0,0,-12,0,0,0
176.51,0,0,0,0,0,3164,1.81365,0.00220394,1.83179,89,0,21,21,25,0,-2,0,0,0,26,4355,4339,-14,175,21,583,40385,40251,110,1024,6,93,-60970,0,0,0,0,1,0,17,19,4,4415,0,0,0,0,0,0,0,0,0,9,0,0,0
176.52,0,0,0,0,0,3164,1.81337,0.00223271,1.83153,89,0,21,21,25,0,-2,0,0,0,26,4355,4339,-14,175,21,583,40385,40251,110,1024,6,93,-60970,0,0,0,0,1,0,17,19,4,4415,0,0,0,0,0,0,0,0,0,-6,0,0,0
176.53,0,0,0,0,0,3150,1.8131,0.00226148,1.83127,89,0,21,21,25,0,-2,0,0,0,26,4353,4339,-22,175,21,583,40385,40251,110,1024,6,93,-95766,0,0,0,0,1,0,13,10,5,4402,0,0,0,0,0,0,0,0,0,-6,0,0,0
176.54,0,0,0,0,0,3133,1.81282,0.00229025,1.83101,89,0,21,21,25,0,-2,0,0,0,26,4353,4339,-22,175,21,583,40385,40251,110,1024,6,93,-95766,0,0,0,0,1,39,0,0,5,4391,0,0,0,0,0,0,0,0,0,-14,0,0,0
176.55,0,0,0,0,0,3115,1.81254,0.00231902,1.83075,89,0,21,21,25,0,-2,0,0,0,26,4353,4339,-26,175,21,583,40385,40251,110,1024,6,93,-113178,0,0,0,0,1,12,0,0,5,4382,0,0,0,0,0,0,0,0,0,-12,0,0,0
176.56,0,0,0,0,0,3097,1.81227,0.00234779,1.83049,89,0,21,21,25,0,-2,0,0,0,26,4353,4339,-26,175,21,583,40385,40251,110,1024,6,93,-113178,0,0,0,0,1,0,0,4,2,4419,0,0,0,0,0,0,0,0,0,-6,0,0,0
176.57,0,0,0,0,0,3082,1.81199,0.00237656,1.83023,89,0,21,21,25,0,-2,0,0,0,26,4357,4339,-18,175,21,583,40385,40251,110,1024,6,93,-78426,0,0,0,0,1,0,0,0,0,4406,0,0,0,0,0,0,0,0,0,-7,0,0,0
176.58,0,0,0,0,0,3073,1.81171,0.00240533,1.82997,89,0,21,21,25,0,-2,0,0,0,26,4357,4339,-17,175,21,583,40385,40251,110,1024,6,93,-74069,0,0,0,0,1,0,0,8,0,4402,0,0,0,0,0,0,0,0,0,7,0,0,0
176.59,0,0,0,0,0,3073,1.81144,0.0024341,1.82971,89,0,21,21,25,0,-2,0,0,0,26,4357,4339,-14,175,21,583,40385,40251,110,1024,6,93,-60998,0,0,0,0,1,0,0,8,0,4402,0,0,0,0,0,0,0,0,0,7,0,0,0
176.6,0,0,0,0,0,3067,1.81116,0.00246287,1.82945,89,0,21,21,25,0,-2,0,0,0,26,4357,4339,-14,175,21,583,40378,40271,109,1024,13,93,-60998,0,0,0,0,1,0,0,0,0,4423,0,0,0,0,0,0,0,0,0,6,0,0,0
176.61,0,0,0,0,0,3060,1.81091,0.00243786,1.82921,89,0,21,21,25,0,-2,0,0,0,26,4352,4339,-14,175,21,583,40378,40271,109,1024,13,93,-60928,0,0,0,0,1,6,0,0,0,4397,0,0,0,0,0,0,0,0,0,-3,0,0,0
176.62,0,0,0,0,0,3049,1.81066,0.00241285,1.82898,89,0,21,21,25,0,-2,0,0,0,26,4352,4339,-15,175,21,583,40378,40271,109,1024,13,93,-65280,0,0,0,0,1,19,0,0,5,4380,0,0,0,0,0,0,0,0,0,-12,0,0,0
176.63,0,0,0,0,0,3034,1.81041,0.00238784,1.82874,89,0,21,21,25,0,-2,0,0,0,26,4352,4339,-14,175,21,583,40378,40271,109,1024,13,93,-60928,0,0,0,0,1,43,0,0,8,4385,0,0,0,0,0,0,0,0,0,-26,0,0,0
176.64,0,0,0,0,0,3034,1.81016,0.00236283,1.8285,89,0,21,21,25,0,-2,0,0,0,26,4352,4339,-14,175,21,583,40378,40271,109,1024,13,93,-60928,0,0,0,0,1,43,0,0,8,4385,0,0,0,0,0,0,0,0,0,-4,0,0,0
176.65,0,0,0,0,0,3018,1.80992,0.00233782,1.82827,89,0,21,21,25,0,-2,0,0,0,26,4354,4339,-25,175,21,583,40378,40271,109,1024,13,93,-108850,0,0,0,0,1,13,0,0,5,4385,0,0,0,0,0,0,0,0,0,-4,0,0,0
176.66,0,0,0,0,0,3002,1.80967,0.00231281,1.82803,89,0,21,21,25,0,-2,0,0,0,26,4355,4339,-25,175,21,583,40378,40271,109,1024,13,93,-108875,0,0,0,0,1,13,1,0,4,4385,0,0,0,0,0,0,0,0,0,-2,0,0,0
176.67,0,0,0,0,0,2990,1.80942,0.0022878,1.82779,89,0,21,21,25,0,-2,0,0,0,26,4355,4339,-24,175,21,583,40378,40271,109,1024,13,93,-104520,0,0,0,0,1,8,19,0,0,4394,0,0,0,0,0,0,0,0,0,4,0,0,0
176.68,0,0,0,0,0,2981,1.80917,0.00226278,1.82756,89,0,21,21,25,0,-2,0,0,0,26,4355,4339,-24,175,21,583,40378,40271,109,1024,13,93,-104520,0,0,0,0,1,0,13,0,0,4391,0,0,0,0,0,0,0,0,0,0,0,0,0
176.69,0,0,0,0,0,2975,1.80892,0.00223777,1.82732,89,0,21,21,25,0,-2,0,0,0,26,4358,4339,-22,175,21,583,40378,40271,109,1024,13,93,-95876,0,0,0,0,1,0,0,0,0,4395,0,0,0,0,0,0,0,0,0,-5,0,0,0
176.7,0,0,0,0,0,2963,1.80867,0.00221276,1.82708,89,0,21,21,25,0,-2,0,0,0,27,4357,4339,-13,175,21,583,40418,40276,109,1024,6,1,-56641,0,0,0,0,1,16,0,0,2,4391,0,0,0,0,0,0,0,0,0,-6,0,0,0
176.71,0,0,0,0,0,2963,1.80828,0.0022065,1.82679,89,0,21,21,25,0,-2,0,0,0,27,4357,4339,-5,175,21,583,40418,40276,109,1024,6,1,-21785,0,0,0,0,1,16,0,0,2,4391,0,0,0,0,0,0,0,0,0,-6,0,0,0
176.72,0,0,0,0,0,2949,1.80788,0.00220024,1.8265,89,0,21,21,25,0,-2,0,0,0,27,4357,4339,-5,175,20,583,40418,40276,109,1024,6,1,-21785,0,0,0,0,1,16,0,0,3,4402,0,0,0,0,0,0,0,0,0,-6,0,0,0
176.73,0,0,0,0,0,2935,1.80748,0.00219399,1.82621,89,0,21,21,25,0,-2,0,0,0,27,4353,4339,-8,175,20,583,40418,40276,109,1024,6,1,-34824,0,0,0,0,1,0,19,0,4,4417,0,0,0,0,0,0,0,0,0,-12,0,0,0
176.74,0,0,0,0,0,2921,1.80709,0.00218773,1.82592,89,0,21,21,25,0,-2,0,0,0,27,4349,4339,-9,175,20,583,40418,40276,109,1024,6,1,-39141,0,0,0,0,1,0,0,0,0,4402,0,0,0,0,0,0,0,0,0,1,0,0,0
176.75,0,0,0,0,0,2913,1.80669,0.00218147,1.82563,89,0,21,21,25,0,-2,0,0,0,27,4349,4339,-12,175,20,583,40418,40276,109,1024,6,1,-52188,0,0,0,0,1,0,0,10,0,4417,0,0,0,0,0,0,0,0,0,-3,0,0,0
176.76,0,0,0,0,0,2913,1.80629,0.00217521,1.82534,89,0,21,21,25,0,-2,0,0,0,27,4349,4339,-12,175,20,583,40418,40276,109,1024,6,1,-52188,0,0,0,0,1,0,0,10,0,4417,0,0,0,0,0,0,0,0,0,8,0,0,0
176.77,0,0,0,0,0,2903,1.8059,0.00216895,1.82505,89,0,21,21,25,0,-2,0,0,0,27,4350,4339,-24,175,20,583,40418,40276,109,1024,6,1,-104400,0,0,0,0,1,0,13,0,0,4404,0,0,0,0,0,0,0,0,0,8,0,0,0
176.78,0,0,0,0,0,2893,1.8055,0.00216269,1.82476,89,0,21,21,25,0,-2,0,0,0,27,4357,4339,-24,175,20,583,40418,40276,109,1024,6,1,-104568,0,0,0,0,1,16,0,4,0,4385,0,0,0,0,0,0,0,0,0,-8,0,0,0
176.79,0,0,0,0,0,2880,1.80511,0.00215643,1.82447,89,0,21,21,25,0,-2,0,0,0,27,4357,4339,-25,175,20,583,40418,40276,109,1024,6,1,-108925,0,0,0,0,1,12,21,10,2,4419,0,0,0,0,0,0,0,0,0,-16,0,0,0
176.8,0,0,0,0,0,2866,1.80471,0.00215017,1.82418,89,0,21,21,24,0,-2,0,0,0,27,4357,4339,-25,175,20,583,40375,40277,109,1024,14,102,-108925,0,0,0,0,1,13,13,0,0,4413,0,0,0,0,0,0,0,0,0,12,0,0,0
176.81,0,0,0,0,0,2851,1.80448,0.00215749,1.82402,89,0,21,21,24,0,-2,0,0,0,27,4358,4339,-14,175,20,583,40375,40277,109,1024,14,102,-61012,0,0,0,0,1,0,0,4,3,4395,0,0,0,0,0,0,0,0,0,0,0,0,0
176.82,0,0,0,0,0,2840,1.80426,0.0021648,1.82385,89,0,21,21,24,0,-2,0,0,0,27,4358,4339,-11,175,20,583,40375,40277,109,1024,14,102,-47938,0,0,0,0,1,6,0,0,0,4394,0,0,0,0,0,0,0,0,0,2,0,0,0
176.83,0,0,0,0,0,2834,1.80403,0.00217212,1.82368,89,0,21,21,24,0,-2,0,0,0,27,4356,4339,-10,175,20,583,40375,40277,109,1024,14,102,-43560,0,0,0,0,1,0,24,0,0,4391,0,0,0,0,0,0,0,0,0,12,0,0,0
176.84,0,0,0,0,0,2834,1.80381,0.00217944,1.82352,89,0,21,21,24,0,-2,0,0,0,27,4356,4339,-10,175,20,583,40375,40277,109,1024,14,102,-43560,0,0,0,0,1,0,24,0,0,4391,0,0,0,0,0,0,0,0,0,12,0,0,0
176.85,0,0,0,0,0,2827,1.80358,0.00218675,1.82335,89,0,21,21,24,0,-2,0,0,0,27,4354,4339,-10,175,20,583,40375,40277,109,1024,14,102,-43540,0,0,0,0,1,0,1,0,0,4430,0,0,0,0,0,0,0,0,0,-1,0,0,0
176.86,0,0,0,0,0,2818,1.80335,0.00219407,1.82318,89,0,21,21,24,0,-2,0,0,0,27,4352,4339,-11,175,20,583,40375,40277,109,1024,14,102,-47872,0,0,0,0,1,0,1,6,0,4415,0,0,0,0,0,0,0,0,0,-15,0,0,0
176.87,0,0,0,0,0,2805,1.80313,0.00220139,1.82302,89,0,21,21,24,0,-2,0,0,0,27,4352,4339,-11,175,20,583,40375,40277,109,1024,14,102,-47872,0,0,0,0,1,31,0,0,5,4394,0,0,0,0,0,0,0,0,0,-19,0,0,0
176.88,0,0,0,0,0,2789,1.8029,0.0022087,1.82285,89,0,21,21,24,0,-2,0,0,0,27,4352,4339,-11,175,20,583,40375,40277,109,1024,14,102,-47872,0,0,0,0,1,0,11,21,1,4421,0,0,0,0,0,0,0,0,0,-7,0,0,0
176.89,0,0,0,0,0,2773,1.80268,0.00221602,1.82268,89,0,21,21,24,0,-2,0,0,0,27,4352,4345,-21,175,20,583,40375,40277,109,1024,14,102,-91392,0,0,0,0,1,13,11,0,3,4395,0,0,0,0,0,0,0,0,0,-1,0,0,0
176.9,0,0,0,0,0,2773,1.80245,0.00222334,1.82252,89,0,21,21,25,0,-2,0,0,0,27,4355,4345,-23,175,20,583,40362,40245,109,1024,6,1,-100165,0,0,0,0,1,13,11,0,3,4395,0,0,0,0,0,0,0,0,0,-1,0,0,0
176.91,0,0,0,0,0,2763,1.8023,0.00224172,1.82234,89,0,21,21,25,0,-2,0,0,0,27,4355,4345,-21,175,20,583,40362,40245,109,1024,6,1,-91455,0,0,0,0,1,0,0,0,0,4419,0,0,0,0,0,0,0,0,0,3,0,0,0
176.92,0,0,0,0,0,2756,1.80215,0.00226011,1.82216,89,0,21,21,25,0,-2,0,0,0,27,4355,4345,-21,175,20,583,40362,40245,109,1024,6,1,-91455,0,0,0,0,1,0,5,0,0,4397,0,0,0,0,0,0,0,0,0,6,0,0,0
176.93,0,0,0,0,0,2750,1.80199,0.00227849,1.82197,89,0,21,21,25,0,-2,0,0,0,27,4359,4345,-10,175,20,583,40362,40245,109,1024,6,1,-43590,0,0,0,0,1,19,15,2,0,4417,0,0,0,0,0,0,0,0,0,-3,0,0,0
176.94,0,0,0,0,0,2740,1.80184,0.00229688,1.82179,89,0,21,21,25,0,-2,0,0,0,27,4357,4345,-5,175,20,583,40362,40245,109,1024,6,1,-21785,0,0,0,0,1,2,9,4,1,4395,0,0,0,0,0,0,0,0,0,3,0,0,0
176.95,0,0,0,0,0,2728,1.80169,0.00231527,1.82161,89,0,21,21,25,0,-2,0,0,0,27,4357,4345,-8,175,20,583,40362,40245,109,1024,6,1,-34856,0,0,0,0,1,0,9,0,5,4413,0,0,0,0,0,0,0,0,0,-6,0,0,0
176.96,0,0,0,0,0,2728,1.80154,0.00233365,1.82143,89,0,21,21,25,0,-2,0,0,0,27,4357,4345,-8,175,20,583,40362,40245,109,1024,6,1,-34856,0,0,0,0,1,0,9,0,5,4413,0,0,0,0,0,0,0,0,0,-6,0,0,0
176.97,0,0,0,0,0,2711,1.80139,0.00235204,1.82125,89,0,21,21,25,0,-2,0,0,0,27,4354,4345,-12,175,20,583,40362,40245,109,1024,6,1,-52248,0,0,0,0,1,12,3,0,4,4395,0,0,0,0,0,0,0,0,0,-7,0,0,0
176.98,0,0,0,0,0,2695,1.80123,0.00237042,1.82107,89,0,21,21,25,0,-2,0,0,0,27,4354,4345,-14,175,20,583,40362,40245,109,1024,6,1,-60956,0,0,0,0,1,0,5,18,2,4408,0,0,0,0,0,0,0,0,0,-3,0,0,0
176.99,0,0,0,0,0,2682,1.80108,0.00238881,1.82089,89,0,21,21,25,0,-2,0,0,0,27,4354,4345,-17,175,20,583,40362,40245,109,1024,6,1,-74018,0,0,0,0,1,8,0,0,0,4419,0,0,0,0,0,0,0,0,0,8,0,0,0
177,0,0,0,0,0,2675,1.80093,0.0024072,1.82071,89,0,21,21,24,0,-2,0,0,0,27,4354,4345,-17,175,20,583,40346,40243,109,1024,6,1,-74018,0,0,0,0,1,0,29,0,0,4395,0,0,0,0,0,0,0,0,0,14,0,0,0
177.01,0,0,0,0,0,2671,1.80072,0.00238581,1.82054,89,0,21,21,24,0,-2,0,0,0,27,4358,4345,-13,175,20,583,40346,40243,109,1024,6,1,-56654,0,0,0,0,1,18,0,0,0,4417,0,0,0,0,0,0,0,0,0,11,0,0,0
177.02,0,0,0,0,0,2667,1.80051,0.00236443,1.82038,89,0,21,21,24,0,-2,0,0,0,27,4358,4345,-8,175,20,583,40346,40243,109,1024,6,1,-34864,0,0,0,0,1,12,0,6,0,4415,0,0,0,0,0,0,0,0,0,7,0,0,0
177.03,0,0,0,0,0,2659,1.8003,0.00234305,1.82021,89,0,21,21,24,0,-2,0,0,0,27,4358,4346,-10,175,20,583,40346,40243,109,1024,6,1,-43580,0,0,0,0,1,25,0,0,2,4406,0,0,0,0,0,0,0,0,0,-11,0,0,0
177.04,0,0,0,0,0,2659,1.80008,0.00232166,1.82005,89,0,21,21,24,0,-2,0,0,0,27,4358,4346,-10,175,20,583,40346,40243,109,1024,6,1,-43580,0,0,0,0,1,25,0,0,2,4406,0,0,0,0,0,0,0,0,0,-11,0,0,0
177.05,0,0,0,0,0,2643,1.79987,0.00230028,1.81988,89,0,21,21,24,0,-2,0,0,0,27,4354,4346,-14,175,20,583,40346,40243,109,1024,6,1,-60956,0,0,0,0,1,13,0,0,5,4391,0,0,0,0,0,0,0,0,0,-6,0,0,0
177.06,0,0,0,0,0,2625,1.79966,0.00227889,1.81972,89,0,21,21,24,0,-2,0,0,0,27,4354,4346,-14,175,20,583,40346,40243,109,1024,6,1,-60956,0,0,0,0,1,0,13,8,2,4419,0,0,0,0,0,0,0,0,0,-3,0,0,0
177.07,0,0,0,0,0,2610,1.79945,0.00225751,1.81955,89,0,21,21,24,0,-2,0,0,0,27,4354,4346,-14,175,20,583,40346,40243,109,1024,6,1,-60956,0,0,0,0,1,0,0,4,3,4413,0,0,0,0,0,0,0,0,0,-5,0,0,0
177.08,0,0,0,0,0,2598,1.79924,0.00223613,1.81939,89,0,21,21,24,0,-2,0,0,0,27,4354,4346,-14,175,20,583,40346,40243,109,1024,6,1,-60956,0,0,0,0,1,6,0,18,0,4413,0,0,0,0,0,0,0,0,0,5,0,0,0
177.09,0,0,0,0,0,2592,1.79903,0.00221474,1.81922,89,0,21,21,24,0,-2,0,0,0,27,4354,4346,-11,175,20,583,40346,40243,109,1024,6,1,-47894,0,0,0,0,1,0,0,4,0,4394,0,0,0,0,0,0,0,0,0,0,0,0,0
177.1,0,0,0,0,0,2592,1.79881,0.00219336,1.81906,89,0,21,21,25,0,-2,0,0,0,27,4356,4346,-10,175,20,583,40355,40253,110,1024,13,106,-43560,0,0,0,0,1,0,0,4,0,4394,0,0,0,0,0,0,0,0,0,0,0,0,0
177.11,0,0,0,0,0,2589,1.79859,0.00223792,1.81887,89,0,21,21,25,0,-2,0,0,0,27,4356,4346,-12,175,20,583,40355,40253,110,1024,13,106,-52272,0,0,0,0,1,0,27,0,0,4400,0,0,0,0,0,0,0,0,0,13,0,0,0
177.12,0,0,0,0,0,2581,1.79836,0.00228249,1.81869,89,0,21,21,25,0,-2,0,0,0,27,4356,4346,-12,175,20,583,40355,40253,110,1024,13,106,-52272,0,0,0,0,1,8,32,4,0,4419,0,0,0,0,0,0,0,0,0,25,0,0,0
177.13,0,0,0,0,0,2571,1.79813,0.00232705,1.8185,89,0,21,21,25,0,-2,0,0,0,27,4356,4348,-13,175,20,583,40355,40253,110,1024,13,106,-56628,0,0,0,0,1,0,11,0,3,4413,0,0,0,0,0,0,0,0,0,-11,0,0,0
177.14,0,0,0,0,0,2556,1.7979,0.00237161,1.81832,89,0,21,21,25,0,-2,0,0,0,27,4356,4348,-14,175,20,583,40355,40253,110,1024,13,106,-60984,0,0,0,0,1,0,24,18,2,4413,0,0,0,0,0,0,0,0,0,-7,0,0,0
177.15,0,0,0,0,0,2556,1.79767,0.00241617,1.81814,89,0,21,21,25,0,-2,0,0,0,27,4356,4348,-16,175,20,583,40355,40253,110,1024,13,106,-69696,0,0,0,0,1,0,9,0,4,4421,0,0,0,0,0,0,0,0,0,-6,0,0,0
177.16,0,0,0,0,0,2541,1.79744,0.00246074,1.81795,89,0,21,21,25,0,-2,0,0,0,27,4356,4348,-16,175,20,583,40355,40253,110,1024,13,106,-69696,0,0,0,0,1,0,9,0,4,4421,0,0,0,0,0,0,0,0,0,-6,0,0,0
177.17,0,0,0,0,0,2525,1.79721,0.0025053,1.81777,89,0,21,21,25,0,-2,0,0,0,27,4357,4348,-11,175,20,583,40355,40253,110,1024,13,106,-47927,0,0,0,0,1,8,11,8,0,4419,0,0,0,0,0,0,0,0,0,-6,0,0,0
177.18,0,0,0,0,0,2515,1.79698,0.00254986,1.81758,89,0,21,21,25,0,-2,0,0,0,27,4357,4348,-7,175,20,583,40355,40253,110,1024,13,106,-30499,0,0,0,0,1,0,0,0,0,4423,0,0,0,0,0,0,0,0,0,9,0,0,0
177.19,0,0,0,0,0,2510,1.79675,0.00259442,1.8174,89,0,21,21,25,0,-2,0,0,0,27,4357,4348,-7,175,20,583,40355,40253,110,1024,13,106,-30499,0,0,0,0,1,4,0,31,0,4419,0,0,0,0,0,0,0,0,0,8,0,0,0
177.2,0,0,0,0,0,2506,1.79652,0.00263899,1.81721,89,0,21,21,24,0,-2,0,0,0,28,4357,4348,-7,175,20,583,40381,40273,108,1024,6,1,-30499,0,0,0,0,1,0,0,2,0,4415,0,0,0,0,0,0,0,0,0,-2,0,0,0
177.21,0,0,0,0,0,2498,1.7962,0.00263415,1.81695,89,0,21,21,24,0,-2,0,0,0,28,4355,4349,-13,175,20,583,40381,40273,108,1024,6,1,-56615,0,0,0,0,1,10,0,0,0,4411,0,0,0,0,0,0,0,0,0,-1,0,0,0
177.22,0,0,0,0,0,2498,1.79588,0.00262931,1.81669,89,0,21,21,24,0,-2,0,0,0,28,4355,4349,-14,175,20,583,40381,40273,108,1024,6,1,-60970,0,0,0,0,1,10,0,0,0,4411,0,0,0,0,0,0,0,0,0,-1,0,0,0
177.23,0,0,0,0,0,2486,1.79556,0.00262447,1.81642,89,0,21,21,24,0,-2,0,0,0,28,4355,4349,-17,175,20,583,40381,40273,108,1024,6,1,-74035,0,0,0,0,1,4,0,0,3,4417,0,0,0,0,0,0,0,0,0,-1,0,0,0
177.24,0,0,0,0,0,2470,1.79524,0.00261963,1.81616,89,0,21,21,24,0,-2,0,0,0,28,4355,4349,-17,175,20,583,40381,40273,108,1024,6,1,-74035,0,0,0,0,1,2,15,0,2,4423,0,0,0,0,0,0,0,0,0,-10,0,0,0
177.25,0,0,0,0,0,2454,1.79492,0.00261479,1.8159,89,0,21,21,24,0,-2,0,0,0,28,4356,4349,-10,175,20,583,40381,40273,108,1024,6,1,-43560,0,0,0,0,1,0,5,0,3,4415,0,0,0,0,0,0,0,0,0,-5,0,0,0
177.26,0,0,0,0,0,2441,1.7946,0.00260995,1.81563,89,0,21,21,24,0,-2,0,0,0,28,4358,4349,-7,175,20,583,40381,40273,108,1024,6,1,-30506,0,0,0,0,1,13,5,4,0,4421,0,0,0,0,0,0,0,0,0,8,0,0,0
177.27,0,0,0,0,0,2441,1.79428,0.00260511,1.81537,89,0,21,21,24,0,-2,0,0,0,28,4358,4349,-7,175,20,583,40381,40273,108,1024,6,1,-30506,0,0,0,0,1,10,1,0,0,4415,0,0,0,0,0,0,0,0,0,7,0,0,0
177.28,0,0,0,0,0,2437,1.79396,0.00260027,1.81511,89,0,21,21,24,0,-2,0,0,0,28,4358,4349,-7,175,20,583,40381,40273,108,1024,6,1,-30506,0,0,0,0,1,10,1,0,0,4415,0,0,0,0,0,0,0,0,0,7,0,0,0
177.29,0,0,0,0,0,2431,1.79364,0.00259543,1.81485,89,0,21,21,24,0,-2,0,0,0,28,4355,4349,-7,175,20,583,40381,40273,108,1024,6,1,-30485,0,0,0,0,1,6,23,0,0,4423,0,0,0,0,0,0,0,0,0,17,0,0,0
177.3,0,0,0,0,0,2426,1.79332,0.00259059,1.81458,89,0,21,21,25,0,-2,0,0,0,28,4355,4349,-12,175,20,583,40354,40248,109,1024,16,1,-52260,0,0,0,0,1,6,9,0,0,4391,0,0,0,0,0,0,0,0,0,-2,0,0,0
177.31,0,0,0,0,0,2414,1.79309,0.00256937,1.8144,89,0,21,21,25,0,-2,0,0,0,28,4355,4349,-13,175,20,583,40354,40248,109,1024,16,1,-56615,0,0,0,0,1,16,0,0,2,4397,0,0,0,0,0,0,0,0,0,-17,0,0,0
177.32,0,0,0,0,0,2400,1.79285,0.00254815,1.81421,89,0,21,21,25,0,-2,0,0,0,28,4355,4349,-13,175,20,583,40354,40248,109,1024,16,1,-56615,0,0,0,0,1,2,0,6,1,4421,0,0,0,0,0,0,0,0,0,0,0,0,0
177.33,0,0,0,0,0,2385,1.79262,0.00252693,1.81403,89,0,21,21,25,0,-2,0,0,0,28,4359,4349,-12,175,20,583,40354,40248,109,1024,16,1,-52308,0,0,0,0,1,0,11,2,4,4421,0,0,0,0,0,0,0,0,0,-16,0,0,0
177.34,0,0,0,0,0,2385,1.79239,0.00250571,1.81384,89,0,21,21,25,0,-2,0,0,0,28,4359,4349,-10,175,20,583,40354,40248,109,1024,16,1,-43590,0,0,0,0,1,0,11,2,4,4421,0,0,0,0,0,0,0,0,0,-16,0,0,0
177.35,0,0,0,0,0,2368,1.79215,0.00248449,1.81366,89,0,21,21,25,0,-2,0,0,0,28,4359,4349,-7,175,20,583,40354,40248,109,1024,16,1,-30513,0,0,0,0,1,0,21,0,0,4413,0,0,0,0,0,0,0,0,0,13,0,0,0
177.36,0,0,0,0,0,2359,1.79192,0.00246327,1.81347,89,0,21,21,25,0,-2,0,0,0,28,4359,4349,-7,175,20,583,40354,40248,109,1024,16,1,-30513,0,0,0,0,1,0,1,0,0,4397,0,0,0,0,0,0,0,0,0,1,0,0,0
177.37,0,0,0,0,0,2356,1.79168,0.00244206,1.81329,89,0,21,21,25,0,-2,0,0,0,28,4355,4349,-4,175,20,583,40354,40248,109,1024,16,1,-17420,0,0,0,0,1,13,0,0,0,4417,0,0,0,0,0,0,0,0,0,12,0,0,0
177.38,0,0,0,0,0,2353,1.79145,0.00242084,1.8131,89,0,21,21,25,0,-2,0,0,0,28,4355,4349,-7,175,20,583,40354,40248,109,1024,16,1,-30485,0,0,0,0,1,24,3,12,0,4417,0,0,0,0,0,0,0,0,0,17,0,0,0
177.39,0,0,0,0,0,2349,1.79122,0.00239962,1.81292,89,0,21,21,25,0,-2,0,0,0,28,4355,4349,-6,175,20,583,40354,40248,109,1024,16,1,-26130,0,0,0,0,1,0,23,0,0,4395,0,0,0,0,0,0,0,0,0,5,0,0,0
177.4,0,0,0,0,0,2349,1.79098,0.0023784,1.81273,89,0,21,21,24,0,-2,0,0,0,28,4355,4349,-6,175,20,583,40365,40265,110,1024,13,102,-26130,0,0,0,0,1,0,23,0,0,4395,0,0,0,0,0,0,0,0,0,5,0,0,0
177.41,0,0,0,0,0,2339,1.79081,0.0023816,1.81259,89,0,21,21,24,0,-2,0,0,0,28,4357,4349,-15,175,20,583,40365,40265,110,1024,13,102,-65355,0,0,0,0,1,8,5,0,5,4417,0,0,0,0,0,0,0,0,0,-6,0,0,0
177.42,0,0,0,0,0,2321,1.79063,0.0023848,1.81246,89,0,21,21,24,0,-2,0,0,0,28,4357,4351,-12,175,20,583,40365,40265,110,1024,13,102,-52284,0,0,0,0,1,6,7,30,3,4411,0,0,0,0,0,0,0,0,0,7,0,0,0
177.43,0,0,0,0,0,2304,1.79046,0.00238801,1.81232,89,0,21,21,24,0,-2,0,0,0,28,4357,4351,-10,175,20,583,40365,40265,110,1024,13,102,-43570,0,0,0,0,1,16,0,0,4,4397,0,0,0,0,0,0,0,0,0,-9,0,0,0
177.44,0,0,0,0,0,2288,1.79029,0.00239121,1.81218,89,0,21,21,24,0,-2,0,0,0,28,4357,4351,-10,175,20,583,40365,40265,110,1024,13,102,-43570,0,0,0,0,1,0,19,0,2,4411,0,0,0,0,0,0,0,0,0,-8,0,0,0
177.45,0,0,0,0,0,2274,1.79011,0.00239442,1.81205,89,0,21,21,24,0,-2,0,0,0,28,4358,4351,-3,175,20,583,40365,40265,110,1024,13,102,-13074,0,0,0,0,1,0,19,0,0,4402,0,0,0,0,0,0,0,0,0,9,0,0,0
177.46,0,0,0,0,0,2274,1.78994,0.00239762,1.81191,89,0,21,21,24,0,-2,0,0,0,28,4356,4351,-5,175,20,583,40365,40265,110,1024,13,102,-21780,0,0,0,0,1,0,19,0,0,4402,0,0,0,0,0,0,0,0,0,9,0,0,0
177.47,0,0,0,0,0,2269,1.78976,0.00240082,1.81178,89,0,21,21,24,0,-2,0,0,0,28,4356,4351,-5,175,20,583,40365,40265,110,1024,13,102,-21780,0,0,0,0,1,19,0,19,0,4421,0,0,0,0,0,0,0,0,0,6,0,0,0
177.48,0,0,0,0,0,2270,1.78959,0.00240403,1.81164,89,0,21,21,24,0,-2,0,0,0,28,4356,4351,-5,175,20,583,40365,40265,110,1024,13,102,-21780,0,0,0,0,1,0,15,0,0,4415,0,0,0,0,0,0,0,0,0,8,0,0,0
177.49,0,0,0,0,0,2270,1.78941,0.00240723,1.8115,89,0,21,21,24,0,-2,0,0,0,28,4355,4351,-13,175,20,583,40365,40265,110,1024,13,102,-56615,0,0,0,0,1,4,0,4,0,4417,0,0,0,0,0,0,0,0,0,6,0,0,0
177.5,0,0,0,0,0,2263,1.78924,0.00241043,1.81137,89,0,21,21,25,0,-2,0,0,0,28,4355,4351,-11,175,20,583,40366,40268,110,1024,13,102,-47905,0,0,0,0,1,0,19,10,0,4421,0,0,0,0,0,0,0,0,0,7,0,0,0
177.51,0,0,0,0,0,2249,1.78911,0.00237606,1.81127,89,0,21,21,25,0,-2,0,0,0,28,4355,4351,-12,175,20,583,40366,40268,110,1024,13,102,-52260,0,0,0,0,1,31,0,0,3,4406,0,0,0,0,0,0,0,0,0,-14,0,0,0
177.52,0,0,0,0,0,2249,1.78897,0.00234169,1.81118,89,0,21,21,25,0,-2,0,0,0,28,4355,4351,-12,175,20,583,40366,40268,110,1024,13,102,-52260,0,0,0,0,1,31,0,0,3,4406,0,0,0,0,0,0,0,0,0,-14,0,0,0
177.53,0,0,0,0,0,2232,1.78884,0.00230732,1.81109,89,0,21,21,25,0,-2,0,0,0,28,4357,4351,-6,175,20,583,40366,40268,110,1024,13,102,-26142,0,0,0,0,1,0,0,12,4,4417,0,0,0,0,0,0,0,0,0,-17,0,0,0
177.54,0,0,0,0,0,2216,1.7887,0.00227294,1.81099,89,0,21,21,25,0,-2,0,0,0,28,4357,4351,-6,175,20,583,40366,40268,110,1024,13,102,-26142,0,0,0,0,1,6,13,0,4,4423,0,0,0,0,0,0,0,0,0,-8,0,0,0
177.55,0,0,0,0,0,2197,1.78857,0.00223857,1.8109,89,0,21,21,25,0,-2,0,0,0,28,4357,4351,-2,175,20,583,40366,40268,110,1024,13,102,-8714,0,0,0,0,1,0,5,0,2,4397,0,0,0,0,0,0,0,0,0,0,0,0,0
177.56,0,0,0,0,0,2184,1.78844,0.0022042,1.81081,89,0,21,21,25,0,-2,0,0,0,28,4357,4351,-2,175,20,583,40366,40268,110,1024,13,102,-8714,0,0,0,0,1,30,9,0,0,4423,0,0,0,0,0,0,0,0,0,21,0,0,0
177.57,0,0,0,0,0,2179,1.7883,0.00216982,1.81072,89,0,21,21,25,0,-2,0,0,0,28,4355,4352,-7,175,20,583,40366,40268,110,1024,13,102,-30485,0,0,0,0,1,0,0,12,0,4406,0,0,0,0,0,0,0,0,0,20,0,0,0
177.58,0,0,0,0,0,2179,1.78817,0.00213545,1.81062,89,0,21,21,25,0,-2,0,0,0,28,4355,4352,-11,175,20,583,40366,40268,110,1024,13,102,-47905,0,0,0,0,1,0,0,12,0,4406,0,0,0,0,0,0,0,0,0,20,0,0,0
177.59,0,0,0,0,0,2181,1.78804,0.00210108,1.81053,89,0,21,21,25,0,-2,0,0,0,28,4356,4352,-10,175,20,583,40366,40268,110,1024,13,102,-43560,0,0,0,0,1,0,27,0,0,4404,0,0,0,0,0,0,0,0,0,14,0,0,0
177.6,0,0,0,0,0,2181,1.7879,0.00206671,1.81044,89,0,21,21,25,0,-2,0,0,0,28,4356,4352,-10,175,20,583,40366,40279,110,1024,13,93,-43560,0,0,0,0,1,4,0,4,0,4430,0,0,0,0,0,0,0,0,0,3,0,0,0
177.61,0,0,0,0,0,2175,1.78746,0.00207696,1.81011,89,0,21,21,25,0,-2,0,0,0,28,4360,4352,-5,175,20,583,40366,40279,110,1024,13,93,-21800,0,0,0,0,1,16,0,0,2,4394,0,0,0,0,0,0,0,0,0,-11,0,0,0
177.62,0,0,0,0,0,2162,1.78702,0.00208722,1.80979,89,0,21,21,25,0,-2,0,0,0,28,4360,4352,-3,175,20,583,40366,40279,110,1024,13,93,-13080,0,0,0,0,1,0,0,21,3,4415,0,0,0,0,0,0,0,0,0,0,0,0,0
177.63,0,0,0,0,0,2146,1.78658,0.00209748,1.80947,89,0,21,21,25,0,-2,0,0,0,28,4356,4352,-3,175,20,583,40366,40279,110,1024,13,93,-13068,0,0,0,0,1,0,27,6,1,4419,0,0,0,0,0,0,0,0,0,0,0,0,0
177.64,0,0,0,0,0,2146,1.78614,0.00210774,1.80914,89,0,21,21,25,0,-2,0,0,0,28,4356,4352,-3,175,20,583,40366,40279,110,1024,13,93,-13068,0,0,0,0,1,0,27,6,1,4419,0,0,0,0,0,0,0,0,0,0,0,0,0
177.65,0,0,0,0,0,2130,1.78571,0.00211799,1.80882,89,0,21,21,25,0,-2,0,0,0,28,4356,4352,-3,175,20,583,40366,40279,110,1024,13,93,-13068,0,0,0,0,1,19,11,0,2,4413,0,0,0,0,0,0,0,0,0,-16,0,0,0
177.66,0,0,0,0,0,2113,1.78527,0.00212825,1.8085,89,0,21,21,25,0,-2,0,0,0,28,4356,4352,-8,175,20,583,40366,40279,110,1024,13,93,-34848,0,0,0,0,1,12,0,6,2,4402,0,0,0,0,0,0,0,0,0,-7,0,0,0
177.67,0,0,0,0,0,2100,1.78483,0.00213851,1.80817,89,0,21,21,25,0,-2,0,0,0,28,4354,4352,-5,175,20,583,40366,40279,110,1024,13,93,-21770,0,0,0,0,1,4,13,0,0,4411,0,0,0,0,0,0,0,0,0,9,0,0,0
177.68,0,0,0,0,0,2094,1.78439,0.00214877,1.80785,89,0,21,21,25,0,-2,0,0,0,28,4354,4352,-5,175,20,583,40366,40279,110,1024,13,93,-21770,0,0,0,0,1,2,0,0,0,4423,0,0,0,0,0,0,0,0,0,-5,0,0,0
177.69,0,0,0,0,0,2094,1.78395,0.00215902,1.80753,89,0,21,21,25,0,-2,0,0,0,28,4359,4352,-10,175,20,583,40366,40279,110,1024,13,93,-43590,0,0,0,0,1,6,0,0,0,4428,0,0,0,0,0,0,0,0,0,15,0,0,0
177.7,0,0,0,0,0,2097,1.78351,0.00216928,1.8072,89,0,21,21,25,0,-2,0,0,0,29,4360,4352,-9,175,20,583,40392,40306,110,1024,13,106,-39240,0,0,0,0,1,6,0,0,0,4428,0,0,0,0,0,0,0,0,0,15,0,0,0
177.71,0,0,0,0,0,2096,1.7832,0.00216118,1.80699,89,0,21,21,25,0,-2,0,0,0,29,4360,4352,-6,175,20,583,40392,40306,110,1024,13,106,-26160,0,0,0,0,1,8,0,0,0,4421,0,0,0,0,0,0,0,0,0,12,0,0,0
177.72,0,0,0,0,0,2088,1.78289,0.00215308,1.80678,89,0,21,21,25,0,-2,0,0,0,29,4360,4352,-6,175,20,583,40392,40306,110,1024,13,106,-26160,0,0,0,0,1,8,1,0,2,4402,0,0,0,0,0,0,0,0,0,-1,0,0,0
177.73,0,0,0,0,0,2073,1.78259,0.00214498,1.80657,89,0,21,21,25,0,-2,0,0,0,29,4360,4352,-1,175,20,583,40392,40306,110,1024,13,106,-4360,0,0,0,0,1,24,0,4,4,4404,0,0,0,0,0,0,0,0,0,-5,0,0,0
177.74,0,0,0,0,0,2057,1.78228,0.00213688,1.80635,89,0,21,21,25,0,-2,0,0,0,29,4355,4352,0,175,20,583,40392,40306,110,1024,13,106,0,0,0,0,0,1,0,15,0,2,4415,0,0,0,0,0,0,0,0,0,10,0,0,0
177.75,0,0,0,0,0,2041,1.78197,0.00212878,1.80614,89,0,21,21,25,0,-2,0,0,0,29,4355,4352,-3,175,20,583,40392,40306,110,1024,13,106,-13065,0,0,0,0,1,0,17,18,0,4415,0,0,0,0,0,0,0,0,0,6,0,0,0
177.76,0,0,0,0,0,2041,1.78166,0.00212068,1.80593,89,0,21,21,25,0,-2,0,0,0,29,4355,4352,-3,175,20,583,40392,40306,110,1024,13,106,-13065,0,0,0,0,1,0,17,18,0,4415,0,0,0,0,0,0,0,0,0,6,0,0,0
177.77,0,0,0,0,0,2026,1.78136,0.00211258,1.80571,89,0,21,21,25,0,-2,0,0,0,29,4356,4352,-10,175,20,583,40392,40306,110,1024,13,106,-43560,0,0,0,0,1,10,1,19,0,4421,0,0,0,0,0,0,0,0,0,7,0,0,0
177.78,0,0,0,0,0,2015,1.78105,0.00210448,1.8055,89,0,21,21,25,0,-2,0,0,0,29,4357,4352,-12,175,20,583,40392,40306,110,1024,13,106,-52284,0,0,0,0,1,30,0,0,0,4430,0,0,0,0,0,0,0,0,0,18,0,0,0
177.79,0,0,0,0,0,2011,1.78074,0.00209638,1.80529,89,0,21,21,25,0,-2,0,0,0,29,4357,4352,-14,175,20,583,40392,40306,110,1024,13,106,-60998,0,0,0,0,1,37,3,0,0,4413,0,0,0,0,0,0,0,0,0,26,0,0,0
177.8,0,0,0,0,0,2012,1.78043,0.00208828,1.80507,89,0,21,21,25,0,-2,0,0,0,29,4357,4352,-14,175,20,583,40364,40279,109,1024,14,1,-60998,0,0,0,0,1,21,0,0,0,4415,0,0,0,0,0,0,0,0,0,11,0,0,0
177.81,0,0,0,0,0,2013,1.77997,0.0021024,1.8047,89,0,21,21,25,0,-2,0,0,0,29,4361,4353,-4,175,20,583,40364,40279,109,1024,14,1,-17444,0,0,0,0,1,18,0,4,0,4423,0,0,0,0,0,0,0,0,0,10,0,0,0
177.82,0,0,0,0,0,2013,1.77951,0.00211651,1.80433,89,0,21,21,25,0,-2,0,0,0,29,4361,4353,-1,175,20,583,40364,40279,109,1024,14,1,-4361,0,0,0,0,1,18,0,4,0,4423,0,0,0,0,0,0,0,0,0,10,0,0,0
177.83,0,0,0,0,0,2007,1.77905,0.00213063,1.80396,89,0,21,21,25,0,-2,0,0,0,29,4357,4353,0,175,20,583,40364,40279,109,1024,14,1,0,0,0,0,0,1,0,5,10,0,4426,0,0,0,0,0,0,0,0,0,0,0,0,0
177.84,0,0,0,0,0,1993,1.77858,0.00214474,1.80359,89,0,21,21,25,0,-2,0,0,0,29,4357,4353,0,175,20,583,40364,40279,109,1024,14,1,0,0,0,0,0,1,0,3,0,1,4421,0,0,0,0,0,0,0,0,0,7,0,0,0
177.85,0,0,0,0,0,1978,1.77812,0.00215886,1.80322,89,0,21,21,25,0,-2,0,0,0,29,4355,4353,-2,175,20,583,40364,40279,109,1024,14,1,-8710,0,0,0,0,1,0,3,0,1,4421,0,0,0,0,0,0,0,0,0,-2,0,0,0
177.86,0,0,0,0,0,1961,1.77766,0.00217297,1.80285,89,0,21,21,25,0,-2,0,0,0,29,4355,4353,-2,175,20,583,40364,40279,109,1024,14,1,-8710,0,0,0,0,1,0,0,12,0,4426,0,0,0,0,0,0,0,0,0,0,0,0,0
177.87,0,0,0,0,0,1943,1.7772,0.00218709,1.80248,89,0,21,21,25,0,-2,0,0,0,29,4355,4354,-3,175,20,583,40364,40279,109,1024,14,1,-13065,0,0,0,0,1,0,21,2,0,4413,0,0,0,0,0,0,0,0,0,14,0,0,0
177.88,0,0,0,0,0,1943,1.77674,0.0022012,1.80211,89,0,21,21,25,0,-2,0,0,0,29,4355,4354,-3,175,20,583,40364,40279,109,1024,14,1,-13065,0,0,0,0,1,0,21,2,0,4413,0,0,0,0,0,0,0,0,0,14,0,0,0
177.89,0,0,0,0,0,1929,1.77627,0.00221532,1.80174,89,0,21,21,25,0,-2,0,0,0,29,4356,4354,-11,175,20,583,40364,40279,109,1024,14,1,-47916,0,0,0,0,1,0,19,0,0,4402,0,0,0,0,0,0,0,0,0,4,0,0,0
177.9,0,0,0,0,0,1922,1.77581,0.00222943,1.80137,89,0,21,21,25,0,-2,0,0,0,29,4356,4354,-9,175,20,583,40367,40280,109,1024,14,1,-39204,0,0,0,0,1,0,11,0,0,4402,0,0,0,0,0,0,0,0,0,4,0,0,0
177.91,0,0,0,0,0,1922,1.77547,0.00220224,1.80112,89,0,21,21,25,0,-2,0,0,0,29,4360,4354,-10,175,20,583,40367,40280,109,1024,14,1,-43600,0,0,0,0,1,8,0,0,0,4408,0,0,0,0,0,0,0,0,0,17,0,0,0
177.92,0,0,0,0,0,1924,1.77512,0.00217505,1.80087,89,0,21,21,25,0,-2,0,0,0,29,4360,4354,-10,175,20,583,40367,40280,109,1024,14,1,-43600,0,0,0,0,1,2,0,6,0,4430,0,0,0,0,0,0,0,0,0,15,0,0,0
177.93,0,0,0,0,0,1928,1.77477,0.00214785,1.80062,89,0,21,21,25,0,-2,0,0,0,29,4359,4354,0,175,20,583,40367,40280,109,1024,14,1,0,0,0,0,0,1,8,0,0,0,4423,0,0,0,0,0,0,0,0,0,5,0,0,0
177.94,0,0,0,0,0,1928,1.77443,0.00212066,1.80037,89,0,21,21,25,0,-2,0,0,0,29,4359,4354,0,175,20,583,40367,40280,109,1024,14,1,0,0,0,0,0,1,8,0,0,0,4423,0,0,0,0,0,0,0,0,0,5,0,0,0
177.95,0,0,0,0,0,1920,1.77408,0.00209347,1.80013,89,0,21,21,25,0,-2,0,0,0,29,4359,4354,0,175,20,583,40367,40280,109,1024,14,1,0,0,0,0,0,1,0,0,0,3,4421,0,0,0,0,0,0,0,0,0,-31,0,0,0
177.96,0,0,0,0,0,1905,1.77374,0.00206628,1.79988,89,0,21,21,25,0,-2,0,0,0,29,4359,4354,0,175,20,583,40367,40280,109,1024,14,1,0,0,0,0,0,1,0,0,8,4,4413,0,0,0,0,0,0,0,0,0,-12,0,0,0
177.97,0,0,0,0,0,1889,1.77339,0.00203908,1.79963,89,0,21,21,25,0,-2,0,0,0,29,4355,4354,-3,175,20,583,40367,40280,109,1024,14,1,-13065,0,0,0,0,1,30,0,0,2,4402,0,0,0,0,0,0,0,0,0,-8,0,0,0
177.98,0,0,0,0,0,1872,1.77305,0.00201189,1.79938,89,0,21,21,25,0,-2,0,0,0,29,4357,4354,-4,175,20,583,40367,40280,109,1024,14,1,-17428,0,0,0,0,1,12,7,0,0,4423,0,0,0,0,0,0,0,0,0,-7,0,0,0
177.99,0,0,0,0,0,1854,1.7727,0.0019847,1.79913,89,0,21,21,25,0,-2,0,0,0,29,4357,4354,-6,175,20,583,40367,40280,109,1024,14,1,-26142,0,0,0,0,1,13,0,12,0,4413,0,0,0,0,0,0,0,0,0,9,0,0,0
178,0,0,0,0,0,1854,1.77235,0.00195751,1.79889,89,0,21,21,25,0,-2,0,0,0,29,4357,4354,-6,175,20,583,40371,40281,109,1024,14,1,-26142,0,0,0,0,1,13,0,12,0,4413,0,0,0,0,0,0,0,0,0,9,0,0,0
178.01,0,0,0,0,0,1838,1.77219,0.00198905,1.79878,89,0,21,21,25,0,-2,0,0,0,29,4358,4354,-8,175,20,583,40371,40281,109,1024,14,1,-34864,0,0,0,0,1,8,11,0,0,4397,0,0,0,0,0,0,0,0,0,3,0,0,0
178.02,0,0,0,0,0,1830,1.77203,0.0020206,1.79867,89,0,21,21,25,0,-2,0,0,0,29,4358,4354,-6,175,20,583,40371,40281,109,1024,14,1,-26148,0,0,0,0,1,2,0,4,0,4421,0,0,0,0,0,0,0,0,0,11,0,0,0
178.03,0,0,0,0,0,1830,1.77186,0.00205214,1.79856,89,0,21,21,25,0,-2,0,0,0,29,4358,4354,-1,175,20,583,40371,40281,109,1024,14,1,-4358,0,0,0,0,1,18,0,0,0,4426,0,0,0,0,0,0,0,0,0,7,0,0,0
178.04,0,0,0,0,0,1833,1.7717,0.00208369,1.79845,89,0,21,21,25,0,-2,0,0,0,29,4358,4354,-1,175,20,583,40371,40281,109,1024,14,1,-4358,0,0,0,0,1,0,15,0,0,4397,0,0,0,0,0,0,0,0,0,12,0,0,0
178.05,0,0,0,0,0,1834,1.77154,0.00211523,1.79834,89,0,21,21,25,0,-2,0,0,0,29,4357,4354,0,175,20,583,40371,40281,109,1024,14,1,0,0,0,0,0,1,0,0,24,0,4421,0,0,0,0,0,0,0,0,0,5,0,0,0
178.06,0,0,0,0,0,1834,1.77137,0.00214678,1.79823,89,0,21,21,25,0,-2,0,0,0,29,4357,4354,0,175,20,583,40371,40281,109,1024,14,1,0,0,0,0,0,1,0,0,24,0,4421,0,0,0,0,0,0,0,0,0,5,0,0,0
178.07,0,0,0,0,0,1829,1.77121,0.00217832,1.79812,89,0,21,21,25,0,-2,0,0,0,29,4357,4354,-1,175,20,583,40371,40281,109,1024,14,1,-4357,0,0,0,0,1,2,0,12,0,4419,0,0,0,0,0,0,0,0,0,1,0,0,0
178.08,0,0,0,0,0,1815,1.77104,0.00220987,1.79801,89,0,21,21,25,0,-2,0,0,0,29,4357,4354,-1,175,20,583,40371,40281,109,1024,14,1,-4357,0,0,0,0,1,8,3,0,3,4404,0,0,0,0,0,0,0,0,0,-1,0,0,0
178.09,0,0,0,0,0,1801,1.77088,0.00224141,1.7979,89,0,21,21,25,0,-2,0,0,0,29,4356,4354,-5,175,20,583,40371,40281,109,1024,14,1,-21780,0,0,0,0,1,0,23,0,4,4421,0,0,0,0,0,0,0,0,0,-10,0,0,0
178.1,0,0,0,0,0,1785,1.77072,0.00227296,1.79779,89,0,21,21,24,0,-2,0,0,0,29,4356,4354,-6,175,20,583,40377,40287,109,1024,14,1,-26136,0,0,0,0,1,0,0,2,2,4411,0,0,0,0,0,0,0,0,0,-6,0,0,0
178.11,0,0,0,0,0,1769,1.77056,0.00224674,1.7976,89,0,21,21,24,0,-2,0,0,0,29,4356,4354,-9,175,20,583,40377,40287,109,1024,14,1,-39204,0,0,0,0,1,25,3,0,0,4408,0,0,0,0,0,0,0,0,0,-13,0,0,0
178.12,0,0,0,0,0,1769,1.77041,0.00222052,1.79742,89,0,21,21,24,0,-2,0,0,0,29,4356,4354,-9,175,20,583,40377,40287,109,1024,14,1,-39204,0,0,0,0,1,25,3,0,0,4408,0,0,0,0,0,0,0,0,0,-13,0,0,0
178.13,0,0,0,0,0,1753,1.77025,0.00219431,1.79723,89,0,21,21,24,0,-2,0,0,0,29,4356,4354,-4,175,20,583,40377,40287,109,1024,14,1,-17424,0,0,0,0,1,12,11,10,0,4417,0,0,0,0,0,0,0,0,0,13,0,0,0
178.14,0,0,0,0,0,1743,1.7701,0.00216809,1.79705,89,0,21,21,24,0,-2,0,0,0,29,4356,4354,0,175,20,583,40377,40287,109,1024,14,1,0,0,0,0,0,1,0,0,2,0,4417,0,0,0,0,0,0,0,0,0,5,0,0,0
178.15,0,0,0,0,0,1739,1.76995,0.00214187,1.79686,89,0,21,21,24,0,-2,0,0,0,29,4356,4354,2,175,20,583,40377,40287,109,1024,14,1,8712,0,0,0,0,1,0,17,0,0,4423,0,0,0,0,0,0,0,0,0,7,0,0,0
178.16,0,0,0,0,0,1742,1.76979,0.00211565,1.79668,89,0,21,21,24,0,-2,0,0,0,29,4356,4354,2,175,20,583,40377,40287,109,1024,14,1,8712,0,0,0,0,1,0,0,25,0,4421,0,0,0,0,0,0,0,0,0,9,0,0,0
178.17,0,0,0,0,0,1742,1.76964,0.00208944,1.7965,89,0,21,21,24,0,-2,0,0,0,29,4356,4354,1,175,20,583,40377,40287,109,1024,14,1,4356,0,0,0,0,1,19,24,0,0,4408,0,0,0,0,0,0,0,0,0,21,0,0,0
178.18,0,0,0,0,0,1744,1.76948,0.00206322,1.79631,89,0,21,21,24,0,-2,0,0,0,29,4356,4354,0,175,20,583,40377,40287,109,1024,14,1,0,0,0,0,0,1,19,24,0,0,4408,0,0,0,0,0,0,0,0,0,21,0,0,0
178.19,0,0,0,0,0,1744,1.76933,0.002037,1.79613,89,0,21,21,24,0,-2,0,0,0,29,4356,4354,-3,175,20,583,40377,40287,109,1024,14,1,-13068,0,0,0,0,1,0,0,0,0,4417,0,0,0,0,0,0,0,0,0,3,0,0,0
178.2,0,0,0,0,0,1732,1.76918,0.00201078,1.79594,89,0,21,21,24,0,-2,0,0,0,29,4356,4354,-3,175,20,583,40366,40276,109,1024,14,1,-13068,0,0,0,0,1,0,0,21,2,4408,0,0,0,0,0,0,0,0,0,-12,0,0,0
178.21,0,0,0,0,0,1715,1.76893,0.00200975,1.79575,89,0,21,21,24,0,-2,0,0,0,29,4357,4354,-8,175,20,583,40366,40276,109,1024,14,1,-34856,0,0,0,0,1,2,17,0,1,4423,0,0,0,0,0,0,0,0,0,-12,0,0,0
178.22,0,0,0,0,0,1696,1.76869,0.00200872,1.79556,89,0,21,21,24,0,-2,0,0,0,29,4357,4354,-7,175,20,583,40366,40276,109,1024,14,1,-30499,0,0,0,0,1,21,0,0,4,4404,0,0,0,0,0,0,0,0,0,-9,0,0,0
178.23,0,0,0,0,0,1696,1.76845,0.00200769,1.79536,89,0,21,21,24,0,-2,0,0,0,29,4357,4354,-7,175,20,583,40366,40276,109,1024,14,1,-30499,0,0,0,0,1,0,3,12,2,4423,0,0,0,0,0,0,0,0,0,-5,0,0,0
178.24,0,0,0,0,0,1681,1.7682,0.00200667,1.79517,89,0,21,21,24,0,-2,0,0,0,29,4357,4354,-7,175,20,583,40366,40276,109,1024,14,1,-30499,0,0,0,0,1,0,3,12,2,4423,0,0,0,0,0,0,0,0,0,-5,0,0,0
178.25,0,0,0,0,0,1667,1.76796,0.00200564,1.79497,89,0,21,21,24,0,-2,0,0,0,29,4360,4354,-3,175,20,583,40366,40276,109,1024,14,1,-13080,0,0,0,0,1,2,5,6,0,4430,0,0,0,0,0,0,0,0,0,-4,0,0,0
178.26,0,0,0,0,0,1657,1.76772,0.00200461,1.79478,89,0,21,21,24,0,-2,0,0,0,29,4360,4354,2,175,20,583,40366,40276,109,1024,14,1,8720,0,0,0,0,1,0,19,0,0,4402,0,0,0,0,0,0,0,0,0,3,0,0,0
178.27,0,0,0,0,0,1656,1.76747,0.00200358,1.79459,89,0,21,21,24,0,-2,0,0,0,29,4360,4354,0,175,20,583,40366,40276,109,1024,14,1,0,0,0,0,0,1,0,0,0,0,4423,0,0,0,0,0,0,0,0,0,-6,0,0,0
178.28,0,0,0,0,0,1655,1.76723,0.00200255,1.79439,89,0,21,21,24,0,-2,0,0,0,29,4360,4354,0,175,20,583,40366,40276,109,1024,14,1,0,0,0,0,0,1,6,0,18,0,4421,0,0,0,0,0,0,0,0,0,4,0,0,0
178.29,0,0,0,0,0,1656,1.76699,0.00200152,1.7942,89,0,21,21,24,0,-2,0,0,0,29,4357,4354,1,175,20,583,40366,40276,109,1024,14,1,4357,0,0,0,0,1,0,7,0,0,4406,0,0,0,0,0,0,0,0,0,7,0,0,0
178.3,0,0,0,0,0,1656,1.76674,0.00200049,1.79401,89,0,21,21,26,0,-2,0,0,0,30,4357,4354,0,175,20,583,40376,40292,109,1024,13,98,0,0,0,0,0,1,0,7,0,0,4406,0,0,0,0,0,0,0,0,0,7,0,0,0
178.31,0,0,0,0,0,1656,1.7663,0.00199392,1.79364,89,0,21,21,26,0,-2,0,0,0,30,4357,4354,0,175,20,583,40376,40292,109,1024,13,98,0,0,0,0,0,1,0,3,2,0,4419,0,0,0,0,0,0,0,0,0,-8,0,0,0
178.32,0,0,0,0,0,1645,1.76585,0.00198735,1.79327,89,0,21,21,26,0,-2,0,0,0,30,4357,4354,0,175,20,583,40376,40292,109,1024,13,98,0,0,0,0,0,1,4,23,0,0,4421,0,0,0,0,0,0,0,0,0,-6,0,0,0
178.33,0,0,0,0,0,1630,1.76541,0.00198078,1.7929,89,0,21,21,26,0,-2,0,0,0,30,4358,4355,-6,175,20,583,40376,40292,109,1024,13,98,-26148,0,0,0,0,1,35,0,0,3,4413,0,0,0,0,0,0,0,0,0,-20,0,0,0
178.34,0,0,0,0,0,1616,1.76496,0.0019742,1.79253,89,0,21,21,26,0,-2,0,0,0,30,4358,4355,-8,175,20,583,40376,40292,109,1024,13,98,-34864,0,0,0,0,1,13,3,4,1,4402,0,0,0,0,0,0,0,0,0,1,0,0,0
178.35,0,0,0,0,0,1600,1.76452,0.00196763,1.79216,89,0,21,21,26,0,-2,0,0,0,30,4360,4355,-7,175,20,583,40376,40292,109,1024,13,98,-30520,0,0,0,0,1,13,19,10,0,4421,0,0,0,0,0,0,0,0,0,19,0,0,0
178.36,0,0,0,0,0,1600,1.76407,0.00196106,1.79179,89,0,21,21,26,0,-2,0,0,0,30,4360,4355,-7,175,20,583,40376,40292,109,1024,13,98,-30520,0,0,0,0,1,13,19,10,0,4421,0,0,0,0,0,0,0,0,0,19,0,0,0
178.37,0,0,0,0,0,1590,1.76362,0.00195449,1.79142,89,0,21,21,26,0,-2,0,0,0,30,4361,4355,-4,175,20,583,40376,40292,109,1024,13,98,-17444,0,0,0,0,1,0,9,0,1,4423,0,0,0,0,0,0,0,0,0,-8,0,0,0
178.38,0,0,0,0,0,1578,1.76318,0.00194792,1.79105,89,0,21,21,26,0,-2,0,0,0,30,4361,4355,0,175,20,583,40376,40292,109,1024,13,98,0,0,0,0,0,1,19,0,2,0,4423,0,0,0,0,0,0,0,0,0,3,0,0,0
178.39,0,0,0,0,0,1573,1.76273,0.00194135,1.79068,89,0,21,21,26,0,-2,0,0,0,30,4361,4357,1,175,19,583,40376,40292,109,1024,13,98,4361,0,0,0,0,1,0,0,0,0,4417,0,0,0,0,0,0,0,0,0,16,0,0,0
178.4,0,0,0,0,0,1570,1.76229,0.00193478,1.79031,89,0,21,21,25,0,-2,0,0,0,30,4361,4357,1,175,19,583,40409,40329,110,1024,13,93,4361,0,0,0,0,1,0,3,4,0,4408,0,0,0,0,0,0,0,0,0,-3,0,0,0
178.41,0,0,0,0,0,1566,1.76202,0.00192705,1.79011,89,0,21,21,25,0,-2,0,0,0,30,4358,4357,0,175,19,583,40409,40329,110,1024,13,93,0,0,0,0,0,1,0,11,0,0,4408,0,0,0,0,0,0,0,0,0,2,0,0,0
178.42,0,0,0,0,0,1566,1.76175,0.00191933,1.7899,89,0,21,21,25,0,-2,0,0,0,30,4358,4357,0,175,19,583,40409,40329,110,1024,13,93,0,0,0,0,0,1,0,11,0,0,4408,0,0,0,0,0,0,0,0,0,2,0,0,0
178.43,0,0,0,0,0,1562,1.76148,0.0019116,1.7897,89,0,21,21,25,0,-2,0,0,0,30,4358,4357,0,175,19,583,40409,40329,110,1024,13,93,0,0,0,0,0,1,0,1,0,0,4411,0,0,0,0,0,0,0,0,0,1,0,0,0
178.44,0,0,0,0,0,1553,1.76122,0.00190387,1.7895,89,0,21,21,25,0,-2,0,0,0,30,4358,4357,0,175,19,583,40409,40329,110,1024,13,93,0,0,0,0,0,1,4,13,6,0,4419,0,0,0,0,0,0,0,0,0,11,0,0,0
178.45,0,0,0,0,0,1545,1.76095,0.00189615,1.7893,89,0,21,21,25,0,-2,0,0,0,30,4358,4357,-3,175,19,583,40409,40329,110,1024,13,93,-13074,0,0,0,0,1,0,3,0,0,4419,0,0,0,0,0,0,0,0,0,-1,0,0,0
178.46,0,0,0,0,0,1533,1.76068,0.00188842,1.7891,89,0,21,21,25,0,-2,0,0,0,30,4358,4357,-6,175,19,583,40409,40329,110,1024,13,93,-26148,0,0,0,0,1,4,3,0,0,4423,0,0,0,0,0,0,0,0,0,4,0,0,0
178.47,0,0,0,0,0,1525,1.76041,0.0018807,1.78889,89,0,21,21,25,0,-2,0,0,0,30,4358,4357,-7,175,19,583,40409,40329,110,1024,13,93,-30506,0,0,0,0,1,0,3,0,1,4428,0,0,0,0,0,0,0,0,0,-5,0,0,0
178.48,0,0,0,0,0,1525,1.76014,0.00187297,1.78869,89,0,21,21,25,0,-2,0,0,0,30,4358,4357,-7,175,19,583,40409,40329,110,1024,13,93,-30506,0,0,0,0,1,0,3,0,1,4428,0,0,0,0,0,0,0,0,0,-5,0,0,0
178.49,0,0,0,0,0,1512,1.75988,0.00186525,1.78849,89,0,21,21,25,0,-2,0,0,0,30,4360,4357,0,175,19,583,40409,40329,110,1024,13,93,0,0,0,0,0,1,0,7,2,0,4428,0,0,0,0,0,0,0,0,0,-1,0,0,0
178.5,0,0,0,0,0,1506,1.75961,0.00185752,1.78829,89,0,21,21,25,0,-2,0,0,0,30,4360,4357,0,175,19,583,40403,40324,110,1024,14,1,0,0,0,0,0,1,0,0,0,0,4426,0,0,0,0,0,0,0,0,0,-3,0,0,0
178.51,0,0,0,0,0,1498,1.75932,0.00186828,1.78809,89,0,21,21,25,0,-2,0,0,0,30,4360,4357,0,175,19,583,40403,40324,110,1024,14,1,0,0,0,0,0,1,16,21,0,0,4417,0,0,0,0,0,0,0,0,0,6,0,0,0
178.52,0,0,0,0,0,1492,1.75903,0.00187904,1.78788,89,0,21,21,25,0,-2,0,0,0,30,4360,4357,0,175,19,583,40403,40324,110,1024,14,1,0,0,0,0,0,1,0,5,0,0,4423,0,0,0,0,0,0,0,0,0,-5,0,0,0
178.53,0,0,0,0,0,1492,1.75874,0.00188979,1.78768,89,0,21,21,25,0,-2,0,0,0,30,4358,4357,1,175,19,583,40403,40324,110,1024,14,1,4358,0,0,0,0,1,24,15,18,0,4430,0,0,0,0,0,0,0,0,0,15,0,0,0
178.54,0,0,0,0,0,1482,1.75845,0.00190055,1.78748,89,0,21,21,25,0,-2,0,0,0,30,4358,4357,1,175,19,583,40403,40324,110,1024,14,1,4358,0,0,0,0,1,24,15,18,0,4430,0,0,0,0,0,0,0,0,0,15,0,0,0
178.55,0,0,0,0,0,1476,1.75815,0.00191131,1.78728,89,0,21,21,25,0,-2,0,0,0,30,4358,4357,0,175,19,583,40403,40324,110,1024,14,1,0,0,0,0,0,1,0,0,0,0,4421,0,0,0,0,0,0,0,0,0,0,0,0,0
178.56,0,0,0,0,0,1465,1.75786,0.00192206,1.78708,89,0,21,21,25,0,-2,0,0,0,30,4358,4357,0,175,19,583,40403,40324,110,1024,14,1,0,0,0,0,0,1,21,15,19,0,4428,0,0,0,0,0,0,0,0,0,22,0,0,0
178.57,0,0,0,0,0,1460,1.75757,0.00193282,1.78687,89,0,21,21,25,0,-2,0,0,0,30,4357,4357,-4,175,19,583,40403,40324,110,1024,14,1,-17428,0,0,0,0,1,0,1,0,0,4426,0,0,0,0,0,0,0,0,0,-5,0,0,0
178.58,0,0,0,0,0,1450,1.75728,0.00194358,1.78667,89,0,21,21,25,0,-2,0,0,0,30,4357,4357,-5,175,19,583,40403,40324,110,1024,14,1,-21785,0,0,0,0,1,4,23,8,0,4415,0,0,0,0,0,0,0,0,0,4,0,0,0
178.59,0,0,0,0,0,1445,1.75699,0.00195434,1.78647,89,0,21,21,25,0,-2,0,0,0,30,4360,4357,-4,175,19,583,40403,40324,110,1024,14,1,-17440,0,0,0,0,1,4,11,4,0,4413,0,0,0,0,0,0,0,0,0,0,0,0,0
178.6,0,0,0,0,0,1445,1.7567,0.00196509,1.78627,89,0,21,21,25,0,-2,0,0,0,30,4360,4357,-4,175,19,583,40401,40317,109,1024,14,1,-17440,0,0,0,0,1,4,11,4,0,4413,0,0,0,0,0,0,0,0,0,0,0,0,0
178.61,0,0,0,0,0,1437,1.7564,0.00194869,1.78601,89,0,21,21,25,0,-2,0,0,0,30,4361,4357,-2,175,19,583,40401,40317,109,1024,14,1,-8722,0,0,0,0,1,0,0,0,0,4406,0,0,0,0,0,0,0,0,0,9,0,0,0
178.62,0,0,0,0,0,1431,1.75609,0.00193228,1.78574,89,0,21,21,25,0,-2,0,0,0,30,4361,4357,0,175,19,583,40401,40317,109,1024,14,1,0,0,0,0,0,1,8,5,0,0,4408,0,0,0,0,0,0,0,0,0,-12,0,0,0
178.63,0,0,0,0,0,1422,1.75579,0.00191588,1.78548,89,0,21,21,25,0,-2,0,0,0,30,4361,4357,2,175,19,583,40401,40317,109,1024,14,1,8722,0,0,0,0,1,6,0,0,0,4423,0,0,0,0,0,0,0,0,0,1,0,0,0
178.64,0,0,0,0,0,1411,1.75548,0.00189947,1.78522,89,0,21,21,25,0,-2,0,0,0,30,4361,4357,2,175,19,583,40401,40317,109,1024,14,1,8722,0,0,0,0,1,13,3,0,0,4434,0,0,0,0,0,0,0,0,0,9,0,0,0
178.65,0,0,0,0,0,1403,1.75518,0.00188307,1.78496,89,0,21,21,25,0,-2,0,0,0,30,4359,4357,0,175,19,583,40401,40317,109,1024,14,1,0,0,0,0,0,1,0,11,0,0,4419,0,0,0,0,0,0,0,0,0,7,0,0,0
178.66,0,0,0,0,0,1403,1.75487,0.00186666,1.7847,89,0,21,21,25,0,-2,0,0,0,30,4358,4357,0,175,19,583,40401,40317,109,1024,14,1,0,0,0,0,0,1,0,11,0,0,4419,0,0,0,0,0,0,0,0,0,7,0,0,0
178.67,0,0,0,0,0,1393,1.75457,0.00185026,1.78444,89,0,21,21,25,0,-2,0,0,0,30,4358,4357,0,175,19,583,40401,40317,109,1024,14,1,0,0,0,0,0,1,10,32,0,0,4406,0,0,0,0,0,0,0,0,0,6,0,0,0
178.68,0,0,0,0,0,1387,1.75426,0.00183385,1.78418,89,0,21,21,25,0,-2,0,0,0,30,4358,4357,0,175,19,583,40401,40317,109,1024,14,1,0,0,0,0,0,1,4,1,0,0,4419,0,0,0,0,0,0,0,0,0,-4,0,0,0
178.69,0,0,0,0,0,1380,1.75396,0.00181745,1.78392,89,0,21,21,25,0,-2,0,0,0,30,4359,4357,0,175,19,583,40401,40317,109,1024,14,1,0,0,0,0,0,1,0,0,0,0,4423,0,0,0,0,0,0,0,0,0,6,0,0,0
178.7,0,0,0,0,0,1371,1.75366,0.00180104,1.78366,89,0,21,21,23,0,-2,0,0,0,31,4359,4357,-2,175,19,583,40385,40297,110,1024,14,98,-8718,0,0,0,0,1,16,3,10,0,4428,0,0,0,0,0,0,0,0,0,14,0,0,0
178.71,0,0,0,0,0,1365,1.75342,0.00179893,1.78348,89,0,21,21,23,0,-2,0,0,0,31,4359,4358,-3,175,19,583,40385,40297,110,1024,14,98,-13077,0,0,0,0,1,0,11,0,0,4411,0,0,0,0,0,0,0,0,0,4,0,0,0
178.72,0,0,0,0,0,1365,1.75318,0.00179681,1.7833,89,0,21,21,23,0,-2,0,0,0,31,4359,4358,-3,175,19,583,40385,40297,110,1024,14,98,-13077,0,0,0,0,1,0,11,0,0,4411,0,0,0,0,0,0,0,0,0,4,0,0,0
178.73,0,0,0,0,0,1357,1.75294,0.00179469,1.78312,89,0,21,21,23,0,-2,0,0,0,31,4360,4358,0,175,19,583,40385,40297,110,1024,14,98,0,0,0,0,0,1,2,0,0,0,4415,0,0,0,0,0,0,0,0,0,-2,0,0,0
178.74,0,0,0,0,0,1349,1.7527,0.00179258,1.78294,89,0,21,21,23,0,-2,0,0,0,31,4360,4358,0,175,19,583,40385,40297,110,1024,14,98,0,0,0,0,0,1,6,19,2,0,4430,0,0,0,0,0,0,0,0,0,3,0,0,0
178.75,0,0,0,0,0,1341,1.75246,0.00179046,1.78275,89,0,21,21,23,0,-2,0,0,0,31,4360,4358,0,175,19,583,40385,40297,110,1024,14,98,0,0,0,0,0,1,0,0,10,0,4417,0,0,0,0,0,0,0,0,0,-6,0,0,0
178.76,0,0,0,0,0,1332,1.75223,0.00178834,1.78257,89,0,21,21,23,0,-2,0,0,0,31,4360,4358,0,175,19,583,40385,40297,110,1024,14,98,0,0,0,0,0,1,0,0,0,0,4411,0,0,0,0,0,0,0,0,0,-4,0,0,0
178.77,0,0,0,0,0,1332,1.75199,0.00178623,1.78239,89,0,21,21,23,0,-2,0,0,0,31,4359,4358,1,175,19,583,40385,40297,110,1024,14,98,4359,0,0,0,0,1,8,0,8,0,4426,0,0,0,0,0,0,0,0,0,4,0,0,0
178.78,0,0,0,0,0,1328,1.75175,0.00178411,1.78221,89,0,21,21,23,0,-2,0,0,0,31,4359,4358,0,175,19,583,40385,40297,110,1024,14,98,0,0,0,0,0,1,8,0,8,0,4426,0,0,0,0,0,0,0,0,0,4,0,0,0
178.79,0,0,0,0,0,1324,1.75151,0.001782,1.78203,89,0,21,21,23,0,-2,0,0,0,31,4359,4359,1,175,19,583,40385,40297,110,1024,14,98,4359,0,0,0,0,1,0,0,0,0,4421,0,0,0,0,0,0,0,0,0,-1,0,0,0
178.8,0,0,0,0,0,1317,1.75127,0.00177988,1.78185,89,0,21,21,25,0,-2,0,0,0,31,4359,4359,1,175,19,583,40391,40303,109,1024,14,98,4359,0,0,0,0,1,4,0,0,0,4417,0,0,0,0,0,0,0,0,0,-2,0,0,0
178.81,0,0,0,0,0,1309,1.75095,0.00178336,1.78161,89,0,21,21,25,0,-2,0,0,0,31,4360,4359,0,175,19,583,40391,40303,109,1024,14,98,0,0,0,0,0,1,16,3,0,0,4428,0,0,0,0,0,0,0,0,0,11,0,0,0
178.82,0,0,0,0,0,1298,1.75064,0.00178684,1.78137,89,0,21,21,25,0,-2,0,0,0,31,4360,4359,0,175,19,583,40391,40303,109,1024,14,98,0,0,0,0,0,1,0,0,0,0,4413,0,0,0,0,0,0,0,0,0,0,0,0,0
178.83,0,0,0,0,0,1288,1.75032,0.00179032,1.78113,89,0,21,21,25,0,-2,0,0,0,31,4360,4359,0,175,19,583,40391,40303,109,1024,14,98,0,0,0,0,0,1,8,3,0,1,4430,0,0,0,0,0,0,0,0,0,0,0,0,0
178.84,0,0,0,0,0,1288,1.75,0.0017938,1.78088,89,0,21,21,25,0,-2,0,0,0,31,4360,4359,0,175,19,583,40391,40303,109,1024,14,98,0,0,0,0,0,1,8,3,0,1,4430,0,0,0,0,0,0,0,0,0,0,0,0,0
178.85,0,0,0,0,0,1275,1.74969,0.00179728,1.78064,89,0,21,21,25,0,-2,0,0,0,31,4361,4359,0,175,19,583,40391,40303,109,1024,14,98,0,0,0,0,0,1,0,7,0,0,4415,0,0,0,0,0,0,0,0,0,0,0,0,0
178.86,0,0,0,0,0,1269,1.74937,0.00180076,1.7804,89,0,21,21,25,0,-2,0,0,0,31,4361,4359,0,175,19,583,40391,40303,109,1024,14,98,0,0,0,0,0,1,4,5,10,0,4430,0,0,0,0,0,0,0,0,0,-4,0,0,0
178.87,0,0,0,0,0,1262,1.74905,0.00180424,1.78016,89,0,21,21,25,0,-2,0,0,0,31,4361,4359,0,175,19,583,40391,40303,109,1024,14,98,0,0,0,0,0,1,0,0,0,0,4426,0,0,0,0,0,0,0,0,0,-4,0,0,0
178.88,0,0,0,0,0,1258,1.74873,0.00180772,1.77992,89,0,21,21,25,0,-2,0,0,0,31,4361,4359,0,175,19,583,40391,40303,109,1024,14,98,0,0,0,0,0,1,0,0,10,0,4423,0,0,0,0,0,0,0,0,0,3,0,0,0
178.89,0,0,0,0,0,1253,1.74842,0.0018112,1.77967,89,0,21,21,25,0,-2,0,0,0,31,4360,4359,0,175,19,583,40391,40303,109,1024,14,98,0,0,0,0,0,1,0,3,0,0,4419,0,0,0,0,0,0,0,0,0,3,0,0,0
178.9,0,0,0,0,0,1253,1.7481,0.00181468,1.77943,89,0,21,21,25,0,-2,0,0,0,31,4360,4359,0,175,19,583,40395,40308,110,1024,14,98,0,0,0,0,0,1,0,3,0,0,4419,0,0,0,0,0,0,0,0,0,3,0,0,0
178.91,0,0,0,0,0,1249,1.74774,0.00181112,1.77918,89,0,21,21,25,0,-2,0,0,0,31,4360,4359,0,175,19,583,40395,40308,110,1024,14,98,0,0,0,0,0,1,0,0,0,0,4423,0,0,0,0,0,0,0,0,0,6,0,0,0
178.92,0,0,0,0,0,1240,1.74738,0.00180755,1.77892,89,0,21,21,25,0,-2,0,0,0,31,4360,4359,0,175,19,583,40395,40308,110,1024,14,98,0,0,0,0,0,1,0,0,0,0,4419,0,0,0,0,0,0,0,0,0,-10,0,0,0
178.93,0,0,0,0,0,1229,1.74702,0.00180399,1.77867,89,0,21,21,25,0,-2,0,0,0,31,4360,4359,0,175,19,583,40395,40308,110,1024,14,98,0,0,0,0,0,1,0,0,0,0,4426,0,0,0,0,0,0,0,0,0,2,0,0,0
178.94,0,0,0,0,0,1217,1.74666,0.00180043,1.77841,89,0,21,21,25,0,-2,0,0,0,31,4360,4359,0,175,19,583,40395,40308,110,1024,14,98,0,0,0,0,0,1,18,30,12,0,4417,0,0,0,0,0,0,0,0,0,4,0,0,0
178.95,0,0,0,0,0,1213,1.7463,0.00179686,1.77816,89,0,21,21,25,0,-2,0,0,0,31,4360,4359,0,175,19,583,40395,40308,110,1024,14,98,0,0,0,0,0,1,2,0,8,0,4430,0,0,0,0,0,0,0,0,0,1,0,0,0
178.96,0,0,0,0,0,1213,1.74594,0.0017933,1.7779,89,0,21,21,25,0,-2,0,0,0,31,4360,4359,0,175,19,583,40395,40308,110,1024,14,98,0,0,0,0,0,1,2,0,8,0,4430,0,0,0,0,0,0,0,0,0,1,0,0,0
178.97,0,0,0,0,0,1208,1.74558,0.00178973,1.77765,89,0,21,21,25,0,-2,0,0,0,31,4360,4359,0,175,19,583,40395,40308,110,1024,14,98,0,0,0,0,0,1,0,5,10,0,4408,0,0,0,0,0,0,0,0,0,0,0,0,0
178.98,0,0,0,0,0,1204,1.74521,0.00178617,1.77739,89,0,21,21,25,0,-2,0,0,0,31,4360,4359,0,175,19,583,40395,40308,110,1024,14,98,0,0,0,0,0,1,4,0,0,0,4423,0,0,0,0,0,0,0,0,0,1,0,0,0
178.99,0,0,0,0,0,1197,1.74485,0.00178261,1.77714,89,0,21,21,25,0,-2,0,0,0,31,4360,4359,0,175,19,583,40395,40308,110,1024,14,98,0,0,0,0,0,1,16,3,0,0,4417,0,0,0,0,0,0,0,0,0,-10,0,0,0
179,0,0,0,0,0,1187,1.74449,0.00177904,1.77688,89,0,21,21,25,0,-2,0,0,0,31,4360,4359,0,175,19,583,40401,40320,110,1024,14,98,0,0,0,0,0,1,4,13,2,0,4411,0,0,0,0,0,0,0,0,0,0,0,0,0
179.01,0,0,0,0,0,1178,1.74429,0.00178351,1.77671,89,0,21,21,25,0,-2,0,0,0,31,4360,4359,0,175,19,583,40401,40320,110,1024,14,98,0,0,0,0,0,1,10,17,13,0,4428,0,0,0,0,0,0,0,0,0,4,0,0,0
179.02,0,0,0,0,0,1178,1.74408,0.00178797,1.77653,89,0,21,21,25,0,-2,0,0,0,31,4361,4359,0,175,19,583,40401,40320,110,1024,14,98,0,0,0,0,0,1,10,17,13,0,4428,0,0,0,0,0,0,0,0,0,4,0,0,0
179.03,0,0,0,0,0,1169,1.74387,0.00179243,1.77636,89,0,21,21,25,0,-2,0,0,0,31,4361,4359,0,175,19,583,40401,40320,110,1024,14,98,0,0,0,0,0,1,8,0,4,0,4413,0,0,0,0,0,0,0,0,0,-10,0,0,0
179.04,0,0,0,0,0,1162,1.74367,0.0017969,1.77618,89,0,21,21,25,0,-2,0,0,0,31,4361,4359,0,175,19,583,40401,40320,110,1024,14,98,0,0,0,0,0,1,6,3,8,0,4417,0,0,0,0,0,0,0,0,0,3,0,0,0
179.05,0,0,0,0,0,1157,1.74346,0.00180136,1.77601,89,0,21,21,25,0,-2,0,0,0,31,4360,4359,0,175,19,583,40401,40320,110,1024,14,98,0,0,0,0,0,1,0,5,0,0,4426,0,0,0,0,0,0,0,0,0,-1,0,0,0
179.06,0,0,0,0,0,1150,1.74325,0.00180583,1.77583,89,0,21,21,25,0,-2,0,0,0,31,4361,4359,0,175,19,583,40401,40320,110,1024,14,98,0,0,0,0,0,1,2,0,0,0,4411,0,0,0,0,0,0,0,0,0,7,0,0,0
179.07,0,0,0,0,0,1142,1.74305,0.00181029,1.77566,89,0,21,21,25,0,-2,0,0,0,31,4361,4359,0,175,19,583,40401,40320,110,1024,14,98,0,0,0,0,0,1,4,24,0,0,4408,0,0,0,0,0,0,0,0,0,4,0,0,0
179.08,0,0,0,0,0,1142,1.74284,0.00181475,1.77548,89,0,21,21,25,0,-2,0,0,0,31,4361,4359,0,175,19,583,40401,40320,110,1024,14,98,0,0,0,0,0,1,4,24,0,0,4408,0,0,0,0,0,0,0,0,0,4,0,0,0
179.09,0,0,0,0,0,1136,1.74263,0.00181922,1.77531,89,0,21,21,25,0,-2,0,0,0,31,4361,4360,0,175,19,583,40401,40320,110,1024,14,98,0,0,0,0,0,1,4,0,0,0,4423,0,0,0,0,0,0,0,0,0,-1,0,0,0
179.1,0,0,0,0,0,1130,1.74243,0.00182368,1.77513,89,0,21,21,25,0,-2,0,0,0,32,4361,4360,0,175,19,583,40408,40331,109,1024,14,98,0,0,0,0,0,1,12,1,10,0,4421,0,0,0,0,0,0,0,0,0,-1,0,0,0
179.11,0,0,0,0,0,1122,1.74212,0.00180008,1.77495,89,0,21,21,25,0,-2,0,0,0,32,4361,4360,0,175,19,583,40408,40331,109,1024,14,98,0,0,0,0,0,1,10,1,0,0,4411,0,0,0,0,0,0,0,0,0,3,0,0,0
179.12,0,0,0,0,0,1112,1.74182,0.00177647,1.77477,89,0,21,21,25,0,-2,0,0,0,32,4361,4360,0,175,19,583,40408,40331,109,1024,14,98,0,0,0,0,0,1,0,1,0,0,4408,0,0,0,0,0,0,0,0,0,3,0,0,0
179.13,0,0,0,0,0,1103,1.74152,0.00175287,1.77459,89,0,21,21,25,0,-2,0,0,0,32,4361,4360,0,175,19,583,40408,40331,109,1024,14,98,0,0,0,0,0,1,0,0,0,0,4419,0,0,0,0,0,0,0,0,0,-12,0,0,0
179.14,0,0,0,0,0,1103,1.74121,0.00172927,1.77441,89,0,21,21,25,0,-2,0,0,0,32,4361,4360,0,175,19,583,40408,40331,109,1024,14,98,0,0,0,0,0,1,0,0,0,0,4419,0,0,0,0,0,0,0,0,0,-12,0,0,0
179.15,0,0,0,0,0,1097,1.74091,0.00170566,1.77423,89,0,21,21,25,0,-2,0,0,0,32,4361,4361,1,175,19,583,40408,40331,109,1024,14,98,4361,0,0,0,0,1,0,0,0,0,4423,0,0,0,0,0,0,0,0,0,-2,0,0,0
179.16,0,0,0,0,0,1095,1.7406,0.00168206,1.77405,89,0,21,21,25,0,-2,0,0,0,32,4361,4361,1,175,19,583,40408,40331,109,1024,14,98,4361,0,0,0,0,1,10,1,0,0,4426,0,0,0,0,0,0,0,0,0,-1,0,0,0
179.17,0,0,0,0,0,1092,1.7403,0.00165845,1.77387,89,0,21,21,25,0,-2,0,0,0,32,4361,4361,0,175,19,583,40408,40331,109,1024,14,98,0,0,0,0,0,1,0,13,0,0,4411,0,0,0,0,0,0,0,0,0,-5,0,0,0
179.18,0,0,0,0,0,1086,1.74,0.00163485,1.77369,89,0,21,21,25,0,-2,0,0,0,32,4361,4361,0,175,19,583,40408,40331,109,1024,14,98,0,0,0,0,0,1,0,0,0,0,4408,0,0,0,0,0,0,0,0,0,1,0,0,0
179.19,0,0,0,0,0,1076,1.73969,0.00161124,1.77351,89,0,21,21,25,0,-2,0,0,0,32,4361,4361,0,175,19,583,40408,40331,109,1024,14,98,0,0,0,0,0,1,13,0,4,0,4413,0,0,0,0,0,0,0,0,0,1,0,0,0
179.2,0,0,0,0,0,1076,1.73939,0.00158764,1.77333,89,0,21,21,25,0,-2,0,0,0,32,4361,4361,0,175,19,583,40404,40318,109,1024,14,98,0,0,0,0,0,1,13,0,4,0,4413,0,0,0,0,0,0,0,0,0,1,0,0,0
179.21,0,0,0,0,0,1065,1.73901,0.00159776,1.773,89,0,21,21,25,0,-2,0,0,0,32,4361,4361,0,175,19,583,40404,40318,109,1024,14,98,0,0,0,0,0,1,0,0,0,0,4421,0,0,0,0,0,0,0,0,0,-11,0,0,0
179.22,0,0,0,0,0,1055,1.73863,0.00160788,1.77267,89,0,21,21,25,0,-2,0,0,0,32,4361,4361,0,175,19,583,40404,40318,109,1024,14,98,0,0,0,0,0,1,19,23,8,0,4423,0,0,0,0,0,0,0,0,0,7,0,0,0
179.23,0,0,0,0,0,1046,1.73825,0.001618,1.77235,89,0,21,21,25,0,-2,0,0,0,32,4361,4361,0,175,19,583,40404,40318,109,1024,14,98,0,0,0,0,0,1,16,13,21,0,4423,0,0,0,0,0,0,0,0,0,1,0,0,0
179.24,0,0,0,0,0,1042,1.73788,0.00162812,1.77202,89,0,21,21,25,0,-2,0,0,0,32,4361,4361,0,175,19,583,40404,40318,109,1024,14,98,0,0,0,0,0,1,8,0,0,0,4434,0,0,0,0,0,0,0,0,0,-1,0,0,0
179.25,0,0,0,0,0,1042,1.7375,0.00163825,1.7717,89,0,21,21,25,0,-2,0,0,0,32,4361,4361,0,175,19,583,40404,40318,109,1024,14,98,0,0,0,0,0,1,2,3,4,0,4428,0,0,0,0,0,0,0,0,0,-9,0,0,0
179.26,0,0,0,0,0,1038,1.73712,0.00164837,1.77137,89,0,21,21,25,0,-2,0,0,0,32,4361,4361,0,175,19,583,40404,40318,109,1024,14,98,0,0,0,0,0,1,2,3,4,0,4428,0,0,0,0,0,0,0,0,0,-9,0,0,0
179.27,0,0,0,0,0,1035,1.73674,0.00165849,1.77104,89,0,21,21,25,0,-2,0,0,0,32,4361,4361,0,175,19,583,40404,40318,109,1024,14,98,0,0,0,0,0,1,10,0,6,0,4423,0,0,0,0,0,0,0,0,0,-4,0,0,0
179.28,0,0,0,0,0,1028,1.73636,0.00166861,1.77072,89,0,21,21,25,0,-2,0,0,0,32,4361,4361,0,175,19,583,40404,40318,109,1024,14,98,0,0,0,0,0,1,8,0,0,0,4415,0,0,0,0,0,0,0,0,0,-6,0,0,0
179.29,0,0,0,0,0,1020,1.73598,0.00167873,1.77039,89,0,21,21,25,0,-2,0,0,0,32,4362,4361,0,175,19,583,40404,40318,109,1024,14,98,0,0,0,0,0,1,2,11,2,0,4413,0,0,0,0,0,0,0,0,0,-6,0,0,0
179.3,0,0,0,0,0,1010,1.73561,0.00168885,1.77007,89,0,21,21,25,0,-2,0,0,0,32,4362,4361,0,175,19,583,40411,40330,110,1024,14,98,0,0,0,0,0,1,0,7,0,0,4408,0,0,0,0,0,0,0,0,0,-5,0,0,0
179.31,0,0,0,0,0,1002,1.73531,0.00168776,1.76986,89,0,21,21,25,0,-2,0,0,0,32,4362,4361,1,175,19,583,40411,40330,110,1024,14,98,4362,0,0,0,0,1,2,13,2,0,4413,0,0,0,0,0,0,0,0,0,-3,0,0,0
179.32,0,0,0,0,0,1002,1.73502,0.00168667,1.76965,89,0,21,21,25,0,-2,0,0,0,32,4362,4361,1,175,19,583,40411,40330,110,1024,14,98,4362,0,0,0,0,1,2,13,2,0,4413,0,0,0,0,0,0,0,0,0,-3,0,0,0
179.33,0,0,0,0,0,996,1.73472,0.00168558,1.76944,89,0,21,21,25,0,-2,0,0,0,32,4361,4361,1,175,19,583,40411,40330,110,1024,14,98,4361,0,0,0,0,1,12,13,10,0,4426,0,0,0,0,0,0,0,0,0,-9,0,0,0
179.34,0,0,0,0,0,991,1.73443,0.00168449,1.76923,89,0,21,21,25,0,-2,0,0,0,32,4361,4361,0,175,19,583,40411,40330,110,1024,14,98,0,0,0,0,0,1,2,5,0,0,4413,0,0,0,0,0,0,0,0,0,1,0,0,0
179.35,0,0,0,0,0,987,1.73414,0.0016834,1.76903,89,0,21,21,25,0,-2,0,0,0,32,4361,4361,0,175,19,583,40411,40330,110,1024,14,98,0,0,0,0,0,1,18,7,4,0,4417,0,0,0,0,0,0,0,0,0,7,0,0,0
179.36,0,0,0,0,0,981,1.73384,0.00168231,1.76882,89,0,21,21,25,0,-2,0,0,0,32,4361,4361,0,175,19,583,40411,40330,110,1024,14,98,0,0,0,0,0,1,10,0,6,0,4417,0,0,0,0,0,0,0,0,0,-9,0,0,0
179.37,0,0,0,0,0,976,1.73355,0.00168122,1.76861,89,0,21,21,25,0,-2,0,0,0,32,4361,4361,0,175,19,583,40411,40330,110,1024,14,98,0,0,0,0,0,1,6,3,4,0,4428,0,0,0,0,0,0,0,0,0,-5,0,0,0
179.38,0,0,0,0,0,976,1.73325,0.00168013,1.7684,89,0,21,21,25,0,-2,0,0,0,32,4361,4361,0,175,19,583,40411,40330,110,1024,14,98,0,0,0,0,0,1,6,3,4,0,4428,0,0,0,0,0,0,0,0,0,-5,0,0,0
179.39,0,0,0,0,0,969,1.73296,0.00167904,1.76819,89,0,21,21,25,0,-2,0,0,0,32,4361,4361,0,175,19,583,40411,40330,110,1024,14,98,0,0,0,0,0,1,8,9,0,0,4421,0,0,0,0,0,0,0,0,0,-7,0,0,0
179.4,0,0,0,0,0,962,1.73267,0.00167795,1.76798,89,0,21,21,25,0,-2,0,0,0,32,4361,4361,0,175,19,583,40411,40330,109,1024,14,98,0,0,0,0,0,1,2,3,0,0,4430,0,0,0,0,0,0,0,0,0,-1,0,0,0
179.41,0,0,0,0,0,954,1.7323,0.00166944,1.76772,89,0,21,21,25,0,-2,0,0,0,32,4362,4361,1,175,19,583,40411,40330,109,1024,14,98,4362,0,0,0,0,1,6,1,4,0,4423,0,0,0,0,0,0,0,0,0,3,0,0,0
179.42,0,0,0,0,0,943,1.73194,0.00166093,1.76746,89,0,21,21,25,0,-2,0,0,0,32,4362,4361,0,175,19,583,40411,40330,109,1024,14,98,0,0,0,0,0,1,2,0,0,0,4430,0,0,0,0,0,0,0,0,0,0,0,0,0
179.43,0,0,0,0,0,933,1.73158,0.00165242,1.76719,89,0,21,21,25,0,-2,0,0,0,32,4362,4361,1,175,19,583,40411,40330,109,1024,14,98,4362,0,0,0,0,1,13,17,4,0,4423,0,0,0,0,0,0,0,0,0,18,0,0,0
179.44,0,0,0,0,0,933,1.73121,0.00164391,1.76693,89,0,21,21,25,0,-2,0,0,0,32,4362,4361,1,175,19,583,40411,40330,109,1024,14,98,4362,0,0,0,0,1,13,17,4,0,4423,0,0,0,0,0,0,0,0,0,18,0,0,0
179.45,0,0,0,0,0,926,1.73085,0.0016354,1.76666,89,0,21,21,25,0,-2,0,0,0,32,4362,4361,0,175,19,583,40411,40330,109,1024,14,98,0,0,0,0,0,1,2,15,0,0,4426,0,0,0,0,0,0,0,0,0,1,0,0,0
179.46,0,0,0,0,0,921,1.73049,0.0016269,1.7664,89,0,21,21,25,0,-2,0,0,0,32,4362,4361,0,175,19,583,40411,40330,109,1024,14,98,0,0,0,0,0,1,0,0,0,0,4419,0,0,0,0,0,0,0,0,0,9,0,0,0
179.47,0,0,0,0,0,920,1.73012,0.00161839,1.76614,89,0,21,21,25,0,-2,0,0,0,32,4362,4361,0,175,19,583,40411,40330,109,1024,14,98,0,0,0,0,0,1,8,15,0,0,4426,0,0,0,0,0,0,0,0,0,8,0,0,0
179.48,0,0,0,0,0,917,1.72976,0.00160988,1.76587,89,0,21,21,25,0,-2,0,0,0,32,4362,4361,0,175,19,583,40411,40330,109,1024,14,98,0,0,0,0,0,1,4,0,0,0,4426,0,0,0,0,0,0,0,0,0,0,0,0,0
179.49,0,0,0,0,0,910,1.7294,0.00160137,1.76561,89,0,21,21,25,0,-2,0,0,0,32,4362,4361,0,175,19,583,40411,40330,109,1024,14,98,0,0,0,0,0,1,0,3,0,0,4419,0,0,0,0,0,0,0,0,0,-9,0,0,0
179.5,0,0,0,0,0,910,1.72904,0.00159286,1.76535,89,0,21,21,25,0,-2,0,0,0,33,4362,4361,1,175,19,583,40419,40340,109,1024,14,98,4362,0,0,0,0,1,0,3,0,0,4419,0,0,0,0,0,0,0,0,0,-9,0,0,0
179.51,0,0,0,0,0,900,1.7286,0.00158156,1.765,89,0,21,21,25,0,-2,0,0,0,33,4362,4361,1,175,19,583,40419,40340,109,1024,14,98,4362,0,0,0,0,1,0,0,0,0,4426,0,0,0,0,0,0,0,0,0,-10,0,0,0
179.52,0,0,0,0,0,890,1.72817,0.00157027,1.76466,89,0,21,21,25,0,-2,0,0,0,33,4362,4361,1,175,19,583,40419,40340,109,1024,14,98,4362,0,0,0,0,1,0,7,0,0,4417,0,0,0,0,0,0,0,0,0,1,0,0,0
179.53,0,0,0,0,0,882,1.72774,0.00155897,1.76431,89,0,21,21,25,0,-2,0,0,0,33,4362,4362,1,175,19,583,40419,40340,109,1024,14,98,4362,0,0,0,0,1,10,0,0,0,4417,0,0,0,0,0,0,0,0,0,-1,0,0,0
179.54,0,0,0,0,0,877,1.72731,0.00154768,1.76397,89,0,21,21,25,0,-2,0,0,0,33,4362,4362,0,175,19,583,40419,40340,109,1024,14,98,0,0,0,0,0,1,10,0,6,0,4428,0,0,0,0,0,0,0,0,0,2,0,0,0
179.55,0,0,0,0,0,871,1.72688,0.00153638,1.76362,89,0,21,21,25,0,-2,0,0,0,33,4362,4362,0,175,19,583,40419,40340,109,1024,14,98,0,0,0,0,0,1,8,9,4,0,4421,0,0,0,0,0,0,0,0,0,10,0,0,0
179.56,0,0,0,0,0,871,1.72645,0.00152508,1.76328,89,0,21,21,25,0,-2,0,0,0,33,4362,4362,0,175,19,583,40419,40340,109,1024,14,98,0,0,0,0,0,1,8,9,4,0,4421,0,0,0,0,0,0,0,0,0,10,0,0,0
179.57,0,0,0,0,0,867,1.72601,0.00151379,1.76294,89,0,21,21,25,0,-2,0,0,0,33,4362,4362,0,175,19,583,40419,40340,109,1024,14,98,0,0,0,0,0,1,18,27,0,0,4428,0,0,0,0,0,0,0,0,0,5,0,0,0
179.58,0,0,0,0,0,864,1.72558,0.00150249,1.76259,89,0,21,21,25,0,-2,0,0,0,33,4362,4362,0,175,19,583,40419,40340,109,1024,14,98,0,0,0,0,0,1,0,0,0,0,4415,0,0,0,0,0,0,0,0,0,6,0,0,0
179.59,0,0,0,0,0,858,1.72515,0.00149119,1.76225,89,0,21,21,25,0,-2,0,0,0,33,4363,4362,0,175,19,583,40419,40340,109,1024,14,98,0,0,0,0,0,1,0,0,0,0,4432,0,0,0,0,0,0,0,0,0,-16,0,0,0
179.6,0,0,0,0,0,849,1.72472,0.0014799,1.7619,89,0,21,21,25,0,-2,0,0,0,33,4363,4362,0,175,19,583,40422,40343,109,1024,14,98,0,0,0,0,0,1,4,0,0,0,4417,0,0,0,0,0,0,0,0,0,-1,0,0,0
179.61,0,0,0,0,0,839,1.72436,0.00149197,1.76157,89,0,21,21,25,0,-2,0,0,0,33,4363,4362,0,175,19,583,40422,40343,109,1024,14,98,0,0,0,0,0,1,6,13,12,0,4415,0,0,0,0,0,0,0,0,0,-9,0,0,0
179.62,0,0,0,0,0,839,1.72399,0.00150404,1.76123,89,0,21,21,25,0,-2,0,0,0,33,4362,4362,1,175,19,583,40422,40343,109,1024,14,98,4362,0,0,0,0,1,6,13,12,0,4415,0,0,0,0,0,0,0,0,0,-9,0,0,0
179.63,0,0,0,0,0,832,1.72363,0.00151611,1.7609,89,0,21,21,25,0,-2,0,0,0,33,4362,4362,0,175,19,583,40422,40343,109,1024,14,98,0,0,0,0,0,1,2,0,6,0,4428,0,0,0,0,0,0,0,0,0,2,0,0,0
179.64,0,0,0,0,0,827,1.72327,0.00152818,1.76056,89,0,21,21,25,0,-2,0,0,0,33,4362,4362,0,175,19,583,40422,40343,109,1024,14,98,0,0,0,0,0,1,12,3,0,0,4426,0,0,0,0,0,0,0,0,0,5,0,0,0
179.65,0,0,0,0,0,825,1.72291,0.00154026,1.76023,89,0,21,21,25,0,-2,0,0,0,33,4362,4362,0,175,19,583,40422,40343,109,1024,14,98,0,0,0,0,0,1,4,5,0,0,4417,0,0,0,0,0,0,0,0,0,15,0,0,0
179.66,0,0,0,0,0,825,1.72255,0.00155233,1.7599,89,0,21,21,25,0,-2,0,0,0,33,4363,4362,0,175,19,583,40422,40343,109,1024,14,98,0,0,0,0,0,1,0,0,0,0,4428,0,0,0,0,0,0,0,0,0,-2,0,0,0
179.67,0,0,0,0,0,819,1.72218,0.0015644,1.75956,89,0,21,21,25,0,-2,0,0,0,33,4363,4362,0,175,19,583,40422,40343,109,1024,14,98,0,0,0,0,0,1,6,11,25,0,4421,0,0,0,0,0,0,0,0,0,6,0,0,0
179.68,0,0,0,0,0,819,1.72182,0.00157647,1.75923,89,0,21,21,25,0,-2,0,0,0,33,4363,4362,0,175,19,583,40422,40343,109,1024,14,98,0,0,0,0,0,1,6,11,25,0,4421,0,0,0,0,0,0,0,0,0,6,0,0,0
179.69,0,0,0,0,0,811,1.72146,0.00158854,1.75889,89,0,21,21,25,0,-2,0,0,0,33,4363,4362,1,175,19,583,40422,40343,109,1024,14,98,4363,0,0,0,0,1,4,0,0,0,4430,0,0,0,0,0,0,0,0,0,2,0,0,0
179.7,0,0,0,0,0,799,1.7211,0.00160061,1.75856,89,0,21,21,25,0,-2,0,0,0,33,4363,4362,1,175,19,583,40422,40343,109,1024,14,98,4363,0,0,0,0,1,16,3,6,0,4423,0,0,0,0,0,0,0,0,0,12,0,0,0
179.71,0,0,0,0,0,787,1.72082,0.00159201,1.75841,89,0,21,21,25,0,-2,0,0,0,33,4363,4362,0,175,19,583,40422,40343,109,1024,14,98,0,0,0,0,0,1,0,0,0,0,4419,0,0,0,0,0,0,0,0,0,2,0,0,0
179.72,0,0,0,0,0,783,1.72055,0.00158341,1.75826,89,0,21,21,25,0,-2,0,0,0,33,4363,4362,0,175,19,583,40422,40343,109,1024,14,98,0,0,0,0,0,1,0,0,0,0,4426,0,0,0,0,0,0,0,0,0,-7,0,0,0
179.73,0,0,0,0,0,779,1.72027,0.00157481,1.75811,89,0,21,21,25,0,-2,0,0,0,33,4363,4362,1,175,19,583,40422,40343,109,1024,14,98,4363,0,0,0,0,1,0,13,0,0,4417,0,0,0,0,0,0,0,0,0,5,0,0,0
179.74,0,0,0,0,0,779,1.72,0.00156621,1.75795,89,0,21,21,25,0,-2,0,0,0,33,4363,4362,0,175,19,583,40422,40343,109,1024,14,98,0,0,0,0,0,1,0,13,0,0,4417,0,0,0,0,0,0,0,0,0,5,0,0,0
179.75,0,0,0,0,0,779,1.71973,0.00155761,1.7578,89,0,21,21,25,0,-2,0,0,0,33,4363,4362,0,175,19,583,40422,40343,109,1024,14,98,0,0,0,0,0,1,12,13,0,0,4437,0,0,0,0,0,0,0,0,0,-4,0,0,0
179.76,0,0,0,0,0,773,1.71945,0.00154901,1.75765,89,0,21,21,25,0,-2,0,0,0,33,4363,4362,0,175,19,583,40422,40343,109,1024,14,98,0,0,0,0,0,1,0,0,0,0,4421,0,0,0,0,0,0,0,0,0,1,0,0,0
179.77,0,0,0,0,0,768,1.71918,0.00154041,1.7575,89,0,21,21,25,0,-2,0,0,0,33,4363,4362,0,175,19,583,40422,40343,109,1024,14,98,0,0,0,0,0,1,2,0,4,0,4421,0,0,0,0,0,0,0,0,0,7,0,0,0
179.78,0,0,0,0,0,757,1.7189,0.00153181,1.75735,89,0,21,21,25,0,-2,0,0,0,33,4363,4362,0,175,19,583,40422,40343,109,1024,14,98,0,0,0,0,0,1,0,0,0,0,4423,0,0,0,0,0,0,0,0,0,-8,0,0,0
179.79,0,0,0,0,0,757,1.71863,0.00152321,1.7572,89,0,21,21,25,0,-2,0,0,0,33,4363,4362,0,175,19,583,40422,40343,109,1024,14,98,0,0,0,0,0,1,8,3,12,0,4423,0,0,0,0,0,0,0,0,0,-6,0,0,0
179.8,0,0,0,0,0,747,1.71836,0.00151461,1.75705,89,0,21,21,25,0,-2,0,0,0,34,4363,4362,0,175,19,583,40425,40346,109,1024,14,98,0,0,0,0,0,1,8,3,12,0,4423,0,0,0,0,0,0,0,0,0,-6,0,0,0
179.81,0,0,0,0,0,736,1.71762,0.00149979,1.75664,89,0,21,21,25,0,-2,0,0,0,34,4363,4362,0,175,19,583,40425,40346,109,1024,14,98,0,0,0,0,0,1,6,7,0,0,4426,0,0,0,0,0,0,0,0,0,6,0,0,0
179.82,0,0,0,0,0,732,1.71688,0.00148496,1.75622,89,0,21,21,25,0,-2,0,0,0,34,4363,4362,0,175,19,583,40425,40346,109,1024,14,98,0,0,0,0,0,1,0,0,0,0,4421,0,0,0,0,0,0,0,0,0,7,0,0,0
179.83,0,0,0,0,0,731,1.71614,0.00147013,1.7558,89,0,21,21,25,0,-2,0,0,0,34,4363,4363,1,175,19,583,40425,40346,109,1024,14,98,4363,0,0,0,0,1,0,0,2,0,4419,0,0,0,0,0,0,0,0,0,2,0,0,0
179.84,0,0,0,0,0,731,1.7154,0.00145531,1.75539,89,0,21,21,25,0,-2,0,0,0,34,4363,4363,1,175,19,583,40425,40346,109,1024,14,98,4363,0,0,0,0,1,12,0,0,0,4430,0,0,0,0,0,0,0,0,0,4,0,0,0
179.85,0,0,0,0,0,725,1.71466,0.00144048,1.75497,89,0,21,21,25,0,-2,0,0,0,34,4363,4363,0,175,19,583,40425,40346,109,1024,14,98,0,0,0,0,0,1,2,13,0,0,4413,0,0,0,0,0,0,0,0,0,3,0,0,0
179.86,0,0,0,0,0,725,1.71392,0.00142565,1.75456,89,0,21,21,25,0,-2,0,0,0,34,4363,4363,0,175,19,583,40425,40346,109,1024,14,98,0,0,0,0,0,1,2,13,0,0,4413,0,0,0,0,0,0,0,0,0,3,0,0,0
179.87,0,0,0,0,0,721,1.71318,0.00141083,1.75414,89,0,21,21,25,0,-2,0,0,0,34,4363,4363,0,175,19,583,40425,40346,109,1024,14,98,0,0,0,0,0,1,0,3,0,0,4421,0,0,0,0,0,0,0,0,0,-3,0,0,0
179.88,0,0,0,0,0,711,1.71244,0.001396,1.75373,89,0,21,21,25,0,-2,0,0,0,34,4363,4363,0,175,19,583,40425,40346,109,1024,14,98,0,0,0,0,0,1,0,0,0,0,4417,0,0,0,0,0,0,0,0,0,4,0,0,0
179.89,0,0,0,0,0,701,1.7117,0.00138117,1.75331,89,0,21,21,25,0,-2,0,0,0,34,4363,4363,1,175,19,583,40425,40346,109,1024,14,98,4363,0,0,0,0,1,0,9,0,0,4430,0,0,0,0,0,0,0,0,0,6,0,0,0
179.9,0,0,0,0,0,692,1.71097,0.00136634,1.7529,89,0,21,21,25,0,-2,0,0,0,34,4363,4363,0,175,19,583,40432,40354,110,1024,14,98,0,0,0,0,0,1,0,0,0,0,4417,0,0,0,0,0,0,0,0,0,12,0,0,0
179.91,0,0,0,0,0,687,1.7109,0.00138109,1.75286,89,0,21,21,25,0,-2,0,0,0,34,4363,4363,0,175,19,583,40432,40354,110,1024,14,98,0,0,0,0,0,1,0,0,0,0,4419,0,0,0,0,0,0,0,0,0,1,0,0,0
179.92,0,0,0,0,0,687,1.71083,0.00139583,1.75281,89,0,21,21,25,0,-2,0,0,0,34,4363,4363,0,175,19,583,40432,40354,110,1024,14,98,0,0,0,0,0,1,0,0,0,0,4419,0,0,0,0,0,0,0,0,0,1,0,0,0
179.93,0,0,0,0,0,684,1.71076,0.00141058,1.75277,89,0,21,21,25,0,-2,0,0,0,34,4363,4363,1,175,19,583,40432,40354,110,1024,14,98,4363,0,0,0,0,1,2,0,0,0,4426,0,0,0,0,0,0,0,0,0,1,0,0,0
179.94,0,0,0,0,0,680,1.71069,0.00142532,1.75273,89,0,21,21,25,0,-2,0,0,0,34,4363,4363,0,175,19,583,40432,40354,110,1024,14,98,0,0,0,0,0,1,0,0,4,0,4421,0,0,0,0,0,0,0,0,0,7,0,0,0
179.95,0,0,0,0,0,681,1.71062,0.00144006,1.75269,89,0,21,21,25,0,-2,0,0,0,34,4363,4363,0,175,19,583,40432,40354,110,1024,14,98,0,0,0,0,0,1,0,0,0,0,4419,0,0,0,0,0,0,0,0,0,-2,0,0,0
179.96,0,0,0,0,0,676,1.71055,0.00145481,1.75265,89,0,21,21,25,0,-2,0,0,0,34,4363,4363,0,175,19,583,40432,40354,110,1024,14,98,0,0,0,0,0,1,12,5,10,0,4432,0,0,0,0,0,0,0,0,0,4,0,0,0
179.97,0,0,0,0,0,665,1.71048,0.00146955,1.7526,89,0,21,21,25,0,-2,0,0,0,34,4364,4363,0,175,19,583,40432,40354,110,1024,14,98,0,0,0,0,0,1,10,0,0,0,4419,0,0,0,0,0,0,0,0,0,11,0,0,0
179.98,0,0,0,0,0,665,1.71041,0.0014843,1.75256,89,0,21,21,25,0,-2,0,0,0,34,4364,4363,0,175,19,583,40432,40354,110,1024,14,98,0,0,0,0,0,1,10,0,0,0,4419,0,0,0,0,0,0,0,0,0,11,0,0,0
179.99,0,0,0,0,0,660,1.71034,0.00149904,1.75252,89,0,21,21,25,0,-2,0,0,0,34,4364,4363,1,175,19,583,40432,40354,110,1024,14,98,4364,0,0,0,0,1,0,0,0,0,4426,0,0,0,0,0,0,0,0,0,-3,0,0,0
180,0,0,0,0,0,651,1.71027,0.00151378,1.75248,89,0,21,21,25,0,-2,0,0,0,34,4364,4363,1,175,19,583,40432,40353,110,1024,14,98,4364,0,0,0,0,1,8,11,2,0,4432,0,0,0,0,0,0,0,0,0,4,0,0,0
180.01,0,0,0,0,0,641,1.70999,0.00150822,1.75229,89,0,21,21,25,0,-2,0,0,0,34,4364,4363,1,175,19,583,40432,40353,110,1024,14,98,4364,0,0,0,0,1,2,0,0,0,4423,0,0,0,0,0,0,0,0,0,2,0,0,0
180.02,0,0,0,0,0,640,1.7097,0.00150266,1.7521,89,0,21,21,25,0,-2,0,0,0,34,4364,4363,1,175,19,583,40432,40353,110,1024,14,98,4364,0,0,0,0,1,0,1,0,0,4415,0,0,0,0,0,0,0,0,0,2,0,0,0
180.03,0,0,0,0,0,635,1.70942,0.00149709,1.7519,89,0,21,21,25,0,-2,0,0,0,34,4364,4363,1,175,19,583,40432,40353,110,1024,14,98,4364,0,0,0,0,1,8,7,0,0,4423,0,0,0,0,0,0,0,0,0,9,0,0,0
180.04,0,0,0,0,0,635,1.70913,0.00149153,1.75171,89,0,21,21,25,0,-2,0,0,0,34,4364,4363,1,175,19,583,40432,40353,110,1024,14,98,4364,0,0,0,0,1,8,7,0,0,4423,0,0,0,0,0,0,0,0,0,9,0,0,0
180.05,0,0,0,0,0,631,1.70885,0.00148597,1.75152,89,0,21,21,25,0,-2,0,0,0,34,4364,4363,0,175,19,583,40432,40353,110,1024,14,98,0,0,0,0,0,1,4,0,0,0,4430,0,0,0,0,0,0,0,0,0,3,0,0,0
180.06,0,0,0,0,0,625,1.70857,0.00148041,1.75133,89,0,21,21,25,0,-2,0,0,0,34,4364,4363,0,175,19,583,40432,40353,110,1024,14,98,0,0,0,0,0,1,18,11,0,0,4421,0,0,0,0,0,0,0,0,0,-6,0,0,0
180.07,0,0,0,0,0,614,1.70828,0.00147484,1.75114,89,0,21,21,25,0,-2,0,0,0,34,4364,4363,1,175,19,583,40432,40353,110,1024,14,98,4364,0,0,0,0,1,0,19,0,0,4430,0,0,0,0,0,0,0,0,0,4,0,0,0
180.08,0,0,0,0,0,611,1.708,0.00146928,1.75094,89,0,21,21,25,0,-2,0,0,0,34,4364,4363,1,175,19,583,40432,40353,110,1024,14,98,4364,0,0,0,0,1,0,0,0,0,4434,0,0,0,0,0,0,0,0,0,-8,0,0,0
180.09,0,0,0,0,0,607,1.70771,0.00146372,1.75075,89,0,21,21,25,0,-2,0,0,0,34,4364,4363,1,175,19,583,40432,40353,110,1024,14,98,4364,0,0,0,0,1,8,11,8,0,4428,0,0,0,0,0,0,0,0,0,3,0,0,0
180.1,0,0,0,0,0,607,1.70743,0.00145815,1.75056,89,0,21,21,25,0,-2,0,0,0,35,4364,4363,1,175,19,583,40436,40358,108,1024,14,98,4364,0,0,0,0,1,8,11,8,0,4428,0,0,0,0,0,0,0,0,0,3,0,0,0
180.11,0,0,0,0,0,601,1.70765,0.0014532,1.75073,89,0,21,21,25,0,-2,0,0,0,35,4364,4363,1,175,19,583,40436,40358,108,1024,14,98,4364,0,0,0,0,1,0,0,0,0,4423,0,0,0,0,0,0,0,0,0,4,0,0,0
180.12,0,0,0,0,0,600,1.70787,0.00144825,1.75089,89,0,21,21,25,0,-2,0,0,0,35,4364,4363,1,175,19,583,40436,40358,108,1024,14,98,4364,0,0,0,0,1,0,5,2,0,4428,0,0,0,0,0,0,0,0,0,0,0,0,0
180.13,0,0,0,0,0,591,1.70809,0.0014433,1.75106,89,0,21,21,25,0,-2,0,0,0,35,4364,4364,0,175,19,583,40436,40358,108,1024,14,98,0,0,0,0,0,1,0,13,0,0,4421,0,0,0,0,0,0,0,0,0,0,0,0,0
180.14,0,0,0,0,0,585,1.70831,0.00143835,1.75123,89,0,21,21,25,0,-2,0,0,0,35,4364,4364,0,175,19,583,40436,40358,108,1024,14,98,0,0,0,0,0,1,0,0,0,0,4426,0,0,0,0,0,0,0,0,0,-3,0,0,0
180.15,0,0,0,0,0,578,1.70853,0.00143339,1.7514,89,0,21,21,25,0,-2,0,0,0,35,4364,4364,0,175,19,583,40436,40358,108,1024,14,98,0,0,0,0,0,1,19,13,8,0,4432,0,0,0,0,0,0,0,0,0,17,0,0,0
180.16,0,0,0,0,0,578,1.70875,0.00142844,1.75156,89,0,21,21,25,0,-2,0,0,0,35,4364,4364,0,175,19,583,40436,40358,108,1024,14,98,0,0,0,0,0,1,19,13,8,0,4432,0,0,0,0,0,0,0,0,0,17,0,0,0
180.17,0,0,0,0,0,572,1.70897,0.00142349,1.75173,89,0,21,21,25,0,-2,0,0,0,35,4364,4364,0,175,19,583,40436,40358,108,1024,14,98,0,0,0,0,0,1,0,0,0,0,4426,0,0,0,0,0,0,0,0,0,2,0,0,0
180.18,0,0,0,0,0,568,1.70919,0.00141854,1.7519,89,0,21,21,25,0,-2,0,0,0,35,4364,4364,1,175,19,583,40436,40358,108,1024,14,98,4364,0,0,0,0,1,0,0,4,0,4430,0,0,0,0,0,0,0,0,0,3,0,0,0
180.19,0,0,0,0,0,560,1.70941,0.00141359,1.75206,89,0,21,21,25,0,-2,0,0,0,35,4364,4364,0,175,19,583,40436,40358,108,1024,14,98,0,0,0,0,0,1,0,0,0,0,4417,0,0,0,0,0,0,0,0,0,4,0,0,0
180.2,0,0,0,0,0,559,1.70963,0.00140863,1.75223,89,0,21,21,25,0,-2,0,0,0,34,4364,4364,0,175,19,583,40438,40361,110,1024,14,98,0,0,0,0,0,1,4,5,16,0,4417,0,0,0,0,0,0,0,0,0,-4,0,0,0
180.21,0,0,0,0,0,553,1.70965,0.00140269,1.75221,89,0,21,21,25,0,-2,0,0,0,34,4364,4364,0,175,19,583,40438,40361,110,1024,14,98,0,0,0,0,0,1,0,3,0,0,4428,0,0,0,0,0,0,0,0,0,3,0,0,0
180.22,0,0,0,0,0,553,1.70968,0.00139674,1.75218,89,0,21,21,25,0,-2,0,0,0,34,4364,4364,0,175,19,583,40438,40361,110,1024,14,98,0,0,0,0,0,1,0,3,0,0,4428,0,0,0,0,0,0,0,0,0,3,0,0,0
180.23,0,0,0,0,0,549,1.70971,0.00139079,1.75216,89,0,21,21,25,0,-2,0,0,0,34,4364,4364,0,175,19,583,40438,40361,110,1024,14,98,0,0,0,0,0,1,0,0,0,0,4421,0,0,0,0,0,0,0,0,0,-2,0,0,0
180.24,0,0,0,0,0,541,1.70973,0.00138484,1.75214,89,0,21,21,25,0,-2,0,0,0,34,4364,4364,0,175,19,583,40438,40361,110,1024,14,98,0,0,0,0,0,1,13,11,2,0,4426,0,0,0,0,0,0,0,0,0,11,0,0,0
180.25,0,0,0,0,0,536,1.70976,0.00137889,1.75212,89,0,21,21,25,0,-2,0,0,0,34,4365,4364,0,175,19,583,40438,40361,110,1024,14,98,0,0,0,0,0,1,0,0,0,0,4428,0,0,0,0,0,0,0,0,0,2,0,0,0
180.26,0,0,0,0,0,529,1.70978,0.00137294,1.7521,89,0,21,21,25,0,-2,0,0,0,34,4365,4364,0,175,19,583,40438,40361,110,1024,14,98,0,0,0,0,0,1,0,0,0,0,4434,0,0,0,0,0,0,0,0,0,19,0,0,0
180.27,0,0,0,0,0,524,1.70981,0.00136699,1.75207,89,0,21,21,25,0,-2,0,0,0,34,4365,4364,0,175,19,583,40438,40361,110,1024,14,98,0,0,0,0,0,1,0,0,0,0,4437,0,0,0,0,0,0,0,0,0,4,0,0,0
180.28,0,0,0,0,0,524,1.70983,0.00136104,1.75205,89,0,21,21,25,0,-2,0,0,0,34,4365,4364,0,175,19,583,40438,40361,110,1024,14,98,0,0,0,0,0,1,0,0,0,0,4437,0,0,0,0,0,0,0,0,0,4,0,0,0
180.29,0,0,0,0,0,520,1.70986,0.00135509,1.75203,89,0,21,21,25,0,-2,0,0,0,34,4365,4365,0,175,19,583,40438,40361,110,1024,14,98,0,0,0,0,0,1,13,9,2,0,4432,0,0,0,0,0,0,0,0,0,3,0,0,0
180.3,0,0,0,0,0,515,1.70988,0.00134914,1.75201,89,0,21,21,25,0,-2,0,0,0,34,4365,4365,0,175,19,583,40442,40367,110,1024,14,98,0,0,0,0,0,1,0,0,0,0,4434,0,0,0,0,0,0,0,0,0,0,0,0,0
180.31,0,0,0,0,0,511,1.71012,0.00134075,1.75215,89,0,21,21,25,0,-2,0,0,0,34,4365,4365,0,175,19,583,40442,40367,110,1024,14,98,0,0,0,0,0,1,4,5,8,0,4432,0,0,0,0,0,0,0,0,0,1,0,0,0
180.32,0,0,0,0,0,505,1.71036,0.00133235,1.75229,89,0,21,21,25,0,-2,0,0,0,34,4365,4365,0,175,19,583,40442,40367,110,1024,14,98,0,0,0,0,0,1,0,0,0,0,4426,0,0,0,0,0,0,0,0,0,-1,0,0,0
180.33,0,0,0,0,0,500,1.7106,0.00132395,1.75243,89,0,21,21,25,0,-2,0,0,0,34,4365,4365,0,175,19,583,40442,40367,110,1024,14,98,0,0,0,0,0,1,19,17,21,0,4426,0,0,0,0,0,0,0,0,0,6,0,0,0
180.34,0,0,0,0,0,500,1.71084,0.00131555,1.75257,89,0,21,21,25,0,-2,0,0,0,34,4365,4365,0,175,19,583,40442,40367,110,1024,14,98,0,0,0,0,0,1,19,17,21,0,4426,0,0,0,0,0,0,0,0,0,6,0,0,0
180.35,0,0,0,0,0,489,1.71108,0.00130715,1.75272,89,0,21,21,25,0,-2,0,0,0,34,4365,4365,0,175,19,583,40442,40367,110,1024,14,98,0,0,0,0,0,1,0,0,0,0,4430,0,0,0,0,0,0,0,0,0,-6,0,0,0
180.36,0,0,0,0,0,486,1.71131,0.00129875,1.75286,89,0,21,21,25,0,-2,0,0,0,34,4365,4365,0,175,18,583,40442,40367,110,1024,14,98,0,0,0,0,0,1,12,17,0,0,4428,0,0,0,0,0,0,0,0,0,2,0,0,0
180.37,0,0,0,0,0,486,1.71155,0.00129035,1.753,89,0,21,21,25,0,-2,0,0,0,34,4365,4365,0,175,18,583,40442,40367,110,1024,14,98,0,0,0,0,0,1,0,0,0,0,4426,0,0,0,0,0,0,0,0,0,-5,0,0,0
180.38,0,0,0,0,0,486,1.71179,0.00128195,1.75314,89,0,21,21,25,0,-2,0,0,0,34,4365,4365,0,175,18,583,40442,40367,110,1024,14,98,0,0,0,0,0,1,8,3,0,0,4423,0,0,0,0,0,0,0,0,0,6,0,0,0
180.39,0,0,0,0,0,479,1.71203,0.00127355,1.75328,89,0,21,21,25,0,-2,0,0,0,34,4365,4365,0,175,18,583,40442,40367,110,1024,14,98,0,0,0,0,0,1,0,0,0,0,4428,0,0,0,0,0,0,0,0,0,0,0,0,0
180.4,0,0,0,0,0,479,1.71227,0.00126515,1.75343,89,0,21,21,24,0,-2,0,0,0,34,4365,4365,0,175,18,583,40445,40370,109,1024,14,98,0,0,0,0,0,1,0,0,0,0,4428,0,0,0,0,0,0,0,0,0,0,0,0,0
180.41,0,0,0,0,0,468,1.7124,0.00124847,1.75323,89,0,21,21,24,0,-2,0,0,0,34,4365,4365,0,175,18,583,40445,40370,109,1024,14,98,0,0,0,0,0,1,13,19,2,0,4428,0,0,0,0,0,0,0,0,0,20,0,0,0
180.42,0,0,0,0,0,459,1.71253,0.00123179,1.75304,89,0,21,21,24,0,-2,0,0,0,34,4365,4365,0,175,18,583,40445,40370,109,1024,14,98,0,0,0,0,0,1,0,0,0,0,4423,0,0,0,0,0,0,0,0,0,-5,0,0,0
180.43,0,0,0,0,0,449,1.71266,0.0012151,1.75284,89,0,21,21,24,0,-2,0,0,0,34,4365,4365,0,175,18,583,40445,40370,109,1024,14,98,0,0,0,0,0,1,0,0,0,0,4430,0,0,0,0,0,0,0,0,0,0,0,0,0
180.44,0,0,0,0,0,446,1.71279,0.00119842,1.75265,89,0,21,21,24,0,-2,0,0,0,34,4365,4365,0,175,18,583,40445,40370,109,1024,14,98,0,0,0,0,0,1,0,13,0,0,4428,0,0,0,0,0,0,0,0,0,7,0,0,0
180.45,0,0,0,0,0,444,1.71292,0.00118174,1.75245,89,0,21,21,24,0,-2,0,0,0,34,4365,4365,0,175,18,583,40445,40370,109,1024,14,98,0,0,0,0,0,1,0,0,0,0,4430,0,0,0,0,0,0,0,0,0,13,0,0,0
180.46,0,0,0,0,0,444,1.71305,0.00116506,1.75226,89,0,21,21,24,0,-2,0,0,0,34,4365,4365,0,175,18,583,40445,40370,109,1024,14,98,0,0,0,0,0,1,0,0,0,0,4430,0,0,0,0,0,0,0,0,0,13,0,0,0
180.47,0,0,0,0,0,446,1.71318,0.00114837,1.75206,89,0,21,21,24,0,-2,0,0,0,34,4365,4365,0,175,18,583,40445,40370,109,1024,14,98,0,0,0,0,0,1,2,0,0,0,4428,0,0,0,0,0,0,0,0,0,0,0,0,0
180.48,0,0,0,0,0,440,1.71331,0.00113169,1.75187,89,0,21,21,24,0,-2,0,0,0,34,4365,4365,0,175,18,583,40445,40370,109,1024,14,98,0,0,0,0,0,1,8,0,4,0,4421,0,0,0,0,0,0,0,0,0,0,0,0,0
180.49,0,0,0,0,0,434,1.71344,0.00111501,1.75167,89,0,21,21,24,0,-2,0,0,0,34,4365,4365,0,175,18,583,40445,40370,109,1024,14,98,0,0,0,0,0,1,8,0,0,0,4426,0,0,0,0,0,0,0,0,0,3,0,0,0
180.5,0,0,0,0,0,423,1.71357,0.00109833,1.75148,89,0,21,21,25,0,-2,0,0,0,34,4365,4365,0,175,18,583,40449,40374,110,1024,14,98,0,0,0,0,0,1,4,0,0,0,4426,0,0,0,0,0,0,0,0,0,3,0,0,0
180.51,0,0,0,0,0,416,1.7137,0.00111569,1.75134,89,0,21,21,25,0,-2,0,0,0,34,4365,4365,0,175,18,583,40449,40374,110,1024,14,98,0,0,0,0,0,1,2,0,0,0,4423,0,0,0,0,0,0,0,0,0,1,0,0,0
180.52,0,0,0,0,0,416,1.71383,0.00113305,1.75121,89,0,21,21,25,0,-2,0,0,0,34,4365,4365,0,175,18,583,40449,40374,110,1024,14,98,0,0,0,0,0,1,2,0,0,0,4423,0,0,0,0,0,0,0,0,0,1,0,0,0
180.53,0,0,0,0,0,413,1.71396,0.00115041,1.75107,89,0,21,21,25,0,-2,0,0,0,34,4366,4365,0,175,18,583,40449,40374,110,1024,14,98,0,0,0,0,0,1,0,1,12,0,4421,0,0,0,0,0,0,0,0,0,5,0,0,0
180.54,0,0,0,0,0,410,1.71409,0.00116777,1.75094,89,0,21,21,25,0,-2,0,0,0,34,4366,4365,0,175,18,583,40449,40374,110,1024,14,98,0,0,0,0,0,1,0,1,4,0,4426,0,0,0,0,0,0,0,0,0,1,0,0,0
180.55,0,0,0,0,0,409,1.71422,0.00118513,1.7508,89,0,21,21,25,0,-2,0,0,0,34,4366,4365,0,175,18,583,40449,40374,110,1024,14,98,0,0,0,0,0,1,12,0,6,0,4430,0,0,0,0,0,0,0,0,0,-2,0,0,0
180.56,0,0,0,0,0,405,1.71435,0.00120249,1.75067,89,0,21,21,25,0,-2,0,0,0,34,4366,4365,0,175,18,583,40449,40374,110,1024,14,98,0,0,0,0,0,1,0,0,0,0,4430,0,0,0,0,0,0,0,0,0,-2,0,0,0
180.57,0,0,0,0,0,400,1.71448,0.00121985,1.75053,89,0,21,21,25,0,-2,0,0,0,34,4366,4365,0,175,18,583,40449,40374,110,1024,14,98,0,0,0,0,0,1,0,0,0,0,4434,0,0,0,0,0,0,0,0,0,-8,0,0,0
180.58,0,0,0,0,0,400,1.71461,0.00123721,1.75039,89,0,21,21,25,0,-2,0,0,0,34,4366,4365,0,175,18,583,40449,40374,110,1024,14,98,0,0,0,0,0,1,0,0,0,0,4434,0,0,0,0,0,0,0,0,0,-8,0,0,0
180.59,0,0,0,0,0,393,1.71474,0.00125457,1.75026,89,0,21,21,25,0,-2,0,0,0,34,4366,4366,0,175,18,583,40449,40374,110,1024,14,98,0,0,0,0,0,1,0,0,0,0,4426,0,0,0,0,0,0,0,0,0,1,0,0,0
180.6,0,0,0,0,0,384,1.71487,0.00127193,1.75012,89,0,21,21,25,0,-2,0,0,0,34,4366,4366,0,175,18,583,40451,40378,110,1024,14,98,0,0,0,0,0,1,0,0,0,0,4428,0,0,0,0,0,0,0,0,0,8,0,0,0
180.61,0,0,0,0,0,380,1.71572,0.00127265,1.75061,89,0,21,21,25,0,-2,0,0,0,34,4366,4366,0,175,18,583,40451,40378,110,1024,14,98,0,0,0,0,0,1,12,0,18,0,4426,0,0,0,0,0,0,0,0,0,0,0,0,0
180.62,0,0,0,0,0,373,1.71657,0.00127337,1.75109,89,0,21,21,25,0,-2,0,0,0,34,4366,4366,0,175,18,583,40451,40378,110,1024,14,98,0,0,0,0,0,1,0,0,0,0,4428,0,0,0,0,0,0,0,0,0,-2,0,0,0
180.63,0,0,0,0,0,369,1.71742,0.00127408,1.75158,89,0,21,21,25,0,-2,0,0,0,34,4366,4366,0,175,18,583,40451,40378,110,1024,14,98,0,0,0,0,0,1,0,3,6,0,4421,0,0,0,0,0,0,0,0,0,5,0,0,0
180.64,0,0,0,0,0,369,1.71827,0.0012748,1.75206,89,0,21,21,25,0,-2,0,0,0,34,4366,4366,0,175,18,583,40451,40378,110,1024,14,98,0,0,0,0,0,1,0,3,6,0,4421,0,0,0,0,0,0,0,0,0,5,0,0,0
180.65,0,0,0,0,0,370,1.71912,0.00127552,1.75254,89,0,21,21,25,0,-2,0,0,0,34,4366,4366,0,175,18,583,40451,40378,110,1024,14,98,0,0,0,0,0,1,2,3,2,0,4421,0,0,0,0,0,0,0,0,0,0,0,0,0
180.66,0,0,0,0,0,369,1.71997,0.00127623,1.75303,89,0,21,21,25,0,-2,0,0,0,34,4366,4366,0,175,18,583,40451,40378,110,1024,14,98,0,0,0,0,0,1,0,0,0,0,4428,0,0,0,0,0,0,0,0,0,7,0,0,0
180.67,0,0,0,0,0,364,1.72082,0.00127695,1.75351,89,0,21,21,25,0,-2,0,0,0,34,4366,4366,0,175,18,583,40451,40378,110,1024,14,98,0,0,0,0,0,1,6,7,10,0,4428,0,0,0,0,0,0,0,0,0,8,0,0,0
180.68,0,0,0,0,0,354,1.72167,0.00127767,1.754,89,0,21,21,25,0,-2,0,0,0,34,4366,4366,0,175,18,583,40451,40378,110,1024,14,98,0,0,0,0,0,1,0,0,0,0,4428,0,0,0,0,0,0,0,0,0,3,0,0,0
180.69,0,0,0,0,0,345,1.72252,0.00127838,1.75448,89,0,21,21,25,0,-2,0,0,0,34,4366,4366,0,175,18,583,40451,40378,110,1024,14,98,0,0,0,0,0,1,0,0,0,0,4428,0,0,0,0,0,0,0,0,0,9,0,0,0
180.7,0,0,0,0,0,345,1.72338,0.0012791,1.75496,89,0,21,21,26,0,-2,0,0,0,34,4366,4366,0,175,18,583,40456,40382,110,1024,14,98,0,0,0,0,0,1,0,0,0,0,4428,0,0,0,0,0,0,0,0,0,9,0,0,0
180.71,0,0,0,0,0,343,1.72428,0.00129829,1.75542,89,0,21,21,26,0,-2,0,0,0,34,4366,4366,0,175,18,583,40456,40382,110,1024,14,98,0,0,0,0,0,1,18,21,6,0,4423,0,0,0,0,0,0,0,0,0,17,0,0,0
180.72,0,0,0,0,0,337,1.72518,0.00131748,1.75588,89,0,21,21,26,0,-2,0,0,0,34,4366,4366,0,175,18,583,40456,40382,110,1024,14,98,0,0,0,0,0,1,0,0,0,0,4423,0,0,0,0,0,0,0,0,0,0,0,0,0
180.73,0,0,0,0,0,333,1.72608,0.00133667,1.75634,89,0,21,21,26,0,-2,0,0,0,34,4366,4366,0,175,18,583,40456,40382,110,1024,14,98,0,0,0,0,0,1,2,0,0,0,4426,0,0,0,0,0,0,0,0,0,0,0,0,0
180.74,0,0,0,0,0,337,1.72699,0.00135586,1.7568,89,0,21,21,26,0,-2,0,0,0,34,4366,4366,0,175,18,583,40456,40382,110,1024,14,98,0,0,0,0,0,1,4,7,0,0,4430,0,0,0,0,0,0,0,0,0,4,0,0,0
180.75,0,0,0,0,0,333,1.72789,0.00137505,1.75726,89,0,21,21,26,0,-2,0,0,0,34,4366,4366,0,175,18,583,40456,40382,110,1024,14,98,0,0,0,0,0,1,0,0,0,0,4426,0,0,0,0,0,0,0,0,0,0,0,0,0
180.76,0,0,0,0,0,333,1.72879,0.00139424,1.75771,89,0,21,21,26,0,-2,0,0,0,34,4366,4366,0,175,18,583,40456,40382,110,1024,14,98,0,0,0,0,0,1,0,0,0,0,4426,0,0,0,0,0,0,0,0,0,0,0,0,0
180.77,0,0,0,0,0,327,1.72969,0.00141343,1.75817,89,0,21,21,26,0,-2,0,0,0,34,4366,4366,0,175,18,583,40456,40382,110,1024,14,98,0,0,0,0,0,1,6,1,12,0,4430,0,0,0,0,0,0,0,0,0,20,0,0,0
180.78,0,0,0,0,0,324,1.7306,0.00143262,1.75863,89,0,21,21,26,0,-2,0,0,0,34,4366,4366,0,175,18,583,40456,40382,110,1024,14,98,0,0,0,0,0,1,4,7,0,0,4426,0,0,0,0,0,0,0,0,0,-3,0,0,0
180.79,0,0,0,0,0,315,1.7315,0.00145181,1.75909,89,0,21,21,26,0,-2,0,0,0,34,4367,4366,0,175,18,583,40456,40382,110,1024,14,98,0,0,0,0,0,1,0,0,2,0,4430,0,0,0,0,0,0,0,0,0,2,0,0,0
180.8,0,0,0,0,0,307,1.7324,0.001471,1.75955,89,0,21,21,25,0,-2,0,0,0,33,4367,4366,0,175,18,583,40457,40385,110,1024,14,98,0,0,0,0,0,1,0,0,0,0,4430,0,0,0,0,0,0,0,0,0,13,0,0,0
180.81,0,0,0,0,0,306,1.73316,0.00147281,1.7596,89,0,21,21,25,0,-2,0,0,0,33,4367,4366,0,175,18,583,40457,40385,110,1024,14,98,0,0,0,0,0,1,10,5,0,0,4421,0,0,0,0,0,0,0,0,0,9,0,0,0
180.82,0,0,0,0,0,306,1.73392,0.00147463,1.75964,89,0,21,21,25,0,-2,0,0,0,33,4367,4366,0,175,18,583,40457,40385,110,1024,14,98,0,0,0,0,0,1,10,5,0,0,4421,0,0,0,0,0,0,0,0,0,9,0,0,0
180.83,0,0,0,0,0,304,1.73468,0.00147644,1.75969,89,0,21,21,25,0,-2,0,0,0,33,4367,4366,0,175,18,583,40457,40385,110,1024,14,98,0,0,0,0,0,1,2,0,0,0,4430,0,0,0,0,0,0,0,0,0,-1,0,0,0
180.84,0,0,0,0,0,305,1.73544,0.00147826,1.75974,89,0,21,21,25,0,-2,0,0,0,33,4367,4366,0,175,18,583,40457,40385,110,1024,14,98,0,0,0,0,0,1,0,0,10,0,4432,0,0,0,0,0,0,0,0,0,-1,0,0,0
180.85,0,0,0,0,0,300,1.73619,0.00148007,1.75978,89,0,21,21,25,0,-2,0,0,0,33,4367,4366,0,175,18,583,40457,40385,110,1024,14,98,0,0,0,0,0,1,0,0,10,0,4434,0,0,0,0,0,0,0,0,0,0,0,0,0
180.86,0,0,0,0,0,296,1.73695,0.00148188,1.75983,89,0,21,21,25,0,-2,0,0,0,33,4367,4366,0,175,18,583,40457,40385,110,1024,14,98,0,0,0,0,0,1,0,0,4,0,4421,0,0,0,0,0,0,0,0,0,1,0,0,0
180.87,0,0,0,0,0,289,1.73771,0.0014837,1.75988,89,0,21,21,25,0,-2,0,0,0,33,4367,4366,0,175,18,583,40457,40385,110,1024,14,98,0,0,0,0,0,1,0,0,0,0,4430,0,0,0,0,0,0,0,0,0,-14,0,0,0
180.88,0,0,0,0,0,289,1.73847,0.00148551,1.75992,89,0,21,21,25,0,-2,0,0,0,33,4367,4366,0,175,18,583,40457,40385,110,1024,14,98,0,0,0,0,0,1,0,0,0,0,4430,0,0,0,0,0,0,0,0,0,-14,0,0,0
180.89,0,0,0,0,0,281,1.73923,0.00148732,1.75997,89,0,21,21,25,0,-2,0,0,0,33,4367,4366,0,175,18,583,40457,40385,110,1024,14,98,0,0,0,0,0,1,0,0,0,0,4426,0,0,0,0,0,0,0,0,0,-5,0,0,0
180.9,0,0,0,0,0,280,1.73999,0.00148914,1.76002,89,0,21,21,25,0,-2,0,0,0,32,4367,4366,0,175,18,583,40461,40389,110,1024,14,98,0,0,0,0,0,1,10,17,6,0,4426,0,0,0,0,0,0,0,0,0,13,0,0,0
180.91,0,0,0,0,0,274,1.74085,0.00149527,1.76022,89,0,21,21,25,0,-2,0,0,0,32,4367,4366,0,175,18,583,40461,40389,110,1024,14,98,0,0,0,0,0,1,0,0,0,0,4421,0,0,0,0,0,0,0,0,0,4,0,0,0
180.92,0,0,0,0,0,275,1.74172,0.0015014,1.76042,89,0,21,21,25,0,-2,0,0,0,32,4367,4366,0,175,18,583,40461,40389,110,1024,14,98,0,0,0,0,0,1,0,0,0,0,4421,0,0,0,0,0,0,0,0,0,-5,0,0,0
180.93,0,0,0,0,0,272,1.74259,0.00150753,1.76062,89,0,21,21,25,0,-2,0,0,0,32,4367,4366,0,175,18,583,40461,40389,110,1024,14,98,0,0,0,0,0,1,6,3,0,0,4423,0,0,0,0,0,0,0,0,0,0,0,0,0
180.94,0,0,0,0,0,272,1.74345,0.00151366,1.76082,89,0,21,21,25,0,-2,0,0,0,32,4367,4366,0,175,18,583,40461,40389,110,1024,14,98,0,0,0,0,0,1,6,3,0,0,4423,0,0,0,0,0,0,0,0,0,0,0,0,0
180.95,0,0,0,0,0,271,1.74432,0.0015198,1.76102,89,0,21,21,25,0,-2,0,0,0,32,4367,4366,0,175,18,583,40461,40389,110,1024,14,98,0,0,0,0,0,1,12,19,13,0,4426,0,0,0,0,0,0,0,0,0,-4,0,0,0
180.96,0,0,0,0,0,266,1.74518,0.00152593,1.76123,89,0,21,21,25,0,-2,0,0,0,32,4367,4366,0,175,18,583,40461,40389,110,1024,14,98,0,0,0,0,0,1,0,0,0,0,4428,0,0,0,0,0,0,0,0,0,-2,0,0,0
180.97,0,0,0,0,0,259,1.74605,0.00153206,1.76143,89,0,21,21,25,0,-2,0,0,0,32,4367,4366,0,175,18,583,40461,40389,110,1024,14,98,0,0,0,0,0,1,0,0,0,0,4434,0,0,0,0,0,0,0,0,0,5,0,0,0
180.98,0,0,0,0,0,255,1.74692,0.00153819,1.76163,89,0,21,21,25,0,-2,0,0,0,32,4367,4367,0,175,18,583,40461,40389,110,1024,14,98,0,0,0,0,0,1,4,0,10,0,4432,0,0,0,0,0,0,0,0,0,0,0,0,0
180.99,0,0,0,0,0,251,1.74778,0.00154432,1.76183,89,0,21,21,25,0,-2,0,0,0,32,4367,4367,0,175,18,583,40461,40389,110,1024,14,98,0,0,0,0,0,1,12,15,12,0,4428,0,0,0,0,0,0,0,0,0,-9,0,0,0
181,0,0,0,0,0,251,1.74865,0.00155045,1.76203,89,0,21,21,25,0,-2,0,0,0,31,4367,4367,0,175,18,583,40463,40393,109,1024,14,98,0,0,0,0,0,1,12,15,12,0,4428,0,0,0,0,0,0,0,0,0,-9,0,0,0
181.01,0,0,0,0,0,248,1.74941,0.00159359,1.76244,89,0,21,21,25,0,-2,0,0,0,31,4367,4367,0,175,18,583,40463,40393,109,1024,14,98,0,0,0,0,0,1,0,0,0,0,4426,0,0,0,0,0,0,0,0,0,-2,0,0,0
181.02,0,0,0,0,0,244,1.75017,0.00163673,1.76284,89,0,21,21,25,0,-2,0,0,0,31,4367,4367,0,175,18,583,40463,40393,109,1024,14,98,0,0,0,0,0,1,0,0,0,0,4434,0,0,0,0,0,0,0,0,0,5,0,0,0
181.03,0,0,0,0,0,242,1.75093,0.00167986,1.76325,89,0,21,21,25,0,-2,0,0,0,31,4367,4367,0,175,18,583,40463,40393,109,1024,14,98,0,0,0,0,0,1,6,0,10,0,4423,0,0,0,0,0,0,0,0,0,-2,0,0,0
181.04,0,0,0,0,0,240,1.75169,0.001723,1.76365,89,0,21,21,25,0,-2,0,0,0,31,4367,4367,0,175,18,583,40463,40393,109,1024,14,98,0,0,0,0,0,1,0,1,0,0,4430,0,0,0,0,0,0,0,0,0,-2,0,0,0
181.05,0,0,0,0,0,240,1.75244,0.00176613,1.76406,89,0,21,21,25,0,-2,0,0,0,31,4367,4367,0,175,18,583,40463,40393,109,1024,14,98,0,0,0,0,0,1,0,0,0,0,4421,0,0,0,0,0,0,0,0,0,-1,0,0,0
181.06,0,0,0,0,0,234,1.7532,0.00180927,1.76447,89,0,21,21,25,0,-2,0,0,0,31,4367,4367,0,175,18,583,40463,40393,109,1024,14,98,0,0,0,0,0,1,0,0,0,0,4421,0,0,0,0,0,0,0,0,0,-1,0,0,0
181.07,0,0,0,0,0,230,1.75396,0.00185241,1.76487,89,0,21,21,25,0,-2,0,0,0,31,4367,4367,0,175,18,583,40463,40393,109,1024,14,98,0,0,0,0,0,1,0,0,2,0,4430,0,0,0,0,0,0,0,0,0,-4,0,0,0
181.08,0,0,0,0,0,226,1.75472,0.00189554,1.76528,89,0,21,21,25,0,-2,0,0,0,31,4367,4367,0,175,18,583,40463,40393,109,1024,14,98,0,0,0,0,0,1,0,0,0,0,4432,0,0,0,0,0,0,0,0,0,0,0,0,0
181.09,0,0,0,0,0,227,1.75548,0.00193868,1.76568,89,0,21,21,25,0,-2,0,0,0,31,4367,4367,0,175,18,583,40463,40393,109,1024,14,98,0,0,0,0,0,1,0,7,4,0,4430,0,0,0,0,0,0,0,0,0,0,0,0,0
181.1,0,0,0,0,0,222,1.75624,0.00198181,1.76609,89,0,21,21,25,0,-2,0,0,0,31,4367,4367,0,175,18,583,40466,40396,110,1024,14,98,0,0,0,0,0,1,8,13,0,0,4426,0,0,0,0,0,0,0,0,0,-11,0,0,0
181.11,0,0,0,0,0,221,1.75774,0.00203183,1.76753,89,0,21,21,25,0,-2,0,0,0,31,4367,4367,0,175,18,583,40466,40396,110,1024,14,98,0,0,0,0,0,1,0,0,0,0,4430,0,0,0,0,0,0,0,0,0,-7,0,0,0
181.12,0,0,0,0,0,221,1.75925,0.00208185,1.76897,89,0,21,21,25,0,-2,0,0,0,31,4367,4367,0,175,18,583,40466,40396,110,1024,14,98,0,0,0,0,0,1,0,0,0,0,4430,0,0,0,0,0,0,0,0,0,-7,0,0,0
181.13,0,0,0,0,0,213,1.76075,0.00213187,1.7704,89,0,21,21,25,0,-2,0,0,0,31,4368,4367,0,175,18,583,40466,40396,110,1024,14,98,0,0,0,0,0,1,0,0,0,0,4430,0,0,0,0,0,0,0,0,0,-3,0,0,0
181.14,0,0,0,0,0,211,1.76225,0.00218189,1.77184,89,0,21,21,25,0,-2,0,0,0,31,4368,4367,0,175,18,583,40466,40396,110,1024,14,98,0,0,0,0,0,1,19,1,13,0,4423,0,0,0,0,0,0,0,0,0,3,0,0,0
181.15,0,0,0,0,0,206,1.76375,0.00223191,1.77328,89,0,21,21,25,0,-2,0,0,0,31,4368,4367,0,175,18,583,40466,40396,110,1024,14,98,0,0,0,0,0,1,0,7,2,0,4430,0,0,0,0,0,0,0,0,0,-3,0,0,0
181.16,0,0,0,0,0,200,1.76526,0.00228193,1.77472,89,0,21,21,25,0,-2,0,0,0,31,4368,4367,0,175,18,583,40466,40396,110,1024,14,98,0,0,0,0,0,1,10,3,0,0,4428,0,0,0,0,0,0,0,0,0,-5,0,0,0
181.17,0,0,0,0,0,201,1.76676,0.00233195,1.77616,89,0,21,21,25,0,-2,0,0,0,31,4368,4367,0,175,18,583,40466,40396,110,1024,14,98,0,0,0,0,0,1,0,0,0,0,4437,0,0,0,0,0,0,0,0,0,-19,0,0,0
181.18,0,0,0,0,0,201,1.76826,0.00238197,1.77759,89,0,21,21,25,0,-2,0,0,0,31,4368,4367,0,175,18,583,40466,40396,110,1024,14,98,0,0,0,0,0,1,0,0,0,0,4437,0,0,0,0,0,0,0,0,0,-19,0,0,0
181.19,0,0,0,0,0,198,1.76976,0.00243199,1.77903,89,0,21,21,25,0,-2,0,0,0,31,4368,4367,0,175,18,583,40466,40396,110,1024,14,98,0,0,0,0,0,1,0,0,0,0,4438,0,0,0,0,0,0,0,0,0,1,0,0,0
181.2,0,0,0,0,0,198,1.77127,0.00248201,1.78047,89,0,21,21,25,0,-2,0,0,0,29,4368,4367,0,175,18,583,40467,40399,108,1024,14,98,0,0,0,0,0,1,4,0,4,0,4426,0,0,0,0,0,0,0,0,0,-4,0,0,0
181.21,0,0,0,0,0,192,1.77302,0.00249696,1.78224,89,0,21,21,25,0,-2,0,0,0,29,4368,4367,0,175,18,583,40467,40399,108,1024,14,98,0,0,0,0,0,1,6,23,24,0,4426,0,0,0,0,0,0,0,0,0,-6,0,0,0
181.22,0,0,0,0,0,185,1.77477,0.00251191,1.78401,89,0,21,21,25,0,-2,0,0,0,29,4368,4367,0,175,18,583,40467,40399,108,1024,14,98,0,0,0,0,0,1,21,15,8,0,4432,0,0,0,0,0,0,0,0,0,-17,0,0,0
181.23,0,0,0,0,0,182,1.77652,0.00252686,1.78579,89,0,21,21,25,0,-2,0,0,0,29,4368,4367,0,175,18,583,40467,40399,108,1024,14,98,0,0,0,0,0,1,0,0,2,0,4434,0,0,0,0,0,0,0,0,0,-5,0,0,0
181.24,0,0,0,0,0,182,1.77827,0.00254181,1.78756,89,0,21,21,25,0,-2,0,0,0,29,4368,4367,0,175,18,583,40467,40399,108,1024,14,98,0,0,0,0,0,1,0,0,2,0,4434,0,0,0,0,0,0,0,0,0,-5,0,0,0
181.25,0,0,0,0,0,175,1.78002,0.00255676,1.78933,89,0,21,21,25,0,-2,0,0,0,29,4368,4367,0,175,18,583,40467,40399,108,1024,14,98,0,0,0,0,0,1,0,0,0,0,4428,0,0,0,0,0,0,0,0,0,6,0,0,0
181.26,0,0,0,0,0,175,1.78177,0.00257171,1.7911,89,0,21,21,25,0,-2,0,0,0,29,4368,4367,0,175,18,583,40467,40399,108,1024,14,98,0,0,0,0,0,1,2,0,0,0,4430,0,0,0,0,0,0,0,0,0,-2,0,0,0
181.27,0,0,0,0,0,174,1.78352,0.00258666,1.79287,89,0,21,21,25,0,-2,0,0,0,29,4368,4367,0,175,18,583,40467,40399,108,1024,14,98,0,0,0,0,0,1,12,13,19,0,4430,0,0,0,0,0,0,0,0,0,2,0,0,0
181.28,0,0,0,0,0,168,1.78527,0.00260162,1.79465,89,0,21,21,25,0,-2,0,0,0,29,4368,4367,0,175,18,583,40467,40399,108,1024,14,98,0,0,0,0,0,1,10,19,2,0,4437,0,0,0,0,0,0,0,0,0,-6,0,0,0
181.29,0,0,0,0,0,167,1.78702,0.00261657,1.79642,89,0,21,21,25,0,-2,0,0,0,29,4368,4368,0,175,18,583,40467,40399,108,1024,14,98,0,0,0,0,0,1,2,0,0,0,4437,0,0,0,0,0,0,0,0,0,-6,0,0,0
181.3,0,0,0,0,0,167,1.78877,0.00263152,1.79819,89,0,21,21,24,0,-2,0,0,0,28,4368,4368,0,175,18,583,40471,40401,110,1024,14,98,0,0,0,0,0,1,2,0,0,0,4437,0,0,0,0,0,0,0,0,0,-6,0,0,0
181.31,0,0,0,0,0,164,1.78987,0.00267079,1.79949,89,0,21,21,24,0,-2,0,0,0,28,4368,4368,0,175,18,583,40471,40401,110,1024,14,98,0,0,0,0,0,1,0,0,0,0,4430,0,0,0,0,0,0,0,0,0,-16,0,0,0
181.32,0,0,0,0,0,160,1.79097,0.00271006,1.8008,89,0,21,21,24,0,-2,0,0,0,28,4368,4368,0,175,18,583,40471,40401,110,1024,14,98,0,0,0,0,0,1,0,0,0,0,4428,0,0,0,0,0,0,0,0,0,-8,0,0,0
181.33,0,0,0,0,0,153,1.79206,0.00274934,1.8021,89,0,21,21,24,0,-2,0,0,0,28,4368,4368,0,175,18,583,40471,40401,110,1024,14,98,0,0,0,0,0,1,6,3,0,0,4426,0,0,0,0,0,0,0,0,0,-2,0,0,0
181.34,0,0,0,0,0,146,1.79316,0.00278861,1.80341,89,0,21,21,24,0,-2,0,0,0,28,4368,4368,0,175,18,583,40471,40401,110,1024,14,98,0,0,0,0,0,1,0,0,13,0,4432,0,0,0,0,0,0,0,0,0,-1,0,0,0
181.35,0,0,0,0,0,143,1.79426,0.00282788,1.80471,89,0,21,21,24,0,-2,0,0,0,28,4368,4368,0,175,18,583,40471,40401,110,1024,14,98,0,0,0,0,0,1,0,7,16,0,4434,0,0,0,0,0,0,0,0,0,-5,0,0,0
181.36,0,0,0,0,0,143,1.79536,0.00286716,1.80601,89,0,21,21,24,0,-2,0,0,0,28,4368,4368,0,175,18,583,40471,40401,110,1024,14,98,0,0,0,0,0,1,0,7,16,0,4434,0,0,0,0,0,0,0,0,0,-5,0,0,0
181.37,0,0,0,0,0,139,1.79645,0.00290643,1.80732,89,0,21,21,24,0,-2,0,0,0,28,4368,4368,0,175,18,583,40471,40401,110,1024,14,98,0,0,0,0,0,1,12,11,0,0,4428,0,0,0,0,0,0,0,0,0,-19,0,0,0
181.38,0,0,0,0,0,140,1.79755,0.0029457,1.80862,89,0,21,21,24,0,-2,0,0,0,28,4368,4368,0,175,18,583,40471,40401,110,1024,14,98,0,0,0,0,0,1,8,0,4,0,4434,0,0,0,0,0,0,0,0,0,-5,0,0,0
181.39,0,0,0,0,0,141,1.79865,0.00298497,1.80993,89,0,21,21,24,0,-2,0,0,0,28,4368,4368,0,175,18,583,40471,40401,110,1024,14,98,0,0,0,0,0,1,0,0,0,0,4430,0,0,0,0,0,0,0,0,0,-18,0,0,0
181.4,0,0,0,0,0,136,1.79974,0.00302425,1.81123,89,0,21,21,25,0,-2,0,0,0,27,4368,4368,0,175,18,583,40472,40404,109,1024,14,98,0,0,0,0,0,1,0,5,0,0,4438,0,0,0,0,0,0,0,0,0,-5,0,0,0
181.41,0,0,0,0,0,130,1.801,0.00306161,1.81268,89,0,21,21,25,0,-2,0,0,0,27,4368,4368,0,175,18,583,40472,40404,109,1024,14,98,0,0,0,0,0,1,0,0,0,0,4432,0,0,0,0,0,0,0,0,0,-9,0,0,0
181.42,0,0,0,0,0,130,1.80226,0.00309897,1.81413,89,0,21,21,25,0,-2,0,0,0,27,4368,4368,0,175,18,583,40472,40404,109,1024,14,98,0,0,0,0,0,1,0,0,0,0,4432,0,0,0,0,0,0,0,0,0,-9,0,0,0
181.43,0,0,0,0,0,127,1.80351,0.00313633,1.81559,89,0,21,21,25,0,-2,0,0,0,27,4368,4368,0,175,18,583,40472,40404,109,1024,14,98,0,0,0,0,0,1,12,0,10,0,4426,0,0,0,0,0,0,0,0,0,-2,0,0,0
181.44,0,0,0,0,0,124,1.80477,0.00317369,1.81704,89,0,21,21,25,0,-2,0,0,0,27,4368,4368,0,175,18,583,40472,40404,109,1024,14,98,0,0,0,0,0,1,0,5,13,0,4432,0,0,0,0,0,0,0,0,0,-6,0,0,0
181.45,0,0,0,0,0,122,1.80603,0.00321105,1.81849,89,0,21,21,25,0,-2,0,0,0,27,4368,4368,0,175,18,583,40472,40404,109,1024,14,98,0,0,0,0,0,1,0,11,2,0,4432,0,0,0,0,0,0,0,0,0,-3,0,0,0
181.46,0,0,0,0,0,120,1.80728,0.00324841,1.81994,89,0,21,21,25,0,-2,0,0,0,27,4368,4368,0,175,18,583,40472,40404,109,1024,14,98,0,0,0,0,0,1,16,5,0,0,4428,0,0,0,0,0,0,0,0,0,-9,0,0,0
181.47,0,0,0,0,0,121,1.80854,0.00328577,1.82139,89,0,21,21,25,0,-2,0,0,0,27,4368,4368,0,175,18,583,40472,40404,109,1024,14,98,0,0,0,0,0,1,0,0,0,0,4432,0,0,0,0,0,0,0,0,0,0,0,0,0
181.48,0,0,0,0,0,121,1.8098,0.00332313,1.82285,89,0,21,21,25,0,-2,0,0,0,27,4368,4368,0,175,18,583,40472,40404,109,1024,14,98,0,0,0,0,0,1,0,0,0,0,4432,0,0,0,0,0,0,0,0,0,0,0,0,0
181.49,0,0,0,0,0,120,1.81105,0.00336049,1.8243,89,0,21,21,25,0,-2,0,0,0,27,4368,4368,0,175,18,583,40472,40404,109,1024,14,98,0,0,0,0,0,1,0,1,0,0,4430,0,0,0,0,0,0,0,0,0,-19,0,0,0
181.5,0,0,0,0,0,113,1.81231,0.00339785,1.82575,89,0,21,21,24,0,-2,0,0,0,27,4368,4368,0,175,18,583,40476,40405,110,1024,14,98,0,0,0,0,0,1,0,9,0,0,4428,0,0,0,0,0,0,0,0,0,0,0,0,0
181.51,0,0,0,0,0,113,1.81582,0.00344163,1.82932,89,0,21,21,24,0,-2,0,0,0,27,4368,4368,0,175,18,583,40476,40405,110,1024,14,98,0,0,0,0,0,1,10,7,0,0,4428,0,0,0,0,0,0,0,0,0,9,0,0,0
181.52,0,0,0,0,0,110,1.81933,0.0034854,1.83289,89,0,21,21,24,0,-2,0,0,0,27,4368,4368,0,175,18,583,40476,40405,110,1024,14,98,0,0,0,0,0,1,6,0,0,0,4423,0,0,0,0,0,0,0,0,0,-2,0,0,0
181.53,0,0,0,0,0,109,1.82283,0.00352917,1.83646,89,0,21,21,24,0,-2,0,0,0,27,4369,4368,0,175,18,583,40476,40405,110,1024,14,98,0,0,0,0,0,1,6,7,6,0,4441,0,0,0,0,0,0,0,0,0,1,0,0,0
181.54,0,0,0,0,0,109,1.82634,0.00357294,1.84003,89,0,21,21,24,0,-2,0,0,0,27,4369,4368,0,175,18,583,40476,40405,110,1024,14,98,0,0,0,0,0,1,6,7,6,0,4441,0,0,0,0,0,0,0,0,0,1,0,0,0
181.55,0,0,0,0,0,105,1.82985,0.00361671,1.8436,89,0,21,21,24,0,-2,0,0,0,27,4369,4368,0,175,18,583,40476,40405,110,1024,14,98,0,0,0,0,0,1,8,17,12,0,4438,0,0,0,0,0,0,0,0,0,-2,0,0,0
181.56,0,0,0,0,0,98,1.83336,0.00366048,1.84717,89,0,21,21,24,0,-2,0,0,0,27,4369,4368,0,175,18,583,40476,40405,110,1024,14,98,0,0,0,0,0,1,4,17,0,0,4428,0,0,0,0,0,0,0,0,0,-13,0,0,0
181.57,0,0,0,0,0,97,1.83686,0.00370425,1.85075,89,0,21,21,24,0,-2,0,0,0,27,4369,4368,0,175,18,583,40476,40405,110,1024,14,98,0,0,0,0,0,1,10,7,0,0,4430,0,0,0,0,0,0,0,0,0,2,0,0,0
181.58,0,0,0,0,0,95,1.84037,0.00374802,1.85432,89,0,21,21,24,0,-2,0,0,0,27,4369,4368,0,175,18,583,40476,40405,110,1024,14,98,0,0,0,0,0,1,0,0,0,0,4430,0,0,0,0,0,0,0,0,0,-1,0,0,0
181.59,0,0,0,0,0,92,1.84388,0.00379179,1.85789,89,0,21,21,24,0,-2,0,0,0,27,4369,4368,0,175,18,583,40476,40405,110,1024,14,98,0,0,0,0,0,1,0,0,4,0,4432,0,0,0,0,0,0,0,0,0,0,0,0,0
181.6,0,0,0,0,0,92,1.84739,0.00383556,1.86146,89,0,21,21,25,0,-2,0,0,0,24,4369,4368,0,175,18,583,40477,40408,110,1024,14,98,0,0,0,0,0,1,0,0,4,0,4432,0,0,0,0,0,0,0,0,0,0,0,0,0
181.61,0,0,0,0,0,87,1.847,0.0040116,1.86151,89,0,21,21,25,0,-2,0,0,0,24,4369,4368,0,175,18,583,40477,40408,110,1024,14,98,0,0,0,0,0,1,0,0,6,0,4441,0,0,0,0,0,0,0,0,0,-11,0,0,0
181.62,0,0,0,0,0,84,1.84662,0.00418764,1.86157,89,0,21,21,25,0,-2,0,0,0,24,4369,4368,0,175,18,583,40477,40408,110,1024,14,98,0,0,0,0,0,1,0,0,0,0,4434,0,0,0,0,0,0,0,0,0,5,0,0,0
181.63,0,0,0,0,0,82,1.84624,0.00436368,1.86162,89,0,21,21,25,0,-2,0,0,0,24,4369,4368,0,175,18,583,40477,40408,110,1024,14,98,0,0,0,0,0,1,0,0,0,0,4430,0,0,0,0,0,0,0,0,0,10,0,0,0
181.64,0,0,0,0,0,83,1.84586,0.00453972,1.86168,89,0,21,21,25,0,-2,0,0,0,24,4369,4368,0,175,18,583,40477,40408,110,1024,14,98,0,0,0,0,0,1,0,0,0,0,4421,0,0,0,0,0,0,0,0,0,-8,0,0,0
181.65,0,0,0,0,0,84,1.84547,0.00471576,1.86173,89,0,21,21,25,0,-2,0,0,0,24,4369,4368,0,175,18,583,40477,40408,110,1024,14,98,0,0,0,0,0,1,8,5,0,0,4428,0,0,0,0,0,0,0,0,0,1,0,0,0
181.66,0,0,0,0,0,84,1.84509,0.0048918,1.86179,89,0,21,21,25,0,-2,0,0,0,24,4369,4368,0,175,18,583,40477,40408,110,1024,14,98,0,0,0,0,0,1,8,5,0,0,4428,0,0,0,0,0,0,0,0,0,1,0,0,0
181.67,0,0,0,0,0,82,1.84471,0.00506784,1.86184,89,0,21,21,25,0,-2,0,0,0,24,4369,4368,0,175,18,583,40477,40408,110,1024,14,98,0,0,0,0,0,1,6,3,8,0,4432,0,0,0,0,0,0,0,0,0,6,0,0,0
181.68,0,0,0,0,0,79,1.84433,0.00524388,1.86189,89,0,21,21,25,0,-2,0,0,0,24,4369,4368,0,175,18,583,40477,40408,110,1024,14,98,0,0,0,0,0,1,0,1,8,0,4434,0,0,0,0,0,0,0,0,0,3,0,0,0
181.69,0,0,0,0,0,77,1.84394,0.00541992,1.86195,89,0,21,21,25,0,-2,0,0,0,24,4369,4368,0,175,18,583,40477,40408,110,1024,14,98,0,0,0,0,0,1,0,3,10,0,4430,0,0,0,0,0,0,0,0,0,-3,0,0,0
181.7,0,0,0,0,0,73,1.84356,0.00559596,1.862,89,0,21,21,25,0,-2,0,0,0,24,4369,4368,0,175,18,583,40480,40411,110,1024,14,98,0,0,0,0,0,1,2,9,0,0,4428,0,0,0,0,0,0,0,0,0,-13,0,0,0
181.71,0,0,0,0,0,71,1.84298,0.00580842,1.86114,89,0,21,21,25,0,-2,0,0,0,24,4369,4368,0,175,18,583,40480,40411,110,1024,14,98,0,0,0,0,0,1,6,5,0,0,4430,0,0,0,0,0,0,0,0,0,-5,0,0,0
181.72,0,0,0,0,0,71,1.8424,0.00602087,1.86028,89,0,21,21,25,0,-2,0,0,0,24,4369,4368,0,175,18,583,40480,40411,110,1024,14,98,0,0,0,0,0,1,6,5,0,0,4430,0,0,0,0,0,0,0,0,0,-5,0,0,0
181.73,0,0,0,0,0,67,1.84182,0.00623332,1.85942,89,0,21,21,25,0,-2,0,0,0,24,4369,4368,0,175,18,583,40480,40411,110,1024,14,98,0,0,0,0,0,1,0,0,0,0,4434,0,0,0,0,0,0,0,0,0,1,0,0,0
181.74,0,0,0,0,0,64,1.84124,0.00644577,1.85855,89,0,21,21,25,0,-2,0,0,0,24,4369,4368,0,175,18,583,40480,40411,110,1024,14,98,0,0,0,0,0,1,0,0,0,0,4430,0,0,0,0,0,0,0,0,0,-9,0,0,0
181.75,0,0,0,0,0,59,1.84066,0.00665822,1.85769,89,0,21,21,25,0,-2,0,0,0,24,4369,4368,0,175,18,583,40480,40411,110,1024,14,98,0,0,0,0,0,1,0,0,0,0,4426,0,0,0,0,0,0,0,0,0,-5,0,0,0
181.76,0,0,0,0,0,56,1.84008,0.00687067,1.85683,89,0,21,21,25,0,-2,0,0,0,24,4369,4368,0,175,18,583,40480,40411,110,1024,14,98,0,0,0,0,0,1,0,0,0,0,4428,0,0,0,0,0,0,0,0,0,-17,0,0,0
181.77,0,0,0,0,0,55,1.8395,0.00708312,1.85597,89,0,21,21,25,0,-2,0,0,0,24,4369,4368,0,175,18,583,40480,40411,110,1024,14,98,0,0,0,0,0,1,0,5,0,0,4430,0,0,0,0,0,0,0,0,0,-4,0,0,0
181.78,0,0,0,0,0,55,1.83892,0.00729558,1.8551,89,0,21,21,25,0,-2,0,0,0,24,4369,4368,0,175,18,583,40480,40411,110,1024,14,98,0,0,0,0,0,1,0,5,0,0,4430,0,0,0,0,0,0,0,0,0,-4,0,0,0
181.79,0,0,0,0,0,56,1.83834,0.00750803,1.85424,89,0,21,21,25,0,-2,0,0,0,24,4369,4368,0,175,18,583,40480,40411,110,1024,14,98,0,0,0,0,0,1,8,3,8,0,4438,0,0,0,0,0,0,0,0,0,4,0,0,0
181.8,0,0,0,0,0,58,1.83776,0.00772048,1.85338,89,0,21,21,25,0,-2,0,0,0,25,4369,4368,0,175,18,583,40482,40414,109,1024,14,98,0,0,0,0,0,1,0,0,0,0,4434,0,0,0,0,0,0,0,0,0,-4,0,0,0
181.81,0,0,0,0,0,55,1.83726,0.00783388,1.85364,89,0,21,21,25,0,-2,0,0,0,25,4369,4368,0,175,18,583,40482,40414,109,1024,14,98,0,0,0,0,0,1,0,1,0,0,4432,0,0,0,0,0,0,0,0,0,0,0,0,0
181.82,0,0,0,0,0,48,1.83677,0.00794728,1.85391,89,0,21,21,25,0,-2,0,0,0,25,4369,4368,0,175,18,583,40482,40414,109,1024,14,98,0,0,0,0,0,1,0,0,0,0,4438,0,0,0,0,0,0,0,0,0,0,0,0,0
181.83,0,0,0,0,0,43,1.83628,0.00806068,1.85417,89,0,21,21,25,0,-2,0,0,0,25,4369,4368,0,175,18,583,40482,40414,109,1024,14,98,0,0,0,0,0,1,0,1,2,0,4432,0,0,0,0,0,0,0,0,0,0,0,0,0
181.84,0,0,0,0,0,43,1.83579,0.00817409,1.85443,89,0,21,21,25,0,-2,0,0,0,25,4369,4368,0,175,18,583,40482,40414,109,1024,14,98,0,0,0,0,0,1,0,1,2,0,4432,0,0,0,0,0,0,0,0,0,0,0,0,0
181.85,0,0,0,0,0,41,1.8353,0.00828749,1.8547,89,0,21,21,25,0,-2,0,0,0,25,4369,4369,0,175,18,583,40482,40414,109,1024,14,98,0,0,0,0,0,1,0,5,0,0,4434,0,0,0,0,0,0,0,0,0,2,0,0,0
181.86,0,0,0,0,0,40,1.8348,0.00840089,1.85496,89,0,21,21,25,0,-2,0,0,0,25,4369,4369,0,175,18,583,40482,40414,109,1024,14,98,0,0,0,0,0,1,6,0,13,0,4426,0,0,0,0,0,0,0,0,0,0,0,0,0
181.87,0,0,0,0,0,41,1.83431,0.00851429,1.85523,89,0,21,21,25,0,-2,0,0,0,25,4369,4369,0,175,18,583,40482,40414,109,1024,14,98,0,0,0,0,0,1,0,0,0,0,4430,0,0,0,0,0,0,0,0,0,9,0,0,0
181.88,0,0,0,0,0,39,1.83382,0.00862769,1.85549,89,0,21,21,25,0,-2,0,0,0,25,4369,4369,0,175,18,583,40482,40414,109,1024,14,98,0,0,0,0,0,1,4,7,6,0,4432,0,0,0,0,0,0,0,0,0,-4,0,0,0
181.89,0,0,0,0,0,36,1.83333,0.00874109,1.85576,89,0,21,21,25,0,-2,0,0,0,25,4369,4369,0,175,18,583,40482,40414,109,1024,14,98,0,0,0,0,0,1,0,5,0,0,4432,0,0,0,0,0,0,0,0,0,9,0,0,0
181.9,0,0,0,0,0,36,1.83284,0.0088545,1.85602,89,0,21,21,25,0,-2,0,0,0,25,4370,4369,0,175,18,583,40485,40416,110,1024,14,98,0,0,0,0,0,1,0,5,0,0,4432,0,0,0,0,0,0,0,0,0,9,0,0,0
181.91,0,0,0,0,0,34,1.83291,0.00887933,1.85509,89,0,21,21,25,0,-2,0,0,0,25,4370,4369,0,175,18,583,40485,40416,110,1024,14,98,0,0,0,0,0,1,0,0,0,0,4432,0,0,0,0,0,0,0,0,0,-1,0,0,0
181.92,0,0,0,0,0,32,1.83299,0.00890417,1.85417,89,0,21,21,25,0,-2,0,0,0,25,4370,4369,0,175,18,583,40485,40416,110,1024,14,98,0,0,0,0,0,1,0,9,12,0,4434,0,0,0,0,0,0,0,0,0,-1,0,0,0
181.93,0,0,0,0,0,32,1.83307,0.008929,1.85324,89,0,21,21,25,0,-2,0,0,0,25,4370,4369,0,175,18,583,40485,40416,110,1024,14,98,0,0,0,0,0,1,10,13,8,0,4432,0,0,0,0,0,0,0,0,0,-2,0,0,0
181.94,0,0,0,0,0,31,1.83315,0.00895384,1.85231,89,0,21,21,25,0,-2,0,0,0,25,4370,4369,0,175,18,583,40485,40416,110,1024,14,98,0,0,0,0,0,1,2,0,6,0,4430,0,0,0,0,0,0,0,0,0,0,0,0,0
181.95,0,0,0,0,0,29,1.83322,0.00897868,1.85138,89,0,21,21,25,0,-2,0,0,0,25,4370,4369,0,175,18,583,40485,40416,110,1024,14,98,0,0,0,0,0,1,4,0,0,0,4428,0,0,0,0,0,0,0,0,0,2,0,0,0
181.96,0,0,0,0,0,29,1.8333,0.00900351,1.85045,89,0,21,21,25,0,-2,0,0,0,25,4370,4369,0,175,18,583,40485,40416,110,1024,14,98,0,0,0,0,0,1,4,0,0,0,4428,0,0,0,0,0,0,0,0,0,2,0,0,0
181.97,0,0,0,0,0,26,1.83338,0.00902835,1.84953,89,0,21,21,25,0,-2,0,0,0,25,4370,4369,0,175,18,583,40485,40416,110,1024,14,98,0,0,0,0,0,1,2,9,2,0,4438,0,0,0,0,0,0,0,0,0,-5,0,0,0
181.98,0,0,0,0,0,18,1.83346,0.00905319,1.8486,89,0,21,21,25,0,-2,0,0,0,25,4370,4369,0,175,18,583,40485,40416,110,1024,14,98,0,0,0,0,0,1,0,0,0,0,4434,0,0,0,0,0,0,0,0,0,-12,0,0,0
181.99,0,0,0,0,0,12,1.83353,0.00907802,1.84767,89,0,21,21,25,0,-2,0,0,0,25,4370,4369,0,175,18,583,40485,40416,110,1024,14,98,0,0,0,0,0,1,0,7,2,0,4430,0,0,0,0,0,0,0,0,0,2,0,0,0
182,0,0,0,0,0,10,1.83361,0.00910286,1.84674,89,0,21,21,25,0,-2,0,0,0,25,4370,4369,0,175,18,583,40487,40419,110,1024,14,98,0,0,0,0,0,1,0,3,0,0,4430,0,0,0,0,0,0,0,0,0,1,0,0,0
182.01,0,0,0,0,0,8,1.83396,0.00908446,1.84754,89,0,21,21,25,0,-2,0,0,0,25,4370,4369,0,175,18,583,40487,40419,110,1024,14,98,0,0,0,0,0,1,0,3,0,0,4430,0,0,0,0,0,0,0,0,0,2,0,0,0
182.02,0,0,0,0,0,8,1.83431,0.00906606,1.84833,89,0,21,21,25,0,-2,0,0,0,25,4370,4369,0,175,18,583,40487,40419,110,1024,14,98,0,0,0,0,0,1,0,3,0,0,4430,0,0,0,0,0,0,0,0,0,2,0,0,0
182.03,0,0,0,0,0,9,1.83465,0.00904766,1.84912,89,0,21,21,25,0,-2,0,0,0,25,4370,4369,0,175,18,583,40487,40419,110,1024,14,98,0,0,0,0,0,1,0,0,2,0,4423,0,0,0,0,0,0,0,0,0,-1,0,0,0
182.04,0,0,0,0,0,11,1.835,0.00902925,1.84991,89,0,21,21,25,0,-2,0,0,0,25,4370,4369,0,175,18,583,40487,40419,110,1024,14,98,0,0,0,0,0,1,10,13,0,0,4437,0,0,0,0,0,0,0,0,0,12,0,0,0
182.05,0,0,0,0,0,10,1.83535,0.00901085,1.85071,89,0,21,21,25,0,-2,0,0,0,25,4370,4369,0,175,18,583,40487,40419,110,1024,14,98,0,0,0,0,0,1,0,0,6,0,4428,0,0,0,0,0,0,0,0,0,-1,0,0,0
182.06,0,0,0,0,0,7,1.8357,0.00899245,1.8515,89,0,21,21,25,0,-2,0,0,0,25,4370,4369,0,175,18,583,40487,40419,110,1024,14,98,0,0,0,0,0,1,0,0,0,0,4434,0,0,0,0,0,0,0,0,0,1,0,0,0
182.07,0,0,0,0,0,3,1.83604,0.00897405,1.85229,89,0,21,21,25,0,-2,0,0,0,25,4370,4369,0,175,18,583,40487,40419,110,1024,14,98,0,0,0,0,0,1,0,0,0,0,4426,0,0,0,0,0,0,0,0,0,1,0,0,0
182.08,0,0,0,0,0,3,1.83639,0.00895565,1.85308,89,0,21,21,25,0,-2,0,0,0,25,4370,4369,0,175,18,583,40487,40419,110,1024,14,98,0,0,0,0,0,1,0,0,0,0,4426,0,0,0,0,0,0,0,0,0,1,0,0,0
182.09,0,0,0,0,0,0,1.83674,0.00893725,1.85387,89,0,21,21,25,0,-2,0,0,0,25,4370,4369,0,175,18,583,40487,40419,110,1024,14,98,0,0,0,0,0,1,0,0,0,0,4437,0,0,0,0,0,0,0,0,0,3,0,0,0
182.1,0,0,0,0,0,0,1.83709,0.00891885,1.85467,89,0,21,21,25,0,-2,0,0,0,25,4370,4369,0,175,18,583,40488,40422,110,1024,14,98,0,0,0,0,0,1,0,1,2,0,4432,0,0,0,0,0,0,0,0,0,-2,0,0,0
182.11,0,0,0,0,0,0,1.83674,0.0089251,1.85449,89,0,21,21,25,0,-2,0,0,0,25,4370,4369,0,175,18,583,40488,40422,110,1024,14,98,0,0,0,0,0,1,0,0,0,0,4430,0,0,0,0,0,0,0,0,0,0,0,0,0
182.12,0,0,0,0,0,0,1.8364,0.00893135,1.85432,89,0,21,21,25,0,-2,0,0,0,25,4370,4369,0,175,18,583,40488,40422,110,1024,14,98,0,0,0,0,0,1,0,0,0,0,4432,0,0,0,0,0,0,0,0,0,-2,0,0,0
182.13,0,0,0,0,0,0,1.83606,0.0089376,1.85414,89,0,21,21,25,0,-2,0,0,0,25,4370,4369,0,175,18,583,40488,40422,110,1024,14,98,0,0,0,0,0,1,4,7,2,0,4432,0,0,0,0,0,0,0,0,0,4,0,0,0
182.14,0,0,0,0,0,0,1.83572,0.00894385,1.85397,89,0,21,21,25,0,-2,0,0,0,25,4370,4369,0,175,18,583,40488,40422,110,1024,14,98,0,0,0,0,0,1,4,7,2,0,4432,0,0,0,0,0,0,0,0,0,4,0,0,0
182.15,0,0,0,0,0,0,1.83537,0.0089501,1.8538,89,0,21,21,25,0,-2,0,0,0,25,4370,4369,0,175,18,583,40488,40422,110,1024,14,98,0,0,0,0,0,1,0,0,0,0,4437,0,0,0,0,0,0,0,0,0,-2,0,0,0
182.16,0,0,0,0,0,0,1.83503,0.00895636,1.85362,89,0,21,21,25,0,-2,0,0,0,25,4370,4369,0,175,18,583,40488,40422,110,1024,14,98,0,0,0,0,0,1,0,0,0,0,4432,0,0,0,0,0,0,0,0,0,-3,0,0,0
182.17,0,0,0,0,0,0,1.83469,0.00896261,1.85345,89,0,21,21,25,0,-2,0,0,0,25,4370,4369,0,175,18,583,40488,40422,110,1024,14,98,0,0,0,0,0,1,6,13,10,0,4432,0,0,0,0,0,0,0,0,0,7,0,0,0
182.18,0,0,0,0,0,0,1.83434,0.00896886,1.85327,89,0,21,21,25,0,-2,0,0,0,25,4370,4369,0,175,18,583,40488,40422,110,1024,14,98,0,0,0,0,0,1,0,0,0,0,4426,0,0,0,0,0,0,0,0,0,3,0,0,0
182.19,0,0,0,0,0,0,1.834,0.00897511,1.8531,89,0,21,21,25,0,-2,0,0,0,25,4370,4369,0,175,18,583,40488,40422,110,1024,14,98,0,0,0,0,0,1,0,0,16,0,4449,0,0,0,0,0,0,0,0,0,-1,0,0,0
182.2,0,0,0,0,0,0,1.83366,0.00898136,1.85292,89,0,21,21,25,0,-2,0,0,0,25,4370,4369,0,175,18,583,40492,40423,110,1024,14,98,0,0,0,0,0,1,0,0,16,0,4449,0,0,0,0,0,0,0,0,0,-1,0,0,0
182.21,0,0,0,0,0,0,1.83318,0.00900284,1.85331,89,0,21,21,25,0,-2,0,0,0,25,4370,4369,0,175,18,583,40492,40423,110,1024,14,98,0,0,0,0,0,1,0,0,0,0,4447,0,0,0,0,0,0,0,0,0,-2,0,0,0
182.22,0,0,0,0,0,0,1.8327,0.00902432,1.8537,89,0,21,21,25,0,-2,0,0,0,25,4370,4369,0,175,18,583,40492,40423,110,1024,14,98,0,0,0,0,0,1,0,1,2,0,4432,0,0,0,0,0,0,0,0,0,3,0,0,0
182.23,0,0,0,0,0,0,1.83222,0.0090458,1.8541,89,0,21,21,25,0,-2,0,0,0,25,4370,4369,0,175,18,583,40492,40423,110,1024,14,98,0,0,0,0,0,1,0,0,0,0,4434,0,0,0,0,0,0,0,0,0,5,0,0,0
182.24,0,0,0,0,0,0,1.83174,0.00906728,1.85449,89,0,21,21,25,0,-2,0,0,0,25,4370,4369,0,175,18,583,40492,40423,110,1024,14,98,0,0,0,0,0,1,0,3,0,0,4437,0,0,0,0,0,0,0,0,0,1,0,0,0
182.25,0,0,0,0,0,0,1.83126,0.00908876,1.85488,89,0,21,21,25,0,-2,0,0,0,25,4370,4370,0,175,18,583,40492,40423,110,1024,14,98,0,0,0,0,0,1,0,0,0,0,4434,0,0,0,0,0,0,0,0,0,1,0,0,0
182.26,0,0,0,0,0,0,1.83078,0.00911024,1.85527,89,0,21,21,25,0,-2,0,0,0,25,4370,4370,0,175,18,583,40492,40423,110,1024,14,98,0,0,0,0,0,1,0,0,0,0,4434,0,0,0,0,0,0,0,0,0,1,0,0,0
182.27,0,0,0,0,0,0,1.83031,0.00913172,1.85566,89,0,21,21,25,0,-2,0,0,0,25,4370,4370,0,175,18,583,40492,40423,110,1024,14,98,0,0,0,0,0,1,0,0,0,0,4430,0,0,0,0,0,0,0,0,0,2,0,0,0
182.28,0,0,0,0,0,0,1.82983,0.0091532,1.85605,89,0,21,21,25,0,-2,0,0,0,25,4370,4370,0,175,18,583,40492,40423,110,1024,14,98,0,0,0,0,0,1,0,1,2,0,4426,0,0,0,0,0,0,0,0,0,0,0,0,0
182.29,0,0,0,0,0,0,1.82935,0.00917469,1.85644,89,0,21,21,25,0,-2,0,0,0,25,4370,4370,0,175,18,583,40492,40423,110,1024,14,98,0,0,0,0,0,1,0,0,0,0,4426,0,0,0,0,0,0,0,0,0,0,0,0,0
182.3,0,0,0,0,0,0,1.82887,0.00919617,1.85683,89,0,21,21,26,0,-2,0,0,0,25,4371,4370,0,175,18,583,40493,40426,110,1024,14,98,0,0,0,0,0,1,6,7,12,0,4430,0,0,0,0,0,0,0,0,0,6,0,0,0
